target,candidate,horizon,window,n_forecasts,rmse_ratio,direction_accuracy,clark_west_one_sided_p,clark_west_fdr_q
headline_12m_pct,uk_ipi_c26_12m_pct,1,expanding_ar1,65,1.0221995185542143,0.6,0.9482039517066814,0.9482039517066814
headline_12m_pct,uk_ipi_c26_12m_pct,2,expanding_ar1,63,1.0290976109683494,0.6666666666666666,0.8787481785936454,0.9983065448527628
headline_12m_pct,uk_ipi_c26_12m_pct,3,expanding_ar1,61,1.0087985074100991,0.6885245901639344,0.2911875875284367,0.4367813812926551
headline_12m_pct,uk_ipi_c26_noneu_12m_pct,1,expanding_ar1,65,1.0264931043154062,0.6153846153846154,0.7799514743109608,0.9482039517066814
headline_12m_pct,uk_ipi_c26_noneu_12m_pct,2,expanding_ar1,63,1.036820779450055,0.6349206349206349,0.93673259876549,0.9983065448527628
headline_12m_pct,uk_ipi_c26_noneu_12m_pct,3,expanding_ar1,61,1.02865044381466,0.6557377049180327,0.2863209423229036,0.4367813812926551
headline_12m_pct,uk_ipi_c261_12m_pct,1,expanding_ar1,65,0.962937554443522,0.6461538461538462,0.0065941503305601,0.0395649019833611
headline_12m_pct,uk_ipi_c261_12m_pct,2,expanding_ar1,63,0.931190999627716,0.6984126984126984,0.0007194969027772,0.0043169814166633
headline_12m_pct,uk_ipi_c261_12m_pct,3,expanding_ar1,61,0.9437397015697994,0.6885245901639344,0.0015059267726759,0.0090355606360556
headline_12m_pct,uk_ipi_c261_noneu_12m_pct,1,expanding_ar1,65,1.0430669617991255,0.6153846153846154,0.773986856771532,0.9482039517066814
headline_12m_pct,uk_ipi_c261_noneu_12m_pct,2,expanding_ar1,63,1.018108288223614,0.6190476190476191,0.5654031757531117,0.9983065448527628
headline_12m_pct,uk_ipi_c261_noneu_12m_pct,3,expanding_ar1,61,1.0208635832794997,0.6721311475409836,0.6827826456080789,0.6827826456080789
headline_12m_pct,uk_ipi_c262_12m_pct,1,expanding_ar1,57,1.0351427312336003,0.5789473684210527,0.9189899892583918,0.9482039517066814
headline_12m_pct,uk_ipi_c262_12m_pct,2,expanding_ar1,56,1.0539485653342726,0.625,0.9983065448527628,0.9983065448527628
headline_12m_pct,uk_ipi_c262_12m_pct,3,expanding_ar1,55,1.0365577348026438,0.6909090909090909,0.4992942651303588,0.5991531181564306
headline_12m_pct,uk_ipi_c262_noneu_12m_pct,1,expanding_ar1,57,1.0227578943243414,0.6666666666666666,0.7293980507817205,0.9482039517066814
headline_12m_pct,uk_ipi_c262_noneu_12m_pct,2,expanding_ar1,56,1.0458144511222816,0.6607142857142857,0.7763057348697217,0.9983065448527628
headline_12m_pct,uk_ipi_c262_noneu_12m_pct,3,expanding_ar1,55,1.0324280279022446,0.6545454545454545,0.107515947704099,0.3225478431122972
ex_games_12m_pct,uk_ipi_c26_12m_pct,1,expanding_ar1,65,1.0006559920189169,0.6615384615384615,0.1072052912324162,0.2625796603000855
ex_games_12m_pct,uk_ipi_c26_12m_pct,2,expanding_ar1,63,0.9808101793479854,0.7301587301587301,0.0648354546147545,0.1296709092295091
ex_games_12m_pct,uk_ipi_c26_12m_pct,3,expanding_ar1,61,0.9494153005573348,0.7377049180327869,0.0322422230144125,0.0644844460288251
ex_games_12m_pct,uk_ipi_c26_noneu_12m_pct,1,expanding_ar1,65,1.0051616642612151,0.6461538461538462,0.2188163835834046,0.2625796603000855
ex_games_12m_pct,uk_ipi_c26_noneu_12m_pct,2,expanding_ar1,63,1.01567827263875,0.6825396825396826,0.1122792258236242,0.1684188387354364
ex_games_12m_pct,uk_ipi_c26_noneu_12m_pct,3,expanding_ar1,61,1.0176760132895988,0.7704918032786885,0.0622634710650528,0.0933952065975793
ex_games_12m_pct,uk_ipi_c261_12m_pct,1,expanding_ar1,65,0.9946185683632236,0.5538461538461539,0.1861101989623818,0.2625796603000855
ex_games_12m_pct,uk_ipi_c261_12m_pct,2,expanding_ar1,63,1.0013995916326062,0.6031746031746031,0.4165498000221065,0.4998597600265277
ex_games_12m_pct,uk_ipi_c261_12m_pct,3,expanding_ar1,61,1.0104723665056905,0.6557377049180327,0.6153422740612098,0.7384107288734517
ex_games_12m_pct,uk_ipi_c261_noneu_12m_pct,1,expanding_ar1,65,1.002613269900949,0.6,0.8329664280938794,0.8329664280938794
ex_games_12m_pct,uk_ipi_c261_noneu_12m_pct,2,expanding_ar1,63,1.0081055869686708,0.5873015873015873,0.9561042567699825,0.9561042567699825
ex_games_12m_pct,uk_ipi_c261_noneu_12m_pct,3,expanding_ar1,61,1.0095212595530096,0.6557377049180327,0.9899563701272872,0.9899563701272872
ex_games_12m_pct,uk_ipi_c262_12m_pct,1,expanding_ar1,57,1.0064741486752986,0.631578947368421,0.1681540068710669,0.2625796603000855
ex_games_12m_pct,uk_ipi_c262_12m_pct,2,expanding_ar1,56,0.980907675804258,0.7321428571428571,0.0312208965834202,0.1296709092295091
ex_games_12m_pct,uk_ipi_c262_12m_pct,3,expanding_ar1,55,0.9416250124053036,0.7818181818181819,0.0046424047307526,0.0278544283845161
ex_games_12m_pct,uk_ipi_c262_noneu_12m_pct,1,expanding_ar1,57,1.0078363683276397,0.6666666666666666,0.1225007539928973,0.2625796603000855
ex_games_12m_pct,uk_ipi_c262_noneu_12m_pct,2,expanding_ar1,56,1.0722911035438525,0.7142857142857143,0.0453663782897347,0.1296709092295091
ex_games_12m_pct,uk_ipi_c262_noneu_12m_pct,3,expanding_ar1,55,1.1304539768950148,0.7454545454545455,0.0290756346762052,0.0644844460288251
cpi_L7GG_12m_pct,uk_ipi_c26_12m_pct,1,expanding_ar1,65,1.0136678899115803,0.6461538461538462,0.3249852939408051,0.9389092607727978
cpi_L7GG_12m_pct,uk_ipi_c26_12m_pct,2,expanding_ar1,63,1.0315154843132095,0.6666666666666666,0.4223518547363305,0.9856732469989808
cpi_L7GG_12m_pct,uk_ipi_c26_12m_pct,3,expanding_ar1,61,1.0525662060590633,0.6229508196721312,0.4413089994177532,0.9400762426524844
cpi_L7GG_12m_pct,uk_ipi_c26_noneu_12m_pct,1,expanding_ar1,65,1.0397650189808278,0.6461538461538462,0.8992980933234653,0.9389092607727978
cpi_L7GG_12m_pct,uk_ipi_c26_noneu_12m_pct,2,expanding_ar1,63,1.0743339792576243,0.6825396825396826,0.8828191265859284,0.9856732469989808
cpi_L7GG_12m_pct,uk_ipi_c26_noneu_12m_pct,3,expanding_ar1,61,1.1380197160056993,0.6721311475409836,0.9066268481520652,0.9798476440285516
cpi_L7GG_12m_pct,uk_ipi_c261_12m_pct,1,expanding_ar1,65,1.0376993337461815,0.5846153846153846,0.3483955142336273,0.9389092607727978
cpi_L7GG_12m_pct,uk_ipi_c261_12m_pct,2,expanding_ar1,63,1.0520288529100803,0.6031746031746031,0.1972525851723243,0.9856732469989808
cpi_L7GG_12m_pct,uk_ipi_c261_12m_pct,3,expanding_ar1,61,0.9894170647194616,0.6065573770491803,0.0507161395907162,0.3042968375442973
cpi_L7GG_12m_pct,uk_ipi_c261_noneu_12m_pct,1,expanding_ar1,65,1.01081142846919,0.6615384615384615,0.8612703553400473,0.9389092607727978
cpi_L7GG_12m_pct,uk_ipi_c261_noneu_12m_pct,2,expanding_ar1,63,1.0523591745581242,0.6825396825396826,0.9856732469989808,0.9856732469989808
cpi_L7GG_12m_pct,uk_ipi_c261_noneu_12m_pct,3,expanding_ar1,61,1.066974097840508,0.6557377049180327,0.9798476440285516,0.9798476440285516
cpi_L7GG_12m_pct,uk_ipi_c262_12m_pct,1,expanding_ar1,57,1.028340179305419,0.631578947368421,0.7065578816446757,0.9389092607727978
cpi_L7GG_12m_pct,uk_ipi_c262_12m_pct,2,expanding_ar1,56,1.063071760034697,0.6607142857142857,0.6509425062057013,0.9856732469989808
cpi_L7GG_12m_pct,uk_ipi_c262_12m_pct,3,expanding_ar1,55,1.0722833148271478,0.6909090909090909,0.4700381213262422,0.9400762426524844
cpi_L7GG_12m_pct,uk_ipi_c262_noneu_12m_pct,1,expanding_ar1,57,1.0605550603721772,0.631578947368421,0.9389092607727978,0.9389092607727978
cpi_L7GG_12m_pct,uk_ipi_c262_noneu_12m_pct,2,expanding_ar1,56,1.1195233107941334,0.6607142857142857,0.9773579033407666,0.9856732469989808
cpi_L7GG_12m_pct,uk_ipi_c262_noneu_12m_pct,3,expanding_ar1,55,1.1732649384542666,0.6363636363636364,0.965384610156902,0.9798476440285516
cpi_L7GM_12m_pct,uk_ipi_c26_12m_pct,1,expanding_ar1,65,1.026149970171186,0.5076923076923077,0.7455606279095308,0.8746304239623114
cpi_L7GM_12m_pct,uk_ipi_c26_12m_pct,2,expanding_ar1,63,1.0288855514682342,0.5714285714285714,0.99569934684659,0.99569934684659
cpi_L7GM_12m_pct,uk_ipi_c26_12m_pct,3,expanding_ar1,61,1.0573904635483526,0.5573770491803278,0.9813173973555832,0.9813173973555832
cpi_L7GM_12m_pct,uk_ipi_c26_noneu_12m_pct,1,expanding_ar1,65,1.076482836284027,0.5230769230769231,0.3692444968083034,0.707042308894669
cpi_L7GM_12m_pct,uk_ipi_c26_noneu_12m_pct,2,expanding_ar1,63,1.1053018961359358,0.5555555555555556,0.5209576857801139,0.99569934684659
cpi_L7GM_12m_pct,uk_ipi_c26_noneu_12m_pct,3,expanding_ar1,61,1.057150681459774,0.6065573770491803,0.7170996361751927,0.9813173973555832
cpi_L7GM_12m_pct,uk_ipi_c261_12m_pct,1,expanding_ar1,65,0.9963783965421048,0.5230769230769231,0.2416220974650169,0.707042308894669
cpi_L7GM_12m_pct,uk_ipi_c261_12m_pct,2,expanding_ar1,63,1.010343418429578,0.6190476190476191,0.6944690425298243,0.99569934684659
cpi_L7GM_12m_pct,uk_ipi_c261_12m_pct,3,expanding_ar1,61,1.022253777028784,0.5409836065573771,0.7683974834389868,0.9813173973555832
cpi_L7GM_12m_pct,uk_ipi_c261_noneu_12m_pct,1,expanding_ar1,65,1.02916654551413,0.5230769230769231,0.8746304239623114,0.8746304239623114
cpi_L7GM_12m_pct,uk_ipi_c261_noneu_12m_pct,2,expanding_ar1,63,1.0333497130182223,0.6031746031746031,0.9541097234023804,0.99569934684659
cpi_L7GM_12m_pct,uk_ipi_c261_noneu_12m_pct,3,expanding_ar1,61,1.0131923148643411,0.5573770491803278,0.97395973650271,0.9813173973555832
cpi_L7GM_12m_pct,uk_ipi_c262_12m_pct,1,expanding_ar1,57,1.0480722709014645,0.4736842105263157,0.3251615217777541,0.707042308894669
cpi_L7GM_12m_pct,uk_ipi_c262_12m_pct,2,expanding_ar1,56,1.0268581559387102,0.5,0.2043645372913836,0.99569934684659
cpi_L7GM_12m_pct,uk_ipi_c262_12m_pct,3,expanding_ar1,55,1.0330607877254918,0.5272727272727272,0.7894607114795705,0.9813173973555832
cpi_L7GM_12m_pct,uk_ipi_c262_noneu_12m_pct,1,expanding_ar1,57,1.045088616503015,0.5263157894736842,0.4713615392631126,0.707042308894669
cpi_L7GM_12m_pct,uk_ipi_c262_noneu_12m_pct,2,expanding_ar1,56,1.0565561499761011,0.5178571428571429,0.6416794111978168,0.99569934684659
cpi_L7GM_12m_pct,uk_ipi_c262_noneu_12m_pct,3,expanding_ar1,55,1.0347004358210676,0.5272727272727272,0.9776051699990704,0.9813173973555832
cpi_L7GP_12m_pct,uk_ipi_c26_12m_pct,1,expanding_ar1,65,0.9694086525241512,0.5384615384615384,0.0199521376853327,0.0552422378966075
cpi_L7GP_12m_pct,uk_ipi_c26_12m_pct,2,expanding_ar1,63,0.9165365065940848,0.6031746031746031,0.0085035508669614,0.0190909167491845
cpi_L7GP_12m_pct,uk_ipi_c26_12m_pct,3,expanding_ar1,61,0.9043045412281688,0.6885245901639344,0.008196510281117,0.0230339507912624
cpi_L7GP_12m_pct,uk_ipi_c26_noneu_12m_pct,1,expanding_ar1,65,0.9918961421610448,0.5538461538461539,0.0460351982471729,0.0552422378966075
cpi_L7GP_12m_pct,uk_ipi_c26_noneu_12m_pct,2,expanding_ar1,63,0.963470203691588,0.6349206349206349,0.0147231366597456,0.0220847049896184
cpi_L7GP_12m_pct,uk_ipi_c26_noneu_12m_pct,3,expanding_ar1,61,0.970193690795892,0.6557377049180327,0.0177017520127778,0.0265526280191667
cpi_L7GP_12m_pct,uk_ipi_c261_12m_pct,1,expanding_ar1,65,0.9715001968309236,0.5076923076923077,0.0356426631820011,0.0552422378966075
cpi_L7GP_12m_pct,uk_ipi_c261_12m_pct,2,expanding_ar1,63,1.009089135793766,0.5079365079365079,0.6198574844554012,0.7438289813464815
cpi_L7GP_12m_pct,uk_ipi_c261_12m_pct,3,expanding_ar1,61,1.0290178922509194,0.5573770491803278,0.9653023077270946,0.9872561345516304
cpi_L7GP_12m_pct,uk_ipi_c261_noneu_12m_pct,1,expanding_ar1,65,1.0025874535662356,0.4769230769230769,0.9855995250181908,0.9855995250181908
cpi_L7GP_12m_pct,uk_ipi_c261_noneu_12m_pct,2,expanding_ar1,63,1.0055268158984718,0.5714285714285714,0.9922832761454662,0.9922832761454662
cpi_L7GP_12m_pct,uk_ipi_c261_noneu_12m_pct,3,expanding_ar1,61,1.0086889706640092,0.5573770491803278,0.9872561345516304,0.9872561345516304
cpi_L7GP_12m_pct,uk_ipi_c262_12m_pct,1,expanding_ar1,57,0.9964380500556784,0.4736842105263157,0.0451354828868126,0.0552422378966075
cpi_L7GP_12m_pct,uk_ipi_c262_12m_pct,2,expanding_ar1,56,0.9552286408628592,0.4821428571428571,0.0055805341321592,0.0190909167491845
cpi_L7GP_12m_pct,uk_ipi_c262_12m_pct,3,expanding_ar1,55,0.9725399013895086,0.5636363636363636,0.0072965250186914,0.0230339507912624
cpi_L7GP_12m_pct,uk_ipi_c262_noneu_12m_pct,1,expanding_ar1,57,0.984799364370417,0.5789473684210527,0.034082364259021,0.0552422378966075
cpi_L7GP_12m_pct,uk_ipi_c262_noneu_12m_pct,2,expanding_ar1,56,0.94838318657584,0.6785714285714286,0.0095454583745922,0.0190909167491845
cpi_L7GP_12m_pct,uk_ipi_c262_noneu_12m_pct,3,expanding_ar1,55,0.9733662510102274,0.7272727272727273,0.0115169753956312,0.0230339507912624
cpi_L7GQ_12m_pct,uk_ipi_c26_12m_pct,1,expanding_ar1,65,1.0275717057357232,0.6307692307692307,0.9775882139321792,0.9775882139321792
cpi_L7GQ_12m_pct,uk_ipi_c26_12m_pct,2,expanding_ar1,63,1.0486601887316624,0.5079365079365079,0.9978561461963014,0.9978561461963014
cpi_L7GQ_12m_pct,uk_ipi_c26_12m_pct,3,expanding_ar1,61,1.0521425969818088,0.5409836065573771,0.9907361284090496,0.991740166185504
cpi_L7GQ_12m_pct,uk_ipi_c26_noneu_12m_pct,1,expanding_ar1,65,1.016122142909612,0.6461538461538462,0.9095239769899072,0.9775882139321792
cpi_L7GQ_12m_pct,uk_ipi_c26_noneu_12m_pct,2,expanding_ar1,63,1.0376168200722131,0.5238095238095238,0.9915100472475116,0.9978561461963014
cpi_L7GQ_12m_pct,uk_ipi_c26_noneu_12m_pct,3,expanding_ar1,61,1.0520697907982564,0.5409836065573771,0.991740166185504,0.991740166185504
cpi_L7GQ_12m_pct,uk_ipi_c261_12m_pct,1,expanding_ar1,65,0.9903063320477644,0.5846153846153846,0.173912789397481,0.9775882139321792
cpi_L7GQ_12m_pct,uk_ipi_c261_12m_pct,2,expanding_ar1,63,0.9828209217592796,0.5238095238095238,0.1567333165466442,0.9403998992798652
cpi_L7GQ_12m_pct,uk_ipi_c261_12m_pct,3,expanding_ar1,61,0.95686951329379,0.5901639344262295,0.0597927075869904,0.3587562455219426
cpi_L7GQ_12m_pct,uk_ipi_c261_noneu_12m_pct,1,expanding_ar1,65,0.9999918678929798,0.6153846153846154,0.4775645680473023,0.9775882139321792
cpi_L7GQ_12m_pct,uk_ipi_c261_noneu_12m_pct,2,expanding_ar1,63,0.999669193977596,0.5555555555555556,0.4335155679310938,0.9978561461963014
cpi_L7GQ_12m_pct,uk_ipi_c261_noneu_12m_pct,3,expanding_ar1,61,0.998467348554405,0.5737704918032787,0.2561832564336932,0.7685497693010797
cpi_L7GQ_12m_pct,uk_ipi_c262_12m_pct,1,expanding_ar1,57,1.0441651926263826,0.6491228070175439,0.7900927515203887,0.9775882139321792
cpi_L7GQ_12m_pct,uk_ipi_c262_12m_pct,2,expanding_ar1,56,1.0486780775359503,0.5178571428571429,0.8069667692546652,0.9978561461963014
cpi_L7GQ_12m_pct,uk_ipi_c262_12m_pct,3,expanding_ar1,55,1.0487045935684638,0.4727272727272727,0.8343614836524261,0.991740166185504
cpi_L7GQ_12m_pct,uk_ipi_c262_noneu_12m_pct,1,expanding_ar1,57,1.0336179158828538,0.6140350877192983,0.8396569406252359,0.9775882139321792
cpi_L7GQ_12m_pct,uk_ipi_c262_noneu_12m_pct,2,expanding_ar1,56,1.066770040992085,0.5,0.8657119000158517,0.9978561461963014
cpi_L7GQ_12m_pct,uk_ipi_c262_noneu_12m_pct,3,expanding_ar1,55,1.0800751729525475,0.4727272727272727,0.91533682737426,0.991740166185504
cpi_L7GR_12m_pct,uk_ipi_c26_12m_pct,1,expanding_ar1,65,1.0093573277410997,0.6461538461538462,0.1053663077941695,0.1809465338429762
cpi_L7GR_12m_pct,uk_ipi_c26_12m_pct,2,expanding_ar1,63,1.009391006925213,0.6825396825396826,0.0772177788395634,0.1580976826633122
cpi_L7GR_12m_pct,uk_ipi_c26_12m_pct,3,expanding_ar1,61,1.034985242505792,0.639344262295082,0.1073687860542202,0.1822815624750138
cpi_L7GR_12m_pct,uk_ipi_c26_noneu_12m_pct,1,expanding_ar1,65,1.0187910343742217,0.676923076923077,0.1159988210077969,0.1809465338429762
cpi_L7GR_12m_pct,uk_ipi_c26_noneu_12m_pct,2,expanding_ar1,63,1.02054029682314,0.6349206349206349,0.0947801321607835,0.1580976826633122
cpi_L7GR_12m_pct,uk_ipi_c26_noneu_12m_pct,3,expanding_ar1,61,1.037153903598688,0.7049180327868853,0.1118646363108833,0.1822815624750138
cpi_L7GR_12m_pct,uk_ipi_c261_12m_pct,1,expanding_ar1,65,1.0359781461059885,0.6461538461538462,0.9437981777272364,0.9437981777272364
cpi_L7GR_12m_pct,uk_ipi_c261_12m_pct,2,expanding_ar1,63,1.0250666495059568,0.5873015873015873,0.9802689119370532,0.9802689119370532
cpi_L7GR_12m_pct,uk_ipi_c261_12m_pct,3,expanding_ar1,61,1.007318345711899,0.6065573770491803,0.7697499158236802,0.9236998989884162
cpi_L7GR_12m_pct,uk_ipi_c261_noneu_12m_pct,1,expanding_ar1,65,1.0252292446395097,0.6461538461538462,0.914579893420196,0.9437981777272364
cpi_L7GR_12m_pct,uk_ipi_c261_noneu_12m_pct,2,expanding_ar1,63,1.0312906355508258,0.5873015873015873,0.9589492659239588,0.9802689119370532
cpi_L7GR_12m_pct,uk_ipi_c261_noneu_12m_pct,3,expanding_ar1,61,1.0124615373297043,0.6229508196721312,0.9270657938343224,0.9270657938343224
cpi_L7GR_12m_pct,uk_ipi_c262_12m_pct,1,expanding_ar1,57,1.0257582750314629,0.631578947368421,0.0557693152126337,0.1809465338429762
cpi_L7GR_12m_pct,uk_ipi_c262_12m_pct,2,expanding_ar1,56,1.0370988375288932,0.6428571428571429,0.0547732976062458,0.1580976826633122
cpi_L7GR_12m_pct,uk_ipi_c262_12m_pct,3,expanding_ar1,55,1.0505917052985363,0.5636363636363636,0.1215210416500091,0.1822815624750138
cpi_L7GR_12m_pct,uk_ipi_c262_noneu_12m_pct,1,expanding_ar1,57,1.028577917923701,0.6666666666666666,0.1206310225619841,0.1809465338429762
cpi_L7GR_12m_pct,uk_ipi_c262_noneu_12m_pct,2,expanding_ar1,56,1.0334960975889071,0.6785714285714286,0.1053984551088748,0.1580976826633122
cpi_L7GR_12m_pct,uk_ipi_c262_noneu_12m_pct,3,expanding_ar1,55,1.0436560023540884,0.6545454545454545,0.1179249110386566,0.1822815624750138
cpi_D7EO_12m_pct,uk_ipi_c26_12m_pct,1,expanding_ar1,77,1.002032401647914,0.5974025974025974,0.6025588304428988,0.9522492798086164
cpi_D7EO_12m_pct,uk_ipi_c26_12m_pct,2,expanding_ar1,75,0.992205936300776,0.6133333333333333,0.1013659976903927,0.2027319953807855
cpi_D7EO_12m_pct,uk_ipi_c26_12m_pct,3,expanding_ar1,73,0.98620377178748,0.589041095890411,0.1056911596225507,0.158536739433826
cpi_D7EO_12m_pct,uk_ipi_c26_noneu_12m_pct,1,expanding_ar1,77,0.9991345078636562,0.6103896103896104,0.3436690809984694,0.9522492798086164
cpi_D7EO_12m_pct,uk_ipi_c26_noneu_12m_pct,2,expanding_ar1,75,0.9759857703912808,0.6,0.0122532568504174,0.0367597705512523
cpi_D7EO_12m_pct,uk_ipi_c26_noneu_12m_pct,3,expanding_ar1,73,0.9484544082244852,0.589041095890411,0.0118855154868221,0.0356565464604665
cpi_D7EO_12m_pct,uk_ipi_c261_12m_pct,1,expanding_ar1,77,1.0048330180378102,0.5714285714285714,0.7307028949025607,0.9522492798086164
cpi_D7EO_12m_pct,uk_ipi_c261_12m_pct,2,expanding_ar1,75,1.0041069735910817,0.6133333333333333,0.5393133111478471,0.6471759733774165
cpi_D7EO_12m_pct,uk_ipi_c261_12m_pct,3,expanding_ar1,73,1.004945997103742,0.6027397260273972,0.5100566159748934,0.5819490524126056
cpi_D7EO_12m_pct,uk_ipi_c261_noneu_12m_pct,1,expanding_ar1,77,1.006855322030141,0.5844155844155844,0.9074994188148828,0.9522492798086164
cpi_D7EO_12m_pct,uk_ipi_c261_noneu_12m_pct,2,expanding_ar1,75,1.013722268805301,0.5866666666666667,0.7803156253928254,0.7803156253928254
cpi_D7EO_12m_pct,uk_ipi_c261_noneu_12m_pct,3,expanding_ar1,73,1.011337556229708,0.589041095890411,0.5819490524126056,0.5819490524126056
cpi_D7EO_12m_pct,uk_ipi_c262_12m_pct,1,expanding_ar1,69,1.002304882096959,0.5797101449275363,0.9522492798086164,0.9522492798086164
cpi_D7EO_12m_pct,uk_ipi_c262_12m_pct,2,expanding_ar1,68,0.9967652247815746,0.5882352941176471,0.2359507810685613,0.353926171602842
cpi_D7EO_12m_pct,uk_ipi_c262_12m_pct,3,expanding_ar1,67,0.9780817146960454,0.5671641791044776,0.0960218752600671,0.158536739433826
cpi_D7EO_12m_pct,uk_ipi_c262_noneu_12m_pct,1,expanding_ar1,69,1.0014693772015577,0.5797101449275363,0.7770658366619059,0.9522492798086164
cpi_D7EO_12m_pct,uk_ipi_c262_noneu_12m_pct,2,expanding_ar1,68,0.9847381728145151,0.6029411764705882,0.0047780422206214,0.0286682533237289
cpi_D7EO_12m_pct,uk_ipi_c262_noneu_12m_pct,3,expanding_ar1,67,0.9512150967898608,0.5671641791044776,0.0027820228331489,0.0166921369988935
cpi_L7GT_12m_pct,uk_ipi_c26_12m_pct,1,expanding_ar1,65,1.0120052554690486,0.6,0.8327869692002239,0.930292045102193
cpi_L7GT_12m_pct,uk_ipi_c26_12m_pct,2,expanding_ar1,63,1.0115810643604417,0.6190476190476191,0.4901483791174075,0.8801720786369579
cpi_L7GT_12m_pct,uk_ipi_c26_12m_pct,3,expanding_ar1,61,1.0029160941652722,0.5573770491803278,0.227661597994369,0.455323195988738
cpi_L7GT_12m_pct,uk_ipi_c26_noneu_12m_pct,1,expanding_ar1,65,1.019160610628131,0.5076923076923077,0.8820686335463459,0.930292045102193
cpi_L7GT_12m_pct,uk_ipi_c26_noneu_12m_pct,2,expanding_ar1,63,1.0377092032905255,0.6031746031746031,0.8094613728403608,0.8801720786369579
cpi_L7GT_12m_pct,uk_ipi_c26_noneu_12m_pct,3,expanding_ar1,61,1.0416880635039316,0.5737704918032787,0.745780910288094,0.9234146731348056
cpi_L7GT_12m_pct,uk_ipi_c261_12m_pct,1,expanding_ar1,65,0.9995999146929688,0.6153846153846154,0.1376437531885493,0.8258625191312962
cpi_L7GT_12m_pct,uk_ipi_c261_12m_pct,2,expanding_ar1,63,0.9887668261934408,0.6507936507936508,0.0413212594448254,0.2479275566689528
cpi_L7GT_12m_pct,uk_ipi_c261_12m_pct,3,expanding_ar1,61,0.9759293688174236,0.5737704918032787,0.0108017188882938,0.0648103133297633
cpi_L7GT_12m_pct,uk_ipi_c261_noneu_12m_pct,1,expanding_ar1,65,1.0074070097861934,0.5846153846153846,0.7867320006499451,0.930292045102193
cpi_L7GT_12m_pct,uk_ipi_c261_noneu_12m_pct,2,expanding_ar1,63,1.015137603094329,0.6190476190476191,0.8801720786369579,0.8801720786369579
cpi_L7GT_12m_pct,uk_ipi_c261_noneu_12m_pct,3,expanding_ar1,61,1.0257970980463749,0.5573770491803278,0.9234146731348056,0.9234146731348056
cpi_L7GT_12m_pct,uk_ipi_c262_12m_pct,1,expanding_ar1,57,1.0247951245493554,0.4912280701754385,0.7472503730226441,0.930292045102193
cpi_L7GT_12m_pct,uk_ipi_c262_12m_pct,2,expanding_ar1,56,1.0474100957516417,0.5892857142857143,0.8046413589859128,0.8801720786369579
cpi_L7GT_12m_pct,uk_ipi_c262_12m_pct,3,expanding_ar1,55,1.0694376453107213,0.6,0.8334093166514248,0.9234146731348056
cpi_L7GT_12m_pct,uk_ipi_c262_noneu_12m_pct,1,expanding_ar1,57,1.032122333116549,0.4561403508771929,0.930292045102193,0.930292045102193
cpi_L7GT_12m_pct,uk_ipi_c262_noneu_12m_pct,2,expanding_ar1,56,1.018920675437615,0.6071428571428571,0.5164458980960605,0.8801720786369579
cpi_L7GT_12m_pct,uk_ipi_c262_noneu_12m_pct,3,expanding_ar1,55,1.006127053160048,0.5272727272727272,0.1789529833411062,0.455323195988738
cpi_L7GU_12m_pct,uk_ipi_c26_12m_pct,1,expanding_ar1,65,1.019789681204354,0.4615384615384615,0.5701999839844023,0.6842399807812828
cpi_L7GU_12m_pct,uk_ipi_c26_12m_pct,2,expanding_ar1,63,1.0613899823498398,0.4444444444444444,0.9044544403531936,0.9876750078888668
cpi_L7GU_12m_pct,uk_ipi_c26_12m_pct,3,expanding_ar1,61,1.0710265856672714,0.5409836065573771,0.9734082860359956,0.9814972409081872
cpi_L7GU_12m_pct,uk_ipi_c26_noneu_12m_pct,1,expanding_ar1,65,1.019705144648675,0.5538461538461539,0.128395066955235,0.3083942675548351
cpi_L7GU_12m_pct,uk_ipi_c26_noneu_12m_pct,2,expanding_ar1,63,1.0463473878267875,0.5079365079365079,0.1453575062577428,0.3291516272824384
cpi_L7GU_12m_pct,uk_ipi_c26_noneu_12m_pct,3,expanding_ar1,61,1.1103865311215515,0.5737704918032787,0.1113749201227307,0.3341247603681921
cpi_L7GU_12m_pct,uk_ipi_c261_12m_pct,1,expanding_ar1,65,1.0078333444729606,0.5384615384615384,0.9914896285231573,0.9914896285231573
cpi_L7GU_12m_pct,uk_ipi_c261_12m_pct,2,expanding_ar1,63,1.0231530611045048,0.4761904761904761,0.9876750078888668,0.9876750078888668
cpi_L7GU_12m_pct,uk_ipi_c261_12m_pct,3,expanding_ar1,61,1.0456246826086788,0.5409836065573771,0.9814972409081872,0.9814972409081872
cpi_L7GU_12m_pct,uk_ipi_c261_noneu_12m_pct,1,expanding_ar1,65,0.9762704750961873,0.5692307692307692,0.0536117605318065,0.3083942675548351
cpi_L7GU_12m_pct,uk_ipi_c261_noneu_12m_pct,2,expanding_ar1,63,0.9635915100019908,0.5079365079365079,0.0271509643369307,0.1629057860215842
cpi_L7GU_12m_pct,uk_ipi_c261_noneu_12m_pct,3,expanding_ar1,61,0.9655236919998884,0.5737704918032787,0.0264888457866588,0.1589330747199529
cpi_L7GU_12m_pct,uk_ipi_c262_12m_pct,1,expanding_ar1,57,1.0333925571255995,0.5964912280701754,0.1599377581881215,0.3083942675548351
cpi_L7GU_12m_pct,uk_ipi_c262_12m_pct,2,expanding_ar1,56,1.0453559768777403,0.4821428571428571,0.1802598497439186,0.3291516272824384
cpi_L7GU_12m_pct,uk_ipi_c262_12m_pct,3,expanding_ar1,55,1.1110089374497474,0.5636363636363636,0.2118146062469967,0.3506952719318355
cpi_L7GU_12m_pct,uk_ipi_c262_noneu_12m_pct,1,expanding_ar1,57,1.039360892813065,0.5614035087719298,0.20559617836989,0.3083942675548351
cpi_L7GU_12m_pct,uk_ipi_c262_noneu_12m_pct,2,expanding_ar1,56,1.1192064193261284,0.5178571428571429,0.2194344181882923,0.3291516272824384
cpi_L7GU_12m_pct,uk_ipi_c262_noneu_12m_pct,3,expanding_ar1,55,1.2671003285723654,0.5818181818181818,0.233796847954557,0.3506952719318355
cpi_L7GY_12m_pct,uk_ipi_c26_12m_pct,1,expanding_ar1,65,1.0198177314649697,0.4307692307692308,0.4279844041701185,0.7489925992105544
cpi_L7GY_12m_pct,uk_ipi_c26_12m_pct,2,expanding_ar1,63,1.0502531053297992,0.3809523809523809,0.6442064078716584,0.8743183728584127
cpi_L7GY_12m_pct,uk_ipi_c26_12m_pct,3,expanding_ar1,61,1.0780538195611284,0.3934426229508196,0.7432058112061082,0.9693584120022845
cpi_L7GY_12m_pct,uk_ipi_c26_noneu_12m_pct,1,expanding_ar1,65,1.024236614009445,0.5230769230769231,0.7030907725299596,0.7489925992105544
cpi_L7GY_12m_pct,uk_ipi_c26_noneu_12m_pct,2,expanding_ar1,63,1.0623794097180876,0.492063492063492,0.7541853832700554,0.8743183728584127
cpi_L7GY_12m_pct,uk_ipi_c26_noneu_12m_pct,3,expanding_ar1,61,1.0888075865737177,0.4918032786885246,0.9077567879817906,0.9693584120022845
cpi_L7GY_12m_pct,uk_ipi_c261_12m_pct,1,expanding_ar1,65,1.024715064990478,0.4153846153846154,0.7489925992105544,0.7489925992105544
cpi_L7GY_12m_pct,uk_ipi_c261_12m_pct,2,expanding_ar1,63,1.0309143497226274,0.3333333333333333,0.579214665871487,0.8743183728584127
cpi_L7GY_12m_pct,uk_ipi_c261_12m_pct,3,expanding_ar1,61,1.0589998800814129,0.4426229508196721,0.803659962886883,0.9693584120022845
cpi_L7GY_12m_pct,uk_ipi_c261_noneu_12m_pct,1,expanding_ar1,65,1.0014086712975776,0.4769230769230769,0.7464523550224877,0.7489925992105544
cpi_L7GY_12m_pct,uk_ipi_c261_noneu_12m_pct,2,expanding_ar1,63,1.003789159188233,0.3968253968253968,0.7844584633418381,0.8743183728584127
cpi_L7GY_12m_pct,uk_ipi_c261_noneu_12m_pct,3,expanding_ar1,61,1.0083449533212672,0.4590163934426229,0.9079685458062754,0.9693584120022845
cpi_L7GY_12m_pct,uk_ipi_c262_12m_pct,1,expanding_ar1,57,1.0316900181397988,0.4736842105263157,0.4356609373787539,0.7489925992105544
cpi_L7GY_12m_pct,uk_ipi_c262_12m_pct,2,expanding_ar1,56,1.123364932872699,0.4642857142857143,0.8743183728584127,0.8743183728584127
cpi_L7GY_12m_pct,uk_ipi_c262_12m_pct,3,expanding_ar1,55,1.1859765805299547,0.4727272727272727,0.9693584120022845,0.9693584120022845
cpi_L7GY_12m_pct,uk_ipi_c262_noneu_12m_pct,1,expanding_ar1,57,1.0582067571562994,0.543859649122807,0.7129862767833577,0.7489925992105544
cpi_L7GY_12m_pct,uk_ipi_c262_noneu_12m_pct,2,expanding_ar1,56,1.1331950294442386,0.5178571428571429,0.7720254116547396,0.8743183728584127
cpi_L7GY_12m_pct,uk_ipi_c262_noneu_12m_pct,3,expanding_ar1,55,1.2123073106410305,0.5272727272727272,0.905184298846206,0.9693584120022845
cpi_L7H9_12m_pct,uk_ipi_c26_12m_pct,1,expanding_ar1,65,1.0365376027303008,0.6,0.3555814306945309,0.8807399932089823
cpi_L7H9_12m_pct,uk_ipi_c26_12m_pct,2,expanding_ar1,63,1.065184974805779,0.6666666666666666,0.3170217906726206,0.8621967916484828
cpi_L7H9_12m_pct,uk_ipi_c26_12m_pct,3,expanding_ar1,61,1.0929095659567458,0.6557377049180327,0.5058261834948381,0.8796774366492902
cpi_L7H9_12m_pct,uk_ipi_c26_noneu_12m_pct,1,expanding_ar1,65,1.0606687492076985,0.6307692307692307,0.8587575915733476,0.8807399932089823
cpi_L7H9_12m_pct,uk_ipi_c26_noneu_12m_pct,2,expanding_ar1,63,1.0558132656303214,0.6666666666666666,0.8621967916484828,0.8621967916484828
cpi_L7H9_12m_pct,uk_ipi_c26_noneu_12m_pct,3,expanding_ar1,61,1.0971073443351895,0.7049180327868853,0.8315077837005732,0.8796774366492902
cpi_L7H9_12m_pct,uk_ipi_c261_12m_pct,1,expanding_ar1,65,1.009550656589631,0.6307692307692307,0.6801557326132178,0.8807399932089823
cpi_L7H9_12m_pct,uk_ipi_c261_12m_pct,2,expanding_ar1,63,1.0048106008224982,0.6984126984126984,0.5756562351854171,0.8621967916484828
cpi_L7H9_12m_pct,uk_ipi_c261_12m_pct,3,expanding_ar1,61,1.028533971789552,0.7213114754098361,0.8796774366492902,0.8796774366492902
cpi_L7H9_12m_pct,uk_ipi_c261_noneu_12m_pct,1,expanding_ar1,65,0.9983035746834944,0.6307692307692307,0.3111676670348908,0.8807399932089823
cpi_L7H9_12m_pct,uk_ipi_c261_noneu_12m_pct,2,expanding_ar1,63,0.9979432023734608,0.6825396825396826,0.2947799060588897,0.8621967916484828
cpi_L7H9_12m_pct,uk_ipi_c261_noneu_12m_pct,3,expanding_ar1,61,0.99866762788286,0.7540983606557377,0.3463351582296802,0.8796774366492902
cpi_L7H9_12m_pct,uk_ipi_c262_12m_pct,1,expanding_ar1,57,1.057074954011259,0.631578947368421,0.6322987075488153,0.8807399932089823
cpi_L7H9_12m_pct,uk_ipi_c262_12m_pct,2,expanding_ar1,56,1.0610815021201336,0.6964285714285714,0.5775436392972866,0.8621967916484828
cpi_L7H9_12m_pct,uk_ipi_c262_12m_pct,3,expanding_ar1,55,1.0980320595934236,0.7272727272727273,0.8011522796906594,0.8796774366492902
cpi_L7H9_12m_pct,uk_ipi_c262_noneu_12m_pct,1,expanding_ar1,57,1.0595199605981267,0.631578947368421,0.8807399932089823,0.8807399932089823
cpi_L7H9_12m_pct,uk_ipi_c262_noneu_12m_pct,2,expanding_ar1,56,1.0691177401499752,0.6785714285714286,0.8481754437904414,0.8621967916484828
cpi_L7H9_12m_pct,uk_ipi_c262_noneu_12m_pct,3,expanding_ar1,55,1.0910100190767638,0.7090909090909091,0.8709189960940764,0.8796774366492902
headline_12m_pct,uk_ipi_c26_12m_pct,1,expanding_ar2,64,1.0333521709988085,0.59375,0.7671456343829078,0.8735720090984835
headline_12m_pct,uk_ipi_c26_12m_pct,2,expanding_ar2,62,1.0245005469079238,0.6774193548387096,0.6535214307875158,0.8707114201275491
headline_12m_pct,uk_ipi_c26_12m_pct,3,expanding_ar2,60,1.0038470230928456,0.7,0.1749499401709607,0.331488521663721
headline_12m_pct,uk_ipi_c26_noneu_12m_pct,1,expanding_ar2,64,1.0269707387065172,0.59375,0.5982888328887234,0.8735720090984835
headline_12m_pct,uk_ipi_c26_noneu_12m_pct,2,expanding_ar2,62,1.0360881340764876,0.6612903225806451,0.7255928501062909,0.8707114201275491
headline_12m_pct,uk_ipi_c26_noneu_12m_pct,3,expanding_ar2,60,1.0291789066230976,0.65,0.2209923477758139,0.331488521663721
headline_12m_pct,uk_ipi_c261_12m_pct,1,expanding_ar2,64,0.9599072666926146,0.640625,0.0059410652330093,0.0356463913980561
headline_12m_pct,uk_ipi_c261_12m_pct,2,expanding_ar2,62,0.9282830213144436,0.7096774193548387,0.0012863019576514,0.0077178117459084
headline_12m_pct,uk_ipi_c261_12m_pct,3,expanding_ar2,60,0.9418903623968244,0.6666666666666666,0.001437705626556,0.0086262337593362
headline_12m_pct,uk_ipi_c261_noneu_12m_pct,1,expanding_ar2,64,1.0141636549642163,0.625,0.5503851597309797,0.8735720090984835
headline_12m_pct,uk_ipi_c261_noneu_12m_pct,2,expanding_ar2,62,1.010189518510556,0.6774193548387096,0.667280487080724,0.8707114201275491
headline_12m_pct,uk_ipi_c261_noneu_12m_pct,3,expanding_ar2,60,1.0155007365374042,0.6333333333333333,0.6905428943819409,0.6905428943819409
headline_12m_pct,uk_ipi_c262_12m_pct,1,expanding_ar2,56,1.049550826398297,0.6071428571428571,0.8735720090984835,0.8735720090984835
headline_12m_pct,uk_ipi_c262_12m_pct,2,expanding_ar2,55,1.0549046369768906,0.6727272727272727,0.9966085415354484,0.9966085415354484
headline_12m_pct,uk_ipi_c262_12m_pct,3,expanding_ar2,54,1.031739317765207,0.6666666666666666,0.3626799450165055,0.4352159340198066
headline_12m_pct,uk_ipi_c262_noneu_12m_pct,1,expanding_ar2,56,1.0244535162257329,0.625,0.519804201561753,0.8735720090984835
headline_12m_pct,uk_ipi_c262_noneu_12m_pct,2,expanding_ar2,55,1.050136206678333,0.6363636363636364,0.5459088600578624,0.8707114201275491
headline_12m_pct,uk_ipi_c262_noneu_12m_pct,3,expanding_ar2,54,1.0405263253603625,0.6666666666666666,0.0896483770733033,0.26894513121991
ex_games_12m_pct,uk_ipi_c26_12m_pct,1,expanding_ar2,64,0.9970721691148684,0.6875,0.0532151299810011,0.1118784376605886
ex_games_12m_pct,uk_ipi_c26_12m_pct,2,expanding_ar2,62,0.9771124344471628,0.6290322580645161,0.042372380579777,0.084744761159554
ex_games_12m_pct,uk_ipi_c26_12m_pct,3,expanding_ar2,60,0.9421746812017544,0.75,0.0153565509772185,0.0423882274384444
ex_games_12m_pct,uk_ipi_c26_noneu_12m_pct,1,expanding_ar2,64,0.9993236581078804,0.671875,0.1238740916946053,0.185811137541908
ex_games_12m_pct,uk_ipi_c26_noneu_12m_pct,2,expanding_ar2,62,1.0155454715302286,0.6612903225806451,0.0851747293629516,0.1277620940444275
ex_games_12m_pct,uk_ipi_c26_noneu_12m_pct,3,expanding_ar2,60,1.0003494513943612,0.7166666666666667,0.0497594310415646,0.074639146562347
ex_games_12m_pct,uk_ipi_c261_12m_pct,1,expanding_ar2,64,1.0006802768248106,0.625,0.2398987531599774,0.2878785037919729
ex_games_12m_pct,uk_ipi_c261_12m_pct,2,expanding_ar2,62,0.999941213341352,0.5967741935483871,0.3511164880825641,0.4213397856990769
ex_games_12m_pct,uk_ipi_c261_12m_pct,3,expanding_ar2,60,0.9971513272027538,0.65,0.2347993162480758,0.281759179497691
ex_games_12m_pct,uk_ipi_c261_noneu_12m_pct,1,expanding_ar2,64,1.0024872466131587,0.609375,0.9067122479283322,0.9067122479283322
ex_games_12m_pct,uk_ipi_c261_noneu_12m_pct,2,expanding_ar2,62,1.0073369580549103,0.5483870967741935,0.9612942150048536,0.9612942150048536
ex_games_12m_pct,uk_ipi_c261_noneu_12m_pct,3,expanding_ar2,60,1.006710498871176,0.65,0.97104898149243,0.97104898149243
ex_games_12m_pct,uk_ipi_c262_12m_pct,1,expanding_ar2,56,1.0011752244378358,0.6964285714285714,0.0481340084556186,0.1118784376605886
ex_games_12m_pct,uk_ipi_c262_12m_pct,2,expanding_ar2,55,0.984909958374098,0.6909090909090909,0.0205438037656576,0.084744761159554
ex_games_12m_pct,uk_ipi_c262_12m_pct,3,expanding_ar2,54,0.9325343348058452,0.7962962962962963,0.0033305662284228,0.0199833973705369
ex_games_12m_pct,uk_ipi_c262_noneu_12m_pct,1,expanding_ar2,56,1.0044721208780372,0.6964285714285714,0.0559392188302943,0.1118784376605886
ex_games_12m_pct,uk_ipi_c262_noneu_12m_pct,2,expanding_ar2,55,1.0954108747170055,0.6909090909090909,0.0310033241275112,0.084744761159554
ex_games_12m_pct,uk_ipi_c262_noneu_12m_pct,3,expanding_ar2,54,1.104465870983596,0.7222222222222222,0.0211941137192222,0.0423882274384444
cpi_L7GG_12m_pct,uk_ipi_c26_12m_pct,1,expanding_ar2,64,1.0149902663004886,0.65625,0.3587874374323307,0.9511044296458672
cpi_L7GG_12m_pct,uk_ipi_c26_12m_pct,2,expanding_ar2,62,1.0290265792474016,0.7096774193548387,0.3468602188134066,0.994234258411104
cpi_L7GG_12m_pct,uk_ipi_c26_12m_pct,3,expanding_ar2,60,1.032303486359342,0.6833333333333333,0.3282540385481439,0.8180865137866553
cpi_L7GG_12m_pct,uk_ipi_c26_noneu_12m_pct,1,expanding_ar2,64,1.0432907794584223,0.65625,0.9107569478924502,0.9511044296458672
cpi_L7GG_12m_pct,uk_ipi_c26_noneu_12m_pct,2,expanding_ar2,62,1.0802420777232855,0.6935483870967742,0.9096506193557228,0.994234258411104
cpi_L7GG_12m_pct,uk_ipi_c26_noneu_12m_pct,3,expanding_ar2,60,1.1295123657872086,0.6833333333333333,0.9004158228924123,0.985962998376118
cpi_L7GG_12m_pct,uk_ipi_c261_12m_pct,1,expanding_ar2,64,1.0375144640515557,0.59375,0.3566322087083014,0.9511044296458672
cpi_L7GG_12m_pct,uk_ipi_c261_12m_pct,2,expanding_ar2,62,1.065248223661451,0.6129032258064516,0.1898412091352755,0.994234258411104
cpi_L7GG_12m_pct,uk_ipi_c261_12m_pct,3,expanding_ar2,60,0.982163846427351,0.6666666666666666,0.0434861399219963,0.2609168395319782
cpi_L7GG_12m_pct,uk_ipi_c261_noneu_12m_pct,1,expanding_ar2,64,1.0171268960205602,0.640625,0.9311062720643966,0.9511044296458672
cpi_L7GG_12m_pct,uk_ipi_c261_noneu_12m_pct,2,expanding_ar2,62,1.0662942811884668,0.7096774193548387,0.994234258411104,0.994234258411104
cpi_L7GG_12m_pct,uk_ipi_c261_noneu_12m_pct,3,expanding_ar2,60,1.0783256771860967,0.7,0.985962998376118,0.985962998376118
cpi_L7GG_12m_pct,uk_ipi_c262_12m_pct,1,expanding_ar2,56,1.03123992545971,0.625,0.7268883208234606,0.9511044296458672
cpi_L7GG_12m_pct,uk_ipi_c262_12m_pct,2,expanding_ar2,55,1.0627929002717094,0.6909090909090909,0.6432461519847729,0.994234258411104
cpi_L7GG_12m_pct,uk_ipi_c262_12m_pct,3,expanding_ar2,54,1.052721856875528,0.6666666666666666,0.4090432568933276,0.8180865137866553
cpi_L7GG_12m_pct,uk_ipi_c262_noneu_12m_pct,1,expanding_ar2,56,1.0691700261960173,0.625,0.9511044296458672,0.9511044296458672
cpi_L7GG_12m_pct,uk_ipi_c262_noneu_12m_pct,2,expanding_ar2,55,1.133069311670568,0.6727272727272727,0.9868127981857304,0.994234258411104
cpi_L7GG_12m_pct,uk_ipi_c262_noneu_12m_pct,3,expanding_ar2,54,1.1589580710830538,0.6666666666666666,0.9546244700547736,0.985962998376118
cpi_L7GM_12m_pct,uk_ipi_c26_12m_pct,1,expanding_ar2,64,1.0239538547354732,0.53125,0.6950860010850646,0.8341032013020775
cpi_L7GM_12m_pct,uk_ipi_c26_12m_pct,2,expanding_ar2,62,1.0234717674052534,0.6290322580645161,0.9855608564042972,0.9855608564042972
cpi_L7GM_12m_pct,uk_ipi_c26_12m_pct,3,expanding_ar2,60,1.0408425694231211,0.65,0.990063154779678,0.9970630139720822
cpi_L7GM_12m_pct,uk_ipi_c26_noneu_12m_pct,1,expanding_ar2,64,1.0609683456403456,0.578125,0.5588365567124378,0.8341032013020775
cpi_L7GM_12m_pct,uk_ipi_c26_noneu_12m_pct,2,expanding_ar2,62,1.080095547130952,0.532258064516129,0.8778843229809736,0.9855608564042972
cpi_L7GM_12m_pct,uk_ipi_c26_noneu_12m_pct,3,expanding_ar2,60,1.0443094291830408,0.6,0.9970630139720822,0.9970630139720822
cpi_L7GM_12m_pct,uk_ipi_c261_12m_pct,1,expanding_ar2,64,0.998575214133292,0.53125,0.3321617774133732,0.8341032013020775
cpi_L7GM_12m_pct,uk_ipi_c261_12m_pct,2,expanding_ar2,62,1.0075270936684255,0.6290322580645161,0.7772936452079277,0.9855608564042972
cpi_L7GM_12m_pct,uk_ipi_c261_12m_pct,3,expanding_ar2,60,1.0201131340096548,0.6666666666666666,0.8141828567566419,0.9970630139720822
cpi_L7GM_12m_pct,uk_ipi_c261_noneu_12m_pct,1,expanding_ar2,64,1.0200722872074035,0.546875,0.837850504696839,0.837850504696839
cpi_L7GM_12m_pct,uk_ipi_c261_noneu_12m_pct,2,expanding_ar2,62,1.0142622804685728,0.6129032258064516,0.8886955834478134,0.9855608564042972
cpi_L7GM_12m_pct,uk_ipi_c261_noneu_12m_pct,3,expanding_ar2,60,1.0021571512302416,0.6666666666666666,0.7055899482918421,0.9970630139720822
cpi_L7GM_12m_pct,uk_ipi_c262_12m_pct,1,expanding_ar2,56,1.0494818766006493,0.5357142857142857,0.4934574924153294,0.8341032013020775
cpi_L7GM_12m_pct,uk_ipi_c262_12m_pct,2,expanding_ar2,55,1.0338386248526312,0.6,0.7805720608116427,0.9855608564042972
cpi_L7GM_12m_pct,uk_ipi_c262_12m_pct,3,expanding_ar2,54,1.0444752434134543,0.6296296296296297,0.93628691219618,0.9970630139720822
cpi_L7GM_12m_pct,uk_ipi_c262_noneu_12m_pct,1,expanding_ar2,56,1.0337714389436408,0.5357142857142857,0.6652845191553155,0.8341032013020775
cpi_L7GM_12m_pct,uk_ipi_c262_noneu_12m_pct,2,expanding_ar2,55,1.0411539549956683,0.5818181818181818,0.9617086746288296,0.9855608564042972
cpi_L7GM_12m_pct,uk_ipi_c262_noneu_12m_pct,3,expanding_ar2,54,1.0334144965222565,0.6111111111111112,0.9823253789937112,0.9970630139720822
cpi_L7GP_12m_pct,uk_ipi_c26_12m_pct,1,expanding_ar2,64,0.9774112419351332,0.53125,0.017075367954551,0.0471885781135898
cpi_L7GP_12m_pct,uk_ipi_c26_12m_pct,2,expanding_ar2,62,0.9392163405585374,0.6290322580645161,0.0114730356889086,0.0229460713778172
cpi_L7GP_12m_pct,uk_ipi_c26_12m_pct,3,expanding_ar2,60,0.9401643569454928,0.6833333333333333,0.0098615327691824,0.0295845983075473
cpi_L7GP_12m_pct,uk_ipi_c26_noneu_12m_pct,1,expanding_ar2,64,0.9975881596490214,0.53125,0.0393238150946582,0.0471885781135898
cpi_L7GP_12m_pct,uk_ipi_c26_noneu_12m_pct,2,expanding_ar2,62,0.988374756571709,0.6290322580645161,0.023588701657019,0.0353830524855285
cpi_L7GP_12m_pct,uk_ipi_c26_noneu_12m_pct,3,expanding_ar2,60,1.006466154628345,0.6166666666666667,0.0272899283176555,0.0409348924764833
cpi_L7GP_12m_pct,uk_ipi_c261_12m_pct,1,expanding_ar2,64,0.9705050305262896,0.515625,0.0358172444682086,0.0471885781135898
cpi_L7GP_12m_pct,uk_ipi_c261_12m_pct,2,expanding_ar2,62,1.0070020669716355,0.5161290322580645,0.5972462587452064,0.7166955104942477
cpi_L7GP_12m_pct,uk_ipi_c261_12m_pct,3,expanding_ar2,60,1.0268345259618985,0.55,0.8945234371400836,0.9699258788389836
cpi_L7GP_12m_pct,uk_ipi_c261_noneu_12m_pct,1,expanding_ar2,64,1.0084528002831148,0.5,0.9984913178427502,0.9984913178427502
cpi_L7GP_12m_pct,uk_ipi_c261_noneu_12m_pct,2,expanding_ar2,62,1.0094181564232,0.5161290322580645,0.9941684799984732,0.9941684799984732
cpi_L7GP_12m_pct,uk_ipi_c261_noneu_12m_pct,3,expanding_ar2,60,1.0096681456898706,0.5666666666666667,0.9699258788389836,0.9699258788389836
cpi_L7GP_12m_pct,uk_ipi_c262_12m_pct,1,expanding_ar2,56,0.9970767792164056,0.4821428571428571,0.0322926364111603,0.0471885781135898
cpi_L7GP_12m_pct,uk_ipi_c262_12m_pct,2,expanding_ar2,55,0.9759465525710298,0.509090909090909,0.0062665903336458,0.0229460713778172
cpi_L7GP_12m_pct,uk_ipi_c262_12m_pct,3,expanding_ar2,54,1.0097792162331805,0.5740740740740741,0.007890993284242,0.0295845983075473
cpi_L7GP_12m_pct,uk_ipi_c262_noneu_12m_pct,1,expanding_ar2,56,0.986807875667024,0.5714285714285714,0.0249663909440233,0.0471885781135898
cpi_L7GP_12m_pct,uk_ipi_c262_noneu_12m_pct,2,expanding_ar2,55,0.9740072029045947,0.6909090909090909,0.0113425903934674,0.0229460713778172
cpi_L7GP_12m_pct,uk_ipi_c262_noneu_12m_pct,3,expanding_ar2,54,1.010112551405908,0.6851851851851852,0.0148135826107624,0.0296271652215248
cpi_L7GQ_12m_pct,uk_ipi_c26_12m_pct,1,expanding_ar2,64,1.0277154808182172,0.640625,0.9890680801163502,0.9890680801163502
cpi_L7GQ_12m_pct,uk_ipi_c26_12m_pct,2,expanding_ar2,62,1.0509502730634372,0.5161290322580645,0.9979978281140628,0.9979978281140628
cpi_L7GQ_12m_pct,uk_ipi_c26_12m_pct,3,expanding_ar2,60,1.0577841675815962,0.5,0.9885854306057243,0.9896598969786592
cpi_L7GQ_12m_pct,uk_ipi_c26_noneu_12m_pct,1,expanding_ar2,64,1.0178452993955582,0.65625,0.9141975445329344,0.9890680801163502
cpi_L7GQ_12m_pct,uk_ipi_c26_noneu_12m_pct,2,expanding_ar2,62,1.044580949438404,0.5483870967741935,0.9826463524649248,0.9979978281140628
cpi_L7GQ_12m_pct,uk_ipi_c26_noneu_12m_pct,3,expanding_ar2,60,1.0547609228191746,0.5333333333333333,0.9896598969786592,0.9896598969786592
cpi_L7GQ_12m_pct,uk_ipi_c261_12m_pct,1,expanding_ar2,64,0.9923771206190256,0.578125,0.2346565358264743,0.9890680801163502
cpi_L7GQ_12m_pct,uk_ipi_c261_12m_pct,2,expanding_ar2,62,0.9875780834591806,0.532258064516129,0.1759916568751375,0.9979978281140628
cpi_L7GQ_12m_pct,uk_ipi_c261_12m_pct,3,expanding_ar2,60,0.963003682357232,0.6166666666666667,0.0820081065246135,0.4920486391476814
cpi_L7GQ_12m_pct,uk_ipi_c261_noneu_12m_pct,1,expanding_ar2,64,1.000173184941411,0.640625,0.532079781185181,0.9890680801163502
cpi_L7GQ_12m_pct,uk_ipi_c261_noneu_12m_pct,2,expanding_ar2,62,0.9998906222735432,0.5483870967741935,0.4666211455271342,0.9979978281140628
cpi_L7GQ_12m_pct,uk_ipi_c261_noneu_12m_pct,3,expanding_ar2,60,0.9984470557006988,0.6,0.2676412281753735,0.8029236845261207
cpi_L7GQ_12m_pct,uk_ipi_c262_12m_pct,1,expanding_ar2,56,1.055372157337359,0.6071428571428571,0.8816441975013952,0.9890680801163502
cpi_L7GQ_12m_pct,uk_ipi_c262_12m_pct,2,expanding_ar2,55,1.0655090912676712,0.509090909090909,0.8887992527440497,0.9979978281140628
cpi_L7GQ_12m_pct,uk_ipi_c262_12m_pct,3,expanding_ar2,54,1.0561052843726852,0.4629629629629629,0.8727350858096636,0.9896598969786592
cpi_L7GQ_12m_pct,uk_ipi_c262_noneu_12m_pct,1,expanding_ar2,56,1.0397731304938578,0.6071428571428571,0.8475531821267173,0.9890680801163502
cpi_L7GQ_12m_pct,uk_ipi_c262_noneu_12m_pct,2,expanding_ar2,55,1.079379498013523,0.509090909090909,0.8400771633672028,0.9979978281140628
cpi_L7GQ_12m_pct,uk_ipi_c262_noneu_12m_pct,3,expanding_ar2,54,1.0920840895112072,0.5185185185185185,0.9108846938822046,0.9896598969786592
cpi_L7GR_12m_pct,uk_ipi_c26_12m_pct,1,expanding_ar2,64,1.0100427545024526,0.640625,0.1442798022294369,0.2164197033441554
cpi_L7GR_12m_pct,uk_ipi_c26_12m_pct,2,expanding_ar2,62,1.0131512966196758,0.5806451612903226,0.1026350098016003,0.1791917666468992
cpi_L7GR_12m_pct,uk_ipi_c26_12m_pct,3,expanding_ar2,60,1.0484939272078302,0.6,0.1160935344687754,0.2995706459532101
cpi_L7GR_12m_pct,uk_ipi_c26_noneu_12m_pct,1,expanding_ar2,64,1.0248436019063585,0.671875,0.1052759571690212,0.2164197033441554
cpi_L7GR_12m_pct,uk_ipi_c26_noneu_12m_pct,2,expanding_ar2,62,1.0250532285191796,0.5967741935483871,0.0966622533271436,0.1791917666468992
cpi_L7GR_12m_pct,uk_ipi_c26_noneu_12m_pct,3,expanding_ar2,60,1.0284894610758453,0.6166666666666667,0.1340424780695641,0.2995706459532101
cpi_L7GR_12m_pct,uk_ipi_c261_12m_pct,1,expanding_ar2,64,1.0568089591095269,0.65625,0.985717044874866,0.985717044874866
cpi_L7GR_12m_pct,uk_ipi_c261_12m_pct,2,expanding_ar2,62,1.0261733470947707,0.5645161290322581,0.972510601103524,0.972510601103524
cpi_L7GR_12m_pct,uk_ipi_c261_12m_pct,3,expanding_ar2,60,1.0005949696547385,0.5666666666666667,0.4113295337633916,0.4935954405160699
cpi_L7GR_12m_pct,uk_ipi_c261_noneu_12m_pct,1,expanding_ar2,64,1.022186761961794,0.671875,0.8833218167973406,0.985717044874866
cpi_L7GR_12m_pct,uk_ipi_c261_noneu_12m_pct,2,expanding_ar2,62,1.0265948076989426,0.5645161290322581,0.9167021035042836,0.972510601103524
cpi_L7GR_12m_pct,uk_ipi_c261_noneu_12m_pct,3,expanding_ar2,60,1.0176903068721626,0.5833333333333334,0.9557034339999712,0.9557034339999712
cpi_L7GR_12m_pct,uk_ipi_c262_12m_pct,1,expanding_ar2,56,1.02718608263258,0.6071428571428571,0.0652520735951486,0.2164197033441554
cpi_L7GR_12m_pct,uk_ipi_c262_12m_pct,2,expanding_ar2,55,1.0404739092975752,0.6727272727272727,0.0950369271645264,0.1791917666468992
cpi_L7GR_12m_pct,uk_ipi_c262_12m_pct,3,expanding_ar2,54,1.0520327963139464,0.5740740740740741,0.1997137639688067,0.2995706459532101
cpi_L7GR_12m_pct,uk_ipi_c262_noneu_12m_pct,1,expanding_ar2,56,1.0395787107370515,0.6964285714285714,0.1141550112380471,0.2164197033441554
cpi_L7GR_12m_pct,uk_ipi_c262_noneu_12m_pct,2,expanding_ar2,55,1.0389830729265328,0.6727272727272727,0.1194611777645995,0.1791917666468992
cpi_L7GR_12m_pct,uk_ipi_c262_noneu_12m_pct,3,expanding_ar2,54,1.0347197287835987,0.5925925925925926,0.1818918368509901,0.2995706459532101
cpi_D7EO_12m_pct,uk_ipi_c26_12m_pct,1,expanding_ar2,77,1.0005164434620235,0.6363636363636364,0.4694859228944213,0.9386484299036404
cpi_D7EO_12m_pct,uk_ipi_c26_12m_pct,2,expanding_ar2,75,0.989342449963583,0.6133333333333333,0.0672957920073469,0.1345915840146939
cpi_D7EO_12m_pct,uk_ipi_c26_12m_pct,3,expanding_ar2,73,0.9866445577901468,0.589041095890411,0.1062376549367989,0.1593564824051984
cpi_D7EO_12m_pct,uk_ipi_c26_noneu_12m_pct,1,expanding_ar2,77,0.997607659583058,0.6493506493506493,0.2363392987630887,0.9386484299036404
cpi_D7EO_12m_pct,uk_ipi_c26_noneu_12m_pct,2,expanding_ar2,75,0.9733034691289004,0.6266666666666667,0.007929305645059,0.0237879169351771
cpi_D7EO_12m_pct,uk_ipi_c26_noneu_12m_pct,3,expanding_ar2,73,0.94899523507554,0.6027397260273972,0.0116751431819279,0.0350254295457838
cpi_D7EO_12m_pct,uk_ipi_c261_12m_pct,1,expanding_ar2,77,1.0034559727271477,0.6103896103896104,0.6219736893511596,0.9386484299036404
cpi_D7EO_12m_pct,uk_ipi_c261_12m_pct,2,expanding_ar2,75,1.000967113408577,0.6266666666666667,0.417569836441589,0.5010838037299069
cpi_D7EO_12m_pct,uk_ipi_c261_12m_pct,3,expanding_ar2,73,1.005804956279391,0.6164383561643836,0.5241659116846744,0.6289990940216093
cpi_D7EO_12m_pct,uk_ipi_c261_noneu_12m_pct,1,expanding_ar2,77,1.0078508370440038,0.6363636363636364,0.829647218676131,0.9386484299036404
cpi_D7EO_12m_pct,uk_ipi_c261_noneu_12m_pct,2,expanding_ar2,75,1.0137702520065115,0.6133333333333333,0.7088597687992375,0.7088597687992375
cpi_D7EO_12m_pct,uk_ipi_c261_noneu_12m_pct,3,expanding_ar2,73,1.0148827377713725,0.6027397260273972,0.6353942940504492,0.6353942940504492
cpi_D7EO_12m_pct,uk_ipi_c262_12m_pct,1,expanding_ar2,69,1.0021412128623148,0.5942028985507246,0.9386484299036404,0.9386484299036404
cpi_D7EO_12m_pct,uk_ipi_c262_12m_pct,2,expanding_ar2,68,0.9959191529170108,0.5882352941176471,0.1951659978866043,0.2927489968299065
cpi_D7EO_12m_pct,uk_ipi_c262_12m_pct,3,expanding_ar2,67,0.9786047318481912,0.5671641791044776,0.0969028610153864,0.1593564824051984
cpi_D7EO_12m_pct,uk_ipi_c262_noneu_12m_pct,1,expanding_ar2,69,1.0009759897262738,0.6086956521739131,0.6865754332175933,0.9386484299036404
cpi_D7EO_12m_pct,uk_ipi_c262_noneu_12m_pct,2,expanding_ar2,68,0.9833881827498304,0.6029411764705882,0.0029841695175528,0.0179050171053168
cpi_D7EO_12m_pct,uk_ipi_c262_noneu_12m_pct,3,expanding_ar2,67,0.9519128810881332,0.5522388059701493,0.0027233738297283,0.0163402429783702
cpi_L7GT_12m_pct,uk_ipi_c26_12m_pct,1,expanding_ar2,64,1.014736850610557,0.625,0.8401152032333045,0.8740722743235425
cpi_L7GT_12m_pct,uk_ipi_c26_12m_pct,2,expanding_ar2,62,1.0091832103223126,0.6451612903225806,0.392858051208902,0.8478759892738695
cpi_L7GT_12m_pct,uk_ipi_c26_12m_pct,3,expanding_ar2,60,1.0001052478643544,0.5333333333333333,0.1940645830197742,0.3881291660395484
cpi_L7GT_12m_pct,uk_ipi_c26_noneu_12m_pct,1,expanding_ar2,64,1.0205190832479687,0.59375,0.8202912029878409,0.8740722743235425
cpi_L7GT_12m_pct,uk_ipi_c26_noneu_12m_pct,2,expanding_ar2,62,1.038653340434933,0.6290322580645161,0.7616143587266636,0.9105723296255664
cpi_L7GT_12m_pct,uk_ipi_c26_noneu_12m_pct,3,expanding_ar2,60,1.0434121276083486,0.5833333333333334,0.7201223340706037,0.9390528892568308
cpi_L7GT_12m_pct,uk_ipi_c261_12m_pct,1,expanding_ar2,64,1.013754833917363,0.59375,0.1881427850491433,0.8740722743235425
cpi_L7GT_12m_pct,uk_ipi_c261_12m_pct,2,expanding_ar2,62,1.0029708312522858,0.6290322580645161,0.0578793332836769,0.3472759997020616
cpi_L7GT_12m_pct,uk_ipi_c261_12m_pct,3,expanding_ar2,60,0.9992295940704592,0.5833333333333334,0.0608943401548718,0.365366040929231
cpi_L7GT_12m_pct,uk_ipi_c261_noneu_12m_pct,1,expanding_ar2,64,1.0087473593967586,0.625,0.8412022998953751,0.8740722743235425
cpi_L7GT_12m_pct,uk_ipi_c261_noneu_12m_pct,2,expanding_ar2,62,1.0176191660072886,0.6290322580645161,0.9105723296255664,0.9105723296255664
cpi_L7GT_12m_pct,uk_ipi_c261_noneu_12m_pct,3,expanding_ar2,60,1.0366143336910294,0.55,0.9390528892568308,0.9390528892568308
cpi_L7GT_12m_pct,uk_ipi_c262_12m_pct,1,expanding_ar2,56,1.0225299278432538,0.5178571428571429,0.7291668025015333,0.8740722743235425
cpi_L7GT_12m_pct,uk_ipi_c262_12m_pct,2,expanding_ar2,55,1.0465086769901133,0.5818181818181818,0.8030989912992677,0.9105723296255664
cpi_L7GT_12m_pct,uk_ipi_c262_12m_pct,3,expanding_ar2,54,1.0713634769987928,0.5370370370370371,0.8206467484177156,0.9390528892568308
cpi_L7GT_12m_pct,uk_ipi_c262_noneu_12m_pct,1,expanding_ar2,56,1.0345190590896391,0.5178571428571429,0.8740722743235425,0.8740722743235425
cpi_L7GT_12m_pct,uk_ipi_c262_noneu_12m_pct,2,expanding_ar2,55,1.0165962726446305,0.6545454545454545,0.4239379946369347,0.8478759892738695
cpi_L7GT_12m_pct,uk_ipi_c262_noneu_12m_pct,3,expanding_ar2,54,1.003781447299488,0.5,0.1573648524781956,0.3881291660395484
cpi_L7GU_12m_pct,uk_ipi_c26_12m_pct,1,expanding_ar2,64,1.0171243032318025,0.625,0.4186901423426834,0.50242817081122
cpi_L7GU_12m_pct,uk_ipi_c26_12m_pct,2,expanding_ar2,62,1.053925389515979,0.5806451612903226,0.8687842713328195,0.9667136444797764
cpi_L7GU_12m_pct,uk_ipi_c26_12m_pct,3,expanding_ar2,60,1.0603985101575448,0.55,0.903978817434213,0.9447001266924652
cpi_L7GU_12m_pct,uk_ipi_c26_noneu_12m_pct,1,expanding_ar2,64,1.025668909995056,0.640625,0.0954668256157115,0.190933651231423
cpi_L7GU_12m_pct,uk_ipi_c26_noneu_12m_pct,2,expanding_ar2,62,1.055416905933093,0.6129032258064516,0.1151604898789476,0.2544865158630629
cpi_L7GU_12m_pct,uk_ipi_c26_noneu_12m_pct,3,expanding_ar2,60,1.103180960298116,0.6,0.1168523665334423,0.3505570996003271
cpi_L7GU_12m_pct,uk_ipi_c261_12m_pct,1,expanding_ar2,64,1.0139319570809158,0.59375,0.9337364761465428,0.9337364761465428
cpi_L7GU_12m_pct,uk_ipi_c261_12m_pct,2,expanding_ar2,62,1.0330825386332882,0.5645161290322581,0.9667136444797764,0.9667136444797764
cpi_L7GU_12m_pct,uk_ipi_c261_12m_pct,3,expanding_ar2,60,1.0348232045468566,0.6,0.9447001266924652,0.9447001266924652
cpi_L7GU_12m_pct,uk_ipi_c261_noneu_12m_pct,1,expanding_ar2,64,0.9803676122223948,0.59375,0.0269557482965057,0.1617344897790347
cpi_L7GU_12m_pct,uk_ipi_c261_noneu_12m_pct,2,expanding_ar2,62,0.978621681355252,0.5806451612903226,0.0418534868533973,0.251120921120384
cpi_L7GU_12m_pct,uk_ipi_c261_noneu_12m_pct,3,expanding_ar2,60,0.9750536693127664,0.5833333333333334,0.0483123567796563,0.2898741406779384
cpi_L7GU_12m_pct,uk_ipi_c262_12m_pct,1,expanding_ar2,56,1.0440112398850832,0.5714285714285714,0.0830782256680703,0.190933651231423
cpi_L7GU_12m_pct,uk_ipi_c262_12m_pct,2,expanding_ar2,55,1.0674464475587655,0.5272727272727272,0.1272432579315314,0.2544865158630629
cpi_L7GU_12m_pct,uk_ipi_c262_12m_pct,3,expanding_ar2,54,1.130405558337714,0.5740740740740741,0.2343306946017005,0.3726632376118272
cpi_L7GU_12m_pct,uk_ipi_c262_noneu_12m_pct,1,expanding_ar2,56,1.0542620868848414,0.625,0.1542160709381356,0.2313241064072034
cpi_L7GU_12m_pct,uk_ipi_c262_noneu_12m_pct,2,expanding_ar2,55,1.1468267612982757,0.6,0.1902076080885956,0.2853114121328934
cpi_L7GU_12m_pct,uk_ipi_c262_noneu_12m_pct,3,expanding_ar2,54,1.259014952121971,0.6111111111111112,0.2484421584078847,0.3726632376118272
cpi_L7GY_12m_pct,uk_ipi_c26_12m_pct,1,expanding_ar2,64,1.023661157272907,0.4375,0.4538611787882603,0.7852182306132647
cpi_L7GY_12m_pct,uk_ipi_c26_12m_pct,2,expanding_ar2,62,1.061220810412718,0.3709677419354839,0.7476761704161315,0.9192011355319782
cpi_L7GY_12m_pct,uk_ipi_c26_12m_pct,3,expanding_ar2,60,1.0820043548964409,0.4,0.7931759810404162,0.9766278625380734
cpi_L7GY_12m_pct,uk_ipi_c26_noneu_12m_pct,1,expanding_ar2,64,1.020688911230029,0.5,0.6487219384378862,0.7852182306132647
cpi_L7GY_12m_pct,uk_ipi_c26_noneu_12m_pct,2,expanding_ar2,62,1.0649147560435055,0.4677419354838709,0.7366883880056563,0.9192011355319782
cpi_L7GY_12m_pct,uk_ipi_c26_noneu_12m_pct,3,expanding_ar2,60,1.0945675719090098,0.5,0.922610176397945,0.9766278625380734
cpi_L7GY_12m_pct,uk_ipi_c261_12m_pct,1,expanding_ar2,64,1.018542415738557,0.453125,0.6543485255110539,0.7852182306132647
cpi_L7GY_12m_pct,uk_ipi_c261_12m_pct,2,expanding_ar2,62,1.044460168545593,0.3225806451612903,0.7686831826057455,0.9192011355319782
cpi_L7GY_12m_pct,uk_ipi_c261_12m_pct,3,expanding_ar2,60,1.07370146069932,0.4333333333333333,0.9544524425291424,0.9766278625380734
cpi_L7GY_12m_pct,uk_ipi_c261_noneu_12m_pct,1,expanding_ar2,64,1.002239608598116,0.453125,0.846278835497317,0.846278835497317
cpi_L7GY_12m_pct,uk_ipi_c261_noneu_12m_pct,2,expanding_ar2,62,1.0069568274966485,0.4032258064516129,0.9192011355319782,0.9192011355319782
cpi_L7GY_12m_pct,uk_ipi_c261_noneu_12m_pct,3,expanding_ar2,60,1.0122910487270054,0.45,0.9056395963712426,0.9766278625380734
cpi_L7GY_12m_pct,uk_ipi_c262_12m_pct,1,expanding_ar2,56,1.0317107566236827,0.4464285714285714,0.4827179527535501,0.7852182306132647
cpi_L7GY_12m_pct,uk_ipi_c262_12m_pct,2,expanding_ar2,55,1.1246815240431267,0.4181818181818181,0.8886860852663605,0.9192011355319782
cpi_L7GY_12m_pct,uk_ipi_c262_12m_pct,3,expanding_ar2,54,1.2056734380022456,0.4629629629629629,0.9766278625380734,0.9766278625380734
cpi_L7GY_12m_pct,uk_ipi_c262_noneu_12m_pct,1,expanding_ar2,56,1.048254907768046,0.5,0.6482667927721902,0.7852182306132647
cpi_L7GY_12m_pct,uk_ipi_c262_noneu_12m_pct,2,expanding_ar2,55,1.137871542065152,0.4545454545454545,0.7825971036115866,0.9192011355319782
cpi_L7GY_12m_pct,uk_ipi_c262_noneu_12m_pct,3,expanding_ar2,54,1.2350922208077626,0.5185185185185185,0.9240766699878958,0.9766278625380734
cpi_L7H9_12m_pct,uk_ipi_c26_12m_pct,1,expanding_ar2,64,1.0344936948283263,0.625,0.6733176306476958,0.8810929452443711
cpi_L7H9_12m_pct,uk_ipi_c26_12m_pct,2,expanding_ar2,62,1.063940761051286,0.6290322580645161,0.4039128895091469,0.8533046320835321
cpi_L7H9_12m_pct,uk_ipi_c26_12m_pct,3,expanding_ar2,60,1.0969541058272134,0.65,0.5952431193752472,0.9086353278853266
cpi_L7H9_12m_pct,uk_ipi_c26_noneu_12m_pct,1,expanding_ar2,64,1.0505270011088346,0.65625,0.8398501919407033,0.8810929452443711
cpi_L7H9_12m_pct,uk_ipi_c26_noneu_12m_pct,2,expanding_ar2,62,1.05383585010153,0.6451612903225806,0.8533046320835321,0.8533046320835321
cpi_L7H9_12m_pct,uk_ipi_c26_noneu_12m_pct,3,expanding_ar2,60,1.094173543712085,0.7166666666666667,0.8303053049780804,0.9086353278853266
cpi_L7H9_12m_pct,uk_ipi_c261_12m_pct,1,expanding_ar2,64,0.997655000727974,0.65625,0.2520206578485564,0.7560619735456693
cpi_L7H9_12m_pct,uk_ipi_c261_12m_pct,2,expanding_ar2,62,1.0001797708020528,0.6774193548387096,0.3661936237038355,0.8533046320835321
cpi_L7H9_12m_pct,uk_ipi_c261_12m_pct,3,expanding_ar2,60,1.0270187740959813,0.7166666666666667,0.9086353278853266,0.9086353278853266
cpi_L7H9_12m_pct,uk_ipi_c261_noneu_12m_pct,1,expanding_ar2,64,0.9976135179781808,0.671875,0.2423454344007589,0.7560619735456693
cpi_L7H9_12m_pct,uk_ipi_c261_noneu_12m_pct,2,expanding_ar2,62,1.0003069819291033,0.6935483870967742,0.4850034768532212,0.8533046320835321
cpi_L7H9_12m_pct,uk_ipi_c261_noneu_12m_pct,3,expanding_ar2,60,0.9972949965100464,0.75,0.2691603020398236,0.9086353278853266
cpi_L7H9_12m_pct,uk_ipi_c262_12m_pct,1,expanding_ar2,56,1.0674704563221746,0.6428571428571429,0.7850143078340214,0.8810929452443711
cpi_L7H9_12m_pct,uk_ipi_c262_12m_pct,2,expanding_ar2,55,1.065926069737557,0.6727272727272727,0.6311410725468848,0.8533046320835321
cpi_L7H9_12m_pct,uk_ipi_c262_12m_pct,3,expanding_ar2,54,1.1011615754731725,0.7407407407407407,0.8483880122127819,0.9086353278853266
cpi_L7H9_12m_pct,uk_ipi_c262_noneu_12m_pct,1,expanding_ar2,56,1.0503269080099302,0.6607142857142857,0.8810929452443711,0.8810929452443711
cpi_L7H9_12m_pct,uk_ipi_c262_noneu_12m_pct,2,expanding_ar2,55,1.0674190101998329,0.6545454545454545,0.8244455311232415,0.8533046320835321
cpi_L7H9_12m_pct,uk_ipi_c262_noneu_12m_pct,3,expanding_ar2,54,1.085759624353524,0.7037037037037037,0.8508537830579838,0.9086353278853266
headline_12m_pct,uk_ipi_c26_12m_pct,1,expanding_ar6,60,1.0438819311707157,0.65,0.5954694419659852,0.7145633303591822
headline_12m_pct,uk_ipi_c26_12m_pct,2,expanding_ar6,58,1.0271922479748927,0.5862068965517241,0.6619776421525436,0.9929664632288154
headline_12m_pct,uk_ipi_c26_12m_pct,3,expanding_ar6,56,1.0248043164736012,0.625,0.4102346436065284,0.6064290741934633
headline_12m_pct,uk_ipi_c26_noneu_12m_pct,1,expanding_ar6,60,1.0284461175190738,0.65,0.560023704307536,0.7145633303591822
headline_12m_pct,uk_ipi_c26_noneu_12m_pct,2,expanding_ar6,58,1.0382145877892652,0.6379310344827587,0.8775276449843383,0.9991130092314028
headline_12m_pct,uk_ipi_c26_noneu_12m_pct,3,expanding_ar6,56,1.0390493707955062,0.625,0.505357561827886,0.6064290741934633
headline_12m_pct,uk_ipi_c261_12m_pct,1,expanding_ar6,60,0.9552926362807266,0.5833333333333334,0.005596306118952,0.0335778367137122
headline_12m_pct,uk_ipi_c261_12m_pct,2,expanding_ar6,58,0.9265999150342444,0.6551724137931034,0.00235581352661,0.0141348811596602
headline_12m_pct,uk_ipi_c261_12m_pct,3,expanding_ar6,56,0.925210897434245,0.6964285714285714,0.0009881804629798,0.0059290827778791
headline_12m_pct,uk_ipi_c261_noneu_12m_pct,1,expanding_ar6,60,1.0069427227014134,0.5833333333333334,0.5233243552192176,0.7145633303591822
headline_12m_pct,uk_ipi_c261_noneu_12m_pct,2,expanding_ar6,58,1.0058487383170225,0.6551724137931034,0.5844407428390711,0.9929664632288154
headline_12m_pct,uk_ipi_c261_noneu_12m_pct,3,expanding_ar6,56,1.0042345738055836,0.6607142857142857,0.4698432247032192,0.6064290741934633
headline_12m_pct,uk_ipi_c262_12m_pct,1,expanding_ar6,52,1.053157162956622,0.6153846153846154,0.8015074740175836,0.8015074740175836
headline_12m_pct,uk_ipi_c262_12m_pct,2,expanding_ar6,51,1.047489932377378,0.6470588235294118,0.9991130092314028,0.9991130092314028
headline_12m_pct,uk_ipi_c262_12m_pct,3,expanding_ar6,50,1.043139766011227,0.68,0.9146846953315791,0.9146846953315791
headline_12m_pct,uk_ipi_c262_noneu_12m_pct,1,expanding_ar6,52,1.0295824612181277,0.6538461538461539,0.4426024451378855,0.7145633303591822
headline_12m_pct,uk_ipi_c262_noneu_12m_pct,2,expanding_ar6,51,1.0567470192336748,0.6470588235294118,0.6187034389197172,0.9929664632288154
headline_12m_pct,uk_ipi_c262_noneu_12m_pct,3,expanding_ar6,50,1.0756021387689236,0.62,0.1871300930467405,0.5613902791402217
ex_games_12m_pct,uk_ipi_c26_12m_pct,1,expanding_ar6,60,1.017010268627242,0.6166666666666667,0.8407192960180474,0.9912107145436344
ex_games_12m_pct,uk_ipi_c26_12m_pct,2,expanding_ar6,58,1.0258407722566365,0.6551724137931034,0.9848356912409983,0.9959217751017584
ex_games_12m_pct,uk_ipi_c26_12m_pct,3,expanding_ar6,56,1.0357518167126636,0.7142857142857143,0.9698174862409564,0.9932909612698592
ex_games_12m_pct,uk_ipi_c26_noneu_12m_pct,1,expanding_ar6,60,1.013993765567914,0.6166666666666667,0.8852992590841255,0.9912107145436344
ex_games_12m_pct,uk_ipi_c26_noneu_12m_pct,2,expanding_ar6,58,1.0385428608321303,0.6724137931034483,0.9959217751017584,0.9959217751017584
ex_games_12m_pct,uk_ipi_c26_noneu_12m_pct,3,expanding_ar6,56,1.0565705325179275,0.7142857142857143,0.9932909612698592,0.9932909612698592
ex_games_12m_pct,uk_ipi_c261_12m_pct,1,expanding_ar6,60,1.0028864995165374,0.5833333333333334,0.2100458943215675,0.9912107145436344
ex_games_12m_pct,uk_ipi_c261_12m_pct,2,expanding_ar6,58,0.9926423381594448,0.6896551724137931,0.2028853200823524,0.9959217751017584
ex_games_12m_pct,uk_ipi_c261_12m_pct,3,expanding_ar6,56,0.974342204250173,0.7321428571428571,0.0497986540404584,0.2987919242427505
ex_games_12m_pct,uk_ipi_c261_noneu_12m_pct,1,expanding_ar6,60,1.0050325044075732,0.65,0.9912107145436344,0.9912107145436344
ex_games_12m_pct,uk_ipi_c261_noneu_12m_pct,2,expanding_ar6,58,1.0153505832647505,0.6206896551724138,0.9471615722680632,0.9959217751017584
ex_games_12m_pct,uk_ipi_c261_noneu_12m_pct,3,expanding_ar6,56,1.0140113053275377,0.6607142857142857,0.9355191261804744,0.9932909612698592
ex_games_12m_pct,uk_ipi_c262_12m_pct,1,expanding_ar6,52,1.0251630190743464,0.5961538461538461,0.8186150075854872,0.9912107145436344
ex_games_12m_pct,uk_ipi_c262_12m_pct,2,expanding_ar6,51,1.0382779201843724,0.6470588235294118,0.8764259768522839,0.9959217751017584
ex_games_12m_pct,uk_ipi_c262_12m_pct,3,expanding_ar6,50,1.0406997320618374,0.66,0.5907755498609514,0.9932909612698592
ex_games_12m_pct,uk_ipi_c262_noneu_12m_pct,1,expanding_ar6,52,1.0175678812235072,0.5961538461538461,0.7921232292668842,0.9912107145436344
ex_games_12m_pct,uk_ipi_c262_noneu_12m_pct,2,expanding_ar6,51,1.061699753773579,0.6862745098039216,0.943240998352532,0.9959217751017584
ex_games_12m_pct,uk_ipi_c262_noneu_12m_pct,3,expanding_ar6,50,1.0852863634794088,0.74,0.9033186927957508,0.9932909612698592
cpi_L7GG_12m_pct,uk_ipi_c26_12m_pct,1,expanding_ar6,60,1.018628602687103,0.6666666666666666,0.2440165612257177,0.9765935736937784
cpi_L7GG_12m_pct,uk_ipi_c26_12m_pct,2,expanding_ar6,58,1.0347759290259786,0.7241379310344828,0.2785608672573213,0.835682601771964
cpi_L7GG_12m_pct,uk_ipi_c26_12m_pct,3,expanding_ar6,56,1.0206515816682238,0.6428571428571429,0.2658185990778633,0.7974557972335902
cpi_L7GG_12m_pct,uk_ipi_c26_noneu_12m_pct,1,expanding_ar6,60,1.0815300045635452,0.6,0.9738608083818496,0.9765935736937784
cpi_L7GG_12m_pct,uk_ipi_c26_noneu_12m_pct,2,expanding_ar6,58,1.092039293520837,0.6724137931034483,0.9488633226649188,0.9956129264034652
cpi_L7GG_12m_pct,uk_ipi_c26_noneu_12m_pct,3,expanding_ar6,56,1.1475851307675835,0.6071428571428571,0.9153651840143052,0.984759853188352
cpi_L7GG_12m_pct,uk_ipi_c261_12m_pct,1,expanding_ar6,60,1.0683900446675223,0.6,0.4502087048360188,0.9765935736937784
cpi_L7GG_12m_pct,uk_ipi_c261_12m_pct,2,expanding_ar6,58,1.0900724060739846,0.5862068965517241,0.2017579509629165,0.835682601771964
cpi_L7GG_12m_pct,uk_ipi_c261_12m_pct,3,expanding_ar6,56,0.9973118472689024,0.625,0.0706966818633217,0.4241800911799307
cpi_L7GG_12m_pct,uk_ipi_c261_noneu_12m_pct,1,expanding_ar6,60,1.0302599467909008,0.6666666666666666,0.9543340391645654,0.9765935736937784
cpi_L7GG_12m_pct,uk_ipi_c261_noneu_12m_pct,2,expanding_ar6,58,1.1330537865258188,0.6379310344827587,0.9956129264034652,0.9956129264034652
cpi_L7GG_12m_pct,uk_ipi_c261_noneu_12m_pct,3,expanding_ar6,56,1.1968899851793582,0.6071428571428571,0.984759853188352,0.984759853188352
cpi_L7GG_12m_pct,uk_ipi_c262_12m_pct,1,expanding_ar6,52,1.038794490577705,0.5192307692307693,0.8092608270558621,0.9765935736937784
cpi_L7GG_12m_pct,uk_ipi_c262_12m_pct,2,expanding_ar6,51,1.0585069987112687,0.6666666666666666,0.6488563508742784,0.9956129264034652
cpi_L7GG_12m_pct,uk_ipi_c262_12m_pct,3,expanding_ar6,50,1.0505522134633307,0.7,0.427942127516443,0.8558842550328861
cpi_L7GG_12m_pct,uk_ipi_c262_noneu_12m_pct,1,expanding_ar6,52,1.1001088243032116,0.5769230769230769,0.9765935736937784,0.9765935736937784
cpi_L7GG_12m_pct,uk_ipi_c262_noneu_12m_pct,2,expanding_ar6,51,1.1367812328942826,0.6470588235294118,0.989058773717594,0.9956129264034652
cpi_L7GG_12m_pct,uk_ipi_c262_noneu_12m_pct,3,expanding_ar6,50,1.1659915923953954,0.62,0.942640767989994,0.984759853188352
cpi_L7GM_12m_pct,uk_ipi_c26_12m_pct,1,expanding_ar6,60,1.0441237488653428,0.4666666666666667,0.9572418476029622,0.9572418476029622
cpi_L7GM_12m_pct,uk_ipi_c26_12m_pct,2,expanding_ar6,58,1.0310019254015486,0.5344827586206896,0.9408922556612892,0.9556239980624148
cpi_L7GM_12m_pct,uk_ipi_c26_12m_pct,3,expanding_ar6,56,1.1122438929811564,0.5714285714285714,0.8610767888821432,0.9926580489897412
cpi_L7GM_12m_pct,uk_ipi_c26_noneu_12m_pct,1,expanding_ar6,60,1.0464963423447529,0.4666666666666667,0.7616016556821091,0.9572418476029622
cpi_L7GM_12m_pct,uk_ipi_c26_noneu_12m_pct,2,expanding_ar6,58,1.0694169747423563,0.5344827586206896,0.8644866480393231,0.9556239980624148
cpi_L7GM_12m_pct,uk_ipi_c26_noneu_12m_pct,3,expanding_ar6,56,1.0828672694366566,0.6071428571428571,0.9527689787777756,0.9926580489897412
cpi_L7GM_12m_pct,uk_ipi_c261_12m_pct,1,expanding_ar6,60,0.9937335982239126,0.5166666666666667,0.0944595366463145,0.5667572198778871
cpi_L7GM_12m_pct,uk_ipi_c261_12m_pct,2,expanding_ar6,58,0.9978616161234988,0.5689655172413793,0.3017832909513019,0.9556239980624148
cpi_L7GM_12m_pct,uk_ipi_c261_12m_pct,3,expanding_ar6,56,1.0023478721823422,0.5892857142857143,0.5322164339429953,0.9926580489897412
cpi_L7GM_12m_pct,uk_ipi_c261_noneu_12m_pct,1,expanding_ar6,60,1.009349191509047,0.4833333333333333,0.8115889896584234,0.9572418476029622
cpi_L7GM_12m_pct,uk_ipi_c261_noneu_12m_pct,2,expanding_ar6,58,1.0050862688336852,0.5517241379310345,0.9513218395717146,0.9556239980624148
cpi_L7GM_12m_pct,uk_ipi_c261_noneu_12m_pct,3,expanding_ar6,56,0.9903237507855832,0.6071428571428571,0.0829272103743513,0.4975632622461083
cpi_L7GM_12m_pct,uk_ipi_c262_12m_pct,1,expanding_ar6,52,1.0558320094572673,0.5,0.9062715018680536,0.9572418476029622
cpi_L7GM_12m_pct,uk_ipi_c262_12m_pct,2,expanding_ar6,51,1.0383827498721327,0.5294117647058824,0.8942582927829346,0.9556239980624148
cpi_L7GM_12m_pct,uk_ipi_c262_12m_pct,3,expanding_ar6,50,1.0813753409050113,0.56,0.9926580489897412,0.9926580489897412
cpi_L7GM_12m_pct,uk_ipi_c262_noneu_12m_pct,1,expanding_ar6,52,1.0330577641675585,0.5192307692307693,0.9315855432025564,0.9572418476029622
cpi_L7GM_12m_pct,uk_ipi_c262_noneu_12m_pct,2,expanding_ar6,51,1.0354496092758845,0.5294117647058824,0.9556239980624148,0.9556239980624148
cpi_L7GM_12m_pct,uk_ipi_c262_noneu_12m_pct,3,expanding_ar6,50,1.0524055788697466,0.62,0.9926555853043402,0.9926580489897412
cpi_L7GP_12m_pct,uk_ipi_c26_12m_pct,1,expanding_ar6,60,1.0437371957201829,0.5666666666666667,0.5352619589107028,0.7210111143233925
cpi_L7GP_12m_pct,uk_ipi_c26_12m_pct,2,expanding_ar6,58,1.0545787791648351,0.6724137931034483,0.5866740932437811,0.800498857609423
cpi_L7GP_12m_pct,uk_ipi_c26_12m_pct,3,expanding_ar6,56,1.1002810441056383,0.7678571428571429,0.6489158718857451,0.7815782193626435
cpi_L7GP_12m_pct,uk_ipi_c26_noneu_12m_pct,1,expanding_ar6,60,1.0338348241753363,0.5833333333333334,0.7210111143233925,0.7210111143233925
cpi_L7GP_12m_pct,uk_ipi_c26_noneu_12m_pct,2,expanding_ar6,58,1.0735622587916027,0.7068965517241379,0.6670823813411858,0.800498857609423
cpi_L7GP_12m_pct,uk_ipi_c26_noneu_12m_pct,3,expanding_ar6,56,1.1322399477384364,0.8035714285714286,0.7815782193626435,0.7815782193626435
cpi_L7GP_12m_pct,uk_ipi_c261_12m_pct,1,expanding_ar6,60,0.9954133826500734,0.65,0.1963733388531587,0.662128789454565
cpi_L7GP_12m_pct,uk_ipi_c261_12m_pct,2,expanding_ar6,58,1.0163512925999365,0.6379310344827587,0.9746519624525448,0.9746519624525448
cpi_L7GP_12m_pct,uk_ipi_c261_12m_pct,3,expanding_ar6,56,1.0137891288993082,0.6785714285714286,0.6606580104169744,0.7815782193626435
cpi_L7GP_12m_pct,uk_ipi_c261_noneu_12m_pct,1,expanding_ar6,60,1.002539631387234,0.5833333333333334,0.3310643947272825,0.662128789454565
cpi_L7GP_12m_pct,uk_ipi_c261_noneu_12m_pct,2,expanding_ar6,58,1.0004266776986217,0.6551724137931034,0.3474095190422019,0.800498857609423
cpi_L7GP_12m_pct,uk_ipi_c261_noneu_12m_pct,3,expanding_ar6,56,0.970944681084207,0.7142857142857143,0.120443759700168,0.5968970388644615
cpi_L7GP_12m_pct,uk_ipi_c262_12m_pct,1,expanding_ar6,52,1.0287924518053295,0.5384615384615384,0.3158196381346341,0.662128789454565
cpi_L7GP_12m_pct,uk_ipi_c262_12m_pct,2,expanding_ar6,51,1.0338586106894296,0.5882352941176471,0.0808441392388713,0.4850648354332282
cpi_L7GP_12m_pct,uk_ipi_c262_12m_pct,3,expanding_ar6,50,1.0798491406737645,0.66,0.1989656796214871,0.5968970388644615
cpi_L7GP_12m_pct,uk_ipi_c262_noneu_12m_pct,1,expanding_ar6,52,1.033649246277962,0.5769230769230769,0.6494585061288194,0.7210111143233925
cpi_L7GP_12m_pct,uk_ipi_c262_noneu_12m_pct,2,expanding_ar6,51,1.0823605569933914,0.7058823529411765,0.4765001419872818,0.800498857609423
cpi_L7GP_12m_pct,uk_ipi_c262_noneu_12m_pct,3,expanding_ar6,50,1.142180719344723,0.78,0.5654078798529856,0.7815782193626435
cpi_L7GQ_12m_pct,uk_ipi_c26_12m_pct,1,expanding_ar6,60,1.034824412036702,0.55,0.98208101168525,0.98208101168525
cpi_L7GQ_12m_pct,uk_ipi_c26_12m_pct,2,expanding_ar6,58,1.0757334771055111,0.5,0.9889450147434516,0.9889450147434516
cpi_L7GQ_12m_pct,uk_ipi_c26_12m_pct,3,expanding_ar6,56,1.072385597358265,0.5178571428571429,0.9813248262389628,0.9931294295316434
cpi_L7GQ_12m_pct,uk_ipi_c26_noneu_12m_pct,1,expanding_ar6,60,1.0203952213641756,0.55,0.8804237928328243,0.98208101168525
cpi_L7GQ_12m_pct,uk_ipi_c26_noneu_12m_pct,2,expanding_ar6,58,1.051731154361594,0.5344827586206896,0.979748396761335,0.9889450147434516
cpi_L7GQ_12m_pct,uk_ipi_c26_noneu_12m_pct,3,expanding_ar6,56,1.0521497008120628,0.5714285714285714,0.9931294295316434,0.9931294295316434
cpi_L7GQ_12m_pct,uk_ipi_c261_12m_pct,1,expanding_ar6,60,0.9990224944584548,0.6,0.2992003044035751,0.98208101168525
cpi_L7GQ_12m_pct,uk_ipi_c261_12m_pct,2,expanding_ar6,58,1.0188767195810264,0.5344827586206896,0.290193134915158,0.9889450147434516
cpi_L7GQ_12m_pct,uk_ipi_c261_12m_pct,3,expanding_ar6,56,0.9810861358062446,0.6607142857142857,0.0694560465361539,0.4167362792169238
cpi_L7GQ_12m_pct,uk_ipi_c261_noneu_12m_pct,1,expanding_ar6,60,1.0007524021525582,0.55,0.4724626007191576,0.98208101168525
cpi_L7GQ_12m_pct,uk_ipi_c261_noneu_12m_pct,2,expanding_ar6,58,1.0054678441018765,0.5344827586206896,0.6311487522581041,0.9889450147434516
cpi_L7GQ_12m_pct,uk_ipi_c261_noneu_12m_pct,3,expanding_ar6,56,1.0055340682930434,0.5357142857142857,0.4383673398227463,0.9931294295316434
cpi_L7GQ_12m_pct,uk_ipi_c262_12m_pct,1,expanding_ar6,52,1.0628205070644312,0.5961538461538461,0.8865109142896467,0.98208101168525
cpi_L7GQ_12m_pct,uk_ipi_c262_12m_pct,2,expanding_ar6,51,1.0755610059112577,0.4901960784313725,0.8751715172431695,0.9889450147434516
cpi_L7GQ_12m_pct,uk_ipi_c262_12m_pct,3,expanding_ar6,50,1.047795960181835,0.44,0.849575968608133,0.9931294295316434
cpi_L7GQ_12m_pct,uk_ipi_c262_noneu_12m_pct,1,expanding_ar6,52,1.0489760226451728,0.5576923076923077,0.8385351272283296,0.98208101168525
cpi_L7GQ_12m_pct,uk_ipi_c262_noneu_12m_pct,2,expanding_ar6,51,1.1003539286862465,0.5098039215686274,0.8644661489321682,0.9889450147434516
cpi_L7GQ_12m_pct,uk_ipi_c262_noneu_12m_pct,3,expanding_ar6,50,1.0932320244772429,0.52,0.9208085975201388,0.9931294295316434
cpi_L7GR_12m_pct,uk_ipi_c26_12m_pct,1,expanding_ar6,60,1.0155802789570447,0.7,0.2363516989110395,0.3545275483665593
cpi_L7GR_12m_pct,uk_ipi_c26_12m_pct,2,expanding_ar6,58,1.0143310812867197,0.6724137931034483,0.1464072257266191,0.2906152812966306
cpi_L7GR_12m_pct,uk_ipi_c26_12m_pct,3,expanding_ar6,56,1.0300697632070983,0.6785714285714286,0.1354268748950634,0.2739222570656578
cpi_L7GR_12m_pct,uk_ipi_c26_noneu_12m_pct,1,expanding_ar6,60,1.0261014445750647,0.7166666666666667,0.1048867135266572,0.236902286933322
cpi_L7GR_12m_pct,uk_ipi_c26_noneu_12m_pct,2,expanding_ar6,58,1.0342803349907066,0.6206896551724138,0.1618678649129209,0.2906152812966306
cpi_L7GR_12m_pct,uk_ipi_c26_noneu_12m_pct,3,expanding_ar6,56,1.0571405774878029,0.6607142857142857,0.1826148380437718,0.2739222570656578
cpi_L7GR_12m_pct,uk_ipi_c261_12m_pct,1,expanding_ar6,60,1.0548135717699425,0.5833333333333334,0.9691564764910257,0.9691564764910257
cpi_L7GR_12m_pct,uk_ipi_c261_12m_pct,2,expanding_ar6,58,1.0282895395326108,0.5517241379310345,0.9598012301879418,0.9598012301879418
cpi_L7GR_12m_pct,uk_ipi_c261_12m_pct,3,expanding_ar6,56,1.0092015783114676,0.5892857142857143,0.6101137538594803,0.7239326352972306
cpi_L7GR_12m_pct,uk_ipi_c261_noneu_12m_pct,1,expanding_ar6,60,1.0135119983650438,0.6666666666666666,0.6585477314461071,0.7902572777353285
cpi_L7GR_12m_pct,uk_ipi_c261_noneu_12m_pct,2,expanding_ar6,58,1.0255674375532122,0.5517241379310345,0.7231565463462036,0.8677878556154444
cpi_L7GR_12m_pct,uk_ipi_c261_noneu_12m_pct,3,expanding_ar6,56,1.010885756219268,0.625,0.7239326352972306,0.7239326352972306
cpi_L7GR_12m_pct,uk_ipi_c262_12m_pct,1,expanding_ar6,52,1.026508210866933,0.6730769230769231,0.1168407955898045,0.236902286933322
cpi_L7GR_12m_pct,uk_ipi_c262_12m_pct,2,expanding_ar6,51,1.0434045318040606,0.7058823529411765,0.1432271204305684,0.2906152812966306
cpi_L7GR_12m_pct,uk_ipi_c262_12m_pct,3,expanding_ar6,50,1.0447482029524404,0.64,0.1812897510872699,0.2739222570656578
cpi_L7GR_12m_pct,uk_ipi_c262_noneu_12m_pct,1,expanding_ar6,52,1.0392398943546048,0.7307692307692307,0.118451143466661,0.236902286933322
cpi_L7GR_12m_pct,uk_ipi_c262_noneu_12m_pct,2,expanding_ar6,51,1.0581274191560543,0.6666666666666666,0.1937435208644204,0.2906152812966306
cpi_L7GR_12m_pct,uk_ipi_c262_noneu_12m_pct,3,expanding_ar6,50,1.078649780002672,0.68,0.1590201098144017,0.2739222570656578
cpi_D7EO_12m_pct,uk_ipi_c26_12m_pct,1,expanding_ar6,77,0.999460151381808,0.6103896103896104,0.3721590749391907,0.9210584410713648
cpi_D7EO_12m_pct,uk_ipi_c26_12m_pct,2,expanding_ar6,75,0.9835457860212818,0.6533333333333333,0.0405710443040391,0.0811420886080782
cpi_D7EO_12m_pct,uk_ipi_c26_12m_pct,3,expanding_ar6,73,0.9754544103151984,0.6164383561643836,0.0606685387687379,0.0976752320194016
cpi_D7EO_12m_pct,uk_ipi_c26_noneu_12m_pct,1,expanding_ar6,77,0.9974559365189944,0.6103896103896104,0.2336088393743611,0.9210584410713648
cpi_D7EO_12m_pct,uk_ipi_c26_noneu_12m_pct,2,expanding_ar6,75,0.9704981464539116,0.6666666666666666,0.0115338169179059,0.0346014507537177
cpi_D7EO_12m_pct,uk_ipi_c26_noneu_12m_pct,3,expanding_ar6,73,0.9381601444025198,0.6438356164383562,0.0129765346906129,0.0389296040718389
cpi_D7EO_12m_pct,uk_ipi_c261_12m_pct,1,expanding_ar6,77,1.0041408207908349,0.6493506493506493,0.6588307809273913,0.9210584410713648
cpi_D7EO_12m_pct,uk_ipi_c261_12m_pct,2,expanding_ar6,75,1.005197999194078,0.6666666666666666,0.5864056556291364,0.7036867867549637
cpi_D7EO_12m_pct,uk_ipi_c261_12m_pct,3,expanding_ar6,73,1.009982011574438,0.6438356164383562,0.662454253576976,0.7713848061148145
cpi_D7EO_12m_pct,uk_ipi_c261_noneu_12m_pct,1,expanding_ar6,77,1.0087949632294595,0.6493506493506493,0.7399164951076326,0.9210584410713648
cpi_D7EO_12m_pct,uk_ipi_c261_noneu_12m_pct,2,expanding_ar6,75,1.0205072090570346,0.68,0.7764968768409534,0.7764968768409534
cpi_D7EO_12m_pct,uk_ipi_c261_noneu_12m_pct,3,expanding_ar6,73,1.0337881673202824,0.6164383561643836,0.7713848061148145,0.7713848061148145
cpi_D7EO_12m_pct,uk_ipi_c262_12m_pct,1,expanding_ar6,69,1.002791907242698,0.5797101449275363,0.9815054186491012,0.9815054186491012
cpi_D7EO_12m_pct,uk_ipi_c262_12m_pct,2,expanding_ar6,68,0.9908224050764532,0.6029411764705882,0.0990354185291455,0.1485531277937183
cpi_D7EO_12m_pct,uk_ipi_c262_12m_pct,3,expanding_ar6,67,0.9669325859351442,0.5671641791044776,0.0651168213462677,0.0976752320194016
cpi_D7EO_12m_pct,uk_ipi_c262_noneu_12m_pct,1,expanding_ar6,69,1.001648272638417,0.5797101449275363,0.7675487008928039,0.9210584410713648
cpi_D7EO_12m_pct,uk_ipi_c262_noneu_12m_pct,2,expanding_ar6,68,0.9782644615680388,0.6029411764705882,0.0055077986183548,0.033046791710129
cpi_D7EO_12m_pct,uk_ipi_c262_noneu_12m_pct,3,expanding_ar6,67,0.9378883877048227,0.6268656716417911,0.0038918710628655,0.023351226377193
cpi_L7GT_12m_pct,uk_ipi_c26_12m_pct,1,expanding_ar6,60,1.01352599278565,0.5666666666666667,0.8854832750314414,0.9128347283842048
cpi_L7GT_12m_pct,uk_ipi_c26_12m_pct,2,expanding_ar6,58,1.0171568141922054,0.5689655172413793,0.7542748494485225,0.8866576625785558
cpi_L7GT_12m_pct,uk_ipi_c26_12m_pct,3,expanding_ar6,56,1.037437817894592,0.5892857142857143,0.7466871690051351,0.9630131595308886
cpi_L7GT_12m_pct,uk_ipi_c26_noneu_12m_pct,1,expanding_ar6,60,1.0268778374756342,0.5166666666666667,0.6977834023588215,0.9128347283842048
cpi_L7GT_12m_pct,uk_ipi_c26_noneu_12m_pct,2,expanding_ar6,58,1.0784560784631598,0.5689655172413793,0.6920255281375589,0.8866576625785558
cpi_L7GT_12m_pct,uk_ipi_c26_noneu_12m_pct,3,expanding_ar6,56,1.156349127629102,0.5714285714285714,0.943820518472814,0.9630131595308886
cpi_L7GT_12m_pct,uk_ipi_c261_12m_pct,1,expanding_ar6,60,1.0305599481957244,0.55,0.2600383343486378,0.9128347283842048
cpi_L7GT_12m_pct,uk_ipi_c261_12m_pct,2,expanding_ar6,58,1.020213852568509,0.6724137931034483,0.0948693828317983,0.5692162969907903
cpi_L7GT_12m_pct,uk_ipi_c261_12m_pct,3,expanding_ar6,56,0.994808369376357,0.6607142857142857,0.0534778325784332,0.3208669954705996
cpi_L7GT_12m_pct,uk_ipi_c261_noneu_12m_pct,1,expanding_ar6,60,1.018886766688725,0.5333333333333333,0.9128347283842048,0.9128347283842048
cpi_L7GT_12m_pct,uk_ipi_c261_noneu_12m_pct,2,expanding_ar6,58,1.0209683000956016,0.603448275862069,0.8866576625785558,0.8866576625785558
cpi_L7GT_12m_pct,uk_ipi_c261_noneu_12m_pct,3,expanding_ar6,56,1.0357864263337275,0.6428571428571429,0.9630131595308886,0.9630131595308886
cpi_L7GT_12m_pct,uk_ipi_c262_12m_pct,1,expanding_ar6,52,1.0196536169741413,0.5192307692307693,0.6834685670939027,0.9128347283842048
cpi_L7GT_12m_pct,uk_ipi_c262_12m_pct,2,expanding_ar6,51,1.0527334971730515,0.5882352941176471,0.6859133593506099,0.8866576625785558
cpi_L7GT_12m_pct,uk_ipi_c262_12m_pct,3,expanding_ar6,50,1.1367154879057229,0.58,0.8984919462078919,0.9630131595308886
cpi_L7GT_12m_pct,uk_ipi_c262_noneu_12m_pct,1,expanding_ar6,52,1.0563869107421062,0.4807692307692308,0.8480779345393692,0.9128347283842048
cpi_L7GT_12m_pct,uk_ipi_c262_noneu_12m_pct,2,expanding_ar6,51,1.0407192895412825,0.5882352941176471,0.7578947494679916,0.8866576625785558
cpi_L7GT_12m_pct,uk_ipi_c262_noneu_12m_pct,3,expanding_ar6,50,1.0801412480448958,0.58,0.8851235249424787,0.9630131595308886
cpi_L7GU_12m_pct,uk_ipi_c26_12m_pct,1,expanding_ar6,60,1.0353427044016357,0.6,0.4884025670759604,0.5860830804911525
cpi_L7GU_12m_pct,uk_ipi_c26_12m_pct,2,expanding_ar6,58,1.0401106369338473,0.5862068965517241,0.9142922956285024,0.9142922956285024
cpi_L7GU_12m_pct,uk_ipi_c26_12m_pct,3,expanding_ar6,56,1.0937505756411297,0.5535714285714286,0.9499140246801706,0.9499140246801706
cpi_L7GU_12m_pct,uk_ipi_c26_noneu_12m_pct,1,expanding_ar6,60,1.046097819107849,0.5833333333333334,0.2618644695187668,0.5776249989788815
cpi_L7GU_12m_pct,uk_ipi_c26_noneu_12m_pct,2,expanding_ar6,58,1.0819083315417235,0.6206896551724138,0.4519693378379051,0.7622317791438239
cpi_L7GU_12m_pct,uk_ipi_c26_noneu_12m_pct,3,expanding_ar6,56,1.1228956480357288,0.5535714285714286,0.5685015194012787,0.9499140246801706
cpi_L7GU_12m_pct,uk_ipi_c261_12m_pct,1,expanding_ar6,60,1.0064160282685413,0.6333333333333333,0.6995185024528925,0.6995185024528925
cpi_L7GU_12m_pct,uk_ipi_c261_12m_pct,2,expanding_ar6,58,1.007115713500908,0.6551724137931034,0.6351931492865199,0.7622317791438239
cpi_L7GU_12m_pct,uk_ipi_c261_12m_pct,3,expanding_ar6,56,1.0083088123161508,0.5892857142857143,0.6401287858069107,0.9499140246801706
cpi_L7GU_12m_pct,uk_ipi_c261_noneu_12m_pct,1,expanding_ar6,60,0.9851429289555528,0.6333333333333333,0.0453547294809466,0.2721283768856801
cpi_L7GU_12m_pct,uk_ipi_c261_noneu_12m_pct,2,expanding_ar6,58,0.9656577286070592,0.6896551724137931,0.0255125373638536,0.153075224183122
cpi_L7GU_12m_pct,uk_ipi_c261_noneu_12m_pct,3,expanding_ar6,56,0.9565536795979276,0.6428571428571429,0.0277884952159031,0.1667309712954189
cpi_L7GU_12m_pct,uk_ipi_c262_12m_pct,1,expanding_ar6,52,1.0722918044978131,0.6346153846153846,0.2888124994894407,0.5776249989788815
cpi_L7GU_12m_pct,uk_ipi_c262_12m_pct,2,expanding_ar6,51,1.0857370086893134,0.6470588235294118,0.5945439382761112,0.7622317791438239
cpi_L7GU_12m_pct,uk_ipi_c262_12m_pct,3,expanding_ar6,50,1.115693383665068,0.56,0.8527719052424739,0.9499140246801706
cpi_L7GU_12m_pct,uk_ipi_c262_noneu_12m_pct,1,expanding_ar6,52,1.0660728479549384,0.6153846153846154,0.3881359084330233,0.582203862649535
cpi_L7GU_12m_pct,uk_ipi_c262_noneu_12m_pct,2,expanding_ar6,51,1.1279703159815233,0.6470588235294118,0.6345399661488644,0.7622317791438239
cpi_L7GU_12m_pct,uk_ipi_c262_noneu_12m_pct,3,expanding_ar6,50,1.2078256122813258,0.58,0.7517877876621527,0.9499140246801706
cpi_L7GY_12m_pct,uk_ipi_c26_12m_pct,1,expanding_ar6,60,1.024882696474787,0.5166666666666667,0.5105684986585648,0.8972580243871522
cpi_L7GY_12m_pct,uk_ipi_c26_12m_pct,2,expanding_ar6,58,1.074551788177335,0.4482758620689655,0.8453565401833303,0.954269061877804
cpi_L7GY_12m_pct,uk_ipi_c26_12m_pct,3,expanding_ar6,56,1.0971848941574691,0.4821428571428571,0.8668760323766874,0.972555374153204
cpi_L7GY_12m_pct,uk_ipi_c26_noneu_12m_pct,1,expanding_ar6,60,1.0388597917816038,0.5166666666666667,0.870396312698486,0.8972580243871522
cpi_L7GY_12m_pct,uk_ipi_c26_noneu_12m_pct,2,expanding_ar6,58,1.089768528777023,0.5,0.8560990999406051,0.954269061877804
cpi_L7GY_12m_pct,uk_ipi_c26_noneu_12m_pct,3,expanding_ar6,56,1.0827643020397826,0.5357142857142857,0.8841709085599766,0.972555374153204
cpi_L7GY_12m_pct,uk_ipi_c261_12m_pct,1,expanding_ar6,60,1.0207380943135578,0.4833333333333333,0.5118211418541179,0.8972580243871522
cpi_L7GY_12m_pct,uk_ipi_c261_12m_pct,2,expanding_ar6,58,1.0618268002120996,0.4310344827586206,0.709044193436369,0.954269061877804
cpi_L7GY_12m_pct,uk_ipi_c261_12m_pct,3,expanding_ar6,56,1.104999332525514,0.4642857142857143,0.9515604872608404,0.972555374153204
cpi_L7GY_12m_pct,uk_ipi_c261_noneu_12m_pct,1,expanding_ar6,60,1.007173548909024,0.5,0.8879002139619483,0.8972580243871522
cpi_L7GY_12m_pct,uk_ipi_c261_noneu_12m_pct,2,expanding_ar6,58,1.0188627602797893,0.4655172413793103,0.9150771702925656,0.954269061877804
cpi_L7GY_12m_pct,uk_ipi_c261_noneu_12m_pct,3,expanding_ar6,56,1.0411100432061096,0.5178571428571429,0.928263660555488,0.972555374153204
cpi_L7GY_12m_pct,uk_ipi_c262_12m_pct,1,expanding_ar6,52,1.0570156210207269,0.4615384615384615,0.6795623568089858,0.8972580243871522
cpi_L7GY_12m_pct,uk_ipi_c262_12m_pct,2,expanding_ar6,51,1.1599608404177242,0.4313725490196078,0.954269061877804,0.954269061877804
cpi_L7GY_12m_pct,uk_ipi_c262_12m_pct,3,expanding_ar6,50,1.2004437055057675,0.52,0.972555374153204,0.972555374153204
cpi_L7GY_12m_pct,uk_ipi_c262_noneu_12m_pct,1,expanding_ar6,52,1.090920774692364,0.4807692307692308,0.8972580243871522,0.8972580243871522
cpi_L7GY_12m_pct,uk_ipi_c262_noneu_12m_pct,2,expanding_ar6,51,1.182900532493794,0.4901960784313725,0.8716309183388115,0.954269061877804
cpi_L7GY_12m_pct,uk_ipi_c262_noneu_12m_pct,3,expanding_ar6,50,1.2280476325608949,0.6,0.8964176932066719,0.972555374153204
cpi_L7H9_12m_pct,uk_ipi_c26_12m_pct,1,expanding_ar6,60,1.0314884910969089,0.6333333333333333,0.8386434792166557,0.8386434792166557
cpi_L7H9_12m_pct,uk_ipi_c26_12m_pct,2,expanding_ar6,58,1.047490230847847,0.603448275862069,0.4527814909061741,0.8299820987341142
cpi_L7H9_12m_pct,uk_ipi_c26_12m_pct,3,expanding_ar6,56,1.068844625481938,0.625,0.5731259665169166,0.9160423600340364
cpi_L7H9_12m_pct,uk_ipi_c26_noneu_12m_pct,1,expanding_ar6,60,1.0482955828646203,0.6166666666666667,0.7214278513774047,0.8386434792166557
cpi_L7H9_12m_pct,uk_ipi_c26_noneu_12m_pct,2,expanding_ar6,58,1.0372929896789689,0.6724137931034483,0.7354648422883165,0.8299820987341142
cpi_L7H9_12m_pct,uk_ipi_c26_noneu_12m_pct,3,expanding_ar6,56,1.0655276353217016,0.6785714285714286,0.8072754174913872,0.9160423600340364
cpi_L7H9_12m_pct,uk_ipi_c261_12m_pct,1,expanding_ar6,60,0.9936871651173584,0.6166666666666667,0.1269912948794235,0.7619477692765414
cpi_L7H9_12m_pct,uk_ipi_c261_12m_pct,2,expanding_ar6,58,0.9937015052170942,0.6896551724137931,0.1341021588260108,0.8046129529560647
cpi_L7H9_12m_pct,uk_ipi_c261_12m_pct,3,expanding_ar6,56,1.0144838316122686,0.7142857142857143,0.9160423600340364,0.9160423600340364
cpi_L7H9_12m_pct,uk_ipi_c261_noneu_12m_pct,1,expanding_ar6,60,0.9984755717650734,0.6166666666666667,0.2992145889356264,0.8386434792166557
cpi_L7H9_12m_pct,uk_ipi_c261_noneu_12m_pct,2,expanding_ar6,58,1.0054433845555169,0.6551724137931034,0.8299820987341142,0.8299820987341142
cpi_L7H9_12m_pct,uk_ipi_c261_noneu_12m_pct,3,expanding_ar6,56,1.0027944575901544,0.7142857142857143,0.6736048189741246,0.9160423600340364
cpi_L7H9_12m_pct,uk_ipi_c262_12m_pct,1,expanding_ar6,52,1.0708841338538326,0.5961538461538461,0.7244025625796361,0.8386434792166557
cpi_L7H9_12m_pct,uk_ipi_c262_12m_pct,2,expanding_ar6,51,1.0434010837962977,0.6470588235294118,0.5709413780910382,0.8299820987341142
cpi_L7H9_12m_pct,uk_ipi_c262_12m_pct,3,expanding_ar6,50,1.0749427329482413,0.68,0.81881770702878,0.9160423600340364
cpi_L7H9_12m_pct,uk_ipi_c262_noneu_12m_pct,1,expanding_ar6,52,1.044708441707518,0.5961538461538461,0.7619249252209523,0.8386434792166557
cpi_L7H9_12m_pct,uk_ipi_c262_noneu_12m_pct,2,expanding_ar6,51,1.0477919574178007,0.6666666666666666,0.7166800451061262,0.8299820987341142
cpi_L7H9_12m_pct,uk_ipi_c262_noneu_12m_pct,3,expanding_ar6,50,1.061169763043039,0.66,0.8102324271228334,0.9160423600340364
headline_12m_pct,uk_ipi_c26_12m_pct,1,rolling_60_ar2,64,1.0485504039199642,0.640625,0.8451177309364399,0.9063443577080396
headline_12m_pct,uk_ipi_c26_12m_pct,2,rolling_60_ar2,62,1.0505979729609425,0.6451612903225806,0.9652513188777884,0.9793061624000472
headline_12m_pct,uk_ipi_c26_12m_pct,3,rolling_60_ar2,60,1.031024698139231,0.6,0.3648221315281901,0.5314619410584048
headline_12m_pct,uk_ipi_c26_noneu_12m_pct,1,rolling_60_ar2,64,1.0278588765967474,0.609375,0.7621940374519491,0.9063443577080396
headline_12m_pct,uk_ipi_c26_noneu_12m_pct,2,rolling_60_ar2,62,1.0440244396318996,0.6451612903225806,0.9672769993876894,0.9793061624000472
headline_12m_pct,uk_ipi_c26_noneu_12m_pct,3,rolling_60_ar2,60,1.0326746675472285,0.6333333333333333,0.4428849508820041,0.5314619410584048
headline_12m_pct,uk_ipi_c261_12m_pct,1,rolling_60_ar2,64,0.9857436794700688,0.625,0.0260473721562764,0.1562842329376584
headline_12m_pct,uk_ipi_c261_12m_pct,2,rolling_60_ar2,62,0.9523873209639298,0.7258064516129032,0.0134497747540239,0.0806986485241436
headline_12m_pct,uk_ipi_c261_12m_pct,3,rolling_60_ar2,60,0.8921336284770353,0.7833333333333333,0.0048913215619267,0.0293479293715603
headline_12m_pct,uk_ipi_c261_noneu_12m_pct,1,rolling_60_ar2,64,1.0263762565764645,0.59375,0.4849365874511308,0.9063443577080396
headline_12m_pct,uk_ipi_c261_noneu_12m_pct,2,rolling_60_ar2,62,1.074101167472555,0.5806451612903226,0.8394528541474403,0.9793061624000472
headline_12m_pct,uk_ipi_c261_noneu_12m_pct,3,rolling_60_ar2,60,1.0663763554708852,0.5666666666666667,0.39701204883201,0.5314619410584048
headline_12m_pct,uk_ipi_c262_12m_pct,1,rolling_60_ar2,56,1.0500937680988576,0.6071428571428571,0.9063443577080396,0.9063443577080396
headline_12m_pct,uk_ipi_c262_12m_pct,2,rolling_60_ar2,55,1.0647414385119032,0.6727272727272727,0.9773686693363934,0.9793061624000472
headline_12m_pct,uk_ipi_c262_12m_pct,3,rolling_60_ar2,54,1.0639885684699344,0.6481481481481481,0.8449196216790086,0.8449196216790086
headline_12m_pct,uk_ipi_c262_noneu_12m_pct,1,rolling_60_ar2,56,1.0340059899428042,0.6071428571428571,0.6976011912708486,0.9063443577080396
headline_12m_pct,uk_ipi_c262_noneu_12m_pct,2,rolling_60_ar2,55,1.0791194243291435,0.6,0.9793061624000472,0.9793061624000472
headline_12m_pct,uk_ipi_c262_noneu_12m_pct,3,rolling_60_ar2,54,1.108570868786025,0.6111111111111112,0.3415085388875209,0.5314619410584048
ex_games_12m_pct,uk_ipi_c26_12m_pct,1,rolling_60_ar2,64,1.0190887887084226,0.65625,0.1335674721340837,0.2914336544284634
ex_games_12m_pct,uk_ipi_c26_12m_pct,2,rolling_60_ar2,62,1.0108490638924124,0.6935483870967742,0.1339088947374625,0.2008633421061938
ex_games_12m_pct,uk_ipi_c26_12m_pct,3,rolling_60_ar2,60,1.038361374366348,0.65,0.1228618272088085,0.1842927408132128
ex_games_12m_pct,uk_ipi_c26_noneu_12m_pct,1,rolling_60_ar2,64,1.015145356703807,0.625,0.2613293284056689,0.3135951940868027
ex_games_12m_pct,uk_ipi_c26_noneu_12m_pct,2,rolling_60_ar2,62,1.0251583245844946,0.7258064516129032,0.174820977427368,0.2097851729128416
ex_games_12m_pct,uk_ipi_c26_noneu_12m_pct,3,rolling_60_ar2,60,1.055460866356727,0.65,0.1949823048959881,0.2339787658751857
ex_games_12m_pct,uk_ipi_c261_12m_pct,1,rolling_60_ar2,64,1.0015685789188324,0.640625,0.049173098688036,0.2914336544284634
ex_games_12m_pct,uk_ipi_c261_12m_pct,2,rolling_60_ar2,62,0.9950109532048732,0.7258064516129032,0.0613725825684318,0.1841177477052955
ex_games_12m_pct,uk_ipi_c261_12m_pct,3,rolling_60_ar2,60,1.0008366592651072,0.7,0.0184765057048513,0.1108590342291082
ex_games_12m_pct,uk_ipi_c261_noneu_12m_pct,1,rolling_60_ar2,64,1.0558599410178977,0.546875,0.789652178861498,0.789652178861498
ex_games_12m_pct,uk_ipi_c261_noneu_12m_pct,2,rolling_60_ar2,62,1.059836198936044,0.5967741935483871,0.4897890208428816,0.4897890208428816
ex_games_12m_pct,uk_ipi_c261_noneu_12m_pct,3,rolling_60_ar2,60,1.034273829858482,0.6666666666666666,0.2803086808110892,0.2803086808110892
ex_games_12m_pct,uk_ipi_c262_12m_pct,1,rolling_60_ar2,56,1.0283433840283154,0.6428571428571429,0.1942891029523089,0.2914336544284634
ex_games_12m_pct,uk_ipi_c262_12m_pct,2,rolling_60_ar2,55,1.0158876886842314,0.6545454545454545,0.1137794954801697,0.2008633421061938
ex_games_12m_pct,uk_ipi_c262_12m_pct,3,rolling_60_ar2,54,1.033574467337688,0.6851851851851852,0.0669692313985401,0.1564324018804207
ex_games_12m_pct,uk_ipi_c262_noneu_12m_pct,1,rolling_60_ar2,56,1.0268985039807452,0.625,0.1591980389027115,0.2914336544284634
ex_games_12m_pct,uk_ipi_c262_noneu_12m_pct,2,rolling_60_ar2,55,1.0869921204140045,0.7272727272727273,0.0612624376039384,0.1841177477052955
ex_games_12m_pct,uk_ipi_c262_noneu_12m_pct,3,rolling_60_ar2,54,1.1411185365637744,0.6481481481481481,0.0782162009402103,0.1564324018804207
cpi_L7GG_12m_pct,uk_ipi_c26_12m_pct,1,rolling_60_ar2,64,0.9963808796147458,0.65625,0.1813282215749515,0.4317872928678429
cpi_L7GG_12m_pct,uk_ipi_c26_12m_pct,2,rolling_60_ar2,62,1.0232112482310691,0.5967741935483871,0.4204821914631584,0.8172362471659983
cpi_L7GG_12m_pct,uk_ipi_c26_12m_pct,3,rolling_60_ar2,60,1.0706952099745584,0.6333333333333333,0.5886553787950535,0.8829830681925802
cpi_L7GG_12m_pct,uk_ipi_c26_noneu_12m_pct,1,rolling_60_ar2,64,1.051188815512018,0.640625,0.9473304461067518,0.9691745509835474
cpi_L7GG_12m_pct,uk_ipi_c26_noneu_12m_pct,2,rolling_60_ar2,62,1.051351646316906,0.5967741935483871,0.8617857012185594,0.9550150632322844
cpi_L7GG_12m_pct,uk_ipi_c26_noneu_12m_pct,3,rolling_60_ar2,60,1.1047067722647557,0.6333333333333333,0.8939227198818082,0.936578385403856
cpi_L7GG_12m_pct,uk_ipi_c261_12m_pct,1,rolling_60_ar2,64,0.9901164895520754,0.59375,0.1277621748828149,0.4317872928678429
cpi_L7GG_12m_pct,uk_ipi_c261_12m_pct,2,rolling_60_ar2,62,0.9399621673698152,0.6935483870967742,0.0220610586208763,0.0661831758626291
cpi_L7GG_12m_pct,uk_ipi_c261_12m_pct,3,rolling_60_ar2,60,0.9230223224020406,0.6333333333333333,0.0136084864692239,0.0816509188153436
cpi_L7GG_12m_pct,uk_ipi_c261_noneu_12m_pct,1,rolling_60_ar2,64,0.9951113659218516,0.6875,0.2158936464339214,0.4317872928678429
cpi_L7GG_12m_pct,uk_ipi_c261_noneu_12m_pct,2,rolling_60_ar2,62,0.9449341717417546,0.6290322580645161,0.0052450230750733,0.0314701384504402
cpi_L7GG_12m_pct,uk_ipi_c261_noneu_12m_pct,3,rolling_60_ar2,60,0.9702011516649836,0.6666666666666666,0.0526308544136903,0.1578925632410711
cpi_L7GG_12m_pct,uk_ipi_c262_12m_pct,1,rolling_60_ar2,56,1.008648657955025,0.6428571428571429,0.4712055719371653,0.706808357905748
cpi_L7GG_12m_pct,uk_ipi_c262_12m_pct,2,rolling_60_ar2,55,1.050610240086732,0.6,0.5448241647773322,0.8172362471659983
cpi_L7GG_12m_pct,uk_ipi_c262_12m_pct,3,rolling_60_ar2,54,1.08117382710935,0.6296296296296297,0.5263582485344597,0.8829830681925802
cpi_L7GG_12m_pct,uk_ipi_c262_noneu_12m_pct,1,rolling_60_ar2,56,1.0821689365523273,0.625,0.9691745509835474,0.9691745509835474
cpi_L7GG_12m_pct,uk_ipi_c262_noneu_12m_pct,2,rolling_60_ar2,55,1.0965296040172845,0.5636363636363636,0.9550150632322844,0.9550150632322844
cpi_L7GG_12m_pct,uk_ipi_c262_noneu_12m_pct,3,rolling_60_ar2,54,1.1354208956968297,0.6111111111111112,0.936578385403856,0.936578385403856
cpi_L7GM_12m_pct,uk_ipi_c26_12m_pct,1,rolling_60_ar2,64,1.0440637415224687,0.5,0.6841842510183024,0.904997973509245
cpi_L7GM_12m_pct,uk_ipi_c26_12m_pct,2,rolling_60_ar2,62,1.0601696324932297,0.6290322580645161,0.9888455589792736,0.9888455589792736
cpi_L7GM_12m_pct,uk_ipi_c26_12m_pct,3,rolling_60_ar2,60,1.0930508475789982,0.55,0.9860965949542888,0.9860965949542888
cpi_L7GM_12m_pct,uk_ipi_c26_noneu_12m_pct,1,rolling_60_ar2,64,1.0531258689201213,0.5625,0.4912580246144102,0.904997973509245
cpi_L7GM_12m_pct,uk_ipi_c26_noneu_12m_pct,2,rolling_60_ar2,62,1.0712521753256368,0.5483870967741935,0.9752200699773976,0.9888455589792736
cpi_L7GM_12m_pct,uk_ipi_c26_noneu_12m_pct,3,rolling_60_ar2,60,1.0783295508413244,0.5833333333333334,0.9828063259216008,0.9860965949542888
cpi_L7GM_12m_pct,uk_ipi_c261_12m_pct,1,rolling_60_ar2,64,1.0361163260125628,0.515625,0.7541649779243709,0.904997973509245
cpi_L7GM_12m_pct,uk_ipi_c261_12m_pct,2,rolling_60_ar2,62,1.073330398112786,0.5483870967741935,0.9394636256582902,0.9888455589792736
cpi_L7GM_12m_pct,uk_ipi_c261_12m_pct,3,rolling_60_ar2,60,1.0918531509694542,0.5166666666666667,0.8220994594497282,0.9860965949542888
cpi_L7GM_12m_pct,uk_ipi_c261_noneu_12m_pct,1,rolling_60_ar2,64,1.0359197378516034,0.53125,0.9593105540428268,0.9593105540428268
cpi_L7GM_12m_pct,uk_ipi_c261_noneu_12m_pct,2,rolling_60_ar2,62,1.0403722234175885,0.6129032258064516,0.8107687607708682,0.9888455589792736
cpi_L7GM_12m_pct,uk_ipi_c261_noneu_12m_pct,3,rolling_60_ar2,60,0.9658943020730524,0.6,0.0295296678081628,0.177178006848977
cpi_L7GM_12m_pct,uk_ipi_c262_12m_pct,1,rolling_60_ar2,56,1.0553446947404397,0.5714285714285714,0.5584926983432945,0.904997973509245
cpi_L7GM_12m_pct,uk_ipi_c262_12m_pct,2,rolling_60_ar2,55,1.0584048211065773,0.6,0.984348370775073,0.9888455589792736
cpi_L7GM_12m_pct,uk_ipi_c262_12m_pct,3,rolling_60_ar2,54,1.065801796568695,0.5370370370370371,0.9026648230338804,0.9860965949542888
cpi_L7GM_12m_pct,uk_ipi_c262_noneu_12m_pct,1,rolling_60_ar2,56,1.0391013019163255,0.5178571428571429,0.5262838660943818,0.904997973509245
cpi_L7GM_12m_pct,uk_ipi_c262_noneu_12m_pct,2,rolling_60_ar2,55,1.0535922897898973,0.5818181818181818,0.9774910616499431,0.9888455589792736
cpi_L7GM_12m_pct,uk_ipi_c262_noneu_12m_pct,3,rolling_60_ar2,54,1.0572556823433417,0.5185185185185185,0.852220484709347,0.9860965949542888
cpi_L7GP_12m_pct,uk_ipi_c26_12m_pct,1,rolling_60_ar2,64,1.0130934632872408,0.59375,0.033515651947251,0.0964267127434582
cpi_L7GP_12m_pct,uk_ipi_c26_12m_pct,2,rolling_60_ar2,62,0.9912285440468738,0.5967741935483871,0.0234238345282648,0.0503104143708942
cpi_L7GP_12m_pct,uk_ipi_c26_12m_pct,3,rolling_60_ar2,60,1.0300688487899752,0.6833333333333333,0.0240548703763442,0.0721646111290327
cpi_L7GP_12m_pct,uk_ipi_c26_noneu_12m_pct,1,rolling_60_ar2,64,1.016096903906421,0.625,0.0803555939528819,0.0964267127434582
cpi_L7GP_12m_pct,uk_ipi_c26_noneu_12m_pct,2,rolling_60_ar2,62,1.020225480682206,0.5806451612903226,0.0528882395585983,0.063465887470318
cpi_L7GP_12m_pct,uk_ipi_c26_noneu_12m_pct,3,rolling_60_ar2,60,1.0711583165070138,0.65,0.0738178329190261,0.1107267493785392
cpi_L7GP_12m_pct,uk_ipi_c261_12m_pct,1,rolling_60_ar2,64,0.9295520411874284,0.609375,0.0029873073864853,0.0179238443189122
cpi_L7GP_12m_pct,uk_ipi_c261_12m_pct,2,rolling_60_ar2,62,0.9752450253343532,0.5483870967741935,0.0252086364661759,0.0503104143708942
cpi_L7GP_12m_pct,uk_ipi_c261_12m_pct,3,rolling_60_ar2,60,0.9913387593916188,0.5666666666666667,0.0954348519215296,0.1145218223058356
cpi_L7GP_12m_pct,uk_ipi_c261_noneu_12m_pct,1,rolling_60_ar2,64,1.0218914130748438,0.53125,0.8953817038174041,0.8953817038174041
cpi_L7GP_12m_pct,uk_ipi_c261_noneu_12m_pct,2,rolling_60_ar2,62,1.019247453167961,0.5645161290322581,0.6924998763458893,0.6924998763458893
cpi_L7GP_12m_pct,uk_ipi_c261_noneu_12m_pct,3,rolling_60_ar2,60,1.0205206219756715,0.6166666666666667,0.6808310161773281,0.6808310161773281
cpi_L7GP_12m_pct,uk_ipi_c262_12m_pct,1,rolling_60_ar2,56,1.0123535729191573,0.4821428571428571,0.0667206341395939,0.0964267127434582
cpi_L7GP_12m_pct,uk_ipi_c262_12m_pct,2,rolling_60_ar2,55,0.9978894670091052,0.509090909090909,0.0124487615930305,0.0503104143708942
cpi_L7GP_12m_pct,uk_ipi_c262_12m_pct,3,rolling_60_ar2,54,1.0574227091168196,0.5925925925925926,0.0213114300181995,0.0721646111290327
cpi_L7GP_12m_pct,uk_ipi_c262_noneu_12m_pct,1,rolling_60_ar2,56,1.0091621076138442,0.6071428571428571,0.0800977681202938,0.0964267127434582
cpi_L7GP_12m_pct,uk_ipi_c262_noneu_12m_pct,2,rolling_60_ar2,55,0.9948870841985724,0.5818181818181818,0.0335402762472628,0.0503104143708942
cpi_L7GP_12m_pct,uk_ipi_c262_noneu_12m_pct,3,rolling_60_ar2,54,1.0483997787166028,0.6481481481481481,0.054362042079154,0.1087240841583081
cpi_L7GQ_12m_pct,uk_ipi_c26_12m_pct,1,rolling_60_ar2,64,1.0459373026297871,0.515625,0.9990135574988416,0.9990135574988416
cpi_L7GQ_12m_pct,uk_ipi_c26_12m_pct,2,rolling_60_ar2,62,1.1045530658041138,0.5483870967741935,0.987702028140563,0.9949132607450388
cpi_L7GQ_12m_pct,uk_ipi_c26_12m_pct,3,rolling_60_ar2,60,1.1847619264634337,0.5666666666666667,0.9267951375707992,0.957783673237354
cpi_L7GQ_12m_pct,uk_ipi_c26_noneu_12m_pct,1,rolling_60_ar2,64,1.026601823381274,0.53125,0.9926692360553208,0.9990135574988416
cpi_L7GQ_12m_pct,uk_ipi_c26_noneu_12m_pct,2,rolling_60_ar2,62,1.072096572764312,0.5483870967741935,0.9911462020303672,0.9949132607450388
cpi_L7GQ_12m_pct,uk_ipi_c26_noneu_12m_pct,3,rolling_60_ar2,60,1.146848835693592,0.5333333333333333,0.9261528838161488,0.957783673237354
cpi_L7GQ_12m_pct,uk_ipi_c261_12m_pct,1,rolling_60_ar2,64,1.0048635372937216,0.515625,0.3895447999868525,0.9990135574988416
cpi_L7GQ_12m_pct,uk_ipi_c261_12m_pct,2,rolling_60_ar2,62,0.9756506493110406,0.532258064516129,0.0187504424486055,0.1125026546916335
cpi_L7GQ_12m_pct,uk_ipi_c261_12m_pct,3,rolling_60_ar2,60,0.9050027937389462,0.6,0.0002093762081413,0.0012562572488478
cpi_L7GQ_12m_pct,uk_ipi_c261_noneu_12m_pct,1,rolling_60_ar2,64,1.0026957102731182,0.609375,0.2436249935066661,0.9990135574988416
cpi_L7GQ_12m_pct,uk_ipi_c261_noneu_12m_pct,2,rolling_60_ar2,62,0.992730642286191,0.5967741935483871,0.2288877891988276,0.686663367596483
cpi_L7GQ_12m_pct,uk_ipi_c261_noneu_12m_pct,3,rolling_60_ar2,60,0.9474136168386248,0.5666666666666667,0.0136312504954508,0.0408937514863525
cpi_L7GQ_12m_pct,uk_ipi_c262_12m_pct,1,rolling_60_ar2,56,1.0668860207239592,0.5178571428571429,0.8798164086991329,0.9990135574988416
cpi_L7GQ_12m_pct,uk_ipi_c262_12m_pct,2,rolling_60_ar2,55,1.1150769458243224,0.5272727272727272,0.8786427906863433,0.9949132607450388
cpi_L7GQ_12m_pct,uk_ipi_c262_12m_pct,3,rolling_60_ar2,54,1.1936310869606048,0.5185185185185185,0.8635381980202107,0.957783673237354
cpi_L7GQ_12m_pct,uk_ipi_c262_noneu_12m_pct,1,rolling_60_ar2,56,1.047834670172779,0.5178571428571429,0.9854369583078216,0.9990135574988416
cpi_L7GQ_12m_pct,uk_ipi_c262_noneu_12m_pct,2,rolling_60_ar2,55,1.0985567459531098,0.509090909090909,0.9949132607450388,0.9949132607450388
cpi_L7GQ_12m_pct,uk_ipi_c262_noneu_12m_pct,3,rolling_60_ar2,54,1.1965047446632118,0.5,0.957783673237354,0.957783673237354
cpi_L7GR_12m_pct,uk_ipi_c26_12m_pct,1,rolling_60_ar2,64,1.03011769370775,0.65625,0.1132218428639344,0.1698327642959016
cpi_L7GR_12m_pct,uk_ipi_c26_12m_pct,2,rolling_60_ar2,62,1.0214537038121956,0.5806451612903226,0.0562161863537255,0.0843242795305883
cpi_L7GR_12m_pct,uk_ipi_c26_12m_pct,3,rolling_60_ar2,60,1.0682554468151515,0.5833333333333334,0.082385547216501,0.126357733911726
cpi_L7GR_12m_pct,uk_ipi_c26_noneu_12m_pct,1,rolling_60_ar2,64,1.0345882632722587,0.65625,0.0565718302183032,0.1352358081270166
cpi_L7GR_12m_pct,uk_ipi_c26_noneu_12m_pct,2,rolling_60_ar2,62,1.0182746004378491,0.6129032258064516,0.0397062996314473,0.0843242795305883
cpi_L7GR_12m_pct,uk_ipi_c26_noneu_12m_pct,3,rolling_60_ar2,60,1.0407772347569084,0.6166666666666667,0.0593167158270654,0.126357733911726
cpi_L7GR_12m_pct,uk_ipi_c261_12m_pct,1,rolling_60_ar2,64,1.0425838729819117,0.625,0.9686834809069323,0.9686834809069323
cpi_L7GR_12m_pct,uk_ipi_c261_12m_pct,2,rolling_60_ar2,62,1.0070609693831056,0.4677419354838709,0.2676892787472313,0.3075888443193905
cpi_L7GR_12m_pct,uk_ipi_c261_12m_pct,3,rolling_60_ar2,60,1.0091631238431988,0.5,0.3756312014585421,0.4507574417502505
cpi_L7GR_12m_pct,uk_ipi_c261_noneu_12m_pct,1,rolling_60_ar2,64,1.0151846416804158,0.609375,0.4796895593601208,0.575627471232145
cpi_L7GR_12m_pct,uk_ipi_c261_noneu_12m_pct,2,rolling_60_ar2,62,1.007750956235952,0.5161290322580645,0.3075888443193905,0.3075888443193905
cpi_L7GR_12m_pct,uk_ipi_c261_noneu_12m_pct,3,rolling_60_ar2,60,1.060363124446594,0.5,0.8882658584750543,0.8882658584750543
cpi_L7GR_12m_pct,uk_ipi_c262_12m_pct,1,rolling_60_ar2,56,1.0316621484244406,0.6428571428571429,0.0412530628865203,0.1352358081270166
cpi_L7GR_12m_pct,uk_ipi_c262_12m_pct,2,rolling_60_ar2,55,1.026494532240726,0.6545454545454545,0.0421915218058041,0.0843242795305883
cpi_L7GR_12m_pct,uk_ipi_c262_12m_pct,3,rolling_60_ar2,54,1.0560551056507448,0.5740740740740741,0.084238489274484,0.126357733911726
cpi_L7GR_12m_pct,uk_ipi_c262_noneu_12m_pct,1,rolling_60_ar2,56,1.046790684723039,0.6785714285714286,0.0676179040635083,0.1352358081270166
cpi_L7GR_12m_pct,uk_ipi_c262_noneu_12m_pct,2,rolling_60_ar2,55,1.0231544748212928,0.6181818181818182,0.0364005180484101,0.0843242795305883
cpi_L7GR_12m_pct,uk_ipi_c262_noneu_12m_pct,3,rolling_60_ar2,54,1.0648771991793595,0.6666666666666666,0.0648723152305083,0.126357733911726
cpi_D7EO_12m_pct,uk_ipi_c26_12m_pct,1,rolling_60_ar2,77,1.0225281199665786,0.5974025974025974,0.9104644846522246,0.9991930709258292
cpi_D7EO_12m_pct,uk_ipi_c26_12m_pct,2,rolling_60_ar2,75,1.0108393029493057,0.7066666666666667,0.2859384771812835,0.4289077157719252
cpi_D7EO_12m_pct,uk_ipi_c26_12m_pct,3,rolling_60_ar2,73,0.9912239767612704,0.6575342465753424,0.1151496808869161,0.2302993617738322
cpi_D7EO_12m_pct,uk_ipi_c26_noneu_12m_pct,1,rolling_60_ar2,77,1.0188699946938933,0.5584415584415584,0.8003484863751678,0.9991930709258292
cpi_D7EO_12m_pct,uk_ipi_c26_noneu_12m_pct,2,rolling_60_ar2,75,1.011209022102727,0.6666666666666666,0.1670776830784119,0.4289077157719252
cpi_D7EO_12m_pct,uk_ipi_c26_noneu_12m_pct,3,rolling_60_ar2,73,0.9899491044106292,0.6164383561643836,0.082254342620786,0.2302993617738322
cpi_D7EO_12m_pct,uk_ipi_c261_12m_pct,1,rolling_60_ar2,77,1.0153346930133518,0.5844155844155844,0.7657850970854297,0.9991930709258292
cpi_D7EO_12m_pct,uk_ipi_c261_12m_pct,2,rolling_60_ar2,75,1.022984133636189,0.6533333333333333,0.5576068820891562,0.6691282585069874
cpi_D7EO_12m_pct,uk_ipi_c261_12m_pct,3,rolling_60_ar2,73,1.0857207340545345,0.6027397260273972,0.8053896845873432,0.8053896845873432
cpi_D7EO_12m_pct,uk_ipi_c261_noneu_12m_pct,1,rolling_60_ar2,77,1.00975671598468,0.6103896103896104,0.4835535044930321,0.9991930709258292
cpi_D7EO_12m_pct,uk_ipi_c261_noneu_12m_pct,2,rolling_60_ar2,75,1.015890387286136,0.68,0.2487913188267242,0.4289077157719252
cpi_D7EO_12m_pct,uk_ipi_c261_noneu_12m_pct,3,rolling_60_ar2,73,1.0976735349468982,0.589041095890411,0.7333138480506002,0.8053896845873432
cpi_D7EO_12m_pct,uk_ipi_c262_12m_pct,1,rolling_60_ar2,69,1.0455826479907706,0.5942028985507246,0.9991930709258292,0.9991930709258292
cpi_D7EO_12m_pct,uk_ipi_c262_12m_pct,2,rolling_60_ar2,68,1.04969412365444,0.6617647058823529,0.79740011020916,0.79740011020916
cpi_D7EO_12m_pct,uk_ipi_c262_12m_pct,3,rolling_60_ar2,67,1.0138502744080906,0.6567164179104478,0.3627253926266204,0.5440880889399307
cpi_D7EO_12m_pct,uk_ipi_c262_noneu_12m_pct,1,rolling_60_ar2,69,1.0289789413647104,0.5652173913043478,0.9317154006444952,0.9991930709258292
cpi_D7EO_12m_pct,uk_ipi_c262_noneu_12m_pct,2,rolling_60_ar2,68,0.9999157989246344,0.6470588235294118,0.1017312759238209,0.4289077157719252
cpi_D7EO_12m_pct,uk_ipi_c262_noneu_12m_pct,3,rolling_60_ar2,67,0.9653410340635766,0.6417910447761194,0.0160715838206664,0.0964295029239988
cpi_L7GT_12m_pct,uk_ipi_c26_12m_pct,1,rolling_60_ar2,64,1.016025739755406,0.484375,0.6974038856127047,0.8368846627352456
cpi_L7GT_12m_pct,uk_ipi_c26_12m_pct,2,rolling_60_ar2,62,1.0492386053631904,0.532258064516129,0.9766869630640737,0.9766869630640737
cpi_L7GT_12m_pct,uk_ipi_c26_12m_pct,3,rolling_60_ar2,60,1.037962139607322,0.4666666666666667,0.7186668371170535,0.9139133061389446
cpi_L7GT_12m_pct,uk_ipi_c26_noneu_12m_pct,1,rolling_60_ar2,64,1.0339194765521305,0.5,0.5697013310422389,0.8368846627352456
cpi_L7GT_12m_pct,uk_ipi_c26_noneu_12m_pct,2,rolling_60_ar2,62,1.107919782535868,0.5483870967741935,0.8751689897498577,0.9766869630640737
cpi_L7GT_12m_pct,uk_ipi_c26_noneu_12m_pct,3,rolling_60_ar2,60,1.1268254095798598,0.5,0.9139133061389446,0.9139133061389446
cpi_L7GT_12m_pct,uk_ipi_c261_12m_pct,1,rolling_60_ar2,64,1.0109769330930884,0.640625,0.0969295328982566,0.5815771973895398
cpi_L7GT_12m_pct,uk_ipi_c261_12m_pct,2,rolling_60_ar2,62,1.004991896649521,0.6290322580645161,0.0026760474554786,0.0160562847328716
cpi_L7GT_12m_pct,uk_ipi_c261_12m_pct,3,rolling_60_ar2,60,0.9630325989042966,0.6166666666666667,0.0038055339423808,0.0228332036542848
cpi_L7GT_12m_pct,uk_ipi_c261_noneu_12m_pct,1,rolling_60_ar2,64,1.0284990125864262,0.5625,0.9501914418963268,0.9501914418963268
cpi_L7GT_12m_pct,uk_ipi_c261_noneu_12m_pct,2,rolling_60_ar2,62,1.0033138961259618,0.5806451612903226,0.1844368023882578,0.5533104071647736
cpi_L7GT_12m_pct,uk_ipi_c261_noneu_12m_pct,3,rolling_60_ar2,60,1.0044358630197816,0.5,0.2193506172001039,0.6580518516003119
cpi_L7GT_12m_pct,uk_ipi_c262_12m_pct,1,rolling_60_ar2,56,1.0169763774187697,0.5178571428571429,0.3374602451182379,0.8368846627352456
cpi_L7GT_12m_pct,uk_ipi_c262_12m_pct,2,rolling_60_ar2,55,1.0642331445625886,0.509090909090909,0.7259147374160939,0.9766869630640737
cpi_L7GT_12m_pct,uk_ipi_c262_12m_pct,3,rolling_60_ar2,54,1.089156724528071,0.4444444444444444,0.8688359678592001,0.9139133061389446
cpi_L7GT_12m_pct,uk_ipi_c262_noneu_12m_pct,1,rolling_60_ar2,56,1.0468109572262267,0.5,0.528297205731332,0.8368846627352456
cpi_L7GT_12m_pct,uk_ipi_c262_noneu_12m_pct,2,rolling_60_ar2,55,1.0595486630104192,0.4909090909090909,0.950851812926156,0.9766869630640737
cpi_L7GT_12m_pct,uk_ipi_c262_noneu_12m_pct,3,rolling_60_ar2,54,1.0308966218101785,0.4074074074074074,0.6527582974912739,0.9139133061389446
cpi_L7GU_12m_pct,uk_ipi_c26_12m_pct,1,rolling_60_ar2,64,1.0412693620215845,0.625,0.1320326540212519,0.1584391848255023
cpi_L7GU_12m_pct,uk_ipi_c26_12m_pct,2,rolling_60_ar2,62,1.0504899264274197,0.5967741935483871,0.2188542612559363,0.2626251135071236
cpi_L7GU_12m_pct,uk_ipi_c26_12m_pct,3,rolling_60_ar2,60,1.067580984670066,0.6666666666666666,0.2966375752841828,0.3559650903410193
cpi_L7GU_12m_pct,uk_ipi_c26_noneu_12m_pct,1,rolling_60_ar2,64,1.0199155640569904,0.59375,0.092237039133115,0.1551550075053734
cpi_L7GU_12m_pct,uk_ipi_c26_noneu_12m_pct,2,rolling_60_ar2,62,1.0554137513487507,0.6129032258064516,0.0640140031158066,0.1049634616806678
cpi_L7GU_12m_pct,uk_ipi_c26_noneu_12m_pct,3,rolling_60_ar2,60,1.0295408354953195,0.6833333333333333,0.0843254501934658,0.1482170751859822
cpi_L7GU_12m_pct,uk_ipi_c261_12m_pct,1,rolling_60_ar2,64,1.0511327120787282,0.53125,0.6118311217045945,0.6118311217045945
cpi_L7GU_12m_pct,uk_ipi_c261_12m_pct,2,rolling_60_ar2,62,1.0872500405945569,0.6129032258064516,0.5481225951477237,0.5481225951477237
cpi_L7GU_12m_pct,uk_ipi_c261_12m_pct,3,rolling_60_ar2,60,1.1237576307471788,0.5833333333333334,0.7547269795707371,0.7547269795707371
cpi_L7GU_12m_pct,uk_ipi_c261_noneu_12m_pct,1,rolling_60_ar2,64,0.987172529874268,0.609375,0.0331326168053719,0.1360848435572345
cpi_L7GU_12m_pct,uk_ipi_c261_noneu_12m_pct,2,rolling_60_ar2,62,0.9707215963447546,0.6129032258064516,0.0489871892600405,0.1049634616806678
cpi_L7GU_12m_pct,uk_ipi_c261_noneu_12m_pct,3,rolling_60_ar2,60,0.9399494684849812,0.6166666666666667,0.0421789830005967,0.1482170751859822
cpi_L7GU_12m_pct,uk_ipi_c262_12m_pct,1,rolling_60_ar2,56,1.0414776068704292,0.6071428571428571,0.0453616145190781,0.1360848435572345
cpi_L7GU_12m_pct,uk_ipi_c262_12m_pct,2,rolling_60_ar2,55,1.0386175949000844,0.5454545454545454,0.0288537672010292,0.1049634616806678
cpi_L7GU_12m_pct,uk_ipi_c262_12m_pct,3,rolling_60_ar2,54,1.0394632976195857,0.5925925925925926,0.0960811486901564,0.1482170751859822
cpi_L7GU_12m_pct,uk_ipi_c262_noneu_12m_pct,1,rolling_60_ar2,56,1.038857622606676,0.5892857142857143,0.1034366716702489,0.1551550075053734
cpi_L7GU_12m_pct,uk_ipi_c262_noneu_12m_pct,2,rolling_60_ar2,55,1.175572750024373,0.5818181818181818,0.0699756411204452,0.1049634616806678
cpi_L7GU_12m_pct,uk_ipi_c262_noneu_12m_pct,3,rolling_60_ar2,54,1.1323105798347484,0.6111111111111112,0.0988113834573214,0.1482170751859822
cpi_L7GY_12m_pct,uk_ipi_c26_12m_pct,1,rolling_60_ar2,64,1.0181890073868909,0.484375,0.5113110690859781,0.8436185174423998
cpi_L7GY_12m_pct,uk_ipi_c26_12m_pct,2,rolling_60_ar2,62,1.044695554519262,0.3064516129032258,0.8280003054346906,0.9840066661478316
cpi_L7GY_12m_pct,uk_ipi_c26_12m_pct,3,rolling_60_ar2,60,1.0233171536625971,0.4333333333333333,0.4983459737518797,0.972901094885526
cpi_L7GY_12m_pct,uk_ipi_c26_noneu_12m_pct,1,rolling_60_ar2,64,1.0348715412444438,0.5,0.8261402887294579,0.8436185174423998
cpi_L7GY_12m_pct,uk_ipi_c26_noneu_12m_pct,2,rolling_60_ar2,62,1.0885602456045904,0.3709677419354839,0.8912489498109817,0.9840066661478316
cpi_L7GY_12m_pct,uk_ipi_c26_noneu_12m_pct,3,rolling_60_ar2,60,1.0663120771400962,0.5,0.9025782736482298,0.972901094885526
cpi_L7GY_12m_pct,uk_ipi_c261_12m_pct,1,rolling_60_ar2,64,0.9492760393572198,0.53125,0.00063050905401,0.0037830543240604
cpi_L7GY_12m_pct,uk_ipi_c261_12m_pct,2,rolling_60_ar2,62,0.9274543515088352,0.3709677419354839,0.0013054958535185,0.0078329751211111
cpi_L7GY_12m_pct,uk_ipi_c261_12m_pct,3,rolling_60_ar2,60,0.9059259588401986,0.5166666666666667,0.0093738408334602,0.0562430450007612
cpi_L7GY_12m_pct,uk_ipi_c261_noneu_12m_pct,1,rolling_60_ar2,64,0.9686639071813548,0.453125,0.0915488227385919,0.2746464682157757
cpi_L7GY_12m_pct,uk_ipi_c261_noneu_12m_pct,2,rolling_60_ar2,62,0.9563568813746997,0.3387096774193548,0.1334941098692899,0.4004823296078698
cpi_L7GY_12m_pct,uk_ipi_c261_noneu_12m_pct,3,rolling_60_ar2,60,0.9802053587103968,0.35,0.184078509558441,0.5522355286753232
cpi_L7GY_12m_pct,uk_ipi_c262_12m_pct,1,rolling_60_ar2,56,1.0446179416217738,0.4285714285714285,0.7702877761104672,0.8436185174423998
cpi_L7GY_12m_pct,uk_ipi_c262_12m_pct,2,rolling_60_ar2,55,1.1688180971491575,0.3636363636363636,0.9840066661478316,0.9840066661478316
cpi_L7GY_12m_pct,uk_ipi_c262_12m_pct,3,rolling_60_ar2,54,1.1756024503892717,0.5185185185185185,0.972901094885526,0.972901094885526
cpi_L7GY_12m_pct,uk_ipi_c262_noneu_12m_pct,1,rolling_60_ar2,56,1.0805620584461346,0.5178571428571429,0.8436185174423998,0.8436185174423998
cpi_L7GY_12m_pct,uk_ipi_c262_noneu_12m_pct,2,rolling_60_ar2,55,1.2065680950820896,0.4,0.8955267340839717,0.9840066661478316
cpi_L7GY_12m_pct,uk_ipi_c262_noneu_12m_pct,3,rolling_60_ar2,54,1.1496418291961927,0.5555555555555556,0.8544498868722779,0.972901094885526
cpi_L7H9_12m_pct,uk_ipi_c26_12m_pct,1,rolling_60_ar2,64,1.0217190549765878,0.59375,0.7584935625571744,0.9634193857454324
cpi_L7H9_12m_pct,uk_ipi_c26_12m_pct,2,rolling_60_ar2,62,1.0057926913467423,0.6290322580645161,0.1256453314456754,0.3769359943370264
cpi_L7H9_12m_pct,uk_ipi_c26_12m_pct,3,rolling_60_ar2,60,1.0043628774782556,0.6666666666666666,0.1822585986897579,0.546775796069274
cpi_L7H9_12m_pct,uk_ipi_c26_noneu_12m_pct,1,rolling_60_ar2,64,1.0619104263382209,0.578125,0.9331763806546802,0.9634193857454324
cpi_L7H9_12m_pct,uk_ipi_c26_noneu_12m_pct,2,rolling_60_ar2,62,1.057046827071045,0.6290322580645161,0.9473379344494254,0.9821504860203684
cpi_L7H9_12m_pct,uk_ipi_c26_noneu_12m_pct,3,rolling_60_ar2,60,1.1206985607497364,0.7166666666666667,0.9403759624925344,0.9403759624925344
cpi_L7H9_12m_pct,uk_ipi_c261_12m_pct,1,rolling_60_ar2,64,0.9675027160556798,0.671875,0.0052266402505534,0.0313598415033207
cpi_L7H9_12m_pct,uk_ipi_c261_12m_pct,2,rolling_60_ar2,62,0.9748850214432286,0.6451612903225806,0.0028513295742899,0.0171079774457394
cpi_L7H9_12m_pct,uk_ipi_c261_12m_pct,3,rolling_60_ar2,60,0.9478644317344056,0.6666666666666666,0.0028698129829841,0.0172188778979051
cpi_L7H9_12m_pct,uk_ipi_c261_noneu_12m_pct,1,rolling_60_ar2,64,1.034354031841328,0.625,0.7866818253289485,0.9634193857454324
cpi_L7H9_12m_pct,uk_ipi_c261_noneu_12m_pct,2,rolling_60_ar2,62,1.0877330232619795,0.6451612903225806,0.934734230483602,0.9821504860203684
cpi_L7H9_12m_pct,uk_ipi_c261_noneu_12m_pct,3,rolling_60_ar2,60,1.1203952586858004,0.7166666666666667,0.8121934411824261,0.9403759624925344
cpi_L7H9_12m_pct,uk_ipi_c262_12m_pct,1,rolling_60_ar2,56,1.0682166848035846,0.5892857142857143,0.8471282725680126,0.9634193857454324
cpi_L7H9_12m_pct,uk_ipi_c262_12m_pct,2,rolling_60_ar2,55,1.0216323585016194,0.6727272727272727,0.3302824498457287,0.6605648996914574
cpi_L7H9_12m_pct,uk_ipi_c262_12m_pct,3,rolling_60_ar2,54,1.0847270211092053,0.7407407407407407,0.8828967122351324,0.9403759624925344
cpi_L7H9_12m_pct,uk_ipi_c262_noneu_12m_pct,1,rolling_60_ar2,56,1.0737546550258477,0.5714285714285714,0.9634193857454324,0.9634193857454324
cpi_L7H9_12m_pct,uk_ipi_c262_noneu_12m_pct,2,rolling_60_ar2,55,1.074903039733509,0.6181818181818182,0.9821504860203684,0.9821504860203684
cpi_L7H9_12m_pct,uk_ipi_c262_noneu_12m_pct,3,rolling_60_ar2,54,1.1938905050411897,0.7037037037037037,0.92743634145207,0.9403759624925344
