date,year,component_id,component_label,country,value,net_mass
2015-01-01,2015,D7EO,Photographic and optical equipment,China,7940954.0,360440.0
2015-01-01,2015,D7EO,Photographic and optical equipment,Hong Kong,3198177.0,93968.0
2015-01-01,2015,D7EO,Photographic and optical equipment,Japan,2300399.0,9777.0
2015-01-01,2015,D7EO,Photographic and optical equipment,South Korea,1129930.0,12421.0
2015-01-01,2015,D7EO,Photographic and optical equipment,Taiwan,1281904.0,23477.0
2015-02-01,2015,D7EO,Photographic and optical equipment,China,9878673.0,476691.0
2015-02-01,2015,D7EO,Photographic and optical equipment,Hong Kong,3348222.0,79855.0
2015-02-01,2015,D7EO,Photographic and optical equipment,Japan,2055313.0,18114.0
2015-02-01,2015,D7EO,Photographic and optical equipment,South Korea,1105865.0,13715.0
2015-02-01,2015,D7EO,Photographic and optical equipment,Taiwan,1152095.0,18594.0
2015-03-01,2015,D7EO,Photographic and optical equipment,China,8817833.0,461836.0
2015-03-01,2015,D7EO,Photographic and optical equipment,Hong Kong,3574378.0,93273.0
2015-03-01,2015,D7EO,Photographic and optical equipment,Japan,1860382.0,8934.0
2015-03-01,2015,D7EO,Photographic and optical equipment,South Korea,1614269.0,24696.0
2015-03-01,2015,D7EO,Photographic and optical equipment,Taiwan,1184394.0,18403.0
2015-04-01,2015,D7EO,Photographic and optical equipment,China,9540942.0,361823.0
2015-04-01,2015,D7EO,Photographic and optical equipment,Hong Kong,4464192.0,111097.0
2015-04-01,2015,D7EO,Photographic and optical equipment,Japan,2207427.0,23497.0
2015-04-01,2015,D7EO,Photographic and optical equipment,South Korea,1491763.0,23606.0
2015-04-01,2015,D7EO,Photographic and optical equipment,Taiwan,992956.0,13162.0
2015-05-01,2015,D7EO,Photographic and optical equipment,China,10310819.0,442537.0
2015-05-01,2015,D7EO,Photographic and optical equipment,Hong Kong,3578104.0,99084.0
2015-05-01,2015,D7EO,Photographic and optical equipment,Japan,1723256.0,13550.0
2015-05-01,2015,D7EO,Photographic and optical equipment,South Korea,1161187.0,35311.0
2015-05-01,2015,D7EO,Photographic and optical equipment,Taiwan,951469.0,21533.0
2015-06-01,2015,D7EO,Photographic and optical equipment,China,12166673.0,380574.0
2015-06-01,2015,D7EO,Photographic and optical equipment,Hong Kong,4258265.0,121437.0
2015-06-01,2015,D7EO,Photographic and optical equipment,Japan,2248995.0,13446.0
2015-06-01,2015,D7EO,Photographic and optical equipment,South Korea,1256560.0,22605.0
2015-06-01,2015,D7EO,Photographic and optical equipment,Taiwan,1543080.0,25860.0
2015-07-01,2015,D7EO,Photographic and optical equipment,China,12509427.0,499493.0
2015-07-01,2015,D7EO,Photographic and optical equipment,Hong Kong,3531928.0,92355.0
2015-07-01,2015,D7EO,Photographic and optical equipment,Japan,2260391.0,16254.0
2015-07-01,2015,D7EO,Photographic and optical equipment,South Korea,1218693.0,22301.0
2015-07-01,2015,D7EO,Photographic and optical equipment,Taiwan,2110211.0,21974.0
2015-08-01,2015,D7EO,Photographic and optical equipment,China,10840781.0,436902.0
2015-08-01,2015,D7EO,Photographic and optical equipment,Hong Kong,4062976.0,122565.0
2015-08-01,2015,D7EO,Photographic and optical equipment,Japan,1780689.0,12275.0
2015-08-01,2015,D7EO,Photographic and optical equipment,South Korea,828786.0,12772.0
2015-08-01,2015,D7EO,Photographic and optical equipment,Taiwan,2552580.0,26954.0
2015-09-01,2015,D7EO,Photographic and optical equipment,China,14215801.0,590566.0
2015-09-01,2015,D7EO,Photographic and optical equipment,Hong Kong,3962533.0,102626.0
2015-09-01,2015,D7EO,Photographic and optical equipment,Japan,2571837.0,18066.0
2015-09-01,2015,D7EO,Photographic and optical equipment,South Korea,1228688.0,18372.0
2015-09-01,2015,D7EO,Photographic and optical equipment,Taiwan,2076686.0,20218.0
2015-10-01,2015,D7EO,Photographic and optical equipment,China,17261973.0,619610.0
2015-10-01,2015,D7EO,Photographic and optical equipment,Hong Kong,5352735.0,132607.0
2015-10-01,2015,D7EO,Photographic and optical equipment,Japan,3616666.0,26626.0
2015-10-01,2015,D7EO,Photographic and optical equipment,South Korea,1419074.0,21938.0
2015-10-01,2015,D7EO,Photographic and optical equipment,Taiwan,2169258.0,31036.0
2015-11-01,2015,D7EO,Photographic and optical equipment,China,16710654.0,525780.0
2015-11-01,2015,D7EO,Photographic and optical equipment,Hong Kong,5184561.0,118349.0
2015-11-01,2015,D7EO,Photographic and optical equipment,Japan,3626731.0,19226.0
2015-11-01,2015,D7EO,Photographic and optical equipment,South Korea,1279234.0,18630.0
2015-11-01,2015,D7EO,Photographic and optical equipment,Taiwan,2720018.0,23327.0
2015-12-01,2015,D7EO,Photographic and optical equipment,China,10995166.0,495835.0
2015-12-01,2015,D7EO,Photographic and optical equipment,Hong Kong,4869400.0,133308.0
2015-12-01,2015,D7EO,Photographic and optical equipment,Japan,3479344.0,23858.0
2015-12-01,2015,D7EO,Photographic and optical equipment,South Korea,1298835.0,16079.0
2015-12-01,2015,D7EO,Photographic and optical equipment,Taiwan,1679505.0,23572.0
2016-01-01,2016,D7EO,Photographic and optical equipment,China,14463727.0,657129.0
2016-01-01,2016,D7EO,Photographic and optical equipment,Hong Kong,4700748.0,137940.0
2016-01-01,2016,D7EO,Photographic and optical equipment,Japan,1942746.0,11120.0
2016-01-01,2016,D7EO,Photographic and optical equipment,South Korea,1745274.0,25651.0
2016-01-01,2016,D7EO,Photographic and optical equipment,Taiwan,1224627.0,20950.0
2016-02-01,2016,D7EO,Photographic and optical equipment,China,8820812.0,461914.0
2016-02-01,2016,D7EO,Photographic and optical equipment,Hong Kong,3409414.0,89147.0
2016-02-01,2016,D7EO,Photographic and optical equipment,Japan,2889625.0,11039.0
2016-02-01,2016,D7EO,Photographic and optical equipment,South Korea,1329112.0,16274.0
2016-02-01,2016,D7EO,Photographic and optical equipment,Taiwan,822572.0,13989.0
2016-03-01,2016,D7EO,Photographic and optical equipment,China,9971548.0,404355.0
2016-03-01,2016,D7EO,Photographic and optical equipment,Hong Kong,3457538.0,82238.0
2016-03-01,2016,D7EO,Photographic and optical equipment,Japan,1868950.0,19435.0
2016-03-01,2016,D7EO,Photographic and optical equipment,South Korea,1802877.0,21218.0
2016-03-01,2016,D7EO,Photographic and optical equipment,Taiwan,961097.0,10168.0
2016-04-01,2016,D7EO,Photographic and optical equipment,China,11313283.0,383135.0
2016-04-01,2016,D7EO,Photographic and optical equipment,Hong Kong,4000769.0,95224.0
2016-04-01,2016,D7EO,Photographic and optical equipment,Japan,2069997.0,9973.0
2016-04-01,2016,D7EO,Photographic and optical equipment,South Korea,1794149.0,17862.0
2016-04-01,2016,D7EO,Photographic and optical equipment,Taiwan,1299582.0,17874.0
2016-05-01,2016,D7EO,Photographic and optical equipment,China,11423350.0,508208.0
2016-05-01,2016,D7EO,Photographic and optical equipment,Hong Kong,4346491.0,124985.0
2016-05-01,2016,D7EO,Photographic and optical equipment,Japan,1842224.0,11120.0
2016-05-01,2016,D7EO,Photographic and optical equipment,South Korea,1095057.0,19586.0
2016-05-01,2016,D7EO,Photographic and optical equipment,Taiwan,1171304.0,11588.0
2016-06-01,2016,D7EO,Photographic and optical equipment,China,11830970.0,539504.0
2016-06-01,2016,D7EO,Photographic and optical equipment,Hong Kong,3179801.0,106666.0
2016-06-01,2016,D7EO,Photographic and optical equipment,Japan,1499957.0,8443.0
2016-06-01,2016,D7EO,Photographic and optical equipment,South Korea,1723568.0,25174.0
2016-06-01,2016,D7EO,Photographic and optical equipment,Taiwan,1191811.0,14185.0
2016-07-01,2016,D7EO,Photographic and optical equipment,China,11028636.0,455408.0
2016-07-01,2016,D7EO,Photographic and optical equipment,Hong Kong,4492965.0,131435.0
2016-07-01,2016,D7EO,Photographic and optical equipment,Japan,1856701.0,10929.0
2016-07-01,2016,D7EO,Photographic and optical equipment,South Korea,1049024.0,17224.0
2016-07-01,2016,D7EO,Photographic and optical equipment,Taiwan,1151118.0,15999.0
2016-08-01,2016,D7EO,Photographic and optical equipment,China,13230838.0,561944.0
2016-08-01,2016,D7EO,Photographic and optical equipment,Hong Kong,3815494.0,106782.0
2016-08-01,2016,D7EO,Photographic and optical equipment,Japan,2069427.0,14846.0
2016-08-01,2016,D7EO,Photographic and optical equipment,South Korea,1601836.0,16270.0
2016-08-01,2016,D7EO,Photographic and optical equipment,Taiwan,1005701.0,10070.0
2016-09-01,2016,D7EO,Photographic and optical equipment,China,15767095.0,628309.0
2016-09-01,2016,D7EO,Photographic and optical equipment,Hong Kong,4794423.0,122184.0
2016-09-01,2016,D7EO,Photographic and optical equipment,Japan,2237467.0,8742.0
2016-09-01,2016,D7EO,Photographic and optical equipment,South Korea,1313808.0,14098.0
2016-09-01,2016,D7EO,Photographic and optical equipment,Taiwan,1794114.0,19074.0
2016-10-01,2016,D7EO,Photographic and optical equipment,China,17890994.0,641847.0
2016-10-01,2016,D7EO,Photographic and optical equipment,Hong Kong,5018819.0,138693.0
2016-10-01,2016,D7EO,Photographic and optical equipment,Japan,2404487.0,13649.0
2016-10-01,2016,D7EO,Photographic and optical equipment,South Korea,1726046.0,18577.0
2016-10-01,2016,D7EO,Photographic and optical equipment,Taiwan,1589633.0,18067.0
2016-11-01,2016,D7EO,Photographic and optical equipment,China,18572595.0,617097.0
2016-11-01,2016,D7EO,Photographic and optical equipment,Hong Kong,6819869.0,154438.0
2016-11-01,2016,D7EO,Photographic and optical equipment,Japan,3621618.0,18686.0
2016-11-01,2016,D7EO,Photographic and optical equipment,South Korea,1906143.0,18975.0
2016-11-01,2016,D7EO,Photographic and optical equipment,Taiwan,1695478.0,17653.0
2016-12-01,2016,D7EO,Photographic and optical equipment,China,15957995.0,586842.0
2016-12-01,2016,D7EO,Photographic and optical equipment,Hong Kong,9629108.0,167746.0
2016-12-01,2016,D7EO,Photographic and optical equipment,Japan,3872496.0,23959.0
2016-12-01,2016,D7EO,Photographic and optical equipment,South Korea,1820078.0,23913.0
2016-12-01,2016,D7EO,Photographic and optical equipment,Taiwan,1442861.0,34827.0
2017-01-01,2017,D7EO,Photographic and optical equipment,China,17606370.0,645416.0
2017-01-01,2017,D7EO,Photographic and optical equipment,Hong Kong,3477467.0,92436.0
2017-01-01,2017,D7EO,Photographic and optical equipment,Japan,2490533.0,18732.0
2017-01-01,2017,D7EO,Photographic and optical equipment,South Korea,2024779.0,27006.0
2017-01-01,2017,D7EO,Photographic and optical equipment,Taiwan,1441743.0,16534.0
2017-02-01,2017,D7EO,Photographic and optical equipment,China,13857141.0,437275.0
2017-02-01,2017,D7EO,Photographic and optical equipment,Hong Kong,2995718.0,92149.0
2017-02-01,2017,D7EO,Photographic and optical equipment,Japan,1951425.0,11045.0
2017-02-01,2017,D7EO,Photographic and optical equipment,South Korea,1589967.0,17230.0
2017-02-01,2017,D7EO,Photographic and optical equipment,Taiwan,991727.0,12392.0
2017-03-01,2017,D7EO,Photographic and optical equipment,China,16217825.0,476381.0
2017-03-01,2017,D7EO,Photographic and optical equipment,Hong Kong,4308184.0,82592.0
2017-03-01,2017,D7EO,Photographic and optical equipment,Japan,2142841.0,11371.0
2017-03-01,2017,D7EO,Photographic and optical equipment,South Korea,1221092.0,16490.0
2017-03-01,2017,D7EO,Photographic and optical equipment,Taiwan,1122990.0,21880.0
2017-04-01,2017,D7EO,Photographic and optical equipment,China,13628679.0,432076.0
2017-04-01,2017,D7EO,Photographic and optical equipment,Hong Kong,4413191.0,96457.0
2017-04-01,2017,D7EO,Photographic and optical equipment,Japan,2340380.0,14506.0
2017-04-01,2017,D7EO,Photographic and optical equipment,South Korea,1211401.0,12142.0
2017-04-01,2017,D7EO,Photographic and optical equipment,Taiwan,1180501.0,9900.0
2017-05-01,2017,D7EO,Photographic and optical equipment,China,16722040.0,613603.0
2017-05-01,2017,D7EO,Photographic and optical equipment,Hong Kong,5400397.0,142962.0
2017-05-01,2017,D7EO,Photographic and optical equipment,Japan,2585824.0,9830.0
2017-05-01,2017,D7EO,Photographic and optical equipment,South Korea,1505830.0,19391.0
2017-05-01,2017,D7EO,Photographic and optical equipment,Taiwan,2021864.0,42700.0
2017-06-01,2017,D7EO,Photographic and optical equipment,China,15636618.0,520149.0
2017-06-01,2017,D7EO,Photographic and optical equipment,Hong Kong,5911061.0,124066.0
2017-06-01,2017,D7EO,Photographic and optical equipment,Japan,2742719.0,14848.0
2017-06-01,2017,D7EO,Photographic and optical equipment,South Korea,1303461.0,15099.0
2017-06-01,2017,D7EO,Photographic and optical equipment,Taiwan,1510660.0,13609.0
2017-07-01,2017,D7EO,Photographic and optical equipment,China,18662692.0,494603.0
2017-07-01,2017,D7EO,Photographic and optical equipment,Hong Kong,4777913.0,105085.0
2017-07-01,2017,D7EO,Photographic and optical equipment,Japan,2048434.0,9394.0
2017-07-01,2017,D7EO,Photographic and optical equipment,South Korea,915015.0,13435.0
2017-07-01,2017,D7EO,Photographic and optical equipment,Taiwan,2310296.0,15851.0
2017-08-01,2017,D7EO,Photographic and optical equipment,China,18322313.0,608382.0
2017-08-01,2017,D7EO,Photographic and optical equipment,Hong Kong,6178223.0,128171.0
2017-08-01,2017,D7EO,Photographic and optical equipment,Japan,1798607.0,11236.0
2017-08-01,2017,D7EO,Photographic and optical equipment,South Korea,1444147.0,17720.0
2017-08-01,2017,D7EO,Photographic and optical equipment,Taiwan,1362091.0,15665.0
2017-09-01,2017,D7EO,Photographic and optical equipment,China,15380983.0,664637.0
2017-09-01,2017,D7EO,Photographic and optical equipment,Hong Kong,10520947.0,208432.0
2017-09-01,2017,D7EO,Photographic and optical equipment,Japan,2957750.0,14839.0
2017-09-01,2017,D7EO,Photographic and optical equipment,South Korea,1321303.0,16002.0
2017-09-01,2017,D7EO,Photographic and optical equipment,Taiwan,1353804.0,14555.0
2017-10-01,2017,D7EO,Photographic and optical equipment,China,18847155.0,748508.0
2017-10-01,2017,D7EO,Photographic and optical equipment,Hong Kong,6067328.0,173226.0
2017-10-01,2017,D7EO,Photographic and optical equipment,Japan,2495969.0,9937.0
2017-10-01,2017,D7EO,Photographic and optical equipment,South Korea,1763378.0,26042.0
2017-10-01,2017,D7EO,Photographic and optical equipment,Taiwan,2398085.0,25081.0
2017-11-01,2017,D7EO,Photographic and optical equipment,China,21503351.0,683832.0
2017-11-01,2017,D7EO,Photographic and optical equipment,Hong Kong,9212634.0,192987.0
2017-11-01,2017,D7EO,Photographic and optical equipment,Japan,3374373.0,16335.0
2017-11-01,2017,D7EO,Photographic and optical equipment,South Korea,1558892.0,15561.0
2017-11-01,2017,D7EO,Photographic and optical equipment,Taiwan,2037817.0,16837.0
2017-12-01,2017,D7EO,Photographic and optical equipment,China,18898169.0,667638.0
2017-12-01,2017,D7EO,Photographic and optical equipment,Hong Kong,6735079.0,142553.0
2017-12-01,2017,D7EO,Photographic and optical equipment,Japan,2304730.0,12067.0
2017-12-01,2017,D7EO,Photographic and optical equipment,South Korea,1097366.0,10445.0
2017-12-01,2017,D7EO,Photographic and optical equipment,Taiwan,1370667.0,15270.0
2018-01-01,2018,D7EO,Photographic and optical equipment,China,18079603.0,673634.0
2018-01-01,2018,D7EO,Photographic and optical equipment,Hong Kong,4013024.0,128507.0
2018-01-01,2018,D7EO,Photographic and optical equipment,Japan,2277626.0,8540.0
2018-01-01,2018,D7EO,Photographic and optical equipment,South Korea,1141972.0,11458.0
2018-01-01,2018,D7EO,Photographic and optical equipment,Taiwan,1812705.0,17233.0
2018-02-01,2018,D7EO,Photographic and optical equipment,China,13967498.0,510899.0
2018-02-01,2018,D7EO,Photographic and optical equipment,Hong Kong,2980803.0,73314.0
2018-02-01,2018,D7EO,Photographic and optical equipment,Japan,1940636.0,12886.0
2018-02-01,2018,D7EO,Photographic and optical equipment,South Korea,932854.0,11355.0
2018-02-01,2018,D7EO,Photographic and optical equipment,Taiwan,1101004.0,9013.0
2018-03-01,2018,D7EO,Photographic and optical equipment,China,14137026.0,532330.0
2018-03-01,2018,D7EO,Photographic and optical equipment,Hong Kong,4511973.0,80836.0
2018-03-01,2018,D7EO,Photographic and optical equipment,Japan,3795126.0,13447.0
2018-03-01,2018,D7EO,Photographic and optical equipment,South Korea,1692089.0,15226.0
2018-03-01,2018,D7EO,Photographic and optical equipment,Taiwan,1345942.0,12690.0
2018-04-01,2018,D7EO,Photographic and optical equipment,China,15484015.0,572544.0
2018-04-01,2018,D7EO,Photographic and optical equipment,Hong Kong,3379140.0,62969.0
2018-04-01,2018,D7EO,Photographic and optical equipment,Japan,2612817.0,10189.0
2018-04-01,2018,D7EO,Photographic and optical equipment,South Korea,1192445.0,13817.0
2018-04-01,2018,D7EO,Photographic and optical equipment,Taiwan,1600130.0,11245.0
2018-05-01,2018,D7EO,Photographic and optical equipment,China,19580222.0,675576.0
2018-05-01,2018,D7EO,Photographic and optical equipment,Hong Kong,3796826.0,106779.0
2018-05-01,2018,D7EO,Photographic and optical equipment,Japan,1761429.0,8677.0
2018-05-01,2018,D7EO,Photographic and optical equipment,South Korea,1429617.0,24684.0
2018-05-01,2018,D7EO,Photographic and optical equipment,Taiwan,1381069.0,11486.0
2018-06-01,2018,D7EO,Photographic and optical equipment,China,14520209.0,493045.0
2018-06-01,2018,D7EO,Photographic and optical equipment,Hong Kong,3685363.0,93903.0
2018-06-01,2018,D7EO,Photographic and optical equipment,Japan,2297275.0,6714.0
2018-06-01,2018,D7EO,Photographic and optical equipment,South Korea,1012536.0,13289.0
2018-06-01,2018,D7EO,Photographic and optical equipment,Taiwan,1483688.0,11413.0
2018-07-01,2018,D7EO,Photographic and optical equipment,China,21692987.0,664071.0
2018-07-01,2018,D7EO,Photographic and optical equipment,Hong Kong,5248766.0,89383.0
2018-07-01,2018,D7EO,Photographic and optical equipment,Japan,2358427.0,6121.0
2018-07-01,2018,D7EO,Photographic and optical equipment,South Korea,794941.0,10520.0
2018-07-01,2018,D7EO,Photographic and optical equipment,Taiwan,1426993.0,11521.0
2018-08-01,2018,D7EO,Photographic and optical equipment,China,22925242.0,673913.0
2018-08-01,2018,D7EO,Photographic and optical equipment,Hong Kong,6295190.0,89372.0
2018-08-01,2018,D7EO,Photographic and optical equipment,Japan,1813337.0,4419.0
2018-08-01,2018,D7EO,Photographic and optical equipment,South Korea,1709880.0,18845.0
2018-08-01,2018,D7EO,Photographic and optical equipment,Taiwan,1397163.0,11677.0
2018-09-01,2018,D7EO,Photographic and optical equipment,China,28369138.0,508548.0
2018-09-01,2018,D7EO,Photographic and optical equipment,Hong Kong,6603630.0,79965.0
2018-09-01,2018,D7EO,Photographic and optical equipment,Japan,1841215.0,4154.0
2018-09-01,2018,D7EO,Photographic and optical equipment,South Korea,1132208.0,14427.0
2018-09-01,2018,D7EO,Photographic and optical equipment,Taiwan,1412537.0,15298.0
2018-10-01,2018,D7EO,Photographic and optical equipment,China,27879179.0,811053.0
2018-10-01,2018,D7EO,Photographic and optical equipment,Hong Kong,5250845.0,75036.0
2018-10-01,2018,D7EO,Photographic and optical equipment,Japan,1954105.0,5955.0
2018-10-01,2018,D7EO,Photographic and optical equipment,South Korea,1289294.0,17039.0
2018-10-01,2018,D7EO,Photographic and optical equipment,Taiwan,1686994.0,17229.0
2018-11-01,2018,D7EO,Photographic and optical equipment,China,31964016.0,897365.0
2018-11-01,2018,D7EO,Photographic and optical equipment,Hong Kong,7577046.0,123192.0
2018-11-01,2018,D7EO,Photographic and optical equipment,Japan,3346336.0,20111.0
2018-11-01,2018,D7EO,Photographic and optical equipment,South Korea,895117.0,13213.0
2018-11-01,2018,D7EO,Photographic and optical equipment,Taiwan,1871263.0,26753.0
2018-12-01,2018,D7EO,Photographic and optical equipment,China,24573705.0,637303.0
2018-12-01,2018,D7EO,Photographic and optical equipment,Hong Kong,7928626.0,96261.0
2018-12-01,2018,D7EO,Photographic and optical equipment,Japan,2604681.0,4048.0
2018-12-01,2018,D7EO,Photographic and optical equipment,South Korea,1293773.0,24945.0
2018-12-01,2018,D7EO,Photographic and optical equipment,Taiwan,1243682.0,15196.0
2019-01-01,2019,D7EO,Photographic and optical equipment,China,21421337.0,780230.0
2019-01-01,2019,D7EO,Photographic and optical equipment,Hong Kong,4507476.0,79865.0
2019-01-01,2019,D7EO,Photographic and optical equipment,Japan,1929058.0,4361.0
2019-01-01,2019,D7EO,Photographic and optical equipment,South Korea,1290673.0,25130.0
2019-01-01,2019,D7EO,Photographic and optical equipment,Taiwan,1441241.0,16674.0
2019-02-01,2019,D7EO,Photographic and optical equipment,China,21212457.0,631069.0
2019-02-01,2019,D7EO,Photographic and optical equipment,Hong Kong,3111970.0,49110.0
2019-02-01,2019,D7EO,Photographic and optical equipment,Japan,1660204.0,3643.0
2019-02-01,2019,D7EO,Photographic and optical equipment,South Korea,1009330.0,14573.0
2019-02-01,2019,D7EO,Photographic and optical equipment,Taiwan,997271.0,10547.0
2019-03-01,2019,D7EO,Photographic and optical equipment,China,18153432.0,430023.0
2019-03-01,2019,D7EO,Photographic and optical equipment,Hong Kong,3852740.0,62764.0
2019-03-01,2019,D7EO,Photographic and optical equipment,Japan,3335285.0,8193.0
2019-03-01,2019,D7EO,Photographic and optical equipment,South Korea,1039123.0,11240.0
2019-03-01,2019,D7EO,Photographic and optical equipment,Taiwan,1107199.0,6068.0
2019-04-01,2019,D7EO,Photographic and optical equipment,China,16844027.0,566909.0
2019-04-01,2019,D7EO,Photographic and optical equipment,Hong Kong,5565074.0,106006.0
2019-04-01,2019,D7EO,Photographic and optical equipment,Japan,3518044.0,12266.0
2019-04-01,2019,D7EO,Photographic and optical equipment,South Korea,1499894.0,14103.0
2019-04-01,2019,D7EO,Photographic and optical equipment,Taiwan,1255427.0,13157.0
2019-05-01,2019,D7EO,Photographic and optical equipment,China,22204092.0,532549.0
2019-05-01,2019,D7EO,Photographic and optical equipment,Hong Kong,4940997.0,86931.0
2019-05-01,2019,D7EO,Photographic and optical equipment,Japan,2214164.0,6576.0
2019-05-01,2019,D7EO,Photographic and optical equipment,South Korea,1324427.0,14837.0
2019-05-01,2019,D7EO,Photographic and optical equipment,Taiwan,2007063.0,14143.0
2019-06-01,2019,D7EO,Photographic and optical equipment,China,21086179.0,618360.0
2019-06-01,2019,D7EO,Photographic and optical equipment,Hong Kong,2860186.0,77304.0
2019-06-01,2019,D7EO,Photographic and optical equipment,Japan,2289716.0,4576.0
2019-06-01,2019,D7EO,Photographic and optical equipment,South Korea,976357.0,16450.0
2019-06-01,2019,D7EO,Photographic and optical equipment,Taiwan,1026802.0,8502.0
2019-07-01,2019,D7EO,Photographic and optical equipment,China,22631329.0,660860.0
2019-07-01,2019,D7EO,Photographic and optical equipment,Hong Kong,7664118.0,111975.0
2019-07-01,2019,D7EO,Photographic and optical equipment,Japan,2117093.0,6687.0
2019-07-01,2019,D7EO,Photographic and optical equipment,South Korea,1139883.0,18608.0
2019-07-01,2019,D7EO,Photographic and optical equipment,Taiwan,1660314.0,11863.0
2019-08-01,2019,D7EO,Photographic and optical equipment,China,19821849.0,499644.0
2019-08-01,2019,D7EO,Photographic and optical equipment,Hong Kong,5426406.0,96661.0
2019-08-01,2019,D7EO,Photographic and optical equipment,Japan,1701516.0,7494.0
2019-08-01,2019,D7EO,Photographic and optical equipment,South Korea,1533421.0,21923.0
2019-08-01,2019,D7EO,Photographic and optical equipment,Taiwan,1093280.0,10911.0
2019-09-01,2019,D7EO,Photographic and optical equipment,China,19002885.0,563801.0
2019-09-01,2019,D7EO,Photographic and optical equipment,Hong Kong,5903639.0,103879.0
2019-09-01,2019,D7EO,Photographic and optical equipment,Japan,2772745.0,5864.0
2019-09-01,2019,D7EO,Photographic and optical equipment,South Korea,1566731.0,23147.0
2019-09-01,2019,D7EO,Photographic and optical equipment,Taiwan,1347742.0,11971.0
2019-10-01,2019,D7EO,Photographic and optical equipment,China,27523413.0,838303.0
2019-10-01,2019,D7EO,Photographic and optical equipment,Hong Kong,6191086.0,107290.0
2019-10-01,2019,D7EO,Photographic and optical equipment,Japan,1776147.0,3418.0
2019-10-01,2019,D7EO,Photographic and optical equipment,South Korea,1310287.0,15975.0
2019-10-01,2019,D7EO,Photographic and optical equipment,Taiwan,910943.0,6633.0
2019-11-01,2019,D7EO,Photographic and optical equipment,China,25558450.0,744880.0
2019-11-01,2019,D7EO,Photographic and optical equipment,Hong Kong,7166391.0,151521.0
2019-11-01,2019,D7EO,Photographic and optical equipment,Japan,2021397.0,4716.0
2019-11-01,2019,D7EO,Photographic and optical equipment,South Korea,1035178.0,15370.0
2019-11-01,2019,D7EO,Photographic and optical equipment,Taiwan,1582977.0,11999.0
2019-12-01,2019,D7EO,Photographic and optical equipment,China,21606073.0,535842.0
2019-12-01,2019,D7EO,Photographic and optical equipment,Hong Kong,8506044.0,194841.0
2019-12-01,2019,D7EO,Photographic and optical equipment,Japan,2182929.0,3481.0
2019-12-01,2019,D7EO,Photographic and optical equipment,South Korea,1053985.0,10977.0
2019-12-01,2019,D7EO,Photographic and optical equipment,Taiwan,1318620.0,12855.0
2020-01-01,2020,D7EO,Photographic and optical equipment,China,24594179.0,674614.0
2020-01-01,2020,D7EO,Photographic and optical equipment,Hong Kong,6438325.0,113785.0
2020-01-01,2020,D7EO,Photographic and optical equipment,Japan,1327695.0,1897.0
2020-01-01,2020,D7EO,Photographic and optical equipment,South Korea,1760271.0,24303.0
2020-01-01,2020,D7EO,Photographic and optical equipment,Taiwan,932226.0,7865.0
2020-02-01,2020,D7EO,Photographic and optical equipment,China,16383049.0,484714.0
2020-02-01,2020,D7EO,Photographic and optical equipment,Hong Kong,4333834.0,67306.0
2020-02-01,2020,D7EO,Photographic and optical equipment,Japan,1120717.0,2493.0
2020-02-01,2020,D7EO,Photographic and optical equipment,South Korea,1131421.0,11832.0
2020-02-01,2020,D7EO,Photographic and optical equipment,Taiwan,881743.0,11282.0
2020-03-01,2020,D7EO,Photographic and optical equipment,China,11655800.0,200678.0
2020-03-01,2020,D7EO,Photographic and optical equipment,Hong Kong,5389436.0,82906.0
2020-03-01,2020,D7EO,Photographic and optical equipment,Japan,1511327.0,2644.0
2020-03-01,2020,D7EO,Photographic and optical equipment,South Korea,1505333.0,13504.0
2020-03-01,2020,D7EO,Photographic and optical equipment,Taiwan,774828.0,6106.0
2020-04-01,2020,D7EO,Photographic and optical equipment,China,18960042.0,276199.0
2020-04-01,2020,D7EO,Photographic and optical equipment,Hong Kong,8735044.0,135553.0
2020-04-01,2020,D7EO,Photographic and optical equipment,Japan,1303475.0,1752.0
2020-04-01,2020,D7EO,Photographic and optical equipment,South Korea,610461.0,13184.0
2020-04-01,2020,D7EO,Photographic and optical equipment,Taiwan,1053651.0,8616.0
2020-05-01,2020,D7EO,Photographic and optical equipment,China,23612023.0,434477.0
2020-05-01,2020,D7EO,Photographic and optical equipment,Hong Kong,9074815.0,126102.0
2020-05-01,2020,D7EO,Photographic and optical equipment,Japan,1047002.0,1445.0
2020-05-01,2020,D7EO,Photographic and optical equipment,South Korea,690200.0,9899.0
2020-05-01,2020,D7EO,Photographic and optical equipment,Taiwan,716287.0,5396.0
2020-06-01,2020,D7EO,Photographic and optical equipment,China,23159140.0,657108.0
2020-06-01,2020,D7EO,Photographic and optical equipment,Hong Kong,8763190.0,116900.0
2020-06-01,2020,D7EO,Photographic and optical equipment,Japan,969740.0,1279.0
2020-06-01,2020,D7EO,Photographic and optical equipment,South Korea,1287489.0,10586.0
2020-06-01,2020,D7EO,Photographic and optical equipment,Taiwan,939787.0,7055.0
2020-07-01,2020,D7EO,Photographic and optical equipment,China,23925990.0,660169.0
2020-07-01,2020,D7EO,Photographic and optical equipment,Hong Kong,14898962.0,174575.0
2020-07-01,2020,D7EO,Photographic and optical equipment,Japan,1077315.0,1381.0
2020-07-01,2020,D7EO,Photographic and optical equipment,South Korea,1224347.0,11336.0
2020-07-01,2020,D7EO,Photographic and optical equipment,Taiwan,1189122.0,11021.0
2020-08-01,2020,D7EO,Photographic and optical equipment,China,18534902.0,558658.0
2020-08-01,2020,D7EO,Photographic and optical equipment,Hong Kong,8633110.0,148360.0
2020-08-01,2020,D7EO,Photographic and optical equipment,Japan,1236580.0,1790.0
2020-08-01,2020,D7EO,Photographic and optical equipment,South Korea,910415.0,17504.0
2020-08-01,2020,D7EO,Photographic and optical equipment,Taiwan,965809.0,7902.0
2020-09-01,2020,D7EO,Photographic and optical equipment,China,22520846.0,862538.0
2020-09-01,2020,D7EO,Photographic and optical equipment,Hong Kong,10758820.0,166467.0
2020-09-01,2020,D7EO,Photographic and optical equipment,Japan,1457345.0,2581.0
2020-09-01,2020,D7EO,Photographic and optical equipment,South Korea,1340845.0,21234.0
2020-09-01,2020,D7EO,Photographic and optical equipment,Taiwan,1393345.0,14781.0
2020-10-01,2020,D7EO,Photographic and optical equipment,China,26300708.0,828159.0
2020-10-01,2020,D7EO,Photographic and optical equipment,Hong Kong,16997863.0,239146.0
2020-10-01,2020,D7EO,Photographic and optical equipment,Japan,1478401.0,1815.0
2020-10-01,2020,D7EO,Photographic and optical equipment,South Korea,1341901.0,16666.0
2020-10-01,2020,D7EO,Photographic and optical equipment,Taiwan,1324158.0,10301.0
2020-11-01,2020,D7EO,Photographic and optical equipment,China,30119389.0,1080012.0
2020-11-01,2020,D7EO,Photographic and optical equipment,Hong Kong,19727178.0,303769.0
2020-11-01,2020,D7EO,Photographic and optical equipment,Japan,1132392.0,3771.0
2020-11-01,2020,D7EO,Photographic and optical equipment,South Korea,941497.0,10997.0
2020-11-01,2020,D7EO,Photographic and optical equipment,Taiwan,876299.0,12563.0
2020-12-01,2020,D7EO,Photographic and optical equipment,China,24227272.0,731370.0
2020-12-01,2020,D7EO,Photographic and optical equipment,Hong Kong,12359636.0,171084.0
2020-12-01,2020,D7EO,Photographic and optical equipment,Japan,1689377.0,15697.0
2020-12-01,2020,D7EO,Photographic and optical equipment,South Korea,1838641.0,19712.0
2020-12-01,2020,D7EO,Photographic and optical equipment,Taiwan,988222.0,9177.0
2021-01-01,2021,D7EO,Photographic and optical equipment,China,16040021.0,688741.0
2021-01-01,2021,D7EO,Photographic and optical equipment,Hong Kong,11235971.0,155587.0
2021-01-01,2021,D7EO,Photographic and optical equipment,Japan,828079.0,899.0
2021-01-01,2021,D7EO,Photographic and optical equipment,South Korea,979540.0,10745.0
2021-01-01,2021,D7EO,Photographic and optical equipment,Taiwan,630288.0,7140.0
2021-02-01,2021,D7EO,Photographic and optical equipment,China,22856395.0,722243.0
2021-02-01,2021,D7EO,Photographic and optical equipment,Hong Kong,7505868.0,128239.0
2021-02-01,2021,D7EO,Photographic and optical equipment,Japan,879790.0,1362.0
2021-02-01,2021,D7EO,Photographic and optical equipment,South Korea,761154.0,7472.0
2021-02-01,2021,D7EO,Photographic and optical equipment,Taiwan,827056.0,7359.0
2021-03-01,2021,D7EO,Photographic and optical equipment,China,23336384.0,743165.0
2021-03-01,2021,D7EO,Photographic and optical equipment,Hong Kong,9504004.0,124974.0
2021-03-01,2021,D7EO,Photographic and optical equipment,Japan,2439751.0,2462.0
2021-03-01,2021,D7EO,Photographic and optical equipment,South Korea,1540314.0,13435.0
2021-03-01,2021,D7EO,Photographic and optical equipment,Taiwan,1263068.0,15326.0
2021-04-01,2021,D7EO,Photographic and optical equipment,China,25812100.0,763532.0
2021-04-01,2021,D7EO,Photographic and optical equipment,Hong Kong,10192491.0,121507.0
2021-04-01,2021,D7EO,Photographic and optical equipment,Japan,1407017.0,3229.0
2021-04-01,2021,D7EO,Photographic and optical equipment,South Korea,1365516.0,17265.0
2021-04-01,2021,D7EO,Photographic and optical equipment,Taiwan,1149156.0,8869.0
2021-05-01,2021,D7EO,Photographic and optical equipment,China,22952240.0,749589.0
2021-05-01,2021,D7EO,Photographic and optical equipment,Hong Kong,10316602.0,153528.0
2021-05-01,2021,D7EO,Photographic and optical equipment,Japan,1708935.0,3667.0
2021-05-01,2021,D7EO,Photographic and optical equipment,South Korea,1720463.0,55201.0
2021-05-01,2021,D7EO,Photographic and optical equipment,Taiwan,1396933.0,16083.0
2021-06-01,2021,D7EO,Photographic and optical equipment,China,25786314.0,693982.0
2021-06-01,2021,D7EO,Photographic and optical equipment,Hong Kong,8666003.0,138784.0
2021-06-01,2021,D7EO,Photographic and optical equipment,Japan,3147431.0,6098.0
2021-06-01,2021,D7EO,Photographic and optical equipment,South Korea,1549670.0,17661.0
2021-06-01,2021,D7EO,Photographic and optical equipment,Taiwan,1138574.0,8470.0
2021-07-01,2021,D7EO,Photographic and optical equipment,China,26346984.0,741354.0
2021-07-01,2021,D7EO,Photographic and optical equipment,Hong Kong,6637525.0,83350.0
2021-07-01,2021,D7EO,Photographic and optical equipment,Japan,1931273.0,3592.0
2021-07-01,2021,D7EO,Photographic and optical equipment,South Korea,1405758.0,20470.0
2021-07-01,2021,D7EO,Photographic and optical equipment,Taiwan,1451642.0,16664.0
2021-08-01,2021,D7EO,Photographic and optical equipment,China,23425443.0,589223.0
2021-08-01,2021,D7EO,Photographic and optical equipment,Hong Kong,8963686.0,132838.0
2021-08-01,2021,D7EO,Photographic and optical equipment,Japan,1843350.0,2582.0
2021-08-01,2021,D7EO,Photographic and optical equipment,South Korea,927934.0,15634.0
2021-08-01,2021,D7EO,Photographic and optical equipment,Taiwan,1728623.0,12300.0
2021-09-01,2021,D7EO,Photographic and optical equipment,China,25957759.0,623021.0
2021-09-01,2021,D7EO,Photographic and optical equipment,Hong Kong,8293579.0,100715.0
2021-09-01,2021,D7EO,Photographic and optical equipment,Japan,2759376.0,5572.0
2021-09-01,2021,D7EO,Photographic and optical equipment,South Korea,1200363.0,12609.0
2021-09-01,2021,D7EO,Photographic and optical equipment,Taiwan,1445202.0,12991.0
2021-10-01,2021,D7EO,Photographic and optical equipment,China,24556880.0,590662.0
2021-10-01,2021,D7EO,Photographic and optical equipment,Hong Kong,7645906.0,101028.0
2021-10-01,2021,D7EO,Photographic and optical equipment,Japan,2238041.0,4214.0
2021-10-01,2021,D7EO,Photographic and optical equipment,South Korea,891834.0,9458.0
2021-10-01,2021,D7EO,Photographic and optical equipment,Taiwan,1093072.0,10038.0
2021-11-01,2021,D7EO,Photographic and optical equipment,China,30753242.0,672114.0
2021-11-01,2021,D7EO,Photographic and optical equipment,Hong Kong,7470163.0,86109.0
2021-11-01,2021,D7EO,Photographic and optical equipment,Japan,2384052.0,5238.0
2021-11-01,2021,D7EO,Photographic and optical equipment,South Korea,1703948.0,15073.0
2021-11-01,2021,D7EO,Photographic and optical equipment,Taiwan,1830638.0,15552.0
2021-12-01,2021,D7EO,Photographic and optical equipment,China,29427765.0,673560.0
2021-12-01,2021,D7EO,Photographic and optical equipment,Hong Kong,5554009.0,74106.0
2021-12-01,2021,D7EO,Photographic and optical equipment,Japan,1560088.0,2025.0
2021-12-01,2021,D7EO,Photographic and optical equipment,South Korea,1250215.0,11498.0
2021-12-01,2021,D7EO,Photographic and optical equipment,Taiwan,1310073.0,14123.0
2022-01-01,2022,D7EO,Photographic and optical equipment,China,22398154.0,872453.0
2022-01-01,2022,D7EO,Photographic and optical equipment,Hong Kong,4954005.0,69448.0
2022-01-01,2022,D7EO,Photographic and optical equipment,Japan,2633514.0,4343.0
2022-01-01,2022,D7EO,Photographic and optical equipment,South Korea,1038782.0,8698.0
2022-01-01,2022,D7EO,Photographic and optical equipment,Taiwan,997295.0,8326.0
2022-02-01,2022,D7EO,Photographic and optical equipment,China,16115871.0,502125.0
2022-02-01,2022,D7EO,Photographic and optical equipment,Hong Kong,2674001.0,46178.0
2022-02-01,2022,D7EO,Photographic and optical equipment,Japan,2003815.0,4127.0
2022-02-01,2022,D7EO,Photographic and optical equipment,South Korea,2359518.0,28373.0
2022-02-01,2022,D7EO,Photographic and optical equipment,Taiwan,1254489.0,21069.0
2022-03-01,2022,D7EO,Photographic and optical equipment,China,21630297.0,611504.0
2022-03-01,2022,D7EO,Photographic and optical equipment,Hong Kong,3619252.0,53656.0
2022-03-01,2022,D7EO,Photographic and optical equipment,Japan,2055248.0,3713.0
2022-03-01,2022,D7EO,Photographic and optical equipment,South Korea,931824.0,16607.0
2022-03-01,2022,D7EO,Photographic and optical equipment,Taiwan,946826.0,7660.0
2022-04-01,2022,D7EO,Photographic and optical equipment,China,18708642.0,442648.0
2022-04-01,2022,D7EO,Photographic and optical equipment,Hong Kong,5011745.0,68074.0
2022-04-01,2022,D7EO,Photographic and optical equipment,Japan,1440865.0,2081.0
2022-04-01,2022,D7EO,Photographic and optical equipment,South Korea,1543107.0,13874.0
2022-04-01,2022,D7EO,Photographic and optical equipment,Taiwan,1028521.0,7579.0
2022-05-01,2022,D7EO,Photographic and optical equipment,China,22098643.0,506168.0
2022-05-01,2022,D7EO,Photographic and optical equipment,Hong Kong,4945831.0,75504.0
2022-05-01,2022,D7EO,Photographic and optical equipment,Japan,5251652.0,6078.0
2022-05-01,2022,D7EO,Photographic and optical equipment,South Korea,1222995.0,10378.0
2022-05-01,2022,D7EO,Photographic and optical equipment,Taiwan,1176782.0,11734.0
2022-06-01,2022,D7EO,Photographic and optical equipment,China,30219224.0,984087.0
2022-06-01,2022,D7EO,Photographic and optical equipment,Hong Kong,6939466.0,77697.0
2022-06-01,2022,D7EO,Photographic and optical equipment,Japan,2253106.0,3007.0
2022-06-01,2022,D7EO,Photographic and optical equipment,South Korea,815514.0,7759.0
2022-06-01,2022,D7EO,Photographic and optical equipment,Taiwan,952895.0,11849.0
2022-07-01,2022,D7EO,Photographic and optical equipment,China,26582275.0,556648.0
2022-07-01,2022,D7EO,Photographic and optical equipment,Hong Kong,5760750.0,52654.0
2022-07-01,2022,D7EO,Photographic and optical equipment,Japan,1953107.0,3221.0
2022-07-01,2022,D7EO,Photographic and optical equipment,South Korea,886639.0,7029.0
2022-07-01,2022,D7EO,Photographic and optical equipment,Taiwan,952895.0,8161.0
2022-08-01,2022,D7EO,Photographic and optical equipment,China,28704305.0,675622.0
2022-08-01,2022,D7EO,Photographic and optical equipment,Hong Kong,5905943.0,62097.0
2022-08-01,2022,D7EO,Photographic and optical equipment,Japan,910799.0,1341.0
2022-08-01,2022,D7EO,Photographic and optical equipment,South Korea,646839.0,7287.0
2022-08-01,2022,D7EO,Photographic and optical equipment,Taiwan,1013051.0,9230.0
2022-09-01,2022,D7EO,Photographic and optical equipment,China,21257888.0,477618.0
2022-09-01,2022,D7EO,Photographic and optical equipment,Hong Kong,6043652.0,68030.0
2022-09-01,2022,D7EO,Photographic and optical equipment,Japan,1815630.0,3749.0
2022-09-01,2022,D7EO,Photographic and optical equipment,South Korea,528265.0,5225.0
2022-09-01,2022,D7EO,Photographic and optical equipment,Taiwan,1343603.0,10180.0
2022-10-01,2022,D7EO,Photographic and optical equipment,China,27633306.0,592982.0
2022-10-01,2022,D7EO,Photographic and optical equipment,Hong Kong,5017824.0,41632.0
2022-10-01,2022,D7EO,Photographic and optical equipment,Japan,1843185.0,2620.0
2022-10-01,2022,D7EO,Photographic and optical equipment,South Korea,1399972.0,18363.0
2022-10-01,2022,D7EO,Photographic and optical equipment,Taiwan,1106857.0,11481.0
2022-11-01,2022,D7EO,Photographic and optical equipment,China,34349327.0,717747.0
2022-11-01,2022,D7EO,Photographic and optical equipment,Hong Kong,3785979.0,32711.0
2022-11-01,2022,D7EO,Photographic and optical equipment,Japan,2343690.0,96089.0
2022-11-01,2022,D7EO,Photographic and optical equipment,South Korea,1205426.0,15269.0
2022-11-01,2022,D7EO,Photographic and optical equipment,Taiwan,2216062.0,22199.0
2022-12-01,2022,D7EO,Photographic and optical equipment,China,23859210.0,457334.0
2022-12-01,2022,D7EO,Photographic and optical equipment,Hong Kong,3925723.0,27558.0
2022-12-01,2022,D7EO,Photographic and optical equipment,Japan,4065238.0,5922.0
2022-12-01,2022,D7EO,Photographic and optical equipment,South Korea,1722470.0,11942.0
2022-12-01,2022,D7EO,Photographic and optical equipment,Taiwan,1763893.0,16469.0
2023-01-01,2023,D7EO,Photographic and optical equipment,China,19282867.0,446190.0
2023-01-01,2023,D7EO,Photographic and optical equipment,Hong Kong,5065530.0,38920.0
2023-01-01,2023,D7EO,Photographic and optical equipment,Japan,1533708.0,2267.0
2023-01-01,2023,D7EO,Photographic and optical equipment,South Korea,991504.0,7685.0
2023-01-01,2023,D7EO,Photographic and optical equipment,Taiwan,973711.0,7612.0
2023-02-01,2023,D7EO,Photographic and optical equipment,China,18871384.0,432276.0
2023-02-01,2023,D7EO,Photographic and optical equipment,Hong Kong,2509887.0,27857.0
2023-02-01,2023,D7EO,Photographic and optical equipment,Japan,2459277.0,4056.0
2023-02-01,2023,D7EO,Photographic and optical equipment,South Korea,805648.0,4308.0
2023-02-01,2023,D7EO,Photographic and optical equipment,Taiwan,933824.0,11802.0
2023-03-01,2023,D7EO,Photographic and optical equipment,China,17487471.0,281753.0
2023-03-01,2023,D7EO,Photographic and optical equipment,Hong Kong,5089206.0,39369.0
2023-03-01,2023,D7EO,Photographic and optical equipment,Japan,3113991.0,5028.0
2023-03-01,2023,D7EO,Photographic and optical equipment,South Korea,1164168.0,12122.0
2023-03-01,2023,D7EO,Photographic and optical equipment,Taiwan,1058328.0,9466.0
2023-04-01,2023,D7EO,Photographic and optical equipment,China,17685991.0,377516.0
2023-04-01,2023,D7EO,Photographic and optical equipment,Hong Kong,2730796.0,20630.0
2023-04-01,2023,D7EO,Photographic and optical equipment,Japan,3707863.0,5406.0
2023-04-01,2023,D7EO,Photographic and optical equipment,South Korea,2013349.0,17694.0
2023-04-01,2023,D7EO,Photographic and optical equipment,Taiwan,1258731.0,11286.0
2023-05-01,2023,D7EO,Photographic and optical equipment,China,23144835.0,486956.0
2023-05-01,2023,D7EO,Photographic and optical equipment,Hong Kong,4237404.0,33663.0
2023-05-01,2023,D7EO,Photographic and optical equipment,Japan,2167033.0,3636.0
2023-05-01,2023,D7EO,Photographic and optical equipment,South Korea,1289000.0,9199.0
2023-05-01,2023,D7EO,Photographic and optical equipment,Taiwan,866847.0,6103.0
2023-06-01,2023,D7EO,Photographic and optical equipment,China,22499978.0,459658.0
2023-06-01,2023,D7EO,Photographic and optical equipment,Hong Kong,4116659.0,29927.0
2023-06-01,2023,D7EO,Photographic and optical equipment,Japan,2392950.0,2776.0
2023-06-01,2023,D7EO,Photographic and optical equipment,South Korea,1458570.0,10784.0
2023-06-01,2023,D7EO,Photographic and optical equipment,Taiwan,563445.0,4342.0
2023-07-01,2023,D7EO,Photographic and optical equipment,China,24375519.0,494152.0
2023-07-01,2023,D7EO,Photographic and optical equipment,Hong Kong,4969688.0,31074.0
2023-07-01,2023,D7EO,Photographic and optical equipment,Japan,2790719.0,4608.0
2023-07-01,2023,D7EO,Photographic and optical equipment,South Korea,1237840.0,11755.0
2023-07-01,2023,D7EO,Photographic and optical equipment,Taiwan,925165.0,11010.0
2023-08-01,2023,D7EO,Photographic and optical equipment,China,25928716.0,544349.0
2023-08-01,2023,D7EO,Photographic and optical equipment,Hong Kong,4625704.0,42637.0
2023-08-01,2023,D7EO,Photographic and optical equipment,Japan,1901993.0,2275.0
2023-08-01,2023,D7EO,Photographic and optical equipment,South Korea,823728.0,11182.0
2023-08-01,2023,D7EO,Photographic and optical equipment,Taiwan,1348901.0,9747.0
2023-09-01,2023,D7EO,Photographic and optical equipment,China,21586169.0,498936.0
2023-09-01,2023,D7EO,Photographic and optical equipment,Hong Kong,4690983.0,35405.0
2023-09-01,2023,D7EO,Photographic and optical equipment,Japan,3085668.0,4553.0
2023-09-01,2023,D7EO,Photographic and optical equipment,South Korea,1203757.0,11669.0
2023-09-01,2023,D7EO,Photographic and optical equipment,Taiwan,1236068.0,12111.0
2023-10-01,2023,D7EO,Photographic and optical equipment,China,27109686.0,639149.0
2023-10-01,2023,D7EO,Photographic and optical equipment,Hong Kong,4383207.0,37418.0
2023-10-01,2023,D7EO,Photographic and optical equipment,Japan,2346041.0,3583.0
2023-10-01,2023,D7EO,Photographic and optical equipment,South Korea,2266752.0,26901.0
2023-10-01,2023,D7EO,Photographic and optical equipment,Taiwan,759113.0,4870.0
2023-11-01,2023,D7EO,Photographic and optical equipment,China,28912351.0,642336.0
2023-11-01,2023,D7EO,Photographic and optical equipment,Hong Kong,3918697.0,30125.0
2023-11-01,2023,D7EO,Photographic and optical equipment,Japan,4393188.0,6887.0
2023-11-01,2023,D7EO,Photographic and optical equipment,South Korea,1198890.0,18893.0
2023-11-01,2023,D7EO,Photographic and optical equipment,Taiwan,615790.0,10886.0
2023-12-01,2023,D7EO,Photographic and optical equipment,China,20019788.0,443654.0
2023-12-01,2023,D7EO,Photographic and optical equipment,Hong Kong,2916048.0,18802.0
2023-12-01,2023,D7EO,Photographic and optical equipment,Japan,1301915.0,1909.0
2023-12-01,2023,D7EO,Photographic and optical equipment,South Korea,1379555.0,16285.0
2023-12-01,2023,D7EO,Photographic and optical equipment,Taiwan,943506.0,7551.0
2024-01-01,2024,D7EO,Photographic and optical equipment,China,18596813.0,451105.0
2024-01-01,2024,D7EO,Photographic and optical equipment,Hong Kong,4124842.0,24481.0
2024-01-01,2024,D7EO,Photographic and optical equipment,Japan,2254333.0,3065.0
2024-01-01,2024,D7EO,Photographic and optical equipment,South Korea,1171251.0,16324.0
2024-01-01,2024,D7EO,Photographic and optical equipment,Taiwan,691684.0,5434.0
2024-02-01,2024,D7EO,Photographic and optical equipment,China,21609487.0,484187.0
2024-02-01,2024,D7EO,Photographic and optical equipment,Hong Kong,2936649.0,22033.0
2024-02-01,2024,D7EO,Photographic and optical equipment,Japan,1494289.0,2277.0
2024-02-01,2024,D7EO,Photographic and optical equipment,South Korea,1257470.0,7970.0
2024-02-01,2024,D7EO,Photographic and optical equipment,Taiwan,1023738.0,8029.0
2024-03-01,2024,D7EO,Photographic and optical equipment,China,24794383.0,473180.0
2024-03-01,2024,D7EO,Photographic and optical equipment,Hong Kong,2732707.0,26076.0
2024-03-01,2024,D7EO,Photographic and optical equipment,Japan,2485423.0,3197.0
2024-03-01,2024,D7EO,Photographic and optical equipment,South Korea,1715482.0,16475.0
2024-03-01,2024,D7EO,Photographic and optical equipment,Taiwan,1266884.0,9761.0
2024-04-01,2024,D7EO,Photographic and optical equipment,China,17704007.0,342660.0
2024-04-01,2024,D7EO,Photographic and optical equipment,Hong Kong,4847758.0,40456.0
2024-04-01,2024,D7EO,Photographic and optical equipment,Japan,1694033.0,2696.0
2024-04-01,2024,D7EO,Photographic and optical equipment,South Korea,1265725.0,16880.0
2024-04-01,2024,D7EO,Photographic and optical equipment,Taiwan,1094285.0,11357.0
2024-05-01,2024,D7EO,Photographic and optical equipment,China,24071397.0,447505.0
2024-05-01,2024,D7EO,Photographic and optical equipment,Hong Kong,5592794.0,36606.0
2024-05-01,2024,D7EO,Photographic and optical equipment,Japan,2006750.0,3089.0
2024-05-01,2024,D7EO,Photographic and optical equipment,South Korea,1206166.0,11577.0
2024-05-01,2024,D7EO,Photographic and optical equipment,Taiwan,1123579.0,10820.0
2024-06-01,2024,D7EO,Photographic and optical equipment,China,25018573.0,522165.0
2024-06-01,2024,D7EO,Photographic and optical equipment,Hong Kong,4770152.0,36757.0
2024-06-01,2024,D7EO,Photographic and optical equipment,Japan,1775992.0,2331.0
2024-06-01,2024,D7EO,Photographic and optical equipment,South Korea,1406342.0,17607.0
2024-06-01,2024,D7EO,Photographic and optical equipment,Taiwan,615220.0,8653.0
2024-07-01,2024,D7EO,Photographic and optical equipment,China,25566035.0,523642.0
2024-07-01,2024,D7EO,Photographic and optical equipment,Hong Kong,5264348.0,37986.0
2024-07-01,2024,D7EO,Photographic and optical equipment,Japan,2169581.0,3080.0
2024-07-01,2024,D7EO,Photographic and optical equipment,South Korea,1321185.0,19992.0
2024-07-01,2024,D7EO,Photographic and optical equipment,Taiwan,639556.0,4087.0
2024-08-01,2024,D7EO,Photographic and optical equipment,China,27771985.0,600884.0
2024-08-01,2024,D7EO,Photographic and optical equipment,Hong Kong,6168701.0,35130.0
2024-08-01,2024,D7EO,Photographic and optical equipment,Japan,1543469.0,2250.0
2024-08-01,2024,D7EO,Photographic and optical equipment,South Korea,1367148.0,17844.0
2024-08-01,2024,D7EO,Photographic and optical equipment,Taiwan,730141.0,13469.0
2024-09-01,2024,D7EO,Photographic and optical equipment,China,27511243.0,592794.0
2024-09-01,2024,D7EO,Photographic and optical equipment,Hong Kong,3951328.0,30563.0
2024-09-01,2024,D7EO,Photographic and optical equipment,Japan,1604531.0,2736.0
2024-09-01,2024,D7EO,Photographic and optical equipment,South Korea,1556851.0,19573.0
2024-09-01,2024,D7EO,Photographic and optical equipment,Taiwan,831077.0,9873.0
2024-10-01,2024,D7EO,Photographic and optical equipment,China,30882231.0,730398.0
2024-10-01,2024,D7EO,Photographic and optical equipment,Hong Kong,7288813.0,80041.0
2024-10-01,2024,D7EO,Photographic and optical equipment,Japan,1919309.0,2393.0
2024-10-01,2024,D7EO,Photographic and optical equipment,South Korea,1669662.0,20945.0
2024-10-01,2024,D7EO,Photographic and optical equipment,Taiwan,517001.0,3639.0
2024-11-01,2024,D7EO,Photographic and optical equipment,China,24492432.0,535968.0
2024-11-01,2024,D7EO,Photographic and optical equipment,Hong Kong,8282371.0,74085.0
2024-11-01,2024,D7EO,Photographic and optical equipment,Japan,1876187.0,2348.0
2024-11-01,2024,D7EO,Photographic and optical equipment,South Korea,1603431.0,25922.0
2024-11-01,2024,D7EO,Photographic and optical equipment,Taiwan,574420.0,3945.0
2024-12-01,2024,D7EO,Photographic and optical equipment,China,27551507.0,564537.0
2024-12-01,2024,D7EO,Photographic and optical equipment,Hong Kong,7846084.0,59635.0
2024-12-01,2024,D7EO,Photographic and optical equipment,Japan,2110172.0,3616.0
2024-12-01,2024,D7EO,Photographic and optical equipment,South Korea,1927552.0,26298.0
2024-12-01,2024,D7EO,Photographic and optical equipment,Taiwan,393383.0,3443.0
2025-01-01,2025,D7EO,Photographic and optical equipment,China,22991875.0,555701.0
2025-01-01,2025,D7EO,Photographic and optical equipment,Hong Kong,5456910.0,42273.0
2025-01-01,2025,D7EO,Photographic and optical equipment,Japan,2086780.0,2483.0
2025-01-01,2025,D7EO,Photographic and optical equipment,South Korea,1136022.0,23849.0
2025-01-01,2025,D7EO,Photographic and optical equipment,Taiwan,859460.0,11321.0
2025-02-01,2025,D7EO,Photographic and optical equipment,China,22178535.0,540510.0
2025-02-01,2025,D7EO,Photographic and optical equipment,Hong Kong,3799645.0,27058.0
2025-02-01,2025,D7EO,Photographic and optical equipment,Japan,1510342.0,2561.0
2025-02-01,2025,D7EO,Photographic and optical equipment,South Korea,1308273.0,16231.0
2025-02-01,2025,D7EO,Photographic and optical equipment,Taiwan,424899.0,3869.0
2025-03-01,2025,D7EO,Photographic and optical equipment,China,22562673.0,455573.0
2025-03-01,2025,D7EO,Photographic and optical equipment,Hong Kong,7933132.0,49715.0
2025-03-01,2025,D7EO,Photographic and optical equipment,Japan,1948812.0,3705.0
2025-03-01,2025,D7EO,Photographic and optical equipment,South Korea,974931.0,16025.0
2025-03-01,2025,D7EO,Photographic and optical equipment,Taiwan,842852.0,7021.0
2025-04-01,2025,D7EO,Photographic and optical equipment,China,20640643.0,449628.0
2025-04-01,2025,D7EO,Photographic and optical equipment,Hong Kong,4354537.0,34170.0
2025-04-01,2025,D7EO,Photographic and optical equipment,Japan,2328920.0,3228.0
2025-04-01,2025,D7EO,Photographic and optical equipment,South Korea,1087176.0,14997.0
2025-04-01,2025,D7EO,Photographic and optical equipment,Taiwan,594535.0,6637.0
2025-05-01,2025,D7EO,Photographic and optical equipment,China,26168214.0,561146.0
2025-05-01,2025,D7EO,Photographic and optical equipment,Hong Kong,6857631.0,48155.0
2025-05-01,2025,D7EO,Photographic and optical equipment,Japan,1808674.0,3109.0
2025-05-01,2025,D7EO,Photographic and optical equipment,South Korea,1469609.0,16863.0
2025-05-01,2025,D7EO,Photographic and optical equipment,Taiwan,647398.0,7782.0
2025-06-01,2025,D7EO,Photographic and optical equipment,China,24245891.0,516039.0
2025-06-01,2025,D7EO,Photographic and optical equipment,Hong Kong,6809206.0,48692.0
2025-06-01,2025,D7EO,Photographic and optical equipment,Japan,1414114.0,2466.0
2025-06-01,2025,D7EO,Photographic and optical equipment,South Korea,2263959.0,20431.0
2025-06-01,2025,D7EO,Photographic and optical equipment,Taiwan,502370.0,4317.0
2025-07-01,2025,D7EO,Photographic and optical equipment,China,24404138.0,629786.0
2025-07-01,2025,D7EO,Photographic and optical equipment,Hong Kong,10510466.0,59578.0
2025-07-01,2025,D7EO,Photographic and optical equipment,Japan,2898539.0,4259.0
2025-07-01,2025,D7EO,Photographic and optical equipment,South Korea,1368141.0,17282.0
2025-07-01,2025,D7EO,Photographic and optical equipment,Taiwan,489717.0,6585.0
2025-08-01,2025,D7EO,Photographic and optical equipment,China,23358822.0,621716.0
2025-08-01,2025,D7EO,Photographic and optical equipment,Hong Kong,7926821.0,51373.0
2025-08-01,2025,D7EO,Photographic and optical equipment,Japan,2127033.0,3336.0
2025-08-01,2025,D7EO,Photographic and optical equipment,South Korea,1523921.0,21694.0
2025-08-01,2025,D7EO,Photographic and optical equipment,Taiwan,773333.0,14147.0
2025-09-01,2025,D7EO,Photographic and optical equipment,China,35623871.0,875123.0
2025-09-01,2025,D7EO,Photographic and optical equipment,Hong Kong,6929726.0,67129.0
2025-09-01,2025,D7EO,Photographic and optical equipment,Japan,1510436.0,1898.0
2025-09-01,2025,D7EO,Photographic and optical equipment,South Korea,1560517.0,26370.0
2025-09-01,2025,D7EO,Photographic and optical equipment,Taiwan,815923.0,5880.0
2025-10-01,2025,D7EO,Photographic and optical equipment,China,33141536.0,795904.0
2025-10-01,2025,D7EO,Photographic and optical equipment,Hong Kong,9177000.0,60673.0
2025-10-01,2025,D7EO,Photographic and optical equipment,Japan,2475981.0,4748.0
2025-10-01,2025,D7EO,Photographic and optical equipment,South Korea,1172431.0,20217.0
2025-10-01,2025,D7EO,Photographic and optical equipment,Taiwan,819664.0,9755.0
2025-11-01,2025,D7EO,Photographic and optical equipment,China,34607197.0,849379.0
2025-11-01,2025,D7EO,Photographic and optical equipment,Hong Kong,8251164.0,65710.0
2025-11-01,2025,D7EO,Photographic and optical equipment,Japan,2584419.0,2743.0
2025-11-01,2025,D7EO,Photographic and optical equipment,South Korea,1753141.0,30445.0
2025-11-01,2025,D7EO,Photographic and optical equipment,Taiwan,868354.0,14475.0
2025-12-01,2025,D7EO,Photographic and optical equipment,China,33404725.0,635476.0
2025-12-01,2025,D7EO,Photographic and optical equipment,Hong Kong,8542978.0,40642.0
2025-12-01,2025,D7EO,Photographic and optical equipment,Japan,1837609.0,3270.0
2025-12-01,2025,D7EO,Photographic and optical equipment,South Korea,1671797.0,25264.0
2025-12-01,2025,D7EO,Photographic and optical equipment,Taiwan,740538.0,12336.0
2026-01-01,2026,D7EO,Photographic and optical equipment,China,30188795.0,526393.0
2026-01-01,2026,D7EO,Photographic and optical equipment,Hong Kong,5952098.0,36009.0
2026-01-01,2026,D7EO,Photographic and optical equipment,Japan,2020600.0,3276.0
2026-01-01,2026,D7EO,Photographic and optical equipment,South Korea,1325843.0,18988.0
2026-01-01,2026,D7EO,Photographic and optical equipment,Taiwan,844775.0,9452.0
2026-02-01,2026,D7EO,Photographic and optical equipment,China,35301034.0,647025.0
2026-02-01,2026,D7EO,Photographic and optical equipment,Hong Kong,5236351.0,38071.0
2026-02-01,2026,D7EO,Photographic and optical equipment,Japan,2113574.0,2859.0
2026-02-01,2026,D7EO,Photographic and optical equipment,South Korea,1368323.0,18001.0
2026-02-01,2026,D7EO,Photographic and optical equipment,Taiwan,655095.0,8661.0
2026-03-01,2026,D7EO,Photographic and optical equipment,China,31215464.0,553168.0
2026-03-01,2026,D7EO,Photographic and optical equipment,Hong Kong,4177832.0,34327.0
2026-03-01,2026,D7EO,Photographic and optical equipment,Japan,1845800.0,2967.0
2026-03-01,2026,D7EO,Photographic and optical equipment,South Korea,1498306.0,20722.0
2026-03-01,2026,D7EO,Photographic and optical equipment,Taiwan,782716.0,6420.0
2026-04-01,2026,D7EO,Photographic and optical equipment,China,35975721.0,484106.0
2026-04-01,2026,D7EO,Photographic and optical equipment,Hong Kong,6125209.0,49417.0
2026-04-01,2026,D7EO,Photographic and optical equipment,Japan,1748867.0,3258.0
2026-04-01,2026,D7EO,Photographic and optical equipment,South Korea,2182807.0,23731.0
2026-04-01,2026,D7EO,Photographic and optical equipment,Taiwan,1124663.0,12650.0
2026-05-01,2026,D7EO,Photographic and optical equipment,China,35928848.0,505176.0
2026-05-01,2026,D7EO,Photographic and optical equipment,Hong Kong,5064173.0,43306.0
2026-05-01,2026,D7EO,Photographic and optical equipment,Japan,1730422.0,2711.0
2026-05-01,2026,D7EO,Photographic and optical equipment,South Korea,1262926.0,14754.0
2026-05-01,2026,D7EO,Photographic and optical equipment,Taiwan,624848.0,7272.0
2015-01-01,2015,L7GG,Mobile telephone equipment,China,206941833.0,1775887.0
2015-01-01,2015,L7GG,Mobile telephone equipment,Hong Kong,89060853.0,606797.0
2015-01-01,2015,L7GG,Mobile telephone equipment,Japan,1657285.0,5641.0
2015-01-01,2015,L7GG,Mobile telephone equipment,South Korea,4648614.0,32035.0
2015-01-01,2015,L7GG,Mobile telephone equipment,Taiwan,16718276.0,73957.0
2015-02-01,2015,L7GG,Mobile telephone equipment,China,136884345.0,2039467.0
2015-02-01,2015,L7GG,Mobile telephone equipment,Hong Kong,76119582.0,576551.0
2015-02-01,2015,L7GG,Mobile telephone equipment,Japan,708593.0,6899.0
2015-02-01,2015,L7GG,Mobile telephone equipment,South Korea,6497884.0,31238.0
2015-02-01,2015,L7GG,Mobile telephone equipment,Taiwan,13562039.0,88689.0
2015-03-01,2015,L7GG,Mobile telephone equipment,China,153998933.0,2112459.0
2015-03-01,2015,L7GG,Mobile telephone equipment,Hong Kong,102462147.0,640463.0
2015-03-01,2015,L7GG,Mobile telephone equipment,Japan,1274714.0,9552.0
2015-03-01,2015,L7GG,Mobile telephone equipment,South Korea,7229494.0,37749.0
2015-03-01,2015,L7GG,Mobile telephone equipment,Taiwan,32192732.0,151736.0
2015-04-01,2015,L7GG,Mobile telephone equipment,China,234208287.0,1745254.0
2015-04-01,2015,L7GG,Mobile telephone equipment,Hong Kong,74921242.0,648807.0
2015-04-01,2015,L7GG,Mobile telephone equipment,Japan,853049.0,4518.0
2015-04-01,2015,L7GG,Mobile telephone equipment,South Korea,8034861.0,48480.0
2015-04-01,2015,L7GG,Mobile telephone equipment,Taiwan,31548917.0,192949.0
2015-05-01,2015,L7GG,Mobile telephone equipment,China,102061972.0,1770455.0
2015-05-01,2015,L7GG,Mobile telephone equipment,Hong Kong,63834430.0,1034696.0
2015-05-01,2015,L7GG,Mobile telephone equipment,Japan,2004114.0,6424.0
2015-05-01,2015,L7GG,Mobile telephone equipment,South Korea,19644449.0,50311.0
2015-05-01,2015,L7GG,Mobile telephone equipment,Taiwan,16360894.0,129416.0
2015-06-01,2015,L7GG,Mobile telephone equipment,China,155825303.0,1740359.0
2015-06-01,2015,L7GG,Mobile telephone equipment,Hong Kong,69325178.0,789311.0
2015-06-01,2015,L7GG,Mobile telephone equipment,Japan,1753751.0,7314.0
2015-06-01,2015,L7GG,Mobile telephone equipment,South Korea,17391199.0,58771.0
2015-06-01,2015,L7GG,Mobile telephone equipment,Taiwan,9471466.0,62600.0
2015-07-01,2015,L7GG,Mobile telephone equipment,China,143920934.0,1515054.0
2015-07-01,2015,L7GG,Mobile telephone equipment,Hong Kong,65156936.0,775607.0
2015-07-01,2015,L7GG,Mobile telephone equipment,Japan,1811907.0,5510.0
2015-07-01,2015,L7GG,Mobile telephone equipment,South Korea,12215537.0,51268.0
2015-07-01,2015,L7GG,Mobile telephone equipment,Taiwan,9826960.0,105056.0
2015-08-01,2015,L7GG,Mobile telephone equipment,China,122000320.0,1732815.0
2015-08-01,2015,L7GG,Mobile telephone equipment,Hong Kong,64312592.0,671625.0
2015-08-01,2015,L7GG,Mobile telephone equipment,Japan,1067920.0,6354.0
2015-08-01,2015,L7GG,Mobile telephone equipment,South Korea,9105983.0,40010.0
2015-08-01,2015,L7GG,Mobile telephone equipment,Taiwan,8053529.0,88712.0
2015-09-01,2015,L7GG,Mobile telephone equipment,China,308877336.0,2393761.0
2015-09-01,2015,L7GG,Mobile telephone equipment,Hong Kong,57539446.0,598958.0
2015-09-01,2015,L7GG,Mobile telephone equipment,Japan,1513683.0,21013.0
2015-09-01,2015,L7GG,Mobile telephone equipment,South Korea,17931830.0,53695.0
2015-09-01,2015,L7GG,Mobile telephone equipment,Taiwan,5609142.0,90997.0
2015-10-01,2015,L7GG,Mobile telephone equipment,China,390010993.0,2219785.0
2015-10-01,2015,L7GG,Mobile telephone equipment,Hong Kong,69140387.0,848822.0
2015-10-01,2015,L7GG,Mobile telephone equipment,Japan,1265504.0,7817.0
2015-10-01,2015,L7GG,Mobile telephone equipment,South Korea,44197337.0,122590.0
2015-10-01,2015,L7GG,Mobile telephone equipment,Taiwan,11725712.0,93290.0
2015-11-01,2015,L7GG,Mobile telephone equipment,China,214201881.0,1837588.0
2015-11-01,2015,L7GG,Mobile telephone equipment,Hong Kong,73539857.0,661273.0
2015-11-01,2015,L7GG,Mobile telephone equipment,Japan,1019657.0,5245.0
2015-11-01,2015,L7GG,Mobile telephone equipment,South Korea,17945457.0,75732.0
2015-11-01,2015,L7GG,Mobile telephone equipment,Taiwan,16444716.0,95723.0
2015-12-01,2015,L7GG,Mobile telephone equipment,China,278705989.0,2091258.0
2015-12-01,2015,L7GG,Mobile telephone equipment,Hong Kong,67923785.0,758669.0
2015-12-01,2015,L7GG,Mobile telephone equipment,Japan,1066173.0,8748.0
2015-12-01,2015,L7GG,Mobile telephone equipment,South Korea,8184312.0,65603.0
2015-12-01,2015,L7GG,Mobile telephone equipment,Taiwan,12768474.0,127139.0
2016-01-01,2016,L7GG,Mobile telephone equipment,China,243481107.0,2019755.0
2016-01-01,2016,L7GG,Mobile telephone equipment,Hong Kong,57352326.0,704654.0
2016-01-01,2016,L7GG,Mobile telephone equipment,Japan,852480.0,5140.0
2016-01-01,2016,L7GG,Mobile telephone equipment,South Korea,5753233.0,37149.0
2016-01-01,2016,L7GG,Mobile telephone equipment,Taiwan,11814302.0,118697.0
2016-02-01,2016,L7GG,Mobile telephone equipment,China,148001043.0,1862489.0
2016-02-01,2016,L7GG,Mobile telephone equipment,Hong Kong,33687979.0,501509.0
2016-02-01,2016,L7GG,Mobile telephone equipment,Japan,1118879.0,7640.0
2016-02-01,2016,L7GG,Mobile telephone equipment,South Korea,9263227.0,38322.0
2016-02-01,2016,L7GG,Mobile telephone equipment,Taiwan,5816454.0,66361.0
2016-03-01,2016,L7GG,Mobile telephone equipment,China,193414959.0,1843656.0
2016-03-01,2016,L7GG,Mobile telephone equipment,Hong Kong,47348045.0,491431.0
2016-03-01,2016,L7GG,Mobile telephone equipment,Japan,1239767.0,9372.0
2016-03-01,2016,L7GG,Mobile telephone equipment,South Korea,8927015.0,40955.0
2016-03-01,2016,L7GG,Mobile telephone equipment,Taiwan,11593181.0,101883.0
2016-04-01,2016,L7GG,Mobile telephone equipment,China,237622360.0,1862794.0
2016-04-01,2016,L7GG,Mobile telephone equipment,Hong Kong,43514948.0,563005.0
2016-04-01,2016,L7GG,Mobile telephone equipment,Japan,1374664.0,7310.0
2016-04-01,2016,L7GG,Mobile telephone equipment,South Korea,21529892.0,57938.0
2016-04-01,2016,L7GG,Mobile telephone equipment,Taiwan,11321180.0,77230.0
2016-05-01,2016,L7GG,Mobile telephone equipment,China,192532262.0,1799801.0
2016-05-01,2016,L7GG,Mobile telephone equipment,Hong Kong,37984969.0,499977.0
2016-05-01,2016,L7GG,Mobile telephone equipment,Japan,1505979.0,7644.0
2016-05-01,2016,L7GG,Mobile telephone equipment,South Korea,13562653.0,45178.0
2016-05-01,2016,L7GG,Mobile telephone equipment,Taiwan,21954065.0,126424.0
2016-06-01,2016,L7GG,Mobile telephone equipment,China,305500177.0,1810777.0
2016-06-01,2016,L7GG,Mobile telephone equipment,Hong Kong,66372393.0,563088.0
2016-06-01,2016,L7GG,Mobile telephone equipment,Japan,1179325.0,5432.0
2016-06-01,2016,L7GG,Mobile telephone equipment,South Korea,10924195.0,47806.0
2016-06-01,2016,L7GG,Mobile telephone equipment,Taiwan,18098144.0,122101.0
2016-07-01,2016,L7GG,Mobile telephone equipment,China,198370526.0,1878399.0
2016-07-01,2016,L7GG,Mobile telephone equipment,Hong Kong,39212398.0,548673.0
2016-07-01,2016,L7GG,Mobile telephone equipment,Japan,1308295.0,14019.0
2016-07-01,2016,L7GG,Mobile telephone equipment,South Korea,3277187.0,20849.0
2016-07-01,2016,L7GG,Mobile telephone equipment,Taiwan,17265317.0,98823.0
2016-08-01,2016,L7GG,Mobile telephone equipment,China,217947110.0,2104813.0
2016-08-01,2016,L7GG,Mobile telephone equipment,Hong Kong,46132956.0,627931.0
2016-08-01,2016,L7GG,Mobile telephone equipment,Japan,1174534.0,11476.0
2016-08-01,2016,L7GG,Mobile telephone equipment,South Korea,4024804.0,33536.0
2016-08-01,2016,L7GG,Mobile telephone equipment,Taiwan,17182572.0,94623.0
2016-09-01,2016,L7GG,Mobile telephone equipment,China,485573065.0,2099219.0
2016-09-01,2016,L7GG,Mobile telephone equipment,Hong Kong,58096517.0,660467.0
2016-09-01,2016,L7GG,Mobile telephone equipment,Japan,1315575.0,7310.0
2016-09-01,2016,L7GG,Mobile telephone equipment,South Korea,4991440.0,48887.0
2016-09-01,2016,L7GG,Mobile telephone equipment,Taiwan,27650957.0,151615.0
2016-10-01,2016,L7GG,Mobile telephone equipment,China,385267919.0,2473775.0
2016-10-01,2016,L7GG,Mobile telephone equipment,Hong Kong,50586496.0,634901.0
2016-10-01,2016,L7GG,Mobile telephone equipment,Japan,1425057.0,8367.0
2016-10-01,2016,L7GG,Mobile telephone equipment,South Korea,4922883.0,38186.0
2016-10-01,2016,L7GG,Mobile telephone equipment,Taiwan,39917030.0,146401.0
2016-11-01,2016,L7GG,Mobile telephone equipment,China,498798987.0,2742015.0
2016-11-01,2016,L7GG,Mobile telephone equipment,Hong Kong,64794766.0,789612.0
2016-11-01,2016,L7GG,Mobile telephone equipment,Japan,3209717.0,8962.0
2016-11-01,2016,L7GG,Mobile telephone equipment,South Korea,6038189.0,33146.0
2016-11-01,2016,L7GG,Mobile telephone equipment,Taiwan,26120934.0,179077.0
2016-12-01,2016,L7GG,Mobile telephone equipment,China,469792928.0,2673973.0
2016-12-01,2016,L7GG,Mobile telephone equipment,Hong Kong,55325132.0,713051.0
2016-12-01,2016,L7GG,Mobile telephone equipment,Japan,2131877.0,6995.0
2016-12-01,2016,L7GG,Mobile telephone equipment,South Korea,6792249.0,37008.0
2016-12-01,2016,L7GG,Mobile telephone equipment,Taiwan,22677814.0,101321.0
2017-01-01,2017,L7GG,Mobile telephone equipment,China,536341849.0,1593874.0
2017-01-01,2017,L7GG,Mobile telephone equipment,Hong Kong,60187660.0,889974.0
2017-01-01,2017,L7GG,Mobile telephone equipment,Japan,1446213.0,4976.0
2017-01-01,2017,L7GG,Mobile telephone equipment,South Korea,15149575.0,43497.0
2017-01-01,2017,L7GG,Mobile telephone equipment,Taiwan,20422753.0,179630.0
2017-02-01,2017,L7GG,Mobile telephone equipment,China,289804181.0,1526425.0
2017-02-01,2017,L7GG,Mobile telephone equipment,Hong Kong,36146237.0,446968.0
2017-02-01,2017,L7GG,Mobile telephone equipment,Japan,1345006.0,5293.0
2017-02-01,2017,L7GG,Mobile telephone equipment,South Korea,22348537.0,51468.0
2017-02-01,2017,L7GG,Mobile telephone equipment,Taiwan,26357022.0,190490.0
2017-03-01,2017,L7GG,Mobile telephone equipment,China,341400546.0,1853169.0
2017-03-01,2017,L7GG,Mobile telephone equipment,Hong Kong,50869298.0,556374.0
2017-03-01,2017,L7GG,Mobile telephone equipment,Japan,1476710.0,3940.0
2017-03-01,2017,L7GG,Mobile telephone equipment,South Korea,24504262.0,67657.0
2017-03-01,2017,L7GG,Mobile telephone equipment,Taiwan,30026474.0,167839.0
2017-04-01,2017,L7GG,Mobile telephone equipment,China,457090598.0,2115571.0
2017-04-01,2017,L7GG,Mobile telephone equipment,Hong Kong,64690558.0,670919.0
2017-04-01,2017,L7GG,Mobile telephone equipment,Japan,2633177.0,20187.0
2017-04-01,2017,L7GG,Mobile telephone equipment,South Korea,14730022.0,46791.0
2017-04-01,2017,L7GG,Mobile telephone equipment,Taiwan,27169626.0,124551.0
2017-05-01,2017,L7GG,Mobile telephone equipment,China,295007600.0,1844734.0
2017-05-01,2017,L7GG,Mobile telephone equipment,Hong Kong,56369615.0,652635.0
2017-05-01,2017,L7GG,Mobile telephone equipment,Japan,2727640.0,19204.0
2017-05-01,2017,L7GG,Mobile telephone equipment,South Korea,11319302.0,40363.0
2017-05-01,2017,L7GG,Mobile telephone equipment,Taiwan,34696570.0,187113.0
2017-06-01,2017,L7GG,Mobile telephone equipment,China,209739371.0,1646437.0
2017-06-01,2017,L7GG,Mobile telephone equipment,Hong Kong,53168979.0,557816.0
2017-06-01,2017,L7GG,Mobile telephone equipment,Japan,3878667.0,49124.0
2017-06-01,2017,L7GG,Mobile telephone equipment,South Korea,5321917.0,30632.0
2017-06-01,2017,L7GG,Mobile telephone equipment,Taiwan,33819600.0,135204.0
2017-07-01,2017,L7GG,Mobile telephone equipment,China,291057543.0,1836567.0
2017-07-01,2017,L7GG,Mobile telephone equipment,Hong Kong,48886094.0,460580.0
2017-07-01,2017,L7GG,Mobile telephone equipment,Japan,3086073.0,14686.0
2017-07-01,2017,L7GG,Mobile telephone equipment,South Korea,3583352.0,21794.0
2017-07-01,2017,L7GG,Mobile telephone equipment,Taiwan,21903449.0,106601.0
2017-08-01,2017,L7GG,Mobile telephone equipment,China,226106399.0,1594887.0
2017-08-01,2017,L7GG,Mobile telephone equipment,Hong Kong,33515955.0,427581.0
2017-08-01,2017,L7GG,Mobile telephone equipment,Japan,3371052.0,13547.0
2017-08-01,2017,L7GG,Mobile telephone equipment,South Korea,6409935.0,39532.0
2017-08-01,2017,L7GG,Mobile telephone equipment,Taiwan,17626943.0,86149.0
2017-09-01,2017,L7GG,Mobile telephone equipment,China,480044453.0,2164369.0
2017-09-01,2017,L7GG,Mobile telephone equipment,Hong Kong,49071483.0,454221.0
2017-09-01,2017,L7GG,Mobile telephone equipment,Japan,2117427.0,12988.0
2017-09-01,2017,L7GG,Mobile telephone equipment,South Korea,5080119.0,29950.0
2017-09-01,2017,L7GG,Mobile telephone equipment,Taiwan,20011335.0,89065.0
2017-10-01,2017,L7GG,Mobile telephone equipment,China,367521421.0,2510965.0
2017-10-01,2017,L7GG,Mobile telephone equipment,Hong Kong,56744822.0,545725.0
2017-10-01,2017,L7GG,Mobile telephone equipment,Japan,3068638.0,41856.0
2017-10-01,2017,L7GG,Mobile telephone equipment,South Korea,7546626.0,37907.0
2017-10-01,2017,L7GG,Mobile telephone equipment,Taiwan,45080912.0,162757.0
2017-11-01,2017,L7GG,Mobile telephone equipment,China,461572921.0,2343086.0
2017-11-01,2017,L7GG,Mobile telephone equipment,Hong Kong,181220758.0,664178.0
2017-11-01,2017,L7GG,Mobile telephone equipment,Japan,3432754.0,43147.0
2017-11-01,2017,L7GG,Mobile telephone equipment,South Korea,29902791.0,74605.0
2017-11-01,2017,L7GG,Mobile telephone equipment,Taiwan,46028438.0,176748.0
2017-12-01,2017,L7GG,Mobile telephone equipment,China,422466455.0,2742117.0
2017-12-01,2017,L7GG,Mobile telephone equipment,Hong Kong,103534698.0,623790.0
2017-12-01,2017,L7GG,Mobile telephone equipment,Japan,2983011.0,27798.0
2017-12-01,2017,L7GG,Mobile telephone equipment,South Korea,10214934.0,70898.0
2017-12-01,2017,L7GG,Mobile telephone equipment,Taiwan,30881427.0,132431.0
2018-01-01,2018,L7GG,Mobile telephone equipment,China,367120918.0,1967431.0
2018-01-01,2018,L7GG,Mobile telephone equipment,Hong Kong,67904083.0,598483.0
2018-01-01,2018,L7GG,Mobile telephone equipment,Japan,2182912.0,13860.0
2018-01-01,2018,L7GG,Mobile telephone equipment,South Korea,9113419.0,34350.0
2018-01-01,2018,L7GG,Mobile telephone equipment,Taiwan,24853144.0,118649.0
2018-02-01,2018,L7GG,Mobile telephone equipment,China,164087168.0,1472235.0
2018-02-01,2018,L7GG,Mobile telephone equipment,Hong Kong,45124229.0,524718.0
2018-02-01,2018,L7GG,Mobile telephone equipment,Japan,1058083.0,17793.0
2018-02-01,2018,L7GG,Mobile telephone equipment,South Korea,5346870.0,24100.0
2018-02-01,2018,L7GG,Mobile telephone equipment,Taiwan,21327930.0,112810.0
2018-03-01,2018,L7GG,Mobile telephone equipment,China,223980091.0,1403481.0
2018-03-01,2018,L7GG,Mobile telephone equipment,Hong Kong,79442518.0,558037.0
2018-03-01,2018,L7GG,Mobile telephone equipment,Japan,1984195.0,63656.0
2018-03-01,2018,L7GG,Mobile telephone equipment,South Korea,4324323.0,20985.0
2018-03-01,2018,L7GG,Mobile telephone equipment,Taiwan,33630535.0,151768.0
2018-04-01,2018,L7GG,Mobile telephone equipment,China,326283664.0,1449059.0
2018-04-01,2018,L7GG,Mobile telephone equipment,Hong Kong,84328744.0,538733.0
2018-04-01,2018,L7GG,Mobile telephone equipment,Japan,1618217.0,10310.0
2018-04-01,2018,L7GG,Mobile telephone equipment,South Korea,3993556.0,20573.0
2018-04-01,2018,L7GG,Mobile telephone equipment,Taiwan,36059333.0,219967.0
2018-05-01,2018,L7GG,Mobile telephone equipment,China,303526219.0,1693454.0
2018-05-01,2018,L7GG,Mobile telephone equipment,Hong Kong,76963126.0,705231.0
2018-05-01,2018,L7GG,Mobile telephone equipment,Japan,3421435.0,13484.0
2018-05-01,2018,L7GG,Mobile telephone equipment,South Korea,4500439.0,25140.0
2018-05-01,2018,L7GG,Mobile telephone equipment,Taiwan,27733530.0,156455.0
2018-06-01,2018,L7GG,Mobile telephone equipment,China,294424886.0,1265564.0
2018-06-01,2018,L7GG,Mobile telephone equipment,Hong Kong,71978533.0,960428.0
2018-06-01,2018,L7GG,Mobile telephone equipment,Japan,2561758.0,6288.0
2018-06-01,2018,L7GG,Mobile telephone equipment,South Korea,4430162.0,25154.0
2018-06-01,2018,L7GG,Mobile telephone equipment,Taiwan,49847631.0,266493.0
2018-07-01,2018,L7GG,Mobile telephone equipment,China,348144579.0,1318342.0
2018-07-01,2018,L7GG,Mobile telephone equipment,Hong Kong,72023374.0,870710.0
2018-07-01,2018,L7GG,Mobile telephone equipment,Japan,7850242.0,21585.0
2018-07-01,2018,L7GG,Mobile telephone equipment,South Korea,4969857.0,28452.0
2018-07-01,2018,L7GG,Mobile telephone equipment,Taiwan,41328106.0,154654.0
2018-08-01,2018,L7GG,Mobile telephone equipment,China,404328694.0,1599661.0
2018-08-01,2018,L7GG,Mobile telephone equipment,Hong Kong,60056409.0,781621.0
2018-08-01,2018,L7GG,Mobile telephone equipment,Japan,2614435.0,24521.0
2018-08-01,2018,L7GG,Mobile telephone equipment,South Korea,3395161.0,20925.0
2018-08-01,2018,L7GG,Mobile telephone equipment,Taiwan,36758942.0,91324.0
2018-09-01,2018,L7GG,Mobile telephone equipment,China,631248087.0,2038937.0
2018-09-01,2018,L7GG,Mobile telephone equipment,Hong Kong,85017309.0,612281.0
2018-09-01,2018,L7GG,Mobile telephone equipment,Japan,3019523.0,11374.0
2018-09-01,2018,L7GG,Mobile telephone equipment,South Korea,3138895.0,23331.0
2018-09-01,2018,L7GG,Mobile telephone equipment,Taiwan,34396465.0,104376.0
2018-10-01,2018,L7GG,Mobile telephone equipment,China,603303390.0,2515358.0
2018-10-01,2018,L7GG,Mobile telephone equipment,Hong Kong,114195044.0,819155.0
2018-10-01,2018,L7GG,Mobile telephone equipment,Japan,1654557.0,7651.0
2018-10-01,2018,L7GG,Mobile telephone equipment,South Korea,3200620.0,17149.0
2018-10-01,2018,L7GG,Mobile telephone equipment,Taiwan,63094361.0,174416.0
2018-11-01,2018,L7GG,Mobile telephone equipment,China,713126378.0,2599791.0
2018-11-01,2018,L7GG,Mobile telephone equipment,Hong Kong,157814121.0,1157874.0
2018-11-01,2018,L7GG,Mobile telephone equipment,Japan,3190885.0,25308.0
2018-11-01,2018,L7GG,Mobile telephone equipment,South Korea,1902651.0,14168.0
2018-11-01,2018,L7GG,Mobile telephone equipment,Taiwan,70008792.0,158495.0
2018-12-01,2018,L7GG,Mobile telephone equipment,China,522632618.0,1973450.0
2018-12-01,2018,L7GG,Mobile telephone equipment,Hong Kong,113743479.0,867640.0
2018-12-01,2018,L7GG,Mobile telephone equipment,Japan,1495599.0,22401.0
2018-12-01,2018,L7GG,Mobile telephone equipment,South Korea,3590889.0,25470.0
2018-12-01,2018,L7GG,Mobile telephone equipment,Taiwan,45438501.0,138381.0
2019-01-01,2019,L7GG,Mobile telephone equipment,China,655101734.0,2410227.0
2019-01-01,2019,L7GG,Mobile telephone equipment,Hong Kong,81663133.0,609001.0
2019-01-01,2019,L7GG,Mobile telephone equipment,Japan,3229200.0,26029.0
2019-01-01,2019,L7GG,Mobile telephone equipment,South Korea,2533546.0,26721.0
2019-01-01,2019,L7GG,Mobile telephone equipment,Taiwan,39284545.0,136009.0
2019-02-01,2019,L7GG,Mobile telephone equipment,China,285328271.0,1700198.0
2019-02-01,2019,L7GG,Mobile telephone equipment,Hong Kong,45380215.0,623666.0
2019-02-01,2019,L7GG,Mobile telephone equipment,Japan,1742633.0,7903.0
2019-02-01,2019,L7GG,Mobile telephone equipment,South Korea,4806729.0,25015.0
2019-02-01,2019,L7GG,Mobile telephone equipment,Taiwan,24050683.0,86977.0
2019-03-01,2019,L7GG,Mobile telephone equipment,China,606442712.0,2183674.0
2019-03-01,2019,L7GG,Mobile telephone equipment,Hong Kong,105962049.0,1003465.0
2019-03-01,2019,L7GG,Mobile telephone equipment,Japan,3990302.0,13453.0
2019-03-01,2019,L7GG,Mobile telephone equipment,South Korea,3878767.0,19664.0
2019-03-01,2019,L7GG,Mobile telephone equipment,Taiwan,40941952.0,137024.0
2019-04-01,2019,L7GG,Mobile telephone equipment,China,328552858.0,1602339.0
2019-04-01,2019,L7GG,Mobile telephone equipment,Hong Kong,98793784.0,803745.0
2019-04-01,2019,L7GG,Mobile telephone equipment,Japan,2658869.0,18364.0
2019-04-01,2019,L7GG,Mobile telephone equipment,South Korea,3711615.0,18096.0
2019-04-01,2019,L7GG,Mobile telephone equipment,Taiwan,32384242.0,114736.0
2019-05-01,2019,L7GG,Mobile telephone equipment,China,330869092.0,1912565.0
2019-05-01,2019,L7GG,Mobile telephone equipment,Hong Kong,78004397.0,476396.0
2019-05-01,2019,L7GG,Mobile telephone equipment,Japan,3684018.0,18639.0
2019-05-01,2019,L7GG,Mobile telephone equipment,South Korea,5256579.0,29988.0
2019-05-01,2019,L7GG,Mobile telephone equipment,Taiwan,38540311.0,109848.0
2019-06-01,2019,L7GG,Mobile telephone equipment,China,400879303.0,1851065.0
2019-06-01,2019,L7GG,Mobile telephone equipment,Hong Kong,51641923.0,561465.0
2019-06-01,2019,L7GG,Mobile telephone equipment,Japan,2320937.0,11417.0
2019-06-01,2019,L7GG,Mobile telephone equipment,South Korea,41189790.0,61731.0
2019-06-01,2019,L7GG,Mobile telephone equipment,Taiwan,52244080.0,166066.0
2019-07-01,2019,L7GG,Mobile telephone equipment,China,397188501.0,1905925.0
2019-07-01,2019,L7GG,Mobile telephone equipment,Hong Kong,69808412.0,578955.0
2019-07-01,2019,L7GG,Mobile telephone equipment,Japan,3342712.0,12800.0
2019-07-01,2019,L7GG,Mobile telephone equipment,South Korea,4392114.0,17289.0
2019-07-01,2019,L7GG,Mobile telephone equipment,Taiwan,50108371.0,175117.0
2019-08-01,2019,L7GG,Mobile telephone equipment,China,423855106.0,2322631.0
2019-08-01,2019,L7GG,Mobile telephone equipment,Hong Kong,61828046.0,642281.0
2019-08-01,2019,L7GG,Mobile telephone equipment,Japan,2205859.0,16703.0
2019-08-01,2019,L7GG,Mobile telephone equipment,South Korea,4499660.0,29274.0
2019-08-01,2019,L7GG,Mobile telephone equipment,Taiwan,56051625.0,230364.0
2019-09-01,2019,L7GG,Mobile telephone equipment,China,323754992.0,2241554.0
2019-09-01,2019,L7GG,Mobile telephone equipment,Hong Kong,107034220.0,726313.0
2019-09-01,2019,L7GG,Mobile telephone equipment,Japan,3362628.0,13346.0
2019-09-01,2019,L7GG,Mobile telephone equipment,South Korea,9437111.0,46918.0
2019-09-01,2019,L7GG,Mobile telephone equipment,Taiwan,58794872.0,189779.0
2019-10-01,2019,L7GG,Mobile telephone equipment,China,1098179081.0,3497711.0
2019-10-01,2019,L7GG,Mobile telephone equipment,Hong Kong,178750449.0,1401374.0
2019-10-01,2019,L7GG,Mobile telephone equipment,Japan,5350485.0,19515.0
2019-10-01,2019,L7GG,Mobile telephone equipment,South Korea,16029535.0,57120.0
2019-10-01,2019,L7GG,Mobile telephone equipment,Taiwan,73078388.0,224351.0
2019-11-01,2019,L7GG,Mobile telephone equipment,China,597396216.0,2342490.0
2019-11-01,2019,L7GG,Mobile telephone equipment,Hong Kong,187901858.0,1189210.0
2019-11-01,2019,L7GG,Mobile telephone equipment,Japan,3732989.0,15688.0
2019-11-01,2019,L7GG,Mobile telephone equipment,South Korea,15485875.0,44481.0
2019-11-01,2019,L7GG,Mobile telephone equipment,Taiwan,59425874.0,267517.0
2019-12-01,2019,L7GG,Mobile telephone equipment,China,431031315.0,2238817.0
2019-12-01,2019,L7GG,Mobile telephone equipment,Hong Kong,138511726.0,1291703.0
2019-12-01,2019,L7GG,Mobile telephone equipment,Japan,3034993.0,15032.0
2019-12-01,2019,L7GG,Mobile telephone equipment,South Korea,8162737.0,80170.0
2019-12-01,2019,L7GG,Mobile telephone equipment,Taiwan,49091852.0,231648.0
2020-01-01,2020,L7GG,Mobile telephone equipment,China,443923304.0,2628581.0
2020-01-01,2020,L7GG,Mobile telephone equipment,Hong Kong,103270291.0,838845.0
2020-01-01,2020,L7GG,Mobile telephone equipment,Japan,3770180.0,24636.0
2020-01-01,2020,L7GG,Mobile telephone equipment,South Korea,7285927.0,49971.0
2020-01-01,2020,L7GG,Mobile telephone equipment,Taiwan,43675134.0,293564.0
2020-02-01,2020,L7GG,Mobile telephone equipment,China,298235001.0,1570536.0
2020-02-01,2020,L7GG,Mobile telephone equipment,Hong Kong,51058033.0,465852.0
2020-02-01,2020,L7GG,Mobile telephone equipment,Japan,2332998.0,12511.0
2020-02-01,2020,L7GG,Mobile telephone equipment,South Korea,9242368.0,38545.0
2020-02-01,2020,L7GG,Mobile telephone equipment,Taiwan,33632121.0,195743.0
2020-03-01,2020,L7GG,Mobile telephone equipment,China,241826155.0,1151232.0
2020-03-01,2020,L7GG,Mobile telephone equipment,Hong Kong,106055783.0,759724.0
2020-03-01,2020,L7GG,Mobile telephone equipment,Japan,4370448.0,18003.0
2020-03-01,2020,L7GG,Mobile telephone equipment,South Korea,6755859.0,42568.0
2020-03-01,2020,L7GG,Mobile telephone equipment,Taiwan,29588360.0,166276.0
2020-04-01,2020,L7GG,Mobile telephone equipment,China,305469597.0,1424420.0
2020-04-01,2020,L7GG,Mobile telephone equipment,Hong Kong,120596867.0,847890.0
2020-04-01,2020,L7GG,Mobile telephone equipment,Japan,2414851.0,9928.0
2020-04-01,2020,L7GG,Mobile telephone equipment,South Korea,31052099.0,49000.0
2020-04-01,2020,L7GG,Mobile telephone equipment,Taiwan,22468444.0,150423.0
2020-05-01,2020,L7GG,Mobile telephone equipment,China,378714335.0,2126415.0
2020-05-01,2020,L7GG,Mobile telephone equipment,Hong Kong,93837052.0,974476.0
2020-05-01,2020,L7GG,Mobile telephone equipment,Japan,1946185.0,10053.0
2020-05-01,2020,L7GG,Mobile telephone equipment,South Korea,32051416.0,42738.0
2020-05-01,2020,L7GG,Mobile telephone equipment,Taiwan,39996333.0,154348.0
2020-06-01,2020,L7GG,Mobile telephone equipment,China,394406374.0,2101017.0
2020-06-01,2020,L7GG,Mobile telephone equipment,Hong Kong,95260476.0,1326290.0
2020-06-01,2020,L7GG,Mobile telephone equipment,Japan,2370005.0,10428.0
2020-06-01,2020,L7GG,Mobile telephone equipment,South Korea,63029628.0,72135.0
2020-06-01,2020,L7GG,Mobile telephone equipment,Taiwan,49040482.0,165559.0
2020-07-01,2020,L7GG,Mobile telephone equipment,China,502724769.0,2047036.0
2020-07-01,2020,L7GG,Mobile telephone equipment,Hong Kong,102534675.0,794034.0
2020-07-01,2020,L7GG,Mobile telephone equipment,Japan,2548203.0,6831.0
2020-07-01,2020,L7GG,Mobile telephone equipment,South Korea,43411501.0,45683.0
2020-07-01,2020,L7GG,Mobile telephone equipment,Taiwan,58028091.0,221622.0
2020-08-01,2020,L7GG,Mobile telephone equipment,China,395760255.0,1553865.0
2020-08-01,2020,L7GG,Mobile telephone equipment,Hong Kong,73640514.0,727224.0
2020-08-01,2020,L7GG,Mobile telephone equipment,Japan,2911583.0,18522.0
2020-08-01,2020,L7GG,Mobile telephone equipment,South Korea,12021364.0,27980.0
2020-08-01,2020,L7GG,Mobile telephone equipment,Taiwan,38951835.0,169497.0
2020-09-01,2020,L7GG,Mobile telephone equipment,China,449162458.0,2372315.0
2020-09-01,2020,L7GG,Mobile telephone equipment,Hong Kong,70325899.0,577961.0
2020-09-01,2020,L7GG,Mobile telephone equipment,Japan,2781189.0,14805.0
2020-09-01,2020,L7GG,Mobile telephone equipment,South Korea,21027576.0,36612.0
2020-09-01,2020,L7GG,Mobile telephone equipment,Taiwan,48154110.0,205176.0
2020-10-01,2020,L7GG,Mobile telephone equipment,China,508470943.0,2191300.0
2020-10-01,2020,L7GG,Mobile telephone equipment,Hong Kong,76476183.0,861913.0
2020-10-01,2020,L7GG,Mobile telephone equipment,Japan,1639228.0,11773.0
2020-10-01,2020,L7GG,Mobile telephone equipment,South Korea,20046175.0,38738.0
2020-10-01,2020,L7GG,Mobile telephone equipment,Taiwan,69740928.0,229762.0
2020-11-01,2020,L7GG,Mobile telephone equipment,China,1209514319.0,2510659.0
2020-11-01,2020,L7GG,Mobile telephone equipment,Hong Kong,108453748.0,1005803.0
2020-11-01,2020,L7GG,Mobile telephone equipment,Japan,2741481.0,8675.0
2020-11-01,2020,L7GG,Mobile telephone equipment,South Korea,68931614.0,85577.0
2020-11-01,2020,L7GG,Mobile telephone equipment,Taiwan,71498476.0,185595.0
2020-12-01,2020,L7GG,Mobile telephone equipment,China,758982349.0,2509610.0
2020-12-01,2020,L7GG,Mobile telephone equipment,Hong Kong,108658898.0,1070899.0
2020-12-01,2020,L7GG,Mobile telephone equipment,Japan,2589540.0,21313.0
2020-12-01,2020,L7GG,Mobile telephone equipment,South Korea,14608272.0,41746.0
2020-12-01,2020,L7GG,Mobile telephone equipment,Taiwan,45078542.0,158464.0
2021-01-01,2021,L7GG,Mobile telephone equipment,China,628401207.0,1869152.0
2021-01-01,2021,L7GG,Mobile telephone equipment,Hong Kong,85299317.0,528847.0
2021-01-01,2021,L7GG,Mobile telephone equipment,Japan,1758775.0,4887.0
2021-01-01,2021,L7GG,Mobile telephone equipment,South Korea,13612410.0,41956.0
2021-01-01,2021,L7GG,Mobile telephone equipment,Taiwan,13145157.0,133845.0
2021-02-01,2021,L7GG,Mobile telephone equipment,China,357464146.0,1584683.0
2021-02-01,2021,L7GG,Mobile telephone equipment,Hong Kong,68201012.0,478126.0
2021-02-01,2021,L7GG,Mobile telephone equipment,Japan,1305833.0,12487.0
2021-02-01,2021,L7GG,Mobile telephone equipment,South Korea,25043449.0,37028.0
2021-02-01,2021,L7GG,Mobile telephone equipment,Taiwan,17733123.0,143747.0
2021-03-01,2021,L7GG,Mobile telephone equipment,China,333482117.0,1967780.0
2021-03-01,2021,L7GG,Mobile telephone equipment,Hong Kong,76395389.0,543565.0
2021-03-01,2021,L7GG,Mobile telephone equipment,Japan,2768294.0,17453.0
2021-03-01,2021,L7GG,Mobile telephone equipment,South Korea,55618018.0,55290.0
2021-03-01,2021,L7GG,Mobile telephone equipment,Taiwan,22477984.0,175857.0
2021-04-01,2021,L7GG,Mobile telephone equipment,China,524660781.0,2122850.0
2021-04-01,2021,L7GG,Mobile telephone equipment,Hong Kong,73224402.0,506757.0
2021-04-01,2021,L7GG,Mobile telephone equipment,Japan,1355417.0,6890.0
2021-04-01,2021,L7GG,Mobile telephone equipment,South Korea,54149640.0,50770.0
2021-04-01,2021,L7GG,Mobile telephone equipment,Taiwan,12123556.0,77647.0
2021-05-01,2021,L7GG,Mobile telephone equipment,China,326190750.0,1443640.0
2021-05-01,2021,L7GG,Mobile telephone equipment,Hong Kong,72625346.0,588741.0
2021-05-01,2021,L7GG,Mobile telephone equipment,Japan,1479094.0,8611.0
2021-05-01,2021,L7GG,Mobile telephone equipment,South Korea,25724632.0,31328.0
2021-05-01,2021,L7GG,Mobile telephone equipment,Taiwan,18166062.0,195699.0
2021-06-01,2021,L7GG,Mobile telephone equipment,China,410335139.0,1614842.0
2021-06-01,2021,L7GG,Mobile telephone equipment,Hong Kong,67921618.0,508956.0
2021-06-01,2021,L7GG,Mobile telephone equipment,Japan,1085393.0,10026.0
2021-06-01,2021,L7GG,Mobile telephone equipment,South Korea,35575263.0,42941.0
2021-06-01,2021,L7GG,Mobile telephone equipment,Taiwan,19708413.0,141622.0
2021-07-01,2021,L7GG,Mobile telephone equipment,China,389055474.0,1538793.0
2021-07-01,2021,L7GG,Mobile telephone equipment,Hong Kong,53010781.0,375687.0
2021-07-01,2021,L7GG,Mobile telephone equipment,Japan,1763608.0,15127.0
2021-07-01,2021,L7GG,Mobile telephone equipment,South Korea,17766510.0,24950.0
2021-07-01,2021,L7GG,Mobile telephone equipment,Taiwan,24536364.0,211225.0
2021-08-01,2021,L7GG,Mobile telephone equipment,China,315193816.0,2029807.0
2021-08-01,2021,L7GG,Mobile telephone equipment,Hong Kong,48359719.0,375699.0
2021-08-01,2021,L7GG,Mobile telephone equipment,Japan,1425417.0,9631.0
2021-08-01,2021,L7GG,Mobile telephone equipment,South Korea,20525551.0,23858.0
2021-08-01,2021,L7GG,Mobile telephone equipment,Taiwan,22359767.0,160791.0
2021-09-01,2021,L7GG,Mobile telephone equipment,China,671606772.0,2013059.0
2021-09-01,2021,L7GG,Mobile telephone equipment,Hong Kong,74779883.0,431655.0
2021-09-01,2021,L7GG,Mobile telephone equipment,Japan,1266110.0,6206.0
2021-09-01,2021,L7GG,Mobile telephone equipment,South Korea,33184707.0,37194.0
2021-09-01,2021,L7GG,Mobile telephone equipment,Taiwan,18156749.0,129656.0
2021-10-01,2021,L7GG,Mobile telephone equipment,China,508928749.0,2207921.0
2021-10-01,2021,L7GG,Mobile telephone equipment,Hong Kong,162113701.0,605850.0
2021-10-01,2021,L7GG,Mobile telephone equipment,Japan,2335562.0,10419.0
2021-10-01,2021,L7GG,Mobile telephone equipment,South Korea,54950561.0,68836.0
2021-10-01,2021,L7GG,Mobile telephone equipment,Taiwan,21904520.0,166155.0
2021-11-01,2021,L7GG,Mobile telephone equipment,China,770376015.0,2857302.0
2021-11-01,2021,L7GG,Mobile telephone equipment,Hong Kong,140891239.0,717461.0
2021-11-01,2021,L7GG,Mobile telephone equipment,Japan,1663481.0,8420.0
2021-11-01,2021,L7GG,Mobile telephone equipment,South Korea,33734659.0,61569.0
2021-11-01,2021,L7GG,Mobile telephone equipment,Taiwan,26750515.0,123331.0
2021-12-01,2021,L7GG,Mobile telephone equipment,China,862960591.0,2112811.0
2021-12-01,2021,L7GG,Mobile telephone equipment,Hong Kong,134157647.0,679339.0
2021-12-01,2021,L7GG,Mobile telephone equipment,Japan,1365849.0,7580.0
2021-12-01,2021,L7GG,Mobile telephone equipment,South Korea,27353528.0,48413.0
2021-12-01,2021,L7GG,Mobile telephone equipment,Taiwan,22079552.0,88309.0
2022-01-01,2022,L7GG,Mobile telephone equipment,China,608189970.0,2082562.0
2022-01-01,2022,L7GG,Mobile telephone equipment,Hong Kong,76681741.0,468522.0
2022-01-01,2022,L7GG,Mobile telephone equipment,Japan,1768046.0,10568.0
2022-01-01,2022,L7GG,Mobile telephone equipment,South Korea,2591907.0,24238.0
2022-01-01,2022,L7GG,Mobile telephone equipment,Taiwan,17966793.0,126730.0
2022-02-01,2022,L7GG,Mobile telephone equipment,China,437011499.0,1465589.0
2022-02-01,2022,L7GG,Mobile telephone equipment,Hong Kong,55522365.0,216085.0
2022-02-01,2022,L7GG,Mobile telephone equipment,Japan,2271587.0,8027.0
2022-02-01,2022,L7GG,Mobile telephone equipment,South Korea,4233778.0,56928.0
2022-02-01,2022,L7GG,Mobile telephone equipment,Taiwan,16118498.0,83548.0
2022-03-01,2022,L7GG,Mobile telephone equipment,China,583547075.0,2095824.0
2022-03-01,2022,L7GG,Mobile telephone equipment,Hong Kong,76857401.0,363486.0
2022-03-01,2022,L7GG,Mobile telephone equipment,Japan,2052487.0,14535.0
2022-03-01,2022,L7GG,Mobile telephone equipment,South Korea,96054410.0,84162.0
2022-03-01,2022,L7GG,Mobile telephone equipment,Taiwan,24915146.0,169748.0
2022-04-01,2022,L7GG,Mobile telephone equipment,China,453450785.0,1848533.0
2022-04-01,2022,L7GG,Mobile telephone equipment,Hong Kong,80005938.0,373911.0
2022-04-01,2022,L7GG,Mobile telephone equipment,Japan,1358131.0,6696.0
2022-04-01,2022,L7GG,Mobile telephone equipment,South Korea,74239175.0,60966.0
2022-04-01,2022,L7GG,Mobile telephone equipment,Taiwan,22085900.0,118849.0
2022-05-01,2022,L7GG,Mobile telephone equipment,China,531912742.0,1809960.0
2022-05-01,2022,L7GG,Mobile telephone equipment,Hong Kong,82135700.0,443419.0
2022-05-01,2022,L7GG,Mobile telephone equipment,Japan,1234675.0,6932.0
2022-05-01,2022,L7GG,Mobile telephone equipment,South Korea,51914715.0,58106.0
2022-05-01,2022,L7GG,Mobile telephone equipment,Taiwan,22712414.0,141063.0
2022-06-01,2022,L7GG,Mobile telephone equipment,China,555423642.0,1693531.0
2022-06-01,2022,L7GG,Mobile telephone equipment,Hong Kong,67912262.0,310501.0
2022-06-01,2022,L7GG,Mobile telephone equipment,Japan,2940431.0,13380.0
2022-06-01,2022,L7GG,Mobile telephone equipment,South Korea,39388813.0,40623.0
2022-06-01,2022,L7GG,Mobile telephone equipment,Taiwan,32188252.0,147451.0
2022-07-01,2022,L7GG,Mobile telephone equipment,China,526595914.0,1486538.0
2022-07-01,2022,L7GG,Mobile telephone equipment,Hong Kong,43837089.0,249176.0
2022-07-01,2022,L7GG,Mobile telephone equipment,Japan,2264446.0,12040.0
2022-07-01,2022,L7GG,Mobile telephone equipment,South Korea,50252095.0,63252.0
2022-07-01,2022,L7GG,Mobile telephone equipment,Taiwan,19590851.0,91871.0
2022-08-01,2022,L7GG,Mobile telephone equipment,China,669335757.0,2100338.0
2022-08-01,2022,L7GG,Mobile telephone equipment,Hong Kong,46459417.0,211159.0
2022-08-01,2022,L7GG,Mobile telephone equipment,Japan,4123255.0,15842.0
2022-08-01,2022,L7GG,Mobile telephone equipment,South Korea,11907336.0,34348.0
2022-08-01,2022,L7GG,Mobile telephone equipment,Taiwan,25108123.0,103374.0
2022-09-01,2022,L7GG,Mobile telephone equipment,China,949084986.0,2515933.0
2022-09-01,2022,L7GG,Mobile telephone equipment,Hong Kong,109761451.0,302503.0
2022-09-01,2022,L7GG,Mobile telephone equipment,Japan,2853605.0,13111.0
2022-09-01,2022,L7GG,Mobile telephone equipment,South Korea,23934220.0,35097.0
2022-09-01,2022,L7GG,Mobile telephone equipment,Taiwan,23121749.0,127800.0
2022-10-01,2022,L7GG,Mobile telephone equipment,China,605796152.0,1893432.0
2022-10-01,2022,L7GG,Mobile telephone equipment,Hong Kong,88242555.0,331141.0
2022-10-01,2022,L7GG,Mobile telephone equipment,Japan,4001800.0,11444.0
2022-10-01,2022,L7GG,Mobile telephone equipment,South Korea,49129835.0,50538.0
2022-10-01,2022,L7GG,Mobile telephone equipment,Taiwan,27584043.0,176904.0
2022-11-01,2022,L7GG,Mobile telephone equipment,China,746722670.0,2289767.0
2022-11-01,2022,L7GG,Mobile telephone equipment,Hong Kong,172246982.0,606778.0
2022-11-01,2022,L7GG,Mobile telephone equipment,Japan,3532660.0,18629.0
2022-11-01,2022,L7GG,Mobile telephone equipment,South Korea,37333758.0,44162.0
2022-11-01,2022,L7GG,Mobile telephone equipment,Taiwan,31290083.0,142304.0
2022-12-01,2022,L7GG,Mobile telephone equipment,China,764156957.0,1620020.0
2022-12-01,2022,L7GG,Mobile telephone equipment,Hong Kong,74948236.0,258979.0
2022-12-01,2022,L7GG,Mobile telephone equipment,Japan,2936191.0,10679.0
2022-12-01,2022,L7GG,Mobile telephone equipment,South Korea,13107660.0,30042.0
2022-12-01,2022,L7GG,Mobile telephone equipment,Taiwan,24389691.0,91163.0
2023-01-01,2023,L7GG,Mobile telephone equipment,China,793350729.0,1839376.0
2023-01-01,2023,L7GG,Mobile telephone equipment,Hong Kong,127822538.0,293630.0
2023-01-01,2023,L7GG,Mobile telephone equipment,Japan,2950093.0,13727.0
2023-01-01,2023,L7GG,Mobile telephone equipment,South Korea,8924102.0,33038.0
2023-01-01,2023,L7GG,Mobile telephone equipment,Taiwan,20776457.0,75008.0
2023-02-01,2023,L7GG,Mobile telephone equipment,China,434222682.0,1483349.0
2023-02-01,2023,L7GG,Mobile telephone equipment,Hong Kong,26570170.0,138955.0
2023-02-01,2023,L7GG,Mobile telephone equipment,Japan,1725586.0,9532.0
2023-02-01,2023,L7GG,Mobile telephone equipment,South Korea,14044037.0,40043.0
2023-02-01,2023,L7GG,Mobile telephone equipment,Taiwan,17918152.0,131700.0
2023-03-01,2023,L7GG,Mobile telephone equipment,China,391564214.0,1205292.0
2023-03-01,2023,L7GG,Mobile telephone equipment,Hong Kong,49310292.0,179490.0
2023-03-01,2023,L7GG,Mobile telephone equipment,Japan,3190101.0,9621.0
2023-03-01,2023,L7GG,Mobile telephone equipment,South Korea,32430255.0,51539.0
2023-03-01,2023,L7GG,Mobile telephone equipment,Taiwan,21551142.0,75539.0
2023-04-01,2023,L7GG,Mobile telephone equipment,China,537946541.0,1488647.0
2023-04-01,2023,L7GG,Mobile telephone equipment,Hong Kong,30604960.0,150840.0
2023-04-01,2023,L7GG,Mobile telephone equipment,Japan,2934308.0,7609.0
2023-04-01,2023,L7GG,Mobile telephone equipment,South Korea,40008666.0,40983.0
2023-04-01,2023,L7GG,Mobile telephone equipment,Taiwan,22814600.0,128023.0
2023-05-01,2023,L7GG,Mobile telephone equipment,China,451853023.0,1882584.0
2023-05-01,2023,L7GG,Mobile telephone equipment,Hong Kong,42389911.0,166342.0
2023-05-01,2023,L7GG,Mobile telephone equipment,Japan,2021680.0,6938.0
2023-05-01,2023,L7GG,Mobile telephone equipment,South Korea,47754028.0,44909.0
2023-05-01,2023,L7GG,Mobile telephone equipment,Taiwan,22991183.0,139856.0
2023-06-01,2023,L7GG,Mobile telephone equipment,China,423469592.0,1551122.0
2023-06-01,2023,L7GG,Mobile telephone equipment,Hong Kong,60935319.0,218448.0
2023-06-01,2023,L7GG,Mobile telephone equipment,Japan,2325372.0,8205.0
2023-06-01,2023,L7GG,Mobile telephone equipment,South Korea,29377347.0,37073.0
2023-06-01,2023,L7GG,Mobile telephone equipment,Taiwan,25894253.0,152193.0
2023-07-01,2023,L7GG,Mobile telephone equipment,China,451657757.0,1396330.0
2023-07-01,2023,L7GG,Mobile telephone equipment,Hong Kong,39051327.0,171947.0
2023-07-01,2023,L7GG,Mobile telephone equipment,Japan,1253659.0,9623.0
2023-07-01,2023,L7GG,Mobile telephone equipment,South Korea,12119759.0,35042.0
2023-07-01,2023,L7GG,Mobile telephone equipment,Taiwan,20850312.0,155115.0
2023-08-01,2023,L7GG,Mobile telephone equipment,China,367258034.0,1427514.0
2023-08-01,2023,L7GG,Mobile telephone equipment,Hong Kong,47305120.0,266813.0
2023-08-01,2023,L7GG,Mobile telephone equipment,Japan,2283706.0,7671.0
2023-08-01,2023,L7GG,Mobile telephone equipment,South Korea,13767479.0,18587.0
2023-08-01,2023,L7GG,Mobile telephone equipment,Taiwan,17699318.0,98831.0
2023-09-01,2023,L7GG,Mobile telephone equipment,China,760941726.0,1668717.0
2023-09-01,2023,L7GG,Mobile telephone equipment,Hong Kong,92784457.0,201891.0
2023-09-01,2023,L7GG,Mobile telephone equipment,Japan,2564114.0,7814.0
2023-09-01,2023,L7GG,Mobile telephone equipment,South Korea,6850758.0,29110.0
2023-09-01,2023,L7GG,Mobile telephone equipment,Taiwan,18922566.0,113200.0
2023-10-01,2023,L7GG,Mobile telephone equipment,China,929475949.0,2003001.0
2023-10-01,2023,L7GG,Mobile telephone equipment,Hong Kong,108664380.0,278243.0
2023-10-01,2023,L7GG,Mobile telephone equipment,Japan,3836946.0,10191.0
2023-10-01,2023,L7GG,Mobile telephone equipment,South Korea,17846503.0,37733.0
2023-10-01,2023,L7GG,Mobile telephone equipment,Taiwan,22027087.0,125370.0
2023-11-01,2023,L7GG,Mobile telephone equipment,China,1160641820.0,1957538.0
2023-11-01,2023,L7GG,Mobile telephone equipment,Hong Kong,83484259.0,245168.0
2023-11-01,2023,L7GG,Mobile telephone equipment,Japan,3395246.0,12000.0
2023-11-01,2023,L7GG,Mobile telephone equipment,South Korea,40684725.0,49080.0
2023-11-01,2023,L7GG,Mobile telephone equipment,Taiwan,24022248.0,88780.0
2023-12-01,2023,L7GG,Mobile telephone equipment,China,622334795.0,1512847.0
2023-12-01,2023,L7GG,Mobile telephone equipment,Hong Kong,51331300.0,162673.0
2023-12-01,2023,L7GG,Mobile telephone equipment,Japan,2823660.0,8681.0
2023-12-01,2023,L7GG,Mobile telephone equipment,South Korea,13736959.0,19493.0
2023-12-01,2023,L7GG,Mobile telephone equipment,Taiwan,26516470.0,143813.0
2024-01-01,2024,L7GG,Mobile telephone equipment,China,693534387.0,1685395.0
2024-01-01,2024,L7GG,Mobile telephone equipment,Hong Kong,39465047.0,177544.0
2024-01-01,2024,L7GG,Mobile telephone equipment,Japan,1553997.0,7429.0
2024-01-01,2024,L7GG,Mobile telephone equipment,South Korea,23301179.0,29400.0
2024-01-01,2024,L7GG,Mobile telephone equipment,Taiwan,17712898.0,81044.0
2024-02-01,2024,L7GG,Mobile telephone equipment,China,454148199.0,1005344.0
2024-02-01,2024,L7GG,Mobile telephone equipment,Hong Kong,25798275.0,138867.0
2024-02-01,2024,L7GG,Mobile telephone equipment,Japan,1632224.0,7489.0
2024-02-01,2024,L7GG,Mobile telephone equipment,South Korea,23686889.0,35329.0
2024-02-01,2024,L7GG,Mobile telephone equipment,Taiwan,21553251.0,220663.0
2024-03-01,2024,L7GG,Mobile telephone equipment,China,487300176.0,1318430.0
2024-03-01,2024,L7GG,Mobile telephone equipment,Hong Kong,32672963.0,129606.0
2024-03-01,2024,L7GG,Mobile telephone equipment,Japan,1399730.0,5912.0
2024-03-01,2024,L7GG,Mobile telephone equipment,South Korea,26635881.0,46999.0
2024-03-01,2024,L7GG,Mobile telephone equipment,Taiwan,24285667.0,207194.0
2024-04-01,2024,L7GG,Mobile telephone equipment,China,495928206.0,1144120.0
2024-04-01,2024,L7GG,Mobile telephone equipment,Hong Kong,51321852.0,193251.0
2024-04-01,2024,L7GG,Mobile telephone equipment,Japan,1556793.0,6508.0
2024-04-01,2024,L7GG,Mobile telephone equipment,South Korea,40413988.0,40743.0
2024-04-01,2024,L7GG,Mobile telephone equipment,Taiwan,21506159.0,106124.0
2024-05-01,2024,L7GG,Mobile telephone equipment,China,485966275.0,1402519.0
2024-05-01,2024,L7GG,Mobile telephone equipment,Hong Kong,41885937.0,185415.0
2024-05-01,2024,L7GG,Mobile telephone equipment,Japan,1482846.0,4586.0
2024-05-01,2024,L7GG,Mobile telephone equipment,South Korea,36304397.0,40739.0
2024-05-01,2024,L7GG,Mobile telephone equipment,Taiwan,24416597.0,127948.0
2024-06-01,2024,L7GG,Mobile telephone equipment,China,491498470.0,1340555.0
2024-06-01,2024,L7GG,Mobile telephone equipment,Hong Kong,48595641.0,186866.0
2024-06-01,2024,L7GG,Mobile telephone equipment,Japan,1971057.0,7452.0
2024-06-01,2024,L7GG,Mobile telephone equipment,South Korea,30459183.0,38551.0
2024-06-01,2024,L7GG,Mobile telephone equipment,Taiwan,24934353.0,127692.0
2024-07-01,2024,L7GG,Mobile telephone equipment,China,335121930.0,1109038.0
2024-07-01,2024,L7GG,Mobile telephone equipment,Hong Kong,58299522.0,180618.0
2024-07-01,2024,L7GG,Mobile telephone equipment,Japan,2215902.0,7011.0
2024-07-01,2024,L7GG,Mobile telephone equipment,South Korea,8380227.0,25678.0
2024-07-01,2024,L7GG,Mobile telephone equipment,Taiwan,29110420.0,189754.0
2024-08-01,2024,L7GG,Mobile telephone equipment,China,415994456.0,1573614.0
2024-08-01,2024,L7GG,Mobile telephone equipment,Hong Kong,65693627.0,209358.0
2024-08-01,2024,L7GG,Mobile telephone equipment,Japan,1696114.0,4717.0
2024-08-01,2024,L7GG,Mobile telephone equipment,South Korea,24911099.0,38033.0
2024-08-01,2024,L7GG,Mobile telephone equipment,Taiwan,19643401.0,104825.0
2024-09-01,2024,L7GG,Mobile telephone equipment,China,143850940.0,959896.0
2024-09-01,2024,L7GG,Mobile telephone equipment,Hong Kong,72566820.0,238332.0
2024-09-01,2024,L7GG,Mobile telephone equipment,Japan,1523026.0,8217.0
2024-09-01,2024,L7GG,Mobile telephone equipment,South Korea,37716912.0,37372.0
2024-09-01,2024,L7GG,Mobile telephone equipment,Taiwan,23923658.0,162057.0
2024-10-01,2024,L7GG,Mobile telephone equipment,China,729971107.0,1757113.0
2024-10-01,2024,L7GG,Mobile telephone equipment,Hong Kong,107361138.0,216713.0
2024-10-01,2024,L7GG,Mobile telephone equipment,Japan,2064209.0,15401.0
2024-10-01,2024,L7GG,Mobile telephone equipment,South Korea,43759396.0,38926.0
2024-10-01,2024,L7GG,Mobile telephone equipment,Taiwan,30482294.0,172879.0
2024-11-01,2024,L7GG,Mobile telephone equipment,China,873918521.0,1518016.0
2024-11-01,2024,L7GG,Mobile telephone equipment,Hong Kong,124876494.0,379449.0
2024-11-01,2024,L7GG,Mobile telephone equipment,Japan,2098672.0,8180.0
2024-11-01,2024,L7GG,Mobile telephone equipment,South Korea,24087949.0,40512.0
2024-11-01,2024,L7GG,Mobile telephone equipment,Taiwan,28168286.0,134961.0
2024-12-01,2024,L7GG,Mobile telephone equipment,China,336293822.0,903410.0
2024-12-01,2024,L7GG,Mobile telephone equipment,Hong Kong,53825854.0,268400.0
2024-12-01,2024,L7GG,Mobile telephone equipment,Japan,2897805.0,11918.0
2024-12-01,2024,L7GG,Mobile telephone equipment,South Korea,18282812.0,36851.0
2024-12-01,2024,L7GG,Mobile telephone equipment,Taiwan,32706092.0,116316.0
2025-01-01,2025,L7GG,Mobile telephone equipment,China,505541576.0,1051036.0
2025-01-01,2025,L7GG,Mobile telephone equipment,Hong Kong,39055313.0,164043.0
2025-01-01,2025,L7GG,Mobile telephone equipment,Japan,1309134.0,4175.0
2025-01-01,2025,L7GG,Mobile telephone equipment,South Korea,5274148.0,14068.0
2025-01-01,2025,L7GG,Mobile telephone equipment,Taiwan,26263403.0,123923.0
2025-02-01,2025,L7GG,Mobile telephone equipment,China,395159508.0,1098144.0
2025-02-01,2025,L7GG,Mobile telephone equipment,Hong Kong,36402594.0,144833.0
2025-02-01,2025,L7GG,Mobile telephone equipment,Japan,2532393.0,12912.0
2025-02-01,2025,L7GG,Mobile telephone equipment,South Korea,4586759.0,27957.0
2025-02-01,2025,L7GG,Mobile telephone equipment,Taiwan,17473374.0,105736.0
2025-03-01,2025,L7GG,Mobile telephone equipment,China,223764278.0,883031.0
2025-03-01,2025,L7GG,Mobile telephone equipment,Hong Kong,49414398.0,277847.0
2025-03-01,2025,L7GG,Mobile telephone equipment,Japan,1720420.0,8474.0
2025-03-01,2025,L7GG,Mobile telephone equipment,South Korea,12037915.0,27972.0
2025-03-01,2025,L7GG,Mobile telephone equipment,Taiwan,27571354.0,223313.0
2025-04-01,2025,L7GG,Mobile telephone equipment,China,454652268.0,945041.0
2025-04-01,2025,L7GG,Mobile telephone equipment,Hong Kong,37956150.0,134566.0
2025-04-01,2025,L7GG,Mobile telephone equipment,Japan,1508112.0,8862.0
2025-04-01,2025,L7GG,Mobile telephone equipment,South Korea,15252162.0,26597.0
2025-04-01,2025,L7GG,Mobile telephone equipment,Taiwan,29610288.0,203762.0
2025-05-01,2025,L7GG,Mobile telephone equipment,China,463350849.0,1325687.0
2025-05-01,2025,L7GG,Mobile telephone equipment,Hong Kong,53752199.0,198619.0
2025-05-01,2025,L7GG,Mobile telephone equipment,Japan,1082081.0,5958.0
2025-05-01,2025,L7GG,Mobile telephone equipment,South Korea,20057207.0,21933.0
2025-05-01,2025,L7GG,Mobile telephone equipment,Taiwan,29684566.0,165992.0
2025-06-01,2025,L7GG,Mobile telephone equipment,China,304641510.0,1194946.0
2025-06-01,2025,L7GG,Mobile telephone equipment,Hong Kong,52283448.0,215709.0
2025-06-01,2025,L7GG,Mobile telephone equipment,Japan,2535888.0,5651.0
2025-06-01,2025,L7GG,Mobile telephone equipment,South Korea,36980461.0,34555.0
2025-06-01,2025,L7GG,Mobile telephone equipment,Taiwan,20890663.0,138112.0
2025-07-01,2025,L7GG,Mobile telephone equipment,China,314395123.0,1199740.0
2025-07-01,2025,L7GG,Mobile telephone equipment,Hong Kong,93056058.0,248607.0
2025-07-01,2025,L7GG,Mobile telephone equipment,Japan,3063359.0,9180.0
2025-07-01,2025,L7GG,Mobile telephone equipment,South Korea,18666165.0,26940.0
2025-07-01,2025,L7GG,Mobile telephone equipment,Taiwan,22618508.0,147539.0
2025-08-01,2025,L7GG,Mobile telephone equipment,China,173094520.0,928264.0
2025-08-01,2025,L7GG,Mobile telephone equipment,Hong Kong,90704839.0,200807.0
2025-08-01,2025,L7GG,Mobile telephone equipment,Japan,2333416.0,9321.0
2025-08-01,2025,L7GG,Mobile telephone equipment,South Korea,32075128.0,35169.0
2025-08-01,2025,L7GG,Mobile telephone equipment,Taiwan,27640342.0,196854.0
2025-09-01,2025,L7GG,Mobile telephone equipment,China,579160987.0,1361562.0
2025-09-01,2025,L7GG,Mobile telephone equipment,Hong Kong,87273500.0,164870.0
2025-09-01,2025,L7GG,Mobile telephone equipment,Japan,4495262.0,8904.0
2025-09-01,2025,L7GG,Mobile telephone equipment,South Korea,37986367.0,44380.0
2025-09-01,2025,L7GG,Mobile telephone equipment,Taiwan,31286461.0,207261.0
2025-10-01,2025,L7GG,Mobile telephone equipment,China,695077153.0,1702838.0
2025-10-01,2025,L7GG,Mobile telephone equipment,Hong Kong,57360862.0,187048.0
2025-10-01,2025,L7GG,Mobile telephone equipment,Japan,3509714.0,12798.0
2025-10-01,2025,L7GG,Mobile telephone equipment,South Korea,30328238.0,47284.0
2025-10-01,2025,L7GG,Mobile telephone equipment,Taiwan,29845274.0,137371.0
2025-11-01,2025,L7GG,Mobile telephone equipment,China,753902003.0,1246878.0
2025-11-01,2025,L7GG,Mobile telephone equipment,Hong Kong,68003985.0,223261.0
2025-11-01,2025,L7GG,Mobile telephone equipment,Japan,2804709.0,9883.0
2025-11-01,2025,L7GG,Mobile telephone equipment,South Korea,24025032.0,42519.0
2025-11-01,2025,L7GG,Mobile telephone equipment,Taiwan,30535683.0,183964.0
2025-12-01,2025,L7GG,Mobile telephone equipment,China,638145951.0,1410697.0
2025-12-01,2025,L7GG,Mobile telephone equipment,Hong Kong,57048502.0,188643.0
2025-12-01,2025,L7GG,Mobile telephone equipment,Japan,3689428.0,12372.0
2025-12-01,2025,L7GG,Mobile telephone equipment,South Korea,16143519.0,40492.0
2025-12-01,2025,L7GG,Mobile telephone equipment,Taiwan,38422410.0,207197.0
2026-01-01,2026,L7GG,Mobile telephone equipment,China,486004160.0,1250346.0
2026-01-01,2026,L7GG,Mobile telephone equipment,Hong Kong,41964723.0,107516.0
2026-01-01,2026,L7GG,Mobile telephone equipment,Japan,3639963.0,9952.0
2026-01-01,2026,L7GG,Mobile telephone equipment,South Korea,9755880.0,21024.0
2026-01-01,2026,L7GG,Mobile telephone equipment,Taiwan,32294946.0,184777.0
2026-02-01,2026,L7GG,Mobile telephone equipment,China,370343647.0,1167651.0
2026-02-01,2026,L7GG,Mobile telephone equipment,Hong Kong,46245511.0,125935.0
2026-02-01,2026,L7GG,Mobile telephone equipment,Japan,1966081.0,8274.0
2026-02-01,2026,L7GG,Mobile telephone equipment,South Korea,26418671.0,36652.0
2026-02-01,2026,L7GG,Mobile telephone equipment,Taiwan,26805581.0,256498.0
2026-03-01,2026,L7GG,Mobile telephone equipment,China,382718047.0,1047587.0
2026-03-01,2026,L7GG,Mobile telephone equipment,Hong Kong,52830114.0,145424.0
2026-03-01,2026,L7GG,Mobile telephone equipment,Japan,3208327.0,11869.0
2026-03-01,2026,L7GG,Mobile telephone equipment,South Korea,27161349.0,40720.0
2026-03-01,2026,L7GG,Mobile telephone equipment,Taiwan,44531015.0,231956.0
2026-04-01,2026,L7GG,Mobile telephone equipment,China,416103606.0,1167814.0
2026-04-01,2026,L7GG,Mobile telephone equipment,Hong Kong,64863195.0,159138.0
2026-04-01,2026,L7GG,Mobile telephone equipment,Japan,1553997.0,10260.0
2026-04-01,2026,L7GG,Mobile telephone equipment,South Korea,42631943.0,44794.0
2026-04-01,2026,L7GG,Mobile telephone equipment,Taiwan,45074904.0,181601.0
2026-05-01,2026,L7GG,Mobile telephone equipment,China,387166118.0,1381960.0
2026-05-01,2026,L7GG,Mobile telephone equipment,Hong Kong,45362123.0,129553.0
2026-05-01,2026,L7GG,Mobile telephone equipment,Japan,1416731.0,7314.0
2026-05-01,2026,L7GG,Mobile telephone equipment,South Korea,22164586.0,31854.0
2026-05-01,2026,L7GG,Mobile telephone equipment,Taiwan,34401841.0,226730.0
2015-01-01,2015,L7GM,Sound equipment,China,26546461.0,3103667.0
2015-01-01,2015,L7GM,Sound equipment,Hong Kong,9164514.0,585605.0
2015-01-01,2015,L7GM,Sound equipment,Japan,2564116.0,41451.0
2015-01-01,2015,L7GM,Sound equipment,South Korea,1223989.0,118627.0
2015-01-01,2015,L7GM,Sound equipment,Taiwan,1314416.0,162520.0
2015-02-01,2015,L7GM,Sound equipment,China,21122697.0,2475359.0
2015-02-01,2015,L7GM,Sound equipment,Hong Kong,8135038.0,477788.0
2015-02-01,2015,L7GM,Sound equipment,Japan,1786523.0,29304.0
2015-02-01,2015,L7GM,Sound equipment,South Korea,1642614.0,145328.0
2015-02-01,2015,L7GM,Sound equipment,Taiwan,960392.0,66348.0
2015-03-01,2015,L7GM,Sound equipment,China,20000033.0,2256267.0
2015-03-01,2015,L7GM,Sound equipment,Hong Kong,8952194.0,519808.0
2015-03-01,2015,L7GM,Sound equipment,Japan,1848638.0,27332.0
2015-03-01,2015,L7GM,Sound equipment,South Korea,1527028.0,114968.0
2015-03-01,2015,L7GM,Sound equipment,Taiwan,1072140.0,113789.0
2015-04-01,2015,L7GM,Sound equipment,China,15240190.0,1347285.0
2015-04-01,2015,L7GM,Sound equipment,Hong Kong,9053922.0,512657.0
2015-04-01,2015,L7GM,Sound equipment,Japan,2143897.0,38447.0
2015-04-01,2015,L7GM,Sound equipment,South Korea,2230006.0,151899.0
2015-04-01,2015,L7GM,Sound equipment,Taiwan,1175049.0,141443.0
2015-05-01,2015,L7GM,Sound equipment,China,25350646.0,2576841.0
2015-05-01,2015,L7GM,Sound equipment,Hong Kong,8402973.0,573189.0
2015-05-01,2015,L7GM,Sound equipment,Japan,2637875.0,43360.0
2015-05-01,2015,L7GM,Sound equipment,South Korea,1370689.0,112159.0
2015-05-01,2015,L7GM,Sound equipment,Taiwan,999833.0,83598.0
2015-06-01,2015,L7GM,Sound equipment,China,21910081.0,2245571.0
2015-06-01,2015,L7GM,Sound equipment,Hong Kong,8370159.0,463415.0
2015-06-01,2015,L7GM,Sound equipment,Japan,1714799.0,39208.0
2015-06-01,2015,L7GM,Sound equipment,South Korea,1762177.0,125998.0
2015-06-01,2015,L7GM,Sound equipment,Taiwan,1192150.0,97661.0
2015-07-01,2015,L7GM,Sound equipment,China,27587118.0,2627369.0
2015-07-01,2015,L7GM,Sound equipment,Hong Kong,13251132.0,660322.0
2015-07-01,2015,L7GM,Sound equipment,Japan,1273211.0,26407.0
2015-07-01,2015,L7GM,Sound equipment,South Korea,792977.0,59168.0
2015-07-01,2015,L7GM,Sound equipment,Taiwan,1583496.0,117363.0
2015-08-01,2015,L7GM,Sound equipment,China,24397510.0,2432447.0
2015-08-01,2015,L7GM,Sound equipment,Hong Kong,9222428.0,507941.0
2015-08-01,2015,L7GM,Sound equipment,Japan,1674583.0,40090.0
2015-08-01,2015,L7GM,Sound equipment,South Korea,725766.0,50011.0
2015-08-01,2015,L7GM,Sound equipment,Taiwan,1900508.0,140683.0
2015-09-01,2015,L7GM,Sound equipment,China,29421501.0,2712218.0
2015-09-01,2015,L7GM,Sound equipment,Hong Kong,12116766.0,653524.0
2015-09-01,2015,L7GM,Sound equipment,Japan,902940.0,15045.0
2015-09-01,2015,L7GM,Sound equipment,South Korea,1298156.0,90162.0
2015-09-01,2015,L7GM,Sound equipment,Taiwan,1481614.0,97585.0
2015-10-01,2015,L7GM,Sound equipment,China,42454476.0,3757804.0
2015-10-01,2015,L7GM,Sound equipment,Hong Kong,15582073.0,816971.0
2015-10-01,2015,L7GM,Sound equipment,Japan,1085176.0,29050.0
2015-10-01,2015,L7GM,Sound equipment,South Korea,2541523.0,192121.0
2015-10-01,2015,L7GM,Sound equipment,Taiwan,986902.0,50439.0
2015-11-01,2015,L7GM,Sound equipment,China,44860315.0,3858577.0
2015-11-01,2015,L7GM,Sound equipment,Hong Kong,14781337.0,697857.0
2015-11-01,2015,L7GM,Sound equipment,Japan,1329615.0,17048.0
2015-11-01,2015,L7GM,Sound equipment,South Korea,3138603.0,276756.0
2015-11-01,2015,L7GM,Sound equipment,Taiwan,1330550.0,77410.0
2015-12-01,2015,L7GM,Sound equipment,China,32753624.0,2946616.0
2015-12-01,2015,L7GM,Sound equipment,Hong Kong,12211029.0,542898.0
2015-12-01,2015,L7GM,Sound equipment,Japan,1109755.0,17094.0
2015-12-01,2015,L7GM,Sound equipment,South Korea,2937877.0,297395.0
2015-12-01,2015,L7GM,Sound equipment,Taiwan,783802.0,41127.0
2016-01-01,2016,L7GM,Sound equipment,China,24149893.0,2517877.0
2016-01-01,2016,L7GM,Sound equipment,Hong Kong,10488408.0,607321.0
2016-01-01,2016,L7GM,Sound equipment,Japan,1150710.0,18009.0
2016-01-01,2016,L7GM,Sound equipment,South Korea,1692654.0,137723.0
2016-01-01,2016,L7GM,Sound equipment,Taiwan,2325960.0,204871.0
2016-02-01,2016,L7GM,Sound equipment,China,23033063.0,1939781.0
2016-02-01,2016,L7GM,Sound equipment,Hong Kong,7093388.0,410755.0
2016-02-01,2016,L7GM,Sound equipment,Japan,1730361.0,13354.0
2016-02-01,2016,L7GM,Sound equipment,South Korea,1517381.0,95175.0
2016-02-01,2016,L7GM,Sound equipment,Taiwan,2001405.0,132709.0
2016-03-01,2016,L7GM,Sound equipment,China,20239160.0,1745142.0
2016-03-01,2016,L7GM,Sound equipment,Hong Kong,8270670.0,431619.0
2016-03-01,2016,L7GM,Sound equipment,Japan,1715515.0,20764.0
2016-03-01,2016,L7GM,Sound equipment,South Korea,1566589.0,105016.0
2016-03-01,2016,L7GM,Sound equipment,Taiwan,1467155.0,52231.0
2016-04-01,2016,L7GM,Sound equipment,China,25386450.0,2027168.0
2016-04-01,2016,L7GM,Sound equipment,Hong Kong,8629792.0,641379.0
2016-04-01,2016,L7GM,Sound equipment,Japan,1871804.0,19191.0
2016-04-01,2016,L7GM,Sound equipment,South Korea,1555960.0,120705.0
2016-04-01,2016,L7GM,Sound equipment,Taiwan,2027081.0,114788.0
2016-05-01,2016,L7GM,Sound equipment,China,25892669.0,2162191.0
2016-05-01,2016,L7GM,Sound equipment,Hong Kong,10235133.0,420932.0
2016-05-01,2016,L7GM,Sound equipment,Japan,1390919.0,25684.0
2016-05-01,2016,L7GM,Sound equipment,South Korea,2258615.0,182385.0
2016-05-01,2016,L7GM,Sound equipment,Taiwan,2004368.0,140575.0
2016-06-01,2016,L7GM,Sound equipment,China,27081304.0,2349027.0
2016-06-01,2016,L7GM,Sound equipment,Hong Kong,8625079.0,476430.0
2016-06-01,2016,L7GM,Sound equipment,Japan,1698132.0,30764.0
2016-06-01,2016,L7GM,Sound equipment,South Korea,938059.0,85861.0
2016-06-01,2016,L7GM,Sound equipment,Taiwan,2336701.0,153796.0
2016-07-01,2016,L7GM,Sound equipment,China,24329863.0,2195911.0
2016-07-01,2016,L7GM,Sound equipment,Hong Kong,10098882.0,495409.0
2016-07-01,2016,L7GM,Sound equipment,Japan,1651204.0,31934.0
2016-07-01,2016,L7GM,Sound equipment,South Korea,593938.0,38599.0
2016-07-01,2016,L7GM,Sound equipment,Taiwan,1703018.0,131878.0
2016-08-01,2016,L7GM,Sound equipment,China,27097846.0,2109563.0
2016-08-01,2016,L7GM,Sound equipment,Hong Kong,12153894.0,504817.0
2016-08-01,2016,L7GM,Sound equipment,Japan,2111926.0,33681.0
2016-08-01,2016,L7GM,Sound equipment,South Korea,790191.0,65752.0
2016-08-01,2016,L7GM,Sound equipment,Taiwan,852655.0,35712.0
2016-09-01,2016,L7GM,Sound equipment,China,31811196.0,2606097.0
2016-09-01,2016,L7GM,Sound equipment,Hong Kong,14733870.0,637804.0
2016-09-01,2016,L7GM,Sound equipment,Japan,2127963.0,53532.0
2016-09-01,2016,L7GM,Sound equipment,South Korea,593410.0,65417.0
2016-09-01,2016,L7GM,Sound equipment,Taiwan,1874824.0,117934.0
2016-10-01,2016,L7GM,Sound equipment,China,40603136.0,3361387.0
2016-10-01,2016,L7GM,Sound equipment,Hong Kong,13068463.0,620077.0
2016-10-01,2016,L7GM,Sound equipment,Japan,1809523.0,44308.0
2016-10-01,2016,L7GM,Sound equipment,South Korea,1501716.0,154651.0
2016-10-01,2016,L7GM,Sound equipment,Taiwan,3115357.0,160935.0
2016-11-01,2016,L7GM,Sound equipment,China,48688828.0,3753729.0
2016-11-01,2016,L7GM,Sound equipment,Hong Kong,23421227.0,794105.0
2016-11-01,2016,L7GM,Sound equipment,Japan,1087490.0,15528.0
2016-11-01,2016,L7GM,Sound equipment,South Korea,916506.0,71905.0
2016-11-01,2016,L7GM,Sound equipment,Taiwan,1582765.0,160865.0
2016-12-01,2016,L7GM,Sound equipment,China,43962752.0,3605263.0
2016-12-01,2016,L7GM,Sound equipment,Hong Kong,20796023.0,754577.0
2016-12-01,2016,L7GM,Sound equipment,Japan,1212425.0,16578.0
2016-12-01,2016,L7GM,Sound equipment,South Korea,1568338.0,123809.0
2016-12-01,2016,L7GM,Sound equipment,Taiwan,1149103.0,43211.0
2017-01-01,2017,L7GM,Sound equipment,China,28176705.0,2251296.0
2017-01-01,2017,L7GM,Sound equipment,Hong Kong,13780260.0,637473.0
2017-01-01,2017,L7GM,Sound equipment,Japan,1151719.0,12591.0
2017-01-01,2017,L7GM,Sound equipment,South Korea,1783036.0,194136.0
2017-01-01,2017,L7GM,Sound equipment,Taiwan,2558063.0,164571.0
2017-02-01,2017,L7GM,Sound equipment,China,20513315.0,1745331.0
2017-02-01,2017,L7GM,Sound equipment,Hong Kong,9041673.0,386577.0
2017-02-01,2017,L7GM,Sound equipment,Japan,1390390.0,48003.0
2017-02-01,2017,L7GM,Sound equipment,South Korea,1298836.0,133728.0
2017-02-01,2017,L7GM,Sound equipment,Taiwan,1576480.0,88612.0
2017-03-01,2017,L7GM,Sound equipment,China,18614257.0,1382725.0
2017-03-01,2017,L7GM,Sound equipment,Hong Kong,9852249.0,415962.0
2017-03-01,2017,L7GM,Sound equipment,Japan,1471291.0,17925.0
2017-03-01,2017,L7GM,Sound equipment,South Korea,1544097.0,229065.0
2017-03-01,2017,L7GM,Sound equipment,Taiwan,957282.0,56058.0
2017-04-01,2017,L7GM,Sound equipment,China,22644589.0,1698350.0
2017-04-01,2017,L7GM,Sound equipment,Hong Kong,8493652.0,300684.0
2017-04-01,2017,L7GM,Sound equipment,Japan,1396185.0,12195.0
2017-04-01,2017,L7GM,Sound equipment,South Korea,1058155.0,59731.0
2017-04-01,2017,L7GM,Sound equipment,Taiwan,2111439.0,113962.0
2017-05-01,2017,L7GM,Sound equipment,China,31242087.0,2465821.0
2017-05-01,2017,L7GM,Sound equipment,Hong Kong,10972258.0,370321.0
2017-05-01,2017,L7GM,Sound equipment,Japan,1796961.0,27887.0
2017-05-01,2017,L7GM,Sound equipment,South Korea,1081477.0,70977.0
2017-05-01,2017,L7GM,Sound equipment,Taiwan,2461115.0,123419.0
2017-06-01,2017,L7GM,Sound equipment,China,28029614.0,2232780.0
2017-06-01,2017,L7GM,Sound equipment,Hong Kong,8921677.0,389102.0
2017-06-01,2017,L7GM,Sound equipment,Japan,1862288.0,95518.0
2017-06-01,2017,L7GM,Sound equipment,South Korea,1250960.0,95687.0
2017-06-01,2017,L7GM,Sound equipment,Taiwan,2243075.0,88842.0
2017-07-01,2017,L7GM,Sound equipment,China,22510687.0,1890726.0
2017-07-01,2017,L7GM,Sound equipment,Hong Kong,7086202.0,330222.0
2017-07-01,2017,L7GM,Sound equipment,Japan,1775694.0,76330.0
2017-07-01,2017,L7GM,Sound equipment,South Korea,636817.0,44665.0
2017-07-01,2017,L7GM,Sound equipment,Taiwan,1938557.0,125544.0
2017-08-01,2017,L7GM,Sound equipment,China,31658353.0,2553903.0
2017-08-01,2017,L7GM,Sound equipment,Hong Kong,8347396.0,324448.0
2017-08-01,2017,L7GM,Sound equipment,Japan,1636290.0,55816.0
2017-08-01,2017,L7GM,Sound equipment,South Korea,266539.0,4256.0
2017-08-01,2017,L7GM,Sound equipment,Taiwan,1719216.0,100642.0
2017-09-01,2017,L7GM,Sound equipment,China,30271110.0,2330444.0
2017-09-01,2017,L7GM,Sound equipment,Hong Kong,9053037.0,377814.0
2017-09-01,2017,L7GM,Sound equipment,Japan,935341.0,7971.0
2017-09-01,2017,L7GM,Sound equipment,South Korea,251013.0,5749.0
2017-09-01,2017,L7GM,Sound equipment,Taiwan,1041822.0,50438.0
2017-10-01,2017,L7GM,Sound equipment,China,43429292.0,3495456.0
2017-10-01,2017,L7GM,Sound equipment,Hong Kong,11350313.0,606995.0
2017-10-01,2017,L7GM,Sound equipment,Japan,1521258.0,27594.0
2017-10-01,2017,L7GM,Sound equipment,South Korea,341936.0,8677.0
2017-10-01,2017,L7GM,Sound equipment,Taiwan,2053426.0,86767.0
2017-11-01,2017,L7GM,Sound equipment,China,50195548.0,4072226.0
2017-11-01,2017,L7GM,Sound equipment,Hong Kong,21870077.0,858980.0
2017-11-01,2017,L7GM,Sound equipment,Japan,725892.0,15344.0
2017-11-01,2017,L7GM,Sound equipment,South Korea,540788.0,18658.0
2017-11-01,2017,L7GM,Sound equipment,Taiwan,1264266.0,49253.0
2017-12-01,2017,L7GM,Sound equipment,China,32933906.0,2997236.0
2017-12-01,2017,L7GM,Sound equipment,Hong Kong,14101209.0,667940.0
2017-12-01,2017,L7GM,Sound equipment,Japan,1136673.0,28835.0
2017-12-01,2017,L7GM,Sound equipment,South Korea,368225.0,3894.0
2017-12-01,2017,L7GM,Sound equipment,Taiwan,1249212.0,55149.0
2018-01-01,2018,L7GM,Sound equipment,China,29479823.0,2298359.0
2018-01-01,2018,L7GM,Sound equipment,Hong Kong,9843272.0,446270.0
2018-01-01,2018,L7GM,Sound equipment,Japan,1801813.0,32848.0
2018-01-01,2018,L7GM,Sound equipment,South Korea,313532.0,6056.0
2018-01-01,2018,L7GM,Sound equipment,Taiwan,1568395.0,68238.0
2018-02-01,2018,L7GM,Sound equipment,China,20998739.0,2733457.0
2018-02-01,2018,L7GM,Sound equipment,Hong Kong,6429154.0,349156.0
2018-02-01,2018,L7GM,Sound equipment,Japan,1385224.0,24439.0
2018-02-01,2018,L7GM,Sound equipment,South Korea,102101.0,3149.0
2018-02-01,2018,L7GM,Sound equipment,Taiwan,1290660.0,57722.0
2018-03-01,2018,L7GM,Sound equipment,China,23808383.0,1896762.0
2018-03-01,2018,L7GM,Sound equipment,Hong Kong,5867944.0,334727.0
2018-03-01,2018,L7GM,Sound equipment,Japan,1000807.0,8580.0
2018-03-01,2018,L7GM,Sound equipment,South Korea,151834.0,9758.0
2018-03-01,2018,L7GM,Sound equipment,Taiwan,1162586.0,44697.0
2018-04-01,2018,L7GM,Sound equipment,China,21861904.0,1673290.0
2018-04-01,2018,L7GM,Sound equipment,Hong Kong,6080143.0,242809.0
2018-04-01,2018,L7GM,Sound equipment,Japan,524662.0,7731.0
2018-04-01,2018,L7GM,Sound equipment,South Korea,209489.0,7308.0
2018-04-01,2018,L7GM,Sound equipment,Taiwan,993578.0,30945.0
2018-05-01,2018,L7GM,Sound equipment,China,23427561.0,2037956.0
2018-05-01,2018,L7GM,Sound equipment,Hong Kong,8987261.0,380849.0
2018-05-01,2018,L7GM,Sound equipment,Japan,479262.0,6165.0
2018-05-01,2018,L7GM,Sound equipment,South Korea,301003.0,6764.0
2018-05-01,2018,L7GM,Sound equipment,Taiwan,1611902.0,72955.0
2018-06-01,2018,L7GM,Sound equipment,China,24826646.0,1876230.0
2018-06-01,2018,L7GM,Sound equipment,Hong Kong,8867242.0,388053.0
2018-06-01,2018,L7GM,Sound equipment,Japan,671641.0,6875.0
2018-06-01,2018,L7GM,Sound equipment,South Korea,303807.0,6491.0
2018-06-01,2018,L7GM,Sound equipment,Taiwan,1178575.0,51595.0
2018-07-01,2018,L7GM,Sound equipment,China,26187301.0,2009088.0
2018-07-01,2018,L7GM,Sound equipment,Hong Kong,11500045.0,562358.0
2018-07-01,2018,L7GM,Sound equipment,Japan,589781.0,12510.0
2018-07-01,2018,L7GM,Sound equipment,South Korea,414628.0,16847.0
2018-07-01,2018,L7GM,Sound equipment,Taiwan,1228020.0,62015.0
2018-08-01,2018,L7GM,Sound equipment,China,29971824.0,2135469.0
2018-08-01,2018,L7GM,Sound equipment,Hong Kong,7825659.0,348965.0
2018-08-01,2018,L7GM,Sound equipment,Japan,452415.0,6720.0
2018-08-01,2018,L7GM,Sound equipment,South Korea,359637.0,7832.0
2018-08-01,2018,L7GM,Sound equipment,Taiwan,923389.0,38215.0
2018-09-01,2018,L7GM,Sound equipment,China,31400233.0,2245299.0
2018-09-01,2018,L7GM,Sound equipment,Hong Kong,8004936.0,353875.0
2018-09-01,2018,L7GM,Sound equipment,Japan,681732.0,11883.0
2018-09-01,2018,L7GM,Sound equipment,South Korea,291303.0,6007.0
2018-09-01,2018,L7GM,Sound equipment,Taiwan,1650720.0,64050.0
2018-10-01,2018,L7GM,Sound equipment,China,49781196.0,4299967.0
2018-10-01,2018,L7GM,Sound equipment,Hong Kong,12816834.0,546169.0
2018-10-01,2018,L7GM,Sound equipment,Japan,517503.0,10433.0
2018-10-01,2018,L7GM,Sound equipment,South Korea,366474.0,5162.0
2018-10-01,2018,L7GM,Sound equipment,Taiwan,2139123.0,108657.0
2018-11-01,2018,L7GM,Sound equipment,China,51170753.0,3645357.0
2018-11-01,2018,L7GM,Sound equipment,Hong Kong,15673644.0,521937.0
2018-11-01,2018,L7GM,Sound equipment,Japan,455378.0,4731.0
2018-11-01,2018,L7GM,Sound equipment,South Korea,868013.0,48305.0
2018-11-01,2018,L7GM,Sound equipment,Taiwan,1049927.0,29100.0
2018-12-01,2018,L7GM,Sound equipment,China,31096139.0,2304077.0
2018-12-01,2018,L7GM,Sound equipment,Hong Kong,9944238.0,415182.0
2018-12-01,2018,L7GM,Sound equipment,Japan,471805.0,12461.0
2018-12-01,2018,L7GM,Sound equipment,South Korea,357429.0,21283.0
2018-12-01,2018,L7GM,Sound equipment,Taiwan,629499.0,26651.0
2019-01-01,2019,L7GM,Sound equipment,China,30753879.0,2523777.0
2019-01-01,2019,L7GM,Sound equipment,Hong Kong,11767333.0,815058.0
2019-01-01,2019,L7GM,Sound equipment,Japan,532040.0,8725.0
2019-01-01,2019,L7GM,Sound equipment,South Korea,305443.0,8130.0
2019-01-01,2019,L7GM,Sound equipment,Taiwan,2291121.0,129835.0
2019-02-01,2019,L7GM,Sound equipment,China,23931546.0,1871742.0
2019-02-01,2019,L7GM,Sound equipment,Hong Kong,6232923.0,265440.0
2019-02-01,2019,L7GM,Sound equipment,Japan,380995.0,5503.0
2019-02-01,2019,L7GM,Sound equipment,South Korea,357008.0,7745.0
2019-02-01,2019,L7GM,Sound equipment,Taiwan,1159494.0,53923.0
2019-03-01,2019,L7GM,Sound equipment,China,20704303.0,1526416.0
2019-03-01,2019,L7GM,Sound equipment,Hong Kong,10401216.0,308711.0
2019-03-01,2019,L7GM,Sound equipment,Japan,453296.0,6287.0
2019-03-01,2019,L7GM,Sound equipment,South Korea,195590.0,4491.0
2019-03-01,2019,L7GM,Sound equipment,Taiwan,1404154.0,60685.0
2019-04-01,2019,L7GM,Sound equipment,China,18287883.0,1386417.0
2019-04-01,2019,L7GM,Sound equipment,Hong Kong,8588649.0,350017.0
2019-04-01,2019,L7GM,Sound equipment,Japan,1529106.0,88854.0
2019-04-01,2019,L7GM,Sound equipment,South Korea,593521.0,26364.0
2019-04-01,2019,L7GM,Sound equipment,Taiwan,994935.0,57497.0
2019-05-01,2019,L7GM,Sound equipment,China,24083767.0,1786991.0
2019-05-01,2019,L7GM,Sound equipment,Hong Kong,8127095.0,361598.0
2019-05-01,2019,L7GM,Sound equipment,Japan,1129500.0,40761.0
2019-05-01,2019,L7GM,Sound equipment,South Korea,223132.0,9148.0
2019-05-01,2019,L7GM,Sound equipment,Taiwan,1685747.0,55108.0
2019-06-01,2019,L7GM,Sound equipment,China,25562037.0,1577069.0
2019-06-01,2019,L7GM,Sound equipment,Hong Kong,8261052.0,304999.0
2019-06-01,2019,L7GM,Sound equipment,Japan,1053986.0,46279.0
2019-06-01,2019,L7GM,Sound equipment,South Korea,193790.0,4539.0
2019-06-01,2019,L7GM,Sound equipment,Taiwan,929872.0,31287.0
2019-07-01,2019,L7GM,Sound equipment,China,33135106.0,2012170.0
2019-07-01,2019,L7GM,Sound equipment,Hong Kong,8850310.0,407773.0
2019-07-01,2019,L7GM,Sound equipment,Japan,771260.0,123473.0
2019-07-01,2019,L7GM,Sound equipment,South Korea,225119.0,6004.0
2019-07-01,2019,L7GM,Sound equipment,Taiwan,1244662.0,46678.0
2019-08-01,2019,L7GM,Sound equipment,China,31781586.0,2033776.0
2019-08-01,2019,L7GM,Sound equipment,Hong Kong,6752737.0,296374.0
2019-08-01,2019,L7GM,Sound equipment,Japan,430821.0,8895.0
2019-08-01,2019,L7GM,Sound equipment,South Korea,298122.0,4624.0
2019-08-01,2019,L7GM,Sound equipment,Taiwan,758181.0,27657.0
2019-09-01,2019,L7GM,Sound equipment,China,38070538.0,2550215.0
2019-09-01,2019,L7GM,Sound equipment,Hong Kong,8250702.0,338703.0
2019-09-01,2019,L7GM,Sound equipment,Japan,385720.0,8926.0
2019-09-01,2019,L7GM,Sound equipment,South Korea,600806.0,22069.0
2019-09-01,2019,L7GM,Sound equipment,Taiwan,1038554.0,29100.0
2019-10-01,2019,L7GM,Sound equipment,China,51233746.0,3052663.0
2019-10-01,2019,L7GM,Sound equipment,Hong Kong,10287603.0,357868.0
2019-10-01,2019,L7GM,Sound equipment,Japan,617245.0,11228.0
2019-10-01,2019,L7GM,Sound equipment,South Korea,467519.0,18235.0
2019-10-01,2019,L7GM,Sound equipment,Taiwan,1524256.0,70356.0
2019-11-01,2019,L7GM,Sound equipment,China,38411275.0,2894334.0
2019-11-01,2019,L7GM,Sound equipment,Hong Kong,10582996.0,436544.0
2019-11-01,2019,L7GM,Sound equipment,Japan,467132.0,3774.0
2019-11-01,2019,L7GM,Sound equipment,South Korea,536746.0,17076.0
2019-11-01,2019,L7GM,Sound equipment,Taiwan,1631298.0,69326.0
2019-12-01,2019,L7GM,Sound equipment,China,24771884.0,1780052.0
2019-12-01,2019,L7GM,Sound equipment,Hong Kong,8292407.0,323817.0
2019-12-01,2019,L7GM,Sound equipment,Japan,544764.0,5154.0
2019-12-01,2019,L7GM,Sound equipment,South Korea,230598.0,22774.0
2019-12-01,2019,L7GM,Sound equipment,Taiwan,1141302.0,32269.0
2020-01-01,2020,L7GM,Sound equipment,China,24468205.0,1904169.0
2020-01-01,2020,L7GM,Sound equipment,Hong Kong,8983829.0,367067.0
2020-01-01,2020,L7GM,Sound equipment,Japan,333278.0,17382.0
2020-01-01,2020,L7GM,Sound equipment,South Korea,477448.0,20934.0
2020-01-01,2020,L7GM,Sound equipment,Taiwan,1461605.0,47319.0
2020-02-01,2020,L7GM,Sound equipment,China,19369913.0,1485460.0
2020-02-01,2020,L7GM,Sound equipment,Hong Kong,4685720.0,192629.0
2020-02-01,2020,L7GM,Sound equipment,Japan,332830.0,5918.0
2020-02-01,2020,L7GM,Sound equipment,South Korea,247164.0,2353.0
2020-02-01,2020,L7GM,Sound equipment,Taiwan,1321360.0,39434.0
2020-03-01,2020,L7GM,Sound equipment,China,12000957.0,804802.0
2020-03-01,2020,L7GM,Sound equipment,Hong Kong,4660583.0,199293.0
2020-03-01,2020,L7GM,Sound equipment,Japan,481568.0,8348.0
2020-03-01,2020,L7GM,Sound equipment,South Korea,551608.0,12718.0
2020-03-01,2020,L7GM,Sound equipment,Taiwan,523879.0,7641.0
2020-04-01,2020,L7GM,Sound equipment,China,14581610.0,849495.0
2020-04-01,2020,L7GM,Sound equipment,Hong Kong,4960518.0,207517.0
2020-04-01,2020,L7GM,Sound equipment,Japan,326124.0,7892.0
2020-04-01,2020,L7GM,Sound equipment,South Korea,245384.0,12794.0
2020-04-01,2020,L7GM,Sound equipment,Taiwan,1181014.0,52563.0
2020-05-01,2020,L7GM,Sound equipment,China,16490623.0,1057694.0
2020-05-01,2020,L7GM,Sound equipment,Hong Kong,5263673.0,224827.0
2020-05-01,2020,L7GM,Sound equipment,Japan,461760.0,5488.0
2020-05-01,2020,L7GM,Sound equipment,South Korea,512471.0,15385.0
2020-05-01,2020,L7GM,Sound equipment,Taiwan,586011.0,12180.0
2020-06-01,2020,L7GM,Sound equipment,China,24084978.0,1525399.0
2020-06-01,2020,L7GM,Sound equipment,Hong Kong,8876431.0,376622.0
2020-06-01,2020,L7GM,Sound equipment,Japan,403404.0,4187.0
2020-06-01,2020,L7GM,Sound equipment,South Korea,1376095.0,20311.0
2020-06-01,2020,L7GM,Sound equipment,Taiwan,1294501.0,41989.0
2020-07-01,2020,L7GM,Sound equipment,China,29424757.0,2043019.0
2020-07-01,2020,L7GM,Sound equipment,Hong Kong,12968821.0,558599.0
2020-07-01,2020,L7GM,Sound equipment,Japan,304235.0,4600.0
2020-07-01,2020,L7GM,Sound equipment,South Korea,1043316.0,11056.0
2020-07-01,2020,L7GM,Sound equipment,Taiwan,2831693.0,64127.0
2020-08-01,2020,L7GM,Sound equipment,China,27478367.0,2242630.0
2020-08-01,2020,L7GM,Sound equipment,Hong Kong,6435009.0,233133.0
2020-08-01,2020,L7GM,Sound equipment,Japan,577473.0,14165.0
2020-08-01,2020,L7GM,Sound equipment,South Korea,757770.0,11793.0
2020-08-01,2020,L7GM,Sound equipment,Taiwan,1044778.0,45993.0
2020-09-01,2020,L7GM,Sound equipment,China,35763498.0,2753014.0
2020-09-01,2020,L7GM,Sound equipment,Hong Kong,8580125.0,359070.0
2020-09-01,2020,L7GM,Sound equipment,Japan,578022.0,7841.0
2020-09-01,2020,L7GM,Sound equipment,South Korea,1060376.0,12201.0
2020-09-01,2020,L7GM,Sound equipment,Taiwan,986049.0,27327.0
2020-10-01,2020,L7GM,Sound equipment,China,34788095.0,2560542.0
2020-10-01,2020,L7GM,Sound equipment,Hong Kong,9964404.0,452262.0
2020-10-01,2020,L7GM,Sound equipment,Japan,597590.0,15992.0
2020-10-01,2020,L7GM,Sound equipment,South Korea,609502.0,9690.0
2020-10-01,2020,L7GM,Sound equipment,Taiwan,1238239.0,50355.0
2020-11-01,2020,L7GM,Sound equipment,China,35367419.0,2842158.0
2020-11-01,2020,L7GM,Sound equipment,Hong Kong,12304246.0,625688.0
2020-11-01,2020,L7GM,Sound equipment,Japan,582261.0,16226.0
2020-11-01,2020,L7GM,Sound equipment,South Korea,772996.0,12013.0
2020-11-01,2020,L7GM,Sound equipment,Taiwan,1522376.0,48839.0
2020-12-01,2020,L7GM,Sound equipment,China,35490413.0,2781010.0
2020-12-01,2020,L7GM,Sound equipment,Hong Kong,8870264.0,410424.0
2020-12-01,2020,L7GM,Sound equipment,Japan,544310.0,8075.0
2020-12-01,2020,L7GM,Sound equipment,South Korea,602892.0,10341.0
2020-12-01,2020,L7GM,Sound equipment,Taiwan,1161136.0,22588.0
2021-01-01,2021,L7GM,Sound equipment,China,25332643.0,2061857.0
2021-01-01,2021,L7GM,Sound equipment,Hong Kong,6964649.0,327843.0
2021-01-01,2021,L7GM,Sound equipment,Japan,334368.0,5270.0
2021-01-01,2021,L7GM,Sound equipment,South Korea,443117.0,8966.0
2021-01-01,2021,L7GM,Sound equipment,Taiwan,635886.0,21682.0
2021-02-01,2021,L7GM,Sound equipment,China,23268349.0,1767134.0
2021-02-01,2021,L7GM,Sound equipment,Hong Kong,7041869.0,273214.0
2021-02-01,2021,L7GM,Sound equipment,Japan,446737.0,9391.0
2021-02-01,2021,L7GM,Sound equipment,South Korea,373823.0,6204.0
2021-02-01,2021,L7GM,Sound equipment,Taiwan,750800.0,28136.0
2021-03-01,2021,L7GM,Sound equipment,China,23355253.0,1803524.0
2021-03-01,2021,L7GM,Sound equipment,Hong Kong,7466611.0,373260.0
2021-03-01,2021,L7GM,Sound equipment,Japan,470182.0,7333.0
2021-03-01,2021,L7GM,Sound equipment,South Korea,802526.0,23616.0
2021-03-01,2021,L7GM,Sound equipment,Taiwan,1055011.0,37255.0
2021-04-01,2021,L7GM,Sound equipment,China,22519868.0,1560019.0
2021-04-01,2021,L7GM,Sound equipment,Hong Kong,9293011.0,448656.0
2021-04-01,2021,L7GM,Sound equipment,Japan,596523.0,10254.0
2021-04-01,2021,L7GM,Sound equipment,South Korea,404970.0,10727.0
2021-04-01,2021,L7GM,Sound equipment,Taiwan,1086981.0,48395.0
2021-05-01,2021,L7GM,Sound equipment,China,21698517.0,1658776.0
2021-05-01,2021,L7GM,Sound equipment,Hong Kong,6261029.0,271157.0
2021-05-01,2021,L7GM,Sound equipment,Japan,449890.0,6433.0
2021-05-01,2021,L7GM,Sound equipment,South Korea,404826.0,11644.0
2021-05-01,2021,L7GM,Sound equipment,Taiwan,794645.0,38594.0
2021-06-01,2021,L7GM,Sound equipment,China,21357394.0,1630573.0
2021-06-01,2021,L7GM,Sound equipment,Hong Kong,8781018.0,381169.0
2021-06-01,2021,L7GM,Sound equipment,Japan,948322.0,28197.0
2021-06-01,2021,L7GM,Sound equipment,South Korea,425858.0,36311.0
2021-06-01,2021,L7GM,Sound equipment,Taiwan,616737.0,19665.0
2021-07-01,2021,L7GM,Sound equipment,China,19207414.0,1441789.0
2021-07-01,2021,L7GM,Sound equipment,Hong Kong,8580217.0,343989.0
2021-07-01,2021,L7GM,Sound equipment,Japan,878822.0,10736.0
2021-07-01,2021,L7GM,Sound equipment,South Korea,366275.0,10563.0
2021-07-01,2021,L7GM,Sound equipment,Taiwan,993053.0,45362.0
2021-08-01,2021,L7GM,Sound equipment,China,22800140.0,1702579.0
2021-08-01,2021,L7GM,Sound equipment,Hong Kong,6775585.0,267831.0
2021-08-01,2021,L7GM,Sound equipment,Japan,457670.0,7062.0
2021-08-01,2021,L7GM,Sound equipment,South Korea,679492.0,9297.0
2021-08-01,2021,L7GM,Sound equipment,Taiwan,882901.0,55355.0
2021-09-01,2021,L7GM,Sound equipment,China,28906233.0,2092952.0
2021-09-01,2021,L7GM,Sound equipment,Hong Kong,8792480.0,659625.0
2021-09-01,2021,L7GM,Sound equipment,Japan,779709.0,7725.0
2021-09-01,2021,L7GM,Sound equipment,South Korea,646812.0,23826.0
2021-09-01,2021,L7GM,Sound equipment,Taiwan,887768.0,50355.0
2021-10-01,2021,L7GM,Sound equipment,China,30196275.0,2115435.0
2021-10-01,2021,L7GM,Sound equipment,Hong Kong,8506588.0,417382.0
2021-10-01,2021,L7GM,Sound equipment,Japan,702641.0,6011.0
2021-10-01,2021,L7GM,Sound equipment,South Korea,1079492.0,60335.0
2021-10-01,2021,L7GM,Sound equipment,Taiwan,788414.0,20378.0
2021-11-01,2021,L7GM,Sound equipment,China,34021280.0,2608585.0
2021-11-01,2021,L7GM,Sound equipment,Hong Kong,13670377.0,591078.0
2021-11-01,2021,L7GM,Sound equipment,Japan,863427.0,8302.0
2021-11-01,2021,L7GM,Sound equipment,South Korea,730720.0,35570.0
2021-11-01,2021,L7GM,Sound equipment,Taiwan,1224664.0,49153.0
2021-12-01,2021,L7GM,Sound equipment,China,29058022.0,1939405.0
2021-12-01,2021,L7GM,Sound equipment,Hong Kong,14799929.0,617584.0
2021-12-01,2021,L7GM,Sound equipment,Japan,477192.0,4229.0
2021-12-01,2021,L7GM,Sound equipment,South Korea,282878.0,8939.0
2021-12-01,2021,L7GM,Sound equipment,Taiwan,1889832.0,85201.0
2022-01-01,2022,L7GM,Sound equipment,China,31002317.0,2255260.0
2022-01-01,2022,L7GM,Sound equipment,Hong Kong,8726533.0,296434.0
2022-01-01,2022,L7GM,Sound equipment,Japan,609247.0,5336.0
2022-01-01,2022,L7GM,Sound equipment,South Korea,376499.0,9782.0
2022-01-01,2022,L7GM,Sound equipment,Taiwan,1223649.0,62864.0
2022-02-01,2022,L7GM,Sound equipment,China,21287281.0,1457366.0
2022-02-01,2022,L7GM,Sound equipment,Hong Kong,5505964.0,221162.0
2022-02-01,2022,L7GM,Sound equipment,Japan,500096.0,3650.0
2022-02-01,2022,L7GM,Sound equipment,South Korea,555736.0,16996.0
2022-02-01,2022,L7GM,Sound equipment,Taiwan,960059.0,31793.0
2022-03-01,2022,L7GM,Sound equipment,China,29291971.0,1821632.0
2022-03-01,2022,L7GM,Sound equipment,Hong Kong,6470124.0,323158.0
2022-03-01,2022,L7GM,Sound equipment,Japan,609574.0,6511.0
2022-03-01,2022,L7GM,Sound equipment,South Korea,529367.0,13089.0
2022-03-01,2022,L7GM,Sound equipment,Taiwan,984697.0,50970.0
2022-04-01,2022,L7GM,Sound equipment,China,21258873.0,1081490.0
2022-04-01,2022,L7GM,Sound equipment,Hong Kong,5618507.0,161947.0
2022-04-01,2022,L7GM,Sound equipment,Japan,387857.0,5364.0
2022-04-01,2022,L7GM,Sound equipment,South Korea,524245.0,12122.0
2022-04-01,2022,L7GM,Sound equipment,Taiwan,610512.0,25096.0
2022-05-01,2022,L7GM,Sound equipment,China,25003185.0,1534133.0
2022-05-01,2022,L7GM,Sound equipment,Hong Kong,6430959.0,281530.0
2022-05-01,2022,L7GM,Sound equipment,Japan,686335.0,5898.0
2022-05-01,2022,L7GM,Sound equipment,South Korea,414044.0,5375.0
2022-05-01,2022,L7GM,Sound equipment,Taiwan,1096031.0,41236.0
2022-06-01,2022,L7GM,Sound equipment,China,26405598.0,1462246.0
2022-06-01,2022,L7GM,Sound equipment,Hong Kong,6729926.0,188896.0
2022-06-01,2022,L7GM,Sound equipment,Japan,682417.0,9419.0
2022-06-01,2022,L7GM,Sound equipment,South Korea,670400.0,13573.0
2022-06-01,2022,L7GM,Sound equipment,Taiwan,1031978.0,46957.0
2022-07-01,2022,L7GM,Sound equipment,China,20761198.0,1154128.0
2022-07-01,2022,L7GM,Sound equipment,Hong Kong,3723245.0,112683.0
2022-07-01,2022,L7GM,Sound equipment,Japan,456693.0,5613.0
2022-07-01,2022,L7GM,Sound equipment,South Korea,480997.0,8432.0
2022-07-01,2022,L7GM,Sound equipment,Taiwan,1345938.0,52133.0
2022-08-01,2022,L7GM,Sound equipment,China,29570589.0,2926375.0
2022-08-01,2022,L7GM,Sound equipment,Hong Kong,5943292.0,156600.0
2022-08-01,2022,L7GM,Sound equipment,Japan,582897.0,10602.0
2022-08-01,2022,L7GM,Sound equipment,South Korea,382139.0,10635.0
2022-08-01,2022,L7GM,Sound equipment,Taiwan,1236996.0,59087.0
2022-09-01,2022,L7GM,Sound equipment,China,36085027.0,2120649.0
2022-09-01,2022,L7GM,Sound equipment,Hong Kong,6195446.0,151599.0
2022-09-01,2022,L7GM,Sound equipment,Japan,675241.0,17684.0
2022-09-01,2022,L7GM,Sound equipment,South Korea,851188.0,14347.0
2022-09-01,2022,L7GM,Sound equipment,Taiwan,1055651.0,55010.0
2022-10-01,2022,L7GM,Sound equipment,China,39843463.0,2074691.0
2022-10-01,2022,L7GM,Sound equipment,Hong Kong,5780587.0,137291.0
2022-10-01,2022,L7GM,Sound equipment,Japan,586342.0,6572.0
2022-10-01,2022,L7GM,Sound equipment,South Korea,547925.0,15037.0
2022-10-01,2022,L7GM,Sound equipment,Taiwan,1073085.0,45865.0
2022-11-01,2022,L7GM,Sound equipment,China,44036551.0,2296209.0
2022-11-01,2022,L7GM,Sound equipment,Hong Kong,4332988.0,81552.0
2022-11-01,2022,L7GM,Sound equipment,Japan,582030.0,8846.0
2022-11-01,2022,L7GM,Sound equipment,South Korea,889137.0,15075.0
2022-11-01,2022,L7GM,Sound equipment,Taiwan,636538.0,21482.0
2022-12-01,2022,L7GM,Sound equipment,China,28640717.0,1656067.0
2022-12-01,2022,L7GM,Sound equipment,Hong Kong,2689455.0,83837.0
2022-12-01,2022,L7GM,Sound equipment,Japan,870364.0,13029.0
2022-12-01,2022,L7GM,Sound equipment,South Korea,189791.0,3507.0
2022-12-01,2022,L7GM,Sound equipment,Taiwan,811497.0,26301.0
2023-01-01,2023,L7GM,Sound equipment,China,21195781.0,1251779.0
2023-01-01,2023,L7GM,Sound equipment,Hong Kong,2080009.0,55997.0
2023-01-01,2023,L7GM,Sound equipment,Japan,422797.0,6425.0
2023-01-01,2023,L7GM,Sound equipment,South Korea,398071.0,6200.0
2023-01-01,2023,L7GM,Sound equipment,Taiwan,761625.0,23371.0
2023-02-01,2023,L7GM,Sound equipment,China,25364718.0,1458762.0
2023-02-01,2023,L7GM,Sound equipment,Hong Kong,3462956.0,77464.0
2023-02-01,2023,L7GM,Sound equipment,Japan,674219.0,10625.0
2023-02-01,2023,L7GM,Sound equipment,South Korea,271844.0,4466.0
2023-02-01,2023,L7GM,Sound equipment,Taiwan,749556.0,35513.0
2023-03-01,2023,L7GM,Sound equipment,China,20829410.0,1060645.0
2023-03-01,2023,L7GM,Sound equipment,Hong Kong,2408069.0,36300.0
2023-03-01,2023,L7GM,Sound equipment,Japan,668410.0,9639.0
2023-03-01,2023,L7GM,Sound equipment,South Korea,256604.0,4491.0
2023-03-01,2023,L7GM,Sound equipment,Taiwan,480610.0,11562.0
2023-04-01,2023,L7GM,Sound equipment,China,19362002.0,1025201.0
2023-04-01,2023,L7GM,Sound equipment,Hong Kong,2973081.0,59293.0
2023-04-01,2023,L7GM,Sound equipment,Japan,667925.0,6116.0
2023-04-01,2023,L7GM,Sound equipment,South Korea,373387.0,7944.0
2023-04-01,2023,L7GM,Sound equipment,Taiwan,374921.0,6796.0
2023-05-01,2023,L7GM,Sound equipment,China,29206828.0,1436984.0
2023-05-01,2023,L7GM,Sound equipment,Hong Kong,2888697.0,70203.0
2023-05-01,2023,L7GM,Sound equipment,Japan,492979.0,6254.0
2023-05-01,2023,L7GM,Sound equipment,South Korea,378761.0,6070.0
2023-05-01,2023,L7GM,Sound equipment,Taiwan,874736.0,27701.0
2023-06-01,2023,L7GM,Sound equipment,China,29730509.0,1578095.0
2023-06-01,2023,L7GM,Sound equipment,Hong Kong,3628236.0,83083.0
2023-06-01,2023,L7GM,Sound equipment,Japan,444103.0,10129.0
2023-06-01,2023,L7GM,Sound equipment,South Korea,368734.0,6993.0
2023-06-01,2023,L7GM,Sound equipment,Taiwan,555546.0,17139.0
2023-07-01,2023,L7GM,Sound equipment,China,28666390.0,1574493.0
2023-07-01,2023,L7GM,Sound equipment,Hong Kong,2990941.0,66167.0
2023-07-01,2023,L7GM,Sound equipment,Japan,1028893.0,13305.0
2023-07-01,2023,L7GM,Sound equipment,South Korea,165298.0,3635.0
2023-07-01,2023,L7GM,Sound equipment,Taiwan,993767.0,45582.0
2023-08-01,2023,L7GM,Sound equipment,China,30592083.0,1598541.0
2023-08-01,2023,L7GM,Sound equipment,Hong Kong,3650682.0,99804.0
2023-08-01,2023,L7GM,Sound equipment,Japan,1109991.0,25204.0
2023-08-01,2023,L7GM,Sound equipment,South Korea,703680.0,15029.0
2023-08-01,2023,L7GM,Sound equipment,Taiwan,740747.0,32490.0
2023-09-01,2023,L7GM,Sound equipment,China,37964821.0,2001435.0
2023-09-01,2023,L7GM,Sound equipment,Hong Kong,2924018.0,74167.0
2023-09-01,2023,L7GM,Sound equipment,Japan,575324.0,9607.0
2023-09-01,2023,L7GM,Sound equipment,South Korea,809480.0,13185.0
2023-09-01,2023,L7GM,Sound equipment,Taiwan,514691.0,25667.0
2023-10-01,2023,L7GM,Sound equipment,China,44515744.0,2406663.0
2023-10-01,2023,L7GM,Sound equipment,Hong Kong,5775535.0,97237.0
2023-10-01,2023,L7GM,Sound equipment,Japan,2482898.0,49978.0
2023-10-01,2023,L7GM,Sound equipment,South Korea,823384.0,18109.0
2023-10-01,2023,L7GM,Sound equipment,Taiwan,467730.0,16845.0
2023-11-01,2023,L7GM,Sound equipment,China,32963636.0,2060912.0
2023-11-01,2023,L7GM,Sound equipment,Hong Kong,3617067.0,87580.0
2023-11-01,2023,L7GM,Sound equipment,Japan,1241560.0,23219.0
2023-11-01,2023,L7GM,Sound equipment,South Korea,562278.0,10482.0
2023-11-01,2023,L7GM,Sound equipment,Taiwan,1066131.0,33220.0
2023-12-01,2023,L7GM,Sound equipment,China,24902898.0,1472887.0
2023-12-01,2023,L7GM,Sound equipment,Hong Kong,2923619.0,66028.0
2023-12-01,2023,L7GM,Sound equipment,Japan,712841.0,13352.0
2023-12-01,2023,L7GM,Sound equipment,South Korea,315122.0,9683.0
2023-12-01,2023,L7GM,Sound equipment,Taiwan,390623.0,27434.0
2024-01-01,2024,L7GM,Sound equipment,China,23719625.0,1287861.0
2024-01-01,2024,L7GM,Sound equipment,Hong Kong,4380901.0,91715.0
2024-01-01,2024,L7GM,Sound equipment,Japan,1012309.0,15278.0
2024-01-01,2024,L7GM,Sound equipment,South Korea,316168.0,8605.0
2024-01-01,2024,L7GM,Sound equipment,Taiwan,482259.0,7243.0
2024-02-01,2024,L7GM,Sound equipment,China,20398708.0,1394555.0
2024-02-01,2024,L7GM,Sound equipment,Hong Kong,2328008.0,40753.0
2024-02-01,2024,L7GM,Sound equipment,Japan,361484.0,3718.0
2024-02-01,2024,L7GM,Sound equipment,South Korea,263840.0,5972.0
2024-02-01,2024,L7GM,Sound equipment,Taiwan,419973.0,19337.0
2024-03-01,2024,L7GM,Sound equipment,China,29040193.0,1741569.0
2024-03-01,2024,L7GM,Sound equipment,Hong Kong,3351048.0,84708.0
2024-03-01,2024,L7GM,Sound equipment,Japan,622452.0,10732.0
2024-03-01,2024,L7GM,Sound equipment,South Korea,607141.0,15128.0
2024-03-01,2024,L7GM,Sound equipment,Taiwan,857545.0,29937.0
2024-04-01,2024,L7GM,Sound equipment,China,22852183.0,1222228.0
2024-04-01,2024,L7GM,Sound equipment,Hong Kong,2764014.0,36822.0
2024-04-01,2024,L7GM,Sound equipment,Japan,488513.0,7428.0
2024-04-01,2024,L7GM,Sound equipment,South Korea,962184.0,19409.0
2024-04-01,2024,L7GM,Sound equipment,Taiwan,682216.0,20935.0
2024-05-01,2024,L7GM,Sound equipment,China,28030575.0,1657993.0
2024-05-01,2024,L7GM,Sound equipment,Hong Kong,3465078.0,82898.0
2024-05-01,2024,L7GM,Sound equipment,Japan,662765.0,5993.0
2024-05-01,2024,L7GM,Sound equipment,South Korea,867640.0,18351.0
2024-05-01,2024,L7GM,Sound equipment,Taiwan,412169.0,25288.0
2024-06-01,2024,L7GM,Sound equipment,China,30253015.0,1764871.0
2024-06-01,2024,L7GM,Sound equipment,Hong Kong,3677058.0,74856.0
2024-06-01,2024,L7GM,Sound equipment,Japan,532422.0,5707.0
2024-06-01,2024,L7GM,Sound equipment,South Korea,650720.0,14194.0
2024-06-01,2024,L7GM,Sound equipment,Taiwan,733465.0,31452.0
2024-07-01,2024,L7GM,Sound equipment,China,56632466.0,1780671.0
2024-07-01,2024,L7GM,Sound equipment,Hong Kong,2788515.0,67303.0
2024-07-01,2024,L7GM,Sound equipment,Japan,644934.0,7504.0
2024-07-01,2024,L7GM,Sound equipment,South Korea,507181.0,9621.0
2024-07-01,2024,L7GM,Sound equipment,Taiwan,1068776.0,38203.0
2024-08-01,2024,L7GM,Sound equipment,China,60925227.0,2118349.0
2024-08-01,2024,L7GM,Sound equipment,Hong Kong,4060839.0,119034.0
2024-08-01,2024,L7GM,Sound equipment,Japan,645827.0,5950.0
2024-08-01,2024,L7GM,Sound equipment,South Korea,879297.0,17068.0
2024-08-01,2024,L7GM,Sound equipment,Taiwan,1364312.0,52165.0
2024-09-01,2024,L7GM,Sound equipment,China,36971742.0,2076122.0
2024-09-01,2024,L7GM,Sound equipment,Hong Kong,3993944.0,87728.0
2024-09-01,2024,L7GM,Sound equipment,Japan,494894.0,9902.0
2024-09-01,2024,L7GM,Sound equipment,South Korea,493091.0,14370.0
2024-09-01,2024,L7GM,Sound equipment,Taiwan,1082503.0,35666.0
2024-10-01,2024,L7GM,Sound equipment,China,77203739.0,2980289.0
2024-10-01,2024,L7GM,Sound equipment,Hong Kong,4923061.0,81284.0
2024-10-01,2024,L7GM,Sound equipment,Japan,4213951.0,50958.0
2024-10-01,2024,L7GM,Sound equipment,South Korea,1701331.0,35903.0
2024-10-01,2024,L7GM,Sound equipment,Taiwan,1226819.0,61873.0
2024-11-01,2024,L7GM,Sound equipment,China,134568798.0,3395806.0
2024-11-01,2024,L7GM,Sound equipment,Hong Kong,5033185.0,60321.0
2024-11-01,2024,L7GM,Sound equipment,Japan,3083039.0,34901.0
2024-11-01,2024,L7GM,Sound equipment,South Korea,708779.0,13868.0
2024-11-01,2024,L7GM,Sound equipment,Taiwan,766148.0,43203.0
2024-12-01,2024,L7GM,Sound equipment,China,54351964.0,2060193.0
2024-12-01,2024,L7GM,Sound equipment,Hong Kong,5375318.0,78513.0
2024-12-01,2024,L7GM,Sound equipment,Japan,5818007.0,68975.0
2024-12-01,2024,L7GM,Sound equipment,South Korea,534120.0,15465.0
2024-12-01,2024,L7GM,Sound equipment,Taiwan,389479.0,6990.0
2025-01-01,2025,L7GM,Sound equipment,China,50007921.0,2161159.0
2025-01-01,2025,L7GM,Sound equipment,Hong Kong,5150644.0,89770.0
2025-01-01,2025,L7GM,Sound equipment,Japan,4037619.0,47423.0
2025-01-01,2025,L7GM,Sound equipment,South Korea,630566.0,16911.0
2025-01-01,2025,L7GM,Sound equipment,Taiwan,1006637.0,35772.0
2025-02-01,2025,L7GM,Sound equipment,China,40823780.0,2005156.0
2025-02-01,2025,L7GM,Sound equipment,Hong Kong,2762287.0,51975.0
2025-02-01,2025,L7GM,Sound equipment,Japan,279441.0,3007.0
2025-02-01,2025,L7GM,Sound equipment,South Korea,487894.0,11667.0
2025-02-01,2025,L7GM,Sound equipment,Taiwan,485480.0,12077.0
2025-03-01,2025,L7GM,Sound equipment,China,38132595.0,1811084.0
2025-03-01,2025,L7GM,Sound equipment,Hong Kong,4591583.0,79130.0
2025-03-01,2025,L7GM,Sound equipment,Japan,286883.0,3143.0
2025-03-01,2025,L7GM,Sound equipment,South Korea,428764.0,8839.0
2025-03-01,2025,L7GM,Sound equipment,Taiwan,516409.0,23721.0
2025-04-01,2025,L7GM,Sound equipment,China,41534537.0,1474983.0
2025-04-01,2025,L7GM,Sound equipment,Hong Kong,3773533.0,40300.0
2025-04-01,2025,L7GM,Sound equipment,Japan,1094689.0,11885.0
2025-04-01,2025,L7GM,Sound equipment,South Korea,782654.0,15394.0
2025-04-01,2025,L7GM,Sound equipment,Taiwan,1097488.0,22773.0
2025-05-01,2025,L7GM,Sound equipment,China,50073083.0,1668372.0
2025-05-01,2025,L7GM,Sound equipment,Hong Kong,3307029.0,65342.0
2025-05-01,2025,L7GM,Sound equipment,Japan,521318.0,4238.0
2025-05-01,2025,L7GM,Sound equipment,South Korea,287500.0,5739.0
2025-05-01,2025,L7GM,Sound equipment,Taiwan,1320718.0,37401.0
2025-06-01,2025,L7GM,Sound equipment,China,46056404.0,1827760.0
2025-06-01,2025,L7GM,Sound equipment,Hong Kong,3977191.0,70237.0
2025-06-01,2025,L7GM,Sound equipment,Japan,370799.0,5594.0
2025-06-01,2025,L7GM,Sound equipment,South Korea,456190.0,10171.0
2025-06-01,2025,L7GM,Sound equipment,Taiwan,1282190.0,32347.0
2025-07-01,2025,L7GM,Sound equipment,China,41720097.0,1904669.0
2025-07-01,2025,L7GM,Sound equipment,Hong Kong,4298831.0,74445.0
2025-07-01,2025,L7GM,Sound equipment,Japan,362718.0,2555.0
2025-07-01,2025,L7GM,Sound equipment,South Korea,491854.0,9547.0
2025-07-01,2025,L7GM,Sound equipment,Taiwan,633993.0,37915.0
2025-08-01,2025,L7GM,Sound equipment,China,37921724.0,1990009.0
2025-08-01,2025,L7GM,Sound equipment,Hong Kong,4251994.0,78434.0
2025-08-01,2025,L7GM,Sound equipment,Japan,326725.0,3974.0
2025-08-01,2025,L7GM,Sound equipment,South Korea,726011.0,16972.0
2025-08-01,2025,L7GM,Sound equipment,Taiwan,1138582.0,48595.0
2025-09-01,2025,L7GM,Sound equipment,China,53727056.0,2430568.0
2025-09-01,2025,L7GM,Sound equipment,Hong Kong,3461703.0,75716.0
2025-09-01,2025,L7GM,Sound equipment,Japan,372226.0,3477.0
2025-09-01,2025,L7GM,Sound equipment,South Korea,1403176.0,25307.0
2025-09-01,2025,L7GM,Sound equipment,Taiwan,848504.0,29949.0
2025-10-01,2025,L7GM,Sound equipment,China,88593115.0,2888228.0
2025-10-01,2025,L7GM,Sound equipment,Hong Kong,5522659.0,117799.0
2025-10-01,2025,L7GM,Sound equipment,Japan,429472.0,3700.0
2025-10-01,2025,L7GM,Sound equipment,South Korea,1019061.0,22473.0
2025-10-01,2025,L7GM,Sound equipment,Taiwan,1914107.0,62336.0
2025-11-01,2025,L7GM,Sound equipment,China,82419337.0,2677193.0
2025-11-01,2025,L7GM,Sound equipment,Hong Kong,5299572.0,72724.0
2025-11-01,2025,L7GM,Sound equipment,Japan,506399.0,6811.0
2025-11-01,2025,L7GM,Sound equipment,South Korea,1123205.0,19980.0
2025-11-01,2025,L7GM,Sound equipment,Taiwan,1169352.0,43190.0
2025-12-01,2025,L7GM,Sound equipment,China,66678039.0,2300675.0
2025-12-01,2025,L7GM,Sound equipment,Hong Kong,5080948.0,65178.0
2025-12-01,2025,L7GM,Sound equipment,Japan,392711.0,3619.0
2025-12-01,2025,L7GM,Sound equipment,South Korea,1253060.0,26022.0
2025-12-01,2025,L7GM,Sound equipment,Taiwan,377906.0,22748.0
2026-01-01,2026,L7GM,Sound equipment,China,55455575.0,1718013.0
2026-01-01,2026,L7GM,Sound equipment,Hong Kong,2964956.0,51802.0
2026-01-01,2026,L7GM,Sound equipment,Japan,627126.0,7277.0
2026-01-01,2026,L7GM,Sound equipment,South Korea,414620.0,10972.0
2026-01-01,2026,L7GM,Sound equipment,Taiwan,1121640.0,53593.0
2026-02-01,2026,L7GM,Sound equipment,China,42096299.0,1905689.0
2026-02-01,2026,L7GM,Sound equipment,Hong Kong,4066048.0,90128.0
2026-02-01,2026,L7GM,Sound equipment,Japan,2701445.0,29997.0
2026-02-01,2026,L7GM,Sound equipment,South Korea,781986.0,24309.0
2026-02-01,2026,L7GM,Sound equipment,Taiwan,1081106.0,37747.0
2026-03-01,2026,L7GM,Sound equipment,China,46910587.0,2174794.0
2026-03-01,2026,L7GM,Sound equipment,Hong Kong,2388931.0,35610.0
2026-03-01,2026,L7GM,Sound equipment,Japan,3216437.0,37217.0
2026-03-01,2026,L7GM,Sound equipment,South Korea,376265.0,10313.0
2026-03-01,2026,L7GM,Sound equipment,Taiwan,1738961.0,63910.0
2026-04-01,2026,L7GM,Sound equipment,China,47845726.0,1412238.0
2026-04-01,2026,L7GM,Sound equipment,Hong Kong,4198437.0,66986.0
2026-04-01,2026,L7GM,Sound equipment,Japan,2496388.0,28856.0
2026-04-01,2026,L7GM,Sound equipment,South Korea,901832.0,19289.0
2026-04-01,2026,L7GM,Sound equipment,Taiwan,1153456.0,36174.0
2026-05-01,2026,L7GM,Sound equipment,China,41722638.0,1711934.0
2026-05-01,2026,L7GM,Sound equipment,Hong Kong,4331236.0,70604.0
2026-05-01,2026,L7GM,Sound equipment,Japan,5554743.0,62150.0
2026-05-01,2026,L7GM,Sound equipment,South Korea,1093429.0,22070.0
2026-05-01,2026,L7GM,Sound equipment,Taiwan,889718.0,34128.0
2015-01-01,2015,L7GP,Sound and vision equipment,China,71851016.0,5705404.0
2015-01-01,2015,L7GP,Sound and vision equipment,Hong Kong,13468088.0,686241.0
2015-01-01,2015,L7GP,Sound and vision equipment,Japan,12476742.0,101309.0
2015-01-01,2015,L7GP,Sound and vision equipment,South Korea,3602456.0,260762.0
2015-01-01,2015,L7GP,Sound and vision equipment,Taiwan,2950385.0,216839.0
2015-02-01,2015,L7GP,Sound and vision equipment,China,61699692.0,4959246.0
2015-02-01,2015,L7GP,Sound and vision equipment,Hong Kong,14066387.0,576548.0
2015-02-01,2015,L7GP,Sound and vision equipment,Japan,5994436.0,64935.0
2015-02-01,2015,L7GP,Sound and vision equipment,South Korea,3973609.0,283930.0
2015-02-01,2015,L7GP,Sound and vision equipment,Taiwan,1924261.0,90031.0
2015-03-01,2015,L7GP,Sound and vision equipment,China,64658883.0,4756995.0
2015-03-01,2015,L7GP,Sound and vision equipment,Hong Kong,12854144.0,634625.0
2015-03-01,2015,L7GP,Sound and vision equipment,Japan,8757731.0,87591.0
2015-03-01,2015,L7GP,Sound and vision equipment,South Korea,4726160.0,253179.0
2015-03-01,2015,L7GP,Sound and vision equipment,Taiwan,4329105.0,160468.0
2015-04-01,2015,L7GP,Sound and vision equipment,China,60988125.0,4115603.0
2015-04-01,2015,L7GP,Sound and vision equipment,Hong Kong,12979629.0,624171.0
2015-04-01,2015,L7GP,Sound and vision equipment,Japan,10134535.0,89140.0
2015-04-01,2015,L7GP,Sound and vision equipment,South Korea,5181833.0,320757.0
2015-04-01,2015,L7GP,Sound and vision equipment,Taiwan,6178427.0,264276.0
2015-05-01,2015,L7GP,Sound and vision equipment,China,73277619.0,5092184.0
2015-05-01,2015,L7GP,Sound and vision equipment,Hong Kong,12802377.0,709188.0
2015-05-01,2015,L7GP,Sound and vision equipment,Japan,10676572.0,99036.0
2015-05-01,2015,L7GP,Sound and vision equipment,South Korea,3854301.0,237649.0
2015-05-01,2015,L7GP,Sound and vision equipment,Taiwan,2753624.0,112360.0
2015-06-01,2015,L7GP,Sound and vision equipment,China,63126284.0,4241498.0
2015-06-01,2015,L7GP,Sound and vision equipment,Hong Kong,11897862.0,567878.0
2015-06-01,2015,L7GP,Sound and vision equipment,Japan,9562393.0,80372.0
2015-06-01,2015,L7GP,Sound and vision equipment,South Korea,4822724.0,273289.0
2015-06-01,2015,L7GP,Sound and vision equipment,Taiwan,6131853.0,166383.0
2015-07-01,2015,L7GP,Sound and vision equipment,China,67615580.0,4989839.0
2015-07-01,2015,L7GP,Sound and vision equipment,Hong Kong,18993126.0,819489.0
2015-07-01,2015,L7GP,Sound and vision equipment,Japan,9159770.0,81192.0
2015-07-01,2015,L7GP,Sound and vision equipment,South Korea,2639649.0,167035.0
2015-07-01,2015,L7GP,Sound and vision equipment,Taiwan,7635001.0,357706.0
2015-08-01,2015,L7GP,Sound and vision equipment,China,65919333.0,4392268.0
2015-08-01,2015,L7GP,Sound and vision equipment,Hong Kong,13199625.0,615703.0
2015-08-01,2015,L7GP,Sound and vision equipment,Japan,14434990.0,129916.0
2015-08-01,2015,L7GP,Sound and vision equipment,South Korea,2665989.0,155548.0
2015-08-01,2015,L7GP,Sound and vision equipment,Taiwan,5313394.0,195252.0
2015-09-01,2015,L7GP,Sound and vision equipment,China,83958941.0,4930420.0
2015-09-01,2015,L7GP,Sound and vision equipment,Hong Kong,16767371.0,764851.0
2015-09-01,2015,L7GP,Sound and vision equipment,Japan,9804494.0,55254.0
2015-09-01,2015,L7GP,Sound and vision equipment,South Korea,3335045.0,222990.0
2015-09-01,2015,L7GP,Sound and vision equipment,Taiwan,6203714.0,158578.0
2015-10-01,2015,L7GP,Sound and vision equipment,China,100527083.0,6628648.0
2015-10-01,2015,L7GP,Sound and vision equipment,Hong Kong,19592918.0,930792.0
2015-10-01,2015,L7GP,Sound and vision equipment,Japan,11783172.0,65278.0
2015-10-01,2015,L7GP,Sound and vision equipment,South Korea,4989716.0,369211.0
2015-10-01,2015,L7GP,Sound and vision equipment,Taiwan,5749515.0,115794.0
2015-11-01,2015,L7GP,Sound and vision equipment,China,104514310.0,6608611.0
2015-11-01,2015,L7GP,Sound and vision equipment,Hong Kong,40664358.0,1020201.0
2015-11-01,2015,L7GP,Sound and vision equipment,Japan,11515618.0,65477.0
2015-11-01,2015,L7GP,Sound and vision equipment,South Korea,5645343.0,435702.0
2015-11-01,2015,L7GP,Sound and vision equipment,Taiwan,12741962.0,189973.0
2015-12-01,2015,L7GP,Sound and vision equipment,China,102177917.0,5937926.0
2015-12-01,2015,L7GP,Sound and vision equipment,Hong Kong,17520564.0,653476.0
2015-12-01,2015,L7GP,Sound and vision equipment,Japan,8247197.0,38752.0
2015-12-01,2015,L7GP,Sound and vision equipment,South Korea,5871037.0,493905.0
2015-12-01,2015,L7GP,Sound and vision equipment,Taiwan,7580102.0,109348.0
2016-01-01,2016,L7GP,Sound and vision equipment,China,85205205.0,4935854.0
2016-01-01,2016,L7GP,Sound and vision equipment,Hong Kong,14373544.0,755571.0
2016-01-01,2016,L7GP,Sound and vision equipment,Japan,11519188.0,57836.0
2016-01-01,2016,L7GP,Sound and vision equipment,South Korea,4959164.0,264612.0
2016-01-01,2016,L7GP,Sound and vision equipment,Taiwan,7293276.0,259058.0
2016-02-01,2016,L7GP,Sound and vision equipment,China,72316351.0,3859837.0
2016-02-01,2016,L7GP,Sound and vision equipment,Hong Kong,8693597.0,492288.0
2016-02-01,2016,L7GP,Sound and vision equipment,Japan,9684657.0,49630.0
2016-02-01,2016,L7GP,Sound and vision equipment,South Korea,3779305.0,221965.0
2016-02-01,2016,L7GP,Sound and vision equipment,Taiwan,7420884.0,183108.0
2016-03-01,2016,L7GP,Sound and vision equipment,China,67760637.0,3568893.0
2016-03-01,2016,L7GP,Sound and vision equipment,Hong Kong,11034718.0,551114.0
2016-03-01,2016,L7GP,Sound and vision equipment,Japan,10903099.0,75743.0
2016-03-01,2016,L7GP,Sound and vision equipment,South Korea,4549758.0,252492.0
2016-03-01,2016,L7GP,Sound and vision equipment,Taiwan,12016260.0,235294.0
2016-04-01,2016,L7GP,Sound and vision equipment,China,76205578.0,3944116.0
2016-04-01,2016,L7GP,Sound and vision equipment,Hong Kong,12533499.0,777744.0
2016-04-01,2016,L7GP,Sound and vision equipment,Japan,9228883.0,62103.0
2016-04-01,2016,L7GP,Sound and vision equipment,South Korea,4988153.0,303487.0
2016-04-01,2016,L7GP,Sound and vision equipment,Taiwan,12797298.0,250180.0
2016-05-01,2016,L7GP,Sound and vision equipment,China,82110243.0,4162049.0
2016-05-01,2016,L7GP,Sound and vision equipment,Hong Kong,14643693.0,529386.0
2016-05-01,2016,L7GP,Sound and vision equipment,Japan,7992838.0,74768.0
2016-05-01,2016,L7GP,Sound and vision equipment,South Korea,4970005.0,324982.0
2016-05-01,2016,L7GP,Sound and vision equipment,Taiwan,7243981.0,197361.0
2016-06-01,2016,L7GP,Sound and vision equipment,China,88520961.0,4583225.0
2016-06-01,2016,L7GP,Sound and vision equipment,Hong Kong,17748037.0,578522.0
2016-06-01,2016,L7GP,Sound and vision equipment,Japan,9085324.0,90422.0
2016-06-01,2016,L7GP,Sound and vision equipment,South Korea,3132380.0,196584.0
2016-06-01,2016,L7GP,Sound and vision equipment,Taiwan,5563344.0,203709.0
2016-07-01,2016,L7GP,Sound and vision equipment,China,79821493.0,4391431.0
2016-07-01,2016,L7GP,Sound and vision equipment,Hong Kong,13952608.0,634054.0
2016-07-01,2016,L7GP,Sound and vision equipment,Japan,8412712.0,84026.0
2016-07-01,2016,L7GP,Sound and vision equipment,South Korea,2529489.0,124251.0
2016-07-01,2016,L7GP,Sound and vision equipment,Taiwan,7130258.0,189368.0
2016-08-01,2016,L7GP,Sound and vision equipment,China,90613130.0,4399852.0
2016-08-01,2016,L7GP,Sound and vision equipment,Hong Kong,16032255.0,654344.0
2016-08-01,2016,L7GP,Sound and vision equipment,Japan,10430590.0,95421.0
2016-08-01,2016,L7GP,Sound and vision equipment,South Korea,3061773.0,162590.0
2016-08-01,2016,L7GP,Sound and vision equipment,Taiwan,10255173.0,127243.0
2016-09-01,2016,L7GP,Sound and vision equipment,China,90765483.0,4593554.0
2016-09-01,2016,L7GP,Sound and vision equipment,Hong Kong,27088651.0,761917.0
2016-09-01,2016,L7GP,Sound and vision equipment,Japan,8017933.0,107721.0
2016-09-01,2016,L7GP,Sound and vision equipment,South Korea,2765764.0,173697.0
2016-09-01,2016,L7GP,Sound and vision equipment,Taiwan,6594992.0,167060.0
2016-10-01,2016,L7GP,Sound and vision equipment,China,96729310.0,5361545.0
2016-10-01,2016,L7GP,Sound and vision equipment,Hong Kong,15267009.0,692391.0
2016-10-01,2016,L7GP,Sound and vision equipment,Japan,9547861.0,76423.0
2016-10-01,2016,L7GP,Sound and vision equipment,South Korea,3876973.0,269708.0
2016-10-01,2016,L7GP,Sound and vision equipment,Taiwan,12068510.0,250691.0
2016-11-01,2016,L7GP,Sound and vision equipment,China,107947029.0,5997123.0
2016-11-01,2016,L7GP,Sound and vision equipment,Hong Kong,28078823.0,998073.0
2016-11-01,2016,L7GP,Sound and vision equipment,Japan,9174121.0,54873.0
2016-11-01,2016,L7GP,Sound and vision equipment,South Korea,4133134.0,208256.0
2016-11-01,2016,L7GP,Sound and vision equipment,Taiwan,12566948.0,271517.0
2016-12-01,2016,L7GP,Sound and vision equipment,China,109456465.0,5782367.0
2016-12-01,2016,L7GP,Sound and vision equipment,Hong Kong,24896875.0,846257.0
2016-12-01,2016,L7GP,Sound and vision equipment,Japan,9827428.0,46259.0
2016-12-01,2016,L7GP,Sound and vision equipment,South Korea,4033266.0,201056.0
2016-12-01,2016,L7GP,Sound and vision equipment,Taiwan,21798791.0,202759.0
2017-01-01,2017,L7GP,Sound and vision equipment,China,85296162.0,4098373.0
2017-01-01,2017,L7GP,Sound and vision equipment,Hong Kong,17803932.0,746714.0
2017-01-01,2017,L7GP,Sound and vision equipment,Japan,8631108.0,28402.0
2017-01-01,2017,L7GP,Sound and vision equipment,South Korea,5791962.0,328780.0
2017-01-01,2017,L7GP,Sound and vision equipment,Taiwan,10941913.0,269164.0
2017-02-01,2017,L7GP,Sound and vision equipment,China,63810600.0,3291823.0
2017-02-01,2017,L7GP,Sound and vision equipment,Hong Kong,11657911.0,443264.0
2017-02-01,2017,L7GP,Sound and vision equipment,Japan,10558139.0,76775.0
2017-02-01,2017,L7GP,Sound and vision equipment,South Korea,4389121.0,242369.0
2017-02-01,2017,L7GP,Sound and vision equipment,Taiwan,4026250.0,125848.0
2017-03-01,2017,L7GP,Sound and vision equipment,China,61890439.0,3017382.0
2017-03-01,2017,L7GP,Sound and vision equipment,Hong Kong,14701617.0,491771.0
2017-03-01,2017,L7GP,Sound and vision equipment,Japan,8577630.0,40810.0
2017-03-01,2017,L7GP,Sound and vision equipment,South Korea,5802399.0,387613.0
2017-03-01,2017,L7GP,Sound and vision equipment,Taiwan,12383134.0,161807.0
2017-04-01,2017,L7GP,Sound and vision equipment,China,64314726.0,3212869.0
2017-04-01,2017,L7GP,Sound and vision equipment,Hong Kong,14631615.0,388372.0
2017-04-01,2017,L7GP,Sound and vision equipment,Japan,6954809.0,32878.0
2017-04-01,2017,L7GP,Sound and vision equipment,South Korea,3065535.0,126225.0
2017-04-01,2017,L7GP,Sound and vision equipment,Taiwan,7983689.0,174391.0
2017-05-01,2017,L7GP,Sound and vision equipment,China,70633908.0,3937256.0
2017-05-01,2017,L7GP,Sound and vision equipment,Hong Kong,15084253.0,460731.0
2017-05-01,2017,L7GP,Sound and vision equipment,Japan,6639572.0,53507.0
2017-05-01,2017,L7GP,Sound and vision equipment,South Korea,4477362.0,174566.0
2017-05-01,2017,L7GP,Sound and vision equipment,Taiwan,6052100.0,167330.0
2017-06-01,2017,L7GP,Sound and vision equipment,China,73182594.0,3940283.0
2017-06-01,2017,L7GP,Sound and vision equipment,Hong Kong,13243882.0,475194.0
2017-06-01,2017,L7GP,Sound and vision equipment,Japan,10321553.0,118775.0
2017-06-01,2017,L7GP,Sound and vision equipment,South Korea,3573451.0,168090.0
2017-06-01,2017,L7GP,Sound and vision equipment,Taiwan,6419758.0,124213.0
2017-07-01,2017,L7GP,Sound and vision equipment,China,87403186.0,3959100.0
2017-07-01,2017,L7GP,Sound and vision equipment,Hong Kong,13249192.0,453004.0
2017-07-01,2017,L7GP,Sound and vision equipment,Japan,10174864.0,98659.0
2017-07-01,2017,L7GP,Sound and vision equipment,South Korea,3452148.0,117277.0
2017-07-01,2017,L7GP,Sound and vision equipment,Taiwan,8418621.0,222161.0
2017-08-01,2017,L7GP,Sound and vision equipment,China,83583596.0,4355828.0
2017-08-01,2017,L7GP,Sound and vision equipment,Hong Kong,11717032.0,453207.0
2017-08-01,2017,L7GP,Sound and vision equipment,Japan,13835898.0,98168.0
2017-08-01,2017,L7GP,Sound and vision equipment,South Korea,2153397.0,56395.0
2017-08-01,2017,L7GP,Sound and vision equipment,Taiwan,6640000.0,190991.0
2017-09-01,2017,L7GP,Sound and vision equipment,China,96656960.0,4390156.0
2017-09-01,2017,L7GP,Sound and vision equipment,Hong Kong,13911150.0,507752.0
2017-09-01,2017,L7GP,Sound and vision equipment,Japan,9051681.0,38120.0
2017-09-01,2017,L7GP,Sound and vision equipment,South Korea,2288266.0,33391.0
2017-09-01,2017,L7GP,Sound and vision equipment,Taiwan,3782787.0,121617.0
2017-10-01,2017,L7GP,Sound and vision equipment,China,110440984.0,5849696.0
2017-10-01,2017,L7GP,Sound and vision equipment,Hong Kong,23734069.0,916261.0
2017-10-01,2017,L7GP,Sound and vision equipment,Japan,9844899.0,69514.0
2017-10-01,2017,L7GP,Sound and vision equipment,South Korea,1687853.0,38028.0
2017-10-01,2017,L7GP,Sound and vision equipment,Taiwan,5070909.0,154073.0
2017-11-01,2017,L7GP,Sound and vision equipment,China,122831361.0,6811114.0
2017-11-01,2017,L7GP,Sound and vision equipment,Hong Kong,39854193.0,1260695.0
2017-11-01,2017,L7GP,Sound and vision equipment,Japan,9046728.0,54224.0
2017-11-01,2017,L7GP,Sound and vision equipment,South Korea,1450990.0,33970.0
2017-11-01,2017,L7GP,Sound and vision equipment,Taiwan,4723603.0,132031.0
2017-12-01,2017,L7GP,Sound and vision equipment,China,93750519.0,5091621.0
2017-12-01,2017,L7GP,Sound and vision equipment,Hong Kong,28882771.0,1002880.0
2017-12-01,2017,L7GP,Sound and vision equipment,Japan,4959472.0,56715.0
2017-12-01,2017,L7GP,Sound and vision equipment,South Korea,1914477.0,32074.0
2017-12-01,2017,L7GP,Sound and vision equipment,Taiwan,3347931.0,123258.0
2018-01-01,2018,L7GP,Sound and vision equipment,China,87592680.0,4535806.0
2018-01-01,2018,L7GP,Sound and vision equipment,Hong Kong,24483791.0,788031.0
2018-01-01,2018,L7GP,Sound and vision equipment,Japan,9309634.0,78778.0
2018-01-01,2018,L7GP,Sound and vision equipment,South Korea,1602598.0,32432.0
2018-01-01,2018,L7GP,Sound and vision equipment,Taiwan,4381194.0,178552.0
2018-02-01,2018,L7GP,Sound and vision equipment,China,64419376.0,4487929.0
2018-02-01,2018,L7GP,Sound and vision equipment,Hong Kong,19751182.0,609996.0
2018-02-01,2018,L7GP,Sound and vision equipment,Japan,6304691.0,64817.0
2018-02-01,2018,L7GP,Sound and vision equipment,South Korea,1209952.0,21435.0
2018-02-01,2018,L7GP,Sound and vision equipment,Taiwan,3914089.0,147429.0
2018-03-01,2018,L7GP,Sound and vision equipment,China,66801777.0,3566855.0
2018-03-01,2018,L7GP,Sound and vision equipment,Hong Kong,39990822.0,869718.0
2018-03-01,2018,L7GP,Sound and vision equipment,Japan,10606150.0,42017.0
2018-03-01,2018,L7GP,Sound and vision equipment,South Korea,1466706.0,39865.0
2018-03-01,2018,L7GP,Sound and vision equipment,Taiwan,3294849.0,89277.0
2018-04-01,2018,L7GP,Sound and vision equipment,China,66140844.0,3417519.0
2018-04-01,2018,L7GP,Sound and vision equipment,Hong Kong,34018499.0,780870.0
2018-04-01,2018,L7GP,Sound and vision equipment,Japan,8426791.0,42561.0
2018-04-01,2018,L7GP,Sound and vision equipment,South Korea,1100544.0,56734.0
2018-04-01,2018,L7GP,Sound and vision equipment,Taiwan,4135296.0,100817.0
2018-05-01,2018,L7GP,Sound and vision equipment,China,76177645.0,3988895.0
2018-05-01,2018,L7GP,Sound and vision equipment,Hong Kong,33160683.0,810564.0
2018-05-01,2018,L7GP,Sound and vision equipment,Japan,9884093.0,68689.0
2018-05-01,2018,L7GP,Sound and vision equipment,South Korea,2854543.0,55066.0
2018-05-01,2018,L7GP,Sound and vision equipment,Taiwan,3946314.0,195319.0
2018-06-01,2018,L7GP,Sound and vision equipment,China,71851609.0,3649089.0
2018-06-01,2018,L7GP,Sound and vision equipment,Hong Kong,27106502.0,659989.0
2018-06-01,2018,L7GP,Sound and vision equipment,Japan,9075736.0,58317.0
2018-06-01,2018,L7GP,Sound and vision equipment,South Korea,2379372.0,51045.0
2018-06-01,2018,L7GP,Sound and vision equipment,Taiwan,3601805.0,91803.0
2018-07-01,2018,L7GP,Sound and vision equipment,China,87917300.0,4121094.0
2018-07-01,2018,L7GP,Sound and vision equipment,Hong Kong,27993126.0,835053.0
2018-07-01,2018,L7GP,Sound and vision equipment,Japan,8411219.0,52913.0
2018-07-01,2018,L7GP,Sound and vision equipment,South Korea,2572348.0,66987.0
2018-07-01,2018,L7GP,Sound and vision equipment,Taiwan,4118766.0,219687.0
2018-08-01,2018,L7GP,Sound and vision equipment,China,97724062.0,4178091.0
2018-08-01,2018,L7GP,Sound and vision equipment,Hong Kong,16756200.0,529395.0
2018-08-01,2018,L7GP,Sound and vision equipment,Japan,9104314.0,46000.0
2018-08-01,2018,L7GP,Sound and vision equipment,South Korea,2823686.0,56664.0
2018-08-01,2018,L7GP,Sound and vision equipment,Taiwan,3502811.0,138793.0
2018-09-01,2018,L7GP,Sound and vision equipment,China,88944877.0,4327003.0
2018-09-01,2018,L7GP,Sound and vision equipment,Hong Kong,18010954.0,538961.0
2018-09-01,2018,L7GP,Sound and vision equipment,Japan,7353404.0,29491.0
2018-09-01,2018,L7GP,Sound and vision equipment,South Korea,2509021.0,56585.0
2018-09-01,2018,L7GP,Sound and vision equipment,Taiwan,3448365.0,113718.0
2018-10-01,2018,L7GP,Sound and vision equipment,China,131174837.0,7142784.0
2018-10-01,2018,L7GP,Sound and vision equipment,Hong Kong,29444433.0,845753.0
2018-10-01,2018,L7GP,Sound and vision equipment,Japan,6887221.0,27741.0
2018-10-01,2018,L7GP,Sound and vision equipment,South Korea,3676742.0,74391.0
2018-10-01,2018,L7GP,Sound and vision equipment,Taiwan,5741177.0,260210.0
2018-11-01,2018,L7GP,Sound and vision equipment,China,120664985.0,5955408.0
2018-11-01,2018,L7GP,Sound and vision equipment,Hong Kong,28152202.0,779633.0
2018-11-01,2018,L7GP,Sound and vision equipment,Japan,5958943.0,27395.0
2018-11-01,2018,L7GP,Sound and vision equipment,South Korea,5271689.0,138655.0
2018-11-01,2018,L7GP,Sound and vision equipment,Taiwan,4585528.0,168545.0
2018-12-01,2018,L7GP,Sound and vision equipment,China,97506828.0,4693029.0
2018-12-01,2018,L7GP,Sound and vision equipment,Hong Kong,15470348.0,509048.0
2018-12-01,2018,L7GP,Sound and vision equipment,Japan,9432709.0,47921.0
2018-12-01,2018,L7GP,Sound and vision equipment,South Korea,4290810.0,101236.0
2018-12-01,2018,L7GP,Sound and vision equipment,Taiwan,2585513.0,73679.0
2019-01-01,2019,L7GP,Sound and vision equipment,China,102822391.0,5003959.0
2019-01-01,2019,L7GP,Sound and vision equipment,Hong Kong,35098993.0,1158837.0
2019-01-01,2019,L7GP,Sound and vision equipment,Japan,8010411.0,39156.0
2019-01-01,2019,L7GP,Sound and vision equipment,South Korea,5132782.0,88197.0
2019-01-01,2019,L7GP,Sound and vision equipment,Taiwan,7539160.0,398443.0
2019-02-01,2019,L7GP,Sound and vision equipment,China,84870598.0,3880019.0
2019-02-01,2019,L7GP,Sound and vision equipment,Hong Kong,20453885.0,464689.0
2019-02-01,2019,L7GP,Sound and vision equipment,Japan,9807750.0,70597.0
2019-02-01,2019,L7GP,Sound and vision equipment,South Korea,3300766.0,60687.0
2019-02-01,2019,L7GP,Sound and vision equipment,Taiwan,3913626.0,169067.0
2019-03-01,2019,L7GP,Sound and vision equipment,China,69942356.0,3335137.0
2019-03-01,2019,L7GP,Sound and vision equipment,Hong Kong,30559029.0,582768.0
2019-03-01,2019,L7GP,Sound and vision equipment,Japan,11739549.0,66137.0
2019-03-01,2019,L7GP,Sound and vision equipment,South Korea,6215134.0,128263.0
2019-03-01,2019,L7GP,Sound and vision equipment,Taiwan,3660935.0,144268.0
2019-04-01,2019,L7GP,Sound and vision equipment,China,85502319.0,3956733.0
2019-04-01,2019,L7GP,Sound and vision equipment,Hong Kong,13008842.0,429685.0
2019-04-01,2019,L7GP,Sound and vision equipment,Japan,10275072.0,150746.0
2019-04-01,2019,L7GP,Sound and vision equipment,South Korea,3938099.0,71888.0
2019-04-01,2019,L7GP,Sound and vision equipment,Taiwan,2897035.0,91126.0
2019-05-01,2019,L7GP,Sound and vision equipment,China,80346799.0,3960755.0
2019-05-01,2019,L7GP,Sound and vision equipment,Hong Kong,18418561.0,515654.0
2019-05-01,2019,L7GP,Sound and vision equipment,Japan,5441274.0,85250.0
2019-05-01,2019,L7GP,Sound and vision equipment,South Korea,4450504.0,71834.0
2019-05-01,2019,L7GP,Sound and vision equipment,Taiwan,4593598.0,179645.0
2019-06-01,2019,L7GP,Sound and vision equipment,China,83634265.0,3480340.0
2019-06-01,2019,L7GP,Sound and vision equipment,Hong Kong,16762977.0,415918.0
2019-06-01,2019,L7GP,Sound and vision equipment,Japan,11861508.0,86308.0
2019-06-01,2019,L7GP,Sound and vision equipment,South Korea,1776265.0,26838.0
2019-06-01,2019,L7GP,Sound and vision equipment,Taiwan,2943504.0,61129.0
2019-07-01,2019,L7GP,Sound and vision equipment,China,94478684.0,4514706.0
2019-07-01,2019,L7GP,Sound and vision equipment,Hong Kong,12423883.0,468777.0
2019-07-01,2019,L7GP,Sound and vision equipment,Japan,9106689.0,149456.0
2019-07-01,2019,L7GP,Sound and vision equipment,South Korea,3756260.0,74537.0
2019-07-01,2019,L7GP,Sound and vision equipment,Taiwan,3920559.0,124003.0
2019-08-01,2019,L7GP,Sound and vision equipment,China,74262606.0,3657616.0
2019-08-01,2019,L7GP,Sound and vision equipment,Hong Kong,14946106.0,401196.0
2019-08-01,2019,L7GP,Sound and vision equipment,Japan,7216493.0,35149.0
2019-08-01,2019,L7GP,Sound and vision equipment,South Korea,5234123.0,76543.0
2019-08-01,2019,L7GP,Sound and vision equipment,Taiwan,3024762.0,69126.0
2019-09-01,2019,L7GP,Sound and vision equipment,China,84243976.0,4515588.0
2019-09-01,2019,L7GP,Sound and vision equipment,Hong Kong,14251299.0,435543.0
2019-09-01,2019,L7GP,Sound and vision equipment,Japan,8813116.0,37019.0
2019-09-01,2019,L7GP,Sound and vision equipment,South Korea,3261888.0,67829.0
2019-09-01,2019,L7GP,Sound and vision equipment,Taiwan,2936797.0,63731.0
2019-10-01,2019,L7GP,Sound and vision equipment,China,113741529.0,6055593.0
2019-10-01,2019,L7GP,Sound and vision equipment,Hong Kong,20284524.0,511571.0
2019-10-01,2019,L7GP,Sound and vision equipment,Japan,6625446.0,35184.0
2019-10-01,2019,L7GP,Sound and vision equipment,South Korea,4899767.0,84569.0
2019-10-01,2019,L7GP,Sound and vision equipment,Taiwan,3478969.0,115041.0
2019-11-01,2019,L7GP,Sound and vision equipment,China,81987492.0,4696754.0
2019-11-01,2019,L7GP,Sound and vision equipment,Hong Kong,23303697.0,617066.0
2019-11-01,2019,L7GP,Sound and vision equipment,Japan,8209717.0,13847.0
2019-11-01,2019,L7GP,Sound and vision equipment,South Korea,5664154.0,99914.0
2019-11-01,2019,L7GP,Sound and vision equipment,Taiwan,3229370.0,94052.0
2019-12-01,2019,L7GP,Sound and vision equipment,China,79354412.0,3696889.0
2019-12-01,2019,L7GP,Sound and vision equipment,Hong Kong,19679778.0,558227.0
2019-12-01,2019,L7GP,Sound and vision equipment,Japan,10258817.0,27593.0
2019-12-01,2019,L7GP,Sound and vision equipment,South Korea,2483010.0,60463.0
2019-12-01,2019,L7GP,Sound and vision equipment,Taiwan,2418710.0,56783.0
2020-01-01,2020,L7GP,Sound and vision equipment,China,110536503.0,5115497.0
2020-01-01,2020,L7GP,Sound and vision equipment,Hong Kong,15438628.0,500581.0
2020-01-01,2020,L7GP,Sound and vision equipment,Japan,7898454.0,43002.0
2020-01-01,2020,L7GP,Sound and vision equipment,South Korea,1708042.0,49243.0
2020-01-01,2020,L7GP,Sound and vision equipment,Taiwan,2432548.0,73338.0
2020-02-01,2020,L7GP,Sound and vision equipment,China,59209550.0,3228978.0
2020-02-01,2020,L7GP,Sound and vision equipment,Hong Kong,7849742.0,262456.0
2020-02-01,2020,L7GP,Sound and vision equipment,Japan,4284411.0,21851.0
2020-02-01,2020,L7GP,Sound and vision equipment,South Korea,1605351.0,27166.0
2020-02-01,2020,L7GP,Sound and vision equipment,Taiwan,2486698.0,60217.0
2020-03-01,2020,L7GP,Sound and vision equipment,China,43908481.0,2337344.0
2020-03-01,2020,L7GP,Sound and vision equipment,Hong Kong,19102426.0,477546.0
2020-03-01,2020,L7GP,Sound and vision equipment,Japan,8143298.0,26141.0
2020-03-01,2020,L7GP,Sound and vision equipment,South Korea,1863250.0,40606.0
2020-03-01,2020,L7GP,Sound and vision equipment,Taiwan,1407040.0,34154.0
2020-04-01,2020,L7GP,Sound and vision equipment,China,57106043.0,3011408.0
2020-04-01,2020,L7GP,Sound and vision equipment,Hong Kong,26505595.0,632314.0
2020-04-01,2020,L7GP,Sound and vision equipment,Japan,8983145.0,27875.0
2020-04-01,2020,L7GP,Sound and vision equipment,South Korea,987034.0,32508.0
2020-04-01,2020,L7GP,Sound and vision equipment,Taiwan,2082726.0,68964.0
2020-05-01,2020,L7GP,Sound and vision equipment,China,65479359.0,2810984.0
2020-05-01,2020,L7GP,Sound and vision equipment,Hong Kong,16957077.0,444445.0
2020-05-01,2020,L7GP,Sound and vision equipment,Japan,3368187.0,25914.0
2020-05-01,2020,L7GP,Sound and vision equipment,South Korea,1713385.0,44991.0
2020-05-01,2020,L7GP,Sound and vision equipment,Taiwan,1040503.0,28267.0
2020-06-01,2020,L7GP,Sound and vision equipment,China,75002317.0,3426521.0
2020-06-01,2020,L7GP,Sound and vision equipment,Hong Kong,30351103.0,730098.0
2020-06-01,2020,L7GP,Sound and vision equipment,Japan,2862872.0,16290.0
2020-06-01,2020,L7GP,Sound and vision equipment,South Korea,2372998.0,55007.0
2020-06-01,2020,L7GP,Sound and vision equipment,Taiwan,2516905.0,69240.0
2020-07-01,2020,L7GP,Sound and vision equipment,China,90514666.0,4763390.0
2020-07-01,2020,L7GP,Sound and vision equipment,Hong Kong,16398421.0,642032.0
2020-07-01,2020,L7GP,Sound and vision equipment,Japan,5869506.0,40191.0
2020-07-01,2020,L7GP,Sound and vision equipment,South Korea,1541003.0,20117.0
2020-07-01,2020,L7GP,Sound and vision equipment,Taiwan,3678333.0,78652.0
2020-08-01,2020,L7GP,Sound and vision equipment,China,79561308.0,4550517.0
2020-08-01,2020,L7GP,Sound and vision equipment,Hong Kong,9390342.0,316496.0
2020-08-01,2020,L7GP,Sound and vision equipment,Japan,3228978.0,21963.0
2020-08-01,2020,L7GP,Sound and vision equipment,South Korea,2357809.0,46657.0
2020-08-01,2020,L7GP,Sound and vision equipment,Taiwan,2097154.0,73709.0
2020-09-01,2020,L7GP,Sound and vision equipment,China,101401651.0,5420289.0
2020-09-01,2020,L7GP,Sound and vision equipment,Hong Kong,21910561.0,608410.0
2020-09-01,2020,L7GP,Sound and vision equipment,Japan,2398060.0,42234.0
2020-09-01,2020,L7GP,Sound and vision equipment,South Korea,1486442.0,19860.0
2020-09-01,2020,L7GP,Sound and vision equipment,Taiwan,1660268.0,38611.0
2020-10-01,2020,L7GP,Sound and vision equipment,China,99593953.0,5290353.0
2020-10-01,2020,L7GP,Sound and vision equipment,Hong Kong,15118494.0,570280.0
2020-10-01,2020,L7GP,Sound and vision equipment,Japan,2557717.0,30378.0
2020-10-01,2020,L7GP,Sound and vision equipment,South Korea,1922083.0,29892.0
2020-10-01,2020,L7GP,Sound and vision equipment,Taiwan,2110455.0,65045.0
2020-11-01,2020,L7GP,Sound and vision equipment,China,97130250.0,4977954.0
2020-11-01,2020,L7GP,Sound and vision equipment,Hong Kong,21840461.0,780186.0
2020-11-01,2020,L7GP,Sound and vision equipment,Japan,1696360.0,28981.0
2020-11-01,2020,L7GP,Sound and vision equipment,South Korea,3494478.0,73790.0
2020-11-01,2020,L7GP,Sound and vision equipment,Taiwan,2953481.0,70672.0
2020-12-01,2020,L7GP,Sound and vision equipment,China,108833155.0,6341114.0
2020-12-01,2020,L7GP,Sound and vision equipment,Hong Kong,16537813.0,548036.0
2020-12-01,2020,L7GP,Sound and vision equipment,Japan,6737280.0,65494.0
2020-12-01,2020,L7GP,Sound and vision equipment,South Korea,1156838.0,22030.0
2020-12-01,2020,L7GP,Sound and vision equipment,Taiwan,5879193.0,124831.0
2021-01-01,2021,L7GP,Sound and vision equipment,China,84173980.0,4502048.0
2021-01-01,2021,L7GP,Sound and vision equipment,Hong Kong,10388711.0,409472.0
2021-01-01,2021,L7GP,Sound and vision equipment,Japan,3107179.0,10903.0
2021-01-01,2021,L7GP,Sound and vision equipment,South Korea,1129496.0,30065.0
2021-01-01,2021,L7GP,Sound and vision equipment,Taiwan,3255327.0,77157.0
2021-02-01,2021,L7GP,Sound and vision equipment,China,78698579.0,4455463.0
2021-02-01,2021,L7GP,Sound and vision equipment,Hong Kong,10374642.0,337875.0
2021-02-01,2021,L7GP,Sound and vision equipment,Japan,1485703.0,16335.0
2021-02-01,2021,L7GP,Sound and vision equipment,South Korea,866704.0,16906.0
2021-02-01,2021,L7GP,Sound and vision equipment,Taiwan,4749821.0,109181.0
2021-03-01,2021,L7GP,Sound and vision equipment,China,82654443.0,4141269.0
2021-03-01,2021,L7GP,Sound and vision equipment,Hong Kong,12523734.0,486694.0
2021-03-01,2021,L7GP,Sound and vision equipment,Japan,4929723.0,27901.0
2021-03-01,2021,L7GP,Sound and vision equipment,South Korea,2771640.0,71953.0
2021-03-01,2021,L7GP,Sound and vision equipment,Taiwan,9339196.0,231567.0
2021-04-01,2021,L7GP,Sound and vision equipment,China,69951763.0,3504555.0
2021-04-01,2021,L7GP,Sound and vision equipment,Hong Kong,17059908.0,623407.0
2021-04-01,2021,L7GP,Sound and vision equipment,Japan,2405594.0,37876.0
2021-04-01,2021,L7GP,Sound and vision equipment,South Korea,3812449.0,97427.0
2021-04-01,2021,L7GP,Sound and vision equipment,Taiwan,1867795.0,72967.0
2021-05-01,2021,L7GP,Sound and vision equipment,China,69091722.0,3474421.0
2021-05-01,2021,L7GP,Sound and vision equipment,Hong Kong,10436922.0,389076.0
2021-05-01,2021,L7GP,Sound and vision equipment,Japan,3028176.0,12254.0
2021-05-01,2021,L7GP,Sound and vision equipment,South Korea,5873004.0,164571.0
2021-05-01,2021,L7GP,Sound and vision equipment,Taiwan,1781248.0,59146.0
2021-06-01,2021,L7GP,Sound and vision equipment,China,75500471.0,3649644.0
2021-06-01,2021,L7GP,Sound and vision equipment,Hong Kong,14574792.0,555998.0
2021-06-01,2021,L7GP,Sound and vision equipment,Japan,3854847.0,37209.0
2021-06-01,2021,L7GP,Sound and vision equipment,South Korea,3013533.0,108107.0
2021-06-01,2021,L7GP,Sound and vision equipment,Taiwan,1993053.0,43418.0
2021-07-01,2021,L7GP,Sound and vision equipment,China,70720985.0,3402565.0
2021-07-01,2021,L7GP,Sound and vision equipment,Hong Kong,17922332.0,754242.0
2021-07-01,2021,L7GP,Sound and vision equipment,Japan,4040543.0,48856.0
2021-07-01,2021,L7GP,Sound and vision equipment,South Korea,3763109.0,105535.0
2021-07-01,2021,L7GP,Sound and vision equipment,Taiwan,2892914.0,70828.0
2021-08-01,2021,L7GP,Sound and vision equipment,China,68245806.0,3669493.0
2021-08-01,2021,L7GP,Sound and vision equipment,Hong Kong,14357176.0,500538.0
2021-08-01,2021,L7GP,Sound and vision equipment,Japan,4943756.0,47734.0
2021-08-01,2021,L7GP,Sound and vision equipment,South Korea,1726436.0,27554.0
2021-08-01,2021,L7GP,Sound and vision equipment,Taiwan,2033503.0,73547.0
2021-09-01,2021,L7GP,Sound and vision equipment,China,86911790.0,4389893.0
2021-09-01,2021,L7GP,Sound and vision equipment,Hong Kong,20174967.0,942942.0
2021-09-01,2021,L7GP,Sound and vision equipment,Japan,3947580.0,24165.0
2021-09-01,2021,L7GP,Sound and vision equipment,South Korea,1271092.0,33311.0
2021-09-01,2021,L7GP,Sound and vision equipment,Taiwan,3002088.0,91547.0
2021-10-01,2021,L7GP,Sound and vision equipment,China,79633399.0,3928578.0
2021-10-01,2021,L7GP,Sound and vision equipment,Hong Kong,19275583.0,659413.0
2021-10-01,2021,L7GP,Sound and vision equipment,Japan,5910128.0,27998.0
2021-10-01,2021,L7GP,Sound and vision equipment,South Korea,1629638.0,69657.0
2021-10-01,2021,L7GP,Sound and vision equipment,Taiwan,2768017.0,47927.0
2021-11-01,2021,L7GP,Sound and vision equipment,China,87854948.0,4574941.0
2021-11-01,2021,L7GP,Sound and vision equipment,Hong Kong,34063752.0,1044545.0
2021-11-01,2021,L7GP,Sound and vision equipment,Japan,6116491.0,25167.0
2021-11-01,2021,L7GP,Sound and vision equipment,South Korea,1248050.0,47643.0
2021-11-01,2021,L7GP,Sound and vision equipment,Taiwan,4163138.0,91268.0
2021-12-01,2021,L7GP,Sound and vision equipment,China,77446207.0,4039431.0
2021-12-01,2021,L7GP,Sound and vision equipment,Hong Kong,31832864.0,984365.0
2021-12-01,2021,L7GP,Sound and vision equipment,Japan,3861562.0,12742.0
2021-12-01,2021,L7GP,Sound and vision equipment,South Korea,972005.0,18292.0
2021-12-01,2021,L7GP,Sound and vision equipment,Taiwan,3760853.0,103104.0
2022-01-01,2022,L7GP,Sound and vision equipment,China,84508224.0,4430941.0
2022-01-01,2022,L7GP,Sound and vision equipment,Hong Kong,23600073.0,645371.0
2022-01-01,2022,L7GP,Sound and vision equipment,Japan,6357326.0,29846.0
2022-01-01,2022,L7GP,Sound and vision equipment,South Korea,1275724.0,25916.0
2022-01-01,2022,L7GP,Sound and vision equipment,Taiwan,2843002.0,93691.0
2022-02-01,2022,L7GP,Sound and vision equipment,China,66570542.0,3592932.0
2022-02-01,2022,L7GP,Sound and vision equipment,Hong Kong,9863695.0,340552.0
2022-02-01,2022,L7GP,Sound and vision equipment,Japan,3021952.0,11645.0
2022-02-01,2022,L7GP,Sound and vision equipment,South Korea,1027149.0,30378.0
2022-02-01,2022,L7GP,Sound and vision equipment,Taiwan,2187911.0,60887.0
2022-03-01,2022,L7GP,Sound and vision equipment,China,95577626.0,4833923.0
2022-03-01,2022,L7GP,Sound and vision equipment,Hong Kong,13377718.0,555299.0
2022-03-01,2022,L7GP,Sound and vision equipment,Japan,2939091.0,16819.0
2022-03-01,2022,L7GP,Sound and vision equipment,South Korea,2887875.0,48940.0
2022-03-01,2022,L7GP,Sound and vision equipment,Taiwan,2844696.0,101512.0
2022-04-01,2022,L7GP,Sound and vision equipment,China,90376512.0,3256750.0
2022-04-01,2022,L7GP,Sound and vision equipment,Hong Kong,18437582.0,402180.0
2022-04-01,2022,L7GP,Sound and vision equipment,Japan,1643468.0,8938.0
2022-04-01,2022,L7GP,Sound and vision equipment,South Korea,1479445.0,29119.0
2022-04-01,2022,L7GP,Sound and vision equipment,Taiwan,2341603.0,48675.0
2022-05-01,2022,L7GP,Sound and vision equipment,China,107009678.0,3830858.0
2022-05-01,2022,L7GP,Sound and vision equipment,Hong Kong,9809905.0,410866.0
2022-05-01,2022,L7GP,Sound and vision equipment,Japan,4896607.0,35177.0
2022-05-01,2022,L7GP,Sound and vision equipment,South Korea,895746.0,10101.0
2022-05-01,2022,L7GP,Sound and vision equipment,Taiwan,3149431.0,80600.0
2022-06-01,2022,L7GP,Sound and vision equipment,China,94432037.0,3390074.0
2022-06-01,2022,L7GP,Sound and vision equipment,Hong Kong,10867203.0,302727.0
2022-06-01,2022,L7GP,Sound and vision equipment,Japan,2944500.0,42292.0
2022-06-01,2022,L7GP,Sound and vision equipment,South Korea,1454659.0,23711.0
2022-06-01,2022,L7GP,Sound and vision equipment,Taiwan,3519699.0,92510.0
2022-07-01,2022,L7GP,Sound and vision equipment,China,74273317.0,2645074.0
2022-07-01,2022,L7GP,Sound and vision equipment,Hong Kong,7899241.0,241801.0
2022-07-01,2022,L7GP,Sound and vision equipment,Japan,3383231.0,28678.0
2022-07-01,2022,L7GP,Sound and vision equipment,South Korea,970209.0,16451.0
2022-07-01,2022,L7GP,Sound and vision equipment,Taiwan,3241636.0,93015.0
2022-08-01,2022,L7GP,Sound and vision equipment,China,94041933.0,4955788.0
2022-08-01,2022,L7GP,Sound and vision equipment,Hong Kong,10918975.0,250611.0
2022-08-01,2022,L7GP,Sound and vision equipment,Japan,4392454.0,39287.0
2022-08-01,2022,L7GP,Sound and vision equipment,South Korea,993059.0,19949.0
2022-08-01,2022,L7GP,Sound and vision equipment,Taiwan,3371513.0,98245.0
2022-09-01,2022,L7GP,Sound and vision equipment,China,117468267.0,4555309.0
2022-09-01,2022,L7GP,Sound and vision equipment,Hong Kong,8437935.0,194860.0
2022-09-01,2022,L7GP,Sound and vision equipment,Japan,8172053.0,78504.0
2022-09-01,2022,L7GP,Sound and vision equipment,South Korea,1103080.0,16992.0
2022-09-01,2022,L7GP,Sound and vision equipment,Taiwan,4535226.0,114092.0
2022-10-01,2022,L7GP,Sound and vision equipment,China,110603004.0,3974326.0
2022-10-01,2022,L7GP,Sound and vision equipment,Hong Kong,9643130.0,235045.0
2022-10-01,2022,L7GP,Sound and vision equipment,Japan,9056150.0,49774.0
2022-10-01,2022,L7GP,Sound and vision equipment,South Korea,853394.0,18979.0
2022-10-01,2022,L7GP,Sound and vision equipment,Taiwan,3937461.0,92397.0
2022-11-01,2022,L7GP,Sound and vision equipment,China,126503949.0,4462422.0
2022-11-01,2022,L7GP,Sound and vision equipment,Hong Kong,8122817.0,125135.0
2022-11-01,2022,L7GP,Sound and vision equipment,Japan,7165878.0,66280.0
2022-11-01,2022,L7GP,Sound and vision equipment,South Korea,1741061.0,25366.0
2022-11-01,2022,L7GP,Sound and vision equipment,Taiwan,2438620.0,68637.0
2022-12-01,2022,L7GP,Sound and vision equipment,China,78364601.0,3454494.0
2022-12-01,2022,L7GP,Sound and vision equipment,Hong Kong,5591801.0,114982.0
2022-12-01,2022,L7GP,Sound and vision equipment,Japan,5630328.0,37139.0
2022-12-01,2022,L7GP,Sound and vision equipment,South Korea,1079714.0,12227.0
2022-12-01,2022,L7GP,Sound and vision equipment,Taiwan,3398496.0,63880.0
2023-01-01,2023,L7GP,Sound and vision equipment,China,68208581.0,2913451.0
2023-01-01,2023,L7GP,Sound and vision equipment,Hong Kong,4593894.0,78659.0
2023-01-01,2023,L7GP,Sound and vision equipment,Japan,6947340.0,27178.0
2023-01-01,2023,L7GP,Sound and vision equipment,South Korea,1708433.0,40228.0
2023-01-01,2023,L7GP,Sound and vision equipment,Taiwan,1480324.0,39929.0
2023-02-01,2023,L7GP,Sound and vision equipment,China,78796248.0,3520164.0
2023-02-01,2023,L7GP,Sound and vision equipment,Hong Kong,4425351.0,98173.0
2023-02-01,2023,L7GP,Sound and vision equipment,Japan,5193019.0,26059.0
2023-02-01,2023,L7GP,Sound and vision equipment,South Korea,519385.0,8047.0
2023-02-01,2023,L7GP,Sound and vision equipment,Taiwan,1266932.0,43926.0
2023-03-01,2023,L7GP,Sound and vision equipment,China,74038028.0,3134402.0
2023-03-01,2023,L7GP,Sound and vision equipment,Hong Kong,3649643.0,54022.0
2023-03-01,2023,L7GP,Sound and vision equipment,Japan,11491095.0,25544.0
2023-03-01,2023,L7GP,Sound and vision equipment,South Korea,1239943.0,13696.0
2023-03-01,2023,L7GP,Sound and vision equipment,Taiwan,2227168.0,32223.0
2023-04-01,2023,L7GP,Sound and vision equipment,China,62864080.0,2616013.0
2023-04-01,2023,L7GP,Sound and vision equipment,Hong Kong,4079430.0,74221.0
2023-04-01,2023,L7GP,Sound and vision equipment,Japan,4055307.0,17565.0
2023-04-01,2023,L7GP,Sound and vision equipment,South Korea,594014.0,10501.0
2023-04-01,2023,L7GP,Sound and vision equipment,Taiwan,1146669.0,24304.0
2023-05-01,2023,L7GP,Sound and vision equipment,China,82649254.0,3369729.0
2023-05-01,2023,L7GP,Sound and vision equipment,Hong Kong,4598051.0,101048.0
2023-05-01,2023,L7GP,Sound and vision equipment,Japan,12214598.0,32840.0
2023-05-01,2023,L7GP,Sound and vision equipment,South Korea,1132512.0,15445.0
2023-05-01,2023,L7GP,Sound and vision equipment,Taiwan,2456071.0,56735.0
2023-06-01,2023,L7GP,Sound and vision equipment,China,75036478.0,3568039.0
2023-06-01,2023,L7GP,Sound and vision equipment,Hong Kong,4812686.0,108175.0
2023-06-01,2023,L7GP,Sound and vision equipment,Japan,9226483.0,20495.0
2023-06-01,2023,L7GP,Sound and vision equipment,South Korea,1229230.0,19177.0
2023-06-01,2023,L7GP,Sound and vision equipment,Taiwan,2574856.0,56720.0
2023-07-01,2023,L7GP,Sound and vision equipment,China,83432806.0,3979503.0
2023-07-01,2023,L7GP,Sound and vision equipment,Hong Kong,4019509.0,107344.0
2023-07-01,2023,L7GP,Sound and vision equipment,Japan,8814204.0,34101.0
2023-07-01,2023,L7GP,Sound and vision equipment,South Korea,764033.0,9325.0
2023-07-01,2023,L7GP,Sound and vision equipment,Taiwan,3027533.0,91420.0
2023-08-01,2023,L7GP,Sound and vision equipment,China,77851755.0,3797998.0
2023-08-01,2023,L7GP,Sound and vision equipment,Hong Kong,7084697.0,175479.0
2023-08-01,2023,L7GP,Sound and vision equipment,Japan,15919720.0,41267.0
2023-08-01,2023,L7GP,Sound and vision equipment,South Korea,1330329.0,20516.0
2023-08-01,2023,L7GP,Sound and vision equipment,Taiwan,2280876.0,69871.0
2023-09-01,2023,L7GP,Sound and vision equipment,China,88199685.0,4282078.0
2023-09-01,2023,L7GP,Sound and vision equipment,Hong Kong,8821192.0,139106.0
2023-09-01,2023,L7GP,Sound and vision equipment,Japan,4590205.0,16355.0
2023-09-01,2023,L7GP,Sound and vision equipment,South Korea,1453655.0,22362.0
2023-09-01,2023,L7GP,Sound and vision equipment,Taiwan,2450147.0,68851.0
2023-10-01,2023,L7GP,Sound and vision equipment,China,121571202.0,5919625.0
2023-10-01,2023,L7GP,Sound and vision equipment,Hong Kong,11353393.0,159119.0
2023-10-01,2023,L7GP,Sound and vision equipment,Japan,9330025.0,68558.0
2023-10-01,2023,L7GP,Sound and vision equipment,South Korea,1368824.0,24768.0
2023-10-01,2023,L7GP,Sound and vision equipment,Taiwan,1058290.0,20938.0
2023-11-01,2023,L7GP,Sound and vision equipment,China,97615307.0,4942758.0
2023-11-01,2023,L7GP,Sound and vision equipment,Hong Kong,7035947.0,134642.0
2023-11-01,2023,L7GP,Sound and vision equipment,Japan,7448412.0,30263.0
2023-11-01,2023,L7GP,Sound and vision equipment,South Korea,1037167.0,16615.0
2023-11-01,2023,L7GP,Sound and vision equipment,Taiwan,2149887.0,46237.0
2023-12-01,2023,L7GP,Sound and vision equipment,China,78741905.0,3794137.0
2023-12-01,2023,L7GP,Sound and vision equipment,Hong Kong,5304452.0,104646.0
2023-12-01,2023,L7GP,Sound and vision equipment,Japan,6225135.0,27323.0
2023-12-01,2023,L7GP,Sound and vision equipment,South Korea,635831.0,13972.0
2023-12-01,2023,L7GP,Sound and vision equipment,Taiwan,1166744.0,35793.0
2024-01-01,2024,L7GP,Sound and vision equipment,China,85041403.0,3659877.0
2024-01-01,2024,L7GP,Sound and vision equipment,Hong Kong,7007390.0,128628.0
2024-01-01,2024,L7GP,Sound and vision equipment,Japan,5526097.0,24646.0
2024-01-01,2024,L7GP,Sound and vision equipment,South Korea,1040799.0,17252.0
2024-01-01,2024,L7GP,Sound and vision equipment,Taiwan,1678482.0,13861.0
2024-02-01,2024,L7GP,Sound and vision equipment,China,73727440.0,3680296.0
2024-02-01,2024,L7GP,Sound and vision equipment,Hong Kong,5039155.0,95574.0
2024-02-01,2024,L7GP,Sound and vision equipment,Japan,6450763.0,10673.0
2024-02-01,2024,L7GP,Sound and vision equipment,South Korea,679382.0,10399.0
2024-02-01,2024,L7GP,Sound and vision equipment,Taiwan,1129021.0,29700.0
2024-03-01,2024,L7GP,Sound and vision equipment,China,93790806.0,4495292.0
2024-03-01,2024,L7GP,Sound and vision equipment,Hong Kong,5140141.0,107133.0
2024-03-01,2024,L7GP,Sound and vision equipment,Japan,5471257.0,14019.0
2024-03-01,2024,L7GP,Sound and vision equipment,South Korea,1810889.0,24940.0
2024-03-01,2024,L7GP,Sound and vision equipment,Taiwan,1956301.0,55684.0
2024-04-01,2024,L7GP,Sound and vision equipment,China,77638377.0,3978579.0
2024-04-01,2024,L7GP,Sound and vision equipment,Hong Kong,4654658.0,79686.0
2024-04-01,2024,L7GP,Sound and vision equipment,Japan,5303485.0,14705.0
2024-04-01,2024,L7GP,Sound and vision equipment,South Korea,1803009.0,36251.0
2024-04-01,2024,L7GP,Sound and vision equipment,Taiwan,1930484.0,42741.0
2024-05-01,2024,L7GP,Sound and vision equipment,China,83792073.0,4254276.0
2024-05-01,2024,L7GP,Sound and vision equipment,Hong Kong,6133293.0,167169.0
2024-05-01,2024,L7GP,Sound and vision equipment,Japan,1335705.0,6852.0
2024-05-01,2024,L7GP,Sound and vision equipment,South Korea,1458152.0,29672.0
2024-05-01,2024,L7GP,Sound and vision equipment,Taiwan,2511913.0,45735.0
2024-06-01,2024,L7GP,Sound and vision equipment,China,79268037.0,3873023.0
2024-06-01,2024,L7GP,Sound and vision equipment,Hong Kong,7434009.0,129615.0
2024-06-01,2024,L7GP,Sound and vision equipment,Japan,7939380.0,22691.0
2024-06-01,2024,L7GP,Sound and vision equipment,South Korea,1037854.0,19662.0
2024-06-01,2024,L7GP,Sound and vision equipment,Taiwan,2250504.0,52005.0
2024-07-01,2024,L7GP,Sound and vision equipment,China,107915883.0,4093843.0
2024-07-01,2024,L7GP,Sound and vision equipment,Hong Kong,7838369.0,133806.0
2024-07-01,2024,L7GP,Sound and vision equipment,Japan,3266486.0,8246.0
2024-07-01,2024,L7GP,Sound and vision equipment,South Korea,1870435.0,43032.0
2024-07-01,2024,L7GP,Sound and vision equipment,Taiwan,3339215.0,71697.0
2024-08-01,2024,L7GP,Sound and vision equipment,China,118810631.0,5139180.0
2024-08-01,2024,L7GP,Sound and vision equipment,Hong Kong,7349643.0,163145.0
2024-08-01,2024,L7GP,Sound and vision equipment,Japan,6052249.0,15750.0
2024-08-01,2024,L7GP,Sound and vision equipment,South Korea,2027400.0,33020.0
2024-08-01,2024,L7GP,Sound and vision equipment,Taiwan,2455302.0,65422.0
2024-09-01,2024,L7GP,Sound and vision equipment,China,106585395.0,5185765.0
2024-09-01,2024,L7GP,Sound and vision equipment,Hong Kong,6597810.0,125841.0
2024-09-01,2024,L7GP,Sound and vision equipment,Japan,2395854.0,29363.0
2024-09-01,2024,L7GP,Sound and vision equipment,South Korea,1777323.0,31227.0
2024-09-01,2024,L7GP,Sound and vision equipment,Taiwan,1747996.0,49770.0
2024-10-01,2024,L7GP,Sound and vision equipment,China,172901210.0,7328251.0
2024-10-01,2024,L7GP,Sound and vision equipment,Hong Kong,7479109.0,139663.0
2024-10-01,2024,L7GP,Sound and vision equipment,Japan,8984551.0,63453.0
2024-10-01,2024,L7GP,Sound and vision equipment,South Korea,2728869.0,51971.0
2024-10-01,2024,L7GP,Sound and vision equipment,Taiwan,1804133.0,73489.0
2024-11-01,2024,L7GP,Sound and vision equipment,China,203009208.0,6991489.0
2024-11-01,2024,L7GP,Sound and vision equipment,Hong Kong,7683702.0,100090.0
2024-11-01,2024,L7GP,Sound and vision equipment,Japan,9740157.0,42515.0
2024-11-01,2024,L7GP,Sound and vision equipment,South Korea,1650564.0,23210.0
2024-11-01,2024,L7GP,Sound and vision equipment,Taiwan,1152442.0,53036.0
2024-12-01,2024,L7GP,Sound and vision equipment,China,97479839.0,3861078.0
2024-12-01,2024,L7GP,Sound and vision equipment,Hong Kong,9270946.0,151114.0
2024-12-01,2024,L7GP,Sound and vision equipment,Japan,9706968.0,76272.0
2024-12-01,2024,L7GP,Sound and vision equipment,South Korea,941276.0,20859.0
2024-12-01,2024,L7GP,Sound and vision equipment,Taiwan,883341.0,14122.0
2025-01-01,2025,L7GP,Sound and vision equipment,China,116625993.0,5318073.0
2025-01-01,2025,L7GP,Sound and vision equipment,Hong Kong,8557767.0,194533.0
2025-01-01,2025,L7GP,Sound and vision equipment,Japan,6784151.0,62091.0
2025-01-01,2025,L7GP,Sound and vision equipment,South Korea,1315749.0,25232.0
2025-01-01,2025,L7GP,Sound and vision equipment,Taiwan,2907039.0,73351.0
2025-02-01,2025,L7GP,Sound and vision equipment,China,96776687.0,4607049.0
2025-02-01,2025,L7GP,Sound and vision equipment,Hong Kong,4857507.0,112551.0
2025-02-01,2025,L7GP,Sound and vision equipment,Japan,7400811.0,51604.0
2025-02-01,2025,L7GP,Sound and vision equipment,South Korea,1179962.0,18960.0
2025-02-01,2025,L7GP,Sound and vision equipment,Taiwan,2480074.0,64119.0
2025-03-01,2025,L7GP,Sound and vision equipment,China,90961537.0,4111977.0
2025-03-01,2025,L7GP,Sound and vision equipment,Hong Kong,8062505.0,136050.0
2025-03-01,2025,L7GP,Sound and vision equipment,Japan,3988536.0,27605.0
2025-03-01,2025,L7GP,Sound and vision equipment,South Korea,903363.0,14820.0
2025-03-01,2025,L7GP,Sound and vision equipment,Taiwan,3140696.0,79457.0
2025-04-01,2025,L7GP,Sound and vision equipment,China,82698526.0,3294685.0
2025-04-01,2025,L7GP,Sound and vision equipment,Hong Kong,6906149.0,155039.0
2025-04-01,2025,L7GP,Sound and vision equipment,Japan,4897249.0,36548.0
2025-04-01,2025,L7GP,Sound and vision equipment,South Korea,1662189.0,23713.0
2025-04-01,2025,L7GP,Sound and vision equipment,Taiwan,6030941.0,115759.0
2025-05-01,2025,L7GP,Sound and vision equipment,China,104819218.0,4163343.0
2025-05-01,2025,L7GP,Sound and vision equipment,Hong Kong,6590441.0,153453.0
2025-05-01,2025,L7GP,Sound and vision equipment,Japan,5517979.0,9259.0
2025-05-01,2025,L7GP,Sound and vision equipment,South Korea,758587.0,15395.0
2025-05-01,2025,L7GP,Sound and vision equipment,Taiwan,4380025.0,103027.0
2025-06-01,2025,L7GP,Sound and vision equipment,China,92522366.0,3967027.0
2025-06-01,2025,L7GP,Sound and vision equipment,Hong Kong,8471028.0,139324.0
2025-06-01,2025,L7GP,Sound and vision equipment,Japan,4543315.0,13989.0
2025-06-01,2025,L7GP,Sound and vision equipment,South Korea,1405614.0,26116.0
2025-06-01,2025,L7GP,Sound and vision equipment,Taiwan,5516582.0,95367.0
2025-07-01,2025,L7GP,Sound and vision equipment,China,94655349.0,4134422.0
2025-07-01,2025,L7GP,Sound and vision equipment,Hong Kong,7285840.0,206691.0
2025-07-01,2025,L7GP,Sound and vision equipment,Japan,6221028.0,9068.0
2025-07-01,2025,L7GP,Sound and vision equipment,South Korea,880623.0,12826.0
2025-07-01,2025,L7GP,Sound and vision equipment,Taiwan,3246403.0,80109.0
2025-08-01,2025,L7GP,Sound and vision equipment,China,87187757.0,4230717.0
2025-08-01,2025,L7GP,Sound and vision equipment,Hong Kong,5742142.0,110853.0
2025-08-01,2025,L7GP,Sound and vision equipment,Japan,4891173.0,15853.0
2025-08-01,2025,L7GP,Sound and vision equipment,South Korea,1625877.0,30181.0
2025-08-01,2025,L7GP,Sound and vision equipment,Taiwan,3704285.0,103835.0
2025-09-01,2025,L7GP,Sound and vision equipment,China,112494584.0,5226481.0
2025-09-01,2025,L7GP,Sound and vision equipment,Hong Kong,5349660.0,118336.0
2025-09-01,2025,L7GP,Sound and vision equipment,Japan,5725321.0,6433.0
2025-09-01,2025,L7GP,Sound and vision equipment,South Korea,1828796.0,32527.0
2025-09-01,2025,L7GP,Sound and vision equipment,Taiwan,3480980.0,83724.0
2025-10-01,2025,L7GP,Sound and vision equipment,China,138694339.0,5229088.0
2025-10-01,2025,L7GP,Sound and vision equipment,Hong Kong,9423869.0,195662.0
2025-10-01,2025,L7GP,Sound and vision equipment,Japan,9193604.0,15149.0
2025-10-01,2025,L7GP,Sound and vision equipment,South Korea,1744374.0,32669.0
2025-10-01,2025,L7GP,Sound and vision equipment,Taiwan,5318500.0,133509.0
2025-11-01,2025,L7GP,Sound and vision equipment,China,131520611.0,4865139.0
2025-11-01,2025,L7GP,Sound and vision equipment,Hong Kong,13438285.0,197379.0
2025-11-01,2025,L7GP,Sound and vision equipment,Japan,11765499.0,18624.0
2025-11-01,2025,L7GP,Sound and vision equipment,South Korea,1929721.0,33414.0
2025-11-01,2025,L7GP,Sound and vision equipment,Taiwan,2959486.0,82506.0
2025-12-01,2025,L7GP,Sound and vision equipment,China,113820702.0,4361213.0
2025-12-01,2025,L7GP,Sound and vision equipment,Hong Kong,9444889.0,134647.0
2025-12-01,2025,L7GP,Sound and vision equipment,Japan,5272935.0,12956.0
2025-12-01,2025,L7GP,Sound and vision equipment,South Korea,1683223.0,32196.0
2025-12-01,2025,L7GP,Sound and vision equipment,Taiwan,2243937.0,64847.0
2026-01-01,2026,L7GP,Sound and vision equipment,China,101751273.0,3700937.0
2026-01-01,2026,L7GP,Sound and vision equipment,Hong Kong,7401486.0,140388.0
2026-01-01,2026,L7GP,Sound and vision equipment,Japan,7628416.0,17172.0
2026-01-01,2026,L7GP,Sound and vision equipment,South Korea,1692495.0,31303.0
2026-01-01,2026,L7GP,Sound and vision equipment,Taiwan,3147734.0,102399.0
2026-02-01,2026,L7GP,Sound and vision equipment,China,96208095.0,4143723.0
2026-02-01,2026,L7GP,Sound and vision equipment,Hong Kong,7173697.0,138229.0
2026-02-01,2026,L7GP,Sound and vision equipment,Japan,8857305.0,46067.0
2026-02-01,2026,L7GP,Sound and vision equipment,South Korea,1324542.0,33681.0
2026-02-01,2026,L7GP,Sound and vision equipment,Taiwan,3582522.0,123381.0
2026-03-01,2026,L7GP,Sound and vision equipment,China,99259451.0,4172582.0
2026-03-01,2026,L7GP,Sound and vision equipment,Hong Kong,6266759.0,81601.0
2026-03-01,2026,L7GP,Sound and vision equipment,Japan,10253331.0,43781.0
2026-03-01,2026,L7GP,Sound and vision equipment,South Korea,1892273.0,32818.0
2026-03-01,2026,L7GP,Sound and vision equipment,Taiwan,4337795.0,130757.0
2026-04-01,2026,L7GP,Sound and vision equipment,China,90276963.0,3092521.0
2026-04-01,2026,L7GP,Sound and vision equipment,Hong Kong,7913278.0,129727.0
2026-04-01,2026,L7GP,Sound and vision equipment,Japan,11703414.0,34383.0
2026-04-01,2026,L7GP,Sound and vision equipment,South Korea,3088782.0,53804.0
2026-04-01,2026,L7GP,Sound and vision equipment,Taiwan,7190734.0,205457.0
2026-05-01,2026,L7GP,Sound and vision equipment,China,91066050.0,3779803.0
2026-05-01,2026,L7GP,Sound and vision equipment,Hong Kong,6591926.0,107725.0
2026-05-01,2026,L7GP,Sound and vision equipment,Japan,16005859.0,77235.0
2026-05-01,2026,L7GP,Sound and vision equipment,South Korea,2269373.0,38634.0
2026-05-01,2026,L7GP,Sound and vision equipment,Taiwan,4662633.0,150247.0
2015-01-01,2015,L7GQ,Portable sound and vision devices,China,26546461.0,3103667.0
2015-01-01,2015,L7GQ,Portable sound and vision devices,Hong Kong,9164514.0,585605.0
2015-01-01,2015,L7GQ,Portable sound and vision devices,Japan,2564116.0,41451.0
2015-01-01,2015,L7GQ,Portable sound and vision devices,South Korea,1223989.0,118627.0
2015-01-01,2015,L7GQ,Portable sound and vision devices,Taiwan,1314416.0,162520.0
2015-02-01,2015,L7GQ,Portable sound and vision devices,China,21122697.0,2475359.0
2015-02-01,2015,L7GQ,Portable sound and vision devices,Hong Kong,8135038.0,477788.0
2015-02-01,2015,L7GQ,Portable sound and vision devices,Japan,1786523.0,29304.0
2015-02-01,2015,L7GQ,Portable sound and vision devices,South Korea,1642614.0,145328.0
2015-02-01,2015,L7GQ,Portable sound and vision devices,Taiwan,960392.0,66348.0
2015-03-01,2015,L7GQ,Portable sound and vision devices,China,20000033.0,2256267.0
2015-03-01,2015,L7GQ,Portable sound and vision devices,Hong Kong,8952194.0,519808.0
2015-03-01,2015,L7GQ,Portable sound and vision devices,Japan,1848638.0,27332.0
2015-03-01,2015,L7GQ,Portable sound and vision devices,South Korea,1527028.0,114968.0
2015-03-01,2015,L7GQ,Portable sound and vision devices,Taiwan,1072140.0,113789.0
2015-04-01,2015,L7GQ,Portable sound and vision devices,China,15240190.0,1347285.0
2015-04-01,2015,L7GQ,Portable sound and vision devices,Hong Kong,9053922.0,512657.0
2015-04-01,2015,L7GQ,Portable sound and vision devices,Japan,2143897.0,38447.0
2015-04-01,2015,L7GQ,Portable sound and vision devices,South Korea,2230006.0,151899.0
2015-04-01,2015,L7GQ,Portable sound and vision devices,Taiwan,1175049.0,141443.0
2015-05-01,2015,L7GQ,Portable sound and vision devices,China,25350646.0,2576841.0
2015-05-01,2015,L7GQ,Portable sound and vision devices,Hong Kong,8402973.0,573189.0
2015-05-01,2015,L7GQ,Portable sound and vision devices,Japan,2637875.0,43360.0
2015-05-01,2015,L7GQ,Portable sound and vision devices,South Korea,1370689.0,112159.0
2015-05-01,2015,L7GQ,Portable sound and vision devices,Taiwan,999833.0,83598.0
2015-06-01,2015,L7GQ,Portable sound and vision devices,China,21910081.0,2245571.0
2015-06-01,2015,L7GQ,Portable sound and vision devices,Hong Kong,8370159.0,463415.0
2015-06-01,2015,L7GQ,Portable sound and vision devices,Japan,1714799.0,39208.0
2015-06-01,2015,L7GQ,Portable sound and vision devices,South Korea,1762177.0,125998.0
2015-06-01,2015,L7GQ,Portable sound and vision devices,Taiwan,1192150.0,97661.0
2015-07-01,2015,L7GQ,Portable sound and vision devices,China,27587118.0,2627369.0
2015-07-01,2015,L7GQ,Portable sound and vision devices,Hong Kong,13251132.0,660322.0
2015-07-01,2015,L7GQ,Portable sound and vision devices,Japan,1273211.0,26407.0
2015-07-01,2015,L7GQ,Portable sound and vision devices,South Korea,792977.0,59168.0
2015-07-01,2015,L7GQ,Portable sound and vision devices,Taiwan,1583496.0,117363.0
2015-08-01,2015,L7GQ,Portable sound and vision devices,China,24397510.0,2432447.0
2015-08-01,2015,L7GQ,Portable sound and vision devices,Hong Kong,9222428.0,507941.0
2015-08-01,2015,L7GQ,Portable sound and vision devices,Japan,1674583.0,40090.0
2015-08-01,2015,L7GQ,Portable sound and vision devices,South Korea,725766.0,50011.0
2015-08-01,2015,L7GQ,Portable sound and vision devices,Taiwan,1900508.0,140683.0
2015-09-01,2015,L7GQ,Portable sound and vision devices,China,29421501.0,2712218.0
2015-09-01,2015,L7GQ,Portable sound and vision devices,Hong Kong,12116766.0,653524.0
2015-09-01,2015,L7GQ,Portable sound and vision devices,Japan,902940.0,15045.0
2015-09-01,2015,L7GQ,Portable sound and vision devices,South Korea,1298156.0,90162.0
2015-09-01,2015,L7GQ,Portable sound and vision devices,Taiwan,1481614.0,97585.0
2015-10-01,2015,L7GQ,Portable sound and vision devices,China,42454476.0,3757804.0
2015-10-01,2015,L7GQ,Portable sound and vision devices,Hong Kong,15582073.0,816971.0
2015-10-01,2015,L7GQ,Portable sound and vision devices,Japan,1085176.0,29050.0
2015-10-01,2015,L7GQ,Portable sound and vision devices,South Korea,2541523.0,192121.0
2015-10-01,2015,L7GQ,Portable sound and vision devices,Taiwan,986902.0,50439.0
2015-11-01,2015,L7GQ,Portable sound and vision devices,China,44860315.0,3858577.0
2015-11-01,2015,L7GQ,Portable sound and vision devices,Hong Kong,14781337.0,697857.0
2015-11-01,2015,L7GQ,Portable sound and vision devices,Japan,1329615.0,17048.0
2015-11-01,2015,L7GQ,Portable sound and vision devices,South Korea,3138603.0,276756.0
2015-11-01,2015,L7GQ,Portable sound and vision devices,Taiwan,1330550.0,77410.0
2015-12-01,2015,L7GQ,Portable sound and vision devices,China,32753624.0,2946616.0
2015-12-01,2015,L7GQ,Portable sound and vision devices,Hong Kong,12211029.0,542898.0
2015-12-01,2015,L7GQ,Portable sound and vision devices,Japan,1109755.0,17094.0
2015-12-01,2015,L7GQ,Portable sound and vision devices,South Korea,2937877.0,297395.0
2015-12-01,2015,L7GQ,Portable sound and vision devices,Taiwan,783802.0,41127.0
2016-01-01,2016,L7GQ,Portable sound and vision devices,China,24149893.0,2517877.0
2016-01-01,2016,L7GQ,Portable sound and vision devices,Hong Kong,10488408.0,607321.0
2016-01-01,2016,L7GQ,Portable sound and vision devices,Japan,1150710.0,18009.0
2016-01-01,2016,L7GQ,Portable sound and vision devices,South Korea,1692654.0,137723.0
2016-01-01,2016,L7GQ,Portable sound and vision devices,Taiwan,2325960.0,204871.0
2016-02-01,2016,L7GQ,Portable sound and vision devices,China,23033063.0,1939781.0
2016-02-01,2016,L7GQ,Portable sound and vision devices,Hong Kong,7093388.0,410755.0
2016-02-01,2016,L7GQ,Portable sound and vision devices,Japan,1730361.0,13354.0
2016-02-01,2016,L7GQ,Portable sound and vision devices,South Korea,1517381.0,95175.0
2016-02-01,2016,L7GQ,Portable sound and vision devices,Taiwan,2001405.0,132709.0
2016-03-01,2016,L7GQ,Portable sound and vision devices,China,20239160.0,1745142.0
2016-03-01,2016,L7GQ,Portable sound and vision devices,Hong Kong,8270670.0,431619.0
2016-03-01,2016,L7GQ,Portable sound and vision devices,Japan,1715515.0,20764.0
2016-03-01,2016,L7GQ,Portable sound and vision devices,South Korea,1566589.0,105016.0
2016-03-01,2016,L7GQ,Portable sound and vision devices,Taiwan,1467155.0,52231.0
2016-04-01,2016,L7GQ,Portable sound and vision devices,China,25386450.0,2027168.0
2016-04-01,2016,L7GQ,Portable sound and vision devices,Hong Kong,8629792.0,641379.0
2016-04-01,2016,L7GQ,Portable sound and vision devices,Japan,1871804.0,19191.0
2016-04-01,2016,L7GQ,Portable sound and vision devices,South Korea,1555960.0,120705.0
2016-04-01,2016,L7GQ,Portable sound and vision devices,Taiwan,2027081.0,114788.0
2016-05-01,2016,L7GQ,Portable sound and vision devices,China,25892669.0,2162191.0
2016-05-01,2016,L7GQ,Portable sound and vision devices,Hong Kong,10235133.0,420932.0
2016-05-01,2016,L7GQ,Portable sound and vision devices,Japan,1390919.0,25684.0
2016-05-01,2016,L7GQ,Portable sound and vision devices,South Korea,2258615.0,182385.0
2016-05-01,2016,L7GQ,Portable sound and vision devices,Taiwan,2004368.0,140575.0
2016-06-01,2016,L7GQ,Portable sound and vision devices,China,27081304.0,2349027.0
2016-06-01,2016,L7GQ,Portable sound and vision devices,Hong Kong,8625079.0,476430.0
2016-06-01,2016,L7GQ,Portable sound and vision devices,Japan,1698132.0,30764.0
2016-06-01,2016,L7GQ,Portable sound and vision devices,South Korea,938059.0,85861.0
2016-06-01,2016,L7GQ,Portable sound and vision devices,Taiwan,2336701.0,153796.0
2016-07-01,2016,L7GQ,Portable sound and vision devices,China,24329863.0,2195911.0
2016-07-01,2016,L7GQ,Portable sound and vision devices,Hong Kong,10098882.0,495409.0
2016-07-01,2016,L7GQ,Portable sound and vision devices,Japan,1651204.0,31934.0
2016-07-01,2016,L7GQ,Portable sound and vision devices,South Korea,593938.0,38599.0
2016-07-01,2016,L7GQ,Portable sound and vision devices,Taiwan,1703018.0,131878.0
2016-08-01,2016,L7GQ,Portable sound and vision devices,China,27097846.0,2109563.0
2016-08-01,2016,L7GQ,Portable sound and vision devices,Hong Kong,12153894.0,504817.0
2016-08-01,2016,L7GQ,Portable sound and vision devices,Japan,2111926.0,33681.0
2016-08-01,2016,L7GQ,Portable sound and vision devices,South Korea,790191.0,65752.0
2016-08-01,2016,L7GQ,Portable sound and vision devices,Taiwan,852655.0,35712.0
2016-09-01,2016,L7GQ,Portable sound and vision devices,China,31811196.0,2606097.0
2016-09-01,2016,L7GQ,Portable sound and vision devices,Hong Kong,14733870.0,637804.0
2016-09-01,2016,L7GQ,Portable sound and vision devices,Japan,2127963.0,53532.0
2016-09-01,2016,L7GQ,Portable sound and vision devices,South Korea,593410.0,65417.0
2016-09-01,2016,L7GQ,Portable sound and vision devices,Taiwan,1874824.0,117934.0
2016-10-01,2016,L7GQ,Portable sound and vision devices,China,40603136.0,3361387.0
2016-10-01,2016,L7GQ,Portable sound and vision devices,Hong Kong,13068463.0,620077.0
2016-10-01,2016,L7GQ,Portable sound and vision devices,Japan,1809523.0,44308.0
2016-10-01,2016,L7GQ,Portable sound and vision devices,South Korea,1501716.0,154651.0
2016-10-01,2016,L7GQ,Portable sound and vision devices,Taiwan,3115357.0,160935.0
2016-11-01,2016,L7GQ,Portable sound and vision devices,China,48688828.0,3753729.0
2016-11-01,2016,L7GQ,Portable sound and vision devices,Hong Kong,23421227.0,794105.0
2016-11-01,2016,L7GQ,Portable sound and vision devices,Japan,1087490.0,15528.0
2016-11-01,2016,L7GQ,Portable sound and vision devices,South Korea,916506.0,71905.0
2016-11-01,2016,L7GQ,Portable sound and vision devices,Taiwan,1582765.0,160865.0
2016-12-01,2016,L7GQ,Portable sound and vision devices,China,43962752.0,3605263.0
2016-12-01,2016,L7GQ,Portable sound and vision devices,Hong Kong,20796023.0,754577.0
2016-12-01,2016,L7GQ,Portable sound and vision devices,Japan,1212425.0,16578.0
2016-12-01,2016,L7GQ,Portable sound and vision devices,South Korea,1568338.0,123809.0
2016-12-01,2016,L7GQ,Portable sound and vision devices,Taiwan,1149103.0,43211.0
2017-01-01,2017,L7GQ,Portable sound and vision devices,China,28176705.0,2251296.0
2017-01-01,2017,L7GQ,Portable sound and vision devices,Hong Kong,13780260.0,637473.0
2017-01-01,2017,L7GQ,Portable sound and vision devices,Japan,1151719.0,12591.0
2017-01-01,2017,L7GQ,Portable sound and vision devices,South Korea,1783036.0,194136.0
2017-01-01,2017,L7GQ,Portable sound and vision devices,Taiwan,2558063.0,164571.0
2017-02-01,2017,L7GQ,Portable sound and vision devices,China,20513315.0,1745331.0
2017-02-01,2017,L7GQ,Portable sound and vision devices,Hong Kong,9041673.0,386577.0
2017-02-01,2017,L7GQ,Portable sound and vision devices,Japan,1390390.0,48003.0
2017-02-01,2017,L7GQ,Portable sound and vision devices,South Korea,1298836.0,133728.0
2017-02-01,2017,L7GQ,Portable sound and vision devices,Taiwan,1576480.0,88612.0
2017-03-01,2017,L7GQ,Portable sound and vision devices,China,18614257.0,1382725.0
2017-03-01,2017,L7GQ,Portable sound and vision devices,Hong Kong,9852249.0,415962.0
2017-03-01,2017,L7GQ,Portable sound and vision devices,Japan,1471291.0,17925.0
2017-03-01,2017,L7GQ,Portable sound and vision devices,South Korea,1544097.0,229065.0
2017-03-01,2017,L7GQ,Portable sound and vision devices,Taiwan,957282.0,56058.0
2017-04-01,2017,L7GQ,Portable sound and vision devices,China,22644589.0,1698350.0
2017-04-01,2017,L7GQ,Portable sound and vision devices,Hong Kong,8493652.0,300684.0
2017-04-01,2017,L7GQ,Portable sound and vision devices,Japan,1396185.0,12195.0
2017-04-01,2017,L7GQ,Portable sound and vision devices,South Korea,1058155.0,59731.0
2017-04-01,2017,L7GQ,Portable sound and vision devices,Taiwan,2111439.0,113962.0
2017-05-01,2017,L7GQ,Portable sound and vision devices,China,31242087.0,2465821.0
2017-05-01,2017,L7GQ,Portable sound and vision devices,Hong Kong,10972258.0,370321.0
2017-05-01,2017,L7GQ,Portable sound and vision devices,Japan,1796961.0,27887.0
2017-05-01,2017,L7GQ,Portable sound and vision devices,South Korea,1081477.0,70977.0
2017-05-01,2017,L7GQ,Portable sound and vision devices,Taiwan,2461115.0,123419.0
2017-06-01,2017,L7GQ,Portable sound and vision devices,China,28029614.0,2232780.0
2017-06-01,2017,L7GQ,Portable sound and vision devices,Hong Kong,8921677.0,389102.0
2017-06-01,2017,L7GQ,Portable sound and vision devices,Japan,1862288.0,95518.0
2017-06-01,2017,L7GQ,Portable sound and vision devices,South Korea,1250960.0,95687.0
2017-06-01,2017,L7GQ,Portable sound and vision devices,Taiwan,2243075.0,88842.0
2017-07-01,2017,L7GQ,Portable sound and vision devices,China,22510687.0,1890726.0
2017-07-01,2017,L7GQ,Portable sound and vision devices,Hong Kong,7086202.0,330222.0
2017-07-01,2017,L7GQ,Portable sound and vision devices,Japan,1775694.0,76330.0
2017-07-01,2017,L7GQ,Portable sound and vision devices,South Korea,636817.0,44665.0
2017-07-01,2017,L7GQ,Portable sound and vision devices,Taiwan,1938557.0,125544.0
2017-08-01,2017,L7GQ,Portable sound and vision devices,China,31658353.0,2553903.0
2017-08-01,2017,L7GQ,Portable sound and vision devices,Hong Kong,8347396.0,324448.0
2017-08-01,2017,L7GQ,Portable sound and vision devices,Japan,1636290.0,55816.0
2017-08-01,2017,L7GQ,Portable sound and vision devices,South Korea,266539.0,4256.0
2017-08-01,2017,L7GQ,Portable sound and vision devices,Taiwan,1719216.0,100642.0
2017-09-01,2017,L7GQ,Portable sound and vision devices,China,30271110.0,2330444.0
2017-09-01,2017,L7GQ,Portable sound and vision devices,Hong Kong,9053037.0,377814.0
2017-09-01,2017,L7GQ,Portable sound and vision devices,Japan,935341.0,7971.0
2017-09-01,2017,L7GQ,Portable sound and vision devices,South Korea,251013.0,5749.0
2017-09-01,2017,L7GQ,Portable sound and vision devices,Taiwan,1041822.0,50438.0
2017-10-01,2017,L7GQ,Portable sound and vision devices,China,43429292.0,3495456.0
2017-10-01,2017,L7GQ,Portable sound and vision devices,Hong Kong,11350313.0,606995.0
2017-10-01,2017,L7GQ,Portable sound and vision devices,Japan,1521258.0,27594.0
2017-10-01,2017,L7GQ,Portable sound and vision devices,South Korea,341936.0,8677.0
2017-10-01,2017,L7GQ,Portable sound and vision devices,Taiwan,2053426.0,86767.0
2017-11-01,2017,L7GQ,Portable sound and vision devices,China,50195548.0,4072226.0
2017-11-01,2017,L7GQ,Portable sound and vision devices,Hong Kong,21870077.0,858980.0
2017-11-01,2017,L7GQ,Portable sound and vision devices,Japan,725892.0,15344.0
2017-11-01,2017,L7GQ,Portable sound and vision devices,South Korea,540788.0,18658.0
2017-11-01,2017,L7GQ,Portable sound and vision devices,Taiwan,1264266.0,49253.0
2017-12-01,2017,L7GQ,Portable sound and vision devices,China,32933906.0,2997236.0
2017-12-01,2017,L7GQ,Portable sound and vision devices,Hong Kong,14101209.0,667940.0
2017-12-01,2017,L7GQ,Portable sound and vision devices,Japan,1136673.0,28835.0
2017-12-01,2017,L7GQ,Portable sound and vision devices,South Korea,368225.0,3894.0
2017-12-01,2017,L7GQ,Portable sound and vision devices,Taiwan,1249212.0,55149.0
2018-01-01,2018,L7GQ,Portable sound and vision devices,China,29479823.0,2298359.0
2018-01-01,2018,L7GQ,Portable sound and vision devices,Hong Kong,9843272.0,446270.0
2018-01-01,2018,L7GQ,Portable sound and vision devices,Japan,1801813.0,32848.0
2018-01-01,2018,L7GQ,Portable sound and vision devices,South Korea,313532.0,6056.0
2018-01-01,2018,L7GQ,Portable sound and vision devices,Taiwan,1568395.0,68238.0
2018-02-01,2018,L7GQ,Portable sound and vision devices,China,20998739.0,2733457.0
2018-02-01,2018,L7GQ,Portable sound and vision devices,Hong Kong,6429154.0,349156.0
2018-02-01,2018,L7GQ,Portable sound and vision devices,Japan,1385224.0,24439.0
2018-02-01,2018,L7GQ,Portable sound and vision devices,South Korea,102101.0,3149.0
2018-02-01,2018,L7GQ,Portable sound and vision devices,Taiwan,1290660.0,57722.0
2018-03-01,2018,L7GQ,Portable sound and vision devices,China,23808383.0,1896762.0
2018-03-01,2018,L7GQ,Portable sound and vision devices,Hong Kong,5867944.0,334727.0
2018-03-01,2018,L7GQ,Portable sound and vision devices,Japan,1000807.0,8580.0
2018-03-01,2018,L7GQ,Portable sound and vision devices,South Korea,151834.0,9758.0
2018-03-01,2018,L7GQ,Portable sound and vision devices,Taiwan,1162586.0,44697.0
2018-04-01,2018,L7GQ,Portable sound and vision devices,China,21861904.0,1673290.0
2018-04-01,2018,L7GQ,Portable sound and vision devices,Hong Kong,6080143.0,242809.0
2018-04-01,2018,L7GQ,Portable sound and vision devices,Japan,524662.0,7731.0
2018-04-01,2018,L7GQ,Portable sound and vision devices,South Korea,209489.0,7308.0
2018-04-01,2018,L7GQ,Portable sound and vision devices,Taiwan,993578.0,30945.0
2018-05-01,2018,L7GQ,Portable sound and vision devices,China,23427561.0,2037956.0
2018-05-01,2018,L7GQ,Portable sound and vision devices,Hong Kong,8987261.0,380849.0
2018-05-01,2018,L7GQ,Portable sound and vision devices,Japan,479262.0,6165.0
2018-05-01,2018,L7GQ,Portable sound and vision devices,South Korea,301003.0,6764.0
2018-05-01,2018,L7GQ,Portable sound and vision devices,Taiwan,1611902.0,72955.0
2018-06-01,2018,L7GQ,Portable sound and vision devices,China,24826646.0,1876230.0
2018-06-01,2018,L7GQ,Portable sound and vision devices,Hong Kong,8867242.0,388053.0
2018-06-01,2018,L7GQ,Portable sound and vision devices,Japan,671641.0,6875.0
2018-06-01,2018,L7GQ,Portable sound and vision devices,South Korea,303807.0,6491.0
2018-06-01,2018,L7GQ,Portable sound and vision devices,Taiwan,1178575.0,51595.0
2018-07-01,2018,L7GQ,Portable sound and vision devices,China,26187301.0,2009088.0
2018-07-01,2018,L7GQ,Portable sound and vision devices,Hong Kong,11500045.0,562358.0
2018-07-01,2018,L7GQ,Portable sound and vision devices,Japan,589781.0,12510.0
2018-07-01,2018,L7GQ,Portable sound and vision devices,South Korea,414628.0,16847.0
2018-07-01,2018,L7GQ,Portable sound and vision devices,Taiwan,1228020.0,62015.0
2018-08-01,2018,L7GQ,Portable sound and vision devices,China,29971824.0,2135469.0
2018-08-01,2018,L7GQ,Portable sound and vision devices,Hong Kong,7825659.0,348965.0
2018-08-01,2018,L7GQ,Portable sound and vision devices,Japan,452415.0,6720.0
2018-08-01,2018,L7GQ,Portable sound and vision devices,South Korea,359637.0,7832.0
2018-08-01,2018,L7GQ,Portable sound and vision devices,Taiwan,923389.0,38215.0
2018-09-01,2018,L7GQ,Portable sound and vision devices,China,31400233.0,2245299.0
2018-09-01,2018,L7GQ,Portable sound and vision devices,Hong Kong,8004936.0,353875.0
2018-09-01,2018,L7GQ,Portable sound and vision devices,Japan,681732.0,11883.0
2018-09-01,2018,L7GQ,Portable sound and vision devices,South Korea,291303.0,6007.0
2018-09-01,2018,L7GQ,Portable sound and vision devices,Taiwan,1650720.0,64050.0
2018-10-01,2018,L7GQ,Portable sound and vision devices,China,49781196.0,4299967.0
2018-10-01,2018,L7GQ,Portable sound and vision devices,Hong Kong,12816834.0,546169.0
2018-10-01,2018,L7GQ,Portable sound and vision devices,Japan,517503.0,10433.0
2018-10-01,2018,L7GQ,Portable sound and vision devices,South Korea,366474.0,5162.0
2018-10-01,2018,L7GQ,Portable sound and vision devices,Taiwan,2139123.0,108657.0
2018-11-01,2018,L7GQ,Portable sound and vision devices,China,51170753.0,3645357.0
2018-11-01,2018,L7GQ,Portable sound and vision devices,Hong Kong,15673644.0,521937.0
2018-11-01,2018,L7GQ,Portable sound and vision devices,Japan,455378.0,4731.0
2018-11-01,2018,L7GQ,Portable sound and vision devices,South Korea,868013.0,48305.0
2018-11-01,2018,L7GQ,Portable sound and vision devices,Taiwan,1049927.0,29100.0
2018-12-01,2018,L7GQ,Portable sound and vision devices,China,31096139.0,2304077.0
2018-12-01,2018,L7GQ,Portable sound and vision devices,Hong Kong,9944238.0,415182.0
2018-12-01,2018,L7GQ,Portable sound and vision devices,Japan,471805.0,12461.0
2018-12-01,2018,L7GQ,Portable sound and vision devices,South Korea,357429.0,21283.0
2018-12-01,2018,L7GQ,Portable sound and vision devices,Taiwan,629499.0,26651.0
2019-01-01,2019,L7GQ,Portable sound and vision devices,China,30753879.0,2523777.0
2019-01-01,2019,L7GQ,Portable sound and vision devices,Hong Kong,11767333.0,815058.0
2019-01-01,2019,L7GQ,Portable sound and vision devices,Japan,532040.0,8725.0
2019-01-01,2019,L7GQ,Portable sound and vision devices,South Korea,305443.0,8130.0
2019-01-01,2019,L7GQ,Portable sound and vision devices,Taiwan,2291121.0,129835.0
2019-02-01,2019,L7GQ,Portable sound and vision devices,China,23931546.0,1871742.0
2019-02-01,2019,L7GQ,Portable sound and vision devices,Hong Kong,6232923.0,265440.0
2019-02-01,2019,L7GQ,Portable sound and vision devices,Japan,380995.0,5503.0
2019-02-01,2019,L7GQ,Portable sound and vision devices,South Korea,357008.0,7745.0
2019-02-01,2019,L7GQ,Portable sound and vision devices,Taiwan,1159494.0,53923.0
2019-03-01,2019,L7GQ,Portable sound and vision devices,China,20704303.0,1526416.0
2019-03-01,2019,L7GQ,Portable sound and vision devices,Hong Kong,10401216.0,308711.0
2019-03-01,2019,L7GQ,Portable sound and vision devices,Japan,453296.0,6287.0
2019-03-01,2019,L7GQ,Portable sound and vision devices,South Korea,195590.0,4491.0
2019-03-01,2019,L7GQ,Portable sound and vision devices,Taiwan,1404154.0,60685.0
2019-04-01,2019,L7GQ,Portable sound and vision devices,China,18287883.0,1386417.0
2019-04-01,2019,L7GQ,Portable sound and vision devices,Hong Kong,8588649.0,350017.0
2019-04-01,2019,L7GQ,Portable sound and vision devices,Japan,1529106.0,88854.0
2019-04-01,2019,L7GQ,Portable sound and vision devices,South Korea,593521.0,26364.0
2019-04-01,2019,L7GQ,Portable sound and vision devices,Taiwan,994935.0,57497.0
2019-05-01,2019,L7GQ,Portable sound and vision devices,China,24083767.0,1786991.0
2019-05-01,2019,L7GQ,Portable sound and vision devices,Hong Kong,8127095.0,361598.0
2019-05-01,2019,L7GQ,Portable sound and vision devices,Japan,1129500.0,40761.0
2019-05-01,2019,L7GQ,Portable sound and vision devices,South Korea,223132.0,9148.0
2019-05-01,2019,L7GQ,Portable sound and vision devices,Taiwan,1685747.0,55108.0
2019-06-01,2019,L7GQ,Portable sound and vision devices,China,25562037.0,1577069.0
2019-06-01,2019,L7GQ,Portable sound and vision devices,Hong Kong,8261052.0,304999.0
2019-06-01,2019,L7GQ,Portable sound and vision devices,Japan,1053986.0,46279.0
2019-06-01,2019,L7GQ,Portable sound and vision devices,South Korea,193790.0,4539.0
2019-06-01,2019,L7GQ,Portable sound and vision devices,Taiwan,929872.0,31287.0
2019-07-01,2019,L7GQ,Portable sound and vision devices,China,33135106.0,2012170.0
2019-07-01,2019,L7GQ,Portable sound and vision devices,Hong Kong,8850310.0,407773.0
2019-07-01,2019,L7GQ,Portable sound and vision devices,Japan,771260.0,123473.0
2019-07-01,2019,L7GQ,Portable sound and vision devices,South Korea,225119.0,6004.0
2019-07-01,2019,L7GQ,Portable sound and vision devices,Taiwan,1244662.0,46678.0
2019-08-01,2019,L7GQ,Portable sound and vision devices,China,31781586.0,2033776.0
2019-08-01,2019,L7GQ,Portable sound and vision devices,Hong Kong,6752737.0,296374.0
2019-08-01,2019,L7GQ,Portable sound and vision devices,Japan,430821.0,8895.0
2019-08-01,2019,L7GQ,Portable sound and vision devices,South Korea,298122.0,4624.0
2019-08-01,2019,L7GQ,Portable sound and vision devices,Taiwan,758181.0,27657.0
2019-09-01,2019,L7GQ,Portable sound and vision devices,China,38070538.0,2550215.0
2019-09-01,2019,L7GQ,Portable sound and vision devices,Hong Kong,8250702.0,338703.0
2019-09-01,2019,L7GQ,Portable sound and vision devices,Japan,385720.0,8926.0
2019-09-01,2019,L7GQ,Portable sound and vision devices,South Korea,600806.0,22069.0
2019-09-01,2019,L7GQ,Portable sound and vision devices,Taiwan,1038554.0,29100.0
2019-10-01,2019,L7GQ,Portable sound and vision devices,China,51233746.0,3052663.0
2019-10-01,2019,L7GQ,Portable sound and vision devices,Hong Kong,10287603.0,357868.0
2019-10-01,2019,L7GQ,Portable sound and vision devices,Japan,617245.0,11228.0
2019-10-01,2019,L7GQ,Portable sound and vision devices,South Korea,467519.0,18235.0
2019-10-01,2019,L7GQ,Portable sound and vision devices,Taiwan,1524256.0,70356.0
2019-11-01,2019,L7GQ,Portable sound and vision devices,China,38411275.0,2894334.0
2019-11-01,2019,L7GQ,Portable sound and vision devices,Hong Kong,10582996.0,436544.0
2019-11-01,2019,L7GQ,Portable sound and vision devices,Japan,467132.0,3774.0
2019-11-01,2019,L7GQ,Portable sound and vision devices,South Korea,536746.0,17076.0
2019-11-01,2019,L7GQ,Portable sound and vision devices,Taiwan,1631298.0,69326.0
2019-12-01,2019,L7GQ,Portable sound and vision devices,China,24771884.0,1780052.0
2019-12-01,2019,L7GQ,Portable sound and vision devices,Hong Kong,8292407.0,323817.0
2019-12-01,2019,L7GQ,Portable sound and vision devices,Japan,544764.0,5154.0
2019-12-01,2019,L7GQ,Portable sound and vision devices,South Korea,230598.0,22774.0
2019-12-01,2019,L7GQ,Portable sound and vision devices,Taiwan,1141302.0,32269.0
2020-01-01,2020,L7GQ,Portable sound and vision devices,China,24468205.0,1904169.0
2020-01-01,2020,L7GQ,Portable sound and vision devices,Hong Kong,8983829.0,367067.0
2020-01-01,2020,L7GQ,Portable sound and vision devices,Japan,333278.0,17382.0
2020-01-01,2020,L7GQ,Portable sound and vision devices,South Korea,477448.0,20934.0
2020-01-01,2020,L7GQ,Portable sound and vision devices,Taiwan,1461605.0,47319.0
2020-02-01,2020,L7GQ,Portable sound and vision devices,China,19369913.0,1485460.0
2020-02-01,2020,L7GQ,Portable sound and vision devices,Hong Kong,4685720.0,192629.0
2020-02-01,2020,L7GQ,Portable sound and vision devices,Japan,332830.0,5918.0
2020-02-01,2020,L7GQ,Portable sound and vision devices,South Korea,247164.0,2353.0
2020-02-01,2020,L7GQ,Portable sound and vision devices,Taiwan,1321360.0,39434.0
2020-03-01,2020,L7GQ,Portable sound and vision devices,China,12000957.0,804802.0
2020-03-01,2020,L7GQ,Portable sound and vision devices,Hong Kong,4660583.0,199293.0
2020-03-01,2020,L7GQ,Portable sound and vision devices,Japan,481568.0,8348.0
2020-03-01,2020,L7GQ,Portable sound and vision devices,South Korea,551608.0,12718.0
2020-03-01,2020,L7GQ,Portable sound and vision devices,Taiwan,523879.0,7641.0
2020-04-01,2020,L7GQ,Portable sound and vision devices,China,14581610.0,849495.0
2020-04-01,2020,L7GQ,Portable sound and vision devices,Hong Kong,4960518.0,207517.0
2020-04-01,2020,L7GQ,Portable sound and vision devices,Japan,326124.0,7892.0
2020-04-01,2020,L7GQ,Portable sound and vision devices,South Korea,245384.0,12794.0
2020-04-01,2020,L7GQ,Portable sound and vision devices,Taiwan,1181014.0,52563.0
2020-05-01,2020,L7GQ,Portable sound and vision devices,China,16490623.0,1057694.0
2020-05-01,2020,L7GQ,Portable sound and vision devices,Hong Kong,5263673.0,224827.0
2020-05-01,2020,L7GQ,Portable sound and vision devices,Japan,461760.0,5488.0
2020-05-01,2020,L7GQ,Portable sound and vision devices,South Korea,512471.0,15385.0
2020-05-01,2020,L7GQ,Portable sound and vision devices,Taiwan,586011.0,12180.0
2020-06-01,2020,L7GQ,Portable sound and vision devices,China,24084978.0,1525399.0
2020-06-01,2020,L7GQ,Portable sound and vision devices,Hong Kong,8876431.0,376622.0
2020-06-01,2020,L7GQ,Portable sound and vision devices,Japan,403404.0,4187.0
2020-06-01,2020,L7GQ,Portable sound and vision devices,South Korea,1376095.0,20311.0
2020-06-01,2020,L7GQ,Portable sound and vision devices,Taiwan,1294501.0,41989.0
2020-07-01,2020,L7GQ,Portable sound and vision devices,China,29424757.0,2043019.0
2020-07-01,2020,L7GQ,Portable sound and vision devices,Hong Kong,12968821.0,558599.0
2020-07-01,2020,L7GQ,Portable sound and vision devices,Japan,304235.0,4600.0
2020-07-01,2020,L7GQ,Portable sound and vision devices,South Korea,1043316.0,11056.0
2020-07-01,2020,L7GQ,Portable sound and vision devices,Taiwan,2831693.0,64127.0
2020-08-01,2020,L7GQ,Portable sound and vision devices,China,27478367.0,2242630.0
2020-08-01,2020,L7GQ,Portable sound and vision devices,Hong Kong,6435009.0,233133.0
2020-08-01,2020,L7GQ,Portable sound and vision devices,Japan,577473.0,14165.0
2020-08-01,2020,L7GQ,Portable sound and vision devices,South Korea,757770.0,11793.0
2020-08-01,2020,L7GQ,Portable sound and vision devices,Taiwan,1044778.0,45993.0
2020-09-01,2020,L7GQ,Portable sound and vision devices,China,35763498.0,2753014.0
2020-09-01,2020,L7GQ,Portable sound and vision devices,Hong Kong,8580125.0,359070.0
2020-09-01,2020,L7GQ,Portable sound and vision devices,Japan,578022.0,7841.0
2020-09-01,2020,L7GQ,Portable sound and vision devices,South Korea,1060376.0,12201.0
2020-09-01,2020,L7GQ,Portable sound and vision devices,Taiwan,986049.0,27327.0
2020-10-01,2020,L7GQ,Portable sound and vision devices,China,34788095.0,2560542.0
2020-10-01,2020,L7GQ,Portable sound and vision devices,Hong Kong,9964404.0,452262.0
2020-10-01,2020,L7GQ,Portable sound and vision devices,Japan,597590.0,15992.0
2020-10-01,2020,L7GQ,Portable sound and vision devices,South Korea,609502.0,9690.0
2020-10-01,2020,L7GQ,Portable sound and vision devices,Taiwan,1238239.0,50355.0
2020-11-01,2020,L7GQ,Portable sound and vision devices,China,35367419.0,2842158.0
2020-11-01,2020,L7GQ,Portable sound and vision devices,Hong Kong,12304246.0,625688.0
2020-11-01,2020,L7GQ,Portable sound and vision devices,Japan,582261.0,16226.0
2020-11-01,2020,L7GQ,Portable sound and vision devices,South Korea,772996.0,12013.0
2020-11-01,2020,L7GQ,Portable sound and vision devices,Taiwan,1522376.0,48839.0
2020-12-01,2020,L7GQ,Portable sound and vision devices,China,35490413.0,2781010.0
2020-12-01,2020,L7GQ,Portable sound and vision devices,Hong Kong,8870264.0,410424.0
2020-12-01,2020,L7GQ,Portable sound and vision devices,Japan,544310.0,8075.0
2020-12-01,2020,L7GQ,Portable sound and vision devices,South Korea,602892.0,10341.0
2020-12-01,2020,L7GQ,Portable sound and vision devices,Taiwan,1161136.0,22588.0
2021-01-01,2021,L7GQ,Portable sound and vision devices,China,25332643.0,2061857.0
2021-01-01,2021,L7GQ,Portable sound and vision devices,Hong Kong,6964649.0,327843.0
2021-01-01,2021,L7GQ,Portable sound and vision devices,Japan,334368.0,5270.0
2021-01-01,2021,L7GQ,Portable sound and vision devices,South Korea,443117.0,8966.0
2021-01-01,2021,L7GQ,Portable sound and vision devices,Taiwan,635886.0,21682.0
2021-02-01,2021,L7GQ,Portable sound and vision devices,China,23268349.0,1767134.0
2021-02-01,2021,L7GQ,Portable sound and vision devices,Hong Kong,7041869.0,273214.0
2021-02-01,2021,L7GQ,Portable sound and vision devices,Japan,446737.0,9391.0
2021-02-01,2021,L7GQ,Portable sound and vision devices,South Korea,373823.0,6204.0
2021-02-01,2021,L7GQ,Portable sound and vision devices,Taiwan,750800.0,28136.0
2021-03-01,2021,L7GQ,Portable sound and vision devices,China,23355253.0,1803524.0
2021-03-01,2021,L7GQ,Portable sound and vision devices,Hong Kong,7466611.0,373260.0
2021-03-01,2021,L7GQ,Portable sound and vision devices,Japan,470182.0,7333.0
2021-03-01,2021,L7GQ,Portable sound and vision devices,South Korea,802526.0,23616.0
2021-03-01,2021,L7GQ,Portable sound and vision devices,Taiwan,1055011.0,37255.0
2021-04-01,2021,L7GQ,Portable sound and vision devices,China,22519868.0,1560019.0
2021-04-01,2021,L7GQ,Portable sound and vision devices,Hong Kong,9293011.0,448656.0
2021-04-01,2021,L7GQ,Portable sound and vision devices,Japan,596523.0,10254.0
2021-04-01,2021,L7GQ,Portable sound and vision devices,South Korea,404970.0,10727.0
2021-04-01,2021,L7GQ,Portable sound and vision devices,Taiwan,1086981.0,48395.0
2021-05-01,2021,L7GQ,Portable sound and vision devices,China,21698517.0,1658776.0
2021-05-01,2021,L7GQ,Portable sound and vision devices,Hong Kong,6261029.0,271157.0
2021-05-01,2021,L7GQ,Portable sound and vision devices,Japan,449890.0,6433.0
2021-05-01,2021,L7GQ,Portable sound and vision devices,South Korea,404826.0,11644.0
2021-05-01,2021,L7GQ,Portable sound and vision devices,Taiwan,794645.0,38594.0
2021-06-01,2021,L7GQ,Portable sound and vision devices,China,21357394.0,1630573.0
2021-06-01,2021,L7GQ,Portable sound and vision devices,Hong Kong,8781018.0,381169.0
2021-06-01,2021,L7GQ,Portable sound and vision devices,Japan,948322.0,28197.0
2021-06-01,2021,L7GQ,Portable sound and vision devices,South Korea,425858.0,36311.0
2021-06-01,2021,L7GQ,Portable sound and vision devices,Taiwan,616737.0,19665.0
2021-07-01,2021,L7GQ,Portable sound and vision devices,China,19207414.0,1441789.0
2021-07-01,2021,L7GQ,Portable sound and vision devices,Hong Kong,8580217.0,343989.0
2021-07-01,2021,L7GQ,Portable sound and vision devices,Japan,878822.0,10736.0
2021-07-01,2021,L7GQ,Portable sound and vision devices,South Korea,366275.0,10563.0
2021-07-01,2021,L7GQ,Portable sound and vision devices,Taiwan,993053.0,45362.0
2021-08-01,2021,L7GQ,Portable sound and vision devices,China,22800140.0,1702579.0
2021-08-01,2021,L7GQ,Portable sound and vision devices,Hong Kong,6775585.0,267831.0
2021-08-01,2021,L7GQ,Portable sound and vision devices,Japan,457670.0,7062.0
2021-08-01,2021,L7GQ,Portable sound and vision devices,South Korea,679492.0,9297.0
2021-08-01,2021,L7GQ,Portable sound and vision devices,Taiwan,882901.0,55355.0
2021-09-01,2021,L7GQ,Portable sound and vision devices,China,28906233.0,2092952.0
2021-09-01,2021,L7GQ,Portable sound and vision devices,Hong Kong,8792480.0,659625.0
2021-09-01,2021,L7GQ,Portable sound and vision devices,Japan,779709.0,7725.0
2021-09-01,2021,L7GQ,Portable sound and vision devices,South Korea,646812.0,23826.0
2021-09-01,2021,L7GQ,Portable sound and vision devices,Taiwan,887768.0,50355.0
2021-10-01,2021,L7GQ,Portable sound and vision devices,China,30196275.0,2115435.0
2021-10-01,2021,L7GQ,Portable sound and vision devices,Hong Kong,8506588.0,417382.0
2021-10-01,2021,L7GQ,Portable sound and vision devices,Japan,702641.0,6011.0
2021-10-01,2021,L7GQ,Portable sound and vision devices,South Korea,1079492.0,60335.0
2021-10-01,2021,L7GQ,Portable sound and vision devices,Taiwan,788414.0,20378.0
2021-11-01,2021,L7GQ,Portable sound and vision devices,China,34021280.0,2608585.0
2021-11-01,2021,L7GQ,Portable sound and vision devices,Hong Kong,13670377.0,591078.0
2021-11-01,2021,L7GQ,Portable sound and vision devices,Japan,863427.0,8302.0
2021-11-01,2021,L7GQ,Portable sound and vision devices,South Korea,730720.0,35570.0
2021-11-01,2021,L7GQ,Portable sound and vision devices,Taiwan,1224664.0,49153.0
2021-12-01,2021,L7GQ,Portable sound and vision devices,China,29058022.0,1939405.0
2021-12-01,2021,L7GQ,Portable sound and vision devices,Hong Kong,14799929.0,617584.0
2021-12-01,2021,L7GQ,Portable sound and vision devices,Japan,477192.0,4229.0
2021-12-01,2021,L7GQ,Portable sound and vision devices,South Korea,282878.0,8939.0
2021-12-01,2021,L7GQ,Portable sound and vision devices,Taiwan,1889832.0,85201.0
2022-01-01,2022,L7GQ,Portable sound and vision devices,China,31002317.0,2255260.0
2022-01-01,2022,L7GQ,Portable sound and vision devices,Hong Kong,8726533.0,296434.0
2022-01-01,2022,L7GQ,Portable sound and vision devices,Japan,609247.0,5336.0
2022-01-01,2022,L7GQ,Portable sound and vision devices,South Korea,376499.0,9782.0
2022-01-01,2022,L7GQ,Portable sound and vision devices,Taiwan,1223649.0,62864.0
2022-02-01,2022,L7GQ,Portable sound and vision devices,China,21287281.0,1457366.0
2022-02-01,2022,L7GQ,Portable sound and vision devices,Hong Kong,5505964.0,221162.0
2022-02-01,2022,L7GQ,Portable sound and vision devices,Japan,500096.0,3650.0
2022-02-01,2022,L7GQ,Portable sound and vision devices,South Korea,555736.0,16996.0
2022-02-01,2022,L7GQ,Portable sound and vision devices,Taiwan,960059.0,31793.0
2022-03-01,2022,L7GQ,Portable sound and vision devices,China,29291971.0,1821632.0
2022-03-01,2022,L7GQ,Portable sound and vision devices,Hong Kong,6470124.0,323158.0
2022-03-01,2022,L7GQ,Portable sound and vision devices,Japan,609574.0,6511.0
2022-03-01,2022,L7GQ,Portable sound and vision devices,South Korea,529367.0,13089.0
2022-03-01,2022,L7GQ,Portable sound and vision devices,Taiwan,984697.0,50970.0
2022-04-01,2022,L7GQ,Portable sound and vision devices,China,21258873.0,1081490.0
2022-04-01,2022,L7GQ,Portable sound and vision devices,Hong Kong,5618507.0,161947.0
2022-04-01,2022,L7GQ,Portable sound and vision devices,Japan,387857.0,5364.0
2022-04-01,2022,L7GQ,Portable sound and vision devices,South Korea,524245.0,12122.0
2022-04-01,2022,L7GQ,Portable sound and vision devices,Taiwan,610512.0,25096.0
2022-05-01,2022,L7GQ,Portable sound and vision devices,China,25003185.0,1534133.0
2022-05-01,2022,L7GQ,Portable sound and vision devices,Hong Kong,6430959.0,281530.0
2022-05-01,2022,L7GQ,Portable sound and vision devices,Japan,686335.0,5898.0
2022-05-01,2022,L7GQ,Portable sound and vision devices,South Korea,414044.0,5375.0
2022-05-01,2022,L7GQ,Portable sound and vision devices,Taiwan,1096031.0,41236.0
2022-06-01,2022,L7GQ,Portable sound and vision devices,China,26405598.0,1462246.0
2022-06-01,2022,L7GQ,Portable sound and vision devices,Hong Kong,6729926.0,188896.0
2022-06-01,2022,L7GQ,Portable sound and vision devices,Japan,682417.0,9419.0
2022-06-01,2022,L7GQ,Portable sound and vision devices,South Korea,670400.0,13573.0
2022-06-01,2022,L7GQ,Portable sound and vision devices,Taiwan,1031978.0,46957.0
2022-07-01,2022,L7GQ,Portable sound and vision devices,China,20761198.0,1154128.0
2022-07-01,2022,L7GQ,Portable sound and vision devices,Hong Kong,3723245.0,112683.0
2022-07-01,2022,L7GQ,Portable sound and vision devices,Japan,456693.0,5613.0
2022-07-01,2022,L7GQ,Portable sound and vision devices,South Korea,480997.0,8432.0
2022-07-01,2022,L7GQ,Portable sound and vision devices,Taiwan,1345938.0,52133.0
2022-08-01,2022,L7GQ,Portable sound and vision devices,China,29570589.0,2926375.0
2022-08-01,2022,L7GQ,Portable sound and vision devices,Hong Kong,5943292.0,156600.0
2022-08-01,2022,L7GQ,Portable sound and vision devices,Japan,582897.0,10602.0
2022-08-01,2022,L7GQ,Portable sound and vision devices,South Korea,382139.0,10635.0
2022-08-01,2022,L7GQ,Portable sound and vision devices,Taiwan,1236996.0,59087.0
2022-09-01,2022,L7GQ,Portable sound and vision devices,China,36085027.0,2120649.0
2022-09-01,2022,L7GQ,Portable sound and vision devices,Hong Kong,6195446.0,151599.0
2022-09-01,2022,L7GQ,Portable sound and vision devices,Japan,675241.0,17684.0
2022-09-01,2022,L7GQ,Portable sound and vision devices,South Korea,851188.0,14347.0
2022-09-01,2022,L7GQ,Portable sound and vision devices,Taiwan,1055651.0,55010.0
2022-10-01,2022,L7GQ,Portable sound and vision devices,China,39843463.0,2074691.0
2022-10-01,2022,L7GQ,Portable sound and vision devices,Hong Kong,5780587.0,137291.0
2022-10-01,2022,L7GQ,Portable sound and vision devices,Japan,586342.0,6572.0
2022-10-01,2022,L7GQ,Portable sound and vision devices,South Korea,547925.0,15037.0
2022-10-01,2022,L7GQ,Portable sound and vision devices,Taiwan,1073085.0,45865.0
2022-11-01,2022,L7GQ,Portable sound and vision devices,China,44036551.0,2296209.0
2022-11-01,2022,L7GQ,Portable sound and vision devices,Hong Kong,4332988.0,81552.0
2022-11-01,2022,L7GQ,Portable sound and vision devices,Japan,582030.0,8846.0
2022-11-01,2022,L7GQ,Portable sound and vision devices,South Korea,889137.0,15075.0
2022-11-01,2022,L7GQ,Portable sound and vision devices,Taiwan,636538.0,21482.0
2022-12-01,2022,L7GQ,Portable sound and vision devices,China,28640717.0,1656067.0
2022-12-01,2022,L7GQ,Portable sound and vision devices,Hong Kong,2689455.0,83837.0
2022-12-01,2022,L7GQ,Portable sound and vision devices,Japan,870364.0,13029.0
2022-12-01,2022,L7GQ,Portable sound and vision devices,South Korea,189791.0,3507.0
2022-12-01,2022,L7GQ,Portable sound and vision devices,Taiwan,811497.0,26301.0
2023-01-01,2023,L7GQ,Portable sound and vision devices,China,21195781.0,1251779.0
2023-01-01,2023,L7GQ,Portable sound and vision devices,Hong Kong,2080009.0,55997.0
2023-01-01,2023,L7GQ,Portable sound and vision devices,Japan,422797.0,6425.0
2023-01-01,2023,L7GQ,Portable sound and vision devices,South Korea,398071.0,6200.0
2023-01-01,2023,L7GQ,Portable sound and vision devices,Taiwan,761625.0,23371.0
2023-02-01,2023,L7GQ,Portable sound and vision devices,China,25364718.0,1458762.0
2023-02-01,2023,L7GQ,Portable sound and vision devices,Hong Kong,3462956.0,77464.0
2023-02-01,2023,L7GQ,Portable sound and vision devices,Japan,674219.0,10625.0
2023-02-01,2023,L7GQ,Portable sound and vision devices,South Korea,271844.0,4466.0
2023-02-01,2023,L7GQ,Portable sound and vision devices,Taiwan,749556.0,35513.0
2023-03-01,2023,L7GQ,Portable sound and vision devices,China,20829410.0,1060645.0
2023-03-01,2023,L7GQ,Portable sound and vision devices,Hong Kong,2408069.0,36300.0
2023-03-01,2023,L7GQ,Portable sound and vision devices,Japan,668410.0,9639.0
2023-03-01,2023,L7GQ,Portable sound and vision devices,South Korea,256604.0,4491.0
2023-03-01,2023,L7GQ,Portable sound and vision devices,Taiwan,480610.0,11562.0
2023-04-01,2023,L7GQ,Portable sound and vision devices,China,19362002.0,1025201.0
2023-04-01,2023,L7GQ,Portable sound and vision devices,Hong Kong,2973081.0,59293.0
2023-04-01,2023,L7GQ,Portable sound and vision devices,Japan,667925.0,6116.0
2023-04-01,2023,L7GQ,Portable sound and vision devices,South Korea,373387.0,7944.0
2023-04-01,2023,L7GQ,Portable sound and vision devices,Taiwan,374921.0,6796.0
2023-05-01,2023,L7GQ,Portable sound and vision devices,China,29206828.0,1436984.0
2023-05-01,2023,L7GQ,Portable sound and vision devices,Hong Kong,2888697.0,70203.0
2023-05-01,2023,L7GQ,Portable sound and vision devices,Japan,492979.0,6254.0
2023-05-01,2023,L7GQ,Portable sound and vision devices,South Korea,378761.0,6070.0
2023-05-01,2023,L7GQ,Portable sound and vision devices,Taiwan,874736.0,27701.0
2023-06-01,2023,L7GQ,Portable sound and vision devices,China,29730509.0,1578095.0
2023-06-01,2023,L7GQ,Portable sound and vision devices,Hong Kong,3628236.0,83083.0
2023-06-01,2023,L7GQ,Portable sound and vision devices,Japan,444103.0,10129.0
2023-06-01,2023,L7GQ,Portable sound and vision devices,South Korea,368734.0,6993.0
2023-06-01,2023,L7GQ,Portable sound and vision devices,Taiwan,555546.0,17139.0
2023-07-01,2023,L7GQ,Portable sound and vision devices,China,28666390.0,1574493.0
2023-07-01,2023,L7GQ,Portable sound and vision devices,Hong Kong,2990941.0,66167.0
2023-07-01,2023,L7GQ,Portable sound and vision devices,Japan,1028893.0,13305.0
2023-07-01,2023,L7GQ,Portable sound and vision devices,South Korea,165298.0,3635.0
2023-07-01,2023,L7GQ,Portable sound and vision devices,Taiwan,993767.0,45582.0
2023-08-01,2023,L7GQ,Portable sound and vision devices,China,30592083.0,1598541.0
2023-08-01,2023,L7GQ,Portable sound and vision devices,Hong Kong,3650682.0,99804.0
2023-08-01,2023,L7GQ,Portable sound and vision devices,Japan,1109991.0,25204.0
2023-08-01,2023,L7GQ,Portable sound and vision devices,South Korea,703680.0,15029.0
2023-08-01,2023,L7GQ,Portable sound and vision devices,Taiwan,740747.0,32490.0
2023-09-01,2023,L7GQ,Portable sound and vision devices,China,37964821.0,2001435.0
2023-09-01,2023,L7GQ,Portable sound and vision devices,Hong Kong,2924018.0,74167.0
2023-09-01,2023,L7GQ,Portable sound and vision devices,Japan,575324.0,9607.0
2023-09-01,2023,L7GQ,Portable sound and vision devices,South Korea,809480.0,13185.0
2023-09-01,2023,L7GQ,Portable sound and vision devices,Taiwan,514691.0,25667.0
2023-10-01,2023,L7GQ,Portable sound and vision devices,China,44515744.0,2406663.0
2023-10-01,2023,L7GQ,Portable sound and vision devices,Hong Kong,5775535.0,97237.0
2023-10-01,2023,L7GQ,Portable sound and vision devices,Japan,2482898.0,49978.0
2023-10-01,2023,L7GQ,Portable sound and vision devices,South Korea,823384.0,18109.0
2023-10-01,2023,L7GQ,Portable sound and vision devices,Taiwan,467730.0,16845.0
2023-11-01,2023,L7GQ,Portable sound and vision devices,China,32963636.0,2060912.0
2023-11-01,2023,L7GQ,Portable sound and vision devices,Hong Kong,3617067.0,87580.0
2023-11-01,2023,L7GQ,Portable sound and vision devices,Japan,1241560.0,23219.0
2023-11-01,2023,L7GQ,Portable sound and vision devices,South Korea,562278.0,10482.0
2023-11-01,2023,L7GQ,Portable sound and vision devices,Taiwan,1066131.0,33220.0
2023-12-01,2023,L7GQ,Portable sound and vision devices,China,24902898.0,1472887.0
2023-12-01,2023,L7GQ,Portable sound and vision devices,Hong Kong,2923619.0,66028.0
2023-12-01,2023,L7GQ,Portable sound and vision devices,Japan,712841.0,13352.0
2023-12-01,2023,L7GQ,Portable sound and vision devices,South Korea,315122.0,9683.0
2023-12-01,2023,L7GQ,Portable sound and vision devices,Taiwan,390623.0,27434.0
2024-01-01,2024,L7GQ,Portable sound and vision devices,China,23719625.0,1287861.0
2024-01-01,2024,L7GQ,Portable sound and vision devices,Hong Kong,4380901.0,91715.0
2024-01-01,2024,L7GQ,Portable sound and vision devices,Japan,1012309.0,15278.0
2024-01-01,2024,L7GQ,Portable sound and vision devices,South Korea,316168.0,8605.0
2024-01-01,2024,L7GQ,Portable sound and vision devices,Taiwan,482259.0,7243.0
2024-02-01,2024,L7GQ,Portable sound and vision devices,China,20398708.0,1394555.0
2024-02-01,2024,L7GQ,Portable sound and vision devices,Hong Kong,2328008.0,40753.0
2024-02-01,2024,L7GQ,Portable sound and vision devices,Japan,361484.0,3718.0
2024-02-01,2024,L7GQ,Portable sound and vision devices,South Korea,263840.0,5972.0
2024-02-01,2024,L7GQ,Portable sound and vision devices,Taiwan,419973.0,19337.0
2024-03-01,2024,L7GQ,Portable sound and vision devices,China,29040193.0,1741569.0
2024-03-01,2024,L7GQ,Portable sound and vision devices,Hong Kong,3351048.0,84708.0
2024-03-01,2024,L7GQ,Portable sound and vision devices,Japan,622452.0,10732.0
2024-03-01,2024,L7GQ,Portable sound and vision devices,South Korea,607141.0,15128.0
2024-03-01,2024,L7GQ,Portable sound and vision devices,Taiwan,857545.0,29937.0
2024-04-01,2024,L7GQ,Portable sound and vision devices,China,22852183.0,1222228.0
2024-04-01,2024,L7GQ,Portable sound and vision devices,Hong Kong,2764014.0,36822.0
2024-04-01,2024,L7GQ,Portable sound and vision devices,Japan,488513.0,7428.0
2024-04-01,2024,L7GQ,Portable sound and vision devices,South Korea,962184.0,19409.0
2024-04-01,2024,L7GQ,Portable sound and vision devices,Taiwan,682216.0,20935.0
2024-05-01,2024,L7GQ,Portable sound and vision devices,China,28030575.0,1657993.0
2024-05-01,2024,L7GQ,Portable sound and vision devices,Hong Kong,3465078.0,82898.0
2024-05-01,2024,L7GQ,Portable sound and vision devices,Japan,662765.0,5993.0
2024-05-01,2024,L7GQ,Portable sound and vision devices,South Korea,867640.0,18351.0
2024-05-01,2024,L7GQ,Portable sound and vision devices,Taiwan,412169.0,25288.0
2024-06-01,2024,L7GQ,Portable sound and vision devices,China,30253015.0,1764871.0
2024-06-01,2024,L7GQ,Portable sound and vision devices,Hong Kong,3677058.0,74856.0
2024-06-01,2024,L7GQ,Portable sound and vision devices,Japan,532422.0,5707.0
2024-06-01,2024,L7GQ,Portable sound and vision devices,South Korea,650720.0,14194.0
2024-06-01,2024,L7GQ,Portable sound and vision devices,Taiwan,733465.0,31452.0
2024-07-01,2024,L7GQ,Portable sound and vision devices,China,56632466.0,1780671.0
2024-07-01,2024,L7GQ,Portable sound and vision devices,Hong Kong,2788515.0,67303.0
2024-07-01,2024,L7GQ,Portable sound and vision devices,Japan,644934.0,7504.0
2024-07-01,2024,L7GQ,Portable sound and vision devices,South Korea,507181.0,9621.0
2024-07-01,2024,L7GQ,Portable sound and vision devices,Taiwan,1068776.0,38203.0
2024-08-01,2024,L7GQ,Portable sound and vision devices,China,60925227.0,2118349.0
2024-08-01,2024,L7GQ,Portable sound and vision devices,Hong Kong,4060839.0,119034.0
2024-08-01,2024,L7GQ,Portable sound and vision devices,Japan,645827.0,5950.0
2024-08-01,2024,L7GQ,Portable sound and vision devices,South Korea,879297.0,17068.0
2024-08-01,2024,L7GQ,Portable sound and vision devices,Taiwan,1364312.0,52165.0
2024-09-01,2024,L7GQ,Portable sound and vision devices,China,36971742.0,2076122.0
2024-09-01,2024,L7GQ,Portable sound and vision devices,Hong Kong,3993944.0,87728.0
2024-09-01,2024,L7GQ,Portable sound and vision devices,Japan,494894.0,9902.0
2024-09-01,2024,L7GQ,Portable sound and vision devices,South Korea,493091.0,14370.0
2024-09-01,2024,L7GQ,Portable sound and vision devices,Taiwan,1082503.0,35666.0
2024-10-01,2024,L7GQ,Portable sound and vision devices,China,77203739.0,2980289.0
2024-10-01,2024,L7GQ,Portable sound and vision devices,Hong Kong,4923061.0,81284.0
2024-10-01,2024,L7GQ,Portable sound and vision devices,Japan,4213951.0,50958.0
2024-10-01,2024,L7GQ,Portable sound and vision devices,South Korea,1701331.0,35903.0
2024-10-01,2024,L7GQ,Portable sound and vision devices,Taiwan,1226819.0,61873.0
2024-11-01,2024,L7GQ,Portable sound and vision devices,China,134568798.0,3395806.0
2024-11-01,2024,L7GQ,Portable sound and vision devices,Hong Kong,5033185.0,60321.0
2024-11-01,2024,L7GQ,Portable sound and vision devices,Japan,3083039.0,34901.0
2024-11-01,2024,L7GQ,Portable sound and vision devices,South Korea,708779.0,13868.0
2024-11-01,2024,L7GQ,Portable sound and vision devices,Taiwan,766148.0,43203.0
2024-12-01,2024,L7GQ,Portable sound and vision devices,China,54351964.0,2060193.0
2024-12-01,2024,L7GQ,Portable sound and vision devices,Hong Kong,5375318.0,78513.0
2024-12-01,2024,L7GQ,Portable sound and vision devices,Japan,5818007.0,68975.0
2024-12-01,2024,L7GQ,Portable sound and vision devices,South Korea,534120.0,15465.0
2024-12-01,2024,L7GQ,Portable sound and vision devices,Taiwan,389479.0,6990.0
2025-01-01,2025,L7GQ,Portable sound and vision devices,China,50007921.0,2161159.0
2025-01-01,2025,L7GQ,Portable sound and vision devices,Hong Kong,5150644.0,89770.0
2025-01-01,2025,L7GQ,Portable sound and vision devices,Japan,4037619.0,47423.0
2025-01-01,2025,L7GQ,Portable sound and vision devices,South Korea,630566.0,16911.0
2025-01-01,2025,L7GQ,Portable sound and vision devices,Taiwan,1006637.0,35772.0
2025-02-01,2025,L7GQ,Portable sound and vision devices,China,40823780.0,2005156.0
2025-02-01,2025,L7GQ,Portable sound and vision devices,Hong Kong,2762287.0,51975.0
2025-02-01,2025,L7GQ,Portable sound and vision devices,Japan,279441.0,3007.0
2025-02-01,2025,L7GQ,Portable sound and vision devices,South Korea,487894.0,11667.0
2025-02-01,2025,L7GQ,Portable sound and vision devices,Taiwan,485480.0,12077.0
2025-03-01,2025,L7GQ,Portable sound and vision devices,China,38132595.0,1811084.0
2025-03-01,2025,L7GQ,Portable sound and vision devices,Hong Kong,4591583.0,79130.0
2025-03-01,2025,L7GQ,Portable sound and vision devices,Japan,286883.0,3143.0
2025-03-01,2025,L7GQ,Portable sound and vision devices,South Korea,428764.0,8839.0
2025-03-01,2025,L7GQ,Portable sound and vision devices,Taiwan,516409.0,23721.0
2025-04-01,2025,L7GQ,Portable sound and vision devices,China,41534537.0,1474983.0
2025-04-01,2025,L7GQ,Portable sound and vision devices,Hong Kong,3773533.0,40300.0
2025-04-01,2025,L7GQ,Portable sound and vision devices,Japan,1094689.0,11885.0
2025-04-01,2025,L7GQ,Portable sound and vision devices,South Korea,782654.0,15394.0
2025-04-01,2025,L7GQ,Portable sound and vision devices,Taiwan,1097488.0,22773.0
2025-05-01,2025,L7GQ,Portable sound and vision devices,China,50073083.0,1668372.0
2025-05-01,2025,L7GQ,Portable sound and vision devices,Hong Kong,3307029.0,65342.0
2025-05-01,2025,L7GQ,Portable sound and vision devices,Japan,521318.0,4238.0
2025-05-01,2025,L7GQ,Portable sound and vision devices,South Korea,287500.0,5739.0
2025-05-01,2025,L7GQ,Portable sound and vision devices,Taiwan,1320718.0,37401.0
2025-06-01,2025,L7GQ,Portable sound and vision devices,China,46056404.0,1827760.0
2025-06-01,2025,L7GQ,Portable sound and vision devices,Hong Kong,3977191.0,70237.0
2025-06-01,2025,L7GQ,Portable sound and vision devices,Japan,370799.0,5594.0
2025-06-01,2025,L7GQ,Portable sound and vision devices,South Korea,456190.0,10171.0
2025-06-01,2025,L7GQ,Portable sound and vision devices,Taiwan,1282190.0,32347.0
2025-07-01,2025,L7GQ,Portable sound and vision devices,China,41720097.0,1904669.0
2025-07-01,2025,L7GQ,Portable sound and vision devices,Hong Kong,4298831.0,74445.0
2025-07-01,2025,L7GQ,Portable sound and vision devices,Japan,362718.0,2555.0
2025-07-01,2025,L7GQ,Portable sound and vision devices,South Korea,491854.0,9547.0
2025-07-01,2025,L7GQ,Portable sound and vision devices,Taiwan,633993.0,37915.0
2025-08-01,2025,L7GQ,Portable sound and vision devices,China,37921724.0,1990009.0
2025-08-01,2025,L7GQ,Portable sound and vision devices,Hong Kong,4251994.0,78434.0
2025-08-01,2025,L7GQ,Portable sound and vision devices,Japan,326725.0,3974.0
2025-08-01,2025,L7GQ,Portable sound and vision devices,South Korea,726011.0,16972.0
2025-08-01,2025,L7GQ,Portable sound and vision devices,Taiwan,1138582.0,48595.0
2025-09-01,2025,L7GQ,Portable sound and vision devices,China,53727056.0,2430568.0
2025-09-01,2025,L7GQ,Portable sound and vision devices,Hong Kong,3461703.0,75716.0
2025-09-01,2025,L7GQ,Portable sound and vision devices,Japan,372226.0,3477.0
2025-09-01,2025,L7GQ,Portable sound and vision devices,South Korea,1403176.0,25307.0
2025-09-01,2025,L7GQ,Portable sound and vision devices,Taiwan,848504.0,29949.0
2025-10-01,2025,L7GQ,Portable sound and vision devices,China,88593115.0,2888228.0
2025-10-01,2025,L7GQ,Portable sound and vision devices,Hong Kong,5522659.0,117799.0
2025-10-01,2025,L7GQ,Portable sound and vision devices,Japan,429472.0,3700.0
2025-10-01,2025,L7GQ,Portable sound and vision devices,South Korea,1019061.0,22473.0
2025-10-01,2025,L7GQ,Portable sound and vision devices,Taiwan,1914107.0,62336.0
2025-11-01,2025,L7GQ,Portable sound and vision devices,China,82419337.0,2677193.0
2025-11-01,2025,L7GQ,Portable sound and vision devices,Hong Kong,5299572.0,72724.0
2025-11-01,2025,L7GQ,Portable sound and vision devices,Japan,506399.0,6811.0
2025-11-01,2025,L7GQ,Portable sound and vision devices,South Korea,1123205.0,19980.0
2025-11-01,2025,L7GQ,Portable sound and vision devices,Taiwan,1169352.0,43190.0
2025-12-01,2025,L7GQ,Portable sound and vision devices,China,66678039.0,2300675.0
2025-12-01,2025,L7GQ,Portable sound and vision devices,Hong Kong,5080948.0,65178.0
2025-12-01,2025,L7GQ,Portable sound and vision devices,Japan,392711.0,3619.0
2025-12-01,2025,L7GQ,Portable sound and vision devices,South Korea,1253060.0,26022.0
2025-12-01,2025,L7GQ,Portable sound and vision devices,Taiwan,377906.0,22748.0
2026-01-01,2026,L7GQ,Portable sound and vision devices,China,55455575.0,1718013.0
2026-01-01,2026,L7GQ,Portable sound and vision devices,Hong Kong,2964956.0,51802.0
2026-01-01,2026,L7GQ,Portable sound and vision devices,Japan,627126.0,7277.0
2026-01-01,2026,L7GQ,Portable sound and vision devices,South Korea,414620.0,10972.0
2026-01-01,2026,L7GQ,Portable sound and vision devices,Taiwan,1121640.0,53593.0
2026-02-01,2026,L7GQ,Portable sound and vision devices,China,42096299.0,1905689.0
2026-02-01,2026,L7GQ,Portable sound and vision devices,Hong Kong,4066048.0,90128.0
2026-02-01,2026,L7GQ,Portable sound and vision devices,Japan,2701445.0,29997.0
2026-02-01,2026,L7GQ,Portable sound and vision devices,South Korea,781986.0,24309.0
2026-02-01,2026,L7GQ,Portable sound and vision devices,Taiwan,1081106.0,37747.0
2026-03-01,2026,L7GQ,Portable sound and vision devices,China,46910587.0,2174794.0
2026-03-01,2026,L7GQ,Portable sound and vision devices,Hong Kong,2388931.0,35610.0
2026-03-01,2026,L7GQ,Portable sound and vision devices,Japan,3216437.0,37217.0
2026-03-01,2026,L7GQ,Portable sound and vision devices,South Korea,376265.0,10313.0
2026-03-01,2026,L7GQ,Portable sound and vision devices,Taiwan,1738961.0,63910.0
2026-04-01,2026,L7GQ,Portable sound and vision devices,China,47845726.0,1412238.0
2026-04-01,2026,L7GQ,Portable sound and vision devices,Hong Kong,4198437.0,66986.0
2026-04-01,2026,L7GQ,Portable sound and vision devices,Japan,2496388.0,28856.0
2026-04-01,2026,L7GQ,Portable sound and vision devices,South Korea,901832.0,19289.0
2026-04-01,2026,L7GQ,Portable sound and vision devices,Taiwan,1153456.0,36174.0
2026-05-01,2026,L7GQ,Portable sound and vision devices,China,41722638.0,1711934.0
2026-05-01,2026,L7GQ,Portable sound and vision devices,Hong Kong,4331236.0,70604.0
2026-05-01,2026,L7GQ,Portable sound and vision devices,Japan,5554743.0,62150.0
2026-05-01,2026,L7GQ,Portable sound and vision devices,South Korea,1093429.0,22070.0
2026-05-01,2026,L7GQ,Portable sound and vision devices,Taiwan,889718.0,34128.0
2015-01-01,2015,L7GR,Other sound and picture equipment,China,70374643.0,5577855.0
2015-01-01,2015,L7GR,Other sound and picture equipment,Hong Kong,12282407.0,595753.0
2015-01-01,2015,L7GR,Other sound and picture equipment,Japan,12413479.0,100217.0
2015-01-01,2015,L7GR,Other sound and picture equipment,South Korea,3497286.0,259600.0
2015-01-01,2015,L7GR,Other sound and picture equipment,Taiwan,2942155.0,216591.0
2015-02-01,2015,L7GR,Other sound and picture equipment,China,60837374.0,4875799.0
2015-02-01,2015,L7GR,Other sound and picture equipment,Hong Kong,12625965.0,464929.0
2015-02-01,2015,L7GR,Other sound and picture equipment,Japan,5984402.0,64885.0
2015-02-01,2015,L7GR,Other sound and picture equipment,South Korea,3917757.0,283667.0
2015-02-01,2015,L7GR,Other sound and picture equipment,Taiwan,1886136.0,88466.0
2015-03-01,2015,L7GR,Other sound and picture equipment,China,62593113.0,4565767.0
2015-03-01,2015,L7GR,Other sound and picture equipment,Hong Kong,11492437.0,540505.0
2015-03-01,2015,L7GR,Other sound and picture equipment,Japan,8721800.0,87420.0
2015-03-01,2015,L7GR,Other sound and picture equipment,South Korea,4671898.0,252514.0
2015-03-01,2015,L7GR,Other sound and picture equipment,Taiwan,4325289.0,159936.0
2015-04-01,2015,L7GR,Other sound and picture equipment,China,58568741.0,3920622.0
2015-04-01,2015,L7GR,Other sound and picture equipment,Hong Kong,11932483.0,554529.0
2015-04-01,2015,L7GR,Other sound and picture equipment,Japan,10118679.0,87455.0
2015-04-01,2015,L7GR,Other sound and picture equipment,South Korea,5085478.0,320086.0
2015-04-01,2015,L7GR,Other sound and picture equipment,Taiwan,6122839.0,261409.0
2015-05-01,2015,L7GR,Other sound and picture equipment,China,68998004.0,4717319.0
2015-05-01,2015,L7GR,Other sound and picture equipment,Hong Kong,11601299.0,612380.0
2015-05-01,2015,L7GR,Other sound and picture equipment,Japan,10622993.0,98119.0
2015-05-01,2015,L7GR,Other sound and picture equipment,South Korea,3809640.0,237244.0
2015-05-01,2015,L7GR,Other sound and picture equipment,Taiwan,2733590.0,112158.0
2015-06-01,2015,L7GR,Other sound and picture equipment,China,60811004.0,4044661.0
2015-06-01,2015,L7GR,Other sound and picture equipment,Hong Kong,10769372.0,490967.0
2015-06-01,2015,L7GR,Other sound and picture equipment,Japan,9535996.0,80275.0
2015-06-01,2015,L7GR,Other sound and picture equipment,South Korea,4611546.0,272140.0
2015-06-01,2015,L7GR,Other sound and picture equipment,Taiwan,6117221.0,166233.0
2015-07-01,2015,L7GR,Other sound and picture equipment,China,64786662.0,4782226.0
2015-07-01,2015,L7GR,Other sound and picture equipment,Hong Kong,17054744.0,686025.0
2015-07-01,2015,L7GR,Other sound and picture equipment,Japan,9120813.0,80063.0
2015-07-01,2015,L7GR,Other sound and picture equipment,South Korea,2507001.0,166451.0
2015-07-01,2015,L7GR,Other sound and picture equipment,Taiwan,7607539.0,356993.0
2015-08-01,2015,L7GR,Other sound and picture equipment,China,62603631.0,4075414.0
2015-08-01,2015,L7GR,Other sound and picture equipment,Hong Kong,12288251.0,550960.0
2015-08-01,2015,L7GR,Other sound and picture equipment,Japan,14403037.0,128969.0
2015-08-01,2015,L7GR,Other sound and picture equipment,South Korea,2506718.0,147020.0
2015-08-01,2015,L7GR,Other sound and picture equipment,Taiwan,5195756.0,186979.0
2015-09-01,2015,L7GR,Other sound and picture equipment,China,80559471.0,4608878.0
2015-09-01,2015,L7GR,Other sound and picture equipment,Hong Kong,15297153.0,655806.0
2015-09-01,2015,L7GR,Other sound and picture equipment,Japan,9765118.0,54998.0
2015-09-01,2015,L7GR,Other sound and picture equipment,South Korea,3292531.0,222396.0
2015-09-01,2015,L7GR,Other sound and picture equipment,Taiwan,6136536.0,156946.0
2015-10-01,2015,L7GR,Other sound and picture equipment,China,95248816.0,6130680.0
2015-10-01,2015,L7GR,Other sound and picture equipment,Hong Kong,17879569.0,814455.0
2015-10-01,2015,L7GR,Other sound and picture equipment,Japan,11749106.0,64968.0
2015-10-01,2015,L7GR,Other sound and picture equipment,South Korea,4537878.0,340459.0
2015-10-01,2015,L7GR,Other sound and picture equipment,Taiwan,5742436.0,115447.0
2015-11-01,2015,L7GR,Other sound and picture equipment,China,96363144.0,5827241.0
2015-11-01,2015,L7GR,Other sound and picture equipment,Hong Kong,39688458.0,948834.0
2015-11-01,2015,L7GR,Other sound and picture equipment,Japan,11453699.0,65039.0
2015-11-01,2015,L7GR,Other sound and picture equipment,South Korea,5596318.0,435203.0
2015-11-01,2015,L7GR,Other sound and picture equipment,Taiwan,12688101.0,187110.0
2015-12-01,2015,L7GR,Other sound and picture equipment,China,97359870.0,5526954.0
2015-12-01,2015,L7GR,Other sound and picture equipment,Hong Kong,15861795.0,576019.0
2015-12-01,2015,L7GR,Other sound and picture equipment,Japan,8201015.0,38444.0
2015-12-01,2015,L7GR,Other sound and picture equipment,South Korea,5802452.0,493335.0
2015-12-01,2015,L7GR,Other sound and picture equipment,Taiwan,7542192.0,108908.0
2016-01-01,2016,L7GR,Other sound and picture equipment,China,82082384.0,4692066.0
2016-01-01,2016,L7GR,Other sound and picture equipment,Hong Kong,12814954.0,640830.0
2016-01-01,2016,L7GR,Other sound and picture equipment,Japan,11490626.0,57350.0
2016-01-01,2016,L7GR,Other sound and picture equipment,South Korea,4889866.0,263759.0
2016-01-01,2016,L7GR,Other sound and picture equipment,Taiwan,7273616.0,258372.0
2016-02-01,2016,L7GR,Other sound and picture equipment,China,70248295.0,3662459.0
2016-02-01,2016,L7GR,Other sound and picture equipment,Hong Kong,7884111.0,438838.0
2016-02-01,2016,L7GR,Other sound and picture equipment,Japan,9629032.0,49482.0
2016-02-01,2016,L7GR,Other sound and picture equipment,South Korea,3693114.0,220981.0
2016-02-01,2016,L7GR,Other sound and picture equipment,Taiwan,7362494.0,178639.0
2016-03-01,2016,L7GR,Other sound and picture equipment,China,65053685.0,3325016.0
2016-03-01,2016,L7GR,Other sound and picture equipment,Hong Kong,10359656.0,502093.0
2016-03-01,2016,L7GR,Other sound and picture equipment,Japan,10874866.0,75577.0
2016-03-01,2016,L7GR,Other sound and picture equipment,South Korea,4509980.0,252133.0
2016-03-01,2016,L7GR,Other sound and picture equipment,Taiwan,11897926.0,228083.0
2016-04-01,2016,L7GR,Other sound and picture equipment,China,72050452.0,3595786.0
2016-04-01,2016,L7GR,Other sound and picture equipment,Hong Kong,11422912.0,709953.0
2016-04-01,2016,L7GR,Other sound and picture equipment,Japan,9212956.0,61802.0
2016-04-01,2016,L7GR,Other sound and picture equipment,South Korea,4890984.0,303122.0
2016-04-01,2016,L7GR,Other sound and picture equipment,Taiwan,12748401.0,248960.0
2016-05-01,2016,L7GR,Other sound and picture equipment,China,77888133.0,3779835.0
2016-05-01,2016,L7GR,Other sound and picture equipment,Hong Kong,13706556.0,452038.0
2016-05-01,2016,L7GR,Other sound and picture equipment,Japan,7957655.0,74312.0
2016-05-01,2016,L7GR,Other sound and picture equipment,South Korea,4904050.0,324357.0
2016-05-01,2016,L7GR,Other sound and picture equipment,Taiwan,7193718.0,194742.0
2016-06-01,2016,L7GR,Other sound and picture equipment,China,85456319.0,4298270.0
2016-06-01,2016,L7GR,Other sound and picture equipment,Hong Kong,16817946.0,502089.0
2016-06-01,2016,L7GR,Other sound and picture equipment,Japan,8979714.0,89010.0
2016-06-01,2016,L7GR,Other sound and picture equipment,South Korea,3092621.0,196249.0
2016-06-01,2016,L7GR,Other sound and picture equipment,Taiwan,5521971.0,201709.0
2016-07-01,2016,L7GR,Other sound and picture equipment,China,77087218.0,4161995.0
2016-07-01,2016,L7GR,Other sound and picture equipment,Hong Kong,12485965.0,542960.0
2016-07-01,2016,L7GR,Other sound and picture equipment,Japan,8368565.0,83157.0
2016-07-01,2016,L7GR,Other sound and picture equipment,South Korea,2421950.0,123827.0
2016-07-01,2016,L7GR,Other sound and picture equipment,Taiwan,7104880.0,188221.0
2016-08-01,2016,L7GR,Other sound and picture equipment,China,87121131.0,4143422.0
2016-08-01,2016,L7GR,Other sound and picture equipment,Hong Kong,14741328.0,577027.0
2016-08-01,2016,L7GR,Other sound and picture equipment,Japan,9766107.0,90209.0
2016-08-01,2016,L7GR,Other sound and picture equipment,South Korea,3012179.0,162251.0
2016-08-01,2016,L7GR,Other sound and picture equipment,Taiwan,10188278.0,124069.0
2016-09-01,2016,L7GR,Other sound and picture equipment,China,86500380.0,4198080.0
2016-09-01,2016,L7GR,Other sound and picture equipment,Hong Kong,25149776.0,634662.0
2016-09-01,2016,L7GR,Other sound and picture equipment,Japan,7284674.0,102347.0
2016-09-01,2016,L7GR,Other sound and picture equipment,South Korea,2739089.0,173620.0
2016-09-01,2016,L7GR,Other sound and picture equipment,Taiwan,6473320.0,161309.0
2016-10-01,2016,L7GR,Other sound and picture equipment,China,88299144.0,4592776.0
2016-10-01,2016,L7GR,Other sound and picture equipment,Hong Kong,13786919.0,601884.0
2016-10-01,2016,L7GR,Other sound and picture equipment,Japan,9195406.0,73343.0
2016-10-01,2016,L7GR,Other sound and picture equipment,South Korea,3782736.0,269155.0
2016-10-01,2016,L7GR,Other sound and picture equipment,Taiwan,12003974.0,246872.0
2016-11-01,2016,L7GR,Other sound and picture equipment,China,99963343.0,5221759.0
2016-11-01,2016,L7GR,Other sound and picture equipment,Hong Kong,25219181.0,809345.0
2016-11-01,2016,L7GR,Other sound and picture equipment,Japan,9027589.0,53823.0
2016-11-01,2016,L7GR,Other sound and picture equipment,South Korea,4105077.0,207996.0
2016-11-01,2016,L7GR,Other sound and picture equipment,Taiwan,12487426.0,266786.0
2016-12-01,2016,L7GR,Other sound and picture equipment,China,99724813.0,4887316.0
2016-12-01,2016,L7GR,Other sound and picture equipment,Hong Kong,21758217.0,659619.0
2016-12-01,2016,L7GR,Other sound and picture equipment,Japan,9790620.0,45936.0
2016-12-01,2016,L7GR,Other sound and picture equipment,South Korea,3876958.0,200470.0
2016-12-01,2016,L7GR,Other sound and picture equipment,Taiwan,21772086.0,202530.0
2017-01-01,2017,L7GR,Other sound and picture equipment,China,82565385.0,3818656.0
2017-01-01,2017,L7GR,Other sound and picture equipment,Hong Kong,15117729.0,559188.0
2017-01-01,2017,L7GR,Other sound and picture equipment,Japan,8176555.0,25065.0
2017-01-01,2017,L7GR,Other sound and picture equipment,South Korea,5707051.0,328608.0
2017-01-01,2017,L7GR,Other sound and picture equipment,Taiwan,10937685.0,269081.0
2017-02-01,2017,L7GR,Other sound and picture equipment,China,61997978.0,3146407.0
2017-02-01,2017,L7GR,Other sound and picture equipment,Hong Kong,10220077.0,351726.0
2017-02-01,2017,L7GR,Other sound and picture equipment,Japan,9803594.0,70246.0
2017-02-01,2017,L7GR,Other sound and picture equipment,South Korea,4320358.0,242023.0
2017-02-01,2017,L7GR,Other sound and picture equipment,Taiwan,4009688.0,125039.0
2017-03-01,2017,L7GR,Other sound and picture equipment,China,59744287.0,2829339.0
2017-03-01,2017,L7GR,Other sound and picture equipment,Hong Kong,13345849.0,407367.0
2017-03-01,2017,L7GR,Other sound and picture equipment,Japan,7867344.0,35842.0
2017-03-01,2017,L7GR,Other sound and picture equipment,South Korea,5751494.0,387228.0
2017-03-01,2017,L7GR,Other sound and picture equipment,Taiwan,12367671.0,161695.0
2017-04-01,2017,L7GR,Other sound and picture equipment,China,61210131.0,2972688.0
2017-04-01,2017,L7GR,Other sound and picture equipment,Hong Kong,13680698.0,341887.0
2017-04-01,2017,L7GR,Other sound and picture equipment,Japan,6179924.0,27153.0
2017-04-01,2017,L7GR,Other sound and picture equipment,South Korea,3038686.0,125921.0
2017-04-01,2017,L7GR,Other sound and picture equipment,Taiwan,7970966.0,174084.0
2017-05-01,2017,L7GR,Other sound and picture equipment,China,66402102.0,3552131.0
2017-05-01,2017,L7GR,Other sound and picture equipment,Hong Kong,13959848.0,404551.0
2017-05-01,2017,L7GR,Other sound and picture equipment,Japan,6138430.0,40227.0
2017-05-01,2017,L7GR,Other sound and picture equipment,South Korea,4400853.0,174301.0
2017-05-01,2017,L7GR,Other sound and picture equipment,Taiwan,6047587.0,167223.0
2017-06-01,2017,L7GR,Other sound and picture equipment,China,70328071.0,3711685.0
2017-06-01,2017,L7GR,Other sound and picture equipment,Hong Kong,12427068.0,439220.0
2017-06-01,2017,L7GR,Other sound and picture equipment,Japan,9083199.0,29029.0
2017-06-01,2017,L7GR,Other sound and picture equipment,South Korea,3480060.0,167897.0
2017-06-01,2017,L7GR,Other sound and picture equipment,Taiwan,6346385.0,121628.0
2017-07-01,2017,L7GR,Other sound and picture equipment,China,84849689.0,3738330.0
2017-07-01,2017,L7GR,Other sound and picture equipment,Hong Kong,12433595.0,410039.0
2017-07-01,2017,L7GR,Other sound and picture equipment,Japan,9242402.0,30241.0
2017-07-01,2017,L7GR,Other sound and picture equipment,South Korea,3418986.0,117036.0
2017-07-01,2017,L7GR,Other sound and picture equipment,Taiwan,8385165.0,221817.0
2017-08-01,2017,L7GR,Other sound and picture equipment,China,79628855.0,4055952.0
2017-08-01,2017,L7GR,Other sound and picture equipment,Hong Kong,10802586.0,410934.0
2017-08-01,2017,L7GR,Other sound and picture equipment,Japan,13228417.0,51877.0
2017-08-01,2017,L7GR,Other sound and picture equipment,South Korea,2079336.0,56076.0
2017-08-01,2017,L7GR,Other sound and picture equipment,Taiwan,6628882.0,190580.0
2017-09-01,2017,L7GR,Other sound and picture equipment,China,92611153.0,4068133.0
2017-09-01,2017,L7GR,Other sound and picture equipment,Hong Kong,12711368.0,451737.0
2017-09-01,2017,L7GR,Other sound and picture equipment,Japan,8830651.0,36382.0
2017-09-01,2017,L7GR,Other sound and picture equipment,South Korea,2213085.0,33182.0
2017-09-01,2017,L7GR,Other sound and picture equipment,Taiwan,3780575.0,121567.0
2017-10-01,2017,L7GR,Other sound and picture equipment,China,104030834.0,5248389.0
2017-10-01,2017,L7GR,Other sound and picture equipment,Hong Kong,22122120.0,825169.0
2017-10-01,2017,L7GR,Other sound and picture equipment,Japan,9458602.0,62338.0
2017-10-01,2017,L7GR,Other sound and picture equipment,South Korea,1518685.0,37220.0
2017-10-01,2017,L7GR,Other sound and picture equipment,Taiwan,5054122.0,153951.0
2017-11-01,2017,L7GR,Other sound and picture equipment,China,113561738.0,6053991.0
2017-11-01,2017,L7GR,Other sound and picture equipment,Hong Kong,38282537.0,1136424.0
2017-11-01,2017,L7GR,Other sound and picture equipment,Japan,8938670.0,46039.0
2017-11-01,2017,L7GR,Other sound and picture equipment,South Korea,1217517.0,26958.0
2017-11-01,2017,L7GR,Other sound and picture equipment,Taiwan,4702935.0,131806.0
2017-12-01,2017,L7GR,Other sound and picture equipment,China,87720150.0,4557618.0
2017-12-01,2017,L7GR,Other sound and picture equipment,Hong Kong,26937572.0,894644.0
2017-12-01,2017,L7GR,Other sound and picture equipment,Japan,4391796.0,47759.0
2017-12-01,2017,L7GR,Other sound and picture equipment,South Korea,1717970.0,31051.0
2017-12-01,2017,L7GR,Other sound and picture equipment,Taiwan,3334378.0,123121.0
2018-01-01,2018,L7GR,Other sound and picture equipment,China,82546343.0,4183429.0
2018-01-01,2018,L7GR,Other sound and picture equipment,Hong Kong,22945130.0,729858.0
2018-01-01,2018,L7GR,Other sound and picture equipment,Japan,8589484.0,61038.0
2018-01-01,2018,L7GR,Other sound and picture equipment,South Korea,1513667.0,31764.0
2018-01-01,2018,L7GR,Other sound and picture equipment,Taiwan,4294970.0,174973.0
2018-02-01,2018,L7GR,Other sound and picture equipment,China,61635720.0,4291023.0
2018-02-01,2018,L7GR,Other sound and picture equipment,Hong Kong,19077675.0,577785.0
2018-02-01,2018,L7GR,Other sound and picture equipment,Japan,5489875.0,50153.0
2018-02-01,2018,L7GR,Other sound and picture equipment,South Korea,1184713.0,21353.0
2018-02-01,2018,L7GR,Other sound and picture equipment,Taiwan,3909719.0,147277.0
2018-03-01,2018,L7GR,Other sound and picture equipment,China,64083619.0,3359928.0
2018-03-01,2018,L7GR,Other sound and picture equipment,Hong Kong,38939254.0,824525.0
2018-03-01,2018,L7GR,Other sound and picture equipment,Japan,10554355.0,41718.0
2018-03-01,2018,L7GR,Other sound and picture equipment,South Korea,1432539.0,39659.0
2018-03-01,2018,L7GR,Other sound and picture equipment,Taiwan,3288762.0,89224.0
2018-04-01,2018,L7GR,Other sound and picture equipment,China,64374011.0,3296255.0
2018-04-01,2018,L7GR,Other sound and picture equipment,Hong Kong,33181080.0,742316.0
2018-04-01,2018,L7GR,Other sound and picture equipment,Japan,8368475.0,41525.0
2018-04-01,2018,L7GR,Other sound and picture equipment,South Korea,1015473.0,56237.0
2018-04-01,2018,L7GR,Other sound and picture equipment,Taiwan,4134117.0,100803.0
2018-05-01,2018,L7GR,Other sound and picture equipment,China,74804093.0,3840069.0
2018-05-01,2018,L7GR,Other sound and picture equipment,Hong Kong,31435849.0,727853.0
2018-05-01,2018,L7GR,Other sound and picture equipment,Japan,9852291.0,66491.0
2018-05-01,2018,L7GR,Other sound and picture equipment,South Korea,2728204.0,52314.0
2018-05-01,2018,L7GR,Other sound and picture equipment,Taiwan,3945081.0,195238.0
2018-06-01,2018,L7GR,Other sound and picture equipment,China,70458692.0,3521420.0
2018-06-01,2018,L7GR,Other sound and picture equipment,Hong Kong,25878148.0,600347.0
2018-06-01,2018,L7GR,Other sound and picture equipment,Japan,9057323.0,58114.0
2018-06-01,2018,L7GR,Other sound and picture equipment,South Korea,2282235.0,49742.0
2018-06-01,2018,L7GR,Other sound and picture equipment,Taiwan,3598320.0,91634.0
2018-07-01,2018,L7GR,Other sound and picture equipment,China,86868457.0,4030347.0
2018-07-01,2018,L7GR,Other sound and picture equipment,Hong Kong,27224284.0,798158.0
2018-07-01,2018,L7GR,Other sound and picture equipment,Japan,8392959.0,52756.0
2018-07-01,2018,L7GR,Other sound and picture equipment,South Korea,2431195.0,64873.0
2018-07-01,2018,L7GR,Other sound and picture equipment,Taiwan,4001404.0,207621.0
2018-08-01,2018,L7GR,Other sound and picture equipment,China,95602299.0,4025893.0
2018-08-01,2018,L7GR,Other sound and picture equipment,Hong Kong,15527263.0,476391.0
2018-08-01,2018,L7GR,Other sound and picture equipment,Japan,9080961.0,45611.0
2018-08-01,2018,L7GR,Other sound and picture equipment,South Korea,2735281.0,56452.0
2018-08-01,2018,L7GR,Other sound and picture equipment,Taiwan,3453331.0,135822.0
2018-09-01,2018,L7GR,Other sound and picture equipment,China,86620949.0,4121889.0
2018-09-01,2018,L7GR,Other sound and picture equipment,Hong Kong,17016136.0,500638.0
2018-09-01,2018,L7GR,Other sound and picture equipment,Japan,7328310.0,29064.0
2018-09-01,2018,L7GR,Other sound and picture equipment,South Korea,2365465.0,53849.0
2018-09-01,2018,L7GR,Other sound and picture equipment,Taiwan,3447110.0,113710.0
2018-10-01,2018,L7GR,Other sound and picture equipment,China,126743634.0,6691537.0
2018-10-01,2018,L7GR,Other sound and picture equipment,Hong Kong,27052359.0,737298.0
2018-10-01,2018,L7GR,Other sound and picture equipment,Japan,6855814.0,27464.0
2018-10-01,2018,L7GR,Other sound and picture equipment,South Korea,3459216.0,73739.0
2018-10-01,2018,L7GR,Other sound and picture equipment,Taiwan,5723733.0,259116.0
2018-11-01,2018,L7GR,Other sound and picture equipment,China,116423240.0,5542026.0
2018-11-01,2018,L7GR,Other sound and picture equipment,Hong Kong,25954661.0,686999.0
2018-11-01,2018,L7GR,Other sound and picture equipment,Japan,5910866.0,27160.0
2018-11-01,2018,L7GR,Other sound and picture equipment,South Korea,4929885.0,131398.0
2018-11-01,2018,L7GR,Other sound and picture equipment,Taiwan,4573362.0,168207.0
2018-12-01,2018,L7GR,Other sound and picture equipment,China,94990371.0,4446760.0
2018-12-01,2018,L7GR,Other sound and picture equipment,Hong Kong,14286377.0,462547.0
2018-12-01,2018,L7GR,Other sound and picture equipment,Japan,9326872.0,47580.0
2018-12-01,2018,L7GR,Other sound and picture equipment,South Korea,4185911.0,95687.0
2018-12-01,2018,L7GR,Other sound and picture equipment,Taiwan,2542985.0,73077.0
2019-01-01,2019,L7GR,Other sound and picture equipment,China,101019068.0,4629972.0
2019-01-01,2019,L7GR,Other sound and picture equipment,Hong Kong,33252530.0,739532.0
2019-01-01,2019,L7GR,Other sound and picture equipment,Japan,7925343.0,38643.0
2019-01-01,2019,L7GR,Other sound and picture equipment,South Korea,5025162.0,87532.0
2019-01-01,2019,L7GR,Other sound and picture equipment,Taiwan,7512780.0,398087.0
2019-02-01,2019,L7GR,Other sound and picture equipment,China,84079769.0,3781155.0
2019-02-01,2019,L7GR,Other sound and picture equipment,Hong Kong,19447270.0,432016.0
2019-02-01,2019,L7GR,Other sound and picture equipment,Japan,9754979.0,70156.0
2019-02-01,2019,L7GR,Other sound and picture equipment,South Korea,3173317.0,60073.0
2019-02-01,2019,L7GR,Other sound and picture equipment,Taiwan,3873030.0,167502.0
2019-03-01,2019,L7GR,Other sound and picture equipment,China,68771232.0,3237279.0
2019-03-01,2019,L7GR,Other sound and picture equipment,Hong Kong,29091351.0,533563.0
2019-03-01,2019,L7GR,Other sound and picture equipment,Japan,11682127.0,65757.0
2019-03-01,2019,L7GR,Other sound and picture equipment,South Korea,6135129.0,127551.0
2019-03-01,2019,L7GR,Other sound and picture equipment,Taiwan,3653933.0,144228.0
2019-04-01,2019,L7GR,Other sound and picture equipment,China,83413107.0,3818138.0
2019-04-01,2019,L7GR,Other sound and picture equipment,Hong Kong,12033801.0,400906.0
2019-04-01,2019,L7GR,Other sound and picture equipment,Japan,9732697.0,106554.0
2019-04-01,2019,L7GR,Other sound and picture equipment,South Korea,3682052.0,66034.0
2019-04-01,2019,L7GR,Other sound and picture equipment,Taiwan,2897035.0,91126.0
2019-05-01,2019,L7GR,Other sound and picture equipment,China,78122856.0,3802773.0
2019-05-01,2019,L7GR,Other sound and picture equipment,Hong Kong,17156221.0,461628.0
2019-05-01,2019,L7GR,Other sound and picture equipment,Japan,5172414.0,71298.0
2019-05-01,2019,L7GR,Other sound and picture equipment,South Korea,4403486.0,71514.0
2019-05-01,2019,L7GR,Other sound and picture equipment,Taiwan,4523328.0,176484.0
2019-06-01,2019,L7GR,Other sound and picture equipment,China,79159793.0,3324574.0
2019-06-01,2019,L7GR,Other sound and picture equipment,Hong Kong,15708111.0,359867.0
2019-06-01,2019,L7GR,Other sound and picture equipment,Japan,11581836.0,61290.0
2019-06-01,2019,L7GR,Other sound and picture equipment,South Korea,1727543.0,26688.0
2019-06-01,2019,L7GR,Other sound and picture equipment,Taiwan,2940232.0,61107.0
2019-07-01,2019,L7GR,Other sound and picture equipment,China,91150700.0,4270617.0
2019-07-01,2019,L7GR,Other sound and picture equipment,Hong Kong,11244469.0,415796.0
2019-07-01,2019,L7GR,Other sound and picture equipment,Japan,8956499.0,138110.0
2019-07-01,2019,L7GR,Other sound and picture equipment,South Korea,3700011.0,74188.0
2019-07-01,2019,L7GR,Other sound and picture equipment,Taiwan,3896415.0,123830.0
2019-08-01,2019,L7GR,Other sound and picture equipment,China,70706313.0,3432840.0
2019-08-01,2019,L7GR,Other sound and picture equipment,Hong Kong,13630583.0,358390.0
2019-08-01,2019,L7GR,Other sound and picture equipment,Japan,7168598.0,34677.0
2019-08-01,2019,L7GR,Other sound and picture equipment,South Korea,5150027.0,75992.0
2019-08-01,2019,L7GR,Other sound and picture equipment,Taiwan,3007036.0,68374.0
2019-09-01,2019,L7GR,Other sound and picture equipment,China,78169968.0,4120619.0
2019-09-01,2019,L7GR,Other sound and picture equipment,Hong Kong,12504096.0,362797.0
2019-09-01,2019,L7GR,Other sound and picture equipment,Japan,8794549.0,36805.0
2019-09-01,2019,L7GR,Other sound and picture equipment,South Korea,2971052.0,60525.0
2019-09-01,2019,L7GR,Other sound and picture equipment,Taiwan,2936797.0,63731.0
2019-10-01,2019,L7GR,Other sound and picture equipment,China,107432354.0,5607109.0
2019-10-01,2019,L7GR,Other sound and picture equipment,Hong Kong,18838200.0,458601.0
2019-10-01,2019,L7GR,Other sound and picture equipment,Japan,6520191.0,33973.0
2019-10-01,2019,L7GR,Other sound and picture equipment,South Korea,4786585.0,84021.0
2019-10-01,2019,L7GR,Other sound and picture equipment,Taiwan,3467995.0,114988.0
2019-11-01,2019,L7GR,Other sound and picture equipment,China,79109970.0,4424203.0
2019-11-01,2019,L7GR,Other sound and picture equipment,Hong Kong,21036395.0,525248.0
2019-11-01,2019,L7GR,Other sound and picture equipment,Japan,8048813.0,12592.0
2019-11-01,2019,L7GR,Other sound and picture equipment,South Korea,5430024.0,94584.0
2019-11-01,2019,L7GR,Other sound and picture equipment,Taiwan,3218823.0,93125.0
2019-12-01,2019,L7GR,Other sound and picture equipment,China,77874914.0,3567234.0
2019-12-01,2019,L7GR,Other sound and picture equipment,Hong Kong,18720207.0,518616.0
2019-12-01,2019,L7GR,Other sound and picture equipment,Japan,10230867.0,27459.0
2019-12-01,2019,L7GR,Other sound and picture equipment,South Korea,2449536.0,56348.0
2019-12-01,2019,L7GR,Other sound and picture equipment,Taiwan,2299307.0,52584.0
2020-01-01,2020,L7GR,Other sound and picture equipment,China,108130757.0,4902765.0
2020-01-01,2020,L7GR,Other sound and picture equipment,Hong Kong,13934810.0,444396.0
2020-01-01,2020,L7GR,Other sound and picture equipment,Japan,7869297.0,42787.0
2020-01-01,2020,L7GR,Other sound and picture equipment,South Korea,1614580.0,48118.0
2020-01-01,2020,L7GR,Other sound and picture equipment,Taiwan,2370576.0,72992.0
2020-02-01,2020,L7GR,Other sound and picture equipment,China,57225060.0,3091924.0
2020-02-01,2020,L7GR,Other sound and picture equipment,Hong Kong,7024631.0,230874.0
2020-02-01,2020,L7GR,Other sound and picture equipment,Japan,4167492.0,20859.0
2020-02-01,2020,L7GR,Other sound and picture equipment,South Korea,1570831.0,26947.0
2020-02-01,2020,L7GR,Other sound and picture equipment,Taiwan,2486698.0,60217.0
2020-03-01,2020,L7GR,Other sound and picture equipment,China,43044768.0,2273013.0
2020-03-01,2020,L7GR,Other sound and picture equipment,Hong Kong,18480031.0,452801.0
2020-03-01,2020,L7GR,Other sound and picture equipment,Japan,8125081.0,26040.0
2020-03-01,2020,L7GR,Other sound and picture equipment,South Korea,1558964.0,33583.0
2020-03-01,2020,L7GR,Other sound and picture equipment,Taiwan,1407040.0,34154.0
2020-04-01,2020,L7GR,Other sound and picture equipment,China,55591961.0,2907046.0
2020-04-01,2020,L7GR,Other sound and picture equipment,Hong Kong,25584586.0,605518.0
2020-04-01,2020,L7GR,Other sound and picture equipment,Japan,8928290.0,27515.0
2020-04-01,2020,L7GR,Other sound and picture equipment,South Korea,983208.0,32500.0
2020-04-01,2020,L7GR,Other sound and picture equipment,Taiwan,2031933.0,67421.0
2020-05-01,2020,L7GR,Other sound and picture equipment,China,63446140.0,2647168.0
2020-05-01,2020,L7GR,Other sound and picture equipment,Hong Kong,16617049.0,430935.0
2020-05-01,2020,L7GR,Other sound and picture equipment,Japan,3356021.0,25826.0
2020-05-01,2020,L7GR,Other sound and picture equipment,South Korea,1646907.0,44337.0
2020-05-01,2020,L7GR,Other sound and picture equipment,Taiwan,1028451.0,28138.0
2020-06-01,2020,L7GR,Other sound and picture equipment,China,72567109.0,3280183.0
2020-06-01,2020,L7GR,Other sound and picture equipment,Hong Kong,28943821.0,685713.0
2020-06-01,2020,L7GR,Other sound and picture equipment,Japan,2820842.0,16106.0
2020-06-01,2020,L7GR,Other sound and picture equipment,South Korea,2069321.0,50813.0
2020-06-01,2020,L7GR,Other sound and picture equipment,Taiwan,2511771.0,69180.0
2020-07-01,2020,L7GR,Other sound and picture equipment,China,86916971.0,4490525.0
2020-07-01,2020,L7GR,Other sound and picture equipment,Hong Kong,15994420.0,620706.0
2020-07-01,2020,L7GR,Other sound and picture equipment,Japan,5848570.0,39960.0
2020-07-01,2020,L7GR,Other sound and picture equipment,South Korea,1472203.0,19640.0
2020-07-01,2020,L7GR,Other sound and picture equipment,Taiwan,3669019.0,78612.0
2020-08-01,2020,L7GR,Other sound and picture equipment,China,77242834.0,4334952.0
2020-08-01,2020,L7GR,Other sound and picture equipment,Hong Kong,8954620.0,294325.0
2020-08-01,2020,L7GR,Other sound and picture equipment,Japan,3211087.0,21887.0
2020-08-01,2020,L7GR,Other sound and picture equipment,South Korea,2308634.0,46192.0
2020-08-01,2020,L7GR,Other sound and picture equipment,Taiwan,2081874.0,72356.0
2020-09-01,2020,L7GR,Other sound and picture equipment,China,97070088.0,5049510.0
2020-09-01,2020,L7GR,Other sound and picture equipment,Hong Kong,21099910.0,565575.0
2020-09-01,2020,L7GR,Other sound and picture equipment,Japan,2362631.0,42006.0
2020-09-01,2020,L7GR,Other sound and picture equipment,South Korea,1432304.0,19717.0
2020-09-01,2020,L7GR,Other sound and picture equipment,Taiwan,1657109.0,38582.0
2020-10-01,2020,L7GR,Other sound and picture equipment,China,93477292.0,4829195.0
2020-10-01,2020,L7GR,Other sound and picture equipment,Hong Kong,13838977.0,502414.0
2020-10-01,2020,L7GR,Other sound and picture equipment,Japan,2452466.0,28395.0
2020-10-01,2020,L7GR,Other sound and picture equipment,South Korea,1786805.0,29502.0
2020-10-01,2020,L7GR,Other sound and picture equipment,Taiwan,2099046.0,64448.0
2020-11-01,2020,L7GR,Other sound and picture equipment,China,92458588.0,4537936.0
2020-11-01,2020,L7GR,Other sound and picture equipment,Hong Kong,20543571.0,715554.0
2020-11-01,2020,L7GR,Other sound and picture equipment,Japan,1679739.0,28892.0
2020-11-01,2020,L7GR,Other sound and picture equipment,South Korea,3296989.0,72967.0
2020-11-01,2020,L7GR,Other sound and picture equipment,Taiwan,2938978.0,70191.0
2020-12-01,2020,L7GR,Other sound and picture equipment,China,104292381.0,5943549.0
2020-12-01,2020,L7GR,Other sound and picture equipment,Hong Kong,15593673.0,516122.0
2020-12-01,2020,L7GR,Other sound and picture equipment,Japan,6672550.0,65192.0
2020-12-01,2020,L7GR,Other sound and picture equipment,South Korea,1097204.0,21209.0
2020-12-01,2020,L7GR,Other sound and picture equipment,Taiwan,5875058.0,124760.0
2021-01-01,2021,L7GR,Other sound and picture equipment,China,82153347.0,4319606.0
2021-01-01,2021,L7GR,Other sound and picture equipment,Hong Kong,9133462.0,331545.0
2021-01-01,2021,L7GR,Other sound and picture equipment,Japan,3072281.0,10664.0
2021-01-01,2021,L7GR,Other sound and picture equipment,South Korea,1091269.0,29859.0
2021-01-01,2021,L7GR,Other sound and picture equipment,Taiwan,3244792.0,76494.0
2021-02-01,2021,L7GR,Other sound and picture equipment,China,76300347.0,4241360.0
2021-02-01,2021,L7GR,Other sound and picture equipment,Hong Kong,9646056.0,304239.0
2021-02-01,2021,L7GR,Other sound and picture equipment,Japan,1468402.0,15921.0
2021-02-01,2021,L7GR,Other sound and picture equipment,South Korea,833067.0,16390.0
2021-02-01,2021,L7GR,Other sound and picture equipment,Taiwan,4657916.0,105902.0
2021-03-01,2021,L7GR,Other sound and picture equipment,China,80905584.0,3940644.0
2021-03-01,2021,L7GR,Other sound and picture equipment,Hong Kong,12091578.0,450782.0
2021-03-01,2021,L7GR,Other sound and picture equipment,Japan,4901346.0,27642.0
2021-03-01,2021,L7GR,Other sound and picture equipment,South Korea,2578611.0,55769.0
2021-03-01,2021,L7GR,Other sound and picture equipment,Taiwan,9316624.0,230567.0
2021-04-01,2021,L7GR,Other sound and picture equipment,China,67375166.0,3311906.0
2021-04-01,2021,L7GR,Other sound and picture equipment,Hong Kong,15817432.0,567169.0
2021-04-01,2021,L7GR,Other sound and picture equipment,Japan,2297056.0,36045.0
2021-04-01,2021,L7GR,Other sound and picture equipment,South Korea,3713380.0,96747.0
2021-04-01,2021,L7GR,Other sound and picture equipment,Taiwan,1867795.0,72967.0
2021-05-01,2021,L7GR,Other sound and picture equipment,China,65779820.0,3182318.0
2021-05-01,2021,L7GR,Other sound and picture equipment,Hong Kong,9693870.0,345349.0
2021-05-01,2021,L7GR,Other sound and picture equipment,Japan,2991548.0,11973.0
2021-05-01,2021,L7GR,Other sound and picture equipment,South Korea,5807791.0,164146.0
2021-05-01,2021,L7GR,Other sound and picture equipment,Taiwan,1773982.0,59098.0
2021-06-01,2021,L7GR,Other sound and picture equipment,China,73414091.0,3476354.0
2021-06-01,2021,L7GR,Other sound and picture equipment,Hong Kong,13603655.0,499002.0
2021-06-01,2021,L7GR,Other sound and picture equipment,Japan,3833286.0,37099.0
2021-06-01,2021,L7GR,Other sound and picture equipment,South Korea,2955183.0,107656.0
2021-06-01,2021,L7GR,Other sound and picture equipment,Taiwan,1988886.0,43332.0
2021-07-01,2021,L7GR,Other sound and picture equipment,China,68660835.0,3246699.0
2021-07-01,2021,L7GR,Other sound and picture equipment,Hong Kong,17236562.0,731991.0
2021-07-01,2021,L7GR,Other sound and picture equipment,Japan,4009564.0,48724.0
2021-07-01,2021,L7GR,Other sound and picture equipment,South Korea,3699083.0,105059.0
2021-07-01,2021,L7GR,Other sound and picture equipment,Taiwan,2442650.0,47902.0
2021-08-01,2021,L7GR,Other sound and picture equipment,China,67014622.0,3558770.0
2021-08-01,2021,L7GR,Other sound and picture equipment,Hong Kong,13481357.0,465925.0
2021-08-01,2021,L7GR,Other sound and picture equipment,Japan,4877722.0,47400.0
2021-08-01,2021,L7GR,Other sound and picture equipment,South Korea,1715079.0,27492.0
2021-08-01,2021,L7GR,Other sound and picture equipment,Taiwan,1856517.0,67680.0
2021-09-01,2021,L7GR,Other sound and picture equipment,China,83200078.0,4102267.0
2021-09-01,2021,L7GR,Other sound and picture equipment,Hong Kong,19264799.0,905142.0
2021-09-01,2021,L7GR,Other sound and picture equipment,Japan,3917059.0,23711.0
2021-09-01,2021,L7GR,Other sound and picture equipment,South Korea,1204370.0,32884.0
2021-09-01,2021,L7GR,Other sound and picture equipment,Taiwan,2986571.0,91009.0
2021-10-01,2021,L7GR,Other sound and picture equipment,China,76062909.0,3672993.0
2021-10-01,2021,L7GR,Other sound and picture equipment,Hong Kong,18485172.0,608803.0
2021-10-01,2021,L7GR,Other sound and picture equipment,Japan,5856861.0,27784.0
2021-10-01,2021,L7GR,Other sound and picture equipment,South Korea,1362600.0,62629.0
2021-10-01,2021,L7GR,Other sound and picture equipment,Taiwan,2763654.0,47851.0
2021-11-01,2021,L7GR,Other sound and picture equipment,China,83076129.0,4154710.0
2021-11-01,2021,L7GR,Other sound and picture equipment,Hong Kong,32644494.0,960871.0
2021-11-01,2021,L7GR,Other sound and picture equipment,Japan,6024075.0,24703.0
2021-11-01,2021,L7GR,Other sound and picture equipment,South Korea,1002450.0,42403.0
2021-11-01,2021,L7GR,Other sound and picture equipment,Taiwan,4082703.0,88061.0
2021-12-01,2021,L7GR,Other sound and picture equipment,China,72077123.0,3707887.0
2021-12-01,2021,L7GR,Other sound and picture equipment,Hong Kong,30823616.0,915891.0
2021-12-01,2021,L7GR,Other sound and picture equipment,Japan,3745719.0,11999.0
2021-12-01,2021,L7GR,Other sound and picture equipment,South Korea,925861.0,17934.0
2021-12-01,2021,L7GR,Other sound and picture equipment,Taiwan,3681548.0,100454.0
2022-01-01,2022,L7GR,Other sound and picture equipment,China,80407679.0,4126155.0
2022-01-01,2022,L7GR,Other sound and picture equipment,Hong Kong,22707836.0,606083.0
2022-01-01,2022,L7GR,Other sound and picture equipment,Japan,6274019.0,29473.0
2022-01-01,2022,L7GR,Other sound and picture equipment,South Korea,1232002.0,25696.0
2022-01-01,2022,L7GR,Other sound and picture equipment,Taiwan,2826076.0,93594.0
2022-02-01,2022,L7GR,Other sound and picture equipment,China,64367557.0,3454769.0
2022-02-01,2022,L7GR,Other sound and picture equipment,Hong Kong,8671971.0,273886.0
2022-02-01,2022,L7GR,Other sound and picture equipment,Japan,2899344.0,11227.0
2022-02-01,2022,L7GR,Other sound and picture equipment,South Korea,953411.0,29941.0
2022-02-01,2022,L7GR,Other sound and picture equipment,Taiwan,2156249.0,59880.0
2022-03-01,2022,L7GR,Other sound and picture equipment,China,92737965.0,4672809.0
2022-03-01,2022,L7GR,Other sound and picture equipment,Hong Kong,12954830.0,539737.0
2022-03-01,2022,L7GR,Other sound and picture equipment,Japan,2869032.0,16482.0
2022-03-01,2022,L7GR,Other sound and picture equipment,South Korea,2524100.0,40585.0
2022-03-01,2022,L7GR,Other sound and picture equipment,Taiwan,2792851.0,99925.0
2022-04-01,2022,L7GR,Other sound and picture equipment,China,86091503.0,3068344.0
2022-04-01,2022,L7GR,Other sound and picture equipment,Hong Kong,18136547.0,387893.0
2022-04-01,2022,L7GR,Other sound and picture equipment,Japan,1564810.0,8403.0
2022-04-01,2022,L7GR,Other sound and picture equipment,South Korea,1185799.0,21467.0
2022-04-01,2022,L7GR,Other sound and picture equipment,Taiwan,2338593.0,48663.0
2022-05-01,2022,L7GR,Other sound and picture equipment,China,102883976.0,3594946.0
2022-05-01,2022,L7GR,Other sound and picture equipment,Hong Kong,9372129.0,395600.0
2022-05-01,2022,L7GR,Other sound and picture equipment,Japan,4807001.0,34088.0
2022-05-01,2022,L7GR,Other sound and picture equipment,South Korea,822319.0,9618.0
2022-05-01,2022,L7GR,Other sound and picture equipment,Taiwan,3140493.0,80546.0
2022-06-01,2022,L7GR,Other sound and picture equipment,China,90747028.0,3181959.0
2022-06-01,2022,L7GR,Other sound and picture equipment,Hong Kong,10468485.0,290557.0
2022-06-01,2022,L7GR,Other sound and picture equipment,Japan,2871033.0,41758.0
2022-06-01,2022,L7GR,Other sound and picture equipment,South Korea,945241.0,13098.0
2022-06-01,2022,L7GR,Other sound and picture equipment,Taiwan,3399018.0,87574.0
2022-07-01,2022,L7GR,Other sound and picture equipment,China,71927805.0,2487884.0
2022-07-01,2022,L7GR,Other sound and picture equipment,Hong Kong,7570779.0,236337.0
2022-07-01,2022,L7GR,Other sound and picture equipment,Japan,3339418.0,28083.0
2022-07-01,2022,L7GR,Other sound and picture equipment,South Korea,852024.0,16168.0
2022-07-01,2022,L7GR,Other sound and picture equipment,Taiwan,2855501.0,79745.0
2022-08-01,2022,L7GR,Other sound and picture equipment,China,89886005.0,4736417.0
2022-08-01,2022,L7GR,Other sound and picture equipment,Hong Kong,10615341.0,238675.0
2022-08-01,2022,L7GR,Other sound and picture equipment,Japan,4309723.0,38866.0
2022-08-01,2022,L7GR,Other sound and picture equipment,South Korea,858875.0,19440.0
2022-08-01,2022,L7GR,Other sound and picture equipment,Taiwan,3367615.0,98216.0
2022-09-01,2022,L7GR,Other sound and picture equipment,China,105908089.0,3963420.0
2022-09-01,2022,L7GR,Other sound and picture equipment,Hong Kong,8195296.0,191948.0
2022-09-01,2022,L7GR,Other sound and picture equipment,Japan,8065805.0,78018.0
2022-09-01,2022,L7GR,Other sound and picture equipment,South Korea,512061.0,7717.0
2022-09-01,2022,L7GR,Other sound and picture equipment,Taiwan,4525386.0,114038.0
2022-10-01,2022,L7GR,Other sound and picture equipment,China,99779246.0,3415274.0
2022-10-01,2022,L7GR,Other sound and picture equipment,Hong Kong,9382181.0,228380.0
2022-10-01,2022,L7GR,Other sound and picture equipment,Japan,8945652.0,49062.0
2022-10-01,2022,L7GR,Other sound and picture equipment,South Korea,574793.0,13978.0
2022-10-01,2022,L7GR,Other sound and picture equipment,Taiwan,3888790.0,90621.0
2022-11-01,2022,L7GR,Other sound and picture equipment,China,116041803.0,3929156.0
2022-11-01,2022,L7GR,Other sound and picture equipment,Hong Kong,7659367.0,118814.0
2022-11-01,2022,L7GR,Other sound and picture equipment,Japan,7085139.0,64626.0
2022-11-01,2022,L7GR,Other sound and picture equipment,South Korea,1107588.0,15723.0
2022-11-01,2022,L7GR,Other sound and picture equipment,Taiwan,2429018.0,68571.0
2022-12-01,2022,L7GR,Other sound and picture equipment,China,71209423.0,3097001.0
2022-12-01,2022,L7GR,Other sound and picture equipment,Hong Kong,5181031.0,111827.0
2022-12-01,2022,L7GR,Other sound and picture equipment,Japan,5513143.0,35626.0
2022-12-01,2022,L7GR,Other sound and picture equipment,South Korea,1011672.0,11624.0
2022-12-01,2022,L7GR,Other sound and picture equipment,Taiwan,3391212.0,63851.0
2023-01-01,2023,L7GR,Other sound and picture equipment,China,64187838.0,2719399.0
2023-01-01,2023,L7GR,Other sound and picture equipment,Hong Kong,4318250.0,73749.0
2023-01-01,2023,L7GR,Other sound and picture equipment,Japan,6894672.0,26811.0
2023-01-01,2023,L7GR,Other sound and picture equipment,South Korea,1631069.0,39514.0
2023-01-01,2023,L7GR,Other sound and picture equipment,Taiwan,1470114.0,39882.0
2023-02-01,2023,L7GR,Other sound and picture equipment,China,77259006.0,3414424.0
2023-02-01,2023,L7GR,Other sound and picture equipment,Hong Kong,4121958.0,90686.0
2023-02-01,2023,L7GR,Other sound and picture equipment,Japan,5074677.0,25065.0
2023-02-01,2023,L7GR,Other sound and picture equipment,South Korea,381854.0,7515.0
2023-02-01,2023,L7GR,Other sound and picture equipment,Taiwan,1181406.0,36520.0
2023-03-01,2023,L7GR,Other sound and picture equipment,China,71160035.0,3011227.0
2023-03-01,2023,L7GR,Other sound and picture equipment,Hong Kong,3298437.0,45839.0
2023-03-01,2023,L7GR,Other sound and picture equipment,Japan,11402145.0,24571.0
2023-03-01,2023,L7GR,Other sound and picture equipment,South Korea,1102003.0,12707.0
2023-03-01,2023,L7GR,Other sound and picture equipment,Taiwan,2227168.0,32223.0
2023-04-01,2023,L7GR,Other sound and picture equipment,China,59452199.0,2459230.0
2023-04-01,2023,L7GR,Other sound and picture equipment,Hong Kong,3840809.0,69450.0
2023-04-01,2023,L7GR,Other sound and picture equipment,Japan,3988872.0,17221.0
2023-04-01,2023,L7GR,Other sound and picture equipment,South Korea,435655.0,9980.0
2023-04-01,2023,L7GR,Other sound and picture equipment,Taiwan,1146669.0,24304.0
2023-05-01,2023,L7GR,Other sound and picture equipment,China,78363919.0,3174514.0
2023-05-01,2023,L7GR,Other sound and picture equipment,Hong Kong,4165332.0,91581.0
2023-05-01,2023,L7GR,Other sound and picture equipment,Japan,12154682.0,32557.0
2023-05-01,2023,L7GR,Other sound and picture equipment,South Korea,1070922.0,15004.0
2023-05-01,2023,L7GR,Other sound and picture equipment,Taiwan,2149615.0,46146.0
2023-06-01,2023,L7GR,Other sound and picture equipment,China,70067816.0,3295534.0
2023-06-01,2023,L7GR,Other sound and picture equipment,Hong Kong,4157386.0,96988.0
2023-06-01,2023,L7GR,Other sound and picture equipment,Japan,9176507.0,20310.0
2023-06-01,2023,L7GR,Other sound and picture equipment,South Korea,1067028.0,18770.0
2023-06-01,2023,L7GR,Other sound and picture equipment,Taiwan,2572826.0,56705.0
2023-07-01,2023,L7GR,Other sound and picture equipment,China,78786792.0,3708766.0
2023-07-01,2023,L7GR,Other sound and picture equipment,Hong Kong,3340450.0,99058.0
2023-07-01,2023,L7GR,Other sound and picture equipment,Japan,8722108.0,32983.0
2023-07-01,2023,L7GR,Other sound and picture equipment,South Korea,720491.0,8839.0
2023-07-01,2023,L7GR,Other sound and picture equipment,Taiwan,2586267.0,71487.0
2023-08-01,2023,L7GR,Other sound and picture equipment,China,71945198.0,3536208.0
2023-08-01,2023,L7GR,Other sound and picture equipment,Hong Kong,6564417.0,167808.0
2023-08-01,2023,L7GR,Other sound and picture equipment,Japan,15590422.0,29337.0
2023-08-01,2023,L7GR,Other sound and picture equipment,South Korea,1027688.0,14893.0
2023-08-01,2023,L7GR,Other sound and picture equipment,Taiwan,2257448.0,69461.0
2023-09-01,2023,L7GR,Other sound and picture equipment,China,81457799.0,3936832.0
2023-09-01,2023,L7GR,Other sound and picture equipment,Hong Kong,8318426.0,127022.0
2023-09-01,2023,L7GR,Other sound and picture equipment,Japan,4449067.0,14971.0
2023-09-01,2023,L7GR,Other sound and picture equipment,South Korea,945514.0,14072.0
2023-09-01,2023,L7GR,Other sound and picture equipment,Taiwan,2447413.0,68711.0
2023-10-01,2023,L7GR,Other sound and picture equipment,China,114524253.0,5503090.0
2023-10-01,2023,L7GR,Other sound and picture equipment,Hong Kong,10678588.0,146586.0
2023-10-01,2023,L7GR,Other sound and picture equipment,Japan,8765978.0,46935.0
2023-10-01,2023,L7GR,Other sound and picture equipment,South Korea,826519.0,14505.0
2023-10-01,2023,L7GR,Other sound and picture equipment,Taiwan,1053244.0,20901.0
2023-11-01,2023,L7GR,Other sound and picture equipment,China,91032203.0,4516180.0
2023-11-01,2023,L7GR,Other sound and picture equipment,Hong Kong,6627804.0,128758.0
2023-11-01,2023,L7GR,Other sound and picture equipment,Japan,7396177.0,30114.0
2023-11-01,2023,L7GR,Other sound and picture equipment,South Korea,778890.0,12204.0
2023-11-01,2023,L7GR,Other sound and picture equipment,Taiwan,2138109.0,39784.0
2023-12-01,2023,L7GR,Other sound and picture equipment,China,75472380.0,3614086.0
2023-12-01,2023,L7GR,Other sound and picture equipment,Hong Kong,4781525.0,94471.0
2023-12-01,2023,L7GR,Other sound and picture equipment,Japan,5999187.0,25598.0
2023-12-01,2023,L7GR,Other sound and picture equipment,South Korea,545603.0,13567.0
2023-12-01,2023,L7GR,Other sound and picture equipment,Taiwan,1162049.0,35769.0
2024-01-01,2024,L7GR,Other sound and picture equipment,China,82105064.0,3476267.0
2024-01-01,2024,L7GR,Other sound and picture equipment,Hong Kong,6336428.0,118665.0
2024-01-01,2024,L7GR,Other sound and picture equipment,Japan,5322782.0,22999.0
2024-01-01,2024,L7GR,Other sound and picture equipment,South Korea,1024367.0,17067.0
2024-01-01,2024,L7GR,Other sound and picture equipment,Taiwan,1658146.0,13707.0
2024-02-01,2024,L7GR,Other sound and picture equipment,China,71217769.0,3523693.0
2024-02-01,2024,L7GR,Other sound and picture equipment,Hong Kong,4835322.0,93834.0
2024-02-01,2024,L7GR,Other sound and picture equipment,Japan,6386039.0,9610.0
2024-02-01,2024,L7GR,Other sound and picture equipment,South Korea,579415.0,7854.0
2024-02-01,2024,L7GR,Other sound and picture equipment,Taiwan,1127714.0,29656.0
2024-03-01,2024,L7GR,Other sound and picture equipment,China,89513450.0,4259839.0
2024-03-01,2024,L7GR,Other sound and picture equipment,Hong Kong,4434570.0,86169.0
2024-03-01,2024,L7GR,Other sound and picture equipment,Japan,5234772.0,12460.0
2024-03-01,2024,L7GR,Other sound and picture equipment,South Korea,1493411.0,19670.0
2024-03-01,2024,L7GR,Other sound and picture equipment,Taiwan,1950058.0,55662.0
2024-04-01,2024,L7GR,Other sound and picture equipment,China,73585675.0,3767993.0
2024-04-01,2024,L7GR,Other sound and picture equipment,Hong Kong,4237637.0,75181.0
2024-04-01,2024,L7GR,Other sound and picture equipment,Japan,5232051.0,13938.0
2024-04-01,2024,L7GR,Other sound and picture equipment,South Korea,1227691.0,27749.0
2024-04-01,2024,L7GR,Other sound and picture equipment,Taiwan,1930484.0,42741.0
2024-05-01,2024,L7GR,Other sound and picture equipment,China,79424478.0,3978410.0
2024-05-01,2024,L7GR,Other sound and picture equipment,Hong Kong,5579636.0,157953.0
2024-05-01,2024,L7GR,Other sound and picture equipment,Japan,1260246.0,6617.0
2024-05-01,2024,L7GR,Other sound and picture equipment,South Korea,837981.0,19768.0
2024-05-01,2024,L7GR,Other sound and picture equipment,Taiwan,2511913.0,45735.0
2024-06-01,2024,L7GR,Other sound and picture equipment,China,74650954.0,3603557.0
2024-06-01,2024,L7GR,Other sound and picture equipment,Hong Kong,6999183.0,122508.0
2024-06-01,2024,L7GR,Other sound and picture equipment,Japan,7823148.0,21793.0
2024-06-01,2024,L7GR,Other sound and picture equipment,South Korea,843727.0,18347.0
2024-06-01,2024,L7GR,Other sound and picture equipment,Taiwan,2247131.0,51984.0
2024-07-01,2024,L7GR,Other sound and picture equipment,China,103602575.0,3841470.0
2024-07-01,2024,L7GR,Other sound and picture equipment,Hong Kong,7513691.0,129010.0
2024-07-01,2024,L7GR,Other sound and picture equipment,Japan,3127361.0,7018.0
2024-07-01,2024,L7GR,Other sound and picture equipment,South Korea,1841119.0,42711.0
2024-07-01,2024,L7GR,Other sound and picture equipment,Taiwan,3330779.0,71650.0
2024-08-01,2024,L7GR,Other sound and picture equipment,China,113086823.0,4782392.0
2024-08-01,2024,L7GR,Other sound and picture equipment,Hong Kong,6200961.0,129470.0
2024-08-01,2024,L7GR,Other sound and picture equipment,Japan,5936925.0,15010.0
2024-08-01,2024,L7GR,Other sound and picture equipment,South Korea,1354250.0,22480.0
2024-08-01,2024,L7GR,Other sound and picture equipment,Taiwan,1914123.0,45021.0
2024-09-01,2024,L7GR,Other sound and picture equipment,China,101272363.0,4786926.0
2024-09-01,2024,L7GR,Other sound and picture equipment,Hong Kong,5754454.0,101852.0
2024-09-01,2024,L7GR,Other sound and picture equipment,Japan,2308891.0,28432.0
2024-09-01,2024,L7GR,Other sound and picture equipment,South Korea,1740626.0,30986.0
2024-09-01,2024,L7GR,Other sound and picture equipment,Taiwan,1491013.0,43391.0
2024-10-01,2024,L7GR,Other sound and picture equipment,China,166298540.0,6908932.0
2024-10-01,2024,L7GR,Other sound and picture equipment,Hong Kong,6721916.0,127960.0
2024-10-01,2024,L7GR,Other sound and picture equipment,Japan,8880805.0,62966.0
2024-10-01,2024,L7GR,Other sound and picture equipment,South Korea,1536129.0,30008.0
2024-10-01,2024,L7GR,Other sound and picture equipment,Taiwan,1796231.0,73418.0
2024-11-01,2024,L7GR,Other sound and picture equipment,China,193943812.0,6350513.0
2024-11-01,2024,L7GR,Other sound and picture equipment,Hong Kong,6616377.0,83694.0
2024-11-01,2024,L7GR,Other sound and picture equipment,Japan,9703740.0,42341.0
2024-11-01,2024,L7GR,Other sound and picture equipment,South Korea,1345968.0,21940.0
2024-11-01,2024,L7GR,Other sound and picture equipment,Taiwan,1147680.0,53016.0
2024-12-01,2024,L7GR,Other sound and picture equipment,China,92522296.0,3561448.0
2024-12-01,2024,L7GR,Other sound and picture equipment,Hong Kong,8224987.0,137129.0
2024-12-01,2024,L7GR,Other sound and picture equipment,Japan,9569427.0,74801.0
2024-12-01,2024,L7GR,Other sound and picture equipment,South Korea,772177.0,19812.0
2024-12-01,2024,L7GR,Other sound and picture equipment,Taiwan,877079.0,14076.0
2025-01-01,2025,L7GR,Other sound and picture equipment,China,110503217.0,4965470.0
2025-01-01,2025,L7GR,Other sound and picture equipment,Hong Kong,7664277.0,172553.0
2025-01-01,2025,L7GR,Other sound and picture equipment,Japan,6679833.0,61547.0
2025-01-01,2025,L7GR,Other sound and picture equipment,South Korea,1177297.0,23698.0
2025-01-01,2025,L7GR,Other sound and picture equipment,Taiwan,2897034.0,73205.0
2025-02-01,2025,L7GR,Other sound and picture equipment,China,92491370.0,4324398.0
2025-02-01,2025,L7GR,Other sound and picture equipment,Hong Kong,4313039.0,103676.0
2025-02-01,2025,L7GR,Other sound and picture equipment,Japan,7346114.0,51153.0
2025-02-01,2025,L7GR,Other sound and picture equipment,South Korea,1130892.0,18646.0
2025-02-01,2025,L7GR,Other sound and picture equipment,Taiwan,2478765.0,64079.0
2025-03-01,2025,L7GR,Other sound and picture equipment,China,84910479.0,3764940.0
2025-03-01,2025,L7GR,Other sound and picture equipment,Hong Kong,7244001.0,127276.0
2025-03-01,2025,L7GR,Other sound and picture equipment,Japan,3930212.0,27281.0
2025-03-01,2025,L7GR,Other sound and picture equipment,South Korea,786171.0,13940.0
2025-03-01,2025,L7GR,Other sound and picture equipment,Taiwan,3135355.0,79419.0
2025-04-01,2025,L7GR,Other sound and picture equipment,China,79481315.0,3084225.0
2025-04-01,2025,L7GR,Other sound and picture equipment,Hong Kong,6410486.0,148887.0
2025-04-01,2025,L7GR,Other sound and picture equipment,Japan,4862590.0,36244.0
2025-04-01,2025,L7GR,Other sound and picture equipment,South Korea,1160733.0,14023.0
2025-04-01,2025,L7GR,Other sound and picture equipment,Taiwan,6022210.0,115496.0
2025-05-01,2025,L7GR,Other sound and picture equipment,China,99489172.0,3844544.0
2025-05-01,2025,L7GR,Other sound and picture equipment,Hong Kong,6288541.0,147045.0
2025-05-01,2025,L7GR,Other sound and picture equipment,Japan,5417718.0,8260.0
2025-05-01,2025,L7GR,Other sound and picture equipment,South Korea,655638.0,14713.0
2025-05-01,2025,L7GR,Other sound and picture equipment,Taiwan,4375796.0,103012.0
2025-06-01,2025,L7GR,Other sound and picture equipment,China,88884335.0,3689885.0
2025-06-01,2025,L7GR,Other sound and picture equipment,Hong Kong,7756592.0,131023.0
2025-06-01,2025,L7GR,Other sound and picture equipment,Japan,4450432.0,12620.0
2025-06-01,2025,L7GR,Other sound and picture equipment,South Korea,1326584.0,25369.0
2025-06-01,2025,L7GR,Other sound and picture equipment,Taiwan,5516582.0,95367.0
2025-07-01,2025,L7GR,Other sound and picture equipment,China,90652835.0,3845716.0
2025-07-01,2025,L7GR,Other sound and picture equipment,Hong Kong,6638510.0,201685.0
2025-07-01,2025,L7GR,Other sound and picture equipment,Japan,6197785.0,8890.0
2025-07-01,2025,L7GR,Other sound and picture equipment,South Korea,618885.0,11090.0
2025-07-01,2025,L7GR,Other sound and picture equipment,Taiwan,3240936.0,80081.0
2025-08-01,2025,L7GR,Other sound and picture equipment,China,82988654.0,3981249.0
2025-08-01,2025,L7GR,Other sound and picture equipment,Hong Kong,5144775.0,107414.0
2025-08-01,2025,L7GR,Other sound and picture equipment,Japan,4769908.0,15088.0
2025-08-01,2025,L7GR,Other sound and picture equipment,South Korea,1432488.0,28901.0
2025-08-01,2025,L7GR,Other sound and picture equipment,Taiwan,3679372.0,103516.0
2025-09-01,2025,L7GR,Other sound and picture equipment,China,105537551.0,4699652.0
2025-09-01,2025,L7GR,Other sound and picture equipment,Hong Kong,5016734.0,113733.0
2025-09-01,2025,L7GR,Other sound and picture equipment,Japan,5673329.0,6078.0
2025-09-01,2025,L7GR,Other sound and picture equipment,South Korea,1204118.0,24484.0
2025-09-01,2025,L7GR,Other sound and picture equipment,Taiwan,3473483.0,83694.0
2025-10-01,2025,L7GR,Other sound and picture equipment,China,131271539.0,4723529.0
2025-10-01,2025,L7GR,Other sound and picture equipment,Hong Kong,8956088.0,192826.0
2025-10-01,2025,L7GR,Other sound and picture equipment,Japan,9080161.0,14334.0
2025-10-01,2025,L7GR,Other sound and picture equipment,South Korea,1470520.0,31551.0
2025-10-01,2025,L7GR,Other sound and picture equipment,Taiwan,5245545.0,132697.0
2025-11-01,2025,L7GR,Other sound and picture equipment,China,126001426.0,4364671.0
2025-11-01,2025,L7GR,Other sound and picture equipment,Hong Kong,12867916.0,188584.0
2025-11-01,2025,L7GR,Other sound and picture equipment,Japan,11634502.0,17554.0
2025-11-01,2025,L7GR,Other sound and picture equipment,South Korea,1477585.0,31268.0
2025-11-01,2025,L7GR,Other sound and picture equipment,Taiwan,2916335.0,80658.0
2025-12-01,2025,L7GR,Other sound and picture equipment,China,106828285.0,3916600.0
2025-12-01,2025,L7GR,Other sound and picture equipment,Hong Kong,9022499.0,126449.0
2025-12-01,2025,L7GR,Other sound and picture equipment,Japan,5184035.0,12136.0
2025-12-01,2025,L7GR,Other sound and picture equipment,South Korea,1049059.0,22314.0
2025-12-01,2025,L7GR,Other sound and picture equipment,Taiwan,2236627.0,64708.0
2026-01-01,2026,L7GR,Other sound and picture equipment,China,98154518.0,3460826.0
2026-01-01,2026,L7GR,Other sound and picture equipment,Hong Kong,7144511.0,137985.0
2026-01-01,2026,L7GR,Other sound and picture equipment,Japan,7364306.0,14803.0
2026-01-01,2026,L7GR,Other sound and picture equipment,South Korea,1637146.0,30926.0
2026-01-01,2026,L7GR,Other sound and picture equipment,Taiwan,3100231.0,99713.0
2026-02-01,2026,L7GR,Other sound and picture equipment,China,90949035.0,3844534.0
2026-02-01,2026,L7GR,Other sound and picture equipment,Hong Kong,6669868.0,134889.0
2026-02-01,2026,L7GR,Other sound and picture equipment,Japan,8757129.0,44791.0
2026-02-01,2026,L7GR,Other sound and picture equipment,South Korea,1076800.0,30626.0
2026-02-01,2026,L7GR,Other sound and picture equipment,Taiwan,3502973.0,119192.0
2026-03-01,2026,L7GR,Other sound and picture equipment,China,94271326.0,3838365.0
2026-03-01,2026,L7GR,Other sound and picture equipment,Hong Kong,5871779.0,78733.0
2026-03-01,2026,L7GR,Other sound and picture equipment,Japan,10149607.0,43335.0
2026-03-01,2026,L7GR,Other sound and picture equipment,South Korea,1832305.0,32245.0
2026-03-01,2026,L7GR,Other sound and picture equipment,Taiwan,4235668.0,124284.0
2026-04-01,2026,L7GR,Other sound and picture equipment,China,87759912.0,2905603.0
2026-04-01,2026,L7GR,Other sound and picture equipment,Hong Kong,7062041.0,105938.0
2026-04-01,2026,L7GR,Other sound and picture equipment,Japan,11622390.0,33763.0
2026-04-01,2026,L7GR,Other sound and picture equipment,South Korea,2831088.0,51934.0
2026-04-01,2026,L7GR,Other sound and picture equipment,Taiwan,7158168.0,204415.0
2026-05-01,2026,L7GR,Other sound and picture equipment,China,87320564.0,3498373.0
2026-05-01,2026,L7GR,Other sound and picture equipment,Hong Kong,6150300.0,101280.0
2026-05-01,2026,L7GR,Other sound and picture equipment,Japan,15934061.0,76604.0
2026-05-01,2026,L7GR,Other sound and picture equipment,South Korea,1887487.0,32566.0
2026-05-01,2026,L7GR,Other sound and picture equipment,Taiwan,4595027.0,144476.0
2015-01-01,2015,L7GT,Personal computers,China,288117209.0,2609464.0
2015-01-01,2015,L7GT,Personal computers,Hong Kong,40212839.0,402923.0
2015-01-01,2015,L7GT,Personal computers,Japan,3954038.0,14436.0
2015-01-01,2015,L7GT,Personal computers,South Korea,2524427.0,11781.0
2015-01-01,2015,L7GT,Personal computers,Taiwan,23512767.0,132728.0
2015-02-01,2015,L7GT,Personal computers,China,195586332.0,2189011.0
2015-02-01,2015,L7GT,Personal computers,Hong Kong,28312385.0,291794.0
2015-02-01,2015,L7GT,Personal computers,Japan,3190195.0,16410.0
2015-02-01,2015,L7GT,Personal computers,South Korea,846832.0,10470.0
2015-02-01,2015,L7GT,Personal computers,Taiwan,20030211.0,130769.0
2015-03-01,2015,L7GT,Personal computers,China,182581786.0,1956700.0
2015-03-01,2015,L7GT,Personal computers,Hong Kong,30384499.0,298481.0
2015-03-01,2015,L7GT,Personal computers,Japan,3693044.0,14281.0
2015-03-01,2015,L7GT,Personal computers,South Korea,1180187.0,11963.0
2015-03-01,2015,L7GT,Personal computers,Taiwan,18978744.0,117649.0
2015-04-01,2015,L7GT,Personal computers,China,232452399.0,2148424.0
2015-04-01,2015,L7GT,Personal computers,Hong Kong,23511406.0,245391.0
2015-04-01,2015,L7GT,Personal computers,Japan,4308551.0,16511.0
2015-04-01,2015,L7GT,Personal computers,South Korea,1123432.0,5469.0
2015-04-01,2015,L7GT,Personal computers,Taiwan,18096140.0,100512.0
2015-05-01,2015,L7GT,Personal computers,China,186421235.0,1496650.0
2015-05-01,2015,L7GT,Personal computers,Hong Kong,23096230.0,241314.0
2015-05-01,2015,L7GT,Personal computers,Japan,2101992.0,9181.0
2015-05-01,2015,L7GT,Personal computers,South Korea,751718.0,8788.0
2015-05-01,2015,L7GT,Personal computers,Taiwan,17681006.0,108183.0
2015-06-01,2015,L7GT,Personal computers,China,159871359.0,1498474.0
2015-06-01,2015,L7GT,Personal computers,Hong Kong,27258946.0,273971.0
2015-06-01,2015,L7GT,Personal computers,Japan,3527428.0,13067.0
2015-06-01,2015,L7GT,Personal computers,South Korea,2162897.0,13131.0
2015-06-01,2015,L7GT,Personal computers,Taiwan,17726178.0,131513.0
2015-07-01,2015,L7GT,Personal computers,China,263749985.0,2686982.0
2015-07-01,2015,L7GT,Personal computers,Hong Kong,30471457.0,347635.0
2015-07-01,2015,L7GT,Personal computers,Japan,2400374.0,9108.0
2015-07-01,2015,L7GT,Personal computers,South Korea,1147924.0,12635.0
2015-07-01,2015,L7GT,Personal computers,Taiwan,15833378.0,111589.0
2015-08-01,2015,L7GT,Personal computers,China,212626317.0,1697940.0
2015-08-01,2015,L7GT,Personal computers,Hong Kong,29531400.0,302182.0
2015-08-01,2015,L7GT,Personal computers,Japan,1676857.0,10844.0
2015-08-01,2015,L7GT,Personal computers,South Korea,5241585.0,20954.0
2015-08-01,2015,L7GT,Personal computers,Taiwan,16698596.0,109606.0
2015-09-01,2015,L7GT,Personal computers,China,181809548.0,1711194.0
2015-09-01,2015,L7GT,Personal computers,Hong Kong,30360163.0,380775.0
2015-09-01,2015,L7GT,Personal computers,Japan,3217707.0,19555.0
2015-09-01,2015,L7GT,Personal computers,South Korea,2070916.0,4659.0
2015-09-01,2015,L7GT,Personal computers,Taiwan,22079261.0,119517.0
2015-10-01,2015,L7GT,Personal computers,China,336669741.0,3015005.0
2015-10-01,2015,L7GT,Personal computers,Hong Kong,35438914.0,496707.0
2015-10-01,2015,L7GT,Personal computers,Japan,3101721.0,19286.0
2015-10-01,2015,L7GT,Personal computers,South Korea,4803325.0,11803.0
2015-10-01,2015,L7GT,Personal computers,Taiwan,23802651.0,131998.0
2015-11-01,2015,L7GT,Personal computers,China,307748944.0,2680748.0
2015-11-01,2015,L7GT,Personal computers,Hong Kong,72031942.0,779010.0
2015-11-01,2015,L7GT,Personal computers,Japan,2433425.0,9676.0
2015-11-01,2015,L7GT,Personal computers,South Korea,2168731.0,6803.0
2015-11-01,2015,L7GT,Personal computers,Taiwan,20628900.0,149811.0
2015-12-01,2015,L7GT,Personal computers,China,271813069.0,2197396.0
2015-12-01,2015,L7GT,Personal computers,Hong Kong,64937940.0,617982.0
2015-12-01,2015,L7GT,Personal computers,Japan,3382765.0,13635.0
2015-12-01,2015,L7GT,Personal computers,South Korea,1218173.0,6691.0
2015-12-01,2015,L7GT,Personal computers,Taiwan,25310403.0,114265.0
2016-01-01,2016,L7GT,Personal computers,China,243285135.0,2537217.0
2016-01-01,2016,L7GT,Personal computers,Hong Kong,50859280.0,400249.0
2016-01-01,2016,L7GT,Personal computers,Japan,3584422.0,16689.0
2016-01-01,2016,L7GT,Personal computers,South Korea,3512057.0,8260.0
2016-01-01,2016,L7GT,Personal computers,Taiwan,16644221.0,98025.0
2016-02-01,2016,L7GT,Personal computers,China,168383653.0,1532498.0
2016-02-01,2016,L7GT,Personal computers,Hong Kong,33553179.0,331651.0
2016-02-01,2016,L7GT,Personal computers,Japan,3771162.0,12606.0
2016-02-01,2016,L7GT,Personal computers,South Korea,2439087.0,13622.0
2016-02-01,2016,L7GT,Personal computers,Taiwan,19352318.0,116060.0
2016-03-01,2016,L7GT,Personal computers,China,212181509.0,1614042.0
2016-03-01,2016,L7GT,Personal computers,Hong Kong,39694370.0,396929.0
2016-03-01,2016,L7GT,Personal computers,Japan,3512282.0,13461.0
2016-03-01,2016,L7GT,Personal computers,South Korea,2113896.0,12174.0
2016-03-01,2016,L7GT,Personal computers,Taiwan,23505714.0,138086.0
2016-04-01,2016,L7GT,Personal computers,China,250549013.0,2138121.0
2016-04-01,2016,L7GT,Personal computers,Hong Kong,46202963.0,483849.0
2016-04-01,2016,L7GT,Personal computers,Japan,3783936.0,23389.0
2016-04-01,2016,L7GT,Personal computers,South Korea,1314019.0,6229.0
2016-04-01,2016,L7GT,Personal computers,Taiwan,23491181.0,137649.0
2016-05-01,2016,L7GT,Personal computers,China,171974102.0,1414898.0
2016-05-01,2016,L7GT,Personal computers,Hong Kong,32038453.0,325622.0
2016-05-01,2016,L7GT,Personal computers,Japan,3586198.0,13908.0
2016-05-01,2016,L7GT,Personal computers,South Korea,2407249.0,7481.0
2016-05-01,2016,L7GT,Personal computers,Taiwan,22174902.0,112502.0
2016-06-01,2016,L7GT,Personal computers,China,202189492.0,1721670.0
2016-06-01,2016,L7GT,Personal computers,Hong Kong,42383726.0,381131.0
2016-06-01,2016,L7GT,Personal computers,Japan,5261510.0,18211.0
2016-06-01,2016,L7GT,Personal computers,South Korea,1606973.0,4710.0
2016-06-01,2016,L7GT,Personal computers,Taiwan,19139688.0,115804.0
2016-07-01,2016,L7GT,Personal computers,China,212737202.0,2093708.0
2016-07-01,2016,L7GT,Personal computers,Hong Kong,39638799.0,377392.0
2016-07-01,2016,L7GT,Personal computers,Japan,3838746.0,22553.0
2016-07-01,2016,L7GT,Personal computers,South Korea,1705088.0,7137.0
2016-07-01,2016,L7GT,Personal computers,Taiwan,18686329.0,88434.0
2016-08-01,2016,L7GT,Personal computers,China,221213386.0,1550466.0
2016-08-01,2016,L7GT,Personal computers,Hong Kong,47287308.0,395755.0
2016-08-01,2016,L7GT,Personal computers,Japan,5071794.0,20598.0
2016-08-01,2016,L7GT,Personal computers,South Korea,1639291.0,4878.0
2016-08-01,2016,L7GT,Personal computers,Taiwan,22152148.0,116098.0
2016-09-01,2016,L7GT,Personal computers,China,275910638.0,1961374.0
2016-09-01,2016,L7GT,Personal computers,Hong Kong,61975308.0,573102.0
2016-09-01,2016,L7GT,Personal computers,Japan,5841394.0,24446.0
2016-09-01,2016,L7GT,Personal computers,South Korea,4348648.0,8403.0
2016-09-01,2016,L7GT,Personal computers,Taiwan,20160735.0,98315.0
2016-10-01,2016,L7GT,Personal computers,China,288079325.0,2121833.0
2016-10-01,2016,L7GT,Personal computers,Hong Kong,64828580.0,563064.0
2016-10-01,2016,L7GT,Personal computers,Japan,5860551.0,18592.0
2016-10-01,2016,L7GT,Personal computers,South Korea,2229849.0,12325.0
2016-10-01,2016,L7GT,Personal computers,Taiwan,22764217.0,104011.0
2016-11-01,2016,L7GT,Personal computers,China,360086185.0,2233489.0
2016-11-01,2016,L7GT,Personal computers,Hong Kong,76117101.0,597478.0
2016-11-01,2016,L7GT,Personal computers,Japan,6356766.0,16339.0
2016-11-01,2016,L7GT,Personal computers,South Korea,4085704.0,13068.0
2016-11-01,2016,L7GT,Personal computers,Taiwan,31165876.0,110099.0
2016-12-01,2016,L7GT,Personal computers,China,306966934.0,2061000.0
2016-12-01,2016,L7GT,Personal computers,Hong Kong,61864601.0,438566.0
2016-12-01,2016,L7GT,Personal computers,Japan,4579026.0,10211.0
2016-12-01,2016,L7GT,Personal computers,South Korea,2836748.0,8951.0
2016-12-01,2016,L7GT,Personal computers,Taiwan,24405045.0,98181.0
2017-01-01,2017,L7GT,Personal computers,China,191397505.0,1256974.0
2017-01-01,2017,L7GT,Personal computers,Hong Kong,45488341.0,376343.0
2017-01-01,2017,L7GT,Personal computers,Japan,3121217.0,14750.0
2017-01-01,2017,L7GT,Personal computers,South Korea,1710135.0,22961.0
2017-01-01,2017,L7GT,Personal computers,Taiwan,17522198.0,103498.0
2017-02-01,2017,L7GT,Personal computers,China,176500204.0,1218423.0
2017-02-01,2017,L7GT,Personal computers,Hong Kong,38127211.0,249617.0
2017-02-01,2017,L7GT,Personal computers,Japan,4771656.0,8005.0
2017-02-01,2017,L7GT,Personal computers,South Korea,3353581.0,9231.0
2017-02-01,2017,L7GT,Personal computers,Taiwan,19303150.0,82244.0
2017-03-01,2017,L7GT,Personal computers,China,202987943.0,1335049.0
2017-03-01,2017,L7GT,Personal computers,Hong Kong,49874926.0,337189.0
2017-03-01,2017,L7GT,Personal computers,Japan,6620210.0,13153.0
2017-03-01,2017,L7GT,Personal computers,South Korea,1223141.0,8371.0
2017-03-01,2017,L7GT,Personal computers,Taiwan,20941490.0,84273.0
2017-04-01,2017,L7GT,Personal computers,China,189395847.0,1243896.0
2017-04-01,2017,L7GT,Personal computers,Hong Kong,38974468.0,245885.0
2017-04-01,2017,L7GT,Personal computers,Japan,7622360.0,15777.0
2017-04-01,2017,L7GT,Personal computers,South Korea,1585712.0,11623.0
2017-04-01,2017,L7GT,Personal computers,Taiwan,21053864.0,77308.0
2017-05-01,2017,L7GT,Personal computers,China,178356253.0,1338209.0
2017-05-01,2017,L7GT,Personal computers,Hong Kong,32366531.0,287228.0
2017-05-01,2017,L7GT,Personal computers,Japan,5535414.0,13601.0
2017-05-01,2017,L7GT,Personal computers,South Korea,3075069.0,14430.0
2017-05-01,2017,L7GT,Personal computers,Taiwan,18926018.0,88035.0
2017-06-01,2017,L7GT,Personal computers,China,227799847.0,1212191.0
2017-06-01,2017,L7GT,Personal computers,Hong Kong,40019389.0,256187.0
2017-06-01,2017,L7GT,Personal computers,Japan,6658302.0,15240.0
2017-06-01,2017,L7GT,Personal computers,South Korea,2247632.0,22478.0
2017-06-01,2017,L7GT,Personal computers,Taiwan,23067520.0,130652.0
2017-07-01,2017,L7GT,Personal computers,China,254463886.0,1750484.0
2017-07-01,2017,L7GT,Personal computers,Hong Kong,35516831.0,276187.0
2017-07-01,2017,L7GT,Personal computers,Japan,6232879.0,11708.0
2017-07-01,2017,L7GT,Personal computers,South Korea,1854649.0,17179.0
2017-07-01,2017,L7GT,Personal computers,Taiwan,28755217.0,125689.0
2017-08-01,2017,L7GT,Personal computers,China,260782905.0,1440219.0
2017-08-01,2017,L7GT,Personal computers,Hong Kong,40213969.0,259456.0
2017-08-01,2017,L7GT,Personal computers,Japan,5682278.0,11626.0
2017-08-01,2017,L7GT,Personal computers,South Korea,3698457.0,15130.0
2017-08-01,2017,L7GT,Personal computers,Taiwan,23969812.0,108114.0
2017-09-01,2017,L7GT,Personal computers,China,281575515.0,1693496.0
2017-09-01,2017,L7GT,Personal computers,Hong Kong,40788744.0,298262.0
2017-09-01,2017,L7GT,Personal computers,Japan,6829586.0,12749.0
2017-09-01,2017,L7GT,Personal computers,South Korea,1186989.0,4241.0
2017-09-01,2017,L7GT,Personal computers,Taiwan,24393618.0,123903.0
2017-10-01,2017,L7GT,Personal computers,China,288163457.0,2235895.0
2017-10-01,2017,L7GT,Personal computers,Hong Kong,49084796.0,496719.0
2017-10-01,2017,L7GT,Personal computers,Japan,9519449.0,17772.0
2017-10-01,2017,L7GT,Personal computers,South Korea,1275575.0,3855.0
2017-10-01,2017,L7GT,Personal computers,Taiwan,21831531.0,124112.0
2017-11-01,2017,L7GT,Personal computers,China,417206556.0,2470515.0
2017-11-01,2017,L7GT,Personal computers,Hong Kong,52260202.0,428052.0
2017-11-01,2017,L7GT,Personal computers,Japan,7120713.0,17163.0
2017-11-01,2017,L7GT,Personal computers,South Korea,820315.0,8414.0
2017-11-01,2017,L7GT,Personal computers,Taiwan,19028180.0,100758.0
2017-12-01,2017,L7GT,Personal computers,China,242663158.0,1531541.0
2017-12-01,2017,L7GT,Personal computers,Hong Kong,47892270.0,357380.0
2017-12-01,2017,L7GT,Personal computers,Japan,5474900.0,17166.0
2017-12-01,2017,L7GT,Personal computers,South Korea,1622107.0,5686.0
2017-12-01,2017,L7GT,Personal computers,Taiwan,20632617.0,120028.0
2018-01-01,2018,L7GT,Personal computers,China,265478076.0,1754397.0
2018-01-01,2018,L7GT,Personal computers,Hong Kong,34235694.0,240618.0
2018-01-01,2018,L7GT,Personal computers,Japan,3285132.0,10824.0
2018-01-01,2018,L7GT,Personal computers,South Korea,2042370.0,8426.0
2018-01-01,2018,L7GT,Personal computers,Taiwan,20681056.0,106784.0
2018-02-01,2018,L7GT,Personal computers,China,226647327.0,1495405.0
2018-02-01,2018,L7GT,Personal computers,Hong Kong,27685034.0,217667.0
2018-02-01,2018,L7GT,Personal computers,Japan,4642097.0,28233.0
2018-02-01,2018,L7GT,Personal computers,South Korea,1569297.0,4954.0
2018-02-01,2018,L7GT,Personal computers,Taiwan,17524627.0,106190.0
2018-03-01,2018,L7GT,Personal computers,China,201844471.0,1566718.0
2018-03-01,2018,L7GT,Personal computers,Hong Kong,38677620.0,257823.0
2018-03-01,2018,L7GT,Personal computers,Japan,6246504.0,14486.0
2018-03-01,2018,L7GT,Personal computers,South Korea,1665073.0,11822.0
2018-03-01,2018,L7GT,Personal computers,Taiwan,23954463.0,181788.0
2018-04-01,2018,L7GT,Personal computers,China,264251950.0,1757100.0
2018-04-01,2018,L7GT,Personal computers,Hong Kong,31156405.0,193825.0
2018-04-01,2018,L7GT,Personal computers,Japan,6664447.0,16430.0
2018-04-01,2018,L7GT,Personal computers,South Korea,2126968.0,5691.0
2018-04-01,2018,L7GT,Personal computers,Taiwan,23596708.0,142438.0
2018-05-01,2018,L7GT,Personal computers,China,213795241.0,1622457.0
2018-05-01,2018,L7GT,Personal computers,Hong Kong,30781417.0,248243.0
2018-05-01,2018,L7GT,Personal computers,Japan,8070383.0,14154.0
2018-05-01,2018,L7GT,Personal computers,South Korea,1628897.0,12797.0
2018-05-01,2018,L7GT,Personal computers,Taiwan,18588820.0,147630.0
2018-06-01,2018,L7GT,Personal computers,China,216714013.0,1397944.0
2018-06-01,2018,L7GT,Personal computers,Hong Kong,32465499.0,316471.0
2018-06-01,2018,L7GT,Personal computers,Japan,12784065.0,19834.0
2018-06-01,2018,L7GT,Personal computers,South Korea,1411829.0,3038.0
2018-06-01,2018,L7GT,Personal computers,Taiwan,16070104.0,105274.0
2018-07-01,2018,L7GT,Personal computers,China,296752277.0,1847046.0
2018-07-01,2018,L7GT,Personal computers,Hong Kong,38455021.0,312759.0
2018-07-01,2018,L7GT,Personal computers,Japan,10870157.0,19022.0
2018-07-01,2018,L7GT,Personal computers,South Korea,1549614.0,3896.0
2018-07-01,2018,L7GT,Personal computers,Taiwan,25200659.0,138809.0
2018-08-01,2018,L7GT,Personal computers,China,313615004.0,1741633.0
2018-08-01,2018,L7GT,Personal computers,Hong Kong,32011422.0,297596.0
2018-08-01,2018,L7GT,Personal computers,Japan,4515214.0,9580.0
2018-08-01,2018,L7GT,Personal computers,South Korea,1794076.0,1917.0
2018-08-01,2018,L7GT,Personal computers,Taiwan,19086415.0,126582.0
2018-09-01,2018,L7GT,Personal computers,China,262785429.0,1349055.0
2018-09-01,2018,L7GT,Personal computers,Hong Kong,31126329.0,250731.0
2018-09-01,2018,L7GT,Personal computers,Japan,4034776.0,11629.0
2018-09-01,2018,L7GT,Personal computers,South Korea,1287631.0,6014.0
2018-09-01,2018,L7GT,Personal computers,Taiwan,22682083.0,107745.0
2018-10-01,2018,L7GT,Personal computers,China,367047816.0,2479940.0
2018-10-01,2018,L7GT,Personal computers,Hong Kong,55790930.0,383626.0
2018-10-01,2018,L7GT,Personal computers,Japan,11614189.0,19367.0
2018-10-01,2018,L7GT,Personal computers,South Korea,744671.0,10283.0
2018-10-01,2018,L7GT,Personal computers,Taiwan,18777291.0,118445.0
2018-11-01,2018,L7GT,Personal computers,China,480055230.0,2347762.0
2018-11-01,2018,L7GT,Personal computers,Hong Kong,101013865.0,656418.0
2018-11-01,2018,L7GT,Personal computers,Japan,8461441.0,16706.0
2018-11-01,2018,L7GT,Personal computers,South Korea,1364008.0,4439.0
2018-11-01,2018,L7GT,Personal computers,Taiwan,19186205.0,111573.0
2018-12-01,2018,L7GT,Personal computers,China,316409823.0,1607058.0
2018-12-01,2018,L7GT,Personal computers,Hong Kong,72626734.0,488282.0
2018-12-01,2018,L7GT,Personal computers,Japan,5802142.0,13269.0
2018-12-01,2018,L7GT,Personal computers,South Korea,927528.0,4696.0
2018-12-01,2018,L7GT,Personal computers,Taiwan,24807455.0,116875.0
2019-01-01,2019,L7GT,Personal computers,China,333692109.0,2025892.0
2019-01-01,2019,L7GT,Personal computers,Hong Kong,64908010.0,480340.0
2019-01-01,2019,L7GT,Personal computers,Japan,2854205.0,11075.0
2019-01-01,2019,L7GT,Personal computers,South Korea,949343.0,3282.0
2019-01-01,2019,L7GT,Personal computers,Taiwan,23785889.0,147340.0
2019-02-01,2019,L7GT,Personal computers,China,204905338.0,1569521.0
2019-02-01,2019,L7GT,Personal computers,Hong Kong,30234612.0,244069.0
2019-02-01,2019,L7GT,Personal computers,Japan,5701055.0,11505.0
2019-02-01,2019,L7GT,Personal computers,South Korea,1305073.0,3157.0
2019-02-01,2019,L7GT,Personal computers,Taiwan,20067407.0,92918.0
2019-03-01,2019,L7GT,Personal computers,China,354958546.0,2355267.0
2019-03-01,2019,L7GT,Personal computers,Hong Kong,46575536.0,299257.0
2019-03-01,2019,L7GT,Personal computers,Japan,8996554.0,19825.0
2019-03-01,2019,L7GT,Personal computers,South Korea,1559284.0,1987.0
2019-03-01,2019,L7GT,Personal computers,Taiwan,24678192.0,121703.0
2019-04-01,2019,L7GT,Personal computers,China,368472155.0,2528672.0
2019-04-01,2019,L7GT,Personal computers,Hong Kong,38186202.0,343576.0
2019-04-01,2019,L7GT,Personal computers,Japan,4008771.0,20207.0
2019-04-01,2019,L7GT,Personal computers,South Korea,1391077.0,3472.0
2019-04-01,2019,L7GT,Personal computers,Taiwan,21898186.0,177088.0
2019-05-01,2019,L7GT,Personal computers,China,282703672.0,1669554.0
2019-05-01,2019,L7GT,Personal computers,Hong Kong,31593537.0,292874.0
2019-05-01,2019,L7GT,Personal computers,Japan,4270896.0,14264.0
2019-05-01,2019,L7GT,Personal computers,South Korea,1230078.0,13181.0
2019-05-01,2019,L7GT,Personal computers,Taiwan,20145387.0,159199.0
2019-06-01,2019,L7GT,Personal computers,China,276117355.0,1732931.0
2019-06-01,2019,L7GT,Personal computers,Hong Kong,32754141.0,251582.0
2019-06-01,2019,L7GT,Personal computers,Japan,5154256.0,15641.0
2019-06-01,2019,L7GT,Personal computers,South Korea,1564818.0,2929.0
2019-06-01,2019,L7GT,Personal computers,Taiwan,21546087.0,136491.0
2019-07-01,2019,L7GT,Personal computers,China,382478175.0,2527957.0
2019-07-01,2019,L7GT,Personal computers,Hong Kong,37055206.0,323239.0
2019-07-01,2019,L7GT,Personal computers,Japan,4767630.0,12662.0
2019-07-01,2019,L7GT,Personal computers,South Korea,2288445.0,5111.0
2019-07-01,2019,L7GT,Personal computers,Taiwan,21205206.0,127372.0
2019-08-01,2019,L7GT,Personal computers,China,335367848.0,2232478.0
2019-08-01,2019,L7GT,Personal computers,Hong Kong,33394382.0,260104.0
2019-08-01,2019,L7GT,Personal computers,Japan,6390341.0,19444.0
2019-08-01,2019,L7GT,Personal computers,South Korea,1389273.0,4289.0
2019-08-01,2019,L7GT,Personal computers,Taiwan,15807874.0,86777.0
2019-09-01,2019,L7GT,Personal computers,China,310592266.0,2059816.0
2019-09-01,2019,L7GT,Personal computers,Hong Kong,47388588.0,434601.0
2019-09-01,2019,L7GT,Personal computers,Japan,6717977.0,25057.0
2019-09-01,2019,L7GT,Personal computers,South Korea,929465.0,10277.0
2019-09-01,2019,L7GT,Personal computers,Taiwan,19097696.0,118715.0
2019-10-01,2019,L7GT,Personal computers,China,582251265.0,3585713.0
2019-10-01,2019,L7GT,Personal computers,Hong Kong,55954009.0,433006.0
2019-10-01,2019,L7GT,Personal computers,Japan,3734736.0,16371.0
2019-10-01,2019,L7GT,Personal computers,South Korea,1264674.0,11402.0
2019-10-01,2019,L7GT,Personal computers,Taiwan,21900145.0,120063.0
2019-11-01,2019,L7GT,Personal computers,China,523438124.0,3440664.0
2019-11-01,2019,L7GT,Personal computers,Hong Kong,60985259.0,518185.0
2019-11-01,2019,L7GT,Personal computers,Japan,5569178.0,16938.0
2019-11-01,2019,L7GT,Personal computers,South Korea,1730251.0,10611.0
2019-11-01,2019,L7GT,Personal computers,Taiwan,24190727.0,116618.0
2019-12-01,2019,L7GT,Personal computers,China,357903321.0,2285458.0
2019-12-01,2019,L7GT,Personal computers,Hong Kong,51824820.0,410795.0
2019-12-01,2019,L7GT,Personal computers,Japan,8953519.0,35427.0
2019-12-01,2019,L7GT,Personal computers,South Korea,561934.0,4028.0
2019-12-01,2019,L7GT,Personal computers,Taiwan,18825423.0,101381.0
2020-01-01,2020,L7GT,Personal computers,China,372718745.0,2825211.0
2020-01-01,2020,L7GT,Personal computers,Hong Kong,37338821.0,315324.0
2020-01-01,2020,L7GT,Personal computers,Japan,4963509.0,19309.0
2020-01-01,2020,L7GT,Personal computers,South Korea,687940.0,7075.0
2020-01-01,2020,L7GT,Personal computers,Taiwan,17572618.0,98013.0
2020-02-01,2020,L7GT,Personal computers,China,194845246.0,1564528.0
2020-02-01,2020,L7GT,Personal computers,Hong Kong,15915410.0,155391.0
2020-02-01,2020,L7GT,Personal computers,Japan,5747308.0,20893.0
2020-02-01,2020,L7GT,Personal computers,South Korea,1216425.0,1933.0
2020-02-01,2020,L7GT,Personal computers,Taiwan,21075729.0,94410.0
2020-03-01,2020,L7GT,Personal computers,China,298337550.0,1639069.0
2020-03-01,2020,L7GT,Personal computers,Hong Kong,54075781.0,401077.0
2020-03-01,2020,L7GT,Personal computers,Japan,7543874.0,29512.0
2020-03-01,2020,L7GT,Personal computers,South Korea,790364.0,1919.0
2020-03-01,2020,L7GT,Personal computers,Taiwan,15036245.0,76304.0
2020-04-01,2020,L7GT,Personal computers,China,495356206.0,2537922.0
2020-04-01,2020,L7GT,Personal computers,Hong Kong,59607716.0,407506.0
2020-04-01,2020,L7GT,Personal computers,Japan,4927982.0,15200.0
2020-04-01,2020,L7GT,Personal computers,South Korea,684061.0,6042.0
2020-04-01,2020,L7GT,Personal computers,Taiwan,11921211.0,75240.0
2020-05-01,2020,L7GT,Personal computers,China,467414012.0,2580549.0
2020-05-01,2020,L7GT,Personal computers,Hong Kong,57123667.0,455060.0
2020-05-01,2020,L7GT,Personal computers,Japan,5010843.0,22374.0
2020-05-01,2020,L7GT,Personal computers,South Korea,674712.0,2001.0
2020-05-01,2020,L7GT,Personal computers,Taiwan,16343276.0,81004.0
2020-06-01,2020,L7GT,Personal computers,China,515392773.0,2658652.0
2020-06-01,2020,L7GT,Personal computers,Hong Kong,52332802.0,438559.0
2020-06-01,2020,L7GT,Personal computers,Japan,5085817.0,14006.0
2020-06-01,2020,L7GT,Personal computers,South Korea,1153791.0,15903.0
2020-06-01,2020,L7GT,Personal computers,Taiwan,22749533.0,86738.0
2020-07-01,2020,L7GT,Personal computers,China,493484537.0,3128263.0
2020-07-01,2020,L7GT,Personal computers,Hong Kong,45121871.0,465689.0
2020-07-01,2020,L7GT,Personal computers,Japan,3601852.0,9623.0
2020-07-01,2020,L7GT,Personal computers,South Korea,1675285.0,6814.0
2020-07-01,2020,L7GT,Personal computers,Taiwan,22138917.0,86091.0
2020-08-01,2020,L7GT,Personal computers,China,441177800.0,2398645.0
2020-08-01,2020,L7GT,Personal computers,Hong Kong,42026156.0,380576.0
2020-08-01,2020,L7GT,Personal computers,Japan,5595532.0,10442.0
2020-08-01,2020,L7GT,Personal computers,South Korea,455506.0,5496.0
2020-08-01,2020,L7GT,Personal computers,Taiwan,18418462.0,90795.0
2020-09-01,2020,L7GT,Personal computers,China,439571746.0,2907582.0
2020-09-01,2020,L7GT,Personal computers,Hong Kong,43598891.0,408476.0
2020-09-01,2020,L7GT,Personal computers,Japan,7422160.0,31295.0
2020-09-01,2020,L7GT,Personal computers,South Korea,1436765.0,6483.0
2020-09-01,2020,L7GT,Personal computers,Taiwan,27012171.0,109657.0
2020-10-01,2020,L7GT,Personal computers,China,484167371.0,3525125.0
2020-10-01,2020,L7GT,Personal computers,Hong Kong,50714671.0,507378.0
2020-10-01,2020,L7GT,Personal computers,Japan,7571757.0,20206.0
2020-10-01,2020,L7GT,Personal computers,South Korea,1312007.0,10401.0
2020-10-01,2020,L7GT,Personal computers,Taiwan,24915578.0,98603.0
2020-11-01,2020,L7GT,Personal computers,China,717280563.0,3707598.0
2020-11-01,2020,L7GT,Personal computers,Hong Kong,78438625.0,773922.0
2020-11-01,2020,L7GT,Personal computers,Japan,5425343.0,20339.0
2020-11-01,2020,L7GT,Personal computers,South Korea,1283996.0,12467.0
2020-11-01,2020,L7GT,Personal computers,Taiwan,27783498.0,128774.0
2020-12-01,2020,L7GT,Personal computers,China,767687204.0,4392564.0
2020-12-01,2020,L7GT,Personal computers,Hong Kong,65999795.0,595249.0
2020-12-01,2020,L7GT,Personal computers,Japan,7984498.0,31178.0
2020-12-01,2020,L7GT,Personal computers,South Korea,1751740.0,9774.0
2020-12-01,2020,L7GT,Personal computers,Taiwan,24364267.0,130034.0
2021-01-01,2021,L7GT,Personal computers,China,602140989.0,3722717.0
2021-01-01,2021,L7GT,Personal computers,Hong Kong,53104153.0,476578.0
2021-01-01,2021,L7GT,Personal computers,Japan,2131284.0,11627.0
2021-01-01,2021,L7GT,Personal computers,South Korea,1694065.0,12812.0
2021-01-01,2021,L7GT,Personal computers,Taiwan,18997182.0,158839.0
2021-02-01,2021,L7GT,Personal computers,China,629201474.0,3860934.0
2021-02-01,2021,L7GT,Personal computers,Hong Kong,60870625.0,430681.0
2021-02-01,2021,L7GT,Personal computers,Japan,3592978.0,12208.0
2021-02-01,2021,L7GT,Personal computers,South Korea,1270725.0,3748.0
2021-02-01,2021,L7GT,Personal computers,Taiwan,13515688.0,98266.0
2021-03-01,2021,L7GT,Personal computers,China,738632354.0,4683486.0
2021-03-01,2021,L7GT,Personal computers,Hong Kong,69915088.0,511634.0
2021-03-01,2021,L7GT,Personal computers,Japan,2202893.0,8831.0
2021-03-01,2021,L7GT,Personal computers,South Korea,1416108.0,5585.0
2021-03-01,2021,L7GT,Personal computers,Taiwan,18306483.0,152344.0
2021-04-01,2021,L7GT,Personal computers,China,574502315.0,3376311.0
2021-04-01,2021,L7GT,Personal computers,Hong Kong,53891050.0,382740.0
2021-04-01,2021,L7GT,Personal computers,Japan,10906901.0,13935.0
2021-04-01,2021,L7GT,Personal computers,South Korea,1602086.0,9122.0
2021-04-01,2021,L7GT,Personal computers,Taiwan,20487131.0,162470.0
2021-05-01,2021,L7GT,Personal computers,China,461453589.0,2637251.0
2021-05-01,2021,L7GT,Personal computers,Hong Kong,55648678.0,426519.0
2021-05-01,2021,L7GT,Personal computers,Japan,9560395.0,10385.0
2021-05-01,2021,L7GT,Personal computers,South Korea,2322814.0,16622.0
2021-05-01,2021,L7GT,Personal computers,Taiwan,24094917.0,117071.0
2021-06-01,2021,L7GT,Personal computers,China,466820564.0,2670258.0
2021-06-01,2021,L7GT,Personal computers,Hong Kong,63040607.0,558139.0
2021-06-01,2021,L7GT,Personal computers,Japan,6870884.0,22211.0
2021-06-01,2021,L7GT,Personal computers,South Korea,2004668.0,6734.0
2021-06-01,2021,L7GT,Personal computers,Taiwan,20403595.0,105091.0
2021-07-01,2021,L7GT,Personal computers,China,456493930.0,2646785.0
2021-07-01,2021,L7GT,Personal computers,Hong Kong,88709942.0,758919.0
2021-07-01,2021,L7GT,Personal computers,Japan,4779655.0,13938.0
2021-07-01,2021,L7GT,Personal computers,South Korea,1628533.0,6160.0
2021-07-01,2021,L7GT,Personal computers,Taiwan,14265311.0,87392.0
2021-08-01,2021,L7GT,Personal computers,China,472564593.0,2589358.0
2021-08-01,2021,L7GT,Personal computers,Hong Kong,57065111.0,429855.0
2021-08-01,2021,L7GT,Personal computers,Japan,3766117.0,10706.0
2021-08-01,2021,L7GT,Personal computers,South Korea,1833798.0,6719.0
2021-08-01,2021,L7GT,Personal computers,Taiwan,19297127.0,113635.0
2021-09-01,2021,L7GT,Personal computers,China,563936879.0,2789195.0
2021-09-01,2021,L7GT,Personal computers,Hong Kong,77358976.0,613421.0
2021-09-01,2021,L7GT,Personal computers,Japan,2938584.0,11107.0
2021-09-01,2021,L7GT,Personal computers,South Korea,2170181.0,13719.0
2021-09-01,2021,L7GT,Personal computers,Taiwan,29389968.0,119659.0
2021-10-01,2021,L7GT,Personal computers,China,576058827.0,2861476.0
2021-10-01,2021,L7GT,Personal computers,Hong Kong,71549055.0,575468.0
2021-10-01,2021,L7GT,Personal computers,Japan,2981100.0,9353.0
2021-10-01,2021,L7GT,Personal computers,South Korea,1628858.0,6580.0
2021-10-01,2021,L7GT,Personal computers,Taiwan,28424281.0,109031.0
2021-11-01,2021,L7GT,Personal computers,China,665962278.0,3478221.0
2021-11-01,2021,L7GT,Personal computers,Hong Kong,78950018.0,625078.0
2021-11-01,2021,L7GT,Personal computers,Japan,1382499.0,3911.0
2021-11-01,2021,L7GT,Personal computers,South Korea,4910269.0,12178.0
2021-11-01,2021,L7GT,Personal computers,Taiwan,28043176.0,143045.0
2021-12-01,2021,L7GT,Personal computers,China,618372131.0,3154810.0
2021-12-01,2021,L7GT,Personal computers,Hong Kong,84497029.0,625017.0
2021-12-01,2021,L7GT,Personal computers,Japan,3520811.0,13377.0
2021-12-01,2021,L7GT,Personal computers,South Korea,2245677.0,6305.0
2021-12-01,2021,L7GT,Personal computers,Taiwan,22284609.0,126174.0
2022-01-01,2022,L7GT,Personal computers,China,567652121.0,3381920.0
2022-01-01,2022,L7GT,Personal computers,Hong Kong,94778974.0,639630.0
2022-01-01,2022,L7GT,Personal computers,Japan,3636260.0,13359.0
2022-01-01,2022,L7GT,Personal computers,South Korea,1309614.0,6159.0
2022-01-01,2022,L7GT,Personal computers,Taiwan,28144294.0,147602.0
2022-02-01,2022,L7GT,Personal computers,China,460420423.0,2833340.0
2022-02-01,2022,L7GT,Personal computers,Hong Kong,32547163.0,235772.0
2022-02-01,2022,L7GT,Personal computers,Japan,7322356.0,9756.0
2022-02-01,2022,L7GT,Personal computers,South Korea,589478.0,1719.0
2022-02-01,2022,L7GT,Personal computers,Taiwan,17518293.0,88985.0
2022-03-01,2022,L7GT,Personal computers,China,637194893.0,3426446.0
2022-03-01,2022,L7GT,Personal computers,Hong Kong,57228724.0,366501.0
2022-03-01,2022,L7GT,Personal computers,Japan,4781243.0,15606.0
2022-03-01,2022,L7GT,Personal computers,South Korea,1290606.0,2306.0
2022-03-01,2022,L7GT,Personal computers,Taiwan,15364081.0,95258.0
2022-04-01,2022,L7GT,Personal computers,China,421604208.0,2443493.0
2022-04-01,2022,L7GT,Personal computers,Hong Kong,77753848.0,445753.0
2022-04-01,2022,L7GT,Personal computers,Japan,2411852.0,10945.0
2022-04-01,2022,L7GT,Personal computers,South Korea,1150677.0,3366.0
2022-04-01,2022,L7GT,Personal computers,Taiwan,23818323.0,106117.0
2022-05-01,2022,L7GT,Personal computers,China,468208798.0,2763566.0
2022-05-01,2022,L7GT,Personal computers,Hong Kong,57843324.0,332333.0
2022-05-01,2022,L7GT,Personal computers,Japan,3043712.0,12893.0
2022-05-01,2022,L7GT,Personal computers,South Korea,1525214.0,4734.0
2022-05-01,2022,L7GT,Personal computers,Taiwan,20313920.0,74763.0
2022-06-01,2022,L7GT,Personal computers,China,529982465.0,2513933.0
2022-06-01,2022,L7GT,Personal computers,Hong Kong,44992240.0,281176.0
2022-06-01,2022,L7GT,Personal computers,Japan,4450580.0,11460.0
2022-06-01,2022,L7GT,Personal computers,South Korea,1961461.0,3930.0
2022-06-01,2022,L7GT,Personal computers,Taiwan,28060381.0,134582.0
2022-07-01,2022,L7GT,Personal computers,China,546192400.0,2363327.0
2022-07-01,2022,L7GT,Personal computers,Hong Kong,33586229.0,180609.0
2022-07-01,2022,L7GT,Personal computers,Japan,3795028.0,13130.0
2022-07-01,2022,L7GT,Personal computers,South Korea,1617652.0,3052.0
2022-07-01,2022,L7GT,Personal computers,Taiwan,19736920.0,79813.0
2022-08-01,2022,L7GT,Personal computers,China,603584621.0,2793163.0
2022-08-01,2022,L7GT,Personal computers,Hong Kong,34966489.0,211722.0
2022-08-01,2022,L7GT,Personal computers,Japan,2572531.0,8622.0
2022-08-01,2022,L7GT,Personal computers,South Korea,1372733.0,3784.0
2022-08-01,2022,L7GT,Personal computers,Taiwan,23954174.0,98203.0
2022-09-01,2022,L7GT,Personal computers,China,511548079.0,2751064.0
2022-09-01,2022,L7GT,Personal computers,Hong Kong,28578832.0,195257.0
2022-09-01,2022,L7GT,Personal computers,Japan,4206626.0,17058.0
2022-09-01,2022,L7GT,Personal computers,South Korea,2128120.0,2305.0
2022-09-01,2022,L7GT,Personal computers,Taiwan,34984723.0,159865.0
2022-10-01,2022,L7GT,Personal computers,China,591633675.0,2718432.0
2022-10-01,2022,L7GT,Personal computers,Hong Kong,48039007.0,202328.0
2022-10-01,2022,L7GT,Personal computers,Japan,2065873.0,8288.0
2022-10-01,2022,L7GT,Personal computers,South Korea,2296458.0,5165.0
2022-10-01,2022,L7GT,Personal computers,Taiwan,28267205.0,120190.0
2022-11-01,2022,L7GT,Personal computers,China,566384699.0,2738357.0
2022-11-01,2022,L7GT,Personal computers,Hong Kong,54048597.0,207229.0
2022-11-01,2022,L7GT,Personal computers,Japan,2124927.0,7661.0
2022-11-01,2022,L7GT,Personal computers,South Korea,1400431.0,6899.0
2022-11-01,2022,L7GT,Personal computers,Taiwan,34712848.0,119955.0
2022-12-01,2022,L7GT,Personal computers,China,405392487.0,1830294.0
2022-12-01,2022,L7GT,Personal computers,Hong Kong,50260616.0,180145.0
2022-12-01,2022,L7GT,Personal computers,Japan,2922278.0,9055.0
2022-12-01,2022,L7GT,Personal computers,South Korea,1945728.0,17307.0
2022-12-01,2022,L7GT,Personal computers,Taiwan,25191456.0,106032.0
2023-01-01,2023,L7GT,Personal computers,China,425838741.0,2121309.0
2023-01-01,2023,L7GT,Personal computers,Hong Kong,42348483.0,162826.0
2023-01-01,2023,L7GT,Personal computers,Japan,1833046.0,6176.0
2023-01-01,2023,L7GT,Personal computers,South Korea,1827362.0,20159.0
2023-01-01,2023,L7GT,Personal computers,Taiwan,22096527.0,91117.0
2023-02-01,2023,L7GT,Personal computers,China,329985221.0,1766422.0
2023-02-01,2023,L7GT,Personal computers,Hong Kong,27399322.0,165834.0
2023-02-01,2023,L7GT,Personal computers,Japan,2882690.0,10177.0
2023-02-01,2023,L7GT,Personal computers,South Korea,2305362.0,9235.0
2023-02-01,2023,L7GT,Personal computers,Taiwan,26194514.0,125977.0
2023-03-01,2023,L7GT,Personal computers,China,419454865.0,1778699.0
2023-03-01,2023,L7GT,Personal computers,Hong Kong,33710490.0,129734.0
2023-03-01,2023,L7GT,Personal computers,Japan,2769919.0,7408.0
2023-03-01,2023,L7GT,Personal computers,South Korea,1095061.0,4417.0
2023-03-01,2023,L7GT,Personal computers,Taiwan,19561178.0,85266.0
2023-04-01,2023,L7GT,Personal computers,China,332264142.0,1525932.0
2023-04-01,2023,L7GT,Personal computers,Hong Kong,37214407.0,160744.0
2023-04-01,2023,L7GT,Personal computers,Japan,2007801.0,5570.0
2023-04-01,2023,L7GT,Personal computers,South Korea,1554653.0,5600.0
2023-04-01,2023,L7GT,Personal computers,Taiwan,19888945.0,86710.0
2023-05-01,2023,L7GT,Personal computers,China,312752757.0,1696884.0
2023-05-01,2023,L7GT,Personal computers,Hong Kong,37744470.0,159333.0
2023-05-01,2023,L7GT,Personal computers,Japan,1770590.0,7227.0
2023-05-01,2023,L7GT,Personal computers,South Korea,1885374.0,5962.0
2023-05-01,2023,L7GT,Personal computers,Taiwan,25825505.0,107738.0
2023-06-01,2023,L7GT,Personal computers,China,390478123.0,1931226.0
2023-06-01,2023,L7GT,Personal computers,Hong Kong,32257644.0,137707.0
2023-06-01,2023,L7GT,Personal computers,Japan,4210610.0,8728.0
2023-06-01,2023,L7GT,Personal computers,South Korea,1509783.0,6388.0
2023-06-01,2023,L7GT,Personal computers,Taiwan,23978481.0,107860.0
2023-07-01,2023,L7GT,Personal computers,China,361690263.0,2056224.0
2023-07-01,2023,L7GT,Personal computers,Hong Kong,29697622.0,147561.0
2023-07-01,2023,L7GT,Personal computers,Japan,2781137.0,8565.0
2023-07-01,2023,L7GT,Personal computers,South Korea,1789919.0,10844.0
2023-07-01,2023,L7GT,Personal computers,Taiwan,23102669.0,102191.0
2023-08-01,2023,L7GT,Personal computers,China,375354625.0,2251884.0
2023-08-01,2023,L7GT,Personal computers,Hong Kong,28601576.0,146542.0
2023-08-01,2023,L7GT,Personal computers,Japan,5717562.0,16891.0
2023-08-01,2023,L7GT,Personal computers,South Korea,1273701.0,4728.0
2023-08-01,2023,L7GT,Personal computers,Taiwan,21055541.0,93523.0
2023-09-01,2023,L7GT,Personal computers,China,406787584.0,2108806.0
2023-09-01,2023,L7GT,Personal computers,Hong Kong,26227571.0,117179.0
2023-09-01,2023,L7GT,Personal computers,Japan,9057928.0,17048.0
2023-09-01,2023,L7GT,Personal computers,South Korea,1940356.0,6055.0
2023-09-01,2023,L7GT,Personal computers,Taiwan,21751613.0,78658.0
2023-10-01,2023,L7GT,Personal computers,China,480228070.0,2932888.0
2023-10-01,2023,L7GT,Personal computers,Hong Kong,43084054.0,209422.0
2023-10-01,2023,L7GT,Personal computers,Japan,9394780.0,19843.0
2023-10-01,2023,L7GT,Personal computers,South Korea,4163477.0,19170.0
2023-10-01,2023,L7GT,Personal computers,Taiwan,30337463.0,102519.0
2023-11-01,2023,L7GT,Personal computers,China,512111772.0,2584241.0
2023-11-01,2023,L7GT,Personal computers,Hong Kong,48771961.0,224002.0
2023-11-01,2023,L7GT,Personal computers,Japan,8980162.0,18001.0
2023-11-01,2023,L7GT,Personal computers,South Korea,2499560.0,13082.0
2023-11-01,2023,L7GT,Personal computers,Taiwan,25946640.0,91941.0
2023-12-01,2023,L7GT,Personal computers,China,376037505.0,1944757.0
2023-12-01,2023,L7GT,Personal computers,Hong Kong,38629056.0,196894.0
2023-12-01,2023,L7GT,Personal computers,Japan,9157443.0,16066.0
2023-12-01,2023,L7GT,Personal computers,South Korea,1935799.0,15372.0
2023-12-01,2023,L7GT,Personal computers,Taiwan,29086571.0,69258.0
2024-01-01,2024,L7GT,Personal computers,China,365177968.0,1957800.0
2024-01-01,2024,L7GT,Personal computers,Hong Kong,38672846.0,179531.0
2024-01-01,2024,L7GT,Personal computers,Japan,7713791.0,20235.0
2024-01-01,2024,L7GT,Personal computers,South Korea,1290250.0,8401.0
2024-01-01,2024,L7GT,Personal computers,Taiwan,22885141.0,69129.0
2024-02-01,2024,L7GT,Personal computers,China,318901519.0,1849686.0
2024-02-01,2024,L7GT,Personal computers,Hong Kong,28629761.0,130298.0
2024-02-01,2024,L7GT,Personal computers,Japan,6799314.0,19999.0
2024-02-01,2024,L7GT,Personal computers,South Korea,828374.0,5865.0
2024-02-01,2024,L7GT,Personal computers,Taiwan,13972627.0,47457.0
2024-03-01,2024,L7GT,Personal computers,China,378488062.0,2106630.0
2024-03-01,2024,L7GT,Personal computers,Hong Kong,50043585.0,208694.0
2024-03-01,2024,L7GT,Personal computers,Japan,7666768.0,20042.0
2024-03-01,2024,L7GT,Personal computers,South Korea,1569445.0,9210.0
2024-03-01,2024,L7GT,Personal computers,Taiwan,18258104.0,59238.0
2024-04-01,2024,L7GT,Personal computers,China,369283395.0,1894550.0
2024-04-01,2024,L7GT,Personal computers,Hong Kong,40381967.0,187437.0
2024-04-01,2024,L7GT,Personal computers,Japan,4929473.0,15521.0
2024-04-01,2024,L7GT,Personal computers,South Korea,3027332.0,13435.0
2024-04-01,2024,L7GT,Personal computers,Taiwan,16102859.0,55057.0
2024-05-01,2024,L7GT,Personal computers,China,404783116.0,2099906.0
2024-05-01,2024,L7GT,Personal computers,Hong Kong,26913526.0,125886.0
2024-05-01,2024,L7GT,Personal computers,Japan,3030822.0,7007.0
2024-05-01,2024,L7GT,Personal computers,South Korea,1796776.0,13408.0
2024-05-01,2024,L7GT,Personal computers,Taiwan,13993085.0,52575.0
2024-06-01,2024,L7GT,Personal computers,China,364952659.0,1873270.0
2024-06-01,2024,L7GT,Personal computers,Hong Kong,34849470.0,157572.0
2024-06-01,2024,L7GT,Personal computers,Japan,3207650.0,8703.0
2024-06-01,2024,L7GT,Personal computers,South Korea,3178296.0,23067.0
2024-06-01,2024,L7GT,Personal computers,Taiwan,16993845.0,58739.0
2024-07-01,2024,L7GT,Personal computers,China,378687613.0,2076860.0
2024-07-01,2024,L7GT,Personal computers,Hong Kong,34839265.0,150980.0
2024-07-01,2024,L7GT,Personal computers,Japan,3007801.0,5963.0
2024-07-01,2024,L7GT,Personal computers,South Korea,2935656.0,20040.0
2024-07-01,2024,L7GT,Personal computers,Taiwan,17155301.0,55643.0
2024-08-01,2024,L7GT,Personal computers,China,425527634.0,2568618.0
2024-08-01,2024,L7GT,Personal computers,Hong Kong,29948945.0,123785.0
2024-08-01,2024,L7GT,Personal computers,Japan,3321245.0,10652.0
2024-08-01,2024,L7GT,Personal computers,South Korea,1494468.0,13372.0
2024-08-01,2024,L7GT,Personal computers,Taiwan,23003512.0,70753.0
2024-09-01,2024,L7GT,Personal computers,China,280205231.0,1778849.0
2024-09-01,2024,L7GT,Personal computers,Hong Kong,33375080.0,159715.0
2024-09-01,2024,L7GT,Personal computers,Japan,2102373.0,3456.0
2024-09-01,2024,L7GT,Personal computers,South Korea,2847895.0,15557.0
2024-09-01,2024,L7GT,Personal computers,Taiwan,15230469.0,56346.0
2024-10-01,2024,L7GT,Personal computers,China,475918142.0,2927701.0
2024-10-01,2024,L7GT,Personal computers,Hong Kong,43286699.0,204031.0
2024-10-01,2024,L7GT,Personal computers,Japan,1963159.0,5131.0
2024-10-01,2024,L7GT,Personal computers,South Korea,3521631.0,28484.0
2024-10-01,2024,L7GT,Personal computers,Taiwan,19860256.0,56356.0
2024-11-01,2024,L7GT,Personal computers,China,577078044.0,2844713.0
2024-11-01,2024,L7GT,Personal computers,Hong Kong,35485445.0,191768.0
2024-11-01,2024,L7GT,Personal computers,Japan,2880737.0,4832.0
2024-11-01,2024,L7GT,Personal computers,South Korea,4422249.0,40890.0
2024-11-01,2024,L7GT,Personal computers,Taiwan,21032976.0,67147.0
2024-12-01,2024,L7GT,Personal computers,China,365184454.0,1969458.0
2024-12-01,2024,L7GT,Personal computers,Hong Kong,36270935.0,181344.0
2024-12-01,2024,L7GT,Personal computers,Japan,3515975.0,6005.0
2024-12-01,2024,L7GT,Personal computers,South Korea,3379278.0,25895.0
2024-12-01,2024,L7GT,Personal computers,Taiwan,17247070.0,57268.0
2025-01-01,2025,L7GT,Personal computers,China,385709271.0,2101873.0
2025-01-01,2025,L7GT,Personal computers,Hong Kong,79221988.0,451130.0
2025-01-01,2025,L7GT,Personal computers,Japan,2652978.0,11428.0
2025-01-01,2025,L7GT,Personal computers,South Korea,1871419.0,23550.0
2025-01-01,2025,L7GT,Personal computers,Taiwan,29444695.0,54154.0
2025-02-01,2025,L7GT,Personal computers,China,300109746.0,1738065.0
2025-02-01,2025,L7GT,Personal computers,Hong Kong,42625891.0,186155.0
2025-02-01,2025,L7GT,Personal computers,Japan,1489185.0,3357.0
2025-02-01,2025,L7GT,Personal computers,South Korea,895662.0,9580.0
2025-02-01,2025,L7GT,Personal computers,Taiwan,15586072.0,37833.0
2025-03-01,2025,L7GT,Personal computers,China,383188607.0,1894863.0
2025-03-01,2025,L7GT,Personal computers,Hong Kong,66893987.0,264374.0
2025-03-01,2025,L7GT,Personal computers,Japan,2682320.0,6838.0
2025-03-01,2025,L7GT,Personal computers,South Korea,2231520.0,20534.0
2025-03-01,2025,L7GT,Personal computers,Taiwan,31079304.0,67329.0
2025-04-01,2025,L7GT,Personal computers,China,354426304.0,1822056.0
2025-04-01,2025,L7GT,Personal computers,Hong Kong,53777738.0,259910.0
2025-04-01,2025,L7GT,Personal computers,Japan,2237500.0,6801.0
2025-04-01,2025,L7GT,Personal computers,South Korea,2325224.0,15151.0
2025-04-01,2025,L7GT,Personal computers,Taiwan,35953746.0,79725.0
2025-05-01,2025,L7GT,Personal computers,China,370707912.0,2075542.0
2025-05-01,2025,L7GT,Personal computers,Hong Kong,73613425.0,426553.0
2025-05-01,2025,L7GT,Personal computers,Japan,1035961.0,3541.0
2025-05-01,2025,L7GT,Personal computers,South Korea,3183328.0,9363.0
2025-05-01,2025,L7GT,Personal computers,Taiwan,25990395.0,62885.0
2025-06-01,2025,L7GT,Personal computers,China,344942536.0,1949708.0
2025-06-01,2025,L7GT,Personal computers,Hong Kong,43286150.0,251250.0
2025-06-01,2025,L7GT,Personal computers,Japan,2748099.0,5017.0
2025-06-01,2025,L7GT,Personal computers,South Korea,3578449.0,12509.0
2025-06-01,2025,L7GT,Personal computers,Taiwan,25062038.0,78223.0
2025-07-01,2025,L7GT,Personal computers,China,394600315.0,2460609.0
2025-07-01,2025,L7GT,Personal computers,Hong Kong,52994332.0,372207.0
2025-07-01,2025,L7GT,Personal computers,Japan,4873803.0,5749.0
2025-07-01,2025,L7GT,Personal computers,South Korea,3188223.0,11073.0
2025-07-01,2025,L7GT,Personal computers,Taiwan,30989650.0,71378.0
2025-08-01,2025,L7GT,Personal computers,China,333690083.0,2131874.0
2025-08-01,2025,L7GT,Personal computers,Hong Kong,45747901.0,249663.0
2025-08-01,2025,L7GT,Personal computers,Japan,2943100.0,6127.0
2025-08-01,2025,L7GT,Personal computers,South Korea,1428045.0,16433.0
2025-08-01,2025,L7GT,Personal computers,Taiwan,31969724.0,87952.0
2025-09-01,2025,L7GT,Personal computers,China,330299301.0,1916411.0
2025-09-01,2025,L7GT,Personal computers,Hong Kong,52537600.0,277955.0
2025-09-01,2025,L7GT,Personal computers,Japan,3464720.0,9929.0
2025-09-01,2025,L7GT,Personal computers,South Korea,1467731.0,14882.0
2025-09-01,2025,L7GT,Personal computers,Taiwan,48140802.0,76684.0
2025-10-01,2025,L7GT,Personal computers,China,479062756.0,2498038.0
2025-10-01,2025,L7GT,Personal computers,Hong Kong,56618494.0,316733.0
2025-10-01,2025,L7GT,Personal computers,Japan,3416772.0,6286.0
2025-10-01,2025,L7GT,Personal computers,South Korea,2521749.0,24756.0
2025-10-01,2025,L7GT,Personal computers,Taiwan,45077783.0,92115.0
2025-11-01,2025,L7GT,Personal computers,China,434957268.0,2437940.0
2025-11-01,2025,L7GT,Personal computers,Hong Kong,49187841.0,266056.0
2025-11-01,2025,L7GT,Personal computers,Japan,5276599.0,7391.0
2025-11-01,2025,L7GT,Personal computers,South Korea,1736802.0,29522.0
2025-11-01,2025,L7GT,Personal computers,Taiwan,37264304.0,89631.0
2025-12-01,2025,L7GT,Personal computers,China,405367623.0,2126498.0
2025-12-01,2025,L7GT,Personal computers,Hong Kong,51441700.0,226817.0
2025-12-01,2025,L7GT,Personal computers,Japan,3275398.0,5848.0
2025-12-01,2025,L7GT,Personal computers,South Korea,2470887.0,17048.0
2025-12-01,2025,L7GT,Personal computers,Taiwan,82747962.0,111624.0
2026-01-01,2026,L7GT,Personal computers,China,384647253.0,1839343.0
2026-01-01,2026,L7GT,Personal computers,Hong Kong,59155958.0,265600.0
2026-01-01,2026,L7GT,Personal computers,Japan,5028553.0,11392.0
2026-01-01,2026,L7GT,Personal computers,South Korea,2514277.0,16519.0
2026-01-01,2026,L7GT,Personal computers,Taiwan,26004387.0,63829.0
2026-02-01,2026,L7GT,Personal computers,China,308250362.0,1752845.0
2026-02-01,2026,L7GT,Personal computers,Hong Kong,49859803.0,248720.0
2026-02-01,2026,L7GT,Personal computers,Japan,3557156.0,7940.0
2026-02-01,2026,L7GT,Personal computers,South Korea,2526869.0,14244.0
2026-02-01,2026,L7GT,Personal computers,Taiwan,18882133.0,47882.0
2026-03-01,2026,L7GT,Personal computers,China,433949387.0,2113323.0
2026-03-01,2026,L7GT,Personal computers,Hong Kong,49866949.0,186895.0
2026-03-01,2026,L7GT,Personal computers,Japan,3429543.0,9402.0
2026-03-01,2026,L7GT,Personal computers,South Korea,2010640.0,12805.0
2026-03-01,2026,L7GT,Personal computers,Taiwan,24303546.0,68053.0
2026-04-01,2026,L7GT,Personal computers,China,375611451.0,1693260.0
2026-04-01,2026,L7GT,Personal computers,Hong Kong,42760347.0,173524.0
2026-04-01,2026,L7GT,Personal computers,Japan,4126608.0,7806.0
2026-04-01,2026,L7GT,Personal computers,South Korea,1085155.0,8587.0
2026-04-01,2026,L7GT,Personal computers,Taiwan,27140845.0,72394.0
2026-05-01,2026,L7GT,Personal computers,China,369313680.0,1763796.0
2026-05-01,2026,L7GT,Personal computers,Hong Kong,39772713.0,147034.0
2026-05-01,2026,L7GT,Personal computers,Japan,2643146.0,16797.0
2026-05-01,2026,L7GT,Personal computers,South Korea,1260897.0,9125.0
2026-05-01,2026,L7GT,Personal computers,Taiwan,50719128.0,81669.0
2015-01-01,2015,L7GU,Information-processing accessories,China,310232369.0,3125524.0
2015-01-01,2015,L7GU,Information-processing accessories,Hong Kong,54546453.0,543719.0
2015-01-01,2015,L7GU,Information-processing accessories,Japan,4767441.0,23960.0
2015-01-01,2015,L7GU,Information-processing accessories,South Korea,2763702.0,17689.0
2015-01-01,2015,L7GU,Information-processing accessories,Taiwan,38983399.0,265572.0
2015-02-01,2015,L7GU,Information-processing accessories,China,218960596.0,2704844.0
2015-02-01,2015,L7GU,Information-processing accessories,Hong Kong,40523695.0,383021.0
2015-02-01,2015,L7GU,Information-processing accessories,Japan,4057896.0,25828.0
2015-02-01,2015,L7GU,Information-processing accessories,South Korea,972800.0,12147.0
2015-02-01,2015,L7GU,Information-processing accessories,Taiwan,32225562.0,252651.0
2015-03-01,2015,L7GU,Information-processing accessories,China,202172212.0,2511759.0
2015-03-01,2015,L7GU,Information-processing accessories,Hong Kong,39665164.0,393567.0
2015-03-01,2015,L7GU,Information-processing accessories,Japan,5026299.0,40627.0
2015-03-01,2015,L7GU,Information-processing accessories,South Korea,1359341.0,20383.0
2015-03-01,2015,L7GU,Information-processing accessories,Taiwan,29317927.0,238552.0
2015-04-01,2015,L7GU,Information-processing accessories,China,247339067.0,2407917.0
2015-04-01,2015,L7GU,Information-processing accessories,Hong Kong,37142495.0,316438.0
2015-04-01,2015,L7GU,Information-processing accessories,Japan,5234641.0,27448.0
2015-04-01,2015,L7GU,Information-processing accessories,South Korea,1345695.0,14757.0
2015-04-01,2015,L7GU,Information-processing accessories,Taiwan,30026164.0,173452.0
2015-05-01,2015,L7GU,Information-processing accessories,China,201241022.0,1907298.0
2015-05-01,2015,L7GU,Information-processing accessories,Hong Kong,36722432.0,343989.0
2015-05-01,2015,L7GU,Information-processing accessories,Japan,2953419.0,17907.0
2015-05-01,2015,L7GU,Information-processing accessories,South Korea,929910.0,16835.0
2015-05-01,2015,L7GU,Information-processing accessories,Taiwan,27816921.0,218117.0
2015-06-01,2015,L7GU,Information-processing accessories,China,178164359.0,1867512.0
2015-06-01,2015,L7GU,Information-processing accessories,Hong Kong,39311030.0,374323.0
2015-06-01,2015,L7GU,Information-processing accessories,Japan,4621663.0,25108.0
2015-06-01,2015,L7GU,Information-processing accessories,South Korea,2336752.0,18936.0
2015-06-01,2015,L7GU,Information-processing accessories,Taiwan,27461324.0,243489.0
2015-07-01,2015,L7GU,Information-processing accessories,China,282957157.0,3147421.0
2015-07-01,2015,L7GU,Information-processing accessories,Hong Kong,43898430.0,441321.0
2015-07-01,2015,L7GU,Information-processing accessories,Japan,3362117.0,22689.0
2015-07-01,2015,L7GU,Information-processing accessories,South Korea,10287600.0,20627.0
2015-07-01,2015,L7GU,Information-processing accessories,Taiwan,24887034.0,227160.0
2015-08-01,2015,L7GU,Information-processing accessories,China,231634572.0,2221021.0
2015-08-01,2015,L7GU,Information-processing accessories,Hong Kong,39584286.0,378473.0
2015-08-01,2015,L7GU,Information-processing accessories,Japan,2614695.0,22045.0
2015-08-01,2015,L7GU,Information-processing accessories,South Korea,24815052.0,41165.0
2015-08-01,2015,L7GU,Information-processing accessories,Taiwan,28796286.0,209968.0
2015-09-01,2015,L7GU,Information-processing accessories,China,202107546.0,2300686.0
2015-09-01,2015,L7GU,Information-processing accessories,Hong Kong,38785026.0,461023.0
2015-09-01,2015,L7GU,Information-processing accessories,Japan,4126952.0,28668.0
2015-09-01,2015,L7GU,Information-processing accessories,South Korea,35771688.0,33969.0
2015-09-01,2015,L7GU,Information-processing accessories,Taiwan,30210426.0,228958.0
2015-10-01,2015,L7GU,Information-processing accessories,China,361381381.0,3608072.0
2015-10-01,2015,L7GU,Information-processing accessories,Hong Kong,52088639.0,611843.0
2015-10-01,2015,L7GU,Information-processing accessories,Japan,3836271.0,32780.0
2015-10-01,2015,L7GU,Information-processing accessories,South Korea,26115783.0,28792.0
2015-10-01,2015,L7GU,Information-processing accessories,Taiwan,35837554.0,260394.0
2015-11-01,2015,L7GU,Information-processing accessories,China,325629101.0,3200818.0
2015-11-01,2015,L7GU,Information-processing accessories,Hong Kong,86394517.0,911138.0
2015-11-01,2015,L7GU,Information-processing accessories,Japan,3217774.0,19078.0
2015-11-01,2015,L7GU,Information-processing accessories,South Korea,22339525.0,25424.0
2015-11-01,2015,L7GU,Information-processing accessories,Taiwan,31585365.0,249329.0
2015-12-01,2015,L7GU,Information-processing accessories,China,299303619.0,2671648.0
2015-12-01,2015,L7GU,Information-processing accessories,Hong Kong,78852240.0,722826.0
2015-12-01,2015,L7GU,Information-processing accessories,Japan,4079109.0,30401.0
2015-12-01,2015,L7GU,Information-processing accessories,South Korea,19309379.0,24253.0
2015-12-01,2015,L7GU,Information-processing accessories,Taiwan,40593785.0,206769.0
2016-01-01,2016,L7GU,Information-processing accessories,China,269717581.0,3114145.0
2016-01-01,2016,L7GU,Information-processing accessories,Hong Kong,66778651.0,485679.0
2016-01-01,2016,L7GU,Information-processing accessories,Japan,4468955.0,31185.0
2016-01-01,2016,L7GU,Information-processing accessories,South Korea,33031124.0,29918.0
2016-01-01,2016,L7GU,Information-processing accessories,Taiwan,27244320.0,192135.0
2016-02-01,2016,L7GU,Information-processing accessories,China,192540420.0,1981126.0
2016-02-01,2016,L7GU,Information-processing accessories,Hong Kong,45481371.0,438684.0
2016-02-01,2016,L7GU,Information-processing accessories,Japan,4656064.0,21634.0
2016-02-01,2016,L7GU,Information-processing accessories,South Korea,12062449.0,25935.0
2016-02-01,2016,L7GU,Information-processing accessories,Taiwan,27172006.0,208248.0
2016-03-01,2016,L7GU,Information-processing accessories,China,230774483.0,2056996.0
2016-03-01,2016,L7GU,Information-processing accessories,Hong Kong,48572548.0,483498.0
2016-03-01,2016,L7GU,Information-processing accessories,Japan,4197437.0,20524.0
2016-03-01,2016,L7GU,Information-processing accessories,South Korea,24254388.0,29900.0
2016-03-01,2016,L7GU,Information-processing accessories,Taiwan,30157776.0,199877.0
2016-04-01,2016,L7GU,Information-processing accessories,China,273217340.0,2696940.0
2016-04-01,2016,L7GU,Information-processing accessories,Hong Kong,61492677.0,598677.0
2016-04-01,2016,L7GU,Information-processing accessories,Japan,4911601.0,33555.0
2016-04-01,2016,L7GU,Information-processing accessories,South Korea,20986424.0,30012.0
2016-04-01,2016,L7GU,Information-processing accessories,Taiwan,32304406.0,207371.0
2016-05-01,2016,L7GU,Information-processing accessories,China,188770315.0,1868054.0
2016-05-01,2016,L7GU,Information-processing accessories,Hong Kong,40804086.0,423695.0
2016-05-01,2016,L7GU,Information-processing accessories,Japan,4887058.0,41489.0
2016-05-01,2016,L7GU,Information-processing accessories,South Korea,18609946.0,33497.0
2016-05-01,2016,L7GU,Information-processing accessories,Taiwan,28150276.0,192155.0
2016-06-01,2016,L7GU,Information-processing accessories,China,218290523.0,2234665.0
2016-06-01,2016,L7GU,Information-processing accessories,Hong Kong,54302272.0,469454.0
2016-06-01,2016,L7GU,Information-processing accessories,Japan,6018198.0,23310.0
2016-06-01,2016,L7GU,Information-processing accessories,South Korea,19989632.0,22976.0
2016-06-01,2016,L7GU,Information-processing accessories,Taiwan,25757036.0,191392.0
2016-07-01,2016,L7GU,Information-processing accessories,China,233977354.0,2666882.0
2016-07-01,2016,L7GU,Information-processing accessories,Hong Kong,56352085.0,483231.0
2016-07-01,2016,L7GU,Information-processing accessories,Japan,5087565.0,35961.0
2016-07-01,2016,L7GU,Information-processing accessories,South Korea,22033006.0,26783.0
2016-07-01,2016,L7GU,Information-processing accessories,Taiwan,25618231.0,190757.0
2016-08-01,2016,L7GU,Information-processing accessories,China,240630632.0,2017148.0
2016-08-01,2016,L7GU,Information-processing accessories,Hong Kong,59955748.0,474522.0
2016-08-01,2016,L7GU,Information-processing accessories,Japan,6020587.0,28901.0
2016-08-01,2016,L7GU,Information-processing accessories,South Korea,16097283.0,35518.0
2016-08-01,2016,L7GU,Information-processing accessories,Taiwan,31267598.0,211931.0
2016-09-01,2016,L7GU,Information-processing accessories,China,299155285.0,2471485.0
2016-09-01,2016,L7GU,Information-processing accessories,Hong Kong,74732294.0,693290.0
2016-09-01,2016,L7GU,Information-processing accessories,Japan,7422693.0,38028.0
2016-09-01,2016,L7GU,Information-processing accessories,South Korea,19294035.0,22200.0
2016-09-01,2016,L7GU,Information-processing accessories,Taiwan,28501167.0,185871.0
2016-10-01,2016,L7GU,Information-processing accessories,China,313862527.0,2750119.0
2016-10-01,2016,L7GU,Information-processing accessories,Hong Kong,78472583.0,647541.0
2016-10-01,2016,L7GU,Information-processing accessories,Japan,7040764.0,27035.0
2016-10-01,2016,L7GU,Information-processing accessories,South Korea,27513113.0,34169.0
2016-10-01,2016,L7GU,Information-processing accessories,Taiwan,32351435.0,219265.0
2016-11-01,2016,L7GU,Information-processing accessories,China,404889882.0,2716058.0
2016-11-01,2016,L7GU,Information-processing accessories,Hong Kong,106097074.0,729853.0
2016-11-01,2016,L7GU,Information-processing accessories,Japan,7614373.0,23462.0
2016-11-01,2016,L7GU,Information-processing accessories,South Korea,31021138.0,43121.0
2016-11-01,2016,L7GU,Information-processing accessories,Taiwan,47501680.0,222898.0
2016-12-01,2016,L7GU,Information-processing accessories,China,332634807.0,2705052.0
2016-12-01,2016,L7GU,Information-processing accessories,Hong Kong,79140223.0,518613.0
2016-12-01,2016,L7GU,Information-processing accessories,Japan,5522022.0,20085.0
2016-12-01,2016,L7GU,Information-processing accessories,South Korea,10193777.0,19671.0
2016-12-01,2016,L7GU,Information-processing accessories,Taiwan,38394347.0,181866.0
2017-01-01,2017,L7GU,Information-processing accessories,China,215618821.0,1807529.0
2017-01-01,2017,L7GU,Information-processing accessories,Hong Kong,55074320.0,449138.0
2017-01-01,2017,L7GU,Information-processing accessories,Japan,4169442.0,23641.0
2017-01-01,2017,L7GU,Information-processing accessories,South Korea,1973377.0,42311.0
2017-01-01,2017,L7GU,Information-processing accessories,Taiwan,27355831.0,201336.0
2017-02-01,2017,L7GU,Information-processing accessories,China,195880758.0,1759898.0
2017-02-01,2017,L7GU,Information-processing accessories,Hong Kong,46320813.0,303963.0
2017-02-01,2017,L7GU,Information-processing accessories,Japan,5321510.0,12980.0
2017-02-01,2017,L7GU,Information-processing accessories,South Korea,3505702.0,11223.0
2017-02-01,2017,L7GU,Information-processing accessories,Taiwan,25406360.0,150089.0
2017-03-01,2017,L7GU,Information-processing accessories,China,229162318.0,1764969.0
2017-03-01,2017,L7GU,Information-processing accessories,Hong Kong,57643898.0,416409.0
2017-03-01,2017,L7GU,Information-processing accessories,Japan,7191750.0,18962.0
2017-03-01,2017,L7GU,Information-processing accessories,South Korea,1417743.0,13265.0
2017-03-01,2017,L7GU,Information-processing accessories,Taiwan,30089293.0,166032.0
2017-04-01,2017,L7GU,Information-processing accessories,China,211389719.0,1867053.0
2017-04-01,2017,L7GU,Information-processing accessories,Hong Kong,46802475.0,373086.0
2017-04-01,2017,L7GU,Information-processing accessories,Japan,8271639.0,21591.0
2017-04-01,2017,L7GU,Information-processing accessories,South Korea,1733051.0,26505.0
2017-04-01,2017,L7GU,Information-processing accessories,Taiwan,31673491.0,167630.0
2017-05-01,2017,L7GU,Information-processing accessories,China,200338729.0,1936901.0
2017-05-01,2017,L7GU,Information-processing accessories,Hong Kong,38787215.0,366576.0
2017-05-01,2017,L7GU,Information-processing accessories,Japan,6034380.0,18196.0
2017-05-01,2017,L7GU,Information-processing accessories,South Korea,3223692.0,22813.0
2017-05-01,2017,L7GU,Information-processing accessories,Taiwan,28445788.0,160834.0
2017-06-01,2017,L7GU,Information-processing accessories,China,251873681.0,1692715.0
2017-06-01,2017,L7GU,Information-processing accessories,Hong Kong,51633145.0,344652.0
2017-06-01,2017,L7GU,Information-processing accessories,Japan,7108106.0,18386.0
2017-06-01,2017,L7GU,Information-processing accessories,South Korea,2391511.0,25172.0
2017-06-01,2017,L7GU,Information-processing accessories,Taiwan,37249911.0,231093.0
2017-07-01,2017,L7GU,Information-processing accessories,China,290708704.0,2211933.0
2017-07-01,2017,L7GU,Information-processing accessories,Hong Kong,48019886.0,327192.0
2017-07-01,2017,L7GU,Information-processing accessories,Japan,6857990.0,19455.0
2017-07-01,2017,L7GU,Information-processing accessories,South Korea,2137729.0,46167.0
2017-07-01,2017,L7GU,Information-processing accessories,Taiwan,40530963.0,207878.0
2017-08-01,2017,L7GU,Information-processing accessories,China,290551417.0,2042600.0
2017-08-01,2017,L7GU,Information-processing accessories,Hong Kong,53378919.0,351995.0
2017-08-01,2017,L7GU,Information-processing accessories,Japan,6310431.0,17275.0
2017-08-01,2017,L7GU,Information-processing accessories,South Korea,4051947.0,45842.0
2017-08-01,2017,L7GU,Information-processing accessories,Taiwan,35676748.0,217168.0
2017-09-01,2017,L7GU,Information-processing accessories,China,314647221.0,2204880.0
2017-09-01,2017,L7GU,Information-processing accessories,Hong Kong,48368943.0,355520.0
2017-09-01,2017,L7GU,Information-processing accessories,Japan,7500853.0,18848.0
2017-09-01,2017,L7GU,Information-processing accessories,South Korea,1382583.0,14030.0
2017-09-01,2017,L7GU,Information-processing accessories,Taiwan,36663192.0,238656.0
2017-10-01,2017,L7GU,Information-processing accessories,China,333495800.0,2733460.0
2017-10-01,2017,L7GU,Information-processing accessories,Hong Kong,60441290.0,613557.0
2017-10-01,2017,L7GU,Information-processing accessories,Japan,10277306.0,28530.0
2017-10-01,2017,L7GU,Information-processing accessories,South Korea,2756370.0,24485.0
2017-10-01,2017,L7GU,Information-processing accessories,Taiwan,35793880.0,195408.0
2017-11-01,2017,L7GU,Information-processing accessories,China,452493799.0,2958097.0
2017-11-01,2017,L7GU,Information-processing accessories,Hong Kong,69918690.0,500760.0
2017-11-01,2017,L7GU,Information-processing accessories,Japan,7927993.0,21509.0
2017-11-01,2017,L7GU,Information-processing accessories,South Korea,2524465.0,16113.0
2017-11-01,2017,L7GU,Information-processing accessories,Taiwan,33884231.0,176780.0
2017-12-01,2017,L7GU,Information-processing accessories,China,282428066.0,2008882.0
2017-12-01,2017,L7GU,Information-processing accessories,Hong Kong,59960030.0,425056.0
2017-12-01,2017,L7GU,Information-processing accessories,Japan,5965661.0,22026.0
2017-12-01,2017,L7GU,Information-processing accessories,South Korea,2029405.0,7012.0
2017-12-01,2017,L7GU,Information-processing accessories,Taiwan,34707948.0,210407.0
2018-01-01,2018,L7GU,Information-processing accessories,China,301384528.0,2349971.0
2018-01-01,2018,L7GU,Information-processing accessories,Hong Kong,46020995.0,330400.0
2018-01-01,2018,L7GU,Information-processing accessories,Japan,3698142.0,15309.0
2018-01-01,2018,L7GU,Information-processing accessories,South Korea,3883685.0,12428.0
2018-01-01,2018,L7GU,Information-processing accessories,Taiwan,38747862.0,224161.0
2018-02-01,2018,L7GU,Information-processing accessories,China,262922150.0,1898560.0
2018-02-01,2018,L7GU,Information-processing accessories,Hong Kong,34881243.0,279096.0
2018-02-01,2018,L7GU,Information-processing accessories,Japan,5219056.0,39946.0
2018-02-01,2018,L7GU,Information-processing accessories,South Korea,3266786.0,24120.0
2018-02-01,2018,L7GU,Information-processing accessories,Taiwan,31587410.0,175321.0
2018-03-01,2018,L7GU,Information-processing accessories,China,233878000.0,2096697.0
2018-03-01,2018,L7GU,Information-processing accessories,Hong Kong,51629130.0,333100.0
2018-03-01,2018,L7GU,Information-processing accessories,Japan,6797015.0,21534.0
2018-03-01,2018,L7GU,Information-processing accessories,South Korea,2029112.0,26518.0
2018-03-01,2018,L7GU,Information-processing accessories,Taiwan,34665375.0,253159.0
2018-04-01,2018,L7GU,Information-processing accessories,China,299355127.0,2099990.0
2018-04-01,2018,L7GU,Information-processing accessories,Hong Kong,39478406.0,273666.0
2018-04-01,2018,L7GU,Information-processing accessories,Japan,7609454.0,28927.0
2018-04-01,2018,L7GU,Information-processing accessories,South Korea,4644066.0,9672.0
2018-04-01,2018,L7GU,Information-processing accessories,Taiwan,37559043.0,208209.0
2018-05-01,2018,L7GU,Information-processing accessories,China,248018823.0,2149781.0
2018-05-01,2018,L7GU,Information-processing accessories,Hong Kong,40844557.0,307709.0
2018-05-01,2018,L7GU,Information-processing accessories,Japan,8579567.0,20724.0
2018-05-01,2018,L7GU,Information-processing accessories,South Korea,2857766.0,34698.0
2018-05-01,2018,L7GU,Information-processing accessories,Taiwan,27542489.0,202392.0
2018-06-01,2018,L7GU,Information-processing accessories,China,245318651.0,1832060.0
2018-06-01,2018,L7GU,Information-processing accessories,Hong Kong,42538870.0,392835.0
2018-06-01,2018,L7GU,Information-processing accessories,Japan,13421519.0,26048.0
2018-06-01,2018,L7GU,Information-processing accessories,South Korea,2500848.0,14375.0
2018-06-01,2018,L7GU,Information-processing accessories,Taiwan,24753818.0,172085.0
2018-07-01,2018,L7GU,Information-processing accessories,China,327053813.0,2312904.0
2018-07-01,2018,L7GU,Information-processing accessories,Hong Kong,48133631.0,363078.0
2018-07-01,2018,L7GU,Information-processing accessories,Japan,11616403.0,26336.0
2018-07-01,2018,L7GU,Information-processing accessories,South Korea,1846067.0,30851.0
2018-07-01,2018,L7GU,Information-processing accessories,Taiwan,36334607.0,204226.0
2018-08-01,2018,L7GU,Information-processing accessories,China,347165316.0,2147188.0
2018-08-01,2018,L7GU,Information-processing accessories,Hong Kong,36183113.0,367547.0
2018-08-01,2018,L7GU,Information-processing accessories,Japan,5423623.0,12687.0
2018-08-01,2018,L7GU,Information-processing accessories,South Korea,2049387.0,10043.0
2018-08-01,2018,L7GU,Information-processing accessories,Taiwan,32942312.0,205024.0
2018-09-01,2018,L7GU,Information-processing accessories,China,304251817.0,1779702.0
2018-09-01,2018,L7GU,Information-processing accessories,Hong Kong,37688066.0,319596.0
2018-09-01,2018,L7GU,Information-processing accessories,Japan,4648422.0,16388.0
2018-09-01,2018,L7GU,Information-processing accessories,South Korea,1470839.0,36454.0
2018-09-01,2018,L7GU,Information-processing accessories,Taiwan,34812665.0,183618.0
2018-10-01,2018,L7GU,Information-processing accessories,China,410204112.0,3118537.0
2018-10-01,2018,L7GU,Information-processing accessories,Hong Kong,69720439.0,474296.0
2018-10-01,2018,L7GU,Information-processing accessories,Japan,12135944.0,23862.0
2018-10-01,2018,L7GU,Information-processing accessories,South Korea,864101.0,24099.0
2018-10-01,2018,L7GU,Information-processing accessories,Taiwan,34546596.0,244151.0
2018-11-01,2018,L7GU,Information-processing accessories,China,524426104.0,3037955.0
2018-11-01,2018,L7GU,Information-processing accessories,Hong Kong,118754667.0,804788.0
2018-11-01,2018,L7GU,Information-processing accessories,Japan,9244240.0,22076.0
2018-11-01,2018,L7GU,Information-processing accessories,South Korea,1434384.0,11594.0
2018-11-01,2018,L7GU,Information-processing accessories,Taiwan,29678631.0,184573.0
2018-12-01,2018,L7GU,Information-processing accessories,China,391711977.0,2080377.0
2018-12-01,2018,L7GU,Information-processing accessories,Hong Kong,85620205.0,593002.0
2018-12-01,2018,L7GU,Information-processing accessories,Japan,6295288.0,17115.0
2018-12-01,2018,L7GU,Information-processing accessories,South Korea,1070163.0,14133.0
2018-12-01,2018,L7GU,Information-processing accessories,Taiwan,34910603.0,206236.0
2019-01-01,2019,L7GU,Information-processing accessories,China,384175148.0,2608640.0
2019-01-01,2019,L7GU,Information-processing accessories,Hong Kong,71211343.0,535290.0
2019-01-01,2019,L7GU,Information-processing accessories,Japan,3608705.0,17564.0
2019-01-01,2019,L7GU,Information-processing accessories,South Korea,1550070.0,24168.0
2019-01-01,2019,L7GU,Information-processing accessories,Taiwan,32028196.0,212569.0
2019-02-01,2019,L7GU,Information-processing accessories,China,241383647.0,2076152.0
2019-02-01,2019,L7GU,Information-processing accessories,Hong Kong,36100962.0,300567.0
2019-02-01,2019,L7GU,Information-processing accessories,Japan,6184115.0,16945.0
2019-02-01,2019,L7GU,Information-processing accessories,South Korea,4646940.0,27601.0
2019-02-01,2019,L7GU,Information-processing accessories,Taiwan,26908791.0,166458.0
2019-03-01,2019,L7GU,Information-processing accessories,China,379646752.0,2723671.0
2019-03-01,2019,L7GU,Information-processing accessories,Hong Kong,54157037.0,372815.0
2019-03-01,2019,L7GU,Information-processing accessories,Japan,9449407.0,24489.0
2019-03-01,2019,L7GU,Information-processing accessories,South Korea,2625444.0,13132.0
2019-03-01,2019,L7GU,Information-processing accessories,Taiwan,33122255.0,203871.0
2019-04-01,2019,L7GU,Information-processing accessories,China,402566657.0,3036202.0
2019-04-01,2019,L7GU,Information-processing accessories,Hong Kong,43996028.0,410609.0
2019-04-01,2019,L7GU,Information-processing accessories,Japan,4505216.0,27328.0
2019-04-01,2019,L7GU,Information-processing accessories,South Korea,4753816.0,18690.0
2019-04-01,2019,L7GU,Information-processing accessories,Taiwan,28291216.0,251816.0
2019-05-01,2019,L7GU,Information-processing accessories,China,307728222.0,2174032.0
2019-05-01,2019,L7GU,Information-processing accessories,Hong Kong,36256175.0,352737.0
2019-05-01,2019,L7GU,Information-processing accessories,Japan,4959212.0,19994.0
2019-05-01,2019,L7GU,Information-processing accessories,South Korea,5290512.0,24590.0
2019-05-01,2019,L7GU,Information-processing accessories,Taiwan,27925458.0,279700.0
2019-06-01,2019,L7GU,Information-processing accessories,China,301445675.0,2266225.0
2019-06-01,2019,L7GU,Information-processing accessories,Hong Kong,35508787.0,291262.0
2019-06-01,2019,L7GU,Information-processing accessories,Japan,5732410.0,21025.0
2019-06-01,2019,L7GU,Information-processing accessories,South Korea,4749984.0,5213.0
2019-06-01,2019,L7GU,Information-processing accessories,Taiwan,27766058.0,184500.0
2019-07-01,2019,L7GU,Information-processing accessories,China,413925567.0,3042309.0
2019-07-01,2019,L7GU,Information-processing accessories,Hong Kong,42988623.0,369215.0
2019-07-01,2019,L7GU,Information-processing accessories,Japan,5481918.0,18475.0
2019-07-01,2019,L7GU,Information-processing accessories,South Korea,5814637.0,28409.0
2019-07-01,2019,L7GU,Information-processing accessories,Taiwan,27932025.0,181482.0
2019-08-01,2019,L7GU,Information-processing accessories,China,361824680.0,2718835.0
2019-08-01,2019,L7GU,Information-processing accessories,Hong Kong,40131387.0,328702.0
2019-08-01,2019,L7GU,Information-processing accessories,Japan,7081809.0,25316.0
2019-08-01,2019,L7GU,Information-processing accessories,South Korea,4475461.0,15276.0
2019-08-01,2019,L7GU,Information-processing accessories,Taiwan,25160866.0,180970.0
2019-09-01,2019,L7GU,Information-processing accessories,China,330378439.0,2656628.0
2019-09-01,2019,L7GU,Information-processing accessories,Hong Kong,51247323.0,500682.0
2019-09-01,2019,L7GU,Information-processing accessories,Japan,7302494.0,29650.0
2019-09-01,2019,L7GU,Information-processing accessories,South Korea,1731837.0,23299.0
2019-09-01,2019,L7GU,Information-processing accessories,Taiwan,26344013.0,203835.0
2019-10-01,2019,L7GU,Information-processing accessories,China,603298788.0,4549755.0
2019-10-01,2019,L7GU,Information-processing accessories,Hong Kong,63467868.0,512236.0
2019-10-01,2019,L7GU,Information-processing accessories,Japan,4319256.0,21399.0
2019-10-01,2019,L7GU,Information-processing accessories,South Korea,2129087.0,24374.0
2019-10-01,2019,L7GU,Information-processing accessories,Taiwan,31690061.0,210212.0
2019-11-01,2019,L7GU,Information-processing accessories,China,546146622.0,4154612.0
2019-11-01,2019,L7GU,Information-processing accessories,Hong Kong,67118452.0,582988.0
2019-11-01,2019,L7GU,Information-processing accessories,Japan,6228947.0,23900.0
2019-11-01,2019,L7GU,Information-processing accessories,South Korea,3036895.0,32295.0
2019-11-01,2019,L7GU,Information-processing accessories,Taiwan,31515801.0,213749.0
2019-12-01,2019,L7GU,Information-processing accessories,China,376639121.0,2703815.0
2019-12-01,2019,L7GU,Information-processing accessories,Hong Kong,59221619.0,455261.0
2019-12-01,2019,L7GU,Information-processing accessories,Japan,9589276.0,41585.0
2019-12-01,2019,L7GU,Information-processing accessories,South Korea,2292348.0,11463.0
2019-12-01,2019,L7GU,Information-processing accessories,Taiwan,24434379.0,138494.0
2020-01-01,2020,L7GU,Information-processing accessories,China,403577385.0,3796335.0
2020-01-01,2020,L7GU,Information-processing accessories,Hong Kong,42782023.0,406711.0
2020-01-01,2020,L7GU,Information-processing accessories,Japan,5553615.0,26478.0
2020-01-01,2020,L7GU,Information-processing accessories,South Korea,3401557.0,18218.0
2020-01-01,2020,L7GU,Information-processing accessories,Taiwan,24614409.0,208608.0
2020-02-01,2020,L7GU,Information-processing accessories,China,208683628.0,2191945.0
2020-02-01,2020,L7GU,Information-processing accessories,Hong Kong,19311236.0,201347.0
2020-02-01,2020,L7GU,Information-processing accessories,Japan,6537721.0,29761.0
2020-02-01,2020,L7GU,Information-processing accessories,South Korea,1849219.0,11777.0
2020-02-01,2020,L7GU,Information-processing accessories,Taiwan,32021124.0,152600.0
2020-03-01,2020,L7GU,Information-processing accessories,China,314882896.0,1922684.0
2020-03-01,2020,L7GU,Information-processing accessories,Hong Kong,60310533.0,447059.0
2020-03-01,2020,L7GU,Information-processing accessories,Japan,8180459.0,35983.0
2020-03-01,2020,L7GU,Information-processing accessories,South Korea,1015720.0,9464.0
2020-03-01,2020,L7GU,Information-processing accessories,Taiwan,21244804.0,122254.0
2020-04-01,2020,L7GU,Information-processing accessories,China,509857728.0,3091243.0
2020-04-01,2020,L7GU,Information-processing accessories,Hong Kong,65849810.0,464791.0
2020-04-01,2020,L7GU,Information-processing accessories,Japan,5973138.0,19237.0
2020-04-01,2020,L7GU,Information-processing accessories,South Korea,1068047.0,27087.0
2020-04-01,2020,L7GU,Information-processing accessories,Taiwan,19855311.0,146071.0
2020-05-01,2020,L7GU,Information-processing accessories,China,495834795.0,3241168.0
2020-05-01,2020,L7GU,Information-processing accessories,Hong Kong,62511663.0,522221.0
2020-05-01,2020,L7GU,Information-processing accessories,Japan,5336565.0,26168.0
2020-05-01,2020,L7GU,Information-processing accessories,South Korea,2831082.0,15683.0
2020-05-01,2020,L7GU,Information-processing accessories,Taiwan,24908476.0,131977.0
2020-06-01,2020,L7GU,Information-processing accessories,China,538400450.0,3563127.0
2020-06-01,2020,L7GU,Information-processing accessories,Hong Kong,60538165.0,508074.0
2020-06-01,2020,L7GU,Information-processing accessories,Japan,5605903.0,16523.0
2020-06-01,2020,L7GU,Information-processing accessories,South Korea,1955072.0,24385.0
2020-06-01,2020,L7GU,Information-processing accessories,Taiwan,31443886.0,125636.0
2020-07-01,2020,L7GU,Information-processing accessories,China,521740388.0,4112310.0
2020-07-01,2020,L7GU,Information-processing accessories,Hong Kong,52455213.0,532939.0
2020-07-01,2020,L7GU,Information-processing accessories,Japan,4283672.0,18749.0
2020-07-01,2020,L7GU,Information-processing accessories,South Korea,3898534.0,10989.0
2020-07-01,2020,L7GU,Information-processing accessories,Taiwan,28831654.0,142449.0
2020-08-01,2020,L7GU,Information-processing accessories,China,460803997.0,3234237.0
2020-08-01,2020,L7GU,Information-processing accessories,Hong Kong,47319444.0,422283.0
2020-08-01,2020,L7GU,Information-processing accessories,Japan,6361982.0,15216.0
2020-08-01,2020,L7GU,Information-processing accessories,South Korea,2106983.0,17607.0
2020-08-01,2020,L7GU,Information-processing accessories,Taiwan,25178223.0,131449.0
2020-09-01,2020,L7GU,Information-processing accessories,China,475721817.0,4015028.0
2020-09-01,2020,L7GU,Information-processing accessories,Hong Kong,55276683.0,542495.0
2020-09-01,2020,L7GU,Information-processing accessories,Japan,8047037.0,38660.0
2020-09-01,2020,L7GU,Information-processing accessories,South Korea,2091717.0,15048.0
2020-09-01,2020,L7GU,Information-processing accessories,Taiwan,37434226.0,151698.0
2020-10-01,2020,L7GU,Information-processing accessories,China,523077250.0,4524511.0
2020-10-01,2020,L7GU,Information-processing accessories,Hong Kong,62452451.0,593919.0
2020-10-01,2020,L7GU,Information-processing accessories,Japan,8279422.0,24850.0
2020-10-01,2020,L7GU,Information-processing accessories,South Korea,2137170.0,15874.0
2020-10-01,2020,L7GU,Information-processing accessories,Taiwan,35969345.0,148057.0
2020-11-01,2020,L7GU,Information-processing accessories,China,759798177.0,4587913.0
2020-11-01,2020,L7GU,Information-processing accessories,Hong Kong,90783357.0,838503.0
2020-11-01,2020,L7GU,Information-processing accessories,Japan,6859284.0,27428.0
2020-11-01,2020,L7GU,Information-processing accessories,South Korea,2240167.0,16941.0
2020-11-01,2020,L7GU,Information-processing accessories,Taiwan,42051430.0,180414.0
2020-12-01,2020,L7GU,Information-processing accessories,China,796056928.0,5232731.0
2020-12-01,2020,L7GU,Information-processing accessories,Hong Kong,78243387.0,692712.0
2020-12-01,2020,L7GU,Information-processing accessories,Japan,8677497.0,35922.0
2020-12-01,2020,L7GU,Information-processing accessories,South Korea,3992037.0,24014.0
2020-12-01,2020,L7GU,Information-processing accessories,Taiwan,36495268.0,182305.0
2021-01-01,2021,L7GU,Information-processing accessories,China,620346550.0,4562113.0
2021-01-01,2021,L7GU,Information-processing accessories,Hong Kong,61060537.0,555662.0
2021-01-01,2021,L7GU,Information-processing accessories,Japan,2629902.0,18145.0
2021-01-01,2021,L7GU,Information-processing accessories,South Korea,2186598.0,24546.0
2021-01-01,2021,L7GU,Information-processing accessories,Taiwan,28492421.0,215632.0
2021-02-01,2021,L7GU,Information-processing accessories,China,650000924.0,5055899.0
2021-02-01,2021,L7GU,Information-processing accessories,Hong Kong,70003717.0,525184.0
2021-02-01,2021,L7GU,Information-processing accessories,Japan,4771126.0,19662.0
2021-02-01,2021,L7GU,Information-processing accessories,South Korea,2346573.0,35092.0
2021-02-01,2021,L7GU,Information-processing accessories,Taiwan,18786076.0,133694.0
2021-03-01,2021,L7GU,Information-processing accessories,China,762813638.0,5489994.0
2021-03-01,2021,L7GU,Information-processing accessories,Hong Kong,81525894.0,611075.0
2021-03-01,2021,L7GU,Information-processing accessories,Japan,3330088.0,15400.0
2021-03-01,2021,L7GU,Information-processing accessories,South Korea,2066796.0,10411.0
2021-03-01,2021,L7GU,Information-processing accessories,Taiwan,30714375.0,225528.0
2021-04-01,2021,L7GU,Information-processing accessories,China,595843417.0,4588497.0
2021-04-01,2021,L7GU,Information-processing accessories,Hong Kong,64182394.0,492364.0
2021-04-01,2021,L7GU,Information-processing accessories,Japan,11710274.0,20304.0
2021-04-01,2021,L7GU,Information-processing accessories,South Korea,2067334.0,14590.0
2021-04-01,2021,L7GU,Information-processing accessories,Taiwan,33881578.0,230743.0
2021-05-01,2021,L7GU,Information-processing accessories,China,480444957.0,3505600.0
2021-05-01,2021,L7GU,Information-processing accessories,Hong Kong,67734585.0,559797.0
2021-05-01,2021,L7GU,Information-processing accessories,Japan,10090809.0,15562.0
2021-05-01,2021,L7GU,Information-processing accessories,South Korea,4846881.0,67456.0
2021-05-01,2021,L7GU,Information-processing accessories,Taiwan,36450537.0,187268.0
2021-06-01,2021,L7GU,Information-processing accessories,China,491060869.0,3719775.0
2021-06-01,2021,L7GU,Information-processing accessories,Hong Kong,76694448.0,664448.0
2021-06-01,2021,L7GU,Information-processing accessories,Japan,7824310.0,29639.0
2021-06-01,2021,L7GU,Information-processing accessories,South Korea,2909176.0,38001.0
2021-06-01,2021,L7GU,Information-processing accessories,Taiwan,29960300.0,153071.0
2021-07-01,2021,L7GU,Information-processing accessories,China,472869846.0,3228349.0
2021-07-01,2021,L7GU,Information-processing accessories,Hong Kong,96499024.0,822586.0
2021-07-01,2021,L7GU,Information-processing accessories,Japan,5567346.0,19822.0
2021-07-01,2021,L7GU,Information-processing accessories,South Korea,2937459.0,11234.0
2021-07-01,2021,L7GU,Information-processing accessories,Taiwan,23241839.0,161915.0
2021-08-01,2021,L7GU,Information-processing accessories,China,491104235.0,3307466.0
2021-08-01,2021,L7GU,Information-processing accessories,Hong Kong,71168930.0,498420.0
2021-08-01,2021,L7GU,Information-processing accessories,Japan,4206821.0,14592.0
2021-08-01,2021,L7GU,Information-processing accessories,South Korea,3335309.0,49239.0
2021-08-01,2021,L7GU,Information-processing accessories,Taiwan,28495293.0,157520.0
2021-09-01,2021,L7GU,Information-processing accessories,China,582151315.0,3326067.0
2021-09-01,2021,L7GU,Information-processing accessories,Hong Kong,88396344.0,697902.0
2021-09-01,2021,L7GU,Information-processing accessories,Japan,3717825.0,16394.0
2021-09-01,2021,L7GU,Information-processing accessories,South Korea,2943782.0,44734.0
2021-09-01,2021,L7GU,Information-processing accessories,Taiwan,39787604.0,214962.0
2021-10-01,2021,L7GU,Information-processing accessories,China,595211117.0,3371083.0
2021-10-01,2021,L7GU,Information-processing accessories,Hong Kong,86295930.0,659971.0
2021-10-01,2021,L7GU,Information-processing accessories,Japan,3838277.0,14840.0
2021-10-01,2021,L7GU,Information-processing accessories,South Korea,2306845.0,24700.0
2021-10-01,2021,L7GU,Information-processing accessories,Taiwan,46469831.0,177002.0
2021-11-01,2021,L7GU,Information-processing accessories,China,685331141.0,4265358.0
2021-11-01,2021,L7GU,Information-processing accessories,Hong Kong,93814879.0,725590.0
2021-11-01,2021,L7GU,Information-processing accessories,Japan,1990453.0,6557.0
2021-11-01,2021,L7GU,Information-processing accessories,South Korea,6001791.0,34670.0
2021-11-01,2021,L7GU,Information-processing accessories,Taiwan,40659915.0,238541.0
2021-12-01,2021,L7GU,Information-processing accessories,China,633795743.0,3729422.0
2021-12-01,2021,L7GU,Information-processing accessories,Hong Kong,95158503.0,694750.0
2021-12-01,2021,L7GU,Information-processing accessories,Japan,4139306.0,15855.0
2021-12-01,2021,L7GU,Information-processing accessories,South Korea,5526594.0,192450.0
2021-12-01,2021,L7GU,Information-processing accessories,Taiwan,31862193.0,215011.0
2022-01-01,2022,L7GU,Information-processing accessories,China,585903744.0,4244163.0
2022-01-01,2022,L7GU,Information-processing accessories,Hong Kong,108073477.0,754320.0
2022-01-01,2022,L7GU,Information-processing accessories,Japan,4241037.0,17271.0
2022-01-01,2022,L7GU,Information-processing accessories,South Korea,8866782.0,299204.0
2022-01-01,2022,L7GU,Information-processing accessories,Taiwan,42147751.0,222587.0
2022-02-01,2022,L7GU,Information-processing accessories,China,474459568.0,3362278.0
2022-02-01,2022,L7GU,Information-processing accessories,Hong Kong,39991832.0,328533.0
2022-02-01,2022,L7GU,Information-processing accessories,Japan,8009329.0,12847.0
2022-02-01,2022,L7GU,Information-processing accessories,South Korea,1032086.0,23441.0
2022-02-01,2022,L7GU,Information-processing accessories,Taiwan,24440359.0,137609.0
2022-03-01,2022,L7GU,Information-processing accessories,China,655232560.0,4066628.0
2022-03-01,2022,L7GU,Information-processing accessories,Hong Kong,64432253.0,440077.0
2022-03-01,2022,L7GU,Information-processing accessories,Japan,6059064.0,24688.0
2022-03-01,2022,L7GU,Information-processing accessories,South Korea,8386638.0,17420.0
2022-03-01,2022,L7GU,Information-processing accessories,Taiwan,29644232.0,205613.0
2022-04-01,2022,L7GU,Information-processing accessories,China,434171792.0,2924797.0
2022-04-01,2022,L7GU,Information-processing accessories,Hong Kong,84552787.0,506885.0
2022-04-01,2022,L7GU,Information-processing accessories,Japan,3487361.0,17185.0
2022-04-01,2022,L7GU,Information-processing accessories,South Korea,5149008.0,111773.0
2022-04-01,2022,L7GU,Information-processing accessories,Taiwan,38994010.0,211522.0
2022-05-01,2022,L7GU,Information-processing accessories,China,480830578.0,3480819.0
2022-05-01,2022,L7GU,Information-processing accessories,Hong Kong,66155462.0,440096.0
2022-05-01,2022,L7GU,Information-processing accessories,Japan,3464976.0,15670.0
2022-05-01,2022,L7GU,Information-processing accessories,South Korea,3427869.0,82333.0
2022-05-01,2022,L7GU,Information-processing accessories,Taiwan,35153163.0,195980.0
2022-06-01,2022,L7GU,Information-processing accessories,China,550282987.0,3157330.0
2022-06-01,2022,L7GU,Information-processing accessories,Hong Kong,52041134.0,328295.0
2022-06-01,2022,L7GU,Information-processing accessories,Japan,4723486.0,12861.0
2022-06-01,2022,L7GU,Information-processing accessories,South Korea,4659428.0,63337.0
2022-06-01,2022,L7GU,Information-processing accessories,Taiwan,44537979.0,259858.0
2022-07-01,2022,L7GU,Information-processing accessories,China,561772443.0,2720071.0
2022-07-01,2022,L7GU,Information-processing accessories,Hong Kong,40876956.0,232829.0
2022-07-01,2022,L7GU,Information-processing accessories,Japan,4469322.0,16967.0
2022-07-01,2022,L7GU,Information-processing accessories,South Korea,3404278.0,78107.0
2022-07-01,2022,L7GU,Information-processing accessories,Taiwan,31379585.0,141840.0
2022-08-01,2022,L7GU,Information-processing accessories,China,622276711.0,3224798.0
2022-08-01,2022,L7GU,Information-processing accessories,Hong Kong,41284094.0,259845.0
2022-08-01,2022,L7GU,Information-processing accessories,Japan,3039549.0,11197.0
2022-08-01,2022,L7GU,Information-processing accessories,South Korea,3805372.0,85746.0
2022-08-01,2022,L7GU,Information-processing accessories,Taiwan,38652487.0,176126.0
2022-09-01,2022,L7GU,Information-processing accessories,China,525043717.0,3142755.0
2022-09-01,2022,L7GU,Information-processing accessories,Hong Kong,32853550.0,238264.0
2022-09-01,2022,L7GU,Information-processing accessories,Japan,4715424.0,19657.0
2022-09-01,2022,L7GU,Information-processing accessories,South Korea,4245829.0,121991.0
2022-09-01,2022,L7GU,Information-processing accessories,Taiwan,50226041.0,252449.0
2022-10-01,2022,L7GU,Information-processing accessories,China,604659934.0,3044049.0
2022-10-01,2022,L7GU,Information-processing accessories,Hong Kong,54073718.0,261918.0
2022-10-01,2022,L7GU,Information-processing accessories,Japan,2286026.0,10134.0
2022-10-01,2022,L7GU,Information-processing accessories,South Korea,5966175.0,136595.0
2022-10-01,2022,L7GU,Information-processing accessories,Taiwan,47444914.0,214872.0
2022-11-01,2022,L7GU,Information-processing accessories,China,587108136.0,3280241.0
2022-11-01,2022,L7GU,Information-processing accessories,Hong Kong,60946658.0,271829.0
2022-11-01,2022,L7GU,Information-processing accessories,Japan,2645233.0,10260.0
2022-11-01,2022,L7GU,Information-processing accessories,South Korea,4160961.0,46636.0
2022-11-01,2022,L7GU,Information-processing accessories,Taiwan,58360552.0,212098.0
2022-12-01,2022,L7GU,Information-processing accessories,China,422113822.0,2303157.0
2022-12-01,2022,L7GU,Information-processing accessories,Hong Kong,57766348.0,214977.0
2022-12-01,2022,L7GU,Information-processing accessories,Japan,3333086.0,13562.0
2022-12-01,2022,L7GU,Information-processing accessories,South Korea,5518873.0,99821.0
2022-12-01,2022,L7GU,Information-processing accessories,Taiwan,45674021.0,181854.0
2023-01-01,2023,L7GU,Information-processing accessories,China,441558851.0,2554964.0
2023-01-01,2023,L7GU,Information-processing accessories,Hong Kong,51186509.0,216138.0
2023-01-01,2023,L7GU,Information-processing accessories,Japan,1997354.0,7065.0
2023-01-01,2023,L7GU,Information-processing accessories,South Korea,4470926.0,90530.0
2023-01-01,2023,L7GU,Information-processing accessories,Taiwan,34145352.0,141005.0
2023-02-01,2023,L7GU,Information-processing accessories,China,346742592.0,2286937.0
2023-02-01,2023,L7GU,Information-processing accessories,Hong Kong,32297415.0,193093.0
2023-02-01,2023,L7GU,Information-processing accessories,Japan,3278792.0,13825.0
2023-02-01,2023,L7GU,Information-processing accessories,South Korea,3371030.0,11544.0
2023-02-01,2023,L7GU,Information-processing accessories,Taiwan,40486297.0,178422.0
2023-03-01,2023,L7GU,Information-processing accessories,China,432670103.0,2258324.0
2023-03-01,2023,L7GU,Information-processing accessories,Hong Kong,42489983.0,201270.0
2023-03-01,2023,L7GU,Information-processing accessories,Japan,3098290.0,10596.0
2023-03-01,2023,L7GU,Information-processing accessories,South Korea,2149888.0,6609.0
2023-03-01,2023,L7GU,Information-processing accessories,Taiwan,35442233.0,160567.0
2023-04-01,2023,L7GU,Information-processing accessories,China,345902383.0,1991793.0
2023-04-01,2023,L7GU,Information-processing accessories,Hong Kong,42442102.0,197073.0
2023-04-01,2023,L7GU,Information-processing accessories,Japan,2216259.0,7202.0
2023-04-01,2023,L7GU,Information-processing accessories,South Korea,2107713.0,8012.0
2023-04-01,2023,L7GU,Information-processing accessories,Taiwan,31447085.0,147164.0
2023-05-01,2023,L7GU,Information-processing accessories,China,324988837.0,2340888.0
2023-05-01,2023,L7GU,Information-processing accessories,Hong Kong,42567881.0,182676.0
2023-05-01,2023,L7GU,Information-processing accessories,Japan,2016310.0,9051.0
2023-05-01,2023,L7GU,Information-processing accessories,South Korea,4410543.0,212283.0
2023-05-01,2023,L7GU,Information-processing accessories,Taiwan,39372523.0,170536.0
2023-06-01,2023,L7GU,Information-processing accessories,China,402125880.0,2477446.0
2023-06-01,2023,L7GU,Information-processing accessories,Hong Kong,35814281.0,169774.0
2023-06-01,2023,L7GU,Information-processing accessories,Japan,4500021.0,10184.0
2023-06-01,2023,L7GU,Information-processing accessories,South Korea,3044114.0,7751.0
2023-06-01,2023,L7GU,Information-processing accessories,Taiwan,34648221.0,160283.0
2023-07-01,2023,L7GU,Information-processing accessories,China,373201497.0,2672469.0
2023-07-01,2023,L7GU,Information-processing accessories,Hong Kong,33640026.0,166957.0
2023-07-01,2023,L7GU,Information-processing accessories,Japan,3028041.0,11069.0
2023-07-01,2023,L7GU,Information-processing accessories,South Korea,3517618.0,11986.0
2023-07-01,2023,L7GU,Information-processing accessories,Taiwan,39259983.0,196701.0
2023-08-01,2023,L7GU,Information-processing accessories,China,391283913.0,2897691.0
2023-08-01,2023,L7GU,Information-processing accessories,Hong Kong,31893517.0,203018.0
2023-08-01,2023,L7GU,Information-processing accessories,Japan,5861421.0,17817.0
2023-08-01,2023,L7GU,Information-processing accessories,South Korea,2645918.0,122636.0
2023-08-01,2023,L7GU,Information-processing accessories,Taiwan,29929437.0,124967.0
2023-09-01,2023,L7GU,Information-processing accessories,China,422269668.0,2602124.0
2023-09-01,2023,L7GU,Information-processing accessories,Hong Kong,31459182.0,182276.0
2023-09-01,2023,L7GU,Information-processing accessories,Japan,9363766.0,18680.0
2023-09-01,2023,L7GU,Information-processing accessories,South Korea,3987531.0,8995.0
2023-09-01,2023,L7GU,Information-processing accessories,Taiwan,34770040.0,138878.0
2023-10-01,2023,L7GU,Information-processing accessories,China,494826833.0,3582257.0
2023-10-01,2023,L7GU,Information-processing accessories,Hong Kong,48034760.0,266211.0
2023-10-01,2023,L7GU,Information-processing accessories,Japan,9787103.0,21982.0
2023-10-01,2023,L7GU,Information-processing accessories,South Korea,4965034.0,23283.0
2023-10-01,2023,L7GU,Information-processing accessories,Taiwan,46666694.0,160641.0
2023-11-01,2023,L7GU,Information-processing accessories,China,524639374.0,3196096.0
2023-11-01,2023,L7GU,Information-processing accessories,Hong Kong,52746783.0,250811.0
2023-11-01,2023,L7GU,Information-processing accessories,Japan,9150465.0,19115.0
2023-11-01,2023,L7GU,Information-processing accessories,South Korea,3639770.0,18814.0
2023-11-01,2023,L7GU,Information-processing accessories,Taiwan,33771904.0,120139.0
2023-12-01,2023,L7GU,Information-processing accessories,China,385594754.0,2399077.0
2023-12-01,2023,L7GU,Information-processing accessories,Hong Kong,41848512.0,237284.0
2023-12-01,2023,L7GU,Information-processing accessories,Japan,9432931.0,17543.0
2023-12-01,2023,L7GU,Information-processing accessories,South Korea,3213149.0,19444.0
2023-12-01,2023,L7GU,Information-processing accessories,Taiwan,38052338.0,115573.0
2024-01-01,2024,L7GU,Information-processing accessories,China,375582516.0,2446425.0
2024-01-01,2024,L7GU,Information-processing accessories,Hong Kong,41892167.0,202369.0
2024-01-01,2024,L7GU,Information-processing accessories,Japan,7889989.0,21958.0
2024-01-01,2024,L7GU,Information-processing accessories,South Korea,2331632.0,15440.0
2024-01-01,2024,L7GU,Information-processing accessories,Taiwan,33737292.0,128606.0
2024-02-01,2024,L7GU,Information-processing accessories,China,328726989.0,2435006.0
2024-02-01,2024,L7GU,Information-processing accessories,Hong Kong,32564075.0,153087.0
2024-02-01,2024,L7GU,Information-processing accessories,Japan,7402732.0,21953.0
2024-02-01,2024,L7GU,Information-processing accessories,South Korea,2023286.0,25642.0
2024-02-01,2024,L7GU,Information-processing accessories,Taiwan,23244750.0,81941.0
2024-03-01,2024,L7GU,Information-processing accessories,China,391083249.0,2786464.0
2024-03-01,2024,L7GU,Information-processing accessories,Hong Kong,54379639.0,231492.0
2024-03-01,2024,L7GU,Information-processing accessories,Japan,7899298.0,20491.0
2024-03-01,2024,L7GU,Information-processing accessories,South Korea,2165249.0,12506.0
2024-03-01,2024,L7GU,Information-processing accessories,Taiwan,24296880.0,85599.0
2024-04-01,2024,L7GU,Information-processing accessories,China,378320220.0,2262087.0
2024-04-01,2024,L7GU,Information-processing accessories,Hong Kong,43582333.0,235612.0
2024-04-01,2024,L7GU,Information-processing accessories,Japan,5084169.0,16577.0
2024-04-01,2024,L7GU,Information-processing accessories,South Korea,4764898.0,20904.0
2024-04-01,2024,L7GU,Information-processing accessories,Taiwan,24400659.0,86816.0
2024-05-01,2024,L7GU,Information-processing accessories,China,418818065.0,2707660.0
2024-05-01,2024,L7GU,Information-processing accessories,Hong Kong,30993168.0,174538.0
2024-05-01,2024,L7GU,Information-processing accessories,Japan,3203344.0,7851.0
2024-05-01,2024,L7GU,Information-processing accessories,South Korea,3413886.0,15223.0
2024-05-01,2024,L7GU,Information-processing accessories,Taiwan,20901105.0,89864.0
2024-06-01,2024,L7GU,Information-processing accessories,China,376359412.0,2331988.0
2024-06-01,2024,L7GU,Information-processing accessories,Hong Kong,38582632.0,218161.0
2024-06-01,2024,L7GU,Information-processing accessories,Japan,3445651.0,9753.0
2024-06-01,2024,L7GU,Information-processing accessories,South Korea,4070921.0,26135.0
2024-06-01,2024,L7GU,Information-processing accessories,Taiwan,22916561.0,133316.0
2024-07-01,2024,L7GU,Information-processing accessories,China,390087555.0,2586630.0
2024-07-01,2024,L7GU,Information-processing accessories,Hong Kong,38400633.0,176163.0
2024-07-01,2024,L7GU,Information-processing accessories,Japan,3221864.0,7752.0
2024-07-01,2024,L7GU,Information-processing accessories,South Korea,5187960.0,21656.0
2024-07-01,2024,L7GU,Information-processing accessories,Taiwan,25226822.0,107886.0
2024-08-01,2024,L7GU,Information-processing accessories,China,440040861.0,3150122.0
2024-08-01,2024,L7GU,Information-processing accessories,Hong Kong,35984004.0,170591.0
2024-08-01,2024,L7GU,Information-processing accessories,Japan,3539141.0,12074.0
2024-08-01,2024,L7GU,Information-processing accessories,South Korea,5794468.0,20396.0
2024-08-01,2024,L7GU,Information-processing accessories,Taiwan,33193233.0,143450.0
2024-09-01,2024,L7GU,Information-processing accessories,China,292084379.0,2297436.0
2024-09-01,2024,L7GU,Information-processing accessories,Hong Kong,38514472.0,194433.0
2024-09-01,2024,L7GU,Information-processing accessories,Japan,2417301.0,4142.0
2024-09-01,2024,L7GU,Information-processing accessories,South Korea,3758374.0,27642.0
2024-09-01,2024,L7GU,Information-processing accessories,Taiwan,24049424.0,91774.0
2024-10-01,2024,L7GU,Information-processing accessories,China,498487433.0,3595783.0
2024-10-01,2024,L7GU,Information-processing accessories,Hong Kong,48776105.0,237556.0
2024-10-01,2024,L7GU,Information-processing accessories,Japan,2182597.0,5892.0
2024-10-01,2024,L7GU,Information-processing accessories,South Korea,4886512.0,33216.0
2024-10-01,2024,L7GU,Information-processing accessories,Taiwan,33452563.0,100756.0
2024-11-01,2024,L7GU,Information-processing accessories,China,602018607.0,3328179.0
2024-11-01,2024,L7GU,Information-processing accessories,Hong Kong,45065262.0,236233.0
2024-11-01,2024,L7GU,Information-processing accessories,Japan,3018174.0,5683.0
2024-11-01,2024,L7GU,Information-processing accessories,South Korea,6594484.0,44249.0
2024-11-01,2024,L7GU,Information-processing accessories,Taiwan,38094057.0,138169.0
2024-12-01,2024,L7GU,Information-processing accessories,China,385318663.0,2411790.0
2024-12-01,2024,L7GU,Information-processing accessories,Hong Kong,46078034.0,219873.0
2024-12-01,2024,L7GU,Information-processing accessories,Japan,3847388.0,6651.0
2024-12-01,2024,L7GU,Information-processing accessories,South Korea,3820283.0,27441.0
2024-12-01,2024,L7GU,Information-processing accessories,Taiwan,34870921.0,803961.0
2025-01-01,2025,L7GU,Information-processing accessories,China,399385543.0,2700131.0
2025-01-01,2025,L7GU,Information-processing accessories,Hong Kong,86510401.0,496438.0
2025-01-01,2025,L7GU,Information-processing accessories,Japan,3289710.0,14118.0
2025-01-01,2025,L7GU,Information-processing accessories,South Korea,3214938.0,26203.0
2025-01-01,2025,L7GU,Information-processing accessories,Taiwan,48972433.0,91216.0
2025-02-01,2025,L7GU,Information-processing accessories,China,311793941.0,2277685.0
2025-02-01,2025,L7GU,Information-processing accessories,Hong Kong,48859177.0,223885.0
2025-02-01,2025,L7GU,Information-processing accessories,Japan,1596652.0,3719.0
2025-02-01,2025,L7GU,Information-processing accessories,South Korea,3251187.0,10610.0
2025-02-01,2025,L7GU,Information-processing accessories,Taiwan,27496525.0,93599.0
2025-03-01,2025,L7GU,Information-processing accessories,China,396532666.0,2516620.0
2025-03-01,2025,L7GU,Information-processing accessories,Hong Kong,75127262.0,323370.0
2025-03-01,2025,L7GU,Information-processing accessories,Japan,2945460.0,8301.0
2025-03-01,2025,L7GU,Information-processing accessories,South Korea,3971471.0,30064.0
2025-03-01,2025,L7GU,Information-processing accessories,Taiwan,41325976.0,128920.0
2025-04-01,2025,L7GU,Information-processing accessories,China,372726405.0,2481820.0
2025-04-01,2025,L7GU,Information-processing accessories,Hong Kong,60528672.0,309991.0
2025-04-01,2025,L7GU,Information-processing accessories,Japan,2323779.0,7395.0
2025-04-01,2025,L7GU,Information-processing accessories,South Korea,5422571.0,16597.0
2025-04-01,2025,L7GU,Information-processing accessories,Taiwan,46824770.0,160193.0
2025-05-01,2025,L7GU,Information-processing accessories,China,383458776.0,2925313.0
2025-05-01,2025,L7GU,Information-processing accessories,Hong Kong,79061496.0,470626.0
2025-05-01,2025,L7GU,Information-processing accessories,Japan,1165226.0,4557.0
2025-05-01,2025,L7GU,Information-processing accessories,South Korea,3779524.0,17611.0
2025-05-01,2025,L7GU,Information-processing accessories,Taiwan,36595006.0,136145.0
2025-06-01,2025,L7GU,Information-processing accessories,China,353269879.0,2590953.0
2025-06-01,2025,L7GU,Information-processing accessories,Hong Kong,48391259.0,285127.0
2025-06-01,2025,L7GU,Information-processing accessories,Japan,2966957.0,9578.0
2025-06-01,2025,L7GU,Information-processing accessories,South Korea,6257804.0,13530.0
2025-06-01,2025,L7GU,Information-processing accessories,Taiwan,39782430.0,130809.0
2025-07-01,2025,L7GU,Information-processing accessories,China,409816041.0,3233645.0
2025-07-01,2025,L7GU,Information-processing accessories,Hong Kong,58669079.0,414660.0
2025-07-01,2025,L7GU,Information-processing accessories,Japan,5185567.0,6907.0
2025-07-01,2025,L7GU,Information-processing accessories,South Korea,7938664.0,19169.0
2025-07-01,2025,L7GU,Information-processing accessories,Taiwan,44753691.0,174361.0
2025-08-01,2025,L7GU,Information-processing accessories,China,347382658.0,2720006.0
2025-08-01,2025,L7GU,Information-processing accessories,Hong Kong,50646770.0,272809.0
2025-08-01,2025,L7GU,Information-processing accessories,Japan,3076060.0,6661.0
2025-08-01,2025,L7GU,Information-processing accessories,South Korea,4917738.0,18717.0
2025-08-01,2025,L7GU,Information-processing accessories,Taiwan,42372856.0,138463.0
2025-09-01,2025,L7GU,Information-processing accessories,China,345586185.0,2624042.0
2025-09-01,2025,L7GU,Information-processing accessories,Hong Kong,57015991.0,311576.0
2025-09-01,2025,L7GU,Information-processing accessories,Japan,3621538.0,10776.0
2025-09-01,2025,L7GU,Information-processing accessories,South Korea,6143248.0,35362.0
2025-09-01,2025,L7GU,Information-processing accessories,Taiwan,59593871.0,115194.0
2025-10-01,2025,L7GU,Information-processing accessories,China,494616297.0,3327952.0
2025-10-01,2025,L7GU,Information-processing accessories,Hong Kong,62563522.0,354361.0
2025-10-01,2025,L7GU,Information-processing accessories,Japan,3549790.0,7419.0
2025-10-01,2025,L7GU,Information-processing accessories,South Korea,6828078.0,26458.0
2025-10-01,2025,L7GU,Information-processing accessories,Taiwan,61108209.0,189825.0
2025-11-01,2025,L7GU,Information-processing accessories,China,458288175.0,3074657.0
2025-11-01,2025,L7GU,Information-processing accessories,Hong Kong,62079583.0,300434.0
2025-11-01,2025,L7GU,Information-processing accessories,Japan,5533335.0,8634.0
2025-11-01,2025,L7GU,Information-processing accessories,South Korea,1858776.0,30366.0
2025-11-01,2025,L7GU,Information-processing accessories,Taiwan,51474844.0,145207.0
2025-12-01,2025,L7GU,Information-processing accessories,China,437154528.0,2857280.0
2025-12-01,2025,L7GU,Information-processing accessories,Hong Kong,56514712.0,254499.0
2025-12-01,2025,L7GU,Information-processing accessories,Japan,3785217.0,6916.0
2025-12-01,2025,L7GU,Information-processing accessories,South Korea,8584703.0,22089.0
2025-12-01,2025,L7GU,Information-processing accessories,Taiwan,99959747.0,161395.0
2026-01-01,2026,L7GU,Information-processing accessories,China,417747166.0,2422451.0
2026-01-01,2026,L7GU,Information-processing accessories,Hong Kong,67056874.0,294054.0
2026-01-01,2026,L7GU,Information-processing accessories,Japan,5401544.0,13165.0
2026-01-01,2026,L7GU,Information-processing accessories,South Korea,7522674.0,20173.0
2026-01-01,2026,L7GU,Information-processing accessories,Taiwan,48776929.0,119743.0
2026-02-01,2026,L7GU,Information-processing accessories,China,329035453.0,2348936.0
2026-02-01,2026,L7GU,Information-processing accessories,Hong Kong,57087446.0,273001.0
2026-02-01,2026,L7GU,Information-processing accessories,Japan,4763414.0,18859.0
2026-02-01,2026,L7GU,Information-processing accessories,South Korea,2848629.0,16278.0
2026-02-01,2026,L7GU,Information-processing accessories,Taiwan,34588318.0,92865.0
2026-03-01,2026,L7GU,Information-processing accessories,China,456094364.0,2828806.0
2026-03-01,2026,L7GU,Information-processing accessories,Hong Kong,68422581.0,205329.0
2026-03-01,2026,L7GU,Information-processing accessories,Japan,4189704.0,11167.0
2026-03-01,2026,L7GU,Information-processing accessories,South Korea,4693686.0,13734.0
2026-03-01,2026,L7GU,Information-processing accessories,Taiwan,42541194.0,117111.0
2026-04-01,2026,L7GU,Information-processing accessories,China,394629169.0,2012892.0
2026-04-01,2026,L7GU,Information-processing accessories,Hong Kong,50866025.0,193506.0
2026-04-01,2026,L7GU,Information-processing accessories,Japan,5283861.0,8760.0
2026-04-01,2026,L7GU,Information-processing accessories,South Korea,5033100.0,11268.0
2026-04-01,2026,L7GU,Information-processing accessories,Taiwan,43642875.0,113190.0
2026-05-01,2026,L7GU,Information-processing accessories,China,386067559.0,2281315.0
2026-05-01,2026,L7GU,Information-processing accessories,Hong Kong,45839029.0,179081.0
2026-05-01,2026,L7GU,Information-processing accessories,Japan,3369254.0,17444.0
2026-05-01,2026,L7GU,Information-processing accessories,South Korea,4132390.0,9718.0
2026-05-01,2026,L7GU,Information-processing accessories,Taiwan,69385556.0,134634.0
2015-01-01,2015,L7GY,Other recording media,China,4852953.0,142471.0
2015-01-01,2015,L7GY,Other recording media,Hong Kong,5001231.0,315048.0
2015-01-01,2015,L7GY,Other recording media,Japan,1618081.0,4466.0
2015-01-01,2015,L7GY,Other recording media,South Korea,2555656.0,1439.0
2015-01-01,2015,L7GY,Other recording media,Taiwan,8889278.0,39140.0
2015-02-01,2015,L7GY,Other recording media,China,3326488.0,142324.0
2015-02-01,2015,L7GY,Other recording media,Hong Kong,4737450.0,67602.0
2015-02-01,2015,L7GY,Other recording media,Japan,1973860.0,7166.0
2015-02-01,2015,L7GY,Other recording media,South Korea,982878.0,2534.0
2015-02-01,2015,L7GY,Other recording media,Taiwan,7792446.0,41103.0
2015-03-01,2015,L7GY,Other recording media,China,4666304.0,260157.0
2015-03-01,2015,L7GY,Other recording media,Hong Kong,4147156.0,60403.0
2015-03-01,2015,L7GY,Other recording media,Japan,1794935.0,17163.0
2015-03-01,2015,L7GY,Other recording media,South Korea,1857676.0,997.0
2015-03-01,2015,L7GY,Other recording media,Taiwan,7325392.0,103267.0
2015-04-01,2015,L7GY,Other recording media,China,5894662.0,170413.0
2015-04-01,2015,L7GY,Other recording media,Hong Kong,4112876.0,60259.0
2015-04-01,2015,L7GY,Other recording media,Japan,895642.0,2469.0
2015-04-01,2015,L7GY,Other recording media,South Korea,2053464.0,1843.0
2015-04-01,2015,L7GY,Other recording media,Taiwan,8268404.0,51601.0
2015-05-01,2015,L7GY,Other recording media,China,4435953.0,67288.0
2015-05-01,2015,L7GY,Other recording media,Hong Kong,3757492.0,41832.0
2015-05-01,2015,L7GY,Other recording media,Japan,622767.0,3868.0
2015-05-01,2015,L7GY,Other recording media,South Korea,1710790.0,1046.0
2015-05-01,2015,L7GY,Other recording media,Taiwan,7563244.0,51395.0
2015-06-01,2015,L7GY,Other recording media,China,4028675.0,148549.0
2015-06-01,2015,L7GY,Other recording media,Hong Kong,5173119.0,53815.0
2015-06-01,2015,L7GY,Other recording media,Japan,1289132.0,3671.0
2015-06-01,2015,L7GY,Other recording media,South Korea,3141490.0,2076.0
2015-06-01,2015,L7GY,Other recording media,Taiwan,7428152.0,63337.0
2015-07-01,2015,L7GY,Other recording media,China,3918134.0,116451.0
2015-07-01,2015,L7GY,Other recording media,Hong Kong,5759604.0,64545.0
2015-07-01,2015,L7GY,Other recording media,Japan,1289276.0,2763.0
2015-07-01,2015,L7GY,Other recording media,South Korea,2091066.0,2233.0
2015-07-01,2015,L7GY,Other recording media,Taiwan,6836489.0,81369.0
2015-08-01,2015,L7GY,Other recording media,China,4847512.0,149577.0
2015-08-01,2015,L7GY,Other recording media,Hong Kong,5137955.0,51687.0
2015-08-01,2015,L7GY,Other recording media,Japan,431562.0,3078.0
2015-08-01,2015,L7GY,Other recording media,South Korea,2128788.0,1578.0
2015-08-01,2015,L7GY,Other recording media,Taiwan,7640579.0,40371.0
2015-09-01,2015,L7GY,Other recording media,China,5429886.0,191337.0
2015-09-01,2015,L7GY,Other recording media,Hong Kong,5426185.0,115975.0
2015-09-01,2015,L7GY,Other recording media,Japan,593132.0,2578.0
2015-09-01,2015,L7GY,Other recording media,South Korea,1192633.0,1002.0
2015-09-01,2015,L7GY,Other recording media,Taiwan,7895425.0,39020.0
2015-10-01,2015,L7GY,Other recording media,China,7800946.0,203856.0
2015-10-01,2015,L7GY,Other recording media,Hong Kong,6630927.0,63893.0
2015-10-01,2015,L7GY,Other recording media,Japan,940577.0,4232.0
2015-10-01,2015,L7GY,Other recording media,South Korea,3460485.0,2688.0
2015-10-01,2015,L7GY,Other recording media,Taiwan,11257812.0,73947.0
2015-11-01,2015,L7GY,Other recording media,China,12144592.0,175295.0
2015-11-01,2015,L7GY,Other recording media,Hong Kong,7432520.0,60223.0
2015-11-01,2015,L7GY,Other recording media,Japan,554399.0,4802.0
2015-11-01,2015,L7GY,Other recording media,South Korea,2621979.0,2289.0
2015-11-01,2015,L7GY,Other recording media,Taiwan,8081511.0,69725.0
2015-12-01,2015,L7GY,Other recording media,China,14642091.0,167356.0
2015-12-01,2015,L7GY,Other recording media,Hong Kong,6276540.0,63659.0
2015-12-01,2015,L7GY,Other recording media,Japan,1150636.0,4256.0
2015-12-01,2015,L7GY,Other recording media,South Korea,1101080.0,956.0
2015-12-01,2015,L7GY,Other recording media,Taiwan,9035547.0,61586.0
2016-01-01,2016,L7GY,Other recording media,China,7572975.0,107880.0
2016-01-01,2016,L7GY,Other recording media,Hong Kong,5717911.0,63462.0
2016-01-01,2016,L7GY,Other recording media,Japan,681524.0,6444.0
2016-01-01,2016,L7GY,Other recording media,South Korea,1520210.0,1120.0
2016-01-01,2016,L7GY,Other recording media,Taiwan,8238129.0,75924.0
2016-02-01,2016,L7GY,Other recording media,China,7115611.0,126941.0
2016-02-01,2016,L7GY,Other recording media,Hong Kong,4452266.0,45809.0
2016-02-01,2016,L7GY,Other recording media,Japan,664297.0,2611.0
2016-02-01,2016,L7GY,Other recording media,South Korea,823263.0,1470.0
2016-02-01,2016,L7GY,Other recording media,Taiwan,8015909.0,42542.0
2016-03-01,2016,L7GY,Other recording media,China,8274491.0,137605.0
2016-03-01,2016,L7GY,Other recording media,Hong Kong,5966267.0,50575.0
2016-03-01,2016,L7GY,Other recording media,Japan,825175.0,3864.0
2016-03-01,2016,L7GY,Other recording media,South Korea,1552573.0,2307.0
2016-03-01,2016,L7GY,Other recording media,Taiwan,8516404.0,28529.0
2016-04-01,2016,L7GY,Other recording media,China,6454891.0,85819.0
2016-04-01,2016,L7GY,Other recording media,Hong Kong,5475530.0,55755.0
2016-04-01,2016,L7GY,Other recording media,Japan,2205515.0,11309.0
2016-04-01,2016,L7GY,Other recording media,South Korea,2200618.0,1774.0
2016-04-01,2016,L7GY,Other recording media,Taiwan,9035081.0,54178.0
2016-05-01,2016,L7GY,Other recording media,China,6657382.0,136051.0
2016-05-01,2016,L7GY,Other recording media,Hong Kong,4072043.0,37113.0
2016-05-01,2016,L7GY,Other recording media,Japan,1100360.0,3572.0
2016-05-01,2016,L7GY,Other recording media,South Korea,2551048.0,4693.0
2016-05-01,2016,L7GY,Other recording media,Taiwan,8995502.0,28119.0
2016-06-01,2016,L7GY,Other recording media,China,7289337.0,144332.0
2016-06-01,2016,L7GY,Other recording media,Hong Kong,4548234.0,43755.0
2016-06-01,2016,L7GY,Other recording media,Japan,1158512.0,10604.0
2016-06-01,2016,L7GY,Other recording media,South Korea,1827569.0,1905.0
2016-06-01,2016,L7GY,Other recording media,Taiwan,7402209.0,36464.0
2016-07-01,2016,L7GY,Other recording media,China,9063412.0,133569.0
2016-07-01,2016,L7GY,Other recording media,Hong Kong,6504039.0,49641.0
2016-07-01,2016,L7GY,Other recording media,Japan,882243.0,9591.0
2016-07-01,2016,L7GY,Other recording media,South Korea,2696442.0,2738.0
2016-07-01,2016,L7GY,Other recording media,Taiwan,10022291.0,30437.0
2016-08-01,2016,L7GY,Other recording media,China,9931419.0,131935.0
2016-08-01,2016,L7GY,Other recording media,Hong Kong,7937560.0,79551.0
2016-08-01,2016,L7GY,Other recording media,Japan,1329518.0,9837.0
2016-08-01,2016,L7GY,Other recording media,South Korea,2878672.0,1137.0
2016-08-01,2016,L7GY,Other recording media,Taiwan,8921447.0,53755.0
2016-09-01,2016,L7GY,Other recording media,China,13887749.0,275519.0
2016-09-01,2016,L7GY,Other recording media,Hong Kong,5137741.0,55963.0
2016-09-01,2016,L7GY,Other recording media,Japan,1150243.0,11951.0
2016-09-01,2016,L7GY,Other recording media,South Korea,2200541.0,2014.0
2016-09-01,2016,L7GY,Other recording media,Taiwan,9504692.0,43383.0
2016-10-01,2016,L7GY,Other recording media,China,28911537.0,283658.0
2016-10-01,2016,L7GY,Other recording media,Hong Kong,4990390.0,43694.0
2016-10-01,2016,L7GY,Other recording media,Japan,1724379.0,10626.0
2016-10-01,2016,L7GY,Other recording media,South Korea,4379076.0,2337.0
2016-10-01,2016,L7GY,Other recording media,Taiwan,8539722.0,30509.0
2016-11-01,2016,L7GY,Other recording media,China,24954708.0,212776.0
2016-11-01,2016,L7GY,Other recording media,Hong Kong,7983345.0,42771.0
2016-11-01,2016,L7GY,Other recording media,Japan,1506769.0,11351.0
2016-11-01,2016,L7GY,Other recording media,South Korea,3764566.0,2838.0
2016-11-01,2016,L7GY,Other recording media,Taiwan,11597834.0,22967.0
2016-12-01,2016,L7GY,Other recording media,China,20912769.0,199744.0
2016-12-01,2016,L7GY,Other recording media,Hong Kong,6388382.0,60444.0
2016-12-01,2016,L7GY,Other recording media,Japan,1732308.0,10445.0
2016-12-01,2016,L7GY,Other recording media,South Korea,3019716.0,1466.0
2016-12-01,2016,L7GY,Other recording media,Taiwan,8697801.0,69918.0
2017-01-01,2017,L7GY,Other recording media,China,24715594.0,138254.0
2017-01-01,2017,L7GY,Other recording media,Hong Kong,4567260.0,45190.0
2017-01-01,2017,L7GY,Other recording media,Japan,1340506.0,9325.0
2017-01-01,2017,L7GY,Other recording media,South Korea,3838663.0,2215.0
2017-01-01,2017,L7GY,Other recording media,Taiwan,9756881.0,49838.0
2017-02-01,2017,L7GY,Other recording media,China,15598628.0,60978.0
2017-02-01,2017,L7GY,Other recording media,Hong Kong,4388183.0,29625.0
2017-02-01,2017,L7GY,Other recording media,Japan,2076460.0,7737.0
2017-02-01,2017,L7GY,Other recording media,South Korea,1940510.0,1360.0
2017-02-01,2017,L7GY,Other recording media,Taiwan,8936571.0,57438.0
2017-03-01,2017,L7GY,Other recording media,China,23967062.0,102779.0
2017-03-01,2017,L7GY,Other recording media,Hong Kong,5596255.0,37167.0
2017-03-01,2017,L7GY,Other recording media,Japan,2317200.0,15722.0
2017-03-01,2017,L7GY,Other recording media,South Korea,2047782.0,1821.0
2017-03-01,2017,L7GY,Other recording media,Taiwan,12016230.0,38237.0
2017-04-01,2017,L7GY,Other recording media,China,14848923.0,124926.0
2017-04-01,2017,L7GY,Other recording media,Hong Kong,5642248.0,38108.0
2017-04-01,2017,L7GY,Other recording media,Japan,1445429.0,6951.0
2017-04-01,2017,L7GY,Other recording media,South Korea,1919906.0,1387.0
2017-04-01,2017,L7GY,Other recording media,Taiwan,11101683.0,52455.0
2017-05-01,2017,L7GY,Other recording media,China,12018640.0,141256.0
2017-05-01,2017,L7GY,Other recording media,Hong Kong,3258651.0,33775.0
2017-05-01,2017,L7GY,Other recording media,Japan,1565551.0,8964.0
2017-05-01,2017,L7GY,Other recording media,South Korea,2002927.0,1911.0
2017-05-01,2017,L7GY,Other recording media,Taiwan,8580135.0,17121.0
2017-06-01,2017,L7GY,Other recording media,China,11979196.0,131010.0
2017-06-01,2017,L7GY,Other recording media,Hong Kong,4528906.0,46562.0
2017-06-01,2017,L7GY,Other recording media,Japan,1261629.0,8311.0
2017-06-01,2017,L7GY,Other recording media,South Korea,2338555.0,958.0
2017-06-01,2017,L7GY,Other recording media,Taiwan,10484494.0,44800.0
2017-07-01,2017,L7GY,Other recording media,China,16000182.0,95060.0
2017-07-01,2017,L7GY,Other recording media,Hong Kong,8279318.0,43849.0
2017-07-01,2017,L7GY,Other recording media,Japan,1320731.0,8419.0
2017-07-01,2017,L7GY,Other recording media,South Korea,1298995.0,1029.0
2017-07-01,2017,L7GY,Other recording media,Taiwan,8814441.0,45431.0
2017-08-01,2017,L7GY,Other recording media,China,11292330.0,137009.0
2017-08-01,2017,L7GY,Other recording media,Hong Kong,5855376.0,38118.0
2017-08-01,2017,L7GY,Other recording media,Japan,1897950.0,11675.0
2017-08-01,2017,L7GY,Other recording media,South Korea,2531350.0,1546.0
2017-08-01,2017,L7GY,Other recording media,Taiwan,11196863.0,33491.0
2017-09-01,2017,L7GY,Other recording media,China,15643588.0,81735.0
2017-09-01,2017,L7GY,Other recording media,Hong Kong,5191568.0,70791.0
2017-09-01,2017,L7GY,Other recording media,Japan,1043861.0,6574.0
2017-09-01,2017,L7GY,Other recording media,South Korea,540545.0,362.0
2017-09-01,2017,L7GY,Other recording media,Taiwan,10551457.0,36097.0
2017-10-01,2017,L7GY,Other recording media,China,10942075.0,109742.0
2017-10-01,2017,L7GY,Other recording media,Hong Kong,5715594.0,55509.0
2017-10-01,2017,L7GY,Other recording media,Japan,4445332.0,14381.0
2017-10-01,2017,L7GY,Other recording media,South Korea,633174.0,1643.0
2017-10-01,2017,L7GY,Other recording media,Taiwan,9806797.0,21123.0
2017-11-01,2017,L7GY,Other recording media,China,25851202.0,185885.0
2017-11-01,2017,L7GY,Other recording media,Hong Kong,6625851.0,30951.0
2017-11-01,2017,L7GY,Other recording media,Japan,1596806.0,10211.0
2017-11-01,2017,L7GY,Other recording media,South Korea,615688.0,3480.0
2017-11-01,2017,L7GY,Other recording media,Taiwan,11315015.0,55673.0
2017-12-01,2017,L7GY,Other recording media,China,17474708.0,64672.0
2017-12-01,2017,L7GY,Other recording media,Hong Kong,19230429.0,61347.0
2017-12-01,2017,L7GY,Other recording media,Japan,1432334.0,12034.0
2017-12-01,2017,L7GY,Other recording media,South Korea,478343.0,966.0
2017-12-01,2017,L7GY,Other recording media,Taiwan,7808978.0,37561.0
2018-01-01,2018,L7GY,Other recording media,China,9907113.0,98098.0
2018-01-01,2018,L7GY,Other recording media,Hong Kong,4942811.0,28483.0
2018-01-01,2018,L7GY,Other recording media,Japan,2106827.0,12722.0
2018-01-01,2018,L7GY,Other recording media,South Korea,208392.0,282.0
2018-01-01,2018,L7GY,Other recording media,Taiwan,7930747.0,50958.0
2018-02-01,2018,L7GY,Other recording media,China,3500275.0,25727.0
2018-02-01,2018,L7GY,Other recording media,Hong Kong,6214710.0,38741.0
2018-02-01,2018,L7GY,Other recording media,Japan,1828141.0,9708.0
2018-02-01,2018,L7GY,Other recording media,South Korea,826459.0,955.0
2018-02-01,2018,L7GY,Other recording media,Taiwan,7547516.0,25892.0
2018-03-01,2018,L7GY,Other recording media,China,6537557.0,64331.0
2018-03-01,2018,L7GY,Other recording media,Hong Kong,9113496.0,37257.0
2018-03-01,2018,L7GY,Other recording media,Japan,1682452.0,19231.0
2018-03-01,2018,L7GY,Other recording media,South Korea,442031.0,2420.0
2018-03-01,2018,L7GY,Other recording media,Taiwan,7044690.0,24948.0
2018-04-01,2018,L7GY,Other recording media,China,4979195.0,110383.0
2018-04-01,2018,L7GY,Other recording media,Hong Kong,5227957.0,43273.0
2018-04-01,2018,L7GY,Other recording media,Japan,1707700.0,8684.0
2018-04-01,2018,L7GY,Other recording media,South Korea,232335.0,2292.0
2018-04-01,2018,L7GY,Other recording media,Taiwan,7945823.0,20442.0
2018-05-01,2018,L7GY,Other recording media,China,7670291.0,417503.0
2018-05-01,2018,L7GY,Other recording media,Hong Kong,3684717.0,24970.0
2018-05-01,2018,L7GY,Other recording media,Japan,2572532.0,12742.0
2018-05-01,2018,L7GY,Other recording media,South Korea,169468.0,3585.0
2018-05-01,2018,L7GY,Other recording media,Taiwan,6894809.0,55738.0
2018-06-01,2018,L7GY,Other recording media,China,7555791.0,70786.0
2018-06-01,2018,L7GY,Other recording media,Hong Kong,5206990.0,55230.0
2018-06-01,2018,L7GY,Other recording media,Japan,2627125.0,18501.0
2018-06-01,2018,L7GY,Other recording media,South Korea,417550.0,4351.0
2018-06-01,2018,L7GY,Other recording media,Taiwan,8087937.0,20287.0
2018-07-01,2018,L7GY,Other recording media,China,6585818.0,89684.0
2018-07-01,2018,L7GY,Other recording media,Hong Kong,6402937.0,35927.0
2018-07-01,2018,L7GY,Other recording media,Japan,1302997.0,6975.0
2018-07-01,2018,L7GY,Other recording media,South Korea,384038.0,4428.0
2018-07-01,2018,L7GY,Other recording media,Taiwan,10547992.0,55331.0
2018-08-01,2018,L7GY,Other recording media,China,6344453.0,97323.0
2018-08-01,2018,L7GY,Other recording media,Hong Kong,5363075.0,36393.0
2018-08-01,2018,L7GY,Other recording media,Japan,890009.0,4638.0
2018-08-01,2018,L7GY,Other recording media,South Korea,359321.0,5186.0
2018-08-01,2018,L7GY,Other recording media,Taiwan,6163313.0,27620.0
2018-09-01,2018,L7GY,Other recording media,China,9180139.0,97000.0
2018-09-01,2018,L7GY,Other recording media,Hong Kong,5177308.0,73360.0
2018-09-01,2018,L7GY,Other recording media,Japan,1331629.0,8698.0
2018-09-01,2018,L7GY,Other recording media,South Korea,641323.0,22846.0
2018-09-01,2018,L7GY,Other recording media,Taiwan,6905218.0,40328.0
2018-10-01,2018,L7GY,Other recording media,China,12463908.0,146861.0
2018-10-01,2018,L7GY,Other recording media,Hong Kong,5272411.0,52639.0
2018-10-01,2018,L7GY,Other recording media,Japan,4699045.0,12970.0
2018-10-01,2018,L7GY,Other recording media,South Korea,1319832.0,3231.0
2018-10-01,2018,L7GY,Other recording media,Taiwan,8230017.0,51147.0
2018-11-01,2018,L7GY,Other recording media,China,7091669.0,57934.0
2018-11-01,2018,L7GY,Other recording media,Hong Kong,6542178.0,87959.0
2018-11-01,2018,L7GY,Other recording media,Japan,1642578.0,11324.0
2018-11-01,2018,L7GY,Other recording media,South Korea,1671341.0,3994.0
2018-11-01,2018,L7GY,Other recording media,Taiwan,7651148.0,40922.0
2018-12-01,2018,L7GY,Other recording media,China,6158179.0,131940.0
2018-12-01,2018,L7GY,Other recording media,Hong Kong,6620532.0,43241.0
2018-12-01,2018,L7GY,Other recording media,Japan,1823592.0,11454.0
2018-12-01,2018,L7GY,Other recording media,South Korea,721907.0,4731.0
2018-12-01,2018,L7GY,Other recording media,Taiwan,9216463.0,39113.0
2019-01-01,2019,L7GY,Other recording media,China,5014105.0,90221.0
2019-01-01,2019,L7GY,Other recording media,Hong Kong,6438982.0,78130.0
2019-01-01,2019,L7GY,Other recording media,Japan,1138127.0,7692.0
2019-01-01,2019,L7GY,Other recording media,South Korea,275236.0,2285.0
2019-01-01,2019,L7GY,Other recording media,Taiwan,9043222.0,48432.0
2019-02-01,2019,L7GY,Other recording media,China,4438841.0,47536.0
2019-02-01,2019,L7GY,Other recording media,Hong Kong,3750637.0,22072.0
2019-02-01,2019,L7GY,Other recording media,Japan,1336636.0,7765.0
2019-02-01,2019,L7GY,Other recording media,South Korea,125960.0,2177.0
2019-02-01,2019,L7GY,Other recording media,Taiwan,8775114.0,30334.0
2019-03-01,2019,L7GY,Other recording media,China,10581707.0,77603.0
2019-03-01,2019,L7GY,Other recording media,Hong Kong,5817575.0,57109.0
2019-03-01,2019,L7GY,Other recording media,Japan,2662185.0,27585.0
2019-03-01,2019,L7GY,Other recording media,South Korea,465923.0,19530.0
2019-03-01,2019,L7GY,Other recording media,Taiwan,7615539.0,52294.0
2019-04-01,2019,L7GY,Other recording media,China,3825385.0,89614.0
2019-04-01,2019,L7GY,Other recording media,Hong Kong,3449558.0,43412.0
2019-04-01,2019,L7GY,Other recording media,Japan,2685956.0,5823.0
2019-04-01,2019,L7GY,Other recording media,South Korea,893938.0,24015.0
2019-04-01,2019,L7GY,Other recording media,Taiwan,5026566.0,23226.0
2019-05-01,2019,L7GY,Other recording media,China,4228063.0,1511321.0
2019-05-01,2019,L7GY,Other recording media,Hong Kong,2490056.0,25823.0
2019-05-01,2019,L7GY,Other recording media,Japan,765163.0,33485.0
2019-05-01,2019,L7GY,Other recording media,South Korea,2689411.0,8148.0
2019-05-01,2019,L7GY,Other recording media,Taiwan,3882623.0,20150.0
2019-06-01,2019,L7GY,Other recording media,China,8010652.0,228888.0
2019-06-01,2019,L7GY,Other recording media,Hong Kong,4650897.0,83286.0
2019-06-01,2019,L7GY,Other recording media,Japan,1186434.0,8192.0
2019-06-01,2019,L7GY,Other recording media,South Korea,198055.0,4748.0
2019-06-01,2019,L7GY,Other recording media,Taiwan,5773740.0,31020.0
2019-07-01,2019,L7GY,Other recording media,China,8012297.0,336201.0
2019-07-01,2019,L7GY,Other recording media,Hong Kong,3444984.0,25443.0
2019-07-01,2019,L7GY,Other recording media,Japan,1550316.0,9899.0
2019-07-01,2019,L7GY,Other recording media,South Korea,820582.0,24235.0
2019-07-01,2019,L7GY,Other recording media,Taiwan,6164481.0,30865.0
2019-08-01,2019,L7GY,Other recording media,China,5021592.0,83546.0
2019-08-01,2019,L7GY,Other recording media,Hong Kong,4113043.0,37616.0
2019-08-01,2019,L7GY,Other recording media,Japan,867146.0,3539.0
2019-08-01,2019,L7GY,Other recording media,South Korea,817976.0,4277.0
2019-08-01,2019,L7GY,Other recording media,Taiwan,4500819.0,33838.0
2019-09-01,2019,L7GY,Other recording media,China,7364340.0,134801.0
2019-09-01,2019,L7GY,Other recording media,Hong Kong,3595129.0,64315.0
2019-09-01,2019,L7GY,Other recording media,Japan,1980211.0,5312.0
2019-09-01,2019,L7GY,Other recording media,South Korea,980790.0,13239.0
2019-09-01,2019,L7GY,Other recording media,Taiwan,4399190.0,12585.0
2019-10-01,2019,L7GY,Other recording media,China,13493092.0,83687.0
2019-10-01,2019,L7GY,Other recording media,Hong Kong,4246964.0,45510.0
2019-10-01,2019,L7GY,Other recording media,Japan,1798387.0,7327.0
2019-10-01,2019,L7GY,Other recording media,South Korea,537696.0,8713.0
2019-10-01,2019,L7GY,Other recording media,Taiwan,6179459.0,34250.0
2019-11-01,2019,L7GY,Other recording media,China,5689208.0,91179.0
2019-11-01,2019,L7GY,Other recording media,Hong Kong,4048347.0,51229.0
2019-11-01,2019,L7GY,Other recording media,Japan,2554071.0,5592.0
2019-11-01,2019,L7GY,Other recording media,South Korea,625509.0,17924.0
2019-11-01,2019,L7GY,Other recording media,Taiwan,4946750.0,22740.0
2019-12-01,2019,L7GY,Other recording media,China,5656693.0,85896.0
2019-12-01,2019,L7GY,Other recording media,Hong Kong,3399415.0,36824.0
2019-12-01,2019,L7GY,Other recording media,Japan,818083.0,6942.0
2019-12-01,2019,L7GY,Other recording media,South Korea,2552558.0,15678.0
2019-12-01,2019,L7GY,Other recording media,Taiwan,5163943.0,12725.0
2020-01-01,2020,L7GY,Other recording media,China,6476659.0,80248.0
2020-01-01,2020,L7GY,Other recording media,Hong Kong,3714151.0,146143.0
2020-01-01,2020,L7GY,Other recording media,Japan,1402937.0,6783.0
2020-01-01,2020,L7GY,Other recording media,South Korea,1006204.0,69626.0
2020-01-01,2020,L7GY,Other recording media,Taiwan,4935719.0,18147.0
2020-02-01,2020,L7GY,Other recording media,China,5639576.0,73380.0
2020-02-01,2020,L7GY,Other recording media,Hong Kong,1801034.0,14951.0
2020-02-01,2020,L7GY,Other recording media,Japan,1215459.0,5273.0
2020-02-01,2020,L7GY,Other recording media,South Korea,489834.0,19083.0
2020-02-01,2020,L7GY,Other recording media,Taiwan,5197108.0,24180.0
2020-03-01,2020,L7GY,Other recording media,China,7319906.0,63966.0
2020-03-01,2020,L7GY,Other recording media,Hong Kong,4024177.0,43168.0
2020-03-01,2020,L7GY,Other recording media,Japan,1646290.0,12769.0
2020-03-01,2020,L7GY,Other recording media,South Korea,335918.0,17575.0
2020-03-01,2020,L7GY,Other recording media,Taiwan,4733595.0,15938.0
2020-04-01,2020,L7GY,Other recording media,China,4793172.0,77673.0
2020-04-01,2020,L7GY,Other recording media,Hong Kong,2276530.0,29552.0
2020-04-01,2020,L7GY,Other recording media,Japan,894167.0,3283.0
2020-04-01,2020,L7GY,Other recording media,South Korea,195409.0,1644.0
2020-04-01,2020,L7GY,Other recording media,Taiwan,2169607.0,12677.0
2020-05-01,2020,L7GY,Other recording media,China,7395420.0,58200.0
2020-05-01,2020,L7GY,Other recording media,Hong Kong,1827498.0,22238.0
2020-05-01,2020,L7GY,Other recording media,Japan,1750130.0,4265.0
2020-05-01,2020,L7GY,Other recording media,South Korea,67124.0,6928.0
2020-05-01,2020,L7GY,Other recording media,Taiwan,6410751.0,17114.0
2020-06-01,2020,L7GY,Other recording media,China,6701799.0,41118.0
2020-06-01,2020,L7GY,Other recording media,Hong Kong,2179754.0,35232.0
2020-06-01,2020,L7GY,Other recording media,Japan,1617880.0,8410.0
2020-06-01,2020,L7GY,Other recording media,South Korea,110548.0,3345.0
2020-06-01,2020,L7GY,Other recording media,Taiwan,5280330.0,16322.0
2020-07-01,2020,L7GY,Other recording media,China,7373655.0,83570.0
2020-07-01,2020,L7GY,Other recording media,Hong Kong,4457485.0,33153.0
2020-07-01,2020,L7GY,Other recording media,Japan,872363.0,8134.0
2020-07-01,2020,L7GY,Other recording media,South Korea,122689.0,4891.0
2020-07-01,2020,L7GY,Other recording media,Taiwan,5685583.0,9755.0
2020-08-01,2020,L7GY,Other recording media,China,12004855.0,70821.0
2020-08-01,2020,L7GY,Other recording media,Hong Kong,3989686.0,26668.0
2020-08-01,2020,L7GY,Other recording media,Japan,984417.0,3815.0
2020-08-01,2020,L7GY,Other recording media,South Korea,402325.0,17174.0
2020-08-01,2020,L7GY,Other recording media,Taiwan,5378051.0,16744.0
2020-09-01,2020,L7GY,Other recording media,China,6105741.0,63350.0
2020-09-01,2020,L7GY,Other recording media,Hong Kong,3022712.0,36935.0
2020-09-01,2020,L7GY,Other recording media,Japan,1805487.0,10590.0
2020-09-01,2020,L7GY,Other recording media,South Korea,237122.0,9984.0
2020-09-01,2020,L7GY,Other recording media,Taiwan,5956668.0,29019.0
2020-10-01,2020,L7GY,Other recording media,China,6259111.0,48118.0
2020-10-01,2020,L7GY,Other recording media,Hong Kong,3115922.0,26167.0
2020-10-01,2020,L7GY,Other recording media,Japan,1655893.0,4122.0
2020-10-01,2020,L7GY,Other recording media,South Korea,844030.0,43312.0
2020-10-01,2020,L7GY,Other recording media,Taiwan,10831897.0,19597.0
2020-11-01,2020,L7GY,Other recording media,China,8017383.0,103285.0
2020-11-01,2020,L7GY,Other recording media,Hong Kong,3701706.0,31633.0
2020-11-01,2020,L7GY,Other recording media,Japan,1169088.0,6477.0
2020-11-01,2020,L7GY,Other recording media,South Korea,483083.0,22674.0
2020-11-01,2020,L7GY,Other recording media,Taiwan,5682140.0,11545.0
2020-12-01,2020,L7GY,Other recording media,China,5982216.0,82072.0
2020-12-01,2020,L7GY,Other recording media,Hong Kong,1895878.0,12057.0
2020-12-01,2020,L7GY,Other recording media,Japan,1325322.0,9251.0
2020-12-01,2020,L7GY,Other recording media,South Korea,67438.0,1875.0
2020-12-01,2020,L7GY,Other recording media,Taiwan,3855117.0,15661.0
2021-01-01,2021,L7GY,Other recording media,China,5257198.0,74759.0
2021-01-01,2021,L7GY,Other recording media,Hong Kong,2145329.0,49965.0
2021-01-01,2021,L7GY,Other recording media,Japan,214485.0,1538.0
2021-01-01,2021,L7GY,Other recording media,South Korea,499286.0,5438.0
2021-01-01,2021,L7GY,Other recording media,Taiwan,3497701.0,23731.0
2021-02-01,2021,L7GY,Other recording media,China,6448360.0,56503.0
2021-02-01,2021,L7GY,Other recording media,Hong Kong,3016008.0,32655.0
2021-02-01,2021,L7GY,Other recording media,Japan,385742.0,3011.0
2021-02-01,2021,L7GY,Other recording media,South Korea,325889.0,7169.0
2021-02-01,2021,L7GY,Other recording media,Taiwan,3585860.0,11390.0
2021-03-01,2021,L7GY,Other recording media,China,6843937.0,62281.0
2021-03-01,2021,L7GY,Other recording media,Hong Kong,3507984.0,38474.0
2021-03-01,2021,L7GY,Other recording media,Japan,569567.0,2969.0
2021-03-01,2021,L7GY,Other recording media,South Korea,230873.0,2903.0
2021-03-01,2021,L7GY,Other recording media,Taiwan,3749401.0,10199.0
2021-04-01,2021,L7GY,Other recording media,China,9112605.0,69277.0
2021-04-01,2021,L7GY,Other recording media,Hong Kong,2296870.0,27599.0
2021-04-01,2021,L7GY,Other recording media,Japan,309818.0,2902.0
2021-04-01,2021,L7GY,Other recording media,South Korea,782768.0,18699.0
2021-04-01,2021,L7GY,Other recording media,Taiwan,3067734.0,16847.0
2021-05-01,2021,L7GY,Other recording media,China,6419611.0,53468.0
2021-05-01,2021,L7GY,Other recording media,Hong Kong,2703131.0,24464.0
2021-05-01,2021,L7GY,Other recording media,Japan,369599.0,2368.0
2021-05-01,2021,L7GY,Other recording media,South Korea,824730.0,7793.0
2021-05-01,2021,L7GY,Other recording media,Taiwan,4318331.0,9539.0
2021-06-01,2021,L7GY,Other recording media,China,7242070.0,56397.0
2021-06-01,2021,L7GY,Other recording media,Hong Kong,3500664.0,29732.0
2021-06-01,2021,L7GY,Other recording media,Japan,479767.0,3577.0
2021-06-01,2021,L7GY,Other recording media,South Korea,736113.0,13005.0
2021-06-01,2021,L7GY,Other recording media,Taiwan,3685988.0,8823.0
2021-07-01,2021,L7GY,Other recording media,China,6498216.0,78612.0
2021-07-01,2021,L7GY,Other recording media,Hong Kong,3190070.0,30022.0
2021-07-01,2021,L7GY,Other recording media,Japan,315864.0,2969.0
2021-07-01,2021,L7GY,Other recording media,South Korea,966845.0,10646.0
2021-07-01,2021,L7GY,Other recording media,Taiwan,4554260.0,18359.0
2021-08-01,2021,L7GY,Other recording media,China,7030346.0,64451.0
2021-08-01,2021,L7GY,Other recording media,Hong Kong,5046553.0,53076.0
2021-08-01,2021,L7GY,Other recording media,Japan,366449.0,3718.0
2021-08-01,2021,L7GY,Other recording media,South Korea,1568037.0,13232.0
2021-08-01,2021,L7GY,Other recording media,Taiwan,4672160.0,20235.0
2021-09-01,2021,L7GY,Other recording media,China,8271469.0,78836.0
2021-09-01,2021,L7GY,Other recording media,Hong Kong,5679985.0,66067.0
2021-09-01,2021,L7GY,Other recording media,Japan,602064.0,4645.0
2021-09-01,2021,L7GY,Other recording media,South Korea,1768284.0,15802.0
2021-09-01,2021,L7GY,Other recording media,Taiwan,5929872.0,10763.0
2021-10-01,2021,L7GY,Other recording media,China,11041657.0,62057.0
2021-10-01,2021,L7GY,Other recording media,Hong Kong,4578118.0,41616.0
2021-10-01,2021,L7GY,Other recording media,Japan,426135.0,2758.0
2021-10-01,2021,L7GY,Other recording media,South Korea,1138946.0,21698.0
2021-10-01,2021,L7GY,Other recording media,Taiwan,7772428.0,12385.0
2021-11-01,2021,L7GY,Other recording media,China,13100678.0,142296.0
2021-11-01,2021,L7GY,Other recording media,Hong Kong,5142402.0,39867.0
2021-11-01,2021,L7GY,Other recording media,Japan,420002.0,2252.0
2021-11-01,2021,L7GY,Other recording media,South Korea,1929961.0,12671.0
2021-11-01,2021,L7GY,Other recording media,Taiwan,4751162.0,8634.0
2021-12-01,2021,L7GY,Other recording media,China,7775163.0,78695.0
2021-12-01,2021,L7GY,Other recording media,Hong Kong,3121965.0,48419.0
2021-12-01,2021,L7GY,Other recording media,Japan,255644.0,1923.0
2021-12-01,2021,L7GY,Other recording media,South Korea,1102131.0,6906.0
2021-12-01,2021,L7GY,Other recording media,Taiwan,3832345.0,7065.0
2022-01-01,2022,L7GY,Other recording media,China,7496950.0,82779.0
2022-01-01,2022,L7GY,Other recording media,Hong Kong,4098735.0,52824.0
2022-01-01,2022,L7GY,Other recording media,Japan,528903.0,2263.0
2022-01-01,2022,L7GY,Other recording media,South Korea,1466754.0,12010.0
2022-01-01,2022,L7GY,Other recording media,Taiwan,6158848.0,17160.0
2022-02-01,2022,L7GY,Other recording media,China,5893980.0,164512.0
2022-02-01,2022,L7GY,Other recording media,Hong Kong,2186990.0,24225.0
2022-02-01,2022,L7GY,Other recording media,Japan,427523.0,1505.0
2022-02-01,2022,L7GY,Other recording media,South Korea,1143517.0,13702.0
2022-02-01,2022,L7GY,Other recording media,Taiwan,2416657.0,8624.0
2022-03-01,2022,L7GY,Other recording media,China,10256595.0,101170.0
2022-03-01,2022,L7GY,Other recording media,Hong Kong,2447137.0,25051.0
2022-03-01,2022,L7GY,Other recording media,Japan,502343.0,3609.0
2022-03-01,2022,L7GY,Other recording media,South Korea,2350516.0,15063.0
2022-03-01,2022,L7GY,Other recording media,Taiwan,4058105.0,7760.0
2022-04-01,2022,L7GY,Other recording media,China,14164030.0,86511.0
2022-04-01,2022,L7GY,Other recording media,Hong Kong,2217033.0,19327.0
2022-04-01,2022,L7GY,Other recording media,Japan,273841.0,652.0
2022-04-01,2022,L7GY,Other recording media,South Korea,20049959.0,25694.0
2022-04-01,2022,L7GY,Other recording media,Taiwan,5420059.0,10176.0
2022-05-01,2022,L7GY,Other recording media,China,10322515.0,123303.0
2022-05-01,2022,L7GY,Other recording media,Hong Kong,1739878.0,15870.0
2022-05-01,2022,L7GY,Other recording media,Japan,447022.0,3723.0
2022-05-01,2022,L7GY,Other recording media,South Korea,1018029.0,14429.0
2022-05-01,2022,L7GY,Other recording media,Taiwan,3680260.0,12956.0
2022-06-01,2022,L7GY,Other recording media,China,12791424.0,140434.0
2022-06-01,2022,L7GY,Other recording media,Hong Kong,2585945.0,17603.0
2022-06-01,2022,L7GY,Other recording media,Japan,379596.0,3650.0
2022-06-01,2022,L7GY,Other recording media,South Korea,544705.0,13556.0
2022-06-01,2022,L7GY,Other recording media,Taiwan,4399832.0,17481.0
2022-07-01,2022,L7GY,Other recording media,China,13357178.0,123137.0
2022-07-01,2022,L7GY,Other recording media,Hong Kong,1520306.0,10467.0
2022-07-01,2022,L7GY,Other recording media,Japan,338450.0,2823.0
2022-07-01,2022,L7GY,Other recording media,South Korea,1205169.0,14708.0
2022-07-01,2022,L7GY,Other recording media,Taiwan,3824134.0,12223.0
2022-08-01,2022,L7GY,Other recording media,China,10830889.0,109003.0
2022-08-01,2022,L7GY,Other recording media,Hong Kong,1931116.0,19846.0
2022-08-01,2022,L7GY,Other recording media,Japan,420764.0,3390.0
2022-08-01,2022,L7GY,Other recording media,South Korea,1893276.0,6802.0
2022-08-01,2022,L7GY,Other recording media,Taiwan,4712980.0,7462.0
2022-09-01,2022,L7GY,Other recording media,China,11086912.0,129867.0
2022-09-01,2022,L7GY,Other recording media,Hong Kong,1393652.0,22317.0
2022-09-01,2022,L7GY,Other recording media,Japan,484779.0,3612.0
2022-09-01,2022,L7GY,Other recording media,South Korea,397866.0,8911.0
2022-09-01,2022,L7GY,Other recording media,Taiwan,4416921.0,18771.0
2022-10-01,2022,L7GY,Other recording media,China,23159515.0,147361.0
2022-10-01,2022,L7GY,Other recording media,Hong Kong,1746391.0,10149.0
2022-10-01,2022,L7GY,Other recording media,Japan,305062.0,2068.0
2022-10-01,2022,L7GY,Other recording media,South Korea,1402329.0,20163.0
2022-10-01,2022,L7GY,Other recording media,Taiwan,4846984.0,8190.0
2022-11-01,2022,L7GY,Other recording media,China,21925475.0,261743.0
2022-11-01,2022,L7GY,Other recording media,Hong Kong,2031474.0,10725.0
2022-11-01,2022,L7GY,Other recording media,Japan,386302.0,3018.0
2022-11-01,2022,L7GY,Other recording media,South Korea,957510.0,12917.0
2022-11-01,2022,L7GY,Other recording media,Taiwan,5970530.0,11060.0
2022-12-01,2022,L7GY,Other recording media,China,8026956.0,76851.0
2022-12-01,2022,L7GY,Other recording media,Hong Kong,1539146.0,9086.0
2022-12-01,2022,L7GY,Other recording media,Japan,638074.0,2441.0
2022-12-01,2022,L7GY,Other recording media,South Korea,987689.0,8465.0
2022-12-01,2022,L7GY,Other recording media,Taiwan,3451147.0,8728.0
2023-01-01,2023,L7GY,Other recording media,China,9304715.0,102661.0
2023-01-01,2023,L7GY,Other recording media,Hong Kong,1574368.0,6289.0
2023-01-01,2023,L7GY,Other recording media,Japan,367666.0,2652.0
2023-01-01,2023,L7GY,Other recording media,South Korea,905420.0,11391.0
2023-01-01,2023,L7GY,Other recording media,Taiwan,3578722.0,10467.0
2023-02-01,2023,L7GY,Other recording media,China,14320673.0,122000.0
2023-02-01,2023,L7GY,Other recording media,Hong Kong,1319864.0,5207.0
2023-02-01,2023,L7GY,Other recording media,Japan,724354.0,2265.0
2023-02-01,2023,L7GY,Other recording media,South Korea,691176.0,10782.0
2023-02-01,2023,L7GY,Other recording media,Taiwan,4660107.0,10497.0
2023-03-01,2023,L7GY,Other recording media,China,11502493.0,117129.0
2023-03-01,2023,L7GY,Other recording media,Hong Kong,1329965.0,12803.0
2023-03-01,2023,L7GY,Other recording media,Japan,594396.0,3891.0
2023-03-01,2023,L7GY,Other recording media,South Korea,647992.0,9123.0
2023-03-01,2023,L7GY,Other recording media,Taiwan,4186586.0,6546.0
2023-04-01,2023,L7GY,Other recording media,China,5886901.0,90804.0
2023-04-01,2023,L7GY,Other recording media,Hong Kong,1334438.0,7513.0
2023-04-01,2023,L7GY,Other recording media,Japan,438625.0,3739.0
2023-04-01,2023,L7GY,Other recording media,South Korea,827423.0,11964.0
2023-04-01,2023,L7GY,Other recording media,Taiwan,3237908.0,5939.0
2023-05-01,2023,L7GY,Other recording media,China,11645247.0,124038.0
2023-05-01,2023,L7GY,Other recording media,Hong Kong,2264904.0,11583.0
2023-05-01,2023,L7GY,Other recording media,Japan,365485.0,1850.0
2023-05-01,2023,L7GY,Other recording media,South Korea,1092470.0,11977.0
2023-05-01,2023,L7GY,Other recording media,Taiwan,4328471.0,10141.0
2023-06-01,2023,L7GY,Other recording media,China,7590070.0,111557.0
2023-06-01,2023,L7GY,Other recording media,Hong Kong,1970868.0,12721.0
2023-06-01,2023,L7GY,Other recording media,Japan,423583.0,4488.0
2023-06-01,2023,L7GY,Other recording media,South Korea,872193.0,17433.0
2023-06-01,2023,L7GY,Other recording media,Taiwan,3940051.0,6167.0
2023-07-01,2023,L7GY,Other recording media,China,5791439.0,92976.0
2023-07-01,2023,L7GY,Other recording media,Hong Kong,2223900.0,15203.0
2023-07-01,2023,L7GY,Other recording media,Japan,332076.0,3506.0
2023-07-01,2023,L7GY,Other recording media,South Korea,824045.0,11761.0
2023-07-01,2023,L7GY,Other recording media,Taiwan,3496089.0,7188.0
2023-08-01,2023,L7GY,Other recording media,China,6529210.0,89563.0
2023-08-01,2023,L7GY,Other recording media,Hong Kong,2353686.0,12789.0
2023-08-01,2023,L7GY,Other recording media,Japan,493192.0,4493.0
2023-08-01,2023,L7GY,Other recording media,South Korea,606139.0,9838.0
2023-08-01,2023,L7GY,Other recording media,Taiwan,3388096.0,7298.0
2023-09-01,2023,L7GY,Other recording media,China,6102917.0,105804.0
2023-09-01,2023,L7GY,Other recording media,Hong Kong,2280585.0,9389.0
2023-09-01,2023,L7GY,Other recording media,Japan,290070.0,1653.0
2023-09-01,2023,L7GY,Other recording media,South Korea,1400343.0,16422.0
2023-09-01,2023,L7GY,Other recording media,Taiwan,4374586.0,8106.0
2023-10-01,2023,L7GY,Other recording media,China,7933635.0,139740.0
2023-10-01,2023,L7GY,Other recording media,Hong Kong,2216512.0,8180.0
2023-10-01,2023,L7GY,Other recording media,Japan,397457.0,2129.0
2023-10-01,2023,L7GY,Other recording media,South Korea,825332.0,13038.0
2023-10-01,2023,L7GY,Other recording media,Taiwan,6090483.0,9762.0
2023-11-01,2023,L7GY,Other recording media,China,10410994.0,102150.0
2023-11-01,2023,L7GY,Other recording media,Hong Kong,1436705.0,8900.0
2023-11-01,2023,L7GY,Other recording media,Japan,447296.0,1606.0
2023-11-01,2023,L7GY,Other recording media,South Korea,1398445.0,26913.0
2023-11-01,2023,L7GY,Other recording media,Taiwan,7177519.0,6770.0
2023-12-01,2023,L7GY,Other recording media,China,7673212.0,107561.0
2023-12-01,2023,L7GY,Other recording media,Hong Kong,1773514.0,5968.0
2023-12-01,2023,L7GY,Other recording media,Japan,434891.0,4482.0
2023-12-01,2023,L7GY,Other recording media,South Korea,1414948.0,5389.0
2023-12-01,2023,L7GY,Other recording media,Taiwan,7134345.0,7964.0
2024-01-01,2024,L7GY,Other recording media,China,6540288.0,129764.0
2024-01-01,2024,L7GY,Other recording media,Hong Kong,2269288.0,10326.0
2024-01-01,2024,L7GY,Other recording media,Japan,315422.0,6445.0
2024-01-01,2024,L7GY,Other recording media,South Korea,1390148.0,22602.0
2024-01-01,2024,L7GY,Other recording media,Taiwan,7727747.0,8131.0
2024-02-01,2024,L7GY,Other recording media,China,7605773.0,144651.0
2024-02-01,2024,L7GY,Other recording media,Hong Kong,1218407.0,5894.0
2024-02-01,2024,L7GY,Other recording media,Japan,587857.0,3581.0
2024-02-01,2024,L7GY,Other recording media,South Korea,1222124.0,11707.0
2024-02-01,2024,L7GY,Other recording media,Taiwan,4999949.0,9076.0
2024-03-01,2024,L7GY,Other recording media,China,7372574.0,211294.0
2024-03-01,2024,L7GY,Other recording media,Hong Kong,1021295.0,6938.0
2024-03-01,2024,L7GY,Other recording media,Japan,298207.0,2084.0
2024-03-01,2024,L7GY,Other recording media,South Korea,905221.0,7922.0
2024-03-01,2024,L7GY,Other recording media,Taiwan,3444682.0,6828.0
2024-04-01,2024,L7GY,Other recording media,China,11050216.0,139836.0
2024-04-01,2024,L7GY,Other recording media,Hong Kong,2721570.0,13175.0
2024-04-01,2024,L7GY,Other recording media,Japan,420476.0,4617.0
2024-04-01,2024,L7GY,Other recording media,South Korea,952917.0,15173.0
2024-04-01,2024,L7GY,Other recording media,Taiwan,4325343.0,7201.0
2024-05-01,2024,L7GY,Other recording media,China,7688390.0,176389.0
2024-05-01,2024,L7GY,Other recording media,Hong Kong,2600883.0,8853.0
2024-05-01,2024,L7GY,Other recording media,Japan,362440.0,5402.0
2024-05-01,2024,L7GY,Other recording media,South Korea,1160599.0,15174.0
2024-05-01,2024,L7GY,Other recording media,Taiwan,3608618.0,8091.0
2024-06-01,2024,L7GY,Other recording media,China,8513738.0,111708.0
2024-06-01,2024,L7GY,Other recording media,Hong Kong,2403009.0,10003.0
2024-06-01,2024,L7GY,Other recording media,Japan,382413.0,4443.0
2024-06-01,2024,L7GY,Other recording media,South Korea,1540794.0,15949.0
2024-06-01,2024,L7GY,Other recording media,Taiwan,4800484.0,6116.0
2024-07-01,2024,L7GY,Other recording media,China,8753743.0,122807.0
2024-07-01,2024,L7GY,Other recording media,Hong Kong,3528442.0,12864.0
2024-07-01,2024,L7GY,Other recording media,Japan,467122.0,2477.0
2024-07-01,2024,L7GY,Other recording media,South Korea,2070545.0,9539.0
2024-07-01,2024,L7GY,Other recording media,Taiwan,4481987.0,5909.0
2024-08-01,2024,L7GY,Other recording media,China,7750155.0,93017.0
2024-08-01,2024,L7GY,Other recording media,Hong Kong,3430520.0,11175.0
2024-08-01,2024,L7GY,Other recording media,Japan,352306.0,3724.0
2024-08-01,2024,L7GY,Other recording media,South Korea,1556180.0,6745.0
2024-08-01,2024,L7GY,Other recording media,Taiwan,4398007.0,5387.0
2024-09-01,2024,L7GY,Other recording media,China,8686362.0,86022.0
2024-09-01,2024,L7GY,Other recording media,Hong Kong,3360046.0,11560.0
2024-09-01,2024,L7GY,Other recording media,Japan,435267.0,3512.0
2024-09-01,2024,L7GY,Other recording media,South Korea,1213686.0,3973.0
2024-09-01,2024,L7GY,Other recording media,Taiwan,5000972.0,7227.0
2024-10-01,2024,L7GY,Other recording media,China,7366141.0,122744.0
2024-10-01,2024,L7GY,Other recording media,Hong Kong,2876610.0,10506.0
2024-10-01,2024,L7GY,Other recording media,Japan,469195.0,3324.0
2024-10-01,2024,L7GY,Other recording media,South Korea,1491175.0,11437.0
2024-10-01,2024,L7GY,Other recording media,Taiwan,3447647.0,5959.0
2024-11-01,2024,L7GY,Other recording media,China,11082256.0,121610.0
2024-11-01,2024,L7GY,Other recording media,Hong Kong,3463408.0,21645.0
2024-11-01,2024,L7GY,Other recording media,Japan,473983.0,3933.0
2024-11-01,2024,L7GY,Other recording media,South Korea,1329426.0,10731.0
2024-11-01,2024,L7GY,Other recording media,Taiwan,3837898.0,4980.0
2024-12-01,2024,L7GY,Other recording media,China,9692555.0,109983.0
2024-12-01,2024,L7GY,Other recording media,Hong Kong,2244052.0,6511.0
2024-12-01,2024,L7GY,Other recording media,Japan,226487.0,1637.0
2024-12-01,2024,L7GY,Other recording media,South Korea,650548.0,5516.0
2024-12-01,2024,L7GY,Other recording media,Taiwan,3013045.0,4296.0
2025-01-01,2025,L7GY,Other recording media,China,7384154.0,94696.0
2025-01-01,2025,L7GY,Other recording media,Hong Kong,3819590.0,20300.0
2025-01-01,2025,L7GY,Other recording media,Japan,242787.0,1494.0
2025-01-01,2025,L7GY,Other recording media,South Korea,255213.0,6572.0
2025-01-01,2025,L7GY,Other recording media,Taiwan,3514560.0,5333.0
2025-02-01,2025,L7GY,Other recording media,China,7757375.0,85550.0
2025-02-01,2025,L7GY,Other recording media,Hong Kong,1880312.0,6998.0
2025-02-01,2025,L7GY,Other recording media,Japan,342609.0,2705.0
2025-02-01,2025,L7GY,Other recording media,South Korea,128968.0,2347.0
2025-02-01,2025,L7GY,Other recording media,Taiwan,3216484.0,4605.0
2025-03-01,2025,L7GY,Other recording media,China,9489852.0,104693.0
2025-03-01,2025,L7GY,Other recording media,Hong Kong,3300846.0,9502.0
2025-03-01,2025,L7GY,Other recording media,Japan,307435.0,1441.0
2025-03-01,2025,L7GY,Other recording media,South Korea,1095775.0,10653.0
2025-03-01,2025,L7GY,Other recording media,Taiwan,2449733.0,3869.0
2025-04-01,2025,L7GY,Other recording media,China,10613598.0,153698.0
2025-04-01,2025,L7GY,Other recording media,Hong Kong,3609158.0,12613.0
2025-04-01,2025,L7GY,Other recording media,Japan,320629.0,3471.0
2025-04-01,2025,L7GY,Other recording media,South Korea,588656.0,5645.0
2025-04-01,2025,L7GY,Other recording media,Taiwan,3436691.0,6682.0
2025-05-01,2025,L7GY,Other recording media,China,8151244.0,96073.0
2025-05-01,2025,L7GY,Other recording media,Hong Kong,2329602.0,18497.0
2025-05-01,2025,L7GY,Other recording media,Japan,334836.0,2548.0
2025-05-01,2025,L7GY,Other recording media,South Korea,794260.0,6986.0
2025-05-01,2025,L7GY,Other recording media,Taiwan,2450965.0,4618.0
2025-06-01,2025,L7GY,Other recording media,China,14500000.0,152582.0
2025-06-01,2025,L7GY,Other recording media,Hong Kong,1775795.0,12725.0
2025-06-01,2025,L7GY,Other recording media,Japan,283782.0,2023.0
2025-06-01,2025,L7GY,Other recording media,South Korea,923676.0,11125.0
2025-06-01,2025,L7GY,Other recording media,Taiwan,4806078.0,7623.0
2025-07-01,2025,L7GY,Other recording media,China,11520165.0,158471.0
2025-07-01,2025,L7GY,Other recording media,Hong Kong,2900971.0,11613.0
2025-07-01,2025,L7GY,Other recording media,Japan,523923.0,2407.0
2025-07-01,2025,L7GY,Other recording media,South Korea,1480746.0,6995.0
2025-07-01,2025,L7GY,Other recording media,Taiwan,5599017.0,6793.0
2025-08-01,2025,L7GY,Other recording media,China,11461019.0,185587.0
2025-08-01,2025,L7GY,Other recording media,Hong Kong,2722507.0,12487.0
2025-08-01,2025,L7GY,Other recording media,Japan,311385.0,2701.0
2025-08-01,2025,L7GY,Other recording media,South Korea,529146.0,22483.0
2025-08-01,2025,L7GY,Other recording media,Taiwan,3631921.0,3769.0
2025-09-01,2025,L7GY,Other recording media,China,12597606.0,210688.0
2025-09-01,2025,L7GY,Other recording media,Hong Kong,2438572.0,16067.0
2025-09-01,2025,L7GY,Other recording media,Japan,310363.0,2939.0
2025-09-01,2025,L7GY,Other recording media,South Korea,2208695.0,19933.0
2025-09-01,2025,L7GY,Other recording media,Taiwan,4442755.0,8182.0
2025-10-01,2025,L7GY,Other recording media,China,16411686.0,256522.0
2025-10-01,2025,L7GY,Other recording media,Hong Kong,2156139.0,9530.0
2025-10-01,2025,L7GY,Other recording media,Japan,253865.0,6831.0
2025-10-01,2025,L7GY,Other recording media,South Korea,2948194.0,16664.0
2025-10-01,2025,L7GY,Other recording media,Taiwan,7975542.0,8739.0
2025-11-01,2025,L7GY,Other recording media,China,12692648.0,250890.0
2025-11-01,2025,L7GY,Other recording media,Hong Kong,3182344.0,18764.0
2025-11-01,2025,L7GY,Other recording media,Japan,808203.0,6751.0
2025-11-01,2025,L7GY,Other recording media,South Korea,3468512.0,18150.0
2025-11-01,2025,L7GY,Other recording media,Taiwan,4904720.0,3673.0
2025-12-01,2025,L7GY,Other recording media,China,11761191.0,155728.0
2025-12-01,2025,L7GY,Other recording media,Hong Kong,3077288.0,12898.0
2025-12-01,2025,L7GY,Other recording media,Japan,474286.0,3686.0
2025-12-01,2025,L7GY,Other recording media,South Korea,599850.0,20464.0
2025-12-01,2025,L7GY,Other recording media,Taiwan,3868089.0,11164.0
2026-01-01,2026,L7GY,Other recording media,China,16906428.0,227020.0
2026-01-01,2026,L7GY,Other recording media,Hong Kong,2844408.0,11783.0
2026-01-01,2026,L7GY,Other recording media,Japan,186026.0,1229.0
2026-01-01,2026,L7GY,Other recording media,South Korea,969991.0,27788.0
2026-01-01,2026,L7GY,Other recording media,Taiwan,4176945.0,4208.0
2026-02-01,2026,L7GY,Other recording media,China,9211966.0,172559.0
2026-02-01,2026,L7GY,Other recording media,Hong Kong,5776173.0,19285.0
2026-02-01,2026,L7GY,Other recording media,Japan,405584.0,3449.0
2026-02-01,2026,L7GY,Other recording media,South Korea,445323.0,14717.0
2026-02-01,2026,L7GY,Other recording media,Taiwan,4139850.0,5697.0
2026-03-01,2026,L7GY,Other recording media,China,14831514.0,120246.0
2026-03-01,2026,L7GY,Other recording media,Hong Kong,2320410.0,13701.0
2026-03-01,2026,L7GY,Other recording media,Japan,525430.0,5449.0
2026-03-01,2026,L7GY,Other recording media,South Korea,5926280.0,45388.0
2026-03-01,2026,L7GY,Other recording media,Taiwan,3649912.0,22613.0
2026-04-01,2026,L7GY,Other recording media,China,11296577.0,136903.0
2026-04-01,2026,L7GY,Other recording media,Hong Kong,4122830.0,9617.0
2026-04-01,2026,L7GY,Other recording media,Japan,584069.0,4346.0
2026-04-01,2026,L7GY,Other recording media,South Korea,834107.0,22312.0
2026-04-01,2026,L7GY,Other recording media,Taiwan,6400537.0,4869.0
2026-05-01,2026,L7GY,Other recording media,China,10794543.0,105833.0
2026-05-01,2026,L7GY,Other recording media,Hong Kong,3372229.0,21114.0
2026-05-01,2026,L7GY,Other recording media,Japan,385265.0,5449.0
2026-05-01,2026,L7GY,Other recording media,South Korea,1710490.0,26641.0
2026-05-01,2026,L7GY,Other recording media,Taiwan,5012539.0,6031.0
2015-01-01,2015,L7H9,Games and hobbies,China,21433074.0,1172994.0
2015-01-01,2015,L7H9,Games and hobbies,Hong Kong,17673403.0,670360.0
2015-01-01,2015,L7H9,Games and hobbies,Japan,525828.0,9885.0
2015-01-01,2015,L7H9,Games and hobbies,South Korea,115139.0,3829.0
2015-01-01,2015,L7H9,Games and hobbies,Taiwan,392018.0,50619.0
2015-02-01,2015,L7H9,Games and hobbies,China,8456561.0,1082008.0
2015-02-01,2015,L7H9,Games and hobbies,Hong Kong,28581969.0,840019.0
2015-02-01,2015,L7H9,Games and hobbies,Japan,967025.0,20614.0
2015-02-01,2015,L7H9,Games and hobbies,South Korea,151073.0,6270.0
2015-02-01,2015,L7H9,Games and hobbies,Taiwan,618942.0,53887.0
2015-03-01,2015,L7H9,Games and hobbies,China,14785324.0,1154278.0
2015-03-01,2015,L7H9,Games and hobbies,Hong Kong,15522153.0,615631.0
2015-03-01,2015,L7H9,Games and hobbies,Japan,1184973.0,25361.0
2015-03-01,2015,L7H9,Games and hobbies,South Korea,156633.0,7627.0
2015-03-01,2015,L7H9,Games and hobbies,Taiwan,471539.0,39502.0
2015-04-01,2015,L7H9,Games and hobbies,China,17202059.0,1227312.0
2015-04-01,2015,L7H9,Games and hobbies,Hong Kong,12322724.0,403464.0
2015-04-01,2015,L7H9,Games and hobbies,Japan,829014.0,10479.0
2015-04-01,2015,L7H9,Games and hobbies,South Korea,307084.0,13381.0
2015-04-01,2015,L7H9,Games and hobbies,Taiwan,360361.0,54411.0
2015-05-01,2015,L7H9,Games and hobbies,China,20949589.0,2043556.0
2015-05-01,2015,L7H9,Games and hobbies,Hong Kong,3350200.0,213352.0
2015-05-01,2015,L7H9,Games and hobbies,Japan,371410.0,5429.0
2015-05-01,2015,L7H9,Games and hobbies,South Korea,199371.0,11029.0
2015-05-01,2015,L7H9,Games and hobbies,Taiwan,357055.0,68441.0
2015-06-01,2015,L7H9,Games and hobbies,China,19147924.0,1540823.0
2015-06-01,2015,L7H9,Games and hobbies,Hong Kong,9829372.0,407205.0
2015-06-01,2015,L7H9,Games and hobbies,Japan,584729.0,9046.0
2015-06-01,2015,L7H9,Games and hobbies,South Korea,171946.0,3998.0
2015-06-01,2015,L7H9,Games and hobbies,Taiwan,426416.0,43499.0
2015-07-01,2015,L7H9,Games and hobbies,China,31626583.0,2325103.0
2015-07-01,2015,L7H9,Games and hobbies,Hong Kong,16203289.0,796379.0
2015-07-01,2015,L7H9,Games and hobbies,Japan,812912.0,17918.0
2015-07-01,2015,L7H9,Games and hobbies,South Korea,167292.0,11206.0
2015-07-01,2015,L7H9,Games and hobbies,Taiwan,622614.0,72357.0
2015-08-01,2015,L7H9,Games and hobbies,China,61344115.0,4234285.0
2015-08-01,2015,L7H9,Games and hobbies,Hong Kong,15048521.0,719727.0
2015-08-01,2015,L7H9,Games and hobbies,Japan,571497.0,6655.0
2015-08-01,2015,L7H9,Games and hobbies,South Korea,136928.0,4220.0
2015-08-01,2015,L7H9,Games and hobbies,Taiwan,370692.0,27941.0
2015-09-01,2015,L7H9,Games and hobbies,China,62133431.0,4752057.0
2015-09-01,2015,L7H9,Games and hobbies,Hong Kong,19171879.0,1013783.0
2015-09-01,2015,L7H9,Games and hobbies,Japan,676335.0,8781.0
2015-09-01,2015,L7H9,Games and hobbies,South Korea,265688.0,27333.0
2015-09-01,2015,L7H9,Games and hobbies,Taiwan,1328332.0,44561.0
2015-10-01,2015,L7H9,Games and hobbies,China,110438818.0,6076990.0
2015-10-01,2015,L7H9,Games and hobbies,Hong Kong,8533545.0,613357.0
2015-10-01,2015,L7H9,Games and hobbies,Japan,921085.0,16631.0
2015-10-01,2015,L7H9,Games and hobbies,South Korea,170837.0,4331.0
2015-10-01,2015,L7H9,Games and hobbies,Taiwan,666891.0,80181.0
2015-11-01,2015,L7H9,Games and hobbies,China,122692737.0,5022329.0
2015-11-01,2015,L7H9,Games and hobbies,Hong Kong,6662812.0,543551.0
2015-11-01,2015,L7H9,Games and hobbies,Japan,469239.0,11168.0
2015-11-01,2015,L7H9,Games and hobbies,South Korea,279108.0,11211.0
2015-11-01,2015,L7H9,Games and hobbies,Taiwan,1541863.0,59755.0
2015-12-01,2015,L7H9,Games and hobbies,China,43306741.0,2228292.0
2015-12-01,2015,L7H9,Games and hobbies,Hong Kong,8785540.0,507484.0
2015-12-01,2015,L7H9,Games and hobbies,Japan,679702.0,24189.0
2015-12-01,2015,L7H9,Games and hobbies,South Korea,334697.0,15197.0
2015-12-01,2015,L7H9,Games and hobbies,Taiwan,1641875.0,62802.0
2016-01-01,2016,L7H9,Games and hobbies,China,34418328.0,1541636.0
2016-01-01,2016,L7H9,Games and hobbies,Hong Kong,2455117.0,206264.0
2016-01-01,2016,L7H9,Games and hobbies,Japan,615193.0,19551.0
2016-01-01,2016,L7H9,Games and hobbies,South Korea,112003.0,2278.0
2016-01-01,2016,L7H9,Games and hobbies,Taiwan,794585.0,47806.0
2016-02-01,2016,L7H9,Games and hobbies,China,19698872.0,1261310.0
2016-02-01,2016,L7H9,Games and hobbies,Hong Kong,1397491.0,170589.0
2016-02-01,2016,L7H9,Games and hobbies,Japan,830694.0,11120.0
2016-02-01,2016,L7H9,Games and hobbies,South Korea,243891.0,10485.0
2016-02-01,2016,L7H9,Games and hobbies,Taiwan,801886.0,40159.0
2016-03-01,2016,L7H9,Games and hobbies,China,8479694.0,831746.0
2016-03-01,2016,L7H9,Games and hobbies,Hong Kong,1374528.0,126021.0
2016-03-01,2016,L7H9,Games and hobbies,Japan,768561.0,19016.0
2016-03-01,2016,L7H9,Games and hobbies,South Korea,569141.0,29343.0
2016-03-01,2016,L7H9,Games and hobbies,Taiwan,626615.0,52804.0
2016-04-01,2016,L7H9,Games and hobbies,China,14755906.0,1035360.0
2016-04-01,2016,L7H9,Games and hobbies,Hong Kong,2059090.0,137657.0
2016-04-01,2016,L7H9,Games and hobbies,Japan,886109.0,17552.0
2016-04-01,2016,L7H9,Games and hobbies,South Korea,266497.0,10741.0
2016-04-01,2016,L7H9,Games and hobbies,Taiwan,887574.0,27167.0
2016-05-01,2016,L7H9,Games and hobbies,China,20518253.0,1422574.0
2016-05-01,2016,L7H9,Games and hobbies,Hong Kong,2494711.0,183444.0
2016-05-01,2016,L7H9,Games and hobbies,Japan,430593.0,7761.0
2016-05-01,2016,L7H9,Games and hobbies,South Korea,464727.0,29242.0
2016-05-01,2016,L7H9,Games and hobbies,Taiwan,1015694.0,90412.0
2016-06-01,2016,L7H9,Games and hobbies,China,13656568.0,1594099.0
2016-06-01,2016,L7H9,Games and hobbies,Hong Kong,2093080.0,113269.0
2016-06-01,2016,L7H9,Games and hobbies,Japan,508485.0,9305.0
2016-06-01,2016,L7H9,Games and hobbies,South Korea,499227.0,15585.0
2016-06-01,2016,L7H9,Games and hobbies,Taiwan,469790.0,21329.0
2016-07-01,2016,L7H9,Games and hobbies,China,19209713.0,1988563.0
2016-07-01,2016,L7H9,Games and hobbies,Hong Kong,1923188.0,147866.0
2016-07-01,2016,L7H9,Games and hobbies,Japan,1109629.0,11211.0
2016-07-01,2016,L7H9,Games and hobbies,South Korea,268992.0,13353.0
2016-07-01,2016,L7H9,Games and hobbies,Taiwan,300129.0,30370.0
2016-08-01,2016,L7H9,Games and hobbies,China,82208311.0,3329287.0
2016-08-01,2016,L7H9,Games and hobbies,Hong Kong,3224430.0,410440.0
2016-08-01,2016,L7H9,Games and hobbies,Japan,617672.0,9699.0
2016-08-01,2016,L7H9,Games and hobbies,South Korea,1155757.0,32302.0
2016-08-01,2016,L7H9,Games and hobbies,Taiwan,699499.0,62590.0
2016-09-01,2016,L7H9,Games and hobbies,China,69849845.0,3851566.0
2016-09-01,2016,L7H9,Games and hobbies,Hong Kong,12814151.0,684112.0
2016-09-01,2016,L7H9,Games and hobbies,Japan,298833.0,10631.0
2016-09-01,2016,L7H9,Games and hobbies,South Korea,278833.0,8616.0
2016-09-01,2016,L7H9,Games and hobbies,Taiwan,910740.0,69647.0
2016-10-01,2016,L7H9,Games and hobbies,China,104325085.0,4720747.0
2016-10-01,2016,L7H9,Games and hobbies,Hong Kong,12386307.0,620389.0
2016-10-01,2016,L7H9,Games and hobbies,Japan,302918.0,4887.0
2016-10-01,2016,L7H9,Games and hobbies,South Korea,294957.0,8395.0
2016-10-01,2016,L7H9,Games and hobbies,Taiwan,266532.0,32786.0
2016-11-01,2016,L7H9,Games and hobbies,China,81205699.0,4746675.0
2016-11-01,2016,L7H9,Games and hobbies,Hong Kong,4517378.0,361993.0
2016-11-01,2016,L7H9,Games and hobbies,Japan,428042.0,9226.0
2016-11-01,2016,L7H9,Games and hobbies,South Korea,341788.0,11807.0
2016-11-01,2016,L7H9,Games and hobbies,Taiwan,604471.0,108186.0
2016-12-01,2016,L7H9,Games and hobbies,China,101910633.0,3538292.0
2016-12-01,2016,L7H9,Games and hobbies,Hong Kong,9339549.0,444471.0
2016-12-01,2016,L7H9,Games and hobbies,Japan,422309.0,8887.0
2016-12-01,2016,L7H9,Games and hobbies,South Korea,237608.0,9282.0
2016-12-01,2016,L7H9,Games and hobbies,Taiwan,891590.0,90463.0
2017-01-01,2017,L7H9,Games and hobbies,China,16257906.0,1410851.0
2017-01-01,2017,L7H9,Games and hobbies,Hong Kong,5626159.0,293004.0
2017-01-01,2017,L7H9,Games and hobbies,Japan,363134.0,6589.0
2017-01-01,2017,L7H9,Games and hobbies,South Korea,319029.0,10241.0
2017-01-01,2017,L7H9,Games and hobbies,Taiwan,985905.0,57892.0
2017-02-01,2017,L7H9,Games and hobbies,China,21542430.0,1230257.0
2017-02-01,2017,L7H9,Games and hobbies,Hong Kong,3756806.0,237581.0
2017-02-01,2017,L7H9,Games and hobbies,Japan,1478600.0,10638.0
2017-02-01,2017,L7H9,Games and hobbies,South Korea,162847.0,2674.0
2017-02-01,2017,L7H9,Games and hobbies,Taiwan,454596.0,33644.0
2017-03-01,2017,L7H9,Games and hobbies,China,25517094.0,1163347.0
2017-03-01,2017,L7H9,Games and hobbies,Hong Kong,1974162.0,139317.0
2017-03-01,2017,L7H9,Games and hobbies,Japan,1119497.0,11160.0
2017-03-01,2017,L7H9,Games and hobbies,South Korea,348618.0,12025.0
2017-03-01,2017,L7H9,Games and hobbies,Taiwan,1889816.0,70791.0
2017-04-01,2017,L7H9,Games and hobbies,China,36633059.0,1493223.0
2017-04-01,2017,L7H9,Games and hobbies,Hong Kong,2425857.0,179916.0
2017-04-01,2017,L7H9,Games and hobbies,Japan,527377.0,10367.0
2017-04-01,2017,L7H9,Games and hobbies,South Korea,719557.0,28871.0
2017-04-01,2017,L7H9,Games and hobbies,Taiwan,651715.0,9321.0
2017-05-01,2017,L7H9,Games and hobbies,China,23094954.0,1707710.0
2017-05-01,2017,L7H9,Games and hobbies,Hong Kong,2247628.0,181460.0
2017-05-01,2017,L7H9,Games and hobbies,Japan,1078103.0,13118.0
2017-05-01,2017,L7H9,Games and hobbies,South Korea,377853.0,12115.0
2017-05-01,2017,L7H9,Games and hobbies,Taiwan,751485.0,48190.0
2017-06-01,2017,L7H9,Games and hobbies,China,14627364.0,1402038.0
2017-06-01,2017,L7H9,Games and hobbies,Hong Kong,2093350.0,167519.0
2017-06-01,2017,L7H9,Games and hobbies,Japan,806824.0,13739.0
2017-06-01,2017,L7H9,Games and hobbies,South Korea,573488.0,16557.0
2017-06-01,2017,L7H9,Games and hobbies,Taiwan,731577.0,22781.0
2017-07-01,2017,L7H9,Games and hobbies,China,31494112.0,2043157.0
2017-07-01,2017,L7H9,Games and hobbies,Hong Kong,2139539.0,176786.0
2017-07-01,2017,L7H9,Games and hobbies,Japan,1010307.0,10230.0
2017-07-01,2017,L7H9,Games and hobbies,South Korea,276816.0,5116.0
2017-07-01,2017,L7H9,Games and hobbies,Taiwan,792598.0,20204.0
2017-08-01,2017,L7H9,Games and hobbies,China,55634640.0,3007079.0
2017-08-01,2017,L7H9,Games and hobbies,Hong Kong,2661220.0,326328.0
2017-08-01,2017,L7H9,Games and hobbies,Japan,525111.0,9299.0
2017-08-01,2017,L7H9,Games and hobbies,South Korea,445766.0,6471.0
2017-08-01,2017,L7H9,Games and hobbies,Taiwan,594288.0,29373.0
2017-09-01,2017,L7H9,Games and hobbies,China,70687287.0,4252535.0
2017-09-01,2017,L7H9,Games and hobbies,Hong Kong,4480867.0,348643.0
2017-09-01,2017,L7H9,Games and hobbies,Japan,448311.0,6960.0
2017-09-01,2017,L7H9,Games and hobbies,South Korea,529468.0,13625.0
2017-09-01,2017,L7H9,Games and hobbies,Taiwan,508641.0,45708.0
2017-10-01,2017,L7H9,Games and hobbies,China,144269316.0,5559364.0
2017-10-01,2017,L7H9,Games and hobbies,Hong Kong,4062989.0,351341.0
2017-10-01,2017,L7H9,Games and hobbies,Japan,1136300.0,9179.0
2017-10-01,2017,L7H9,Games and hobbies,South Korea,263988.0,9893.0
2017-10-01,2017,L7H9,Games and hobbies,Taiwan,493813.0,59137.0
2017-11-01,2017,L7H9,Games and hobbies,China,198182952.0,6303139.0
2017-11-01,2017,L7H9,Games and hobbies,Hong Kong,2539244.0,294661.0
2017-11-01,2017,L7H9,Games and hobbies,Japan,669536.0,10754.0
2017-11-01,2017,L7H9,Games and hobbies,South Korea,685329.0,12447.0
2017-11-01,2017,L7H9,Games and hobbies,Taiwan,440776.0,60838.0
2017-12-01,2017,L7H9,Games and hobbies,China,73364803.0,2886232.0
2017-12-01,2017,L7H9,Games and hobbies,Hong Kong,1860649.0,144526.0
2017-12-01,2017,L7H9,Games and hobbies,Japan,674420.0,11611.0
2017-12-01,2017,L7H9,Games and hobbies,South Korea,277417.0,7704.0
2017-12-01,2017,L7H9,Games and hobbies,Taiwan,428758.0,30419.0
2018-01-01,2018,L7H9,Games and hobbies,China,46868531.0,2213097.0
2018-01-01,2018,L7H9,Games and hobbies,Hong Kong,2045223.0,121349.0
2018-01-01,2018,L7H9,Games and hobbies,Japan,355910.0,7349.0
2018-01-01,2018,L7H9,Games and hobbies,South Korea,549060.0,12559.0
2018-01-01,2018,L7H9,Games and hobbies,Taiwan,404164.0,38664.0
2018-02-01,2018,L7H9,Games and hobbies,China,22723161.0,1526488.0
2018-02-01,2018,L7H9,Games and hobbies,Hong Kong,1535677.0,152583.0
2018-02-01,2018,L7H9,Games and hobbies,Japan,859032.0,11499.0
2018-02-01,2018,L7H9,Games and hobbies,South Korea,492880.0,19117.0
2018-02-01,2018,L7H9,Games and hobbies,Taiwan,341136.0,34460.0
2018-03-01,2018,L7H9,Games and hobbies,China,33769644.0,1936847.0
2018-03-01,2018,L7H9,Games and hobbies,Hong Kong,1821435.0,151855.0
2018-03-01,2018,L7H9,Games and hobbies,Japan,847973.0,11169.0
2018-03-01,2018,L7H9,Games and hobbies,South Korea,876257.0,40513.0
2018-03-01,2018,L7H9,Games and hobbies,Taiwan,266035.0,15725.0
2018-04-01,2018,L7H9,Games and hobbies,China,21786016.0,1154615.0
2018-04-01,2018,L7H9,Games and hobbies,Hong Kong,2209123.0,110732.0
2018-04-01,2018,L7H9,Games and hobbies,Japan,1052292.0,11586.0
2018-04-01,2018,L7H9,Games and hobbies,South Korea,461504.0,14835.0
2018-04-01,2018,L7H9,Games and hobbies,Taiwan,466531.0,12710.0
2018-05-01,2018,L7H9,Games and hobbies,China,33980408.0,1889503.0
2018-05-01,2018,L7H9,Games and hobbies,Hong Kong,2172729.0,130029.0
2018-05-01,2018,L7H9,Games and hobbies,Japan,1104938.0,8887.0
2018-05-01,2018,L7H9,Games and hobbies,South Korea,256552.0,7350.0
2018-05-01,2018,L7H9,Games and hobbies,Taiwan,419184.0,15591.0
2018-06-01,2018,L7H9,Games and hobbies,China,15814356.0,1654556.0
2018-06-01,2018,L7H9,Games and hobbies,Hong Kong,3105061.0,239156.0
2018-06-01,2018,L7H9,Games and hobbies,Japan,891930.0,8911.0
2018-06-01,2018,L7H9,Games and hobbies,South Korea,308549.0,12754.0
2018-06-01,2018,L7H9,Games and hobbies,Taiwan,185077.0,8120.0
2018-07-01,2018,L7H9,Games and hobbies,China,56675410.0,2873416.0
2018-07-01,2018,L7H9,Games and hobbies,Hong Kong,2814584.0,216850.0
2018-07-01,2018,L7H9,Games and hobbies,Japan,4050569.0,24694.0
2018-07-01,2018,L7H9,Games and hobbies,South Korea,303813.0,11628.0
2018-07-01,2018,L7H9,Games and hobbies,Taiwan,567382.0,43362.0
2018-08-01,2018,L7H9,Games and hobbies,China,82499313.0,3234884.0
2018-08-01,2018,L7H9,Games and hobbies,Hong Kong,3264780.0,341518.0
2018-08-01,2018,L7H9,Games and hobbies,Japan,847684.0,8101.0
2018-08-01,2018,L7H9,Games and hobbies,South Korea,378049.0,9669.0
2018-08-01,2018,L7H9,Games and hobbies,Taiwan,153742.0,13346.0
2018-09-01,2018,L7H9,Games and hobbies,China,131211140.0,5165814.0
2018-09-01,2018,L7H9,Games and hobbies,Hong Kong,4528996.0,362273.0
2018-09-01,2018,L7H9,Games and hobbies,Japan,6944024.0,17299.0
2018-09-01,2018,L7H9,Games and hobbies,South Korea,599487.0,12473.0
2018-09-01,2018,L7H9,Games and hobbies,Taiwan,661751.0,73688.0
2018-10-01,2018,L7H9,Games and hobbies,China,90171014.0,5235271.0
2018-10-01,2018,L7H9,Games and hobbies,Hong Kong,3458937.0,334913.0
2018-10-01,2018,L7H9,Games and hobbies,Japan,1776872.0,32024.0
2018-10-01,2018,L7H9,Games and hobbies,South Korea,432978.0,6541.0
2018-10-01,2018,L7H9,Games and hobbies,Taiwan,625563.0,42196.0
2018-11-01,2018,L7H9,Games and hobbies,China,84574491.0,5109490.0
2018-11-01,2018,L7H9,Games and hobbies,Hong Kong,2838033.0,213090.0
2018-11-01,2018,L7H9,Games and hobbies,Japan,1816902.0,21327.0
2018-11-01,2018,L7H9,Games and hobbies,South Korea,366466.0,5135.0
2018-11-01,2018,L7H9,Games and hobbies,Taiwan,643355.0,38917.0
2018-12-01,2018,L7H9,Games and hobbies,China,40129708.0,2132754.0
2018-12-01,2018,L7H9,Games and hobbies,Hong Kong,2635318.0,158505.0
2018-12-01,2018,L7H9,Games and hobbies,Japan,1634686.0,8112.0
2018-12-01,2018,L7H9,Games and hobbies,South Korea,412695.0,20714.0
2018-12-01,2018,L7H9,Games and hobbies,Taiwan,280815.0,20084.0
2019-01-01,2019,L7H9,Games and hobbies,China,29164651.0,1990212.0
2019-01-01,2019,L7H9,Games and hobbies,Hong Kong,2721175.0,175426.0
2019-01-01,2019,L7H9,Games and hobbies,Japan,1249795.0,12733.0
2019-01-01,2019,L7H9,Games and hobbies,South Korea,217631.0,8807.0
2019-01-01,2019,L7H9,Games and hobbies,Taiwan,998824.0,60469.0
2019-02-01,2019,L7H9,Games and hobbies,China,24606967.0,1700598.0
2019-02-01,2019,L7H9,Games and hobbies,Hong Kong,936594.0,103647.0
2019-02-01,2019,L7H9,Games and hobbies,Japan,1224640.0,7912.0
2019-02-01,2019,L7H9,Games and hobbies,South Korea,182609.0,11315.0
2019-02-01,2019,L7H9,Games and hobbies,Taiwan,691448.0,47099.0
2019-03-01,2019,L7H9,Games and hobbies,China,30337699.0,1347164.0
2019-03-01,2019,L7H9,Games and hobbies,Hong Kong,1440486.0,163330.0
2019-03-01,2019,L7H9,Games and hobbies,Japan,1681176.0,12437.0
2019-03-01,2019,L7H9,Games and hobbies,South Korea,531658.0,26857.0
2019-03-01,2019,L7H9,Games and hobbies,Taiwan,6745965.0,145329.0
2019-04-01,2019,L7H9,Games and hobbies,China,21389835.0,1178622.0
2019-04-01,2019,L7H9,Games and hobbies,Hong Kong,1264491.0,71012.0
2019-04-01,2019,L7H9,Games and hobbies,Japan,1690174.0,11883.0
2019-04-01,2019,L7H9,Games and hobbies,South Korea,383018.0,20328.0
2019-04-01,2019,L7H9,Games and hobbies,Taiwan,3576793.0,64561.0
2019-05-01,2019,L7H9,Games and hobbies,China,25762068.0,1676637.0
2019-05-01,2019,L7H9,Games and hobbies,Hong Kong,1464732.0,94556.0
2019-05-01,2019,L7H9,Games and hobbies,Japan,1382172.0,5660.0
2019-05-01,2019,L7H9,Games and hobbies,South Korea,730828.0,19415.0
2019-05-01,2019,L7H9,Games and hobbies,Taiwan,306469.0,17376.0
2019-06-01,2019,L7H9,Games and hobbies,China,28068572.0,1685918.0
2019-06-01,2019,L7H9,Games and hobbies,Hong Kong,1440885.0,188493.0
2019-06-01,2019,L7H9,Games and hobbies,Japan,846758.0,8334.0
2019-06-01,2019,L7H9,Games and hobbies,South Korea,872816.0,20991.0
2019-06-01,2019,L7H9,Games and hobbies,Taiwan,747857.0,62649.0
2019-07-01,2019,L7H9,Games and hobbies,China,36020340.0,2268038.0
2019-07-01,2019,L7H9,Games and hobbies,Hong Kong,2762747.0,189172.0
2019-07-01,2019,L7H9,Games and hobbies,Japan,973808.0,18876.0
2019-07-01,2019,L7H9,Games and hobbies,South Korea,538281.0,14975.0
2019-07-01,2019,L7H9,Games and hobbies,Taiwan,640992.0,35633.0
2019-08-01,2019,L7H9,Games and hobbies,China,53197107.0,2962735.0
2019-08-01,2019,L7H9,Games and hobbies,Hong Kong,4360961.0,286758.0
2019-08-01,2019,L7H9,Games and hobbies,Japan,1943983.0,5637.0
2019-08-01,2019,L7H9,Games and hobbies,South Korea,528054.0,6669.0
2019-08-01,2019,L7H9,Games and hobbies,Taiwan,506074.0,21996.0
2019-09-01,2019,L7H9,Games and hobbies,China,114706155.0,4191684.0
2019-09-01,2019,L7H9,Games and hobbies,Hong Kong,30965541.0,633517.0
2019-09-01,2019,L7H9,Games and hobbies,Japan,7224537.0,4560.0
2019-09-01,2019,L7H9,Games and hobbies,South Korea,788473.0,22554.0
2019-09-01,2019,L7H9,Games and hobbies,Taiwan,704929.0,105478.0
2019-10-01,2019,L7H9,Games and hobbies,China,119329950.0,5248702.0
2019-10-01,2019,L7H9,Games and hobbies,Hong Kong,20900608.0,486968.0
2019-10-01,2019,L7H9,Games and hobbies,Japan,3507894.0,5526.0
2019-10-01,2019,L7H9,Games and hobbies,South Korea,252259.0,5644.0
2019-10-01,2019,L7H9,Games and hobbies,Taiwan,1044333.0,87181.0
2019-11-01,2019,L7H9,Games and hobbies,China,77370136.0,4439692.0
2019-11-01,2019,L7H9,Games and hobbies,Hong Kong,5571677.0,340615.0
2019-11-01,2019,L7H9,Games and hobbies,Japan,3256622.0,19105.0
2019-11-01,2019,L7H9,Games and hobbies,South Korea,238720.0,22863.0
2019-11-01,2019,L7H9,Games and hobbies,Taiwan,357839.0,24092.0
2019-12-01,2019,L7H9,Games and hobbies,China,27077311.0,1762244.0
2019-12-01,2019,L7H9,Games and hobbies,Hong Kong,2965431.0,147695.0
2019-12-01,2019,L7H9,Games and hobbies,Japan,424467.0,6095.0
2019-12-01,2019,L7H9,Games and hobbies,South Korea,239395.0,20914.0
2019-12-01,2019,L7H9,Games and hobbies,Taiwan,164479.0,7845.0
2020-01-01,2020,L7H9,Games and hobbies,China,22816299.0,2120269.0
2020-01-01,2020,L7H9,Games and hobbies,Hong Kong,6701249.0,178420.0
2020-01-01,2020,L7H9,Games and hobbies,Japan,1850088.0,7021.0
2020-01-01,2020,L7H9,Games and hobbies,South Korea,1545855.0,18597.0
2020-01-01,2020,L7H9,Games and hobbies,Taiwan,422452.0,25754.0
2020-02-01,2020,L7H9,Games and hobbies,China,16973431.0,1482669.0
2020-02-01,2020,L7H9,Games and hobbies,Hong Kong,795087.0,90896.0
2020-02-01,2020,L7H9,Games and hobbies,Japan,1625738.0,1769.0
2020-02-01,2020,L7H9,Games and hobbies,South Korea,124237.0,2190.0
2020-02-01,2020,L7H9,Games and hobbies,Taiwan,558898.0,30003.0
2020-03-01,2020,L7H9,Games and hobbies,China,23072043.0,5021913.0
2020-03-01,2020,L7H9,Games and hobbies,Hong Kong,545042.0,72700.0
2020-03-01,2020,L7H9,Games and hobbies,Japan,2449326.0,5169.0
2020-03-01,2020,L7H9,Games and hobbies,South Korea,361635.0,18076.0
2020-03-01,2020,L7H9,Games and hobbies,Taiwan,154057.0,4670.0
2020-04-01,2020,L7H9,Games and hobbies,China,39244522.0,2098970.0
2020-04-01,2020,L7H9,Games and hobbies,Hong Kong,1625057.0,105680.0
2020-04-01,2020,L7H9,Games and hobbies,Japan,2171642.0,58400.0
2020-04-01,2020,L7H9,Games and hobbies,South Korea,144121.0,11726.0
2020-04-01,2020,L7H9,Games and hobbies,Taiwan,321265.0,10409.0
2020-05-01,2020,L7H9,Games and hobbies,China,24078115.0,1492787.0
2020-05-01,2020,L7H9,Games and hobbies,Hong Kong,1070412.0,97149.0
2020-05-01,2020,L7H9,Games and hobbies,Japan,1907466.0,12094.0
2020-05-01,2020,L7H9,Games and hobbies,South Korea,95705.0,5444.0
2020-05-01,2020,L7H9,Games and hobbies,Taiwan,195743.0,11027.0
2020-06-01,2020,L7H9,Games and hobbies,China,37175234.0,2110497.0
2020-06-01,2020,L7H9,Games and hobbies,Hong Kong,1603237.0,189032.0
2020-06-01,2020,L7H9,Games and hobbies,Japan,1189138.0,3114.0
2020-06-01,2020,L7H9,Games and hobbies,South Korea,95360.0,14868.0
2020-06-01,2020,L7H9,Games and hobbies,Taiwan,249660.0,14594.0
2020-07-01,2020,L7H9,Games and hobbies,China,46058752.0,2949634.0
2020-07-01,2020,L7H9,Games and hobbies,Hong Kong,3852937.0,234794.0
2020-07-01,2020,L7H9,Games and hobbies,Japan,1215403.0,3009.0
2020-07-01,2020,L7H9,Games and hobbies,South Korea,52319.0,10206.0
2020-07-01,2020,L7H9,Games and hobbies,Taiwan,236051.0,10037.0
2020-08-01,2020,L7H9,Games and hobbies,China,50932415.0,2759048.0
2020-08-01,2020,L7H9,Games and hobbies,Hong Kong,3931259.0,372696.0
2020-08-01,2020,L7H9,Games and hobbies,Japan,1341500.0,4963.0
2020-08-01,2020,L7H9,Games and hobbies,South Korea,25331.0,4305.0
2020-08-01,2020,L7H9,Games and hobbies,Taiwan,355140.0,36694.0
2020-09-01,2020,L7H9,Games and hobbies,China,117604224.0,4389048.0
2020-09-01,2020,L7H9,Games and hobbies,Hong Kong,30935261.0,722950.0
2020-09-01,2020,L7H9,Games and hobbies,Japan,10112215.0,11572.0
2020-09-01,2020,L7H9,Games and hobbies,South Korea,150627.0,12730.0
2020-09-01,2020,L7H9,Games and hobbies,Taiwan,120821.0,18616.0
2020-10-01,2020,L7H9,Games and hobbies,China,204306921.0,5538993.0
2020-10-01,2020,L7H9,Games and hobbies,Hong Kong,3389537.0,416566.0
2020-10-01,2020,L7H9,Games and hobbies,Japan,3645711.0,5735.0
2020-10-01,2020,L7H9,Games and hobbies,South Korea,153177.0,13948.0
2020-10-01,2020,L7H9,Games and hobbies,Taiwan,10398403.0,215209.0
2020-11-01,2020,L7H9,Games and hobbies,China,206928019.0,5866521.0
2020-11-01,2020,L7H9,Games and hobbies,Hong Kong,3045933.0,442548.0
2020-11-01,2020,L7H9,Games and hobbies,Japan,1165608.0,6785.0
2020-11-01,2020,L7H9,Games and hobbies,South Korea,142077.0,19856.0
2020-11-01,2020,L7H9,Games and hobbies,Taiwan,10272734.0,191278.0
2020-12-01,2020,L7H9,Games and hobbies,China,130997462.0,3914082.0
2020-12-01,2020,L7H9,Games and hobbies,Hong Kong,2812260.0,334063.0
2020-12-01,2020,L7H9,Games and hobbies,Japan,2160541.0,13564.0
2020-12-01,2020,L7H9,Games and hobbies,South Korea,148817.0,6525.0
2020-12-01,2020,L7H9,Games and hobbies,Taiwan,1874413.0,48337.0
2021-01-01,2021,L7H9,Games and hobbies,China,71137320.0,2542247.0
2021-01-01,2021,L7H9,Games and hobbies,Hong Kong,1730562.0,162123.0
2021-01-01,2021,L7H9,Games and hobbies,Japan,502770.0,18746.0
2021-01-01,2021,L7H9,Games and hobbies,South Korea,51201.0,5299.0
2021-01-01,2021,L7H9,Games and hobbies,Taiwan,283590.0,27995.0
2021-02-01,2021,L7H9,Games and hobbies,China,134001140.0,3652801.0
2021-02-01,2021,L7H9,Games and hobbies,Hong Kong,2284036.0,245562.0
2021-02-01,2021,L7H9,Games and hobbies,Japan,777990.0,12709.0
2021-02-01,2021,L7H9,Games and hobbies,South Korea,130375.0,3649.0
2021-02-01,2021,L7H9,Games and hobbies,Taiwan,582517.0,16443.0
2021-03-01,2021,L7H9,Games and hobbies,China,91276372.0,3086554.0
2021-03-01,2021,L7H9,Games and hobbies,Hong Kong,2426084.0,175481.0
2021-03-01,2021,L7H9,Games and hobbies,Japan,539375.0,10409.0
2021-03-01,2021,L7H9,Games and hobbies,South Korea,28704.0,702.0
2021-03-01,2021,L7H9,Games and hobbies,Taiwan,620542.0,103245.0
2021-04-01,2021,L7H9,Games and hobbies,China,32273252.0,1827473.0
2021-04-01,2021,L7H9,Games and hobbies,Hong Kong,1551653.0,169306.0
2021-04-01,2021,L7H9,Games and hobbies,Japan,305755.0,6833.0
2021-04-01,2021,L7H9,Games and hobbies,South Korea,96962.0,3088.0
2021-04-01,2021,L7H9,Games and hobbies,Taiwan,160774.0,6711.0
2021-05-01,2021,L7H9,Games and hobbies,China,86798709.0,2578739.0
2021-05-01,2021,L7H9,Games and hobbies,Hong Kong,4248402.0,199851.0
2021-05-01,2021,L7H9,Games and hobbies,Japan,130290.0,6004.0
2021-05-01,2021,L7H9,Games and hobbies,South Korea,40335.0,588.0
2021-05-01,2021,L7H9,Games and hobbies,Taiwan,380679.0,11925.0
2021-06-01,2021,L7H9,Games and hobbies,China,69400825.0,3016274.0
2021-06-01,2021,L7H9,Games and hobbies,Hong Kong,2134667.0,164571.0
2021-06-01,2021,L7H9,Games and hobbies,Japan,551549.0,12210.0
2021-06-01,2021,L7H9,Games and hobbies,South Korea,29886.0,902.0
2021-06-01,2021,L7H9,Games and hobbies,Taiwan,271842.0,15371.0
2021-07-01,2021,L7H9,Games and hobbies,China,62665327.0,2631009.0
2021-07-01,2021,L7H9,Games and hobbies,Hong Kong,2709535.0,347079.0
2021-07-01,2021,L7H9,Games and hobbies,Japan,1022898.0,24739.0
2021-07-01,2021,L7H9,Games and hobbies,South Korea,92677.0,2159.0
2021-07-01,2021,L7H9,Games and hobbies,Taiwan,283938.0,8259.0
2021-08-01,2021,L7H9,Games and hobbies,China,87964025.0,3615613.0
2021-08-01,2021,L7H9,Games and hobbies,Hong Kong,2361923.0,339422.0
2021-08-01,2021,L7H9,Games and hobbies,Japan,1790260.0,34378.0
2021-08-01,2021,L7H9,Games and hobbies,South Korea,180799.0,4600.0
2021-08-01,2021,L7H9,Games and hobbies,Taiwan,394915.0,52954.0
2021-09-01,2021,L7H9,Games and hobbies,China,107967369.0,4778385.0
2021-09-01,2021,L7H9,Games and hobbies,Hong Kong,2918697.0,365966.0
2021-09-01,2021,L7H9,Games and hobbies,Japan,3055475.0,35841.0
2021-09-01,2021,L7H9,Games and hobbies,South Korea,179354.0,3758.0
2021-09-01,2021,L7H9,Games and hobbies,Taiwan,654601.0,61565.0
2021-10-01,2021,L7H9,Games and hobbies,China,130445392.0,4779490.0
2021-10-01,2021,L7H9,Games and hobbies,Hong Kong,2555315.0,383225.0
2021-10-01,2021,L7H9,Games and hobbies,Japan,832425.0,13120.0
2021-10-01,2021,L7H9,Games and hobbies,South Korea,179070.0,9533.0
2021-10-01,2021,L7H9,Games and hobbies,Taiwan,457532.0,59612.0
2021-11-01,2021,L7H9,Games and hobbies,China,185970241.0,5779892.0
2021-11-01,2021,L7H9,Games and hobbies,Hong Kong,5085173.0,655274.0
2021-11-01,2021,L7H9,Games and hobbies,Japan,821413.0,14184.0
2021-11-01,2021,L7H9,Games and hobbies,South Korea,204324.0,5505.0
2021-11-01,2021,L7H9,Games and hobbies,Taiwan,384894.0,32351.0
2021-12-01,2021,L7H9,Games and hobbies,China,154718991.0,4484914.0
2021-12-01,2021,L7H9,Games and hobbies,Hong Kong,4226568.0,344182.0
2021-12-01,2021,L7H9,Games and hobbies,Japan,912924.0,19208.0
2021-12-01,2021,L7H9,Games and hobbies,South Korea,450421.0,8239.0
2021-12-01,2021,L7H9,Games and hobbies,Taiwan,819702.0,54209.0
2022-01-01,2022,L7H9,Games and hobbies,China,58099157.0,3389156.0
2022-01-01,2022,L7H9,Games and hobbies,Hong Kong,2049399.0,246364.0
2022-01-01,2022,L7H9,Games and hobbies,Japan,306963.0,11631.0
2022-01-01,2022,L7H9,Games and hobbies,South Korea,281530.0,14700.0
2022-01-01,2022,L7H9,Games and hobbies,Taiwan,746187.0,42687.0
2022-02-01,2022,L7H9,Games and hobbies,China,48380557.0,2561973.0
2022-02-01,2022,L7H9,Games and hobbies,Hong Kong,1952183.0,141813.0
2022-02-01,2022,L7H9,Games and hobbies,Japan,556248.0,6863.0
2022-02-01,2022,L7H9,Games and hobbies,South Korea,317325.0,10859.0
2022-02-01,2022,L7H9,Games and hobbies,Taiwan,573439.0,47603.0
2022-03-01,2022,L7H9,Games and hobbies,China,79872173.0,3350901.0
2022-03-01,2022,L7H9,Games and hobbies,Hong Kong,2120657.0,257609.0
2022-03-01,2022,L7H9,Games and hobbies,Japan,260628.0,3235.0
2022-03-01,2022,L7H9,Games and hobbies,South Korea,209037.0,11353.0
2022-03-01,2022,L7H9,Games and hobbies,Taiwan,457210.0,29334.0
2022-04-01,2022,L7H9,Games and hobbies,China,47941151.0,1709140.0
2022-04-01,2022,L7H9,Games and hobbies,Hong Kong,1974080.0,190370.0
2022-04-01,2022,L7H9,Games and hobbies,Japan,141426.0,2179.0
2022-04-01,2022,L7H9,Games and hobbies,South Korea,669700.0,22645.0
2022-04-01,2022,L7H9,Games and hobbies,Taiwan,353432.0,24480.0
2022-05-01,2022,L7H9,Games and hobbies,China,78635481.0,2315861.0
2022-05-01,2022,L7H9,Games and hobbies,Hong Kong,1618109.0,174120.0
2022-05-01,2022,L7H9,Games and hobbies,Japan,999438.0,17258.0
2022-05-01,2022,L7H9,Games and hobbies,South Korea,557390.0,23778.0
2022-05-01,2022,L7H9,Games and hobbies,Taiwan,633840.0,45591.0
2022-06-01,2022,L7H9,Games and hobbies,China,112406643.0,3324129.0
2022-06-01,2022,L7H9,Games and hobbies,Hong Kong,2358923.0,302748.0
2022-06-01,2022,L7H9,Games and hobbies,Japan,377853.0,4357.0
2022-06-01,2022,L7H9,Games and hobbies,South Korea,394543.0,15000.0
2022-06-01,2022,L7H9,Games and hobbies,Taiwan,538029.0,42704.0
2022-07-01,2022,L7H9,Games and hobbies,China,77452851.0,3546703.0
2022-07-01,2022,L7H9,Games and hobbies,Hong Kong,2212464.0,240996.0
2022-07-01,2022,L7H9,Games and hobbies,Japan,448253.0,6459.0
2022-07-01,2022,L7H9,Games and hobbies,South Korea,565480.0,89005.0
2022-07-01,2022,L7H9,Games and hobbies,Taiwan,288858.0,28490.0
2022-08-01,2022,L7H9,Games and hobbies,China,132148058.0,4315350.0
2022-08-01,2022,L7H9,Games and hobbies,Hong Kong,2478187.0,126841.0
2022-08-01,2022,L7H9,Games and hobbies,Japan,412336.0,7755.0
2022-08-01,2022,L7H9,Games and hobbies,South Korea,306297.0,11662.0
2022-08-01,2022,L7H9,Games and hobbies,Taiwan,862919.0,51810.0
2022-09-01,2022,L7H9,Games and hobbies,China,142117549.0,4405807.0
2022-09-01,2022,L7H9,Games and hobbies,Hong Kong,8803172.0,255062.0
2022-09-01,2022,L7H9,Games and hobbies,Japan,1835882.0,3491.0
2022-09-01,2022,L7H9,Games and hobbies,South Korea,318176.0,8328.0
2022-09-01,2022,L7H9,Games and hobbies,Taiwan,654396.0,55972.0
2022-10-01,2022,L7H9,Games and hobbies,China,160708532.0,4778369.0
2022-10-01,2022,L7H9,Games and hobbies,Hong Kong,5675568.0,217317.0
2022-10-01,2022,L7H9,Games and hobbies,Japan,527987.0,8119.0
2022-10-01,2022,L7H9,Games and hobbies,South Korea,580393.0,15352.0
2022-10-01,2022,L7H9,Games and hobbies,Taiwan,477031.0,19778.0
2022-11-01,2022,L7H9,Games and hobbies,China,182473974.0,4699535.0
2022-11-01,2022,L7H9,Games and hobbies,Hong Kong,2752524.0,96605.0
2022-11-01,2022,L7H9,Games and hobbies,Japan,724020.0,17356.0
2022-11-01,2022,L7H9,Games and hobbies,South Korea,605811.0,26220.0
2022-11-01,2022,L7H9,Games and hobbies,Taiwan,794613.0,30578.0
2022-12-01,2022,L7H9,Games and hobbies,China,108497309.0,2538282.0
2022-12-01,2022,L7H9,Games and hobbies,Hong Kong,4375472.0,78884.0
2022-12-01,2022,L7H9,Games and hobbies,Japan,469098.0,4812.0
2022-12-01,2022,L7H9,Games and hobbies,South Korea,110630.0,2003.0
2022-12-01,2022,L7H9,Games and hobbies,Taiwan,629398.0,21052.0
2023-01-01,2023,L7H9,Games and hobbies,China,270551640.0,3746004.0
2023-01-01,2023,L7H9,Games and hobbies,Hong Kong,20268218.0,190921.0
2023-01-01,2023,L7H9,Games and hobbies,Japan,248539.0,4439.0
2023-01-01,2023,L7H9,Games and hobbies,South Korea,367744.0,12507.0
2023-01-01,2023,L7H9,Games and hobbies,Taiwan,480105.0,16013.0
2023-02-01,2023,L7H9,Games and hobbies,China,125672290.0,2686818.0
2023-02-01,2023,L7H9,Games and hobbies,Hong Kong,13593369.0,150606.0
2023-02-01,2023,L7H9,Games and hobbies,Japan,424986.0,7129.0
2023-02-01,2023,L7H9,Games and hobbies,South Korea,640258.0,23007.0
2023-02-01,2023,L7H9,Games and hobbies,Taiwan,774186.0,14874.0
2023-03-01,2023,L7H9,Games and hobbies,China,89286318.0,2021131.0
2023-03-01,2023,L7H9,Games and hobbies,Hong Kong,1401492.0,42830.0
2023-03-01,2023,L7H9,Games and hobbies,Japan,1198219.0,47023.0
2023-03-01,2023,L7H9,Games and hobbies,South Korea,602420.0,19643.0
2023-03-01,2023,L7H9,Games and hobbies,Taiwan,466026.0,11082.0
2023-04-01,2023,L7H9,Games and hobbies,China,124805515.0,2315186.0
2023-04-01,2023,L7H9,Games and hobbies,Hong Kong,17868232.0,168470.0
2023-04-01,2023,L7H9,Games and hobbies,Japan,631732.0,3960.0
2023-04-01,2023,L7H9,Games and hobbies,South Korea,684140.0,18059.0
2023-04-01,2023,L7H9,Games and hobbies,Taiwan,543747.0,44754.0
2023-05-01,2023,L7H9,Games and hobbies,China,118488784.0,2744513.0
2023-05-01,2023,L7H9,Games and hobbies,Hong Kong,3742319.0,133782.0
2023-05-01,2023,L7H9,Games and hobbies,Japan,929808.0,16158.0
2023-05-01,2023,L7H9,Games and hobbies,South Korea,406525.0,5381.0
2023-05-01,2023,L7H9,Games and hobbies,Taiwan,291099.0,2673.0
2023-06-01,2023,L7H9,Games and hobbies,China,117804916.0,2979132.0
2023-06-01,2023,L7H9,Games and hobbies,Hong Kong,2220207.0,249513.0
2023-06-01,2023,L7H9,Games and hobbies,Japan,1135812.0,10953.0
2023-06-01,2023,L7H9,Games and hobbies,South Korea,385358.0,12497.0
2023-06-01,2023,L7H9,Games and hobbies,Taiwan,441832.0,22618.0
2023-07-01,2023,L7H9,Games and hobbies,China,56378251.0,2038662.0
2023-07-01,2023,L7H9,Games and hobbies,Hong Kong,11547779.0,208167.0
2023-07-01,2023,L7H9,Games and hobbies,Japan,950364.0,9683.0
2023-07-01,2023,L7H9,Games and hobbies,South Korea,398921.0,11897.0
2023-07-01,2023,L7H9,Games and hobbies,Taiwan,416778.0,19597.0
2023-08-01,2023,L7H9,Games and hobbies,China,110982389.0,3865270.0
2023-08-01,2023,L7H9,Games and hobbies,Hong Kong,2802153.0,179134.0
2023-08-01,2023,L7H9,Games and hobbies,Japan,14074992.0,109121.0
2023-08-01,2023,L7H9,Games and hobbies,South Korea,949898.0,32953.0
2023-08-01,2023,L7H9,Games and hobbies,Taiwan,162003.0,6810.0
2023-09-01,2023,L7H9,Games and hobbies,China,159524448.0,4799026.0
2023-09-01,2023,L7H9,Games and hobbies,Hong Kong,2642896.0,142395.0
2023-09-01,2023,L7H9,Games and hobbies,Japan,18096695.0,142447.0
2023-09-01,2023,L7H9,Games and hobbies,South Korea,481660.0,11156.0
2023-09-01,2023,L7H9,Games and hobbies,Taiwan,258270.0,54747.0
2023-10-01,2023,L7H9,Games and hobbies,China,139090413.0,5021241.0
2023-10-01,2023,L7H9,Games and hobbies,Hong Kong,8663642.0,137151.0
2023-10-01,2023,L7H9,Games and hobbies,Japan,1033477.0,14190.0
2023-10-01,2023,L7H9,Games and hobbies,South Korea,187214.0,2773.0
2023-10-01,2023,L7H9,Games and hobbies,Taiwan,1607779.0,48960.0
2023-11-01,2023,L7H9,Games and hobbies,China,119109423.0,4083380.0
2023-11-01,2023,L7H9,Games and hobbies,Hong Kong,3509795.0,113707.0
2023-11-01,2023,L7H9,Games and hobbies,Japan,1291211.0,22736.0
2023-11-01,2023,L7H9,Games and hobbies,South Korea,329756.0,5036.0
2023-11-01,2023,L7H9,Games and hobbies,Taiwan,490038.0,14105.0
2023-12-01,2023,L7H9,Games and hobbies,China,96913574.0,2748899.0
2023-12-01,2023,L7H9,Games and hobbies,Hong Kong,1272798.0,130236.0
2023-12-01,2023,L7H9,Games and hobbies,Japan,807410.0,5477.0
2023-12-01,2023,L7H9,Games and hobbies,South Korea,189088.0,4288.0
2023-12-01,2023,L7H9,Games and hobbies,Taiwan,383099.0,22029.0
2024-01-01,2024,L7H9,Games and hobbies,China,33898610.0,1641083.0
2024-01-01,2024,L7H9,Games and hobbies,Hong Kong,597355.0,34860.0
2024-01-01,2024,L7H9,Games and hobbies,Japan,746660.0,7352.0
2024-01-01,2024,L7H9,Games and hobbies,South Korea,315839.0,11770.0
2024-01-01,2024,L7H9,Games and hobbies,Taiwan,502476.0,24572.0
2024-02-01,2024,L7H9,Games and hobbies,China,33622548.0,1511478.0
2024-02-01,2024,L7H9,Games and hobbies,Hong Kong,724185.0,37781.0
2024-02-01,2024,L7H9,Games and hobbies,Japan,593465.0,9503.0
2024-02-01,2024,L7H9,Games and hobbies,South Korea,244807.0,6417.0
2024-02-01,2024,L7H9,Games and hobbies,Taiwan,694736.0,45665.0
2024-03-01,2024,L7H9,Games and hobbies,China,27732166.0,2495353.0
2024-03-01,2024,L7H9,Games and hobbies,Hong Kong,1660543.0,198793.0
2024-03-01,2024,L7H9,Games and hobbies,Japan,961071.0,18192.0
2024-03-01,2024,L7H9,Games and hobbies,South Korea,724463.0,28246.0
2024-03-01,2024,L7H9,Games and hobbies,Taiwan,317864.0,6386.0
2024-04-01,2024,L7H9,Games and hobbies,China,29232552.0,1138975.0
2024-04-01,2024,L7H9,Games and hobbies,Hong Kong,1741691.0,78730.0
2024-04-01,2024,L7H9,Games and hobbies,Japan,1415032.0,29386.0
2024-04-01,2024,L7H9,Games and hobbies,South Korea,588987.0,20205.0
2024-04-01,2024,L7H9,Games and hobbies,Taiwan,461330.0,8102.0
2024-05-01,2024,L7H9,Games and hobbies,China,43539890.0,2211255.0
2024-05-01,2024,L7H9,Games and hobbies,Hong Kong,1425153.0,101836.0
2024-05-01,2024,L7H9,Games and hobbies,Japan,886986.0,14576.0
2024-05-01,2024,L7H9,Games and hobbies,South Korea,773619.0,28187.0
2024-05-01,2024,L7H9,Games and hobbies,Taiwan,576365.0,38153.0
2024-06-01,2024,L7H9,Games and hobbies,China,72008319.0,2800427.0
2024-06-01,2024,L7H9,Games and hobbies,Hong Kong,1582617.0,134493.0
2024-06-01,2024,L7H9,Games and hobbies,Japan,2365450.0,46321.0
2024-06-01,2024,L7H9,Games and hobbies,South Korea,301734.0,5353.0
2024-06-01,2024,L7H9,Games and hobbies,Taiwan,317216.0,16547.0
2024-07-01,2024,L7H9,Games and hobbies,China,50939402.0,2816691.0
2024-07-01,2024,L7H9,Games and hobbies,Hong Kong,5231361.0,237908.0
2024-07-01,2024,L7H9,Games and hobbies,Japan,1600786.0,32965.0
2024-07-01,2024,L7H9,Games and hobbies,South Korea,426410.0,11915.0
2024-07-01,2024,L7H9,Games and hobbies,Taiwan,333729.0,3952.0
2024-08-01,2024,L7H9,Games and hobbies,China,128812860.0,4670880.0
2024-08-01,2024,L7H9,Games and hobbies,Hong Kong,14491029.0,309056.0
2024-08-01,2024,L7H9,Games and hobbies,Japan,829096.0,11496.0
2024-08-01,2024,L7H9,Games and hobbies,South Korea,533011.0,19535.0
2024-08-01,2024,L7H9,Games and hobbies,Taiwan,448776.0,26620.0
2024-09-01,2024,L7H9,Games and hobbies,China,165739222.0,5462231.0
2024-09-01,2024,L7H9,Games and hobbies,Hong Kong,2092936.0,174920.0
2024-09-01,2024,L7H9,Games and hobbies,Japan,5520451.0,134260.0
2024-09-01,2024,L7H9,Games and hobbies,South Korea,449720.0,20143.0
2024-09-01,2024,L7H9,Games and hobbies,Taiwan,576551.0,23782.0
2024-10-01,2024,L7H9,Games and hobbies,China,127820375.0,5706989.0
2024-10-01,2024,L7H9,Games and hobbies,Hong Kong,1816072.0,206390.0
2024-10-01,2024,L7H9,Games and hobbies,Japan,2765202.0,47559.0
2024-10-01,2024,L7H9,Games and hobbies,South Korea,314992.0,9168.0
2024-10-01,2024,L7H9,Games and hobbies,Taiwan,416353.0,23428.0
2024-11-01,2024,L7H9,Games and hobbies,China,128056314.0,5652742.0
2024-11-01,2024,L7H9,Games and hobbies,Hong Kong,1760063.0,167987.0
2024-11-01,2024,L7H9,Games and hobbies,Japan,1709321.0,60571.0
2024-11-01,2024,L7H9,Games and hobbies,South Korea,434749.0,16651.0
2024-11-01,2024,L7H9,Games and hobbies,Taiwan,301109.0,16632.0
2024-12-01,2024,L7H9,Games and hobbies,China,53188009.0,3581488.0
2024-12-01,2024,L7H9,Games and hobbies,Hong Kong,1746152.0,110858.0
2024-12-01,2024,L7H9,Games and hobbies,Japan,2224601.0,17001.0
2024-12-01,2024,L7H9,Games and hobbies,South Korea,377659.0,15156.0
2024-12-01,2024,L7H9,Games and hobbies,Taiwan,397195.0,12360.0
2025-01-01,2025,L7H9,Games and hobbies,China,35442969.0,2440359.0
2025-01-01,2025,L7H9,Games and hobbies,Hong Kong,1253798.0,82510.0
2025-01-01,2025,L7H9,Games and hobbies,Japan,2601658.0,40469.0
2025-01-01,2025,L7H9,Games and hobbies,South Korea,657376.0,17489.0
2025-01-01,2025,L7H9,Games and hobbies,Taiwan,525416.0,27056.0
2025-02-01,2025,L7H9,Games and hobbies,China,42907207.0,2940042.0
2025-02-01,2025,L7H9,Games and hobbies,Hong Kong,969386.0,61835.0
2025-02-01,2025,L7H9,Games and hobbies,Japan,2347744.0,30818.0
2025-02-01,2025,L7H9,Games and hobbies,South Korea,438065.0,13044.0
2025-02-01,2025,L7H9,Games and hobbies,Taiwan,371743.0,18202.0
2025-03-01,2025,L7H9,Games and hobbies,China,52747577.0,2743763.0
2025-03-01,2025,L7H9,Games and hobbies,Hong Kong,1508994.0,80176.0
2025-03-01,2025,L7H9,Games and hobbies,Japan,1643510.0,18398.0
2025-03-01,2025,L7H9,Games and hobbies,South Korea,900576.0,34221.0
2025-03-01,2025,L7H9,Games and hobbies,Taiwan,506545.0,26227.0
2025-04-01,2025,L7H9,Games and hobbies,China,60549172.0,2624636.0
2025-04-01,2025,L7H9,Games and hobbies,Hong Kong,2362751.0,91010.0
2025-04-01,2025,L7H9,Games and hobbies,Japan,2674089.0,64531.0
2025-04-01,2025,L7H9,Games and hobbies,South Korea,465963.0,25446.0
2025-04-01,2025,L7H9,Games and hobbies,Taiwan,525237.0,8646.0
2025-05-01,2025,L7H9,Games and hobbies,China,98176824.0,2852892.0
2025-05-01,2025,L7H9,Games and hobbies,Hong Kong,2436786.0,267481.0
2025-05-01,2025,L7H9,Games and hobbies,Japan,1951707.0,33422.0
2025-05-01,2025,L7H9,Games and hobbies,South Korea,330019.0,8241.0
2025-05-01,2025,L7H9,Games and hobbies,Taiwan,1982222.0,59389.0
2025-06-01,2025,L7H9,Games and hobbies,China,39819672.0,2479192.0
2025-06-01,2025,L7H9,Games and hobbies,Hong Kong,1825180.0,113441.0
2025-06-01,2025,L7H9,Games and hobbies,Japan,2873856.0,33654.0
2025-06-01,2025,L7H9,Games and hobbies,South Korea,238803.0,6427.0
2025-06-01,2025,L7H9,Games and hobbies,Taiwan,2727114.0,58595.0
2025-07-01,2025,L7H9,Games and hobbies,China,39138105.0,2979198.0
2025-07-01,2025,L7H9,Games and hobbies,Hong Kong,3037572.0,134572.0
2025-07-01,2025,L7H9,Games and hobbies,Japan,3496591.0,43901.0
2025-07-01,2025,L7H9,Games and hobbies,South Korea,352765.0,4492.0
2025-07-01,2025,L7H9,Games and hobbies,Taiwan,607037.0,14648.0
2025-08-01,2025,L7H9,Games and hobbies,China,163503871.0,4822411.0
2025-08-01,2025,L7H9,Games and hobbies,Hong Kong,1850294.0,106667.0
2025-08-01,2025,L7H9,Games and hobbies,Japan,3005611.0,37852.0
2025-08-01,2025,L7H9,Games and hobbies,South Korea,761698.0,31795.0
2025-08-01,2025,L7H9,Games and hobbies,Taiwan,2972031.0,44455.0
2025-09-01,2025,L7H9,Games and hobbies,China,70962310.0,4361032.0
2025-09-01,2025,L7H9,Games and hobbies,Hong Kong,2680523.0,213927.0
2025-09-01,2025,L7H9,Games and hobbies,Japan,63026772.0,357407.0
2025-09-01,2025,L7H9,Games and hobbies,South Korea,558834.0,8871.0
2025-09-01,2025,L7H9,Games and hobbies,Taiwan,4306565.0,61860.0
2025-10-01,2025,L7H9,Games and hobbies,China,192450835.0,6355506.0
2025-10-01,2025,L7H9,Games and hobbies,Hong Kong,2586155.0,177332.0
2025-10-01,2025,L7H9,Games and hobbies,Japan,13551669.0,100585.0
2025-10-01,2025,L7H9,Games and hobbies,South Korea,891071.0,30144.0
2025-10-01,2025,L7H9,Games and hobbies,Taiwan,1251960.0,18974.0
2025-11-01,2025,L7H9,Games and hobbies,China,107501706.0,4751945.0
2025-11-01,2025,L7H9,Games and hobbies,Hong Kong,1505709.0,95434.0
2025-11-01,2025,L7H9,Games and hobbies,Japan,2599825.0,26120.0
2025-11-01,2025,L7H9,Games and hobbies,South Korea,864389.0,28167.0
2025-11-01,2025,L7H9,Games and hobbies,Taiwan,1280697.0,26244.0
2025-12-01,2025,L7H9,Games and hobbies,China,75857054.0,3483331.0
2025-12-01,2025,L7H9,Games and hobbies,Hong Kong,3728609.0,62565.0
2025-12-01,2025,L7H9,Games and hobbies,Japan,6400771.0,64911.0
2025-12-01,2025,L7H9,Games and hobbies,South Korea,751618.0,18660.0
2025-12-01,2025,L7H9,Games and hobbies,Taiwan,1462297.0,34459.0
2026-01-01,2026,L7H9,Games and hobbies,China,23534388.0,1917730.0
2026-01-01,2026,L7H9,Games and hobbies,Hong Kong,2164051.0,91739.0
2026-01-01,2026,L7H9,Games and hobbies,Japan,4591360.0,47858.0
2026-01-01,2026,L7H9,Games and hobbies,South Korea,936033.0,37919.0
2026-01-01,2026,L7H9,Games and hobbies,Taiwan,245403.0,2722.0
2026-02-01,2026,L7H9,Games and hobbies,China,47049964.0,2646702.0
2026-02-01,2026,L7H9,Games and hobbies,Hong Kong,1707456.0,74375.0
2026-02-01,2026,L7H9,Games and hobbies,Japan,7491885.0,104255.0
2026-02-01,2026,L7H9,Games and hobbies,South Korea,631851.0,15575.0
2026-02-01,2026,L7H9,Games and hobbies,Taiwan,476926.0,29398.0
2026-03-01,2026,L7H9,Games and hobbies,China,39185019.0,2726523.0
2026-03-01,2026,L7H9,Games and hobbies,Hong Kong,2046840.0,92837.0
2026-03-01,2026,L7H9,Games and hobbies,Japan,5053986.0,34210.0
2026-03-01,2026,L7H9,Games and hobbies,South Korea,836127.0,20747.0
2026-03-01,2026,L7H9,Games and hobbies,Taiwan,375595.0,18370.0
2026-04-01,2026,L7H9,Games and hobbies,China,25383838.0,1971284.0
2026-04-01,2026,L7H9,Games and hobbies,Hong Kong,2500244.0,62065.0
2026-04-01,2026,L7H9,Games and hobbies,Japan,4496324.0,39779.0
2026-04-01,2026,L7H9,Games and hobbies,South Korea,853313.0,13807.0
2026-04-01,2026,L7H9,Games and hobbies,Taiwan,421062.0,18020.0
2026-05-01,2026,L7H9,Games and hobbies,China,33296251.0,2429157.0
2026-05-01,2026,L7H9,Games and hobbies,Hong Kong,2126137.0,101738.0
2026-05-01,2026,L7H9,Games and hobbies,Japan,4309366.0,54787.0
2026-05-01,2026,L7H9,Games and hobbies,South Korea,1228535.0,23195.0
2026-05-01,2026,L7H9,Games and hobbies,Taiwan,336582.0,10729.0
