target,candidate,horizon,window,model,origin,target_date,prediction,train_n
headline_12m_pct,jp_epi_electronics_yen_12m_pct,1,expanding_ar1,m0_ar,2026-06-01,2026-07-01,0.2632283140336801,125
headline_12m_pct,jp_epi_electronics_yen_12m_pct,1,expanding_ar1,m1_controls,2026-06-01,2026-07-01,0.5096794704909873,125
headline_12m_pct,jp_epi_electronics_yen_12m_pct,1,expanding_ar1,m2_tech,2026-06-01,2026-07-01,-0.5582411845576356,125
headline_12m_pct,jp_epi_electronics_yen_12m_pct,2,expanding_ar1,m0_ar,2026-06-01,2026-08-01,0.13056569227023007,124
headline_12m_pct,jp_epi_electronics_yen_12m_pct,2,expanding_ar1,m1_controls,2026-06-01,2026-08-01,0.34421680907753066,124
headline_12m_pct,jp_epi_electronics_yen_12m_pct,2,expanding_ar1,m2_tech,2026-06-01,2026-08-01,-0.3467491617741971,124
headline_12m_pct,jp_epi_electronics_yen_12m_pct,3,expanding_ar1,m0_ar,2026-06-01,2026-09-01,-0.0032910295512749155,123
headline_12m_pct,jp_epi_electronics_yen_12m_pct,3,expanding_ar1,m1_controls,2026-06-01,2026-09-01,0.2496741654367386,123
headline_12m_pct,jp_epi_electronics_yen_12m_pct,3,expanding_ar1,m2_tech,2026-06-01,2026-09-01,-0.42851524505895955,123
headline_12m_pct,jp_epi_electronics_contract_12m_pct,1,expanding_ar1,m0_ar,2026-06-01,2026-07-01,0.2632283140336801,125
headline_12m_pct,jp_epi_electronics_contract_12m_pct,1,expanding_ar1,m1_controls,2026-06-01,2026-07-01,0.5096794704909873,125
headline_12m_pct,jp_epi_electronics_contract_12m_pct,1,expanding_ar1,m2_tech,2026-06-01,2026-07-01,0.4860175882373097,125
headline_12m_pct,jp_epi_electronics_contract_12m_pct,2,expanding_ar1,m0_ar,2026-06-01,2026-08-01,0.13056569227023007,124
headline_12m_pct,jp_epi_electronics_contract_12m_pct,2,expanding_ar1,m1_controls,2026-06-01,2026-08-01,0.34421680907753066,124
headline_12m_pct,jp_epi_electronics_contract_12m_pct,2,expanding_ar1,m2_tech,2026-06-01,2026-08-01,1.111002605252279,124
headline_12m_pct,jp_epi_electronics_contract_12m_pct,3,expanding_ar1,m0_ar,2026-06-01,2026-09-01,-0.0032910295512749155,123
headline_12m_pct,jp_epi_electronics_contract_12m_pct,3,expanding_ar1,m1_controls,2026-06-01,2026-09-01,0.2496741654367386,123
headline_12m_pct,jp_epi_electronics_contract_12m_pct,3,expanding_ar1,m2_tech,2026-06-01,2026-09-01,1.0290122712523135,123
headline_12m_pct,jp_epi_electronics_gbp_12m_pct,1,expanding_ar1,m0_ar,2026-06-01,2026-07-01,0.2632283140336801,125
headline_12m_pct,jp_epi_electronics_gbp_12m_pct,1,expanding_ar1,m1_controls,2026-06-01,2026-07-01,0.5096794704909873,125
headline_12m_pct,jp_epi_electronics_gbp_12m_pct,1,expanding_ar1,m2_tech,2026-06-01,2026-07-01,-0.7913025815885513,125
headline_12m_pct,jp_epi_electronics_gbp_12m_pct,2,expanding_ar1,m0_ar,2026-06-01,2026-08-01,0.13056569227023007,124
headline_12m_pct,jp_epi_electronics_gbp_12m_pct,2,expanding_ar1,m1_controls,2026-06-01,2026-08-01,0.34421680907753066,124
headline_12m_pct,jp_epi_electronics_gbp_12m_pct,2,expanding_ar1,m2_tech,2026-06-01,2026-08-01,-0.7361949262685723,124
headline_12m_pct,jp_epi_electronics_gbp_12m_pct,3,expanding_ar1,m0_ar,2026-06-01,2026-09-01,-0.0032910295512749155,123
headline_12m_pct,jp_epi_electronics_gbp_12m_pct,3,expanding_ar1,m1_controls,2026-06-01,2026-09-01,0.2496741654367386,123
headline_12m_pct,jp_epi_electronics_gbp_12m_pct,3,expanding_ar1,m2_tech,2026-06-01,2026-09-01,-0.6836907269940287,123
headline_12m_pct,jp_ppi_electronic_components_12m_pct,1,expanding_ar1,m0_ar,2026-06-01,2026-07-01,0.2632283140336801,125
headline_12m_pct,jp_ppi_electronic_components_12m_pct,1,expanding_ar1,m1_controls,2026-06-01,2026-07-01,0.5096794704909873,125
headline_12m_pct,jp_ppi_electronic_components_12m_pct,1,expanding_ar1,m2_tech,2026-06-01,2026-07-01,0.4448120699855477,125
headline_12m_pct,jp_ppi_electronic_components_12m_pct,2,expanding_ar1,m0_ar,2026-06-01,2026-08-01,0.13056569227023007,124
headline_12m_pct,jp_ppi_electronic_components_12m_pct,2,expanding_ar1,m1_controls,2026-06-01,2026-08-01,0.34421680907753066,124
headline_12m_pct,jp_ppi_electronic_components_12m_pct,2,expanding_ar1,m2_tech,2026-06-01,2026-08-01,0.282181970800766,124
headline_12m_pct,jp_ppi_electronic_components_12m_pct,3,expanding_ar1,m0_ar,2026-06-01,2026-09-01,-0.0032910295512749155,123
headline_12m_pct,jp_ppi_electronic_components_12m_pct,3,expanding_ar1,m1_controls,2026-06-01,2026-09-01,0.2496741654367386,123
headline_12m_pct,jp_ppi_electronic_components_12m_pct,3,expanding_ar1,m2_tech,2026-06-01,2026-09-01,0.18834501943594328,123
headline_12m_pct,jp_ppi_information_communications_12m_pct,1,expanding_ar1,m0_ar,2026-06-01,2026-07-01,0.2632283140336801,125
headline_12m_pct,jp_ppi_information_communications_12m_pct,1,expanding_ar1,m1_controls,2026-06-01,2026-07-01,0.5096794704909873,125
headline_12m_pct,jp_ppi_information_communications_12m_pct,1,expanding_ar1,m2_tech,2026-06-01,2026-07-01,0.06879390936870161,125
headline_12m_pct,jp_ppi_information_communications_12m_pct,2,expanding_ar1,m0_ar,2026-06-01,2026-08-01,0.13056569227023007,124
headline_12m_pct,jp_ppi_information_communications_12m_pct,2,expanding_ar1,m1_controls,2026-06-01,2026-08-01,0.34421680907753066,124
headline_12m_pct,jp_ppi_information_communications_12m_pct,2,expanding_ar1,m2_tech,2026-06-01,2026-08-01,0.0735052980791906,124
headline_12m_pct,jp_ppi_information_communications_12m_pct,3,expanding_ar1,m0_ar,2026-06-01,2026-09-01,-0.0032910295512749155,123
headline_12m_pct,jp_ppi_information_communications_12m_pct,3,expanding_ar1,m1_controls,2026-06-01,2026-09-01,0.2496741654367386,123
headline_12m_pct,jp_ppi_information_communications_12m_pct,3,expanding_ar1,m2_tech,2026-06-01,2026-09-01,0.8965646192494537,123
headline_12m_pct,kr_epi_tech_12m_pct,1,expanding_ar1,m0_ar,2026-06-01,2026-07-01,0.35416119171678057,84
headline_12m_pct,kr_epi_tech_12m_pct,1,expanding_ar1,m1_controls,2026-06-01,2026-07-01,-0.36272399620936113,84
headline_12m_pct,kr_epi_tech_12m_pct,1,expanding_ar1,m2_tech,2026-06-01,2026-07-01,0.33577606644058244,84
headline_12m_pct,kr_epi_tech_12m_pct,2,expanding_ar1,m0_ar,2026-06-01,2026-08-01,0.2693006216551874,83
headline_12m_pct,kr_epi_tech_12m_pct,2,expanding_ar1,m1_controls,2026-06-01,2026-08-01,-1.2801372895844472,83
headline_12m_pct,kr_epi_tech_12m_pct,2,expanding_ar1,m2_tech,2026-06-01,2026-08-01,1.0047937300918834,83
headline_12m_pct,kr_epi_tech_12m_pct,3,expanding_ar1,m0_ar,2026-06-01,2026-09-01,0.037517293718089595,82
headline_12m_pct,kr_epi_tech_12m_pct,3,expanding_ar1,m1_controls,2026-06-01,2026-09-01,-2.425880851955072,82
headline_12m_pct,kr_epi_tech_12m_pct,3,expanding_ar1,m2_tech,2026-06-01,2026-09-01,0.6558913447090013,82
headline_12m_pct,kr_epi_tech_gbp_12m_pct,1,expanding_ar1,m0_ar,2026-06-01,2026-07-01,0.35416119171678057,84
headline_12m_pct,kr_epi_tech_gbp_12m_pct,1,expanding_ar1,m1_controls,2026-06-01,2026-07-01,-0.36272399620936113,84
headline_12m_pct,kr_epi_tech_gbp_12m_pct,1,expanding_ar1,m2_tech,2026-06-01,2026-07-01,0.30512118689268886,84
headline_12m_pct,kr_epi_tech_gbp_12m_pct,2,expanding_ar1,m0_ar,2026-06-01,2026-08-01,0.2693006216551874,83
headline_12m_pct,kr_epi_tech_gbp_12m_pct,2,expanding_ar1,m1_controls,2026-06-01,2026-08-01,-1.2801372895844472,83
headline_12m_pct,kr_epi_tech_gbp_12m_pct,2,expanding_ar1,m2_tech,2026-06-01,2026-08-01,0.8455782972623433,83
headline_12m_pct,kr_epi_tech_gbp_12m_pct,3,expanding_ar1,m0_ar,2026-06-01,2026-09-01,0.037517293718089595,82
headline_12m_pct,kr_epi_tech_gbp_12m_pct,3,expanding_ar1,m1_controls,2026-06-01,2026-09-01,-2.425880851955072,82
headline_12m_pct,kr_epi_tech_gbp_12m_pct,3,expanding_ar1,m2_tech,2026-06-01,2026-09-01,0.45110296246149706,82
headline_12m_pct,tw_epi_integrated_circuits_twd_12m_pct,1,expanding_ar1,m0_ar,2026-06-01,2026-07-01,0.2632283140336801,125
headline_12m_pct,tw_epi_integrated_circuits_twd_12m_pct,1,expanding_ar1,m1_controls,2026-06-01,2026-07-01,0.3919006807682024,125
headline_12m_pct,tw_epi_integrated_circuits_twd_12m_pct,1,expanding_ar1,m2_tech,2026-06-01,2026-07-01,0.3382210810046034,125
headline_12m_pct,tw_epi_integrated_circuits_twd_12m_pct,2,expanding_ar1,m0_ar,2026-06-01,2026-08-01,0.13056569227023007,124
headline_12m_pct,tw_epi_integrated_circuits_twd_12m_pct,2,expanding_ar1,m1_controls,2026-06-01,2026-08-01,-0.28759214735394967,124
headline_12m_pct,tw_epi_integrated_circuits_twd_12m_pct,2,expanding_ar1,m2_tech,2026-06-01,2026-08-01,-0.276509950408768,124
headline_12m_pct,tw_epi_integrated_circuits_twd_12m_pct,3,expanding_ar1,m0_ar,2026-06-01,2026-09-01,-0.0032910295512749155,123
headline_12m_pct,tw_epi_integrated_circuits_twd_12m_pct,3,expanding_ar1,m1_controls,2026-06-01,2026-09-01,-0.7003425390359028,123
headline_12m_pct,tw_epi_integrated_circuits_twd_12m_pct,3,expanding_ar1,m2_tech,2026-06-01,2026-09-01,-0.6678060592483067,123
headline_12m_pct,tw_epi_integrated_circuits_usd_12m_pct,1,expanding_ar1,m0_ar,2026-06-01,2026-07-01,0.2632283140336801,125
headline_12m_pct,tw_epi_integrated_circuits_usd_12m_pct,1,expanding_ar1,m1_controls,2026-06-01,2026-07-01,0.3919006807682024,125
headline_12m_pct,tw_epi_integrated_circuits_usd_12m_pct,1,expanding_ar1,m2_tech,2026-06-01,2026-07-01,0.5766031685673673,125
headline_12m_pct,tw_epi_integrated_circuits_usd_12m_pct,2,expanding_ar1,m0_ar,2026-06-01,2026-08-01,0.13056569227023007,124
headline_12m_pct,tw_epi_integrated_circuits_usd_12m_pct,2,expanding_ar1,m1_controls,2026-06-01,2026-08-01,-0.28759214735394967,124
headline_12m_pct,tw_epi_integrated_circuits_usd_12m_pct,2,expanding_ar1,m2_tech,2026-06-01,2026-08-01,0.05732055015997756,124
headline_12m_pct,tw_epi_integrated_circuits_usd_12m_pct,3,expanding_ar1,m0_ar,2026-06-01,2026-09-01,-0.0032910295512749155,123
headline_12m_pct,tw_epi_integrated_circuits_usd_12m_pct,3,expanding_ar1,m1_controls,2026-06-01,2026-09-01,-0.7003425390359028,123
headline_12m_pct,tw_epi_integrated_circuits_usd_12m_pct,3,expanding_ar1,m2_tech,2026-06-01,2026-09-01,-0.23069396705620293,123
headline_12m_pct,tw_epi_integrated_circuits_gbp_12m_pct,1,expanding_ar1,m0_ar,2026-06-01,2026-07-01,0.2632283140336801,125
headline_12m_pct,tw_epi_integrated_circuits_gbp_12m_pct,1,expanding_ar1,m1_controls,2026-06-01,2026-07-01,0.3919006807682024,125
headline_12m_pct,tw_epi_integrated_circuits_gbp_12m_pct,1,expanding_ar1,m2_tech,2026-06-01,2026-07-01,0.3532829154857099,125
headline_12m_pct,tw_epi_integrated_circuits_gbp_12m_pct,2,expanding_ar1,m0_ar,2026-06-01,2026-08-01,0.13056569227023007,124
headline_12m_pct,tw_epi_integrated_circuits_gbp_12m_pct,2,expanding_ar1,m1_controls,2026-06-01,2026-08-01,-0.28759214735394967,124
headline_12m_pct,tw_epi_integrated_circuits_gbp_12m_pct,2,expanding_ar1,m2_tech,2026-06-01,2026-08-01,-0.3076146165782046,124
headline_12m_pct,tw_epi_integrated_circuits_gbp_12m_pct,3,expanding_ar1,m0_ar,2026-06-01,2026-09-01,-0.0032910295512749155,123
headline_12m_pct,tw_epi_integrated_circuits_gbp_12m_pct,3,expanding_ar1,m1_controls,2026-06-01,2026-09-01,-0.7003425390359028,123
headline_12m_pct,tw_epi_integrated_circuits_gbp_12m_pct,3,expanding_ar1,m2_tech,2026-06-01,2026-09-01,-0.7093892811570863,123
headline_12m_pct,hk_ppi_tech_12m_pct,1,expanding_ar1,m0_ar,2026-06-01,2026-07-01,0.2632283140336801,125
headline_12m_pct,hk_ppi_tech_12m_pct,1,expanding_ar1,m1_controls,2026-06-01,2026-07-01,1.3586988801823099,125
headline_12m_pct,hk_ppi_tech_12m_pct,1,expanding_ar1,m2_tech,2026-06-01,2026-07-01,-0.4884386619691605,125
headline_12m_pct,hk_ppi_tech_12m_pct,2,expanding_ar1,m0_ar,2026-06-01,2026-08-01,0.13056569227023007,124
headline_12m_pct,hk_ppi_tech_12m_pct,2,expanding_ar1,m1_controls,2026-06-01,2026-08-01,0.8923807207546852,124
headline_12m_pct,hk_ppi_tech_12m_pct,2,expanding_ar1,m2_tech,2026-06-01,2026-08-01,-2.2126149895453455,124
headline_12m_pct,hk_ppi_tech_12m_pct,3,expanding_ar1,m0_ar,2026-06-01,2026-09-01,-0.0032910295512749155,123
headline_12m_pct,hk_ppi_tech_12m_pct,3,expanding_ar1,m1_controls,2026-06-01,2026-09-01,1.0029864430281616,123
headline_12m_pct,hk_ppi_tech_12m_pct,3,expanding_ar1,m2_tech,2026-06-01,2026-09-01,-2.722346023240348,123
headline_12m_pct,hk_ppi_tech_gbp_12m_pct,1,expanding_ar1,m0_ar,2026-06-01,2026-07-01,0.2632283140336801,125
headline_12m_pct,hk_ppi_tech_gbp_12m_pct,1,expanding_ar1,m1_controls,2026-06-01,2026-07-01,1.3586988801823099,125
headline_12m_pct,hk_ppi_tech_gbp_12m_pct,1,expanding_ar1,m2_tech,2026-06-01,2026-07-01,1.2081797101229155,125
headline_12m_pct,hk_ppi_tech_gbp_12m_pct,2,expanding_ar1,m0_ar,2026-06-01,2026-08-01,0.13056569227023007,124
headline_12m_pct,hk_ppi_tech_gbp_12m_pct,2,expanding_ar1,m1_controls,2026-06-01,2026-08-01,0.8923807207546852,124
headline_12m_pct,hk_ppi_tech_gbp_12m_pct,2,expanding_ar1,m2_tech,2026-06-01,2026-08-01,0.21731495561738423,124
headline_12m_pct,hk_ppi_tech_gbp_12m_pct,3,expanding_ar1,m0_ar,2026-06-01,2026-09-01,-0.0032910295512749155,123
headline_12m_pct,hk_ppi_tech_gbp_12m_pct,3,expanding_ar1,m1_controls,2026-06-01,2026-09-01,1.0029864430281616,123
headline_12m_pct,hk_ppi_tech_gbp_12m_pct,3,expanding_ar1,m2_tech,2026-06-01,2026-09-01,-0.10519063954065977,123
ex_games_12m_pct,jp_epi_electronics_yen_12m_pct,1,expanding_ar1,m0_ar,2026-06-01,2026-07-01,-0.4116733246736154,125
ex_games_12m_pct,jp_epi_electronics_yen_12m_pct,1,expanding_ar1,m1_controls,2026-06-01,2026-07-01,0.13585118758369785,125
ex_games_12m_pct,jp_epi_electronics_yen_12m_pct,1,expanding_ar1,m2_tech,2026-06-01,2026-07-01,0.3301195150949696,125
ex_games_12m_pct,jp_epi_electronics_yen_12m_pct,2,expanding_ar1,m0_ar,2026-06-01,2026-08-01,-0.5012099701370947,124
ex_games_12m_pct,jp_epi_electronics_yen_12m_pct,2,expanding_ar1,m1_controls,2026-06-01,2026-08-01,0.33178059353873635,124
ex_games_12m_pct,jp_epi_electronics_yen_12m_pct,2,expanding_ar1,m2_tech,2026-06-01,2026-08-01,1.4400601142861855,124
ex_games_12m_pct,jp_epi_electronics_yen_12m_pct,3,expanding_ar1,m0_ar,2026-06-01,2026-09-01,-0.6914459508277795,123
ex_games_12m_pct,jp_epi_electronics_yen_12m_pct,3,expanding_ar1,m1_controls,2026-06-01,2026-09-01,0.2840983988593422,123
ex_games_12m_pct,jp_epi_electronics_yen_12m_pct,3,expanding_ar1,m2_tech,2026-06-01,2026-09-01,2.0273460757011827,123
ex_games_12m_pct,jp_epi_electronics_contract_12m_pct,1,expanding_ar1,m0_ar,2026-06-01,2026-07-01,-0.4116733246736154,125
ex_games_12m_pct,jp_epi_electronics_contract_12m_pct,1,expanding_ar1,m1_controls,2026-06-01,2026-07-01,0.13585118758369785,125
ex_games_12m_pct,jp_epi_electronics_contract_12m_pct,1,expanding_ar1,m2_tech,2026-06-01,2026-07-01,0.46737983407381634,125
ex_games_12m_pct,jp_epi_electronics_contract_12m_pct,2,expanding_ar1,m0_ar,2026-06-01,2026-08-01,-0.5012099701370947,124
ex_games_12m_pct,jp_epi_electronics_contract_12m_pct,2,expanding_ar1,m1_controls,2026-06-01,2026-08-01,0.33178059353873635,124
ex_games_12m_pct,jp_epi_electronics_contract_12m_pct,2,expanding_ar1,m2_tech,2026-06-01,2026-08-01,1.3919954191730108,124
ex_games_12m_pct,jp_epi_electronics_contract_12m_pct,3,expanding_ar1,m0_ar,2026-06-01,2026-09-01,-0.6914459508277795,123
ex_games_12m_pct,jp_epi_electronics_contract_12m_pct,3,expanding_ar1,m1_controls,2026-06-01,2026-09-01,0.2840983988593422,123
ex_games_12m_pct,jp_epi_electronics_contract_12m_pct,3,expanding_ar1,m2_tech,2026-06-01,2026-09-01,2.1787657753924217,123
ex_games_12m_pct,jp_epi_electronics_gbp_12m_pct,1,expanding_ar1,m0_ar,2026-06-01,2026-07-01,-0.4116733246736154,125
ex_games_12m_pct,jp_epi_electronics_gbp_12m_pct,1,expanding_ar1,m1_controls,2026-06-01,2026-07-01,0.13585118758369785,125
ex_games_12m_pct,jp_epi_electronics_gbp_12m_pct,1,expanding_ar1,m2_tech,2026-06-01,2026-07-01,0.2814779280973385,125
ex_games_12m_pct,jp_epi_electronics_gbp_12m_pct,2,expanding_ar1,m0_ar,2026-06-01,2026-08-01,-0.5012099701370947,124
ex_games_12m_pct,jp_epi_electronics_gbp_12m_pct,2,expanding_ar1,m1_controls,2026-06-01,2026-08-01,0.33178059353873635,124
ex_games_12m_pct,jp_epi_electronics_gbp_12m_pct,2,expanding_ar1,m2_tech,2026-06-01,2026-08-01,1.3584734808423164,124
ex_games_12m_pct,jp_epi_electronics_gbp_12m_pct,3,expanding_ar1,m0_ar,2026-06-01,2026-09-01,-0.6914459508277795,123
ex_games_12m_pct,jp_epi_electronics_gbp_12m_pct,3,expanding_ar1,m1_controls,2026-06-01,2026-09-01,0.2840983988593422,123
ex_games_12m_pct,jp_epi_electronics_gbp_12m_pct,3,expanding_ar1,m2_tech,2026-06-01,2026-09-01,2.1330024427886527,123
ex_games_12m_pct,jp_ppi_electronic_components_12m_pct,1,expanding_ar1,m0_ar,2026-06-01,2026-07-01,-0.4116733246736154,125
ex_games_12m_pct,jp_ppi_electronic_components_12m_pct,1,expanding_ar1,m1_controls,2026-06-01,2026-07-01,0.13585118758369785,125
ex_games_12m_pct,jp_ppi_electronic_components_12m_pct,1,expanding_ar1,m2_tech,2026-06-01,2026-07-01,0.12843606204954705,125
ex_games_12m_pct,jp_ppi_electronic_components_12m_pct,2,expanding_ar1,m0_ar,2026-06-01,2026-08-01,-0.5012099701370947,124
ex_games_12m_pct,jp_ppi_electronic_components_12m_pct,2,expanding_ar1,m1_controls,2026-06-01,2026-08-01,0.33178059353873635,124
ex_games_12m_pct,jp_ppi_electronic_components_12m_pct,2,expanding_ar1,m2_tech,2026-06-01,2026-08-01,0.32619819250208226,124
ex_games_12m_pct,jp_ppi_electronic_components_12m_pct,3,expanding_ar1,m0_ar,2026-06-01,2026-09-01,-0.6914459508277795,123
ex_games_12m_pct,jp_ppi_electronic_components_12m_pct,3,expanding_ar1,m1_controls,2026-06-01,2026-09-01,0.2840983988593422,123
ex_games_12m_pct,jp_ppi_electronic_components_12m_pct,3,expanding_ar1,m2_tech,2026-06-01,2026-09-01,0.281771925292543,123
ex_games_12m_pct,jp_ppi_information_communications_12m_pct,1,expanding_ar1,m0_ar,2026-06-01,2026-07-01,-0.4116733246736154,125
ex_games_12m_pct,jp_ppi_information_communications_12m_pct,1,expanding_ar1,m1_controls,2026-06-01,2026-07-01,0.13585118758369785,125
ex_games_12m_pct,jp_ppi_information_communications_12m_pct,1,expanding_ar1,m2_tech,2026-06-01,2026-07-01,0.5019101127414455,125
ex_games_12m_pct,jp_ppi_information_communications_12m_pct,2,expanding_ar1,m0_ar,2026-06-01,2026-08-01,-0.5012099701370947,124
ex_games_12m_pct,jp_ppi_information_communications_12m_pct,2,expanding_ar1,m1_controls,2026-06-01,2026-08-01,0.33178059353873635,124
ex_games_12m_pct,jp_ppi_information_communications_12m_pct,2,expanding_ar1,m2_tech,2026-06-01,2026-08-01,1.3546837995975343,124
ex_games_12m_pct,jp_ppi_information_communications_12m_pct,3,expanding_ar1,m0_ar,2026-06-01,2026-09-01,-0.6914459508277795,123
ex_games_12m_pct,jp_ppi_information_communications_12m_pct,3,expanding_ar1,m1_controls,2026-06-01,2026-09-01,0.2840983988593422,123
ex_games_12m_pct,jp_ppi_information_communications_12m_pct,3,expanding_ar1,m2_tech,2026-06-01,2026-09-01,2.832311730753799,123
ex_games_12m_pct,kr_epi_tech_12m_pct,1,expanding_ar1,m0_ar,2026-06-01,2026-07-01,-0.5468561409277339,84
ex_games_12m_pct,kr_epi_tech_12m_pct,1,expanding_ar1,m1_controls,2026-06-01,2026-07-01,-0.8042806636096416,84
ex_games_12m_pct,kr_epi_tech_12m_pct,1,expanding_ar1,m2_tech,2026-06-01,2026-07-01,-0.03518366830296049,84
ex_games_12m_pct,kr_epi_tech_12m_pct,2,expanding_ar1,m0_ar,2026-06-01,2026-08-01,-0.6066239616175912,83
ex_games_12m_pct,kr_epi_tech_12m_pct,2,expanding_ar1,m1_controls,2026-06-01,2026-08-01,-1.658884674313902,83
ex_games_12m_pct,kr_epi_tech_12m_pct,2,expanding_ar1,m2_tech,2026-06-01,2026-08-01,0.9188960555550669,83
ex_games_12m_pct,kr_epi_tech_12m_pct,3,expanding_ar1,m0_ar,2026-06-01,2026-09-01,-0.8934018868951609,82
ex_games_12m_pct,kr_epi_tech_12m_pct,3,expanding_ar1,m1_controls,2026-06-01,2026-09-01,-3.0766206946219072,82
ex_games_12m_pct,kr_epi_tech_12m_pct,3,expanding_ar1,m2_tech,2026-06-01,2026-09-01,1.2899950594442875,82
ex_games_12m_pct,kr_epi_tech_gbp_12m_pct,1,expanding_ar1,m0_ar,2026-06-01,2026-07-01,-0.5468561409277339,84
ex_games_12m_pct,kr_epi_tech_gbp_12m_pct,1,expanding_ar1,m1_controls,2026-06-01,2026-07-01,-0.8042806636096416,84
ex_games_12m_pct,kr_epi_tech_gbp_12m_pct,1,expanding_ar1,m2_tech,2026-06-01,2026-07-01,-0.10197503075369174,84
ex_games_12m_pct,kr_epi_tech_gbp_12m_pct,2,expanding_ar1,m0_ar,2026-06-01,2026-08-01,-0.6066239616175912,83
ex_games_12m_pct,kr_epi_tech_gbp_12m_pct,2,expanding_ar1,m1_controls,2026-06-01,2026-08-01,-1.658884674313902,83
ex_games_12m_pct,kr_epi_tech_gbp_12m_pct,2,expanding_ar1,m2_tech,2026-06-01,2026-08-01,0.70628646039542,83
ex_games_12m_pct,kr_epi_tech_gbp_12m_pct,3,expanding_ar1,m0_ar,2026-06-01,2026-09-01,-0.8934018868951609,82
ex_games_12m_pct,kr_epi_tech_gbp_12m_pct,3,expanding_ar1,m1_controls,2026-06-01,2026-09-01,-3.0766206946219072,82
ex_games_12m_pct,kr_epi_tech_gbp_12m_pct,3,expanding_ar1,m2_tech,2026-06-01,2026-09-01,0.9735483395175253,82
ex_games_12m_pct,tw_epi_integrated_circuits_twd_12m_pct,1,expanding_ar1,m0_ar,2026-06-01,2026-07-01,-0.4116733246736154,125
ex_games_12m_pct,tw_epi_integrated_circuits_twd_12m_pct,1,expanding_ar1,m1_controls,2026-06-01,2026-07-01,-0.51178136878662,125
ex_games_12m_pct,tw_epi_integrated_circuits_twd_12m_pct,1,expanding_ar1,m2_tech,2026-06-01,2026-07-01,-0.5485907320157349,125
ex_games_12m_pct,tw_epi_integrated_circuits_twd_12m_pct,2,expanding_ar1,m0_ar,2026-06-01,2026-08-01,-0.5012099701370947,124
ex_games_12m_pct,tw_epi_integrated_circuits_twd_12m_pct,2,expanding_ar1,m1_controls,2026-06-01,2026-08-01,-1.2477065962370788,124
ex_games_12m_pct,tw_epi_integrated_circuits_twd_12m_pct,2,expanding_ar1,m2_tech,2026-06-01,2026-08-01,-1.246941934521125,124
ex_games_12m_pct,tw_epi_integrated_circuits_twd_12m_pct,3,expanding_ar1,m0_ar,2026-06-01,2026-09-01,-0.6914459508277795,123
ex_games_12m_pct,tw_epi_integrated_circuits_twd_12m_pct,3,expanding_ar1,m1_controls,2026-06-01,2026-09-01,-1.963518328935977,123
ex_games_12m_pct,tw_epi_integrated_circuits_twd_12m_pct,3,expanding_ar1,m2_tech,2026-06-01,2026-09-01,-1.9166165264362833,123
ex_games_12m_pct,tw_epi_integrated_circuits_usd_12m_pct,1,expanding_ar1,m0_ar,2026-06-01,2026-07-01,-0.4116733246736154,125
ex_games_12m_pct,tw_epi_integrated_circuits_usd_12m_pct,1,expanding_ar1,m1_controls,2026-06-01,2026-07-01,-0.51178136878662,125
ex_games_12m_pct,tw_epi_integrated_circuits_usd_12m_pct,1,expanding_ar1,m2_tech,2026-06-01,2026-07-01,-0.5240172599910397,125
ex_games_12m_pct,tw_epi_integrated_circuits_usd_12m_pct,2,expanding_ar1,m0_ar,2026-06-01,2026-08-01,-0.5012099701370947,124
ex_games_12m_pct,tw_epi_integrated_circuits_usd_12m_pct,2,expanding_ar1,m1_controls,2026-06-01,2026-08-01,-1.2477065962370788,124
ex_games_12m_pct,tw_epi_integrated_circuits_usd_12m_pct,2,expanding_ar1,m2_tech,2026-06-01,2026-08-01,-1.2949687499303857,124
ex_games_12m_pct,tw_epi_integrated_circuits_usd_12m_pct,3,expanding_ar1,m0_ar,2026-06-01,2026-09-01,-0.6914459508277795,123
ex_games_12m_pct,tw_epi_integrated_circuits_usd_12m_pct,3,expanding_ar1,m1_controls,2026-06-01,2026-09-01,-1.963518328935977,123
ex_games_12m_pct,tw_epi_integrated_circuits_usd_12m_pct,3,expanding_ar1,m2_tech,2026-06-01,2026-09-01,-1.9890331656757634,123
ex_games_12m_pct,tw_epi_integrated_circuits_gbp_12m_pct,1,expanding_ar1,m0_ar,2026-06-01,2026-07-01,-0.4116733246736154,125
ex_games_12m_pct,tw_epi_integrated_circuits_gbp_12m_pct,1,expanding_ar1,m1_controls,2026-06-01,2026-07-01,-0.51178136878662,125
ex_games_12m_pct,tw_epi_integrated_circuits_gbp_12m_pct,1,expanding_ar1,m2_tech,2026-06-01,2026-07-01,-0.5362278243169984,125
ex_games_12m_pct,tw_epi_integrated_circuits_gbp_12m_pct,2,expanding_ar1,m0_ar,2026-06-01,2026-08-01,-0.5012099701370947,124
ex_games_12m_pct,tw_epi_integrated_circuits_gbp_12m_pct,2,expanding_ar1,m1_controls,2026-06-01,2026-08-01,-1.2477065962370788,124
ex_games_12m_pct,tw_epi_integrated_circuits_gbp_12m_pct,2,expanding_ar1,m2_tech,2026-06-01,2026-08-01,-1.2432887645731545,124
ex_games_12m_pct,tw_epi_integrated_circuits_gbp_12m_pct,3,expanding_ar1,m0_ar,2026-06-01,2026-09-01,-0.6914459508277795,123
ex_games_12m_pct,tw_epi_integrated_circuits_gbp_12m_pct,3,expanding_ar1,m1_controls,2026-06-01,2026-09-01,-1.963518328935977,123
ex_games_12m_pct,tw_epi_integrated_circuits_gbp_12m_pct,3,expanding_ar1,m2_tech,2026-06-01,2026-09-01,-1.9230460777522098,123
ex_games_12m_pct,hk_ppi_tech_12m_pct,1,expanding_ar1,m0_ar,2026-06-01,2026-07-01,-0.4116733246736154,125
ex_games_12m_pct,hk_ppi_tech_12m_pct,1,expanding_ar1,m1_controls,2026-06-01,2026-07-01,1.2752608150233942,125
ex_games_12m_pct,hk_ppi_tech_12m_pct,1,expanding_ar1,m2_tech,2026-06-01,2026-07-01,-0.43749482701475156,125
ex_games_12m_pct,hk_ppi_tech_12m_pct,2,expanding_ar1,m0_ar,2026-06-01,2026-08-01,-0.5012099701370947,124
ex_games_12m_pct,hk_ppi_tech_12m_pct,2,expanding_ar1,m1_controls,2026-06-01,2026-08-01,2.317043004572058,124
ex_games_12m_pct,hk_ppi_tech_12m_pct,2,expanding_ar1,m2_tech,2026-06-01,2026-08-01,-0.25407059664889287,124
ex_games_12m_pct,hk_ppi_tech_12m_pct,3,expanding_ar1,m0_ar,2026-06-01,2026-09-01,-0.6914459508277795,123
ex_games_12m_pct,hk_ppi_tech_12m_pct,3,expanding_ar1,m1_controls,2026-06-01,2026-09-01,3.374282442906405,123
ex_games_12m_pct,hk_ppi_tech_12m_pct,3,expanding_ar1,m2_tech,2026-06-01,2026-09-01,0.5582016216697697,123
ex_games_12m_pct,hk_ppi_tech_gbp_12m_pct,1,expanding_ar1,m0_ar,2026-06-01,2026-07-01,-0.4116733246736154,125
ex_games_12m_pct,hk_ppi_tech_gbp_12m_pct,1,expanding_ar1,m1_controls,2026-06-01,2026-07-01,1.2752608150233942,125
ex_games_12m_pct,hk_ppi_tech_gbp_12m_pct,1,expanding_ar1,m2_tech,2026-06-01,2026-07-01,0.9056284547004348,125
ex_games_12m_pct,hk_ppi_tech_gbp_12m_pct,2,expanding_ar1,m0_ar,2026-06-01,2026-08-01,-0.5012099701370947,124
ex_games_12m_pct,hk_ppi_tech_gbp_12m_pct,2,expanding_ar1,m1_controls,2026-06-01,2026-08-01,2.317043004572058,124
ex_games_12m_pct,hk_ppi_tech_gbp_12m_pct,2,expanding_ar1,m2_tech,2026-06-01,2026-08-01,1.6009798363108305,124
ex_games_12m_pct,hk_ppi_tech_gbp_12m_pct,3,expanding_ar1,m0_ar,2026-06-01,2026-09-01,-0.6914459508277795,123
ex_games_12m_pct,hk_ppi_tech_gbp_12m_pct,3,expanding_ar1,m1_controls,2026-06-01,2026-09-01,3.374282442906405,123
ex_games_12m_pct,hk_ppi_tech_gbp_12m_pct,3,expanding_ar1,m2_tech,2026-06-01,2026-09-01,2.228977932835972,123
headline_12m_pct,jp_epi_electronics_yen_12m_pct,1,expanding_ar2,m0_ar,2026-06-01,2026-07-01,-0.3574733678093865,124
headline_12m_pct,jp_epi_electronics_yen_12m_pct,1,expanding_ar2,m1_controls,2026-06-01,2026-07-01,-0.3045051757899198,124
headline_12m_pct,jp_epi_electronics_yen_12m_pct,1,expanding_ar2,m2_tech,2026-06-01,2026-07-01,-0.5142522607045846,124
headline_12m_pct,jp_epi_electronics_yen_12m_pct,2,expanding_ar2,m0_ar,2026-06-01,2026-08-01,-0.3528529859718943,123
headline_12m_pct,jp_epi_electronics_yen_12m_pct,2,expanding_ar2,m1_controls,2026-06-01,2026-08-01,-0.3217348170588586,123
headline_12m_pct,jp_epi_electronics_yen_12m_pct,2,expanding_ar2,m2_tech,2026-06-01,2026-08-01,-0.20509047423511295,123
headline_12m_pct,jp_epi_electronics_yen_12m_pct,3,expanding_ar2,m0_ar,2026-06-01,2026-09-01,-0.2897779943955386,122
headline_12m_pct,jp_epi_electronics_yen_12m_pct,3,expanding_ar2,m1_controls,2026-06-01,2026-09-01,-0.18110518181244506,122
headline_12m_pct,jp_epi_electronics_yen_12m_pct,3,expanding_ar2,m2_tech,2026-06-01,2026-09-01,-0.3330275574077363,122
headline_12m_pct,jp_epi_electronics_contract_12m_pct,1,expanding_ar2,m0_ar,2026-06-01,2026-07-01,-0.3574733678093865,124
headline_12m_pct,jp_epi_electronics_contract_12m_pct,1,expanding_ar2,m1_controls,2026-06-01,2026-07-01,-0.3045051757899198,124
headline_12m_pct,jp_epi_electronics_contract_12m_pct,1,expanding_ar2,m2_tech,2026-06-01,2026-07-01,0.2416624542703627,124
headline_12m_pct,jp_epi_electronics_contract_12m_pct,2,expanding_ar2,m0_ar,2026-06-01,2026-08-01,-0.3528529859718943,123
headline_12m_pct,jp_epi_electronics_contract_12m_pct,2,expanding_ar2,m1_controls,2026-06-01,2026-08-01,-0.3217348170588586,123
headline_12m_pct,jp_epi_electronics_contract_12m_pct,2,expanding_ar2,m2_tech,2026-06-01,2026-08-01,1.0228866822733063,123
headline_12m_pct,jp_epi_electronics_contract_12m_pct,3,expanding_ar2,m0_ar,2026-06-01,2026-09-01,-0.2897779943955386,122
headline_12m_pct,jp_epi_electronics_contract_12m_pct,3,expanding_ar2,m1_controls,2026-06-01,2026-09-01,-0.18110518181244506,122
headline_12m_pct,jp_epi_electronics_contract_12m_pct,3,expanding_ar2,m2_tech,2026-06-01,2026-09-01,0.9885560913929488,122
headline_12m_pct,jp_epi_electronics_gbp_12m_pct,1,expanding_ar2,m0_ar,2026-06-01,2026-07-01,-0.3574733678093865,124
headline_12m_pct,jp_epi_electronics_gbp_12m_pct,1,expanding_ar2,m1_controls,2026-06-01,2026-07-01,-0.3045051757899198,124
headline_12m_pct,jp_epi_electronics_gbp_12m_pct,1,expanding_ar2,m2_tech,2026-06-01,2026-07-01,-0.9631067071768497,124
headline_12m_pct,jp_epi_electronics_gbp_12m_pct,2,expanding_ar2,m0_ar,2026-06-01,2026-08-01,-0.3528529859718943,123
headline_12m_pct,jp_epi_electronics_gbp_12m_pct,2,expanding_ar2,m1_controls,2026-06-01,2026-08-01,-0.3217348170588586,123
headline_12m_pct,jp_epi_electronics_gbp_12m_pct,2,expanding_ar2,m2_tech,2026-06-01,2026-08-01,-0.8281438710393453,123
headline_12m_pct,jp_epi_electronics_gbp_12m_pct,3,expanding_ar2,m0_ar,2026-06-01,2026-09-01,-0.2897779943955386,122
headline_12m_pct,jp_epi_electronics_gbp_12m_pct,3,expanding_ar2,m1_controls,2026-06-01,2026-09-01,-0.18110518181244506,122
headline_12m_pct,jp_epi_electronics_gbp_12m_pct,3,expanding_ar2,m2_tech,2026-06-01,2026-09-01,-0.7525611821419235,122
headline_12m_pct,jp_ppi_electronic_components_12m_pct,1,expanding_ar2,m0_ar,2026-06-01,2026-07-01,-0.3574733678093865,124
headline_12m_pct,jp_ppi_electronic_components_12m_pct,1,expanding_ar2,m1_controls,2026-06-01,2026-07-01,-0.3045051757899198,124
headline_12m_pct,jp_ppi_electronic_components_12m_pct,1,expanding_ar2,m2_tech,2026-06-01,2026-07-01,-0.31248556686825824,124
headline_12m_pct,jp_ppi_electronic_components_12m_pct,2,expanding_ar2,m0_ar,2026-06-01,2026-08-01,-0.3528529859718943,123
headline_12m_pct,jp_ppi_electronic_components_12m_pct,2,expanding_ar2,m1_controls,2026-06-01,2026-08-01,-0.3217348170588586,123
headline_12m_pct,jp_ppi_electronic_components_12m_pct,2,expanding_ar2,m2_tech,2026-06-01,2026-08-01,-0.32559849737942204,123
headline_12m_pct,jp_ppi_electronic_components_12m_pct,3,expanding_ar2,m0_ar,2026-06-01,2026-09-01,-0.2897779943955386,122
headline_12m_pct,jp_ppi_electronic_components_12m_pct,3,expanding_ar2,m1_controls,2026-06-01,2026-09-01,-0.18110518181244506,122
headline_12m_pct,jp_ppi_electronic_components_12m_pct,3,expanding_ar2,m2_tech,2026-06-01,2026-09-01,-0.17460205699779952,122
headline_12m_pct,jp_ppi_information_communications_12m_pct,1,expanding_ar2,m0_ar,2026-06-01,2026-07-01,-0.3574733678093865,124
headline_12m_pct,jp_ppi_information_communications_12m_pct,1,expanding_ar2,m1_controls,2026-06-01,2026-07-01,-0.3045051757899198,124
headline_12m_pct,jp_ppi_information_communications_12m_pct,1,expanding_ar2,m2_tech,2026-06-01,2026-07-01,-0.13568640598863713,124
headline_12m_pct,jp_ppi_information_communications_12m_pct,2,expanding_ar2,m0_ar,2026-06-01,2026-08-01,-0.3528529859718943,123
headline_12m_pct,jp_ppi_information_communications_12m_pct,2,expanding_ar2,m1_controls,2026-06-01,2026-08-01,-0.3217348170588586,123
headline_12m_pct,jp_ppi_information_communications_12m_pct,2,expanding_ar2,m2_tech,2026-06-01,2026-08-01,-0.020234738498846383,123
headline_12m_pct,jp_ppi_information_communications_12m_pct,3,expanding_ar2,m0_ar,2026-06-01,2026-09-01,-0.2897779943955386,122
headline_12m_pct,jp_ppi_information_communications_12m_pct,3,expanding_ar2,m1_controls,2026-06-01,2026-09-01,-0.18110518181244506,122
headline_12m_pct,jp_ppi_information_communications_12m_pct,3,expanding_ar2,m2_tech,2026-06-01,2026-09-01,0.8550253601638836,122
headline_12m_pct,kr_epi_tech_12m_pct,1,expanding_ar2,m0_ar,2026-06-01,2026-07-01,-0.3572191339501069,84
headline_12m_pct,kr_epi_tech_12m_pct,1,expanding_ar2,m1_controls,2026-06-01,2026-07-01,-1.1698272051077723,84
headline_12m_pct,kr_epi_tech_12m_pct,1,expanding_ar2,m2_tech,2026-06-01,2026-07-01,0.34346480628898957,84
headline_12m_pct,kr_epi_tech_12m_pct,2,expanding_ar2,m0_ar,2026-06-01,2026-08-01,-0.07794134620635665,83
headline_12m_pct,kr_epi_tech_12m_pct,2,expanding_ar2,m1_controls,2026-06-01,2026-08-01,-1.6997933032225925,83
headline_12m_pct,kr_epi_tech_12m_pct,2,expanding_ar2,m2_tech,2026-06-01,2026-08-01,1.213406675696417,83
headline_12m_pct,kr_epi_tech_12m_pct,3,expanding_ar2,m0_ar,2026-06-01,2026-09-01,-0.124400926202897,82
headline_12m_pct,kr_epi_tech_12m_pct,3,expanding_ar2,m1_controls,2026-06-01,2026-09-01,-2.6766842228761707,82
headline_12m_pct,kr_epi_tech_12m_pct,3,expanding_ar2,m2_tech,2026-06-01,2026-09-01,0.9297272318143919,82
headline_12m_pct,kr_epi_tech_gbp_12m_pct,1,expanding_ar2,m0_ar,2026-06-01,2026-07-01,-0.3572191339501069,84
headline_12m_pct,kr_epi_tech_gbp_12m_pct,1,expanding_ar2,m1_controls,2026-06-01,2026-07-01,-1.1698272051077723,84
headline_12m_pct,kr_epi_tech_gbp_12m_pct,1,expanding_ar2,m2_tech,2026-06-01,2026-07-01,0.2427557742054096,84
headline_12m_pct,kr_epi_tech_gbp_12m_pct,2,expanding_ar2,m0_ar,2026-06-01,2026-08-01,-0.07794134620635665,83
headline_12m_pct,kr_epi_tech_gbp_12m_pct,2,expanding_ar2,m1_controls,2026-06-01,2026-08-01,-1.6997933032225925,83
headline_12m_pct,kr_epi_tech_gbp_12m_pct,2,expanding_ar2,m2_tech,2026-06-01,2026-08-01,0.986188291652883,83
headline_12m_pct,kr_epi_tech_gbp_12m_pct,3,expanding_ar2,m0_ar,2026-06-01,2026-09-01,-0.124400926202897,82
headline_12m_pct,kr_epi_tech_gbp_12m_pct,3,expanding_ar2,m1_controls,2026-06-01,2026-09-01,-2.6766842228761707,82
headline_12m_pct,kr_epi_tech_gbp_12m_pct,3,expanding_ar2,m2_tech,2026-06-01,2026-09-01,0.6681075875360349,82
headline_12m_pct,tw_epi_integrated_circuits_twd_12m_pct,1,expanding_ar2,m0_ar,2026-06-01,2026-07-01,-0.3574733678093865,124
headline_12m_pct,tw_epi_integrated_circuits_twd_12m_pct,1,expanding_ar2,m1_controls,2026-06-01,2026-07-01,-0.6549407663876099,124
headline_12m_pct,tw_epi_integrated_circuits_twd_12m_pct,1,expanding_ar2,m2_tech,2026-06-01,2026-07-01,-0.6664209239674725,124
headline_12m_pct,tw_epi_integrated_circuits_twd_12m_pct,2,expanding_ar2,m0_ar,2026-06-01,2026-08-01,-0.3528529859718943,123
headline_12m_pct,tw_epi_integrated_circuits_twd_12m_pct,2,expanding_ar2,m1_controls,2026-06-01,2026-08-01,-1.1959964175157518,123
headline_12m_pct,tw_epi_integrated_circuits_twd_12m_pct,2,expanding_ar2,m2_tech,2026-06-01,2026-08-01,-1.1558569016700357,123
headline_12m_pct,tw_epi_integrated_circuits_twd_12m_pct,3,expanding_ar2,m0_ar,2026-06-01,2026-09-01,-0.2897779943955386,122
headline_12m_pct,tw_epi_integrated_circuits_twd_12m_pct,3,expanding_ar2,m1_controls,2026-06-01,2026-09-01,-1.3386875242295435,122
headline_12m_pct,tw_epi_integrated_circuits_twd_12m_pct,3,expanding_ar2,m2_tech,2026-06-01,2026-09-01,-1.292395389461079,122
headline_12m_pct,tw_epi_integrated_circuits_usd_12m_pct,1,expanding_ar2,m0_ar,2026-06-01,2026-07-01,-0.3574733678093865,124
headline_12m_pct,tw_epi_integrated_circuits_usd_12m_pct,1,expanding_ar2,m1_controls,2026-06-01,2026-07-01,-0.6549407663876099,124
headline_12m_pct,tw_epi_integrated_circuits_usd_12m_pct,1,expanding_ar2,m2_tech,2026-06-01,2026-07-01,-0.4787252910820219,124
headline_12m_pct,tw_epi_integrated_circuits_usd_12m_pct,2,expanding_ar2,m0_ar,2026-06-01,2026-08-01,-0.3528529859718943,123
headline_12m_pct,tw_epi_integrated_circuits_usd_12m_pct,2,expanding_ar2,m1_controls,2026-06-01,2026-08-01,-1.1959964175157518,123
headline_12m_pct,tw_epi_integrated_circuits_usd_12m_pct,2,expanding_ar2,m2_tech,2026-06-01,2026-08-01,-0.8318107674671991,123
headline_12m_pct,tw_epi_integrated_circuits_usd_12m_pct,3,expanding_ar2,m0_ar,2026-06-01,2026-09-01,-0.2897779943955386,122
headline_12m_pct,tw_epi_integrated_circuits_usd_12m_pct,3,expanding_ar2,m1_controls,2026-06-01,2026-09-01,-1.3386875242295435,122
headline_12m_pct,tw_epi_integrated_circuits_usd_12m_pct,3,expanding_ar2,m2_tech,2026-06-01,2026-09-01,-0.8139058156284737,122
headline_12m_pct,tw_epi_integrated_circuits_gbp_12m_pct,1,expanding_ar2,m0_ar,2026-06-01,2026-07-01,-0.3574733678093865,124
headline_12m_pct,tw_epi_integrated_circuits_gbp_12m_pct,1,expanding_ar2,m1_controls,2026-06-01,2026-07-01,-0.6549407663876099,124
headline_12m_pct,tw_epi_integrated_circuits_gbp_12m_pct,1,expanding_ar2,m2_tech,2026-06-01,2026-07-01,-0.6786306410031129,124
headline_12m_pct,tw_epi_integrated_circuits_gbp_12m_pct,2,expanding_ar2,m0_ar,2026-06-01,2026-08-01,-0.3528529859718943,123
headline_12m_pct,tw_epi_integrated_circuits_gbp_12m_pct,2,expanding_ar2,m1_controls,2026-06-01,2026-08-01,-1.1959964175157518,123
headline_12m_pct,tw_epi_integrated_circuits_gbp_12m_pct,2,expanding_ar2,m2_tech,2026-06-01,2026-08-01,-1.2052692871767818,123
headline_12m_pct,tw_epi_integrated_circuits_gbp_12m_pct,3,expanding_ar2,m0_ar,2026-06-01,2026-09-01,-0.2897779943955386,122
headline_12m_pct,tw_epi_integrated_circuits_gbp_12m_pct,3,expanding_ar2,m1_controls,2026-06-01,2026-09-01,-1.3386875242295435,122
headline_12m_pct,tw_epi_integrated_circuits_gbp_12m_pct,3,expanding_ar2,m2_tech,2026-06-01,2026-09-01,-1.3416258275531814,122
headline_12m_pct,hk_ppi_tech_12m_pct,1,expanding_ar2,m0_ar,2026-06-01,2026-07-01,-0.3574733678093865,124
headline_12m_pct,hk_ppi_tech_12m_pct,1,expanding_ar2,m1_controls,2026-06-01,2026-07-01,0.24391945795904513,124
headline_12m_pct,hk_ppi_tech_12m_pct,1,expanding_ar2,m2_tech,2026-06-01,2026-07-01,-1.2106228005260764,124
headline_12m_pct,hk_ppi_tech_12m_pct,2,expanding_ar2,m0_ar,2026-06-01,2026-08-01,-0.3528529859718943,123
headline_12m_pct,hk_ppi_tech_12m_pct,2,expanding_ar2,m1_controls,2026-06-01,2026-08-01,-0.07220087616270732,123
headline_12m_pct,hk_ppi_tech_12m_pct,2,expanding_ar2,m2_tech,2026-06-01,2026-08-01,-2.798584410198499,123
headline_12m_pct,hk_ppi_tech_12m_pct,3,expanding_ar2,m0_ar,2026-06-01,2026-09-01,-0.2897779943955386,122
headline_12m_pct,hk_ppi_tech_12m_pct,3,expanding_ar2,m1_controls,2026-06-01,2026-09-01,0.38152653974966133,122
headline_12m_pct,hk_ppi_tech_12m_pct,3,expanding_ar2,m2_tech,2026-06-01,2026-09-01,-3.1044965649508747,122
headline_12m_pct,hk_ppi_tech_gbp_12m_pct,1,expanding_ar2,m0_ar,2026-06-01,2026-07-01,-0.3574733678093865,124
headline_12m_pct,hk_ppi_tech_gbp_12m_pct,1,expanding_ar2,m1_controls,2026-06-01,2026-07-01,0.24391945795904513,124
headline_12m_pct,hk_ppi_tech_gbp_12m_pct,1,expanding_ar2,m2_tech,2026-06-01,2026-07-01,0.13617597678468168,124
headline_12m_pct,hk_ppi_tech_gbp_12m_pct,2,expanding_ar2,m0_ar,2026-06-01,2026-08-01,-0.3528529859718943,123
headline_12m_pct,hk_ppi_tech_gbp_12m_pct,2,expanding_ar2,m1_controls,2026-06-01,2026-08-01,-0.07220087616270732,123
headline_12m_pct,hk_ppi_tech_gbp_12m_pct,2,expanding_ar2,m2_tech,2026-06-01,2026-08-01,-0.7126633668921074,123
headline_12m_pct,hk_ppi_tech_gbp_12m_pct,3,expanding_ar2,m0_ar,2026-06-01,2026-09-01,-0.2897779943955386,122
headline_12m_pct,hk_ppi_tech_gbp_12m_pct,3,expanding_ar2,m1_controls,2026-06-01,2026-09-01,0.38152653974966133,122
headline_12m_pct,hk_ppi_tech_gbp_12m_pct,3,expanding_ar2,m2_tech,2026-06-01,2026-09-01,-0.712029577158269,122
ex_games_12m_pct,jp_epi_electronics_yen_12m_pct,1,expanding_ar2,m0_ar,2026-06-01,2026-07-01,-0.8572784041033522,124
ex_games_12m_pct,jp_epi_electronics_yen_12m_pct,1,expanding_ar2,m1_controls,2026-06-01,2026-07-01,-0.5095215743017889,124
ex_games_12m_pct,jp_epi_electronics_yen_12m_pct,1,expanding_ar2,m2_tech,2026-06-01,2026-07-01,0.1574150466187022,124
ex_games_12m_pct,jp_epi_electronics_yen_12m_pct,2,expanding_ar2,m0_ar,2026-06-01,2026-08-01,-0.36113362427392437,123
ex_games_12m_pct,jp_epi_electronics_yen_12m_pct,2,expanding_ar2,m1_controls,2026-06-01,2026-08-01,0.1801513537660825,123
ex_games_12m_pct,jp_epi_electronics_yen_12m_pct,2,expanding_ar2,m2_tech,2026-06-01,2026-08-01,1.3998645692661245,123
ex_games_12m_pct,jp_epi_electronics_yen_12m_pct,3,expanding_ar2,m0_ar,2026-06-01,2026-09-01,-0.5649634489705277,122
ex_games_12m_pct,jp_epi_electronics_yen_12m_pct,3,expanding_ar2,m1_controls,2026-06-01,2026-09-01,-0.067448115653431,122
ex_games_12m_pct,jp_epi_electronics_yen_12m_pct,3,expanding_ar2,m2_tech,2026-06-01,2026-09-01,1.813144321972283,122
ex_games_12m_pct,jp_epi_electronics_contract_12m_pct,1,expanding_ar2,m0_ar,2026-06-01,2026-07-01,-0.8572784041033522,124
ex_games_12m_pct,jp_epi_electronics_contract_12m_pct,1,expanding_ar2,m1_controls,2026-06-01,2026-07-01,-0.5095215743017889,124
ex_games_12m_pct,jp_epi_electronics_contract_12m_pct,1,expanding_ar2,m2_tech,2026-06-01,2026-07-01,0.06044128104327895,124
ex_games_12m_pct,jp_epi_electronics_contract_12m_pct,2,expanding_ar2,m0_ar,2026-06-01,2026-08-01,-0.36113362427392437,123
ex_games_12m_pct,jp_epi_electronics_contract_12m_pct,2,expanding_ar2,m1_controls,2026-06-01,2026-08-01,0.1801513537660825,123
ex_games_12m_pct,jp_epi_electronics_contract_12m_pct,2,expanding_ar2,m2_tech,2026-06-01,2026-08-01,1.270442268803252,123
ex_games_12m_pct,jp_epi_electronics_contract_12m_pct,3,expanding_ar2,m0_ar,2026-06-01,2026-09-01,-0.5649634489705277,122
ex_games_12m_pct,jp_epi_electronics_contract_12m_pct,3,expanding_ar2,m1_controls,2026-06-01,2026-09-01,-0.067448115653431,122
ex_games_12m_pct,jp_epi_electronics_contract_12m_pct,3,expanding_ar2,m2_tech,2026-06-01,2026-09-01,1.718838845378008,122
ex_games_12m_pct,jp_epi_electronics_gbp_12m_pct,1,expanding_ar2,m0_ar,2026-06-01,2026-07-01,-0.8572784041033522,124
ex_games_12m_pct,jp_epi_electronics_gbp_12m_pct,1,expanding_ar2,m1_controls,2026-06-01,2026-07-01,-0.5095215743017889,124
ex_games_12m_pct,jp_epi_electronics_gbp_12m_pct,1,expanding_ar2,m2_tech,2026-06-01,2026-07-01,-0.025472556654020595,124
ex_games_12m_pct,jp_epi_electronics_gbp_12m_pct,2,expanding_ar2,m0_ar,2026-06-01,2026-08-01,-0.36113362427392437,123
ex_games_12m_pct,jp_epi_electronics_gbp_12m_pct,2,expanding_ar2,m1_controls,2026-06-01,2026-08-01,0.1801513537660825,123
ex_games_12m_pct,jp_epi_electronics_gbp_12m_pct,2,expanding_ar2,m2_tech,2026-06-01,2026-08-01,1.269795909170192,123
ex_games_12m_pct,jp_epi_electronics_gbp_12m_pct,3,expanding_ar2,m0_ar,2026-06-01,2026-09-01,-0.5649634489705277,122
ex_games_12m_pct,jp_epi_electronics_gbp_12m_pct,3,expanding_ar2,m1_controls,2026-06-01,2026-09-01,-0.067448115653431,122
ex_games_12m_pct,jp_epi_electronics_gbp_12m_pct,3,expanding_ar2,m2_tech,2026-06-01,2026-09-01,1.8249401839912578,122
ex_games_12m_pct,jp_ppi_electronic_components_12m_pct,1,expanding_ar2,m0_ar,2026-06-01,2026-07-01,-0.8572784041033522,124
ex_games_12m_pct,jp_ppi_electronic_components_12m_pct,1,expanding_ar2,m1_controls,2026-06-01,2026-07-01,-0.5095215743017889,124
ex_games_12m_pct,jp_ppi_electronic_components_12m_pct,1,expanding_ar2,m2_tech,2026-06-01,2026-07-01,-0.5041447493598672,124
ex_games_12m_pct,jp_ppi_electronic_components_12m_pct,2,expanding_ar2,m0_ar,2026-06-01,2026-08-01,-0.36113362427392437,123
ex_games_12m_pct,jp_ppi_electronic_components_12m_pct,2,expanding_ar2,m1_controls,2026-06-01,2026-08-01,0.1801513537660825,123
ex_games_12m_pct,jp_ppi_electronic_components_12m_pct,2,expanding_ar2,m2_tech,2026-06-01,2026-08-01,0.18964302750829287,123
ex_games_12m_pct,jp_ppi_electronic_components_12m_pct,3,expanding_ar2,m0_ar,2026-06-01,2026-09-01,-0.5649634489705277,122
ex_games_12m_pct,jp_ppi_electronic_components_12m_pct,3,expanding_ar2,m1_controls,2026-06-01,2026-09-01,-0.067448115653431,122
ex_games_12m_pct,jp_ppi_electronic_components_12m_pct,3,expanding_ar2,m2_tech,2026-06-01,2026-09-01,-0.04089773792200124,122
ex_games_12m_pct,jp_ppi_information_communications_12m_pct,1,expanding_ar2,m0_ar,2026-06-01,2026-07-01,-0.8572784041033522,124
ex_games_12m_pct,jp_ppi_information_communications_12m_pct,1,expanding_ar2,m1_controls,2026-06-01,2026-07-01,-0.5095215743017889,124
ex_games_12m_pct,jp_ppi_information_communications_12m_pct,1,expanding_ar2,m2_tech,2026-06-01,2026-07-01,0.4992762056063714,124
ex_games_12m_pct,jp_ppi_information_communications_12m_pct,2,expanding_ar2,m0_ar,2026-06-01,2026-08-01,-0.36113362427392437,123
ex_games_12m_pct,jp_ppi_information_communications_12m_pct,2,expanding_ar2,m1_controls,2026-06-01,2026-08-01,0.1801513537660825,123
ex_games_12m_pct,jp_ppi_information_communications_12m_pct,2,expanding_ar2,m2_tech,2026-06-01,2026-08-01,1.3900851808036063,123
ex_games_12m_pct,jp_ppi_information_communications_12m_pct,3,expanding_ar2,m0_ar,2026-06-01,2026-09-01,-0.5649634489705277,122
ex_games_12m_pct,jp_ppi_information_communications_12m_pct,3,expanding_ar2,m1_controls,2026-06-01,2026-09-01,-0.067448115653431,122
ex_games_12m_pct,jp_ppi_information_communications_12m_pct,3,expanding_ar2,m2_tech,2026-06-01,2026-09-01,2.791590831919749,122
ex_games_12m_pct,kr_epi_tech_12m_pct,1,expanding_ar2,m0_ar,2026-06-01,2026-07-01,-1.1614848073074637,84
ex_games_12m_pct,kr_epi_tech_12m_pct,1,expanding_ar2,m1_controls,2026-06-01,2026-07-01,-1.5331031442800904,84
ex_games_12m_pct,kr_epi_tech_12m_pct,1,expanding_ar2,m2_tech,2026-06-01,2026-07-01,-0.19879734936960514,84
ex_games_12m_pct,kr_epi_tech_12m_pct,2,expanding_ar2,m0_ar,2026-06-01,2026-08-01,-0.5873533952334126,83
ex_games_12m_pct,kr_epi_tech_12m_pct,2,expanding_ar2,m1_controls,2026-06-01,2026-08-01,-1.719267251709039,83
ex_games_12m_pct,kr_epi_tech_12m_pct,2,expanding_ar2,m2_tech,2026-06-01,2026-08-01,0.9582907783176198,83
ex_games_12m_pct,kr_epi_tech_12m_pct,3,expanding_ar2,m0_ar,2026-06-01,2026-09-01,-1.179946570965728,82
ex_games_12m_pct,kr_epi_tech_12m_pct,3,expanding_ar2,m1_controls,2026-06-01,2026-09-01,-3.6421966274482624,82
ex_games_12m_pct,kr_epi_tech_12m_pct,3,expanding_ar2,m2_tech,2026-06-01,2026-09-01,1.2317980761701781,82
ex_games_12m_pct,kr_epi_tech_gbp_12m_pct,1,expanding_ar2,m0_ar,2026-06-01,2026-07-01,-1.1614848073074637,84
ex_games_12m_pct,kr_epi_tech_gbp_12m_pct,1,expanding_ar2,m1_controls,2026-06-01,2026-07-01,-1.5331031442800904,84
ex_games_12m_pct,kr_epi_tech_gbp_12m_pct,1,expanding_ar2,m2_tech,2026-06-01,2026-07-01,-0.3144588217680653,84
ex_games_12m_pct,kr_epi_tech_gbp_12m_pct,2,expanding_ar2,m0_ar,2026-06-01,2026-08-01,-0.5873533952334126,83
ex_games_12m_pct,kr_epi_tech_gbp_12m_pct,2,expanding_ar2,m1_controls,2026-06-01,2026-08-01,-1.719267251709039,83
ex_games_12m_pct,kr_epi_tech_gbp_12m_pct,2,expanding_ar2,m2_tech,2026-06-01,2026-08-01,0.7224891479168063,83
ex_games_12m_pct,kr_epi_tech_gbp_12m_pct,3,expanding_ar2,m0_ar,2026-06-01,2026-09-01,-1.179946570965728,82
ex_games_12m_pct,kr_epi_tech_gbp_12m_pct,3,expanding_ar2,m1_controls,2026-06-01,2026-09-01,-3.6421966274482624,82
ex_games_12m_pct,kr_epi_tech_gbp_12m_pct,3,expanding_ar2,m2_tech,2026-06-01,2026-09-01,0.8581423669574506,82
ex_games_12m_pct,tw_epi_integrated_circuits_twd_12m_pct,1,expanding_ar2,m0_ar,2026-06-01,2026-07-01,-0.8572784041033522,124
ex_games_12m_pct,tw_epi_integrated_circuits_twd_12m_pct,1,expanding_ar2,m1_controls,2026-06-01,2026-07-01,-1.340287981294524,124
ex_games_12m_pct,tw_epi_integrated_circuits_twd_12m_pct,1,expanding_ar2,m2_tech,2026-06-01,2026-07-01,-1.3157467120692754,124
ex_games_12m_pct,tw_epi_integrated_circuits_twd_12m_pct,2,expanding_ar2,m0_ar,2026-06-01,2026-08-01,-0.36113362427392437,123
ex_games_12m_pct,tw_epi_integrated_circuits_twd_12m_pct,2,expanding_ar2,m1_controls,2026-06-01,2026-08-01,-1.4369775942750933,123
ex_games_12m_pct,tw_epi_integrated_circuits_twd_12m_pct,2,expanding_ar2,m2_tech,2026-06-01,2026-08-01,-1.426266381371646,123
ex_games_12m_pct,tw_epi_integrated_circuits_twd_12m_pct,3,expanding_ar2,m0_ar,2026-06-01,2026-09-01,-0.5649634489705277,122
ex_games_12m_pct,tw_epi_integrated_circuits_twd_12m_pct,3,expanding_ar2,m1_controls,2026-06-01,2026-09-01,-2.4150836631495416,122
ex_games_12m_pct,tw_epi_integrated_circuits_twd_12m_pct,3,expanding_ar2,m2_tech,2026-06-01,2026-09-01,-2.3627919009156995,122
ex_games_12m_pct,tw_epi_integrated_circuits_usd_12m_pct,1,expanding_ar2,m0_ar,2026-06-01,2026-07-01,-0.8572784041033522,124
ex_games_12m_pct,tw_epi_integrated_circuits_usd_12m_pct,1,expanding_ar2,m1_controls,2026-06-01,2026-07-01,-1.340287981294524,124
ex_games_12m_pct,tw_epi_integrated_circuits_usd_12m_pct,1,expanding_ar2,m2_tech,2026-06-01,2026-07-01,-1.4039229628665528,124
ex_games_12m_pct,tw_epi_integrated_circuits_usd_12m_pct,2,expanding_ar2,m0_ar,2026-06-01,2026-08-01,-0.36113362427392437,123
ex_games_12m_pct,tw_epi_integrated_circuits_usd_12m_pct,2,expanding_ar2,m1_controls,2026-06-01,2026-08-01,-1.4369775942750933,123
ex_games_12m_pct,tw_epi_integrated_circuits_usd_12m_pct,2,expanding_ar2,m2_tech,2026-06-01,2026-08-01,-1.518864217764515,123
ex_games_12m_pct,tw_epi_integrated_circuits_usd_12m_pct,3,expanding_ar2,m0_ar,2026-06-01,2026-09-01,-0.5649634489705277,122
ex_games_12m_pct,tw_epi_integrated_circuits_usd_12m_pct,3,expanding_ar2,m1_controls,2026-06-01,2026-09-01,-2.4150836631495416,122
ex_games_12m_pct,tw_epi_integrated_circuits_usd_12m_pct,3,expanding_ar2,m2_tech,2026-06-01,2026-09-01,-2.5024972634785936,122
ex_games_12m_pct,tw_epi_integrated_circuits_gbp_12m_pct,1,expanding_ar2,m0_ar,2026-06-01,2026-07-01,-0.8572784041033522,124
ex_games_12m_pct,tw_epi_integrated_circuits_gbp_12m_pct,1,expanding_ar2,m1_controls,2026-06-01,2026-07-01,-1.340287981294524,124
ex_games_12m_pct,tw_epi_integrated_circuits_gbp_12m_pct,1,expanding_ar2,m2_tech,2026-06-01,2026-07-01,-1.3360459370309052,124
ex_games_12m_pct,tw_epi_integrated_circuits_gbp_12m_pct,2,expanding_ar2,m0_ar,2026-06-01,2026-08-01,-0.36113362427392437,123
ex_games_12m_pct,tw_epi_integrated_circuits_gbp_12m_pct,2,expanding_ar2,m1_controls,2026-06-01,2026-08-01,-1.4369775942750933,123
ex_games_12m_pct,tw_epi_integrated_circuits_gbp_12m_pct,2,expanding_ar2,m2_tech,2026-06-01,2026-08-01,-1.430743906745473,123
ex_games_12m_pct,tw_epi_integrated_circuits_gbp_12m_pct,3,expanding_ar2,m0_ar,2026-06-01,2026-09-01,-0.5649634489705277,122
ex_games_12m_pct,tw_epi_integrated_circuits_gbp_12m_pct,3,expanding_ar2,m1_controls,2026-06-01,2026-09-01,-2.4150836631495416,122
ex_games_12m_pct,tw_epi_integrated_circuits_gbp_12m_pct,3,expanding_ar2,m2_tech,2026-06-01,2026-09-01,-2.394613322361071,122
ex_games_12m_pct,hk_ppi_tech_12m_pct,1,expanding_ar2,m0_ar,2026-06-01,2026-07-01,-0.8572784041033522,124
ex_games_12m_pct,hk_ppi_tech_12m_pct,1,expanding_ar2,m1_controls,2026-06-01,2026-07-01,0.6643537442765641,124
ex_games_12m_pct,hk_ppi_tech_12m_pct,1,expanding_ar2,m2_tech,2026-06-01,2026-07-01,-0.7981274505118297,124
ex_games_12m_pct,hk_ppi_tech_12m_pct,2,expanding_ar2,m0_ar,2026-06-01,2026-08-01,-0.36113362427392437,123
ex_games_12m_pct,hk_ppi_tech_12m_pct,2,expanding_ar2,m1_controls,2026-06-01,2026-08-01,2.141901453482709,123
ex_games_12m_pct,hk_ppi_tech_12m_pct,2,expanding_ar2,m2_tech,2026-06-01,2026-08-01,-0.2997524652601964,123
ex_games_12m_pct,hk_ppi_tech_12m_pct,3,expanding_ar2,m0_ar,2026-06-01,2026-09-01,-0.5649634489705277,122
ex_games_12m_pct,hk_ppi_tech_12m_pct,3,expanding_ar2,m1_controls,2026-06-01,2026-09-01,2.8088399473913572,122
ex_games_12m_pct,hk_ppi_tech_12m_pct,3,expanding_ar2,m2_tech,2026-06-01,2026-09-01,0.26630427646102817,122
ex_games_12m_pct,hk_ppi_tech_gbp_12m_pct,1,expanding_ar2,m0_ar,2026-06-01,2026-07-01,-0.8572784041033522,124
ex_games_12m_pct,hk_ppi_tech_gbp_12m_pct,1,expanding_ar2,m1_controls,2026-06-01,2026-07-01,0.6643537442765641,124
ex_games_12m_pct,hk_ppi_tech_gbp_12m_pct,1,expanding_ar2,m2_tech,2026-06-01,2026-07-01,0.42619448536169346,124
ex_games_12m_pct,hk_ppi_tech_gbp_12m_pct,2,expanding_ar2,m0_ar,2026-06-01,2026-08-01,-0.36113362427392437,123
ex_games_12m_pct,hk_ppi_tech_gbp_12m_pct,2,expanding_ar2,m1_controls,2026-06-01,2026-08-01,2.141901453482709,123
ex_games_12m_pct,hk_ppi_tech_gbp_12m_pct,2,expanding_ar2,m2_tech,2026-06-01,2026-08-01,1.451995591511903,123
ex_games_12m_pct,hk_ppi_tech_gbp_12m_pct,3,expanding_ar2,m0_ar,2026-06-01,2026-09-01,-0.5649634489705277,122
ex_games_12m_pct,hk_ppi_tech_gbp_12m_pct,3,expanding_ar2,m1_controls,2026-06-01,2026-09-01,2.8088399473913572,122
ex_games_12m_pct,hk_ppi_tech_gbp_12m_pct,3,expanding_ar2,m2_tech,2026-06-01,2026-09-01,1.7152095127930436,122
headline_12m_pct,jp_epi_electronics_yen_12m_pct,1,expanding_ar6,m0_ar,2026-06-01,2026-07-01,-0.1746358617839251,120
headline_12m_pct,jp_epi_electronics_yen_12m_pct,1,expanding_ar6,m1_controls,2026-06-01,2026-07-01,-0.3843588152524894,120
headline_12m_pct,jp_epi_electronics_yen_12m_pct,1,expanding_ar6,m2_tech,2026-06-01,2026-07-01,-0.4795590844373372,120
headline_12m_pct,jp_epi_electronics_yen_12m_pct,2,expanding_ar6,m0_ar,2026-06-01,2026-08-01,0.059149952003725526,119
headline_12m_pct,jp_epi_electronics_yen_12m_pct,2,expanding_ar6,m1_controls,2026-06-01,2026-08-01,0.035997481487532346,119
headline_12m_pct,jp_epi_electronics_yen_12m_pct,2,expanding_ar6,m2_tech,2026-06-01,2026-08-01,-0.24890514744193332,119
headline_12m_pct,jp_epi_electronics_yen_12m_pct,3,expanding_ar6,m0_ar,2026-06-01,2026-09-01,0.4119537406405389,118
headline_12m_pct,jp_epi_electronics_yen_12m_pct,3,expanding_ar6,m1_controls,2026-06-01,2026-09-01,0.6535794792557219,118
headline_12m_pct,jp_epi_electronics_yen_12m_pct,3,expanding_ar6,m2_tech,2026-06-01,2026-09-01,-0.5028128891464769,118
headline_12m_pct,jp_epi_electronics_contract_12m_pct,1,expanding_ar6,m0_ar,2026-06-01,2026-07-01,-0.1746358617839251,120
headline_12m_pct,jp_epi_electronics_contract_12m_pct,1,expanding_ar6,m1_controls,2026-06-01,2026-07-01,-0.3843588152524894,120
headline_12m_pct,jp_epi_electronics_contract_12m_pct,1,expanding_ar6,m2_tech,2026-06-01,2026-07-01,0.2488246568209731,120
headline_12m_pct,jp_epi_electronics_contract_12m_pct,2,expanding_ar6,m0_ar,2026-06-01,2026-08-01,0.059149952003725526,119
headline_12m_pct,jp_epi_electronics_contract_12m_pct,2,expanding_ar6,m1_controls,2026-06-01,2026-08-01,0.035997481487532346,119
headline_12m_pct,jp_epi_electronics_contract_12m_pct,2,expanding_ar6,m2_tech,2026-06-01,2026-08-01,1.0329431636916921,119
headline_12m_pct,jp_epi_electronics_contract_12m_pct,3,expanding_ar6,m0_ar,2026-06-01,2026-09-01,0.4119537406405389,118
headline_12m_pct,jp_epi_electronics_contract_12m_pct,3,expanding_ar6,m1_controls,2026-06-01,2026-09-01,0.6535794792557219,118
headline_12m_pct,jp_epi_electronics_contract_12m_pct,3,expanding_ar6,m2_tech,2026-06-01,2026-09-01,0.5845479341804211,118
headline_12m_pct,jp_epi_electronics_gbp_12m_pct,1,expanding_ar6,m0_ar,2026-06-01,2026-07-01,-0.1746358617839251,120
headline_12m_pct,jp_epi_electronics_gbp_12m_pct,1,expanding_ar6,m1_controls,2026-06-01,2026-07-01,-0.3843588152524894,120
headline_12m_pct,jp_epi_electronics_gbp_12m_pct,1,expanding_ar6,m2_tech,2026-06-01,2026-07-01,-1.143632473156182,120
headline_12m_pct,jp_epi_electronics_gbp_12m_pct,2,expanding_ar6,m0_ar,2026-06-01,2026-08-01,0.059149952003725526,119
headline_12m_pct,jp_epi_electronics_gbp_12m_pct,2,expanding_ar6,m1_controls,2026-06-01,2026-08-01,0.035997481487532346,119
headline_12m_pct,jp_epi_electronics_gbp_12m_pct,2,expanding_ar6,m2_tech,2026-06-01,2026-08-01,-1.0900795902529365,119
headline_12m_pct,jp_epi_electronics_gbp_12m_pct,3,expanding_ar6,m0_ar,2026-06-01,2026-09-01,0.4119537406405389,118
headline_12m_pct,jp_epi_electronics_gbp_12m_pct,3,expanding_ar6,m1_controls,2026-06-01,2026-09-01,0.6535794792557219,118
headline_12m_pct,jp_epi_electronics_gbp_12m_pct,3,expanding_ar6,m2_tech,2026-06-01,2026-09-01,-1.1958217580143988,118
headline_12m_pct,jp_ppi_electronic_components_12m_pct,1,expanding_ar6,m0_ar,2026-06-01,2026-07-01,-0.1746358617839251,120
headline_12m_pct,jp_ppi_electronic_components_12m_pct,1,expanding_ar6,m1_controls,2026-06-01,2026-07-01,-0.3843588152524894,120
headline_12m_pct,jp_ppi_electronic_components_12m_pct,1,expanding_ar6,m2_tech,2026-06-01,2026-07-01,-0.4848870340814835,120
headline_12m_pct,jp_ppi_electronic_components_12m_pct,2,expanding_ar6,m0_ar,2026-06-01,2026-08-01,0.059149952003725526,119
headline_12m_pct,jp_ppi_electronic_components_12m_pct,2,expanding_ar6,m1_controls,2026-06-01,2026-08-01,0.035997481487532346,119
headline_12m_pct,jp_ppi_electronic_components_12m_pct,2,expanding_ar6,m2_tech,2026-06-01,2026-08-01,-0.06903041041293356,119
headline_12m_pct,jp_ppi_electronic_components_12m_pct,3,expanding_ar6,m0_ar,2026-06-01,2026-09-01,0.4119537406405389,118
headline_12m_pct,jp_ppi_electronic_components_12m_pct,3,expanding_ar6,m1_controls,2026-06-01,2026-09-01,0.6535794792557219,118
headline_12m_pct,jp_ppi_electronic_components_12m_pct,3,expanding_ar6,m2_tech,2026-06-01,2026-09-01,0.5413321415046201,118
headline_12m_pct,jp_ppi_information_communications_12m_pct,1,expanding_ar6,m0_ar,2026-06-01,2026-07-01,-0.1746358617839251,120
headline_12m_pct,jp_ppi_information_communications_12m_pct,1,expanding_ar6,m1_controls,2026-06-01,2026-07-01,-0.3843588152524894,120
headline_12m_pct,jp_ppi_information_communications_12m_pct,1,expanding_ar6,m2_tech,2026-06-01,2026-07-01,0.00567461425077509,120
headline_12m_pct,jp_ppi_information_communications_12m_pct,2,expanding_ar6,m0_ar,2026-06-01,2026-08-01,0.059149952003725526,119
headline_12m_pct,jp_ppi_information_communications_12m_pct,2,expanding_ar6,m1_controls,2026-06-01,2026-08-01,0.035997481487532346,119
headline_12m_pct,jp_ppi_information_communications_12m_pct,2,expanding_ar6,m2_tech,2026-06-01,2026-08-01,0.20268990941725984,119
headline_12m_pct,jp_ppi_information_communications_12m_pct,3,expanding_ar6,m0_ar,2026-06-01,2026-09-01,0.4119537406405389,118
headline_12m_pct,jp_ppi_information_communications_12m_pct,3,expanding_ar6,m1_controls,2026-06-01,2026-09-01,0.6535794792557219,118
headline_12m_pct,jp_ppi_information_communications_12m_pct,3,expanding_ar6,m2_tech,2026-06-01,2026-09-01,1.211167347941571,118
headline_12m_pct,kr_epi_tech_12m_pct,1,expanding_ar6,m0_ar,2026-06-01,2026-07-01,-0.07930284740293314,84
headline_12m_pct,kr_epi_tech_12m_pct,1,expanding_ar6,m1_controls,2026-06-01,2026-07-01,-0.42572252679633543,84
headline_12m_pct,kr_epi_tech_12m_pct,1,expanding_ar6,m2_tech,2026-06-01,2026-07-01,0.7588439542104797,84
headline_12m_pct,kr_epi_tech_12m_pct,2,expanding_ar6,m0_ar,2026-06-01,2026-08-01,0.2932996244299658,83
headline_12m_pct,kr_epi_tech_12m_pct,2,expanding_ar6,m1_controls,2026-06-01,2026-08-01,-0.8793422123253813,83
headline_12m_pct,kr_epi_tech_12m_pct,2,expanding_ar6,m2_tech,2026-06-01,2026-08-01,1.6610802705557322,83
headline_12m_pct,kr_epi_tech_12m_pct,3,expanding_ar6,m0_ar,2026-06-01,2026-09-01,0.7461867271502981,82
headline_12m_pct,kr_epi_tech_12m_pct,3,expanding_ar6,m1_controls,2026-06-01,2026-09-01,-0.8735416901663737,82
headline_12m_pct,kr_epi_tech_12m_pct,3,expanding_ar6,m2_tech,2026-06-01,2026-09-01,2.1934658629823214,82
headline_12m_pct,kr_epi_tech_gbp_12m_pct,1,expanding_ar6,m0_ar,2026-06-01,2026-07-01,-0.07930284740293314,84
headline_12m_pct,kr_epi_tech_gbp_12m_pct,1,expanding_ar6,m1_controls,2026-06-01,2026-07-01,-0.42572252679633543,84
headline_12m_pct,kr_epi_tech_gbp_12m_pct,1,expanding_ar6,m2_tech,2026-06-01,2026-07-01,0.67334045666947,84
headline_12m_pct,kr_epi_tech_gbp_12m_pct,2,expanding_ar6,m0_ar,2026-06-01,2026-08-01,0.2932996244299658,83
headline_12m_pct,kr_epi_tech_gbp_12m_pct,2,expanding_ar6,m1_controls,2026-06-01,2026-08-01,-0.8793422123253813,83
headline_12m_pct,kr_epi_tech_gbp_12m_pct,2,expanding_ar6,m2_tech,2026-06-01,2026-08-01,1.4455942487430624,83
headline_12m_pct,kr_epi_tech_gbp_12m_pct,3,expanding_ar6,m0_ar,2026-06-01,2026-09-01,0.7461867271502981,82
headline_12m_pct,kr_epi_tech_gbp_12m_pct,3,expanding_ar6,m1_controls,2026-06-01,2026-09-01,-0.8735416901663737,82
headline_12m_pct,kr_epi_tech_gbp_12m_pct,3,expanding_ar6,m2_tech,2026-06-01,2026-09-01,1.9609829479755523,82
headline_12m_pct,tw_epi_integrated_circuits_twd_12m_pct,1,expanding_ar6,m0_ar,2026-06-01,2026-07-01,-0.1746358617839251,120
headline_12m_pct,tw_epi_integrated_circuits_twd_12m_pct,1,expanding_ar6,m1_controls,2026-06-01,2026-07-01,-0.7949238802807213,120
headline_12m_pct,tw_epi_integrated_circuits_twd_12m_pct,1,expanding_ar6,m2_tech,2026-06-01,2026-07-01,-0.7958541635452155,120
headline_12m_pct,tw_epi_integrated_circuits_twd_12m_pct,2,expanding_ar6,m0_ar,2026-06-01,2026-08-01,0.059149952003725526,119
headline_12m_pct,tw_epi_integrated_circuits_twd_12m_pct,2,expanding_ar6,m1_controls,2026-06-01,2026-08-01,-1.0249131121643136,119
headline_12m_pct,tw_epi_integrated_circuits_twd_12m_pct,2,expanding_ar6,m2_tech,2026-06-01,2026-08-01,-1.019464788667434,119
headline_12m_pct,tw_epi_integrated_circuits_twd_12m_pct,3,expanding_ar6,m0_ar,2026-06-01,2026-09-01,0.4119537406405389,118
headline_12m_pct,tw_epi_integrated_circuits_twd_12m_pct,3,expanding_ar6,m1_controls,2026-06-01,2026-09-01,-0.6883573213255119,118
headline_12m_pct,tw_epi_integrated_circuits_twd_12m_pct,3,expanding_ar6,m2_tech,2026-06-01,2026-09-01,-0.6960193414671741,118
headline_12m_pct,tw_epi_integrated_circuits_usd_12m_pct,1,expanding_ar6,m0_ar,2026-06-01,2026-07-01,-0.1746358617839251,120
headline_12m_pct,tw_epi_integrated_circuits_usd_12m_pct,1,expanding_ar6,m1_controls,2026-06-01,2026-07-01,-0.7949238802807213,120
headline_12m_pct,tw_epi_integrated_circuits_usd_12m_pct,1,expanding_ar6,m2_tech,2026-06-01,2026-07-01,-0.5974944901948276,120
headline_12m_pct,tw_epi_integrated_circuits_usd_12m_pct,2,expanding_ar6,m0_ar,2026-06-01,2026-08-01,0.059149952003725526,119
headline_12m_pct,tw_epi_integrated_circuits_usd_12m_pct,2,expanding_ar6,m1_controls,2026-06-01,2026-08-01,-1.0249131121643136,119
headline_12m_pct,tw_epi_integrated_circuits_usd_12m_pct,2,expanding_ar6,m2_tech,2026-06-01,2026-08-01,-0.5087035881057309,119
headline_12m_pct,tw_epi_integrated_circuits_usd_12m_pct,3,expanding_ar6,m0_ar,2026-06-01,2026-09-01,0.4119537406405389,118
headline_12m_pct,tw_epi_integrated_circuits_usd_12m_pct,3,expanding_ar6,m1_controls,2026-06-01,2026-09-01,-0.6883573213255119,118
headline_12m_pct,tw_epi_integrated_circuits_usd_12m_pct,3,expanding_ar6,m2_tech,2026-06-01,2026-09-01,0.06404349536411047,118
headline_12m_pct,tw_epi_integrated_circuits_gbp_12m_pct,1,expanding_ar6,m0_ar,2026-06-01,2026-07-01,-0.1746358617839251,120
headline_12m_pct,tw_epi_integrated_circuits_gbp_12m_pct,1,expanding_ar6,m1_controls,2026-06-01,2026-07-01,-0.7949238802807213,120
headline_12m_pct,tw_epi_integrated_circuits_gbp_12m_pct,1,expanding_ar6,m2_tech,2026-06-01,2026-07-01,-0.7784123711766753,120
headline_12m_pct,tw_epi_integrated_circuits_gbp_12m_pct,2,expanding_ar6,m0_ar,2026-06-01,2026-08-01,0.059149952003725526,119
headline_12m_pct,tw_epi_integrated_circuits_gbp_12m_pct,2,expanding_ar6,m1_controls,2026-06-01,2026-08-01,-1.0249131121643136,119
headline_12m_pct,tw_epi_integrated_circuits_gbp_12m_pct,2,expanding_ar6,m2_tech,2026-06-01,2026-08-01,-1.009429478091623,119
headline_12m_pct,tw_epi_integrated_circuits_gbp_12m_pct,3,expanding_ar6,m0_ar,2026-06-01,2026-09-01,0.4119537406405389,118
headline_12m_pct,tw_epi_integrated_circuits_gbp_12m_pct,3,expanding_ar6,m1_controls,2026-06-01,2026-09-01,-0.6883573213255119,118
headline_12m_pct,tw_epi_integrated_circuits_gbp_12m_pct,3,expanding_ar6,m2_tech,2026-06-01,2026-09-01,-0.6646489535301975,118
headline_12m_pct,hk_ppi_tech_12m_pct,1,expanding_ar6,m0_ar,2026-06-01,2026-07-01,-0.1746358617839251,120
headline_12m_pct,hk_ppi_tech_12m_pct,1,expanding_ar6,m1_controls,2026-06-01,2026-07-01,-0.06193472822971219,120
headline_12m_pct,hk_ppi_tech_12m_pct,1,expanding_ar6,m2_tech,2026-06-01,2026-07-01,-1.3104852761637371,120
headline_12m_pct,hk_ppi_tech_12m_pct,2,expanding_ar6,m0_ar,2026-06-01,2026-08-01,0.059149952003725526,119
headline_12m_pct,hk_ppi_tech_12m_pct,2,expanding_ar6,m1_controls,2026-06-01,2026-08-01,-0.44473647675239386,119
headline_12m_pct,hk_ppi_tech_12m_pct,2,expanding_ar6,m2_tech,2026-06-01,2026-08-01,-2.8289322822188776,119
headline_12m_pct,hk_ppi_tech_12m_pct,3,expanding_ar6,m0_ar,2026-06-01,2026-09-01,0.4119537406405389,118
headline_12m_pct,hk_ppi_tech_12m_pct,3,expanding_ar6,m1_controls,2026-06-01,2026-09-01,-0.43845536168065546,118
headline_12m_pct,hk_ppi_tech_12m_pct,3,expanding_ar6,m2_tech,2026-06-01,2026-09-01,-3.3459683155024003,118
headline_12m_pct,hk_ppi_tech_gbp_12m_pct,1,expanding_ar6,m0_ar,2026-06-01,2026-07-01,-0.1746358617839251,120
headline_12m_pct,hk_ppi_tech_gbp_12m_pct,1,expanding_ar6,m1_controls,2026-06-01,2026-07-01,-0.06193472822971219,120
headline_12m_pct,hk_ppi_tech_gbp_12m_pct,1,expanding_ar6,m2_tech,2026-06-01,2026-07-01,-0.1387105702719587,120
headline_12m_pct,hk_ppi_tech_gbp_12m_pct,2,expanding_ar6,m0_ar,2026-06-01,2026-08-01,0.059149952003725526,119
headline_12m_pct,hk_ppi_tech_gbp_12m_pct,2,expanding_ar6,m1_controls,2026-06-01,2026-08-01,-0.44473647675239386,119
headline_12m_pct,hk_ppi_tech_gbp_12m_pct,2,expanding_ar6,m2_tech,2026-06-01,2026-08-01,-1.171146841361985,119
headline_12m_pct,hk_ppi_tech_gbp_12m_pct,3,expanding_ar6,m0_ar,2026-06-01,2026-09-01,0.4119537406405389,118
headline_12m_pct,hk_ppi_tech_gbp_12m_pct,3,expanding_ar6,m1_controls,2026-06-01,2026-09-01,-0.43845536168065546,118
headline_12m_pct,hk_ppi_tech_gbp_12m_pct,3,expanding_ar6,m2_tech,2026-06-01,2026-09-01,-1.6409480481434437,118
ex_games_12m_pct,jp_epi_electronics_yen_12m_pct,1,expanding_ar6,m0_ar,2026-06-01,2026-07-01,-0.47537793516321125,120
ex_games_12m_pct,jp_epi_electronics_yen_12m_pct,1,expanding_ar6,m1_controls,2026-06-01,2026-07-01,0.2138215004418451,120
ex_games_12m_pct,jp_epi_electronics_yen_12m_pct,1,expanding_ar6,m2_tech,2026-06-01,2026-07-01,-0.13458217901851455,120
ex_games_12m_pct,jp_epi_electronics_yen_12m_pct,2,expanding_ar6,m0_ar,2026-06-01,2026-08-01,0.39926676070355116,119
ex_games_12m_pct,jp_epi_electronics_yen_12m_pct,2,expanding_ar6,m1_controls,2026-06-01,2026-08-01,1.6973073164517083,119
ex_games_12m_pct,jp_epi_electronics_yen_12m_pct,2,expanding_ar6,m2_tech,2026-06-01,2026-08-01,1.225998426805493,119
ex_games_12m_pct,jp_epi_electronics_yen_12m_pct,3,expanding_ar6,m0_ar,2026-06-01,2026-09-01,0.605241110792349,118
ex_games_12m_pct,jp_epi_electronics_yen_12m_pct,3,expanding_ar6,m1_controls,2026-06-01,2026-09-01,2.3088861558134166,118
ex_games_12m_pct,jp_epi_electronics_yen_12m_pct,3,expanding_ar6,m2_tech,2026-06-01,2026-09-01,1.1548509659164221,118
ex_games_12m_pct,jp_epi_electronics_contract_12m_pct,1,expanding_ar6,m0_ar,2026-06-01,2026-07-01,-0.47537793516321125,120
ex_games_12m_pct,jp_epi_electronics_contract_12m_pct,1,expanding_ar6,m1_controls,2026-06-01,2026-07-01,0.2138215004418451,120
ex_games_12m_pct,jp_epi_electronics_contract_12m_pct,1,expanding_ar6,m2_tech,2026-06-01,2026-07-01,0.12416739631787854,120
ex_games_12m_pct,jp_epi_electronics_contract_12m_pct,2,expanding_ar6,m0_ar,2026-06-01,2026-08-01,0.39926676070355116,119
ex_games_12m_pct,jp_epi_electronics_contract_12m_pct,2,expanding_ar6,m1_controls,2026-06-01,2026-08-01,1.6973073164517083,119
ex_games_12m_pct,jp_epi_electronics_contract_12m_pct,2,expanding_ar6,m2_tech,2026-06-01,2026-08-01,1.7701473806167716,119
ex_games_12m_pct,jp_epi_electronics_contract_12m_pct,3,expanding_ar6,m0_ar,2026-06-01,2026-09-01,0.605241110792349,118
ex_games_12m_pct,jp_epi_electronics_contract_12m_pct,3,expanding_ar6,m1_controls,2026-06-01,2026-09-01,2.3088861558134166,118
ex_games_12m_pct,jp_epi_electronics_contract_12m_pct,3,expanding_ar6,m2_tech,2026-06-01,2026-09-01,2.249681931390711,118
ex_games_12m_pct,jp_epi_electronics_gbp_12m_pct,1,expanding_ar6,m0_ar,2026-06-01,2026-07-01,-0.47537793516321125,120
ex_games_12m_pct,jp_epi_electronics_gbp_12m_pct,1,expanding_ar6,m1_controls,2026-06-01,2026-07-01,0.2138215004418451,120
ex_games_12m_pct,jp_epi_electronics_gbp_12m_pct,1,expanding_ar6,m2_tech,2026-06-01,2026-07-01,-0.27957088509397177,120
ex_games_12m_pct,jp_epi_electronics_gbp_12m_pct,2,expanding_ar6,m0_ar,2026-06-01,2026-08-01,0.39926676070355116,119
ex_games_12m_pct,jp_epi_electronics_gbp_12m_pct,2,expanding_ar6,m1_controls,2026-06-01,2026-08-01,1.6973073164517083,119
ex_games_12m_pct,jp_epi_electronics_gbp_12m_pct,2,expanding_ar6,m2_tech,2026-06-01,2026-08-01,1.2380546956647631,119
ex_games_12m_pct,jp_epi_electronics_gbp_12m_pct,3,expanding_ar6,m0_ar,2026-06-01,2026-09-01,0.605241110792349,118
ex_games_12m_pct,jp_epi_electronics_gbp_12m_pct,3,expanding_ar6,m1_controls,2026-06-01,2026-09-01,2.3088861558134166,118
ex_games_12m_pct,jp_epi_electronics_gbp_12m_pct,3,expanding_ar6,m2_tech,2026-06-01,2026-09-01,1.5248565767100715,118
ex_games_12m_pct,jp_ppi_electronic_components_12m_pct,1,expanding_ar6,m0_ar,2026-06-01,2026-07-01,-0.47537793516321125,120
ex_games_12m_pct,jp_ppi_electronic_components_12m_pct,1,expanding_ar6,m1_controls,2026-06-01,2026-07-01,0.2138215004418451,120
ex_games_12m_pct,jp_ppi_electronic_components_12m_pct,1,expanding_ar6,m2_tech,2026-06-01,2026-07-01,0.2133959415222374,120
ex_games_12m_pct,jp_ppi_electronic_components_12m_pct,2,expanding_ar6,m0_ar,2026-06-01,2026-08-01,0.39926676070355116,119
ex_games_12m_pct,jp_ppi_electronic_components_12m_pct,2,expanding_ar6,m1_controls,2026-06-01,2026-08-01,1.6973073164517083,119
ex_games_12m_pct,jp_ppi_electronic_components_12m_pct,2,expanding_ar6,m2_tech,2026-06-01,2026-08-01,1.6991170175658374,119
ex_games_12m_pct,jp_ppi_electronic_components_12m_pct,3,expanding_ar6,m0_ar,2026-06-01,2026-09-01,0.605241110792349,118
ex_games_12m_pct,jp_ppi_electronic_components_12m_pct,3,expanding_ar6,m1_controls,2026-06-01,2026-09-01,2.3088861558134166,118
ex_games_12m_pct,jp_ppi_electronic_components_12m_pct,3,expanding_ar6,m2_tech,2026-06-01,2026-09-01,2.3056518265076926,118
ex_games_12m_pct,jp_ppi_information_communications_12m_pct,1,expanding_ar6,m0_ar,2026-06-01,2026-07-01,-0.47537793516321125,120
ex_games_12m_pct,jp_ppi_information_communications_12m_pct,1,expanding_ar6,m1_controls,2026-06-01,2026-07-01,0.2138215004418451,120
ex_games_12m_pct,jp_ppi_information_communications_12m_pct,1,expanding_ar6,m2_tech,2026-06-01,2026-07-01,0.2614098180504887,120
ex_games_12m_pct,jp_ppi_information_communications_12m_pct,2,expanding_ar6,m0_ar,2026-06-01,2026-08-01,0.39926676070355116,119
ex_games_12m_pct,jp_ppi_information_communications_12m_pct,2,expanding_ar6,m1_controls,2026-06-01,2026-08-01,1.6973073164517083,119
ex_games_12m_pct,jp_ppi_information_communications_12m_pct,2,expanding_ar6,m2_tech,2026-06-01,2026-08-01,1.056259204266993,119
ex_games_12m_pct,jp_ppi_information_communications_12m_pct,3,expanding_ar6,m0_ar,2026-06-01,2026-09-01,0.605241110792349,118
ex_games_12m_pct,jp_ppi_information_communications_12m_pct,3,expanding_ar6,m1_controls,2026-06-01,2026-09-01,2.3088861558134166,118
ex_games_12m_pct,jp_ppi_information_communications_12m_pct,3,expanding_ar6,m2_tech,2026-06-01,2026-09-01,1.6248096755843378,118
ex_games_12m_pct,kr_epi_tech_12m_pct,1,expanding_ar6,m0_ar,2026-06-01,2026-07-01,-0.8228098440603779,84
ex_games_12m_pct,kr_epi_tech_12m_pct,1,expanding_ar6,m1_controls,2026-06-01,2026-07-01,-0.20761589501927347,84
ex_games_12m_pct,kr_epi_tech_12m_pct,1,expanding_ar6,m2_tech,2026-06-01,2026-07-01,0.42021737369421963,84
ex_games_12m_pct,kr_epi_tech_12m_pct,2,expanding_ar6,m0_ar,2026-06-01,2026-08-01,-0.04579694654086941,83
ex_games_12m_pct,kr_epi_tech_12m_pct,2,expanding_ar6,m1_controls,2026-06-01,2026-08-01,0.3323414343847515,83
ex_games_12m_pct,kr_epi_tech_12m_pct,2,expanding_ar6,m2_tech,2026-06-01,2026-08-01,2.2140630900494402,83
ex_games_12m_pct,kr_epi_tech_12m_pct,3,expanding_ar6,m0_ar,2026-06-01,2026-09-01,0.15382169646098154,82
ex_games_12m_pct,kr_epi_tech_12m_pct,3,expanding_ar6,m1_controls,2026-06-01,2026-09-01,0.18738505922048154,82
ex_games_12m_pct,kr_epi_tech_12m_pct,3,expanding_ar6,m2_tech,2026-06-01,2026-09-01,3.0659222818262375,82
ex_games_12m_pct,kr_epi_tech_gbp_12m_pct,1,expanding_ar6,m0_ar,2026-06-01,2026-07-01,-0.8228098440603779,84
ex_games_12m_pct,kr_epi_tech_gbp_12m_pct,1,expanding_ar6,m1_controls,2026-06-01,2026-07-01,-0.20761589501927347,84
ex_games_12m_pct,kr_epi_tech_gbp_12m_pct,1,expanding_ar6,m2_tech,2026-06-01,2026-07-01,0.35082287376713983,84
ex_games_12m_pct,kr_epi_tech_gbp_12m_pct,2,expanding_ar6,m0_ar,2026-06-01,2026-08-01,-0.04579694654086941,83
ex_games_12m_pct,kr_epi_tech_gbp_12m_pct,2,expanding_ar6,m1_controls,2026-06-01,2026-08-01,0.3323414343847515,83
ex_games_12m_pct,kr_epi_tech_gbp_12m_pct,2,expanding_ar6,m2_tech,2026-06-01,2026-08-01,2.020816203541316,83
ex_games_12m_pct,kr_epi_tech_gbp_12m_pct,3,expanding_ar6,m0_ar,2026-06-01,2026-09-01,0.15382169646098154,82
ex_games_12m_pct,kr_epi_tech_gbp_12m_pct,3,expanding_ar6,m1_controls,2026-06-01,2026-09-01,0.18738505922048154,82
ex_games_12m_pct,kr_epi_tech_gbp_12m_pct,3,expanding_ar6,m2_tech,2026-06-01,2026-09-01,2.810121914393303,82
ex_games_12m_pct,tw_epi_integrated_circuits_twd_12m_pct,1,expanding_ar6,m0_ar,2026-06-01,2026-07-01,-0.47537793516321125,120
ex_games_12m_pct,tw_epi_integrated_circuits_twd_12m_pct,1,expanding_ar6,m1_controls,2026-06-01,2026-07-01,-0.11885312590767294,120
ex_games_12m_pct,tw_epi_integrated_circuits_twd_12m_pct,1,expanding_ar6,m2_tech,2026-06-01,2026-07-01,-0.08344910497563385,120
ex_games_12m_pct,tw_epi_integrated_circuits_twd_12m_pct,2,expanding_ar6,m0_ar,2026-06-01,2026-08-01,0.39926676070355116,119
ex_games_12m_pct,tw_epi_integrated_circuits_twd_12m_pct,2,expanding_ar6,m1_controls,2026-06-01,2026-08-01,0.72304570187742,119
ex_games_12m_pct,tw_epi_integrated_circuits_twd_12m_pct,2,expanding_ar6,m2_tech,2026-06-01,2026-08-01,0.8249841580957915,119
ex_games_12m_pct,tw_epi_integrated_circuits_twd_12m_pct,3,expanding_ar6,m0_ar,2026-06-01,2026-09-01,0.605241110792349,118
ex_games_12m_pct,tw_epi_integrated_circuits_twd_12m_pct,3,expanding_ar6,m1_controls,2026-06-01,2026-09-01,1.0471792374745847,118
ex_games_12m_pct,tw_epi_integrated_circuits_twd_12m_pct,3,expanding_ar6,m2_tech,2026-06-01,2026-09-01,1.2294390080851492,118
ex_games_12m_pct,tw_epi_integrated_circuits_usd_12m_pct,1,expanding_ar6,m0_ar,2026-06-01,2026-07-01,-0.47537793516321125,120
ex_games_12m_pct,tw_epi_integrated_circuits_usd_12m_pct,1,expanding_ar6,m1_controls,2026-06-01,2026-07-01,-0.11885312590767294,120
ex_games_12m_pct,tw_epi_integrated_circuits_usd_12m_pct,1,expanding_ar6,m2_tech,2026-06-01,2026-07-01,-0.17381684102872755,120
ex_games_12m_pct,tw_epi_integrated_circuits_usd_12m_pct,2,expanding_ar6,m0_ar,2026-06-01,2026-08-01,0.39926676070355116,119
ex_games_12m_pct,tw_epi_integrated_circuits_usd_12m_pct,2,expanding_ar6,m1_controls,2026-06-01,2026-08-01,0.72304570187742,119
ex_games_12m_pct,tw_epi_integrated_circuits_usd_12m_pct,2,expanding_ar6,m2_tech,2026-06-01,2026-08-01,0.6961742560831847,119
ex_games_12m_pct,tw_epi_integrated_circuits_usd_12m_pct,3,expanding_ar6,m0_ar,2026-06-01,2026-09-01,0.605241110792349,118
ex_games_12m_pct,tw_epi_integrated_circuits_usd_12m_pct,3,expanding_ar6,m1_controls,2026-06-01,2026-09-01,1.0471792374745847,118
ex_games_12m_pct,tw_epi_integrated_circuits_usd_12m_pct,3,expanding_ar6,m2_tech,2026-06-01,2026-09-01,1.1441800110579636,118
ex_games_12m_pct,tw_epi_integrated_circuits_gbp_12m_pct,1,expanding_ar6,m0_ar,2026-06-01,2026-07-01,-0.47537793516321125,120
ex_games_12m_pct,tw_epi_integrated_circuits_gbp_12m_pct,1,expanding_ar6,m1_controls,2026-06-01,2026-07-01,-0.11885312590767294,120
ex_games_12m_pct,tw_epi_integrated_circuits_gbp_12m_pct,1,expanding_ar6,m2_tech,2026-06-01,2026-07-01,-0.004277280426666641,120
ex_games_12m_pct,tw_epi_integrated_circuits_gbp_12m_pct,2,expanding_ar6,m0_ar,2026-06-01,2026-08-01,0.39926676070355116,119
ex_games_12m_pct,tw_epi_integrated_circuits_gbp_12m_pct,2,expanding_ar6,m1_controls,2026-06-01,2026-08-01,0.72304570187742,119
ex_games_12m_pct,tw_epi_integrated_circuits_gbp_12m_pct,2,expanding_ar6,m2_tech,2026-06-01,2026-08-01,0.9570838833218152,119
ex_games_12m_pct,tw_epi_integrated_circuits_gbp_12m_pct,3,expanding_ar6,m0_ar,2026-06-01,2026-09-01,0.605241110792349,118
ex_games_12m_pct,tw_epi_integrated_circuits_gbp_12m_pct,3,expanding_ar6,m1_controls,2026-06-01,2026-09-01,1.0471792374745847,118
ex_games_12m_pct,tw_epi_integrated_circuits_gbp_12m_pct,3,expanding_ar6,m2_tech,2026-06-01,2026-09-01,1.3582561144751133,118
ex_games_12m_pct,hk_ppi_tech_12m_pct,1,expanding_ar6,m0_ar,2026-06-01,2026-07-01,-0.47537793516321125,120
ex_games_12m_pct,hk_ppi_tech_12m_pct,1,expanding_ar6,m1_controls,2026-06-01,2026-07-01,0.5389571875491244,120
ex_games_12m_pct,hk_ppi_tech_12m_pct,1,expanding_ar6,m2_tech,2026-06-01,2026-07-01,-0.7553530969391442,120
ex_games_12m_pct,hk_ppi_tech_12m_pct,2,expanding_ar6,m0_ar,2026-06-01,2026-08-01,0.39926676070355116,119
ex_games_12m_pct,hk_ppi_tech_12m_pct,2,expanding_ar6,m1_controls,2026-06-01,2026-08-01,2.4805804284504265,119
ex_games_12m_pct,hk_ppi_tech_12m_pct,2,expanding_ar6,m2_tech,2026-06-01,2026-08-01,0.4408819839905824,119
ex_games_12m_pct,hk_ppi_tech_12m_pct,3,expanding_ar6,m0_ar,2026-06-01,2026-09-01,0.605241110792349,118
ex_games_12m_pct,hk_ppi_tech_12m_pct,3,expanding_ar6,m1_controls,2026-06-01,2026-09-01,3.1379469072818433,118
ex_games_12m_pct,hk_ppi_tech_12m_pct,3,expanding_ar6,m2_tech,2026-06-01,2026-09-01,1.1255709437820212,118
ex_games_12m_pct,hk_ppi_tech_gbp_12m_pct,1,expanding_ar6,m0_ar,2026-06-01,2026-07-01,-0.47537793516321125,120
ex_games_12m_pct,hk_ppi_tech_gbp_12m_pct,1,expanding_ar6,m1_controls,2026-06-01,2026-07-01,0.5389571875491244,120
ex_games_12m_pct,hk_ppi_tech_gbp_12m_pct,1,expanding_ar6,m2_tech,2026-06-01,2026-07-01,0.37491149982381144,120
ex_games_12m_pct,hk_ppi_tech_gbp_12m_pct,2,expanding_ar6,m0_ar,2026-06-01,2026-08-01,0.39926676070355116,119
ex_games_12m_pct,hk_ppi_tech_gbp_12m_pct,2,expanding_ar6,m1_controls,2026-06-01,2026-08-01,2.4805804284504265,119
ex_games_12m_pct,hk_ppi_tech_gbp_12m_pct,2,expanding_ar6,m2_tech,2026-06-01,2026-08-01,1.8492317719436184,119
ex_games_12m_pct,hk_ppi_tech_gbp_12m_pct,3,expanding_ar6,m0_ar,2026-06-01,2026-09-01,0.605241110792349,118
ex_games_12m_pct,hk_ppi_tech_gbp_12m_pct,3,expanding_ar6,m1_controls,2026-06-01,2026-09-01,3.1379469072818433,118
ex_games_12m_pct,hk_ppi_tech_gbp_12m_pct,3,expanding_ar6,m2_tech,2026-06-01,2026-09-01,2.1484284988416773,118
headline_12m_pct,jp_epi_electronics_yen_12m_pct,1,rolling_60_ar2,m0_ar,2026-06-01,2026-07-01,-0.3572531950033243,60
headline_12m_pct,jp_epi_electronics_yen_12m_pct,1,rolling_60_ar2,m1_controls,2026-06-01,2026-07-01,-0.27265987579922774,60
headline_12m_pct,jp_epi_electronics_yen_12m_pct,1,rolling_60_ar2,m2_tech,2026-06-01,2026-07-01,-0.5588367269808983,60
headline_12m_pct,jp_epi_electronics_yen_12m_pct,2,rolling_60_ar2,m0_ar,2026-06-01,2026-08-01,-0.4784580468811545,60
headline_12m_pct,jp_epi_electronics_yen_12m_pct,2,rolling_60_ar2,m1_controls,2026-06-01,2026-08-01,-0.5314075044630131,60
headline_12m_pct,jp_epi_electronics_yen_12m_pct,2,rolling_60_ar2,m2_tech,2026-06-01,2026-08-01,-0.4535640683921265,60
headline_12m_pct,jp_epi_electronics_yen_12m_pct,3,rolling_60_ar2,m0_ar,2026-06-01,2026-09-01,-0.4086920528628951,60
headline_12m_pct,jp_epi_electronics_yen_12m_pct,3,rolling_60_ar2,m1_controls,2026-06-01,2026-09-01,-0.41842826774149616,60
headline_12m_pct,jp_epi_electronics_yen_12m_pct,3,rolling_60_ar2,m2_tech,2026-06-01,2026-09-01,-1.8571223819643972,60
headline_12m_pct,jp_epi_electronics_contract_12m_pct,1,rolling_60_ar2,m0_ar,2026-06-01,2026-07-01,-0.3572531950033243,60
headline_12m_pct,jp_epi_electronics_contract_12m_pct,1,rolling_60_ar2,m1_controls,2026-06-01,2026-07-01,-0.27265987579922774,60
headline_12m_pct,jp_epi_electronics_contract_12m_pct,1,rolling_60_ar2,m2_tech,2026-06-01,2026-07-01,0.07918820090203416,60
headline_12m_pct,jp_epi_electronics_contract_12m_pct,2,rolling_60_ar2,m0_ar,2026-06-01,2026-08-01,-0.4784580468811545,60
headline_12m_pct,jp_epi_electronics_contract_12m_pct,2,rolling_60_ar2,m1_controls,2026-06-01,2026-08-01,-0.5314075044630131,60
headline_12m_pct,jp_epi_electronics_contract_12m_pct,2,rolling_60_ar2,m2_tech,2026-06-01,2026-08-01,0.767787314005903,60
headline_12m_pct,jp_epi_electronics_contract_12m_pct,3,rolling_60_ar2,m0_ar,2026-06-01,2026-09-01,-0.4086920528628951,60
headline_12m_pct,jp_epi_electronics_contract_12m_pct,3,rolling_60_ar2,m1_controls,2026-06-01,2026-09-01,-0.41842826774149616,60
headline_12m_pct,jp_epi_electronics_contract_12m_pct,3,rolling_60_ar2,m2_tech,2026-06-01,2026-09-01,-0.715697572229945,60
headline_12m_pct,jp_epi_electronics_gbp_12m_pct,1,rolling_60_ar2,m0_ar,2026-06-01,2026-07-01,-0.3572531950033243,60
headline_12m_pct,jp_epi_electronics_gbp_12m_pct,1,rolling_60_ar2,m1_controls,2026-06-01,2026-07-01,-0.27265987579922774,60
headline_12m_pct,jp_epi_electronics_gbp_12m_pct,1,rolling_60_ar2,m2_tech,2026-06-01,2026-07-01,-0.5880057042067981,60
headline_12m_pct,jp_epi_electronics_gbp_12m_pct,2,rolling_60_ar2,m0_ar,2026-06-01,2026-08-01,-0.4784580468811545,60
headline_12m_pct,jp_epi_electronics_gbp_12m_pct,2,rolling_60_ar2,m1_controls,2026-06-01,2026-08-01,-0.5314075044630131,60
headline_12m_pct,jp_epi_electronics_gbp_12m_pct,2,rolling_60_ar2,m2_tech,2026-06-01,2026-08-01,-0.4961014638763487,60
headline_12m_pct,jp_epi_electronics_gbp_12m_pct,3,rolling_60_ar2,m0_ar,2026-06-01,2026-09-01,-0.4086920528628951,60
headline_12m_pct,jp_epi_electronics_gbp_12m_pct,3,rolling_60_ar2,m1_controls,2026-06-01,2026-09-01,-0.41842826774149616,60
headline_12m_pct,jp_epi_electronics_gbp_12m_pct,3,rolling_60_ar2,m2_tech,2026-06-01,2026-09-01,-1.8116299232226911,60
headline_12m_pct,jp_ppi_electronic_components_12m_pct,1,rolling_60_ar2,m0_ar,2026-06-01,2026-07-01,-0.3572531950033243,60
headline_12m_pct,jp_ppi_electronic_components_12m_pct,1,rolling_60_ar2,m1_controls,2026-06-01,2026-07-01,-0.27265987579922774,60
headline_12m_pct,jp_ppi_electronic_components_12m_pct,1,rolling_60_ar2,m2_tech,2026-06-01,2026-07-01,-0.10015649400125137,60
headline_12m_pct,jp_ppi_electronic_components_12m_pct,2,rolling_60_ar2,m0_ar,2026-06-01,2026-08-01,-0.4784580468811545,60
headline_12m_pct,jp_ppi_electronic_components_12m_pct,2,rolling_60_ar2,m1_controls,2026-06-01,2026-08-01,-0.5314075044630131,60
headline_12m_pct,jp_ppi_electronic_components_12m_pct,2,rolling_60_ar2,m2_tech,2026-06-01,2026-08-01,-0.25736223497916866,60
headline_12m_pct,jp_ppi_electronic_components_12m_pct,3,rolling_60_ar2,m0_ar,2026-06-01,2026-09-01,-0.4086920528628951,60
headline_12m_pct,jp_ppi_electronic_components_12m_pct,3,rolling_60_ar2,m1_controls,2026-06-01,2026-09-01,-0.41842826774149616,60
headline_12m_pct,jp_ppi_electronic_components_12m_pct,3,rolling_60_ar2,m2_tech,2026-06-01,2026-09-01,-0.19678951079958185,60
headline_12m_pct,jp_ppi_information_communications_12m_pct,1,rolling_60_ar2,m0_ar,2026-06-01,2026-07-01,-0.3572531950033243,60
headline_12m_pct,jp_ppi_information_communications_12m_pct,1,rolling_60_ar2,m1_controls,2026-06-01,2026-07-01,-0.27265987579922774,60
headline_12m_pct,jp_ppi_information_communications_12m_pct,1,rolling_60_ar2,m2_tech,2026-06-01,2026-07-01,-0.08748017810170189,60
headline_12m_pct,jp_ppi_information_communications_12m_pct,2,rolling_60_ar2,m0_ar,2026-06-01,2026-08-01,-0.4784580468811545,60
headline_12m_pct,jp_ppi_information_communications_12m_pct,2,rolling_60_ar2,m1_controls,2026-06-01,2026-08-01,-0.5314075044630131,60
headline_12m_pct,jp_ppi_information_communications_12m_pct,2,rolling_60_ar2,m2_tech,2026-06-01,2026-08-01,0.2402558538290639,60
headline_12m_pct,jp_ppi_information_communications_12m_pct,3,rolling_60_ar2,m0_ar,2026-06-01,2026-09-01,-0.4086920528628951,60
headline_12m_pct,jp_ppi_information_communications_12m_pct,3,rolling_60_ar2,m1_controls,2026-06-01,2026-09-01,-0.41842826774149616,60
headline_12m_pct,jp_ppi_information_communications_12m_pct,3,rolling_60_ar2,m2_tech,2026-06-01,2026-09-01,1.260283819375272,60
headline_12m_pct,kr_epi_tech_12m_pct,1,rolling_60_ar2,m0_ar,2026-06-01,2026-07-01,-0.41405433088068305,60
headline_12m_pct,kr_epi_tech_12m_pct,1,rolling_60_ar2,m1_controls,2026-06-01,2026-07-01,-0.5921893621800558,60
headline_12m_pct,kr_epi_tech_12m_pct,1,rolling_60_ar2,m2_tech,2026-06-01,2026-07-01,-0.4739186232354117,60
headline_12m_pct,kr_epi_tech_12m_pct,2,rolling_60_ar2,m0_ar,2026-06-01,2026-08-01,-0.5129143412051109,60
headline_12m_pct,kr_epi_tech_12m_pct,2,rolling_60_ar2,m1_controls,2026-06-01,2026-08-01,-1.677864623331155,60
headline_12m_pct,kr_epi_tech_12m_pct,2,rolling_60_ar2,m2_tech,2026-06-01,2026-08-01,-0.8124272685232845,60
headline_12m_pct,kr_epi_tech_12m_pct,3,rolling_60_ar2,m0_ar,2026-06-01,2026-09-01,-0.3980493650764837,60
headline_12m_pct,kr_epi_tech_12m_pct,3,rolling_60_ar2,m1_controls,2026-06-01,2026-09-01,-2.183091154434619,60
headline_12m_pct,kr_epi_tech_12m_pct,3,rolling_60_ar2,m2_tech,2026-06-01,2026-09-01,-2.9423536312309317,60
headline_12m_pct,kr_epi_tech_gbp_12m_pct,1,rolling_60_ar2,m0_ar,2026-06-01,2026-07-01,-0.41405433088068305,60
headline_12m_pct,kr_epi_tech_gbp_12m_pct,1,rolling_60_ar2,m1_controls,2026-06-01,2026-07-01,-0.5921893621800558,60
headline_12m_pct,kr_epi_tech_gbp_12m_pct,1,rolling_60_ar2,m2_tech,2026-06-01,2026-07-01,-0.5437553028655757,60
headline_12m_pct,kr_epi_tech_gbp_12m_pct,2,rolling_60_ar2,m0_ar,2026-06-01,2026-08-01,-0.5129143412051109,60
headline_12m_pct,kr_epi_tech_gbp_12m_pct,2,rolling_60_ar2,m1_controls,2026-06-01,2026-08-01,-1.677864623331155,60
headline_12m_pct,kr_epi_tech_gbp_12m_pct,2,rolling_60_ar2,m2_tech,2026-06-01,2026-08-01,-0.996200183008872,60
headline_12m_pct,kr_epi_tech_gbp_12m_pct,3,rolling_60_ar2,m0_ar,2026-06-01,2026-09-01,-0.3980493650764837,60
headline_12m_pct,kr_epi_tech_gbp_12m_pct,3,rolling_60_ar2,m1_controls,2026-06-01,2026-09-01,-2.183091154434619,60
headline_12m_pct,kr_epi_tech_gbp_12m_pct,3,rolling_60_ar2,m2_tech,2026-06-01,2026-09-01,-3.1230629070315343,60
headline_12m_pct,tw_epi_integrated_circuits_twd_12m_pct,1,rolling_60_ar2,m0_ar,2026-06-01,2026-07-01,-0.3572531950033243,60
headline_12m_pct,tw_epi_integrated_circuits_twd_12m_pct,1,rolling_60_ar2,m1_controls,2026-06-01,2026-07-01,-0.26723380117131246,60
headline_12m_pct,tw_epi_integrated_circuits_twd_12m_pct,1,rolling_60_ar2,m2_tech,2026-06-01,2026-07-01,-0.4201952272422107,60
headline_12m_pct,tw_epi_integrated_circuits_twd_12m_pct,2,rolling_60_ar2,m0_ar,2026-06-01,2026-08-01,-0.4784580468811545,60
headline_12m_pct,tw_epi_integrated_circuits_twd_12m_pct,2,rolling_60_ar2,m1_controls,2026-06-01,2026-08-01,-0.8148228290598918,60
headline_12m_pct,tw_epi_integrated_circuits_twd_12m_pct,2,rolling_60_ar2,m2_tech,2026-06-01,2026-08-01,-0.9522636030319821,60
headline_12m_pct,tw_epi_integrated_circuits_twd_12m_pct,3,rolling_60_ar2,m0_ar,2026-06-01,2026-09-01,-0.4086920528628951,60
headline_12m_pct,tw_epi_integrated_circuits_twd_12m_pct,3,rolling_60_ar2,m1_controls,2026-06-01,2026-09-01,-0.21764143757068244,60
headline_12m_pct,tw_epi_integrated_circuits_twd_12m_pct,3,rolling_60_ar2,m2_tech,2026-06-01,2026-09-01,-0.27803806068379294,60
headline_12m_pct,tw_epi_integrated_circuits_usd_12m_pct,1,rolling_60_ar2,m0_ar,2026-06-01,2026-07-01,-0.3572531950033243,60
headline_12m_pct,tw_epi_integrated_circuits_usd_12m_pct,1,rolling_60_ar2,m1_controls,2026-06-01,2026-07-01,-0.26723380117131246,60
headline_12m_pct,tw_epi_integrated_circuits_usd_12m_pct,1,rolling_60_ar2,m2_tech,2026-06-01,2026-07-01,-0.28526414114014886,60
headline_12m_pct,tw_epi_integrated_circuits_usd_12m_pct,2,rolling_60_ar2,m0_ar,2026-06-01,2026-08-01,-0.4784580468811545,60
headline_12m_pct,tw_epi_integrated_circuits_usd_12m_pct,2,rolling_60_ar2,m1_controls,2026-06-01,2026-08-01,-0.8148228290598918,60
headline_12m_pct,tw_epi_integrated_circuits_usd_12m_pct,2,rolling_60_ar2,m2_tech,2026-06-01,2026-08-01,-0.7018386158259293,60
headline_12m_pct,tw_epi_integrated_circuits_usd_12m_pct,3,rolling_60_ar2,m0_ar,2026-06-01,2026-09-01,-0.4086920528628951,60
headline_12m_pct,tw_epi_integrated_circuits_usd_12m_pct,3,rolling_60_ar2,m1_controls,2026-06-01,2026-09-01,-0.21764143757068244,60
headline_12m_pct,tw_epi_integrated_circuits_usd_12m_pct,3,rolling_60_ar2,m2_tech,2026-06-01,2026-09-01,-0.09898301111935659,60
headline_12m_pct,tw_epi_integrated_circuits_gbp_12m_pct,1,rolling_60_ar2,m0_ar,2026-06-01,2026-07-01,-0.3572531950033243,60
headline_12m_pct,tw_epi_integrated_circuits_gbp_12m_pct,1,rolling_60_ar2,m1_controls,2026-06-01,2026-07-01,-0.26723380117131246,60
headline_12m_pct,tw_epi_integrated_circuits_gbp_12m_pct,1,rolling_60_ar2,m2_tech,2026-06-01,2026-07-01,-0.32235277075864155,60
headline_12m_pct,tw_epi_integrated_circuits_gbp_12m_pct,2,rolling_60_ar2,m0_ar,2026-06-01,2026-08-01,-0.4784580468811545,60
headline_12m_pct,tw_epi_integrated_circuits_gbp_12m_pct,2,rolling_60_ar2,m1_controls,2026-06-01,2026-08-01,-0.8148228290598918,60
headline_12m_pct,tw_epi_integrated_circuits_gbp_12m_pct,2,rolling_60_ar2,m2_tech,2026-06-01,2026-08-01,-0.8887675717495813,60
headline_12m_pct,tw_epi_integrated_circuits_gbp_12m_pct,3,rolling_60_ar2,m0_ar,2026-06-01,2026-09-01,-0.4086920528628951,60
headline_12m_pct,tw_epi_integrated_circuits_gbp_12m_pct,3,rolling_60_ar2,m1_controls,2026-06-01,2026-09-01,-0.21764143757068244,60
headline_12m_pct,tw_epi_integrated_circuits_gbp_12m_pct,3,rolling_60_ar2,m2_tech,2026-06-01,2026-09-01,-0.2446598533686274,60
headline_12m_pct,hk_ppi_tech_12m_pct,1,rolling_60_ar2,m0_ar,2026-06-01,2026-07-01,-0.3572531950033243,60
headline_12m_pct,hk_ppi_tech_12m_pct,1,rolling_60_ar2,m1_controls,2026-06-01,2026-07-01,-2.2029518506641255,60
headline_12m_pct,hk_ppi_tech_12m_pct,1,rolling_60_ar2,m2_tech,2026-06-01,2026-07-01,-5.753940952492428,60
headline_12m_pct,hk_ppi_tech_12m_pct,2,rolling_60_ar2,m0_ar,2026-06-01,2026-08-01,-0.4784580468811545,60
headline_12m_pct,hk_ppi_tech_12m_pct,2,rolling_60_ar2,m1_controls,2026-06-01,2026-08-01,-5.129727957618796,60
headline_12m_pct,hk_ppi_tech_12m_pct,2,rolling_60_ar2,m2_tech,2026-06-01,2026-08-01,-8.842625119077184,60
headline_12m_pct,hk_ppi_tech_12m_pct,3,rolling_60_ar2,m0_ar,2026-06-01,2026-09-01,-0.4086920528628951,60
headline_12m_pct,hk_ppi_tech_12m_pct,3,rolling_60_ar2,m1_controls,2026-06-01,2026-09-01,-6.073114469455636,60
headline_12m_pct,hk_ppi_tech_12m_pct,3,rolling_60_ar2,m2_tech,2026-06-01,2026-09-01,-8.636209626388691,60
headline_12m_pct,hk_ppi_tech_gbp_12m_pct,1,rolling_60_ar2,m0_ar,2026-06-01,2026-07-01,-0.3572531950033243,60
headline_12m_pct,hk_ppi_tech_gbp_12m_pct,1,rolling_60_ar2,m1_controls,2026-06-01,2026-07-01,-2.2029518506641255,60
headline_12m_pct,hk_ppi_tech_gbp_12m_pct,1,rolling_60_ar2,m2_tech,2026-06-01,2026-07-01,-2.113367870621565,60
headline_12m_pct,hk_ppi_tech_gbp_12m_pct,2,rolling_60_ar2,m0_ar,2026-06-01,2026-08-01,-0.4784580468811545,60
headline_12m_pct,hk_ppi_tech_gbp_12m_pct,2,rolling_60_ar2,m1_controls,2026-06-01,2026-08-01,-5.129727957618796,60
headline_12m_pct,hk_ppi_tech_gbp_12m_pct,2,rolling_60_ar2,m2_tech,2026-06-01,2026-08-01,-5.019410702400778,60
headline_12m_pct,hk_ppi_tech_gbp_12m_pct,3,rolling_60_ar2,m0_ar,2026-06-01,2026-09-01,-0.4086920528628951,60
headline_12m_pct,hk_ppi_tech_gbp_12m_pct,3,rolling_60_ar2,m1_controls,2026-06-01,2026-09-01,-6.073114469455636,60
headline_12m_pct,hk_ppi_tech_gbp_12m_pct,3,rolling_60_ar2,m2_tech,2026-06-01,2026-09-01,-5.963967256238225,60
ex_games_12m_pct,jp_epi_electronics_yen_12m_pct,1,rolling_60_ar2,m0_ar,2026-06-01,2026-07-01,-1.4180137530915915,60
ex_games_12m_pct,jp_epi_electronics_yen_12m_pct,1,rolling_60_ar2,m1_controls,2026-06-01,2026-07-01,-0.9499773074353423,60
ex_games_12m_pct,jp_epi_electronics_yen_12m_pct,1,rolling_60_ar2,m2_tech,2026-06-01,2026-07-01,0.23683945569520803,60
ex_games_12m_pct,jp_epi_electronics_yen_12m_pct,2,rolling_60_ar2,m0_ar,2026-06-01,2026-08-01,-0.755634842109954,60
ex_games_12m_pct,jp_epi_electronics_yen_12m_pct,2,rolling_60_ar2,m1_controls,2026-06-01,2026-08-01,-0.3186519566726653,60
ex_games_12m_pct,jp_epi_electronics_yen_12m_pct,2,rolling_60_ar2,m2_tech,2026-06-01,2026-08-01,0.6076578802928179,60
ex_games_12m_pct,jp_epi_electronics_yen_12m_pct,3,rolling_60_ar2,m0_ar,2026-06-01,2026-09-01,-1.8497395632734719,60
ex_games_12m_pct,jp_epi_electronics_yen_12m_pct,3,rolling_60_ar2,m1_controls,2026-06-01,2026-09-01,-1.2985869800434477,60
ex_games_12m_pct,jp_epi_electronics_yen_12m_pct,3,rolling_60_ar2,m2_tech,2026-06-01,2026-09-01,0.5378716521840763,60
ex_games_12m_pct,jp_epi_electronics_contract_12m_pct,1,rolling_60_ar2,m0_ar,2026-06-01,2026-07-01,-1.4180137530915915,60
ex_games_12m_pct,jp_epi_electronics_contract_12m_pct,1,rolling_60_ar2,m1_controls,2026-06-01,2026-07-01,-0.9499773074353423,60
ex_games_12m_pct,jp_epi_electronics_contract_12m_pct,1,rolling_60_ar2,m2_tech,2026-06-01,2026-07-01,-0.360880176386447,60
ex_games_12m_pct,jp_epi_electronics_contract_12m_pct,2,rolling_60_ar2,m0_ar,2026-06-01,2026-08-01,-0.755634842109954,60
ex_games_12m_pct,jp_epi_electronics_contract_12m_pct,2,rolling_60_ar2,m1_controls,2026-06-01,2026-08-01,-0.3186519566726653,60
ex_games_12m_pct,jp_epi_electronics_contract_12m_pct,2,rolling_60_ar2,m2_tech,2026-06-01,2026-08-01,-0.2919844772412502,60
ex_games_12m_pct,jp_epi_electronics_contract_12m_pct,3,rolling_60_ar2,m0_ar,2026-06-01,2026-09-01,-1.8497395632734719,60
ex_games_12m_pct,jp_epi_electronics_contract_12m_pct,3,rolling_60_ar2,m1_controls,2026-06-01,2026-09-01,-1.2985869800434477,60
ex_games_12m_pct,jp_epi_electronics_contract_12m_pct,3,rolling_60_ar2,m2_tech,2026-06-01,2026-09-01,-1.3301344895991936,60
ex_games_12m_pct,jp_epi_electronics_gbp_12m_pct,1,rolling_60_ar2,m0_ar,2026-06-01,2026-07-01,-1.4180137530915915,60
ex_games_12m_pct,jp_epi_electronics_gbp_12m_pct,1,rolling_60_ar2,m1_controls,2026-06-01,2026-07-01,-0.9499773074353423,60
ex_games_12m_pct,jp_epi_electronics_gbp_12m_pct,1,rolling_60_ar2,m2_tech,2026-06-01,2026-07-01,0.26781454939932114,60
ex_games_12m_pct,jp_epi_electronics_gbp_12m_pct,2,rolling_60_ar2,m0_ar,2026-06-01,2026-08-01,-0.755634842109954,60
ex_games_12m_pct,jp_epi_electronics_gbp_12m_pct,2,rolling_60_ar2,m1_controls,2026-06-01,2026-08-01,-0.3186519566726653,60
ex_games_12m_pct,jp_epi_electronics_gbp_12m_pct,2,rolling_60_ar2,m2_tech,2026-06-01,2026-08-01,0.6574991144264334,60
ex_games_12m_pct,jp_epi_electronics_gbp_12m_pct,3,rolling_60_ar2,m0_ar,2026-06-01,2026-09-01,-1.8497395632734719,60
ex_games_12m_pct,jp_epi_electronics_gbp_12m_pct,3,rolling_60_ar2,m1_controls,2026-06-01,2026-09-01,-1.2985869800434477,60
ex_games_12m_pct,jp_epi_electronics_gbp_12m_pct,3,rolling_60_ar2,m2_tech,2026-06-01,2026-09-01,0.6606089295587763,60
ex_games_12m_pct,jp_ppi_electronic_components_12m_pct,1,rolling_60_ar2,m0_ar,2026-06-01,2026-07-01,-1.4180137530915915,60
ex_games_12m_pct,jp_ppi_electronic_components_12m_pct,1,rolling_60_ar2,m1_controls,2026-06-01,2026-07-01,-0.9499773074353423,60
ex_games_12m_pct,jp_ppi_electronic_components_12m_pct,1,rolling_60_ar2,m2_tech,2026-06-01,2026-07-01,-0.934606612942286,60
ex_games_12m_pct,jp_ppi_electronic_components_12m_pct,2,rolling_60_ar2,m0_ar,2026-06-01,2026-08-01,-0.755634842109954,60
ex_games_12m_pct,jp_ppi_electronic_components_12m_pct,2,rolling_60_ar2,m1_controls,2026-06-01,2026-08-01,-0.3186519566726653,60
ex_games_12m_pct,jp_ppi_electronic_components_12m_pct,2,rolling_60_ar2,m2_tech,2026-06-01,2026-08-01,-0.2664322469340493,60
ex_games_12m_pct,jp_ppi_electronic_components_12m_pct,3,rolling_60_ar2,m0_ar,2026-06-01,2026-09-01,-1.8497395632734719,60
ex_games_12m_pct,jp_ppi_electronic_components_12m_pct,3,rolling_60_ar2,m1_controls,2026-06-01,2026-09-01,-1.2985869800434477,60
ex_games_12m_pct,jp_ppi_electronic_components_12m_pct,3,rolling_60_ar2,m2_tech,2026-06-01,2026-09-01,-1.2492249137692766,60
ex_games_12m_pct,jp_ppi_information_communications_12m_pct,1,rolling_60_ar2,m0_ar,2026-06-01,2026-07-01,-1.4180137530915915,60
ex_games_12m_pct,jp_ppi_information_communications_12m_pct,1,rolling_60_ar2,m1_controls,2026-06-01,2026-07-01,-0.9499773074353423,60
ex_games_12m_pct,jp_ppi_information_communications_12m_pct,1,rolling_60_ar2,m2_tech,2026-06-01,2026-07-01,0.16600085684934573,60
ex_games_12m_pct,jp_ppi_information_communications_12m_pct,2,rolling_60_ar2,m0_ar,2026-06-01,2026-08-01,-0.755634842109954,60
ex_games_12m_pct,jp_ppi_information_communications_12m_pct,2,rolling_60_ar2,m1_controls,2026-06-01,2026-08-01,-0.3186519566726653,60
ex_games_12m_pct,jp_ppi_information_communications_12m_pct,2,rolling_60_ar2,m2_tech,2026-06-01,2026-08-01,0.95561460126024,60
ex_games_12m_pct,jp_ppi_information_communications_12m_pct,3,rolling_60_ar2,m0_ar,2026-06-01,2026-09-01,-1.8497395632734719,60
ex_games_12m_pct,jp_ppi_information_communications_12m_pct,3,rolling_60_ar2,m1_controls,2026-06-01,2026-09-01,-1.2985869800434477,60
ex_games_12m_pct,jp_ppi_information_communications_12m_pct,3,rolling_60_ar2,m2_tech,2026-06-01,2026-09-01,1.8536931872118767,60
ex_games_12m_pct,kr_epi_tech_12m_pct,1,rolling_60_ar2,m0_ar,2026-06-01,2026-07-01,-1.3889355952881857,60
ex_games_12m_pct,kr_epi_tech_12m_pct,1,rolling_60_ar2,m1_controls,2026-06-01,2026-07-01,-1.663269462633305,60
ex_games_12m_pct,kr_epi_tech_12m_pct,1,rolling_60_ar2,m2_tech,2026-06-01,2026-07-01,-0.5852920409373499,60
ex_games_12m_pct,kr_epi_tech_12m_pct,2,rolling_60_ar2,m0_ar,2026-06-01,2026-08-01,-0.7563339134104854,60
ex_games_12m_pct,kr_epi_tech_12m_pct,2,rolling_60_ar2,m1_controls,2026-06-01,2026-08-01,-2.0442634192290097,60
ex_games_12m_pct,kr_epi_tech_12m_pct,2,rolling_60_ar2,m2_tech,2026-06-01,2026-08-01,-0.2030065766175404,60
ex_games_12m_pct,kr_epi_tech_12m_pct,3,rolling_60_ar2,m0_ar,2026-06-01,2026-09-01,-1.7598259896318038,60
ex_games_12m_pct,kr_epi_tech_12m_pct,3,rolling_60_ar2,m1_controls,2026-06-01,2026-09-01,-4.746756476159554,60
ex_games_12m_pct,kr_epi_tech_12m_pct,3,rolling_60_ar2,m2_tech,2026-06-01,2026-09-01,-1.1463536745313871,60
ex_games_12m_pct,kr_epi_tech_gbp_12m_pct,1,rolling_60_ar2,m0_ar,2026-06-01,2026-07-01,-1.3889355952881857,60
ex_games_12m_pct,kr_epi_tech_gbp_12m_pct,1,rolling_60_ar2,m1_controls,2026-06-01,2026-07-01,-1.663269462633305,60
ex_games_12m_pct,kr_epi_tech_gbp_12m_pct,1,rolling_60_ar2,m2_tech,2026-06-01,2026-07-01,-0.7270415281410487,60
ex_games_12m_pct,kr_epi_tech_gbp_12m_pct,2,rolling_60_ar2,m0_ar,2026-06-01,2026-08-01,-0.7563339134104854,60
ex_games_12m_pct,kr_epi_tech_gbp_12m_pct,2,rolling_60_ar2,m1_controls,2026-06-01,2026-08-01,-2.0442634192290097,60
ex_games_12m_pct,kr_epi_tech_gbp_12m_pct,2,rolling_60_ar2,m2_tech,2026-06-01,2026-08-01,-0.46822128597554036,60
ex_games_12m_pct,kr_epi_tech_gbp_12m_pct,3,rolling_60_ar2,m0_ar,2026-06-01,2026-09-01,-1.7598259896318038,60
ex_games_12m_pct,kr_epi_tech_gbp_12m_pct,3,rolling_60_ar2,m1_controls,2026-06-01,2026-09-01,-4.746756476159554,60
ex_games_12m_pct,kr_epi_tech_gbp_12m_pct,3,rolling_60_ar2,m2_tech,2026-06-01,2026-09-01,-1.6209992241669227,60
ex_games_12m_pct,tw_epi_integrated_circuits_twd_12m_pct,1,rolling_60_ar2,m0_ar,2026-06-01,2026-07-01,-1.4180137530915915,60
ex_games_12m_pct,tw_epi_integrated_circuits_twd_12m_pct,1,rolling_60_ar2,m1_controls,2026-06-01,2026-07-01,-1.6491173000515689,60
ex_games_12m_pct,tw_epi_integrated_circuits_twd_12m_pct,1,rolling_60_ar2,m2_tech,2026-06-01,2026-07-01,-1.7136133406986556,60
ex_games_12m_pct,tw_epi_integrated_circuits_twd_12m_pct,2,rolling_60_ar2,m0_ar,2026-06-01,2026-08-01,-0.755634842109954,60
ex_games_12m_pct,tw_epi_integrated_circuits_twd_12m_pct,2,rolling_60_ar2,m1_controls,2026-06-01,2026-08-01,-1.0433983592443044,60
ex_games_12m_pct,tw_epi_integrated_circuits_twd_12m_pct,2,rolling_60_ar2,m2_tech,2026-06-01,2026-08-01,-1.1977304540101883,60
ex_games_12m_pct,tw_epi_integrated_circuits_twd_12m_pct,3,rolling_60_ar2,m0_ar,2026-06-01,2026-09-01,-1.8497395632734719,60
ex_games_12m_pct,tw_epi_integrated_circuits_twd_12m_pct,3,rolling_60_ar2,m1_controls,2026-06-01,2026-09-01,-2.319836246510411,60
ex_games_12m_pct,tw_epi_integrated_circuits_twd_12m_pct,3,rolling_60_ar2,m2_tech,2026-06-01,2026-09-01,-2.3847010195663363,60
ex_games_12m_pct,tw_epi_integrated_circuits_usd_12m_pct,1,rolling_60_ar2,m0_ar,2026-06-01,2026-07-01,-1.4180137530915915,60
ex_games_12m_pct,tw_epi_integrated_circuits_usd_12m_pct,1,rolling_60_ar2,m1_controls,2026-06-01,2026-07-01,-1.6491173000515689,60
ex_games_12m_pct,tw_epi_integrated_circuits_usd_12m_pct,1,rolling_60_ar2,m2_tech,2026-06-01,2026-07-01,-2.0590130843562875,60
ex_games_12m_pct,tw_epi_integrated_circuits_usd_12m_pct,2,rolling_60_ar2,m0_ar,2026-06-01,2026-08-01,-0.755634842109954,60
ex_games_12m_pct,tw_epi_integrated_circuits_usd_12m_pct,2,rolling_60_ar2,m1_controls,2026-06-01,2026-08-01,-1.0433983592443044,60
ex_games_12m_pct,tw_epi_integrated_circuits_usd_12m_pct,2,rolling_60_ar2,m2_tech,2026-06-01,2026-08-01,-1.57056813774757,60
ex_games_12m_pct,tw_epi_integrated_circuits_usd_12m_pct,3,rolling_60_ar2,m0_ar,2026-06-01,2026-09-01,-1.8497395632734719,60
ex_games_12m_pct,tw_epi_integrated_circuits_usd_12m_pct,3,rolling_60_ar2,m1_controls,2026-06-01,2026-09-01,-2.319836246510411,60
ex_games_12m_pct,tw_epi_integrated_circuits_usd_12m_pct,3,rolling_60_ar2,m2_tech,2026-06-01,2026-09-01,-3.3239918678153497,60
ex_games_12m_pct,tw_epi_integrated_circuits_gbp_12m_pct,1,rolling_60_ar2,m0_ar,2026-06-01,2026-07-01,-1.4180137530915915,60
ex_games_12m_pct,tw_epi_integrated_circuits_gbp_12m_pct,1,rolling_60_ar2,m1_controls,2026-06-01,2026-07-01,-1.6491173000515689,60
ex_games_12m_pct,tw_epi_integrated_circuits_gbp_12m_pct,1,rolling_60_ar2,m2_tech,2026-06-01,2026-07-01,-1.675502604501977,60
ex_games_12m_pct,tw_epi_integrated_circuits_gbp_12m_pct,2,rolling_60_ar2,m0_ar,2026-06-01,2026-08-01,-0.755634842109954,60
ex_games_12m_pct,tw_epi_integrated_circuits_gbp_12m_pct,2,rolling_60_ar2,m1_controls,2026-06-01,2026-08-01,-1.0433983592443044,60
ex_games_12m_pct,tw_epi_integrated_circuits_gbp_12m_pct,2,rolling_60_ar2,m2_tech,2026-06-01,2026-08-01,-1.0943087061803687,60
ex_games_12m_pct,tw_epi_integrated_circuits_gbp_12m_pct,3,rolling_60_ar2,m0_ar,2026-06-01,2026-09-01,-1.8497395632734719,60
ex_games_12m_pct,tw_epi_integrated_circuits_gbp_12m_pct,3,rolling_60_ar2,m1_controls,2026-06-01,2026-09-01,-2.319836246510411,60
ex_games_12m_pct,tw_epi_integrated_circuits_gbp_12m_pct,3,rolling_60_ar2,m2_tech,2026-06-01,2026-09-01,-2.333175218864457,60
ex_games_12m_pct,hk_ppi_tech_12m_pct,1,rolling_60_ar2,m0_ar,2026-06-01,2026-07-01,-1.4180137530915915,60
ex_games_12m_pct,hk_ppi_tech_12m_pct,1,rolling_60_ar2,m1_controls,2026-06-01,2026-07-01,-0.6249526115966879,60
ex_games_12m_pct,hk_ppi_tech_12m_pct,1,rolling_60_ar2,m2_tech,2026-06-01,2026-07-01,-4.2369988777262435,60
ex_games_12m_pct,hk_ppi_tech_12m_pct,2,rolling_60_ar2,m0_ar,2026-06-01,2026-08-01,-0.755634842109954,60
ex_games_12m_pct,hk_ppi_tech_12m_pct,2,rolling_60_ar2,m1_controls,2026-06-01,2026-08-01,-0.9456679854137251,60
ex_games_12m_pct,hk_ppi_tech_12m_pct,2,rolling_60_ar2,m2_tech,2026-06-01,2026-08-01,-3.819399429130037,60
ex_games_12m_pct,hk_ppi_tech_12m_pct,3,rolling_60_ar2,m0_ar,2026-06-01,2026-09-01,-1.8497395632734719,60
ex_games_12m_pct,hk_ppi_tech_12m_pct,3,rolling_60_ar2,m1_controls,2026-06-01,2026-09-01,-0.5029085659781631,60
ex_games_12m_pct,hk_ppi_tech_12m_pct,3,rolling_60_ar2,m2_tech,2026-06-01,2026-09-01,-3.1250235475914607,60
ex_games_12m_pct,hk_ppi_tech_gbp_12m_pct,1,rolling_60_ar2,m0_ar,2026-06-01,2026-07-01,-1.4180137530915915,60
ex_games_12m_pct,hk_ppi_tech_gbp_12m_pct,1,rolling_60_ar2,m1_controls,2026-06-01,2026-07-01,-0.6249526115966879,60
ex_games_12m_pct,hk_ppi_tech_gbp_12m_pct,1,rolling_60_ar2,m2_tech,2026-06-01,2026-07-01,-0.766311376569085,60
ex_games_12m_pct,hk_ppi_tech_gbp_12m_pct,2,rolling_60_ar2,m0_ar,2026-06-01,2026-08-01,-0.755634842109954,60
ex_games_12m_pct,hk_ppi_tech_gbp_12m_pct,2,rolling_60_ar2,m1_controls,2026-06-01,2026-08-01,-0.9456679854137251,60
ex_games_12m_pct,hk_ppi_tech_gbp_12m_pct,2,rolling_60_ar2,m2_tech,2026-06-01,2026-08-01,-1.6761213687488246,60
ex_games_12m_pct,hk_ppi_tech_gbp_12m_pct,3,rolling_60_ar2,m0_ar,2026-06-01,2026-09-01,-1.8497395632734719,60
ex_games_12m_pct,hk_ppi_tech_gbp_12m_pct,3,rolling_60_ar2,m1_controls,2026-06-01,2026-09-01,-0.5029085659781631,60
ex_games_12m_pct,hk_ppi_tech_gbp_12m_pct,3,rolling_60_ar2,m2_tech,2026-06-01,2026-09-01,-2.2168087315034306,60
headline_12m_pct,cn_ppi_tech_12m_pct,1,short_expanding_ar1_min36,m0_ar,2025-12-01,2026-01-01,-2.290099269773548,57
headline_12m_pct,cn_ppi_tech_12m_pct,1,short_expanding_ar1_min36,m1_controls,2025-12-01,2026-01-01,-2.3030196444109037,57
headline_12m_pct,cn_ppi_tech_12m_pct,1,short_expanding_ar1_min36,m2_tech,2025-12-01,2026-01-01,-2.4875853984537595,57
headline_12m_pct,cn_ppi_tech_12m_pct,2,short_expanding_ar1_min36,m0_ar,2025-12-01,2026-02-01,-2.227198348660578,56
headline_12m_pct,cn_ppi_tech_12m_pct,2,short_expanding_ar1_min36,m1_controls,2025-12-01,2026-02-01,-2.2389255237899897,56
headline_12m_pct,cn_ppi_tech_12m_pct,2,short_expanding_ar1_min36,m2_tech,2025-12-01,2026-02-01,-2.5627281299547744,56
headline_12m_pct,cn_ppi_tech_12m_pct,3,short_expanding_ar1_min36,m0_ar,2025-12-01,2026-03-01,-2.014090010769209,55
headline_12m_pct,cn_ppi_tech_12m_pct,3,short_expanding_ar1_min36,m1_controls,2025-12-01,2026-03-01,-2.0644272385341065,55
headline_12m_pct,cn_ppi_tech_12m_pct,3,short_expanding_ar1_min36,m2_tech,2025-12-01,2026-03-01,-2.5551527848850184,55
headline_12m_pct,cn_ppi_tech_gbp_12m_pct,1,short_expanding_ar1_min36,m0_ar,2025-12-01,2026-01-01,-2.290099269773548,57
headline_12m_pct,cn_ppi_tech_gbp_12m_pct,1,short_expanding_ar1_min36,m1_controls,2025-12-01,2026-01-01,-2.3030196444109037,57
headline_12m_pct,cn_ppi_tech_gbp_12m_pct,1,short_expanding_ar1_min36,m2_tech,2025-12-01,2026-01-01,-2.5564258894222625,57
headline_12m_pct,cn_ppi_tech_gbp_12m_pct,2,short_expanding_ar1_min36,m0_ar,2025-12-01,2026-02-01,-2.227198348660578,56
headline_12m_pct,cn_ppi_tech_gbp_12m_pct,2,short_expanding_ar1_min36,m1_controls,2025-12-01,2026-02-01,-2.2389255237899897,56
headline_12m_pct,cn_ppi_tech_gbp_12m_pct,2,short_expanding_ar1_min36,m2_tech,2025-12-01,2026-02-01,-2.520391503089683,56
headline_12m_pct,cn_ppi_tech_gbp_12m_pct,3,short_expanding_ar1_min36,m0_ar,2025-12-01,2026-03-01,-2.014090010769209,55
headline_12m_pct,cn_ppi_tech_gbp_12m_pct,3,short_expanding_ar1_min36,m1_controls,2025-12-01,2026-03-01,-2.0644272385341065,55
headline_12m_pct,cn_ppi_tech_gbp_12m_pct,3,short_expanding_ar1_min36,m2_tech,2025-12-01,2026-03-01,-2.445447304680419,55
ex_games_12m_pct,cn_ppi_tech_12m_pct,1,short_expanding_ar1_min36,m0_ar,2025-12-01,2026-01-01,-3.1520113508262395,57
ex_games_12m_pct,cn_ppi_tech_12m_pct,1,short_expanding_ar1_min36,m1_controls,2025-12-01,2026-01-01,-3.1963623043462936,57
ex_games_12m_pct,cn_ppi_tech_12m_pct,1,short_expanding_ar1_min36,m2_tech,2025-12-01,2026-01-01,-3.288673626647526,57
ex_games_12m_pct,cn_ppi_tech_12m_pct,2,short_expanding_ar1_min36,m0_ar,2025-12-01,2026-02-01,-3.134440209289365,56
ex_games_12m_pct,cn_ppi_tech_12m_pct,2,short_expanding_ar1_min36,m1_controls,2025-12-01,2026-02-01,-3.2082603100936415,56
ex_games_12m_pct,cn_ppi_tech_12m_pct,2,short_expanding_ar1_min36,m2_tech,2025-12-01,2026-02-01,-3.320543291982668,56
ex_games_12m_pct,cn_ppi_tech_12m_pct,3,short_expanding_ar1_min36,m0_ar,2025-12-01,2026-03-01,-2.875680196011381,55
ex_games_12m_pct,cn_ppi_tech_12m_pct,3,short_expanding_ar1_min36,m1_controls,2025-12-01,2026-03-01,-2.978742586656315,55
ex_games_12m_pct,cn_ppi_tech_12m_pct,3,short_expanding_ar1_min36,m2_tech,2025-12-01,2026-03-01,-3.1504396018191354,55
ex_games_12m_pct,cn_ppi_tech_gbp_12m_pct,1,short_expanding_ar1_min36,m0_ar,2025-12-01,2026-01-01,-3.1520113508262395,57
ex_games_12m_pct,cn_ppi_tech_gbp_12m_pct,1,short_expanding_ar1_min36,m1_controls,2025-12-01,2026-01-01,-3.1963623043462936,57
ex_games_12m_pct,cn_ppi_tech_gbp_12m_pct,1,short_expanding_ar1_min36,m2_tech,2025-12-01,2026-01-01,-3.2182072010422873,57
ex_games_12m_pct,cn_ppi_tech_gbp_12m_pct,2,short_expanding_ar1_min36,m0_ar,2025-12-01,2026-02-01,-3.134440209289365,56
ex_games_12m_pct,cn_ppi_tech_gbp_12m_pct,2,short_expanding_ar1_min36,m1_controls,2025-12-01,2026-02-01,-3.2082603100936415,56
ex_games_12m_pct,cn_ppi_tech_gbp_12m_pct,2,short_expanding_ar1_min36,m2_tech,2025-12-01,2026-02-01,-3.1857093099836744,56
ex_games_12m_pct,cn_ppi_tech_gbp_12m_pct,3,short_expanding_ar1_min36,m0_ar,2025-12-01,2026-03-01,-2.875680196011381,55
ex_games_12m_pct,cn_ppi_tech_gbp_12m_pct,3,short_expanding_ar1_min36,m1_controls,2025-12-01,2026-03-01,-2.978742586656315,55
ex_games_12m_pct,cn_ppi_tech_gbp_12m_pct,3,short_expanding_ar1_min36,m2_tech,2025-12-01,2026-03-01,-3.0212296764968407,55
headline_12m_pct,cn_ppi_tech_12m_pct,1,short_expanding_ar2_min36,m0_ar,2025-12-01,2026-01-01,-2.0604014094203764,57
headline_12m_pct,cn_ppi_tech_12m_pct,1,short_expanding_ar2_min36,m1_controls,2025-12-01,2026-01-01,-2.129076247774834,57
headline_12m_pct,cn_ppi_tech_12m_pct,1,short_expanding_ar2_min36,m2_tech,2025-12-01,2026-01-01,-2.2950630669641527,57
headline_12m_pct,cn_ppi_tech_12m_pct,2,short_expanding_ar2_min36,m0_ar,2025-12-01,2026-02-01,-2.0830812432362302,56
headline_12m_pct,cn_ppi_tech_12m_pct,2,short_expanding_ar2_min36,m1_controls,2025-12-01,2026-02-01,-2.1897615371413295,56
headline_12m_pct,cn_ppi_tech_12m_pct,2,short_expanding_ar2_min36,m2_tech,2025-12-01,2026-02-01,-2.5181043214285665,56
headline_12m_pct,cn_ppi_tech_12m_pct,3,short_expanding_ar2_min36,m0_ar,2025-12-01,2026-03-01,-1.9860886785530163,55
headline_12m_pct,cn_ppi_tech_12m_pct,3,short_expanding_ar2_min36,m1_controls,2025-12-01,2026-03-01,-2.1346847909486044,55
headline_12m_pct,cn_ppi_tech_12m_pct,3,short_expanding_ar2_min36,m2_tech,2025-12-01,2026-03-01,-2.652290954751582,55
headline_12m_pct,cn_ppi_tech_gbp_12m_pct,1,short_expanding_ar2_min36,m0_ar,2025-12-01,2026-01-01,-2.0604014094203764,57
headline_12m_pct,cn_ppi_tech_gbp_12m_pct,1,short_expanding_ar2_min36,m1_controls,2025-12-01,2026-01-01,-2.129076247774834,57
headline_12m_pct,cn_ppi_tech_gbp_12m_pct,1,short_expanding_ar2_min36,m2_tech,2025-12-01,2026-01-01,-2.3244948993421843,57
headline_12m_pct,cn_ppi_tech_gbp_12m_pct,2,short_expanding_ar2_min36,m0_ar,2025-12-01,2026-02-01,-2.0830812432362302,56
headline_12m_pct,cn_ppi_tech_gbp_12m_pct,2,short_expanding_ar2_min36,m1_controls,2025-12-01,2026-02-01,-2.1897615371413295,56
headline_12m_pct,cn_ppi_tech_gbp_12m_pct,2,short_expanding_ar2_min36,m2_tech,2025-12-01,2026-02-01,-2.4785966553322694,56
headline_12m_pct,cn_ppi_tech_gbp_12m_pct,3,short_expanding_ar2_min36,m0_ar,2025-12-01,2026-03-01,-1.9860886785530163,55
headline_12m_pct,cn_ppi_tech_gbp_12m_pct,3,short_expanding_ar2_min36,m1_controls,2025-12-01,2026-03-01,-2.1346847909486044,55
headline_12m_pct,cn_ppi_tech_gbp_12m_pct,3,short_expanding_ar2_min36,m2_tech,2025-12-01,2026-03-01,-2.596561556755643,55
ex_games_12m_pct,cn_ppi_tech_12m_pct,1,short_expanding_ar2_min36,m0_ar,2025-12-01,2026-01-01,-2.363563696391393,57
ex_games_12m_pct,cn_ppi_tech_12m_pct,1,short_expanding_ar2_min36,m1_controls,2025-12-01,2026-01-01,-2.214328329071392,57
ex_games_12m_pct,cn_ppi_tech_12m_pct,1,short_expanding_ar2_min36,m2_tech,2025-12-01,2026-01-01,-2.26152501306655,57
ex_games_12m_pct,cn_ppi_tech_12m_pct,2,short_expanding_ar2_min36,m0_ar,2025-12-01,2026-02-01,-3.311324280959461,56
ex_games_12m_pct,cn_ppi_tech_12m_pct,2,short_expanding_ar2_min36,m1_controls,2025-12-01,2026-02-01,-3.439822175400883,56
ex_games_12m_pct,cn_ppi_tech_12m_pct,2,short_expanding_ar2_min36,m2_tech,2025-12-01,2026-02-01,-3.586886190516607,56
ex_games_12m_pct,cn_ppi_tech_12m_pct,3,short_expanding_ar2_min36,m0_ar,2025-12-01,2026-03-01,-2.3836282147207344,55
ex_games_12m_pct,cn_ppi_tech_12m_pct,3,short_expanding_ar2_min36,m1_controls,2025-12-01,2026-03-01,-2.5712839026281227,55
ex_games_12m_pct,cn_ppi_tech_12m_pct,3,short_expanding_ar2_min36,m2_tech,2025-12-01,2026-03-01,-2.751817123965803,55
ex_games_12m_pct,cn_ppi_tech_gbp_12m_pct,1,short_expanding_ar2_min36,m0_ar,2025-12-01,2026-01-01,-2.363563696391393,57
ex_games_12m_pct,cn_ppi_tech_gbp_12m_pct,1,short_expanding_ar2_min36,m1_controls,2025-12-01,2026-01-01,-2.214328329071392,57
ex_games_12m_pct,cn_ppi_tech_gbp_12m_pct,1,short_expanding_ar2_min36,m2_tech,2025-12-01,2026-01-01,-2.0111358702071067,57
ex_games_12m_pct,cn_ppi_tech_gbp_12m_pct,2,short_expanding_ar2_min36,m0_ar,2025-12-01,2026-02-01,-3.311324280959461,56
ex_games_12m_pct,cn_ppi_tech_gbp_12m_pct,2,short_expanding_ar2_min36,m1_controls,2025-12-01,2026-02-01,-3.439822175400883,56
ex_games_12m_pct,cn_ppi_tech_gbp_12m_pct,2,short_expanding_ar2_min36,m2_tech,2025-12-01,2026-02-01,-3.457581512278214,56
ex_games_12m_pct,cn_ppi_tech_gbp_12m_pct,3,short_expanding_ar2_min36,m0_ar,2025-12-01,2026-03-01,-2.3836282147207344,55
ex_games_12m_pct,cn_ppi_tech_gbp_12m_pct,3,short_expanding_ar2_min36,m1_controls,2025-12-01,2026-03-01,-2.5712839026281227,55
ex_games_12m_pct,cn_ppi_tech_gbp_12m_pct,3,short_expanding_ar2_min36,m2_tech,2025-12-01,2026-03-01,-2.54434448445596,55
headline_12m_pct,cn_ppi_tech_12m_pct,1,short_expanding_ar6_min36,m0_ar,2025-12-01,2026-01-01,-1.9022375907439093,57
headline_12m_pct,cn_ppi_tech_12m_pct,1,short_expanding_ar6_min36,m1_controls,2025-12-01,2026-01-01,-1.9619005614949052,57
headline_12m_pct,cn_ppi_tech_12m_pct,1,short_expanding_ar6_min36,m2_tech,2025-12-01,2026-01-01,-2.1403859518066146,57
headline_12m_pct,cn_ppi_tech_12m_pct,2,short_expanding_ar6_min36,m0_ar,2025-12-01,2026-02-01,-1.7889184142472676,56
headline_12m_pct,cn_ppi_tech_12m_pct,2,short_expanding_ar6_min36,m1_controls,2025-12-01,2026-02-01,-1.825936158382369,56
headline_12m_pct,cn_ppi_tech_12m_pct,2,short_expanding_ar6_min36,m2_tech,2025-12-01,2026-02-01,-2.209223079947971,56
headline_12m_pct,cn_ppi_tech_12m_pct,3,short_expanding_ar6_min36,m0_ar,2025-12-01,2026-03-01,-1.9373043859748877,55
headline_12m_pct,cn_ppi_tech_12m_pct,3,short_expanding_ar6_min36,m1_controls,2025-12-01,2026-03-01,-2.0155096364264815,55
headline_12m_pct,cn_ppi_tech_12m_pct,3,short_expanding_ar6_min36,m2_tech,2025-12-01,2026-03-01,-2.6106639290247573,55
headline_12m_pct,cn_ppi_tech_gbp_12m_pct,1,short_expanding_ar6_min36,m0_ar,2025-12-01,2026-01-01,-1.9022375907439093,57
headline_12m_pct,cn_ppi_tech_gbp_12m_pct,1,short_expanding_ar6_min36,m1_controls,2025-12-01,2026-01-01,-1.9619005614949052,57
headline_12m_pct,cn_ppi_tech_gbp_12m_pct,1,short_expanding_ar6_min36,m2_tech,2025-12-01,2026-01-01,-2.1773758930519627,57
headline_12m_pct,cn_ppi_tech_gbp_12m_pct,2,short_expanding_ar6_min36,m0_ar,2025-12-01,2026-02-01,-1.7889184142472676,56
headline_12m_pct,cn_ppi_tech_gbp_12m_pct,2,short_expanding_ar6_min36,m1_controls,2025-12-01,2026-02-01,-1.825936158382369,56
headline_12m_pct,cn_ppi_tech_gbp_12m_pct,2,short_expanding_ar6_min36,m2_tech,2025-12-01,2026-02-01,-2.217822846923795,56
headline_12m_pct,cn_ppi_tech_gbp_12m_pct,3,short_expanding_ar6_min36,m0_ar,2025-12-01,2026-03-01,-1.9373043859748877,55
headline_12m_pct,cn_ppi_tech_gbp_12m_pct,3,short_expanding_ar6_min36,m1_controls,2025-12-01,2026-03-01,-2.0155096364264815,55
headline_12m_pct,cn_ppi_tech_gbp_12m_pct,3,short_expanding_ar6_min36,m2_tech,2025-12-01,2026-03-01,-2.5854162158755383,55
ex_games_12m_pct,cn_ppi_tech_12m_pct,1,short_expanding_ar6_min36,m0_ar,2025-12-01,2026-01-01,-2.337388063051603,57
ex_games_12m_pct,cn_ppi_tech_12m_pct,1,short_expanding_ar6_min36,m1_controls,2025-12-01,2026-01-01,-2.5860384651449664,57
ex_games_12m_pct,cn_ppi_tech_12m_pct,1,short_expanding_ar6_min36,m2_tech,2025-12-01,2026-01-01,-2.628731244458955,57
ex_games_12m_pct,cn_ppi_tech_12m_pct,2,short_expanding_ar6_min36,m0_ar,2025-12-01,2026-02-01,-4.178995426053042,56
ex_games_12m_pct,cn_ppi_tech_12m_pct,2,short_expanding_ar6_min36,m1_controls,2025-12-01,2026-02-01,-4.3214240309219445,56
ex_games_12m_pct,cn_ppi_tech_12m_pct,2,short_expanding_ar6_min36,m2_tech,2025-12-01,2026-02-01,-4.440964969772683,56
ex_games_12m_pct,cn_ppi_tech_12m_pct,3,short_expanding_ar6_min36,m0_ar,2025-12-01,2026-03-01,-1.9273103769465851,55
ex_games_12m_pct,cn_ppi_tech_12m_pct,3,short_expanding_ar6_min36,m1_controls,2025-12-01,2026-03-01,-2.1887616959808387,55
ex_games_12m_pct,cn_ppi_tech_12m_pct,3,short_expanding_ar6_min36,m2_tech,2025-12-01,2026-03-01,-2.351255709140702,55
ex_games_12m_pct,cn_ppi_tech_gbp_12m_pct,1,short_expanding_ar6_min36,m0_ar,2025-12-01,2026-01-01,-2.337388063051603,57
ex_games_12m_pct,cn_ppi_tech_gbp_12m_pct,1,short_expanding_ar6_min36,m1_controls,2025-12-01,2026-01-01,-2.5860384651449664,57
ex_games_12m_pct,cn_ppi_tech_gbp_12m_pct,1,short_expanding_ar6_min36,m2_tech,2025-12-01,2026-01-01,-2.5139098430160303,57
ex_games_12m_pct,cn_ppi_tech_gbp_12m_pct,2,short_expanding_ar6_min36,m0_ar,2025-12-01,2026-02-01,-4.178995426053042,56
ex_games_12m_pct,cn_ppi_tech_gbp_12m_pct,2,short_expanding_ar6_min36,m1_controls,2025-12-01,2026-02-01,-4.3214240309219445,56
ex_games_12m_pct,cn_ppi_tech_gbp_12m_pct,2,short_expanding_ar6_min36,m2_tech,2025-12-01,2026-02-01,-4.355497048515038,56
ex_games_12m_pct,cn_ppi_tech_gbp_12m_pct,3,short_expanding_ar6_min36,m0_ar,2025-12-01,2026-03-01,-1.9273103769465851,55
ex_games_12m_pct,cn_ppi_tech_gbp_12m_pct,3,short_expanding_ar6_min36,m1_controls,2025-12-01,2026-03-01,-2.1887616959808387,55
ex_games_12m_pct,cn_ppi_tech_gbp_12m_pct,3,short_expanding_ar6_min36,m2_tech,2025-12-01,2026-03-01,-2.2405069787477525,55
