method,target,candidate,period,lead_months,correlation,common_sample_correlation,circular_shift_p,familywise_p_0_12,n,ar_lags
raw_annual_rates,headline_12m_pct,jp_epi_electronics_gbp_12m_pct,full,0,-0.3518190188640384,-0.38106282289957205,0.07692307692307693,0.25274725274725274,126,0
raw_annual_rates,headline_12m_pct,jp_epi_electronics_gbp_12m_pct,full,1,-0.2872539840979236,-0.3138634570205726,0.10989010989010989,0.2967032967032967,125,0
raw_annual_rates,headline_12m_pct,jp_epi_electronics_gbp_12m_pct,full,2,-0.24140292913234618,-0.2661426928853902,0.14285714285714285,0.31868131868131866,124,0
raw_annual_rates,headline_12m_pct,jp_epi_electronics_gbp_12m_pct,full,3,-0.1871394030854015,-0.21121487827021349,0.1978021978021978,0.4835164835164835,123,0
raw_annual_rates,headline_12m_pct,jp_epi_electronics_gbp_12m_pct,full,4,-0.12765128732590564,-0.15635294236520392,0.3076923076923077,0.7802197802197802,122,0
raw_annual_rates,headline_12m_pct,jp_epi_electronics_gbp_12m_pct,full,5,-0.062382652062413495,-0.09497487711355136,0.5054945054945055,0.9560439560439561,121,0
raw_annual_rates,headline_12m_pct,jp_epi_electronics_gbp_12m_pct,full,6,-0.02197052050859289,-0.04841025125729259,0.7362637362637363,1.0,120,0
raw_annual_rates,headline_12m_pct,jp_epi_electronics_gbp_12m_pct,full,7,0.09914582332726979,0.08800299135381309,0.5384615384615384,0.9560439560439561,119,0
raw_annual_rates,headline_12m_pct,jp_epi_electronics_gbp_12m_pct,full,8,0.1551803727353986,0.14987662004135863,0.3956043956043956,0.7912087912087912,118,0
raw_annual_rates,headline_12m_pct,jp_epi_electronics_gbp_12m_pct,full,9,0.18783273444008658,0.18724448512235148,0.26373626373626374,0.6263736263736264,117,0
raw_annual_rates,headline_12m_pct,jp_epi_electronics_gbp_12m_pct,full,10,0.2192938707267674,0.22167462187997694,0.2087912087912088,0.43956043956043955,116,0
raw_annual_rates,headline_12m_pct,jp_epi_electronics_gbp_12m_pct,full,11,0.21809612254388372,0.22149628026550033,0.21978021978021978,0.43956043956043955,115,0
raw_annual_rates,headline_12m_pct,jp_epi_electronics_gbp_12m_pct,full,12,0.18186844792829812,0.18186844792829812,0.3516483516483517,0.6263736263736264,114,0
raw_annual_rates,headline_12m_pct,jp_epi_electronics_gbp_12m_pct,pre_2020,0,-0.26619723109420274,-0.2971824374433245,0.6923076923076923,0.8461538461538461,48,0
raw_annual_rates,headline_12m_pct,jp_epi_electronics_gbp_12m_pct,pre_2020,1,-0.21922580611944753,-0.2401082792730602,0.6923076923076923,0.9230769230769231,47,0
raw_annual_rates,headline_12m_pct,jp_epi_electronics_gbp_12m_pct,pre_2020,2,-0.17843515415233419,-0.18859585373345555,0.6923076923076923,1.0,46,0
raw_annual_rates,headline_12m_pct,jp_epi_electronics_gbp_12m_pct,pre_2020,3,-0.12188456000967471,-0.13483466608742156,0.7692307692307693,1.0,45,0
raw_annual_rates,headline_12m_pct,jp_epi_electronics_gbp_12m_pct,pre_2020,4,-0.042085803933959116,-0.04009661165990948,0.9230769230769231,1.0,44,0
raw_annual_rates,headline_12m_pct,jp_epi_electronics_gbp_12m_pct,pre_2020,5,0.021503462736327722,0.0030242976295954444,1.0,1.0,43,0
raw_annual_rates,headline_12m_pct,jp_epi_electronics_gbp_12m_pct,pre_2020,6,0.0547274085563598,0.02586078735956446,1.0,1.0,42,0
raw_annual_rates,headline_12m_pct,jp_epi_electronics_gbp_12m_pct,pre_2020,7,0.14790247512995405,0.11654489192445332,0.8461538461538461,1.0,41,0
raw_annual_rates,headline_12m_pct,jp_epi_electronics_gbp_12m_pct,pre_2020,8,0.08020196651426484,0.05357128690885397,0.9230769230769231,1.0,40,0
raw_annual_rates,headline_12m_pct,jp_epi_electronics_gbp_12m_pct,pre_2020,9,0.07616682611983429,0.046868979318659874,0.9230769230769231,1.0,39,0
raw_annual_rates,headline_12m_pct,jp_epi_electronics_gbp_12m_pct,pre_2020,10,0.09736649553570491,0.08602329457566789,0.8461538461538461,1.0,38,0
raw_annual_rates,headline_12m_pct,jp_epi_electronics_gbp_12m_pct,pre_2020,11,0.08252840256196657,0.07983852438958766,0.8461538461538461,1.0,37,0
raw_annual_rates,headline_12m_pct,jp_epi_electronics_gbp_12m_pct,pre_2020,12,0.060285041645050524,0.060285041645050524,0.9230769230769231,1.0,36,0
raw_annual_rates,headline_12m_pct,jp_epi_electronics_gbp_12m_pct,pandemic_2020_2022,0,-0.4604132801891932,-0.49890851919226864,1.0,1.0,36,0
raw_annual_rates,headline_12m_pct,jp_epi_electronics_gbp_12m_pct,pandemic_2020_2022,1,-0.36480893468263925,-0.23073282551435664,1.0,1.0,35,0
raw_annual_rates,headline_12m_pct,jp_epi_electronics_gbp_12m_pct,pandemic_2020_2022,2,-0.4040053048846259,-0.13897616670913465,1.0,1.0,34,0
raw_annual_rates,headline_12m_pct,jp_epi_electronics_gbp_12m_pct,pandemic_2020_2022,3,-0.4087705042899671,-0.02836242292487352,1.0,1.0,33,0
raw_annual_rates,headline_12m_pct,jp_epi_electronics_gbp_12m_pct,pandemic_2020_2022,4,-0.40976198097067584,-0.02382775409281162,0.5,1.0,32,0
raw_annual_rates,headline_12m_pct,jp_epi_electronics_gbp_12m_pct,pandemic_2020_2022,5,-0.43516032912198815,-0.038276208718156075,0.5,1.0,31,0
raw_annual_rates,headline_12m_pct,jp_epi_electronics_gbp_12m_pct,pandemic_2020_2022,6,-0.40651334368722336,-0.032238015493373795,1.0,1.0,30,0
raw_annual_rates,headline_12m_pct,jp_epi_electronics_gbp_12m_pct,pandemic_2020_2022,7,-0.19912095269974367,0.217200003548127,1.0,1.0,29,0
raw_annual_rates,headline_12m_pct,jp_epi_electronics_gbp_12m_pct,pandemic_2020_2022,8,0.09709533347484266,0.467142565823898,1.0,1.0,28,0
raw_annual_rates,headline_12m_pct,jp_epi_electronics_gbp_12m_pct,pandemic_2020_2022,9,0.18729326163049748,0.5169416294759414,1.0,1.0,27,0
raw_annual_rates,headline_12m_pct,jp_epi_electronics_gbp_12m_pct,pandemic_2020_2022,10,0.3313936828611745,0.56862745611934,1.0,1.0,26,0
raw_annual_rates,headline_12m_pct,jp_epi_electronics_gbp_12m_pct,pandemic_2020_2022,11,0.34283676208045677,0.4349047395965401,0.5,1.0,25,0
raw_annual_rates,headline_12m_pct,jp_epi_electronics_gbp_12m_pct,pandemic_2020_2022,12,0.2346369834703847,0.2346369834703847,1.0,1.0,24,0
raw_annual_rates,headline_12m_pct,jp_epi_electronics_gbp_12m_pct,post_2022,0,-0.28587501431845874,-0.48836511891409234,0.14285714285714285,0.14285714285714285,42,0
raw_annual_rates,headline_12m_pct,jp_epi_electronics_gbp_12m_pct,post_2022,1,-0.21615869062120213,-0.3485614014134165,0.14285714285714285,0.2857142857142857,41,0
raw_annual_rates,headline_12m_pct,jp_epi_electronics_gbp_12m_pct,post_2022,2,-0.11134812478071622,-0.16481818546150442,0.7142857142857143,1.0,40,0
raw_annual_rates,headline_12m_pct,jp_epi_electronics_gbp_12m_pct,post_2022,3,0.016238887827155307,0.011288505702066225,1.0,1.0,39,0
raw_annual_rates,headline_12m_pct,jp_epi_electronics_gbp_12m_pct,post_2022,4,0.15757047725076787,0.14444789757869386,0.5714285714285714,1.0,38,0
raw_annual_rates,headline_12m_pct,jp_epi_electronics_gbp_12m_pct,post_2022,5,0.3530937493426868,0.32361778180578027,0.14285714285714285,0.2857142857142857,37,0
raw_annual_rates,headline_12m_pct,jp_epi_electronics_gbp_12m_pct,post_2022,6,0.4351894284136744,0.4158054384608412,0.14285714285714285,0.14285714285714285,36,0
raw_annual_rates,headline_12m_pct,jp_epi_electronics_gbp_12m_pct,post_2022,7,0.5990647374830802,0.6058423756852074,0.14285714285714285,0.14285714285714285,35,0
raw_annual_rates,headline_12m_pct,jp_epi_electronics_gbp_12m_pct,post_2022,8,0.6442802033839437,0.6507852367136489,0.14285714285714285,0.14285714285714285,34,0
raw_annual_rates,headline_12m_pct,jp_epi_electronics_gbp_12m_pct,post_2022,9,0.6165032090482133,0.6552114036661711,0.14285714285714285,0.14285714285714285,33,0
raw_annual_rates,headline_12m_pct,jp_epi_electronics_gbp_12m_pct,post_2022,10,0.5158548460581994,0.5712763328032971,0.14285714285714285,0.14285714285714285,32,0
raw_annual_rates,headline_12m_pct,jp_epi_electronics_gbp_12m_pct,post_2022,11,0.4311389136511005,0.4663273509491888,0.14285714285714285,0.14285714285714285,31,0
raw_annual_rates,headline_12m_pct,jp_epi_electronics_gbp_12m_pct,post_2022,12,0.24353563419798452,0.24353563419798452,0.14285714285714285,0.42857142857142855,30,0
raw_annual_rates,headline_12m_pct,kr_epi_tech_gbp_12m_pct,full,0,-0.1683282853837554,-0.1457129728583266,0.56,0.94,85,0
raw_annual_rates,headline_12m_pct,kr_epi_tech_gbp_12m_pct,full,1,-0.13881314573117337,-0.11708162690359941,0.66,1.0,84,0
raw_annual_rates,headline_12m_pct,kr_epi_tech_gbp_12m_pct,full,2,-0.12198243397219825,-0.10308417298532288,0.72,1.0,83,0
raw_annual_rates,headline_12m_pct,kr_epi_tech_gbp_12m_pct,full,3,-0.11561626529687091,-0.09232803735494102,0.8,1.0,82,0
raw_annual_rates,headline_12m_pct,kr_epi_tech_gbp_12m_pct,full,4,-0.0837165924229894,-0.0707987124936183,0.88,1.0,81,0
raw_annual_rates,headline_12m_pct,kr_epi_tech_gbp_12m_pct,full,5,-0.05487445497438034,-0.05920749658202699,0.92,1.0,80,0
raw_annual_rates,headline_12m_pct,kr_epi_tech_gbp_12m_pct,full,6,-0.06317211121716586,-0.0736688222261184,0.86,1.0,79,0
raw_annual_rates,headline_12m_pct,kr_epi_tech_gbp_12m_pct,full,7,0.008411904376215773,-9.71627406774068e-05,1.0,1.0,78,0
raw_annual_rates,headline_12m_pct,kr_epi_tech_gbp_12m_pct,full,8,0.06011378537672118,0.05258776978701676,0.94,1.0,77,0
raw_annual_rates,headline_12m_pct,kr_epi_tech_gbp_12m_pct,full,9,0.04325004234770014,0.040413780119219575,0.94,1.0,76,0
raw_annual_rates,headline_12m_pct,kr_epi_tech_gbp_12m_pct,full,10,0.043275783450064914,0.042400506084045546,0.92,1.0,75,0
raw_annual_rates,headline_12m_pct,kr_epi_tech_gbp_12m_pct,full,11,0.0028383125325823345,0.0042841734423065955,1.0,1.0,74,0
raw_annual_rates,headline_12m_pct,kr_epi_tech_gbp_12m_pct,full,12,-0.05409569462146595,-0.05409569462146595,0.9,1.0,73,0
raw_annual_rates,headline_12m_pct,kr_epi_tech_gbp_12m_pct,pandemic_2020_2022,0,0.4314353987195572,0.38648153698278537,0.5,1.0,36,0
raw_annual_rates,headline_12m_pct,kr_epi_tech_gbp_12m_pct,pandemic_2020_2022,1,0.5837959396143746,0.5595207398648336,0.5,1.0,35,0
raw_annual_rates,headline_12m_pct,kr_epi_tech_gbp_12m_pct,pandemic_2020_2022,2,0.3979867102524434,0.45098234588756186,0.5,1.0,34,0
raw_annual_rates,headline_12m_pct,kr_epi_tech_gbp_12m_pct,pandemic_2020_2022,3,0.19888255434592358,0.2722168087013606,0.5,1.0,33,0
raw_annual_rates,headline_12m_pct,kr_epi_tech_gbp_12m_pct,pandemic_2020_2022,4,0.15166474299457205,0.17910396060875472,1.0,1.0,32,0
raw_annual_rates,headline_12m_pct,kr_epi_tech_gbp_12m_pct,pandemic_2020_2022,5,-0.22875633838746143,-0.23853430050922778,1.0,1.0,31,0
raw_annual_rates,headline_12m_pct,kr_epi_tech_gbp_12m_pct,pandemic_2020_2022,6,-0.3263549378927767,-0.24176415362157885,1.0,1.0,30,0
raw_annual_rates,headline_12m_pct,kr_epi_tech_gbp_12m_pct,pandemic_2020_2022,7,-0.2776302318865758,-0.19600008472181496,0.5,1.0,29,0
raw_annual_rates,headline_12m_pct,kr_epi_tech_gbp_12m_pct,pandemic_2020_2022,8,-0.18543298005769995,-0.1030522178142547,0.5,1.0,28,0
raw_annual_rates,headline_12m_pct,kr_epi_tech_gbp_12m_pct,pandemic_2020_2022,9,-0.336498319943328,-0.23048967205016313,0.5,1.0,27,0
raw_annual_rates,headline_12m_pct,kr_epi_tech_gbp_12m_pct,pandemic_2020_2022,10,-0.40035248849348143,-0.36243332726472094,0.5,1.0,26,0
raw_annual_rates,headline_12m_pct,kr_epi_tech_gbp_12m_pct,pandemic_2020_2022,11,-0.5516118892514282,-0.5629599293591623,0.5,1.0,25,0
raw_annual_rates,headline_12m_pct,kr_epi_tech_gbp_12m_pct,pandemic_2020_2022,12,-0.7053882261590748,-0.7053882261590748,0.5,0.5,24,0
raw_annual_rates,headline_12m_pct,kr_epi_tech_gbp_12m_pct,post_2022,0,-0.381370788659732,-0.797768173625543,0.2,0.2,40,0
raw_annual_rates,headline_12m_pct,kr_epi_tech_gbp_12m_pct,post_2022,1,-0.4114555552732387,-0.8319882566750884,0.2,0.2,39,0
raw_annual_rates,headline_12m_pct,kr_epi_tech_gbp_12m_pct,post_2022,2,-0.42368898921302023,-0.7560754225210573,0.4,0.6,38,0
raw_annual_rates,headline_12m_pct,kr_epi_tech_gbp_12m_pct,post_2022,3,-0.46548336598921647,-0.6809333869242159,0.6,0.8,37,0
raw_annual_rates,headline_12m_pct,kr_epi_tech_gbp_12m_pct,post_2022,4,-0.4417609346462913,-0.5850280922174262,0.8,1.0,36,0
raw_annual_rates,headline_12m_pct,kr_epi_tech_gbp_12m_pct,post_2022,5,-0.3038727005693801,-0.4159078835808225,1.0,1.0,35,0
raw_annual_rates,headline_12m_pct,kr_epi_tech_gbp_12m_pct,post_2022,6,-0.2100745632364172,-0.3007710039042618,1.0,1.0,34,0
raw_annual_rates,headline_12m_pct,kr_epi_tech_gbp_12m_pct,post_2022,7,-0.08843807239890283,-0.14479400141463628,1.0,1.0,33,0
raw_annual_rates,headline_12m_pct,kr_epi_tech_gbp_12m_pct,post_2022,8,0.03188416327889041,0.0011608968231120573,1.0,1.0,32,0
raw_annual_rates,headline_12m_pct,kr_epi_tech_gbp_12m_pct,post_2022,9,0.052077443345823184,0.05179171853660407,1.0,1.0,31,0
raw_annual_rates,headline_12m_pct,kr_epi_tech_gbp_12m_pct,post_2022,10,0.18600908801088722,0.2007499472056149,0.2,1.0,30,0
raw_annual_rates,headline_12m_pct,kr_epi_tech_gbp_12m_pct,post_2022,11,0.19574253126935337,0.2160665583453248,0.2,1.0,29,0
raw_annual_rates,headline_12m_pct,kr_epi_tech_gbp_12m_pct,post_2022,12,0.18710835548228497,0.18710835548228497,0.2,1.0,28,0
raw_annual_rates,headline_12m_pct,cn_ppi_tech_gbp_12m_pct,full,0,-0.0024863519961368335,-0.07257480123261649,0.9130434782608695,1.0,58,0
raw_annual_rates,headline_12m_pct,cn_ppi_tech_gbp_12m_pct,full,1,0.0526459835855237,-0.00469762497566052,1.0,1.0,57,0
raw_annual_rates,headline_12m_pct,cn_ppi_tech_gbp_12m_pct,full,2,0.03865393099645088,-0.0052519344831912645,1.0,1.0,56,0
raw_annual_rates,headline_12m_pct,cn_ppi_tech_gbp_12m_pct,full,3,0.09915170924598475,0.06716489641362818,0.8260869565217391,1.0,55,0
raw_annual_rates,headline_12m_pct,cn_ppi_tech_gbp_12m_pct,full,4,0.1739890339241857,0.1495302475917722,0.6086956521739131,1.0,54,0
raw_annual_rates,headline_12m_pct,cn_ppi_tech_gbp_12m_pct,full,5,0.22506450808065204,0.20280854709506316,0.5652173913043478,1.0,53,0
raw_annual_rates,headline_12m_pct,cn_ppi_tech_gbp_12m_pct,full,6,0.29835816850508395,0.2813749543677486,0.4782608695652174,0.782608695652174,52,0
raw_annual_rates,headline_12m_pct,cn_ppi_tech_gbp_12m_pct,full,7,0.4219977627027309,0.4173553538280543,0.30434782608695654,0.5652173913043478,51,0
raw_annual_rates,headline_12m_pct,cn_ppi_tech_gbp_12m_pct,full,8,0.5212484497210206,0.5188772600221333,0.08695652173913043,0.2608695652173913,50,0
raw_annual_rates,headline_12m_pct,cn_ppi_tech_gbp_12m_pct,full,9,0.5609887656107153,0.560985110522379,0.043478260869565216,0.043478260869565216,49,0
raw_annual_rates,headline_12m_pct,cn_ppi_tech_gbp_12m_pct,full,10,0.6052286413082989,0.6070584473743917,0.043478260869565216,0.043478260869565216,48,0
raw_annual_rates,headline_12m_pct,cn_ppi_tech_gbp_12m_pct,full,11,0.6151038428813644,0.6196387883790704,0.043478260869565216,0.043478260869565216,47,0
raw_annual_rates,headline_12m_pct,cn_ppi_tech_gbp_12m_pct,full,12,0.619433694645182,0.619433694645182,0.043478260869565216,0.043478260869565216,46,0
raw_annual_rates,headline_12m_pct,cn_ppi_tech_gbp_12m_pct,pandemic_2020_2022,0,-0.3004083507721263,-0.35374804480024963,0.5,1.0,22,0
raw_annual_rates,headline_12m_pct,cn_ppi_tech_gbp_12m_pct,pandemic_2020_2022,1,-0.29727239583425047,-0.17992019557231467,1.0,1.0,21,0
raw_annual_rates,headline_12m_pct,cn_ppi_tech_gbp_12m_pct,pandemic_2020_2022,2,-0.5169311150641192,-0.286443291527541,0.5,1.0,20,0
raw_annual_rates,headline_12m_pct,cn_ppi_tech_gbp_12m_pct,pandemic_2020_2022,3,-0.5310542586931687,-0.2231580274216894,1.0,1.0,19,0
raw_annual_rates,headline_12m_pct,cn_ppi_tech_gbp_12m_pct,pandemic_2020_2022,4,-0.47403747029464266,0.2146135033977587,0.5,1.0,18,0
raw_annual_rates,headline_12m_pct,cn_ppi_tech_gbp_12m_pct,pandemic_2020_2022,5,-0.729081929835399,-0.31616759997398247,1.0,1.0,17,0
raw_annual_rates,headline_12m_pct,cn_ppi_tech_gbp_12m_pct,pandemic_2020_2022,6,-0.7297040276843729,-0.3940581255546475,0.5,1.0,16,0
raw_annual_rates,headline_12m_pct,cn_ppi_tech_gbp_12m_pct,pandemic_2020_2022,7,-0.628576708799999,-0.1324482004396867,1.0,1.0,15,0
raw_annual_rates,headline_12m_pct,cn_ppi_tech_gbp_12m_pct,pandemic_2020_2022,8,-0.5867102288744012,-0.08831404443172855,1.0,1.0,14,0
raw_annual_rates,headline_12m_pct,cn_ppi_tech_gbp_12m_pct,pandemic_2020_2022,9,-0.6284423075857754,-0.2557918477113595,1.0,1.0,13,0
raw_annual_rates,headline_12m_pct,cn_ppi_tech_gbp_12m_pct,pandemic_2020_2022,10,-0.5140326682466462,-0.20802422072248547,1.0,1.0,12,0
raw_annual_rates,headline_12m_pct,cn_ppi_tech_gbp_12m_pct,pandemic_2020_2022,11,-0.691297998624007,-0.6483810708633116,0.5,1.0,11,0
raw_annual_rates,headline_12m_pct,cn_ppi_tech_gbp_12m_pct,pandemic_2020_2022,12,-0.7791683786169115,-0.7791683786169115,0.5,1.0,10,0
raw_annual_rates,headline_12m_pct,cn_ppi_tech_gbp_12m_pct,post_2022,0,-0.3654745277107543,-0.4146556797445056,0.5,1.0,36,0
raw_annual_rates,headline_12m_pct,cn_ppi_tech_gbp_12m_pct,post_2022,1,-0.14494092364099287,-0.14532313850569242,0.5,1.0,35,0
raw_annual_rates,headline_12m_pct,cn_ppi_tech_gbp_12m_pct,post_2022,2,-0.022037875319167895,0.05318671201544734,1.0,1.0,34,0
raw_annual_rates,headline_12m_pct,cn_ppi_tech_gbp_12m_pct,post_2022,3,0.1783456444686065,0.23786755883492805,1.0,1.0,33,0
raw_annual_rates,headline_12m_pct,cn_ppi_tech_gbp_12m_pct,post_2022,4,0.31437086021315996,0.38268713440908114,0.5,1.0,32,0
raw_annual_rates,headline_12m_pct,cn_ppi_tech_gbp_12m_pct,post_2022,5,0.4488088060121165,0.4801991680716682,0.5,0.5,31,0
raw_annual_rates,headline_12m_pct,cn_ppi_tech_gbp_12m_pct,post_2022,6,0.5134872005445323,0.5318694496164387,0.5,0.5,30,0
raw_annual_rates,headline_12m_pct,cn_ppi_tech_gbp_12m_pct,post_2022,7,0.6402372769338349,0.6909899102697613,0.5,0.5,29,0
raw_annual_rates,headline_12m_pct,cn_ppi_tech_gbp_12m_pct,post_2022,8,0.7129721388726998,0.7496257653288714,0.5,0.5,28,0
raw_annual_rates,headline_12m_pct,cn_ppi_tech_gbp_12m_pct,post_2022,9,0.6981397458950674,0.7207743360459667,0.5,0.5,27,0
raw_annual_rates,headline_12m_pct,cn_ppi_tech_gbp_12m_pct,post_2022,10,0.6347040481960905,0.6465640479613487,0.5,0.5,26,0
raw_annual_rates,headline_12m_pct,cn_ppi_tech_gbp_12m_pct,post_2022,11,0.512975161861895,0.5362173631684007,0.5,0.5,25,0
raw_annual_rates,headline_12m_pct,cn_ppi_tech_gbp_12m_pct,post_2022,12,0.3901974377127953,0.3901974377127953,0.5,1.0,24,0
raw_annual_rates,headline_12m_pct,tw_epi_integrated_circuits_gbp_12m_pct,full,0,-0.10608723141339879,-0.13313754600244188,0.5714285714285714,0.989010989010989,126,0
raw_annual_rates,headline_12m_pct,tw_epi_integrated_circuits_gbp_12m_pct,full,1,-0.06663397770981368,-0.09746580432026344,0.6593406593406593,1.0,125,0
raw_annual_rates,headline_12m_pct,tw_epi_integrated_circuits_gbp_12m_pct,full,2,-0.05077514123799536,-0.0774210803826365,0.7142857142857143,1.0,124,0
raw_annual_rates,headline_12m_pct,tw_epi_integrated_circuits_gbp_12m_pct,full,3,-0.01267978146047832,-0.036576138517265086,0.8021978021978022,1.0,123,0
raw_annual_rates,headline_12m_pct,tw_epi_integrated_circuits_gbp_12m_pct,full,4,0.021021576678452798,0.0020486468564277645,1.0,1.0,122,0
raw_annual_rates,headline_12m_pct,tw_epi_integrated_circuits_gbp_12m_pct,full,5,0.05501860155890862,0.037066318721953755,0.8131868131868132,1.0,121,0
raw_annual_rates,headline_12m_pct,tw_epi_integrated_circuits_gbp_12m_pct,full,6,0.07255336999687415,0.055518620828997244,0.7802197802197802,1.0,120,0
raw_annual_rates,headline_12m_pct,tw_epi_integrated_circuits_gbp_12m_pct,full,7,0.1702810568024882,0.16179078669369046,0.4725274725274725,0.8901098901098901,119,0
raw_annual_rates,headline_12m_pct,tw_epi_integrated_circuits_gbp_12m_pct,full,8,0.2170714565113558,0.2142672490698732,0.3956043956043956,0.8241758241758241,118,0
raw_annual_rates,headline_12m_pct,tw_epi_integrated_circuits_gbp_12m_pct,full,9,0.24924681825927195,0.24883781398767346,0.27472527472527475,0.7252747252747253,117,0
raw_annual_rates,headline_12m_pct,tw_epi_integrated_circuits_gbp_12m_pct,full,10,0.2768661351313327,0.27820803370092845,0.14285714285714285,0.5274725274725275,116,0
raw_annual_rates,headline_12m_pct,tw_epi_integrated_circuits_gbp_12m_pct,full,11,0.2800217439578574,0.28360159343612795,0.13186813186813187,0.38461538461538464,115,0
raw_annual_rates,headline_12m_pct,tw_epi_integrated_circuits_gbp_12m_pct,full,12,0.2537782636978775,0.2537782636978775,0.25274725274725274,0.7142857142857143,114,0
raw_annual_rates,headline_12m_pct,tw_epi_integrated_circuits_gbp_12m_pct,pre_2020,0,-0.1601511015571114,-0.196803815420888,0.7692307692307693,1.0,48,0
raw_annual_rates,headline_12m_pct,tw_epi_integrated_circuits_gbp_12m_pct,pre_2020,1,-0.10555257472356488,-0.1296698018883025,0.7692307692307693,1.0,47,0
raw_annual_rates,headline_12m_pct,tw_epi_integrated_circuits_gbp_12m_pct,pre_2020,2,-0.052446106378914364,-0.06785959638877742,0.8461538461538461,1.0,46,0
raw_annual_rates,headline_12m_pct,tw_epi_integrated_circuits_gbp_12m_pct,pre_2020,3,0.002197610051939244,-0.021490135105972884,0.9230769230769231,1.0,45,0
raw_annual_rates,headline_12m_pct,tw_epi_integrated_circuits_gbp_12m_pct,pre_2020,4,0.06648264313967041,0.05943528506104134,0.8461538461538461,1.0,44,0
raw_annual_rates,headline_12m_pct,tw_epi_integrated_circuits_gbp_12m_pct,pre_2020,5,0.11170128006235537,0.09567774266933027,0.9230769230769231,1.0,43,0
raw_annual_rates,headline_12m_pct,tw_epi_integrated_circuits_gbp_12m_pct,pre_2020,6,0.09752248303084443,0.07663403703762842,0.9230769230769231,1.0,42,0
raw_annual_rates,headline_12m_pct,tw_epi_integrated_circuits_gbp_12m_pct,pre_2020,7,0.14889685138004682,0.13216011343629191,0.8461538461538461,1.0,41,0
raw_annual_rates,headline_12m_pct,tw_epi_integrated_circuits_gbp_12m_pct,pre_2020,8,0.0698154783792283,0.0625626900081758,0.9230769230769231,1.0,40,0
raw_annual_rates,headline_12m_pct,tw_epi_integrated_circuits_gbp_12m_pct,pre_2020,9,0.037746899074843465,0.02163874664367553,1.0,1.0,39,0
raw_annual_rates,headline_12m_pct,tw_epi_integrated_circuits_gbp_12m_pct,pre_2020,10,0.05223664437163914,0.04788967531230478,0.9230769230769231,1.0,38,0
raw_annual_rates,headline_12m_pct,tw_epi_integrated_circuits_gbp_12m_pct,pre_2020,11,0.03990788942498105,0.038675790889347736,0.9230769230769231,1.0,37,0
raw_annual_rates,headline_12m_pct,tw_epi_integrated_circuits_gbp_12m_pct,pre_2020,12,0.01883038160203462,0.01883038160203462,0.9230769230769231,1.0,36,0
raw_annual_rates,headline_12m_pct,tw_epi_integrated_circuits_gbp_12m_pct,pandemic_2020_2022,0,-0.2719799182896745,-0.2718520177558229,1.0,1.0,36,0
raw_annual_rates,headline_12m_pct,tw_epi_integrated_circuits_gbp_12m_pct,pandemic_2020_2022,1,-0.2879298262939709,-0.10427701148075877,1.0,1.0,35,0
raw_annual_rates,headline_12m_pct,tw_epi_integrated_circuits_gbp_12m_pct,pandemic_2020_2022,2,-0.3908993585752023,-0.09665542352652426,1.0,1.0,34,0
raw_annual_rates,headline_12m_pct,tw_epi_integrated_circuits_gbp_12m_pct,pandemic_2020_2022,3,-0.4447128311578238,-0.07943310964023448,1.0,1.0,33,0
raw_annual_rates,headline_12m_pct,tw_epi_integrated_circuits_gbp_12m_pct,pandemic_2020_2022,4,-0.4727202282269412,0.05145429294745931,1.0,1.0,32,0
raw_annual_rates,headline_12m_pct,tw_epi_integrated_circuits_gbp_12m_pct,pandemic_2020_2022,5,-0.5952493253015386,-0.16066034988976105,1.0,1.0,31,0
raw_annual_rates,headline_12m_pct,tw_epi_integrated_circuits_gbp_12m_pct,pandemic_2020_2022,6,-0.6347456490012613,-0.2625671195615066,0.5,1.0,30,0
raw_annual_rates,headline_12m_pct,tw_epi_integrated_circuits_gbp_12m_pct,pandemic_2020_2022,7,-0.568309923945991,-0.0726819954942084,1.0,1.0,29,0
raw_annual_rates,headline_12m_pct,tw_epi_integrated_circuits_gbp_12m_pct,pandemic_2020_2022,8,-0.4320035380449354,0.0652992428693628,1.0,1.0,28,0
raw_annual_rates,headline_12m_pct,tw_epi_integrated_circuits_gbp_12m_pct,pandemic_2020_2022,9,-0.3885301413373797,0.05716446183653503,1.0,1.0,27,0
raw_annual_rates,headline_12m_pct,tw_epi_integrated_circuits_gbp_12m_pct,pandemic_2020_2022,10,-0.2942574755430751,0.12236923421277922,1.0,1.0,26,0
raw_annual_rates,headline_12m_pct,tw_epi_integrated_circuits_gbp_12m_pct,pandemic_2020_2022,11,-0.28422886731889113,-0.0838781549970218,1.0,1.0,25,0
raw_annual_rates,headline_12m_pct,tw_epi_integrated_circuits_gbp_12m_pct,pandemic_2020_2022,12,-0.3373625710529899,-0.3373625710529899,0.5,1.0,24,0
raw_annual_rates,headline_12m_pct,tw_epi_integrated_circuits_gbp_12m_pct,post_2022,0,-0.22990701508685563,-0.4135023295250955,0.14285714285714285,0.14285714285714285,42,0
raw_annual_rates,headline_12m_pct,tw_epi_integrated_circuits_gbp_12m_pct,post_2022,1,-0.1372407375864174,-0.2468500658562791,0.14285714285714285,0.2857142857142857,41,0
raw_annual_rates,headline_12m_pct,tw_epi_integrated_circuits_gbp_12m_pct,post_2022,2,-0.1010422535578896,-0.1417565179252914,0.14285714285714285,0.7142857142857143,40,0
raw_annual_rates,headline_12m_pct,tw_epi_integrated_circuits_gbp_12m_pct,post_2022,3,0.03632564475259533,0.04096947195804034,0.42857142857142855,1.0,39,0
raw_annual_rates,headline_12m_pct,tw_epi_integrated_circuits_gbp_12m_pct,post_2022,4,0.1329262298484763,0.1712735621381867,0.14285714285714285,0.42857142857142855,38,0
raw_annual_rates,headline_12m_pct,tw_epi_integrated_circuits_gbp_12m_pct,post_2022,5,0.2673645966233367,0.32091325045746594,0.14285714285714285,0.2857142857142857,37,0
raw_annual_rates,headline_12m_pct,tw_epi_integrated_circuits_gbp_12m_pct,post_2022,6,0.37078816725704145,0.41150196146989076,0.14285714285714285,0.14285714285714285,36,0
raw_annual_rates,headline_12m_pct,tw_epi_integrated_circuits_gbp_12m_pct,post_2022,7,0.5849863298603788,0.5958028679777133,0.14285714285714285,0.14285714285714285,35,0
raw_annual_rates,headline_12m_pct,tw_epi_integrated_circuits_gbp_12m_pct,post_2022,8,0.6457733021784098,0.6461012428266932,0.14285714285714285,0.14285714285714285,34,0
raw_annual_rates,headline_12m_pct,tw_epi_integrated_circuits_gbp_12m_pct,post_2022,9,0.6781815697038762,0.6847985348128489,0.14285714285714285,0.14285714285714285,33,0
raw_annual_rates,headline_12m_pct,tw_epi_integrated_circuits_gbp_12m_pct,post_2022,10,0.5608600073246984,0.5769687247684324,0.14285714285714285,0.14285714285714285,32,0
raw_annual_rates,headline_12m_pct,tw_epi_integrated_circuits_gbp_12m_pct,post_2022,11,0.42658454535747015,0.44621454807468874,0.14285714285714285,0.14285714285714285,31,0
raw_annual_rates,headline_12m_pct,tw_epi_integrated_circuits_gbp_12m_pct,post_2022,12,0.23890885284727245,0.23890885284727245,0.14285714285714285,0.2857142857142857,30,0
raw_annual_rates,headline_12m_pct,hk_ppi_tech_gbp_12m_pct,full,0,0.032004095344717105,0.04986155780197485,0.7252747252747253,1.0,126,0
raw_annual_rates,headline_12m_pct,hk_ppi_tech_gbp_12m_pct,full,1,0.049993548358922626,0.07534214021961844,0.6263736263736264,0.989010989010989,125,0
raw_annual_rates,headline_12m_pct,hk_ppi_tech_gbp_12m_pct,full,2,0.10310875476817842,0.11367264182441118,0.5164835164835165,0.989010989010989,124,0
raw_annual_rates,headline_12m_pct,hk_ppi_tech_gbp_12m_pct,full,3,0.15518859609247035,0.15257284510085678,0.4065934065934066,0.7912087912087912,123,0
raw_annual_rates,headline_12m_pct,hk_ppi_tech_gbp_12m_pct,full,4,0.2050889164590142,0.20201302995249346,0.2967032967032967,0.7142857142857143,122,0
raw_annual_rates,headline_12m_pct,hk_ppi_tech_gbp_12m_pct,full,5,0.2327403687580604,0.24237441100748466,0.23076923076923078,0.5824175824175825,121,0
raw_annual_rates,headline_12m_pct,hk_ppi_tech_gbp_12m_pct,full,6,0.20541344008263537,0.2173180828647175,0.2857142857142857,0.6923076923076923,120,0
raw_annual_rates,headline_12m_pct,hk_ppi_tech_gbp_12m_pct,full,7,0.1757256597207951,0.18612628931348008,0.3626373626373626,0.7472527472527473,119,0
raw_annual_rates,headline_12m_pct,hk_ppi_tech_gbp_12m_pct,full,8,0.17803714321708414,0.1835054335901918,0.37362637362637363,0.7472527472527473,118,0
raw_annual_rates,headline_12m_pct,hk_ppi_tech_gbp_12m_pct,full,9,0.16416944783967016,0.17032083215276705,0.4065934065934066,0.7802197802197802,117,0
raw_annual_rates,headline_12m_pct,hk_ppi_tech_gbp_12m_pct,full,10,0.11868989254460297,0.11894995541356106,0.5934065934065934,0.967032967032967,116,0
raw_annual_rates,headline_12m_pct,hk_ppi_tech_gbp_12m_pct,full,11,0.12301673365991954,0.12126173537634959,0.5934065934065934,0.967032967032967,115,0
raw_annual_rates,headline_12m_pct,hk_ppi_tech_gbp_12m_pct,full,12,0.11453627458748492,0.11453627458748492,0.6043956043956044,0.989010989010989,114,0
raw_annual_rates,headline_12m_pct,hk_ppi_tech_gbp_12m_pct,pre_2020,0,0.34881649683141647,0.4117519613360318,0.3076923076923077,0.38461538461538464,48,0
raw_annual_rates,headline_12m_pct,hk_ppi_tech_gbp_12m_pct,pre_2020,1,0.35092963660646315,0.39882141106334557,0.38461538461538464,0.38461538461538464,47,0
raw_annual_rates,headline_12m_pct,hk_ppi_tech_gbp_12m_pct,pre_2020,2,0.40121251518841716,0.42871438599269324,0.23076923076923078,0.38461538461538464,46,0
raw_annual_rates,headline_12m_pct,hk_ppi_tech_gbp_12m_pct,pre_2020,3,0.3783779606108592,0.40239827444753884,0.23076923076923078,0.38461538461538464,45,0
raw_annual_rates,headline_12m_pct,hk_ppi_tech_gbp_12m_pct,pre_2020,4,0.3204761479421629,0.3496857390889053,0.3076923076923077,0.6153846153846154,44,0
raw_annual_rates,headline_12m_pct,hk_ppi_tech_gbp_12m_pct,pre_2020,5,0.3639658436079254,0.4157424300575375,0.3076923076923077,0.38461538461538464,43,0
raw_annual_rates,headline_12m_pct,hk_ppi_tech_gbp_12m_pct,pre_2020,6,0.2636900911754265,0.29520729370202264,0.46153846153846156,0.8461538461538461,42,0
raw_annual_rates,headline_12m_pct,hk_ppi_tech_gbp_12m_pct,pre_2020,7,0.17396374488018032,0.15159789246656216,0.6923076923076923,1.0,41,0
raw_annual_rates,headline_12m_pct,hk_ppi_tech_gbp_12m_pct,pre_2020,8,0.23485187118394557,0.21777145315635182,0.5384615384615384,1.0,40,0
raw_annual_rates,headline_12m_pct,hk_ppi_tech_gbp_12m_pct,pre_2020,9,0.22533582034809202,0.20799919596201716,0.6153846153846154,1.0,39,0
raw_annual_rates,headline_12m_pct,hk_ppi_tech_gbp_12m_pct,pre_2020,10,0.13672494368026047,0.10289487407906758,0.7692307692307693,1.0,38,0
raw_annual_rates,headline_12m_pct,hk_ppi_tech_gbp_12m_pct,pre_2020,11,0.08535736304485504,0.06079085639901035,0.9230769230769231,1.0,37,0
raw_annual_rates,headline_12m_pct,hk_ppi_tech_gbp_12m_pct,pre_2020,12,0.07063091880803857,0.07063091880803857,0.9230769230769231,1.0,36,0
raw_annual_rates,headline_12m_pct,hk_ppi_tech_gbp_12m_pct,pandemic_2020_2022,0,-0.27685230420179074,-0.057774293451086485,0.5,1.0,36,0
raw_annual_rates,headline_12m_pct,hk_ppi_tech_gbp_12m_pct,pandemic_2020_2022,1,-0.28022137983362555,-0.12391268839800118,0.5,1.0,35,0
raw_annual_rates,headline_12m_pct,hk_ppi_tech_gbp_12m_pct,pandemic_2020_2022,2,-0.35141739552958406,-0.08971929715897653,1.0,1.0,34,0
raw_annual_rates,headline_12m_pct,hk_ppi_tech_gbp_12m_pct,pandemic_2020_2022,3,-0.24918420541523298,0.03434795910052011,1.0,1.0,33,0
raw_annual_rates,headline_12m_pct,hk_ppi_tech_gbp_12m_pct,pandemic_2020_2022,4,0.02638648051816019,0.2204904748704939,1.0,1.0,32,0
raw_annual_rates,headline_12m_pct,hk_ppi_tech_gbp_12m_pct,pandemic_2020_2022,5,0.16091382771021154,0.42296257810573595,1.0,1.0,31,0
raw_annual_rates,headline_12m_pct,hk_ppi_tech_gbp_12m_pct,pandemic_2020_2022,6,0.29383843848536045,0.47492797467185555,1.0,1.0,30,0
raw_annual_rates,headline_12m_pct,hk_ppi_tech_gbp_12m_pct,pandemic_2020_2022,7,0.408857808543932,0.46494121901812757,0.5,1.0,29,0
raw_annual_rates,headline_12m_pct,hk_ppi_tech_gbp_12m_pct,pandemic_2020_2022,8,0.27736777446874655,0.29139297125267727,0.5,1.0,28,0
raw_annual_rates,headline_12m_pct,hk_ppi_tech_gbp_12m_pct,pandemic_2020_2022,9,0.30267545409953733,0.24185130008810965,0.5,1.0,27,0
raw_annual_rates,headline_12m_pct,hk_ppi_tech_gbp_12m_pct,pandemic_2020_2022,10,0.3832337336833995,0.20644783967537944,0.5,1.0,26,0
raw_annual_rates,headline_12m_pct,hk_ppi_tech_gbp_12m_pct,pandemic_2020_2022,11,0.501044507643899,0.42832887597430847,0.5,1.0,25,0
raw_annual_rates,headline_12m_pct,hk_ppi_tech_gbp_12m_pct,pandemic_2020_2022,12,0.523925301906819,0.523925301906819,0.5,1.0,24,0
raw_annual_rates,headline_12m_pct,hk_ppi_tech_gbp_12m_pct,post_2022,0,0.02229420503550419,0.10395355199900562,0.7142857142857143,1.0,42,0
raw_annual_rates,headline_12m_pct,hk_ppi_tech_gbp_12m_pct,post_2022,1,0.13843743852494098,0.2973705428762185,0.7142857142857143,1.0,41,0
raw_annual_rates,headline_12m_pct,hk_ppi_tech_gbp_12m_pct,post_2022,2,0.37849821666534333,0.4949314524318845,0.2857142857142857,0.42857142857142855,40,0
raw_annual_rates,headline_12m_pct,hk_ppi_tech_gbp_12m_pct,post_2022,3,0.5863571972893986,0.6569549766295937,0.14285714285714285,0.14285714285714285,39,0
raw_annual_rates,headline_12m_pct,hk_ppi_tech_gbp_12m_pct,post_2022,4,0.7010943524110829,0.7688500866615515,0.14285714285714285,0.14285714285714285,38,0
raw_annual_rates,headline_12m_pct,hk_ppi_tech_gbp_12m_pct,post_2022,5,0.645376507998861,0.7530872291922712,0.14285714285714285,0.14285714285714285,37,0
raw_annual_rates,headline_12m_pct,hk_ppi_tech_gbp_12m_pct,post_2022,6,0.5182161471026445,0.6280624048380401,0.14285714285714285,0.14285714285714285,36,0
raw_annual_rates,headline_12m_pct,hk_ppi_tech_gbp_12m_pct,post_2022,7,0.5187661491058846,0.6132701365775013,0.14285714285714285,0.14285714285714285,35,0
raw_annual_rates,headline_12m_pct,hk_ppi_tech_gbp_12m_pct,post_2022,8,0.4629515086773512,0.5082911684465452,0.14285714285714285,0.2857142857142857,34,0
raw_annual_rates,headline_12m_pct,hk_ppi_tech_gbp_12m_pct,post_2022,9,0.3918775081156456,0.4271741024527466,0.14285714285714285,1.0,33,0
raw_annual_rates,headline_12m_pct,hk_ppi_tech_gbp_12m_pct,post_2022,10,0.23453308937870623,0.20097024148085418,0.14285714285714285,1.0,32,0
raw_annual_rates,headline_12m_pct,hk_ppi_tech_gbp_12m_pct,post_2022,11,0.21272174211032574,0.1803649782772913,0.2857142857142857,1.0,31,0
raw_annual_rates,headline_12m_pct,hk_ppi_tech_gbp_12m_pct,post_2022,12,0.07083434236084314,0.07083434236084314,0.8571428571428571,1.0,30,0
raw_annual_rates,headline_12m_pct,oecd_asia_c26_targeted_gbp_12m_pct,full,0,-0.12084191001298869,-0.13984931011219617,0.7407407407407407,1.0,62,0
raw_annual_rates,headline_12m_pct,oecd_asia_c26_targeted_gbp_12m_pct,full,1,-0.06636778780362111,-0.10065438329400125,0.8518518518518519,1.0,61,0
raw_annual_rates,headline_12m_pct,oecd_asia_c26_targeted_gbp_12m_pct,full,2,-0.060188748077023936,-0.0971750518773972,0.8888888888888888,1.0,60,0
raw_annual_rates,headline_12m_pct,oecd_asia_c26_targeted_gbp_12m_pct,full,3,-0.00785477456662706,-0.04175200574600547,0.9629629629629629,1.0,59,0
raw_annual_rates,headline_12m_pct,oecd_asia_c26_targeted_gbp_12m_pct,full,4,0.08774615976272832,0.0551421554440657,0.8888888888888888,1.0,58,0
raw_annual_rates,headline_12m_pct,oecd_asia_c26_targeted_gbp_12m_pct,full,5,0.15196081851334126,0.11370822500268499,0.8148148148148148,1.0,57,0
raw_annual_rates,headline_12m_pct,oecd_asia_c26_targeted_gbp_12m_pct,full,6,0.22540857078056176,0.1971812113436385,0.5555555555555556,1.0,56,0
raw_annual_rates,headline_12m_pct,oecd_asia_c26_targeted_gbp_12m_pct,full,7,0.36242084150966347,0.3507775750114343,0.3333333333333333,0.5185185185185185,55,0
raw_annual_rates,headline_12m_pct,oecd_asia_c26_targeted_gbp_12m_pct,full,8,0.4637702665873568,0.463526043032497,0.037037037037037035,0.4074074074074074,54,0
raw_annual_rates,headline_12m_pct,oecd_asia_c26_targeted_gbp_12m_pct,full,9,0.4920396056582974,0.4988481716071059,0.037037037037037035,0.37037037037037035,53,0
raw_annual_rates,headline_12m_pct,oecd_asia_c26_targeted_gbp_12m_pct,full,10,0.552744617114844,0.5652331615735735,0.037037037037037035,0.25925925925925924,52,0
raw_annual_rates,headline_12m_pct,oecd_asia_c26_targeted_gbp_12m_pct,full,11,0.5596580408999652,0.5723105298031249,0.037037037037037035,0.25925925925925924,51,0
raw_annual_rates,headline_12m_pct,oecd_asia_c26_targeted_gbp_12m_pct,full,12,0.5419958342898069,0.5419958342898069,0.037037037037037035,0.2962962962962963,50,0
raw_annual_rates,headline_12m_pct,oecd_asia_c26_targeted_gbp_12m_pct,pandemic_2020_2022,0,-0.3150094869001673,-0.36006062722051674,0.5,1.0,22,0
raw_annual_rates,headline_12m_pct,oecd_asia_c26_targeted_gbp_12m_pct,pandemic_2020_2022,1,-0.3037220812028611,-0.16612768499059483,1.0,1.0,21,0
raw_annual_rates,headline_12m_pct,oecd_asia_c26_targeted_gbp_12m_pct,pandemic_2020_2022,2,-0.5101594034032985,-0.2874235381971237,0.5,1.0,20,0
raw_annual_rates,headline_12m_pct,oecd_asia_c26_targeted_gbp_12m_pct,pandemic_2020_2022,3,-0.5282821633563619,-0.24924938182444575,1.0,1.0,19,0
raw_annual_rates,headline_12m_pct,oecd_asia_c26_targeted_gbp_12m_pct,pandemic_2020_2022,4,-0.45252968904024177,0.22364016831436168,0.5,1.0,18,0
raw_annual_rates,headline_12m_pct,oecd_asia_c26_targeted_gbp_12m_pct,pandemic_2020_2022,5,-0.7089126418190181,-0.2977710221747262,1.0,1.0,17,0
raw_annual_rates,headline_12m_pct,oecd_asia_c26_targeted_gbp_12m_pct,pandemic_2020_2022,6,-0.739996553601663,-0.4063486571326229,0.5,1.0,16,0
raw_annual_rates,headline_12m_pct,oecd_asia_c26_targeted_gbp_12m_pct,pandemic_2020_2022,7,-0.6281217513939008,-0.1204606013630738,1.0,1.0,15,0
raw_annual_rates,headline_12m_pct,oecd_asia_c26_targeted_gbp_12m_pct,pandemic_2020_2022,8,-0.5706280445997612,-0.0971289262834684,1.0,1.0,14,0
raw_annual_rates,headline_12m_pct,oecd_asia_c26_targeted_gbp_12m_pct,pandemic_2020_2022,9,-0.6188193564080231,-0.25435541024572766,1.0,1.0,13,0
raw_annual_rates,headline_12m_pct,oecd_asia_c26_targeted_gbp_12m_pct,pandemic_2020_2022,10,-0.5312405858056866,-0.2259079774609128,1.0,1.0,12,0
raw_annual_rates,headline_12m_pct,oecd_asia_c26_targeted_gbp_12m_pct,pandemic_2020_2022,11,-0.7101679754012541,-0.6620586785019811,0.5,1.0,11,0
raw_annual_rates,headline_12m_pct,oecd_asia_c26_targeted_gbp_12m_pct,pandemic_2020_2022,12,-0.7720741857974492,-0.7720741857974492,0.5,1.0,10,0
raw_annual_rates,headline_12m_pct,oecd_asia_c26_targeted_gbp_12m_pct,post_2022,0,-0.43594668024193844,-0.531115296920656,0.2,0.2,40,0
raw_annual_rates,headline_12m_pct,oecd_asia_c26_targeted_gbp_12m_pct,post_2022,1,-0.31104972463661174,-0.3478134235033102,0.4,0.4,39,0
raw_annual_rates,headline_12m_pct,oecd_asia_c26_targeted_gbp_12m_pct,post_2022,2,-0.19192527069587434,-0.17836372349607174,0.4,1.0,38,0
raw_annual_rates,headline_12m_pct,oecd_asia_c26_targeted_gbp_12m_pct,post_2022,3,-0.04220003847976429,0.001901258648617854,1.0,1.0,37,0
raw_annual_rates,headline_12m_pct,oecd_asia_c26_targeted_gbp_12m_pct,post_2022,4,0.11643892333369876,0.15986018807340113,0.4,1.0,36,0
raw_annual_rates,headline_12m_pct,oecd_asia_c26_targeted_gbp_12m_pct,post_2022,5,0.2848218658123003,0.31876220692466706,0.2,0.6,35,0
raw_annual_rates,headline_12m_pct,oecd_asia_c26_targeted_gbp_12m_pct,post_2022,6,0.35685132444680456,0.3873899775469749,0.2,0.4,34,0
raw_annual_rates,headline_12m_pct,oecd_asia_c26_targeted_gbp_12m_pct,post_2022,7,0.49979349527159744,0.5042328893493565,0.2,0.2,33,0
raw_annual_rates,headline_12m_pct,oecd_asia_c26_targeted_gbp_12m_pct,post_2022,8,0.5691754466395742,0.5646647117308818,0.2,0.2,32,0
raw_annual_rates,headline_12m_pct,oecd_asia_c26_targeted_gbp_12m_pct,post_2022,9,0.5140175447232512,0.5188240143522058,0.2,0.2,31,0
raw_annual_rates,headline_12m_pct,oecd_asia_c26_targeted_gbp_12m_pct,post_2022,10,0.505955535247619,0.5289541889236973,0.2,0.2,30,0
raw_annual_rates,headline_12m_pct,oecd_asia_c26_targeted_gbp_12m_pct,post_2022,11,0.379891427093931,0.39470291050811374,0.2,0.4,29,0
raw_annual_rates,headline_12m_pct,oecd_asia_c26_targeted_gbp_12m_pct,post_2022,12,0.17641911692484136,0.17641911692484136,0.2,1.0,28,0
raw_annual_rates,headline_12m_pct,oecd_asia_c26_bls_gbp_12m_pct,full,0,-0.2105545909960264,-0.2709919849934148,0.24444444444444444,0.4888888888888889,125,0
raw_annual_rates,headline_12m_pct,oecd_asia_c26_bls_gbp_12m_pct,full,1,-0.1639395072797571,-0.22132773782407397,0.28888888888888886,0.5555555555555556,124,0
raw_annual_rates,headline_12m_pct,oecd_asia_c26_bls_gbp_12m_pct,full,2,-0.1341292375688834,-0.19037463944538013,0.32222222222222224,0.6666666666666666,123,0
raw_annual_rates,headline_12m_pct,oecd_asia_c26_bls_gbp_12m_pct,full,3,-0.08541486197530691,-0.1344996513979399,0.43333333333333335,0.7666666666666667,122,0
raw_annual_rates,headline_12m_pct,oecd_asia_c26_bls_gbp_12m_pct,full,4,-0.037484161669939904,-0.07849664977063696,0.5555555555555556,0.9111111111111111,121,0
raw_annual_rates,headline_12m_pct,oecd_asia_c26_bls_gbp_12m_pct,full,5,0.014822843642434684,-0.02506847151229014,0.8222222222222222,1.0,120,0
raw_annual_rates,headline_12m_pct,oecd_asia_c26_bls_gbp_12m_pct,full,6,0.05952502585986046,0.02331481963571897,0.8444444444444444,1.0,119,0
raw_annual_rates,headline_12m_pct,oecd_asia_c26_bls_gbp_12m_pct,full,7,0.16721862325590153,0.15002026782790356,0.3888888888888889,0.7666666666666667,118,0
raw_annual_rates,headline_12m_pct,oecd_asia_c26_bls_gbp_12m_pct,full,8,0.21159499442455013,0.20621025593701442,0.3,0.6111111111111112,117,0
raw_annual_rates,headline_12m_pct,oecd_asia_c26_bls_gbp_12m_pct,full,9,0.21842663173107818,0.21862001277126453,0.2777777777777778,0.5555555555555556,116,0
raw_annual_rates,headline_12m_pct,oecd_asia_c26_bls_gbp_12m_pct,full,10,0.2371922529975528,0.239971409776579,0.24444444444444444,0.5,115,0
raw_annual_rates,headline_12m_pct,oecd_asia_c26_bls_gbp_12m_pct,full,11,0.22377725608124946,0.2310043774075869,0.26666666666666666,0.5,114,0
raw_annual_rates,headline_12m_pct,oecd_asia_c26_bls_gbp_12m_pct,full,12,0.18501722407952964,0.18501722407952964,0.3333333333333333,0.6666666666666666,113,0
raw_annual_rates,headline_12m_pct,oecd_asia_c26_bls_gbp_12m_pct,pre_2020,0,-0.29909948765260796,-0.361375631345319,0.6923076923076923,0.6923076923076923,48,0
raw_annual_rates,headline_12m_pct,oecd_asia_c26_bls_gbp_12m_pct,pre_2020,1,-0.2620652806862419,-0.30273110608473697,0.6923076923076923,0.7692307692307693,47,0
raw_annual_rates,headline_12m_pct,oecd_asia_c26_bls_gbp_12m_pct,pre_2020,2,-0.20814248016971326,-0.2288113546464602,0.7692307692307693,1.0,46,0
raw_annual_rates,headline_12m_pct,oecd_asia_c26_bls_gbp_12m_pct,pre_2020,3,-0.1517623156363733,-0.17288310455105624,0.6923076923076923,1.0,45,0
raw_annual_rates,headline_12m_pct,oecd_asia_c26_bls_gbp_12m_pct,pre_2020,4,-0.09093620543707617,-0.10061717023771405,0.7692307692307693,1.0,44,0
raw_annual_rates,headline_12m_pct,oecd_asia_c26_bls_gbp_12m_pct,pre_2020,5,-0.04192083810563868,-0.056371874201713454,0.9230769230769231,1.0,43,0
raw_annual_rates,headline_12m_pct,oecd_asia_c26_bls_gbp_12m_pct,pre_2020,6,-0.047818528885546885,-0.06311439873697569,0.9230769230769231,1.0,42,0
raw_annual_rates,headline_12m_pct,oecd_asia_c26_bls_gbp_12m_pct,pre_2020,7,0.020366013635061336,0.025405842654625813,1.0,1.0,41,0
raw_annual_rates,headline_12m_pct,oecd_asia_c26_bls_gbp_12m_pct,pre_2020,8,-0.046268410631426775,-0.03606101267443465,0.9230769230769231,1.0,40,0
raw_annual_rates,headline_12m_pct,oecd_asia_c26_bls_gbp_12m_pct,pre_2020,9,-0.07594487862111915,-0.07567738364282442,0.9230769230769231,1.0,39,0
raw_annual_rates,headline_12m_pct,oecd_asia_c26_bls_gbp_12m_pct,pre_2020,10,-0.019248582192035554,-0.009285542771527894,0.9230769230769231,1.0,38,0
raw_annual_rates,headline_12m_pct,oecd_asia_c26_bls_gbp_12m_pct,pre_2020,11,-0.016886134838633795,-0.009686790583682476,0.9230769230769231,1.0,37,0
raw_annual_rates,headline_12m_pct,oecd_asia_c26_bls_gbp_12m_pct,pre_2020,12,-0.015338412065679433,-0.015338412065679433,0.9230769230769231,1.0,36,0
raw_annual_rates,headline_12m_pct,oecd_asia_c26_bls_gbp_12m_pct,pandemic_2020_2022,0,-0.3969424263248258,-0.41146848007303377,1.0,1.0,36,0
raw_annual_rates,headline_12m_pct,oecd_asia_c26_bls_gbp_12m_pct,pandemic_2020_2022,1,-0.3915521684690795,-0.2041318873428072,1.0,1.0,35,0
raw_annual_rates,headline_12m_pct,oecd_asia_c26_bls_gbp_12m_pct,pandemic_2020_2022,2,-0.47581446773948183,-0.1568082503729767,1.0,1.0,34,0
raw_annual_rates,headline_12m_pct,oecd_asia_c26_bls_gbp_12m_pct,pandemic_2020_2022,3,-0.508648536230901,-0.12095645122431985,1.0,1.0,33,0
raw_annual_rates,headline_12m_pct,oecd_asia_c26_bls_gbp_12m_pct,pandemic_2020_2022,4,-0.5206028963167025,-0.07906514839030063,1.0,1.0,32,0
raw_annual_rates,headline_12m_pct,oecd_asia_c26_bls_gbp_12m_pct,pandemic_2020_2022,5,-0.5875995030829146,-0.15105546607952203,1.0,1.0,31,0
raw_annual_rates,headline_12m_pct,oecd_asia_c26_bls_gbp_12m_pct,pandemic_2020_2022,6,-0.565128119624911,-0.13297953744540686,0.5,1.0,30,0
raw_annual_rates,headline_12m_pct,oecd_asia_c26_bls_gbp_12m_pct,pandemic_2020_2022,7,-0.4038792557876172,0.14316553711553098,1.0,1.0,29,0
raw_annual_rates,headline_12m_pct,oecd_asia_c26_bls_gbp_12m_pct,pandemic_2020_2022,8,-0.14673420398537168,0.3833875713283103,1.0,1.0,28,0
raw_annual_rates,headline_12m_pct,oecd_asia_c26_bls_gbp_12m_pct,pandemic_2020_2022,9,-0.043224033077703485,0.3943284835051924,1.0,1.0,27,0
raw_annual_rates,headline_12m_pct,oecd_asia_c26_bls_gbp_12m_pct,pandemic_2020_2022,10,0.10243220172009533,0.438510047226358,1.0,1.0,26,0
raw_annual_rates,headline_12m_pct,oecd_asia_c26_bls_gbp_12m_pct,pandemic_2020_2022,11,0.10945846904995574,0.2582978216243029,1.0,1.0,25,0
raw_annual_rates,headline_12m_pct,oecd_asia_c26_bls_gbp_12m_pct,pandemic_2020_2022,12,0.006234125355312017,0.006234125355312017,1.0,1.0,24,0
raw_annual_rates,headline_12m_pct,oecd_asia_c26_bls_gbp_12m_pct,post_2022,0,-0.0051773407657228114,-0.1548475957257682,0.5,1.0,41,0
raw_annual_rates,headline_12m_pct,oecd_asia_c26_bls_gbp_12m_pct,post_2022,1,0.15539137991799845,0.0478712391222179,1.0,1.0,40,0
raw_annual_rates,headline_12m_pct,oecd_asia_c26_bls_gbp_12m_pct,post_2022,2,0.23754952277267222,0.16543394062149633,0.3333333333333333,1.0,39,0
raw_annual_rates,headline_12m_pct,oecd_asia_c26_bls_gbp_12m_pct,post_2022,3,0.3474907855039349,0.32296881063875144,0.16666666666666666,0.16666666666666666,38,0
raw_annual_rates,headline_12m_pct,oecd_asia_c26_bls_gbp_12m_pct,post_2022,4,0.426965610803167,0.4434651878034754,0.16666666666666666,0.16666666666666666,37,0
raw_annual_rates,headline_12m_pct,oecd_asia_c26_bls_gbp_12m_pct,post_2022,5,0.5109113865025967,0.5363459184445521,0.16666666666666666,0.16666666666666666,36,0
raw_annual_rates,headline_12m_pct,oecd_asia_c26_bls_gbp_12m_pct,post_2022,6,0.6035846528537745,0.6233703832595204,0.16666666666666666,0.16666666666666666,35,0
raw_annual_rates,headline_12m_pct,oecd_asia_c26_bls_gbp_12m_pct,post_2022,7,0.7492428539163947,0.7870494064974635,0.16666666666666666,0.16666666666666666,34,0
raw_annual_rates,headline_12m_pct,oecd_asia_c26_bls_gbp_12m_pct,post_2022,8,0.7273974669599154,0.7921959797874613,0.16666666666666666,0.16666666666666666,33,0
raw_annual_rates,headline_12m_pct,oecd_asia_c26_bls_gbp_12m_pct,post_2022,9,0.6243979820966002,0.7146566092845654,0.16666666666666666,0.16666666666666666,32,0
raw_annual_rates,headline_12m_pct,oecd_asia_c26_bls_gbp_12m_pct,post_2022,10,0.4287473261211431,0.5158078989299636,0.16666666666666666,0.16666666666666666,31,0
raw_annual_rates,headline_12m_pct,oecd_asia_c26_bls_gbp_12m_pct,post_2022,11,0.26502090579381465,0.34740173485709397,0.16666666666666666,0.16666666666666666,30,0
raw_annual_rates,headline_12m_pct,oecd_asia_c26_bls_gbp_12m_pct,post_2022,12,0.1117124512840649,0.1117124512840649,0.3333333333333333,1.0,29,0
raw_annual_rates,headline_12m_pct,fred_china_computer_electronics_gbp_12m_pct,full,0,-0.20205240968025617,-0.2692195750958767,0.24444444444444444,0.4888888888888889,125,0
raw_annual_rates,headline_12m_pct,fred_china_computer_electronics_gbp_12m_pct,full,1,-0.15603795966333295,-0.21911745027016033,0.3111111111111111,0.5444444444444444,124,0
raw_annual_rates,headline_12m_pct,fred_china_computer_electronics_gbp_12m_pct,full,2,-0.1262197356113637,-0.18840436425026474,0.3333333333333333,0.6444444444444445,123,0
raw_annual_rates,headline_12m_pct,fred_china_computer_electronics_gbp_12m_pct,full,3,-0.07809675211940796,-0.13320141722610046,0.4111111111111111,0.7666666666666667,122,0
raw_annual_rates,headline_12m_pct,fred_china_computer_electronics_gbp_12m_pct,full,4,-0.030735215414473188,-0.0769649114978256,0.5555555555555556,0.9111111111111111,121,0
raw_annual_rates,headline_12m_pct,fred_china_computer_electronics_gbp_12m_pct,full,5,0.021468026360157495,-0.023029304643328155,0.8,1.0,120,0
raw_annual_rates,headline_12m_pct,fred_china_computer_electronics_gbp_12m_pct,full,6,0.0626150260026843,0.022872401998094153,0.8222222222222222,1.0,119,0
raw_annual_rates,headline_12m_pct,fred_china_computer_electronics_gbp_12m_pct,full,7,0.16822697417556504,0.1497666655612957,0.37777777777777777,0.7555555555555555,118,0
raw_annual_rates,headline_12m_pct,fred_china_computer_electronics_gbp_12m_pct,full,8,0.21196567295649704,0.20677850622068292,0.28888888888888886,0.6,117,0
raw_annual_rates,headline_12m_pct,fred_china_computer_electronics_gbp_12m_pct,full,9,0.21547298789561958,0.21627172272425935,0.26666666666666666,0.5444444444444444,116,0
raw_annual_rates,headline_12m_pct,fred_china_computer_electronics_gbp_12m_pct,full,10,0.23110451768240592,0.23435277740390167,0.24444444444444444,0.5,115,0
raw_annual_rates,headline_12m_pct,fred_china_computer_electronics_gbp_12m_pct,full,11,0.21472377300992568,0.22254199277368222,0.2777777777777778,0.5222222222222223,114,0
raw_annual_rates,headline_12m_pct,fred_china_computer_electronics_gbp_12m_pct,full,12,0.17396692873206185,0.17396692873206185,0.35555555555555557,0.6777777777777778,113,0
raw_annual_rates,headline_12m_pct,fred_china_computer_electronics_gbp_12m_pct,pre_2020,0,-0.30361949081775164,-0.3697052970511377,0.6923076923076923,0.6923076923076923,48,0
raw_annual_rates,headline_12m_pct,fred_china_computer_electronics_gbp_12m_pct,pre_2020,1,-0.2674680392804678,-0.3109456916003358,0.6923076923076923,0.6923076923076923,47,0
raw_annual_rates,headline_12m_pct,fred_china_computer_electronics_gbp_12m_pct,pre_2020,2,-0.21458579006753992,-0.23699188593873802,0.7692307692307693,1.0,46,0
raw_annual_rates,headline_12m_pct,fred_china_computer_electronics_gbp_12m_pct,pre_2020,3,-0.1607652350709098,-0.1819133472814547,0.6923076923076923,1.0,45,0
raw_annual_rates,headline_12m_pct,fred_china_computer_electronics_gbp_12m_pct,pre_2020,4,-0.10108214759345795,-0.11057115979438423,0.7692307692307693,1.0,44,0
raw_annual_rates,headline_12m_pct,fred_china_computer_electronics_gbp_12m_pct,pre_2020,5,-0.053295288771347975,-0.06662013192281456,0.9230769230769231,1.0,43,0
raw_annual_rates,headline_12m_pct,fred_china_computer_electronics_gbp_12m_pct,pre_2020,6,-0.0621572905547045,-0.07620771622505824,0.9230769230769231,1.0,42,0
raw_annual_rates,headline_12m_pct,fred_china_computer_electronics_gbp_12m_pct,pre_2020,7,0.006244163442126884,0.015753763206514598,1.0,1.0,41,0
raw_annual_rates,headline_12m_pct,fred_china_computer_electronics_gbp_12m_pct,pre_2020,8,-0.052342429268558574,-0.03809908451054532,0.9230769230769231,1.0,40,0
raw_annual_rates,headline_12m_pct,fred_china_computer_electronics_gbp_12m_pct,pre_2020,9,-0.08093970359542495,-0.07707237557741455,0.9230769230769231,1.0,39,0
raw_annual_rates,headline_12m_pct,fred_china_computer_electronics_gbp_12m_pct,pre_2020,10,-0.026165227105030175,-0.013668819086206868,0.9230769230769231,1.0,38,0
raw_annual_rates,headline_12m_pct,fred_china_computer_electronics_gbp_12m_pct,pre_2020,11,-0.024204577635815416,-0.015259953645701535,0.9230769230769231,1.0,37,0
raw_annual_rates,headline_12m_pct,fred_china_computer_electronics_gbp_12m_pct,pre_2020,12,-0.018865688561165505,-0.018865688561165505,0.9230769230769231,1.0,36,0
raw_annual_rates,headline_12m_pct,fred_china_computer_electronics_gbp_12m_pct,pandemic_2020_2022,0,-0.3955755061606038,-0.40022247582858206,1.0,1.0,36,0
raw_annual_rates,headline_12m_pct,fred_china_computer_electronics_gbp_12m_pct,pandemic_2020_2022,1,-0.3913165431618474,-0.1843342158076565,1.0,1.0,35,0
raw_annual_rates,headline_12m_pct,fred_china_computer_electronics_gbp_12m_pct,pandemic_2020_2022,2,-0.47909730361402936,-0.14659750594614424,1.0,1.0,34,0
raw_annual_rates,headline_12m_pct,fred_china_computer_electronics_gbp_12m_pct,pandemic_2020_2022,3,-0.5158564906081625,-0.11986002928537592,1.0,1.0,33,0
raw_annual_rates,headline_12m_pct,fred_china_computer_electronics_gbp_12m_pct,pandemic_2020_2022,4,-0.532083297645843,-0.10047182483518659,1.0,1.0,32,0
raw_annual_rates,headline_12m_pct,fred_china_computer_electronics_gbp_12m_pct,pandemic_2020_2022,5,-0.6046057721832111,-0.18827004424273766,1.0,1.0,31,0
raw_annual_rates,headline_12m_pct,fred_china_computer_electronics_gbp_12m_pct,pandemic_2020_2022,6,-0.5898466447644939,-0.17833544687335276,0.5,1.0,30,0
raw_annual_rates,headline_12m_pct,fred_china_computer_electronics_gbp_12m_pct,pandemic_2020_2022,7,-0.4284306104216694,0.10310482358737162,1.0,1.0,29,0
raw_annual_rates,headline_12m_pct,fred_china_computer_electronics_gbp_12m_pct,pandemic_2020_2022,8,-0.15968673753145157,0.3667021639934138,1.0,1.0,28,0
raw_annual_rates,headline_12m_pct,fred_china_computer_electronics_gbp_12m_pct,pandemic_2020_2022,9,-0.052673248145865416,0.3844902799808581,1.0,1.0,27,0
raw_annual_rates,headline_12m_pct,fred_china_computer_electronics_gbp_12m_pct,pandemic_2020_2022,10,0.09895215759296366,0.4329918585917108,1.0,1.0,26,0
raw_annual_rates,headline_12m_pct,fred_china_computer_electronics_gbp_12m_pct,pandemic_2020_2022,11,0.10588288800053025,0.24986596896620258,1.0,1.0,25,0
raw_annual_rates,headline_12m_pct,fred_china_computer_electronics_gbp_12m_pct,pandemic_2020_2022,12,-0.005627622338025768,-0.005627622338025768,1.0,1.0,24,0
raw_annual_rates,headline_12m_pct,fred_china_computer_electronics_gbp_12m_pct,post_2022,0,0.024270414885425726,-0.13902299611545973,0.5,1.0,41,0
raw_annual_rates,headline_12m_pct,fred_china_computer_electronics_gbp_12m_pct,post_2022,1,0.18182684860879578,0.06579828991124227,1.0,1.0,40,0
raw_annual_rates,headline_12m_pct,fred_china_computer_electronics_gbp_12m_pct,post_2022,2,0.26007990256436614,0.1806012088180403,0.3333333333333333,1.0,39,0
raw_annual_rates,headline_12m_pct,fred_china_computer_electronics_gbp_12m_pct,post_2022,3,0.3639336916706608,0.33384162698528874,0.16666666666666666,0.16666666666666666,38,0
raw_annual_rates,headline_12m_pct,fred_china_computer_electronics_gbp_12m_pct,post_2022,4,0.436819272419331,0.4528239913281095,0.16666666666666666,0.16666666666666666,37,0
raw_annual_rates,headline_12m_pct,fred_china_computer_electronics_gbp_12m_pct,post_2022,5,0.5185410723351404,0.5450817859938426,0.16666666666666666,0.16666666666666666,36,0
raw_annual_rates,headline_12m_pct,fred_china_computer_electronics_gbp_12m_pct,post_2022,6,0.6047952841968672,0.6320006997803409,0.16666666666666666,0.16666666666666666,35,0
raw_annual_rates,headline_12m_pct,fred_china_computer_electronics_gbp_12m_pct,post_2022,7,0.7438463792164188,0.8001818810004919,0.16666666666666666,0.16666666666666666,34,0
raw_annual_rates,headline_12m_pct,fred_china_computer_electronics_gbp_12m_pct,post_2022,8,0.7182755246913799,0.8071751313519973,0.16666666666666666,0.16666666666666666,33,0
raw_annual_rates,headline_12m_pct,fred_china_computer_electronics_gbp_12m_pct,post_2022,9,0.6145689650456072,0.7271862974140344,0.16666666666666666,0.16666666666666666,32,0
raw_annual_rates,headline_12m_pct,fred_china_computer_electronics_gbp_12m_pct,post_2022,10,0.4217796089281917,0.5235680256421588,0.16666666666666666,0.16666666666666666,31,0
raw_annual_rates,headline_12m_pct,fred_china_computer_electronics_gbp_12m_pct,post_2022,11,0.2560587422062941,0.3482021655794061,0.16666666666666666,0.16666666666666666,30,0
raw_annual_rates,headline_12m_pct,fred_china_computer_electronics_gbp_12m_pct,post_2022,12,0.09772429537295613,0.09772429537295613,0.5,1.0,29,0
raw_annual_rates,headline_12m_pct,fred_japan_computer_electronics_gbp_12m_pct,full,0,-0.264076161951912,-0.3253542460149844,0.2,0.35555555555555557,125,0
raw_annual_rates,headline_12m_pct,fred_japan_computer_electronics_gbp_12m_pct,full,1,-0.22296645984115318,-0.27756838730993294,0.23333333333333334,0.4666666666666667,124,0
raw_annual_rates,headline_12m_pct,fred_japan_computer_electronics_gbp_12m_pct,full,2,-0.1869921740007789,-0.2368286752915322,0.23333333333333334,0.5,123,0
raw_annual_rates,headline_12m_pct,fred_japan_computer_electronics_gbp_12m_pct,full,3,-0.13173756969987074,-0.1723689848058877,0.35555555555555557,0.7333333333333333,122,0
raw_annual_rates,headline_12m_pct,fred_japan_computer_electronics_gbp_12m_pct,full,4,-0.08530396828547489,-0.11671795553673939,0.4777777777777778,0.8888888888888888,121,0
raw_annual_rates,headline_12m_pct,fred_japan_computer_electronics_gbp_12m_pct,full,5,-0.03196745597527781,-0.059278272991656576,0.7888888888888889,1.0,120,0
raw_annual_rates,headline_12m_pct,fred_japan_computer_electronics_gbp_12m_pct,full,6,0.01555505884033995,-0.008516648616216151,0.9777777777777777,1.0,119,0
raw_annual_rates,headline_12m_pct,fred_japan_computer_electronics_gbp_12m_pct,full,7,0.12209233017578969,0.11067668170500261,0.4777777777777778,0.9111111111111111,118,0
raw_annual_rates,headline_12m_pct,fred_japan_computer_electronics_gbp_12m_pct,full,8,0.1663383558736107,0.16194093346738844,0.37777777777777777,0.7555555555555555,117,0
raw_annual_rates,headline_12m_pct,fred_japan_computer_electronics_gbp_12m_pct,full,9,0.1846603439695491,0.1844207584945689,0.34444444444444444,0.7222222222222222,116,0
raw_annual_rates,headline_12m_pct,fred_japan_computer_electronics_gbp_12m_pct,full,10,0.21306725807075128,0.21387182758100373,0.25555555555555554,0.6333333333333333,115,0
raw_annual_rates,headline_12m_pct,fred_japan_computer_electronics_gbp_12m_pct,full,11,0.21783569408663545,0.2223973069839589,0.26666666666666666,0.5777777777777777,114,0
raw_annual_rates,headline_12m_pct,fred_japan_computer_electronics_gbp_12m_pct,full,12,0.18476522897941292,0.18476522897941292,0.32222222222222224,0.7222222222222222,113,0
raw_annual_rates,headline_12m_pct,fred_japan_computer_electronics_gbp_12m_pct,pre_2020,0,-0.30824708550265095,-0.37126643012194255,0.6923076923076923,0.6923076923076923,48,0
raw_annual_rates,headline_12m_pct,fred_japan_computer_electronics_gbp_12m_pct,pre_2020,1,-0.27506062717386254,-0.3140896366521888,0.7692307692307693,0.8461538461538461,47,0
raw_annual_rates,headline_12m_pct,fred_japan_computer_electronics_gbp_12m_pct,pre_2020,2,-0.22069716547851626,-0.23528724502961548,0.7692307692307693,1.0,46,0
raw_annual_rates,headline_12m_pct,fred_japan_computer_electronics_gbp_12m_pct,pre_2020,3,-0.16112021353802744,-0.1739933970008309,0.8461538461538461,1.0,45,0
raw_annual_rates,headline_12m_pct,fred_japan_computer_electronics_gbp_12m_pct,pre_2020,4,-0.11001616091596744,-0.11148296845516582,0.8461538461538461,1.0,44,0
raw_annual_rates,headline_12m_pct,fred_japan_computer_electronics_gbp_12m_pct,pre_2020,5,-0.058990633304058265,-0.06104600274265557,0.9230769230769231,1.0,43,0
raw_annual_rates,headline_12m_pct,fred_japan_computer_electronics_gbp_12m_pct,pre_2020,6,-0.04590598302552918,-0.04135187212534001,1.0,1.0,42,0
raw_annual_rates,headline_12m_pct,fred_japan_computer_electronics_gbp_12m_pct,pre_2020,7,0.026593883273808443,0.05195581193108473,0.9230769230769231,1.0,41,0
raw_annual_rates,headline_12m_pct,fred_japan_computer_electronics_gbp_12m_pct,pre_2020,8,-0.05795688517443684,-0.03234786857929638,1.0,1.0,40,0
raw_annual_rates,headline_12m_pct,fred_japan_computer_electronics_gbp_12m_pct,pre_2020,9,-0.08354982194044794,-0.07161346096610215,0.8461538461538461,1.0,39,0
raw_annual_rates,headline_12m_pct,fred_japan_computer_electronics_gbp_12m_pct,pre_2020,10,-0.022046448169637273,-0.003145612863960776,1.0,1.0,38,0
raw_annual_rates,headline_12m_pct,fred_japan_computer_electronics_gbp_12m_pct,pre_2020,11,-0.014956102672058448,-0.004095980522347912,1.0,1.0,37,0
raw_annual_rates,headline_12m_pct,fred_japan_computer_electronics_gbp_12m_pct,pre_2020,12,-0.03745524529363317,-0.03745524529363317,0.9230769230769231,1.0,36,0
raw_annual_rates,headline_12m_pct,fred_japan_computer_electronics_gbp_12m_pct,pandemic_2020_2022,0,-0.4653696372191961,-0.5663332694468387,1.0,1.0,36,0
raw_annual_rates,headline_12m_pct,fred_japan_computer_electronics_gbp_12m_pct,pandemic_2020_2022,1,-0.4631449596377847,-0.4050482545335523,1.0,1.0,35,0
raw_annual_rates,headline_12m_pct,fred_japan_computer_electronics_gbp_12m_pct,pandemic_2020_2022,2,-0.5223552515126985,-0.3074446742721431,1.0,1.0,34,0
raw_annual_rates,headline_12m_pct,fred_japan_computer_electronics_gbp_12m_pct,pandemic_2020_2022,3,-0.5275218385912451,-0.2054053859387596,0.5,1.0,33,0
raw_annual_rates,headline_12m_pct,fred_japan_computer_electronics_gbp_12m_pct,pandemic_2020_2022,4,-0.5154930136449342,-0.11921755667033018,0.5,1.0,32,0
raw_annual_rates,headline_12m_pct,fred_japan_computer_electronics_gbp_12m_pct,pandemic_2020_2022,5,-0.5407790920994097,-0.09662395967884843,0.5,1.0,31,0
raw_annual_rates,headline_12m_pct,fred_japan_computer_electronics_gbp_12m_pct,pandemic_2020_2022,6,-0.5189938600836401,-0.09243462540360711,1.0,1.0,30,0
raw_annual_rates,headline_12m_pct,fred_japan_computer_electronics_gbp_12m_pct,pandemic_2020_2022,7,-0.3404994978405802,0.1770532058758938,1.0,1.0,29,0
raw_annual_rates,headline_12m_pct,fred_japan_computer_electronics_gbp_12m_pct,pandemic_2020_2022,8,-0.09133665351141905,0.38889018928408103,1.0,1.0,28,0
raw_annual_rates,headline_12m_pct,fred_japan_computer_electronics_gbp_12m_pct,pandemic_2020_2022,9,0.05442486250935041,0.45541802088064404,1.0,1.0,27,0
raw_annual_rates,headline_12m_pct,fred_japan_computer_electronics_gbp_12m_pct,pandemic_2020_2022,10,0.21833999670343535,0.5301943334812966,0.5,1.0,26,0
raw_annual_rates,headline_12m_pct,fred_japan_computer_electronics_gbp_12m_pct,pandemic_2020_2022,11,0.277874504726878,0.42591437343717464,0.5,1.0,25,0
raw_annual_rates,headline_12m_pct,fred_japan_computer_electronics_gbp_12m_pct,pandemic_2020_2022,12,0.1997452696983632,0.1997452696983632,1.0,1.0,24,0
raw_annual_rates,headline_12m_pct,fred_japan_computer_electronics_gbp_12m_pct,post_2022,0,-0.004682994982178211,-0.13976514223529202,0.5,1.0,41,0
raw_annual_rates,headline_12m_pct,fred_japan_computer_electronics_gbp_12m_pct,post_2022,1,0.14377718341386533,0.06121232642600301,0.8333333333333334,1.0,40,0
raw_annual_rates,headline_12m_pct,fred_japan_computer_electronics_gbp_12m_pct,post_2022,2,0.2385703997777533,0.20717022493932427,0.6666666666666666,1.0,39,0
raw_annual_rates,headline_12m_pct,fred_japan_computer_electronics_gbp_12m_pct,post_2022,3,0.3608387859409261,0.38085915551743155,0.16666666666666666,0.3333333333333333,38,0
raw_annual_rates,headline_12m_pct,fred_japan_computer_electronics_gbp_12m_pct,post_2022,4,0.43507749736200757,0.4950406497659611,0.16666666666666666,0.16666666666666666,37,0
raw_annual_rates,headline_12m_pct,fred_japan_computer_electronics_gbp_12m_pct,post_2022,5,0.5145874869814713,0.5886073301574781,0.16666666666666666,0.16666666666666666,36,0
raw_annual_rates,headline_12m_pct,fred_japan_computer_electronics_gbp_12m_pct,post_2022,6,0.5916901779182185,0.6481320833900428,0.16666666666666666,0.16666666666666666,35,0
raw_annual_rates,headline_12m_pct,fred_japan_computer_electronics_gbp_12m_pct,post_2022,7,0.709704303620558,0.7363872325429475,0.16666666666666666,0.16666666666666666,34,0
raw_annual_rates,headline_12m_pct,fred_japan_computer_electronics_gbp_12m_pct,post_2022,8,0.7087625164765095,0.7301335911626394,0.16666666666666666,0.16666666666666666,33,0
raw_annual_rates,headline_12m_pct,fred_japan_computer_electronics_gbp_12m_pct,post_2022,9,0.6070065473476813,0.6454189594836318,0.16666666666666666,0.16666666666666666,32,0
raw_annual_rates,headline_12m_pct,fred_japan_computer_electronics_gbp_12m_pct,post_2022,10,0.4201069106678965,0.4521280099463585,0.16666666666666666,0.16666666666666666,31,0
raw_annual_rates,headline_12m_pct,fred_japan_computer_electronics_gbp_12m_pct,post_2022,11,0.2632733324988513,0.3031022544763066,0.16666666666666666,0.5,30,0
raw_annual_rates,headline_12m_pct,fred_japan_computer_electronics_gbp_12m_pct,post_2022,12,0.09788107294138518,0.09788107294138518,0.3333333333333333,1.0,29,0
raw_annual_rates,headline_12m_pct,fred_asian_nie_computer_electronics_gbp_12m_pct,full,0,-0.20737220635057585,-0.2508737560608314,0.26666666666666666,0.5111111111111111,125,0
raw_annual_rates,headline_12m_pct,fred_asian_nie_computer_electronics_gbp_12m_pct,full,1,-0.16391450586252052,-0.20377140907137545,0.37777777777777777,0.7777777777777778,124,0
raw_annual_rates,headline_12m_pct,fred_asian_nie_computer_electronics_gbp_12m_pct,full,2,-0.14114994570086956,-0.1762603846747613,0.4222222222222222,0.8888888888888888,123,0
raw_annual_rates,headline_12m_pct,fred_asian_nie_computer_electronics_gbp_12m_pct,full,3,-0.09597103319349873,-0.12230074618587086,0.5333333333333333,0.9,122,0
raw_annual_rates,headline_12m_pct,fred_asian_nie_computer_electronics_gbp_12m_pct,full,4,-0.047403311319441775,-0.0687434929460216,0.6555555555555556,0.9222222222222223,121,0
raw_annual_rates,headline_12m_pct,fred_asian_nie_computer_electronics_gbp_12m_pct,full,5,0.002995153329677871,-0.020416521701926912,0.8555555555555555,1.0,120,0
raw_annual_rates,headline_12m_pct,fred_asian_nie_computer_electronics_gbp_12m_pct,full,6,0.060335771215404094,0.036068538122030376,0.8,1.0,119,0
raw_annual_rates,headline_12m_pct,fred_asian_nie_computer_electronics_gbp_12m_pct,full,7,0.17368229172296917,0.16109831698168792,0.4444444444444444,0.9,118,0
raw_annual_rates,headline_12m_pct,fred_asian_nie_computer_electronics_gbp_12m_pct,full,8,0.21953466846075503,0.21404679231915097,0.28888888888888886,0.7,117,0
raw_annual_rates,headline_12m_pct,fred_asian_nie_computer_electronics_gbp_12m_pct,full,9,0.23632921260860987,0.234603006425325,0.24444444444444444,0.6111111111111112,116,0
raw_annual_rates,headline_12m_pct,fred_asian_nie_computer_electronics_gbp_12m_pct,full,10,0.264464690773261,0.2660373444560037,0.18888888888888888,0.4888888888888889,115,0
raw_annual_rates,headline_12m_pct,fred_asian_nie_computer_electronics_gbp_12m_pct,full,11,0.25733057120222586,0.2628249351200441,0.2,0.5,114,0
raw_annual_rates,headline_12m_pct,fred_asian_nie_computer_electronics_gbp_12m_pct,full,12,0.2259057380230708,0.2259057380230708,0.3,0.6666666666666666,113,0
raw_annual_rates,headline_12m_pct,fred_asian_nie_computer_electronics_gbp_12m_pct,pre_2020,0,-0.2690449311923242,-0.3141577879179513,0.6153846153846154,0.8461538461538461,48,0
raw_annual_rates,headline_12m_pct,fred_asian_nie_computer_electronics_gbp_12m_pct,pre_2020,1,-0.22708213548117984,-0.25625147425520256,0.6923076923076923,0.9230769230769231,47,0
raw_annual_rates,headline_12m_pct,fred_asian_nie_computer_electronics_gbp_12m_pct,pre_2020,2,-0.169572353450434,-0.18538370241802304,0.6923076923076923,1.0,46,0
raw_annual_rates,headline_12m_pct,fred_asian_nie_computer_electronics_gbp_12m_pct,pre_2020,3,-0.10372501594630858,-0.12836816294950668,0.6923076923076923,1.0,45,0
raw_annual_rates,headline_12m_pct,fred_asian_nie_computer_electronics_gbp_12m_pct,pre_2020,4,-0.034998041883462776,-0.048971612915386376,0.9230769230769231,1.0,44,0
raw_annual_rates,headline_12m_pct,fred_asian_nie_computer_electronics_gbp_12m_pct,pre_2020,5,0.01796450129270332,-0.006376782666455588,1.0,1.0,43,0
raw_annual_rates,headline_12m_pct,fred_asian_nie_computer_electronics_gbp_12m_pct,pre_2020,6,0.018431210776051237,-0.010213191512162923,1.0,1.0,42,0
raw_annual_rates,headline_12m_pct,fred_asian_nie_computer_electronics_gbp_12m_pct,pre_2020,7,0.08279203022726374,0.059334023602330734,0.9230769230769231,1.0,41,0
raw_annual_rates,headline_12m_pct,fred_asian_nie_computer_electronics_gbp_12m_pct,pre_2020,8,-0.012832910888925938,-0.027604942661007697,1.0,1.0,40,0
raw_annual_rates,headline_12m_pct,fred_asian_nie_computer_electronics_gbp_12m_pct,pre_2020,9,-0.04869035122114715,-0.06980688684417898,1.0,1.0,39,0
raw_annual_rates,headline_12m_pct,fred_asian_nie_computer_electronics_gbp_12m_pct,pre_2020,10,0.01414996789640503,0.008715086031532161,1.0,1.0,38,0
raw_annual_rates,headline_12m_pct,fred_asian_nie_computer_electronics_gbp_12m_pct,pre_2020,11,0.016466757368952492,0.014039356125585671,1.0,1.0,37,0
raw_annual_rates,headline_12m_pct,fred_asian_nie_computer_electronics_gbp_12m_pct,pre_2020,12,0.009841499834684183,0.009841499834684183,1.0,1.0,36,0
raw_annual_rates,headline_12m_pct,fred_asian_nie_computer_electronics_gbp_12m_pct,pandemic_2020_2022,0,-0.37175324799588605,-0.3781576983638871,1.0,1.0,36,0
raw_annual_rates,headline_12m_pct,fred_asian_nie_computer_electronics_gbp_12m_pct,pandemic_2020_2022,1,-0.3614099916034696,-0.18980202901057452,1.0,1.0,35,0
raw_annual_rates,headline_12m_pct,fred_asian_nie_computer_electronics_gbp_12m_pct,pandemic_2020_2022,2,-0.440327051783942,-0.1310897172672945,1.0,1.0,34,0
raw_annual_rates,headline_12m_pct,fred_asian_nie_computer_electronics_gbp_12m_pct,pandemic_2020_2022,3,-0.4691373224419456,-0.09049376863017393,1.0,1.0,33,0
raw_annual_rates,headline_12m_pct,fred_asian_nie_computer_electronics_gbp_12m_pct,pandemic_2020_2022,4,-0.4753670027085846,0.00644093124069342,1.0,1.0,32,0
raw_annual_rates,headline_12m_pct,fred_asian_nie_computer_electronics_gbp_12m_pct,pandemic_2020_2022,5,-0.5359240011895542,-0.04529316732640565,1.0,1.0,31,0
raw_annual_rates,headline_12m_pct,fred_asian_nie_computer_electronics_gbp_12m_pct,pandemic_2020_2022,6,-0.4863654915975685,0.0030358264577945303,1.0,1.0,30,0
raw_annual_rates,headline_12m_pct,fred_asian_nie_computer_electronics_gbp_12m_pct,pandemic_2020_2022,7,-0.3348224667642289,0.2543217415259768,1.0,1.0,29,0
raw_annual_rates,headline_12m_pct,fred_asian_nie_computer_electronics_gbp_12m_pct,pandemic_2020_2022,8,-0.11970330915076946,0.4207023966247351,1.0,1.0,28,0
raw_annual_rates,headline_12m_pct,fred_asian_nie_computer_electronics_gbp_12m_pct,pandemic_2020_2022,9,-0.04421391021617223,0.3898958585886329,1.0,1.0,27,0
raw_annual_rates,headline_12m_pct,fred_asian_nie_computer_electronics_gbp_12m_pct,pandemic_2020_2022,10,0.07102402068427516,0.40792098498543455,1.0,1.0,26,0
raw_annual_rates,headline_12m_pct,fred_asian_nie_computer_electronics_gbp_12m_pct,pandemic_2020_2022,11,0.059224560916430115,0.21719348660062168,1.0,1.0,25,0
raw_annual_rates,headline_12m_pct,fred_asian_nie_computer_electronics_gbp_12m_pct,pandemic_2020_2022,12,-0.023595266971021073,-0.023595266971021073,1.0,1.0,24,0
raw_annual_rates,headline_12m_pct,fred_asian_nie_computer_electronics_gbp_12m_pct,post_2022,0,-0.09130311876096228,-0.22076429704759679,0.3333333333333333,1.0,41,0
raw_annual_rates,headline_12m_pct,fred_asian_nie_computer_electronics_gbp_12m_pct,post_2022,1,0.02025852696010317,-0.04106252953417292,0.8333333333333334,1.0,40,0
raw_annual_rates,headline_12m_pct,fred_asian_nie_computer_electronics_gbp_12m_pct,post_2022,2,0.08372754955485884,0.06973863135952704,0.8333333333333334,1.0,39,0
raw_annual_rates,headline_12m_pct,fred_asian_nie_computer_electronics_gbp_12m_pct,post_2022,3,0.19418625938539233,0.2292818784427753,0.3333333333333333,1.0,38,0
raw_annual_rates,headline_12m_pct,fred_asian_nie_computer_electronics_gbp_12m_pct,post_2022,4,0.30026292908553476,0.3505239746023454,0.16666666666666666,0.16666666666666666,37,0
raw_annual_rates,headline_12m_pct,fred_asian_nie_computer_electronics_gbp_12m_pct,post_2022,5,0.3971652475414586,0.4394089871099564,0.16666666666666666,0.16666666666666666,36,0
raw_annual_rates,headline_12m_pct,fred_asian_nie_computer_electronics_gbp_12m_pct,post_2022,6,0.5180069552994641,0.531330954602999,0.16666666666666666,0.16666666666666666,35,0
raw_annual_rates,headline_12m_pct,fred_asian_nie_computer_electronics_gbp_12m_pct,post_2022,7,0.6916595079410869,0.692209803608933,0.16666666666666666,0.16666666666666666,34,0
raw_annual_rates,headline_12m_pct,fred_asian_nie_computer_electronics_gbp_12m_pct,post_2022,8,0.6909954765996086,0.6930765841923906,0.16666666666666666,0.16666666666666666,33,0
raw_annual_rates,headline_12m_pct,fred_asian_nie_computer_electronics_gbp_12m_pct,post_2022,9,0.6136902987004712,0.6347306666402843,0.16666666666666666,0.16666666666666666,32,0
raw_annual_rates,headline_12m_pct,fred_asian_nie_computer_electronics_gbp_12m_pct,post_2022,10,0.42784248069184755,0.46913396884271674,0.16666666666666666,0.16666666666666666,31,0
raw_annual_rates,headline_12m_pct,fred_asian_nie_computer_electronics_gbp_12m_pct,post_2022,11,0.286341830102151,0.3363709825512177,0.16666666666666666,0.16666666666666666,30,0
raw_annual_rates,headline_12m_pct,fred_asian_nie_computer_electronics_gbp_12m_pct,post_2022,12,0.17193971056741061,0.17193971056741061,0.16666666666666666,1.0,29,0
raw_annual_rates,ex_games_12m_pct,jp_epi_electronics_gbp_12m_pct,full,0,-0.23786506093015172,-0.26208439689989765,0.32967032967032966,0.6703296703296703,126,0
raw_annual_rates,ex_games_12m_pct,jp_epi_electronics_gbp_12m_pct,full,1,-0.13667044492126765,-0.15258483767315978,0.4725274725274725,0.8791208791208791,125,0
raw_annual_rates,ex_games_12m_pct,jp_epi_electronics_gbp_12m_pct,full,2,-0.02737639076980415,-0.037038443175059686,0.9010989010989011,1.0,124,0
raw_annual_rates,ex_games_12m_pct,jp_epi_electronics_gbp_12m_pct,full,3,0.08481192331925909,0.07874975892362461,0.7472527472527473,1.0,123,0
raw_annual_rates,ex_games_12m_pct,jp_epi_electronics_gbp_12m_pct,full,4,0.2027964025047437,0.19469425394788603,0.4065934065934066,0.8351648351648352,122,0
raw_annual_rates,ex_games_12m_pct,jp_epi_electronics_gbp_12m_pct,full,5,0.3195089329859603,0.3076111054581982,0.2857142857142857,0.6153846153846154,121,0
raw_annual_rates,ex_games_12m_pct,jp_epi_electronics_gbp_12m_pct,full,6,0.4108332907194604,0.40102642045903486,0.16483516483516483,0.43956043956043955,120,0
raw_annual_rates,ex_games_12m_pct,jp_epi_electronics_gbp_12m_pct,full,7,0.5021281954594229,0.4978593333149841,0.08791208791208792,0.23076923076923078,119,0
raw_annual_rates,ex_games_12m_pct,jp_epi_electronics_gbp_12m_pct,full,8,0.5384817241774872,0.5373447403253632,0.07692307692307693,0.2087912087912088,118,0
raw_annual_rates,ex_games_12m_pct,jp_epi_electronics_gbp_12m_pct,full,9,0.5707609152060981,0.5739521702730321,0.06593406593406594,0.2087912087912088,117,0
raw_annual_rates,ex_games_12m_pct,jp_epi_electronics_gbp_12m_pct,full,10,0.5606248457690451,0.5649127389932053,0.07692307692307693,0.2087912087912088,116,0
raw_annual_rates,ex_games_12m_pct,jp_epi_electronics_gbp_12m_pct,full,11,0.525368231385704,0.5289422596718705,0.07692307692307693,0.2087912087912088,115,0
raw_annual_rates,ex_games_12m_pct,jp_epi_electronics_gbp_12m_pct,full,12,0.4587351523305615,0.4587351523305615,0.0989010989010989,0.2967032967032967,114,0
raw_annual_rates,ex_games_12m_pct,jp_epi_electronics_gbp_12m_pct,pre_2020,0,0.028261768992968263,0.00047679324997002703,1.0,1.0,48,0
raw_annual_rates,ex_games_12m_pct,jp_epi_electronics_gbp_12m_pct,pre_2020,1,0.15282332448786579,0.14066076239455155,0.7692307692307693,1.0,47,0
raw_annual_rates,ex_games_12m_pct,jp_epi_electronics_gbp_12m_pct,pre_2020,2,0.289694524039616,0.28738517670745994,0.46153846153846156,1.0,46,0
raw_annual_rates,ex_games_12m_pct,jp_epi_electronics_gbp_12m_pct,pre_2020,3,0.4260533704165354,0.43770408446380255,0.38461538461538464,1.0,45,0
raw_annual_rates,ex_games_12m_pct,jp_epi_electronics_gbp_12m_pct,pre_2020,4,0.5745186317411891,0.593689824310164,0.07692307692307693,0.15384615384615385,44,0
raw_annual_rates,ex_games_12m_pct,jp_epi_electronics_gbp_12m_pct,pre_2020,5,0.6995242516267514,0.7220849208193906,0.07692307692307693,0.07692307692307693,43,0
raw_annual_rates,ex_games_12m_pct,jp_epi_electronics_gbp_12m_pct,pre_2020,6,0.797325346987387,0.8263959978834348,0.07692307692307693,0.07692307692307693,42,0
raw_annual_rates,ex_games_12m_pct,jp_epi_electronics_gbp_12m_pct,pre_2020,7,0.8462324901588297,0.8844571620489117,0.07692307692307693,0.07692307692307693,41,0
raw_annual_rates,ex_games_12m_pct,jp_epi_electronics_gbp_12m_pct,pre_2020,8,0.8071377579043633,0.8502012894087364,0.07692307692307693,0.07692307692307693,40,0
raw_annual_rates,ex_games_12m_pct,jp_epi_electronics_gbp_12m_pct,pre_2020,9,0.7814442021500319,0.8116929942980068,0.07692307692307693,0.07692307692307693,39,0
raw_annual_rates,ex_games_12m_pct,jp_epi_electronics_gbp_12m_pct,pre_2020,10,0.7071400234998906,0.7432079823532126,0.07692307692307693,0.07692307692307693,38,0
raw_annual_rates,ex_games_12m_pct,jp_epi_electronics_gbp_12m_pct,pre_2020,11,0.5818236746852092,0.6060652421847229,0.07692307692307693,0.15384615384615385,37,0
raw_annual_rates,ex_games_12m_pct,jp_epi_electronics_gbp_12m_pct,pre_2020,12,0.4673649085769697,0.4673649085769697,0.3076923076923077,1.0,36,0
raw_annual_rates,ex_games_12m_pct,jp_epi_electronics_gbp_12m_pct,pandemic_2020_2022,0,-0.7651392015988769,-0.7048674632181257,1.0,1.0,36,0
raw_annual_rates,ex_games_12m_pct,jp_epi_electronics_gbp_12m_pct,pandemic_2020_2022,1,-0.7429162112345512,-0.6328731183713101,1.0,1.0,35,0
raw_annual_rates,ex_games_12m_pct,jp_epi_electronics_gbp_12m_pct,pandemic_2020_2022,2,-0.700507654752069,-0.5095225878690243,1.0,1.0,34,0
raw_annual_rates,ex_games_12m_pct,jp_epi_electronics_gbp_12m_pct,pandemic_2020_2022,3,-0.6257867508550011,-0.3732597451463244,0.5,1.0,33,0
raw_annual_rates,ex_games_12m_pct,jp_epi_electronics_gbp_12m_pct,pandemic_2020_2022,4,-0.5283523769477921,-0.21138349857043462,0.5,1.0,32,0
raw_annual_rates,ex_games_12m_pct,jp_epi_electronics_gbp_12m_pct,pandemic_2020_2022,5,-0.4077602591934365,-0.0609318040294763,1.0,1.0,31,0
raw_annual_rates,ex_games_12m_pct,jp_epi_electronics_gbp_12m_pct,pandemic_2020_2022,6,-0.27947945429994714,0.0870792897891626,1.0,1.0,30,0
raw_annual_rates,ex_games_12m_pct,jp_epi_electronics_gbp_12m_pct,pandemic_2020_2022,7,-0.08654537036591636,0.24282391616608118,1.0,1.0,29,0
raw_annual_rates,ex_games_12m_pct,jp_epi_electronics_gbp_12m_pct,pandemic_2020_2022,8,0.14417183014096707,0.4020041083833574,1.0,1.0,28,0
raw_annual_rates,ex_games_12m_pct,jp_epi_electronics_gbp_12m_pct,pandemic_2020_2022,9,0.34922278917323635,0.5290161433901409,1.0,1.0,27,0
raw_annual_rates,ex_games_12m_pct,jp_epi_electronics_gbp_12m_pct,pandemic_2020_2022,10,0.5120387096493005,0.6171248368491704,0.5,1.0,26,0
raw_annual_rates,ex_games_12m_pct,jp_epi_electronics_gbp_12m_pct,pandemic_2020_2022,11,0.6770766921417515,0.7135422899113091,0.5,1.0,25,0
raw_annual_rates,ex_games_12m_pct,jp_epi_electronics_gbp_12m_pct,pandemic_2020_2022,12,0.7195158204474617,0.7195158204474617,0.5,1.0,24,0
raw_annual_rates,ex_games_12m_pct,jp_epi_electronics_gbp_12m_pct,post_2022,0,-0.24721323386494892,-0.4215729144553241,0.14285714285714285,0.14285714285714285,42,0
raw_annual_rates,ex_games_12m_pct,jp_epi_electronics_gbp_12m_pct,post_2022,1,-0.13158183260586634,-0.18522693937376877,1.0,1.0,41,0
raw_annual_rates,ex_games_12m_pct,jp_epi_electronics_gbp_12m_pct,post_2022,2,-0.03474978464584224,-0.024738706365119493,1.0,1.0,40,0
raw_annual_rates,ex_games_12m_pct,jp_epi_electronics_gbp_12m_pct,post_2022,3,0.07712168384414063,0.10579051189626386,0.8571428571428571,1.0,39,0
raw_annual_rates,ex_games_12m_pct,jp_epi_electronics_gbp_12m_pct,post_2022,4,0.16565558339722825,0.15682951498791445,0.7142857142857143,1.0,38,0
raw_annual_rates,ex_games_12m_pct,jp_epi_electronics_gbp_12m_pct,post_2022,5,0.2912773553094296,0.2627155317679496,0.14285714285714285,0.8571428571428571,37,0
raw_annual_rates,ex_games_12m_pct,jp_epi_electronics_gbp_12m_pct,post_2022,6,0.33740623484692334,0.30092856137140617,0.14285714285714285,0.8571428571428571,36,0
raw_annual_rates,ex_games_12m_pct,jp_epi_electronics_gbp_12m_pct,post_2022,7,0.5038233092700231,0.4955564230505972,0.14285714285714285,0.14285714285714285,35,0
raw_annual_rates,ex_games_12m_pct,jp_epi_electronics_gbp_12m_pct,post_2022,8,0.5626265326689379,0.5722774090713828,0.14285714285714285,0.14285714285714285,34,0
raw_annual_rates,ex_games_12m_pct,jp_epi_electronics_gbp_12m_pct,post_2022,9,0.58846503123287,0.632941916505715,0.14285714285714285,0.14285714285714285,33,0
raw_annual_rates,ex_games_12m_pct,jp_epi_electronics_gbp_12m_pct,post_2022,10,0.5031668403441695,0.5573924829732824,0.14285714285714285,0.14285714285714285,32,0
raw_annual_rates,ex_games_12m_pct,jp_epi_electronics_gbp_12m_pct,post_2022,11,0.43104930728859236,0.46568995388981616,0.14285714285714285,0.14285714285714285,31,0
raw_annual_rates,ex_games_12m_pct,jp_epi_electronics_gbp_12m_pct,post_2022,12,0.2559519683743522,0.2559519683743522,0.2857142857142857,0.8571428571428571,30,0
raw_annual_rates,ex_games_12m_pct,kr_epi_tech_gbp_12m_pct,full,0,-0.1293484922342282,-0.14349175306975456,0.76,1.0,85,0
raw_annual_rates,ex_games_12m_pct,kr_epi_tech_gbp_12m_pct,full,1,-0.11144428103904414,-0.1368455495164095,0.8,1.0,84,0
raw_annual_rates,ex_games_12m_pct,kr_epi_tech_gbp_12m_pct,full,2,-0.10250183094230683,-0.12069627044327487,0.82,1.0,83,0
raw_annual_rates,ex_games_12m_pct,kr_epi_tech_gbp_12m_pct,full,3,-0.10949005946814995,-0.1166257080063694,0.86,1.0,82,0
raw_annual_rates,ex_games_12m_pct,kr_epi_tech_gbp_12m_pct,full,4,-0.10550249138519659,-0.10523461045037094,0.88,1.0,81,0
raw_annual_rates,ex_games_12m_pct,kr_epi_tech_gbp_12m_pct,full,5,-0.05521540697451091,-0.0611143350856366,0.96,1.0,80,0
raw_annual_rates,ex_games_12m_pct,kr_epi_tech_gbp_12m_pct,full,6,-0.03025443761959028,-0.04133558494336759,0.98,1.0,79,0
raw_annual_rates,ex_games_12m_pct,kr_epi_tech_gbp_12m_pct,full,7,-0.010669438905912121,-0.023289477998649416,0.98,1.0,78,0
raw_annual_rates,ex_games_12m_pct,kr_epi_tech_gbp_12m_pct,full,8,0.006853416861648921,-0.0037619841674976754,0.98,1.0,77,0
raw_annual_rates,ex_games_12m_pct,kr_epi_tech_gbp_12m_pct,full,9,-0.014833640394183943,-0.016815004686359433,0.98,1.0,76,0
raw_annual_rates,ex_games_12m_pct,kr_epi_tech_gbp_12m_pct,full,10,-0.017502236805319267,-0.017737710170402436,0.96,1.0,75,0
raw_annual_rates,ex_games_12m_pct,kr_epi_tech_gbp_12m_pct,full,11,-0.01859340388424832,-0.016933277190180267,0.96,1.0,74,0
raw_annual_rates,ex_games_12m_pct,kr_epi_tech_gbp_12m_pct,full,12,-0.04665449933115633,-0.04665449933115633,0.9,1.0,73,0
raw_annual_rates,ex_games_12m_pct,kr_epi_tech_gbp_12m_pct,pandemic_2020_2022,0,0.4713882889119069,0.5630118548953207,0.5,0.5,36,0
raw_annual_rates,ex_games_12m_pct,kr_epi_tech_gbp_12m_pct,pandemic_2020_2022,1,0.426302443661725,0.5596243905904188,0.5,0.5,35,0
raw_annual_rates,ex_games_12m_pct,kr_epi_tech_gbp_12m_pct,pandemic_2020_2022,2,0.2782432695844245,0.4699668456025542,0.5,0.5,34,0
raw_annual_rates,ex_games_12m_pct,kr_epi_tech_gbp_12m_pct,pandemic_2020_2022,3,0.14063181508089895,0.3623692613004784,0.5,0.5,33,0
raw_annual_rates,ex_games_12m_pct,kr_epi_tech_gbp_12m_pct,pandemic_2020_2022,4,0.026573742158104412,0.2122601251285938,0.5,1.0,32,0
raw_annual_rates,ex_games_12m_pct,kr_epi_tech_gbp_12m_pct,pandemic_2020_2022,5,-0.17628958760609417,-0.05675676194753831,1.0,1.0,31,0
raw_annual_rates,ex_games_12m_pct,kr_epi_tech_gbp_12m_pct,pandemic_2020_2022,6,-0.40617596581971976,-0.3060887505581749,0.5,0.5,30,0
raw_annual_rates,ex_games_12m_pct,kr_epi_tech_gbp_12m_pct,pandemic_2020_2022,7,-0.4992092266176438,-0.45807971822507415,0.5,0.5,29,0
raw_annual_rates,ex_games_12m_pct,kr_epi_tech_gbp_12m_pct,pandemic_2020_2022,8,-0.6007641944748847,-0.5885407338127603,0.5,0.5,28,0
raw_annual_rates,ex_games_12m_pct,kr_epi_tech_gbp_12m_pct,pandemic_2020_2022,9,-0.6020564311268273,-0.5648941230410427,0.5,0.5,27,0
raw_annual_rates,ex_games_12m_pct,kr_epi_tech_gbp_12m_pct,pandemic_2020_2022,10,-0.6573865620132322,-0.6424663660573219,0.5,0.5,26,0
raw_annual_rates,ex_games_12m_pct,kr_epi_tech_gbp_12m_pct,pandemic_2020_2022,11,-0.6989911417889515,-0.6943557400487742,0.5,0.5,25,0
raw_annual_rates,ex_games_12m_pct,kr_epi_tech_gbp_12m_pct,pandemic_2020_2022,12,-0.7120156710224179,-0.7120156710224179,0.5,0.5,24,0
raw_annual_rates,ex_games_12m_pct,kr_epi_tech_gbp_12m_pct,post_2022,0,-0.3806421678302552,-0.801132659017982,0.2,0.4,40,0
raw_annual_rates,ex_games_12m_pct,kr_epi_tech_gbp_12m_pct,post_2022,1,-0.39405304824196746,-0.7985286014859964,0.4,0.4,39,0
raw_annual_rates,ex_games_12m_pct,kr_epi_tech_gbp_12m_pct,post_2022,2,-0.4096365402376763,-0.729139131409192,0.6,0.8,38,0
raw_annual_rates,ex_games_12m_pct,kr_epi_tech_gbp_12m_pct,post_2022,3,-0.4518664557563565,-0.654111066688874,0.6,1.0,37,0
raw_annual_rates,ex_games_12m_pct,kr_epi_tech_gbp_12m_pct,post_2022,4,-0.4634905413647007,-0.5879890237378748,0.8,1.0,36,0
raw_annual_rates,ex_games_12m_pct,kr_epi_tech_gbp_12m_pct,post_2022,5,-0.34902443314127274,-0.4435512793754113,1.0,1.0,35,0
raw_annual_rates,ex_games_12m_pct,kr_epi_tech_gbp_12m_pct,post_2022,6,-0.24022950615868258,-0.32522028456667246,1.0,1.0,34,0
raw_annual_rates,ex_games_12m_pct,kr_epi_tech_gbp_12m_pct,post_2022,7,-0.1415154145150698,-0.20679003711465502,1.0,1.0,33,0
raw_annual_rates,ex_games_12m_pct,kr_epi_tech_gbp_12m_pct,post_2022,8,-0.007084757479719367,-0.04642007300859421,1.0,1.0,32,0
raw_annual_rates,ex_games_12m_pct,kr_epi_tech_gbp_12m_pct,post_2022,9,0.008832064862122874,0.008527770106728106,1.0,1.0,31,0
raw_annual_rates,ex_games_12m_pct,kr_epi_tech_gbp_12m_pct,post_2022,10,0.10519973033922565,0.11673341220557991,0.6,1.0,30,0
raw_annual_rates,ex_games_12m_pct,kr_epi_tech_gbp_12m_pct,post_2022,11,0.15313254421125375,0.17083878921373072,0.2,1.0,29,0
raw_annual_rates,ex_games_12m_pct,kr_epi_tech_gbp_12m_pct,post_2022,12,0.15480985584343906,0.15480985584343906,0.2,1.0,28,0
raw_annual_rates,ex_games_12m_pct,cn_ppi_tech_gbp_12m_pct,full,0,-0.22154121018425202,-0.30627664088975975,0.30434782608695654,0.8260869565217391,58,0
raw_annual_rates,ex_games_12m_pct,cn_ppi_tech_gbp_12m_pct,full,1,-0.1287616093548963,-0.2067197886292263,0.5652173913043478,1.0,57,0
raw_annual_rates,ex_games_12m_pct,cn_ppi_tech_gbp_12m_pct,full,2,-0.09526168571675019,-0.15871126173184708,0.6521739130434783,1.0,56,0
raw_annual_rates,ex_games_12m_pct,cn_ppi_tech_gbp_12m_pct,full,3,-0.024497240167056743,-0.07479516680538627,0.782608695652174,1.0,55,0
raw_annual_rates,ex_games_12m_pct,cn_ppi_tech_gbp_12m_pct,full,4,0.04297894725600602,0.0021636422539098622,0.9565217391304348,1.0,54,0
raw_annual_rates,ex_games_12m_pct,cn_ppi_tech_gbp_12m_pct,full,5,0.1440273236812045,0.1172413425095054,0.6086956521739131,1.0,53,0
raw_annual_rates,ex_games_12m_pct,cn_ppi_tech_gbp_12m_pct,full,6,0.24241704751507623,0.23048491744490698,0.30434782608695654,1.0,52,0
raw_annual_rates,ex_games_12m_pct,cn_ppi_tech_gbp_12m_pct,full,7,0.37304798740157263,0.38262452908117855,0.08695652173913043,0.5652173913043478,51,0
raw_annual_rates,ex_games_12m_pct,cn_ppi_tech_gbp_12m_pct,full,8,0.4984293754542423,0.5129240576465284,0.043478260869565216,0.21739130434782608,50,0
raw_annual_rates,ex_games_12m_pct,cn_ppi_tech_gbp_12m_pct,full,9,0.5875109979239878,0.5939911160568551,0.043478260869565216,0.043478260869565216,49,0
raw_annual_rates,ex_games_12m_pct,cn_ppi_tech_gbp_12m_pct,full,10,0.6595697512245355,0.6606993478981592,0.043478260869565216,0.043478260869565216,48,0
raw_annual_rates,ex_games_12m_pct,cn_ppi_tech_gbp_12m_pct,full,11,0.6902935841744112,0.6924841173608498,0.043478260869565216,0.043478260869565216,47,0
raw_annual_rates,ex_games_12m_pct,cn_ppi_tech_gbp_12m_pct,full,12,0.6928280329804821,0.6928280329804821,0.043478260869565216,0.043478260869565216,46,0
raw_annual_rates,ex_games_12m_pct,cn_ppi_tech_gbp_12m_pct,pandemic_2020_2022,0,-0.8711595056075403,-0.8619533022285633,0.5,0.5,22,0
raw_annual_rates,ex_games_12m_pct,cn_ppi_tech_gbp_12m_pct,pandemic_2020_2022,1,-0.9137770511331916,-0.8929307785303242,0.5,0.5,21,0
raw_annual_rates,ex_games_12m_pct,cn_ppi_tech_gbp_12m_pct,pandemic_2020_2022,2,-0.9605857472887331,-0.894208198441897,0.5,0.5,20,0
raw_annual_rates,ex_games_12m_pct,cn_ppi_tech_gbp_12m_pct,pandemic_2020_2022,3,-0.9286977151018269,-0.9032388591358795,0.5,0.5,19,0
raw_annual_rates,ex_games_12m_pct,cn_ppi_tech_gbp_12m_pct,pandemic_2020_2022,4,-0.8849721867813147,-0.8280257429911764,0.5,0.5,18,0
raw_annual_rates,ex_games_12m_pct,cn_ppi_tech_gbp_12m_pct,pandemic_2020_2022,5,-0.8515285263694274,-0.8420334996606477,0.5,0.5,17,0
raw_annual_rates,ex_games_12m_pct,cn_ppi_tech_gbp_12m_pct,pandemic_2020_2022,6,-0.8384181174900576,-0.907503683433213,0.5,0.5,16,0
raw_annual_rates,ex_games_12m_pct,cn_ppi_tech_gbp_12m_pct,pandemic_2020_2022,7,-0.7759145856826424,-0.9080577705930588,0.5,0.5,15,0
raw_annual_rates,ex_games_12m_pct,cn_ppi_tech_gbp_12m_pct,pandemic_2020_2022,8,-0.7494521295005955,-0.9248921857882095,0.5,0.5,14,0
raw_annual_rates,ex_games_12m_pct,cn_ppi_tech_gbp_12m_pct,pandemic_2020_2022,9,-0.7313629344372412,-0.9232984003216981,0.5,0.5,13,0
raw_annual_rates,ex_games_12m_pct,cn_ppi_tech_gbp_12m_pct,pandemic_2020_2022,10,-0.6411563696014376,-0.7155069894240633,0.5,0.5,12,0
raw_annual_rates,ex_games_12m_pct,cn_ppi_tech_gbp_12m_pct,pandemic_2020_2022,11,-0.46687541308331026,-0.5218525385780822,0.5,1.0,11,0
raw_annual_rates,ex_games_12m_pct,cn_ppi_tech_gbp_12m_pct,pandemic_2020_2022,12,-0.2899561461418898,-0.2899561461418898,1.0,1.0,10,0
raw_annual_rates,ex_games_12m_pct,cn_ppi_tech_gbp_12m_pct,post_2022,0,-0.3128255973140571,-0.34161156542130183,1.0,1.0,36,0
raw_annual_rates,ex_games_12m_pct,cn_ppi_tech_gbp_12m_pct,post_2022,1,-0.00603478432191142,-0.014829455591265566,1.0,1.0,35,0
raw_annual_rates,ex_games_12m_pct,cn_ppi_tech_gbp_12m_pct,post_2022,2,0.1277604166031274,0.18689714873116475,0.5,1.0,34,0
raw_annual_rates,ex_games_12m_pct,cn_ppi_tech_gbp_12m_pct,post_2022,3,0.27249721124432774,0.32790568775296997,0.5,1.0,33,0
raw_annual_rates,ex_games_12m_pct,cn_ppi_tech_gbp_12m_pct,post_2022,4,0.31787099960735427,0.3862209065111493,0.5,1.0,32,0
raw_annual_rates,ex_games_12m_pct,cn_ppi_tech_gbp_12m_pct,post_2022,5,0.39534910314579147,0.44543623517555053,0.5,1.0,31,0
raw_annual_rates,ex_games_12m_pct,cn_ppi_tech_gbp_12m_pct,post_2022,6,0.4185584084550364,0.4751867837564412,0.5,0.5,30,0
raw_annual_rates,ex_games_12m_pct,cn_ppi_tech_gbp_12m_pct,post_2022,7,0.5162892759010119,0.6224625904520511,0.5,0.5,29,0
raw_annual_rates,ex_games_12m_pct,cn_ppi_tech_gbp_12m_pct,post_2022,8,0.6146676118972783,0.7179982944165352,0.5,0.5,28,0
raw_annual_rates,ex_games_12m_pct,cn_ppi_tech_gbp_12m_pct,post_2022,9,0.6576035021153004,0.6916713244655737,0.5,0.5,27,0
raw_annual_rates,ex_games_12m_pct,cn_ppi_tech_gbp_12m_pct,post_2022,10,0.6586826548623151,0.6478243110828821,0.5,0.5,26,0
raw_annual_rates,ex_games_12m_pct,cn_ppi_tech_gbp_12m_pct,post_2022,11,0.4823977851648086,0.4940947481149871,0.5,0.5,25,0
raw_annual_rates,ex_games_12m_pct,cn_ppi_tech_gbp_12m_pct,post_2022,12,0.3370649735671932,0.3370649735671932,0.5,1.0,24,0
raw_annual_rates,ex_games_12m_pct,tw_epi_integrated_circuits_gbp_12m_pct,full,0,-0.0779813294033223,-0.09816331192683604,0.7252747252747253,1.0,126,0
raw_annual_rates,ex_games_12m_pct,tw_epi_integrated_circuits_gbp_12m_pct,full,1,0.011072583057814146,-0.011663791042627738,0.967032967032967,1.0,125,0
raw_annual_rates,ex_games_12m_pct,tw_epi_integrated_circuits_gbp_12m_pct,full,2,0.08823008310126841,0.0686482873969143,0.8351648351648352,1.0,124,0
raw_annual_rates,ex_games_12m_pct,tw_epi_integrated_circuits_gbp_12m_pct,full,3,0.16652158283593488,0.15363648252931783,0.5824175824175825,0.989010989010989,123,0
raw_annual_rates,ex_games_12m_pct,tw_epi_integrated_circuits_gbp_12m_pct,full,4,0.2484295616160259,0.24305938642079541,0.43956043956043955,0.9340659340659341,122,0
raw_annual_rates,ex_games_12m_pct,tw_epi_integrated_circuits_gbp_12m_pct,full,5,0.33494830226861977,0.32934501622905377,0.24175824175824176,0.5274725274725275,121,0
raw_annual_rates,ex_games_12m_pct,tw_epi_integrated_circuits_gbp_12m_pct,full,6,0.40541998580514227,0.4005698514979456,0.2087912087912088,0.42857142857142855,120,0
raw_annual_rates,ex_games_12m_pct,tw_epi_integrated_circuits_gbp_12m_pct,full,7,0.473328515495075,0.47036570174284853,0.13186813186813187,0.38461538461538464,119,0
raw_annual_rates,ex_games_12m_pct,tw_epi_integrated_circuits_gbp_12m_pct,full,8,0.4957598472292901,0.4949079101916175,0.10989010989010989,0.2967032967032967,118,0
raw_annual_rates,ex_games_12m_pct,tw_epi_integrated_circuits_gbp_12m_pct,full,9,0.5142711073365009,0.5160298833983085,0.0989010989010989,0.2857142857142857,117,0
raw_annual_rates,ex_games_12m_pct,tw_epi_integrated_circuits_gbp_12m_pct,full,10,0.5050664443983566,0.5075520103319624,0.0989010989010989,0.2857142857142857,116,0
raw_annual_rates,ex_games_12m_pct,tw_epi_integrated_circuits_gbp_12m_pct,full,11,0.47146263008023864,0.47491075667209637,0.13186813186813187,0.37362637362637363,115,0
raw_annual_rates,ex_games_12m_pct,tw_epi_integrated_circuits_gbp_12m_pct,full,12,0.41177553989407883,0.41177553989407883,0.2087912087912088,0.42857142857142855,114,0
raw_annual_rates,ex_games_12m_pct,tw_epi_integrated_circuits_gbp_12m_pct,pre_2020,0,0.1536806632696472,0.11585386983314971,0.7692307692307693,1.0,48,0
raw_annual_rates,ex_games_12m_pct,tw_epi_integrated_circuits_gbp_12m_pct,pre_2020,1,0.28812572659093344,0.2659276369083709,0.46153846153846156,1.0,47,0
raw_annual_rates,ex_games_12m_pct,tw_epi_integrated_circuits_gbp_12m_pct,pre_2020,2,0.42801990327289535,0.4189996271333489,0.3076923076923077,1.0,46,0
raw_annual_rates,ex_games_12m_pct,tw_epi_integrated_circuits_gbp_12m_pct,pre_2020,3,0.5574076370162069,0.5624487352336964,0.15384615384615385,0.6153846153846154,45,0
raw_annual_rates,ex_games_12m_pct,tw_epi_integrated_circuits_gbp_12m_pct,pre_2020,4,0.6932200339619792,0.7094397908277934,0.07692307692307693,0.07692307692307693,44,0
raw_annual_rates,ex_games_12m_pct,tw_epi_integrated_circuits_gbp_12m_pct,pre_2020,5,0.7913338218928914,0.8174907212095127,0.07692307692307693,0.07692307692307693,43,0
raw_annual_rates,ex_games_12m_pct,tw_epi_integrated_circuits_gbp_12m_pct,pre_2020,6,0.8507445950854068,0.8865794849146293,0.07692307692307693,0.07692307692307693,42,0
raw_annual_rates,ex_games_12m_pct,tw_epi_integrated_circuits_gbp_12m_pct,pre_2020,7,0.8517367155603814,0.9016398840048213,0.07692307692307693,0.07692307692307693,41,0
raw_annual_rates,ex_games_12m_pct,tw_epi_integrated_circuits_gbp_12m_pct,pre_2020,8,0.7660795081443815,0.822872328891645,0.07692307692307693,0.07692307692307693,40,0
raw_annual_rates,ex_games_12m_pct,tw_epi_integrated_circuits_gbp_12m_pct,pre_2020,9,0.6907563685672682,0.7280700683519031,0.07692307692307693,0.07692307692307693,39,0
raw_annual_rates,ex_games_12m_pct,tw_epi_integrated_circuits_gbp_12m_pct,pre_2020,10,0.5848349207435369,0.6212799935522021,0.07692307692307693,0.15384615384615385,38,0
raw_annual_rates,ex_games_12m_pct,tw_epi_integrated_circuits_gbp_12m_pct,pre_2020,11,0.4364735574301665,0.45658773869803954,0.6153846153846154,1.0,37,0
raw_annual_rates,ex_games_12m_pct,tw_epi_integrated_circuits_gbp_12m_pct,pre_2020,12,0.30337209884289706,0.30337209884289706,0.8461538461538461,1.0,36,0
raw_annual_rates,ex_games_12m_pct,tw_epi_integrated_circuits_gbp_12m_pct,pandemic_2020_2022,0,-0.539942984358567,-0.33010524250472395,1.0,1.0,36,0
raw_annual_rates,ex_games_12m_pct,tw_epi_integrated_circuits_gbp_12m_pct,pandemic_2020_2022,1,-0.5989157190138201,-0.30519989714064233,1.0,1.0,35,0
raw_annual_rates,ex_games_12m_pct,tw_epi_integrated_circuits_gbp_12m_pct,pandemic_2020_2022,2,-0.6654036328998706,-0.3433992481468781,1.0,1.0,34,0
raw_annual_rates,ex_games_12m_pct,tw_epi_integrated_circuits_gbp_12m_pct,pandemic_2020_2022,3,-0.6964637670193462,-0.3644914956808768,1.0,1.0,33,0
raw_annual_rates,ex_games_12m_pct,tw_epi_integrated_circuits_gbp_12m_pct,pandemic_2020_2022,4,-0.6986105606537198,-0.3555523566439683,0.5,1.0,32,0
raw_annual_rates,ex_games_12m_pct,tw_epi_integrated_circuits_gbp_12m_pct,pandemic_2020_2022,5,-0.7041459976481002,-0.430815298740538,0.5,1.0,31,0
raw_annual_rates,ex_games_12m_pct,tw_epi_integrated_circuits_gbp_12m_pct,pandemic_2020_2022,6,-0.6766557313396209,-0.4225106955037995,0.5,1.0,30,0
raw_annual_rates,ex_games_12m_pct,tw_epi_integrated_circuits_gbp_12m_pct,pandemic_2020_2022,7,-0.6030934956774812,-0.35031988769470396,0.5,1.0,29,0
raw_annual_rates,ex_games_12m_pct,tw_epi_integrated_circuits_gbp_12m_pct,pandemic_2020_2022,8,-0.5157498304465719,-0.2724089350807317,0.5,1.0,28,0
raw_annual_rates,ex_games_12m_pct,tw_epi_integrated_circuits_gbp_12m_pct,pandemic_2020_2022,9,-0.3534591464711113,-0.14994566387380118,1.0,1.0,27,0
raw_annual_rates,ex_games_12m_pct,tw_epi_integrated_circuits_gbp_12m_pct,pandemic_2020_2022,10,-0.21959062408605914,-0.03513659503506245,1.0,1.0,26,0
raw_annual_rates,ex_games_12m_pct,tw_epi_integrated_circuits_gbp_12m_pct,pandemic_2020_2022,11,-0.044271239731152746,0.060102491031989946,1.0,1.0,25,0
raw_annual_rates,ex_games_12m_pct,tw_epi_integrated_circuits_gbp_12m_pct,pandemic_2020_2022,12,0.09018847351874669,0.09018847351874669,1.0,1.0,24,0
raw_annual_rates,ex_games_12m_pct,tw_epi_integrated_circuits_gbp_12m_pct,post_2022,0,-0.23003424401686126,-0.36769687157098646,0.14285714285714285,0.2857142857142857,42,0
raw_annual_rates,ex_games_12m_pct,tw_epi_integrated_circuits_gbp_12m_pct,post_2022,1,-0.03862418167242629,-0.0833332889420616,0.8571428571428571,1.0,41,0
raw_annual_rates,ex_games_12m_pct,tw_epi_integrated_circuits_gbp_12m_pct,post_2022,2,0.05911240070161007,0.05234153500971225,0.8571428571428571,1.0,40,0
raw_annual_rates,ex_games_12m_pct,tw_epi_integrated_circuits_gbp_12m_pct,post_2022,3,0.16834945256150666,0.18277386337387994,0.14285714285714285,1.0,39,0
raw_annual_rates,ex_games_12m_pct,tw_epi_integrated_circuits_gbp_12m_pct,post_2022,4,0.17305806239029867,0.2071468055456202,0.2857142857142857,1.0,38,0
raw_annual_rates,ex_games_12m_pct,tw_epi_integrated_circuits_gbp_12m_pct,post_2022,5,0.2514787301174836,0.2939876622613517,0.14285714285714285,0.42857142857142855,37,0
raw_annual_rates,ex_games_12m_pct,tw_epi_integrated_circuits_gbp_12m_pct,post_2022,6,0.2646907722179727,0.2882623478357848,0.14285714285714285,0.42857142857142855,36,0
raw_annual_rates,ex_games_12m_pct,tw_epi_integrated_circuits_gbp_12m_pct,post_2022,7,0.44219058384599785,0.4461149118162532,0.14285714285714285,0.14285714285714285,35,0
raw_annual_rates,ex_games_12m_pct,tw_epi_integrated_circuits_gbp_12m_pct,post_2022,8,0.5286966851001725,0.5312032433415623,0.14285714285714285,0.14285714285714285,34,0
raw_annual_rates,ex_games_12m_pct,tw_epi_integrated_circuits_gbp_12m_pct,post_2022,9,0.6284002988710221,0.6349327638344174,0.14285714285714285,0.14285714285714285,33,0
raw_annual_rates,ex_games_12m_pct,tw_epi_integrated_circuits_gbp_12m_pct,post_2022,10,0.6023636753527641,0.6197773520425232,0.14285714285714285,0.14285714285714285,32,0
raw_annual_rates,ex_games_12m_pct,tw_epi_integrated_circuits_gbp_12m_pct,post_2022,11,0.48516309172507405,0.5072239974967878,0.14285714285714285,0.14285714285714285,31,0
raw_annual_rates,ex_games_12m_pct,tw_epi_integrated_circuits_gbp_12m_pct,post_2022,12,0.2972818445537822,0.2972818445537822,0.14285714285714285,0.42857142857142855,30,0
raw_annual_rates,ex_games_12m_pct,hk_ppi_tech_gbp_12m_pct,full,0,0.37416983789375907,0.4031226518592869,0.15384615384615385,0.3516483516483517,126,0
raw_annual_rates,ex_games_12m_pct,hk_ppi_tech_gbp_12m_pct,full,1,0.43627318329654813,0.4707416167559378,0.10989010989010989,0.25274725274725274,125,0
raw_annual_rates,ex_games_12m_pct,hk_ppi_tech_gbp_12m_pct,full,2,0.5038795618507811,0.5334232091758875,0.07692307692307693,0.2087912087912088,124,0
raw_annual_rates,ex_games_12m_pct,hk_ppi_tech_gbp_12m_pct,full,3,0.5463757065711807,0.5608362926224031,0.07692307692307693,0.2087912087912088,123,0
raw_annual_rates,ex_games_12m_pct,hk_ppi_tech_gbp_12m_pct,full,4,0.5574110591837518,0.5608308846840508,0.07692307692307693,0.2087912087912088,122,0
raw_annual_rates,ex_games_12m_pct,hk_ppi_tech_gbp_12m_pct,full,5,0.5375523950473533,0.5478987687675805,0.07692307692307693,0.2087912087912088,121,0
raw_annual_rates,ex_games_12m_pct,hk_ppi_tech_gbp_12m_pct,full,6,0.4507494468966733,0.459826560403804,0.0989010989010989,0.25274725274725274,120,0
raw_annual_rates,ex_games_12m_pct,hk_ppi_tech_gbp_12m_pct,full,7,0.3743894445157373,0.3871524947097784,0.16483516483516483,0.45054945054945056,119,0
raw_annual_rates,ex_games_12m_pct,hk_ppi_tech_gbp_12m_pct,full,8,0.29473489591848145,0.30319989795329216,0.32967032967032966,0.6373626373626373,118,0
raw_annual_rates,ex_games_12m_pct,hk_ppi_tech_gbp_12m_pct,full,9,0.18136528181688427,0.1858256050794231,0.5824175824175825,0.9120879120879121,117,0
raw_annual_rates,ex_games_12m_pct,hk_ppi_tech_gbp_12m_pct,full,10,0.07731309018694787,0.07703180354937912,0.8571428571428571,1.0,116,0
raw_annual_rates,ex_games_12m_pct,hk_ppi_tech_gbp_12m_pct,full,11,-0.0008623231944075074,-0.0025160383618410016,1.0,1.0,115,0
raw_annual_rates,ex_games_12m_pct,hk_ppi_tech_gbp_12m_pct,full,12,-0.08680505506947649,-0.08680505506947649,0.8461538461538461,1.0,114,0
raw_annual_rates,ex_games_12m_pct,hk_ppi_tech_gbp_12m_pct,pre_2020,0,0.8190201150957759,0.851241511550149,0.07692307692307693,0.07692307692307693,48,0
raw_annual_rates,ex_games_12m_pct,hk_ppi_tech_gbp_12m_pct,pre_2020,1,0.8657328101749605,0.8977142459999622,0.07692307692307693,0.07692307692307693,47,0
raw_annual_rates,ex_games_12m_pct,hk_ppi_tech_gbp_12m_pct,pre_2020,2,0.8949016278847018,0.9254459188848955,0.07692307692307693,0.07692307692307693,46,0
raw_annual_rates,ex_games_12m_pct,hk_ppi_tech_gbp_12m_pct,pre_2020,3,0.8495499590351613,0.8787543535820511,0.07692307692307693,0.07692307692307693,45,0
raw_annual_rates,ex_games_12m_pct,hk_ppi_tech_gbp_12m_pct,pre_2020,4,0.7816500484554791,0.8150787094854657,0.07692307692307693,0.07692307692307693,44,0
raw_annual_rates,ex_games_12m_pct,hk_ppi_tech_gbp_12m_pct,pre_2020,5,0.7061356594792048,0.7415080979529176,0.07692307692307693,0.07692307692307693,43,0
raw_annual_rates,ex_games_12m_pct,hk_ppi_tech_gbp_12m_pct,pre_2020,6,0.5353682339440815,0.5570207247900412,0.07692307692307693,0.6153846153846154,42,0
raw_annual_rates,ex_games_12m_pct,hk_ppi_tech_gbp_12m_pct,pre_2020,7,0.38098001514730556,0.38178831233195254,0.38461538461538464,1.0,41,0
raw_annual_rates,ex_games_12m_pct,hk_ppi_tech_gbp_12m_pct,pre_2020,8,0.23280828611909368,0.2192476334284985,0.6923076923076923,1.0,40,0
raw_annual_rates,ex_games_12m_pct,hk_ppi_tech_gbp_12m_pct,pre_2020,9,0.04047563348274241,0.00874955565166124,1.0,1.0,39,0
raw_annual_rates,ex_games_12m_pct,hk_ppi_tech_gbp_12m_pct,pre_2020,10,-0.12552672865986766,-0.18157853379222644,0.6923076923076923,1.0,38,0
raw_annual_rates,ex_games_12m_pct,hk_ppi_tech_gbp_12m_pct,pre_2020,11,-0.2806846275374694,-0.3249653519396048,0.3076923076923077,1.0,37,0
raw_annual_rates,ex_games_12m_pct,hk_ppi_tech_gbp_12m_pct,pre_2020,12,-0.4100413589047817,-0.4100413589047817,0.23076923076923078,1.0,36,0
raw_annual_rates,ex_games_12m_pct,hk_ppi_tech_gbp_12m_pct,pandemic_2020_2022,0,-0.42604838600412737,-0.3091012296149441,0.5,1.0,36,0
raw_annual_rates,ex_games_12m_pct,hk_ppi_tech_gbp_12m_pct,pandemic_2020_2022,1,-0.28461713737567146,-0.17178449191444953,0.5,1.0,35,0
raw_annual_rates,ex_games_12m_pct,hk_ppi_tech_gbp_12m_pct,pandemic_2020_2022,2,-0.16703073288059328,-0.0366423453482836,1.0,1.0,34,0
raw_annual_rates,ex_games_12m_pct,hk_ppi_tech_gbp_12m_pct,pandemic_2020_2022,3,-0.0020339739534908346,0.11224603041726351,1.0,1.0,33,0
raw_annual_rates,ex_games_12m_pct,hk_ppi_tech_gbp_12m_pct,pandemic_2020_2022,4,0.16191191520613987,0.23726758040049092,1.0,1.0,32,0
raw_annual_rates,ex_games_12m_pct,hk_ppi_tech_gbp_12m_pct,pandemic_2020_2022,5,0.3472355034169005,0.4663334121031201,1.0,1.0,31,0
raw_annual_rates,ex_games_12m_pct,hk_ppi_tech_gbp_12m_pct,pandemic_2020_2022,6,0.5564274245900133,0.6708531835320777,0.5,0.5,30,0
raw_annual_rates,ex_games_12m_pct,hk_ppi_tech_gbp_12m_pct,pandemic_2020_2022,7,0.7309892239235344,0.765173392337464,0.5,0.5,29,0
raw_annual_rates,ex_games_12m_pct,hk_ppi_tech_gbp_12m_pct,pandemic_2020_2022,8,0.7788220974923659,0.8138656231256357,0.5,0.5,28,0
raw_annual_rates,ex_games_12m_pct,hk_ppi_tech_gbp_12m_pct,pandemic_2020_2022,9,0.7048429240771097,0.6981793828561409,0.5,0.5,27,0
raw_annual_rates,ex_games_12m_pct,hk_ppi_tech_gbp_12m_pct,pandemic_2020_2022,10,0.7447491189033681,0.7143868390351213,0.5,0.5,26,0
raw_annual_rates,ex_games_12m_pct,hk_ppi_tech_gbp_12m_pct,pandemic_2020_2022,11,0.731650985869935,0.7193083321962427,0.5,0.5,25,0
raw_annual_rates,ex_games_12m_pct,hk_ppi_tech_gbp_12m_pct,pandemic_2020_2022,12,0.713722013942006,0.713722013942006,0.5,0.5,24,0
raw_annual_rates,ex_games_12m_pct,hk_ppi_tech_gbp_12m_pct,post_2022,0,0.08409496826054255,0.1759583176671254,0.7142857142857143,1.0,42,0
raw_annual_rates,ex_games_12m_pct,hk_ppi_tech_gbp_12m_pct,post_2022,1,0.15618216289591888,0.3233478350757467,0.7142857142857143,1.0,41,0
raw_annual_rates,ex_games_12m_pct,hk_ppi_tech_gbp_12m_pct,post_2022,2,0.3320206935377277,0.4874913019818504,0.2857142857142857,0.7142857142857143,40,0
raw_annual_rates,ex_games_12m_pct,hk_ppi_tech_gbp_12m_pct,post_2022,3,0.5530521164997083,0.6442868445221696,0.14285714285714285,0.14285714285714285,39,0
raw_annual_rates,ex_games_12m_pct,hk_ppi_tech_gbp_12m_pct,post_2022,4,0.6952396836013766,0.729793110516945,0.14285714285714285,0.14285714285714285,38,0
raw_annual_rates,ex_games_12m_pct,hk_ppi_tech_gbp_12m_pct,post_2022,5,0.6928959987168671,0.7631148160778206,0.14285714285714285,0.14285714285714285,37,0
raw_annual_rates,ex_games_12m_pct,hk_ppi_tech_gbp_12m_pct,post_2022,6,0.5695243783715113,0.6317601005198297,0.14285714285714285,0.14285714285714285,36,0
raw_annual_rates,ex_games_12m_pct,hk_ppi_tech_gbp_12m_pct,post_2022,7,0.5185140734615682,0.6260214534466333,0.14285714285714285,0.14285714285714285,35,0
raw_annual_rates,ex_games_12m_pct,hk_ppi_tech_gbp_12m_pct,post_2022,8,0.4354228918530139,0.507742228845027,0.14285714285714285,0.5714285714285714,34,0
raw_annual_rates,ex_games_12m_pct,hk_ppi_tech_gbp_12m_pct,post_2022,9,0.4128819697185422,0.4445592721828808,0.14285714285714285,1.0,33,0
raw_annual_rates,ex_games_12m_pct,hk_ppi_tech_gbp_12m_pct,post_2022,10,0.28821273269670594,0.2558212718138258,0.14285714285714285,1.0,32,0
raw_annual_rates,ex_games_12m_pct,hk_ppi_tech_gbp_12m_pct,post_2022,11,0.2583977467099129,0.2289641062701012,0.14285714285714285,1.0,31,0
raw_annual_rates,ex_games_12m_pct,hk_ppi_tech_gbp_12m_pct,post_2022,12,0.10716983885215568,0.10716983885215568,0.5714285714285714,1.0,30,0
raw_annual_rates,ex_games_12m_pct,oecd_asia_c26_targeted_gbp_12m_pct,full,0,-0.3303704314556989,-0.3872771026171741,0.48148148148148145,0.7407407407407407,62,0
raw_annual_rates,ex_games_12m_pct,oecd_asia_c26_targeted_gbp_12m_pct,full,1,-0.24333103482894028,-0.3042755668480646,0.5925925925925926,0.8888888888888888,61,0
raw_annual_rates,ex_games_12m_pct,oecd_asia_c26_targeted_gbp_12m_pct,full,2,-0.19574861072699215,-0.2501788397319538,0.6296296296296297,0.9629629629629629,60,0
raw_annual_rates,ex_games_12m_pct,oecd_asia_c26_targeted_gbp_12m_pct,full,3,-0.13504569787549106,-0.1706553529172302,0.7037037037037037,1.0,59,0
raw_annual_rates,ex_games_12m_pct,oecd_asia_c26_targeted_gbp_12m_pct,full,4,-0.055692046944191484,-0.08154098146902308,0.8888888888888888,1.0,58,0
raw_annual_rates,ex_games_12m_pct,oecd_asia_c26_targeted_gbp_12m_pct,full,5,0.07201087305913431,0.039575890910279056,0.9629629629629629,1.0,57,0
raw_annual_rates,ex_games_12m_pct,oecd_asia_c26_targeted_gbp_12m_pct,full,6,0.1925859609932408,0.16808038432794048,0.48148148148148145,1.0,56,0
raw_annual_rates,ex_games_12m_pct,oecd_asia_c26_targeted_gbp_12m_pct,full,7,0.3365142049233611,0.3241967634189839,0.2222222222222222,0.8518518518518519,55,0
raw_annual_rates,ex_games_12m_pct,oecd_asia_c26_targeted_gbp_12m_pct,full,8,0.451673395818406,0.453001315027393,0.037037037037037035,0.5925925925925926,54,0
raw_annual_rates,ex_games_12m_pct,oecd_asia_c26_targeted_gbp_12m_pct,full,9,0.5197453999128704,0.5319742665054278,0.037037037037037035,0.37037037037037035,53,0
raw_annual_rates,ex_games_12m_pct,oecd_asia_c26_targeted_gbp_12m_pct,full,10,0.5997306329048746,0.6159530942168185,0.037037037037037035,0.037037037037037035,52,0
raw_annual_rates,ex_games_12m_pct,oecd_asia_c26_targeted_gbp_12m_pct,full,11,0.6553601532816293,0.670692476983301,0.037037037037037035,0.037037037037037035,51,0
raw_annual_rates,ex_games_12m_pct,oecd_asia_c26_targeted_gbp_12m_pct,full,12,0.6542434748882047,0.6542434748882047,0.037037037037037035,0.037037037037037035,50,0
raw_annual_rates,ex_games_12m_pct,oecd_asia_c26_targeted_gbp_12m_pct,pandemic_2020_2022,0,-0.8692783873220402,-0.8698292316913319,0.5,0.5,22,0
raw_annual_rates,ex_games_12m_pct,oecd_asia_c26_targeted_gbp_12m_pct,pandemic_2020_2022,1,-0.9136713396894417,-0.8860244591785331,0.5,0.5,21,0
raw_annual_rates,ex_games_12m_pct,oecd_asia_c26_targeted_gbp_12m_pct,pandemic_2020_2022,2,-0.9591713052551802,-0.8918976578650303,0.5,0.5,20,0
raw_annual_rates,ex_games_12m_pct,oecd_asia_c26_targeted_gbp_12m_pct,pandemic_2020_2022,3,-0.9377217186982735,-0.9094902511579962,0.5,0.5,19,0
raw_annual_rates,ex_games_12m_pct,oecd_asia_c26_targeted_gbp_12m_pct,pandemic_2020_2022,4,-0.8933593040398219,-0.8278449010153424,0.5,0.5,18,0
raw_annual_rates,ex_games_12m_pct,oecd_asia_c26_targeted_gbp_12m_pct,pandemic_2020_2022,5,-0.8565275003102466,-0.8483234949317486,0.5,0.5,17,0
raw_annual_rates,ex_games_12m_pct,oecd_asia_c26_targeted_gbp_12m_pct,pandemic_2020_2022,6,-0.8476768442913539,-0.9083197357213916,0.5,0.5,16,0
raw_annual_rates,ex_games_12m_pct,oecd_asia_c26_targeted_gbp_12m_pct,pandemic_2020_2022,7,-0.7895196739127206,-0.9109758276697928,0.5,0.5,15,0
raw_annual_rates,ex_games_12m_pct,oecd_asia_c26_targeted_gbp_12m_pct,pandemic_2020_2022,8,-0.7650721514268511,-0.9187844184616056,0.5,0.5,14,0
raw_annual_rates,ex_games_12m_pct,oecd_asia_c26_targeted_gbp_12m_pct,pandemic_2020_2022,9,-0.7294547832652648,-0.9127060954514175,0.5,0.5,13,0
raw_annual_rates,ex_games_12m_pct,oecd_asia_c26_targeted_gbp_12m_pct,pandemic_2020_2022,10,-0.630641209809474,-0.7066013383516356,0.5,0.5,12,0
raw_annual_rates,ex_games_12m_pct,oecd_asia_c26_targeted_gbp_12m_pct,pandemic_2020_2022,11,-0.4403653204221399,-0.4993409272196037,0.5,1.0,11,0
raw_annual_rates,ex_games_12m_pct,oecd_asia_c26_targeted_gbp_12m_pct,pandemic_2020_2022,12,-0.2755238239580836,-0.2755238239580836,1.0,1.0,10,0
raw_annual_rates,ex_games_12m_pct,oecd_asia_c26_targeted_gbp_12m_pct,post_2022,0,-0.40180141253826596,-0.4800331377830466,0.4,0.4,40,0
raw_annual_rates,ex_games_12m_pct,oecd_asia_c26_targeted_gbp_12m_pct,post_2022,1,-0.19787416489639675,-0.19926291400447746,0.8,1.0,39,0
raw_annual_rates,ex_games_12m_pct,oecd_asia_c26_targeted_gbp_12m_pct,post_2022,2,-0.06255050123391294,-0.0237041800165693,1.0,1.0,38,0
raw_annual_rates,ex_games_12m_pct,oecd_asia_c26_targeted_gbp_12m_pct,post_2022,3,0.049464730583752746,0.09966612053048478,0.8,1.0,37,0
raw_annual_rates,ex_games_12m_pct,oecd_asia_c26_targeted_gbp_12m_pct,post_2022,4,0.1152953425885367,0.15202402800299367,0.6,1.0,36,0
raw_annual_rates,ex_games_12m_pct,oecd_asia_c26_targeted_gbp_12m_pct,post_2022,5,0.2434036131451259,0.26557726089747224,0.2,0.8,35,0
raw_annual_rates,ex_games_12m_pct,oecd_asia_c26_targeted_gbp_12m_pct,post_2022,6,0.3190368417897402,0.3311621306811457,0.2,0.8,34,0
raw_annual_rates,ex_games_12m_pct,oecd_asia_c26_targeted_gbp_12m_pct,post_2022,7,0.4431515158249004,0.43784297134522887,0.2,0.4,33,0
raw_annual_rates,ex_games_12m_pct,oecd_asia_c26_targeted_gbp_12m_pct,post_2022,8,0.5069434638923705,0.5092037089274168,0.2,0.2,32,0
raw_annual_rates,ex_games_12m_pct,oecd_asia_c26_targeted_gbp_12m_pct,post_2022,9,0.4645617003968393,0.4692180931660695,0.2,0.4,31,0
raw_annual_rates,ex_games_12m_pct,oecd_asia_c26_targeted_gbp_12m_pct,post_2022,10,0.4791918170179141,0.49959824079114157,0.2,0.2,30,0
raw_annual_rates,ex_games_12m_pct,oecd_asia_c26_targeted_gbp_12m_pct,post_2022,11,0.3803018122646809,0.394508006741721,0.2,0.6,29,0
raw_annual_rates,ex_games_12m_pct,oecd_asia_c26_targeted_gbp_12m_pct,post_2022,12,0.22658795728914624,0.22658795728914624,0.4,1.0,28,0
raw_annual_rates,ex_games_12m_pct,oecd_asia_c26_bls_gbp_12m_pct,full,0,-0.1782673131410473,-0.22190202928190442,0.4888888888888889,0.8555555555555555,125,0
raw_annual_rates,ex_games_12m_pct,oecd_asia_c26_bls_gbp_12m_pct,full,1,-0.06840297640640809,-0.1097261071443234,0.6333333333333333,0.9222222222222223,124,0
raw_annual_rates,ex_games_12m_pct,oecd_asia_c26_bls_gbp_12m_pct,full,2,0.03313204925716176,-0.0024686271656678706,0.9888888888888889,1.0,123,0
raw_annual_rates,ex_games_12m_pct,oecd_asia_c26_bls_gbp_12m_pct,full,3,0.1286587454503132,0.10221578551520222,0.6555555555555556,0.9222222222222223,122,0
raw_annual_rates,ex_games_12m_pct,oecd_asia_c26_bls_gbp_12m_pct,full,4,0.2253737720147582,0.2150102313963679,0.4666666666666667,0.8555555555555555,121,0
raw_annual_rates,ex_games_12m_pct,oecd_asia_c26_bls_gbp_12m_pct,full,5,0.32872297319398736,0.31723401294266107,0.28888888888888886,0.6222222222222222,120,0
raw_annual_rates,ex_games_12m_pct,oecd_asia_c26_bls_gbp_12m_pct,full,6,0.4173247996382072,0.40625693993294815,0.18888888888888888,0.45555555555555555,119,0
raw_annual_rates,ex_games_12m_pct,oecd_asia_c26_bls_gbp_12m_pct,full,7,0.49854532011870806,0.49404884161414936,0.12222222222222222,0.32222222222222224,118,0
raw_annual_rates,ex_games_12m_pct,oecd_asia_c26_bls_gbp_12m_pct,full,8,0.5263524431275857,0.5258722532288158,0.08888888888888889,0.2777777777777778,117,0
raw_annual_rates,ex_games_12m_pct,oecd_asia_c26_bls_gbp_12m_pct,full,9,0.5395911050054436,0.5467723597936426,0.08888888888888889,0.26666666666666666,116,0
raw_annual_rates,ex_games_12m_pct,oecd_asia_c26_bls_gbp_12m_pct,full,10,0.526251753029766,0.5332836483647926,0.08888888888888889,0.2777777777777778,115,0
raw_annual_rates,ex_games_12m_pct,oecd_asia_c26_bls_gbp_12m_pct,full,11,0.484368381741044,0.49239667847146107,0.12222222222222222,0.34444444444444444,114,0
raw_annual_rates,ex_games_12m_pct,oecd_asia_c26_bls_gbp_12m_pct,full,12,0.4232801450163986,0.4232801450163986,0.17777777777777778,0.4444444444444444,113,0
raw_annual_rates,ex_games_12m_pct,oecd_asia_c26_bls_gbp_12m_pct,pre_2020,0,-0.025520472916404975,-0.06327444887408534,0.9230769230769231,1.0,48,0
raw_annual_rates,ex_games_12m_pct,oecd_asia_c26_bls_gbp_12m_pct,pre_2020,1,0.10209837432726601,0.08350452889746923,0.8461538461538461,1.0,47,0
raw_annual_rates,ex_games_12m_pct,oecd_asia_c26_bls_gbp_12m_pct,pre_2020,2,0.24464861132241666,0.2439673598921842,0.6153846153846154,1.0,46,0
raw_annual_rates,ex_games_12m_pct,oecd_asia_c26_bls_gbp_12m_pct,pre_2020,3,0.3765611763220753,0.3937405948470157,0.38461538461538464,1.0,45,0
raw_annual_rates,ex_games_12m_pct,oecd_asia_c26_bls_gbp_12m_pct,pre_2020,4,0.5204983986720412,0.5498780546081491,0.3076923076923077,1.0,44,0
raw_annual_rates,ex_games_12m_pct,oecd_asia_c26_bls_gbp_12m_pct,pre_2020,5,0.6375570926016547,0.6792621443304698,0.15384615384615385,0.3076923076923077,43,0
raw_annual_rates,ex_games_12m_pct,oecd_asia_c26_bls_gbp_12m_pct,pre_2020,6,0.7221397541900867,0.7777675023956698,0.07692307692307693,0.07692307692307693,42,0
raw_annual_rates,ex_games_12m_pct,oecd_asia_c26_bls_gbp_12m_pct,pre_2020,7,0.7586749495890983,0.8305619848145204,0.07692307692307693,0.07692307692307693,41,0
raw_annual_rates,ex_games_12m_pct,oecd_asia_c26_bls_gbp_12m_pct,pre_2020,8,0.711469618849641,0.7904180707107304,0.07692307692307693,0.07692307692307693,40,0
raw_annual_rates,ex_games_12m_pct,oecd_asia_c26_bls_gbp_12m_pct,pre_2020,9,0.6814613544753256,0.7427479494200159,0.07692307692307693,0.07692307692307693,39,0
raw_annual_rates,ex_games_12m_pct,oecd_asia_c26_bls_gbp_12m_pct,pre_2020,10,0.6311116468721975,0.6911016416390788,0.07692307692307693,0.23076923076923078,38,0
raw_annual_rates,ex_games_12m_pct,oecd_asia_c26_bls_gbp_12m_pct,pre_2020,11,0.52320743154348,0.5592535824295498,0.5384615384615384,0.9230769230769231,37,0
raw_annual_rates,ex_games_12m_pct,oecd_asia_c26_bls_gbp_12m_pct,pre_2020,12,0.4353588794630457,0.4353588794630457,0.7692307692307693,1.0,36,0
raw_annual_rates,ex_games_12m_pct,oecd_asia_c26_bls_gbp_12m_pct,pandemic_2020_2022,0,-0.6575687042358419,-0.6201010694304988,1.0,1.0,36,0
raw_annual_rates,ex_games_12m_pct,oecd_asia_c26_bls_gbp_12m_pct,pandemic_2020_2022,1,-0.6682635297518267,-0.571221583945133,1.0,1.0,35,0
raw_annual_rates,ex_games_12m_pct,oecd_asia_c26_bls_gbp_12m_pct,pandemic_2020_2022,2,-0.6841447563413049,-0.5072298335627349,1.0,1.0,34,0
raw_annual_rates,ex_games_12m_pct,oecd_asia_c26_bls_gbp_12m_pct,pandemic_2020_2022,3,-0.6716330247675729,-0.4226887381336115,1.0,1.0,33,0
raw_annual_rates,ex_games_12m_pct,oecd_asia_c26_bls_gbp_12m_pct,pandemic_2020_2022,4,-0.6409359212676644,-0.32469657652982636,0.5,1.0,32,0
raw_annual_rates,ex_games_12m_pct,oecd_asia_c26_bls_gbp_12m_pct,pandemic_2020_2022,5,-0.5857821665065961,-0.24876701038942706,0.5,1.0,31,0
raw_annual_rates,ex_games_12m_pct,oecd_asia_c26_bls_gbp_12m_pct,pandemic_2020_2022,6,-0.5092687304293524,-0.1472111387273251,0.5,1.0,30,0
raw_annual_rates,ex_games_12m_pct,oecd_asia_c26_bls_gbp_12m_pct,pandemic_2020_2022,7,-0.36083369502891577,0.00736951134407111,1.0,1.0,29,0
raw_annual_rates,ex_games_12m_pct,oecd_asia_c26_bls_gbp_12m_pct,pandemic_2020_2022,8,-0.1722863102027283,0.1654901182002061,1.0,1.0,28,0
raw_annual_rates,ex_games_12m_pct,oecd_asia_c26_bls_gbp_12m_pct,pandemic_2020_2022,9,0.050946093339695644,0.2979042563364821,1.0,1.0,27,0
raw_annual_rates,ex_games_12m_pct,oecd_asia_c26_bls_gbp_12m_pct,pandemic_2020_2022,10,0.2428604859832359,0.41271626699152514,1.0,1.0,26,0
raw_annual_rates,ex_games_12m_pct,oecd_asia_c26_bls_gbp_12m_pct,pandemic_2020_2022,11,0.4320514176108292,0.5080087680168824,1.0,1.0,25,0
raw_annual_rates,ex_games_12m_pct,oecd_asia_c26_bls_gbp_12m_pct,pandemic_2020_2022,12,0.5251077377446588,0.5251077377446588,1.0,1.0,24,0
raw_annual_rates,ex_games_12m_pct,oecd_asia_c26_bls_gbp_12m_pct,post_2022,0,0.01555104840703786,-0.1047915085400694,0.3333333333333333,1.0,41,0
raw_annual_rates,ex_games_12m_pct,oecd_asia_c26_bls_gbp_12m_pct,post_2022,1,0.28640139379422364,0.1988920446463715,0.16666666666666666,1.0,40,0
raw_annual_rates,ex_games_12m_pct,oecd_asia_c26_bls_gbp_12m_pct,post_2022,2,0.41199316302022093,0.3546785534060643,0.16666666666666666,0.16666666666666666,39,0
raw_annual_rates,ex_games_12m_pct,oecd_asia_c26_bls_gbp_12m_pct,post_2022,3,0.47833515273814,0.459436577312577,0.16666666666666666,0.16666666666666666,38,0
raw_annual_rates,ex_games_12m_pct,oecd_asia_c26_bls_gbp_12m_pct,post_2022,4,0.4494857851330945,0.4877028591559129,0.16666666666666666,0.16666666666666666,37,0
raw_annual_rates,ex_games_12m_pct,oecd_asia_c26_bls_gbp_12m_pct,post_2022,5,0.47692583220885126,0.5061392704869858,0.16666666666666666,0.16666666666666666,36,0
raw_annual_rates,ex_games_12m_pct,oecd_asia_c26_bls_gbp_12m_pct,post_2022,6,0.49959599483210815,0.5100569500385045,0.16666666666666666,0.16666666666666666,35,0
raw_annual_rates,ex_games_12m_pct,oecd_asia_c26_bls_gbp_12m_pct,post_2022,7,0.6304357232690022,0.6593010003177212,0.16666666666666666,0.16666666666666666,34,0
raw_annual_rates,ex_games_12m_pct,oecd_asia_c26_bls_gbp_12m_pct,post_2022,8,0.6556122129331552,0.7060902169178513,0.16666666666666666,0.16666666666666666,33,0
raw_annual_rates,ex_games_12m_pct,oecd_asia_c26_bls_gbp_12m_pct,post_2022,9,0.6280459952884435,0.7298518796898135,0.16666666666666666,0.16666666666666666,32,0
raw_annual_rates,ex_games_12m_pct,oecd_asia_c26_bls_gbp_12m_pct,post_2022,10,0.49052072239721095,0.5829895379393929,0.16666666666666666,0.16666666666666666,31,0
raw_annual_rates,ex_games_12m_pct,oecd_asia_c26_bls_gbp_12m_pct,post_2022,11,0.3252245946763068,0.4097228571688262,0.16666666666666666,0.16666666666666666,30,0
raw_annual_rates,ex_games_12m_pct,oecd_asia_c26_bls_gbp_12m_pct,post_2022,12,0.15079433125337918,0.15079433125337918,0.5,1.0,29,0
raw_annual_rates,ex_games_12m_pct,fred_china_computer_electronics_gbp_12m_pct,full,0,-0.17024076222617293,-0.21887144624051,0.4888888888888889,0.8333333333333334,125,0
raw_annual_rates,ex_games_12m_pct,fred_china_computer_electronics_gbp_12m_pct,full,1,-0.06013502929579171,-0.10508963024892039,0.6444444444444445,0.9222222222222223,124,0
raw_annual_rates,ex_games_12m_pct,fred_china_computer_electronics_gbp_12m_pct,full,2,0.0413996953138218,0.0033993012709408973,1.0,1.0,123,0
raw_annual_rates,ex_games_12m_pct,fred_china_computer_electronics_gbp_12m_pct,full,3,0.13660068061940514,0.10812315472460646,0.6444444444444445,0.9222222222222223,122,0
raw_annual_rates,ex_games_12m_pct,fred_china_computer_electronics_gbp_12m_pct,full,4,0.23280888063826016,0.22168382217338176,0.45555555555555555,0.8333333333333334,121,0
raw_annual_rates,ex_games_12m_pct,fred_china_computer_electronics_gbp_12m_pct,full,5,0.33606805226651587,0.3237017636324386,0.28888888888888886,0.6111111111111112,120,0
raw_annual_rates,ex_games_12m_pct,fred_china_computer_electronics_gbp_12m_pct,full,6,0.4229192865297169,0.41155332945581174,0.18888888888888888,0.45555555555555555,119,0
raw_annual_rates,ex_games_12m_pct,fred_china_computer_electronics_gbp_12m_pct,full,7,0.5015250884529455,0.49788474521236054,0.1111111111111111,0.34444444444444444,118,0
raw_annual_rates,ex_games_12m_pct,fred_china_computer_electronics_gbp_12m_pct,full,8,0.5265018932440898,0.5273777215394108,0.08888888888888889,0.2777777777777778,117,0
raw_annual_rates,ex_games_12m_pct,fred_china_computer_electronics_gbp_12m_pct,full,9,0.5361350490121056,0.5450940858811141,0.08888888888888889,0.2777777777777778,116,0
raw_annual_rates,ex_games_12m_pct,fred_china_computer_electronics_gbp_12m_pct,full,10,0.5199665034893194,0.5281103352759391,0.08888888888888889,0.2777777777777778,115,0
raw_annual_rates,ex_games_12m_pct,fred_china_computer_electronics_gbp_12m_pct,full,11,0.47587285197977974,0.4846958483599579,0.12222222222222222,0.35555555555555557,114,0
raw_annual_rates,ex_games_12m_pct,fred_china_computer_electronics_gbp_12m_pct,full,12,0.41354241804506625,0.41354241804506625,0.2111111111111111,0.4444444444444444,113,0
raw_annual_rates,ex_games_12m_pct,fred_china_computer_electronics_gbp_12m_pct,pre_2020,0,-0.03931438644049755,-0.07802390281060288,0.9230769230769231,1.0,48,0
raw_annual_rates,ex_games_12m_pct,fred_china_computer_electronics_gbp_12m_pct,pre_2020,1,0.08820740237989644,0.06924565376011943,0.8461538461538461,1.0,47,0
raw_annual_rates,ex_games_12m_pct,fred_china_computer_electronics_gbp_12m_pct,pre_2020,2,0.23103015590780157,0.23087670376415545,0.6923076923076923,1.0,46,0
raw_annual_rates,ex_games_12m_pct,fred_china_computer_electronics_gbp_12m_pct,pre_2020,3,0.36243350540202035,0.3810083959590217,0.38461538461538464,1.0,45,0
raw_annual_rates,ex_games_12m_pct,fred_china_computer_electronics_gbp_12m_pct,pre_2020,4,0.5061643925927358,0.5381889798200865,0.3076923076923077,1.0,44,0
raw_annual_rates,ex_games_12m_pct,fred_china_computer_electronics_gbp_12m_pct,pre_2020,5,0.6250328059900525,0.6698227352107897,0.15384615384615385,0.6153846153846154,43,0
raw_annual_rates,ex_games_12m_pct,fred_china_computer_electronics_gbp_12m_pct,pre_2020,6,0.7096263511001195,0.7692832615845691,0.07692307692307693,0.07692307692307693,42,0
raw_annual_rates,ex_games_12m_pct,fred_china_computer_electronics_gbp_12m_pct,pre_2020,7,0.7479176670246142,0.8245839897682925,0.07692307692307693,0.07692307692307693,41,0
raw_annual_rates,ex_games_12m_pct,fred_china_computer_electronics_gbp_12m_pct,pre_2020,8,0.7057975430139695,0.7890716202945652,0.07692307692307693,0.07692307692307693,40,0
raw_annual_rates,ex_games_12m_pct,fred_china_computer_electronics_gbp_12m_pct,pre_2020,9,0.6788611016098272,0.7439927842893654,0.07692307692307693,0.07692307692307693,39,0
raw_annual_rates,ex_games_12m_pct,fred_china_computer_electronics_gbp_12m_pct,pre_2020,10,0.6315381659106707,0.6948460296876324,0.07692307692307693,0.23076923076923078,38,0
raw_annual_rates,ex_games_12m_pct,fred_china_computer_electronics_gbp_12m_pct,pre_2020,11,0.5266238979762468,0.5649972475985044,0.5384615384615384,1.0,37,0
raw_annual_rates,ex_games_12m_pct,fred_china_computer_electronics_gbp_12m_pct,pre_2020,12,0.44260285307959263,0.44260285307959263,0.7692307692307693,1.0,36,0
raw_annual_rates,ex_games_12m_pct,fred_china_computer_electronics_gbp_12m_pct,pandemic_2020_2022,0,-0.6434061854127269,-0.6003448265258075,1.0,1.0,36,0
raw_annual_rates,ex_games_12m_pct,fred_china_computer_electronics_gbp_12m_pct,pandemic_2020_2022,1,-0.6549136461351918,-0.5588233007081825,1.0,1.0,35,0
raw_annual_rates,ex_games_12m_pct,fred_china_computer_electronics_gbp_12m_pct,pandemic_2020_2022,2,-0.6730414811975179,-0.4980851898416798,1.0,1.0,34,0
raw_annual_rates,ex_games_12m_pct,fred_china_computer_electronics_gbp_12m_pct,pandemic_2020_2022,3,-0.6672681208880622,-0.4241826697826616,1.0,1.0,33,0
raw_annual_rates,ex_games_12m_pct,fred_china_computer_electronics_gbp_12m_pct,pandemic_2020_2022,4,-0.6431762009830563,-0.33741885146175005,0.5,1.0,32,0
raw_annual_rates,ex_games_12m_pct,fred_china_computer_electronics_gbp_12m_pct,pandemic_2020_2022,5,-0.5940001605644007,-0.2750334401774955,0.5,1.0,31,0
raw_annual_rates,ex_games_12m_pct,fred_china_computer_electronics_gbp_12m_pct,pandemic_2020_2022,6,-0.5239772135415086,-0.18172823851036723,0.5,1.0,30,0
raw_annual_rates,ex_games_12m_pct,fred_china_computer_electronics_gbp_12m_pct,pandemic_2020_2022,7,-0.38212183614861284,-0.031300513056195245,1.0,1.0,29,0
raw_annual_rates,ex_games_12m_pct,fred_china_computer_electronics_gbp_12m_pct,pandemic_2020_2022,8,-0.19892134109457305,0.12567535079717732,1.0,1.0,28,0
raw_annual_rates,ex_games_12m_pct,fred_china_computer_electronics_gbp_12m_pct,pandemic_2020_2022,9,0.02231675914610749,0.26273184577124337,1.0,1.0,27,0
raw_annual_rates,ex_games_12m_pct,fred_china_computer_electronics_gbp_12m_pct,pandemic_2020_2022,10,0.21044312776149887,0.3745924797183746,1.0,1.0,26,0
raw_annual_rates,ex_games_12m_pct,fred_china_computer_electronics_gbp_12m_pct,pandemic_2020_2022,11,0.40332903267700254,0.47528051805517707,1.0,1.0,25,0
raw_annual_rates,ex_games_12m_pct,fred_china_computer_electronics_gbp_12m_pct,pandemic_2020_2022,12,0.4913259167683079,0.4913259167683079,1.0,1.0,24,0
raw_annual_rates,ex_games_12m_pct,fred_china_computer_electronics_gbp_12m_pct,post_2022,0,0.05182509820873076,-0.08717877505603588,0.5,1.0,41,0
raw_annual_rates,ex_games_12m_pct,fred_china_computer_electronics_gbp_12m_pct,post_2022,1,0.3143326482529535,0.21459287321153186,0.16666666666666666,1.0,40,0
raw_annual_rates,ex_games_12m_pct,fred_china_computer_electronics_gbp_12m_pct,post_2022,2,0.4279243454910594,0.36794666472479887,0.16666666666666666,0.16666666666666666,39,0
raw_annual_rates,ex_games_12m_pct,fred_china_computer_electronics_gbp_12m_pct,post_2022,3,0.4888813230084112,0.4706788300742323,0.16666666666666666,0.16666666666666666,38,0
raw_annual_rates,ex_games_12m_pct,fred_china_computer_electronics_gbp_12m_pct,post_2022,4,0.45700097274797874,0.501060932926703,0.16666666666666666,0.16666666666666666,37,0
raw_annual_rates,ex_games_12m_pct,fred_china_computer_electronics_gbp_12m_pct,post_2022,5,0.4828471974713131,0.5139692476848675,0.16666666666666666,0.16666666666666666,36,0
raw_annual_rates,ex_games_12m_pct,fred_china_computer_electronics_gbp_12m_pct,post_2022,6,0.5034722983834077,0.5199089477913608,0.16666666666666666,0.16666666666666666,35,0
raw_annual_rates,ex_games_12m_pct,fred_china_computer_electronics_gbp_12m_pct,post_2022,7,0.6268001120567548,0.6716560160336092,0.16666666666666666,0.16666666666666666,34,0
raw_annual_rates,ex_games_12m_pct,fred_china_computer_electronics_gbp_12m_pct,post_2022,8,0.6442311184695523,0.7157189303338425,0.16666666666666666,0.16666666666666666,33,0
raw_annual_rates,ex_games_12m_pct,fred_china_computer_electronics_gbp_12m_pct,post_2022,9,0.6133575448764705,0.7387109810472097,0.16666666666666666,0.16666666666666666,32,0
raw_annual_rates,ex_games_12m_pct,fred_china_computer_electronics_gbp_12m_pct,post_2022,10,0.47834638122896994,0.585908857539523,0.16666666666666666,0.16666666666666666,31,0
raw_annual_rates,ex_games_12m_pct,fred_china_computer_electronics_gbp_12m_pct,post_2022,11,0.31343011306750906,0.4076642131537238,0.16666666666666666,0.16666666666666666,30,0
raw_annual_rates,ex_games_12m_pct,fred_china_computer_electronics_gbp_12m_pct,post_2022,12,0.1405498960707253,0.1405498960707253,0.6666666666666666,1.0,29,0
raw_annual_rates,ex_games_12m_pct,fred_japan_computer_electronics_gbp_12m_pct,full,0,-0.26585931987622463,-0.3097474309874686,0.37777777777777777,0.7333333333333333,125,0
raw_annual_rates,ex_games_12m_pct,fred_japan_computer_electronics_gbp_12m_pct,full,1,-0.15836819308118966,-0.19807655654836118,0.5666666666666667,0.9222222222222223,124,0
raw_annual_rates,ex_games_12m_pct,fred_japan_computer_electronics_gbp_12m_pct,full,2,-0.054262520278337015,-0.08646503832873316,0.7222222222222222,0.9777777777777777,123,0
raw_annual_rates,ex_games_12m_pct,fred_japan_computer_electronics_gbp_12m_pct,full,3,0.051322901525944785,0.028327538463295138,0.8888888888888888,1.0,122,0
raw_annual_rates,ex_games_12m_pct,fred_japan_computer_electronics_gbp_12m_pct,full,4,0.15633293604848184,0.14778712132033578,0.5888888888888889,0.9444444444444444,121,0
raw_annual_rates,ex_games_12m_pct,fred_japan_computer_electronics_gbp_12m_pct,full,5,0.26835761690741244,0.26155910922037473,0.4444444444444444,0.8666666666666667,120,0
raw_annual_rates,ex_games_12m_pct,fred_japan_computer_electronics_gbp_12m_pct,full,6,0.3690066624500865,0.36231618745564065,0.26666666666666666,0.6222222222222222,119,0
raw_annual_rates,ex_games_12m_pct,fred_japan_computer_electronics_gbp_12m_pct,full,7,0.45838858558762635,0.45564363025606264,0.17777777777777778,0.4444444444444444,118,0
raw_annual_rates,ex_games_12m_pct,fred_japan_computer_electronics_gbp_12m_pct,full,8,0.5008228810841316,0.49940830672936465,0.1,0.3333333333333333,117,0
raw_annual_rates,ex_games_12m_pct,fred_japan_computer_electronics_gbp_12m_pct,full,9,0.5285729480989098,0.5320059647909726,0.08888888888888889,0.26666666666666666,116,0
raw_annual_rates,ex_games_12m_pct,fred_japan_computer_electronics_gbp_12m_pct,full,10,0.5287018882926259,0.5317870721526851,0.08888888888888889,0.26666666666666666,115,0
raw_annual_rates,ex_games_12m_pct,fred_japan_computer_electronics_gbp_12m_pct,full,11,0.49829260433110756,0.5031305265802962,0.1111111111111111,0.3333333333333333,114,0
raw_annual_rates,ex_games_12m_pct,fred_japan_computer_electronics_gbp_12m_pct,full,12,0.4417356180544686,0.4417356180544686,0.2222222222222222,0.4666666666666667,113,0
raw_annual_rates,ex_games_12m_pct,fred_japan_computer_electronics_gbp_12m_pct,pre_2020,0,-0.12219241220354488,-0.15101566240148148,0.7692307692307693,1.0,48,0
raw_annual_rates,ex_games_12m_pct,fred_japan_computer_electronics_gbp_12m_pct,pre_2020,1,0.0051999926941158035,-0.0023536936589055573,1.0,1.0,47,0
raw_annual_rates,ex_games_12m_pct,fred_japan_computer_electronics_gbp_12m_pct,pre_2020,2,0.15677960237413716,0.1685674346889386,0.7692307692307693,1.0,46,0
raw_annual_rates,ex_games_12m_pct,fred_japan_computer_electronics_gbp_12m_pct,pre_2020,3,0.3033593390411388,0.3343780008513324,0.38461538461538464,1.0,45,0
raw_annual_rates,ex_games_12m_pct,fred_japan_computer_electronics_gbp_12m_pct,pre_2020,4,0.4571191879334481,0.5009425120985538,0.23076923076923078,1.0,44,0
raw_annual_rates,ex_games_12m_pct,fred_japan_computer_electronics_gbp_12m_pct,pre_2020,5,0.5875300661104568,0.6469976008349245,0.07692307692307693,0.6923076923076923,43,0
raw_annual_rates,ex_games_12m_pct,fred_japan_computer_electronics_gbp_12m_pct,pre_2020,6,0.6935999070028404,0.7702460117248134,0.07692307692307693,0.07692307692307693,42,0
raw_annual_rates,ex_games_12m_pct,fred_japan_computer_electronics_gbp_12m_pct,pre_2020,7,0.7522620316617089,0.8446041500871257,0.07692307692307693,0.07692307692307693,41,0
raw_annual_rates,ex_games_12m_pct,fred_japan_computer_electronics_gbp_12m_pct,pre_2020,8,0.7227453716168647,0.8204407514257815,0.07692307692307693,0.07692307692307693,40,0
raw_annual_rates,ex_games_12m_pct,fred_japan_computer_electronics_gbp_12m_pct,pre_2020,9,0.7071866536928137,0.7838913212323949,0.07692307692307693,0.07692307692307693,39,0
raw_annual_rates,ex_games_12m_pct,fred_japan_computer_electronics_gbp_12m_pct,pre_2020,10,0.6694379010309787,0.741970830486717,0.07692307692307693,0.07692307692307693,38,0
raw_annual_rates,ex_games_12m_pct,fred_japan_computer_electronics_gbp_12m_pct,pre_2020,11,0.5683135679717981,0.61027057395232,0.38461538461538464,0.7692307692307693,37,0
raw_annual_rates,ex_games_12m_pct,fred_japan_computer_electronics_gbp_12m_pct,pre_2020,12,0.47069419371476673,0.47069419371476673,0.6153846153846154,1.0,36,0
raw_annual_rates,ex_games_12m_pct,fred_japan_computer_electronics_gbp_12m_pct,pandemic_2020_2022,0,-0.751836964012416,-0.7949642567784592,1.0,1.0,36,0
raw_annual_rates,ex_games_12m_pct,fred_japan_computer_electronics_gbp_12m_pct,pandemic_2020_2022,1,-0.7540709899033639,-0.7428487498185348,0.5,1.0,35,0
raw_annual_rates,ex_games_12m_pct,fred_japan_computer_electronics_gbp_12m_pct,pandemic_2020_2022,2,-0.7567968715363305,-0.6665940448971777,1.0,1.0,34,0
raw_annual_rates,ex_games_12m_pct,fred_japan_computer_electronics_gbp_12m_pct,pandemic_2020_2022,3,-0.72438630588647,-0.5550597804371968,0.5,1.0,33,0
raw_annual_rates,ex_games_12m_pct,fred_japan_computer_electronics_gbp_12m_pct,pandemic_2020_2022,4,-0.6697177250972421,-0.41803720094630586,0.5,1.0,32,0
raw_annual_rates,ex_games_12m_pct,fred_japan_computer_electronics_gbp_12m_pct,pandemic_2020_2022,5,-0.5776911689165215,-0.2624773612674701,0.5,1.0,31,0
raw_annual_rates,ex_games_12m_pct,fred_japan_computer_electronics_gbp_12m_pct,pandemic_2020_2022,6,-0.4538029391048076,-0.08331207989146151,0.5,1.0,30,0
raw_annual_rates,ex_games_12m_pct,fred_japan_computer_electronics_gbp_12m_pct,pandemic_2020_2022,7,-0.2814446339367433,0.08846438975884345,1.0,1.0,29,0
raw_annual_rates,ex_games_12m_pct,fred_japan_computer_electronics_gbp_12m_pct,pandemic_2020_2022,8,-0.05277974739254544,0.28070643212399216,1.0,1.0,28,0
raw_annual_rates,ex_games_12m_pct,fred_japan_computer_electronics_gbp_12m_pct,pandemic_2020_2022,9,0.16870432876397795,0.3966186762135166,1.0,1.0,27,0
raw_annual_rates,ex_games_12m_pct,fred_japan_computer_electronics_gbp_12m_pct,pandemic_2020_2022,10,0.3842355769521256,0.5384805321945673,0.5,1.0,26,0
raw_annual_rates,ex_games_12m_pct,fred_japan_computer_electronics_gbp_12m_pct,pandemic_2020_2022,11,0.5848319837271359,0.6530360757707803,0.5,1.0,25,0
raw_annual_rates,ex_games_12m_pct,fred_japan_computer_electronics_gbp_12m_pct,pandemic_2020_2022,12,0.6795415038471313,0.6795415038471313,0.5,1.0,24,0
raw_annual_rates,ex_games_12m_pct,fred_japan_computer_electronics_gbp_12m_pct,post_2022,0,0.0105272052319422,-0.08980098532025393,0.6666666666666666,1.0,41,0
raw_annual_rates,ex_games_12m_pct,fred_japan_computer_electronics_gbp_12m_pct,post_2022,1,0.269927549178331,0.2025411645802109,0.3333333333333333,1.0,40,0
raw_annual_rates,ex_games_12m_pct,fred_japan_computer_electronics_gbp_12m_pct,post_2022,2,0.38272316048738086,0.357782907979925,0.16666666666666666,0.5,39,0
raw_annual_rates,ex_games_12m_pct,fred_japan_computer_electronics_gbp_12m_pct,post_2022,3,0.4622663646955373,0.47612411078821393,0.16666666666666666,0.16666666666666666,38,0
raw_annual_rates,ex_games_12m_pct,fred_japan_computer_electronics_gbp_12m_pct,post_2022,4,0.453507086992289,0.5125459486222005,0.16666666666666666,0.16666666666666666,37,0
raw_annual_rates,ex_games_12m_pct,fred_japan_computer_electronics_gbp_12m_pct,post_2022,5,0.49167224314103136,0.5566192135958983,0.16666666666666666,0.16666666666666666,36,0
raw_annual_rates,ex_games_12m_pct,fred_japan_computer_electronics_gbp_12m_pct,post_2022,6,0.516016125638612,0.555191265264088,0.16666666666666666,0.16666666666666666,35,0
raw_annual_rates,ex_games_12m_pct,fred_japan_computer_electronics_gbp_12m_pct,post_2022,7,0.6199483441309942,0.6476237623287266,0.16666666666666666,0.16666666666666666,34,0
raw_annual_rates,ex_games_12m_pct,fred_japan_computer_electronics_gbp_12m_pct,post_2022,8,0.6536810873108174,0.6745115666342525,0.16666666666666666,0.16666666666666666,33,0
raw_annual_rates,ex_games_12m_pct,fred_japan_computer_electronics_gbp_12m_pct,post_2022,9,0.6349813330548749,0.6796072183233763,0.16666666666666666,0.16666666666666666,32,0
raw_annual_rates,ex_games_12m_pct,fred_japan_computer_electronics_gbp_12m_pct,post_2022,10,0.4916065995248694,0.5271567060787561,0.16666666666666666,0.16666666666666666,31,0
raw_annual_rates,ex_games_12m_pct,fred_japan_computer_electronics_gbp_12m_pct,post_2022,11,0.32101035530391847,0.3626501155559408,0.16666666666666666,0.5,30,0
raw_annual_rates,ex_games_12m_pct,fred_japan_computer_electronics_gbp_12m_pct,post_2022,12,0.1280623561306171,0.1280623561306171,0.5,1.0,29,0
raw_annual_rates,ex_games_12m_pct,fred_asian_nie_computer_electronics_gbp_12m_pct,full,0,-0.16419033766462132,-0.19625777962989535,0.5333333333333333,0.8666666666666667,125,0
raw_annual_rates,ex_games_12m_pct,fred_asian_nie_computer_electronics_gbp_12m_pct,full,1,-0.06570160507652958,-0.09379998978832803,0.7222222222222222,1.0,124,0
raw_annual_rates,ex_games_12m_pct,fred_asian_nie_computer_electronics_gbp_12m_pct,full,2,0.028053741312396418,0.0036744996289021416,1.0,1.0,123,0
raw_annual_rates,ex_games_12m_pct,fred_asian_nie_computer_electronics_gbp_12m_pct,full,3,0.11728313895788933,0.10152807493599787,0.7222222222222222,1.0,122,0
raw_annual_rates,ex_games_12m_pct,fred_asian_nie_computer_electronics_gbp_12m_pct,full,4,0.2098831710951114,0.20548109689991384,0.4777777777777778,0.8666666666666667,121,0
raw_annual_rates,ex_games_12m_pct,fred_asian_nie_computer_electronics_gbp_12m_pct,full,5,0.3075258347933105,0.3014435865687674,0.3111111111111111,0.6666666666666666,120,0
raw_annual_rates,ex_games_12m_pct,fred_asian_nie_computer_electronics_gbp_12m_pct,full,6,0.39648291715670564,0.3885412249683139,0.2,0.4666666666666667,119,0
raw_annual_rates,ex_games_12m_pct,fred_asian_nie_computer_electronics_gbp_12m_pct,full,7,0.48353084559846626,0.4779027213225622,0.1,0.28888888888888886,118,0
raw_annual_rates,ex_games_12m_pct,fred_asian_nie_computer_electronics_gbp_12m_pct,full,8,0.5176975211873293,0.5141933244141641,0.1,0.2777777777777778,117,0
raw_annual_rates,ex_games_12m_pct,fred_asian_nie_computer_electronics_gbp_12m_pct,full,9,0.541306264384114,0.543519830754646,0.08888888888888889,0.24444444444444444,116,0
raw_annual_rates,ex_games_12m_pct,fred_asian_nie_computer_electronics_gbp_12m_pct,full,10,0.5361109594461952,0.5401664513732017,0.08888888888888889,0.24444444444444444,115,0
raw_annual_rates,ex_games_12m_pct,fred_asian_nie_computer_electronics_gbp_12m_pct,full,11,0.5007986301818615,0.506540687372638,0.1,0.2777777777777778,114,0
raw_annual_rates,ex_games_12m_pct,fred_asian_nie_computer_electronics_gbp_12m_pct,full,12,0.4450853636070988,0.4450853636070988,0.1111111111111111,0.3111111111111111,113,0
raw_annual_rates,ex_games_12m_pct,fred_asian_nie_computer_electronics_gbp_12m_pct,pre_2020,0,0.07574238699299682,0.04014926807670864,1.0,1.0,48,0
raw_annual_rates,ex_games_12m_pct,fred_asian_nie_computer_electronics_gbp_12m_pct,pre_2020,1,0.20172071446657341,0.18196874220815573,0.6923076923076923,1.0,47,0
raw_annual_rates,ex_games_12m_pct,fred_asian_nie_computer_electronics_gbp_12m_pct,pre_2020,2,0.33699075957645175,0.3307985416583694,0.5384615384615384,1.0,46,0
raw_annual_rates,ex_games_12m_pct,fred_asian_nie_computer_electronics_gbp_12m_pct,pre_2020,3,0.4631667561663923,0.4706439557856139,0.3076923076923077,1.0,45,0
raw_annual_rates,ex_games_12m_pct,fred_asian_nie_computer_electronics_gbp_12m_pct,pre_2020,4,0.6015668199240488,0.615796936519972,0.23076923076923078,0.7692307692307693,44,0
raw_annual_rates,ex_games_12m_pct,fred_asian_nie_computer_electronics_gbp_12m_pct,pre_2020,5,0.7030823344032262,0.7265263813447628,0.07692307692307693,0.07692307692307693,43,0
raw_annual_rates,ex_games_12m_pct,fred_asian_nie_computer_electronics_gbp_12m_pct,pre_2020,6,0.7780134690458514,0.8096179101555298,0.07692307692307693,0.07692307692307693,42,0
raw_annual_rates,ex_games_12m_pct,fred_asian_nie_computer_electronics_gbp_12m_pct,pre_2020,7,0.7977288178597449,0.8416746799100322,0.07692307692307693,0.07692307692307693,41,0
raw_annual_rates,ex_games_12m_pct,fred_asian_nie_computer_electronics_gbp_12m_pct,pre_2020,8,0.7218379160340253,0.7743815180834491,0.07692307692307693,0.07692307692307693,40,0
raw_annual_rates,ex_games_12m_pct,fred_asian_nie_computer_electronics_gbp_12m_pct,pre_2020,9,0.6729105157576395,0.7110040244348486,0.07692307692307693,0.07692307692307693,39,0
raw_annual_rates,ex_games_12m_pct,fred_asian_nie_computer_electronics_gbp_12m_pct,pre_2020,10,0.6048904534048638,0.6446735921682754,0.15384615384615385,0.6153846153846154,38,0
raw_annual_rates,ex_games_12m_pct,fred_asian_nie_computer_electronics_gbp_12m_pct,pre_2020,11,0.4824372567945646,0.505271728926514,0.6923076923076923,1.0,37,0
raw_annual_rates,ex_games_12m_pct,fred_asian_nie_computer_electronics_gbp_12m_pct,pre_2020,12,0.38222138489445,0.38222138489445,0.7692307692307693,1.0,36,0
raw_annual_rates,ex_games_12m_pct,fred_asian_nie_computer_electronics_gbp_12m_pct,pandemic_2020_2022,0,-0.6683129803124926,-0.5993332283357972,1.0,1.0,36,0
raw_annual_rates,ex_games_12m_pct,fred_asian_nie_computer_electronics_gbp_12m_pct,pandemic_2020_2022,1,-0.678819487496124,-0.5298303903992955,1.0,1.0,35,0
raw_annual_rates,ex_games_12m_pct,fred_asian_nie_computer_electronics_gbp_12m_pct,pandemic_2020_2022,2,-0.6907597769588453,-0.4620716842996567,1.0,1.0,34,0
raw_annual_rates,ex_games_12m_pct,fred_asian_nie_computer_electronics_gbp_12m_pct,pandemic_2020_2022,3,-0.6605205722447889,-0.35601918964345725,1.0,1.0,33,0
raw_annual_rates,ex_games_12m_pct,fred_asian_nie_computer_electronics_gbp_12m_pct,pandemic_2020_2022,4,-0.6152705420730146,-0.23932916231806126,0.5,1.0,32,0
raw_annual_rates,ex_games_12m_pct,fred_asian_nie_computer_electronics_gbp_12m_pct,pandemic_2020_2022,5,-0.5517272350772905,-0.1506482145243363,0.5,1.0,31,0
raw_annual_rates,ex_games_12m_pct,fred_asian_nie_computer_electronics_gbp_12m_pct,pandemic_2020_2022,6,-0.46873068853033345,-0.053536457666844714,1.0,1.0,30,0
raw_annual_rates,ex_games_12m_pct,fred_asian_nie_computer_electronics_gbp_12m_pct,pandemic_2020_2022,7,-0.3087726101075519,0.10261345679537562,1.0,1.0,29,0
raw_annual_rates,ex_games_12m_pct,fred_asian_nie_computer_electronics_gbp_12m_pct,pandemic_2020_2022,8,-0.12163189675128064,0.24662716431669182,1.0,1.0,28,0
raw_annual_rates,ex_games_12m_pct,fred_asian_nie_computer_electronics_gbp_12m_pct,pandemic_2020_2022,9,0.10210272501518522,0.3650339805436577,1.0,1.0,27,0
raw_annual_rates,ex_games_12m_pct,fred_asian_nie_computer_electronics_gbp_12m_pct,pandemic_2020_2022,10,0.2904096906038065,0.47559846876556017,1.0,1.0,26,0
raw_annual_rates,ex_games_12m_pct,fred_asian_nie_computer_electronics_gbp_12m_pct,pandemic_2020_2022,11,0.45549985264591186,0.5433550998057542,1.0,1.0,25,0
raw_annual_rates,ex_games_12m_pct,fred_asian_nie_computer_electronics_gbp_12m_pct,pandemic_2020_2022,12,0.5599095908242676,0.5599095908242676,1.0,1.0,24,0
raw_annual_rates,ex_games_12m_pct,fred_asian_nie_computer_electronics_gbp_12m_pct,post_2022,0,-0.09583133629659948,-0.18221637597902882,0.3333333333333333,1.0,41,0
raw_annual_rates,ex_games_12m_pct,fred_asian_nie_computer_electronics_gbp_12m_pct,post_2022,1,0.10801762826387909,0.11304924857178923,0.3333333333333333,1.0,40,0
raw_annual_rates,ex_games_12m_pct,fred_asian_nie_computer_electronics_gbp_12m_pct,post_2022,2,0.24999416046047254,0.2690123619786424,0.16666666666666666,1.0,39,0
raw_annual_rates,ex_games_12m_pct,fred_asian_nie_computer_electronics_gbp_12m_pct,post_2022,3,0.335239262679164,0.3702925271977971,0.16666666666666666,0.5,38,0
raw_annual_rates,ex_games_12m_pct,fred_asian_nie_computer_electronics_gbp_12m_pct,post_2022,4,0.3317231815106807,0.3839503231842439,0.16666666666666666,0.3333333333333333,37,0
raw_annual_rates,ex_games_12m_pct,fred_asian_nie_computer_electronics_gbp_12m_pct,post_2022,5,0.37215786458523703,0.41607393943574583,0.16666666666666666,0.16666666666666666,36,0
raw_annual_rates,ex_games_12m_pct,fred_asian_nie_computer_electronics_gbp_12m_pct,post_2022,6,0.4050854375323222,0.4126905491585289,0.16666666666666666,0.16666666666666666,35,0
raw_annual_rates,ex_games_12m_pct,fred_asian_nie_computer_electronics_gbp_12m_pct,post_2022,7,0.5691126697820612,0.5619869285708158,0.16666666666666666,0.16666666666666666,34,0
raw_annual_rates,ex_games_12m_pct,fred_asian_nie_computer_electronics_gbp_12m_pct,post_2022,8,0.6319147623762161,0.6253510500111317,0.16666666666666666,0.16666666666666666,33,0
raw_annual_rates,ex_games_12m_pct,fred_asian_nie_computer_electronics_gbp_12m_pct,post_2022,9,0.6304213137734586,0.6580511850977023,0.16666666666666666,0.16666666666666666,32,0
raw_annual_rates,ex_games_12m_pct,fred_asian_nie_computer_electronics_gbp_12m_pct,post_2022,10,0.5047829030241308,0.550310895611502,0.16666666666666666,0.16666666666666666,31,0
raw_annual_rates,ex_games_12m_pct,fred_asian_nie_computer_electronics_gbp_12m_pct,post_2022,11,0.35582490173511006,0.40820593423755847,0.16666666666666666,0.16666666666666666,30,0
raw_annual_rates,ex_games_12m_pct,fred_asian_nie_computer_electronics_gbp_12m_pct,post_2022,12,0.19488462289343614,0.19488462289343614,0.5,1.0,29,0
prewhitened_ar,headline_12m_pct,jp_epi_electronics_gbp_12m_pct,full,0,-0.08774806717484444,-0.04590376027318416,0.7215189873417721,1.0,114,12
prewhitened_ar,headline_12m_pct,jp_epi_electronics_gbp_12m_pct,full,1,0.03911121524301038,0.05067589314322713,0.6835443037974683,1.0,113,12
prewhitened_ar,headline_12m_pct,jp_epi_electronics_gbp_12m_pct,full,2,-0.0048765500505324345,-0.032832950182926035,0.7848101265822784,1.0,112,12
prewhitened_ar,headline_12m_pct,jp_epi_electronics_gbp_12m_pct,full,3,0.049282158886426196,0.07894410901337257,0.4810126582278481,1.0,111,12
prewhitened_ar,headline_12m_pct,jp_epi_electronics_gbp_12m_pct,full,4,-0.04014452545743669,-0.044589441727219965,0.7341772151898734,1.0,110,12
prewhitened_ar,headline_12m_pct,jp_epi_electronics_gbp_12m_pct,full,5,0.12014143171657637,0.10707785883101859,0.3291139240506329,1.0,109,12
prewhitened_ar,headline_12m_pct,jp_epi_electronics_gbp_12m_pct,full,6,-0.28980555707334527,-0.31164103424686457,0.012658227848101266,0.012658227848101266,108,12
prewhitened_ar,headline_12m_pct,jp_epi_electronics_gbp_12m_pct,full,7,-0.02715252460884096,-0.023950358653241327,0.7974683544303798,1.0,107,12
prewhitened_ar,headline_12m_pct,jp_epi_electronics_gbp_12m_pct,full,8,0.044618535061508584,0.045795947426655055,0.620253164556962,1.0,106,12
prewhitened_ar,headline_12m_pct,jp_epi_electronics_gbp_12m_pct,full,9,0.1262286562791768,0.11450531508500401,0.26582278481012656,1.0,105,12
prewhitened_ar,headline_12m_pct,jp_epi_electronics_gbp_12m_pct,full,10,0.03698689879815205,0.04639772006989034,0.6075949367088608,1.0,104,12
prewhitened_ar,headline_12m_pct,jp_epi_electronics_gbp_12m_pct,full,11,0.19664143617819463,0.1929913585178048,0.012658227848101266,0.379746835443038,103,12
prewhitened_ar,headline_12m_pct,jp_epi_electronics_gbp_12m_pct,full,12,0.11018329110214166,0.11018329110214166,0.21518987341772153,1.0,102,12
prewhitened_ar,headline_12m_pct,jp_epi_electronics_gbp_12m_pct,pre_2020,0,0.12015016041888171,0.1652016225836085,0.5,1.0,36,12
prewhitened_ar,headline_12m_pct,jp_epi_electronics_gbp_12m_pct,pre_2020,1,0.02449985181203083,-0.154660452613181,1.0,1.0,35,12
prewhitened_ar,headline_12m_pct,jp_epi_electronics_gbp_12m_pct,pre_2020,2,-0.2023375410416541,-0.14138036783142363,0.5,1.0,34,12
prewhitened_ar,headline_12m_pct,jp_epi_electronics_gbp_12m_pct,pre_2020,3,0.18553040409342544,0.12989142788992122,1.0,1.0,33,12
prewhitened_ar,headline_12m_pct,jp_epi_electronics_gbp_12m_pct,pre_2020,4,-0.2165388962463318,-0.138266237335259,1.0,1.0,32,12
prewhitened_ar,headline_12m_pct,jp_epi_electronics_gbp_12m_pct,pre_2020,5,0.19009609358096938,0.2939859175636211,0.5,1.0,31,12
prewhitened_ar,headline_12m_pct,jp_epi_electronics_gbp_12m_pct,pre_2020,6,-0.14592136519254412,-0.22250623998576768,0.5,1.0,30,12
prewhitened_ar,headline_12m_pct,jp_epi_electronics_gbp_12m_pct,pre_2020,7,0.19253457088269924,0.18283285047954612,0.5,1.0,29,12
prewhitened_ar,headline_12m_pct,jp_epi_electronics_gbp_12m_pct,pre_2020,8,-0.035340240844278725,-0.021110301824646575,1.0,1.0,28,12
prewhitened_ar,headline_12m_pct,jp_epi_electronics_gbp_12m_pct,pre_2020,9,-0.05007775929068955,-0.106020804482856,0.5,1.0,27,12
prewhitened_ar,headline_12m_pct,jp_epi_electronics_gbp_12m_pct,pre_2020,10,-0.0018763548279304638,-0.03191953271511155,1.0,1.0,26,12
prewhitened_ar,headline_12m_pct,jp_epi_electronics_gbp_12m_pct,pre_2020,11,0.10124942320068575,0.09553010031979985,1.0,1.0,25,12
prewhitened_ar,headline_12m_pct,jp_epi_electronics_gbp_12m_pct,pre_2020,12,0.046979656911585455,0.046979656911585455,1.0,1.0,24,12
prewhitened_ar,headline_12m_pct,jp_epi_electronics_gbp_12m_pct,pandemic_2020_2022,0,-0.17364108338822815,-0.2872474351899927,0.5,1.0,36,12
prewhitened_ar,headline_12m_pct,jp_epi_electronics_gbp_12m_pct,pandemic_2020_2022,1,0.14083411921465805,0.05962075189201069,1.0,1.0,35,12
prewhitened_ar,headline_12m_pct,jp_epi_electronics_gbp_12m_pct,pandemic_2020_2022,2,0.04862092760960029,0.09142197213668111,0.5,1.0,34,12
prewhitened_ar,headline_12m_pct,jp_epi_electronics_gbp_12m_pct,pandemic_2020_2022,3,0.011023652190195911,0.1700621549816901,0.5,1.0,33,12
prewhitened_ar,headline_12m_pct,jp_epi_electronics_gbp_12m_pct,pandemic_2020_2022,4,0.22184031484933758,0.2560234818614398,1.0,1.0,32,12
prewhitened_ar,headline_12m_pct,jp_epi_electronics_gbp_12m_pct,pandemic_2020_2022,5,0.020638030180847845,0.058387386963354666,1.0,1.0,31,12
prewhitened_ar,headline_12m_pct,jp_epi_electronics_gbp_12m_pct,pandemic_2020_2022,6,-0.38762197461844566,-0.37203123104973385,0.5,0.5,30,12
prewhitened_ar,headline_12m_pct,jp_epi_electronics_gbp_12m_pct,pandemic_2020_2022,7,-0.3675584269856205,-0.4098219054284112,0.5,0.5,29,12
prewhitened_ar,headline_12m_pct,jp_epi_electronics_gbp_12m_pct,pandemic_2020_2022,8,0.11892261757217264,0.13118332223301893,1.0,1.0,28,12
prewhitened_ar,headline_12m_pct,jp_epi_electronics_gbp_12m_pct,pandemic_2020_2022,9,-0.050566378161436956,0.004807532539542851,1.0,1.0,27,12
prewhitened_ar,headline_12m_pct,jp_epi_electronics_gbp_12m_pct,pandemic_2020_2022,10,0.19282548083165435,0.2176606923354621,1.0,1.0,26,12
prewhitened_ar,headline_12m_pct,jp_epi_electronics_gbp_12m_pct,pandemic_2020_2022,11,0.3636986108892544,0.35527073018912,0.5,1.0,25,12
prewhitened_ar,headline_12m_pct,jp_epi_electronics_gbp_12m_pct,pandemic_2020_2022,12,0.05684452184749723,0.05684452184749723,1.0,1.0,24,12
prewhitened_ar,headline_12m_pct,jp_epi_electronics_gbp_12m_pct,post_2022,0,-0.16837493886385377,-0.07200055660048453,0.7142857142857143,1.0,42,12
prewhitened_ar,headline_12m_pct,jp_epi_electronics_gbp_12m_pct,post_2022,1,-0.03268566273488827,-0.056417168018252334,0.7142857142857143,1.0,41,12
prewhitened_ar,headline_12m_pct,jp_epi_electronics_gbp_12m_pct,post_2022,2,0.0896911462621825,-0.01760907598385138,0.8571428571428571,1.0,40,12
prewhitened_ar,headline_12m_pct,jp_epi_electronics_gbp_12m_pct,post_2022,3,0.031326484539890856,0.1286393632808762,0.2857142857142857,1.0,39,12
prewhitened_ar,headline_12m_pct,jp_epi_electronics_gbp_12m_pct,post_2022,4,-0.19431899075141282,-0.3232911727292665,0.14285714285714285,0.5714285714285714,38,12
prewhitened_ar,headline_12m_pct,jp_epi_electronics_gbp_12m_pct,post_2022,5,0.279940604886103,0.23332736574654298,0.2857142857142857,1.0,37,12
prewhitened_ar,headline_12m_pct,jp_epi_electronics_gbp_12m_pct,post_2022,6,-0.19020313632492522,-0.30566025492988913,0.14285714285714285,0.5714285714285714,36,12
prewhitened_ar,headline_12m_pct,jp_epi_electronics_gbp_12m_pct,post_2022,7,0.17170386196267015,0.19175867779905076,0.42857142857142855,1.0,35,12
prewhitened_ar,headline_12m_pct,jp_epi_electronics_gbp_12m_pct,post_2022,8,0.09517435908199103,0.08221226606605808,0.7142857142857143,1.0,34,12
prewhitened_ar,headline_12m_pct,jp_epi_electronics_gbp_12m_pct,post_2022,9,0.3805472995653492,0.33990041316667735,0.2857142857142857,0.5714285714285714,33,12
prewhitened_ar,headline_12m_pct,jp_epi_electronics_gbp_12m_pct,post_2022,10,0.04760190601013017,0.09406459914025478,0.7142857142857143,1.0,32,12
prewhitened_ar,headline_12m_pct,jp_epi_electronics_gbp_12m_pct,post_2022,11,0.0862832689507748,0.055068292273049886,0.7142857142857143,1.0,31,12
prewhitened_ar,headline_12m_pct,jp_epi_electronics_gbp_12m_pct,post_2022,12,0.1311849773664047,0.1311849773664047,0.42857142857142855,1.0,30,12
prewhitened_ar,headline_12m_pct,kr_epi_tech_gbp_12m_pct,full,0,-0.049714526394634986,-0.04557121654230857,0.6521739130434783,1.0,58,12
prewhitened_ar,headline_12m_pct,kr_epi_tech_gbp_12m_pct,full,1,0.06902504030522517,0.05336130110610203,0.782608695652174,1.0,57,12
prewhitened_ar,headline_12m_pct,kr_epi_tech_gbp_12m_pct,full,2,-0.1049850398593157,-0.08640467898788257,0.6086956521739131,1.0,56,12
prewhitened_ar,headline_12m_pct,kr_epi_tech_gbp_12m_pct,full,3,-0.18159595139182236,-0.1600633447022863,0.2608695652173913,1.0,55,12
prewhitened_ar,headline_12m_pct,kr_epi_tech_gbp_12m_pct,full,4,0.044946480556111994,0.07272240477278273,0.6521739130434783,1.0,54,12
prewhitened_ar,headline_12m_pct,kr_epi_tech_gbp_12m_pct,full,5,0.06378126415334169,-0.018172842849153516,1.0,1.0,53,12
prewhitened_ar,headline_12m_pct,kr_epi_tech_gbp_12m_pct,full,6,-0.31941417348391404,-0.45120952323557423,0.043478260869565216,0.043478260869565216,52,12
prewhitened_ar,headline_12m_pct,kr_epi_tech_gbp_12m_pct,full,7,-0.31037997060567474,-0.3011036423777182,0.043478260869565216,0.2608695652173913,51,12
prewhitened_ar,headline_12m_pct,kr_epi_tech_gbp_12m_pct,full,8,0.0905612022187765,0.07785508929814697,0.6521739130434783,1.0,50,12
prewhitened_ar,headline_12m_pct,kr_epi_tech_gbp_12m_pct,full,9,-0.03851670625658209,-0.04093798270986737,0.7391304347826086,1.0,49,12
prewhitened_ar,headline_12m_pct,kr_epi_tech_gbp_12m_pct,full,10,-0.07648373114745541,-0.0795932018298094,0.6956521739130435,1.0,48,12
prewhitened_ar,headline_12m_pct,kr_epi_tech_gbp_12m_pct,full,11,0.11315804978151367,0.12646027272240534,0.5217391304347826,1.0,47,12
prewhitened_ar,headline_12m_pct,kr_epi_tech_gbp_12m_pct,full,12,0.010447793454098278,0.010447793454098278,0.9565217391304348,1.0,46,12
prewhitened_ar,headline_12m_pct,kr_epi_tech_gbp_12m_pct,pandemic_2020_2022,0,-0.09083164219421865,-0.22092597230981936,0.5,1.0,33,12
prewhitened_ar,headline_12m_pct,kr_epi_tech_gbp_12m_pct,pandemic_2020_2022,1,0.2422156823864415,0.15754705954499443,0.5,1.0,32,12
prewhitened_ar,headline_12m_pct,kr_epi_tech_gbp_12m_pct,pandemic_2020_2022,2,0.09636477343480332,0.2903249813084979,0.5,1.0,31,12
prewhitened_ar,headline_12m_pct,kr_epi_tech_gbp_12m_pct,pandemic_2020_2022,3,-0.29475891720304165,-0.12792670034074213,1.0,1.0,30,12
prewhitened_ar,headline_12m_pct,kr_epi_tech_gbp_12m_pct,pandemic_2020_2022,4,0.29997443862187306,0.27158882080747626,0.5,1.0,29,12
prewhitened_ar,headline_12m_pct,kr_epi_tech_gbp_12m_pct,pandemic_2020_2022,5,-0.008736375495206518,-0.039112470505449984,0.5,1.0,28,12
prewhitened_ar,headline_12m_pct,kr_epi_tech_gbp_12m_pct,pandemic_2020_2022,6,-0.3136788441227065,-0.403152597065269,0.5,1.0,27,12
prewhitened_ar,headline_12m_pct,kr_epi_tech_gbp_12m_pct,pandemic_2020_2022,7,-0.2606888702321629,-0.43441224032402836,0.5,0.5,26,12
prewhitened_ar,headline_12m_pct,kr_epi_tech_gbp_12m_pct,pandemic_2020_2022,8,0.1411262651068604,0.15931003849072287,1.0,1.0,25,12
prewhitened_ar,headline_12m_pct,kr_epi_tech_gbp_12m_pct,pandemic_2020_2022,9,-0.11662180179136146,-0.09104447011724004,1.0,1.0,24,12
prewhitened_ar,headline_12m_pct,kr_epi_tech_gbp_12m_pct,pandemic_2020_2022,10,0.32171187384512023,0.26036747718023384,0.5,1.0,23,12
prewhitened_ar,headline_12m_pct,kr_epi_tech_gbp_12m_pct,pandemic_2020_2022,11,0.15126010363075804,0.08193034254976445,1.0,1.0,22,12
prewhitened_ar,headline_12m_pct,kr_epi_tech_gbp_12m_pct,pandemic_2020_2022,12,0.16407731482333554,0.16407731482333554,1.0,1.0,21,12
prewhitened_ar,headline_12m_pct,kr_epi_tech_gbp_12m_pct,post_2022,0,0.0403424525732301,-0.027420977780054326,1.0,1.0,25,12
prewhitened_ar,headline_12m_pct,kr_epi_tech_gbp_12m_pct,post_2022,1,-0.04277358334305922,-0.47323362916561745,0.5,1.0,24,12
prewhitened_ar,headline_12m_pct,kr_epi_tech_gbp_12m_pct,post_2022,2,-0.22575415011166522,-0.5167897471703938,1.0,1.0,23,12
prewhitened_ar,headline_12m_pct,kr_epi_tech_gbp_12m_pct,post_2022,3,0.006403228481730968,0.17310691664742078,1.0,1.0,22,12
prewhitened_ar,headline_12m_pct,kr_epi_tech_gbp_12m_pct,post_2022,4,-0.09326044363483442,-0.21905159240084285,0.5,1.0,21,12
prewhitened_ar,headline_12m_pct,kr_epi_tech_gbp_12m_pct,post_2022,5,0.4101679501712016,0.2650913830134589,1.0,1.0,20,12
prewhitened_ar,headline_12m_pct,kr_epi_tech_gbp_12m_pct,post_2022,6,-0.07288641738898555,-0.5644552631879779,0.5,0.5,19,12
prewhitened_ar,headline_12m_pct,kr_epi_tech_gbp_12m_pct,post_2022,7,-0.41094743142523743,-0.39197059883756563,1.0,1.0,18,12
prewhitened_ar,headline_12m_pct,kr_epi_tech_gbp_12m_pct,post_2022,8,0.1985551066717364,0.21605586001572052,1.0,1.0,17,12
prewhitened_ar,headline_12m_pct,kr_epi_tech_gbp_12m_pct,post_2022,9,-0.025729480018414002,0.06525844603440985,1.0,1.0,16,12
prewhitened_ar,headline_12m_pct,kr_epi_tech_gbp_12m_pct,post_2022,10,-0.26088091672815056,-0.21931594365654408,0.5,1.0,15,12
prewhitened_ar,headline_12m_pct,kr_epi_tech_gbp_12m_pct,post_2022,11,0.1771873880341775,0.3180838181815095,0.5,1.0,14,12
prewhitened_ar,headline_12m_pct,kr_epi_tech_gbp_12m_pct,post_2022,12,-0.06792333456715524,-0.06792333456715524,1.0,1.0,13,12
prewhitened_ar,headline_12m_pct,cn_ppi_tech_gbp_12m_pct,full,0,0.011240577766831293,-0.09269661121450924,0.8181818181818182,1.0,46,12
prewhitened_ar,headline_12m_pct,cn_ppi_tech_gbp_12m_pct,full,1,0.20130824753354312,0.14814793443599436,0.45454545454545453,1.0,45,12
prewhitened_ar,headline_12m_pct,cn_ppi_tech_gbp_12m_pct,full,2,-0.22276012843444185,-0.23500792061366085,0.2727272727272727,1.0,44,12
prewhitened_ar,headline_12m_pct,cn_ppi_tech_gbp_12m_pct,full,3,-0.06419473487974806,-0.09478867846848689,0.6363636363636364,1.0,43,12
prewhitened_ar,headline_12m_pct,cn_ppi_tech_gbp_12m_pct,full,4,-0.10142621103899821,-0.12870449967842518,0.5454545454545454,1.0,42,12
prewhitened_ar,headline_12m_pct,cn_ppi_tech_gbp_12m_pct,full,5,-0.019473020386998188,-0.004542921270113738,1.0,1.0,41,12
prewhitened_ar,headline_12m_pct,cn_ppi_tech_gbp_12m_pct,full,6,-0.2815919598474178,-0.37321854235981744,0.09090909090909091,0.6363636363636364,40,12
prewhitened_ar,headline_12m_pct,cn_ppi_tech_gbp_12m_pct,full,7,0.06266695204148047,0.06089227639756141,0.7272727272727273,1.0,39,12
prewhitened_ar,headline_12m_pct,cn_ppi_tech_gbp_12m_pct,full,8,0.09458507607506894,0.07480134589495017,0.7272727272727273,1.0,38,12
prewhitened_ar,headline_12m_pct,cn_ppi_tech_gbp_12m_pct,full,9,0.34163650834193415,0.3637606009286601,0.18181818181818182,0.6363636363636364,37,12
prewhitened_ar,headline_12m_pct,cn_ppi_tech_gbp_12m_pct,full,10,0.28312283368303853,0.25244566882274705,0.18181818181818182,1.0,36,12
prewhitened_ar,headline_12m_pct,cn_ppi_tech_gbp_12m_pct,full,11,-0.030722447477187723,0.0068117285123514126,1.0,1.0,35,12
prewhitened_ar,headline_12m_pct,cn_ppi_tech_gbp_12m_pct,full,12,0.3960358913039147,0.3960358913039147,0.09090909090909091,0.45454545454545453,34,12
prewhitened_ar,headline_12m_pct,cn_ppi_tech_gbp_12m_pct,post_2022,0,-0.08031643640934598,-0.24845121326181271,0.5,1.0,36,12
prewhitened_ar,headline_12m_pct,cn_ppi_tech_gbp_12m_pct,post_2022,1,0.08592928562199599,-0.006940136347461108,1.0,1.0,35,12
prewhitened_ar,headline_12m_pct,cn_ppi_tech_gbp_12m_pct,post_2022,2,-0.20639553833117638,-0.19909596958814402,1.0,1.0,34,12
prewhitened_ar,headline_12m_pct,cn_ppi_tech_gbp_12m_pct,post_2022,3,0.04374145427157189,0.03755140595502478,0.5,1.0,33,12
prewhitened_ar,headline_12m_pct,cn_ppi_tech_gbp_12m_pct,post_2022,4,-0.1191967514990135,-0.14115984933629563,0.5,1.0,32,12
prewhitened_ar,headline_12m_pct,cn_ppi_tech_gbp_12m_pct,post_2022,5,0.08291270405112834,0.13835586468768976,1.0,1.0,31,12
prewhitened_ar,headline_12m_pct,cn_ppi_tech_gbp_12m_pct,post_2022,6,-0.24277826326934654,-0.3538924373151742,0.5,0.5,30,12
prewhitened_ar,headline_12m_pct,cn_ppi_tech_gbp_12m_pct,post_2022,7,0.18267927845658538,0.22092716244453742,0.5,1.0,29,12
prewhitened_ar,headline_12m_pct,cn_ppi_tech_gbp_12m_pct,post_2022,8,0.009930179891021691,-0.01446181164485965,1.0,1.0,28,12
prewhitened_ar,headline_12m_pct,cn_ppi_tech_gbp_12m_pct,post_2022,9,0.2745921920465093,0.3126112183557099,0.5,1.0,27,12
prewhitened_ar,headline_12m_pct,cn_ppi_tech_gbp_12m_pct,post_2022,10,0.3213933789661735,0.2730326944107467,1.0,1.0,26,12
prewhitened_ar,headline_12m_pct,cn_ppi_tech_gbp_12m_pct,post_2022,11,-0.2303427054390547,-0.19186903695737445,1.0,1.0,25,12
prewhitened_ar,headline_12m_pct,cn_ppi_tech_gbp_12m_pct,post_2022,12,0.45363244110533324,0.45363244110533324,0.5,0.5,24,12
prewhitened_ar,headline_12m_pct,tw_epi_integrated_circuits_gbp_12m_pct,full,0,0.027653324457549675,0.00039758246413414746,1.0,1.0,114,12
prewhitened_ar,headline_12m_pct,tw_epi_integrated_circuits_gbp_12m_pct,full,1,0.09395497597387639,0.056743579028509496,0.6075949367088608,1.0,113,12
prewhitened_ar,headline_12m_pct,tw_epi_integrated_circuits_gbp_12m_pct,full,2,-0.05730690753816732,-0.05933421720285679,0.569620253164557,1.0,112,12
prewhitened_ar,headline_12m_pct,tw_epi_integrated_circuits_gbp_12m_pct,full,3,0.10309371847846184,0.1019374136410086,0.26582278481012656,1.0,111,12
prewhitened_ar,headline_12m_pct,tw_epi_integrated_circuits_gbp_12m_pct,full,4,0.01421359808923996,-0.0011785305860825,0.9873417721518988,1.0,110,12
prewhitened_ar,headline_12m_pct,tw_epi_integrated_circuits_gbp_12m_pct,full,5,0.16343255981829788,0.1596807587421033,0.13924050632911392,0.7848101265822784,109,12
prewhitened_ar,headline_12m_pct,tw_epi_integrated_circuits_gbp_12m_pct,full,6,-0.2194251408038254,-0.2250782020260198,0.0379746835443038,0.31645569620253167,108,12
prewhitened_ar,headline_12m_pct,tw_epi_integrated_circuits_gbp_12m_pct,full,7,-0.022337932281823954,-0.02239612336015736,0.8227848101265823,1.0,107,12
prewhitened_ar,headline_12m_pct,tw_epi_integrated_circuits_gbp_12m_pct,full,8,0.05450282459340621,0.05922248732229943,0.5316455696202531,1.0,106,12
prewhitened_ar,headline_12m_pct,tw_epi_integrated_circuits_gbp_12m_pct,full,9,0.11599966663131638,0.11565033277638086,0.24050632911392406,1.0,105,12
prewhitened_ar,headline_12m_pct,tw_epi_integrated_circuits_gbp_12m_pct,full,10,0.032686004276522934,0.03637243419576919,0.6835443037974683,1.0,104,12
prewhitened_ar,headline_12m_pct,tw_epi_integrated_circuits_gbp_12m_pct,full,11,0.20360201653975132,0.20489068329192794,0.05063291139240506,0.4050632911392405,103,12
prewhitened_ar,headline_12m_pct,tw_epi_integrated_circuits_gbp_12m_pct,full,12,0.13200061217989553,0.13200061217989553,0.1518987341772152,0.8734177215189873,102,12
prewhitened_ar,headline_12m_pct,tw_epi_integrated_circuits_gbp_12m_pct,pre_2020,0,0.011976030659991357,-0.009483262320859024,1.0,1.0,36,12
prewhitened_ar,headline_12m_pct,tw_epi_integrated_circuits_gbp_12m_pct,pre_2020,1,0.04205881890973117,-0.12523151191069562,1.0,1.0,35,12
prewhitened_ar,headline_12m_pct,tw_epi_integrated_circuits_gbp_12m_pct,pre_2020,2,-0.12243474540976312,-0.06856568200229295,1.0,1.0,34,12
prewhitened_ar,headline_12m_pct,tw_epi_integrated_circuits_gbp_12m_pct,pre_2020,3,0.16519749861854985,0.0673599511554556,0.5,1.0,33,12
prewhitened_ar,headline_12m_pct,tw_epi_integrated_circuits_gbp_12m_pct,pre_2020,4,-0.19807652236440687,-0.12507481349884197,1.0,1.0,32,12
prewhitened_ar,headline_12m_pct,tw_epi_integrated_circuits_gbp_12m_pct,pre_2020,5,0.3162950949384019,0.3832534255629145,0.5,0.5,31,12
prewhitened_ar,headline_12m_pct,tw_epi_integrated_circuits_gbp_12m_pct,pre_2020,6,-0.0445012190399415,-0.0746010807069633,0.5,1.0,30,12
prewhitened_ar,headline_12m_pct,tw_epi_integrated_circuits_gbp_12m_pct,pre_2020,7,0.1084873943096548,0.03022425231451574,1.0,1.0,29,12
prewhitened_ar,headline_12m_pct,tw_epi_integrated_circuits_gbp_12m_pct,pre_2020,8,0.05749041955936287,0.04380789961420159,1.0,1.0,28,12
prewhitened_ar,headline_12m_pct,tw_epi_integrated_circuits_gbp_12m_pct,pre_2020,9,-0.06775717777268331,-0.12775072524356762,0.5,1.0,27,12
prewhitened_ar,headline_12m_pct,tw_epi_integrated_circuits_gbp_12m_pct,pre_2020,10,-0.06108756770403078,-0.10031477522366992,1.0,1.0,26,12
prewhitened_ar,headline_12m_pct,tw_epi_integrated_circuits_gbp_12m_pct,pre_2020,11,0.13701192538920529,0.10935983950077076,1.0,1.0,25,12
prewhitened_ar,headline_12m_pct,tw_epi_integrated_circuits_gbp_12m_pct,pre_2020,12,0.06758082655663225,0.06758082655663225,1.0,1.0,24,12
prewhitened_ar,headline_12m_pct,tw_epi_integrated_circuits_gbp_12m_pct,pandemic_2020_2022,0,-0.020408729559630506,-0.26740714274684296,1.0,1.0,36,12
prewhitened_ar,headline_12m_pct,tw_epi_integrated_circuits_gbp_12m_pct,pandemic_2020_2022,1,-0.03133553284214061,-0.1346272106369107,0.5,1.0,35,12
prewhitened_ar,headline_12m_pct,tw_epi_integrated_circuits_gbp_12m_pct,pandemic_2020_2022,2,-0.14635363325353817,-0.03049005734548745,1.0,1.0,34,12
prewhitened_ar,headline_12m_pct,tw_epi_integrated_circuits_gbp_12m_pct,pandemic_2020_2022,3,-0.11965286602513885,0.09038092521422589,0.5,1.0,33,12
prewhitened_ar,headline_12m_pct,tw_epi_integrated_circuits_gbp_12m_pct,pandemic_2020_2022,4,0.22263677606416254,0.26493673455258715,1.0,1.0,32,12
prewhitened_ar,headline_12m_pct,tw_epi_integrated_circuits_gbp_12m_pct,pandemic_2020_2022,5,0.24001426417235971,0.30059155640098756,0.5,1.0,31,12
prewhitened_ar,headline_12m_pct,tw_epi_integrated_circuits_gbp_12m_pct,pandemic_2020_2022,6,-0.3887364786697008,-0.32966581667064765,0.5,1.0,30,12
prewhitened_ar,headline_12m_pct,tw_epi_integrated_circuits_gbp_12m_pct,pandemic_2020_2022,7,-0.44801132923283926,-0.41516310581430615,0.5,1.0,29,12
prewhitened_ar,headline_12m_pct,tw_epi_integrated_circuits_gbp_12m_pct,pandemic_2020_2022,8,-0.06964862283000756,-0.033013545633518444,1.0,1.0,28,12
prewhitened_ar,headline_12m_pct,tw_epi_integrated_circuits_gbp_12m_pct,pandemic_2020_2022,9,-0.16125745579000275,-0.14530542748879818,0.5,1.0,27,12
prewhitened_ar,headline_12m_pct,tw_epi_integrated_circuits_gbp_12m_pct,pandemic_2020_2022,10,0.12878057994715184,0.1357416231181892,1.0,1.0,26,12
prewhitened_ar,headline_12m_pct,tw_epi_integrated_circuits_gbp_12m_pct,pandemic_2020_2022,11,0.2566640338808811,0.24918812932024137,0.5,1.0,25,12
prewhitened_ar,headline_12m_pct,tw_epi_integrated_circuits_gbp_12m_pct,pandemic_2020_2022,12,0.056589617062086345,0.056589617062086345,1.0,1.0,24,12
prewhitened_ar,headline_12m_pct,tw_epi_integrated_circuits_gbp_12m_pct,post_2022,0,0.026668364195076424,-0.09014094765766913,0.7142857142857143,1.0,42,12
prewhitened_ar,headline_12m_pct,tw_epi_integrated_circuits_gbp_12m_pct,post_2022,1,0.25192436256278167,0.1658324627661013,0.7142857142857143,1.0,41,12
prewhitened_ar,headline_12m_pct,tw_epi_integrated_circuits_gbp_12m_pct,post_2022,2,0.024054067069115396,0.04355797256470488,1.0,1.0,40,12
prewhitened_ar,headline_12m_pct,tw_epi_integrated_circuits_gbp_12m_pct,post_2022,3,0.2470075503491209,0.2919448121129501,0.14285714285714285,1.0,39,12
prewhitened_ar,headline_12m_pct,tw_epi_integrated_circuits_gbp_12m_pct,post_2022,4,-0.06509287034021526,-0.14479430348842603,0.2857142857142857,1.0,38,12
prewhitened_ar,headline_12m_pct,tw_epi_integrated_circuits_gbp_12m_pct,post_2022,5,0.010929158834971819,-0.028236367957108446,1.0,1.0,37,12
prewhitened_ar,headline_12m_pct,tw_epi_integrated_circuits_gbp_12m_pct,post_2022,6,-0.24965475088159683,-0.26912850571422375,0.42857142857142855,1.0,36,12
prewhitened_ar,headline_12m_pct,tw_epi_integrated_circuits_gbp_12m_pct,post_2022,7,0.17591910565501692,0.184456149652513,0.42857142857142855,1.0,35,12
prewhitened_ar,headline_12m_pct,tw_epi_integrated_circuits_gbp_12m_pct,post_2022,8,-0.04059766829105933,-0.02577725617248685,0.8571428571428571,1.0,34,12
prewhitened_ar,headline_12m_pct,tw_epi_integrated_circuits_gbp_12m_pct,post_2022,9,0.3143622989755497,0.3274786484152318,0.2857142857142857,0.5714285714285714,33,12
prewhitened_ar,headline_12m_pct,tw_epi_integrated_circuits_gbp_12m_pct,post_2022,10,0.1255272331535306,0.15072618668560794,0.2857142857142857,1.0,32,12
prewhitened_ar,headline_12m_pct,tw_epi_integrated_circuits_gbp_12m_pct,post_2022,11,0.1374495101407719,0.14009274466607152,0.42857142857142855,1.0,31,12
prewhitened_ar,headline_12m_pct,tw_epi_integrated_circuits_gbp_12m_pct,post_2022,12,-0.060388845074072106,-0.060388845074072106,0.5714285714285714,1.0,30,12
prewhitened_ar,headline_12m_pct,hk_ppi_tech_gbp_12m_pct,full,0,0.02749847478695731,0.037448040512878686,0.6708860759493671,1.0,114,12
prewhitened_ar,headline_12m_pct,hk_ppi_tech_gbp_12m_pct,full,1,-0.1597334721363374,-0.09036677741046606,0.3924050632911392,1.0,113,12
prewhitened_ar,headline_12m_pct,hk_ppi_tech_gbp_12m_pct,full,2,-0.13780547291281303,-0.18340817258717534,0.06329113924050633,0.5316455696202531,112,12
prewhitened_ar,headline_12m_pct,hk_ppi_tech_gbp_12m_pct,full,3,-0.07696745550232713,-0.12636945995925208,0.21518987341772153,1.0,111,12
prewhitened_ar,headline_12m_pct,hk_ppi_tech_gbp_12m_pct,full,4,0.1622317482193572,0.07745045744872427,0.5063291139240507,1.0,110,12
prewhitened_ar,headline_12m_pct,hk_ppi_tech_gbp_12m_pct,full,5,0.05603395603459126,0.09968368309412733,0.3924050632911392,1.0,109,12
prewhitened_ar,headline_12m_pct,hk_ppi_tech_gbp_12m_pct,full,6,0.08847504879724799,0.07196258566531465,0.4936708860759494,1.0,108,12
prewhitened_ar,headline_12m_pct,hk_ppi_tech_gbp_12m_pct,full,7,0.02939144054571426,0.05484249174396376,0.5949367088607594,1.0,107,12
prewhitened_ar,headline_12m_pct,hk_ppi_tech_gbp_12m_pct,full,8,-0.026708465794012332,-0.044319541969036834,0.6455696202531646,1.0,106,12
prewhitened_ar,headline_12m_pct,hk_ppi_tech_gbp_12m_pct,full,9,-0.019197234255468973,0.002700155061931934,0.9746835443037974,1.0,105,12
prewhitened_ar,headline_12m_pct,hk_ppi_tech_gbp_12m_pct,full,10,-0.13157616898640614,-0.13223568105042735,0.189873417721519,1.0,104,12
prewhitened_ar,headline_12m_pct,hk_ppi_tech_gbp_12m_pct,full,11,-0.037001844081382275,-0.036980818134262176,0.7088607594936709,1.0,103,12
prewhitened_ar,headline_12m_pct,hk_ppi_tech_gbp_12m_pct,full,12,-0.024839084851390452,-0.024839084851390452,0.810126582278481,1.0,102,12
prewhitened_ar,headline_12m_pct,hk_ppi_tech_gbp_12m_pct,pre_2020,0,0.05214480205252558,0.138656267669957,0.5,1.0,36,12
prewhitened_ar,headline_12m_pct,hk_ppi_tech_gbp_12m_pct,pre_2020,1,-0.05867952770926043,-0.09860157549869424,1.0,1.0,35,12
prewhitened_ar,headline_12m_pct,hk_ppi_tech_gbp_12m_pct,pre_2020,2,-0.07819416794301665,-0.1600552231457829,0.5,1.0,34,12
prewhitened_ar,headline_12m_pct,hk_ppi_tech_gbp_12m_pct,pre_2020,3,0.1301247984837378,0.15819018037048518,0.5,1.0,33,12
prewhitened_ar,headline_12m_pct,hk_ppi_tech_gbp_12m_pct,pre_2020,4,-0.007689341596447126,-0.10329389996165203,1.0,1.0,32,12
prewhitened_ar,headline_12m_pct,hk_ppi_tech_gbp_12m_pct,pre_2020,5,0.10053349206484559,0.15607834716499777,1.0,1.0,31,12
prewhitened_ar,headline_12m_pct,hk_ppi_tech_gbp_12m_pct,pre_2020,6,0.06507723786682441,0.10034674182011193,1.0,1.0,30,12
prewhitened_ar,headline_12m_pct,hk_ppi_tech_gbp_12m_pct,pre_2020,7,-0.24326673771570315,-0.3014982385718222,0.5,1.0,29,12
prewhitened_ar,headline_12m_pct,hk_ppi_tech_gbp_12m_pct,pre_2020,8,-0.04656468232077022,-0.045268962718055986,1.0,1.0,28,12
prewhitened_ar,headline_12m_pct,hk_ppi_tech_gbp_12m_pct,pre_2020,9,0.16766797231833777,0.20132745851984385,0.5,1.0,27,12
prewhitened_ar,headline_12m_pct,hk_ppi_tech_gbp_12m_pct,pre_2020,10,0.11009465731615282,0.10003500865439242,0.5,1.0,26,12
prewhitened_ar,headline_12m_pct,hk_ppi_tech_gbp_12m_pct,pre_2020,11,-0.23050238788680164,-0.24307949815402022,1.0,1.0,25,12
prewhitened_ar,headline_12m_pct,hk_ppi_tech_gbp_12m_pct,pre_2020,12,-0.1825534299482109,-0.1825534299482109,1.0,1.0,24,12
prewhitened_ar,headline_12m_pct,hk_ppi_tech_gbp_12m_pct,pandemic_2020_2022,0,0.14148227936943766,0.27743815497320823,1.0,1.0,36,12
prewhitened_ar,headline_12m_pct,hk_ppi_tech_gbp_12m_pct,pandemic_2020_2022,1,0.19959921559552468,0.1368638779957835,0.5,1.0,35,12
prewhitened_ar,headline_12m_pct,hk_ppi_tech_gbp_12m_pct,pandemic_2020_2022,2,-0.30025830080818683,-0.22601781962181533,1.0,1.0,34,12
prewhitened_ar,headline_12m_pct,hk_ppi_tech_gbp_12m_pct,pandemic_2020_2022,3,-0.3568634531255634,-0.4227562497446087,0.5,1.0,33,12
prewhitened_ar,headline_12m_pct,hk_ppi_tech_gbp_12m_pct,pandemic_2020_2022,4,-0.10230210234643188,-0.05619487068385958,1.0,1.0,32,12
prewhitened_ar,headline_12m_pct,hk_ppi_tech_gbp_12m_pct,pandemic_2020_2022,5,-0.001678138824769736,0.14760103176207626,1.0,1.0,31,12
prewhitened_ar,headline_12m_pct,hk_ppi_tech_gbp_12m_pct,pandemic_2020_2022,6,0.14878147399982575,0.22515532696689156,0.5,1.0,30,12
prewhitened_ar,headline_12m_pct,hk_ppi_tech_gbp_12m_pct,pandemic_2020_2022,7,0.43380558743354647,0.5302198354496059,0.5,1.0,29,12
prewhitened_ar,headline_12m_pct,hk_ppi_tech_gbp_12m_pct,pandemic_2020_2022,8,-0.09074524470606529,0.020444856660677902,1.0,1.0,28,12
prewhitened_ar,headline_12m_pct,hk_ppi_tech_gbp_12m_pct,pandemic_2020_2022,9,-0.20955862274065692,-0.15653942550123623,0.5,1.0,27,12
prewhitened_ar,headline_12m_pct,hk_ppi_tech_gbp_12m_pct,pandemic_2020_2022,10,-0.39628657260959543,-0.43551941710347997,1.0,1.0,26,12
prewhitened_ar,headline_12m_pct,hk_ppi_tech_gbp_12m_pct,pandemic_2020_2022,11,-0.17003595393132093,-0.17777347272031083,0.5,1.0,25,12
prewhitened_ar,headline_12m_pct,hk_ppi_tech_gbp_12m_pct,pandemic_2020_2022,12,0.007455998768568728,0.007455998768568728,1.0,1.0,24,12
prewhitened_ar,headline_12m_pct,hk_ppi_tech_gbp_12m_pct,post_2022,0,-0.051559783258938584,-0.09249453359027306,1.0,1.0,42,12
prewhitened_ar,headline_12m_pct,hk_ppi_tech_gbp_12m_pct,post_2022,1,-0.5325030327680121,-0.5121958884790397,0.14285714285714285,0.14285714285714285,41,12
prewhitened_ar,headline_12m_pct,hk_ppi_tech_gbp_12m_pct,post_2022,2,-0.07777622687407637,-0.1910484801487401,0.42857142857142855,1.0,40,12
prewhitened_ar,headline_12m_pct,hk_ppi_tech_gbp_12m_pct,post_2022,3,0.025765753511338967,-0.07789704854300046,1.0,1.0,39,12
prewhitened_ar,headline_12m_pct,hk_ppi_tech_gbp_12m_pct,post_2022,4,0.4113628801835096,0.24766017786731737,0.14285714285714285,1.0,38,12
prewhitened_ar,headline_12m_pct,hk_ppi_tech_gbp_12m_pct,post_2022,5,0.01331798229780859,0.13795665870136956,0.5714285714285714,1.0,37,12
prewhitened_ar,headline_12m_pct,hk_ppi_tech_gbp_12m_pct,post_2022,6,-0.03344128736713697,-0.20116325542944713,0.42857142857142855,1.0,36,12
prewhitened_ar,headline_12m_pct,hk_ppi_tech_gbp_12m_pct,post_2022,7,-0.17059581972839125,-0.09255409908360872,0.8571428571428571,1.0,35,12
prewhitened_ar,headline_12m_pct,hk_ppi_tech_gbp_12m_pct,post_2022,8,-0.030131092985977683,-0.07178646789562415,1.0,1.0,34,12
prewhitened_ar,headline_12m_pct,hk_ppi_tech_gbp_12m_pct,post_2022,9,0.006537942469012341,0.11504987442168292,0.7142857142857143,1.0,33,12
prewhitened_ar,headline_12m_pct,hk_ppi_tech_gbp_12m_pct,post_2022,10,-0.26282207352554304,-0.27385636188130685,0.2857142857142857,1.0,32,12
prewhitened_ar,headline_12m_pct,hk_ppi_tech_gbp_12m_pct,post_2022,11,0.2004199001698996,0.20347797793310074,0.42857142857142855,1.0,31,12
prewhitened_ar,headline_12m_pct,hk_ppi_tech_gbp_12m_pct,post_2022,12,-0.002245132148196518,-0.002245132148196518,1.0,1.0,30,12
prewhitened_ar,headline_12m_pct,oecd_asia_c26_targeted_gbp_12m_pct,full,0,0.013038632369803151,-0.013866106707761514,1.0,1.0,35,12
prewhitened_ar,headline_12m_pct,oecd_asia_c26_targeted_gbp_12m_pct,full,1,0.032302653062468094,-0.06376437132981169,0.5,1.0,34,12
prewhitened_ar,headline_12m_pct,oecd_asia_c26_targeted_gbp_12m_pct,full,2,-0.16110732296113242,-0.24458405360590632,0.5,1.0,33,12
prewhitened_ar,headline_12m_pct,oecd_asia_c26_targeted_gbp_12m_pct,full,3,0.054358576805034815,-0.10418401772066212,1.0,1.0,32,12
prewhitened_ar,headline_12m_pct,oecd_asia_c26_targeted_gbp_12m_pct,full,4,-0.06001978523355147,-0.19646516873549974,1.0,1.0,31,12
prewhitened_ar,headline_12m_pct,oecd_asia_c26_targeted_gbp_12m_pct,full,5,0.1586802804089764,0.017754366251589854,1.0,1.0,30,12
prewhitened_ar,headline_12m_pct,oecd_asia_c26_targeted_gbp_12m_pct,full,6,-0.48123468891918275,-0.5963435264767304,0.5,0.5,29,12
prewhitened_ar,headline_12m_pct,oecd_asia_c26_targeted_gbp_12m_pct,full,7,-0.13505505645244376,-0.11915493795875179,0.5,1.0,28,12
prewhitened_ar,headline_12m_pct,oecd_asia_c26_targeted_gbp_12m_pct,full,8,0.3022007468438258,0.37946005775186936,0.5,0.5,27,12
prewhitened_ar,headline_12m_pct,oecd_asia_c26_targeted_gbp_12m_pct,full,9,0.1716653318957913,0.19403704663119692,0.5,1.0,26,12
prewhitened_ar,headline_12m_pct,oecd_asia_c26_targeted_gbp_12m_pct,full,10,-0.12349220214609494,-0.10017670622795678,1.0,1.0,25,12
prewhitened_ar,headline_12m_pct,oecd_asia_c26_targeted_gbp_12m_pct,full,11,0.08861343755097133,0.100856935906363,1.0,1.0,24,12
prewhitened_ar,headline_12m_pct,oecd_asia_c26_targeted_gbp_12m_pct,full,12,0.06479240298540082,0.06479240298540082,1.0,1.0,23,12
prewhitened_ar,headline_12m_pct,oecd_asia_c26_targeted_gbp_12m_pct,post_2022,0,0.022947559718634204,-0.06286282976993389,1.0,1.0,25,12
prewhitened_ar,headline_12m_pct,oecd_asia_c26_targeted_gbp_12m_pct,post_2022,1,-0.05322545890313193,-0.3053852959648789,0.5,1.0,24,12
prewhitened_ar,headline_12m_pct,oecd_asia_c26_targeted_gbp_12m_pct,post_2022,2,-0.07391058787249093,-0.19294078135843412,1.0,1.0,23,12
prewhitened_ar,headline_12m_pct,oecd_asia_c26_targeted_gbp_12m_pct,post_2022,3,0.31750472038928096,0.18002174092586107,1.0,1.0,22,12
prewhitened_ar,headline_12m_pct,oecd_asia_c26_targeted_gbp_12m_pct,post_2022,4,0.03633517464146065,-0.1452512490523688,0.5,1.0,21,12
prewhitened_ar,headline_12m_pct,oecd_asia_c26_targeted_gbp_12m_pct,post_2022,5,0.4831006535126038,0.4542003385497539,0.5,1.0,20,12
prewhitened_ar,headline_12m_pct,oecd_asia_c26_targeted_gbp_12m_pct,post_2022,6,-0.4456613351268364,-0.6221123696283682,0.5,1.0,19,12
prewhitened_ar,headline_12m_pct,oecd_asia_c26_targeted_gbp_12m_pct,post_2022,7,-0.21664616994098987,-0.1376390698863593,1.0,1.0,18,12
prewhitened_ar,headline_12m_pct,oecd_asia_c26_targeted_gbp_12m_pct,post_2022,8,0.19136497213714113,0.41617709247590823,0.5,1.0,17,12
prewhitened_ar,headline_12m_pct,oecd_asia_c26_targeted_gbp_12m_pct,post_2022,9,-0.14334691474744,-0.08230927436305262,1.0,1.0,16,12
prewhitened_ar,headline_12m_pct,oecd_asia_c26_targeted_gbp_12m_pct,post_2022,10,-0.17262518512765032,-0.0666479958900623,1.0,1.0,15,12
prewhitened_ar,headline_12m_pct,oecd_asia_c26_targeted_gbp_12m_pct,post_2022,11,0.11434315248863175,0.16512090466889257,0.5,1.0,14,12
prewhitened_ar,headline_12m_pct,oecd_asia_c26_targeted_gbp_12m_pct,post_2022,12,0.05493367580736415,0.05493367580736415,1.0,1.0,13,12
prewhitened_ar,headline_12m_pct,oecd_asia_c26_bls_gbp_12m_pct,full,0,0.0648794004490816,0.036497823080468755,0.7714285714285715,1.0,105,12
prewhitened_ar,headline_12m_pct,oecd_asia_c26_bls_gbp_12m_pct,full,1,0.0636262149265683,0.018639806851837054,0.9,1.0,104,12
prewhitened_ar,headline_12m_pct,oecd_asia_c26_bls_gbp_12m_pct,full,2,-0.0657808185044229,-0.1042055599621101,0.37142857142857144,1.0,103,12
prewhitened_ar,headline_12m_pct,oecd_asia_c26_bls_gbp_12m_pct,full,3,0.07789171327124207,0.07049860900726941,0.6,1.0,102,12
prewhitened_ar,headline_12m_pct,oecd_asia_c26_bls_gbp_12m_pct,full,4,-0.05163875333966444,-0.035328610455878186,0.7714285714285715,1.0,101,12
prewhitened_ar,headline_12m_pct,oecd_asia_c26_bls_gbp_12m_pct,full,5,0.02410152937047776,0.023437955185304032,0.8571428571428571,1.0,100,12
prewhitened_ar,headline_12m_pct,oecd_asia_c26_bls_gbp_12m_pct,full,6,-0.2529782655060139,-0.26391220299143886,0.02857142857142857,0.2571428571428571,99,12
prewhitened_ar,headline_12m_pct,oecd_asia_c26_bls_gbp_12m_pct,full,7,0.0495196610550072,0.0525236871293669,0.6571428571428571,1.0,98,12
prewhitened_ar,headline_12m_pct,oecd_asia_c26_bls_gbp_12m_pct,full,8,0.12950573606084184,0.13025445290982463,0.22857142857142856,0.9,97,12
prewhitened_ar,headline_12m_pct,oecd_asia_c26_bls_gbp_12m_pct,full,9,0.16185394045393917,0.17853783279922664,0.12857142857142856,0.7428571428571429,96,12
prewhitened_ar,headline_12m_pct,oecd_asia_c26_bls_gbp_12m_pct,full,10,0.00716061646847457,0.009884959463946576,0.9428571428571428,1.0,95,12
prewhitened_ar,headline_12m_pct,oecd_asia_c26_bls_gbp_12m_pct,full,11,0.20880599640185002,0.20798951966553697,0.07142857142857142,0.7,94,12
prewhitened_ar,headline_12m_pct,oecd_asia_c26_bls_gbp_12m_pct,full,12,0.07774965708958782,0.07774965708958782,0.45714285714285713,1.0,93,12
prewhitened_ar,headline_12m_pct,oecd_asia_c26_bls_gbp_12m_pct,pre_2020,0,0.07721475685174199,0.09166922446696761,0.5,1.0,36,12
prewhitened_ar,headline_12m_pct,oecd_asia_c26_bls_gbp_12m_pct,pre_2020,1,-0.03717462114348546,-0.19294399773447965,1.0,1.0,35,12
prewhitened_ar,headline_12m_pct,oecd_asia_c26_bls_gbp_12m_pct,pre_2020,2,-0.26583418162301437,-0.21781587450233308,0.5,1.0,34,12
prewhitened_ar,headline_12m_pct,oecd_asia_c26_bls_gbp_12m_pct,pre_2020,3,0.33118167666477216,0.28725276209157025,0.5,0.5,33,12
prewhitened_ar,headline_12m_pct,oecd_asia_c26_bls_gbp_12m_pct,pre_2020,4,-0.19310376330859658,-0.1420662972257582,1.0,1.0,32,12
prewhitened_ar,headline_12m_pct,oecd_asia_c26_bls_gbp_12m_pct,pre_2020,5,0.26080541028995796,0.3257425570139025,0.5,0.5,31,12
prewhitened_ar,headline_12m_pct,oecd_asia_c26_bls_gbp_12m_pct,pre_2020,6,-0.06173600536590075,-0.11945171581621704,1.0,1.0,30,12
prewhitened_ar,headline_12m_pct,oecd_asia_c26_bls_gbp_12m_pct,pre_2020,7,0.16820180098386506,0.12790865954056427,0.5,1.0,29,12
prewhitened_ar,headline_12m_pct,oecd_asia_c26_bls_gbp_12m_pct,pre_2020,8,0.021818752641061034,0.021998148824698416,1.0,1.0,28,12
prewhitened_ar,headline_12m_pct,oecd_asia_c26_bls_gbp_12m_pct,pre_2020,9,-0.08103401495021094,-0.13102733342334677,0.5,1.0,27,12
prewhitened_ar,headline_12m_pct,oecd_asia_c26_bls_gbp_12m_pct,pre_2020,10,-0.09398048555835085,-0.11658862456787673,1.0,1.0,26,12
prewhitened_ar,headline_12m_pct,oecd_asia_c26_bls_gbp_12m_pct,pre_2020,11,0.11398153911936457,0.1035079442451789,1.0,1.0,25,12
prewhitened_ar,headline_12m_pct,oecd_asia_c26_bls_gbp_12m_pct,pre_2020,12,-0.006274595188989483,-0.006274595188989483,1.0,1.0,24,12
prewhitened_ar,headline_12m_pct,oecd_asia_c26_bls_gbp_12m_pct,pandemic_2020_2022,0,0.039204916689418605,-0.10057871187987295,1.0,1.0,36,12
prewhitened_ar,headline_12m_pct,oecd_asia_c26_bls_gbp_12m_pct,pandemic_2020_2022,1,0.10247468471384058,0.10429934686870804,1.0,1.0,35,12
prewhitened_ar,headline_12m_pct,oecd_asia_c26_bls_gbp_12m_pct,pandemic_2020_2022,2,-0.11184716753141612,0.1192113025144921,0.5,1.0,34,12
prewhitened_ar,headline_12m_pct,oecd_asia_c26_bls_gbp_12m_pct,pandemic_2020_2022,3,-0.1199916826888115,0.11959251730272649,1.0,1.0,33,12
prewhitened_ar,headline_12m_pct,oecd_asia_c26_bls_gbp_12m_pct,pandemic_2020_2022,4,0.043987570140322105,0.09678636794709496,1.0,1.0,32,12
prewhitened_ar,headline_12m_pct,oecd_asia_c26_bls_gbp_12m_pct,pandemic_2020_2022,5,-0.09352576627008308,-0.03307251604659882,1.0,1.0,31,12
prewhitened_ar,headline_12m_pct,oecd_asia_c26_bls_gbp_12m_pct,pandemic_2020_2022,6,-0.4431705400061975,-0.4105179302480184,0.5,0.5,30,12
prewhitened_ar,headline_12m_pct,oecd_asia_c26_bls_gbp_12m_pct,pandemic_2020_2022,7,-0.3461523379515157,-0.3243150691396294,0.5,1.0,29,12
prewhitened_ar,headline_12m_pct,oecd_asia_c26_bls_gbp_12m_pct,pandemic_2020_2022,8,0.195371905251066,0.27101199253219427,1.0,1.0,28,12
prewhitened_ar,headline_12m_pct,oecd_asia_c26_bls_gbp_12m_pct,pandemic_2020_2022,9,0.01777310350353778,0.06889497797134622,1.0,1.0,27,12
prewhitened_ar,headline_12m_pct,oecd_asia_c26_bls_gbp_12m_pct,pandemic_2020_2022,10,0.2731066098790786,0.2766462928185614,1.0,1.0,26,12
prewhitened_ar,headline_12m_pct,oecd_asia_c26_bls_gbp_12m_pct,pandemic_2020_2022,11,0.2792202086683172,0.26350879560207247,0.5,1.0,25,12
prewhitened_ar,headline_12m_pct,oecd_asia_c26_bls_gbp_12m_pct,pandemic_2020_2022,12,-0.0897754024107849,-0.0897754024107849,1.0,1.0,24,12
prewhitened_ar,headline_12m_pct,oecd_asia_c26_bls_gbp_12m_pct,post_2022,0,0.031128061063784476,-0.09869427498442059,0.5,1.0,33,12
prewhitened_ar,headline_12m_pct,oecd_asia_c26_bls_gbp_12m_pct,post_2022,1,0.09187669654350207,-0.0903566773639683,1.0,1.0,32,12
prewhitened_ar,headline_12m_pct,oecd_asia_c26_bls_gbp_12m_pct,post_2022,2,0.11378542212783767,0.022860479750497032,1.0,1.0,31,12
prewhitened_ar,headline_12m_pct,oecd_asia_c26_bls_gbp_12m_pct,post_2022,3,0.08161144213771053,0.06907149446535618,1.0,1.0,30,12
prewhitened_ar,headline_12m_pct,oecd_asia_c26_bls_gbp_12m_pct,post_2022,4,-0.13827865075844703,-0.05349323507313238,1.0,1.0,29,12
prewhitened_ar,headline_12m_pct,oecd_asia_c26_bls_gbp_12m_pct,post_2022,5,-0.07472533871610051,-0.07315073289032022,1.0,1.0,28,12
prewhitened_ar,headline_12m_pct,oecd_asia_c26_bls_gbp_12m_pct,post_2022,6,-0.24986599233681103,-0.28979948965432706,1.0,1.0,27,12
prewhitened_ar,headline_12m_pct,oecd_asia_c26_bls_gbp_12m_pct,post_2022,7,0.24454286713411347,0.28909526986629536,0.5,1.0,26,12
prewhitened_ar,headline_12m_pct,oecd_asia_c26_bls_gbp_12m_pct,post_2022,8,0.02745100927825625,-0.01897119236475038,1.0,1.0,25,12
prewhitened_ar,headline_12m_pct,oecd_asia_c26_bls_gbp_12m_pct,post_2022,9,0.33871449469067233,0.41283428198866967,0.5,0.5,24,12
prewhitened_ar,headline_12m_pct,oecd_asia_c26_bls_gbp_12m_pct,post_2022,10,-0.09678911185044903,-0.11545653103088473,0.5,1.0,23,12
prewhitened_ar,headline_12m_pct,oecd_asia_c26_bls_gbp_12m_pct,post_2022,11,0.14862643230388156,0.1497516648266431,0.5,1.0,22,12
prewhitened_ar,headline_12m_pct,oecd_asia_c26_bls_gbp_12m_pct,post_2022,12,0.07463774966149277,0.07463774966149277,1.0,1.0,21,12
prewhitened_ar,headline_12m_pct,fred_china_computer_electronics_gbp_12m_pct,full,0,0.0637766335477765,0.03473299766096155,0.7857142857142857,1.0,105,12
prewhitened_ar,headline_12m_pct,fred_china_computer_electronics_gbp_12m_pct,full,1,0.06873556816691573,0.02168245756492801,0.8857142857142857,1.0,104,12
prewhitened_ar,headline_12m_pct,fred_china_computer_electronics_gbp_12m_pct,full,2,-0.0643829533541311,-0.10311802699725817,0.4,1.0,103,12
prewhitened_ar,headline_12m_pct,fred_china_computer_electronics_gbp_12m_pct,full,3,0.07668335334455523,0.06871649167548582,0.6142857142857143,1.0,102,12
prewhitened_ar,headline_12m_pct,fred_china_computer_electronics_gbp_12m_pct,full,4,-0.05706077474063959,-0.04341589346184003,0.7142857142857143,1.0,101,12
prewhitened_ar,headline_12m_pct,fred_china_computer_electronics_gbp_12m_pct,full,5,0.025924981419058506,0.02500020233901659,0.8285714285714286,1.0,100,12
prewhitened_ar,headline_12m_pct,fred_china_computer_electronics_gbp_12m_pct,full,6,-0.2552229886747194,-0.2674115178252878,0.02857142857142857,0.22857142857142856,99,12
prewhitened_ar,headline_12m_pct,fred_china_computer_electronics_gbp_12m_pct,full,7,0.043263468978717225,0.04461563468020343,0.6714285714285714,1.0,98,12
prewhitened_ar,headline_12m_pct,fred_china_computer_electronics_gbp_12m_pct,full,8,0.14059141631694344,0.14150651039681147,0.18571428571428572,0.8428571428571429,97,12
prewhitened_ar,headline_12m_pct,fred_china_computer_electronics_gbp_12m_pct,full,9,0.16618700127813318,0.18252984674226316,0.12857142857142856,0.7428571428571429,96,12
prewhitened_ar,headline_12m_pct,fred_china_computer_electronics_gbp_12m_pct,full,10,0.012495076140836205,0.014922194398095136,0.9285714285714286,1.0,95,12
prewhitened_ar,headline_12m_pct,fred_china_computer_electronics_gbp_12m_pct,full,11,0.20432618832766833,0.20344871765561695,0.08571428571428572,0.7,94,12
prewhitened_ar,headline_12m_pct,fred_china_computer_electronics_gbp_12m_pct,full,12,0.08246098810309328,0.08246098810309328,0.38571428571428573,1.0,93,12
prewhitened_ar,headline_12m_pct,fred_china_computer_electronics_gbp_12m_pct,pre_2020,0,0.08115497120437076,0.0943422601953929,0.5,1.0,36,12
prewhitened_ar,headline_12m_pct,fred_china_computer_electronics_gbp_12m_pct,pre_2020,1,-0.03839251666942346,-0.18902155075783084,1.0,1.0,35,12
prewhitened_ar,headline_12m_pct,fred_china_computer_electronics_gbp_12m_pct,pre_2020,2,-0.2713106190844038,-0.22664326678842295,0.5,1.0,34,12
prewhitened_ar,headline_12m_pct,fred_china_computer_electronics_gbp_12m_pct,pre_2020,3,0.33498632265957046,0.29224667027992396,0.5,0.5,33,12
prewhitened_ar,headline_12m_pct,fred_china_computer_electronics_gbp_12m_pct,pre_2020,4,-0.18356093679585803,-0.13032150959359237,1.0,1.0,32,12
prewhitened_ar,headline_12m_pct,fred_china_computer_electronics_gbp_12m_pct,pre_2020,5,0.2661962759129594,0.33584180358669463,0.5,0.5,31,12
prewhitened_ar,headline_12m_pct,fred_china_computer_electronics_gbp_12m_pct,pre_2020,6,-0.07961860408545154,-0.14797506458881163,0.5,1.0,30,12
prewhitened_ar,headline_12m_pct,fred_china_computer_electronics_gbp_12m_pct,pre_2020,7,0.14416841205176098,0.10461435409496508,1.0,1.0,29,12
prewhitened_ar,headline_12m_pct,fred_china_computer_electronics_gbp_12m_pct,pre_2020,8,0.034169757592351004,0.03882309046661073,1.0,1.0,28,12
prewhitened_ar,headline_12m_pct,fred_china_computer_electronics_gbp_12m_pct,pre_2020,9,-0.06362142262773425,-0.11192786701065677,0.5,1.0,27,12
prewhitened_ar,headline_12m_pct,fred_china_computer_electronics_gbp_12m_pct,pre_2020,10,-0.08620969547452394,-0.10758757487136188,1.0,1.0,26,12
prewhitened_ar,headline_12m_pct,fred_china_computer_electronics_gbp_12m_pct,pre_2020,11,0.09406270363955262,0.08578685470063326,1.0,1.0,25,12
prewhitened_ar,headline_12m_pct,fred_china_computer_electronics_gbp_12m_pct,pre_2020,12,-0.021903981902029638,-0.021903981902029638,1.0,1.0,24,12
prewhitened_ar,headline_12m_pct,fred_china_computer_electronics_gbp_12m_pct,pandemic_2020_2022,0,0.0375958682068305,-0.09926627867830279,1.0,1.0,36,12
prewhitened_ar,headline_12m_pct,fred_china_computer_electronics_gbp_12m_pct,pandemic_2020_2022,1,0.10594736631550836,0.11294208261240646,1.0,1.0,35,12
prewhitened_ar,headline_12m_pct,fred_china_computer_electronics_gbp_12m_pct,pandemic_2020_2022,2,-0.10026620723486492,0.137982748855051,0.5,1.0,34,12
prewhitened_ar,headline_12m_pct,fred_china_computer_electronics_gbp_12m_pct,pandemic_2020_2022,3,-0.12066844582086506,0.12732462568945227,1.0,1.0,33,12
prewhitened_ar,headline_12m_pct,fred_china_computer_electronics_gbp_12m_pct,pandemic_2020_2022,4,0.032204997620792694,0.07936755788124818,1.0,1.0,32,12
prewhitened_ar,headline_12m_pct,fred_china_computer_electronics_gbp_12m_pct,pandemic_2020_2022,5,-0.10110185238328792,-0.04324339105044661,1.0,1.0,31,12
prewhitened_ar,headline_12m_pct,fred_china_computer_electronics_gbp_12m_pct,pandemic_2020_2022,6,-0.444580546510401,-0.4100834894682174,0.5,0.5,30,12
prewhitened_ar,headline_12m_pct,fred_china_computer_electronics_gbp_12m_pct,pandemic_2020_2022,7,-0.3564174624208367,-0.340622573963086,0.5,1.0,29,12
prewhitened_ar,headline_12m_pct,fred_china_computer_electronics_gbp_12m_pct,pandemic_2020_2022,8,0.19856448070432234,0.27206654232332633,1.0,1.0,28,12
prewhitened_ar,headline_12m_pct,fred_china_computer_electronics_gbp_12m_pct,pandemic_2020_2022,9,0.019162000046260376,0.07334913637141637,1.0,1.0,27,12
prewhitened_ar,headline_12m_pct,fred_china_computer_electronics_gbp_12m_pct,pandemic_2020_2022,10,0.28843277751385216,0.29544075703592193,1.0,1.0,26,12
prewhitened_ar,headline_12m_pct,fred_china_computer_electronics_gbp_12m_pct,pandemic_2020_2022,11,0.2762927600754908,0.25980405199556406,0.5,1.0,25,12
prewhitened_ar,headline_12m_pct,fred_china_computer_electronics_gbp_12m_pct,pandemic_2020_2022,12,-0.06401806779601592,-0.06401806779601592,1.0,1.0,24,12
prewhitened_ar,headline_12m_pct,fred_china_computer_electronics_gbp_12m_pct,post_2022,0,0.022169597005576133,-0.11754212994435172,0.5,1.0,33,12
prewhitened_ar,headline_12m_pct,fred_china_computer_electronics_gbp_12m_pct,post_2022,1,0.10330772276221746,-0.08981465891870978,1.0,1.0,32,12
prewhitened_ar,headline_12m_pct,fred_china_computer_electronics_gbp_12m_pct,post_2022,2,0.10712264291063017,0.009713968129902247,1.0,1.0,31,12
prewhitened_ar,headline_12m_pct,fred_china_computer_electronics_gbp_12m_pct,post_2022,3,0.07340556854287755,0.05523848846951398,1.0,1.0,30,12
prewhitened_ar,headline_12m_pct,fred_china_computer_electronics_gbp_12m_pct,post_2022,4,-0.15695977988160545,-0.08729187624010633,1.0,1.0,29,12
prewhitened_ar,headline_12m_pct,fred_china_computer_electronics_gbp_12m_pct,post_2022,5,-0.06818337450756697,-0.06561181130697623,1.0,1.0,28,12
prewhitened_ar,headline_12m_pct,fred_china_computer_electronics_gbp_12m_pct,post_2022,6,-0.24072855756961292,-0.2823712881687356,1.0,1.0,27,12
prewhitened_ar,headline_12m_pct,fred_china_computer_electronics_gbp_12m_pct,post_2022,7,0.25957771918351785,0.3033581371123752,0.5,1.0,26,12
prewhitened_ar,headline_12m_pct,fred_china_computer_electronics_gbp_12m_pct,post_2022,8,0.02826396420574147,-0.016223004325736593,1.0,1.0,25,12
prewhitened_ar,headline_12m_pct,fred_china_computer_electronics_gbp_12m_pct,post_2022,9,0.351212311879175,0.4261354612456779,0.5,0.5,24,12
prewhitened_ar,headline_12m_pct,fred_china_computer_electronics_gbp_12m_pct,post_2022,10,-0.10618720843760891,-0.12580070880553554,0.5,1.0,23,12
prewhitened_ar,headline_12m_pct,fred_china_computer_electronics_gbp_12m_pct,post_2022,11,0.15915453487753053,0.16054111942178229,0.5,1.0,22,12
prewhitened_ar,headline_12m_pct,fred_china_computer_electronics_gbp_12m_pct,post_2022,12,0.08114663377397674,0.08114663377397674,1.0,1.0,21,12
prewhitened_ar,headline_12m_pct,fred_japan_computer_electronics_gbp_12m_pct,full,0,0.0974022359650021,0.05972559134583274,0.6714285714285714,1.0,105,12
prewhitened_ar,headline_12m_pct,fred_japan_computer_electronics_gbp_12m_pct,full,1,0.04383213586777704,0.0013579339232434658,1.0,1.0,104,12
prewhitened_ar,headline_12m_pct,fred_japan_computer_electronics_gbp_12m_pct,full,2,-0.09553871253106916,-0.1275483767974793,0.24285714285714285,0.8428571428571429,103,12
prewhitened_ar,headline_12m_pct,fred_japan_computer_electronics_gbp_12m_pct,full,3,0.0952628099275593,0.09318746054673477,0.4857142857142857,1.0,102,12
prewhitened_ar,headline_12m_pct,fred_japan_computer_electronics_gbp_12m_pct,full,4,-0.05385169062472548,-0.03844466451493994,0.7285714285714285,1.0,101,12
prewhitened_ar,headline_12m_pct,fred_japan_computer_electronics_gbp_12m_pct,full,5,0.035101590206359626,0.027991644972160258,0.7571428571428571,1.0,100,12
prewhitened_ar,headline_12m_pct,fred_japan_computer_electronics_gbp_12m_pct,full,6,-0.2631534072022307,-0.2772307420686228,0.02857142857142857,0.17142857142857143,99,12
prewhitened_ar,headline_12m_pct,fred_japan_computer_electronics_gbp_12m_pct,full,7,0.04462043956434056,0.04914711997471419,0.6285714285714286,1.0,98,12
prewhitened_ar,headline_12m_pct,fred_japan_computer_electronics_gbp_12m_pct,full,8,0.09267967496451737,0.09220475825085686,0.38571428571428573,1.0,97,12
prewhitened_ar,headline_12m_pct,fred_japan_computer_electronics_gbp_12m_pct,full,9,0.1473533365014795,0.16122630596624443,0.12857142857142856,0.8285714285714286,96,12
prewhitened_ar,headline_12m_pct,fred_japan_computer_electronics_gbp_12m_pct,full,10,-0.036260154218561956,-0.035990861673023566,0.7,1.0,95,12
prewhitened_ar,headline_12m_pct,fred_japan_computer_electronics_gbp_12m_pct,full,11,0.2805249776473574,0.27946320959318655,0.014285714285714285,0.17142857142857143,94,12
prewhitened_ar,headline_12m_pct,fred_japan_computer_electronics_gbp_12m_pct,full,12,0.07867246592042687,0.07867246592042687,0.4142857142857143,1.0,93,12
prewhitened_ar,headline_12m_pct,fred_japan_computer_electronics_gbp_12m_pct,pre_2020,0,0.121871573821021,0.14457183916994976,0.5,1.0,36,12
prewhitened_ar,headline_12m_pct,fred_japan_computer_electronics_gbp_12m_pct,pre_2020,1,-0.0516590636750589,-0.18042086713655262,1.0,1.0,35,12
prewhitened_ar,headline_12m_pct,fred_japan_computer_electronics_gbp_12m_pct,pre_2020,2,-0.23202667311853234,-0.17373282666451742,0.5,1.0,34,12
prewhitened_ar,headline_12m_pct,fred_japan_computer_electronics_gbp_12m_pct,pre_2020,3,0.31735761537337964,0.2803342590969458,0.5,1.0,33,12
prewhitened_ar,headline_12m_pct,fred_japan_computer_electronics_gbp_12m_pct,pre_2020,4,-0.2135334546502386,-0.15619141923214908,1.0,1.0,32,12
prewhitened_ar,headline_12m_pct,fred_japan_computer_electronics_gbp_12m_pct,pre_2020,5,0.18381500055826974,0.22582209044568105,0.5,1.0,31,12
prewhitened_ar,headline_12m_pct,fred_japan_computer_electronics_gbp_12m_pct,pre_2020,6,-0.0067804336306276775,-0.0033368597581976216,1.0,1.0,30,12
prewhitened_ar,headline_12m_pct,fred_japan_computer_electronics_gbp_12m_pct,pre_2020,7,0.2687022673832116,0.24370920420754424,0.5,1.0,29,12
prewhitened_ar,headline_12m_pct,fred_japan_computer_electronics_gbp_12m_pct,pre_2020,8,-0.05643850943329273,-0.06775180768993659,1.0,1.0,28,12
prewhitened_ar,headline_12m_pct,fred_japan_computer_electronics_gbp_12m_pct,pre_2020,9,-0.13946013380236205,-0.1819381393456579,0.5,1.0,27,12
prewhitened_ar,headline_12m_pct,fred_japan_computer_electronics_gbp_12m_pct,pre_2020,10,-0.10372512908661218,-0.12502264173874897,1.0,1.0,26,12
prewhitened_ar,headline_12m_pct,fred_japan_computer_electronics_gbp_12m_pct,pre_2020,11,0.2825221589455506,0.2671582067220159,0.5,1.0,25,12
prewhitened_ar,headline_12m_pct,fred_japan_computer_electronics_gbp_12m_pct,pre_2020,12,-0.002880888454213855,-0.002880888454213855,1.0,1.0,24,12
prewhitened_ar,headline_12m_pct,fred_japan_computer_electronics_gbp_12m_pct,pandemic_2020_2022,0,0.04563785834039913,-0.12358331379854533,1.0,1.0,36,12
prewhitened_ar,headline_12m_pct,fred_japan_computer_electronics_gbp_12m_pct,pandemic_2020_2022,1,0.09901660775435929,0.07119557670289185,1.0,1.0,35,12
prewhitened_ar,headline_12m_pct,fred_japan_computer_electronics_gbp_12m_pct,pandemic_2020_2022,2,-0.15301268246417227,0.047686848486128516,1.0,1.0,34,12
prewhitened_ar,headline_12m_pct,fred_japan_computer_electronics_gbp_12m_pct,pandemic_2020_2022,3,-0.09869752971837104,0.14542315473744746,1.0,1.0,33,12
prewhitened_ar,headline_12m_pct,fred_japan_computer_electronics_gbp_12m_pct,pandemic_2020_2022,4,0.10914475526212772,0.14557756691463083,1.0,1.0,32,12
prewhitened_ar,headline_12m_pct,fred_japan_computer_electronics_gbp_12m_pct,pandemic_2020_2022,5,-0.038324639943633707,0.028393446123744694,1.0,1.0,31,12
prewhitened_ar,headline_12m_pct,fred_japan_computer_electronics_gbp_12m_pct,pandemic_2020_2022,6,-0.49697166561021344,-0.4618363071237482,0.5,0.5,30,12
prewhitened_ar,headline_12m_pct,fred_japan_computer_electronics_gbp_12m_pct,pandemic_2020_2022,7,-0.34390038453343347,-0.3162759269906612,0.5,1.0,29,12
prewhitened_ar,headline_12m_pct,fred_japan_computer_electronics_gbp_12m_pct,pandemic_2020_2022,8,0.16600004605439783,0.23782801575129572,1.0,1.0,28,12
prewhitened_ar,headline_12m_pct,fred_japan_computer_electronics_gbp_12m_pct,pandemic_2020_2022,9,0.03285651943705883,0.0841363239986386,1.0,1.0,27,12
prewhitened_ar,headline_12m_pct,fred_japan_computer_electronics_gbp_12m_pct,pandemic_2020_2022,10,0.22037620035290192,0.22307961905050583,1.0,1.0,26,12
prewhitened_ar,headline_12m_pct,fred_japan_computer_electronics_gbp_12m_pct,pandemic_2020_2022,11,0.3806686795911743,0.36885252683317843,0.5,0.5,25,12
prewhitened_ar,headline_12m_pct,fred_japan_computer_electronics_gbp_12m_pct,pandemic_2020_2022,12,-0.01572261709516855,-0.01572261709516855,1.0,1.0,24,12
prewhitened_ar,headline_12m_pct,fred_japan_computer_electronics_gbp_12m_pct,post_2022,0,0.1235410535884754,-0.028850274097887575,0.5,1.0,33,12
prewhitened_ar,headline_12m_pct,fred_japan_computer_electronics_gbp_12m_pct,post_2022,1,0.08684978693367307,-0.08154412284199081,0.5,1.0,32,12
prewhitened_ar,headline_12m_pct,fred_japan_computer_electronics_gbp_12m_pct,post_2022,2,0.08074889743607135,0.019034636977127393,1.0,1.0,31,12
prewhitened_ar,headline_12m_pct,fred_japan_computer_electronics_gbp_12m_pct,post_2022,3,0.1542623053237784,0.19102755440882618,1.0,1.0,30,12
prewhitened_ar,headline_12m_pct,fred_japan_computer_electronics_gbp_12m_pct,post_2022,4,-0.12952695082694884,-0.038425210299465974,1.0,1.0,29,12
prewhitened_ar,headline_12m_pct,fred_japan_computer_electronics_gbp_12m_pct,post_2022,5,0.02131869624498229,0.0241753684713287,1.0,1.0,28,12
prewhitened_ar,headline_12m_pct,fred_japan_computer_electronics_gbp_12m_pct,post_2022,6,-0.22393490882264924,-0.27496709416011145,1.0,1.0,27,12
prewhitened_ar,headline_12m_pct,fred_japan_computer_electronics_gbp_12m_pct,post_2022,7,0.11947412397487397,0.15174884580316514,0.5,1.0,26,12
prewhitened_ar,headline_12m_pct,fred_japan_computer_electronics_gbp_12m_pct,post_2022,8,0.07859594438440666,0.037374749236469454,0.5,1.0,25,12
prewhitened_ar,headline_12m_pct,fred_japan_computer_electronics_gbp_12m_pct,post_2022,9,0.3857792285794576,0.46138216739671895,0.5,0.5,24,12
prewhitened_ar,headline_12m_pct,fred_japan_computer_electronics_gbp_12m_pct,post_2022,10,-0.1150058605083875,-0.1360169020440138,0.5,1.0,23,12
prewhitened_ar,headline_12m_pct,fred_japan_computer_electronics_gbp_12m_pct,post_2022,11,0.2063650722412097,0.20861562171739326,0.5,1.0,22,12
prewhitened_ar,headline_12m_pct,fred_japan_computer_electronics_gbp_12m_pct,post_2022,12,-0.026815992240311046,-0.026815992240311046,1.0,1.0,21,12
prewhitened_ar,headline_12m_pct,fred_asian_nie_computer_electronics_gbp_12m_pct,full,0,0.051901505444192295,0.029546722543225525,0.7714285714285715,1.0,105,12
prewhitened_ar,headline_12m_pct,fred_asian_nie_computer_electronics_gbp_12m_pct,full,1,0.04995541221804998,0.01549676789598869,0.9142857142857143,1.0,104,12
prewhitened_ar,headline_12m_pct,fred_asian_nie_computer_electronics_gbp_12m_pct,full,2,-0.057647490555437206,-0.09369838103322291,0.4857142857142857,1.0,103,12
prewhitened_ar,headline_12m_pct,fred_asian_nie_computer_electronics_gbp_12m_pct,full,3,0.07173607046794041,0.0665106200706909,0.5714285714285714,1.0,102,12
prewhitened_ar,headline_12m_pct,fred_asian_nie_computer_electronics_gbp_12m_pct,full,4,-0.024518402680372576,0.002255354909601526,1.0,1.0,101,12
prewhitened_ar,headline_12m_pct,fred_asian_nie_computer_electronics_gbp_12m_pct,full,5,0.01125060762471351,0.012972848600058843,0.9428571428571428,1.0,100,12
prewhitened_ar,headline_12m_pct,fred_asian_nie_computer_electronics_gbp_12m_pct,full,6,-0.22729344016073239,-0.23152383247501093,0.04285714285714286,0.42857142857142855,99,12
prewhitened_ar,headline_12m_pct,fred_asian_nie_computer_electronics_gbp_12m_pct,full,7,0.06814452296714238,0.07627053354328585,0.44285714285714284,1.0,98,12
prewhitened_ar,headline_12m_pct,fred_asian_nie_computer_electronics_gbp_12m_pct,full,8,0.0832183810204867,0.08340800443047809,0.4,1.0,97,12
prewhitened_ar,headline_12m_pct,fred_asian_nie_computer_electronics_gbp_12m_pct,full,9,0.13959775123261836,0.15773161590227064,0.14285714285714285,0.8571428571428571,96,12
prewhitened_ar,headline_12m_pct,fred_asian_nie_computer_electronics_gbp_12m_pct,full,10,0.010517032958789273,0.014783560776435506,0.8571428571428571,1.0,95,12
prewhitened_ar,headline_12m_pct,fred_asian_nie_computer_electronics_gbp_12m_pct,full,11,0.1980502333132981,0.19747028501821628,0.07142857142857142,0.6571428571428571,94,12
prewhitened_ar,headline_12m_pct,fred_asian_nie_computer_electronics_gbp_12m_pct,full,12,0.05584189801237044,0.05584189801237044,0.6142857142857143,1.0,93,12
prewhitened_ar,headline_12m_pct,fred_asian_nie_computer_electronics_gbp_12m_pct,pre_2020,0,0.03854547628169023,0.057674378349469736,0.5,1.0,36,12
prewhitened_ar,headline_12m_pct,fred_asian_nie_computer_electronics_gbp_12m_pct,pre_2020,1,-0.015261595383582748,-0.19573591496360382,1.0,1.0,35,12
prewhitened_ar,headline_12m_pct,fred_asian_nie_computer_electronics_gbp_12m_pct,pre_2020,2,-0.23391851063772048,-0.17752848116420042,0.5,1.0,34,12
prewhitened_ar,headline_12m_pct,fred_asian_nie_computer_electronics_gbp_12m_pct,pre_2020,3,0.2949396531743739,0.24833615854654773,0.5,1.0,33,12
prewhitened_ar,headline_12m_pct,fred_asian_nie_computer_electronics_gbp_12m_pct,pre_2020,4,-0.21643975711522115,-0.18410967275147358,1.0,1.0,32,12
prewhitened_ar,headline_12m_pct,fred_asian_nie_computer_electronics_gbp_12m_pct,pre_2020,5,0.25152991565543703,0.308065798904077,0.5,1.0,31,12
prewhitened_ar,headline_12m_pct,fred_asian_nie_computer_electronics_gbp_12m_pct,pre_2020,6,0.0052176727704448134,-0.03222295064953156,1.0,1.0,30,12
prewhitened_ar,headline_12m_pct,fred_asian_nie_computer_electronics_gbp_12m_pct,pre_2020,7,0.21995614941425431,0.1736932067040491,0.5,1.0,29,12
prewhitened_ar,headline_12m_pct,fred_asian_nie_computer_electronics_gbp_12m_pct,pre_2020,8,-0.012032145393002628,-0.024416599266382177,1.0,1.0,28,12
prewhitened_ar,headline_12m_pct,fred_asian_nie_computer_electronics_gbp_12m_pct,pre_2020,9,-0.1306665917720923,-0.18860719579848853,0.5,1.0,27,12
prewhitened_ar,headline_12m_pct,fred_asian_nie_computer_electronics_gbp_12m_pct,pre_2020,10,-0.10262053997484091,-0.13105065670421498,1.0,1.0,26,12
prewhitened_ar,headline_12m_pct,fred_asian_nie_computer_electronics_gbp_12m_pct,pre_2020,11,0.13599950292240007,0.12165984004500925,1.0,1.0,25,12
prewhitened_ar,headline_12m_pct,fred_asian_nie_computer_electronics_gbp_12m_pct,pre_2020,12,0.056891259380814456,0.056891259380814456,1.0,1.0,24,12
prewhitened_ar,headline_12m_pct,fred_asian_nie_computer_electronics_gbp_12m_pct,pandemic_2020_2022,0,0.03658602630812893,-0.10674002774993746,1.0,1.0,36,12
prewhitened_ar,headline_12m_pct,fred_asian_nie_computer_electronics_gbp_12m_pct,pandemic_2020_2022,1,0.08900808782621823,0.0730611681762808,1.0,1.0,35,12
prewhitened_ar,headline_12m_pct,fred_asian_nie_computer_electronics_gbp_12m_pct,pandemic_2020_2022,2,-0.1324132517313637,0.06938663881414162,0.5,1.0,34,12
prewhitened_ar,headline_12m_pct,fred_asian_nie_computer_electronics_gbp_12m_pct,pandemic_2020_2022,3,-0.10826477266673552,0.08493636065803084,1.0,1.0,33,12
prewhitened_ar,headline_12m_pct,fred_asian_nie_computer_electronics_gbp_12m_pct,pandemic_2020_2022,4,0.07946811047862314,0.16100493091954493,1.0,1.0,32,12
prewhitened_ar,headline_12m_pct,fred_asian_nie_computer_electronics_gbp_12m_pct,pandemic_2020_2022,5,-0.08043977770897458,-0.014524247191913444,1.0,1.0,31,12
prewhitened_ar,headline_12m_pct,fred_asian_nie_computer_electronics_gbp_12m_pct,pandemic_2020_2022,6,-0.40063663054666343,-0.3762465364379302,0.5,1.0,30,12
prewhitened_ar,headline_12m_pct,fred_asian_nie_computer_electronics_gbp_12m_pct,pandemic_2020_2022,7,-0.29976452352716226,-0.25459547453528786,0.5,1.0,29,12
prewhitened_ar,headline_12m_pct,fred_asian_nie_computer_electronics_gbp_12m_pct,pandemic_2020_2022,8,0.16601763091381969,0.25150896452178845,1.0,1.0,28,12
prewhitened_ar,headline_12m_pct,fred_asian_nie_computer_electronics_gbp_12m_pct,pandemic_2020_2022,9,0.00836105942286429,0.047490131279191335,1.0,1.0,27,12
prewhitened_ar,headline_12m_pct,fred_asian_nie_computer_electronics_gbp_12m_pct,pandemic_2020_2022,10,0.21736256827720932,0.2089540992896526,1.0,1.0,26,12
prewhitened_ar,headline_12m_pct,fred_asian_nie_computer_electronics_gbp_12m_pct,pandemic_2020_2022,11,0.25381381019251764,0.24154731887457687,0.5,1.0,25,12
prewhitened_ar,headline_12m_pct,fred_asian_nie_computer_electronics_gbp_12m_pct,pandemic_2020_2022,12,-0.22363123376470628,-0.22363123376470628,1.0,1.0,24,12
prewhitened_ar,headline_12m_pct,fred_asian_nie_computer_electronics_gbp_12m_pct,post_2022,0,0.034486346934186236,-0.04939109937203108,0.5,1.0,33,12
prewhitened_ar,headline_12m_pct,fred_asian_nie_computer_electronics_gbp_12m_pct,post_2022,1,0.0408200780607152,-0.09529226880061016,0.5,1.0,32,12
prewhitened_ar,headline_12m_pct,fred_asian_nie_computer_electronics_gbp_12m_pct,post_2022,2,0.12753965401429945,0.05462785870512471,0.5,1.0,31,12
prewhitened_ar,headline_12m_pct,fred_asian_nie_computer_electronics_gbp_12m_pct,post_2022,3,0.07817867118148174,0.07651180038216246,1.0,1.0,30,12
prewhitened_ar,headline_12m_pct,fred_asian_nie_computer_electronics_gbp_12m_pct,post_2022,4,-0.07050730271091431,0.06146479913430558,1.0,1.0,29,12
prewhitened_ar,headline_12m_pct,fred_asian_nie_computer_electronics_gbp_12m_pct,post_2022,5,-0.11751262126835996,-0.11726572609102083,1.0,1.0,28,12
prewhitened_ar,headline_12m_pct,fred_asian_nie_computer_electronics_gbp_12m_pct,post_2022,6,-0.287302982433869,-0.31650559824649255,1.0,1.0,27,12
prewhitened_ar,headline_12m_pct,fred_asian_nie_computer_electronics_gbp_12m_pct,post_2022,7,0.20825582739233392,0.25449755868362084,0.5,1.0,26,12
prewhitened_ar,headline_12m_pct,fred_asian_nie_computer_electronics_gbp_12m_pct,post_2022,8,0.007401053754402576,-0.0448079895775208,1.0,1.0,25,12
prewhitened_ar,headline_12m_pct,fred_asian_nie_computer_electronics_gbp_12m_pct,post_2022,9,0.2601539646780106,0.32665054292105783,0.5,1.0,24,12
prewhitened_ar,headline_12m_pct,fred_asian_nie_computer_electronics_gbp_12m_pct,post_2022,10,-0.03865461054868538,-0.051202577936076375,0.5,1.0,23,12
prewhitened_ar,headline_12m_pct,fred_asian_nie_computer_electronics_gbp_12m_pct,post_2022,11,0.07748490192298862,0.07776095895848308,1.0,1.0,22,12
prewhitened_ar,headline_12m_pct,fred_asian_nie_computer_electronics_gbp_12m_pct,post_2022,12,0.08015935753461398,0.08015935753461398,0.5,1.0,21,12
prewhitened_ar,ex_games_12m_pct,jp_epi_electronics_gbp_12m_pct,full,0,0.023526783869605414,0.06779567720969196,0.6075949367088608,1.0,114,12
prewhitened_ar,ex_games_12m_pct,jp_epi_electronics_gbp_12m_pct,full,1,0.017476791015021156,0.010744399191571675,0.9367088607594937,1.0,113,12
prewhitened_ar,ex_games_12m_pct,jp_epi_electronics_gbp_12m_pct,full,2,0.10138619120958564,0.11437700583260649,0.3924050632911392,1.0,112,12
prewhitened_ar,ex_games_12m_pct,jp_epi_electronics_gbp_12m_pct,full,3,0.02646322713294256,0.05776409454055562,0.6075949367088608,1.0,111,12
prewhitened_ar,ex_games_12m_pct,jp_epi_electronics_gbp_12m_pct,full,4,-0.09355448527544485,-0.1433712653639535,0.2911392405063291,1.0,110,12
prewhitened_ar,ex_games_12m_pct,jp_epi_electronics_gbp_12m_pct,full,5,0.12341030688340611,0.12402816223120584,0.379746835443038,1.0,109,12
prewhitened_ar,ex_games_12m_pct,jp_epi_electronics_gbp_12m_pct,full,6,-0.1312092512479487,-0.1432477834245802,0.3037974683544304,1.0,108,12
prewhitened_ar,ex_games_12m_pct,jp_epi_electronics_gbp_12m_pct,full,7,0.016162740623147678,0.0002640551512598149,1.0,1.0,107,12
prewhitened_ar,ex_games_12m_pct,jp_epi_electronics_gbp_12m_pct,full,8,-0.019622209802371053,-0.009633857941453784,0.9746835443037974,1.0,106,12
prewhitened_ar,ex_games_12m_pct,jp_epi_electronics_gbp_12m_pct,full,9,0.11474808382878315,0.10247939570188218,0.379746835443038,1.0,105,12
prewhitened_ar,ex_games_12m_pct,jp_epi_electronics_gbp_12m_pct,full,10,-0.04246058458417455,-0.03645000256507753,0.759493670886076,1.0,104,12
prewhitened_ar,ex_games_12m_pct,jp_epi_electronics_gbp_12m_pct,full,11,0.14704007611383424,0.14302517853568042,0.17721518987341772,1.0,103,12
prewhitened_ar,ex_games_12m_pct,jp_epi_electronics_gbp_12m_pct,full,12,0.0354611512598974,0.0354611512598974,0.7215189873417721,1.0,102,12
prewhitened_ar,ex_games_12m_pct,jp_epi_electronics_gbp_12m_pct,pre_2020,0,0.34003786205885356,0.3834741666019748,0.5,0.5,36,12
prewhitened_ar,ex_games_12m_pct,jp_epi_electronics_gbp_12m_pct,pre_2020,1,-0.17924040691937693,-0.34141606471668245,0.5,1.0,35,12
prewhitened_ar,ex_games_12m_pct,jp_epi_electronics_gbp_12m_pct,pre_2020,2,0.11494898379271105,0.011417876079429283,1.0,1.0,34,12
prewhitened_ar,ex_games_12m_pct,jp_epi_electronics_gbp_12m_pct,pre_2020,3,-0.036002963205341014,-0.03571689479813814,1.0,1.0,33,12
prewhitened_ar,ex_games_12m_pct,jp_epi_electronics_gbp_12m_pct,pre_2020,4,-0.18394913152930328,-0.1796751379821431,0.5,1.0,32,12
prewhitened_ar,ex_games_12m_pct,jp_epi_electronics_gbp_12m_pct,pre_2020,5,0.12331174825925142,0.2893832864148848,0.5,1.0,31,12
prewhitened_ar,ex_games_12m_pct,jp_epi_electronics_gbp_12m_pct,pre_2020,6,0.03727530950726075,-0.0029413423212248393,1.0,1.0,30,12
prewhitened_ar,ex_games_12m_pct,jp_epi_electronics_gbp_12m_pct,pre_2020,7,0.16736403093606786,0.1591533040173612,0.5,1.0,29,12
prewhitened_ar,ex_games_12m_pct,jp_epi_electronics_gbp_12m_pct,pre_2020,8,-0.13630555698513377,-0.09149009231512714,1.0,1.0,28,12
prewhitened_ar,ex_games_12m_pct,jp_epi_electronics_gbp_12m_pct,pre_2020,9,-0.0609244232572116,-0.2293770793069033,0.5,1.0,27,12
prewhitened_ar,ex_games_12m_pct,jp_epi_electronics_gbp_12m_pct,pre_2020,10,-0.05116642896391646,-0.15354508879314652,0.5,1.0,26,12
prewhitened_ar,ex_games_12m_pct,jp_epi_electronics_gbp_12m_pct,pre_2020,11,-0.1320616399341184,-0.17614958343162065,0.5,1.0,25,12
prewhitened_ar,ex_games_12m_pct,jp_epi_electronics_gbp_12m_pct,pre_2020,12,-0.13401132370127464,-0.13401132370127464,0.5,1.0,24,12
prewhitened_ar,ex_games_12m_pct,jp_epi_electronics_gbp_12m_pct,pandemic_2020_2022,0,-0.009576194263393881,0.14979899119539894,0.5,1.0,36,12
prewhitened_ar,ex_games_12m_pct,jp_epi_electronics_gbp_12m_pct,pandemic_2020_2022,1,-0.02382411955737264,-0.2268785171179327,0.5,1.0,35,12
prewhitened_ar,ex_games_12m_pct,jp_epi_electronics_gbp_12m_pct,pandemic_2020_2022,2,-0.03468383308353333,0.0679071528082548,0.5,1.0,34,12
prewhitened_ar,ex_games_12m_pct,jp_epi_electronics_gbp_12m_pct,pandemic_2020_2022,3,-0.02601833864006091,-0.023333119120363222,1.0,1.0,33,12
prewhitened_ar,ex_games_12m_pct,jp_epi_electronics_gbp_12m_pct,pandemic_2020_2022,4,0.02112958791472123,0.11217520835277,1.0,1.0,32,12
prewhitened_ar,ex_games_12m_pct,jp_epi_electronics_gbp_12m_pct,pandemic_2020_2022,5,0.10482653661152103,-0.00706147988993719,1.0,1.0,31,12
prewhitened_ar,ex_games_12m_pct,jp_epi_electronics_gbp_12m_pct,pandemic_2020_2022,6,-0.15787643879773247,-0.09822075028126544,0.5,1.0,30,12
prewhitened_ar,ex_games_12m_pct,jp_epi_electronics_gbp_12m_pct,pandemic_2020_2022,7,-0.2995756005842402,-0.3032613912370155,0.5,1.0,29,12
prewhitened_ar,ex_games_12m_pct,jp_epi_electronics_gbp_12m_pct,pandemic_2020_2022,8,-0.04290371796953482,-0.1267012090860121,0.5,1.0,28,12
prewhitened_ar,ex_games_12m_pct,jp_epi_electronics_gbp_12m_pct,pandemic_2020_2022,9,0.014458463423986089,0.0860854531994689,1.0,1.0,27,12
prewhitened_ar,ex_games_12m_pct,jp_epi_electronics_gbp_12m_pct,pandemic_2020_2022,10,-0.30062232460811217,-0.3010335023385586,0.5,1.0,26,12
prewhitened_ar,ex_games_12m_pct,jp_epi_electronics_gbp_12m_pct,pandemic_2020_2022,11,0.36711407294545656,0.3587327797147063,0.5,1.0,25,12
prewhitened_ar,ex_games_12m_pct,jp_epi_electronics_gbp_12m_pct,pandemic_2020_2022,12,0.08158337327118652,0.08158337327118652,1.0,1.0,24,12
prewhitened_ar,ex_games_12m_pct,jp_epi_electronics_gbp_12m_pct,post_2022,0,-0.1531019757175482,-0.1570851375179356,0.2857142857142857,1.0,42,12
prewhitened_ar,ex_games_12m_pct,jp_epi_electronics_gbp_12m_pct,post_2022,1,0.1813208476706367,0.24289373787567578,0.42857142857142855,1.0,41,12
prewhitened_ar,ex_games_12m_pct,jp_epi_electronics_gbp_12m_pct,post_2022,2,0.18955804850486135,0.24895994847811317,0.42857142857142855,1.0,40,12
prewhitened_ar,ex_games_12m_pct,jp_epi_electronics_gbp_12m_pct,post_2022,3,0.17717442889394722,0.3206139506584903,0.14285714285714285,1.0,39,12
prewhitened_ar,ex_games_12m_pct,jp_epi_electronics_gbp_12m_pct,post_2022,4,-0.021257899165070145,-0.20273556061223327,0.42857142857142855,1.0,38,12
prewhitened_ar,ex_games_12m_pct,jp_epi_electronics_gbp_12m_pct,post_2022,5,0.25637853742884564,0.27294635983750803,0.2857142857142857,1.0,37,12
prewhitened_ar,ex_games_12m_pct,jp_epi_electronics_gbp_12m_pct,post_2022,6,-0.262495864898786,-0.3515888060168725,0.2857142857142857,1.0,36,12
prewhitened_ar,ex_games_12m_pct,jp_epi_electronics_gbp_12m_pct,post_2022,7,0.04629403505756637,-0.01805822408522159,1.0,1.0,35,12
prewhitened_ar,ex_games_12m_pct,jp_epi_electronics_gbp_12m_pct,post_2022,8,-0.03653350884738158,-0.018712016368445952,0.7142857142857143,1.0,34,12
prewhitened_ar,ex_games_12m_pct,jp_epi_electronics_gbp_12m_pct,post_2022,9,0.24944383332217937,0.211149721432589,0.42857142857142855,1.0,33,12
prewhitened_ar,ex_games_12m_pct,jp_epi_electronics_gbp_12m_pct,post_2022,10,0.05101836309260475,0.07280292695845227,0.42857142857142855,1.0,32,12
prewhitened_ar,ex_games_12m_pct,jp_epi_electronics_gbp_12m_pct,post_2022,11,0.1737637761376347,0.1558257552899824,0.42857142857142855,1.0,31,12
prewhitened_ar,ex_games_12m_pct,jp_epi_electronics_gbp_12m_pct,post_2022,12,0.19961721203093877,0.19961721203093877,0.5714285714285714,1.0,30,12
prewhitened_ar,ex_games_12m_pct,kr_epi_tech_gbp_12m_pct,full,0,-0.1253122213932429,-0.17106149411263932,0.34782608695652173,1.0,58,12
prewhitened_ar,ex_games_12m_pct,kr_epi_tech_gbp_12m_pct,full,1,0.1680331598534926,0.019271996641217058,0.9130434782608695,1.0,57,12
prewhitened_ar,ex_games_12m_pct,kr_epi_tech_gbp_12m_pct,full,2,-0.08308329452988678,-0.06077017299413206,0.6086956521739131,1.0,56,12
prewhitened_ar,ex_games_12m_pct,kr_epi_tech_gbp_12m_pct,full,3,-0.019417095384674,0.06139359006941905,0.7391304347826086,1.0,55,12
prewhitened_ar,ex_games_12m_pct,kr_epi_tech_gbp_12m_pct,full,4,-0.13657958724267888,-0.157114774486342,0.5217391304347826,1.0,54,12
prewhitened_ar,ex_games_12m_pct,kr_epi_tech_gbp_12m_pct,full,5,0.18881303037007097,0.2300166494329403,0.21739130434782608,1.0,53,12
prewhitened_ar,ex_games_12m_pct,kr_epi_tech_gbp_12m_pct,full,6,-0.16249384642275494,-0.32933766293122213,0.043478260869565216,0.5217391304347826,52,12
prewhitened_ar,ex_games_12m_pct,kr_epi_tech_gbp_12m_pct,full,7,-0.0338458646564193,-0.04440077898088618,0.8260869565217391,1.0,51,12
prewhitened_ar,ex_games_12m_pct,kr_epi_tech_gbp_12m_pct,full,8,0.011624869867462655,-0.021741810088166422,0.9565217391304348,1.0,50,12
prewhitened_ar,ex_games_12m_pct,kr_epi_tech_gbp_12m_pct,full,9,-0.10428376021109764,-0.09103373010453153,0.6521739130434783,1.0,49,12
prewhitened_ar,ex_games_12m_pct,kr_epi_tech_gbp_12m_pct,full,10,-0.1661447273856813,-0.16396863065951892,0.30434782608695654,1.0,48,12
prewhitened_ar,ex_games_12m_pct,kr_epi_tech_gbp_12m_pct,full,11,0.16480516795989364,0.17765552958830583,0.17391304347826086,1.0,47,12
prewhitened_ar,ex_games_12m_pct,kr_epi_tech_gbp_12m_pct,full,12,-0.0649334203144724,-0.0649334203144724,0.7391304347826086,1.0,46,12
prewhitened_ar,ex_games_12m_pct,kr_epi_tech_gbp_12m_pct,pandemic_2020_2022,0,-0.16043216682050648,0.00618299703323538,1.0,1.0,33,12
prewhitened_ar,ex_games_12m_pct,kr_epi_tech_gbp_12m_pct,pandemic_2020_2022,1,0.21190521884280777,-0.04682524509183796,1.0,1.0,32,12
prewhitened_ar,ex_games_12m_pct,kr_epi_tech_gbp_12m_pct,pandemic_2020_2022,2,0.12688945190165268,0.30100213330982806,0.5,1.0,31,12
prewhitened_ar,ex_games_12m_pct,kr_epi_tech_gbp_12m_pct,pandemic_2020_2022,3,-0.10805741334076412,-0.15236647246227975,1.0,1.0,30,12
prewhitened_ar,ex_games_12m_pct,kr_epi_tech_gbp_12m_pct,pandemic_2020_2022,4,0.11506701761767471,0.16553871884716184,1.0,1.0,29,12
prewhitened_ar,ex_games_12m_pct,kr_epi_tech_gbp_12m_pct,pandemic_2020_2022,5,0.2908589444414734,0.150915215286439,0.5,1.0,28,12
prewhitened_ar,ex_games_12m_pct,kr_epi_tech_gbp_12m_pct,pandemic_2020_2022,6,-0.21641452735474714,-0.13969968394621032,1.0,1.0,27,12
prewhitened_ar,ex_games_12m_pct,kr_epi_tech_gbp_12m_pct,pandemic_2020_2022,7,0.014005550856414061,0.01467253111757958,1.0,1.0,26,12
prewhitened_ar,ex_games_12m_pct,kr_epi_tech_gbp_12m_pct,pandemic_2020_2022,8,0.0541303229596863,-0.11012614481907014,1.0,1.0,25,12
prewhitened_ar,ex_games_12m_pct,kr_epi_tech_gbp_12m_pct,pandemic_2020_2022,9,-0.16329497655039085,0.03153564344599829,1.0,1.0,24,12
prewhitened_ar,ex_games_12m_pct,kr_epi_tech_gbp_12m_pct,pandemic_2020_2022,10,-0.18415298761085594,-0.276363075649658,0.5,1.0,23,12
prewhitened_ar,ex_games_12m_pct,kr_epi_tech_gbp_12m_pct,pandemic_2020_2022,11,0.20320226703597438,0.13149795873971723,1.0,1.0,22,12
prewhitened_ar,ex_games_12m_pct,kr_epi_tech_gbp_12m_pct,pandemic_2020_2022,12,0.22979519907718693,0.22979519907718693,0.5,1.0,21,12
prewhitened_ar,ex_games_12m_pct,kr_epi_tech_gbp_12m_pct,post_2022,0,-0.09087039654907765,-0.29293111402740807,1.0,1.0,25,12
prewhitened_ar,ex_games_12m_pct,kr_epi_tech_gbp_12m_pct,post_2022,1,0.194435356474371,-0.2504038529032372,1.0,1.0,24,12
prewhitened_ar,ex_games_12m_pct,kr_epi_tech_gbp_12m_pct,post_2022,2,-0.13143297873072818,-0.2683634800781358,1.0,1.0,23,12
prewhitened_ar,ex_games_12m_pct,kr_epi_tech_gbp_12m_pct,post_2022,3,0.14223642660405744,0.4621270418332016,0.5,1.0,22,12
prewhitened_ar,ex_games_12m_pct,kr_epi_tech_gbp_12m_pct,post_2022,4,-0.1077779296326948,-0.17995757305072613,1.0,1.0,21,12
prewhitened_ar,ex_games_12m_pct,kr_epi_tech_gbp_12m_pct,post_2022,5,0.41770945945790994,0.6228154777938821,0.5,0.5,20,12
prewhitened_ar,ex_games_12m_pct,kr_epi_tech_gbp_12m_pct,post_2022,6,-0.03906456466159692,-0.43516376662854866,1.0,1.0,19,12
prewhitened_ar,ex_games_12m_pct,kr_epi_tech_gbp_12m_pct,post_2022,7,-0.10861244174898797,-0.1441738491607369,1.0,1.0,18,12
prewhitened_ar,ex_games_12m_pct,kr_epi_tech_gbp_12m_pct,post_2022,8,0.13137446994481405,0.09664817399386018,1.0,1.0,17,12
prewhitened_ar,ex_games_12m_pct,kr_epi_tech_gbp_12m_pct,post_2022,9,-0.3712759083939645,-0.3077910026615196,0.5,1.0,16,12
prewhitened_ar,ex_games_12m_pct,kr_epi_tech_gbp_12m_pct,post_2022,10,-0.09959089304518826,-0.055596472680230324,1.0,1.0,15,12
prewhitened_ar,ex_games_12m_pct,kr_epi_tech_gbp_12m_pct,post_2022,11,0.2159042694145536,0.29438552602922313,0.5,1.0,14,12
prewhitened_ar,ex_games_12m_pct,kr_epi_tech_gbp_12m_pct,post_2022,12,-0.18264976343623576,-0.18264976343623576,1.0,1.0,13,12
prewhitened_ar,ex_games_12m_pct,cn_ppi_tech_gbp_12m_pct,full,0,-0.12657980287206266,-0.27096691598081646,0.09090909090909091,1.0,46,12
prewhitened_ar,ex_games_12m_pct,cn_ppi_tech_gbp_12m_pct,full,1,0.3497228417233406,0.25369644595704505,0.18181818181818182,1.0,45,12
prewhitened_ar,ex_games_12m_pct,cn_ppi_tech_gbp_12m_pct,full,2,0.038117378324070965,0.06197846717118146,0.7272727272727273,1.0,44,12
prewhitened_ar,ex_games_12m_pct,cn_ppi_tech_gbp_12m_pct,full,3,0.17865580700280867,0.20786787683752037,0.2727272727272727,1.0,43,12
prewhitened_ar,ex_games_12m_pct,cn_ppi_tech_gbp_12m_pct,full,4,-0.10823908253119402,-0.218714487578253,0.18181818181818182,1.0,42,12
prewhitened_ar,ex_games_12m_pct,cn_ppi_tech_gbp_12m_pct,full,5,0.074018909347328,0.09220734250561098,0.5454545454545454,1.0,41,12
prewhitened_ar,ex_games_12m_pct,cn_ppi_tech_gbp_12m_pct,full,6,-0.1499408016189686,-0.2348533202623219,0.18181818181818182,1.0,40,12
prewhitened_ar,ex_games_12m_pct,cn_ppi_tech_gbp_12m_pct,full,7,0.03967171104427526,0.048707024480365395,0.7272727272727273,1.0,39,12
prewhitened_ar,ex_games_12m_pct,cn_ppi_tech_gbp_12m_pct,full,8,0.12173084209040602,0.22224393891101765,0.18181818181818182,1.0,38,12
prewhitened_ar,ex_games_12m_pct,cn_ppi_tech_gbp_12m_pct,full,9,0.19378945943943232,0.23236830572342365,0.18181818181818182,1.0,37,12
prewhitened_ar,ex_games_12m_pct,cn_ppi_tech_gbp_12m_pct,full,10,0.35684004018926696,0.2943392405013762,0.18181818181818182,1.0,36,12
prewhitened_ar,ex_games_12m_pct,cn_ppi_tech_gbp_12m_pct,full,11,0.09683702802729544,0.13921405489458116,0.2727272727272727,1.0,35,12
prewhitened_ar,ex_games_12m_pct,cn_ppi_tech_gbp_12m_pct,full,12,0.15343449860307923,0.15343449860307923,0.36363636363636365,1.0,34,12
prewhitened_ar,ex_games_12m_pct,cn_ppi_tech_gbp_12m_pct,post_2022,0,-0.1109824164650189,-0.2690240539830855,0.5,1.0,36,12
prewhitened_ar,ex_games_12m_pct,cn_ppi_tech_gbp_12m_pct,post_2022,1,0.3428071291260918,0.23392857089795505,0.5,1.0,35,12
prewhitened_ar,ex_games_12m_pct,cn_ppi_tech_gbp_12m_pct,post_2022,2,0.043435387919386864,0.09870155841564612,1.0,1.0,34,12
prewhitened_ar,ex_games_12m_pct,cn_ppi_tech_gbp_12m_pct,post_2022,3,0.21556952779021127,0.28158126776164066,0.5,1.0,33,12
prewhitened_ar,ex_games_12m_pct,cn_ppi_tech_gbp_12m_pct,post_2022,4,-0.07605989413589927,-0.18503675077151507,1.0,1.0,32,12
prewhitened_ar,ex_games_12m_pct,cn_ppi_tech_gbp_12m_pct,post_2022,5,0.15097462331981756,0.21313232977370355,0.5,1.0,31,12
prewhitened_ar,ex_games_12m_pct,cn_ppi_tech_gbp_12m_pct,post_2022,6,-0.17825897724737022,-0.2835729910685482,0.5,1.0,30,12
prewhitened_ar,ex_games_12m_pct,cn_ppi_tech_gbp_12m_pct,post_2022,7,0.019076686946035457,0.0480743673194459,1.0,1.0,29,12
prewhitened_ar,ex_games_12m_pct,cn_ppi_tech_gbp_12m_pct,post_2022,8,-0.050311662174414046,0.07744623389703927,0.5,1.0,28,12
prewhitened_ar,ex_games_12m_pct,cn_ppi_tech_gbp_12m_pct,post_2022,9,0.04046658647197203,0.07423907225348159,0.5,1.0,27,12
prewhitened_ar,ex_games_12m_pct,cn_ppi_tech_gbp_12m_pct,post_2022,10,0.39983954489485135,0.31189252432094683,1.0,1.0,26,12
prewhitened_ar,ex_games_12m_pct,cn_ppi_tech_gbp_12m_pct,post_2022,11,-0.09674362365911145,-0.04855259608114975,1.0,1.0,25,12
prewhitened_ar,ex_games_12m_pct,cn_ppi_tech_gbp_12m_pct,post_2022,12,0.1728079888567029,0.1728079888567029,0.5,1.0,24,12
prewhitened_ar,ex_games_12m_pct,tw_epi_integrated_circuits_gbp_12m_pct,full,0,0.049352516595993386,0.03875707999232599,0.810126582278481,1.0,114,12
prewhitened_ar,ex_games_12m_pct,tw_epi_integrated_circuits_gbp_12m_pct,full,1,0.17941571930060438,0.15203161780448496,0.21518987341772153,0.9493670886075949,113,12
prewhitened_ar,ex_games_12m_pct,tw_epi_integrated_circuits_gbp_12m_pct,full,2,0.13290195619763417,0.13336172422016823,0.22784810126582278,1.0,112,12
prewhitened_ar,ex_games_12m_pct,tw_epi_integrated_circuits_gbp_12m_pct,full,3,0.035159743393558145,0.02810164970744844,0.8860759493670886,1.0,111,12
prewhitened_ar,ex_games_12m_pct,tw_epi_integrated_circuits_gbp_12m_pct,full,4,-0.06179871700543943,-0.0761198152986158,0.5316455696202531,1.0,110,12
prewhitened_ar,ex_games_12m_pct,tw_epi_integrated_circuits_gbp_12m_pct,full,5,0.1116278525131552,0.10770179075733392,0.379746835443038,1.0,109,12
prewhitened_ar,ex_games_12m_pct,tw_epi_integrated_circuits_gbp_12m_pct,full,6,-0.02081883197074639,-0.01717873069073845,0.9493670886075949,1.0,108,12
prewhitened_ar,ex_games_12m_pct,tw_epi_integrated_circuits_gbp_12m_pct,full,7,0.09563691093204561,0.09336736766005506,0.45569620253164556,1.0,107,12
prewhitened_ar,ex_games_12m_pct,tw_epi_integrated_circuits_gbp_12m_pct,full,8,-0.04029164062762335,-0.03341793908278701,0.7974683544303798,1.0,106,12
prewhitened_ar,ex_games_12m_pct,tw_epi_integrated_circuits_gbp_12m_pct,full,9,0.13212494899702107,0.13640721565783964,0.26582278481012656,1.0,105,12
prewhitened_ar,ex_games_12m_pct,tw_epi_integrated_circuits_gbp_12m_pct,full,10,0.06742346927914677,0.07170343024051004,0.6075949367088608,1.0,104,12
prewhitened_ar,ex_games_12m_pct,tw_epi_integrated_circuits_gbp_12m_pct,full,11,0.18809823731701497,0.1893938090149324,0.10126582278481013,0.7468354430379747,103,12
prewhitened_ar,ex_games_12m_pct,tw_epi_integrated_circuits_gbp_12m_pct,full,12,0.07363658692067541,0.07363658692067541,0.569620253164557,1.0,102,12
prewhitened_ar,ex_games_12m_pct,tw_epi_integrated_circuits_gbp_12m_pct,pre_2020,0,0.25959338148763345,0.20071813465888078,1.0,1.0,36,12
prewhitened_ar,ex_games_12m_pct,tw_epi_integrated_circuits_gbp_12m_pct,pre_2020,1,0.06054482026748694,-0.13025833925711744,1.0,1.0,35,12
prewhitened_ar,ex_games_12m_pct,tw_epi_integrated_circuits_gbp_12m_pct,pre_2020,2,0.15354551134437733,0.02972310251427581,1.0,1.0,34,12
prewhitened_ar,ex_games_12m_pct,tw_epi_integrated_circuits_gbp_12m_pct,pre_2020,3,-0.0883996681702717,-0.1752256850665334,1.0,1.0,33,12
prewhitened_ar,ex_games_12m_pct,tw_epi_integrated_circuits_gbp_12m_pct,pre_2020,4,0.013864806659575837,0.00037683434864821776,1.0,1.0,32,12
prewhitened_ar,ex_games_12m_pct,tw_epi_integrated_circuits_gbp_12m_pct,pre_2020,5,0.14068308081666206,0.2612669572843207,0.5,1.0,31,12
prewhitened_ar,ex_games_12m_pct,tw_epi_integrated_circuits_gbp_12m_pct,pre_2020,6,0.10797254770557817,0.001353503775886566,1.0,1.0,30,12
prewhitened_ar,ex_games_12m_pct,tw_epi_integrated_circuits_gbp_12m_pct,pre_2020,7,0.3332186484422462,0.31644396600923635,0.5,1.0,29,12
prewhitened_ar,ex_games_12m_pct,tw_epi_integrated_circuits_gbp_12m_pct,pre_2020,8,-0.07421886673977046,-0.10120894802999687,1.0,1.0,28,12
prewhitened_ar,ex_games_12m_pct,tw_epi_integrated_circuits_gbp_12m_pct,pre_2020,9,-0.006715376865845266,-0.15795136160021725,0.5,1.0,27,12
prewhitened_ar,ex_games_12m_pct,tw_epi_integrated_circuits_gbp_12m_pct,pre_2020,10,-0.026458727640460436,-0.13531700134522473,0.5,1.0,26,12
prewhitened_ar,ex_games_12m_pct,tw_epi_integrated_circuits_gbp_12m_pct,pre_2020,11,-0.1866149430186802,-0.3147473967899106,0.5,1.0,25,12
prewhitened_ar,ex_games_12m_pct,tw_epi_integrated_circuits_gbp_12m_pct,pre_2020,12,-0.046938192486723485,-0.046938192486723485,0.5,1.0,24,12
prewhitened_ar,ex_games_12m_pct,tw_epi_integrated_circuits_gbp_12m_pct,pandemic_2020_2022,0,0.04761232986070685,0.1837795295758925,0.5,1.0,36,12
prewhitened_ar,ex_games_12m_pct,tw_epi_integrated_circuits_gbp_12m_pct,pandemic_2020_2022,1,-0.005272653588457269,-0.16102095745465933,0.5,1.0,35,12
prewhitened_ar,ex_games_12m_pct,tw_epi_integrated_circuits_gbp_12m_pct,pandemic_2020_2022,2,-0.00763615084740867,0.04674062971883423,0.5,1.0,34,12
prewhitened_ar,ex_games_12m_pct,tw_epi_integrated_circuits_gbp_12m_pct,pandemic_2020_2022,3,-0.21802096525389295,-0.13946340635413032,1.0,1.0,33,12
prewhitened_ar,ex_games_12m_pct,tw_epi_integrated_circuits_gbp_12m_pct,pandemic_2020_2022,4,-0.07206465932440352,-0.03168593445298224,1.0,1.0,32,12
prewhitened_ar,ex_games_12m_pct,tw_epi_integrated_circuits_gbp_12m_pct,pandemic_2020_2022,5,0.03581236440727254,-0.09701416289082634,0.5,1.0,31,12
prewhitened_ar,ex_games_12m_pct,tw_epi_integrated_circuits_gbp_12m_pct,pandemic_2020_2022,6,-0.06813663776862766,-0.03942814052668397,1.0,1.0,30,12
prewhitened_ar,ex_games_12m_pct,tw_epi_integrated_circuits_gbp_12m_pct,pandemic_2020_2022,7,-0.35879344830787097,-0.32649217016942556,0.5,1.0,29,12
prewhitened_ar,ex_games_12m_pct,tw_epi_integrated_circuits_gbp_12m_pct,pandemic_2020_2022,8,-0.12087822505084297,-0.1395212030000965,0.5,1.0,28,12
prewhitened_ar,ex_games_12m_pct,tw_epi_integrated_circuits_gbp_12m_pct,pandemic_2020_2022,9,-0.11434461915523128,-0.0824525533928024,1.0,1.0,27,12
prewhitened_ar,ex_games_12m_pct,tw_epi_integrated_circuits_gbp_12m_pct,pandemic_2020_2022,10,-0.2998885025035327,-0.30940329483908097,1.0,1.0,26,12
prewhitened_ar,ex_games_12m_pct,tw_epi_integrated_circuits_gbp_12m_pct,pandemic_2020_2022,11,0.3975400779005779,0.3937336300739896,0.5,1.0,25,12
prewhitened_ar,ex_games_12m_pct,tw_epi_integrated_circuits_gbp_12m_pct,pandemic_2020_2022,12,0.048431972331170935,0.048431972331170935,1.0,1.0,24,12
prewhitened_ar,ex_games_12m_pct,tw_epi_integrated_circuits_gbp_12m_pct,post_2022,0,-0.12243459984021225,-0.24837670576152382,0.42857142857142855,1.0,42,12
prewhitened_ar,ex_games_12m_pct,tw_epi_integrated_circuits_gbp_12m_pct,post_2022,1,0.35323061182340415,0.3434307108189424,0.42857142857142855,1.0,41,12
prewhitened_ar,ex_games_12m_pct,tw_epi_integrated_circuits_gbp_12m_pct,post_2022,2,0.21046143923912586,0.233525374952956,0.42857142857142855,1.0,40,12
prewhitened_ar,ex_games_12m_pct,tw_epi_integrated_circuits_gbp_12m_pct,post_2022,3,0.3027459177257116,0.3753414180543302,0.2857142857142857,1.0,39,12
prewhitened_ar,ex_games_12m_pct,tw_epi_integrated_circuits_gbp_12m_pct,post_2022,4,-0.047912763120536654,-0.08622672553147245,0.7142857142857143,1.0,38,12
prewhitened_ar,ex_games_12m_pct,tw_epi_integrated_circuits_gbp_12m_pct,post_2022,5,0.1784696899762648,0.1814542691307605,0.5714285714285714,1.0,37,12
prewhitened_ar,ex_games_12m_pct,tw_epi_integrated_circuits_gbp_12m_pct,post_2022,6,-0.2457244485603371,-0.2627989726288809,0.42857142857142855,1.0,36,12
prewhitened_ar,ex_games_12m_pct,tw_epi_integrated_circuits_gbp_12m_pct,post_2022,7,-0.07603938914731685,-0.10448173737748424,0.7142857142857143,1.0,35,12
prewhitened_ar,ex_games_12m_pct,tw_epi_integrated_circuits_gbp_12m_pct,post_2022,8,-0.23316200205110613,-0.22588101081807174,0.2857142857142857,1.0,34,12
prewhitened_ar,ex_games_12m_pct,tw_epi_integrated_circuits_gbp_12m_pct,post_2022,9,0.2069366990053978,0.21839768514876004,0.2857142857142857,1.0,33,12
prewhitened_ar,ex_games_12m_pct,tw_epi_integrated_circuits_gbp_12m_pct,post_2022,10,0.278519464029959,0.29512481602324775,0.14285714285714285,1.0,32,12
prewhitened_ar,ex_games_12m_pct,tw_epi_integrated_circuits_gbp_12m_pct,post_2022,11,0.2771229183934056,0.27951170013878296,0.14285714285714285,1.0,31,12
prewhitened_ar,ex_games_12m_pct,tw_epi_integrated_circuits_gbp_12m_pct,post_2022,12,0.02729409879556278,0.02729409879556278,1.0,1.0,30,12
prewhitened_ar,ex_games_12m_pct,hk_ppi_tech_gbp_12m_pct,full,0,-0.047247424021538295,-0.08403528482385622,0.5063291139240507,1.0,114,12
prewhitened_ar,ex_games_12m_pct,hk_ppi_tech_gbp_12m_pct,full,1,-0.21914398037657856,-0.12765070945033744,0.34177215189873417,1.0,113,12
prewhitened_ar,ex_games_12m_pct,hk_ppi_tech_gbp_12m_pct,full,2,-0.07787233669858107,-0.08215697794170704,0.4430379746835443,1.0,112,12
prewhitened_ar,ex_games_12m_pct,hk_ppi_tech_gbp_12m_pct,full,3,-0.0004604397145972919,0.013132911076938293,0.8607594936708861,1.0,111,12
prewhitened_ar,ex_games_12m_pct,hk_ppi_tech_gbp_12m_pct,full,4,0.21471224056645483,0.10274903689978629,0.34177215189873417,1.0,110,12
prewhitened_ar,ex_games_12m_pct,hk_ppi_tech_gbp_12m_pct,full,5,0.07112476502356062,0.10504209076945223,0.3291139240506329,1.0,109,12
prewhitened_ar,ex_games_12m_pct,hk_ppi_tech_gbp_12m_pct,full,6,0.03248916935524649,-0.03245769009623028,0.6962025316455697,1.0,108,12
prewhitened_ar,ex_games_12m_pct,hk_ppi_tech_gbp_12m_pct,full,7,-0.024619980861409763,0.022016393144517483,0.759493670886076,1.0,107,12
prewhitened_ar,ex_games_12m_pct,hk_ppi_tech_gbp_12m_pct,full,8,-0.026841747527321123,-0.030650878914762616,0.7088607594936709,1.0,106,12
prewhitened_ar,ex_games_12m_pct,hk_ppi_tech_gbp_12m_pct,full,9,-0.08572219105755309,-0.06658290397065847,0.5316455696202531,1.0,105,12
prewhitened_ar,ex_games_12m_pct,hk_ppi_tech_gbp_12m_pct,full,10,-0.14208101776894067,-0.14246994017540218,0.26582278481012656,1.0,104,12
prewhitened_ar,ex_games_12m_pct,hk_ppi_tech_gbp_12m_pct,full,11,0.041386988074270194,0.04169450999070721,0.6455696202531646,1.0,103,12
prewhitened_ar,ex_games_12m_pct,hk_ppi_tech_gbp_12m_pct,full,12,-0.08596542557606772,-0.08596542557606772,0.35443037974683544,1.0,102,12
prewhitened_ar,ex_games_12m_pct,hk_ppi_tech_gbp_12m_pct,pre_2020,0,0.1321696423991585,0.25178612224579644,0.5,1.0,36,12
prewhitened_ar,ex_games_12m_pct,hk_ppi_tech_gbp_12m_pct,pre_2020,1,0.044648991489736944,0.03703034837417336,1.0,1.0,35,12
prewhitened_ar,ex_games_12m_pct,hk_ppi_tech_gbp_12m_pct,pre_2020,2,0.20209240778634618,0.21910771630226025,0.5,1.0,34,12
prewhitened_ar,ex_games_12m_pct,hk_ppi_tech_gbp_12m_pct,pre_2020,3,0.1887409991500039,0.16733237411022056,0.5,1.0,33,12
prewhitened_ar,ex_games_12m_pct,hk_ppi_tech_gbp_12m_pct,pre_2020,4,-0.06044917329714337,-0.13749306877057096,1.0,1.0,32,12
prewhitened_ar,ex_games_12m_pct,hk_ppi_tech_gbp_12m_pct,pre_2020,5,-0.010252119867329827,-0.022896459012637396,1.0,1.0,31,12
prewhitened_ar,ex_games_12m_pct,hk_ppi_tech_gbp_12m_pct,pre_2020,6,-0.1106973979971892,-0.12700192044489256,1.0,1.0,30,12
prewhitened_ar,ex_games_12m_pct,hk_ppi_tech_gbp_12m_pct,pre_2020,7,-0.06277441246027278,-0.15733321446067688,1.0,1.0,29,12
prewhitened_ar,ex_games_12m_pct,hk_ppi_tech_gbp_12m_pct,pre_2020,8,-0.09795805167089763,-0.11322289118285114,1.0,1.0,28,12
prewhitened_ar,ex_games_12m_pct,hk_ppi_tech_gbp_12m_pct,pre_2020,9,-0.026478310474060476,0.05406081964847424,1.0,1.0,27,12
prewhitened_ar,ex_games_12m_pct,hk_ppi_tech_gbp_12m_pct,pre_2020,10,0.10156204089711335,0.08632899132723251,1.0,1.0,26,12
prewhitened_ar,ex_games_12m_pct,hk_ppi_tech_gbp_12m_pct,pre_2020,11,-0.19875389208760083,-0.25421566832263387,1.0,1.0,25,12
prewhitened_ar,ex_games_12m_pct,hk_ppi_tech_gbp_12m_pct,pre_2020,12,-0.3217077816170715,-0.3217077816170715,1.0,1.0,24,12
prewhitened_ar,ex_games_12m_pct,hk_ppi_tech_gbp_12m_pct,pandemic_2020_2022,0,-0.2975088047565602,-0.294628046988342,0.5,1.0,36,12
prewhitened_ar,ex_games_12m_pct,hk_ppi_tech_gbp_12m_pct,pandemic_2020_2022,1,0.23201329110301872,0.29923004901976896,0.5,1.0,35,12
prewhitened_ar,ex_games_12m_pct,hk_ppi_tech_gbp_12m_pct,pandemic_2020_2022,2,-0.08822392272343658,0.04675118103038172,1.0,1.0,34,12
prewhitened_ar,ex_games_12m_pct,hk_ppi_tech_gbp_12m_pct,pandemic_2020_2022,3,-0.009064246375055056,0.03988518644550882,1.0,1.0,33,12
prewhitened_ar,ex_games_12m_pct,hk_ppi_tech_gbp_12m_pct,pandemic_2020_2022,4,-0.19973900597138272,-0.2939527075269997,1.0,1.0,32,12
prewhitened_ar,ex_games_12m_pct,hk_ppi_tech_gbp_12m_pct,pandemic_2020_2022,5,-0.10706677314243525,-0.0795986165588864,1.0,1.0,31,12
prewhitened_ar,ex_games_12m_pct,hk_ppi_tech_gbp_12m_pct,pandemic_2020_2022,6,-0.08534589190142278,0.019932937086969256,1.0,1.0,30,12
prewhitened_ar,ex_games_12m_pct,hk_ppi_tech_gbp_12m_pct,pandemic_2020_2022,7,0.32766650404945097,0.2585978729734401,0.5,1.0,29,12
prewhitened_ar,ex_games_12m_pct,hk_ppi_tech_gbp_12m_pct,pandemic_2020_2022,8,0.21039818851191716,0.3274850247027886,0.5,1.0,28,12
prewhitened_ar,ex_games_12m_pct,hk_ppi_tech_gbp_12m_pct,pandemic_2020_2022,9,-0.3385416442407617,-0.3124429649287387,0.5,1.0,27,12
prewhitened_ar,ex_games_12m_pct,hk_ppi_tech_gbp_12m_pct,pandemic_2020_2022,10,-0.08449230381541309,-0.0949463437317113,0.5,1.0,26,12
prewhitened_ar,ex_games_12m_pct,hk_ppi_tech_gbp_12m_pct,pandemic_2020_2022,11,0.07877114465938578,0.0767215772885736,1.0,1.0,25,12
prewhitened_ar,ex_games_12m_pct,hk_ppi_tech_gbp_12m_pct,pandemic_2020_2022,12,0.11959791343008389,0.11959791343008389,0.5,1.0,24,12
prewhitened_ar,ex_games_12m_pct,hk_ppi_tech_gbp_12m_pct,post_2022,0,-0.01963307998097922,-0.09726846765337609,0.7142857142857143,1.0,42,12
prewhitened_ar,ex_games_12m_pct,hk_ppi_tech_gbp_12m_pct,post_2022,1,-0.5106766685712949,-0.4639181091822201,0.2857142857142857,0.42857142857142855,41,12
prewhitened_ar,ex_games_12m_pct,hk_ppi_tech_gbp_12m_pct,post_2022,2,-0.217338457542638,-0.3146873201373537,0.42857142857142855,1.0,40,12
prewhitened_ar,ex_games_12m_pct,hk_ppi_tech_gbp_12m_pct,post_2022,3,-0.13690010677846556,-0.18893328099840023,0.5714285714285714,1.0,39,12
prewhitened_ar,ex_games_12m_pct,hk_ppi_tech_gbp_12m_pct,post_2022,4,0.46053054281189687,0.299902761547597,0.5714285714285714,1.0,38,12
prewhitened_ar,ex_games_12m_pct,hk_ppi_tech_gbp_12m_pct,post_2022,5,0.16146446041602558,0.29524602237140357,0.42857142857142855,1.0,37,12
prewhitened_ar,ex_games_12m_pct,hk_ppi_tech_gbp_12m_pct,post_2022,6,0.08118600609042406,-0.07407471031313659,0.7142857142857143,1.0,36,12
prewhitened_ar,ex_games_12m_pct,hk_ppi_tech_gbp_12m_pct,post_2022,7,-0.07042175320105808,0.05412380760917484,1.0,1.0,35,12
prewhitened_ar,ex_games_12m_pct,hk_ppi_tech_gbp_12m_pct,post_2022,8,-0.11597191857824087,-0.13078924145290963,0.7142857142857143,1.0,34,12
prewhitened_ar,ex_games_12m_pct,hk_ppi_tech_gbp_12m_pct,post_2022,9,-0.05956985667354371,0.000132218636707473,1.0,1.0,33,12
prewhitened_ar,ex_games_12m_pct,hk_ppi_tech_gbp_12m_pct,post_2022,10,-0.3156713511065492,-0.3216350597724123,0.14285714285714285,1.0,32,12
prewhitened_ar,ex_games_12m_pct,hk_ppi_tech_gbp_12m_pct,post_2022,11,0.13546310726021604,0.1351514122949388,0.7142857142857143,1.0,31,12
prewhitened_ar,ex_games_12m_pct,hk_ppi_tech_gbp_12m_pct,post_2022,12,-0.23182825840697577,-0.23182825840697577,0.42857142857142855,1.0,30,12
prewhitened_ar,ex_games_12m_pct,oecd_asia_c26_targeted_gbp_12m_pct,full,0,-0.0738799205773473,-0.09477929616952799,1.0,1.0,35,12
prewhitened_ar,ex_games_12m_pct,oecd_asia_c26_targeted_gbp_12m_pct,full,1,0.17670503572542376,0.15270895695239434,0.5,1.0,34,12
prewhitened_ar,ex_games_12m_pct,oecd_asia_c26_targeted_gbp_12m_pct,full,2,-0.016453644307639223,0.07123763907534582,1.0,1.0,33,12
prewhitened_ar,ex_games_12m_pct,oecd_asia_c26_targeted_gbp_12m_pct,full,3,0.24496161157923038,0.2239909024490758,0.5,1.0,32,12
prewhitened_ar,ex_games_12m_pct,oecd_asia_c26_targeted_gbp_12m_pct,full,4,-0.17561285317533432,-0.3563714983761659,0.5,0.5,31,12
prewhitened_ar,ex_games_12m_pct,oecd_asia_c26_targeted_gbp_12m_pct,full,5,0.25245358146610497,0.13333511661891553,0.5,1.0,30,12
prewhitened_ar,ex_games_12m_pct,oecd_asia_c26_targeted_gbp_12m_pct,full,6,-0.40476606036646035,-0.5328347289147557,0.5,0.5,29,12
prewhitened_ar,ex_games_12m_pct,oecd_asia_c26_targeted_gbp_12m_pct,full,7,0.08471099323845835,0.08959447507468724,1.0,1.0,28,12
prewhitened_ar,ex_games_12m_pct,oecd_asia_c26_targeted_gbp_12m_pct,full,8,0.21425676375573513,0.3102603385497199,0.5,1.0,27,12
prewhitened_ar,ex_games_12m_pct,oecd_asia_c26_targeted_gbp_12m_pct,full,9,0.012734766086827469,0.048134863886909775,0.5,1.0,26,12
prewhitened_ar,ex_games_12m_pct,oecd_asia_c26_targeted_gbp_12m_pct,full,10,0.11598076162195747,0.14921302616666912,0.5,1.0,25,12
prewhitened_ar,ex_games_12m_pct,oecd_asia_c26_targeted_gbp_12m_pct,full,11,0.035817431089006715,0.04435035704775729,1.0,1.0,24,12
prewhitened_ar,ex_games_12m_pct,oecd_asia_c26_targeted_gbp_12m_pct,full,12,-0.19202771794182188,-0.19202771794182188,0.5,1.0,23,12
prewhitened_ar,ex_games_12m_pct,oecd_asia_c26_targeted_gbp_12m_pct,post_2022,0,-0.032898112445279376,-0.04527743893202128,1.0,1.0,25,12
prewhitened_ar,ex_games_12m_pct,oecd_asia_c26_targeted_gbp_12m_pct,post_2022,1,0.1056419210235849,-0.0022983670443738093,1.0,1.0,24,12
prewhitened_ar,ex_games_12m_pct,oecd_asia_c26_targeted_gbp_12m_pct,post_2022,2,-0.003052327192798648,0.12947313926886958,0.5,1.0,23,12
prewhitened_ar,ex_games_12m_pct,oecd_asia_c26_targeted_gbp_12m_pct,post_2022,3,0.4269762007441708,0.5049544007693952,0.5,1.0,22,12
prewhitened_ar,ex_games_12m_pct,oecd_asia_c26_targeted_gbp_12m_pct,post_2022,4,0.017215167791295446,-0.10311590568191219,1.0,1.0,21,12
prewhitened_ar,ex_games_12m_pct,oecd_asia_c26_targeted_gbp_12m_pct,post_2022,5,0.4996895525134204,0.4688378425367583,0.5,1.0,20,12
prewhitened_ar,ex_games_12m_pct,oecd_asia_c26_targeted_gbp_12m_pct,post_2022,6,-0.523396704753484,-0.7160619048227617,0.5,1.0,19,12
prewhitened_ar,ex_games_12m_pct,oecd_asia_c26_targeted_gbp_12m_pct,post_2022,7,-0.025384297326489055,0.016126378499524037,1.0,1.0,18,12
prewhitened_ar,ex_games_12m_pct,oecd_asia_c26_targeted_gbp_12m_pct,post_2022,8,-0.021696037531034915,0.1504497859312792,0.5,1.0,17,12
prewhitened_ar,ex_games_12m_pct,oecd_asia_c26_targeted_gbp_12m_pct,post_2022,9,-0.3851659515748497,-0.3649496444397933,0.5,1.0,16,12
prewhitened_ar,ex_games_12m_pct,oecd_asia_c26_targeted_gbp_12m_pct,post_2022,10,0.11395015614460842,0.19456383238246475,0.5,1.0,15,12
prewhitened_ar,ex_games_12m_pct,oecd_asia_c26_targeted_gbp_12m_pct,post_2022,11,-0.04281849293475436,-0.021609631324138484,1.0,1.0,14,12
prewhitened_ar,ex_games_12m_pct,oecd_asia_c26_targeted_gbp_12m_pct,post_2022,12,-0.07345750018589432,-0.07345750018589432,0.5,1.0,13,12
prewhitened_ar,ex_games_12m_pct,oecd_asia_c26_bls_gbp_12m_pct,full,0,0.09952824776389288,0.11314844935954668,0.34285714285714286,1.0,105,12
prewhitened_ar,ex_games_12m_pct,oecd_asia_c26_bls_gbp_12m_pct,full,1,0.0658519878795729,-0.019192350127097843,0.9428571428571428,1.0,104,12
prewhitened_ar,ex_games_12m_pct,oecd_asia_c26_bls_gbp_12m_pct,full,2,0.15523250884047776,0.11896349853194167,0.35714285714285715,1.0,103,12
prewhitened_ar,ex_games_12m_pct,oecd_asia_c26_bls_gbp_12m_pct,full,3,0.08889316201330519,0.04234725307162463,0.7571428571428571,1.0,102,12
prewhitened_ar,ex_games_12m_pct,oecd_asia_c26_bls_gbp_12m_pct,full,4,-0.0859466552130937,-0.09544251215815987,0.42857142857142855,1.0,101,12
prewhitened_ar,ex_games_12m_pct,oecd_asia_c26_bls_gbp_12m_pct,full,5,0.08395329937903208,0.0701511204849188,0.5714285714285714,1.0,100,12
prewhitened_ar,ex_games_12m_pct,oecd_asia_c26_bls_gbp_12m_pct,full,6,-0.03520678325858293,-0.04681929604918304,0.6857142857142857,1.0,99,12
prewhitened_ar,ex_games_12m_pct,oecd_asia_c26_bls_gbp_12m_pct,full,7,0.09588878856303207,0.10013099966267845,0.4,1.0,98,12
prewhitened_ar,ex_games_12m_pct,oecd_asia_c26_bls_gbp_12m_pct,full,8,0.04673130239865725,0.05704658477071199,0.6714285714285714,1.0,97,12
prewhitened_ar,ex_games_12m_pct,oecd_asia_c26_bls_gbp_12m_pct,full,9,0.1443504547590083,0.1736746344575753,0.15714285714285714,0.8571428571428571,96,12
prewhitened_ar,ex_games_12m_pct,oecd_asia_c26_bls_gbp_12m_pct,full,10,-0.06515531036963444,-0.04870593314374427,0.7428571428571429,1.0,95,12
prewhitened_ar,ex_games_12m_pct,oecd_asia_c26_bls_gbp_12m_pct,full,11,0.18979048066161538,0.1873872482070775,0.11428571428571428,0.8142857142857143,94,12
prewhitened_ar,ex_games_12m_pct,oecd_asia_c26_bls_gbp_12m_pct,full,12,-0.0007854405819181709,-0.0007854405819181709,0.9857142857142858,1.0,93,12
prewhitened_ar,ex_games_12m_pct,oecd_asia_c26_bls_gbp_12m_pct,pre_2020,0,0.3897668958570846,0.4334788667211871,0.5,0.5,36,12
prewhitened_ar,ex_games_12m_pct,oecd_asia_c26_bls_gbp_12m_pct,pre_2020,1,-0.17689520249513935,-0.38380568300853796,0.5,0.5,35,12
prewhitened_ar,ex_games_12m_pct,oecd_asia_c26_bls_gbp_12m_pct,pre_2020,2,0.12000124744569374,0.01922023004820699,1.0,1.0,34,12
prewhitened_ar,ex_games_12m_pct,oecd_asia_c26_bls_gbp_12m_pct,pre_2020,3,0.09179120591035048,0.1188616743019807,1.0,1.0,33,12
prewhitened_ar,ex_games_12m_pct,oecd_asia_c26_bls_gbp_12m_pct,pre_2020,4,-0.15020377966372234,-0.20046491939631897,0.5,1.0,32,12
prewhitened_ar,ex_games_12m_pct,oecd_asia_c26_bls_gbp_12m_pct,pre_2020,5,0.2181836893817385,0.3868795915299378,0.5,0.5,31,12
prewhitened_ar,ex_games_12m_pct,oecd_asia_c26_bls_gbp_12m_pct,pre_2020,6,0.11740316141345634,0.03885144806227226,1.0,1.0,30,12
prewhitened_ar,ex_games_12m_pct,oecd_asia_c26_bls_gbp_12m_pct,pre_2020,7,0.16587977076621946,0.08318792543009981,0.5,1.0,29,12
prewhitened_ar,ex_games_12m_pct,oecd_asia_c26_bls_gbp_12m_pct,pre_2020,8,-0.09775191612200745,-0.10149668990606517,0.5,1.0,28,12
prewhitened_ar,ex_games_12m_pct,oecd_asia_c26_bls_gbp_12m_pct,pre_2020,9,-0.06639729715182999,-0.21483629010552496,0.5,1.0,27,12
prewhitened_ar,ex_games_12m_pct,oecd_asia_c26_bls_gbp_12m_pct,pre_2020,10,-0.07800825010476949,-0.15252672923551666,0.5,1.0,26,12
prewhitened_ar,ex_games_12m_pct,oecd_asia_c26_bls_gbp_12m_pct,pre_2020,11,-0.08243002655169614,-0.13412793812487203,0.5,1.0,25,12
prewhitened_ar,ex_games_12m_pct,oecd_asia_c26_bls_gbp_12m_pct,pre_2020,12,-0.1476273664386402,-0.1476273664386402,0.5,1.0,24,12
prewhitened_ar,ex_games_12m_pct,oecd_asia_c26_bls_gbp_12m_pct,pandemic_2020_2022,0,0.021126752094147116,0.1796079400196302,0.5,1.0,36,12
prewhitened_ar,ex_games_12m_pct,oecd_asia_c26_bls_gbp_12m_pct,pandemic_2020_2022,1,0.021212702949795756,-0.1993128137077161,0.5,1.0,35,12
prewhitened_ar,ex_games_12m_pct,oecd_asia_c26_bls_gbp_12m_pct,pandemic_2020_2022,2,-0.11073580226312105,0.054207426414184766,1.0,1.0,34,12
prewhitened_ar,ex_games_12m_pct,oecd_asia_c26_bls_gbp_12m_pct,pandemic_2020_2022,3,-0.0669648827590103,-0.007194842475706046,1.0,1.0,33,12
prewhitened_ar,ex_games_12m_pct,oecd_asia_c26_bls_gbp_12m_pct,pandemic_2020_2022,4,-0.025525563090765317,0.035797298182333556,1.0,1.0,32,12
prewhitened_ar,ex_games_12m_pct,oecd_asia_c26_bls_gbp_12m_pct,pandemic_2020_2022,5,-0.024906812692621804,-0.11975312000920489,0.5,1.0,31,12
prewhitened_ar,ex_games_12m_pct,oecd_asia_c26_bls_gbp_12m_pct,pandemic_2020_2022,6,-0.2222515676090222,-0.1864469938267308,0.5,1.0,30,12
prewhitened_ar,ex_games_12m_pct,oecd_asia_c26_bls_gbp_12m_pct,pandemic_2020_2022,7,-0.3391019214805312,-0.35449734065388755,0.5,1.0,29,12
prewhitened_ar,ex_games_12m_pct,oecd_asia_c26_bls_gbp_12m_pct,pandemic_2020_2022,8,-0.02147083398598319,-0.033758087323310385,1.0,1.0,28,12
prewhitened_ar,ex_games_12m_pct,oecd_asia_c26_bls_gbp_12m_pct,pandemic_2020_2022,9,-0.010090079583160739,0.06815421285658643,1.0,1.0,27,12
prewhitened_ar,ex_games_12m_pct,oecd_asia_c26_bls_gbp_12m_pct,pandemic_2020_2022,10,-0.20635151626767936,-0.22231150035212088,1.0,1.0,26,12
prewhitened_ar,ex_games_12m_pct,oecd_asia_c26_bls_gbp_12m_pct,pandemic_2020_2022,11,0.4170547611762332,0.4051683234215592,0.5,0.5,25,12
prewhitened_ar,ex_games_12m_pct,oecd_asia_c26_bls_gbp_12m_pct,pandemic_2020_2022,12,0.09277631296956652,0.09277631296956652,0.5,1.0,24,12
prewhitened_ar,ex_games_12m_pct,oecd_asia_c26_bls_gbp_12m_pct,post_2022,0,-0.11492389124656444,-0.16397472965228177,0.5,1.0,33,12
prewhitened_ar,ex_games_12m_pct,oecd_asia_c26_bls_gbp_12m_pct,post_2022,1,0.2691550544589686,0.09046431039664822,1.0,1.0,32,12
prewhitened_ar,ex_games_12m_pct,oecd_asia_c26_bls_gbp_12m_pct,post_2022,2,0.34826439942952053,0.3212021677290879,0.5,1.0,31,12
prewhitened_ar,ex_games_12m_pct,oecd_asia_c26_bls_gbp_12m_pct,post_2022,3,0.2720494787893314,0.20956747560392083,0.5,1.0,30,12
prewhitened_ar,ex_games_12m_pct,oecd_asia_c26_bls_gbp_12m_pct,post_2022,4,-0.030017370261078282,-0.0002113287409450859,1.0,1.0,29,12
prewhitened_ar,ex_games_12m_pct,oecd_asia_c26_bls_gbp_12m_pct,post_2022,5,0.037567372020232,0.009043520754167684,1.0,1.0,28,12
prewhitened_ar,ex_games_12m_pct,oecd_asia_c26_bls_gbp_12m_pct,post_2022,6,-0.22620382646517845,-0.29075563738109345,1.0,1.0,27,12
prewhitened_ar,ex_games_12m_pct,oecd_asia_c26_bls_gbp_12m_pct,post_2022,7,0.07151316075684643,0.08820624560603052,1.0,1.0,26,12
prewhitened_ar,ex_games_12m_pct,oecd_asia_c26_bls_gbp_12m_pct,post_2022,8,-0.06373591923742566,-0.05524014392091374,0.5,1.0,25,12
prewhitened_ar,ex_games_12m_pct,oecd_asia_c26_bls_gbp_12m_pct,post_2022,9,0.3109849552193268,0.4296995137429308,1.0,1.0,24,12
prewhitened_ar,ex_games_12m_pct,oecd_asia_c26_bls_gbp_12m_pct,post_2022,10,-0.029812955859842255,0.03327237641091246,1.0,1.0,23,12
prewhitened_ar,ex_games_12m_pct,oecd_asia_c26_bls_gbp_12m_pct,post_2022,11,0.22090699133051664,0.2161274429142697,1.0,1.0,22,12
prewhitened_ar,ex_games_12m_pct,oecd_asia_c26_bls_gbp_12m_pct,post_2022,12,0.03671706430608655,0.03671706430608655,1.0,1.0,21,12
prewhitened_ar,ex_games_12m_pct,fred_china_computer_electronics_gbp_12m_pct,full,0,0.09869576232257608,0.11012794187890497,0.37142857142857144,1.0,105,12
prewhitened_ar,ex_games_12m_pct,fred_china_computer_electronics_gbp_12m_pct,full,1,0.06924515103451873,-0.019058303815246577,0.9285714285714286,1.0,104,12
prewhitened_ar,ex_games_12m_pct,fred_china_computer_electronics_gbp_12m_pct,full,2,0.15719380585854678,0.1203285704803521,0.37142857142857144,1.0,103,12
prewhitened_ar,ex_games_12m_pct,fred_china_computer_electronics_gbp_12m_pct,full,3,0.09044771084271283,0.043985468386249164,0.7285714285714285,1.0,102,12
prewhitened_ar,ex_games_12m_pct,fred_china_computer_electronics_gbp_12m_pct,full,4,-0.08857816606483059,-0.10237748951939006,0.38571428571428573,1.0,101,12
prewhitened_ar,ex_games_12m_pct,fred_china_computer_electronics_gbp_12m_pct,full,5,0.08894527380416599,0.07443034899932528,0.5571428571428572,1.0,100,12
prewhitened_ar,ex_games_12m_pct,fred_china_computer_electronics_gbp_12m_pct,full,6,-0.026579403964617977,-0.03958920249224325,0.8,1.0,99,12
prewhitened_ar,ex_games_12m_pct,fred_china_computer_electronics_gbp_12m_pct,full,7,0.10198367319757398,0.10339837213248819,0.37142857142857144,1.0,98,12
prewhitened_ar,ex_games_12m_pct,fred_china_computer_electronics_gbp_12m_pct,full,8,0.05282673061286813,0.062429688070142805,0.6285714285714286,1.0,97,12
prewhitened_ar,ex_games_12m_pct,fred_china_computer_electronics_gbp_12m_pct,full,9,0.1487158920150844,0.17776191868406238,0.15714285714285714,0.8428571428571429,96,12
prewhitened_ar,ex_games_12m_pct,fred_china_computer_electronics_gbp_12m_pct,full,10,-0.07576184585029866,-0.06075929912618521,0.6571428571428571,1.0,95,12
prewhitened_ar,ex_games_12m_pct,fred_china_computer_electronics_gbp_12m_pct,full,11,0.18385890357386803,0.18108679944022948,0.12857142857142856,0.8428571428571429,94,12
prewhitened_ar,ex_games_12m_pct,fred_china_computer_electronics_gbp_12m_pct,full,12,0.002228066224079501,0.002228066224079501,0.9571428571428572,1.0,93,12
prewhitened_ar,ex_games_12m_pct,fred_china_computer_electronics_gbp_12m_pct,pre_2020,0,0.3914134791429539,0.4369460497768319,0.5,0.5,36,12
prewhitened_ar,ex_games_12m_pct,fred_china_computer_electronics_gbp_12m_pct,pre_2020,1,-0.17763763893630416,-0.3806111141533895,0.5,0.5,35,12
prewhitened_ar,ex_games_12m_pct,fred_china_computer_electronics_gbp_12m_pct,pre_2020,2,0.1140585498516469,0.011019723429189894,1.0,1.0,34,12
prewhitened_ar,ex_games_12m_pct,fred_china_computer_electronics_gbp_12m_pct,pre_2020,3,0.10276270047798448,0.1323885408898729,0.5,1.0,33,12
prewhitened_ar,ex_games_12m_pct,fred_china_computer_electronics_gbp_12m_pct,pre_2020,4,-0.16062530786963017,-0.20390981837513034,0.5,1.0,32,12
prewhitened_ar,ex_games_12m_pct,fred_china_computer_electronics_gbp_12m_pct,pre_2020,5,0.2258348233072059,0.39580255303539374,0.5,0.5,31,12
prewhitened_ar,ex_games_12m_pct,fred_china_computer_electronics_gbp_12m_pct,pre_2020,6,0.12552563465894134,0.04694103387820347,1.0,1.0,30,12
prewhitened_ar,ex_games_12m_pct,fred_china_computer_electronics_gbp_12m_pct,pre_2020,7,0.13273633428640333,0.042547090223555996,1.0,1.0,29,12
prewhitened_ar,ex_games_12m_pct,fred_china_computer_electronics_gbp_12m_pct,pre_2020,8,-0.11199123176038628,-0.11290361295046399,0.5,1.0,28,12
prewhitened_ar,ex_games_12m_pct,fred_china_computer_electronics_gbp_12m_pct,pre_2020,9,-0.05018791548129604,-0.19334032459245806,0.5,1.0,27,12
prewhitened_ar,ex_games_12m_pct,fred_china_computer_electronics_gbp_12m_pct,pre_2020,10,-0.0843012821812976,-0.15825634326921983,0.5,1.0,26,12
prewhitened_ar,ex_games_12m_pct,fred_china_computer_electronics_gbp_12m_pct,pre_2020,11,-0.09940652745021535,-0.1457057952951551,0.5,1.0,25,12
prewhitened_ar,ex_games_12m_pct,fred_china_computer_electronics_gbp_12m_pct,pre_2020,12,-0.15512497057796779,-0.15512497057796779,0.5,1.0,24,12
prewhitened_ar,ex_games_12m_pct,fred_china_computer_electronics_gbp_12m_pct,pandemic_2020_2022,0,0.016676276356906432,0.17180165553228485,0.5,1.0,36,12
prewhitened_ar,ex_games_12m_pct,fred_china_computer_electronics_gbp_12m_pct,pandemic_2020_2022,1,0.01507361895052371,-0.2095552301497406,0.5,1.0,35,12
prewhitened_ar,ex_games_12m_pct,fred_china_computer_electronics_gbp_12m_pct,pandemic_2020_2022,2,-0.08964103978214785,0.08123957705682526,1.0,1.0,34,12
prewhitened_ar,ex_games_12m_pct,fred_china_computer_electronics_gbp_12m_pct,pandemic_2020_2022,3,-0.07300401403052081,-0.0041046697539025775,1.0,1.0,33,12
prewhitened_ar,ex_games_12m_pct,fred_china_computer_electronics_gbp_12m_pct,pandemic_2020_2022,4,-0.02150033548714286,0.038767742370315265,1.0,1.0,32,12
prewhitened_ar,ex_games_12m_pct,fred_china_computer_electronics_gbp_12m_pct,pandemic_2020_2022,5,-0.02729449677880416,-0.1251314742825896,0.5,1.0,31,12
prewhitened_ar,ex_games_12m_pct,fred_china_computer_electronics_gbp_12m_pct,pandemic_2020_2022,6,-0.20848248023596933,-0.16746247961936153,0.5,1.0,30,12
prewhitened_ar,ex_games_12m_pct,fred_china_computer_electronics_gbp_12m_pct,pandemic_2020_2022,7,-0.33555404074283995,-0.3479435739368426,0.5,1.0,29,12
prewhitened_ar,ex_games_12m_pct,fred_china_computer_electronics_gbp_12m_pct,pandemic_2020_2022,8,-0.012924140021914348,-0.031427427818785436,1.0,1.0,28,12
prewhitened_ar,ex_games_12m_pct,fred_china_computer_electronics_gbp_12m_pct,pandemic_2020_2022,9,-0.005224090458383672,0.07624145756581731,0.5,1.0,27,12
prewhitened_ar,ex_games_12m_pct,fred_china_computer_electronics_gbp_12m_pct,pandemic_2020_2022,10,-0.213712076352138,-0.22829716903588437,1.0,1.0,26,12
prewhitened_ar,ex_games_12m_pct,fred_china_computer_electronics_gbp_12m_pct,pandemic_2020_2022,11,0.4217531381921833,0.4093516341136717,0.5,0.5,25,12
prewhitened_ar,ex_games_12m_pct,fred_china_computer_electronics_gbp_12m_pct,pandemic_2020_2022,12,0.10459145936579585,0.10459145936579585,0.5,1.0,24,12
prewhitened_ar,ex_games_12m_pct,fred_china_computer_electronics_gbp_12m_pct,post_2022,0,-0.11655253777997213,-0.1776209362065234,0.5,1.0,33,12
prewhitened_ar,ex_games_12m_pct,fred_china_computer_electronics_gbp_12m_pct,post_2022,1,0.28294759035739947,0.09244988812179566,1.0,1.0,32,12
prewhitened_ar,ex_games_12m_pct,fred_china_computer_electronics_gbp_12m_pct,post_2022,2,0.35106877126163216,0.3211968589074273,0.5,1.0,31,12
prewhitened_ar,ex_games_12m_pct,fred_china_computer_electronics_gbp_12m_pct,post_2022,3,0.2758631860641627,0.21327904091636737,0.5,1.0,30,12
prewhitened_ar,ex_games_12m_pct,fred_china_computer_electronics_gbp_12m_pct,post_2022,4,-0.03245418123315063,-0.017575131636982187,1.0,1.0,29,12
prewhitened_ar,ex_games_12m_pct,fred_china_computer_electronics_gbp_12m_pct,post_2022,5,0.04119032162496994,0.008187723486111728,1.0,1.0,28,12
prewhitened_ar,ex_games_12m_pct,fred_china_computer_electronics_gbp_12m_pct,post_2022,6,-0.2273264151607541,-0.30006493221903463,1.0,1.0,27,12
prewhitened_ar,ex_games_12m_pct,fred_china_computer_electronics_gbp_12m_pct,post_2022,7,0.10626994884935041,0.1186853007608867,1.0,1.0,26,12
prewhitened_ar,ex_games_12m_pct,fred_china_computer_electronics_gbp_12m_pct,post_2022,8,-0.04992871413825025,-0.04269617061176737,1.0,1.0,25,12
prewhitened_ar,ex_games_12m_pct,fred_china_computer_electronics_gbp_12m_pct,post_2022,9,0.31710348431594826,0.4357377280322172,1.0,1.0,24,12
prewhitened_ar,ex_games_12m_pct,fred_china_computer_electronics_gbp_12m_pct,post_2022,10,-0.04873666419725627,0.008962300839209396,1.0,1.0,23,12
prewhitened_ar,ex_games_12m_pct,fred_china_computer_electronics_gbp_12m_pct,post_2022,11,0.2203257227949324,0.21384875071083348,1.0,1.0,22,12
prewhitened_ar,ex_games_12m_pct,fred_china_computer_electronics_gbp_12m_pct,post_2022,12,0.05168897844577353,0.05168897844577353,1.0,1.0,21,12
prewhitened_ar,ex_games_12m_pct,fred_japan_computer_electronics_gbp_12m_pct,full,0,0.1134852306416139,0.10718581424633475,0.37142857142857144,1.0,105,12
prewhitened_ar,ex_games_12m_pct,fred_japan_computer_electronics_gbp_12m_pct,full,1,0.054340498836397404,-0.036722328957882036,0.8142857142857143,1.0,104,12
prewhitened_ar,ex_games_12m_pct,fred_japan_computer_electronics_gbp_12m_pct,full,2,0.10741477184034119,0.0804496979945045,0.5428571428571428,1.0,103,12
prewhitened_ar,ex_games_12m_pct,fred_japan_computer_electronics_gbp_12m_pct,full,3,0.05737921018132115,0.014041976037513459,0.9,1.0,102,12
prewhitened_ar,ex_games_12m_pct,fred_japan_computer_electronics_gbp_12m_pct,full,4,-0.09648485828705297,-0.10374518484103458,0.4,1.0,101,12
prewhitened_ar,ex_games_12m_pct,fred_japan_computer_electronics_gbp_12m_pct,full,5,0.0811714291190008,0.05796232078519838,0.6142857142857143,1.0,100,12
prewhitened_ar,ex_games_12m_pct,fred_japan_computer_electronics_gbp_12m_pct,full,6,-0.040953989187391134,-0.05882849580547106,0.6142857142857143,1.0,99,12
prewhitened_ar,ex_games_12m_pct,fred_japan_computer_electronics_gbp_12m_pct,full,7,0.05521906947471261,0.060119378066220155,0.6142857142857143,1.0,98,12
prewhitened_ar,ex_games_12m_pct,fred_japan_computer_electronics_gbp_12m_pct,full,8,0.026808154772203694,0.03691722567580174,0.7285714285714285,1.0,97,12
prewhitened_ar,ex_games_12m_pct,fred_japan_computer_electronics_gbp_12m_pct,full,9,0.12124013957388116,0.1430463672279832,0.2714285714285714,1.0,96,12
prewhitened_ar,ex_games_12m_pct,fred_japan_computer_electronics_gbp_12m_pct,full,10,-0.06609831553072958,-0.05480317900241339,0.6285714285714286,1.0,95,12
prewhitened_ar,ex_games_12m_pct,fred_japan_computer_electronics_gbp_12m_pct,full,11,0.2397609052990132,0.23598131231040778,0.014285714285714285,0.21428571428571427,94,12
prewhitened_ar,ex_games_12m_pct,fred_japan_computer_electronics_gbp_12m_pct,full,12,-0.02348978339454777,-0.02348978339454777,0.8142857142857143,1.0,93,12
prewhitened_ar,ex_games_12m_pct,fred_japan_computer_electronics_gbp_12m_pct,pre_2020,0,0.37822723818485743,0.4334515080160294,0.5,0.5,36,12
prewhitened_ar,ex_games_12m_pct,fred_japan_computer_electronics_gbp_12m_pct,pre_2020,1,-0.2859797275866,-0.4894156424727294,0.5,0.5,35,12
prewhitened_ar,ex_games_12m_pct,fred_japan_computer_electronics_gbp_12m_pct,pre_2020,2,0.07773199654753842,0.018682962077115717,1.0,1.0,34,12
prewhitened_ar,ex_games_12m_pct,fred_japan_computer_electronics_gbp_12m_pct,pre_2020,3,0.07305514492345809,0.11429414800586839,1.0,1.0,33,12
prewhitened_ar,ex_games_12m_pct,fred_japan_computer_electronics_gbp_12m_pct,pre_2020,4,-0.1503189202945006,-0.2007850646519167,0.5,1.0,32,12
prewhitened_ar,ex_games_12m_pct,fred_japan_computer_electronics_gbp_12m_pct,pre_2020,5,0.18118147517189567,0.36903226531362177,0.5,0.5,31,12
prewhitened_ar,ex_games_12m_pct,fred_japan_computer_electronics_gbp_12m_pct,pre_2020,6,0.08429982232352994,0.04082953660850625,1.0,1.0,30,12
prewhitened_ar,ex_games_12m_pct,fred_japan_computer_electronics_gbp_12m_pct,pre_2020,7,0.2222661433782597,0.18790710300984068,0.5,1.0,29,12
prewhitened_ar,ex_games_12m_pct,fred_japan_computer_electronics_gbp_12m_pct,pre_2020,8,-0.045700232521947666,-0.04189418469417015,0.5,1.0,28,12
prewhitened_ar,ex_games_12m_pct,fred_japan_computer_electronics_gbp_12m_pct,pre_2020,9,-0.1820822980270195,-0.3255860897461381,0.5,1.0,27,12
prewhitened_ar,ex_games_12m_pct,fred_japan_computer_electronics_gbp_12m_pct,pre_2020,10,-0.04181083002367595,-0.09874119204105906,1.0,1.0,26,12
prewhitened_ar,ex_games_12m_pct,fred_japan_computer_electronics_gbp_12m_pct,pre_2020,11,0.07860477917365576,0.024142294216161053,1.0,1.0,25,12
prewhitened_ar,ex_games_12m_pct,fred_japan_computer_electronics_gbp_12m_pct,pre_2020,12,-0.12563813718007497,-0.12563813718007497,0.5,1.0,24,12
prewhitened_ar,ex_games_12m_pct,fred_japan_computer_electronics_gbp_12m_pct,pandemic_2020_2022,0,-0.024282426694308062,0.1317579738772771,0.5,1.0,36,12
prewhitened_ar,ex_games_12m_pct,fred_japan_computer_electronics_gbp_12m_pct,pandemic_2020_2022,1,0.06517727926511555,-0.15467996628961944,0.5,1.0,35,12
prewhitened_ar,ex_games_12m_pct,fred_japan_computer_electronics_gbp_12m_pct,pandemic_2020_2022,2,-0.1402620279115574,-0.018760496647797113,1.0,1.0,34,12
prewhitened_ar,ex_games_12m_pct,fred_japan_computer_electronics_gbp_12m_pct,pandemic_2020_2022,3,-0.09306302594746517,0.005768796956673206,1.0,1.0,33,12
prewhitened_ar,ex_games_12m_pct,fred_japan_computer_electronics_gbp_12m_pct,pandemic_2020_2022,4,-0.03531089289518483,-0.017628663911406734,1.0,1.0,32,12
prewhitened_ar,ex_games_12m_pct,fred_japan_computer_electronics_gbp_12m_pct,pandemic_2020_2022,5,-0.027912878467580483,-0.12384820091402605,0.5,1.0,31,12
prewhitened_ar,ex_games_12m_pct,fred_japan_computer_electronics_gbp_12m_pct,pandemic_2020_2022,6,-0.13554018127362466,-0.07899190960378191,1.0,1.0,30,12
prewhitened_ar,ex_games_12m_pct,fred_japan_computer_electronics_gbp_12m_pct,pandemic_2020_2022,7,-0.39211689529775406,-0.40881963242096864,0.5,0.5,29,12
prewhitened_ar,ex_games_12m_pct,fred_japan_computer_electronics_gbp_12m_pct,pandemic_2020_2022,8,0.010874557017081383,0.0020678625074771343,1.0,1.0,28,12
prewhitened_ar,ex_games_12m_pct,fred_japan_computer_electronics_gbp_12m_pct,pandemic_2020_2022,9,-0.06629292545448136,0.0019251820764127263,1.0,1.0,27,12
prewhitened_ar,ex_games_12m_pct,fred_japan_computer_electronics_gbp_12m_pct,pandemic_2020_2022,10,-0.22415782053464203,-0.23825298206976772,1.0,1.0,26,12
prewhitened_ar,ex_games_12m_pct,fred_japan_computer_electronics_gbp_12m_pct,pandemic_2020_2022,11,0.5001184993695937,0.49171108343966097,0.5,0.5,25,12
prewhitened_ar,ex_games_12m_pct,fred_japan_computer_electronics_gbp_12m_pct,pandemic_2020_2022,12,0.0631808814356581,0.0631808814356581,0.5,1.0,24,12
prewhitened_ar,ex_games_12m_pct,fred_japan_computer_electronics_gbp_12m_pct,post_2022,0,-0.036567356929847264,-0.12369618549443595,1.0,1.0,33,12
prewhitened_ar,ex_games_12m_pct,fred_japan_computer_electronics_gbp_12m_pct,post_2022,1,0.34392535648048567,0.18979902015778521,0.5,1.0,32,12
prewhitened_ar,ex_games_12m_pct,fred_japan_computer_electronics_gbp_12m_pct,post_2022,2,0.2968375497862191,0.30642766173343533,0.5,1.0,31,12
prewhitened_ar,ex_games_12m_pct,fred_japan_computer_electronics_gbp_12m_pct,post_2022,3,0.243632308350329,0.19685428520900516,0.5,1.0,30,12
prewhitened_ar,ex_games_12m_pct,fred_japan_computer_electronics_gbp_12m_pct,post_2022,4,-0.003376567459703217,0.0578531163425234,1.0,1.0,29,12
prewhitened_ar,ex_games_12m_pct,fred_japan_computer_electronics_gbp_12m_pct,post_2022,5,0.10989350386071399,0.07899039508675634,0.5,1.0,28,12
prewhitened_ar,ex_games_12m_pct,fred_japan_computer_electronics_gbp_12m_pct,post_2022,6,-0.22599647516376783,-0.30945174087597377,0.5,1.0,27,12
prewhitened_ar,ex_games_12m_pct,fred_japan_computer_electronics_gbp_12m_pct,post_2022,7,-0.044410457634216326,-0.03664094237572915,1.0,1.0,26,12
prewhitened_ar,ex_games_12m_pct,fred_japan_computer_electronics_gbp_12m_pct,post_2022,8,-0.1033624238966101,-0.09274792863847146,0.5,1.0,25,12
prewhitened_ar,ex_games_12m_pct,fred_japan_computer_electronics_gbp_12m_pct,post_2022,9,0.38699396272694886,0.4948110676830484,0.5,0.5,24,12
prewhitened_ar,ex_games_12m_pct,fred_japan_computer_electronics_gbp_12m_pct,post_2022,10,-0.017736299917680443,0.03373180760321047,1.0,1.0,23,12
prewhitened_ar,ex_games_12m_pct,fred_japan_computer_electronics_gbp_12m_pct,post_2022,11,0.2705436375197387,0.260909615406198,1.0,1.0,22,12
prewhitened_ar,ex_games_12m_pct,fred_japan_computer_electronics_gbp_12m_pct,post_2022,12,-0.07659104292548397,-0.07659104292548397,1.0,1.0,21,12
prewhitened_ar,ex_games_12m_pct,fred_asian_nie_computer_electronics_gbp_12m_pct,full,0,0.08879921877748172,0.11444613811127735,0.4,1.0,105,12
prewhitened_ar,ex_games_12m_pct,fred_asian_nie_computer_electronics_gbp_12m_pct,full,1,0.05268733426263406,-0.012909181207671731,0.9142857142857143,1.0,104,12
prewhitened_ar,ex_games_12m_pct,fred_asian_nie_computer_electronics_gbp_12m_pct,full,2,0.14892965886026172,0.1153333933156944,0.37142857142857144,1.0,103,12
prewhitened_ar,ex_games_12m_pct,fred_asian_nie_computer_electronics_gbp_12m_pct,full,3,0.0830228545735191,0.03870476958967589,0.8142857142857143,1.0,102,12
prewhitened_ar,ex_games_12m_pct,fred_asian_nie_computer_electronics_gbp_12m_pct,full,4,-0.06643092354405614,-0.05813563606429662,0.6285714285714286,1.0,101,12
prewhitened_ar,ex_games_12m_pct,fred_asian_nie_computer_electronics_gbp_12m_pct,full,5,0.06766714494894042,0.060624938635353474,0.6142857142857143,1.0,100,12
prewhitened_ar,ex_games_12m_pct,fred_asian_nie_computer_electronics_gbp_12m_pct,full,6,-0.06895895317816106,-0.0722722812469324,0.5285714285714286,1.0,99,12
prewhitened_ar,ex_games_12m_pct,fred_asian_nie_computer_electronics_gbp_12m_pct,full,7,0.08118480200734206,0.09585686054030985,0.4142857142857143,1.0,98,12
prewhitened_ar,ex_games_12m_pct,fred_asian_nie_computer_electronics_gbp_12m_pct,full,8,0.0198486974578149,0.03219721550731042,0.8142857142857143,1.0,97,12
prewhitened_ar,ex_games_12m_pct,fred_asian_nie_computer_electronics_gbp_12m_pct,full,9,0.12144515948115363,0.15286403202047716,0.2,0.9571428571428572,96,12
prewhitened_ar,ex_games_12m_pct,fred_asian_nie_computer_electronics_gbp_12m_pct,full,10,-0.009755944082139879,0.012930587915459157,0.9,1.0,95,12
prewhitened_ar,ex_games_12m_pct,fred_asian_nie_computer_electronics_gbp_12m_pct,full,11,0.18813343635376548,0.18697736529772171,0.1,0.7571428571428571,94,12
prewhitened_ar,ex_games_12m_pct,fred_asian_nie_computer_electronics_gbp_12m_pct,full,12,0.0006909373634495635,0.0006909373634495635,1.0,1.0,93,12
prewhitened_ar,ex_games_12m_pct,fred_asian_nie_computer_electronics_gbp_12m_pct,pre_2020,0,0.3553525405914599,0.3803032565794326,0.5,1.0,36,12
prewhitened_ar,ex_games_12m_pct,fred_asian_nie_computer_electronics_gbp_12m_pct,pre_2020,1,-0.12156079262920802,-0.3357459781559915,0.5,1.0,35,12
prewhitened_ar,ex_games_12m_pct,fred_asian_nie_computer_electronics_gbp_12m_pct,pre_2020,2,0.1619076179343577,0.05968102965903281,1.0,1.0,34,12
prewhitened_ar,ex_games_12m_pct,fred_asian_nie_computer_electronics_gbp_12m_pct,pre_2020,3,0.039429480458414476,0.048766324058260646,1.0,1.0,33,12
prewhitened_ar,ex_games_12m_pct,fred_asian_nie_computer_electronics_gbp_12m_pct,pre_2020,4,-0.09704387025456783,-0.16574034275743885,0.5,1.0,32,12
prewhitened_ar,ex_games_12m_pct,fred_asian_nie_computer_electronics_gbp_12m_pct,pre_2020,5,0.19591423051631468,0.34031069348758713,0.5,1.0,31,12
prewhitened_ar,ex_games_12m_pct,fred_asian_nie_computer_electronics_gbp_12m_pct,pre_2020,6,0.0900228238354401,0.0001556362936696456,1.0,1.0,30,12
prewhitened_ar,ex_games_12m_pct,fred_asian_nie_computer_electronics_gbp_12m_pct,pre_2020,7,0.2791376590750154,0.21749103790420088,0.5,1.0,29,12
prewhitened_ar,ex_games_12m_pct,fred_asian_nie_computer_electronics_gbp_12m_pct,pre_2020,8,-0.06860711082240485,-0.0843032966761289,1.0,1.0,28,12
prewhitened_ar,ex_games_12m_pct,fred_asian_nie_computer_electronics_gbp_12m_pct,pre_2020,9,-0.09397517533574316,-0.2617889382325123,0.5,1.0,27,12
prewhitened_ar,ex_games_12m_pct,fred_asian_nie_computer_electronics_gbp_12m_pct,pre_2020,10,-0.049606628608438424,-0.13239168707064072,1.0,1.0,26,12
prewhitened_ar,ex_games_12m_pct,fred_asian_nie_computer_electronics_gbp_12m_pct,pre_2020,11,-0.06814303164515717,-0.1313362652477949,0.5,1.0,25,12
prewhitened_ar,ex_games_12m_pct,fred_asian_nie_computer_electronics_gbp_12m_pct,pre_2020,12,-0.10701711469689469,-0.10701711469689469,0.5,1.0,24,12
prewhitened_ar,ex_games_12m_pct,fred_asian_nie_computer_electronics_gbp_12m_pct,pandemic_2020_2022,0,0.05549135487676868,0.21941065135346946,0.5,1.0,36,12
prewhitened_ar,ex_games_12m_pct,fred_asian_nie_computer_electronics_gbp_12m_pct,pandemic_2020_2022,1,0.025313575507182787,-0.1656643974984977,0.5,1.0,35,12
prewhitened_ar,ex_games_12m_pct,fred_asian_nie_computer_electronics_gbp_12m_pct,pandemic_2020_2022,2,-0.1881142341658175,-0.0384957325898163,0.5,1.0,34,12
prewhitened_ar,ex_games_12m_pct,fred_asian_nie_computer_electronics_gbp_12m_pct,pandemic_2020_2022,3,-0.028786204549150013,-0.02234435965300666,1.0,1.0,33,12
prewhitened_ar,ex_games_12m_pct,fred_asian_nie_computer_electronics_gbp_12m_pct,pandemic_2020_2022,4,-0.03320307400334475,0.04358057619816707,1.0,1.0,32,12
prewhitened_ar,ex_games_12m_pct,fred_asian_nie_computer_electronics_gbp_12m_pct,pandemic_2020_2022,5,0.0005301847971687761,-0.07155643223508365,0.5,1.0,31,12
prewhitened_ar,ex_games_12m_pct,fred_asian_nie_computer_electronics_gbp_12m_pct,pandemic_2020_2022,6,-0.30889797736562336,-0.303887740835792,0.5,1.0,30,12
prewhitened_ar,ex_games_12m_pct,fred_asian_nie_computer_electronics_gbp_12m_pct,pandemic_2020_2022,7,-0.3152867559253552,-0.34102721930088137,0.5,1.0,29,12
prewhitened_ar,ex_games_12m_pct,fred_asian_nie_computer_electronics_gbp_12m_pct,pandemic_2020_2022,8,-0.07713860175030389,-0.06267558694502454,1.0,1.0,28,12
prewhitened_ar,ex_games_12m_pct,fred_asian_nie_computer_electronics_gbp_12m_pct,pandemic_2020_2022,9,-0.01823837323200365,0.046823871803955294,1.0,1.0,27,12
prewhitened_ar,ex_games_12m_pct,fred_asian_nie_computer_electronics_gbp_12m_pct,pandemic_2020_2022,10,-0.14549448918436023,-0.16600849187933467,1.0,1.0,26,12
prewhitened_ar,ex_games_12m_pct,fred_asian_nie_computer_electronics_gbp_12m_pct,pandemic_2020_2022,11,0.33867661921271053,0.32854862184150085,0.5,1.0,25,12
prewhitened_ar,ex_games_12m_pct,fred_asian_nie_computer_electronics_gbp_12m_pct,pandemic_2020_2022,12,0.05105475624977111,0.05105475624977111,1.0,1.0,24,12
prewhitened_ar,ex_games_12m_pct,fred_asian_nie_computer_electronics_gbp_12m_pct,post_2022,0,-0.12757521948685055,-0.12437559172585085,1.0,1.0,33,12
prewhitened_ar,ex_games_12m_pct,fred_asian_nie_computer_electronics_gbp_12m_pct,post_2022,1,0.17912054896155538,0.0501467469936612,1.0,1.0,32,12
prewhitened_ar,ex_games_12m_pct,fred_asian_nie_computer_electronics_gbp_12m_pct,post_2022,2,0.3157268182478321,0.28986323096147365,0.5,1.0,31,12
prewhitened_ar,ex_games_12m_pct,fred_asian_nie_computer_electronics_gbp_12m_pct,post_2022,3,0.245732335248984,0.18695704633704116,0.5,1.0,30,12
prewhitened_ar,ex_games_12m_pct,fred_asian_nie_computer_electronics_gbp_12m_pct,post_2022,4,-0.03250389084515197,0.043564892732116375,1.0,1.0,29,12
prewhitened_ar,ex_games_12m_pct,fred_asian_nie_computer_electronics_gbp_12m_pct,post_2022,5,0.009348525868908938,0.003908957849032274,1.0,1.0,28,12
prewhitened_ar,ex_games_12m_pct,fred_asian_nie_computer_electronics_gbp_12m_pct,post_2022,6,-0.21012888827992154,-0.23456366961415512,1.0,1.0,27,12
prewhitened_ar,ex_games_12m_pct,fred_asian_nie_computer_electronics_gbp_12m_pct,post_2022,7,-0.03397420355054676,0.0005707116138260822,1.0,1.0,26,12
prewhitened_ar,ex_games_12m_pct,fred_asian_nie_computer_electronics_gbp_12m_pct,post_2022,8,-0.09906715608040746,-0.08600332354530354,0.5,1.0,25,12
prewhitened_ar,ex_games_12m_pct,fred_asian_nie_computer_electronics_gbp_12m_pct,post_2022,9,0.24204081024137397,0.35807215513657953,1.0,1.0,24,12
prewhitened_ar,ex_games_12m_pct,fred_asian_nie_computer_electronics_gbp_12m_pct,post_2022,10,0.04813760253185355,0.13157274291327117,0.5,1.0,23,12
prewhitened_ar,ex_games_12m_pct,fred_asian_nie_computer_electronics_gbp_12m_pct,post_2022,11,0.1957352625933087,0.19711748067164428,1.0,1.0,22,12
prewhitened_ar,ex_games_12m_pct,fred_asian_nie_computer_electronics_gbp_12m_pct,post_2022,12,0.007259353695307709,0.007259353695307709,1.0,1.0,21,12
