method,target,candidate,period,lead_months,correlation,common_sample_correlation,circular_shift_p,familywise_p_0_18,search_max_lead,n,ar_lags
raw_annual_rates,headline_12m_pct,jp_epi_electronics_gbp_12m_pct,full,0,-0.3404906727517885,-0.40244447020143215,0.09302325581395349,0.37209302325581395,18,127,0
raw_annual_rates,headline_12m_pct,jp_epi_electronics_gbp_12m_pct,full,1,-0.27705274026390636,-0.328077954995315,0.12790697674418605,0.4186046511627907,18,126,0
raw_annual_rates,headline_12m_pct,jp_epi_electronics_gbp_12m_pct,full,2,-0.23649940569027156,-0.2792251125643357,0.1744186046511628,0.46511627906976744,18,125,0
raw_annual_rates,headline_12m_pct,jp_epi_electronics_gbp_12m_pct,full,3,-0.1863480543513555,-0.2245432670449911,0.2558139534883721,0.6511627906976745,18,124,0
raw_annual_rates,headline_12m_pct,jp_epi_electronics_gbp_12m_pct,full,4,-0.12803452813477992,-0.16817254102544277,0.37209302325581395,0.7441860465116279,18,123,0
raw_annual_rates,headline_12m_pct,jp_epi_electronics_gbp_12m_pct,full,5,-0.06349431195642377,-0.10565466751382878,0.5,0.9883720930232558,18,122,0
raw_annual_rates,headline_12m_pct,jp_epi_electronics_gbp_12m_pct,full,6,-0.02299423935682024,-0.06134704118645229,0.6627906976744186,1.0,18,121,0
raw_annual_rates,headline_12m_pct,jp_epi_electronics_gbp_12m_pct,full,7,0.09897976844534165,0.06675581860824692,0.6511627906976745,1.0,18,120,0
raw_annual_rates,headline_12m_pct,jp_epi_electronics_gbp_12m_pct,full,8,0.15550024455340875,0.12526249078102045,0.43023255813953487,0.9651162790697675,18,119,0
raw_annual_rates,headline_12m_pct,jp_epi_electronics_gbp_12m_pct,full,9,0.18808863577026763,0.16675846998316896,0.37209302325581395,0.7441860465116279,18,118,0
raw_annual_rates,headline_12m_pct,jp_epi_electronics_gbp_12m_pct,full,10,0.2199873519226234,0.20823291104162042,0.27906976744186046,0.6627906976744186,18,117,0
raw_annual_rates,headline_12m_pct,jp_epi_electronics_gbp_12m_pct,full,11,0.21893069244590535,0.21411678890712896,0.27906976744186046,0.6627906976744186,18,116,0
raw_annual_rates,headline_12m_pct,jp_epi_electronics_gbp_12m_pct,full,12,0.1827200734538157,0.18125172072340195,0.3953488372093023,0.7209302325581395,18,115,0
raw_annual_rates,headline_12m_pct,jp_epi_electronics_gbp_12m_pct,full,13,0.14769020218981693,0.14714759010289702,0.43023255813953487,0.7906976744186046,18,114,0
raw_annual_rates,headline_12m_pct,jp_epi_electronics_gbp_12m_pct,full,14,0.1635697163015697,0.16360208841903562,0.4186046511627907,0.7441860465116279,18,113,0
raw_annual_rates,headline_12m_pct,jp_epi_electronics_gbp_12m_pct,full,15,0.16801697382643777,0.16926559502923866,0.4186046511627907,0.7441860465116279,18,112,0
raw_annual_rates,headline_12m_pct,jp_epi_electronics_gbp_12m_pct,full,16,0.16583217197048142,0.16571827302304892,0.43023255813953487,0.7441860465116279,18,111,0
raw_annual_rates,headline_12m_pct,jp_epi_electronics_gbp_12m_pct,full,17,0.15565529803478054,0.1555274679455247,0.46511627906976744,0.7558139534883721,18,110,0
raw_annual_rates,headline_12m_pct,jp_epi_electronics_gbp_12m_pct,full,18,0.1354360063556493,0.1354360063556493,0.5,0.9186046511627907,18,109,0
raw_annual_rates,headline_12m_pct,jp_epi_electronics_gbp_12m_pct,pre_2020,0,-0.26619723109420274,-0.23529361991105938,0.7142857142857143,1.0,18,48,0
raw_annual_rates,headline_12m_pct,jp_epi_electronics_gbp_12m_pct,pre_2020,1,-0.21922580611944759,-0.15396031030243246,0.7142857142857143,1.0,18,47,0
raw_annual_rates,headline_12m_pct,jp_epi_electronics_gbp_12m_pct,pre_2020,2,-0.17843515415233419,-0.10883419593378996,0.7142857142857143,1.0,18,46,0
raw_annual_rates,headline_12m_pct,jp_epi_electronics_gbp_12m_pct,pre_2020,3,-0.12188456000967467,-0.04750535578975084,1.0,1.0,18,45,0
raw_annual_rates,headline_12m_pct,jp_epi_electronics_gbp_12m_pct,pre_2020,4,-0.042085803933959096,0.036505607027069516,1.0,1.0,18,44,0
raw_annual_rates,headline_12m_pct,jp_epi_electronics_gbp_12m_pct,pre_2020,5,0.021503462736327705,0.07843945206569744,0.8571428571428571,1.0,18,43,0
raw_annual_rates,headline_12m_pct,jp_epi_electronics_gbp_12m_pct,pre_2020,6,0.05472740855635981,0.058679053509843856,0.7142857142857143,1.0,18,42,0
raw_annual_rates,headline_12m_pct,jp_epi_electronics_gbp_12m_pct,pre_2020,7,0.1479024751299541,0.15422798300107865,0.2857142857142857,1.0,18,41,0
raw_annual_rates,headline_12m_pct,jp_epi_electronics_gbp_12m_pct,pre_2020,8,0.08020196651426487,0.05393520432786862,0.5714285714285714,1.0,18,40,0
raw_annual_rates,headline_12m_pct,jp_epi_electronics_gbp_12m_pct,pre_2020,9,0.07616682611983429,0.018799953022629035,0.7142857142857143,1.0,18,39,0
raw_annual_rates,headline_12m_pct,jp_epi_electronics_gbp_12m_pct,pre_2020,10,0.09736649553570491,0.06731390028685813,0.2857142857142857,1.0,18,38,0
raw_annual_rates,headline_12m_pct,jp_epi_electronics_gbp_12m_pct,pre_2020,11,0.08252840256196659,0.043307455463660154,0.8571428571428571,1.0,18,37,0
raw_annual_rates,headline_12m_pct,jp_epi_electronics_gbp_12m_pct,pre_2020,12,0.06028504164505055,-0.00817441608757699,0.8571428571428571,1.0,18,36,0
raw_annual_rates,headline_12m_pct,jp_epi_electronics_gbp_12m_pct,pre_2020,13,0.06648025464078268,-0.0941131452722814,0.5714285714285714,1.0,18,35,0
raw_annual_rates,headline_12m_pct,jp_epi_electronics_gbp_12m_pct,pre_2020,14,0.10287424275648747,-0.022767262874519075,0.5714285714285714,1.0,18,34,0
raw_annual_rates,headline_12m_pct,jp_epi_electronics_gbp_12m_pct,pre_2020,15,0.12926405429456594,0.03558068823947664,0.7142857142857143,1.0,18,33,0
raw_annual_rates,headline_12m_pct,jp_epi_electronics_gbp_12m_pct,pre_2020,16,0.13215159487755532,0.058167003306762805,0.5714285714285714,1.0,18,32,0
raw_annual_rates,headline_12m_pct,jp_epi_electronics_gbp_12m_pct,pre_2020,17,0.17365512946738457,0.12668593570942407,0.5714285714285714,1.0,18,31,0
raw_annual_rates,headline_12m_pct,jp_epi_electronics_gbp_12m_pct,pre_2020,18,0.19732356420940791,0.19732356420940791,0.5714285714285714,1.0,18,30,0
raw_annual_rates,headline_12m_pct,jp_epi_electronics_gbp_12m_pct,pandemic_2020_2022,0,-0.46041328018919314,-0.5611147394036788,0.5,1.0,18,36,0
raw_annual_rates,headline_12m_pct,jp_epi_electronics_gbp_12m_pct,pandemic_2020_2022,1,-0.3648089346826392,-0.18890617671830143,0.5,1.0,18,35,0
raw_annual_rates,headline_12m_pct,jp_epi_electronics_gbp_12m_pct,pandemic_2020_2022,2,-0.4040053048846259,-0.11333934674109812,1.0,1.0,18,34,0
raw_annual_rates,headline_12m_pct,jp_epi_electronics_gbp_12m_pct,pandemic_2020_2022,3,-0.4087705042899671,-0.05493297072254825,1.0,1.0,18,33,0
raw_annual_rates,headline_12m_pct,jp_epi_electronics_gbp_12m_pct,pandemic_2020_2022,4,-0.40976198097067584,-0.10675313468667638,1.0,1.0,18,32,0
raw_annual_rates,headline_12m_pct,jp_epi_electronics_gbp_12m_pct,pandemic_2020_2022,5,-0.43516032912198815,-0.11714932433832183,1.0,1.0,18,31,0
raw_annual_rates,headline_12m_pct,jp_epi_electronics_gbp_12m_pct,pandemic_2020_2022,6,-0.40651334368722336,-0.09387557467287497,1.0,1.0,18,30,0
raw_annual_rates,headline_12m_pct,jp_epi_electronics_gbp_12m_pct,pandemic_2020_2022,7,-0.19912095269974367,0.22986954411469215,0.5,1.0,18,29,0
raw_annual_rates,headline_12m_pct,jp_epi_electronics_gbp_12m_pct,pandemic_2020_2022,8,0.09709533347484266,0.547367039262089,0.5,1.0,18,28,0
raw_annual_rates,headline_12m_pct,jp_epi_electronics_gbp_12m_pct,pandemic_2020_2022,9,0.18729326163049748,0.6843945974681919,0.5,0.5,18,27,0
raw_annual_rates,headline_12m_pct,jp_epi_electronics_gbp_12m_pct,pandemic_2020_2022,10,0.3313936828611745,0.620953053589114,0.5,0.5,18,26,0
raw_annual_rates,headline_12m_pct,jp_epi_electronics_gbp_12m_pct,pandemic_2020_2022,11,0.34283676208045677,0.5046877839731746,0.5,1.0,18,25,0
raw_annual_rates,headline_12m_pct,jp_epi_electronics_gbp_12m_pct,pandemic_2020_2022,12,0.23463698347038467,0.31331103247049374,0.5,1.0,18,24,0
raw_annual_rates,headline_12m_pct,jp_epi_electronics_gbp_12m_pct,pandemic_2020_2022,13,0.16484426637531113,0.08493698549828212,0.5,1.0,18,23,0
raw_annual_rates,headline_12m_pct,jp_epi_electronics_gbp_12m_pct,pandemic_2020_2022,14,0.298703974059893,0.22967193013164147,0.5,1.0,18,22,0
raw_annual_rates,headline_12m_pct,jp_epi_electronics_gbp_12m_pct,pandemic_2020_2022,15,0.3400405895469016,0.3184353898624496,0.5,1.0,18,21,0
raw_annual_rates,headline_12m_pct,jp_epi_electronics_gbp_12m_pct,pandemic_2020_2022,16,0.4215038592906463,0.4084643851479413,0.5,1.0,18,20,0
raw_annual_rates,headline_12m_pct,jp_epi_electronics_gbp_12m_pct,pandemic_2020_2022,17,0.6803083442461817,0.6917458541025991,0.5,0.5,18,19,0
raw_annual_rates,headline_12m_pct,jp_epi_electronics_gbp_12m_pct,pandemic_2020_2022,18,0.6865655601887533,0.6865655601887533,0.5,0.5,18,18,0
raw_annual_rates,headline_12m_pct,jp_epi_electronics_gbp_12m_pct,post_2022,0,-0.2480176553372345,-0.5617933303090598,1.0,1.0,18,43,0
raw_annual_rates,headline_12m_pct,jp_epi_electronics_gbp_12m_pct,post_2022,1,-0.17514228628037537,-0.34856795712964933,1.0,1.0,18,42,0
raw_annual_rates,headline_12m_pct,jp_epi_electronics_gbp_12m_pct,post_2022,2,-0.08825891934750622,-0.1722223681205032,1.0,1.0,18,41,0
raw_annual_rates,headline_12m_pct,jp_epi_electronics_gbp_12m_pct,post_2022,3,0.020136184870276633,0.023041639887384443,1.0,1.0,18,40,0
raw_annual_rates,headline_12m_pct,jp_epi_electronics_gbp_12m_pct,post_2022,4,0.15023058596093045,0.1416670072366574,0.5,1.0,18,39,0
raw_annual_rates,headline_12m_pct,jp_epi_electronics_gbp_12m_pct,post_2022,5,0.32761709305882014,0.3233356071836668,0.5,1.0,18,38,0
raw_annual_rates,headline_12m_pct,jp_epi_electronics_gbp_12m_pct,post_2022,6,0.42034372090636213,0.4273656839489287,0.5,1.0,18,37,0
raw_annual_rates,headline_12m_pct,jp_epi_electronics_gbp_12m_pct,post_2022,7,0.5980546743339756,0.6137961311984605,0.5,0.5,18,36,0
raw_annual_rates,headline_12m_pct,jp_epi_electronics_gbp_12m_pct,post_2022,8,0.6459535946687067,0.656688241934935,0.5,0.5,18,35,0
raw_annual_rates,headline_12m_pct,jp_epi_electronics_gbp_12m_pct,post_2022,9,0.6193799919660534,0.6895768896465697,0.5,0.5,18,34,0
raw_annual_rates,headline_12m_pct,jp_epi_electronics_gbp_12m_pct,post_2022,10,0.5094498682829085,0.663009444509004,0.5,0.5,18,33,0
raw_annual_rates,headline_12m_pct,jp_epi_electronics_gbp_12m_pct,post_2022,11,0.4158951880582761,0.6018882006261597,0.5,0.5,18,32,0
raw_annual_rates,headline_12m_pct,jp_epi_electronics_gbp_12m_pct,post_2022,12,0.23573762985373625,0.3520933175117353,0.5,1.0,18,31,0
raw_annual_rates,headline_12m_pct,jp_epi_electronics_gbp_12m_pct,post_2022,13,-0.0035280235884702685,0.0460111713287022,1.0,1.0,18,30,0
raw_annual_rates,headline_12m_pct,jp_epi_electronics_gbp_12m_pct,post_2022,14,-0.08036820270938907,-0.08790853563198013,0.5,1.0,18,29,0
raw_annual_rates,headline_12m_pct,jp_epi_electronics_gbp_12m_pct,post_2022,15,-0.1727942304841511,-0.21218918166960238,0.5,1.0,18,28,0
raw_annual_rates,headline_12m_pct,jp_epi_electronics_gbp_12m_pct,post_2022,16,-0.24915403620431797,-0.3329135213785248,0.5,1.0,18,27,0
raw_annual_rates,headline_12m_pct,jp_epi_electronics_gbp_12m_pct,post_2022,17,-0.4320808002681172,-0.46161205928251614,0.5,1.0,18,26,0
raw_annual_rates,headline_12m_pct,jp_epi_electronics_gbp_12m_pct,post_2022,18,-0.41546709557386124,-0.41546709557386124,0.5,1.0,18,25,0
raw_annual_rates,headline_12m_pct,kr_epi_tech_gbp_12m_pct,full,0,-0.15870347674319205,-0.1623434625409507,0.5777777777777777,1.0,18,86,0
raw_annual_rates,headline_12m_pct,kr_epi_tech_gbp_12m_pct,full,1,-0.13245286505187553,-0.12063635898486434,0.7777777777777778,1.0,18,85,0
raw_annual_rates,headline_12m_pct,kr_epi_tech_gbp_12m_pct,full,2,-0.11637769179395178,-0.10692563605714918,0.7777777777777778,1.0,18,84,0
raw_annual_rates,headline_12m_pct,kr_epi_tech_gbp_12m_pct,full,3,-0.10961558391381988,-0.09225282417312339,0.8,1.0,18,83,0
raw_annual_rates,headline_12m_pct,kr_epi_tech_gbp_12m_pct,full,4,-0.08479184335896092,-0.07762354578112991,0.8222222222222222,1.0,18,82,0
raw_annual_rates,headline_12m_pct,kr_epi_tech_gbp_12m_pct,full,5,-0.05983668011494639,-0.06594824335260353,0.8666666666666667,1.0,18,81,0
raw_annual_rates,headline_12m_pct,kr_epi_tech_gbp_12m_pct,full,6,-0.06761921410412007,-0.07800209338868694,0.8444444444444444,1.0,18,80,0
raw_annual_rates,headline_12m_pct,kr_epi_tech_gbp_12m_pct,full,7,0.003956137232157757,-0.011432750396041875,1.0,1.0,18,79,0
raw_annual_rates,headline_12m_pct,kr_epi_tech_gbp_12m_pct,full,8,0.0547709552919598,0.03624049886433329,0.9555555555555556,1.0,18,78,0
raw_annual_rates,headline_12m_pct,kr_epi_tech_gbp_12m_pct,full,9,0.039574626226275056,0.02450867436915832,0.9555555555555556,1.0,18,77,0
raw_annual_rates,headline_12m_pct,kr_epi_tech_gbp_12m_pct,full,10,0.04302363244919867,0.0425001437470235,0.9333333333333333,1.0,18,76,0
raw_annual_rates,headline_12m_pct,kr_epi_tech_gbp_12m_pct,full,11,0.0035093375552566067,0.014333533263081405,0.9333333333333333,1.0,18,75,0
raw_annual_rates,headline_12m_pct,kr_epi_tech_gbp_12m_pct,full,12,-0.05282801676641951,-0.04608738567637475,0.9333333333333333,1.0,18,74,0
raw_annual_rates,headline_12m_pct,kr_epi_tech_gbp_12m_pct,full,13,-0.12143086320255986,-0.11927720523172829,0.8,1.0,18,73,0
raw_annual_rates,headline_12m_pct,kr_epi_tech_gbp_12m_pct,full,14,-0.144258362173814,-0.14093158224039717,0.7777777777777778,1.0,18,72,0
raw_annual_rates,headline_12m_pct,kr_epi_tech_gbp_12m_pct,full,15,-0.1304248348425774,-0.12980929370264702,0.7333333333333333,1.0,18,71,0
raw_annual_rates,headline_12m_pct,kr_epi_tech_gbp_12m_pct,full,16,-0.12122486045222212,-0.12342157512073117,0.8,1.0,18,70,0
raw_annual_rates,headline_12m_pct,kr_epi_tech_gbp_12m_pct,full,17,-0.11373303925333587,-0.1117472996060842,0.8,1.0,18,69,0
raw_annual_rates,headline_12m_pct,kr_epi_tech_gbp_12m_pct,full,18,-0.0841941118799722,-0.0841941118799722,0.8222222222222222,1.0,18,68,0
raw_annual_rates,headline_12m_pct,kr_epi_tech_gbp_12m_pct,pandemic_2020_2022,0,0.4314353987195572,0.5053402446511035,0.5,0.5,18,36,0
raw_annual_rates,headline_12m_pct,kr_epi_tech_gbp_12m_pct,pandemic_2020_2022,1,0.5837959396143746,0.7446689225154807,0.5,0.5,18,35,0
raw_annual_rates,headline_12m_pct,kr_epi_tech_gbp_12m_pct,pandemic_2020_2022,2,0.3979867102524434,0.7352706896320099,0.5,0.5,18,34,0
raw_annual_rates,headline_12m_pct,kr_epi_tech_gbp_12m_pct,pandemic_2020_2022,3,0.19888255434592358,0.6276328306700978,0.5,0.5,18,33,0
raw_annual_rates,headline_12m_pct,kr_epi_tech_gbp_12m_pct,pandemic_2020_2022,4,0.15166474299457205,0.39854418589157914,0.5,0.5,18,32,0
raw_annual_rates,headline_12m_pct,kr_epi_tech_gbp_12m_pct,pandemic_2020_2022,5,-0.2287563383874614,-0.05015536502057225,1.0,1.0,18,31,0
raw_annual_rates,headline_12m_pct,kr_epi_tech_gbp_12m_pct,pandemic_2020_2022,6,-0.32635493789277675,0.01329757061883825,1.0,1.0,18,30,0
raw_annual_rates,headline_12m_pct,kr_epi_tech_gbp_12m_pct,pandemic_2020_2022,7,-0.2776302318865758,-0.019552607444340966,1.0,1.0,18,29,0
raw_annual_rates,headline_12m_pct,kr_epi_tech_gbp_12m_pct,pandemic_2020_2022,8,-0.18543298005769995,0.11268049161547607,1.0,1.0,18,28,0
raw_annual_rates,headline_12m_pct,kr_epi_tech_gbp_12m_pct,pandemic_2020_2022,9,-0.336498319943328,-0.027511324676204672,1.0,1.0,18,27,0
raw_annual_rates,headline_12m_pct,kr_epi_tech_gbp_12m_pct,pandemic_2020_2022,10,-0.40035248849348143,-0.032560257057881396,1.0,1.0,18,26,0
raw_annual_rates,headline_12m_pct,kr_epi_tech_gbp_12m_pct,pandemic_2020_2022,11,-0.5516118892514283,-0.3289694236520362,0.5,1.0,18,25,0
raw_annual_rates,headline_12m_pct,kr_epi_tech_gbp_12m_pct,pandemic_2020_2022,12,-0.705388226159075,-0.5426701328038264,0.5,0.5,18,24,0
raw_annual_rates,headline_12m_pct,kr_epi_tech_gbp_12m_pct,pandemic_2020_2022,13,-0.8076940124437163,-0.7780386793557892,0.5,0.5,18,23,0
raw_annual_rates,headline_12m_pct,kr_epi_tech_gbp_12m_pct,pandemic_2020_2022,14,-0.645828429075796,-0.5582788275960046,0.5,0.5,18,22,0
raw_annual_rates,headline_12m_pct,kr_epi_tech_gbp_12m_pct,pandemic_2020_2022,15,-0.5120862598730763,-0.24734500256847716,1.0,1.0,18,21,0
raw_annual_rates,headline_12m_pct,kr_epi_tech_gbp_12m_pct,pandemic_2020_2022,16,-0.5307859061429703,-0.23092428510051588,1.0,1.0,18,20,0
raw_annual_rates,headline_12m_pct,kr_epi_tech_gbp_12m_pct,pandemic_2020_2022,17,-0.13730456591427118,0.12588726815049583,1.0,1.0,18,19,0
raw_annual_rates,headline_12m_pct,kr_epi_tech_gbp_12m_pct,pandemic_2020_2022,18,-0.051976064091360845,-0.051976064091360845,1.0,1.0,18,18,0
raw_annual_rates,headline_12m_pct,kr_epi_tech_gbp_12m_pct,post_2022,0,-0.3331154195720994,-0.8762292652697465,1.0,1.0,18,41,0
raw_annual_rates,headline_12m_pct,kr_epi_tech_gbp_12m_pct,post_2022,1,-0.35452576399059066,-0.8857225131598645,0.5,1.0,18,40,0
raw_annual_rates,headline_12m_pct,kr_epi_tech_gbp_12m_pct,post_2022,2,-0.35364488086760876,-0.7859035430294677,0.5,1.0,18,39,0
raw_annual_rates,headline_12m_pct,kr_epi_tech_gbp_12m_pct,post_2022,3,-0.3725040870571285,-0.7006954952352451,0.5,1.0,18,38,0
raw_annual_rates,headline_12m_pct,kr_epi_tech_gbp_12m_pct,post_2022,4,-0.3739667739895824,-0.6042116091152225,0.5,1.0,18,37,0
raw_annual_rates,headline_12m_pct,kr_epi_tech_gbp_12m_pct,post_2022,5,-0.27185870197071427,-0.4302159619189143,0.5,1.0,18,36,0
raw_annual_rates,headline_12m_pct,kr_epi_tech_gbp_12m_pct,post_2022,6,-0.18857377286365315,-0.30562249703784905,0.5,1.0,18,35,0
raw_annual_rates,headline_12m_pct,kr_epi_tech_gbp_12m_pct,post_2022,7,-0.07810095003755176,-0.17388228661846777,0.5,1.0,18,34,0
raw_annual_rates,headline_12m_pct,kr_epi_tech_gbp_12m_pct,post_2022,8,0.042500532295539004,-0.036504315499517014,1.0,1.0,18,33,0
raw_annual_rates,headline_12m_pct,kr_epi_tech_gbp_12m_pct,post_2022,9,0.061829499247053485,0.021224071108073648,1.0,1.0,18,32,0
raw_annual_rates,headline_12m_pct,kr_epi_tech_gbp_12m_pct,post_2022,10,0.1866953352032388,0.2372157464206105,1.0,1.0,18,31,0
raw_annual_rates,headline_12m_pct,kr_epi_tech_gbp_12m_pct,post_2022,11,0.19279710457496577,0.2963351073624701,1.0,1.0,18,30,0
raw_annual_rates,headline_12m_pct,kr_epi_tech_gbp_12m_pct,post_2022,12,0.18158873707478465,0.2527861266176969,1.0,1.0,18,29,0
raw_annual_rates,headline_12m_pct,kr_epi_tech_gbp_12m_pct,post_2022,13,0.1780221819474387,0.224974093928342,0.5,1.0,18,28,0
raw_annual_rates,headline_12m_pct,kr_epi_tech_gbp_12m_pct,post_2022,14,0.05911164032128687,0.07976911438819652,0.5,1.0,18,27,0
raw_annual_rates,headline_12m_pct,kr_epi_tech_gbp_12m_pct,post_2022,15,0.06018139465949674,0.05349810143656737,0.5,1.0,18,26,0
raw_annual_rates,headline_12m_pct,kr_epi_tech_gbp_12m_pct,post_2022,16,0.02032127449757051,-0.014448114254673966,1.0,1.0,18,25,0
raw_annual_rates,headline_12m_pct,kr_epi_tech_gbp_12m_pct,post_2022,17,-0.15832382618564506,-0.17198735370153154,1.0,1.0,18,24,0
raw_annual_rates,headline_12m_pct,kr_epi_tech_gbp_12m_pct,post_2022,18,-0.18349611649823927,-0.18349611649823927,1.0,1.0,18,23,0
raw_annual_rates,headline_12m_pct,cn_ppi_tech_gbp_12m_pct,full,0,-0.0024863519961367863,-0.16319342722958557,0.058823529411764705,1.0,18,58,0
raw_annual_rates,headline_12m_pct,cn_ppi_tech_gbp_12m_pct,full,1,0.05264598358552374,-0.06925600492257933,0.6470588235294118,1.0,18,57,0
raw_annual_rates,headline_12m_pct,cn_ppi_tech_gbp_12m_pct,full,2,0.03865393099645089,-0.04394863048040809,0.7647058823529411,1.0,18,56,0
raw_annual_rates,headline_12m_pct,cn_ppi_tech_gbp_12m_pct,full,3,0.09915170924598476,0.042608879041057444,0.8823529411764706,1.0,18,55,0
raw_annual_rates,headline_12m_pct,cn_ppi_tech_gbp_12m_pct,full,4,0.1739890339241857,0.14069468256212028,0.7058823529411765,1.0,18,54,0
raw_annual_rates,headline_12m_pct,cn_ppi_tech_gbp_12m_pct,full,5,0.22506450808065204,0.18503912016006796,0.6470588235294118,1.0,18,53,0
raw_annual_rates,headline_12m_pct,cn_ppi_tech_gbp_12m_pct,full,6,0.29835816850508395,0.26129195478680806,0.5294117647058824,1.0,18,52,0
raw_annual_rates,headline_12m_pct,cn_ppi_tech_gbp_12m_pct,full,7,0.421997762702731,0.4130422842592422,0.058823529411764705,0.7647058823529411,18,51,0
raw_annual_rates,headline_12m_pct,cn_ppi_tech_gbp_12m_pct,full,8,0.5212484497210205,0.5113143469413869,0.058823529411764705,0.29411764705882354,18,50,0
raw_annual_rates,headline_12m_pct,cn_ppi_tech_gbp_12m_pct,full,9,0.5609887656107152,0.5632458943941948,0.058823529411764705,0.058823529411764705,18,49,0
raw_annual_rates,headline_12m_pct,cn_ppi_tech_gbp_12m_pct,full,10,0.6052286413082989,0.607843642351835,0.058823529411764705,0.058823529411764705,18,48,0
raw_annual_rates,headline_12m_pct,cn_ppi_tech_gbp_12m_pct,full,11,0.6151038428813644,0.6134070931227883,0.058823529411764705,0.058823529411764705,18,47,0
raw_annual_rates,headline_12m_pct,cn_ppi_tech_gbp_12m_pct,full,12,0.619433694645182,0.6168222339816001,0.058823529411764705,0.058823529411764705,18,46,0
raw_annual_rates,headline_12m_pct,cn_ppi_tech_gbp_12m_pct,full,13,0.5725020234911858,0.5690895289557054,0.058823529411764705,0.058823529411764705,18,45,0
raw_annual_rates,headline_12m_pct,cn_ppi_tech_gbp_12m_pct,full,14,0.601011549310691,0.5982911609942946,0.058823529411764705,0.058823529411764705,18,44,0
raw_annual_rates,headline_12m_pct,cn_ppi_tech_gbp_12m_pct,full,15,0.5376971624847263,0.5330851601767113,0.058823529411764705,0.11764705882352941,18,43,0
raw_annual_rates,headline_12m_pct,cn_ppi_tech_gbp_12m_pct,full,16,0.42681915784985786,0.42650902501182036,0.5294117647058824,0.7058823529411765,18,42,0
raw_annual_rates,headline_12m_pct,cn_ppi_tech_gbp_12m_pct,full,17,0.34876204351015966,0.3465087966181021,0.7647058823529411,0.8823529411764706,18,41,0
raw_annual_rates,headline_12m_pct,cn_ppi_tech_gbp_12m_pct,full,18,0.291851650431012,0.291851650431012,0.7058823529411765,1.0,18,40,0
raw_annual_rates,headline_12m_pct,cn_ppi_tech_gbp_12m_pct,post_2022,0,-0.3654745277107543,-0.36014464149649,0.5,1.0,18,36,0
raw_annual_rates,headline_12m_pct,cn_ppi_tech_gbp_12m_pct,post_2022,1,-0.1449409236409928,-0.056818889143645905,1.0,1.0,18,35,0
raw_annual_rates,headline_12m_pct,cn_ppi_tech_gbp_12m_pct,post_2022,2,-0.022037875319167833,0.15133093965682728,1.0,1.0,18,34,0
raw_annual_rates,headline_12m_pct,cn_ppi_tech_gbp_12m_pct,post_2022,3,0.1783456444686066,0.37209533981990295,1.0,1.0,18,33,0
raw_annual_rates,headline_12m_pct,cn_ppi_tech_gbp_12m_pct,post_2022,4,0.31437086021315996,0.47326622397219087,1.0,1.0,18,32,0
raw_annual_rates,headline_12m_pct,cn_ppi_tech_gbp_12m_pct,post_2022,5,0.4488088060121165,0.5536883549187522,1.0,1.0,18,31,0
raw_annual_rates,headline_12m_pct,cn_ppi_tech_gbp_12m_pct,post_2022,6,0.5134872005445325,0.5734346667868554,1.0,1.0,18,30,0
raw_annual_rates,headline_12m_pct,cn_ppi_tech_gbp_12m_pct,post_2022,7,0.6402372769338349,0.7664048502925476,0.5,1.0,18,29,0
raw_annual_rates,headline_12m_pct,cn_ppi_tech_gbp_12m_pct,post_2022,8,0.7129721388726998,0.8419793801203079,0.5,0.5,18,28,0
raw_annual_rates,headline_12m_pct,cn_ppi_tech_gbp_12m_pct,post_2022,9,0.6981397458950674,0.7901948596742109,0.5,1.0,18,27,0
raw_annual_rates,headline_12m_pct,cn_ppi_tech_gbp_12m_pct,post_2022,10,0.6347040481960906,0.7004915070799814,0.5,1.0,18,26,0
raw_annual_rates,headline_12m_pct,cn_ppi_tech_gbp_12m_pct,post_2022,11,0.512975161861895,0.5022951920972726,0.5,1.0,18,25,0
raw_annual_rates,headline_12m_pct,cn_ppi_tech_gbp_12m_pct,post_2022,12,0.3901974377127954,0.3573753021997033,0.5,1.0,18,24,0
raw_annual_rates,headline_12m_pct,cn_ppi_tech_gbp_12m_pct,post_2022,13,0.04081567868586543,0.005656902742836592,1.0,1.0,18,23,0
raw_annual_rates,headline_12m_pct,cn_ppi_tech_gbp_12m_pct,post_2022,14,-0.07396009519765012,-0.12092417172446482,1.0,1.0,18,22,0
raw_annual_rates,headline_12m_pct,cn_ppi_tech_gbp_12m_pct,post_2022,15,-0.33705812259532797,-0.41904697569290356,1.0,1.0,18,21,0
raw_annual_rates,headline_12m_pct,cn_ppi_tech_gbp_12m_pct,post_2022,16,-0.48127161560412257,-0.5397154067691383,0.5,1.0,18,20,0
raw_annual_rates,headline_12m_pct,cn_ppi_tech_gbp_12m_pct,post_2022,17,-0.6551440093938766,-0.6622245304336347,0.5,1.0,18,19,0
raw_annual_rates,headline_12m_pct,cn_ppi_tech_gbp_12m_pct,post_2022,18,-0.5793875392734515,-0.5793875392734515,0.5,1.0,18,18,0
raw_annual_rates,headline_12m_pct,tw_epi_integrated_circuits_gbp_12m_pct,full,0,-0.10403518196010496,-0.14875108103530513,0.5,0.8372093023255814,18,127,0
raw_annual_rates,headline_12m_pct,tw_epi_integrated_circuits_gbp_12m_pct,full,1,-0.06633990131273189,-0.11088708125539627,0.5697674418604651,0.872093023255814,18,126,0
raw_annual_rates,headline_12m_pct,tw_epi_integrated_circuits_gbp_12m_pct,full,2,-0.05119025270173477,-0.08798596971106692,0.6162790697674418,0.9534883720930233,18,125,0
raw_annual_rates,headline_12m_pct,tw_epi_integrated_circuits_gbp_12m_pct,full,3,-0.013401010424880141,-0.047481239041376445,0.8023255813953488,1.0,18,124,0
raw_annual_rates,headline_12m_pct,tw_epi_integrated_circuits_gbp_12m_pct,full,4,0.020433036134797335,-0.008921423749830765,0.9651162790697675,1.0,18,123,0
raw_annual_rates,headline_12m_pct,tw_epi_integrated_circuits_gbp_12m_pct,full,5,0.0552941625669753,0.027130081232651516,0.8837209302325582,1.0,18,122,0
raw_annual_rates,headline_12m_pct,tw_epi_integrated_circuits_gbp_12m_pct,full,6,0.07325369085639112,0.043487188107485863,0.8372093023255814,1.0,18,121,0
raw_annual_rates,headline_12m_pct,tw_epi_integrated_circuits_gbp_12m_pct,full,7,0.17080765887593136,0.14407650823911078,0.43023255813953487,0.8488372093023255,18,120,0
raw_annual_rates,headline_12m_pct,tw_epi_integrated_circuits_gbp_12m_pct,full,8,0.217481608211194,0.19177869073208142,0.313953488372093,0.7209302325581395,18,119,0
raw_annual_rates,headline_12m_pct,tw_epi_integrated_circuits_gbp_12m_pct,full,9,0.2496876739044683,0.2275348572404774,0.2558139534883721,0.5348837209302325,18,118,0
raw_annual_rates,headline_12m_pct,tw_epi_integrated_circuits_gbp_12m_pct,full,10,0.2773689201524295,0.26426037943421216,0.20930232558139536,0.5232558139534884,18,117,0
raw_annual_rates,headline_12m_pct,tw_epi_integrated_circuits_gbp_12m_pct,full,11,0.280619987701401,0.2762585537918704,0.19767441860465115,0.5232558139534884,18,116,0
raw_annual_rates,headline_12m_pct,tw_epi_integrated_circuits_gbp_12m_pct,full,12,0.25449827269565967,0.2521103340926226,0.23255813953488372,0.5348837209302325,18,115,0
raw_annual_rates,headline_12m_pct,tw_epi_integrated_circuits_gbp_12m_pct,full,13,0.22402394786230936,0.2233083113369762,0.2441860465116279,0.5348837209302325,18,114,0
raw_annual_rates,headline_12m_pct,tw_epi_integrated_circuits_gbp_12m_pct,full,14,0.24021809845579026,0.24180182683908727,0.22093023255813954,0.5348837209302325,18,113,0
raw_annual_rates,headline_12m_pct,tw_epi_integrated_circuits_gbp_12m_pct,full,15,0.2387654258596301,0.23959462207308094,0.23255813953488372,0.5348837209302325,18,112,0
raw_annual_rates,headline_12m_pct,tw_epi_integrated_circuits_gbp_12m_pct,full,16,0.225344589833102,0.22596722410597084,0.2558139534883721,0.5348837209302325,18,111,0
raw_annual_rates,headline_12m_pct,tw_epi_integrated_circuits_gbp_12m_pct,full,17,0.19450846216724585,0.19417988833110508,0.32558139534883723,0.7093023255813954,18,110,0
raw_annual_rates,headline_12m_pct,tw_epi_integrated_circuits_gbp_12m_pct,full,18,0.1683348834062539,0.1683348834062539,0.4186046511627907,0.7906976744186046,18,109,0
raw_annual_rates,headline_12m_pct,tw_epi_integrated_circuits_gbp_12m_pct,pre_2020,0,-0.1601511015571114,-0.15670794385852166,0.8571428571428571,1.0,18,48,0
raw_annual_rates,headline_12m_pct,tw_epi_integrated_circuits_gbp_12m_pct,pre_2020,1,-0.10555257472356488,-0.06679440486148404,0.8571428571428571,1.0,18,47,0
raw_annual_rates,headline_12m_pct,tw_epi_integrated_circuits_gbp_12m_pct,pre_2020,2,-0.052446106378914364,-0.006948677012400789,0.8571428571428571,1.0,18,46,0
raw_annual_rates,headline_12m_pct,tw_epi_integrated_circuits_gbp_12m_pct,pre_2020,3,0.002197610051939219,0.04555579514087415,0.8571428571428571,1.0,18,45,0
raw_annual_rates,headline_12m_pct,tw_epi_integrated_circuits_gbp_12m_pct,pre_2020,4,0.06648264313967041,0.12364262216219023,0.7142857142857143,1.0,18,44,0
raw_annual_rates,headline_12m_pct,tw_epi_integrated_circuits_gbp_12m_pct,pre_2020,5,0.11170128006235537,0.15605448480449635,0.5714285714285714,1.0,18,43,0
raw_annual_rates,headline_12m_pct,tw_epi_integrated_circuits_gbp_12m_pct,pre_2020,6,0.09752248303084443,0.09971796956505133,0.5714285714285714,1.0,18,42,0
raw_annual_rates,headline_12m_pct,tw_epi_integrated_circuits_gbp_12m_pct,pre_2020,7,0.14889685138004682,0.15699236056331706,0.42857142857142855,1.0,18,41,0
raw_annual_rates,headline_12m_pct,tw_epi_integrated_circuits_gbp_12m_pct,pre_2020,8,0.06981547837922832,0.07087664093578801,0.7142857142857143,1.0,18,40,0
raw_annual_rates,headline_12m_pct,tw_epi_integrated_circuits_gbp_12m_pct,pre_2020,9,0.03774689907484345,0.007003846850376315,0.8571428571428571,1.0,18,39,0
raw_annual_rates,headline_12m_pct,tw_epi_integrated_circuits_gbp_12m_pct,pre_2020,10,0.05223664437163914,0.032853791653884815,0.5714285714285714,1.0,18,38,0
raw_annual_rates,headline_12m_pct,tw_epi_integrated_circuits_gbp_12m_pct,pre_2020,11,0.03990788942498104,0.013460232895122017,0.8571428571428571,1.0,18,37,0
raw_annual_rates,headline_12m_pct,tw_epi_integrated_circuits_gbp_12m_pct,pre_2020,12,0.018830381602034606,-0.020470771271723757,0.8571428571428571,1.0,18,36,0
raw_annual_rates,headline_12m_pct,tw_epi_integrated_circuits_gbp_12m_pct,pre_2020,13,0.018274867098272685,-0.09823764101267467,0.5714285714285714,1.0,18,35,0
raw_annual_rates,headline_12m_pct,tw_epi_integrated_circuits_gbp_12m_pct,pre_2020,14,0.05694652402926067,-0.03428978084369321,0.7142857142857143,1.0,18,34,0
raw_annual_rates,headline_12m_pct,tw_epi_integrated_circuits_gbp_12m_pct,pre_2020,15,0.07374658639167828,0.009891245751206722,1.0,1.0,18,33,0
raw_annual_rates,headline_12m_pct,tw_epi_integrated_circuits_gbp_12m_pct,pre_2020,16,0.07560551162523764,0.023162885100338215,1.0,1.0,18,32,0
raw_annual_rates,headline_12m_pct,tw_epi_integrated_circuits_gbp_12m_pct,pre_2020,17,0.11165432563692214,0.07562976826453127,1.0,1.0,18,31,0
raw_annual_rates,headline_12m_pct,tw_epi_integrated_circuits_gbp_12m_pct,pre_2020,18,0.18429552549146863,0.18429552549146863,1.0,1.0,18,30,0
raw_annual_rates,headline_12m_pct,tw_epi_integrated_circuits_gbp_12m_pct,pandemic_2020_2022,0,-0.2719799182896745,-0.48444012645455115,0.5,1.0,18,36,0
raw_annual_rates,headline_12m_pct,tw_epi_integrated_circuits_gbp_12m_pct,pandemic_2020_2022,1,-0.2879298262939709,-0.04884856850258317,1.0,1.0,18,35,0
raw_annual_rates,headline_12m_pct,tw_epi_integrated_circuits_gbp_12m_pct,pandemic_2020_2022,2,-0.3908993585752023,0.04765944213556183,1.0,1.0,18,34,0
raw_annual_rates,headline_12m_pct,tw_epi_integrated_circuits_gbp_12m_pct,pandemic_2020_2022,3,-0.4447128311578238,0.11547794790799085,1.0,1.0,18,33,0
raw_annual_rates,headline_12m_pct,tw_epi_integrated_circuits_gbp_12m_pct,pandemic_2020_2022,4,-0.4727202282269412,0.01599568212715443,1.0,1.0,18,32,0
raw_annual_rates,headline_12m_pct,tw_epi_integrated_circuits_gbp_12m_pct,pandemic_2020_2022,5,-0.5952493253015386,-0.15828256479605368,1.0,1.0,18,31,0
raw_annual_rates,headline_12m_pct,tw_epi_integrated_circuits_gbp_12m_pct,pandemic_2020_2022,6,-0.6347456490012613,-0.161053658527245,0.5,1.0,18,30,0
raw_annual_rates,headline_12m_pct,tw_epi_integrated_circuits_gbp_12m_pct,pandemic_2020_2022,7,-0.568309923945991,0.1422571172583231,0.5,1.0,18,29,0
raw_annual_rates,headline_12m_pct,tw_epi_integrated_circuits_gbp_12m_pct,pandemic_2020_2022,8,-0.4320035380449354,0.4966550230536204,0.5,1.0,18,28,0
raw_annual_rates,headline_12m_pct,tw_epi_integrated_circuits_gbp_12m_pct,pandemic_2020_2022,9,-0.3885301413373797,0.6180931667743103,0.5,0.5,18,27,0
raw_annual_rates,headline_12m_pct,tw_epi_integrated_circuits_gbp_12m_pct,pandemic_2020_2022,10,-0.2942574755430751,0.6584757606493297,0.5,0.5,18,26,0
raw_annual_rates,headline_12m_pct,tw_epi_integrated_circuits_gbp_12m_pct,pandemic_2020_2022,11,-0.28422886731889113,0.4735493614024561,0.5,1.0,18,25,0
raw_annual_rates,headline_12m_pct,tw_epi_integrated_circuits_gbp_12m_pct,pandemic_2020_2022,12,-0.3373625710529899,0.22198756208778436,0.5,1.0,18,24,0
raw_annual_rates,headline_12m_pct,tw_epi_integrated_circuits_gbp_12m_pct,pandemic_2020_2022,13,-0.3720926947629732,-0.11366728959112658,0.5,1.0,18,23,0
raw_annual_rates,headline_12m_pct,tw_epi_integrated_circuits_gbp_12m_pct,pandemic_2020_2022,14,-0.10366638072159072,0.050924272203566434,0.5,1.0,18,22,0
raw_annual_rates,headline_12m_pct,tw_epi_integrated_circuits_gbp_12m_pct,pandemic_2020_2022,15,0.038944765305562706,0.22132518599147796,1.0,1.0,18,21,0
raw_annual_rates,headline_12m_pct,tw_epi_integrated_circuits_gbp_12m_pct,pandemic_2020_2022,16,0.10821611661201726,0.249216960430594,0.5,1.0,18,20,0
raw_annual_rates,headline_12m_pct,tw_epi_integrated_circuits_gbp_12m_pct,pandemic_2020_2022,17,0.558658247655083,0.6630336641445509,0.5,0.5,18,19,0
raw_annual_rates,headline_12m_pct,tw_epi_integrated_circuits_gbp_12m_pct,pandemic_2020_2022,18,0.6841869156730879,0.6841869156730879,0.5,0.5,18,18,0
raw_annual_rates,headline_12m_pct,tw_epi_integrated_circuits_gbp_12m_pct,post_2022,0,-0.18926959505800522,-0.45554009283793634,0.5,0.5,18,43,0
raw_annual_rates,headline_12m_pct,tw_epi_integrated_circuits_gbp_12m_pct,post_2022,1,-0.10947557415862806,-0.23462523864791532,1.0,1.0,18,42,0
raw_annual_rates,headline_12m_pct,tw_epi_integrated_circuits_gbp_12m_pct,post_2022,2,-0.08098438936982853,-0.13016288770473639,0.5,1.0,18,41,0
raw_annual_rates,headline_12m_pct,tw_epi_integrated_circuits_gbp_12m_pct,post_2022,3,0.03826915943173992,0.07434056555361926,0.5,1.0,18,40,0
raw_annual_rates,headline_12m_pct,tw_epi_integrated_circuits_gbp_12m_pct,post_2022,4,0.13027252223112815,0.17400846971500375,1.0,1.0,18,39,0
raw_annual_rates,headline_12m_pct,tw_epi_integrated_circuits_gbp_12m_pct,post_2022,5,0.2686902018100433,0.32153880702989934,0.5,1.0,18,38,0
raw_annual_rates,headline_12m_pct,tw_epi_integrated_circuits_gbp_12m_pct,post_2022,6,0.36969819763668843,0.43204412451720403,0.5,1.0,18,37,0
raw_annual_rates,headline_12m_pct,tw_epi_integrated_circuits_gbp_12m_pct,post_2022,7,0.5853492079115189,0.6374408152237221,0.5,0.5,18,36,0
raw_annual_rates,headline_12m_pct,tw_epi_integrated_circuits_gbp_12m_pct,post_2022,8,0.6476142434288787,0.6783068704519161,0.5,0.5,18,35,0
raw_annual_rates,headline_12m_pct,tw_epi_integrated_circuits_gbp_12m_pct,post_2022,9,0.6802079660823219,0.7243630269840269,0.5,0.5,18,34,0
raw_annual_rates,headline_12m_pct,tw_epi_integrated_circuits_gbp_12m_pct,post_2022,10,0.5635210210567878,0.6825997270010948,0.5,0.5,18,33,0
raw_annual_rates,headline_12m_pct,tw_epi_integrated_circuits_gbp_12m_pct,post_2022,11,0.42700768870131545,0.5958453824423838,0.5,0.5,18,32,0
raw_annual_rates,headline_12m_pct,tw_epi_integrated_circuits_gbp_12m_pct,post_2022,12,0.23744260082366417,0.31820495623049705,0.5,1.0,18,31,0
raw_annual_rates,headline_12m_pct,tw_epi_integrated_circuits_gbp_12m_pct,post_2022,13,-0.016394344121518,-0.009608137236038925,1.0,1.0,18,30,0
raw_annual_rates,headline_12m_pct,tw_epi_integrated_circuits_gbp_12m_pct,post_2022,14,-0.057895929012670655,-0.07347466617975697,0.5,1.0,18,29,0
raw_annual_rates,headline_12m_pct,tw_epi_integrated_circuits_gbp_12m_pct,post_2022,15,-0.13193015279765435,-0.19602411922284457,0.5,1.0,18,28,0
raw_annual_rates,headline_12m_pct,tw_epi_integrated_circuits_gbp_12m_pct,post_2022,16,-0.15349180944249097,-0.2530603998450846,0.5,1.0,18,27,0
raw_annual_rates,headline_12m_pct,tw_epi_integrated_circuits_gbp_12m_pct,post_2022,17,-0.323576855831662,-0.35704434992338546,0.5,1.0,18,26,0
raw_annual_rates,headline_12m_pct,tw_epi_integrated_circuits_gbp_12m_pct,post_2022,18,-0.3117594736718462,-0.3117594736718462,0.5,1.0,18,25,0
raw_annual_rates,headline_12m_pct,hk_ppi_tech_gbp_12m_pct,full,0,0.03053042747368829,0.061955793799309565,0.7558139534883721,1.0,18,127,0
raw_annual_rates,headline_12m_pct,hk_ppi_tech_gbp_12m_pct,full,1,0.04774150382648359,0.07666652166759236,0.7093023255813954,1.0,18,126,0
raw_annual_rates,headline_12m_pct,hk_ppi_tech_gbp_12m_pct,full,2,0.10236744897168676,0.12095267215839536,0.46511627906976744,1.0,18,125,0
raw_annual_rates,headline_12m_pct,hk_ppi_tech_gbp_12m_pct,full,3,0.154188735374113,0.15507451127430197,0.37209302325581395,0.6976744186046512,18,124,0
raw_annual_rates,headline_12m_pct,hk_ppi_tech_gbp_12m_pct,full,4,0.20385878843331626,0.2070276329052053,0.313953488372093,0.6744186046511628,18,123,0
raw_annual_rates,headline_12m_pct,hk_ppi_tech_gbp_12m_pct,full,5,0.2311106335420819,0.2506038680560772,0.2558139534883721,0.6395348837209303,18,122,0
raw_annual_rates,headline_12m_pct,hk_ppi_tech_gbp_12m_pct,full,6,0.20373272748678922,0.22482951721634334,0.27906976744186046,0.6511627906976745,18,121,0
raw_annual_rates,headline_12m_pct,hk_ppi_tech_gbp_12m_pct,full,7,0.17401491373104563,0.20199069190259938,0.313953488372093,0.6744186046511628,18,120,0
raw_annual_rates,headline_12m_pct,hk_ppi_tech_gbp_12m_pct,full,8,0.17858197238503257,0.20478807690313452,0.32558139534883723,0.6744186046511628,18,119,0
raw_annual_rates,headline_12m_pct,hk_ppi_tech_gbp_12m_pct,full,9,0.16476929087569844,0.1935128368056855,0.3372093023255814,0.686046511627907,18,118,0
raw_annual_rates,headline_12m_pct,hk_ppi_tech_gbp_12m_pct,full,10,0.11941553696135859,0.13677349185501103,0.4069767441860465,0.7558139534883721,18,117,0
raw_annual_rates,headline_12m_pct,hk_ppi_tech_gbp_12m_pct,full,11,0.12207201109046908,0.12821479672757852,0.47674418604651164,0.9534883720930233,18,116,0
raw_annual_rates,headline_12m_pct,hk_ppi_tech_gbp_12m_pct,full,12,0.11356070706863478,0.11355843637590758,0.5581395348837209,1.0,18,115,0
raw_annual_rates,headline_12m_pct,hk_ppi_tech_gbp_12m_pct,full,13,0.10503038068188768,0.10543573549754966,0.6046511627906976,1.0,18,114,0
raw_annual_rates,headline_12m_pct,hk_ppi_tech_gbp_12m_pct,full,14,0.07001303856575818,0.06955226078158165,0.7906976744186046,1.0,18,113,0
raw_annual_rates,headline_12m_pct,hk_ppi_tech_gbp_12m_pct,full,15,0.04511463463609196,0.04236883270013313,0.872093023255814,1.0,18,112,0
raw_annual_rates,headline_12m_pct,hk_ppi_tech_gbp_12m_pct,full,16,-0.019474819158995165,-0.016695311732873093,0.9418604651162791,1.0,18,111,0
raw_annual_rates,headline_12m_pct,hk_ppi_tech_gbp_12m_pct,full,17,-0.0420405401434608,-0.042994361654265734,0.872093023255814,1.0,18,110,0
raw_annual_rates,headline_12m_pct,hk_ppi_tech_gbp_12m_pct,full,18,-0.02667775191481147,-0.02667775191481147,0.9302325581395349,1.0,18,109,0
raw_annual_rates,headline_12m_pct,hk_ppi_tech_gbp_12m_pct,pre_2020,0,0.34881649683141647,0.6195757865309817,0.5714285714285714,0.5714285714285714,18,48,0
raw_annual_rates,headline_12m_pct,hk_ppi_tech_gbp_12m_pct,pre_2020,1,0.35092963660646315,0.6200928004115324,0.5714285714285714,0.5714285714285714,18,47,0
raw_annual_rates,headline_12m_pct,hk_ppi_tech_gbp_12m_pct,pre_2020,2,0.40121251518841716,0.6263578527296693,0.5714285714285714,0.5714285714285714,18,46,0
raw_annual_rates,headline_12m_pct,hk_ppi_tech_gbp_12m_pct,pre_2020,3,0.3783779606108592,0.5777564080293326,0.42857142857142855,0.5714285714285714,18,45,0
raw_annual_rates,headline_12m_pct,hk_ppi_tech_gbp_12m_pct,pre_2020,4,0.3204761479421629,0.49436455185302586,0.42857142857142855,0.7142857142857143,18,44,0
raw_annual_rates,headline_12m_pct,hk_ppi_tech_gbp_12m_pct,pre_2020,5,0.3639658436079254,0.5830171184379668,0.14285714285714285,0.5714285714285714,18,43,0
raw_annual_rates,headline_12m_pct,hk_ppi_tech_gbp_12m_pct,pre_2020,6,0.2636900911754265,0.3846653330533358,0.2857142857142857,0.8571428571428571,18,42,0
raw_annual_rates,headline_12m_pct,hk_ppi_tech_gbp_12m_pct,pre_2020,7,0.17396374488018032,0.22823779313810513,0.7142857142857143,1.0,18,41,0
raw_annual_rates,headline_12m_pct,hk_ppi_tech_gbp_12m_pct,pre_2020,8,0.23485187118394557,0.2162184405300837,0.14285714285714285,1.0,18,40,0
raw_annual_rates,headline_12m_pct,hk_ppi_tech_gbp_12m_pct,pre_2020,9,0.22533582034809202,0.18095888942786223,0.2857142857142857,1.0,18,39,0
raw_annual_rates,headline_12m_pct,hk_ppi_tech_gbp_12m_pct,pre_2020,10,0.13672494368026047,0.0745607498353608,0.7142857142857143,1.0,18,38,0
raw_annual_rates,headline_12m_pct,hk_ppi_tech_gbp_12m_pct,pre_2020,11,0.08535736304485504,0.041735060965411096,0.8571428571428571,1.0,18,37,0
raw_annual_rates,headline_12m_pct,hk_ppi_tech_gbp_12m_pct,pre_2020,12,0.07063091880803857,-0.005749010653649901,1.0,1.0,18,36,0
raw_annual_rates,headline_12m_pct,hk_ppi_tech_gbp_12m_pct,pre_2020,13,0.06970587233746123,-0.11392143483372873,0.14285714285714285,1.0,18,35,0
raw_annual_rates,headline_12m_pct,hk_ppi_tech_gbp_12m_pct,pre_2020,14,0.12208419187014803,-0.02308761093671463,0.7142857142857143,1.0,18,34,0
raw_annual_rates,headline_12m_pct,hk_ppi_tech_gbp_12m_pct,pre_2020,15,0.1609985398184282,0.048636919596617666,1.0,1.0,18,33,0
raw_annual_rates,headline_12m_pct,hk_ppi_tech_gbp_12m_pct,pre_2020,16,0.181293821961689,0.07282761611020164,0.8571428571428571,1.0,18,32,0
raw_annual_rates,headline_12m_pct,hk_ppi_tech_gbp_12m_pct,pre_2020,17,0.14810167073276104,0.07616046983948495,1.0,1.0,18,31,0
raw_annual_rates,headline_12m_pct,hk_ppi_tech_gbp_12m_pct,pre_2020,18,0.18290836650545722,0.18290836650545722,0.8571428571428571,1.0,18,30,0
raw_annual_rates,headline_12m_pct,hk_ppi_tech_gbp_12m_pct,pandemic_2020_2022,0,-0.27685230420179074,-0.03549713589173725,1.0,1.0,18,36,0
raw_annual_rates,headline_12m_pct,hk_ppi_tech_gbp_12m_pct,pandemic_2020_2022,1,-0.28022137983362555,-0.12659668455161976,1.0,1.0,18,35,0
raw_annual_rates,headline_12m_pct,hk_ppi_tech_gbp_12m_pct,pandemic_2020_2022,2,-0.3514173955295841,-0.2325518881116258,1.0,1.0,18,34,0
raw_annual_rates,headline_12m_pct,hk_ppi_tech_gbp_12m_pct,pandemic_2020_2022,3,-0.24918420541523298,-0.24494487930535194,1.0,1.0,18,33,0
raw_annual_rates,headline_12m_pct,hk_ppi_tech_gbp_12m_pct,pandemic_2020_2022,4,0.026386480518160196,0.225775957062337,0.5,1.0,18,32,0
raw_annual_rates,headline_12m_pct,hk_ppi_tech_gbp_12m_pct,pandemic_2020_2022,5,0.16091382771021154,0.36917077913583024,1.0,1.0,18,31,0
raw_annual_rates,headline_12m_pct,hk_ppi_tech_gbp_12m_pct,pandemic_2020_2022,6,0.2938384384853604,0.416767030273682,0.5,1.0,18,30,0
raw_annual_rates,headline_12m_pct,hk_ppi_tech_gbp_12m_pct,pandemic_2020_2022,7,0.408857808543932,0.470170932971908,0.5,1.0,18,29,0
raw_annual_rates,headline_12m_pct,hk_ppi_tech_gbp_12m_pct,pandemic_2020_2022,8,0.27736777446874655,0.11503830474847233,1.0,1.0,18,28,0
raw_annual_rates,headline_12m_pct,hk_ppi_tech_gbp_12m_pct,pandemic_2020_2022,9,0.3026754540995373,0.011221045596322315,1.0,1.0,18,27,0
raw_annual_rates,headline_12m_pct,hk_ppi_tech_gbp_12m_pct,pandemic_2020_2022,10,0.38323373368339947,-0.3360367341170236,1.0,1.0,18,26,0
raw_annual_rates,headline_12m_pct,hk_ppi_tech_gbp_12m_pct,pandemic_2020_2022,11,0.501044507643899,-0.0050935285660836035,1.0,1.0,18,25,0
raw_annual_rates,headline_12m_pct,hk_ppi_tech_gbp_12m_pct,pandemic_2020_2022,12,0.523925301906819,0.12203462437990978,1.0,1.0,18,24,0
raw_annual_rates,headline_12m_pct,hk_ppi_tech_gbp_12m_pct,pandemic_2020_2022,13,0.5893717458771228,0.28591014358029265,1.0,1.0,18,23,0
raw_annual_rates,headline_12m_pct,hk_ppi_tech_gbp_12m_pct,pandemic_2020_2022,14,0.6510539173796306,0.47593586796543297,0.5,1.0,18,22,0
raw_annual_rates,headline_12m_pct,hk_ppi_tech_gbp_12m_pct,pandemic_2020_2022,15,0.6032015369679228,0.38461720587843956,0.5,1.0,18,21,0
raw_annual_rates,headline_12m_pct,hk_ppi_tech_gbp_12m_pct,pandemic_2020_2022,16,0.5319436673510218,0.21533879323617713,0.5,1.0,18,20,0
raw_annual_rates,headline_12m_pct,hk_ppi_tech_gbp_12m_pct,pandemic_2020_2022,17,0.38168495024718196,0.1515298867160566,0.5,1.0,18,19,0
raw_annual_rates,headline_12m_pct,hk_ppi_tech_gbp_12m_pct,pandemic_2020_2022,18,0.27635443387531594,0.27635443387531594,0.5,1.0,18,18,0
raw_annual_rates,headline_12m_pct,hk_ppi_tech_gbp_12m_pct,post_2022,0,0.024517585144235788,0.1961224240221117,1.0,1.0,18,43,0
raw_annual_rates,headline_12m_pct,hk_ppi_tech_gbp_12m_pct,post_2022,1,0.12711365557282983,0.34466990023384064,1.0,1.0,18,42,0
raw_annual_rates,headline_12m_pct,hk_ppi_tech_gbp_12m_pct,post_2022,2,0.3748755855633322,0.5727490315360939,0.5,1.0,18,41,0
raw_annual_rates,headline_12m_pct,hk_ppi_tech_gbp_12m_pct,post_2022,3,0.5796585650759971,0.7151979057711688,0.5,0.5,18,40,0
raw_annual_rates,headline_12m_pct,hk_ppi_tech_gbp_12m_pct,post_2022,4,0.6927079249818092,0.8260174363176829,0.5,0.5,18,39,0
raw_annual_rates,headline_12m_pct,hk_ppi_tech_gbp_12m_pct,post_2022,5,0.6372314529980527,0.8152773310086908,0.5,0.5,18,38,0
raw_annual_rates,headline_12m_pct,hk_ppi_tech_gbp_12m_pct,post_2022,6,0.5151933748508627,0.6752132714378186,0.5,0.5,18,37,0
raw_annual_rates,headline_12m_pct,hk_ppi_tech_gbp_12m_pct,post_2022,7,0.5165530266649566,0.731217529751585,0.5,0.5,18,36,0
raw_annual_rates,headline_12m_pct,hk_ppi_tech_gbp_12m_pct,post_2022,8,0.4538931378986856,0.6540307121564292,0.5,0.5,18,35,0
raw_annual_rates,headline_12m_pct,hk_ppi_tech_gbp_12m_pct,post_2022,9,0.3808865238702275,0.5813818782801462,0.5,0.5,18,34,0
raw_annual_rates,headline_12m_pct,hk_ppi_tech_gbp_12m_pct,post_2022,10,0.22178281538793024,0.29907666542916694,0.5,1.0,18,33,0
raw_annual_rates,headline_12m_pct,hk_ppi_tech_gbp_12m_pct,post_2022,11,0.2249405067861286,0.17957767844878827,0.5,1.0,18,32,0
raw_annual_rates,headline_12m_pct,hk_ppi_tech_gbp_12m_pct,post_2022,12,0.08770691387378282,-0.025511080763736378,1.0,1.0,18,31,0
raw_annual_rates,headline_12m_pct,hk_ppi_tech_gbp_12m_pct,post_2022,13,-0.06671615012631765,-0.1895444870549945,1.0,1.0,18,30,0
raw_annual_rates,headline_12m_pct,hk_ppi_tech_gbp_12m_pct,post_2022,14,-0.3225513914513003,-0.4530865443030128,0.5,1.0,18,29,0
raw_annual_rates,headline_12m_pct,hk_ppi_tech_gbp_12m_pct,post_2022,15,-0.45006515002540604,-0.5816295841431329,0.5,0.5,18,28,0
raw_annual_rates,headline_12m_pct,hk_ppi_tech_gbp_12m_pct,post_2022,16,-0.5398563882104876,-0.590431116816693,0.5,0.5,18,27,0
raw_annual_rates,headline_12m_pct,hk_ppi_tech_gbp_12m_pct,post_2022,17,-0.4406509247787406,-0.43506679386662606,0.5,1.0,18,26,0
raw_annual_rates,headline_12m_pct,hk_ppi_tech_gbp_12m_pct,post_2022,18,-0.0870453851687646,-0.0870453851687646,0.5,1.0,18,25,0
raw_annual_rates,headline_12m_pct,oecd_asia_c26_targeted_gbp_12m_pct,full,0,-0.12055304446628044,-0.20429727766888267,0.5238095238095238,1.0,18,62,0
raw_annual_rates,headline_12m_pct,oecd_asia_c26_targeted_gbp_12m_pct,full,1,-0.06628836838920857,-0.15305866440749327,0.7142857142857143,1.0,18,61,0
raw_annual_rates,headline_12m_pct,oecd_asia_c26_targeted_gbp_12m_pct,full,2,-0.060119541319232576,-0.13582046858312424,0.7142857142857143,1.0,18,60,0
raw_annual_rates,headline_12m_pct,oecd_asia_c26_targeted_gbp_12m_pct,full,3,-0.00785477456662706,-0.07345012004973749,0.8571428571428571,1.0,18,59,0
raw_annual_rates,headline_12m_pct,oecd_asia_c26_targeted_gbp_12m_pct,full,4,0.08774615976272832,0.029922648820184656,0.9523809523809523,1.0,18,58,0
raw_annual_rates,headline_12m_pct,oecd_asia_c26_targeted_gbp_12m_pct,full,5,0.15196081851334126,0.08977621432437588,0.8095238095238095,1.0,18,57,0
raw_annual_rates,headline_12m_pct,oecd_asia_c26_targeted_gbp_12m_pct,full,6,0.22540857078056173,0.17276671008469582,0.5238095238095238,1.0,18,56,0
raw_annual_rates,headline_12m_pct,oecd_asia_c26_targeted_gbp_12m_pct,full,7,0.3624208415096635,0.32602937688705386,0.42857142857142855,0.9523809523809523,18,55,0
raw_annual_rates,headline_12m_pct,oecd_asia_c26_targeted_gbp_12m_pct,full,8,0.46377026658735687,0.43767199945282825,0.23809523809523808,0.7142857142857143,18,54,0
raw_annual_rates,headline_12m_pct,oecd_asia_c26_targeted_gbp_12m_pct,full,9,0.49203960565829735,0.47466501545687995,0.09523809523809523,0.6190476190476191,18,53,0
raw_annual_rates,headline_12m_pct,oecd_asia_c26_targeted_gbp_12m_pct,full,10,0.552744617114844,0.5658644718080345,0.047619047619047616,0.23809523809523808,18,52,0
raw_annual_rates,headline_12m_pct,oecd_asia_c26_targeted_gbp_12m_pct,full,11,0.5596580408999651,0.5992416498578254,0.047619047619047616,0.14285714285714285,18,51,0
raw_annual_rates,headline_12m_pct,oecd_asia_c26_targeted_gbp_12m_pct,full,12,0.5419958342898069,0.6001921862212753,0.047619047619047616,0.14285714285714285,18,50,0
raw_annual_rates,headline_12m_pct,oecd_asia_c26_targeted_gbp_12m_pct,full,13,0.5070737402859058,0.5401772912613922,0.047619047619047616,0.3333333333333333,18,49,0
raw_annual_rates,headline_12m_pct,oecd_asia_c26_targeted_gbp_12m_pct,full,14,0.5197481418339586,0.542709200975663,0.047619047619047616,0.3333333333333333,18,48,0
raw_annual_rates,headline_12m_pct,oecd_asia_c26_targeted_gbp_12m_pct,full,15,0.48937939550309695,0.5006471635404516,0.19047619047619047,0.38095238095238093,18,47,0
raw_annual_rates,headline_12m_pct,oecd_asia_c26_targeted_gbp_12m_pct,full,16,0.42457917459703876,0.42987942696648684,0.3333333333333333,0.7142857142857143,18,46,0
raw_annual_rates,headline_12m_pct,oecd_asia_c26_targeted_gbp_12m_pct,full,17,0.3738913039387787,0.37384046757276396,0.38095238095238093,0.8095238095238095,18,45,0
raw_annual_rates,headline_12m_pct,oecd_asia_c26_targeted_gbp_12m_pct,full,18,0.3263111668485386,0.3263111668485386,0.42857142857142855,0.9523809523809523,18,44,0
raw_annual_rates,headline_12m_pct,oecd_asia_c26_targeted_gbp_12m_pct,post_2022,0,-0.43366681707448307,-0.6116026517023843,0.5,0.5,18,40,0
raw_annual_rates,headline_12m_pct,oecd_asia_c26_targeted_gbp_12m_pct,post_2022,1,-0.3104185559320688,-0.38180005000097156,0.5,1.0,18,39,0
raw_annual_rates,headline_12m_pct,oecd_asia_c26_targeted_gbp_12m_pct,post_2022,2,-0.19165516796763687,-0.11361557014324886,0.5,1.0,18,38,0
raw_annual_rates,headline_12m_pct,oecd_asia_c26_targeted_gbp_12m_pct,post_2022,3,-0.0422000384797643,0.052370600603564,1.0,1.0,18,37,0
raw_annual_rates,headline_12m_pct,oecd_asia_c26_targeted_gbp_12m_pct,post_2022,4,0.11643892333369876,0.23172653557431228,1.0,1.0,18,36,0
raw_annual_rates,headline_12m_pct,oecd_asia_c26_targeted_gbp_12m_pct,post_2022,5,0.2848218658123003,0.35044218468280713,1.0,1.0,18,35,0
raw_annual_rates,headline_12m_pct,oecd_asia_c26_targeted_gbp_12m_pct,post_2022,6,0.35685132444680445,0.40854019286456017,0.5,1.0,18,34,0
raw_annual_rates,headline_12m_pct,oecd_asia_c26_targeted_gbp_12m_pct,post_2022,7,0.4997934952715975,0.5777184345558826,0.5,0.5,18,33,0
raw_annual_rates,headline_12m_pct,oecd_asia_c26_targeted_gbp_12m_pct,post_2022,8,0.5691754466395742,0.6329657097803302,0.5,0.5,18,32,0
raw_annual_rates,headline_12m_pct,oecd_asia_c26_targeted_gbp_12m_pct,post_2022,9,0.5140175447232512,0.5663907015508162,0.5,0.5,18,31,0
raw_annual_rates,headline_12m_pct,oecd_asia_c26_targeted_gbp_12m_pct,post_2022,10,0.505955535247619,0.6402725012055279,0.5,0.5,18,30,0
raw_annual_rates,headline_12m_pct,oecd_asia_c26_targeted_gbp_12m_pct,post_2022,11,0.37989142709393103,0.5938090672156114,0.5,0.5,18,29,0
raw_annual_rates,headline_12m_pct,oecd_asia_c26_targeted_gbp_12m_pct,post_2022,12,0.17641911692484136,0.41465490319315407,0.5,1.0,18,28,0
raw_annual_rates,headline_12m_pct,oecd_asia_c26_targeted_gbp_12m_pct,post_2022,13,-0.06414851146372409,-0.007448456953567524,1.0,1.0,18,27,0
raw_annual_rates,headline_12m_pct,oecd_asia_c26_targeted_gbp_12m_pct,post_2022,14,-0.22445968693326376,-0.2825077979332005,0.5,1.0,18,26,0
raw_annual_rates,headline_12m_pct,oecd_asia_c26_targeted_gbp_12m_pct,post_2022,15,-0.33572880940820315,-0.4775771687010641,1.0,1.0,18,25,0
raw_annual_rates,headline_12m_pct,oecd_asia_c26_targeted_gbp_12m_pct,post_2022,16,-0.3605026436727672,-0.5102788974888463,1.0,1.0,18,24,0
raw_annual_rates,headline_12m_pct,oecd_asia_c26_targeted_gbp_12m_pct,post_2022,17,-0.36264001917288363,-0.5222631199381098,0.5,1.0,18,23,0
raw_annual_rates,headline_12m_pct,oecd_asia_c26_targeted_gbp_12m_pct,post_2022,18,-0.3224892997588924,-0.3224892997588924,0.5,1.0,18,22,0
raw_annual_rates,headline_12m_pct,oecd_asia_c26_bls_gbp_12m_pct,full,0,-0.21033787095625017,-0.2927506637230006,0.3058823529411765,0.6352941176470588,18,126,0
raw_annual_rates,headline_12m_pct,oecd_asia_c26_bls_gbp_12m_pct,full,1,-0.16396155300071394,-0.24384914810550082,0.38823529411764707,0.7411764705882353,18,125,0
raw_annual_rates,headline_12m_pct,oecd_asia_c26_bls_gbp_12m_pct,full,2,-0.13430813468756117,-0.20365079393583027,0.4235294117647059,0.9294117647058824,18,124,0
raw_annual_rates,headline_12m_pct,oecd_asia_c26_bls_gbp_12m_pct,full,3,-0.08538085733682985,-0.14667702220904236,0.611764705882353,1.0,18,123,0
raw_annual_rates,headline_12m_pct,oecd_asia_c26_bls_gbp_12m_pct,full,4,-0.03720343622414646,-0.09063453395390654,0.7176470588235294,1.0,18,122,0
raw_annual_rates,headline_12m_pct,oecd_asia_c26_bls_gbp_12m_pct,full,5,0.01588317443305062,-0.03529968968269644,0.8941176470588236,1.0,18,121,0
raw_annual_rates,headline_12m_pct,oecd_asia_c26_bls_gbp_12m_pct,full,6,0.06081512449774889,0.009554310124286284,0.9764705882352941,1.0,18,120,0
raw_annual_rates,headline_12m_pct,oecd_asia_c26_bls_gbp_12m_pct,full,7,0.16796091233868649,0.12598489752868058,0.6352941176470588,1.0,18,119,0
raw_annual_rates,headline_12m_pct,oecd_asia_c26_bls_gbp_12m_pct,full,8,0.21227057938928667,0.1774373986047583,0.47058823529411764,1.0,18,118,0
raw_annual_rates,headline_12m_pct,oecd_asia_c26_bls_gbp_12m_pct,full,9,0.21912164747840912,0.19552082091324535,0.4235294117647059,1.0,18,117,0
raw_annual_rates,headline_12m_pct,oecd_asia_c26_bls_gbp_12m_pct,full,10,0.2379870988918987,0.2288260520831084,0.3058823529411765,0.8823529411764706,18,116,0
raw_annual_rates,headline_12m_pct,oecd_asia_c26_bls_gbp_12m_pct,full,11,0.2246740455539761,0.22754620576913204,0.3176470588235294,0.8823529411764706,18,115,0
raw_annual_rates,headline_12m_pct,oecd_asia_c26_bls_gbp_12m_pct,full,12,0.18619664687275655,0.18811470306482536,0.4588235294117647,1.0,18,114,0
raw_annual_rates,headline_12m_pct,oecd_asia_c26_bls_gbp_12m_pct,full,13,0.1597391550154283,0.16149920505880952,0.5764705882352941,1.0,18,113,0
raw_annual_rates,headline_12m_pct,oecd_asia_c26_bls_gbp_12m_pct,full,14,0.16463021206543046,0.1659233274095711,0.5647058823529412,1.0,18,112,0
raw_annual_rates,headline_12m_pct,oecd_asia_c26_bls_gbp_12m_pct,full,15,0.15414112466850424,0.1551614295984102,0.6235294117647059,1.0,18,111,0
raw_annual_rates,headline_12m_pct,oecd_asia_c26_bls_gbp_12m_pct,full,16,0.1376431445844693,0.13698200893697854,0.7176470588235294,1.0,18,110,0
raw_annual_rates,headline_12m_pct,oecd_asia_c26_bls_gbp_12m_pct,full,17,0.1120608269068207,0.11223761490669222,0.7529411764705882,1.0,18,109,0
raw_annual_rates,headline_12m_pct,oecd_asia_c26_bls_gbp_12m_pct,full,18,0.09106058065950522,0.09106058065950522,0.8235294117647058,1.0,18,108,0
raw_annual_rates,headline_12m_pct,oecd_asia_c26_bls_gbp_12m_pct,pre_2020,0,-0.29909948765260796,-0.3426758916036983,0.5714285714285714,0.5714285714285714,18,48,0
raw_annual_rates,headline_12m_pct,oecd_asia_c26_bls_gbp_12m_pct,pre_2020,1,-0.2620652806862419,-0.2623585533971651,0.5714285714285714,0.5714285714285714,18,47,0
raw_annual_rates,headline_12m_pct,oecd_asia_c26_bls_gbp_12m_pct,pre_2020,2,-0.20814248016971326,-0.18913740565263804,0.5714285714285714,1.0,18,46,0
raw_annual_rates,headline_12m_pct,oecd_asia_c26_bls_gbp_12m_pct,pre_2020,3,-0.1517623156363733,-0.12499977332571449,0.7142857142857143,1.0,18,45,0
raw_annual_rates,headline_12m_pct,oecd_asia_c26_bls_gbp_12m_pct,pre_2020,4,-0.09093620543707617,-0.049690753449233224,1.0,1.0,18,44,0
raw_annual_rates,headline_12m_pct,oecd_asia_c26_bls_gbp_12m_pct,pre_2020,5,-0.0419208381056387,-0.002174485224990628,1.0,1.0,18,43,0
raw_annual_rates,headline_12m_pct,oecd_asia_c26_bls_gbp_12m_pct,pre_2020,6,-0.047818528885546885,-0.040939454328589864,0.7142857142857143,1.0,18,42,0
raw_annual_rates,headline_12m_pct,oecd_asia_c26_bls_gbp_12m_pct,pre_2020,7,0.020366013635061336,0.041509581158404946,1.0,1.0,18,41,0
raw_annual_rates,headline_12m_pct,oecd_asia_c26_bls_gbp_12m_pct,pre_2020,8,-0.046268410631426775,-0.04506317070396213,0.7142857142857143,1.0,18,40,0
raw_annual_rates,headline_12m_pct,oecd_asia_c26_bls_gbp_12m_pct,pre_2020,9,-0.07594487862111915,-0.10730675796878018,0.2857142857142857,1.0,18,39,0
raw_annual_rates,headline_12m_pct,oecd_asia_c26_bls_gbp_12m_pct,pre_2020,10,-0.019248582192035554,-0.025750565876263693,0.42857142857142855,1.0,18,38,0
raw_annual_rates,headline_12m_pct,oecd_asia_c26_bls_gbp_12m_pct,pre_2020,11,-0.016886134838633805,-0.027651085574991102,0.7142857142857143,1.0,18,37,0
raw_annual_rates,headline_12m_pct,oecd_asia_c26_bls_gbp_12m_pct,pre_2020,12,-0.015338412065679425,-0.047252925138828256,0.7142857142857143,1.0,18,36,0
raw_annual_rates,headline_12m_pct,oecd_asia_c26_bls_gbp_12m_pct,pre_2020,13,0.029608876529715545,-0.08193646105021564,0.42857142857142855,1.0,18,35,0
raw_annual_rates,headline_12m_pct,oecd_asia_c26_bls_gbp_12m_pct,pre_2020,14,0.0701450829352777,-0.02129583015610077,0.8571428571428571,1.0,18,34,0
raw_annual_rates,headline_12m_pct,oecd_asia_c26_bls_gbp_12m_pct,pre_2020,15,0.09434597199088635,0.026693834700808047,0.8571428571428571,1.0,18,33,0
raw_annual_rates,headline_12m_pct,oecd_asia_c26_bls_gbp_12m_pct,pre_2020,16,0.15000524804725215,0.09526771643961737,0.2857142857142857,1.0,18,32,0
raw_annual_rates,headline_12m_pct,oecd_asia_c26_bls_gbp_12m_pct,pre_2020,17,0.17384226243477968,0.13485371851094752,0.2857142857142857,1.0,18,31,0
raw_annual_rates,headline_12m_pct,oecd_asia_c26_bls_gbp_12m_pct,pre_2020,18,0.2238069906645943,0.2238069906645943,0.14285714285714285,0.8571428571428571,18,30,0
raw_annual_rates,headline_12m_pct,oecd_asia_c26_bls_gbp_12m_pct,pandemic_2020_2022,0,-0.39694242632482574,-0.5114137996231464,0.5,1.0,18,36,0
raw_annual_rates,headline_12m_pct,oecd_asia_c26_bls_gbp_12m_pct,pandemic_2020_2022,1,-0.39155216846907953,-0.15467385841664366,0.5,1.0,18,35,0
raw_annual_rates,headline_12m_pct,oecd_asia_c26_bls_gbp_12m_pct,pandemic_2020_2022,2,-0.47581446773948183,-0.08807348695526411,1.0,1.0,18,34,0
raw_annual_rates,headline_12m_pct,oecd_asia_c26_bls_gbp_12m_pct,pandemic_2020_2022,3,-0.5086485362309009,-0.08244507067386043,1.0,1.0,18,33,0
raw_annual_rates,headline_12m_pct,oecd_asia_c26_bls_gbp_12m_pct,pandemic_2020_2022,4,-0.5206028963167025,-0.15935908210683947,1.0,1.0,18,32,0
raw_annual_rates,headline_12m_pct,oecd_asia_c26_bls_gbp_12m_pct,pandemic_2020_2022,5,-0.5875995030829146,-0.2027190926758243,1.0,1.0,18,31,0
raw_annual_rates,headline_12m_pct,oecd_asia_c26_bls_gbp_12m_pct,pandemic_2020_2022,6,-0.565128119624911,-0.13480394031566864,1.0,1.0,18,30,0
raw_annual_rates,headline_12m_pct,oecd_asia_c26_bls_gbp_12m_pct,pandemic_2020_2022,7,-0.4038792557876172,0.23191373470667126,0.5,1.0,18,29,0
raw_annual_rates,headline_12m_pct,oecd_asia_c26_bls_gbp_12m_pct,pandemic_2020_2022,8,-0.14673420398537168,0.5792058158106621,0.5,0.5,18,28,0
raw_annual_rates,headline_12m_pct,oecd_asia_c26_bls_gbp_12m_pct,pandemic_2020_2022,9,-0.043224033077703485,0.710247497982347,0.5,0.5,18,27,0
raw_annual_rates,headline_12m_pct,oecd_asia_c26_bls_gbp_12m_pct,pandemic_2020_2022,10,0.10243220172009536,0.6460769313643798,0.5,0.5,18,26,0
raw_annual_rates,headline_12m_pct,oecd_asia_c26_bls_gbp_12m_pct,pandemic_2020_2022,11,0.10945846904995574,0.49371624431249345,0.5,1.0,18,25,0
raw_annual_rates,headline_12m_pct,oecd_asia_c26_bls_gbp_12m_pct,pandemic_2020_2022,12,0.006234125355311996,0.2627573395232797,0.5,1.0,18,24,0
raw_annual_rates,headline_12m_pct,oecd_asia_c26_bls_gbp_12m_pct,pandemic_2020_2022,13,0.0012503424537594972,0.049476563330186955,0.5,1.0,18,23,0
raw_annual_rates,headline_12m_pct,oecd_asia_c26_bls_gbp_12m_pct,pandemic_2020_2022,14,0.19305955778228315,0.20360916203985405,0.5,1.0,18,22,0
raw_annual_rates,headline_12m_pct,oecd_asia_c26_bls_gbp_12m_pct,pandemic_2020_2022,15,0.26276272172725657,0.3134674352753853,0.5,1.0,18,21,0
raw_annual_rates,headline_12m_pct,oecd_asia_c26_bls_gbp_12m_pct,pandemic_2020_2022,16,0.3567518707190676,0.39106660688001327,0.5,1.0,18,20,0
raw_annual_rates,headline_12m_pct,oecd_asia_c26_bls_gbp_12m_pct,pandemic_2020_2022,17,0.6592792269071068,0.682335364101663,0.5,0.5,18,19,0
raw_annual_rates,headline_12m_pct,oecd_asia_c26_bls_gbp_12m_pct,pandemic_2020_2022,18,0.6763538433456835,0.6763538433456835,0.5,0.5,18,18,0
raw_annual_rates,headline_12m_pct,oecd_asia_c26_bls_gbp_12m_pct,post_2022,0,-0.0020652041522899694,-0.2231550846886283,0.5,1.0,18,42,0
raw_annual_rates,headline_12m_pct,oecd_asia_c26_bls_gbp_12m_pct,post_2022,1,0.15133153696692248,0.005951253490612439,1.0,1.0,18,41,0
raw_annual_rates,headline_12m_pct,oecd_asia_c26_bls_gbp_12m_pct,post_2022,2,0.23433739056167474,0.20642807299604227,1.0,1.0,18,40,0
raw_annual_rates,headline_12m_pct,oecd_asia_c26_bls_gbp_12m_pct,post_2022,3,0.3461558718149198,0.3489747259996946,1.0,1.0,18,39,0
raw_annual_rates,headline_12m_pct,oecd_asia_c26_bls_gbp_12m_pct,post_2022,4,0.4270086325835285,0.4858493849680972,0.5,0.5,18,38,0
raw_annual_rates,headline_12m_pct,oecd_asia_c26_bls_gbp_12m_pct,post_2022,5,0.505591439725431,0.5576362759639929,0.5,0.5,18,37,0
raw_annual_rates,headline_12m_pct,oecd_asia_c26_bls_gbp_12m_pct,post_2022,6,0.5839471376251285,0.634093219102821,0.5,0.5,18,36,0
raw_annual_rates,headline_12m_pct,oecd_asia_c26_bls_gbp_12m_pct,post_2022,7,0.7337194005339894,0.8077009804301841,0.5,0.5,18,35,0
raw_annual_rates,headline_12m_pct,oecd_asia_c26_bls_gbp_12m_pct,post_2022,8,0.719023364437239,0.8019018509967326,0.5,0.5,18,34,0
raw_annual_rates,headline_12m_pct,oecd_asia_c26_bls_gbp_12m_pct,post_2022,9,0.6171397440074595,0.7535127966276775,0.5,0.5,18,33,0
raw_annual_rates,headline_12m_pct,oecd_asia_c26_bls_gbp_12m_pct,post_2022,10,0.41273166957538143,0.6305607387086545,0.5,0.5,18,32,0
raw_annual_rates,headline_12m_pct,oecd_asia_c26_bls_gbp_12m_pct,post_2022,11,0.24431178091069475,0.5064456079737786,0.5,0.5,18,31,0
raw_annual_rates,headline_12m_pct,oecd_asia_c26_bls_gbp_12m_pct,post_2022,12,0.08295512262718947,0.2387625801159484,0.5,1.0,18,30,0
raw_annual_rates,headline_12m_pct,oecd_asia_c26_bls_gbp_12m_pct,post_2022,13,-0.12702031616495585,-0.07207599643609375,1.0,1.0,18,29,0
raw_annual_rates,headline_12m_pct,oecd_asia_c26_bls_gbp_12m_pct,post_2022,14,-0.15601248824757014,-0.1681565155974513,0.5,1.0,18,28,0
raw_annual_rates,headline_12m_pct,oecd_asia_c26_bls_gbp_12m_pct,post_2022,15,-0.26750493551600574,-0.3368439919446815,0.5,1.0,18,27,0
raw_annual_rates,headline_12m_pct,oecd_asia_c26_bls_gbp_12m_pct,post_2022,16,-0.3716443142971699,-0.49069766307431173,0.5,0.5,18,26,0
raw_annual_rates,headline_12m_pct,oecd_asia_c26_bls_gbp_12m_pct,post_2022,17,-0.48962540122257664,-0.527670805740409,0.5,0.5,18,25,0
raw_annual_rates,headline_12m_pct,oecd_asia_c26_bls_gbp_12m_pct,post_2022,18,-0.4008667145721793,-0.4008667145721793,0.5,1.0,18,24,0
raw_annual_rates,headline_12m_pct,fred_china_computer_electronics_gbp_12m_pct,full,0,-0.20209466891623035,-0.29346291098268773,0.3176470588235294,0.6470588235294118,18,126,0
raw_annual_rates,headline_12m_pct,fred_china_computer_electronics_gbp_12m_pct,full,1,-0.15612882360347027,-0.24436253516462994,0.4,0.788235294117647,18,125,0
raw_annual_rates,headline_12m_pct,fred_china_computer_electronics_gbp_12m_pct,full,2,-0.12614326617378405,-0.2041298869355189,0.43529411764705883,0.9411764705882353,18,124,0
raw_annual_rates,headline_12m_pct,fred_china_computer_electronics_gbp_12m_pct,full,3,-0.07776311578939597,-0.147579135121657,0.5764705882352941,1.0,18,123,0
raw_annual_rates,headline_12m_pct,fred_china_computer_electronics_gbp_12m_pct,full,4,-0.03023096703369466,-0.09108731288002249,0.7176470588235294,1.0,18,122,0
raw_annual_rates,headline_12m_pct,fred_china_computer_electronics_gbp_12m_pct,full,5,0.02268715252436754,-0.034735732174714505,0.8823529411764706,1.0,18,121,0
raw_annual_rates,headline_12m_pct,fred_china_computer_electronics_gbp_12m_pct,full,6,0.06395638704802774,0.0071652895126359745,0.9764705882352941,1.0,18,120,0
raw_annual_rates,headline_12m_pct,fred_china_computer_electronics_gbp_12m_pct,full,7,0.16895413693225336,0.12246608331411314,0.6352941176470588,1.0,18,119,0
raw_annual_rates,headline_12m_pct,fred_china_computer_electronics_gbp_12m_pct,full,8,0.21264815842687423,0.17399136063048518,0.4823529411764706,1.0,18,118,0
raw_annual_rates,headline_12m_pct,fred_china_computer_electronics_gbp_12m_pct,full,9,0.2162103601324425,0.18888189012358628,0.4470588235294118,1.0,18,117,0
raw_annual_rates,headline_12m_pct,fred_china_computer_electronics_gbp_12m_pct,full,10,0.2319083362827439,0.21914422114004656,0.35294117647058826,0.9058823529411765,18,116,0
raw_annual_rates,headline_12m_pct,fred_china_computer_electronics_gbp_12m_pct,full,11,0.21565455369062606,0.21585068880916305,0.38823529411764707,0.9176470588235294,18,115,0
raw_annual_rates,headline_12m_pct,fred_china_computer_electronics_gbp_12m_pct,full,12,0.17522604256223856,0.17588790272680233,0.5176470588235295,1.0,18,114,0
raw_annual_rates,headline_12m_pct,fred_china_computer_electronics_gbp_12m_pct,full,13,0.14500502791969958,0.14613523122256072,0.6470588235294118,1.0,18,113,0
raw_annual_rates,headline_12m_pct,fred_china_computer_electronics_gbp_12m_pct,full,14,0.1452403880957719,0.14638289999212983,0.6470588235294118,1.0,18,112,0
raw_annual_rates,headline_12m_pct,fred_china_computer_electronics_gbp_12m_pct,full,15,0.13351451141914422,0.13454676094963144,0.6823529411764706,1.0,18,111,0
raw_annual_rates,headline_12m_pct,fred_china_computer_electronics_gbp_12m_pct,full,16,0.11882481759318703,0.11815877036350415,0.7529411764705882,1.0,18,110,0
raw_annual_rates,headline_12m_pct,fred_china_computer_electronics_gbp_12m_pct,full,17,0.0936367257496588,0.09372476527612919,0.8235294117647058,1.0,18,109,0
raw_annual_rates,headline_12m_pct,fred_china_computer_electronics_gbp_12m_pct,full,18,0.0762708296843354,0.0762708296843354,0.8705882352941177,1.0,18,108,0
raw_annual_rates,headline_12m_pct,fred_china_computer_electronics_gbp_12m_pct,pre_2020,0,-0.30361949081775164,-0.3550354161484472,0.5714285714285714,0.5714285714285714,18,48,0
raw_annual_rates,headline_12m_pct,fred_china_computer_electronics_gbp_12m_pct,pre_2020,1,-0.2674680392804678,-0.27442938222075386,0.5714285714285714,0.5714285714285714,18,47,0
raw_annual_rates,headline_12m_pct,fred_china_computer_electronics_gbp_12m_pct,pre_2020,2,-0.21458579006753992,-0.20156712769412216,0.5714285714285714,0.8571428571428571,18,46,0
raw_annual_rates,headline_12m_pct,fred_china_computer_electronics_gbp_12m_pct,pre_2020,3,-0.1607652350709098,-0.13858544780657694,0.7142857142857143,1.0,18,45,0
raw_annual_rates,headline_12m_pct,fred_china_computer_electronics_gbp_12m_pct,pre_2020,4,-0.10108214759345792,-0.06204899442510212,0.8571428571428571,1.0,18,44,0
raw_annual_rates,headline_12m_pct,fred_china_computer_electronics_gbp_12m_pct,pre_2020,5,-0.05329528877134794,-0.014115768506098693,1.0,1.0,18,43,0
raw_annual_rates,headline_12m_pct,fred_china_computer_electronics_gbp_12m_pct,pre_2020,6,-0.0621572905547045,-0.05354734751496917,0.7142857142857143,1.0,18,42,0
raw_annual_rates,headline_12m_pct,fred_china_computer_electronics_gbp_12m_pct,pre_2020,7,0.0062441634421269146,0.03083943045869247,1.0,1.0,18,41,0
raw_annual_rates,headline_12m_pct,fred_china_computer_electronics_gbp_12m_pct,pre_2020,8,-0.052342429268558574,-0.04778860206819037,0.7142857142857143,1.0,18,40,0
raw_annual_rates,headline_12m_pct,fred_china_computer_electronics_gbp_12m_pct,pre_2020,9,-0.08093970359542495,-0.10932649513378877,0.2857142857142857,1.0,18,39,0
raw_annual_rates,headline_12m_pct,fred_china_computer_electronics_gbp_12m_pct,pre_2020,10,-0.026165227105030175,-0.02921272408785661,0.2857142857142857,1.0,18,38,0
raw_annual_rates,headline_12m_pct,fred_china_computer_electronics_gbp_12m_pct,pre_2020,11,-0.024204577635815416,-0.02856594686453621,0.7142857142857143,1.0,18,37,0
raw_annual_rates,headline_12m_pct,fred_china_computer_electronics_gbp_12m_pct,pre_2020,12,-0.018865688561165505,-0.04534168593313026,0.7142857142857143,1.0,18,36,0
raw_annual_rates,headline_12m_pct,fred_china_computer_electronics_gbp_12m_pct,pre_2020,13,0.02753079904274632,-0.07978653120187357,0.42857142857142855,1.0,18,35,0
raw_annual_rates,headline_12m_pct,fred_china_computer_electronics_gbp_12m_pct,pre_2020,14,0.06437317869933601,-0.024235254983806576,0.8571428571428571,1.0,18,34,0
raw_annual_rates,headline_12m_pct,fred_china_computer_electronics_gbp_12m_pct,pre_2020,15,0.09004504096759698,0.023947456667805306,0.8571428571428571,1.0,18,33,0
raw_annual_rates,headline_12m_pct,fred_china_computer_electronics_gbp_12m_pct,pre_2020,16,0.14998160323759502,0.09471690564074065,0.2857142857142857,1.0,18,32,0
raw_annual_rates,headline_12m_pct,fred_china_computer_electronics_gbp_12m_pct,pre_2020,17,0.17395807557177365,0.13477915570272128,0.2857142857142857,1.0,18,31,0
raw_annual_rates,headline_12m_pct,fred_china_computer_electronics_gbp_12m_pct,pre_2020,18,0.22683818590945165,0.22683818590945165,0.14285714285714285,0.8571428571428571,18,30,0
raw_annual_rates,headline_12m_pct,fred_china_computer_electronics_gbp_12m_pct,pandemic_2020_2022,0,-0.3955755061606038,-0.5002570328827683,0.5,1.0,18,36,0
raw_annual_rates,headline_12m_pct,fred_china_computer_electronics_gbp_12m_pct,pandemic_2020_2022,1,-0.3913165431618474,-0.13839477990982563,0.5,1.0,18,35,0
raw_annual_rates,headline_12m_pct,fred_china_computer_electronics_gbp_12m_pct,pandemic_2020_2022,2,-0.47909730361402925,-0.07635528477751223,1.0,1.0,18,34,0
raw_annual_rates,headline_12m_pct,fred_china_computer_electronics_gbp_12m_pct,pandemic_2020_2022,3,-0.5158564906081626,-0.07610384307307978,1.0,1.0,18,33,0
raw_annual_rates,headline_12m_pct,fred_china_computer_electronics_gbp_12m_pct,pandemic_2020_2022,4,-0.5320832976458431,-0.1773108940980259,1.0,1.0,18,32,0
raw_annual_rates,headline_12m_pct,fred_china_computer_electronics_gbp_12m_pct,pandemic_2020_2022,5,-0.6046057721832111,-0.23428757922150834,1.0,1.0,18,31,0
raw_annual_rates,headline_12m_pct,fred_china_computer_electronics_gbp_12m_pct,pandemic_2020_2022,6,-0.5898466447644941,-0.17696170993832494,0.5,1.0,18,30,0
raw_annual_rates,headline_12m_pct,fred_china_computer_electronics_gbp_12m_pct,pandemic_2020_2022,7,-0.4284306104216694,0.19182849981175382,0.5,1.0,18,29,0
raw_annual_rates,headline_12m_pct,fred_china_computer_electronics_gbp_12m_pct,pandemic_2020_2022,8,-0.15968673753145154,0.5603366126198716,0.5,0.5,18,28,0
raw_annual_rates,headline_12m_pct,fred_china_computer_electronics_gbp_12m_pct,pandemic_2020_2022,9,-0.052673248145865416,0.703947628952756,0.5,0.5,18,27,0
raw_annual_rates,headline_12m_pct,fred_china_computer_electronics_gbp_12m_pct,pandemic_2020_2022,10,0.09895215759296366,0.6559201505385818,0.5,0.5,18,26,0
raw_annual_rates,headline_12m_pct,fred_china_computer_electronics_gbp_12m_pct,pandemic_2020_2022,11,0.10588288800053025,0.5000621676491843,0.5,1.0,18,25,0
raw_annual_rates,headline_12m_pct,fred_china_computer_electronics_gbp_12m_pct,pandemic_2020_2022,12,-0.005627622338025745,0.2668634859044646,0.5,1.0,18,24,0
raw_annual_rates,headline_12m_pct,fred_china_computer_electronics_gbp_12m_pct,pandemic_2020_2022,13,-0.02579296272937498,0.035680659460305,0.5,1.0,18,23,0
raw_annual_rates,headline_12m_pct,fred_china_computer_electronics_gbp_12m_pct,pandemic_2020_2022,14,0.16761949507411958,0.1906518287123359,0.5,1.0,18,22,0
raw_annual_rates,headline_12m_pct,fred_china_computer_electronics_gbp_12m_pct,pandemic_2020_2022,15,0.23307893149947517,0.300874081903176,0.5,1.0,18,21,0
raw_annual_rates,headline_12m_pct,fred_china_computer_electronics_gbp_12m_pct,pandemic_2020_2022,16,0.33204224551983413,0.3871524531249475,0.5,1.0,18,20,0
raw_annual_rates,headline_12m_pct,fred_china_computer_electronics_gbp_12m_pct,pandemic_2020_2022,17,0.651942835872745,0.6844462911542701,0.5,0.5,18,19,0
raw_annual_rates,headline_12m_pct,fred_china_computer_electronics_gbp_12m_pct,pandemic_2020_2022,18,0.6666961726941484,0.6666961726941484,0.5,0.5,18,18,0
raw_annual_rates,headline_12m_pct,fred_china_computer_electronics_gbp_12m_pct,post_2022,0,0.025467289724362747,-0.21965635931880773,0.5,1.0,18,42,0
raw_annual_rates,headline_12m_pct,fred_china_computer_electronics_gbp_12m_pct,post_2022,1,0.18029196529238184,0.01077407446464259,1.0,1.0,18,41,0
raw_annual_rates,headline_12m_pct,fred_china_computer_electronics_gbp_12m_pct,post_2022,2,0.25958812061074626,0.20921328095095443,1.0,1.0,18,40,0
raw_annual_rates,headline_12m_pct,fred_china_computer_electronics_gbp_12m_pct,post_2022,3,0.36403722437503083,0.3526212602116366,1.0,1.0,18,39,0
raw_annual_rates,headline_12m_pct,fred_china_computer_electronics_gbp_12m_pct,post_2022,4,0.4370053310604768,0.4903459168676988,0.5,0.5,18,38,0
raw_annual_rates,headline_12m_pct,fred_china_computer_electronics_gbp_12m_pct,post_2022,5,0.5096043321518483,0.5689275966164816,0.5,0.5,18,37,0
raw_annual_rates,headline_12m_pct,fred_china_computer_electronics_gbp_12m_pct,post_2022,6,0.5816822987904419,0.6460101650878824,0.5,0.5,18,36,0
raw_annual_rates,headline_12m_pct,fred_china_computer_electronics_gbp_12m_pct,post_2022,7,0.7242387628752363,0.8151524700636192,0.5,0.5,18,35,0
raw_annual_rates,headline_12m_pct,fred_china_computer_electronics_gbp_12m_pct,post_2022,8,0.7059216172489863,0.8065132058476642,0.5,0.5,18,34,0
raw_annual_rates,headline_12m_pct,fred_china_computer_electronics_gbp_12m_pct,post_2022,9,0.6025021259499401,0.7540581424552335,0.5,0.5,18,33,0
raw_annual_rates,headline_12m_pct,fred_china_computer_electronics_gbp_12m_pct,post_2022,10,0.39993604512437414,0.6260249010142368,0.5,0.5,18,32,0
raw_annual_rates,headline_12m_pct,fred_china_computer_electronics_gbp_12m_pct,post_2022,11,0.23113469620424415,0.5017450370513344,0.5,0.5,18,31,0
raw_annual_rates,headline_12m_pct,fred_china_computer_electronics_gbp_12m_pct,post_2022,12,0.06542408627340879,0.24121184350526984,0.5,1.0,18,30,0
raw_annual_rates,headline_12m_pct,fred_china_computer_electronics_gbp_12m_pct,post_2022,13,-0.1503571653271239,-0.0693199196403634,1.0,1.0,18,29,0
raw_annual_rates,headline_12m_pct,fred_china_computer_electronics_gbp_12m_pct,post_2022,14,-0.18727168339688877,-0.17490527337713524,0.5,1.0,18,28,0
raw_annual_rates,headline_12m_pct,fred_china_computer_electronics_gbp_12m_pct,post_2022,15,-0.3009146686179231,-0.349029688014376,0.5,1.0,18,27,0
raw_annual_rates,headline_12m_pct,fred_china_computer_electronics_gbp_12m_pct,post_2022,16,-0.38988051710132293,-0.49256963963964373,0.5,0.5,18,26,0
raw_annual_rates,headline_12m_pct,fred_china_computer_electronics_gbp_12m_pct,post_2022,17,-0.5015498479775337,-0.5341473657429988,0.5,0.5,18,25,0
raw_annual_rates,headline_12m_pct,fred_china_computer_electronics_gbp_12m_pct,post_2022,18,-0.41026782344654456,-0.41026782344654456,0.5,0.5,18,24,0
raw_annual_rates,headline_12m_pct,fred_japan_computer_electronics_gbp_12m_pct,full,0,-0.26407747395030856,-0.3395898178991189,0.17647058823529413,0.4470588235294118,18,126,0
raw_annual_rates,headline_12m_pct,fred_japan_computer_electronics_gbp_12m_pct,full,1,-0.22287860392321718,-0.29181574563121593,0.2823529411764706,0.611764705882353,18,125,0
raw_annual_rates,headline_12m_pct,fred_japan_computer_electronics_gbp_12m_pct,full,2,-0.18644821287094934,-0.242241835162111,0.4117647058823529,0.9176470588235294,18,124,0
raw_annual_rates,headline_12m_pct,fred_japan_computer_electronics_gbp_12m_pct,full,3,-0.13108913766322686,-0.17745607634119312,0.5882352941176471,1.0,18,123,0
raw_annual_rates,headline_12m_pct,fred_japan_computer_electronics_gbp_12m_pct,full,4,-0.0844873352923409,-0.12188081980611339,0.6941176470588235,1.0,18,122,0
raw_annual_rates,headline_12m_pct,fred_japan_computer_electronics_gbp_12m_pct,full,5,-0.030440133568108745,-0.06422893892502975,0.8235294117647058,1.0,18,121,0
raw_annual_rates,headline_12m_pct,fred_japan_computer_electronics_gbp_12m_pct,full,6,0.017184384033345525,-0.015541174212902643,0.9411764705882353,1.0,18,120,0
raw_annual_rates,headline_12m_pct,fred_japan_computer_electronics_gbp_12m_pct,full,7,0.12302135225565061,0.09824082435682269,0.7176470588235294,1.0,18,119,0
raw_annual_rates,headline_12m_pct,fred_japan_computer_electronics_gbp_12m_pct,full,8,0.1670826604568539,0.1472803883793315,0.6352941176470588,1.0,18,118,0
raw_annual_rates,headline_12m_pct,fred_japan_computer_electronics_gbp_12m_pct,full,9,0.18528520250442304,0.17569529823675697,0.5647058823529412,1.0,18,117,0
raw_annual_rates,headline_12m_pct,fred_japan_computer_electronics_gbp_12m_pct,full,10,0.21384292696976254,0.2158743798694868,0.36470588235294116,1.0,18,116,0
raw_annual_rates,headline_12m_pct,fred_japan_computer_electronics_gbp_12m_pct,full,11,0.21860253019311723,0.2298940389577578,0.32941176470588235,0.9294117647058824,18,115,0
raw_annual_rates,headline_12m_pct,fred_japan_computer_electronics_gbp_12m_pct,full,12,0.18580473918916277,0.19172563345458718,0.5294117647058824,1.0,18,114,0
raw_annual_rates,headline_12m_pct,fred_japan_computer_electronics_gbp_12m_pct,full,13,0.17232006041851045,0.17594031957083373,0.5764705882352941,1.0,18,113,0
raw_annual_rates,headline_12m_pct,fred_japan_computer_electronics_gbp_12m_pct,full,14,0.18298696934992736,0.18465466532469435,0.5529411764705883,1.0,18,112,0
raw_annual_rates,headline_12m_pct,fred_japan_computer_electronics_gbp_12m_pct,full,15,0.16886833438667684,0.16992112602816384,0.611764705882353,1.0,18,111,0
raw_annual_rates,headline_12m_pct,fred_japan_computer_electronics_gbp_12m_pct,full,16,0.16292856153336985,0.16211730432353028,0.6823529411764706,1.0,18,110,0
raw_annual_rates,headline_12m_pct,fred_japan_computer_electronics_gbp_12m_pct,full,17,0.14285235776808658,0.14343623289220642,0.7176470588235294,1.0,18,109,0
raw_annual_rates,headline_12m_pct,fred_japan_computer_electronics_gbp_12m_pct,full,18,0.130249098564297,0.130249098564297,0.7529411764705882,1.0,18,108,0
raw_annual_rates,headline_12m_pct,fred_japan_computer_electronics_gbp_12m_pct,pre_2020,0,-0.3082470855026509,-0.3804441147066754,0.5714285714285714,0.5714285714285714,18,48,0
raw_annual_rates,headline_12m_pct,fred_japan_computer_electronics_gbp_12m_pct,pre_2020,1,-0.2750606271738626,-0.3052896884864923,0.5714285714285714,0.7142857142857143,18,47,0
raw_annual_rates,headline_12m_pct,fred_japan_computer_electronics_gbp_12m_pct,pre_2020,2,-0.22069716547851626,-0.22377342214373835,0.5714285714285714,0.7142857142857143,18,46,0
raw_annual_rates,headline_12m_pct,fred_japan_computer_electronics_gbp_12m_pct,pre_2020,3,-0.16112021353802747,-0.15084047654591168,0.5714285714285714,1.0,18,45,0
raw_annual_rates,headline_12m_pct,fred_japan_computer_electronics_gbp_12m_pct,pre_2020,4,-0.11001616091596744,-0.08215363926285926,0.7142857142857143,1.0,18,44,0
raw_annual_rates,headline_12m_pct,fred_japan_computer_electronics_gbp_12m_pct,pre_2020,5,-0.05899063330405829,-0.02619361264659514,0.8571428571428571,1.0,18,43,0
raw_annual_rates,headline_12m_pct,fred_japan_computer_electronics_gbp_12m_pct,pre_2020,6,-0.04590598302552918,-0.02766700320330671,1.0,1.0,18,42,0
raw_annual_rates,headline_12m_pct,fred_japan_computer_electronics_gbp_12m_pct,pre_2020,7,0.026593883273808443,0.05997631859915994,0.8571428571428571,1.0,18,41,0
raw_annual_rates,headline_12m_pct,fred_japan_computer_electronics_gbp_12m_pct,pre_2020,8,-0.05795688517443684,-0.035530519124581585,0.7142857142857143,1.0,18,40,0
raw_annual_rates,headline_12m_pct,fred_japan_computer_electronics_gbp_12m_pct,pre_2020,9,-0.08354982194044794,-0.0895527899433842,0.2857142857142857,1.0,18,39,0
raw_annual_rates,headline_12m_pct,fred_japan_computer_electronics_gbp_12m_pct,pre_2020,10,-0.022046448169637287,-0.005380934617149733,1.0,1.0,18,38,0
raw_annual_rates,headline_12m_pct,fred_japan_computer_electronics_gbp_12m_pct,pre_2020,11,-0.014956102672058432,-0.009884781368297896,1.0,1.0,18,37,0
raw_annual_rates,headline_12m_pct,fred_japan_computer_electronics_gbp_12m_pct,pre_2020,12,-0.03745524529363318,-0.04715808215118033,0.8571428571428571,1.0,18,36,0
raw_annual_rates,headline_12m_pct,fred_japan_computer_electronics_gbp_12m_pct,pre_2020,13,-0.0013175529860387828,-0.07191546393768797,0.5714285714285714,1.0,18,35,0
raw_annual_rates,headline_12m_pct,fred_japan_computer_electronics_gbp_12m_pct,pre_2020,14,0.03683246197252146,-0.02229104892795807,0.7142857142857143,1.0,18,34,0
raw_annual_rates,headline_12m_pct,fred_japan_computer_electronics_gbp_12m_pct,pre_2020,15,0.05543420036620905,0.011366839695435352,1.0,1.0,18,33,0
raw_annual_rates,headline_12m_pct,fred_japan_computer_electronics_gbp_12m_pct,pre_2020,16,0.11071437858512125,0.07833562834645061,0.14285714285714285,1.0,18,32,0
raw_annual_rates,headline_12m_pct,fred_japan_computer_electronics_gbp_12m_pct,pre_2020,17,0.1423201187616699,0.1162391807305213,0.2857142857142857,1.0,18,31,0
raw_annual_rates,headline_12m_pct,fred_japan_computer_electronics_gbp_12m_pct,pre_2020,18,0.1816115832712079,0.1816115832712079,0.42857142857142855,1.0,18,30,0
raw_annual_rates,headline_12m_pct,fred_japan_computer_electronics_gbp_12m_pct,pandemic_2020_2022,0,-0.46536963721919616,-0.6536543837674736,0.5,0.5,18,36,0
raw_annual_rates,headline_12m_pct,fred_japan_computer_electronics_gbp_12m_pct,pandemic_2020_2022,1,-0.4631449596377848,-0.36884521326794456,0.5,1.0,18,35,0
raw_annual_rates,headline_12m_pct,fred_japan_computer_electronics_gbp_12m_pct,pandemic_2020_2022,2,-0.5223552515126985,-0.27475729174579805,0.5,1.0,18,34,0
raw_annual_rates,headline_12m_pct,fred_japan_computer_electronics_gbp_12m_pct,pandemic_2020_2022,3,-0.5275218385912451,-0.21241574222713436,1.0,1.0,18,33,0
raw_annual_rates,headline_12m_pct,fred_japan_computer_electronics_gbp_12m_pct,pandemic_2020_2022,4,-0.5154930136449342,-0.21095218047023395,1.0,1.0,18,32,0
raw_annual_rates,headline_12m_pct,fred_japan_computer_electronics_gbp_12m_pct,pandemic_2020_2022,5,-0.5407790920994097,-0.16396853434942837,1.0,1.0,18,31,0
raw_annual_rates,headline_12m_pct,fred_japan_computer_electronics_gbp_12m_pct,pandemic_2020_2022,6,-0.5189938600836401,-0.13030019728015943,1.0,1.0,18,30,0
raw_annual_rates,headline_12m_pct,fred_japan_computer_electronics_gbp_12m_pct,pandemic_2020_2022,7,-0.3404994978405802,0.21525568861392716,0.5,1.0,18,29,0
raw_annual_rates,headline_12m_pct,fred_japan_computer_electronics_gbp_12m_pct,pandemic_2020_2022,8,-0.09133665351141905,0.5230458969127946,0.5,1.0,18,28,0
raw_annual_rates,headline_12m_pct,fred_japan_computer_electronics_gbp_12m_pct,pandemic_2020_2022,9,0.054424862509350434,0.6915580594750069,0.5,0.5,18,27,0
raw_annual_rates,headline_12m_pct,fred_japan_computer_electronics_gbp_12m_pct,pandemic_2020_2022,10,0.21833999670343535,0.6565482253030667,0.5,0.5,18,26,0
raw_annual_rates,headline_12m_pct,fred_japan_computer_electronics_gbp_12m_pct,pandemic_2020_2022,11,0.277874504726878,0.6018782035964173,0.5,0.5,18,25,0
raw_annual_rates,headline_12m_pct,fred_japan_computer_electronics_gbp_12m_pct,pandemic_2020_2022,12,0.19974526969836326,0.39616054520158206,0.5,1.0,18,24,0
raw_annual_rates,headline_12m_pct,fred_japan_computer_electronics_gbp_12m_pct,pandemic_2020_2022,13,0.19003028476746947,0.2061419811584496,0.5,1.0,18,23,0
raw_annual_rates,headline_12m_pct,fred_japan_computer_electronics_gbp_12m_pct,pandemic_2020_2022,14,0.3140912123576565,0.3094272967514768,0.5,1.0,18,22,0
raw_annual_rates,headline_12m_pct,fred_japan_computer_electronics_gbp_12m_pct,pandemic_2020_2022,15,0.3106226295228428,0.3215472538761175,0.5,1.0,18,21,0
raw_annual_rates,headline_12m_pct,fred_japan_computer_electronics_gbp_12m_pct,pandemic_2020_2022,16,0.41466152918276566,0.41396981650651793,0.5,1.0,18,20,0
raw_annual_rates,headline_12m_pct,fred_japan_computer_electronics_gbp_12m_pct,pandemic_2020_2022,17,0.6312903474279505,0.636493276232728,0.5,0.5,18,19,0
raw_annual_rates,headline_12m_pct,fred_japan_computer_electronics_gbp_12m_pct,pandemic_2020_2022,18,0.6581146546377376,0.6581146546377376,0.5,0.5,18,18,0
raw_annual_rates,headline_12m_pct,fred_japan_computer_electronics_gbp_12m_pct,post_2022,0,-0.004641981924879932,-0.16357711210834674,0.5,1.0,18,42,0
raw_annual_rates,headline_12m_pct,fred_japan_computer_electronics_gbp_12m_pct,post_2022,1,0.14387104750215124,0.072473294683259,1.0,1.0,18,41,0
raw_annual_rates,headline_12m_pct,fred_japan_computer_electronics_gbp_12m_pct,post_2022,2,0.23864636501262546,0.3016699237551841,1.0,1.0,18,40,0
raw_annual_rates,headline_12m_pct,fred_japan_computer_electronics_gbp_12m_pct,post_2022,3,0.3608085707012133,0.44723733796435744,1.0,1.0,18,39,0
raw_annual_rates,headline_12m_pct,fred_japan_computer_electronics_gbp_12m_pct,post_2022,4,0.4344005659741279,0.575232744315631,0.5,0.5,18,38,0
raw_annual_rates,headline_12m_pct,fred_japan_computer_electronics_gbp_12m_pct,post_2022,5,0.5040405719515599,0.6253004075998335,0.5,0.5,18,37,0
raw_annual_rates,headline_12m_pct,fred_japan_computer_electronics_gbp_12m_pct,post_2022,6,0.5696084515547944,0.6738976013056202,0.5,0.5,18,36,0
raw_annual_rates,headline_12m_pct,fred_japan_computer_electronics_gbp_12m_pct,post_2022,7,0.6963930297634365,0.8087865021419858,0.5,0.5,18,35,0
raw_annual_rates,headline_12m_pct,fred_japan_computer_electronics_gbp_12m_pct,post_2022,8,0.7033645820794224,0.8085019501827602,0.5,0.5,18,34,0
raw_annual_rates,headline_12m_pct,fred_japan_computer_electronics_gbp_12m_pct,post_2022,9,0.6051902641605947,0.7477289748137628,0.5,0.5,18,33,0
raw_annual_rates,headline_12m_pct,fred_japan_computer_electronics_gbp_12m_pct,post_2022,10,0.4137623387415456,0.6151708931270803,0.5,0.5,18,32,0
raw_annual_rates,headline_12m_pct,fred_japan_computer_electronics_gbp_12m_pct,post_2022,11,0.25872476518795756,0.48083220728359527,0.5,1.0,18,31,0
raw_annual_rates,headline_12m_pct,fred_japan_computer_electronics_gbp_12m_pct,post_2022,12,0.08615414794995378,0.16082403928615188,1.0,1.0,18,30,0
raw_annual_rates,headline_12m_pct,fred_japan_computer_electronics_gbp_12m_pct,post_2022,13,-0.08546846097266549,-0.13052126958170177,1.0,1.0,18,29,0
raw_annual_rates,headline_12m_pct,fred_japan_computer_electronics_gbp_12m_pct,post_2022,14,-0.12613458886042783,-0.23094226559293413,0.5,1.0,18,28,0
raw_annual_rates,headline_12m_pct,fred_japan_computer_electronics_gbp_12m_pct,post_2022,15,-0.26446385364551966,-0.4156539222065552,0.5,1.0,18,27,0
raw_annual_rates,headline_12m_pct,fred_japan_computer_electronics_gbp_12m_pct,post_2022,16,-0.36925802302845007,-0.5474038452253458,0.5,0.5,18,26,0
raw_annual_rates,headline_12m_pct,fred_japan_computer_electronics_gbp_12m_pct,post_2022,17,-0.46971647142884154,-0.5260523075918125,0.5,1.0,18,25,0
raw_annual_rates,headline_12m_pct,fred_japan_computer_electronics_gbp_12m_pct,post_2022,18,-0.33147963249686974,-0.33147963249686974,0.5,1.0,18,24,0
raw_annual_rates,headline_12m_pct,fred_asian_nie_computer_electronics_gbp_12m_pct,full,0,-0.20160525415832356,-0.26526242261950855,0.36470588235294116,0.6588235294117647,18,126,0
raw_annual_rates,headline_12m_pct,fred_asian_nie_computer_electronics_gbp_12m_pct,full,1,-0.16008362724110248,-0.21802444695575224,0.4588235294117647,0.8352941176470589,18,125,0
raw_annual_rates,headline_12m_pct,fred_asian_nie_computer_electronics_gbp_12m_pct,full,2,-0.1399915591611772,-0.18240974950707428,0.49411764705882355,0.8941176470588236,18,124,0
raw_annual_rates,headline_12m_pct,fred_asian_nie_computer_electronics_gbp_12m_pct,full,3,-0.0964675672581778,-0.12799088438733922,0.611764705882353,1.0,18,123,0
raw_annual_rates,headline_12m_pct,fred_asian_nie_computer_electronics_gbp_12m_pct,full,4,-0.0480757842974804,-0.07506988137707304,0.7647058823529411,1.0,18,122,0
raw_annual_rates,headline_12m_pct,fred_asian_nie_computer_electronics_gbp_12m_pct,full,5,0.0030531718721692586,-0.026195876364378527,0.9176470588235294,1.0,18,121,0
raw_annual_rates,headline_12m_pct,fred_asian_nie_computer_electronics_gbp_12m_pct,full,6,0.0611768314027986,0.028313401802034916,0.9058823529411765,1.0,18,120,0
raw_annual_rates,headline_12m_pct,fred_asian_nie_computer_electronics_gbp_12m_pct,full,7,0.17425153160930065,0.14739365021466957,0.5411764705882353,1.0,18,119,0
raw_annual_rates,headline_12m_pct,fred_asian_nie_computer_electronics_gbp_12m_pct,full,8,0.219896177806579,0.19810605269925802,0.36470588235294116,0.8588235294117647,18,118,0
raw_annual_rates,headline_12m_pct,fred_asian_nie_computer_electronics_gbp_12m_pct,full,9,0.23653946630028783,0.2251564591044624,0.2823529411764706,0.7764705882352941,18,117,0
raw_annual_rates,headline_12m_pct,fred_asian_nie_computer_electronics_gbp_12m_pct,full,10,0.26495881675878274,0.2676776955391131,0.16470588235294117,0.6588235294117647,18,116,0
raw_annual_rates,headline_12m_pct,fred_asian_nie_computer_electronics_gbp_12m_pct,full,11,0.2580758712020464,0.26918091566997493,0.17647058823529413,0.6470588235294118,18,115,0
raw_annual_rates,headline_12m_pct,fred_asian_nie_computer_electronics_gbp_12m_pct,full,12,0.22685010897241703,0.23249436327316558,0.3058823529411765,0.7058823529411765,18,114,0
raw_annual_rates,headline_12m_pct,fred_asian_nie_computer_electronics_gbp_12m_pct,full,13,0.21204600446312882,0.21557888719000765,0.3764705882352941,0.8470588235294118,18,113,0
raw_annual_rates,headline_12m_pct,fred_asian_nie_computer_electronics_gbp_12m_pct,full,14,0.2339277229145991,0.2355820024651115,0.32941176470588235,0.7058823529411765,18,112,0
raw_annual_rates,headline_12m_pct,fred_asian_nie_computer_electronics_gbp_12m_pct,full,15,0.23000916366684204,0.2309792340138494,0.35294117647058826,0.7058823529411765,18,111,0
raw_annual_rates,headline_12m_pct,fred_asian_nie_computer_electronics_gbp_12m_pct,full,16,0.20259905090847577,0.20208810696330184,0.4235294117647059,0.8588235294117647,18,110,0
raw_annual_rates,headline_12m_pct,fred_asian_nie_computer_electronics_gbp_12m_pct,full,17,0.17407258203768655,0.17448821553894997,0.4823529411764706,0.9411764705882353,18,109,0
raw_annual_rates,headline_12m_pct,fred_asian_nie_computer_electronics_gbp_12m_pct,full,18,0.135564441240746,0.135564441240746,0.6352941176470588,1.0,18,108,0
raw_annual_rates,headline_12m_pct,fred_asian_nie_computer_electronics_gbp_12m_pct,pre_2020,0,-0.2690449311923242,-0.26625855229758827,0.5714285714285714,0.7142857142857143,18,48,0
raw_annual_rates,headline_12m_pct,fred_asian_nie_computer_electronics_gbp_12m_pct,pre_2020,1,-0.22708213548117984,-0.18601464407023177,0.7142857142857143,0.8571428571428571,18,47,0
raw_annual_rates,headline_12m_pct,fred_asian_nie_computer_electronics_gbp_12m_pct,pre_2020,2,-0.16957235345043403,-0.11515491247972139,0.7142857142857143,1.0,18,46,0
raw_annual_rates,headline_12m_pct,fred_asian_nie_computer_electronics_gbp_12m_pct,pre_2020,3,-0.10372501594630855,-0.04975481195156445,0.8571428571428571,1.0,18,45,0
raw_annual_rates,headline_12m_pct,fred_asian_nie_computer_electronics_gbp_12m_pct,pre_2020,4,-0.034998041883462776,0.021715742069123457,1.0,1.0,18,44,0
raw_annual_rates,headline_12m_pct,fred_asian_nie_computer_electronics_gbp_12m_pct,pre_2020,5,0.017964501292703303,0.0634279762297562,1.0,1.0,18,43,0
raw_annual_rates,headline_12m_pct,fred_asian_nie_computer_electronics_gbp_12m_pct,pre_2020,6,0.018431210776051248,0.013225776664026394,1.0,1.0,18,42,0
raw_annual_rates,headline_12m_pct,fred_asian_nie_computer_electronics_gbp_12m_pct,pre_2020,7,0.08279203022726377,0.08370305774094854,0.5714285714285714,1.0,18,41,0
raw_annual_rates,headline_12m_pct,fred_asian_nie_computer_electronics_gbp_12m_pct,pre_2020,8,-0.012832910888925938,-0.03566842869052342,1.0,1.0,18,40,0
raw_annual_rates,headline_12m_pct,fred_asian_nie_computer_electronics_gbp_12m_pct,pre_2020,9,-0.04869035122114715,-0.10390136440461266,0.2857142857142857,1.0,18,39,0
raw_annual_rates,headline_12m_pct,fred_asian_nie_computer_electronics_gbp_12m_pct,pre_2020,10,0.01414996789640503,-0.01743542315240582,0.7142857142857143,1.0,18,38,0
raw_annual_rates,headline_12m_pct,fred_asian_nie_computer_electronics_gbp_12m_pct,pre_2020,11,0.01646675736895251,-0.030210869076156534,0.7142857142857143,1.0,18,37,0
raw_annual_rates,headline_12m_pct,fred_asian_nie_computer_electronics_gbp_12m_pct,pre_2020,12,0.009841499834684218,-0.05578269860575274,0.7142857142857143,1.0,18,36,0
raw_annual_rates,headline_12m_pct,fred_asian_nie_computer_electronics_gbp_12m_pct,pre_2020,13,0.05094943279660419,-0.09522110963892419,0.5714285714285714,1.0,18,35,0
raw_annual_rates,headline_12m_pct,fred_asian_nie_computer_electronics_gbp_12m_pct,pre_2020,14,0.10912581802927002,-0.006913579248148957,1.0,1.0,18,34,0
raw_annual_rates,headline_12m_pct,fred_asian_nie_computer_electronics_gbp_12m_pct,pre_2020,15,0.12866841680664962,0.045442307820749914,0.5714285714285714,1.0,18,33,0
raw_annual_rates,headline_12m_pct,fred_asian_nie_computer_electronics_gbp_12m_pct,pre_2020,16,0.16412591480188454,0.1036969716057033,0.2857142857142857,1.0,18,32,0
raw_annual_rates,headline_12m_pct,fred_asian_nie_computer_electronics_gbp_12m_pct,pre_2020,17,0.18410612894395764,0.14133638164441625,0.42857142857142855,1.0,18,31,0
raw_annual_rates,headline_12m_pct,fred_asian_nie_computer_electronics_gbp_12m_pct,pre_2020,18,0.22431020557333647,0.22431020557333647,0.14285714285714285,0.7142857142857143,18,30,0
raw_annual_rates,headline_12m_pct,fred_asian_nie_computer_electronics_gbp_12m_pct,pandemic_2020_2022,0,-0.37175324799588605,-0.479179033589214,0.5,1.0,18,36,0
raw_annual_rates,headline_12m_pct,fred_asian_nie_computer_electronics_gbp_12m_pct,pandemic_2020_2022,1,-0.3614099916034696,-0.12460876426636167,1.0,1.0,18,35,0
raw_annual_rates,headline_12m_pct,fred_asian_nie_computer_electronics_gbp_12m_pct,pandemic_2020_2022,2,-0.440327051783942,-0.05531736986697883,1.0,1.0,18,34,0
raw_annual_rates,headline_12m_pct,fred_asian_nie_computer_electronics_gbp_12m_pct,pandemic_2020_2022,3,-0.4691373224419456,-0.053005673405284184,1.0,1.0,18,33,0
raw_annual_rates,headline_12m_pct,fred_asian_nie_computer_electronics_gbp_12m_pct,pandemic_2020_2022,4,-0.4753670027085846,-0.07658843418221355,1.0,1.0,18,32,0
raw_annual_rates,headline_12m_pct,fred_asian_nie_computer_electronics_gbp_12m_pct,pandemic_2020_2022,5,-0.5359240011895542,-0.10699945010693254,1.0,1.0,18,31,0
raw_annual_rates,headline_12m_pct,fred_asian_nie_computer_electronics_gbp_12m_pct,pandemic_2020_2022,6,-0.4863654915975685,0.005825525142051309,1.0,1.0,18,30,0
raw_annual_rates,headline_12m_pct,fred_asian_nie_computer_electronics_gbp_12m_pct,pandemic_2020_2022,7,-0.3348224667642289,0.36147546110122114,0.5,1.0,18,29,0
raw_annual_rates,headline_12m_pct,fred_asian_nie_computer_electronics_gbp_12m_pct,pandemic_2020_2022,8,-0.11970330915076949,0.6424361321413702,0.5,0.5,18,28,0
raw_annual_rates,headline_12m_pct,fred_asian_nie_computer_electronics_gbp_12m_pct,pandemic_2020_2022,9,-0.044213910216172256,0.7143944536739586,0.5,0.5,18,27,0
raw_annual_rates,headline_12m_pct,fred_asian_nie_computer_electronics_gbp_12m_pct,pandemic_2020_2022,10,0.07102402068427516,0.5888881101217512,0.5,0.5,18,26,0
raw_annual_rates,headline_12m_pct,fred_asian_nie_computer_electronics_gbp_12m_pct,pandemic_2020_2022,11,0.059224560916430115,0.417275242093761,0.5,1.0,18,25,0
raw_annual_rates,headline_12m_pct,fred_asian_nie_computer_electronics_gbp_12m_pct,pandemic_2020_2022,12,-0.023595266971021035,0.19199107670365845,0.5,1.0,18,24,0
raw_annual_rates,headline_12m_pct,fred_asian_nie_computer_electronics_gbp_12m_pct,pandemic_2020_2022,13,0.020414067323565963,0.0357441108075335,1.0,1.0,18,23,0
raw_annual_rates,headline_12m_pct,fred_asian_nie_computer_electronics_gbp_12m_pct,pandemic_2020_2022,14,0.22332965079349143,0.200654907657453,0.5,1.0,18,22,0
raw_annual_rates,headline_12m_pct,fred_asian_nie_computer_electronics_gbp_12m_pct,pandemic_2020_2022,15,0.3306391877547104,0.3414218347080198,0.5,1.0,18,21,0
raw_annual_rates,headline_12m_pct,fred_asian_nie_computer_electronics_gbp_12m_pct,pandemic_2020_2022,16,0.40186663263173517,0.3826821401927648,0.5,1.0,18,20,0
raw_annual_rates,headline_12m_pct,fred_asian_nie_computer_electronics_gbp_12m_pct,pandemic_2020_2022,17,0.670976069206782,0.6698116268447982,0.5,0.5,18,19,0
raw_annual_rates,headline_12m_pct,fred_asian_nie_computer_electronics_gbp_12m_pct,pandemic_2020_2022,18,0.6924273050449641,0.6924273050449641,0.5,0.5,18,18,0
raw_annual_rates,headline_12m_pct,fred_asian_nie_computer_electronics_gbp_12m_pct,post_2022,0,-0.073649805126122,-0.2571610515843582,0.5,1.0,18,42,0
raw_annual_rates,headline_12m_pct,fred_asian_nie_computer_electronics_gbp_12m_pct,post_2022,1,0.02188218591524629,-0.04140448841493957,0.5,1.0,18,41,0
raw_annual_rates,headline_12m_pct,fred_asian_nie_computer_electronics_gbp_12m_pct,post_2022,2,0.07516041990896985,0.15301375440728918,1.0,1.0,18,40,0
raw_annual_rates,headline_12m_pct,fred_asian_nie_computer_electronics_gbp_12m_pct,post_2022,3,0.17888370612308901,0.2875863723681637,1.0,1.0,18,39,0
raw_annual_rates,headline_12m_pct,fred_asian_nie_computer_electronics_gbp_12m_pct,post_2022,4,0.2886004457692088,0.4212346035136036,0.5,0.5,18,38,0
raw_annual_rates,headline_12m_pct,fred_asian_nie_computer_electronics_gbp_12m_pct,post_2022,5,0.39703115271236017,0.4694167862406846,0.5,0.5,18,37,0
raw_annual_rates,headline_12m_pct,fred_asian_nie_computer_electronics_gbp_12m_pct,post_2022,6,0.5144126725581575,0.5522075203840324,0.5,0.5,18,36,0
raw_annual_rates,headline_12m_pct,fred_asian_nie_computer_electronics_gbp_12m_pct,post_2022,7,0.6904174416370542,0.7571550348580599,0.5,0.5,18,35,0
raw_annual_rates,headline_12m_pct,fred_asian_nie_computer_electronics_gbp_12m_pct,post_2022,8,0.6924243983654134,0.762093195448782,0.5,0.5,18,34,0
raw_annual_rates,headline_12m_pct,fred_asian_nie_computer_electronics_gbp_12m_pct,post_2022,9,0.6170013493687786,0.7377088386145542,0.5,0.5,18,33,0
raw_annual_rates,headline_12m_pct,fred_asian_nie_computer_electronics_gbp_12m_pct,post_2022,10,0.43034829435680494,0.6437881185232065,0.5,0.5,18,32,0
raw_annual_rates,headline_12m_pct,fred_asian_nie_computer_electronics_gbp_12m_pct,post_2022,11,0.27910245996380423,0.5269130960525985,0.5,0.5,18,31,0
raw_annual_rates,headline_12m_pct,fred_asian_nie_computer_electronics_gbp_12m_pct,post_2022,12,0.1555845929524789,0.2528315378168644,0.5,1.0,18,30,0
raw_annual_rates,headline_12m_pct,fred_asian_nie_computer_electronics_gbp_12m_pct,post_2022,13,-0.02928495105217568,-0.0604563392991094,1.0,1.0,18,29,0
raw_annual_rates,headline_12m_pct,fred_asian_nie_computer_electronics_gbp_12m_pct,post_2022,14,-0.020589063979420605,-0.1102451424135845,0.5,1.0,18,28,0
raw_annual_rates,headline_12m_pct,fred_asian_nie_computer_electronics_gbp_12m_pct,post_2022,15,-0.1108242104075529,-0.24488976139152757,0.5,1.0,18,27,0
raw_annual_rates,headline_12m_pct,fred_asian_nie_computer_electronics_gbp_12m_pct,post_2022,16,-0.280393533476536,-0.4503303332202788,0.5,0.5,18,26,0
raw_annual_rates,headline_12m_pct,fred_asian_nie_computer_electronics_gbp_12m_pct,post_2022,17,-0.4325643195362485,-0.4883299055857825,0.5,0.5,18,25,0
raw_annual_rates,headline_12m_pct,fred_asian_nie_computer_electronics_gbp_12m_pct,post_2022,18,-0.37710952303747414,-0.37710952303747414,0.5,1.0,18,24,0
raw_annual_rates,ex_games_12m_pct,jp_epi_electronics_gbp_12m_pct,full,0,-0.2163801235261499,-0.2739466542165517,0.32558139534883723,0.6744186046511628,18,127,0
raw_annual_rates,ex_games_12m_pct,jp_epi_electronics_gbp_12m_pct,full,1,-0.11689285273174074,-0.16161825295450094,0.6046511627906976,0.8837209302325582,18,126,0
raw_annual_rates,ex_games_12m_pct,jp_epi_electronics_gbp_12m_pct,full,2,-0.015102871505764568,-0.04631793335110811,0.872093023255814,1.0,18,125,0
raw_annual_rates,ex_games_12m_pct,jp_epi_electronics_gbp_12m_pct,full,3,0.09131873314915286,0.0667645534356454,0.8372093023255814,1.0,18,124,0
raw_annual_rates,ex_games_12m_pct,jp_epi_electronics_gbp_12m_pct,full,4,0.20705122495365608,0.1823770794573017,0.45348837209302323,0.8488372093023255,18,123,0
raw_annual_rates,ex_games_12m_pct,jp_epi_electronics_gbp_12m_pct,full,5,0.3225465853837081,0.30278445191156006,0.26744186046511625,0.6627906976744186,18,122,0
raw_annual_rates,ex_games_12m_pct,jp_epi_electronics_gbp_12m_pct,full,6,0.41274839165661986,0.3983001745143827,0.18604651162790697,0.5813953488372093,18,121,0
raw_annual_rates,ex_games_12m_pct,jp_epi_electronics_gbp_12m_pct,full,7,0.5020106547923094,0.4946205547683261,0.06976744186046512,0.3372093023255814,18,120,0
raw_annual_rates,ex_games_12m_pct,jp_epi_electronics_gbp_12m_pct,full,8,0.5367689707479941,0.5320157400102422,0.05813953488372093,0.29069767441860467,18,119,0
raw_annual_rates,ex_games_12m_pct,jp_epi_electronics_gbp_12m_pct,full,9,0.5693080402908375,0.5663422277745842,0.023255813953488372,0.23255813953488372,18,118,0
raw_annual_rates,ex_games_12m_pct,jp_epi_electronics_gbp_12m_pct,full,10,0.5568823092438484,0.560853575931595,0.023255813953488372,0.2441860465116279,18,117,0
raw_annual_rates,ex_games_12m_pct,jp_epi_electronics_gbp_12m_pct,full,11,0.5204308982168041,0.5287577291891729,0.046511627906976744,0.3023255813953488,18,116,0
raw_annual_rates,ex_games_12m_pct,jp_epi_electronics_gbp_12m_pct,full,12,0.45505330282165285,0.4625528620782096,0.09302325581395349,0.45348837209302323,18,115,0
raw_annual_rates,ex_games_12m_pct,jp_epi_electronics_gbp_12m_pct,full,13,0.3745527951171846,0.3837704450768462,0.22093023255813954,0.6046511627906976,18,114,0
raw_annual_rates,ex_games_12m_pct,jp_epi_electronics_gbp_12m_pct,full,14,0.3000538405235427,0.3063597267228768,0.313953488372093,0.6627906976744186,18,113,0
raw_annual_rates,ex_games_12m_pct,jp_epi_electronics_gbp_12m_pct,full,15,0.23668697163514388,0.2415405676623882,0.38372093023255816,0.7441860465116279,18,112,0
raw_annual_rates,ex_games_12m_pct,jp_epi_electronics_gbp_12m_pct,full,16,0.14335431582537522,0.14603988160375544,0.5930232558139535,1.0,18,111,0
raw_annual_rates,ex_games_12m_pct,jp_epi_electronics_gbp_12m_pct,full,17,0.07466986540348462,0.07519362134208311,0.872093023255814,1.0,18,110,0
raw_annual_rates,ex_games_12m_pct,jp_epi_electronics_gbp_12m_pct,full,18,0.015369314558615869,0.015369314558615869,0.9651162790697675,1.0,18,109,0
raw_annual_rates,ex_games_12m_pct,jp_epi_electronics_gbp_12m_pct,pre_2020,0,0.028261768992968273,-0.040362998366565046,0.8571428571428571,1.0,18,48,0
raw_annual_rates,ex_games_12m_pct,jp_epi_electronics_gbp_12m_pct,pre_2020,1,0.15282332448786584,0.11843047836787063,0.8571428571428571,1.0,18,47,0
raw_annual_rates,ex_games_12m_pct,jp_epi_electronics_gbp_12m_pct,pre_2020,2,0.289694524039616,0.27946850006586965,0.7142857142857143,1.0,18,46,0
raw_annual_rates,ex_games_12m_pct,jp_epi_electronics_gbp_12m_pct,pre_2020,3,0.4260533704165354,0.4421816536017742,0.5714285714285714,1.0,18,45,0
raw_annual_rates,ex_games_12m_pct,jp_epi_electronics_gbp_12m_pct,pre_2020,4,0.5745186317411892,0.609807756217495,0.5714285714285714,1.0,18,44,0
raw_annual_rates,ex_games_12m_pct,jp_epi_electronics_gbp_12m_pct,pre_2020,5,0.6995242516267512,0.7391095322042205,0.42857142857142855,1.0,18,43,0
raw_annual_rates,ex_games_12m_pct,jp_epi_electronics_gbp_12m_pct,pre_2020,6,0.7973253469873869,0.8340980807556099,0.42857142857142855,1.0,18,42,0
raw_annual_rates,ex_games_12m_pct,jp_epi_electronics_gbp_12m_pct,pre_2020,7,0.8462324901588297,0.895959273367872,0.14285714285714285,0.14285714285714285,18,41,0
raw_annual_rates,ex_games_12m_pct,jp_epi_electronics_gbp_12m_pct,pre_2020,8,0.8071377579043633,0.8543441098583487,0.14285714285714285,0.14285714285714285,18,40,0
raw_annual_rates,ex_games_12m_pct,jp_epi_electronics_gbp_12m_pct,pre_2020,9,0.7814442021500319,0.8122775691233456,0.42857142857142855,1.0,18,39,0
raw_annual_rates,ex_games_12m_pct,jp_epi_electronics_gbp_12m_pct,pre_2020,10,0.7071400234998906,0.7353576823837825,0.5714285714285714,1.0,18,38,0
raw_annual_rates,ex_games_12m_pct,jp_epi_electronics_gbp_12m_pct,pre_2020,11,0.5818236746852092,0.5903846268319843,0.5714285714285714,1.0,18,37,0
raw_annual_rates,ex_games_12m_pct,jp_epi_electronics_gbp_12m_pct,pre_2020,12,0.4673649085769697,0.43735224413235707,0.5714285714285714,1.0,18,36,0
raw_annual_rates,ex_games_12m_pct,jp_epi_electronics_gbp_12m_pct,pre_2020,13,0.34104993251933724,0.2688822149025267,0.5714285714285714,1.0,18,35,0
raw_annual_rates,ex_games_12m_pct,jp_epi_electronics_gbp_12m_pct,pre_2020,14,0.20702425564710378,0.12250507984252884,0.8571428571428571,1.0,18,34,0
raw_annual_rates,ex_games_12m_pct,jp_epi_electronics_gbp_12m_pct,pre_2020,15,0.09063671493114078,0.012270293489297975,1.0,1.0,18,33,0
raw_annual_rates,ex_games_12m_pct,jp_epi_electronics_gbp_12m_pct,pre_2020,16,-0.03108776106485892,-0.11264158949898832,0.7142857142857143,1.0,18,32,0
raw_annual_rates,ex_games_12m_pct,jp_epi_electronics_gbp_12m_pct,pre_2020,17,-0.08569864432509199,-0.14756505128676495,0.7142857142857143,1.0,18,31,0
raw_annual_rates,ex_games_12m_pct,jp_epi_electronics_gbp_12m_pct,pre_2020,18,-0.13696538624528845,-0.13696538624528845,0.5714285714285714,1.0,18,30,0
raw_annual_rates,ex_games_12m_pct,jp_epi_electronics_gbp_12m_pct,pandemic_2020_2022,0,-0.7651392015988767,-0.7079339623921254,0.5,0.5,18,36,0
raw_annual_rates,ex_games_12m_pct,jp_epi_electronics_gbp_12m_pct,pandemic_2020_2022,1,-0.7429162112345512,-0.6330820966381726,0.5,0.5,18,35,0
raw_annual_rates,ex_games_12m_pct,jp_epi_electronics_gbp_12m_pct,pandemic_2020_2022,2,-0.700507654752069,-0.5117869587158885,0.5,0.5,18,34,0
raw_annual_rates,ex_games_12m_pct,jp_epi_electronics_gbp_12m_pct,pandemic_2020_2022,3,-0.6257867508550011,-0.38977816320315284,0.5,1.0,18,33,0
raw_annual_rates,ex_games_12m_pct,jp_epi_electronics_gbp_12m_pct,pandemic_2020_2022,4,-0.5283523769477921,-0.24703174020484803,1.0,1.0,18,32,0
raw_annual_rates,ex_games_12m_pct,jp_epi_electronics_gbp_12m_pct,pandemic_2020_2022,5,-0.4077602591934365,-0.11643616877855134,1.0,1.0,18,31,0
raw_annual_rates,ex_games_12m_pct,jp_epi_electronics_gbp_12m_pct,pandemic_2020_2022,6,-0.27947945429994714,0.06841010503157868,1.0,1.0,18,30,0
raw_annual_rates,ex_games_12m_pct,jp_epi_electronics_gbp_12m_pct,pandemic_2020_2022,7,-0.08654537036591638,0.28230026328093627,1.0,1.0,18,29,0
raw_annual_rates,ex_games_12m_pct,jp_epi_electronics_gbp_12m_pct,pandemic_2020_2022,8,0.14417183014096707,0.5856319397836969,0.5,0.5,18,28,0
raw_annual_rates,ex_games_12m_pct,jp_epi_electronics_gbp_12m_pct,pandemic_2020_2022,9,0.34922278917323635,0.7953963378631336,0.5,0.5,18,27,0
raw_annual_rates,ex_games_12m_pct,jp_epi_electronics_gbp_12m_pct,pandemic_2020_2022,10,0.5120387096493004,0.8213735313406739,0.5,0.5,18,26,0
raw_annual_rates,ex_games_12m_pct,jp_epi_electronics_gbp_12m_pct,pandemic_2020_2022,11,0.6770766921417515,0.8864177243222316,0.5,0.5,18,25,0
raw_annual_rates,ex_games_12m_pct,jp_epi_electronics_gbp_12m_pct,pandemic_2020_2022,12,0.7195158204474617,0.839160762116351,0.5,0.5,18,24,0
raw_annual_rates,ex_games_12m_pct,jp_epi_electronics_gbp_12m_pct,pandemic_2020_2022,13,0.779350345233654,0.8279857750410812,0.5,0.5,18,23,0
raw_annual_rates,ex_games_12m_pct,jp_epi_electronics_gbp_12m_pct,pandemic_2020_2022,14,0.8487593657999483,0.8584413229880778,0.5,0.5,18,22,0
raw_annual_rates,ex_games_12m_pct,jp_epi_electronics_gbp_12m_pct,pandemic_2020_2022,15,0.8213864452187334,0.8213036970105925,0.5,0.5,18,21,0
raw_annual_rates,ex_games_12m_pct,jp_epi_electronics_gbp_12m_pct,pandemic_2020_2022,16,0.7361988812400431,0.7236795773460333,0.5,0.5,18,20,0
raw_annual_rates,ex_games_12m_pct,jp_epi_electronics_gbp_12m_pct,pandemic_2020_2022,17,0.6677726608611787,0.656392463498143,0.5,0.5,18,19,0
raw_annual_rates,ex_games_12m_pct,jp_epi_electronics_gbp_12m_pct,pandemic_2020_2022,18,0.6707148469500182,0.6707148469500182,0.5,0.5,18,18,0
raw_annual_rates,ex_games_12m_pct,jp_epi_electronics_gbp_12m_pct,post_2022,0,-0.1674765759222373,-0.48759585153644475,1.0,1.0,18,43,0
raw_annual_rates,ex_games_12m_pct,jp_epi_electronics_gbp_12m_pct,post_2022,1,-0.049522009355630905,-0.19328973325093518,1.0,1.0,18,42,0
raw_annual_rates,ex_games_12m_pct,jp_epi_electronics_gbp_12m_pct,post_2022,2,0.030170847513421414,-0.039171939437702086,1.0,1.0,18,41,0
raw_annual_rates,ex_games_12m_pct,jp_epi_electronics_gbp_12m_pct,post_2022,3,0.12052065405455216,0.10470887785848979,0.5,1.0,18,40,0
raw_annual_rates,ex_games_12m_pct,jp_epi_electronics_gbp_12m_pct,post_2022,4,0.2038492734376787,0.14204272766953985,0.5,1.0,18,39,0
raw_annual_rates,ex_games_12m_pct,jp_epi_electronics_gbp_12m_pct,post_2022,5,0.3248789040550169,0.2784442257566677,0.5,1.0,18,38,0
raw_annual_rates,ex_games_12m_pct,jp_epi_electronics_gbp_12m_pct,post_2022,6,0.37648350779231116,0.3373764301514808,0.5,1.0,18,37,0
raw_annual_rates,ex_games_12m_pct,jp_epi_electronics_gbp_12m_pct,post_2022,7,0.5213367607740977,0.5371805681412184,0.5,1.0,18,36,0
raw_annual_rates,ex_games_12m_pct,jp_epi_electronics_gbp_12m_pct,post_2022,8,0.5630257135453658,0.5874397902619429,0.5,0.5,18,35,0
raw_annual_rates,ex_games_12m_pct,jp_epi_electronics_gbp_12m_pct,post_2022,9,0.5907076551863891,0.6241429351091197,0.5,0.5,18,34,0
raw_annual_rates,ex_games_12m_pct,jp_epi_electronics_gbp_12m_pct,post_2022,10,0.47580600275219737,0.5956060175770673,0.5,0.5,18,33,0
raw_annual_rates,ex_games_12m_pct,jp_epi_electronics_gbp_12m_pct,post_2022,11,0.3842430165684123,0.5526042963172713,0.5,1.0,18,32,0
raw_annual_rates,ex_games_12m_pct,jp_epi_electronics_gbp_12m_pct,post_2022,12,0.23035343270583716,0.3553238643587496,0.5,1.0,18,31,0
raw_annual_rates,ex_games_12m_pct,jp_epi_electronics_gbp_12m_pct,post_2022,13,-0.062047358571799625,0.03145572550584745,1.0,1.0,18,30,0
raw_annual_rates,ex_games_12m_pct,jp_epi_electronics_gbp_12m_pct,post_2022,14,-0.0472349593552752,-0.03568799926686116,1.0,1.0,18,29,0
raw_annual_rates,ex_games_12m_pct,jp_epi_electronics_gbp_12m_pct,post_2022,15,-0.06672588288407953,-0.09993685583667891,0.5,1.0,18,28,0
raw_annual_rates,ex_games_12m_pct,jp_epi_electronics_gbp_12m_pct,post_2022,16,-0.07848094401106319,-0.1544019363332007,0.5,1.0,18,27,0
raw_annual_rates,ex_games_12m_pct,jp_epi_electronics_gbp_12m_pct,post_2022,17,-0.18732544528715273,-0.25246908121959927,0.5,1.0,18,26,0
raw_annual_rates,ex_games_12m_pct,jp_epi_electronics_gbp_12m_pct,post_2022,18,-0.18276818477774182,-0.18276818477774182,0.5,1.0,18,25,0
raw_annual_rates,ex_games_12m_pct,kr_epi_tech_gbp_12m_pct,full,0,-0.08173749334187319,-0.15790590791114287,0.7555555555555555,1.0,18,86,0
raw_annual_rates,ex_games_12m_pct,kr_epi_tech_gbp_12m_pct,full,1,-0.06399146079083719,-0.1433633061341826,0.8222222222222222,1.0,18,85,0
raw_annual_rates,ex_games_12m_pct,kr_epi_tech_gbp_12m_pct,full,2,-0.0523790778533767,-0.1276845640866818,0.8444444444444444,1.0,18,84,0
raw_annual_rates,ex_games_12m_pct,kr_epi_tech_gbp_12m_pct,full,3,-0.05443153874686069,-0.12239296928855549,0.8444444444444444,1.0,18,83,0
raw_annual_rates,ex_games_12m_pct,kr_epi_tech_gbp_12m_pct,full,4,-0.06270988442522986,-0.11695414082355624,0.8444444444444444,1.0,18,82,0
raw_annual_rates,ex_games_12m_pct,kr_epi_tech_gbp_12m_pct,full,5,-0.02956299798274112,-0.06773871898326106,0.9555555555555556,1.0,18,81,0
raw_annual_rates,ex_games_12m_pct,kr_epi_tech_gbp_12m_pct,full,6,-0.012410990845367582,-0.04088452092021455,0.9555555555555556,1.0,18,80,0
raw_annual_rates,ex_games_12m_pct,kr_epi_tech_gbp_12m_pct,full,7,-0.00034778515557853305,-0.022746834306573805,0.9555555555555556,1.0,18,79,0
raw_annual_rates,ex_games_12m_pct,kr_epi_tech_gbp_12m_pct,full,8,0.016675858938187384,-0.01432057223765777,0.9555555555555556,1.0,18,78,0
raw_annual_rates,ex_games_12m_pct,kr_epi_tech_gbp_12m_pct,full,9,-0.008076919037846632,-0.03680570991747748,0.9777777777777777,1.0,18,77,0
raw_annual_rates,ex_games_12m_pct,kr_epi_tech_gbp_12m_pct,full,10,-0.017044896151963296,-0.023751925218038723,0.9555555555555556,1.0,18,76,0
raw_annual_rates,ex_games_12m_pct,kr_epi_tech_gbp_12m_pct,full,11,-0.019667252504445287,-0.014332762478521239,0.9555555555555556,1.0,18,75,0
raw_annual_rates,ex_games_12m_pct,kr_epi_tech_gbp_12m_pct,full,12,-0.04836507493508046,-0.0380022109462245,0.9555555555555556,1.0,18,74,0
raw_annual_rates,ex_games_12m_pct,kr_epi_tech_gbp_12m_pct,full,13,-0.09077213100416695,-0.07962539554496398,0.9333333333333333,1.0,18,73,0
raw_annual_rates,ex_games_12m_pct,kr_epi_tech_gbp_12m_pct,full,14,-0.11580616564500709,-0.10881323588041579,0.8666666666666667,1.0,18,72,0
raw_annual_rates,ex_games_12m_pct,kr_epi_tech_gbp_12m_pct,full,15,-0.10434991802229848,-0.10091977871928277,0.9111111111111111,1.0,18,71,0
raw_annual_rates,ex_games_12m_pct,kr_epi_tech_gbp_12m_pct,full,16,-0.09782852715346092,-0.10223015771208878,0.8666666666666667,1.0,18,70,0
raw_annual_rates,ex_games_12m_pct,kr_epi_tech_gbp_12m_pct,full,17,-0.09837358780278221,-0.10180697343325054,0.9111111111111111,1.0,18,69,0
raw_annual_rates,ex_games_12m_pct,kr_epi_tech_gbp_12m_pct,full,18,-0.09163505117894287,-0.09163505117894287,0.9333333333333333,1.0,18,68,0
raw_annual_rates,ex_games_12m_pct,kr_epi_tech_gbp_12m_pct,pandemic_2020_2022,0,0.4713882889119069,0.6258464219685219,0.5,0.5,18,36,0
raw_annual_rates,ex_games_12m_pct,kr_epi_tech_gbp_12m_pct,pandemic_2020_2022,1,0.426302443661725,0.6847763102762048,0.5,0.5,18,35,0
raw_annual_rates,ex_games_12m_pct,kr_epi_tech_gbp_12m_pct,pandemic_2020_2022,2,0.2782432695844245,0.7320375465459182,0.5,0.5,18,34,0
raw_annual_rates,ex_games_12m_pct,kr_epi_tech_gbp_12m_pct,pandemic_2020_2022,3,0.14063181508089895,0.7369809040685908,0.5,0.5,18,33,0
raw_annual_rates,ex_games_12m_pct,kr_epi_tech_gbp_12m_pct,pandemic_2020_2022,4,0.026573742158104402,0.7107885074573286,0.5,0.5,18,32,0
raw_annual_rates,ex_games_12m_pct,kr_epi_tech_gbp_12m_pct,pandemic_2020_2022,5,-0.17628958760609423,0.596396157411665,0.5,0.5,18,31,0
raw_annual_rates,ex_games_12m_pct,kr_epi_tech_gbp_12m_pct,pandemic_2020_2022,6,-0.4061759658197198,0.40811690876425816,0.5,1.0,18,30,0
raw_annual_rates,ex_games_12m_pct,kr_epi_tech_gbp_12m_pct,pandemic_2020_2022,7,-0.4992092266176438,0.25664724952604323,1.0,1.0,18,29,0
raw_annual_rates,ex_games_12m_pct,kr_epi_tech_gbp_12m_pct,pandemic_2020_2022,8,-0.6007641944748847,-0.04911021554327781,1.0,1.0,18,28,0
raw_annual_rates,ex_games_12m_pct,kr_epi_tech_gbp_12m_pct,pandemic_2020_2022,9,-0.6020564311268273,0.017467968735225735,1.0,1.0,18,27,0
raw_annual_rates,ex_games_12m_pct,kr_epi_tech_gbp_12m_pct,pandemic_2020_2022,10,-0.6573865620132322,-0.2511751586743056,0.5,1.0,18,26,0
raw_annual_rates,ex_games_12m_pct,kr_epi_tech_gbp_12m_pct,pandemic_2020_2022,11,-0.6989911417889515,-0.4180491120747592,0.5,1.0,18,25,0
raw_annual_rates,ex_games_12m_pct,kr_epi_tech_gbp_12m_pct,pandemic_2020_2022,12,-0.7120156710224181,-0.4842205247577557,0.5,1.0,18,24,0
raw_annual_rates,ex_games_12m_pct,kr_epi_tech_gbp_12m_pct,pandemic_2020_2022,13,-0.712734249357758,-0.5485091277465697,0.5,0.5,18,23,0
raw_annual_rates,ex_games_12m_pct,kr_epi_tech_gbp_12m_pct,pandemic_2020_2022,14,-0.6132544674230569,-0.48024487775513736,0.5,1.0,18,22,0
raw_annual_rates,ex_games_12m_pct,kr_epi_tech_gbp_12m_pct,pandemic_2020_2022,15,-0.5980038638009855,-0.540609157497879,0.5,0.5,18,21,0
raw_annual_rates,ex_games_12m_pct,kr_epi_tech_gbp_12m_pct,pandemic_2020_2022,16,-0.6433087025465923,-0.6230380509456198,0.5,0.5,18,20,0
raw_annual_rates,ex_games_12m_pct,kr_epi_tech_gbp_12m_pct,pandemic_2020_2022,17,-0.6849814801075848,-0.6880297761496306,0.5,0.5,18,19,0
raw_annual_rates,ex_games_12m_pct,kr_epi_tech_gbp_12m_pct,pandemic_2020_2022,18,-0.6201493162224238,-0.6201493162224238,0.5,0.5,18,18,0
raw_annual_rates,ex_games_12m_pct,kr_epi_tech_gbp_12m_pct,post_2022,0,-0.28001452506104324,-0.863946712744135,1.0,1.0,18,41,0
raw_annual_rates,ex_games_12m_pct,kr_epi_tech_gbp_12m_pct,post_2022,1,-0.2847686029046269,-0.8442815539136338,0.5,1.0,18,40,0
raw_annual_rates,ex_games_12m_pct,kr_epi_tech_gbp_12m_pct,post_2022,2,-0.2822474205843405,-0.7663867528380073,0.5,1.0,18,39,0
raw_annual_rates,ex_games_12m_pct,kr_epi_tech_gbp_12m_pct,post_2022,3,-0.294920325983261,-0.6952017006374218,0.5,1.0,18,38,0
raw_annual_rates,ex_games_12m_pct,kr_epi_tech_gbp_12m_pct,post_2022,4,-0.3291357139246376,-0.6308662953992804,0.5,1.0,18,37,0
raw_annual_rates,ex_games_12m_pct,kr_epi_tech_gbp_12m_pct,post_2022,5,-0.25974672116011444,-0.4713309333767152,0.5,1.0,18,36,0
raw_annual_rates,ex_games_12m_pct,kr_epi_tech_gbp_12m_pct,post_2022,6,-0.16807987300175978,-0.33209778027119485,0.5,1.0,18,35,0
raw_annual_rates,ex_games_12m_pct,kr_epi_tech_gbp_12m_pct,post_2022,7,-0.0973631031224434,-0.21044772264619122,0.5,1.0,18,34,0
raw_annual_rates,ex_games_12m_pct,kr_epi_tech_gbp_12m_pct,post_2022,8,0.03805614615142916,-0.06925191743605301,0.5,1.0,18,33,0
raw_annual_rates,ex_games_12m_pct,kr_epi_tech_gbp_12m_pct,post_2022,9,0.04316667191486382,-0.035129174313440654,1.0,1.0,18,32,0
raw_annual_rates,ex_games_12m_pct,kr_epi_tech_gbp_12m_pct,post_2022,10,0.10574205854237224,0.12235573069092202,1.0,1.0,18,31,0
raw_annual_rates,ex_games_12m_pct,kr_epi_tech_gbp_12m_pct,post_2022,11,0.14183156175567893,0.20789323442151109,1.0,1.0,18,30,0
raw_annual_rates,ex_games_12m_pct,kr_epi_tech_gbp_12m_pct,post_2022,12,0.13731504431818942,0.2140694931377224,1.0,1.0,18,29,0
raw_annual_rates,ex_games_12m_pct,kr_epi_tech_gbp_12m_pct,post_2022,13,0.11600209181759477,0.1953439770691657,0.5,1.0,18,28,0
raw_annual_rates,ex_games_12m_pct,kr_epi_tech_gbp_12m_pct,post_2022,14,0.04097492681807751,0.0716761906126509,1.0,1.0,18,27,0
raw_annual_rates,ex_games_12m_pct,kr_epi_tech_gbp_12m_pct,post_2022,15,0.05762896535488441,0.06296737457339516,0.5,1.0,18,26,0
raw_annual_rates,ex_games_12m_pct,kr_epi_tech_gbp_12m_pct,post_2022,16,0.09418501781050419,0.0645929254318957,1.0,1.0,18,25,0
raw_annual_rates,ex_games_12m_pct,kr_epi_tech_gbp_12m_pct,post_2022,17,0.012055562346975362,-0.017836892639563416,1.0,1.0,18,24,0
raw_annual_rates,ex_games_12m_pct,kr_epi_tech_gbp_12m_pct,post_2022,18,-0.05329559402315323,-0.05329559402315323,1.0,1.0,18,23,0
raw_annual_rates,ex_games_12m_pct,cn_ppi_tech_gbp_12m_pct,full,0,-0.22154121018425202,-0.4283997804633238,0.058823529411764705,0.9411764705882353,18,58,0
raw_annual_rates,ex_games_12m_pct,cn_ppi_tech_gbp_12m_pct,full,1,-0.1287616093548963,-0.3123600165129872,0.058823529411764705,1.0,18,57,0
raw_annual_rates,ex_games_12m_pct,cn_ppi_tech_gbp_12m_pct,full,2,-0.09526168571675016,-0.2297252210074057,0.058823529411764705,1.0,18,56,0
raw_annual_rates,ex_games_12m_pct,cn_ppi_tech_gbp_12m_pct,full,3,-0.024497240167056716,-0.12151149570415237,0.11764705882352941,1.0,18,55,0
raw_annual_rates,ex_games_12m_pct,cn_ppi_tech_gbp_12m_pct,full,4,0.042978947256006046,-0.016193938155101496,0.7647058823529411,1.0,18,54,0
raw_annual_rates,ex_games_12m_pct,cn_ppi_tech_gbp_12m_pct,full,5,0.1440273236812045,0.10902671468731705,0.5294117647058824,1.0,18,53,0
raw_annual_rates,ex_games_12m_pct,cn_ppi_tech_gbp_12m_pct,full,6,0.24241704751507623,0.21953623240453513,0.29411764705882354,1.0,18,52,0
raw_annual_rates,ex_games_12m_pct,cn_ppi_tech_gbp_12m_pct,full,7,0.3730479874015727,0.38216641707195487,0.11764705882352941,1.0,18,51,0
raw_annual_rates,ex_games_12m_pct,cn_ppi_tech_gbp_12m_pct,full,8,0.4984293754542423,0.5015896837900143,0.058823529411764705,0.8823529411764706,18,50,0
raw_annual_rates,ex_games_12m_pct,cn_ppi_tech_gbp_12m_pct,full,9,0.5875109979239876,0.5961903928934139,0.058823529411764705,0.5882352941176471,18,49,0
raw_annual_rates,ex_games_12m_pct,cn_ppi_tech_gbp_12m_pct,full,10,0.6595697512245355,0.6599537213400837,0.058823529411764705,0.058823529411764705,18,48,0
raw_annual_rates,ex_games_12m_pct,cn_ppi_tech_gbp_12m_pct,full,11,0.6902935841744112,0.6913200876555209,0.058823529411764705,0.058823529411764705,18,47,0
raw_annual_rates,ex_games_12m_pct,cn_ppi_tech_gbp_12m_pct,full,12,0.6928280329804821,0.694784257195616,0.058823529411764705,0.058823529411764705,18,46,0
raw_annual_rates,ex_games_12m_pct,cn_ppi_tech_gbp_12m_pct,full,13,0.6509654910419514,0.6640295019785776,0.058823529411764705,0.058823529411764705,18,45,0
raw_annual_rates,ex_games_12m_pct,cn_ppi_tech_gbp_12m_pct,full,14,0.6446554265418672,0.6586418569629954,0.058823529411764705,0.058823529411764705,18,44,0
raw_annual_rates,ex_games_12m_pct,cn_ppi_tech_gbp_12m_pct,full,15,0.6038100615123996,0.6058505228037803,0.23529411764705882,0.5882352941176471,18,43,0
raw_annual_rates,ex_games_12m_pct,cn_ppi_tech_gbp_12m_pct,full,16,0.5336019861745536,0.5388021868351143,0.4117647058823529,0.7058823529411765,18,42,0
raw_annual_rates,ex_games_12m_pct,cn_ppi_tech_gbp_12m_pct,full,17,0.42609868727252015,0.42451616340393694,0.6470588235294118,1.0,18,41,0
raw_annual_rates,ex_games_12m_pct,cn_ppi_tech_gbp_12m_pct,full,18,0.35355615953400843,0.35355615953400843,0.7058823529411765,1.0,18,40,0
raw_annual_rates,ex_games_12m_pct,cn_ppi_tech_gbp_12m_pct,post_2022,0,-0.3128255973140571,-0.26378422756778097,0.5,1.0,18,36,0
raw_annual_rates,ex_games_12m_pct,cn_ppi_tech_gbp_12m_pct,post_2022,1,-0.006034784321911338,0.10432554047520294,1.0,1.0,18,35,0
raw_annual_rates,ex_games_12m_pct,cn_ppi_tech_gbp_12m_pct,post_2022,2,0.12776041660312742,0.3229870469467088,1.0,1.0,18,34,0
raw_annual_rates,ex_games_12m_pct,cn_ppi_tech_gbp_12m_pct,post_2022,3,0.27249721124432785,0.5358064040290814,1.0,1.0,18,33,0
raw_annual_rates,ex_games_12m_pct,cn_ppi_tech_gbp_12m_pct,post_2022,4,0.3178709996073543,0.5363827276796009,1.0,1.0,18,32,0
raw_annual_rates,ex_games_12m_pct,cn_ppi_tech_gbp_12m_pct,post_2022,5,0.39534910314579147,0.5269849176009892,1.0,1.0,18,31,0
raw_annual_rates,ex_games_12m_pct,cn_ppi_tech_gbp_12m_pct,post_2022,6,0.4185584084550364,0.5092613040812864,1.0,1.0,18,30,0
raw_annual_rates,ex_games_12m_pct,cn_ppi_tech_gbp_12m_pct,post_2022,7,0.516289275901012,0.664666228448669,0.5,1.0,18,29,0
raw_annual_rates,ex_games_12m_pct,cn_ppi_tech_gbp_12m_pct,post_2022,8,0.6146676118972783,0.7680936030514163,0.5,1.0,18,28,0
raw_annual_rates,ex_games_12m_pct,cn_ppi_tech_gbp_12m_pct,post_2022,9,0.6576035021153004,0.7798718504844256,0.5,1.0,18,27,0
raw_annual_rates,ex_games_12m_pct,cn_ppi_tech_gbp_12m_pct,post_2022,10,0.6586826548623154,0.7435250192551603,0.5,1.0,18,26,0
raw_annual_rates,ex_games_12m_pct,cn_ppi_tech_gbp_12m_pct,post_2022,11,0.4823977851648086,0.494208847799881,0.5,1.0,18,25,0
raw_annual_rates,ex_games_12m_pct,cn_ppi_tech_gbp_12m_pct,post_2022,12,0.3370649735671932,0.32334256143691453,0.5,1.0,18,24,0
raw_annual_rates,ex_games_12m_pct,cn_ppi_tech_gbp_12m_pct,post_2022,13,-0.011466861146287184,-0.002550798924969109,1.0,1.0,18,23,0
raw_annual_rates,ex_games_12m_pct,cn_ppi_tech_gbp_12m_pct,post_2022,14,-0.03386161444309521,-0.02059972166535899,1.0,1.0,18,22,0
raw_annual_rates,ex_games_12m_pct,cn_ppi_tech_gbp_12m_pct,post_2022,15,-0.19229810794015376,-0.2923140414890225,1.0,1.0,18,21,0
raw_annual_rates,ex_games_12m_pct,cn_ppi_tech_gbp_12m_pct,post_2022,16,-0.20190070699444007,-0.3044579396522221,1.0,1.0,18,20,0
raw_annual_rates,ex_games_12m_pct,cn_ppi_tech_gbp_12m_pct,post_2022,17,-0.3928673893043276,-0.40686092356290127,0.5,1.0,18,19,0
raw_annual_rates,ex_games_12m_pct,cn_ppi_tech_gbp_12m_pct,post_2022,18,-0.3335496646778512,-0.3335496646778512,0.5,1.0,18,18,0
raw_annual_rates,ex_games_12m_pct,tw_epi_integrated_circuits_gbp_12m_pct,full,0,-0.06730560968514447,-0.10650730707244913,0.7093023255813954,1.0,18,127,0
raw_annual_rates,ex_games_12m_pct,tw_epi_integrated_circuits_gbp_12m_pct,full,1,0.019625446391344944,-0.020859490923815744,0.9302325581395349,1.0,18,126,0
raw_annual_rates,ex_games_12m_pct,tw_epi_integrated_circuits_gbp_12m_pct,full,2,0.09393996868212712,0.06053025804388628,0.8604651162790697,1.0,18,125,0
raw_annual_rates,ex_games_12m_pct,tw_epi_integrated_circuits_gbp_12m_pct,full,3,0.16961895187620807,0.14280571564247185,0.5930232558139535,0.9767441860465116,18,124,0
raw_annual_rates,ex_games_12m_pct,tw_epi_integrated_circuits_gbp_12m_pct,full,4,0.250239727033528,0.2309658562273623,0.4186046511627907,0.8488372093023255,18,123,0
raw_annual_rates,ex_games_12m_pct,tw_epi_integrated_circuits_gbp_12m_pct,full,5,0.3334145455206025,0.3225097514817804,0.26744186046511625,0.5930232558139535,18,122,0
raw_annual_rates,ex_games_12m_pct,tw_epi_integrated_circuits_gbp_12m_pct,full,6,0.40162245553827425,0.39678525075096094,0.23255813953488372,0.4883720930232558,18,121,0
raw_annual_rates,ex_games_12m_pct,tw_epi_integrated_circuits_gbp_12m_pct,full,7,0.4701164972976212,0.46736878804845516,0.16279069767441862,0.4418604651162791,18,120,0
raw_annual_rates,ex_games_12m_pct,tw_epi_integrated_circuits_gbp_12m_pct,full,8,0.4934866897523318,0.48772409737976613,0.1511627906976744,0.4186046511627907,18,119,0
raw_annual_rates,ex_games_12m_pct,tw_epi_integrated_circuits_gbp_12m_pct,full,9,0.5118210405301987,0.506233036740106,0.11627906976744186,0.3953488372093023,18,118,0
raw_annual_rates,ex_games_12m_pct,tw_epi_integrated_circuits_gbp_12m_pct,full,10,0.5024384480158082,0.5002139142487074,0.12790697674418605,0.4069767441860465,18,117,0
raw_annual_rates,ex_games_12m_pct,tw_epi_integrated_circuits_gbp_12m_pct,full,11,0.4682378449528007,0.47066039862699705,0.1511627906976744,0.4418604651162791,18,116,0
raw_annual_rates,ex_games_12m_pct,tw_epi_integrated_circuits_gbp_12m_pct,full,12,0.4082096219738297,0.41323577450003374,0.19767441860465115,0.4883720930232558,18,115,0
raw_annual_rates,ex_games_12m_pct,tw_epi_integrated_circuits_gbp_12m_pct,full,13,0.3408556506727514,0.34760061934523323,0.2441860465116279,0.5697674418604651,18,114,0
raw_annual_rates,ex_games_12m_pct,tw_epi_integrated_circuits_gbp_12m_pct,full,14,0.282587302880489,0.28987576911053964,0.3023255813953488,0.7093023255813954,18,113,0
raw_annual_rates,ex_games_12m_pct,tw_epi_integrated_circuits_gbp_12m_pct,full,15,0.23552727143093335,0.2412382493157292,0.46511627906976744,0.8255813953488372,18,112,0
raw_annual_rates,ex_games_12m_pct,tw_epi_integrated_circuits_gbp_12m_pct,full,16,0.1699650712090159,0.1731537783107014,0.6162790697674418,0.9534883720930233,18,111,0
raw_annual_rates,ex_games_12m_pct,tw_epi_integrated_circuits_gbp_12m_pct,full,17,0.11158778335912826,0.11278114224517556,0.7325581395348837,1.0,18,110,0
raw_annual_rates,ex_games_12m_pct,tw_epi_integrated_circuits_gbp_12m_pct,full,18,0.06493037165424359,0.06493037165424359,0.8372093023255814,1.0,18,109,0
raw_annual_rates,ex_games_12m_pct,tw_epi_integrated_circuits_gbp_12m_pct,pre_2020,0,0.1536806632696472,0.09029914169256525,0.8571428571428571,1.0,18,48,0
raw_annual_rates,ex_games_12m_pct,tw_epi_integrated_circuits_gbp_12m_pct,pre_2020,1,0.28812572659093344,0.25412217924344005,0.7142857142857143,1.0,18,47,0
raw_annual_rates,ex_games_12m_pct,tw_epi_integrated_circuits_gbp_12m_pct,pre_2020,2,0.42801990327289535,0.41518916887503277,0.5714285714285714,1.0,18,46,0
raw_annual_rates,ex_games_12m_pct,tw_epi_integrated_circuits_gbp_12m_pct,pre_2020,3,0.5574076370162069,0.5646267118347563,0.42857142857142855,1.0,18,45,0
raw_annual_rates,ex_games_12m_pct,tw_epi_integrated_circuits_gbp_12m_pct,pre_2020,4,0.6932200339619792,0.7201686643496649,0.42857142857142855,1.0,18,44,0
raw_annual_rates,ex_games_12m_pct,tw_epi_integrated_circuits_gbp_12m_pct,pre_2020,5,0.7913338218928914,0.828226218472411,0.42857142857142855,0.5714285714285714,18,43,0
raw_annual_rates,ex_games_12m_pct,tw_epi_integrated_circuits_gbp_12m_pct,pre_2020,6,0.8507445950854068,0.8886041534008534,0.14285714285714285,0.14285714285714285,18,42,0
raw_annual_rates,ex_games_12m_pct,tw_epi_integrated_circuits_gbp_12m_pct,pre_2020,7,0.8517367155603814,0.90700791709707,0.14285714285714285,0.14285714285714285,18,41,0
raw_annual_rates,ex_games_12m_pct,tw_epi_integrated_circuits_gbp_12m_pct,pre_2020,8,0.7660795081443815,0.8268983833632472,0.14285714285714285,0.5714285714285714,18,40,0
raw_annual_rates,ex_games_12m_pct,tw_epi_integrated_circuits_gbp_12m_pct,pre_2020,9,0.6907563685672682,0.7314339798103254,0.5714285714285714,1.0,18,39,0
raw_annual_rates,ex_games_12m_pct,tw_epi_integrated_circuits_gbp_12m_pct,pre_2020,10,0.5848349207435369,0.615345680545121,0.7142857142857143,1.0,18,38,0
raw_annual_rates,ex_games_12m_pct,tw_epi_integrated_circuits_gbp_12m_pct,pre_2020,11,0.4364735574301665,0.4456725393832863,0.7142857142857143,1.0,18,37,0
raw_annual_rates,ex_games_12m_pct,tw_epi_integrated_circuits_gbp_12m_pct,pre_2020,12,0.30337209884289706,0.28299800293010857,0.7142857142857143,1.0,18,36,0
raw_annual_rates,ex_games_12m_pct,tw_epi_integrated_circuits_gbp_12m_pct,pre_2020,13,0.1780168237966,0.11527797660232311,0.8571428571428571,1.0,18,35,0
raw_annual_rates,ex_games_12m_pct,tw_epi_integrated_circuits_gbp_12m_pct,pre_2020,14,0.05101099539312363,-0.022511205259114993,1.0,1.0,18,34,0
raw_annual_rates,ex_games_12m_pct,tw_epi_integrated_circuits_gbp_12m_pct,pre_2020,15,-0.051852937350202716,-0.11406295425547587,0.8571428571428571,1.0,18,33,0
raw_annual_rates,ex_games_12m_pct,tw_epi_integrated_circuits_gbp_12m_pct,pre_2020,16,-0.14954096028323077,-0.215655394592211,0.5714285714285714,1.0,18,32,0
raw_annual_rates,ex_games_12m_pct,tw_epi_integrated_circuits_gbp_12m_pct,pre_2020,17,-0.18987671543284046,-0.24301298138431796,0.5714285714285714,1.0,18,31,0
raw_annual_rates,ex_games_12m_pct,tw_epi_integrated_circuits_gbp_12m_pct,pre_2020,18,-0.19912270386472503,-0.19912270386472503,0.5714285714285714,1.0,18,30,0
raw_annual_rates,ex_games_12m_pct,tw_epi_integrated_circuits_gbp_12m_pct,pandemic_2020_2022,0,-0.539942984358567,-0.5562384400695182,0.5,0.5,18,36,0
raw_annual_rates,ex_games_12m_pct,tw_epi_integrated_circuits_gbp_12m_pct,pandemic_2020_2022,1,-0.5989157190138201,-0.4736745455039823,0.5,0.5,18,35,0
raw_annual_rates,ex_games_12m_pct,tw_epi_integrated_circuits_gbp_12m_pct,pandemic_2020_2022,2,-0.6654036328998706,-0.35102616165953443,0.5,1.0,18,34,0
raw_annual_rates,ex_games_12m_pct,tw_epi_integrated_circuits_gbp_12m_pct,pandemic_2020_2022,3,-0.6964637670193462,-0.23720964798355398,0.5,1.0,18,33,0
raw_annual_rates,ex_games_12m_pct,tw_epi_integrated_circuits_gbp_12m_pct,pandemic_2020_2022,4,-0.6986105606537198,-0.09090663840719186,1.0,1.0,18,32,0
raw_annual_rates,ex_games_12m_pct,tw_epi_integrated_circuits_gbp_12m_pct,pandemic_2020_2022,5,-0.7041459976481,-0.022498653863070348,1.0,1.0,18,31,0
raw_annual_rates,ex_games_12m_pct,tw_epi_integrated_circuits_gbp_12m_pct,pandemic_2020_2022,6,-0.6766557313396209,0.1138311261807221,1.0,1.0,18,30,0
raw_annual_rates,ex_games_12m_pct,tw_epi_integrated_circuits_gbp_12m_pct,pandemic_2020_2022,7,-0.6030934956774812,0.28696983234740076,1.0,1.0,18,29,0
raw_annual_rates,ex_games_12m_pct,tw_epi_integrated_circuits_gbp_12m_pct,pandemic_2020_2022,8,-0.5157498304465719,0.46495479535091655,0.5,0.5,18,28,0
raw_annual_rates,ex_games_12m_pct,tw_epi_integrated_circuits_gbp_12m_pct,pandemic_2020_2022,9,-0.3534591464711113,0.7289895403248027,0.5,0.5,18,27,0
raw_annual_rates,ex_games_12m_pct,tw_epi_integrated_circuits_gbp_12m_pct,pandemic_2020_2022,10,-0.21959062408605914,0.7044785094201389,0.5,0.5,18,26,0
raw_annual_rates,ex_games_12m_pct,tw_epi_integrated_circuits_gbp_12m_pct,pandemic_2020_2022,11,-0.044271239731152746,0.7334677294424291,0.5,0.5,18,25,0
raw_annual_rates,ex_games_12m_pct,tw_epi_integrated_circuits_gbp_12m_pct,pandemic_2020_2022,12,0.09018847351874669,0.6822891821591113,0.5,0.5,18,24,0
raw_annual_rates,ex_games_12m_pct,tw_epi_integrated_circuits_gbp_12m_pct,pandemic_2020_2022,13,0.2783383359999952,0.6419908365178152,0.5,0.5,18,23,0
raw_annual_rates,ex_games_12m_pct,tw_epi_integrated_circuits_gbp_12m_pct,pandemic_2020_2022,14,0.5211560551469024,0.7066366255608219,0.5,0.5,18,22,0
raw_annual_rates,ex_games_12m_pct,tw_epi_integrated_circuits_gbp_12m_pct,pandemic_2020_2022,15,0.5693134199557767,0.6685430204423964,0.5,0.5,18,21,0
raw_annual_rates,ex_games_12m_pct,tw_epi_integrated_circuits_gbp_12m_pct,pandemic_2020_2022,16,0.4998817775909827,0.551271211349307,0.5,0.5,18,20,0
raw_annual_rates,ex_games_12m_pct,tw_epi_integrated_circuits_gbp_12m_pct,pandemic_2020_2022,17,0.46532436826261325,0.47088147916234296,0.5,0.5,18,19,0
raw_annual_rates,ex_games_12m_pct,tw_epi_integrated_circuits_gbp_12m_pct,pandemic_2020_2022,18,0.5122091498326359,0.5122091498326359,0.5,0.5,18,18,0
raw_annual_rates,ex_games_12m_pct,tw_epi_integrated_circuits_gbp_12m_pct,post_2022,0,-0.14316666148123633,-0.4088254124971036,1.0,1.0,18,43,0
raw_annual_rates,ex_games_12m_pct,tw_epi_integrated_circuits_gbp_12m_pct,post_2022,1,0.02606760454484008,-0.07759849388653155,1.0,1.0,18,42,0
raw_annual_rates,ex_games_12m_pct,tw_epi_integrated_circuits_gbp_12m_pct,post_2022,2,0.10719717246348923,0.06058857176363945,1.0,1.0,18,41,0
raw_annual_rates,ex_games_12m_pct,tw_epi_integrated_circuits_gbp_12m_pct,post_2022,3,0.2004998309528572,0.2168982255520769,0.5,1.0,18,40,0
raw_annual_rates,ex_games_12m_pct,tw_epi_integrated_circuits_gbp_12m_pct,post_2022,4,0.20705968407497366,0.21565293873062996,0.5,1.0,18,39,0
raw_annual_rates,ex_games_12m_pct,tw_epi_integrated_circuits_gbp_12m_pct,post_2022,5,0.26439511642661107,0.30727170997163294,0.5,1.0,18,38,0
raw_annual_rates,ex_games_12m_pct,tw_epi_integrated_circuits_gbp_12m_pct,post_2022,6,0.25725497566087996,0.3343048076870044,0.5,1.0,18,37,0
raw_annual_rates,ex_games_12m_pct,tw_epi_integrated_circuits_gbp_12m_pct,post_2022,7,0.4383104838628276,0.5203082199650924,0.5,0.5,18,36,0
raw_annual_rates,ex_games_12m_pct,tw_epi_integrated_circuits_gbp_12m_pct,post_2022,8,0.5322985297304602,0.5511808380514168,0.5,0.5,18,35,0
raw_annual_rates,ex_games_12m_pct,tw_epi_integrated_circuits_gbp_12m_pct,post_2022,9,0.626216933016036,0.6340846226890199,0.5,0.5,18,34,0
raw_annual_rates,ex_games_12m_pct,tw_epi_integrated_circuits_gbp_12m_pct,post_2022,10,0.5969117629225025,0.6708476374467061,0.5,0.5,18,33,0
raw_annual_rates,ex_games_12m_pct,tw_epi_integrated_circuits_gbp_12m_pct,post_2022,11,0.47280351144955707,0.5926280408238435,0.5,0.5,18,32,0
raw_annual_rates,ex_games_12m_pct,tw_epi_integrated_circuits_gbp_12m_pct,post_2022,12,0.2843025238324518,0.38197047476466656,0.5,1.0,18,31,0
raw_annual_rates,ex_games_12m_pct,tw_epi_integrated_circuits_gbp_12m_pct,post_2022,13,-0.0014981604114748766,0.047265583489744516,1.0,1.0,18,30,0
raw_annual_rates,ex_games_12m_pct,tw_epi_integrated_circuits_gbp_12m_pct,post_2022,14,-0.03951942364546774,-0.05033754972411081,1.0,1.0,18,29,0
raw_annual_rates,ex_games_12m_pct,tw_epi_integrated_circuits_gbp_12m_pct,post_2022,15,-0.0858617377486065,-0.14727486795865702,0.5,1.0,18,28,0
raw_annual_rates,ex_games_12m_pct,tw_epi_integrated_circuits_gbp_12m_pct,post_2022,16,-0.009345093658320359,-0.1148534691489646,0.5,1.0,18,27,0
raw_annual_rates,ex_games_12m_pct,tw_epi_integrated_circuits_gbp_12m_pct,post_2022,17,-0.13680417909601822,-0.21023222928380328,0.5,1.0,18,26,0
raw_annual_rates,ex_games_12m_pct,tw_epi_integrated_circuits_gbp_12m_pct,post_2022,18,-0.06018232686811126,-0.06018232686811126,0.5,1.0,18,25,0
raw_annual_rates,ex_games_12m_pct,hk_ppi_tech_gbp_12m_pct,full,0,0.3762365468113879,0.4147471797417769,0.1744186046511628,0.36046511627906974,18,127,0
raw_annual_rates,ex_games_12m_pct,hk_ppi_tech_gbp_12m_pct,full,1,0.43666007641659765,0.47626162571994574,0.10465116279069768,0.3023255813953488,18,126,0
raw_annual_rates,ex_games_12m_pct,hk_ppi_tech_gbp_12m_pct,full,2,0.5054262673802018,0.5440670130287586,0.09302325581395349,0.26744186046511625,18,125,0
raw_annual_rates,ex_games_12m_pct,hk_ppi_tech_gbp_12m_pct,full,3,0.5477627885161767,0.5720291741948085,0.06976744186046512,0.26744186046511625,18,124,0
raw_annual_rates,ex_games_12m_pct,hk_ppi_tech_gbp_12m_pct,full,4,0.5587443148219191,0.5744961022005025,0.06976744186046512,0.26744186046511625,18,123,0
raw_annual_rates,ex_games_12m_pct,hk_ppi_tech_gbp_12m_pct,full,5,0.5389929992688101,0.5606071645936277,0.08139534883720931,0.26744186046511625,18,122,0
raw_annual_rates,ex_games_12m_pct,hk_ppi_tech_gbp_12m_pct,full,6,0.45250092878570536,0.4719951812597326,0.09302325581395349,0.3023255813953488,18,121,0
raw_annual_rates,ex_games_12m_pct,hk_ppi_tech_gbp_12m_pct,full,7,0.3764166371004369,0.398976260064794,0.11627906976744186,0.37209302325581395,18,120,0
raw_annual_rates,ex_games_12m_pct,hk_ppi_tech_gbp_12m_pct,full,8,0.292180112520281,0.31439647923095687,0.32558139534883723,0.7674418604651163,18,119,0
raw_annual_rates,ex_games_12m_pct,hk_ppi_tech_gbp_12m_pct,full,9,0.17904660516589868,0.20424503511935926,0.5581395348837209,0.8953488372093024,18,118,0
raw_annual_rates,ex_games_12m_pct,hk_ppi_tech_gbp_12m_pct,full,10,0.07520783846040191,0.08839455250811244,0.7558139534883721,1.0,18,117,0
raw_annual_rates,ex_games_12m_pct,hk_ppi_tech_gbp_12m_pct,full,11,0.000927346515649082,0.0011525491975962127,1.0,1.0,18,116,0
raw_annual_rates,ex_games_12m_pct,hk_ppi_tech_gbp_12m_pct,full,12,-0.08484913241520169,-0.08807581120567073,0.7441860465116279,1.0,18,115,0
raw_annual_rates,ex_games_12m_pct,hk_ppi_tech_gbp_12m_pct,full,13,-0.13507927199565425,-0.1425236541443333,0.6395348837209303,1.0,18,114,0
raw_annual_rates,ex_games_12m_pct,hk_ppi_tech_gbp_12m_pct,full,14,-0.219422445073685,-0.22355131312504892,0.46511627906976744,0.8255813953488372,18,113,0
raw_annual_rates,ex_games_12m_pct,hk_ppi_tech_gbp_12m_pct,full,15,-0.26535035380899724,-0.27092028214702096,0.38372093023255816,0.8023255813953488,18,112,0
raw_annual_rates,ex_games_12m_pct,hk_ppi_tech_gbp_12m_pct,full,16,-0.30065289375831267,-0.3016150873135257,0.32558139534883723,0.7674418604651163,18,111,0
raw_annual_rates,ex_games_12m_pct,hk_ppi_tech_gbp_12m_pct,full,17,-0.3018387669518203,-0.3002779081452714,0.3488372093023256,0.7674418604651163,18,110,0
raw_annual_rates,ex_games_12m_pct,hk_ppi_tech_gbp_12m_pct,full,18,-0.269766217987757,-0.269766217987757,0.4069767441860465,0.8023255813953488,18,109,0
raw_annual_rates,ex_games_12m_pct,hk_ppi_tech_gbp_12m_pct,pre_2020,0,0.8190201150957759,0.8679293591754063,0.42857142857142855,1.0,18,48,0
raw_annual_rates,ex_games_12m_pct,hk_ppi_tech_gbp_12m_pct,pre_2020,1,0.8657328101749605,0.9239299499003911,0.2857142857142857,0.5714285714285714,18,47,0
raw_annual_rates,ex_games_12m_pct,hk_ppi_tech_gbp_12m_pct,pre_2020,2,0.8949016278847018,0.9598625989293083,0.14285714285714285,0.14285714285714285,18,46,0
raw_annual_rates,ex_games_12m_pct,hk_ppi_tech_gbp_12m_pct,pre_2020,3,0.8495499590351613,0.9154603004137477,0.14285714285714285,0.5714285714285714,18,45,0
raw_annual_rates,ex_games_12m_pct,hk_ppi_tech_gbp_12m_pct,pre_2020,4,0.7816500484554791,0.8561387293919819,0.42857142857142855,1.0,18,44,0
raw_annual_rates,ex_games_12m_pct,hk_ppi_tech_gbp_12m_pct,pre_2020,5,0.7061356594792048,0.7718497695482304,0.42857142857142855,1.0,18,43,0
raw_annual_rates,ex_games_12m_pct,hk_ppi_tech_gbp_12m_pct,pre_2020,6,0.5353682339440815,0.5612687319816557,0.5714285714285714,1.0,18,42,0
raw_annual_rates,ex_games_12m_pct,hk_ppi_tech_gbp_12m_pct,pre_2020,7,0.38098001514730556,0.3730785909488064,0.5714285714285714,1.0,18,41,0
raw_annual_rates,ex_games_12m_pct,hk_ppi_tech_gbp_12m_pct,pre_2020,8,0.23280828611909368,0.17462155432455873,0.5714285714285714,1.0,18,40,0
raw_annual_rates,ex_games_12m_pct,hk_ppi_tech_gbp_12m_pct,pre_2020,9,0.04047563348274241,-0.07896340268501896,0.8571428571428571,1.0,18,39,0
raw_annual_rates,ex_games_12m_pct,hk_ppi_tech_gbp_12m_pct,pre_2020,10,-0.12552672865986766,-0.29179672823192415,0.42857142857142855,1.0,18,38,0
raw_annual_rates,ex_games_12m_pct,hk_ppi_tech_gbp_12m_pct,pre_2020,11,-0.2806846275374694,-0.4672527814864759,0.42857142857142855,1.0,18,37,0
raw_annual_rates,ex_games_12m_pct,hk_ppi_tech_gbp_12m_pct,pre_2020,12,-0.4100413589047817,-0.6295611022867104,0.2857142857142857,1.0,18,36,0
raw_annual_rates,ex_games_12m_pct,hk_ppi_tech_gbp_12m_pct,pre_2020,13,-0.47845358094572943,-0.7149999566964043,0.42857142857142855,1.0,18,35,0
raw_annual_rates,ex_games_12m_pct,hk_ppi_tech_gbp_12m_pct,pre_2020,14,-0.534215303017077,-0.7557978780781069,0.2857142857142857,1.0,18,34,0
raw_annual_rates,ex_games_12m_pct,hk_ppi_tech_gbp_12m_pct,pre_2020,15,-0.5280820937596388,-0.7127485521440367,0.2857142857142857,1.0,18,33,0
raw_annual_rates,ex_games_12m_pct,hk_ppi_tech_gbp_12m_pct,pre_2020,16,-0.4818501250229924,-0.6599213121291205,0.42857142857142855,1.0,18,32,0
raw_annual_rates,ex_games_12m_pct,hk_ppi_tech_gbp_12m_pct,pre_2020,17,-0.48517340897549666,-0.6040621077351767,0.14285714285714285,1.0,18,31,0
raw_annual_rates,ex_games_12m_pct,hk_ppi_tech_gbp_12m_pct,pre_2020,18,-0.4308890979762686,-0.4308890979762686,0.2857142857142857,1.0,18,30,0
raw_annual_rates,ex_games_12m_pct,hk_ppi_tech_gbp_12m_pct,pandemic_2020_2022,0,-0.4260483860041273,-0.2764905878103829,1.0,1.0,18,36,0
raw_annual_rates,ex_games_12m_pct,hk_ppi_tech_gbp_12m_pct,pandemic_2020_2022,1,-0.28461713737567146,-0.13237492912149407,1.0,1.0,18,35,0
raw_annual_rates,ex_games_12m_pct,hk_ppi_tech_gbp_12m_pct,pandemic_2020_2022,2,-0.1670307328805933,-0.13008672938124738,1.0,1.0,18,34,0
raw_annual_rates,ex_games_12m_pct,hk_ppi_tech_gbp_12m_pct,pandemic_2020_2022,3,-0.0020339739534907977,-0.06566535890622877,1.0,1.0,18,33,0
raw_annual_rates,ex_games_12m_pct,hk_ppi_tech_gbp_12m_pct,pandemic_2020_2022,4,0.16191191520613984,-0.06522962447176717,1.0,1.0,18,32,0
raw_annual_rates,ex_games_12m_pct,hk_ppi_tech_gbp_12m_pct,pandemic_2020_2022,5,0.34723550341690046,0.070461905663396,1.0,1.0,18,31,0
raw_annual_rates,ex_games_12m_pct,hk_ppi_tech_gbp_12m_pct,pandemic_2020_2022,6,0.5564274245900133,0.31719583099304294,1.0,1.0,18,30,0
raw_annual_rates,ex_games_12m_pct,hk_ppi_tech_gbp_12m_pct,pandemic_2020_2022,7,0.7309892239235344,0.40170264782065823,0.5,1.0,18,29,0
raw_annual_rates,ex_games_12m_pct,hk_ppi_tech_gbp_12m_pct,pandemic_2020_2022,8,0.7788220974923659,0.5270039579698245,0.5,0.5,18,28,0
raw_annual_rates,ex_games_12m_pct,hk_ppi_tech_gbp_12m_pct,pandemic_2020_2022,9,0.7048429240771097,0.18697156613518157,0.5,1.0,18,27,0
raw_annual_rates,ex_games_12m_pct,hk_ppi_tech_gbp_12m_pct,pandemic_2020_2022,10,0.7447491189033681,0.320566530840853,0.5,1.0,18,26,0
raw_annual_rates,ex_games_12m_pct,hk_ppi_tech_gbp_12m_pct,pandemic_2020_2022,11,0.731650985869935,0.3975097448575007,0.5,1.0,18,25,0
raw_annual_rates,ex_games_12m_pct,hk_ppi_tech_gbp_12m_pct,pandemic_2020_2022,12,0.713722013942006,0.4587174876576535,0.5,1.0,18,24,0
raw_annual_rates,ex_games_12m_pct,hk_ppi_tech_gbp_12m_pct,pandemic_2020_2022,13,0.6400128691660155,0.4081786170345128,0.5,1.0,18,23,0
raw_annual_rates,ex_games_12m_pct,hk_ppi_tech_gbp_12m_pct,pandemic_2020_2022,14,0.570746456089553,0.3843420928494108,0.5,1.0,18,22,0
raw_annual_rates,ex_games_12m_pct,hk_ppi_tech_gbp_12m_pct,pandemic_2020_2022,15,0.4854273382805455,0.38853195768117677,0.5,1.0,18,21,0
raw_annual_rates,ex_games_12m_pct,hk_ppi_tech_gbp_12m_pct,pandemic_2020_2022,16,0.4178178123841026,0.3282446871991004,1.0,1.0,18,20,0
raw_annual_rates,ex_games_12m_pct,hk_ppi_tech_gbp_12m_pct,pandemic_2020_2022,17,0.3980270990763963,0.3681309163258356,1.0,1.0,18,19,0
raw_annual_rates,ex_games_12m_pct,hk_ppi_tech_gbp_12m_pct,pandemic_2020_2022,18,0.2759811175499118,0.2759811175499118,1.0,1.0,18,18,0
raw_annual_rates,ex_games_12m_pct,hk_ppi_tech_gbp_12m_pct,post_2022,0,0.12167650230589816,0.2580774383169192,0.5,1.0,18,43,0
raw_annual_rates,ex_games_12m_pct,hk_ppi_tech_gbp_12m_pct,post_2022,1,0.18822753215978572,0.38141754896396074,0.5,1.0,18,42,0
raw_annual_rates,ex_games_12m_pct,hk_ppi_tech_gbp_12m_pct,post_2022,2,0.34382190847089295,0.5799445192990701,0.5,0.5,18,41,0
raw_annual_rates,ex_games_12m_pct,hk_ppi_tech_gbp_12m_pct,post_2022,3,0.5611754019183688,0.7460652107168623,0.5,0.5,18,40,0
raw_annual_rates,ex_games_12m_pct,hk_ppi_tech_gbp_12m_pct,post_2022,4,0.7014879457398793,0.8383134784992144,0.5,0.5,18,39,0
raw_annual_rates,ex_games_12m_pct,hk_ppi_tech_gbp_12m_pct,post_2022,5,0.7013003018727557,0.8572101259519386,0.5,0.5,18,38,0
raw_annual_rates,ex_games_12m_pct,hk_ppi_tech_gbp_12m_pct,post_2022,6,0.5863290413588945,0.7124593869665858,0.5,0.5,18,37,0
raw_annual_rates,ex_games_12m_pct,hk_ppi_tech_gbp_12m_pct,post_2022,7,0.5400752635061333,0.7077093849354467,0.5,0.5,18,36,0
raw_annual_rates,ex_games_12m_pct,hk_ppi_tech_gbp_12m_pct,post_2022,8,0.40126958755403114,0.5747284567843312,0.5,0.5,18,35,0
raw_annual_rates,ex_games_12m_pct,hk_ppi_tech_gbp_12m_pct,post_2022,9,0.37462728147135693,0.5863877552419001,0.5,0.5,18,34,0
raw_annual_rates,ex_games_12m_pct,hk_ppi_tech_gbp_12m_pct,post_2022,10,0.24958098267859596,0.33013139117593393,0.5,1.0,18,33,0
raw_annual_rates,ex_games_12m_pct,hk_ppi_tech_gbp_12m_pct,post_2022,11,0.2841516938956419,0.2377905599077898,0.5,1.0,18,32,0
raw_annual_rates,ex_games_12m_pct,hk_ppi_tech_gbp_12m_pct,post_2022,12,0.14402388986386044,0.04583041583819459,1.0,1.0,18,31,0
raw_annual_rates,ex_games_12m_pct,hk_ppi_tech_gbp_12m_pct,post_2022,13,0.1217169340932553,-0.025584209254136653,1.0,1.0,18,30,0
raw_annual_rates,ex_games_12m_pct,hk_ppi_tech_gbp_12m_pct,post_2022,14,-0.0681075276116796,-0.20211883255598187,0.5,1.0,18,29,0
raw_annual_rates,ex_games_12m_pct,hk_ppi_tech_gbp_12m_pct,post_2022,15,-0.3271357026497342,-0.4975475688165738,0.5,1.0,18,28,0
raw_annual_rates,ex_games_12m_pct,hk_ppi_tech_gbp_12m_pct,post_2022,16,-0.47580739595141264,-0.5841032482365508,0.5,0.5,18,27,0
raw_annual_rates,ex_games_12m_pct,hk_ppi_tech_gbp_12m_pct,post_2022,17,-0.49042034111294147,-0.4954988298786673,0.5,1.0,18,26,0
raw_annual_rates,ex_games_12m_pct,hk_ppi_tech_gbp_12m_pct,post_2022,18,-0.15783617045302478,-0.15783617045302478,0.5,1.0,18,25,0
raw_annual_rates,ex_games_12m_pct,oecd_asia_c26_targeted_gbp_12m_pct,full,0,-0.32979664159429306,-0.4484945991819223,0.047619047619047616,0.5714285714285714,18,62,0
raw_annual_rates,ex_games_12m_pct,oecd_asia_c26_targeted_gbp_12m_pct,full,1,-0.24317714485704822,-0.3635775223892624,0.14285714285714285,0.8095238095238095,18,61,0
raw_annual_rates,ex_games_12m_pct,oecd_asia_c26_targeted_gbp_12m_pct,full,2,-0.19566370160505597,-0.2985885423639567,0.19047619047619047,0.9047619047619048,18,60,0
raw_annual_rates,ex_games_12m_pct,oecd_asia_c26_targeted_gbp_12m_pct,full,3,-0.13504569787549106,-0.2258990427922621,0.42857142857142855,1.0,18,59,0
raw_annual_rates,ex_games_12m_pct,oecd_asia_c26_targeted_gbp_12m_pct,full,4,-0.055692046944191484,-0.13395384714813294,0.5714285714285714,1.0,18,58,0
raw_annual_rates,ex_games_12m_pct,oecd_asia_c26_targeted_gbp_12m_pct,full,5,0.07201087305913431,0.008912017868933336,0.9523809523809523,1.0,18,57,0
raw_annual_rates,ex_games_12m_pct,oecd_asia_c26_targeted_gbp_12m_pct,full,6,0.19258596099324085,0.15088624326874175,0.47619047619047616,1.0,18,56,0
raw_annual_rates,ex_games_12m_pct,oecd_asia_c26_targeted_gbp_12m_pct,full,7,0.3365142049233611,0.3177876127195988,0.19047619047619047,0.9047619047619048,18,55,0
raw_annual_rates,ex_games_12m_pct,oecd_asia_c26_targeted_gbp_12m_pct,full,8,0.451673395818406,0.44822773429922713,0.047619047619047616,0.5714285714285714,18,54,0
raw_annual_rates,ex_games_12m_pct,oecd_asia_c26_targeted_gbp_12m_pct,full,9,0.5197453999128704,0.5141204895508414,0.047619047619047616,0.5238095238095238,18,53,0
raw_annual_rates,ex_games_12m_pct,oecd_asia_c26_targeted_gbp_12m_pct,full,10,0.5997306329048746,0.6098172340097348,0.047619047619047616,0.38095238095238093,18,52,0
raw_annual_rates,ex_games_12m_pct,oecd_asia_c26_targeted_gbp_12m_pct,full,11,0.6553601532816293,0.685207218959534,0.047619047619047616,0.047619047619047616,18,51,0
raw_annual_rates,ex_games_12m_pct,oecd_asia_c26_targeted_gbp_12m_pct,full,12,0.6542434748882047,0.704599015666937,0.047619047619047616,0.047619047619047616,18,50,0
raw_annual_rates,ex_games_12m_pct,oecd_asia_c26_targeted_gbp_12m_pct,full,13,0.6286539335948114,0.66841490522594,0.047619047619047616,0.09523809523809523,18,49,0
raw_annual_rates,ex_games_12m_pct,oecd_asia_c26_targeted_gbp_12m_pct,full,14,0.6101443549520014,0.6430482598795322,0.14285714285714285,0.19047619047619047,18,48,0
raw_annual_rates,ex_games_12m_pct,oecd_asia_c26_targeted_gbp_12m_pct,full,15,0.5765068995455312,0.5872827882422472,0.23809523809523808,0.42857142857142855,18,47,0
raw_annual_rates,ex_games_12m_pct,oecd_asia_c26_targeted_gbp_12m_pct,full,16,0.5196048080108201,0.5244147665772998,0.3333333333333333,0.5238095238095238,18,46,0
raw_annual_rates,ex_games_12m_pct,oecd_asia_c26_targeted_gbp_12m_pct,full,17,0.4366852509964318,0.43677227847437605,0.38095238095238093,0.6190476190476191,18,45,0
raw_annual_rates,ex_games_12m_pct,oecd_asia_c26_targeted_gbp_12m_pct,full,18,0.3498232343744399,0.3498232343744399,0.47619047619047616,0.8095238095238095,18,44,0
raw_annual_rates,ex_games_12m_pct,oecd_asia_c26_targeted_gbp_12m_pct,post_2022,0,-0.3997202855494112,-0.5296416289565395,0.5,0.5,18,40,0
raw_annual_rates,ex_games_12m_pct,oecd_asia_c26_targeted_gbp_12m_pct,post_2022,1,-0.1974151690595833,-0.2364603704511021,0.5,1.0,18,39,0
raw_annual_rates,ex_games_12m_pct,oecd_asia_c26_targeted_gbp_12m_pct,post_2022,2,-0.062368811374207224,0.022674249897036418,1.0,1.0,18,38,0
raw_annual_rates,ex_games_12m_pct,oecd_asia_c26_targeted_gbp_12m_pct,post_2022,3,0.04946473058375271,0.13789946624106417,1.0,1.0,18,37,0
raw_annual_rates,ex_games_12m_pct,oecd_asia_c26_targeted_gbp_12m_pct,post_2022,4,0.11529534258853674,0.21790189350908104,1.0,1.0,18,36,0
raw_annual_rates,ex_games_12m_pct,oecd_asia_c26_targeted_gbp_12m_pct,post_2022,5,0.2434036131451259,0.31574812784133527,1.0,1.0,18,35,0
raw_annual_rates,ex_games_12m_pct,oecd_asia_c26_targeted_gbp_12m_pct,post_2022,6,0.3190368417897402,0.39625253672464933,0.5,1.0,18,34,0
raw_annual_rates,ex_games_12m_pct,oecd_asia_c26_targeted_gbp_12m_pct,post_2022,7,0.4431515158249004,0.5562890347116088,0.5,0.5,18,33,0
raw_annual_rates,ex_games_12m_pct,oecd_asia_c26_targeted_gbp_12m_pct,post_2022,8,0.5069434638923704,0.6235402357562871,0.5,0.5,18,32,0
raw_annual_rates,ex_games_12m_pct,oecd_asia_c26_targeted_gbp_12m_pct,post_2022,9,0.4645617003968393,0.4958070717928612,0.5,0.5,18,31,0
raw_annual_rates,ex_games_12m_pct,oecd_asia_c26_targeted_gbp_12m_pct,post_2022,10,0.479191817017914,0.5203596646456101,0.5,0.5,18,30,0
raw_annual_rates,ex_games_12m_pct,oecd_asia_c26_targeted_gbp_12m_pct,post_2022,11,0.3803018122646809,0.49633218333218554,0.5,0.5,18,29,0
raw_annual_rates,ex_games_12m_pct,oecd_asia_c26_targeted_gbp_12m_pct,post_2022,12,0.22658795728914624,0.39381503201415496,0.5,1.0,18,28,0
raw_annual_rates,ex_games_12m_pct,oecd_asia_c26_targeted_gbp_12m_pct,post_2022,13,-0.00920131329050479,0.058242106702552573,0.5,1.0,18,27,0
raw_annual_rates,ex_games_12m_pct,oecd_asia_c26_targeted_gbp_12m_pct,post_2022,14,-0.08778822208560057,-0.08165487184659197,0.5,1.0,18,26,0
raw_annual_rates,ex_games_12m_pct,oecd_asia_c26_targeted_gbp_12m_pct,post_2022,15,-0.19516952936144646,-0.3356457262418748,0.5,1.0,18,25,0
raw_annual_rates,ex_games_12m_pct,oecd_asia_c26_targeted_gbp_12m_pct,post_2022,16,-0.21023227877928427,-0.3513514592714602,1.0,1.0,18,24,0
raw_annual_rates,ex_games_12m_pct,oecd_asia_c26_targeted_gbp_12m_pct,post_2022,17,-0.19792741407430842,-0.3329561310756498,0.5,1.0,18,23,0
raw_annual_rates,ex_games_12m_pct,oecd_asia_c26_targeted_gbp_12m_pct,post_2022,18,-0.30587826076194086,-0.30587826076194086,0.5,1.0,18,22,0
raw_annual_rates,ex_games_12m_pct,oecd_asia_c26_bls_gbp_12m_pct,full,0,-0.17478065772190116,-0.23254413194354626,0.5764705882352941,1.0,18,126,0
raw_annual_rates,ex_games_12m_pct,oecd_asia_c26_bls_gbp_12m_pct,full,1,-0.0650116851080838,-0.12320856653845191,0.7764705882352941,1.0,18,125,0
raw_annual_rates,ex_games_12m_pct,oecd_asia_c26_bls_gbp_12m_pct,full,2,0.03441220565518069,-0.01134371224707515,0.9764705882352941,1.0,18,124,0
raw_annual_rates,ex_games_12m_pct,oecd_asia_c26_bls_gbp_12m_pct,full,3,0.12836614803125201,0.09359386717551473,0.8235294117647058,1.0,18,123,0
raw_annual_rates,ex_games_12m_pct,oecd_asia_c26_bls_gbp_12m_pct,full,4,0.2239452450041035,0.20377874992187472,0.5882352941176471,1.0,18,122,0
raw_annual_rates,ex_games_12m_pct,oecd_asia_c26_bls_gbp_12m_pct,full,5,0.3233200916267256,0.3136806638258455,0.3176470588235294,0.8235294117647058,18,121,0
raw_annual_rates,ex_games_12m_pct,oecd_asia_c26_bls_gbp_12m_pct,full,6,0.40888601845585665,0.40460431453761914,0.18823529411764706,0.611764705882353,18,120,0
raw_annual_rates,ex_games_12m_pct,oecd_asia_c26_bls_gbp_12m_pct,full,7,0.49136626188601307,0.4894567137668998,0.08235294117647059,0.3176470588235294,18,119,0
raw_annual_rates,ex_games_12m_pct,oecd_asia_c26_bls_gbp_12m_pct,full,8,0.521122395106392,0.5197022519824342,0.058823529411764705,0.29411764705882354,18,118,0
raw_annual_rates,ex_games_12m_pct,oecd_asia_c26_bls_gbp_12m_pct,full,9,0.5349801213204437,0.5356885009210818,0.058823529411764705,0.2823529411764706,18,117,0
raw_annual_rates,ex_games_12m_pct,oecd_asia_c26_bls_gbp_12m_pct,full,10,0.5201829744825258,0.5295000935779891,0.058823529411764705,0.2823529411764706,18,116,0
raw_annual_rates,ex_games_12m_pct,oecd_asia_c26_bls_gbp_12m_pct,full,11,0.47758491443875406,0.4943063382100566,0.07058823529411765,0.3176470588235294,18,115,0
raw_annual_rates,ex_games_12m_pct,oecd_asia_c26_bls_gbp_12m_pct,full,12,0.4152711379070594,0.43096476486973806,0.15294117647058825,0.5882352941176471,18,114,0
raw_annual_rates,ex_games_12m_pct,oecd_asia_c26_bls_gbp_12m_pct,full,13,0.35465389038158185,0.3684494029347971,0.25882352941176473,0.6588235294117647,18,113,0
raw_annual_rates,ex_games_12m_pct,oecd_asia_c26_bls_gbp_12m_pct,full,14,0.28935896074282924,0.2979650339352039,0.4117647058823529,0.9294117647058824,18,112,0
raw_annual_rates,ex_games_12m_pct,oecd_asia_c26_bls_gbp_12m_pct,full,15,0.23499638167227785,0.23992960404815813,0.6,1.0,18,111,0
raw_annual_rates,ex_games_12m_pct,oecd_asia_c26_bls_gbp_12m_pct,full,16,0.15748581563022324,0.15881431490891137,0.7529411764705882,1.0,18,110,0
raw_annual_rates,ex_games_12m_pct,oecd_asia_c26_bls_gbp_12m_pct,full,17,0.09349943336891903,0.09327243265977005,0.8470588235294118,1.0,18,109,0
raw_annual_rates,ex_games_12m_pct,oecd_asia_c26_bls_gbp_12m_pct,full,18,0.04795828270042999,0.04795828270042999,0.9058823529411765,1.0,18,108,0
raw_annual_rates,ex_games_12m_pct,oecd_asia_c26_bls_gbp_12m_pct,pre_2020,0,-0.02552047291640496,-0.0982597423336489,0.8571428571428571,1.0,18,48,0
raw_annual_rates,ex_games_12m_pct,oecd_asia_c26_bls_gbp_12m_pct,pre_2020,1,0.10209837432726601,0.06294371279908606,1.0,1.0,18,47,0
raw_annual_rates,ex_games_12m_pct,oecd_asia_c26_bls_gbp_12m_pct,pre_2020,2,0.24464861132241666,0.23229973371315304,0.7142857142857143,1.0,18,46,0
raw_annual_rates,ex_games_12m_pct,oecd_asia_c26_bls_gbp_12m_pct,pre_2020,3,0.3765611763220753,0.3896312424411514,0.5714285714285714,1.0,18,45,0
raw_annual_rates,ex_games_12m_pct,oecd_asia_c26_bls_gbp_12m_pct,pre_2020,4,0.5204983986720412,0.5581311114707811,0.5714285714285714,1.0,18,44,0
raw_annual_rates,ex_games_12m_pct,oecd_asia_c26_bls_gbp_12m_pct,pre_2020,5,0.6375570926016547,0.6895194571006614,0.5714285714285714,1.0,18,43,0
raw_annual_rates,ex_games_12m_pct,oecd_asia_c26_bls_gbp_12m_pct,pre_2020,6,0.7221397541900867,0.7795404849312773,0.5714285714285714,1.0,18,42,0
raw_annual_rates,ex_games_12m_pct,oecd_asia_c26_bls_gbp_12m_pct,pre_2020,7,0.7586749495890983,0.837013685398847,0.5714285714285714,1.0,18,41,0
raw_annual_rates,ex_games_12m_pct,oecd_asia_c26_bls_gbp_12m_pct,pre_2020,8,0.711469618849641,0.7950980860436939,0.5714285714285714,1.0,18,40,0
raw_annual_rates,ex_games_12m_pct,oecd_asia_c26_bls_gbp_12m_pct,pre_2020,9,0.6814613544753256,0.7496782852824629,0.8571428571428571,1.0,18,39,0
raw_annual_rates,ex_games_12m_pct,oecd_asia_c26_bls_gbp_12m_pct,pre_2020,10,0.6311116468721975,0.6953483188584882,0.7142857142857143,1.0,18,38,0
raw_annual_rates,ex_games_12m_pct,oecd_asia_c26_bls_gbp_12m_pct,pre_2020,11,0.52320743154348,0.5644344009423226,0.7142857142857143,1.0,18,37,0
raw_annual_rates,ex_games_12m_pct,oecd_asia_c26_bls_gbp_12m_pct,pre_2020,12,0.4353588794630457,0.44211589997861095,0.7142857142857143,1.0,18,36,0
raw_annual_rates,ex_games_12m_pct,oecd_asia_c26_bls_gbp_12m_pct,pre_2020,13,0.34613320560310973,0.31189178768933606,0.5714285714285714,1.0,18,35,0
raw_annual_rates,ex_games_12m_pct,oecd_asia_c26_bls_gbp_12m_pct,pre_2020,14,0.23469770057657835,0.18458405817825396,0.5714285714285714,1.0,18,34,0
raw_annual_rates,ex_games_12m_pct,oecd_asia_c26_bls_gbp_12m_pct,pre_2020,15,0.15052812822654071,0.1046410219271189,0.7142857142857143,1.0,18,33,0
raw_annual_rates,ex_games_12m_pct,oecd_asia_c26_bls_gbp_12m_pct,pre_2020,16,0.06731302390983014,0.010578481613917208,1.0,1.0,18,32,0
raw_annual_rates,ex_games_12m_pct,oecd_asia_c26_bls_gbp_12m_pct,pre_2020,17,0.02543449824343069,-0.020722605506667543,1.0,1.0,18,31,0
raw_annual_rates,ex_games_12m_pct,oecd_asia_c26_bls_gbp_12m_pct,pre_2020,18,0.004239315268638795,0.004239315268638795,1.0,1.0,18,30,0
raw_annual_rates,ex_games_12m_pct,oecd_asia_c26_bls_gbp_12m_pct,pandemic_2020_2022,0,-0.6575687042358419,-0.6786282802976392,0.5,0.5,18,36,0
raw_annual_rates,ex_games_12m_pct,oecd_asia_c26_bls_gbp_12m_pct,pandemic_2020_2022,1,-0.6682635297518267,-0.609499236875423,0.5,0.5,18,35,0
raw_annual_rates,ex_games_12m_pct,oecd_asia_c26_bls_gbp_12m_pct,pandemic_2020_2022,2,-0.6841447563413049,-0.49517497387174214,0.5,1.0,18,34,0
raw_annual_rates,ex_games_12m_pct,oecd_asia_c26_bls_gbp_12m_pct,pandemic_2020_2022,3,-0.6716330247675727,-0.3752273716697911,0.5,1.0,18,33,0
raw_annual_rates,ex_games_12m_pct,oecd_asia_c26_bls_gbp_12m_pct,pandemic_2020_2022,4,-0.6409359212676644,-0.24747155407040322,1.0,1.0,18,32,0
raw_annual_rates,ex_games_12m_pct,oecd_asia_c26_bls_gbp_12m_pct,pandemic_2020_2022,5,-0.585782166506596,-0.13686311198207257,1.0,1.0,18,31,0
raw_annual_rates,ex_games_12m_pct,oecd_asia_c26_bls_gbp_12m_pct,pandemic_2020_2022,6,-0.5092687304293524,0.02866741446138366,1.0,1.0,18,30,0
raw_annual_rates,ex_games_12m_pct,oecd_asia_c26_bls_gbp_12m_pct,pandemic_2020_2022,7,-0.36083369502891577,0.2561133902879923,1.0,1.0,18,29,0
raw_annual_rates,ex_games_12m_pct,oecd_asia_c26_bls_gbp_12m_pct,pandemic_2020_2022,8,-0.1722863102027283,0.5642213643827377,0.5,0.5,18,28,0
raw_annual_rates,ex_games_12m_pct,oecd_asia_c26_bls_gbp_12m_pct,pandemic_2020_2022,9,0.05094609333969562,0.7840829202035293,0.5,0.5,18,27,0
raw_annual_rates,ex_games_12m_pct,oecd_asia_c26_bls_gbp_12m_pct,pandemic_2020_2022,10,0.2428604859832359,0.8108172429107701,0.5,0.5,18,26,0
raw_annual_rates,ex_games_12m_pct,oecd_asia_c26_bls_gbp_12m_pct,pandemic_2020_2022,11,0.4320514176108292,0.8499297711924668,0.5,0.5,18,25,0
raw_annual_rates,ex_games_12m_pct,oecd_asia_c26_bls_gbp_12m_pct,pandemic_2020_2022,12,0.5251077377446588,0.7999684429910875,0.5,0.5,18,24,0
raw_annual_rates,ex_games_12m_pct,oecd_asia_c26_bls_gbp_12m_pct,pandemic_2020_2022,13,0.639930984313695,0.774748947178413,0.5,0.5,18,23,0
raw_annual_rates,ex_games_12m_pct,oecd_asia_c26_bls_gbp_12m_pct,pandemic_2020_2022,14,0.7628309008031766,0.8088789155190392,0.5,0.5,18,22,0
raw_annual_rates,ex_games_12m_pct,oecd_asia_c26_bls_gbp_12m_pct,pandemic_2020_2022,15,0.7461987069475722,0.767485288644413,0.5,0.5,18,21,0
raw_annual_rates,ex_games_12m_pct,oecd_asia_c26_bls_gbp_12m_pct,pandemic_2020_2022,16,0.6713782447232715,0.6701002020089016,0.5,0.5,18,20,0
raw_annual_rates,ex_games_12m_pct,oecd_asia_c26_bls_gbp_12m_pct,pandemic_2020_2022,17,0.6221700258353777,0.6106556229384154,0.5,0.5,18,19,0
raw_annual_rates,ex_games_12m_pct,oecd_asia_c26_bls_gbp_12m_pct,pandemic_2020_2022,18,0.6417986662635661,0.6417986662635661,0.5,0.5,18,18,0
raw_annual_rates,ex_games_12m_pct,oecd_asia_c26_bls_gbp_12m_pct,post_2022,0,0.043260697187791075,-0.14165334155147144,1.0,1.0,18,42,0
raw_annual_rates,ex_games_12m_pct,oecd_asia_c26_bls_gbp_12m_pct,post_2022,1,0.3036756162721445,0.1608387314733415,0.5,1.0,18,41,0
raw_annual_rates,ex_games_12m_pct,oecd_asia_c26_bls_gbp_12m_pct,post_2022,2,0.4231218404114956,0.37633655212225064,0.5,0.5,18,40,0
raw_annual_rates,ex_games_12m_pct,oecd_asia_c26_bls_gbp_12m_pct,post_2022,3,0.48587269463497507,0.47433361116881045,0.5,0.5,18,39,0
raw_annual_rates,ex_games_12m_pct,oecd_asia_c26_bls_gbp_12m_pct,post_2022,4,0.4538837072554309,0.5127326410520251,0.5,0.5,18,38,0
raw_annual_rates,ex_games_12m_pct,oecd_asia_c26_bls_gbp_12m_pct,post_2022,5,0.45481297659510356,0.5421408199635004,0.5,0.5,18,37,0
raw_annual_rates,ex_games_12m_pct,oecd_asia_c26_bls_gbp_12m_pct,post_2022,6,0.4479310433612908,0.5555708349229864,0.5,0.5,18,36,0
raw_annual_rates,ex_games_12m_pct,oecd_asia_c26_bls_gbp_12m_pct,post_2022,7,0.5844234396151827,0.7047576327806772,0.5,0.5,18,35,0
raw_annual_rates,ex_games_12m_pct,oecd_asia_c26_bls_gbp_12m_pct,post_2022,8,0.6205393624147271,0.7478827298882956,0.5,0.5,18,34,0
raw_annual_rates,ex_games_12m_pct,oecd_asia_c26_bls_gbp_12m_pct,post_2022,9,0.5953726865965554,0.7212634607709713,0.5,0.5,18,33,0
raw_annual_rates,ex_games_12m_pct,oecd_asia_c26_bls_gbp_12m_pct,post_2022,10,0.4415408101542075,0.6406780579767836,0.5,0.5,18,32,0
raw_annual_rates,ex_games_12m_pct,oecd_asia_c26_bls_gbp_12m_pct,post_2022,11,0.26807666922136464,0.5214696518823102,0.5,0.5,18,31,0
raw_annual_rates,ex_games_12m_pct,oecd_asia_c26_bls_gbp_12m_pct,post_2022,12,0.0813268305963165,0.2776169753909029,0.5,1.0,18,30,0
raw_annual_rates,ex_games_12m_pct,oecd_asia_c26_bls_gbp_12m_pct,post_2022,13,-0.12941183101382916,-0.010421057779919526,1.0,1.0,18,29,0
raw_annual_rates,ex_games_12m_pct,oecd_asia_c26_bls_gbp_12m_pct,post_2022,14,-0.10830181365874171,-0.09234920315240835,1.0,1.0,18,28,0
raw_annual_rates,ex_games_12m_pct,oecd_asia_c26_bls_gbp_12m_pct,post_2022,15,-0.17876982115542267,-0.24515204891361994,0.5,1.0,18,27,0
raw_annual_rates,ex_games_12m_pct,oecd_asia_c26_bls_gbp_12m_pct,post_2022,16,-0.17950535601706538,-0.3000270702598054,0.5,1.0,18,26,0
raw_annual_rates,ex_games_12m_pct,oecd_asia_c26_bls_gbp_12m_pct,post_2022,17,-0.3008917380447313,-0.38655743930750397,0.5,0.5,18,25,0
raw_annual_rates,ex_games_12m_pct,oecd_asia_c26_bls_gbp_12m_pct,post_2022,18,-0.22421624740351218,-0.22421624740351218,0.5,1.0,18,24,0
raw_annual_rates,ex_games_12m_pct,fred_china_computer_electronics_gbp_12m_pct,full,0,-0.16914444034496004,-0.2308083881977378,0.5764705882352941,1.0,18,126,0
raw_annual_rates,ex_games_12m_pct,fred_china_computer_electronics_gbp_12m_pct,full,1,-0.058925904232616615,-0.11993526805830244,0.8,1.0,18,125,0
raw_annual_rates,ex_games_12m_pct,fred_china_computer_electronics_gbp_12m_pct,full,2,0.04093681490748358,-0.006804899724889117,0.9882352941176471,1.0,18,124,0
raw_annual_rates,ex_games_12m_pct,fred_china_computer_electronics_gbp_12m_pct,full,3,0.13495744851105024,0.0982970570601307,0.8117647058823529,1.0,18,123,0
raw_annual_rates,ex_games_12m_pct,fred_china_computer_electronics_gbp_12m_pct,full,4,0.23037381295745205,0.20893125211077293,0.5882352941176471,1.0,18,122,0
raw_annual_rates,ex_games_12m_pct,fred_china_computer_electronics_gbp_12m_pct,full,5,0.3293953838168226,0.31969474928197317,0.29411764705882354,0.8117647058823529,18,121,0
raw_annual_rates,ex_games_12m_pct,fred_china_computer_electronics_gbp_12m_pct,full,6,0.41348769209370156,0.4093419680524484,0.17647058823529413,0.6,18,120,0
raw_annual_rates,ex_games_12m_pct,fred_china_computer_electronics_gbp_12m_pct,full,7,0.493353507586915,0.4923345537412072,0.07058823529411765,0.3058823529411765,18,119,0
raw_annual_rates,ex_games_12m_pct,fred_china_computer_electronics_gbp_12m_pct,full,8,0.520318416146306,0.5199739749785616,0.058823529411764705,0.29411764705882354,18,118,0
raw_annual_rates,ex_games_12m_pct,fred_china_computer_electronics_gbp_12m_pct,full,9,0.5304482509941393,0.5320468984681993,0.03529411764705882,0.2823529411764706,18,117,0
raw_annual_rates,ex_games_12m_pct,fred_china_computer_electronics_gbp_12m_pct,full,10,0.5127444962173563,0.5224051968503869,0.058823529411764705,0.29411764705882354,18,116,0
raw_annual_rates,ex_games_12m_pct,fred_china_computer_electronics_gbp_12m_pct,full,11,0.46827145646785334,0.48503688164784187,0.07058823529411765,0.32941176470588235,18,115,0
raw_annual_rates,ex_games_12m_pct,fred_china_computer_electronics_gbp_12m_pct,full,12,0.40479651638140407,0.42097679313520114,0.17647058823529413,0.5882352941176471,18,114,0
raw_annual_rates,ex_games_12m_pct,fred_china_computer_electronics_gbp_12m_pct,full,13,0.3424211763021037,0.35697409173145567,0.29411764705882354,0.6705882352941176,18,113,0
raw_annual_rates,ex_games_12m_pct,fred_china_computer_electronics_gbp_12m_pct,full,14,0.274489937996611,0.28400861127614824,0.4470588235294118,0.9764705882352941,18,112,0
raw_annual_rates,ex_games_12m_pct,fred_china_computer_electronics_gbp_12m_pct,full,15,0.21930305259945207,0.22507360465880588,0.6235294117647059,1.0,18,111,0
raw_annual_rates,ex_games_12m_pct,fred_china_computer_electronics_gbp_12m_pct,full,16,0.1437122642913943,0.14559085542875214,0.7764705882352941,1.0,18,110,0
raw_annual_rates,ex_games_12m_pct,fred_china_computer_electronics_gbp_12m_pct,full,17,0.08074086059076006,0.08069295923016341,0.8588235294117647,1.0,18,109,0
raw_annual_rates,ex_games_12m_pct,fred_china_computer_electronics_gbp_12m_pct,full,18,0.03910699886890317,0.03910699886890317,0.9176470588235294,1.0,18,108,0
raw_annual_rates,ex_games_12m_pct,fred_china_computer_electronics_gbp_12m_pct,pre_2020,0,-0.03931438644049755,-0.11306952009502041,0.7142857142857143,1.0,18,48,0
raw_annual_rates,ex_games_12m_pct,fred_china_computer_electronics_gbp_12m_pct,pre_2020,1,0.08820740237989644,0.04842455214523624,1.0,1.0,18,47,0
raw_annual_rates,ex_games_12m_pct,fred_china_computer_electronics_gbp_12m_pct,pre_2020,2,0.23103015590780157,0.2182967036611227,0.7142857142857143,1.0,18,46,0
raw_annual_rates,ex_games_12m_pct,fred_china_computer_electronics_gbp_12m_pct,pre_2020,3,0.36243350540202035,0.37600478077542043,0.5714285714285714,1.0,18,45,0
raw_annual_rates,ex_games_12m_pct,fred_china_computer_electronics_gbp_12m_pct,pre_2020,4,0.5061643925927358,0.5461463845221508,0.5714285714285714,1.0,18,44,0
raw_annual_rates,ex_games_12m_pct,fred_china_computer_electronics_gbp_12m_pct,pre_2020,5,0.6250328059900525,0.6799069178005948,0.5714285714285714,1.0,18,43,0
raw_annual_rates,ex_games_12m_pct,fred_china_computer_electronics_gbp_12m_pct,pre_2020,6,0.7096263511001195,0.7713421116795807,0.5714285714285714,1.0,18,42,0
raw_annual_rates,ex_games_12m_pct,fred_china_computer_electronics_gbp_12m_pct,pre_2020,7,0.7479176670246142,0.8316673831804695,0.5714285714285714,1.0,18,41,0
raw_annual_rates,ex_games_12m_pct,fred_china_computer_electronics_gbp_12m_pct,pre_2020,8,0.7057975430139695,0.7945616013033149,0.5714285714285714,1.0,18,40,0
raw_annual_rates,ex_games_12m_pct,fred_china_computer_electronics_gbp_12m_pct,pre_2020,9,0.6788611016098273,0.7523795882398018,0.8571428571428571,1.0,18,39,0
raw_annual_rates,ex_games_12m_pct,fred_china_computer_electronics_gbp_12m_pct,pre_2020,10,0.6315381659106708,0.7015791018456173,0.7142857142857143,1.0,18,38,0
raw_annual_rates,ex_games_12m_pct,fred_china_computer_electronics_gbp_12m_pct,pre_2020,11,0.5266238979762468,0.5740473803309558,0.7142857142857143,1.0,18,37,0
raw_annual_rates,ex_games_12m_pct,fred_china_computer_electronics_gbp_12m_pct,pre_2020,12,0.44260285307959263,0.45475369038583086,0.7142857142857143,1.0,18,36,0
raw_annual_rates,ex_games_12m_pct,fred_china_computer_electronics_gbp_12m_pct,pre_2020,13,0.3554318445083853,0.3258540770012065,0.5714285714285714,1.0,18,35,0
raw_annual_rates,ex_games_12m_pct,fred_china_computer_electronics_gbp_12m_pct,pre_2020,14,0.24388583633227656,0.19839224795736804,0.5714285714285714,1.0,18,34,0
raw_annual_rates,ex_games_12m_pct,fred_china_computer_electronics_gbp_12m_pct,pre_2020,15,0.161862296527853,0.11905812113667716,0.7142857142857143,1.0,18,33,0
raw_annual_rates,ex_games_12m_pct,fred_china_computer_electronics_gbp_12m_pct,pre_2020,16,0.0807596207421833,0.024813115536280843,1.0,1.0,18,32,0
raw_annual_rates,ex_games_12m_pct,fred_china_computer_electronics_gbp_12m_pct,pre_2020,17,0.03742712868749649,-0.00806894879547508,1.0,1.0,18,31,0
raw_annual_rates,ex_games_12m_pct,fred_china_computer_electronics_gbp_12m_pct,pre_2020,18,0.01667627197642316,0.01667627197642316,0.8571428571428571,1.0,18,30,0
raw_annual_rates,ex_games_12m_pct,fred_china_computer_electronics_gbp_12m_pct,pandemic_2020_2022,0,-0.6434061854127266,-0.6633519984373822,0.5,0.5,18,36,0
raw_annual_rates,ex_games_12m_pct,fred_china_computer_electronics_gbp_12m_pct,pandemic_2020_2022,1,-0.6549136461351918,-0.5996601727694483,0.5,0.5,18,35,0
raw_annual_rates,ex_games_12m_pct,fred_china_computer_electronics_gbp_12m_pct,pandemic_2020_2022,2,-0.6730414811975179,-0.48473955592838786,0.5,1.0,18,34,0
raw_annual_rates,ex_games_12m_pct,fred_china_computer_electronics_gbp_12m_pct,pandemic_2020_2022,3,-0.6672681208880621,-0.37314238009167167,0.5,1.0,18,33,0
raw_annual_rates,ex_games_12m_pct,fred_china_computer_electronics_gbp_12m_pct,pandemic_2020_2022,4,-0.6431762009830563,-0.2550282964444549,0.5,1.0,18,32,0
raw_annual_rates,ex_games_12m_pct,fred_china_computer_electronics_gbp_12m_pct,pandemic_2020_2022,5,-0.5940001605644009,-0.157913658508654,1.0,1.0,18,31,0
raw_annual_rates,ex_games_12m_pct,fred_china_computer_electronics_gbp_12m_pct,pandemic_2020_2022,6,-0.5239772135415086,-1.9618001354845226e-05,1.0,1.0,18,30,0
raw_annual_rates,ex_games_12m_pct,fred_china_computer_electronics_gbp_12m_pct,pandemic_2020_2022,7,-0.3821218361486129,0.22266722598054542,1.0,1.0,18,29,0
raw_annual_rates,ex_games_12m_pct,fred_china_computer_electronics_gbp_12m_pct,pandemic_2020_2022,8,-0.19892134109457305,0.530248598361711,0.5,1.0,18,28,0
raw_annual_rates,ex_games_12m_pct,fred_china_computer_electronics_gbp_12m_pct,pandemic_2020_2022,9,0.0223167591461075,0.7614313191387937,0.5,0.5,18,27,0
raw_annual_rates,ex_games_12m_pct,fred_china_computer_electronics_gbp_12m_pct,pandemic_2020_2022,10,0.21044312776149887,0.7853115264122508,0.5,0.5,18,26,0
raw_annual_rates,ex_games_12m_pct,fred_china_computer_electronics_gbp_12m_pct,pandemic_2020_2022,11,0.40332903267700254,0.8326949857493068,0.5,0.5,18,25,0
raw_annual_rates,ex_games_12m_pct,fred_china_computer_electronics_gbp_12m_pct,pandemic_2020_2022,12,0.4913259167683079,0.7809207042962554,0.5,0.5,18,24,0
raw_annual_rates,ex_games_12m_pct,fred_china_computer_electronics_gbp_12m_pct,pandemic_2020_2022,13,0.6069225294151667,0.7570365693840917,0.5,0.5,18,23,0
raw_annual_rates,ex_games_12m_pct,fred_china_computer_electronics_gbp_12m_pct,pandemic_2020_2022,14,0.7305502160435694,0.7874491885669421,0.5,0.5,18,22,0
raw_annual_rates,ex_games_12m_pct,fred_china_computer_electronics_gbp_12m_pct,pandemic_2020_2022,15,0.7145898512768859,0.74364062513567,0.5,0.5,18,21,0
raw_annual_rates,ex_games_12m_pct,fred_china_computer_electronics_gbp_12m_pct,pandemic_2020_2022,16,0.6409116972832702,0.6455605438780491,0.5,0.5,18,20,0
raw_annual_rates,ex_games_12m_pct,fred_china_computer_electronics_gbp_12m_pct,pandemic_2020_2022,17,0.5964430105911531,0.5855788199132466,0.5,0.5,18,19,0
raw_annual_rates,ex_games_12m_pct,fred_china_computer_electronics_gbp_12m_pct,pandemic_2020_2022,18,0.6242284625155642,0.6242284625155642,0.5,0.5,18,18,0
raw_annual_rates,ex_games_12m_pct,fred_china_computer_electronics_gbp_12m_pct,post_2022,0,0.06847950815368917,-0.13270291113234917,1.0,1.0,18,42,0
raw_annual_rates,ex_games_12m_pct,fred_china_computer_electronics_gbp_12m_pct,post_2022,1,0.3268924607919402,0.16832844564564978,0.5,1.0,18,41,0
raw_annual_rates,ex_games_12m_pct,fred_china_computer_electronics_gbp_12m_pct,post_2022,2,0.43446550757152136,0.37909106798680536,0.5,0.5,18,40,0
raw_annual_rates,ex_games_12m_pct,fred_china_computer_electronics_gbp_12m_pct,post_2022,3,0.490818333626348,0.4774026235399214,0.5,0.5,18,39,0
raw_annual_rates,ex_games_12m_pct,fred_china_computer_electronics_gbp_12m_pct,post_2022,4,0.4556744822397508,0.5147051662647906,0.5,0.5,18,38,0
raw_annual_rates,ex_games_12m_pct,fred_china_computer_electronics_gbp_12m_pct,post_2022,5,0.4523805884353573,0.5482178865218946,0.5,0.5,18,37,0
raw_annual_rates,ex_games_12m_pct,fred_china_computer_electronics_gbp_12m_pct,post_2022,6,0.44579431414394693,0.5649242119967376,0.5,0.5,18,36,0
raw_annual_rates,ex_games_12m_pct,fred_china_computer_electronics_gbp_12m_pct,post_2022,7,0.5735965297536239,0.7142285694498008,0.5,0.5,18,35,0
raw_annual_rates,ex_games_12m_pct,fred_china_computer_electronics_gbp_12m_pct,post_2022,8,0.6007676872211272,0.7543605125878436,0.5,0.5,18,34,0
raw_annual_rates,ex_games_12m_pct,fred_china_computer_electronics_gbp_12m_pct,post_2022,9,0.5700986914395461,0.724572002154251,0.5,0.5,18,33,0
raw_annual_rates,ex_games_12m_pct,fred_china_computer_electronics_gbp_12m_pct,post_2022,10,0.4177230471742816,0.6362062423855109,0.5,0.5,18,32,0
raw_annual_rates,ex_games_12m_pct,fred_china_computer_electronics_gbp_12m_pct,post_2022,11,0.24754544169214246,0.5163470294062773,0.5,0.5,18,31,0
raw_annual_rates,ex_games_12m_pct,fred_china_computer_electronics_gbp_12m_pct,post_2022,12,0.06313559541681411,0.28201744120533445,0.5,1.0,18,30,0
raw_annual_rates,ex_games_12m_pct,fred_china_computer_electronics_gbp_12m_pct,post_2022,13,-0.15394801197377433,-0.005692449035831126,1.0,1.0,18,29,0
raw_annual_rates,ex_games_12m_pct,fred_china_computer_electronics_gbp_12m_pct,post_2022,14,-0.14200782584671393,-0.09485189037443581,1.0,1.0,18,28,0
raw_annual_rates,ex_games_12m_pct,fred_china_computer_electronics_gbp_12m_pct,post_2022,15,-0.21952396965973245,-0.25863368083797167,0.5,1.0,18,27,0
raw_annual_rates,ex_games_12m_pct,fred_china_computer_electronics_gbp_12m_pct,post_2022,16,-0.20690553188473657,-0.30671799386613474,0.5,1.0,18,26,0
raw_annual_rates,ex_games_12m_pct,fred_china_computer_electronics_gbp_12m_pct,post_2022,17,-0.3184199001464158,-0.3949961162289685,0.5,0.5,18,25,0
raw_annual_rates,ex_games_12m_pct,fred_china_computer_electronics_gbp_12m_pct,post_2022,18,-0.23875864147109707,-0.23875864147109707,0.5,1.0,18,24,0
raw_annual_rates,ex_games_12m_pct,fred_japan_computer_electronics_gbp_12m_pct,full,0,-0.2664313679757353,-0.3168563519262179,0.4588235294117647,1.0,18,126,0
raw_annual_rates,ex_games_12m_pct,fred_japan_computer_electronics_gbp_12m_pct,full,1,-0.15874046504509956,-0.2076371553548364,0.6941176470588235,1.0,18,125,0
raw_annual_rates,ex_games_12m_pct,fred_japan_computer_electronics_gbp_12m_pct,full,2,-0.056305412543836406,-0.09075557550822794,0.8588235294117647,1.0,18,124,0
raw_annual_rates,ex_games_12m_pct,fred_japan_computer_electronics_gbp_12m_pct,full,3,0.048857773594282276,0.024036328412757373,0.9529411764705882,1.0,18,123,0
raw_annual_rates,ex_games_12m_pct,fred_japan_computer_electronics_gbp_12m_pct,full,4,0.15312655672791095,0.1427454850186991,0.7647058823529411,1.0,18,122,0
raw_annual_rates,ex_games_12m_pct,fred_japan_computer_electronics_gbp_12m_pct,full,5,0.26190434716385946,0.2606113905220804,0.5294117647058824,1.0,18,121,0
raw_annual_rates,ex_games_12m_pct,fred_japan_computer_electronics_gbp_12m_pct,full,6,0.3605973067972796,0.36371869907195703,0.24705882352941178,0.7647058823529411,18,120,0
raw_annual_rates,ex_games_12m_pct,fred_japan_computer_electronics_gbp_12m_pct,full,7,0.4519309099731513,0.45605094036635224,0.09411764705882353,0.4823529411764706,18,119,0
raw_annual_rates,ex_games_12m_pct,fred_japan_computer_electronics_gbp_12m_pct,full,8,0.4964597138610781,0.4995263155106937,0.07058823529411765,0.4235294117647059,18,118,0
raw_annual_rates,ex_games_12m_pct,fred_japan_computer_electronics_gbp_12m_pct,full,9,0.5253914300948579,0.5291762836193281,0.047058823529411764,0.32941176470588235,18,117,0
raw_annual_rates,ex_games_12m_pct,fred_japan_computer_electronics_gbp_12m_pct,full,10,0.5246013959655892,0.5359918956529107,0.023529411764705882,0.3058823529411765,18,116,0
raw_annual_rates,ex_games_12m_pct,fred_japan_computer_electronics_gbp_12m_pct,full,11,0.4945897832340902,0.5117290349075629,0.058823529411764705,0.36470588235294116,18,115,0
raw_annual_rates,ex_games_12m_pct,fred_japan_computer_electronics_gbp_12m_pct,full,12,0.4367778439274729,0.4510657674028595,0.1411764705882353,0.4823529411764706,18,114,0
raw_annual_rates,ex_games_12m_pct,fred_japan_computer_electronics_gbp_12m_pct,full,13,0.38595130353414886,0.39758024778082246,0.2235294117647059,0.6470588235294118,18,113,0
raw_annual_rates,ex_games_12m_pct,fred_japan_computer_electronics_gbp_12m_pct,full,14,0.32912940512088557,0.3347346159688682,0.36470588235294116,0.9882352941176471,18,112,0
raw_annual_rates,ex_games_12m_pct,fred_japan_computer_electronics_gbp_12m_pct,full,15,0.27063404118170725,0.2729514339830585,0.5529411764705883,1.0,18,111,0
raw_annual_rates,ex_games_12m_pct,fred_japan_computer_electronics_gbp_12m_pct,full,16,0.19274375958684842,0.1920822793490687,0.7411764705882353,1.0,18,110,0
raw_annual_rates,ex_games_12m_pct,fred_japan_computer_electronics_gbp_12m_pct,full,17,0.13019557166815582,0.12917797537623057,0.8235294117647058,1.0,18,109,0
raw_annual_rates,ex_games_12m_pct,fred_japan_computer_electronics_gbp_12m_pct,full,18,0.08286333418265647,0.08286333418265647,0.8823529411764706,1.0,18,108,0
raw_annual_rates,ex_games_12m_pct,fred_japan_computer_electronics_gbp_12m_pct,pre_2020,0,-0.12219241220354488,-0.17663124656257778,0.7142857142857143,1.0,18,48,0
raw_annual_rates,ex_games_12m_pct,fred_japan_computer_electronics_gbp_12m_pct,pre_2020,1,0.005199992694115795,-0.017648195680941312,0.8571428571428571,1.0,18,47,0
raw_annual_rates,ex_games_12m_pct,fred_japan_computer_electronics_gbp_12m_pct,pre_2020,2,0.15677960237413716,0.15898087678428527,0.8571428571428571,1.0,18,46,0
raw_annual_rates,ex_games_12m_pct,fred_japan_computer_electronics_gbp_12m_pct,pre_2020,3,0.3033593390411387,0.32926258157070226,0.5714285714285714,1.0,18,45,0
raw_annual_rates,ex_games_12m_pct,fred_japan_computer_electronics_gbp_12m_pct,pre_2020,4,0.45711918793344813,0.504743075477166,0.5714285714285714,1.0,18,44,0
raw_annual_rates,ex_games_12m_pct,fred_japan_computer_electronics_gbp_12m_pct,pre_2020,5,0.5875300661104568,0.654077969696913,0.5714285714285714,1.0,18,43,0
raw_annual_rates,ex_games_12m_pct,fred_japan_computer_electronics_gbp_12m_pct,pre_2020,6,0.6935999070028404,0.7713758468746768,0.42857142857142855,1.0,18,42,0
raw_annual_rates,ex_games_12m_pct,fred_japan_computer_electronics_gbp_12m_pct,pre_2020,7,0.7522620316617089,0.8503511242192365,0.2857142857142857,1.0,18,41,0
raw_annual_rates,ex_games_12m_pct,fred_japan_computer_electronics_gbp_12m_pct,pre_2020,8,0.7227453716168647,0.8308527589789608,0.5714285714285714,1.0,18,40,0
raw_annual_rates,ex_games_12m_pct,fred_japan_computer_electronics_gbp_12m_pct,pre_2020,9,0.7071866536928137,0.8039185997230455,0.5714285714285714,1.0,18,39,0
raw_annual_rates,ex_games_12m_pct,fred_japan_computer_electronics_gbp_12m_pct,pre_2020,10,0.6694379010309786,0.7620780998664719,0.7142857142857143,1.0,18,38,0
raw_annual_rates,ex_games_12m_pct,fred_japan_computer_electronics_gbp_12m_pct,pre_2020,11,0.5683135679717981,0.6360966929383808,0.5714285714285714,1.0,18,37,0
raw_annual_rates,ex_games_12m_pct,fred_japan_computer_electronics_gbp_12m_pct,pre_2020,12,0.47069419371476673,0.5091611677552483,0.5714285714285714,1.0,18,36,0
raw_annual_rates,ex_games_12m_pct,fred_japan_computer_electronics_gbp_12m_pct,pre_2020,13,0.37644858849758195,0.3769772804097795,0.7142857142857143,1.0,18,35,0
raw_annual_rates,ex_games_12m_pct,fred_japan_computer_electronics_gbp_12m_pct,pre_2020,14,0.25904188900463737,0.23863993040107342,0.7142857142857143,1.0,18,34,0
raw_annual_rates,ex_games_12m_pct,fred_japan_computer_electronics_gbp_12m_pct,pre_2020,15,0.1615636146913766,0.13868014000330395,0.8571428571428571,1.0,18,33,0
raw_annual_rates,ex_games_12m_pct,fred_japan_computer_electronics_gbp_12m_pct,pre_2020,16,0.06735594385061705,0.03417247038540695,1.0,1.0,18,32,0
raw_annual_rates,ex_games_12m_pct,fred_japan_computer_electronics_gbp_12m_pct,pre_2020,17,0.02149991874305212,-0.010536449122088544,1.0,1.0,18,31,0
raw_annual_rates,ex_games_12m_pct,fred_japan_computer_electronics_gbp_12m_pct,pre_2020,18,-0.012580456887566972,-0.012580456887566972,1.0,1.0,18,30,0
raw_annual_rates,ex_games_12m_pct,fred_japan_computer_electronics_gbp_12m_pct,pandemic_2020_2022,0,-0.7518369640124162,-0.8269980026548428,0.5,0.5,18,36,0
raw_annual_rates,ex_games_12m_pct,fred_japan_computer_electronics_gbp_12m_pct,pandemic_2020_2022,1,-0.7540709899033639,-0.7645495585376033,0.5,0.5,18,35,0
raw_annual_rates,ex_games_12m_pct,fred_japan_computer_electronics_gbp_12m_pct,pandemic_2020_2022,2,-0.7567968715363305,-0.6676255722939611,0.5,0.5,18,34,0
raw_annual_rates,ex_games_12m_pct,fred_japan_computer_electronics_gbp_12m_pct,pandemic_2020_2022,3,-0.72438630588647,-0.5526599823686913,0.5,1.0,18,33,0
raw_annual_rates,ex_games_12m_pct,fred_japan_computer_electronics_gbp_12m_pct,pandemic_2020_2022,4,-0.6697177250972421,-0.42321766991282406,0.5,1.0,18,32,0
raw_annual_rates,ex_games_12m_pct,fred_japan_computer_electronics_gbp_12m_pct,pandemic_2020_2022,5,-0.5776911689165215,-0.2736640325939989,1.0,1.0,18,31,0
raw_annual_rates,ex_games_12m_pct,fred_japan_computer_electronics_gbp_12m_pct,pandemic_2020_2022,6,-0.4538029391048076,-0.04664566646574356,1.0,1.0,18,30,0
raw_annual_rates,ex_games_12m_pct,fred_japan_computer_electronics_gbp_12m_pct,pandemic_2020_2022,7,-0.2814446339367433,0.18842006512137857,1.0,1.0,18,29,0
raw_annual_rates,ex_games_12m_pct,fred_japan_computer_electronics_gbp_12m_pct,pandemic_2020_2022,8,-0.052779747392545456,0.5560631170948704,0.5,0.5,18,28,0
raw_annual_rates,ex_games_12m_pct,fred_japan_computer_electronics_gbp_12m_pct,pandemic_2020_2022,9,0.16870432876397795,0.7411450390814017,0.5,0.5,18,27,0
raw_annual_rates,ex_games_12m_pct,fred_japan_computer_electronics_gbp_12m_pct,pandemic_2020_2022,10,0.3842355769521256,0.8381367026669317,0.5,0.5,18,26,0
raw_annual_rates,ex_games_12m_pct,fred_japan_computer_electronics_gbp_12m_pct,pandemic_2020_2022,11,0.5848319837271359,0.9178096158945838,0.5,0.5,18,25,0
raw_annual_rates,ex_games_12m_pct,fred_japan_computer_electronics_gbp_12m_pct,pandemic_2020_2022,12,0.6795415038471314,0.8859764392049563,0.5,0.5,18,24,0
raw_annual_rates,ex_games_12m_pct,fred_japan_computer_electronics_gbp_12m_pct,pandemic_2020_2022,13,0.7825394074105028,0.8761831099732553,0.5,0.5,18,23,0
raw_annual_rates,ex_games_12m_pct,fred_japan_computer_electronics_gbp_12m_pct,pandemic_2020_2022,14,0.8748259418566177,0.9092362729845959,0.5,0.5,18,22,0
raw_annual_rates,ex_games_12m_pct,fred_japan_computer_electronics_gbp_12m_pct,pandemic_2020_2022,15,0.8720916842878853,0.8850471398395432,0.5,0.5,18,21,0
raw_annual_rates,ex_games_12m_pct,fred_japan_computer_electronics_gbp_12m_pct,pandemic_2020_2022,16,0.818297322142894,0.8136961110000838,0.5,0.5,18,20,0
raw_annual_rates,ex_games_12m_pct,fred_japan_computer_electronics_gbp_12m_pct,pandemic_2020_2022,17,0.7866979439690973,0.7797784020224943,0.5,0.5,18,19,0
raw_annual_rates,ex_games_12m_pct,fred_japan_computer_electronics_gbp_12m_pct,pandemic_2020_2022,18,0.7928381903219178,0.7928381903219178,0.5,0.5,18,18,0
raw_annual_rates,ex_games_12m_pct,fred_japan_computer_electronics_gbp_12m_pct,post_2022,0,0.01902906360409652,-0.09340687654341306,1.0,1.0,18,42,0
raw_annual_rates,ex_games_12m_pct,fred_japan_computer_electronics_gbp_12m_pct,post_2022,1,0.27802357409400247,0.20565781986823342,0.5,1.0,18,41,0
raw_annual_rates,ex_games_12m_pct,fred_japan_computer_electronics_gbp_12m_pct,post_2022,2,0.3816219204682047,0.43048957625999257,0.5,1.0,18,40,0
raw_annual_rates,ex_games_12m_pct,fred_japan_computer_electronics_gbp_12m_pct,post_2022,3,0.4591651226169547,0.5376270988051024,0.5,0.5,18,39,0
raw_annual_rates,ex_games_12m_pct,fred_japan_computer_electronics_gbp_12m_pct,post_2022,4,0.44614880056832806,0.599914259098133,0.5,0.5,18,38,0
raw_annual_rates,ex_games_12m_pct,fred_japan_computer_electronics_gbp_12m_pct,post_2022,5,0.45750427769780555,0.6220280115873097,0.5,0.5,18,37,0
raw_annual_rates,ex_games_12m_pct,fred_japan_computer_electronics_gbp_12m_pct,post_2022,6,0.4591085281461291,0.6252777310446324,0.5,0.5,18,36,0
raw_annual_rates,ex_games_12m_pct,fred_japan_computer_electronics_gbp_12m_pct,post_2022,7,0.5776188848016364,0.7318009108424751,0.5,0.5,18,35,0
raw_annual_rates,ex_games_12m_pct,fred_japan_computer_electronics_gbp_12m_pct,post_2022,8,0.6256723784213883,0.7576652822647355,0.5,0.5,18,34,0
raw_annual_rates,ex_games_12m_pct,fred_japan_computer_electronics_gbp_12m_pct,post_2022,9,0.6164057668673174,0.7177006017668688,0.5,0.5,18,33,0
raw_annual_rates,ex_games_12m_pct,fred_japan_computer_electronics_gbp_12m_pct,post_2022,10,0.46393260466518804,0.6235364651820544,0.5,0.5,18,32,0
raw_annual_rates,ex_games_12m_pct,fred_japan_computer_electronics_gbp_12m_pct,post_2022,11,0.3006720804715241,0.48876323915909303,0.5,0.5,18,31,0
raw_annual_rates,ex_games_12m_pct,fred_japan_computer_electronics_gbp_12m_pct,post_2022,12,0.09706565822213842,0.19781017215215718,0.5,1.0,18,30,0
raw_annual_rates,ex_games_12m_pct,fred_japan_computer_electronics_gbp_12m_pct,post_2022,13,-0.06866581994110522,-0.06332064678935297,1.0,1.0,18,29,0
raw_annual_rates,ex_games_12m_pct,fred_japan_computer_electronics_gbp_12m_pct,post_2022,14,-0.018914753591411364,-0.11091977916684724,1.0,1.0,18,28,0
raw_annual_rates,ex_games_12m_pct,fred_japan_computer_electronics_gbp_12m_pct,post_2022,15,-0.12228556220856276,-0.2870274447227325,0.5,1.0,18,27,0
raw_annual_rates,ex_games_12m_pct,fred_japan_computer_electronics_gbp_12m_pct,post_2022,16,-0.15734871504946676,-0.3512203649328297,0.5,1.0,18,26,0
raw_annual_rates,ex_games_12m_pct,fred_japan_computer_electronics_gbp_12m_pct,post_2022,17,-0.2781224017679476,-0.3944072527291844,0.5,1.0,18,25,0
raw_annual_rates,ex_games_12m_pct,fred_japan_computer_electronics_gbp_12m_pct,post_2022,18,-0.19715065720493224,-0.19715065720493224,0.5,1.0,18,24,0
raw_annual_rates,ex_games_12m_pct,fred_asian_nie_computer_electronics_gbp_12m_pct,full,0,-0.14684857137270396,-0.20307158654494314,0.5882352941176471,0.9882352941176471,18,126,0
raw_annual_rates,ex_games_12m_pct,fred_asian_nie_computer_electronics_gbp_12m_pct,full,1,-0.05106086964993296,-0.10284572869056469,0.8117647058823529,1.0,18,125,0
raw_annual_rates,ex_games_12m_pct,fred_asian_nie_computer_electronics_gbp_12m_pct,full,2,0.03723674207555921,-0.0008998324554006929,1.0,1.0,18,124,0
raw_annual_rates,ex_games_12m_pct,fred_asian_nie_computer_electronics_gbp_12m_pct,full,3,0.12234538528093818,0.09708445215758475,0.8235294117647058,1.0,18,123,0
raw_annual_rates,ex_games_12m_pct,fred_asian_nie_computer_electronics_gbp_12m_pct,full,4,0.21240963972930935,0.19948863743325884,0.5764705882352941,0.9882352941176471,18,122,0
raw_annual_rates,ex_games_12m_pct,fred_asian_nie_computer_electronics_gbp_12m_pct,full,5,0.3069764203359013,0.3001178497845359,0.3058823529411765,0.7294117647058823,18,121,0
raw_annual_rates,ex_games_12m_pct,fred_asian_nie_computer_electronics_gbp_12m_pct,full,6,0.39210920797378856,0.3895515745429784,0.21176470588235294,0.6,18,120,0
raw_annual_rates,ex_games_12m_pct,fred_asian_nie_computer_electronics_gbp_12m_pct,full,7,0.48004837483427315,0.4771916965901294,0.09411764705882353,0.3411764705882353,18,119,0
raw_annual_rates,ex_games_12m_pct,fred_asian_nie_computer_electronics_gbp_12m_pct,full,8,0.5157450659471968,0.512613711061112,0.08235294117647059,0.3058823529411765,18,118,0
raw_annual_rates,ex_games_12m_pct,fred_asian_nie_computer_electronics_gbp_12m_pct,full,9,0.5400407956902358,0.5393840575924397,0.058823529411764705,0.2823529411764706,18,117,0
raw_annual_rates,ex_games_12m_pct,fred_asian_nie_computer_electronics_gbp_12m_pct,full,10,0.5336866827129256,0.5428872687446554,0.058823529411764705,0.2823529411764706,18,116,0
raw_annual_rates,ex_games_12m_pct,fred_asian_nie_computer_electronics_gbp_12m_pct,full,11,0.4963235856607901,0.5135998008491194,0.08235294117647059,0.3058823529411765,18,115,0
raw_annual_rates,ex_games_12m_pct,fred_asian_nie_computer_electronics_gbp_12m_pct,full,12,0.4392379802965504,0.4538739060056044,0.09411764705882353,0.43529411764705883,18,114,0
raw_annual_rates,ex_games_12m_pct,fred_asian_nie_computer_electronics_gbp_12m_pct,full,13,0.38415478153922566,0.3958174231896613,0.2,0.5647058823529412,18,113,0
raw_annual_rates,ex_games_12m_pct,fred_asian_nie_computer_electronics_gbp_12m_pct,full,14,0.32861925457275154,0.33460784137096233,0.2823529411764706,0.6470588235294118,18,112,0
raw_annual_rates,ex_games_12m_pct,fred_asian_nie_computer_electronics_gbp_12m_pct,full,15,0.28062961948849535,0.2831391498692284,0.36470588235294116,0.788235294117647,18,111,0
raw_annual_rates,ex_games_12m_pct,fred_asian_nie_computer_electronics_gbp_12m_pct,full,16,0.19743990722950533,0.19726725972271902,0.6235294117647059,1.0,18,110,0
raw_annual_rates,ex_games_12m_pct,fred_asian_nie_computer_electronics_gbp_12m_pct,full,17,0.13043677636763842,0.1297834394192919,0.7058823529411765,1.0,18,109,0
raw_annual_rates,ex_games_12m_pct,fred_asian_nie_computer_electronics_gbp_12m_pct,full,18,0.07059197732943996,0.07059197732943996,0.8470588235294118,1.0,18,108,0
raw_annual_rates,ex_games_12m_pct,fred_asian_nie_computer_electronics_gbp_12m_pct,pre_2020,0,0.07574238699299682,0.003506567264013281,1.0,1.0,18,48,0
raw_annual_rates,ex_games_12m_pct,fred_asian_nie_computer_electronics_gbp_12m_pct,pre_2020,1,0.20172071446657341,0.1626537414960934,0.8571428571428571,1.0,18,47,0
raw_annual_rates,ex_games_12m_pct,fred_asian_nie_computer_electronics_gbp_12m_pct,pre_2020,2,0.33699075957645175,0.32501278712093296,0.5714285714285714,1.0,18,46,0
raw_annual_rates,ex_games_12m_pct,fred_asian_nie_computer_electronics_gbp_12m_pct,pre_2020,3,0.4631667561663923,0.4738447677302073,0.5714285714285714,1.0,18,45,0
raw_annual_rates,ex_games_12m_pct,fred_asian_nie_computer_electronics_gbp_12m_pct,pre_2020,4,0.6015668199240488,0.6301986341263013,0.5714285714285714,1.0,18,44,0
raw_annual_rates,ex_games_12m_pct,fred_asian_nie_computer_electronics_gbp_12m_pct,pre_2020,5,0.7030823344032262,0.7419889378696375,0.5714285714285714,1.0,18,43,0
raw_annual_rates,ex_games_12m_pct,fred_asian_nie_computer_electronics_gbp_12m_pct,pre_2020,6,0.7780134690458514,0.8135692979939279,0.5714285714285714,1.0,18,42,0
raw_annual_rates,ex_games_12m_pct,fred_asian_nie_computer_electronics_gbp_12m_pct,pre_2020,7,0.7977288178597449,0.8484974357809929,0.42857142857142855,1.0,18,41,0
raw_annual_rates,ex_games_12m_pct,fred_asian_nie_computer_electronics_gbp_12m_pct,pre_2020,8,0.7218379160340253,0.775472711421744,0.7142857142857143,1.0,18,40,0
raw_annual_rates,ex_games_12m_pct,fred_asian_nie_computer_electronics_gbp_12m_pct,pre_2020,9,0.6729105157576395,0.7079200948651707,0.7142857142857143,1.0,18,39,0
raw_annual_rates,ex_games_12m_pct,fred_asian_nie_computer_electronics_gbp_12m_pct,pre_2020,10,0.6048904534048638,0.6325805285817933,0.7142857142857143,1.0,18,38,0
raw_annual_rates,ex_games_12m_pct,fred_asian_nie_computer_electronics_gbp_12m_pct,pre_2020,11,0.4824372567945646,0.48512766432184606,0.7142857142857143,1.0,18,37,0
raw_annual_rates,ex_games_12m_pct,fred_asian_nie_computer_electronics_gbp_12m_pct,pre_2020,12,0.38222138489445,0.35168675767178714,0.7142857142857143,1.0,18,36,0
raw_annual_rates,ex_games_12m_pct,fred_asian_nie_computer_electronics_gbp_12m_pct,pre_2020,13,0.2868198367724768,0.2173209307532994,0.7142857142857143,1.0,18,35,0
raw_annual_rates,ex_games_12m_pct,fred_asian_nie_computer_electronics_gbp_12m_pct,pre_2020,14,0.17966648367618893,0.0964056655438517,0.7142857142857143,1.0,18,34,0
raw_annual_rates,ex_games_12m_pct,fred_asian_nie_computer_electronics_gbp_12m_pct,pre_2020,15,0.09170117392129865,0.022415119254351017,0.8571428571428571,1.0,18,33,0
raw_annual_rates,ex_games_12m_pct,fred_asian_nie_computer_electronics_gbp_12m_pct,pre_2020,16,0.0037639893011740763,-0.06568291963846652,0.8571428571428571,1.0,18,32,0
raw_annual_rates,ex_games_12m_pct,fred_asian_nie_computer_electronics_gbp_12m_pct,pre_2020,17,-0.02935823928064474,-0.08389569515071947,0.8571428571428571,1.0,18,31,0
raw_annual_rates,ex_games_12m_pct,fred_asian_nie_computer_electronics_gbp_12m_pct,pre_2020,18,-0.0473429257372733,-0.0473429257372733,1.0,1.0,18,30,0
raw_annual_rates,ex_games_12m_pct,fred_asian_nie_computer_electronics_gbp_12m_pct,pandemic_2020_2022,0,-0.6683129803124926,-0.6521447514711031,0.5,0.5,18,36,0
raw_annual_rates,ex_games_12m_pct,fred_asian_nie_computer_electronics_gbp_12m_pct,pandemic_2020_2022,1,-0.678819487496124,-0.5650617267088668,0.5,0.5,18,35,0
raw_annual_rates,ex_games_12m_pct,fred_asian_nie_computer_electronics_gbp_12m_pct,pandemic_2020_2022,2,-0.6907597769588453,-0.45007920154014847,0.5,1.0,18,34,0
raw_annual_rates,ex_games_12m_pct,fred_asian_nie_computer_electronics_gbp_12m_pct,pandemic_2020_2022,3,-0.6605205722447889,-0.3049375475264639,1.0,1.0,18,33,0
raw_annual_rates,ex_games_12m_pct,fred_asian_nie_computer_electronics_gbp_12m_pct,pandemic_2020_2022,4,-0.6152705420730146,-0.15045676219042853,1.0,1.0,18,32,0
raw_annual_rates,ex_games_12m_pct,fred_asian_nie_computer_electronics_gbp_12m_pct,pandemic_2020_2022,5,-0.5517272350772905,-0.013574084025853878,1.0,1.0,18,31,0
raw_annual_rates,ex_games_12m_pct,fred_asian_nie_computer_electronics_gbp_12m_pct,pandemic_2020_2022,6,-0.46873068853033334,0.1490431433052113,1.0,1.0,18,30,0
raw_annual_rates,ex_games_12m_pct,fred_asian_nie_computer_electronics_gbp_12m_pct,pandemic_2020_2022,7,-0.3087726101075519,0.38181320869681323,1.0,1.0,18,29,0
raw_annual_rates,ex_games_12m_pct,fred_asian_nie_computer_electronics_gbp_12m_pct,pandemic_2020_2022,8,-0.12163189675128064,0.6597984901384978,0.5,0.5,18,28,0
raw_annual_rates,ex_games_12m_pct,fred_asian_nie_computer_electronics_gbp_12m_pct,pandemic_2020_2022,9,0.10210272501518523,0.8481368739605438,0.5,0.5,18,27,0
raw_annual_rates,ex_games_12m_pct,fred_asian_nie_computer_electronics_gbp_12m_pct,pandemic_2020_2022,10,0.2904096906038065,0.8576657903145679,0.5,0.5,18,26,0
raw_annual_rates,ex_games_12m_pct,fred_asian_nie_computer_electronics_gbp_12m_pct,pandemic_2020_2022,11,0.45549985264591186,0.8536353315350926,0.5,0.5,18,25,0
raw_annual_rates,ex_games_12m_pct,fred_asian_nie_computer_electronics_gbp_12m_pct,pandemic_2020_2022,12,0.5599095908242676,0.8046185079211637,0.5,0.5,18,24,0
raw_annual_rates,ex_games_12m_pct,fred_asian_nie_computer_electronics_gbp_12m_pct,pandemic_2020_2022,13,0.6698203356756529,0.770224473586787,0.5,0.5,18,23,0
raw_annual_rates,ex_games_12m_pct,fred_asian_nie_computer_electronics_gbp_12m_pct,pandemic_2020_2022,14,0.7961508174087346,0.8157847979320123,0.5,0.5,18,22,0
raw_annual_rates,ex_games_12m_pct,fred_asian_nie_computer_electronics_gbp_12m_pct,pandemic_2020_2022,15,0.773312644421072,0.7773607083091841,0.5,0.5,18,21,0
raw_annual_rates,ex_games_12m_pct,fred_asian_nie_computer_electronics_gbp_12m_pct,pandemic_2020_2022,16,0.6909059245674923,0.675931130876385,0.5,0.5,18,20,0
raw_annual_rates,ex_games_12m_pct,fred_asian_nie_computer_electronics_gbp_12m_pct,pandemic_2020_2022,17,0.6245336014356289,0.6108675537781066,0.5,0.5,18,19,0
raw_annual_rates,ex_games_12m_pct,fred_asian_nie_computer_electronics_gbp_12m_pct,pandemic_2020_2022,18,0.6230482784457402,0.6230482784457402,0.5,0.5,18,18,0
raw_annual_rates,ex_games_12m_pct,fred_asian_nie_computer_electronics_gbp_12m_pct,post_2022,0,-0.03134386446096651,-0.19743798975677712,1.0,1.0,18,42,0
raw_annual_rates,ex_games_12m_pct,fred_asian_nie_computer_electronics_gbp_12m_pct,post_2022,1,0.1490545499071965,0.10666923041967949,0.5,1.0,18,41,0
raw_annual_rates,ex_games_12m_pct,fred_asian_nie_computer_electronics_gbp_12m_pct,post_2022,2,0.2679922605660227,0.3353582208403344,0.5,0.5,18,40,0
raw_annual_rates,ex_games_12m_pct,fred_asian_nie_computer_electronics_gbp_12m_pct,post_2022,3,0.3491261516579758,0.42640036347409377,0.5,0.5,18,39,0
raw_annual_rates,ex_games_12m_pct,fred_asian_nie_computer_electronics_gbp_12m_pct,post_2022,4,0.3528873353280605,0.4597307075591889,0.5,0.5,18,38,0
raw_annual_rates,ex_games_12m_pct,fred_asian_nie_computer_electronics_gbp_12m_pct,post_2022,5,0.3848547738339811,0.47292672760337606,0.5,0.5,18,37,0
raw_annual_rates,ex_games_12m_pct,fred_asian_nie_computer_electronics_gbp_12m_pct,post_2022,6,0.38788826607981486,0.47530066394705583,0.5,0.5,18,36,0
raw_annual_rates,ex_games_12m_pct,fred_asian_nie_computer_electronics_gbp_12m_pct,post_2022,7,0.5567243445831925,0.6372930383277904,0.5,0.5,18,35,0
raw_annual_rates,ex_games_12m_pct,fred_asian_nie_computer_electronics_gbp_12m_pct,post_2022,8,0.6301600270196258,0.6995946172097752,0.5,0.5,18,34,0
raw_annual_rates,ex_games_12m_pct,fred_asian_nie_computer_electronics_gbp_12m_pct,post_2022,9,0.6349601286617231,0.6928773440214456,0.5,0.5,18,33,0
raw_annual_rates,ex_games_12m_pct,fred_asian_nie_computer_electronics_gbp_12m_pct,post_2022,10,0.4996621596046256,0.6540831512602305,0.5,0.5,18,32,0
raw_annual_rates,ex_games_12m_pct,fred_asian_nie_computer_electronics_gbp_12m_pct,post_2022,11,0.3279993924262161,0.5462491602603196,0.5,0.5,18,31,0
raw_annual_rates,ex_games_12m_pct,fred_asian_nie_computer_electronics_gbp_12m_pct,post_2022,12,0.1523075966914473,0.2828491463378783,0.5,1.0,18,30,0
raw_annual_rates,ex_games_12m_pct,fred_asian_nie_computer_electronics_gbp_12m_pct,post_2022,13,-0.033482983074159256,-0.01105851828964541,1.0,1.0,18,29,0
raw_annual_rates,ex_games_12m_pct,fred_asian_nie_computer_electronics_gbp_12m_pct,post_2022,14,0.012238405338981838,-0.0720668819930312,1.0,1.0,18,28,0
raw_annual_rates,ex_games_12m_pct,fred_asian_nie_computer_electronics_gbp_12m_pct,post_2022,15,-0.015102796535898374,-0.16349468742381487,0.5,1.0,18,27,0
raw_annual_rates,ex_games_12m_pct,fred_asian_nie_computer_electronics_gbp_12m_pct,post_2022,16,-0.06283341648191218,-0.24410899855250548,0.5,1.0,18,26,0
raw_annual_rates,ex_games_12m_pct,fred_asian_nie_computer_electronics_gbp_12m_pct,post_2022,17,-0.22499534346850059,-0.3376900918227626,0.5,0.5,18,25,0
raw_annual_rates,ex_games_12m_pct,fred_asian_nie_computer_electronics_gbp_12m_pct,post_2022,18,-0.16476437066119973,-0.16476437066119973,0.5,1.0,18,24,0
prewhitened_ar,headline_12m_pct,jp_epi_electronics_gbp_12m_pct,full,0,-0.08558380364714864,-0.07240660132432292,0.5540540540540541,1.0,18,115,12
prewhitened_ar,headline_12m_pct,jp_epi_electronics_gbp_12m_pct,full,1,0.033711570644876995,0.042250749867767445,0.7567567567567568,1.0,18,114,12
prewhitened_ar,headline_12m_pct,jp_epi_electronics_gbp_12m_pct,full,2,-0.008835088670803373,-0.03932550840328903,0.7432432432432432,1.0,18,113,12
prewhitened_ar,headline_12m_pct,jp_epi_electronics_gbp_12m_pct,full,3,0.04564528395766015,0.0714663029911381,0.6351351351351351,1.0,18,112,12
prewhitened_ar,headline_12m_pct,jp_epi_electronics_gbp_12m_pct,full,4,-0.039216616968390065,-0.04376629048871062,0.6891891891891891,1.0,18,111,12
prewhitened_ar,headline_12m_pct,jp_epi_electronics_gbp_12m_pct,full,5,0.11754523909682192,0.0982342899460942,0.4189189189189189,1.0,18,110,12
prewhitened_ar,headline_12m_pct,jp_epi_electronics_gbp_12m_pct,full,6,-0.2878079320992598,-0.3183701195030935,0.013513513513513514,0.013513513513513514,18,109,12
prewhitened_ar,headline_12m_pct,jp_epi_electronics_gbp_12m_pct,full,7,-0.030716820374276886,-0.031423782567886825,0.7702702702702703,1.0,18,108,12
prewhitened_ar,headline_12m_pct,jp_epi_electronics_gbp_12m_pct,full,8,0.04629451188558098,0.029083259127526725,0.7972972972972973,1.0,18,107,12
prewhitened_ar,headline_12m_pct,jp_epi_electronics_gbp_12m_pct,full,9,0.12429806357654728,0.10647162428536994,0.33783783783783783,1.0,18,106,12
prewhitened_ar,headline_12m_pct,jp_epi_electronics_gbp_12m_pct,full,10,0.03573216788032344,0.02009051378668581,0.8513513513513513,1.0,18,105,12
prewhitened_ar,headline_12m_pct,jp_epi_electronics_gbp_12m_pct,full,11,0.19792027114973568,0.21085953127890963,0.05405405405405406,0.7027027027027027,18,104,12
prewhitened_ar,headline_12m_pct,jp_epi_electronics_gbp_12m_pct,full,12,0.11039459299017006,0.11203631009099013,0.33783783783783783,1.0,18,103,12
prewhitened_ar,headline_12m_pct,jp_epi_electronics_gbp_12m_pct,full,13,-0.19618116805507094,-0.1867425003612348,0.10810810810810811,0.8783783783783784,18,102,12
prewhitened_ar,headline_12m_pct,jp_epi_electronics_gbp_12m_pct,full,14,-0.058708091001199406,-0.06471428443043784,0.5675675675675675,1.0,18,101,12
prewhitened_ar,headline_12m_pct,jp_epi_electronics_gbp_12m_pct,full,15,-0.040357382458908145,-0.033912576852734244,0.7972972972972973,1.0,18,100,12
prewhitened_ar,headline_12m_pct,jp_epi_electronics_gbp_12m_pct,full,16,-0.0380478522002465,-0.04024461385451399,0.7432432432432432,1.0,18,99,12
prewhitened_ar,headline_12m_pct,jp_epi_electronics_gbp_12m_pct,full,17,0.10724514495574484,0.1070254157710654,0.32432432432432434,1.0,18,98,12
prewhitened_ar,headline_12m_pct,jp_epi_electronics_gbp_12m_pct,full,18,0.10968168670232235,0.10968168670232235,0.33783783783783783,1.0,18,97,12
prewhitened_ar,headline_12m_pct,jp_epi_electronics_gbp_12m_pct,pre_2020,0,0.11998238807386259,0.08446573979409036,1.0,1.0,18,36,12
prewhitened_ar,headline_12m_pct,jp_epi_electronics_gbp_12m_pct,pre_2020,1,0.026849891542185547,-0.23528769288143217,0.5,1.0,18,35,12
prewhitened_ar,headline_12m_pct,jp_epi_electronics_gbp_12m_pct,pre_2020,2,-0.202097092076608,-0.13741211208925097,1.0,1.0,18,34,12
prewhitened_ar,headline_12m_pct,jp_epi_electronics_gbp_12m_pct,pre_2020,3,0.18281712709354853,0.1781369882244592,1.0,1.0,18,33,12
prewhitened_ar,headline_12m_pct,jp_epi_electronics_gbp_12m_pct,pre_2020,4,-0.21506751148725084,-0.08496919187559086,0.5,1.0,18,32,12
prewhitened_ar,headline_12m_pct,jp_epi_electronics_gbp_12m_pct,pre_2020,5,0.18972422234144426,0.23374034688763864,1.0,1.0,18,31,12
prewhitened_ar,headline_12m_pct,jp_epi_electronics_gbp_12m_pct,pre_2020,6,-0.1464267469896628,-0.2123968347847152,0.5,1.0,18,30,12
prewhitened_ar,headline_12m_pct,jp_epi_electronics_gbp_12m_pct,pre_2020,7,0.19140285230504234,0.1617337194415933,0.5,1.0,18,29,12
prewhitened_ar,headline_12m_pct,jp_epi_electronics_gbp_12m_pct,pre_2020,8,-0.034583575998804565,0.05136641531776824,1.0,1.0,18,28,12
prewhitened_ar,headline_12m_pct,jp_epi_electronics_gbp_12m_pct,pre_2020,9,-0.05028075760924486,0.0011592633568115623,1.0,1.0,18,27,12
prewhitened_ar,headline_12m_pct,jp_epi_electronics_gbp_12m_pct,pre_2020,10,-0.004490290695591515,-0.10038365477606813,0.5,1.0,18,26,12
prewhitened_ar,headline_12m_pct,jp_epi_electronics_gbp_12m_pct,pre_2020,11,0.1017016758518683,0.1907750899462627,1.0,1.0,18,25,12
prewhitened_ar,headline_12m_pct,jp_epi_electronics_gbp_12m_pct,pre_2020,12,0.048542010497532304,0.12118065967177337,1.0,1.0,18,24,12
prewhitened_ar,headline_12m_pct,jp_epi_electronics_gbp_12m_pct,pre_2020,13,-0.3515564842794113,-0.3745546698467265,0.5,1.0,18,23,12
prewhitened_ar,headline_12m_pct,jp_epi_electronics_gbp_12m_pct,pre_2020,14,0.18624388201115885,0.20650648654960227,0.5,1.0,18,22,12
prewhitened_ar,headline_12m_pct,jp_epi_electronics_gbp_12m_pct,pre_2020,15,-0.27549760484603947,-0.26633454429025494,0.5,1.0,18,21,12
prewhitened_ar,headline_12m_pct,jp_epi_electronics_gbp_12m_pct,pre_2020,16,-0.01029423366896981,-0.004760016300653453,1.0,1.0,18,20,12
prewhitened_ar,headline_12m_pct,jp_epi_electronics_gbp_12m_pct,pre_2020,17,0.007827275195095601,0.02195100012819132,1.0,1.0,18,19,12
prewhitened_ar,headline_12m_pct,jp_epi_electronics_gbp_12m_pct,pre_2020,18,-0.07152688408583271,-0.07152688408583271,0.5,1.0,18,18,12
prewhitened_ar,headline_12m_pct,jp_epi_electronics_gbp_12m_pct,pandemic_2020_2022,0,-0.17596313429864646,-0.36714004279420176,0.5,1.0,18,36,12
prewhitened_ar,headline_12m_pct,jp_epi_electronics_gbp_12m_pct,pandemic_2020_2022,1,0.13834118163669973,-0.016596286129482572,1.0,1.0,18,35,12
prewhitened_ar,headline_12m_pct,jp_epi_electronics_gbp_12m_pct,pandemic_2020_2022,2,0.05123060493747124,0.15702680298745503,1.0,1.0,18,34,12
prewhitened_ar,headline_12m_pct,jp_epi_electronics_gbp_12m_pct,pandemic_2020_2022,3,0.010393641845949025,0.19465213915912566,0.5,1.0,18,33,12
prewhitened_ar,headline_12m_pct,jp_epi_electronics_gbp_12m_pct,pandemic_2020_2022,4,0.2213075377554093,0.20606334613538763,1.0,1.0,18,32,12
prewhitened_ar,headline_12m_pct,jp_epi_electronics_gbp_12m_pct,pandemic_2020_2022,5,0.021534791100714927,0.06887373941441621,0.5,1.0,18,31,12
prewhitened_ar,headline_12m_pct,jp_epi_electronics_gbp_12m_pct,pandemic_2020_2022,6,-0.38626373722107865,-0.37698500884321656,0.5,1.0,18,30,12
prewhitened_ar,headline_12m_pct,jp_epi_electronics_gbp_12m_pct,pandemic_2020_2022,7,-0.37023235727929205,-0.41373319838546563,0.5,1.0,18,29,12
prewhitened_ar,headline_12m_pct,jp_epi_electronics_gbp_12m_pct,pandemic_2020_2022,8,0.11852927949034406,0.10083850017687036,1.0,1.0,18,28,12
prewhitened_ar,headline_12m_pct,jp_epi_electronics_gbp_12m_pct,pandemic_2020_2022,9,-0.049078969812424336,0.025466794060858677,1.0,1.0,18,27,12
prewhitened_ar,headline_12m_pct,jp_epi_electronics_gbp_12m_pct,pandemic_2020_2022,10,0.1908227629838474,0.2568820811451895,0.5,1.0,18,26,12
prewhitened_ar,headline_12m_pct,jp_epi_electronics_gbp_12m_pct,pandemic_2020_2022,11,0.3628465410589305,0.4511586094236322,0.5,1.0,18,25,12
prewhitened_ar,headline_12m_pct,jp_epi_electronics_gbp_12m_pct,pandemic_2020_2022,12,0.060208581736841564,0.212275029326297,1.0,1.0,18,24,12
prewhitened_ar,headline_12m_pct,jp_epi_electronics_gbp_12m_pct,pandemic_2020_2022,13,-0.35844000865195014,-0.3511941114779924,0.5,1.0,18,23,12
prewhitened_ar,headline_12m_pct,jp_epi_electronics_gbp_12m_pct,pandemic_2020_2022,14,-0.13275969323533468,-0.19855891004994972,0.5,1.0,18,22,12
prewhitened_ar,headline_12m_pct,jp_epi_electronics_gbp_12m_pct,pandemic_2020_2022,15,-0.09326422200861925,-0.08581114246629669,0.5,1.0,18,21,12
prewhitened_ar,headline_12m_pct,jp_epi_electronics_gbp_12m_pct,pandemic_2020_2022,16,-0.47279638515871436,-0.4427089379414795,0.5,1.0,18,20,12
prewhitened_ar,headline_12m_pct,jp_epi_electronics_gbp_12m_pct,pandemic_2020_2022,17,0.3110902647212265,0.3493549780688378,0.5,1.0,18,19,12
prewhitened_ar,headline_12m_pct,jp_epi_electronics_gbp_12m_pct,pandemic_2020_2022,18,0.20949643075649338,0.20949643075649338,0.5,1.0,18,18,12
prewhitened_ar,headline_12m_pct,jp_epi_electronics_gbp_12m_pct,post_2022,0,-0.158456652110282,-0.19017287446288253,0.5,1.0,18,43,12
prewhitened_ar,headline_12m_pct,jp_epi_electronics_gbp_12m_pct,post_2022,1,-0.04053003286549261,-0.10479879619612091,0.5,1.0,18,42,12
prewhitened_ar,headline_12m_pct,jp_epi_electronics_gbp_12m_pct,post_2022,2,0.07294397505950084,-0.04432527541241972,1.0,1.0,18,41,12
prewhitened_ar,headline_12m_pct,jp_epi_electronics_gbp_12m_pct,post_2022,3,0.02663264999705596,0.10969152869598206,1.0,1.0,18,40,12
prewhitened_ar,headline_12m_pct,jp_epi_electronics_gbp_12m_pct,post_2022,4,-0.19260621480788345,-0.3187943614601235,0.5,1.0,18,39,12
prewhitened_ar,headline_12m_pct,jp_epi_electronics_gbp_12m_pct,post_2022,5,0.2743427259277119,0.21150199308902806,0.5,1.0,18,38,12
prewhitened_ar,headline_12m_pct,jp_epi_electronics_gbp_12m_pct,post_2022,6,-0.16971607487307866,-0.30283426579682227,0.5,1.0,18,37,12
prewhitened_ar,headline_12m_pct,jp_epi_electronics_gbp_12m_pct,post_2022,7,0.16882507328904958,0.2425876135808509,0.5,1.0,18,36,12
prewhitened_ar,headline_12m_pct,jp_epi_electronics_gbp_12m_pct,post_2022,8,0.09573567524449235,0.027447845281730835,1.0,1.0,18,35,12
prewhitened_ar,headline_12m_pct,jp_epi_electronics_gbp_12m_pct,post_2022,9,0.37395058060913844,0.3687813704840032,0.5,1.0,18,34,12
prewhitened_ar,headline_12m_pct,jp_epi_electronics_gbp_12m_pct,post_2022,10,0.053110887276951776,-0.00804088506747367,1.0,1.0,18,33,12
prewhitened_ar,headline_12m_pct,jp_epi_electronics_gbp_12m_pct,post_2022,11,0.0817438287983894,0.1504402478988458,0.5,1.0,18,32,12
prewhitened_ar,headline_12m_pct,jp_epi_electronics_gbp_12m_pct,post_2022,12,0.13001665632834172,0.16244302123900198,0.5,1.0,18,31,12
prewhitened_ar,headline_12m_pct,jp_epi_electronics_gbp_12m_pct,post_2022,13,-0.1065248150682353,-0.02386267216155709,0.5,1.0,18,30,12
prewhitened_ar,headline_12m_pct,jp_epi_electronics_gbp_12m_pct,post_2022,14,-0.2891440318937715,-0.317360214108616,0.5,1.0,18,29,12
prewhitened_ar,headline_12m_pct,jp_epi_electronics_gbp_12m_pct,post_2022,15,0.1430424868581506,0.20861480529538867,0.5,1.0,18,28,12
prewhitened_ar,headline_12m_pct,jp_epi_electronics_gbp_12m_pct,post_2022,16,0.14443059838598404,0.15681174682032561,0.5,1.0,18,27,12
prewhitened_ar,headline_12m_pct,jp_epi_electronics_gbp_12m_pct,post_2022,17,-0.09834737434256939,-0.09841016440519369,1.0,1.0,18,26,12
prewhitened_ar,headline_12m_pct,jp_epi_electronics_gbp_12m_pct,post_2022,18,-0.21558612030839944,-0.21558612030839944,1.0,1.0,18,25,12
prewhitened_ar,headline_12m_pct,kr_epi_tech_gbp_12m_pct,full,0,-0.0455149921417064,-0.08816290519918764,0.5555555555555556,1.0,18,59,12
prewhitened_ar,headline_12m_pct,kr_epi_tech_gbp_12m_pct,full,1,0.07405429548151747,0.16510578083524638,0.2222222222222222,1.0,18,58,12
prewhitened_ar,headline_12m_pct,kr_epi_tech_gbp_12m_pct,full,2,-0.10116749599498862,-0.009567154691171526,0.8888888888888888,1.0,18,57,12
prewhitened_ar,headline_12m_pct,kr_epi_tech_gbp_12m_pct,full,3,-0.19554307108877952,-0.2120246029300738,0.1111111111111111,1.0,18,56,12
prewhitened_ar,headline_12m_pct,kr_epi_tech_gbp_12m_pct,full,4,0.023087251826601894,0.23333033188731742,0.16666666666666666,0.8888888888888888,18,55,12
prewhitened_ar,headline_12m_pct,kr_epi_tech_gbp_12m_pct,full,5,0.06967315449805346,0.026091913061640593,0.8888888888888888,1.0,18,54,12
prewhitened_ar,headline_12m_pct,kr_epi_tech_gbp_12m_pct,full,6,-0.318943928058826,-0.4430073806064592,0.05555555555555555,0.05555555555555555,18,53,12
prewhitened_ar,headline_12m_pct,kr_epi_tech_gbp_12m_pct,full,7,-0.29615912952773954,-0.21787378289257944,0.1111111111111111,1.0,18,52,12
prewhitened_ar,headline_12m_pct,kr_epi_tech_gbp_12m_pct,full,8,0.0989596521616971,0.1494649884421283,0.16666666666666666,1.0,18,51,12
prewhitened_ar,headline_12m_pct,kr_epi_tech_gbp_12m_pct,full,9,-0.05220211129882793,-0.014417494367005639,1.0,1.0,18,50,12
prewhitened_ar,headline_12m_pct,kr_epi_tech_gbp_12m_pct,full,10,-0.08192265656024762,0.034470518405701006,0.8333333333333334,1.0,18,49,12
prewhitened_ar,headline_12m_pct,kr_epi_tech_gbp_12m_pct,full,11,0.12254500154524478,0.12024995135769403,0.3888888888888889,1.0,18,48,12
prewhitened_ar,headline_12m_pct,kr_epi_tech_gbp_12m_pct,full,12,0.024434751883764743,0.01800031762728664,0.9444444444444444,1.0,18,47,12
prewhitened_ar,headline_12m_pct,kr_epi_tech_gbp_12m_pct,full,13,-0.0023850638815808307,-0.06023811061223931,0.7777777777777778,1.0,18,46,12
prewhitened_ar,headline_12m_pct,kr_epi_tech_gbp_12m_pct,full,14,-0.11649208107741825,-0.06440814549553958,0.7777777777777778,1.0,18,45,12
prewhitened_ar,headline_12m_pct,kr_epi_tech_gbp_12m_pct,full,15,0.06888481801661679,0.0207726693832091,0.8888888888888888,1.0,18,44,12
prewhitened_ar,headline_12m_pct,kr_epi_tech_gbp_12m_pct,full,16,-0.1027181683918781,-0.08021043812600143,0.7222222222222222,1.0,18,43,12
prewhitened_ar,headline_12m_pct,kr_epi_tech_gbp_12m_pct,full,17,0.007587763941642251,0.0038126443373609153,0.9444444444444444,1.0,18,42,12
prewhitened_ar,headline_12m_pct,kr_epi_tech_gbp_12m_pct,full,18,0.011602461039156586,0.011602461039156586,0.8888888888888888,1.0,18,41,12
prewhitened_ar,headline_12m_pct,kr_epi_tech_gbp_12m_pct,pandemic_2020_2022,0,-0.08794323719938785,-0.2893851543624008,1.0,1.0,18,33,12
prewhitened_ar,headline_12m_pct,kr_epi_tech_gbp_12m_pct,pandemic_2020_2022,1,0.24677093504542824,0.027825244602013362,1.0,1.0,18,32,12
prewhitened_ar,headline_12m_pct,kr_epi_tech_gbp_12m_pct,pandemic_2020_2022,2,0.08587961198682795,0.38748666272629523,0.5,1.0,18,31,12
prewhitened_ar,headline_12m_pct,kr_epi_tech_gbp_12m_pct,pandemic_2020_2022,3,-0.3112410352513888,-0.18117758460406908,0.5,1.0,18,30,12
prewhitened_ar,headline_12m_pct,kr_epi_tech_gbp_12m_pct,pandemic_2020_2022,4,0.2989513814461382,0.22846479824153093,0.5,1.0,18,29,12
prewhitened_ar,headline_12m_pct,kr_epi_tech_gbp_12m_pct,pandemic_2020_2022,5,0.0031163202070168656,-0.01267435403325832,1.0,1.0,18,28,12
prewhitened_ar,headline_12m_pct,kr_epi_tech_gbp_12m_pct,pandemic_2020_2022,6,-0.3047640133635466,-0.36311122985844096,0.5,1.0,18,27,12
prewhitened_ar,headline_12m_pct,kr_epi_tech_gbp_12m_pct,pandemic_2020_2022,7,-0.26183157430647946,-0.4323588783042522,0.5,1.0,18,26,12
prewhitened_ar,headline_12m_pct,kr_epi_tech_gbp_12m_pct,pandemic_2020_2022,8,0.1408139930415719,0.0441413768874575,0.5,1.0,18,25,12
prewhitened_ar,headline_12m_pct,kr_epi_tech_gbp_12m_pct,pandemic_2020_2022,9,-0.1291148158445169,-0.16833786277574855,1.0,1.0,18,24,12
prewhitened_ar,headline_12m_pct,kr_epi_tech_gbp_12m_pct,pandemic_2020_2022,10,0.30181503172411756,0.23815548847804416,1.0,1.0,18,23,12
prewhitened_ar,headline_12m_pct,kr_epi_tech_gbp_12m_pct,pandemic_2020_2022,11,0.15146214669933147,0.08224784223268475,1.0,1.0,18,22,12
prewhitened_ar,headline_12m_pct,kr_epi_tech_gbp_12m_pct,pandemic_2020_2022,12,0.1643851579117544,0.3517329442870942,0.5,1.0,18,21,12
prewhitened_ar,headline_12m_pct,kr_epi_tech_gbp_12m_pct,pandemic_2020_2022,13,-0.23072261167541638,-0.2429396695194298,1.0,1.0,18,20,12
prewhitened_ar,headline_12m_pct,kr_epi_tech_gbp_12m_pct,pandemic_2020_2022,14,-0.0401887016067478,-0.17429378596661144,0.5,1.0,18,19,12
prewhitened_ar,headline_12m_pct,kr_epi_tech_gbp_12m_pct,pandemic_2020_2022,15,0.1059359924963283,0.13792177653896676,1.0,1.0,18,18,12
prewhitened_ar,headline_12m_pct,kr_epi_tech_gbp_12m_pct,pandemic_2020_2022,16,-0.37647502790948045,-0.2979927774767317,1.0,1.0,18,17,12
prewhitened_ar,headline_12m_pct,kr_epi_tech_gbp_12m_pct,pandemic_2020_2022,17,-0.06758202738870345,-0.023001224369000976,1.0,1.0,18,16,12
prewhitened_ar,headline_12m_pct,kr_epi_tech_gbp_12m_pct,pandemic_2020_2022,18,0.05152357669947046,0.05152357669947046,1.0,1.0,18,15,12
prewhitened_ar,headline_12m_pct,kr_epi_tech_gbp_12m_pct,post_2022,0,0.046608802082845915,-0.2617522485551972,1.0,1.0,18,26,12
prewhitened_ar,headline_12m_pct,kr_epi_tech_gbp_12m_pct,post_2022,1,-0.036424672245708924,-0.3988301195864557,1.0,1.0,18,25,12
prewhitened_ar,headline_12m_pct,kr_epi_tech_gbp_12m_pct,post_2022,2,-0.20572709331348624,-0.5904158621966462,0.5,1.0,18,24,12
prewhitened_ar,headline_12m_pct,kr_epi_tech_gbp_12m_pct,post_2022,3,-0.014024700245337326,0.14967402325735824,0.5,1.0,18,23,12
prewhitened_ar,headline_12m_pct,kr_epi_tech_gbp_12m_pct,post_2022,4,-0.09259195195805345,0.34833824503219796,1.0,1.0,18,22,12
prewhitened_ar,headline_12m_pct,kr_epi_tech_gbp_12m_pct,post_2022,5,0.4070824242170425,0.43792966576265346,1.0,1.0,18,21,12
prewhitened_ar,headline_12m_pct,kr_epi_tech_gbp_12m_pct,post_2022,6,-0.07784918055888092,-0.8307584907358372,0.5,0.5,18,20,12
prewhitened_ar,headline_12m_pct,kr_epi_tech_gbp_12m_pct,post_2022,7,-0.3835351860712457,-0.20759951992154319,0.5,1.0,18,19,12
prewhitened_ar,headline_12m_pct,kr_epi_tech_gbp_12m_pct,post_2022,8,0.2108106075250491,0.3965936344528617,0.5,1.0,18,18,12
prewhitened_ar,headline_12m_pct,kr_epi_tech_gbp_12m_pct,post_2022,9,-0.01992004610056514,-0.04712202806350589,1.0,1.0,18,17,12
prewhitened_ar,headline_12m_pct,kr_epi_tech_gbp_12m_pct,post_2022,10,-0.2576459823496892,0.2761312424215214,1.0,1.0,18,16,12
prewhitened_ar,headline_12m_pct,kr_epi_tech_gbp_12m_pct,post_2022,11,0.1777774893603347,0.07125331160397944,1.0,1.0,18,15,12
prewhitened_ar,headline_12m_pct,kr_epi_tech_gbp_12m_pct,post_2022,12,-0.05675814738525605,-0.2577904595209652,1.0,1.0,18,14,12
prewhitened_ar,headline_12m_pct,kr_epi_tech_gbp_12m_pct,post_2022,13,0.26914511443247935,-0.06536570681620064,1.0,1.0,18,13,12
prewhitened_ar,headline_12m_pct,kr_epi_tech_gbp_12m_pct,post_2022,14,-0.19328810351682257,0.03157289038900075,1.0,1.0,18,12,12
prewhitened_ar,headline_12m_pct,kr_epi_tech_gbp_12m_pct,post_2022,15,0.3147260125795921,0.08489028805231183,1.0,1.0,18,11,12
prewhitened_ar,headline_12m_pct,kr_epi_tech_gbp_12m_pct,post_2022,16,0.33401748076106624,0.6103125526615218,0.5,1.0,18,10,12
prewhitened_ar,headline_12m_pct,kr_epi_tech_gbp_12m_pct,post_2022,17,0.3903020516363136,0.4050870588030442,0.5,1.0,18,9,12
prewhitened_ar,headline_12m_pct,kr_epi_tech_gbp_12m_pct,post_2022,18,-0.18274675083046468,-0.18274675083046468,0.5,1.0,18,8,12
prewhitened_ar,headline_12m_pct,cn_ppi_tech_gbp_12m_pct,full,0,0.009758921095070183,-0.12070453831827685,0.4,1.0,18,46,12
prewhitened_ar,headline_12m_pct,cn_ppi_tech_gbp_12m_pct,full,1,0.19854709045698934,0.14943621218958772,0.2,1.0,18,45,12
prewhitened_ar,headline_12m_pct,cn_ppi_tech_gbp_12m_pct,full,2,-0.222831746733543,-0.2496154557679512,0.2,1.0,18,44,12
prewhitened_ar,headline_12m_pct,cn_ppi_tech_gbp_12m_pct,full,3,-0.06569312222549831,-0.13264611845858587,0.4,1.0,18,43,12
prewhitened_ar,headline_12m_pct,cn_ppi_tech_gbp_12m_pct,full,4,-0.10041892161621087,-0.05977855313471725,0.6,1.0,18,42,12
prewhitened_ar,headline_12m_pct,cn_ppi_tech_gbp_12m_pct,full,5,-0.018834164912962012,-0.0044600173871045135,1.0,1.0,18,41,12
prewhitened_ar,headline_12m_pct,cn_ppi_tech_gbp_12m_pct,full,6,-0.2818884423083916,-0.5357270792721336,0.2,0.2,18,40,12
prewhitened_ar,headline_12m_pct,cn_ppi_tech_gbp_12m_pct,full,7,0.06005511643833613,0.025867478547907934,1.0,1.0,18,39,12
prewhitened_ar,headline_12m_pct,cn_ppi_tech_gbp_12m_pct,full,8,0.09493736084208608,0.012852632229300772,1.0,1.0,18,38,12
prewhitened_ar,headline_12m_pct,cn_ppi_tech_gbp_12m_pct,full,9,0.3428083845693694,0.364792749963215,0.2,0.4,18,37,12
prewhitened_ar,headline_12m_pct,cn_ppi_tech_gbp_12m_pct,full,10,0.28362560161400224,0.2711825906838016,0.2,1.0,18,36,12
prewhitened_ar,headline_12m_pct,cn_ppi_tech_gbp_12m_pct,full,11,-0.029542785906903193,-0.017872316849048494,1.0,1.0,18,35,12
prewhitened_ar,headline_12m_pct,cn_ppi_tech_gbp_12m_pct,full,12,0.3973855562429371,0.3798680367508845,0.2,0.4,18,34,12
prewhitened_ar,headline_12m_pct,cn_ppi_tech_gbp_12m_pct,full,13,0.21764436186911013,0.21604829566306927,0.4,1.0,18,33,12
prewhitened_ar,headline_12m_pct,cn_ppi_tech_gbp_12m_pct,full,14,-0.007936221131664369,-0.021897070271690126,0.8,1.0,18,32,12
prewhitened_ar,headline_12m_pct,cn_ppi_tech_gbp_12m_pct,full,15,0.3323015188247793,0.3062177637975309,0.2,1.0,18,31,12
prewhitened_ar,headline_12m_pct,cn_ppi_tech_gbp_12m_pct,full,16,-0.03488396888155881,-0.05431150138889021,0.8,1.0,18,30,12
prewhitened_ar,headline_12m_pct,cn_ppi_tech_gbp_12m_pct,full,17,0.02685496257385951,0.028692934299710288,1.0,1.0,18,29,12
prewhitened_ar,headline_12m_pct,cn_ppi_tech_gbp_12m_pct,full,18,0.08719758931609706,0.08719758931609706,0.6,1.0,18,28,12
prewhitened_ar,headline_12m_pct,cn_ppi_tech_gbp_12m_pct,post_2022,0,-0.08220168573272836,-0.30089686126405324,1.0,1.0,18,36,12
prewhitened_ar,headline_12m_pct,cn_ppi_tech_gbp_12m_pct,post_2022,1,0.08317951959508435,-0.02915186584707712,0.5,1.0,18,35,12
prewhitened_ar,headline_12m_pct,cn_ppi_tech_gbp_12m_pct,post_2022,2,-0.20681843939619535,-0.2259242861590985,0.5,1.0,18,34,12
prewhitened_ar,headline_12m_pct,cn_ppi_tech_gbp_12m_pct,post_2022,3,0.04210125663278678,0.012755719123265745,1.0,1.0,18,33,12
prewhitened_ar,headline_12m_pct,cn_ppi_tech_gbp_12m_pct,post_2022,4,-0.11715948954231105,-0.03587471795025638,1.0,1.0,18,32,12
prewhitened_ar,headline_12m_pct,cn_ppi_tech_gbp_12m_pct,post_2022,5,0.08395706657579319,0.20335397881167908,0.5,1.0,18,31,12
prewhitened_ar,headline_12m_pct,cn_ppi_tech_gbp_12m_pct,post_2022,6,-0.2424878585630641,-0.5997162164251284,0.5,0.5,18,30,12
prewhitened_ar,headline_12m_pct,cn_ppi_tech_gbp_12m_pct,post_2022,7,0.1807946544147507,0.2391212446728816,0.5,1.0,18,29,12
prewhitened_ar,headline_12m_pct,cn_ppi_tech_gbp_12m_pct,post_2022,8,0.011470987786304438,-0.0944079406677982,1.0,1.0,18,28,12
prewhitened_ar,headline_12m_pct,cn_ppi_tech_gbp_12m_pct,post_2022,9,0.27572491605346794,0.3406057607189285,0.5,1.0,18,27,12
prewhitened_ar,headline_12m_pct,cn_ppi_tech_gbp_12m_pct,post_2022,10,0.3220497705904166,0.35787847453081767,0.5,1.0,18,26,12
prewhitened_ar,headline_12m_pct,cn_ppi_tech_gbp_12m_pct,post_2022,11,-0.22926463382056728,-0.20424996818178656,1.0,1.0,18,25,12
prewhitened_ar,headline_12m_pct,cn_ppi_tech_gbp_12m_pct,post_2022,12,0.45476378387372896,0.4647677992795371,0.5,1.0,18,24,12
prewhitened_ar,headline_12m_pct,cn_ppi_tech_gbp_12m_pct,post_2022,13,-0.07261250521844634,-0.06696042600816826,1.0,1.0,18,23,12
prewhitened_ar,headline_12m_pct,cn_ppi_tech_gbp_12m_pct,post_2022,14,-0.07214334590838022,-0.07078986423728854,1.0,1.0,18,22,12
prewhitened_ar,headline_12m_pct,cn_ppi_tech_gbp_12m_pct,post_2022,15,0.2173758669695476,0.17870798524694367,1.0,1.0,18,21,12
prewhitened_ar,headline_12m_pct,cn_ppi_tech_gbp_12m_pct,post_2022,16,-0.23273945523332787,-0.2750810260198998,0.5,1.0,18,20,12
prewhitened_ar,headline_12m_pct,cn_ppi_tech_gbp_12m_pct,post_2022,17,-0.28591347258245436,-0.28954409252374697,0.5,1.0,18,19,12
prewhitened_ar,headline_12m_pct,cn_ppi_tech_gbp_12m_pct,post_2022,18,0.0039890955354172615,0.0039890955354172615,1.0,1.0,18,18,12
prewhitened_ar,headline_12m_pct,tw_epi_integrated_circuits_gbp_12m_pct,full,0,0.031408912272187034,-0.009259067685918247,0.9594594594594594,1.0,18,115,12
prewhitened_ar,headline_12m_pct,tw_epi_integrated_circuits_gbp_12m_pct,full,1,0.08982992694572652,0.016623189727645458,0.9054054054054054,1.0,18,114,12
prewhitened_ar,headline_12m_pct,tw_epi_integrated_circuits_gbp_12m_pct,full,2,-0.059951831976548145,-0.07785377801450143,0.527027027027027,1.0,18,113,12
prewhitened_ar,headline_12m_pct,tw_epi_integrated_circuits_gbp_12m_pct,full,3,0.10195821070929081,0.0907563625813947,0.5,1.0,18,112,12
prewhitened_ar,headline_12m_pct,tw_epi_integrated_circuits_gbp_12m_pct,full,4,0.00824627733882059,-0.011111167104204319,0.9324324324324325,1.0,18,111,12
prewhitened_ar,headline_12m_pct,tw_epi_integrated_circuits_gbp_12m_pct,full,5,0.15900937384917543,0.16156753905687501,0.20270270270270271,0.9864864864864865,18,110,12
prewhitened_ar,headline_12m_pct,tw_epi_integrated_circuits_gbp_12m_pct,full,6,-0.2170080216806234,-0.25125432346290105,0.02702702702702703,0.22972972972972974,18,109,12
prewhitened_ar,headline_12m_pct,tw_epi_integrated_circuits_gbp_12m_pct,full,7,-0.02214570552871176,-0.029481681725596915,0.7297297297297297,1.0,18,108,12
prewhitened_ar,headline_12m_pct,tw_epi_integrated_circuits_gbp_12m_pct,full,8,0.05359900841224568,0.04943100473169753,0.6621621621621622,1.0,18,107,12
prewhitened_ar,headline_12m_pct,tw_epi_integrated_circuits_gbp_12m_pct,full,9,0.11570612335386127,0.08353965568042515,0.4864864864864865,1.0,18,106,12
prewhitened_ar,headline_12m_pct,tw_epi_integrated_circuits_gbp_12m_pct,full,10,0.032069918844204424,-0.003650712764191558,0.972972972972973,1.0,18,105,12
prewhitened_ar,headline_12m_pct,tw_epi_integrated_circuits_gbp_12m_pct,full,11,0.2042786671812962,0.17590838987821844,0.13513513513513514,0.8378378378378378,18,104,12
prewhitened_ar,headline_12m_pct,tw_epi_integrated_circuits_gbp_12m_pct,full,12,0.1338969376724663,0.1537613441792775,0.24324324324324326,1.0,18,103,12
prewhitened_ar,headline_12m_pct,tw_epi_integrated_circuits_gbp_12m_pct,full,13,-0.10621101094942259,-0.10754424997206821,0.3783783783783784,1.0,18,102,12
prewhitened_ar,headline_12m_pct,tw_epi_integrated_circuits_gbp_12m_pct,full,14,-0.025730213750824037,-0.00896957583975074,0.918918918918919,1.0,18,101,12
prewhitened_ar,headline_12m_pct,tw_epi_integrated_circuits_gbp_12m_pct,full,15,-0.036924594419805154,-0.0432517686218357,0.7162162162162162,1.0,18,100,12
prewhitened_ar,headline_12m_pct,tw_epi_integrated_circuits_gbp_12m_pct,full,16,0.02463786993813376,0.036147611497305,0.7702702702702703,1.0,18,99,12
prewhitened_ar,headline_12m_pct,tw_epi_integrated_circuits_gbp_12m_pct,full,17,0.13176912776571612,0.12888211471185057,0.2702702702702703,1.0,18,98,12
prewhitened_ar,headline_12m_pct,tw_epi_integrated_circuits_gbp_12m_pct,full,18,0.13849234947738795,0.13849234947738795,0.24324324324324326,1.0,18,97,12
prewhitened_ar,headline_12m_pct,tw_epi_integrated_circuits_gbp_12m_pct,pre_2020,0,0.012968591734432995,-0.07299643139270981,1.0,1.0,18,36,12
prewhitened_ar,headline_12m_pct,tw_epi_integrated_circuits_gbp_12m_pct,pre_2020,1,0.04304620864687551,-0.1689842304206458,0.5,1.0,18,35,12
prewhitened_ar,headline_12m_pct,tw_epi_integrated_circuits_gbp_12m_pct,pre_2020,2,-0.12300048773681434,-0.03244897806272308,1.0,1.0,18,34,12
prewhitened_ar,headline_12m_pct,tw_epi_integrated_circuits_gbp_12m_pct,pre_2020,3,0.16551787654255162,0.125192077436577,1.0,1.0,18,33,12
prewhitened_ar,headline_12m_pct,tw_epi_integrated_circuits_gbp_12m_pct,pre_2020,4,-0.1980686668201949,-0.12326231838721337,0.5,1.0,18,32,12
prewhitened_ar,headline_12m_pct,tw_epi_integrated_circuits_gbp_12m_pct,pre_2020,5,0.3145630240198985,0.4085418439558502,0.5,1.0,18,31,12
prewhitened_ar,headline_12m_pct,tw_epi_integrated_circuits_gbp_12m_pct,pre_2020,6,-0.04285282787866717,-0.11434363341707422,0.5,1.0,18,30,12
prewhitened_ar,headline_12m_pct,tw_epi_integrated_circuits_gbp_12m_pct,pre_2020,7,0.10882911550101605,0.05304510128900633,1.0,1.0,18,29,12
prewhitened_ar,headline_12m_pct,tw_epi_integrated_circuits_gbp_12m_pct,pre_2020,8,0.05721596978213155,0.0674687606081483,0.5,1.0,18,28,12
prewhitened_ar,headline_12m_pct,tw_epi_integrated_circuits_gbp_12m_pct,pre_2020,9,-0.06675127837310642,-0.07041400858651076,1.0,1.0,18,27,12
prewhitened_ar,headline_12m_pct,tw_epi_integrated_circuits_gbp_12m_pct,pre_2020,10,-0.06155444492293563,-0.12689745147319598,0.5,1.0,18,26,12
prewhitened_ar,headline_12m_pct,tw_epi_integrated_circuits_gbp_12m_pct,pre_2020,11,0.13655221293609057,0.0898939687905809,1.0,1.0,18,25,12
prewhitened_ar,headline_12m_pct,tw_epi_integrated_circuits_gbp_12m_pct,pre_2020,12,0.06793375077229216,0.15857387905201017,1.0,1.0,18,24,12
prewhitened_ar,headline_12m_pct,tw_epi_integrated_circuits_gbp_12m_pct,pre_2020,13,-0.24760014904326785,-0.2905839821122642,0.5,1.0,18,23,12
prewhitened_ar,headline_12m_pct,tw_epi_integrated_circuits_gbp_12m_pct,pre_2020,14,0.11580862525869144,0.08395180251120592,0.5,1.0,18,22,12
prewhitened_ar,headline_12m_pct,tw_epi_integrated_circuits_gbp_12m_pct,pre_2020,15,-0.07428041983821544,-0.07324253176244327,0.5,1.0,18,21,12
prewhitened_ar,headline_12m_pct,tw_epi_integrated_circuits_gbp_12m_pct,pre_2020,16,-0.03374873847612263,-0.02756497129471315,1.0,1.0,18,20,12
prewhitened_ar,headline_12m_pct,tw_epi_integrated_circuits_gbp_12m_pct,pre_2020,17,-0.04193705026792291,-0.052689153529228636,0.5,1.0,18,19,12
prewhitened_ar,headline_12m_pct,tw_epi_integrated_circuits_gbp_12m_pct,pre_2020,18,-0.14188898634417324,-0.14188898634417324,0.5,1.0,18,18,12
prewhitened_ar,headline_12m_pct,tw_epi_integrated_circuits_gbp_12m_pct,pandemic_2020_2022,0,-0.02130852662231456,-0.3355299486102708,1.0,1.0,18,36,12
prewhitened_ar,headline_12m_pct,tw_epi_integrated_circuits_gbp_12m_pct,pandemic_2020_2022,1,-0.03333906010973082,-0.19141750829111578,0.5,1.0,18,35,12
prewhitened_ar,headline_12m_pct,tw_epi_integrated_circuits_gbp_12m_pct,pandemic_2020_2022,2,-0.14608715552861967,0.06638326058628732,1.0,1.0,18,34,12
prewhitened_ar,headline_12m_pct,tw_epi_integrated_circuits_gbp_12m_pct,pandemic_2020_2022,3,-0.11970595760285506,0.10182093476065714,0.5,1.0,18,33,12
prewhitened_ar,headline_12m_pct,tw_epi_integrated_circuits_gbp_12m_pct,pandemic_2020_2022,4,0.2240240965793451,0.13771978429137968,1.0,1.0,18,32,12
prewhitened_ar,headline_12m_pct,tw_epi_integrated_circuits_gbp_12m_pct,pandemic_2020_2022,5,0.24245637420588317,0.2986849514428179,0.5,1.0,18,31,12
prewhitened_ar,headline_12m_pct,tw_epi_integrated_circuits_gbp_12m_pct,pandemic_2020_2022,6,-0.3850943748600863,-0.3336666181662287,0.5,1.0,18,30,12
prewhitened_ar,headline_12m_pct,tw_epi_integrated_circuits_gbp_12m_pct,pandemic_2020_2022,7,-0.4482286489123186,-0.4154500563158303,0.5,1.0,18,29,12
prewhitened_ar,headline_12m_pct,tw_epi_integrated_circuits_gbp_12m_pct,pandemic_2020_2022,8,-0.06959788326693178,0.06553141989386599,1.0,1.0,18,28,12
prewhitened_ar,headline_12m_pct,tw_epi_integrated_circuits_gbp_12m_pct,pandemic_2020_2022,9,-0.16136927896078251,-0.10973977011429537,0.5,1.0,18,27,12
prewhitened_ar,headline_12m_pct,tw_epi_integrated_circuits_gbp_12m_pct,pandemic_2020_2022,10,0.12704815290276425,0.23070305783622921,0.5,1.0,18,26,12
prewhitened_ar,headline_12m_pct,tw_epi_integrated_circuits_gbp_12m_pct,pandemic_2020_2022,11,0.25679059441025126,0.45535175698677494,0.5,1.0,18,25,12
prewhitened_ar,headline_12m_pct,tw_epi_integrated_circuits_gbp_12m_pct,pandemic_2020_2022,12,0.06064166686538094,0.35151127019579415,0.5,1.0,18,24,12
prewhitened_ar,headline_12m_pct,tw_epi_integrated_circuits_gbp_12m_pct,pandemic_2020_2022,13,-0.2912098728083869,-0.20171622034191244,0.5,1.0,18,23,12
prewhitened_ar,headline_12m_pct,tw_epi_integrated_circuits_gbp_12m_pct,pandemic_2020_2022,14,-0.1321785017145989,-0.15746846776720658,1.0,1.0,18,22,12
prewhitened_ar,headline_12m_pct,tw_epi_integrated_circuits_gbp_12m_pct,pandemic_2020_2022,15,-0.12507863134456246,-0.12733490724973376,0.5,1.0,18,21,12
prewhitened_ar,headline_12m_pct,tw_epi_integrated_circuits_gbp_12m_pct,pandemic_2020_2022,16,-0.5668895744995195,-0.5549105996567949,0.5,1.0,18,20,12
prewhitened_ar,headline_12m_pct,tw_epi_integrated_circuits_gbp_12m_pct,pandemic_2020_2022,17,0.12679558291822887,0.16308609806665406,0.5,1.0,18,19,12
prewhitened_ar,headline_12m_pct,tw_epi_integrated_circuits_gbp_12m_pct,pandemic_2020_2022,18,0.17568485801578443,0.17568485801578443,0.5,1.0,18,18,12
prewhitened_ar,headline_12m_pct,tw_epi_integrated_circuits_gbp_12m_pct,post_2022,0,0.0401890212156921,-0.1440057112741257,0.5,1.0,18,43,12
prewhitened_ar,headline_12m_pct,tw_epi_integrated_circuits_gbp_12m_pct,post_2022,1,0.2390878612823498,0.011758918977032387,1.0,1.0,18,42,12
prewhitened_ar,headline_12m_pct,tw_epi_integrated_circuits_gbp_12m_pct,post_2022,2,0.0185294797456268,-0.010732584893290311,1.0,1.0,18,41,12
prewhitened_ar,headline_12m_pct,tw_epi_integrated_circuits_gbp_12m_pct,post_2022,3,0.2440421584536104,0.2835630394117156,0.5,1.0,18,40,12
prewhitened_ar,headline_12m_pct,tw_epi_integrated_circuits_gbp_12m_pct,post_2022,4,-0.062380946361205954,-0.17848156386629524,1.0,1.0,18,39,12
prewhitened_ar,headline_12m_pct,tw_epi_integrated_circuits_gbp_12m_pct,post_2022,5,0.009835032984627106,-0.002118481904138658,1.0,1.0,18,38,12
prewhitened_ar,headline_12m_pct,tw_epi_integrated_circuits_gbp_12m_pct,post_2022,6,-0.24953856064516278,-0.35394423462591057,0.5,1.0,18,37,12
prewhitened_ar,headline_12m_pct,tw_epi_integrated_circuits_gbp_12m_pct,post_2022,7,0.17226501486679469,0.28486395766278233,0.5,1.0,18,36,12
prewhitened_ar,headline_12m_pct,tw_epi_integrated_circuits_gbp_12m_pct,post_2022,8,-0.041149889372608814,-0.037831307439636176,0.5,1.0,18,35,12
prewhitened_ar,headline_12m_pct,tw_epi_integrated_circuits_gbp_12m_pct,post_2022,9,0.31296235359419916,0.2779594247667574,0.5,1.0,18,34,12
prewhitened_ar,headline_12m_pct,tw_epi_integrated_circuits_gbp_12m_pct,post_2022,10,0.12648137523534755,0.03762995406639184,1.0,1.0,18,33,12
prewhitened_ar,headline_12m_pct,tw_epi_integrated_circuits_gbp_12m_pct,post_2022,11,0.1370021663088701,0.014066190348981536,1.0,1.0,18,32,12
prewhitened_ar,headline_12m_pct,tw_epi_integrated_circuits_gbp_12m_pct,post_2022,12,-0.05945537770324,0.06228796974515445,1.0,1.0,18,31,12
prewhitened_ar,headline_12m_pct,tw_epi_integrated_circuits_gbp_12m_pct,post_2022,13,-0.12618594094514513,-0.08443442611675134,1.0,1.0,18,30,12
prewhitened_ar,headline_12m_pct,tw_epi_integrated_circuits_gbp_12m_pct,post_2022,14,-0.2770449551081237,-0.18027084724368939,0.5,1.0,18,29,12
prewhitened_ar,headline_12m_pct,tw_epi_integrated_circuits_gbp_12m_pct,post_2022,15,0.08772437300438454,0.13062515876704114,1.0,1.0,18,28,12
prewhitened_ar,headline_12m_pct,tw_epi_integrated_circuits_gbp_12m_pct,post_2022,16,0.09296237665172238,0.20242017588798492,0.5,1.0,18,27,12
prewhitened_ar,headline_12m_pct,tw_epi_integrated_circuits_gbp_12m_pct,post_2022,17,0.10684379329840432,0.11286039507227347,1.0,1.0,18,26,12
prewhitened_ar,headline_12m_pct,tw_epi_integrated_circuits_gbp_12m_pct,post_2022,18,0.15958164104099704,0.15958164104099704,0.5,1.0,18,25,12
prewhitened_ar,headline_12m_pct,hk_ppi_tech_gbp_12m_pct,full,0,0.026294082225380256,0.08529216626618898,0.527027027027027,1.0,18,115,12
prewhitened_ar,headline_12m_pct,hk_ppi_tech_gbp_12m_pct,full,1,-0.15823046604800892,-0.0967687508578532,0.5135135135135135,1.0,18,114,12
prewhitened_ar,headline_12m_pct,hk_ppi_tech_gbp_12m_pct,full,2,-0.13752801019003805,-0.16384265562458564,0.22972972972972974,1.0,18,113,12
prewhitened_ar,headline_12m_pct,hk_ppi_tech_gbp_12m_pct,full,3,-0.07709673640869455,-0.12248553033394238,0.40540540540540543,1.0,18,112,12
prewhitened_ar,headline_12m_pct,hk_ppi_tech_gbp_12m_pct,full,4,0.16219585277495047,0.07186833703486785,0.6081081081081081,1.0,18,111,12
prewhitened_ar,headline_12m_pct,hk_ppi_tech_gbp_12m_pct,full,5,0.05527673091396848,0.12051958332463003,0.3918918918918919,1.0,18,110,12
prewhitened_ar,headline_12m_pct,hk_ppi_tech_gbp_12m_pct,full,6,0.08828634673781297,0.08309653514159318,0.5135135135135135,1.0,18,109,12
prewhitened_ar,headline_12m_pct,hk_ppi_tech_gbp_12m_pct,full,7,0.01784695600030889,0.08097657935461182,0.5135135135135135,1.0,18,108,12
prewhitened_ar,headline_12m_pct,hk_ppi_tech_gbp_12m_pct,full,8,-0.025089141739632295,-0.04819272464751109,0.7297297297297297,1.0,18,107,12
prewhitened_ar,headline_12m_pct,hk_ppi_tech_gbp_12m_pct,full,9,-0.01859518484930003,0.028323576255096062,0.7702702702702703,1.0,18,106,12
prewhitened_ar,headline_12m_pct,hk_ppi_tech_gbp_12m_pct,full,10,-0.11979335181282764,-0.0837456083944859,0.5405405405405406,1.0,18,105,12
prewhitened_ar,headline_12m_pct,hk_ppi_tech_gbp_12m_pct,full,11,-0.038109307947322466,-0.05330057640616602,0.6891891891891891,1.0,18,104,12
prewhitened_ar,headline_12m_pct,hk_ppi_tech_gbp_12m_pct,full,12,-0.02509620340220632,-0.031344639690346884,0.7837837837837838,1.0,18,103,12
prewhitened_ar,headline_12m_pct,hk_ppi_tech_gbp_12m_pct,full,13,0.18204641100104133,0.16980276825326288,0.17567567567567569,1.0,18,102,12
prewhitened_ar,headline_12m_pct,hk_ppi_tech_gbp_12m_pct,full,14,0.04371061759667741,0.06200252661280302,0.7027027027027027,1.0,18,101,12
prewhitened_ar,headline_12m_pct,hk_ppi_tech_gbp_12m_pct,full,15,0.08473927446941146,0.06673615143162612,0.6756756756756757,1.0,18,100,12
prewhitened_ar,headline_12m_pct,hk_ppi_tech_gbp_12m_pct,full,16,-0.1760869981493065,-0.1728901015021901,0.21621621621621623,0.9594594594594594,18,99,12
prewhitened_ar,headline_12m_pct,hk_ppi_tech_gbp_12m_pct,full,17,-0.10162584106124738,-0.10244000855544745,0.5135135135135135,1.0,18,98,12
prewhitened_ar,headline_12m_pct,hk_ppi_tech_gbp_12m_pct,full,18,0.04654461886723053,0.04654461886723053,0.7162162162162162,1.0,18,97,12
prewhitened_ar,headline_12m_pct,hk_ppi_tech_gbp_12m_pct,pre_2020,0,0.051963637782868305,0.19720757406870734,0.5,1.0,18,36,12
prewhitened_ar,headline_12m_pct,hk_ppi_tech_gbp_12m_pct,pre_2020,1,-0.05922693431842268,-0.20233573867991608,1.0,1.0,18,35,12
prewhitened_ar,headline_12m_pct,hk_ppi_tech_gbp_12m_pct,pre_2020,2,-0.07768107324053243,-0.17053559879278035,0.5,1.0,18,34,12
prewhitened_ar,headline_12m_pct,hk_ppi_tech_gbp_12m_pct,pre_2020,3,0.13201568879632608,-0.027965314227903583,1.0,1.0,18,33,12
prewhitened_ar,headline_12m_pct,hk_ppi_tech_gbp_12m_pct,pre_2020,4,-0.006354483099257849,-0.1553035141952235,0.5,1.0,18,32,12
prewhitened_ar,headline_12m_pct,hk_ppi_tech_gbp_12m_pct,pre_2020,5,0.09749236257877465,0.21029032993271357,0.5,1.0,18,31,12
prewhitened_ar,headline_12m_pct,hk_ppi_tech_gbp_12m_pct,pre_2020,6,0.06426796048200228,0.2381845384559024,1.0,1.0,18,30,12
prewhitened_ar,headline_12m_pct,hk_ppi_tech_gbp_12m_pct,pre_2020,7,-0.24089861445519595,-0.23150758900117313,0.5,1.0,18,29,12
prewhitened_ar,headline_12m_pct,hk_ppi_tech_gbp_12m_pct,pre_2020,8,-0.046465596741796907,-0.2180618918035933,0.5,1.0,18,28,12
prewhitened_ar,headline_12m_pct,hk_ppi_tech_gbp_12m_pct,pre_2020,9,0.1665551865696122,0.2886534161026352,0.5,0.5,18,27,12
prewhitened_ar,headline_12m_pct,hk_ppi_tech_gbp_12m_pct,pre_2020,10,0.11030719276107478,-0.030506030483475628,1.0,1.0,18,26,12
prewhitened_ar,headline_12m_pct,hk_ppi_tech_gbp_12m_pct,pre_2020,11,-0.23168712190571544,-0.1833412513471554,1.0,1.0,18,25,12
prewhitened_ar,headline_12m_pct,hk_ppi_tech_gbp_12m_pct,pre_2020,12,-0.18387004819203567,-0.18004062679665367,1.0,1.0,18,24,12
prewhitened_ar,headline_12m_pct,hk_ppi_tech_gbp_12m_pct,pre_2020,13,-0.1575195075924308,-0.12091250975566245,1.0,1.0,18,23,12
prewhitened_ar,headline_12m_pct,hk_ppi_tech_gbp_12m_pct,pre_2020,14,0.024431173962779294,0.12254372665561071,1.0,1.0,18,22,12
prewhitened_ar,headline_12m_pct,hk_ppi_tech_gbp_12m_pct,pre_2020,15,0.10912263203267346,0.23424643617019208,1.0,1.0,18,21,12
prewhitened_ar,headline_12m_pct,hk_ppi_tech_gbp_12m_pct,pre_2020,16,0.054412894481241154,0.08073175065987455,0.5,1.0,18,20,12
prewhitened_ar,headline_12m_pct,hk_ppi_tech_gbp_12m_pct,pre_2020,17,-0.09969506198257327,-0.08620193021181331,1.0,1.0,18,19,12
prewhitened_ar,headline_12m_pct,hk_ppi_tech_gbp_12m_pct,pre_2020,18,0.35063422209238876,0.35063422209238876,0.5,0.5,18,18,12
prewhitened_ar,headline_12m_pct,hk_ppi_tech_gbp_12m_pct,pandemic_2020_2022,0,0.14147248698275483,0.33098988038237376,0.5,1.0,18,36,12
prewhitened_ar,headline_12m_pct,hk_ppi_tech_gbp_12m_pct,pandemic_2020_2022,1,0.20186931210660608,0.12629390503057242,1.0,1.0,18,35,12
prewhitened_ar,headline_12m_pct,hk_ppi_tech_gbp_12m_pct,pandemic_2020_2022,2,-0.29840955117691487,-0.23566545630944505,1.0,1.0,18,34,12
prewhitened_ar,headline_12m_pct,hk_ppi_tech_gbp_12m_pct,pandemic_2020_2022,3,-0.3565400846127223,-0.43986392922398826,0.5,1.0,18,33,12
prewhitened_ar,headline_12m_pct,hk_ppi_tech_gbp_12m_pct,pandemic_2020_2022,4,-0.10403576238705607,0.028045357074276717,1.0,1.0,18,32,12
prewhitened_ar,headline_12m_pct,hk_ppi_tech_gbp_12m_pct,pandemic_2020_2022,5,-0.00203705152374959,0.15000091303233837,0.5,1.0,18,31,12
prewhitened_ar,headline_12m_pct,hk_ppi_tech_gbp_12m_pct,pandemic_2020_2022,6,0.14625122838510504,0.2566054343880614,0.5,1.0,18,30,12
prewhitened_ar,headline_12m_pct,hk_ppi_tech_gbp_12m_pct,pandemic_2020_2022,7,0.4333902694827234,0.5380338205225891,0.5,0.5,18,29,12
prewhitened_ar,headline_12m_pct,hk_ppi_tech_gbp_12m_pct,pandemic_2020_2022,8,-0.08848344471333797,0.000689879841540053,1.0,1.0,18,28,12
prewhitened_ar,headline_12m_pct,hk_ppi_tech_gbp_12m_pct,pandemic_2020_2022,9,-0.20740401968337038,-0.18836061414671454,0.5,1.0,18,27,12
prewhitened_ar,headline_12m_pct,hk_ppi_tech_gbp_12m_pct,pandemic_2020_2022,10,-0.3960100339013128,-0.45982065406911315,0.5,0.5,18,26,12
prewhitened_ar,headline_12m_pct,hk_ppi_tech_gbp_12m_pct,pandemic_2020_2022,11,-0.17214528596293324,-0.21979242070183458,0.5,1.0,18,25,12
prewhitened_ar,headline_12m_pct,hk_ppi_tech_gbp_12m_pct,pandemic_2020_2022,12,0.005791158743312406,-0.022541019578833203,1.0,1.0,18,24,12
prewhitened_ar,headline_12m_pct,hk_ppi_tech_gbp_12m_pct,pandemic_2020_2022,13,0.14649651664452015,0.1631201716202283,0.5,1.0,18,23,12
prewhitened_ar,headline_12m_pct,hk_ppi_tech_gbp_12m_pct,pandemic_2020_2022,14,0.3673154846614555,0.4247146121332629,0.5,1.0,18,22,12
prewhitened_ar,headline_12m_pct,hk_ppi_tech_gbp_12m_pct,pandemic_2020_2022,15,0.03729761459075807,0.06671988015288448,1.0,1.0,18,21,12
prewhitened_ar,headline_12m_pct,hk_ppi_tech_gbp_12m_pct,pandemic_2020_2022,16,0.11947587972379517,0.1392266384026172,0.5,1.0,18,20,12
prewhitened_ar,headline_12m_pct,hk_ppi_tech_gbp_12m_pct,pandemic_2020_2022,17,-0.056873914328448495,-0.054419773478810426,1.0,1.0,18,19,12
prewhitened_ar,headline_12m_pct,hk_ppi_tech_gbp_12m_pct,pandemic_2020_2022,18,0.023259111794015633,0.023259111794015633,1.0,1.0,18,18,12
prewhitened_ar,headline_12m_pct,hk_ppi_tech_gbp_12m_pct,post_2022,0,-0.05284698283700069,0.07727250854146006,0.5,1.0,18,43,12
prewhitened_ar,headline_12m_pct,hk_ppi_tech_gbp_12m_pct,post_2022,1,-0.4782825215767144,-0.609513431056862,0.5,0.5,18,42,12
prewhitened_ar,headline_12m_pct,hk_ppi_tech_gbp_12m_pct,post_2022,2,-0.07884526096527812,-0.1232628523141659,0.5,1.0,18,41,12
prewhitened_ar,headline_12m_pct,hk_ppi_tech_gbp_12m_pct,post_2022,3,0.02428039018404997,-0.058028168728733204,1.0,1.0,18,40,12
prewhitened_ar,headline_12m_pct,hk_ppi_tech_gbp_12m_pct,post_2022,4,0.4096634080487661,0.23560288917298444,0.5,1.0,18,39,12
prewhitened_ar,headline_12m_pct,hk_ppi_tech_gbp_12m_pct,post_2022,5,0.012637568240263276,0.2056747235400574,0.5,1.0,18,38,12
prewhitened_ar,headline_12m_pct,hk_ppi_tech_gbp_12m_pct,post_2022,6,-0.031547336983576986,-0.21304769750107516,0.5,1.0,18,37,12
prewhitened_ar,headline_12m_pct,hk_ppi_tech_gbp_12m_pct,post_2022,7,-0.13869038720903365,-0.04104435234170615,1.0,1.0,18,36,12
prewhitened_ar,headline_12m_pct,hk_ppi_tech_gbp_12m_pct,post_2022,8,-0.02773536758969734,-0.12167117564895279,1.0,1.0,18,35,12
prewhitened_ar,headline_12m_pct,hk_ppi_tech_gbp_12m_pct,post_2022,9,0.005947791113373713,0.23243626885757362,0.5,1.0,18,34,12
prewhitened_ar,headline_12m_pct,hk_ppi_tech_gbp_12m_pct,post_2022,10,-0.24594632050988022,-0.14030969312467007,1.0,1.0,18,33,12
prewhitened_ar,headline_12m_pct,hk_ppi_tech_gbp_12m_pct,post_2022,11,0.19919820350299564,0.17491863108845504,0.5,1.0,18,32,12
prewhitened_ar,headline_12m_pct,hk_ppi_tech_gbp_12m_pct,post_2022,12,0.00021260269825177367,-0.07967946828933159,0.5,1.0,18,31,12
prewhitened_ar,headline_12m_pct,hk_ppi_tech_gbp_12m_pct,post_2022,13,0.44791712377530674,0.4003928622912055,0.5,1.0,18,30,12
prewhitened_ar,headline_12m_pct,hk_ppi_tech_gbp_12m_pct,post_2022,14,-0.1769686460109593,-0.18280699976175546,1.0,1.0,18,29,12
prewhitened_ar,headline_12m_pct,hk_ppi_tech_gbp_12m_pct,post_2022,15,0.10672551837483679,0.001961366795345217,1.0,1.0,18,28,12
prewhitened_ar,headline_12m_pct,hk_ppi_tech_gbp_12m_pct,post_2022,16,-0.47464435914097525,-0.5336068161830051,0.5,0.5,18,27,12
prewhitened_ar,headline_12m_pct,hk_ppi_tech_gbp_12m_pct,post_2022,17,-0.0599928209928799,-0.06003798286881374,1.0,1.0,18,26,12
prewhitened_ar,headline_12m_pct,hk_ppi_tech_gbp_12m_pct,post_2022,18,0.21339850260791474,0.21339850260791474,0.5,1.0,18,25,12
prewhitened_ar,headline_12m_pct,oecd_asia_c26_targeted_gbp_12m_pct,full,0,0.016615313465066377,-0.08352904488719028,1.0,1.0,18,35,12
prewhitened_ar,headline_12m_pct,oecd_asia_c26_targeted_gbp_12m_pct,full,1,0.030747193944748598,0.14181310401559272,1.0,1.0,18,34,12
prewhitened_ar,headline_12m_pct,oecd_asia_c26_targeted_gbp_12m_pct,full,2,-0.1615386304240654,-0.3247713935399688,0.5,1.0,18,33,12
prewhitened_ar,headline_12m_pct,oecd_asia_c26_targeted_gbp_12m_pct,full,3,0.05735945302386327,-0.11311968828850436,1.0,1.0,18,32,12
prewhitened_ar,headline_12m_pct,oecd_asia_c26_targeted_gbp_12m_pct,full,4,-0.05742230644516349,0.052880581580872575,1.0,1.0,18,31,12
prewhitened_ar,headline_12m_pct,oecd_asia_c26_targeted_gbp_12m_pct,full,5,0.15874008004742263,-0.008299402397311709,1.0,1.0,18,30,12
prewhitened_ar,headline_12m_pct,oecd_asia_c26_targeted_gbp_12m_pct,full,6,-0.48152632063023443,-0.5802981858093395,0.5,0.5,18,29,12
prewhitened_ar,headline_12m_pct,oecd_asia_c26_targeted_gbp_12m_pct,full,7,-0.1373566150683638,0.06387765761435067,1.0,1.0,18,28,12
prewhitened_ar,headline_12m_pct,oecd_asia_c26_targeted_gbp_12m_pct,full,8,0.30257697278659024,0.5367368705003807,0.5,0.5,18,27,12
prewhitened_ar,headline_12m_pct,oecd_asia_c26_targeted_gbp_12m_pct,full,9,0.17046378084352057,0.48849978315240095,0.5,0.5,18,26,12
prewhitened_ar,headline_12m_pct,oecd_asia_c26_targeted_gbp_12m_pct,full,10,-0.12636404168032184,0.0882151315454005,0.5,1.0,18,25,12
prewhitened_ar,headline_12m_pct,oecd_asia_c26_targeted_gbp_12m_pct,full,11,0.08500370628867347,0.13138864614630788,1.0,1.0,18,24,12
prewhitened_ar,headline_12m_pct,oecd_asia_c26_targeted_gbp_12m_pct,full,12,0.06458515309958114,0.2058096399704703,0.5,1.0,18,23,12
prewhitened_ar,headline_12m_pct,oecd_asia_c26_targeted_gbp_12m_pct,full,13,0.32130589217221367,0.2930926149191854,0.5,1.0,18,22,12
prewhitened_ar,headline_12m_pct,oecd_asia_c26_targeted_gbp_12m_pct,full,14,-0.04300332137270519,0.013892150819186249,1.0,1.0,18,21,12
prewhitened_ar,headline_12m_pct,oecd_asia_c26_targeted_gbp_12m_pct,full,15,0.2585624143136166,0.10641008102675382,1.0,1.0,18,20,12
prewhitened_ar,headline_12m_pct,oecd_asia_c26_targeted_gbp_12m_pct,full,16,0.16130608686664277,0.24880123033760257,0.5,1.0,18,19,12
prewhitened_ar,headline_12m_pct,oecd_asia_c26_targeted_gbp_12m_pct,full,17,0.01279447040992589,-0.06557576616538353,1.0,1.0,18,18,12
prewhitened_ar,headline_12m_pct,oecd_asia_c26_targeted_gbp_12m_pct,full,18,-0.2579960423641181,-0.2579960423641181,1.0,1.0,18,17,12
prewhitened_ar,headline_12m_pct,oecd_asia_c26_targeted_gbp_12m_pct,post_2022,0,0.027675653533797032,-0.12866054567622212,1.0,1.0,18,25,12
prewhitened_ar,headline_12m_pct,oecd_asia_c26_targeted_gbp_12m_pct,post_2022,1,-0.05269226617040001,0.18072126409734893,1.0,1.0,18,24,12
prewhitened_ar,headline_12m_pct,oecd_asia_c26_targeted_gbp_12m_pct,post_2022,2,-0.07478332755146119,-0.20052452449244793,1.0,1.0,18,23,12
prewhitened_ar,headline_12m_pct,oecd_asia_c26_targeted_gbp_12m_pct,post_2022,3,0.3207219700969184,0.6318610767514554,0.5,1.0,18,22,12
prewhitened_ar,headline_12m_pct,oecd_asia_c26_targeted_gbp_12m_pct,post_2022,4,0.039785828184692576,0.5795702628113912,0.5,1.0,18,21,12
prewhitened_ar,headline_12m_pct,oecd_asia_c26_targeted_gbp_12m_pct,post_2022,5,0.48365353975232905,0.6634935416832336,0.5,1.0,18,20,12
prewhitened_ar,headline_12m_pct,oecd_asia_c26_targeted_gbp_12m_pct,post_2022,6,-0.4448656117707659,-0.6255699630036887,0.5,1.0,18,19,12
prewhitened_ar,headline_12m_pct,oecd_asia_c26_targeted_gbp_12m_pct,post_2022,7,-0.21802674878721445,0.2527371328137134,0.5,1.0,18,18,12
prewhitened_ar,headline_12m_pct,oecd_asia_c26_targeted_gbp_12m_pct,post_2022,8,0.1927968698855436,0.6778255854232019,1.0,1.0,18,17,12
prewhitened_ar,headline_12m_pct,oecd_asia_c26_targeted_gbp_12m_pct,post_2022,9,-0.14539967817817398,0.14153927795045074,0.5,1.0,18,16,12
prewhitened_ar,headline_12m_pct,oecd_asia_c26_targeted_gbp_12m_pct,post_2022,10,-0.17617229349138797,0.29097975197272563,1.0,1.0,18,15,12
prewhitened_ar,headline_12m_pct,oecd_asia_c26_targeted_gbp_12m_pct,post_2022,11,0.11287022349082229,-0.05342424499492273,1.0,1.0,18,14,12
prewhitened_ar,headline_12m_pct,oecd_asia_c26_targeted_gbp_12m_pct,post_2022,12,0.05500966686205135,0.23665164252481563,1.0,1.0,18,13,12
prewhitened_ar,headline_12m_pct,oecd_asia_c26_targeted_gbp_12m_pct,post_2022,13,0.3696926788445355,0.15287404401144808,1.0,1.0,18,12,12
prewhitened_ar,headline_12m_pct,oecd_asia_c26_targeted_gbp_12m_pct,post_2022,14,0.06953655448271737,0.16408664058214256,1.0,1.0,18,11,12
prewhitened_ar,headline_12m_pct,oecd_asia_c26_targeted_gbp_12m_pct,post_2022,15,0.24660880976277352,-0.21350210248402404,1.0,1.0,18,10,12
prewhitened_ar,headline_12m_pct,oecd_asia_c26_targeted_gbp_12m_pct,post_2022,16,0.04808916169245111,0.18915405655869455,1.0,1.0,18,9,12
prewhitened_ar,headline_12m_pct,oecd_asia_c26_targeted_gbp_12m_pct,post_2022,17,0.012074233504489168,-0.17449601199258805,0.5,1.0,18,8,12
prewhitened_ar,headline_12m_pct,oecd_asia_c26_targeted_gbp_12m_pct,post_2022,18,-0.38109167049518977,-0.38109167049518977,0.5,1.0,18,7,12
prewhitened_ar,headline_12m_pct,oecd_asia_c26_bls_gbp_12m_pct,full,0,0.0639937298611371,0.06614867860266994,0.5625,1.0,18,105,12
prewhitened_ar,headline_12m_pct,oecd_asia_c26_bls_gbp_12m_pct,full,1,0.06298381659053921,-0.011485534689008245,0.890625,1.0,18,104,12
prewhitened_ar,headline_12m_pct,oecd_asia_c26_bls_gbp_12m_pct,full,2,-0.06566669115614547,-0.09540046837670874,0.375,1.0,18,103,12
prewhitened_ar,headline_12m_pct,oecd_asia_c26_bls_gbp_12m_pct,full,3,0.07736220378630979,0.07058089526982497,0.484375,1.0,18,102,12
prewhitened_ar,headline_12m_pct,oecd_asia_c26_bls_gbp_12m_pct,full,4,-0.05062623454731961,-0.011197170436943885,0.890625,1.0,18,101,12
prewhitened_ar,headline_12m_pct,oecd_asia_c26_bls_gbp_12m_pct,full,5,0.02410862425268187,0.04194697358574944,0.734375,1.0,18,100,12
prewhitened_ar,headline_12m_pct,oecd_asia_c26_bls_gbp_12m_pct,full,6,-0.25278419998129004,-0.3101428354817069,0.015625,0.015625,18,99,12
prewhitened_ar,headline_12m_pct,oecd_asia_c26_bls_gbp_12m_pct,full,7,0.04846253756251376,0.025431322706739253,0.796875,1.0,18,98,12
prewhitened_ar,headline_12m_pct,oecd_asia_c26_bls_gbp_12m_pct,full,8,0.12992437261019826,0.1205786810024827,0.28125,1.0,18,97,12
prewhitened_ar,headline_12m_pct,oecd_asia_c26_bls_gbp_12m_pct,full,9,0.1624592211980056,0.15349453024802287,0.171875,1.0,18,96,12
prewhitened_ar,headline_12m_pct,oecd_asia_c26_bls_gbp_12m_pct,full,10,0.007050603865525016,-0.014174020935635594,0.875,1.0,18,95,12
prewhitened_ar,headline_12m_pct,oecd_asia_c26_bls_gbp_12m_pct,full,11,0.2092599457527492,0.22994230112187297,0.03125,0.53125,18,94,12
prewhitened_ar,headline_12m_pct,oecd_asia_c26_bls_gbp_12m_pct,full,12,0.08002617663550882,0.060120925258727385,0.640625,1.0,18,93,12
prewhitened_ar,headline_12m_pct,oecd_asia_c26_bls_gbp_12m_pct,full,13,-0.10900281625925777,-0.10874247891157286,0.265625,1.0,18,92,12
prewhitened_ar,headline_12m_pct,oecd_asia_c26_bls_gbp_12m_pct,full,14,-0.049601468206214736,-0.04376863012522734,0.71875,1.0,18,91,12
prewhitened_ar,headline_12m_pct,oecd_asia_c26_bls_gbp_12m_pct,full,15,-0.06602420119233186,-0.07914472336158752,0.453125,1.0,18,90,12
prewhitened_ar,headline_12m_pct,oecd_asia_c26_bls_gbp_12m_pct,full,16,-0.05574539450096425,-0.04989748958867597,0.6875,1.0,18,89,12
prewhitened_ar,headline_12m_pct,oecd_asia_c26_bls_gbp_12m_pct,full,17,0.10869312441132707,0.11387351893236872,0.265625,1.0,18,88,12
prewhitened_ar,headline_12m_pct,oecd_asia_c26_bls_gbp_12m_pct,full,18,0.14927632696325208,0.14927632696325208,0.109375,1.0,18,87,12
prewhitened_ar,headline_12m_pct,oecd_asia_c26_bls_gbp_12m_pct,pre_2020,0,0.07792235665992239,0.0399643919852898,1.0,1.0,18,36,12
prewhitened_ar,headline_12m_pct,oecd_asia_c26_bls_gbp_12m_pct,pre_2020,1,-0.036271484383880094,-0.2900561087467342,0.5,1.0,18,35,12
prewhitened_ar,headline_12m_pct,oecd_asia_c26_bls_gbp_12m_pct,pre_2020,2,-0.2663056874545382,-0.16649002322351766,1.0,1.0,18,34,12
prewhitened_ar,headline_12m_pct,oecd_asia_c26_bls_gbp_12m_pct,pre_2020,3,0.33071821525208467,0.3367606853406973,0.5,1.0,18,33,12
prewhitened_ar,headline_12m_pct,oecd_asia_c26_bls_gbp_12m_pct,pre_2020,4,-0.19167421235323656,-0.11873793141937468,0.5,1.0,18,32,12
prewhitened_ar,headline_12m_pct,oecd_asia_c26_bls_gbp_12m_pct,pre_2020,5,0.2589963748861,0.25680911849986243,1.0,1.0,18,31,12
prewhitened_ar,headline_12m_pct,oecd_asia_c26_bls_gbp_12m_pct,pre_2020,6,-0.06105725233829999,-0.1340105132214525,0.5,1.0,18,30,12
prewhitened_ar,headline_12m_pct,oecd_asia_c26_bls_gbp_12m_pct,pre_2020,7,0.16908706012306693,0.17558918604298146,0.5,1.0,18,29,12
prewhitened_ar,headline_12m_pct,oecd_asia_c26_bls_gbp_12m_pct,pre_2020,8,0.022487125548497487,0.052057021992881626,1.0,1.0,18,28,12
prewhitened_ar,headline_12m_pct,oecd_asia_c26_bls_gbp_12m_pct,pre_2020,9,-0.08053788709998075,-0.021917088408481417,1.0,1.0,18,27,12
prewhitened_ar,headline_12m_pct,oecd_asia_c26_bls_gbp_12m_pct,pre_2020,10,-0.09512574848555824,-0.2569330150849022,0.5,1.0,18,26,12
prewhitened_ar,headline_12m_pct,oecd_asia_c26_bls_gbp_12m_pct,pre_2020,11,0.11357916356706774,0.1337903654534715,0.5,1.0,18,25,12
prewhitened_ar,headline_12m_pct,oecd_asia_c26_bls_gbp_12m_pct,pre_2020,12,-0.005923440744771636,0.01892759580413818,1.0,1.0,18,24,12
prewhitened_ar,headline_12m_pct,oecd_asia_c26_bls_gbp_12m_pct,pre_2020,13,-0.23577699855724205,-0.2713181981148046,0.5,1.0,18,23,12
prewhitened_ar,headline_12m_pct,oecd_asia_c26_bls_gbp_12m_pct,pre_2020,14,0.1621526641544737,0.15143711301191,1.0,1.0,18,22,12
prewhitened_ar,headline_12m_pct,oecd_asia_c26_bls_gbp_12m_pct,pre_2020,15,-0.188573599919584,-0.1768638078847602,0.5,1.0,18,21,12
prewhitened_ar,headline_12m_pct,oecd_asia_c26_bls_gbp_12m_pct,pre_2020,16,0.02087463916546335,0.032258102450874064,1.0,1.0,18,20,12
prewhitened_ar,headline_12m_pct,oecd_asia_c26_bls_gbp_12m_pct,pre_2020,17,0.09184971561716651,0.10826355850843018,0.5,1.0,18,19,12
prewhitened_ar,headline_12m_pct,oecd_asia_c26_bls_gbp_12m_pct,pre_2020,18,0.025112960983341596,0.025112960983341596,1.0,1.0,18,18,12
prewhitened_ar,headline_12m_pct,oecd_asia_c26_bls_gbp_12m_pct,pandemic_2020_2022,0,0.03775393091138733,-0.18592100744509393,1.0,1.0,18,36,12
prewhitened_ar,headline_12m_pct,oecd_asia_c26_bls_gbp_12m_pct,pandemic_2020_2022,1,0.10104740730558077,0.0471322277169529,0.5,1.0,18,35,12
prewhitened_ar,headline_12m_pct,oecd_asia_c26_bls_gbp_12m_pct,pandemic_2020_2022,2,-0.11062480630633072,0.23040354193609855,1.0,1.0,18,34,12
prewhitened_ar,headline_12m_pct,oecd_asia_c26_bls_gbp_12m_pct,pandemic_2020_2022,3,-0.11977610072199106,0.1413909947103537,0.5,1.0,18,33,12
prewhitened_ar,headline_12m_pct,oecd_asia_c26_bls_gbp_12m_pct,pandemic_2020_2022,4,0.04587940857080594,0.008100399600461728,1.0,1.0,18,32,12
prewhitened_ar,headline_12m_pct,oecd_asia_c26_bls_gbp_12m_pct,pandemic_2020_2022,5,-0.0922331855615255,-0.050591175067850935,1.0,1.0,18,31,12
prewhitened_ar,headline_12m_pct,oecd_asia_c26_bls_gbp_12m_pct,pandemic_2020_2022,6,-0.44170321621720876,-0.45219608731395283,0.5,1.0,18,30,12
prewhitened_ar,headline_12m_pct,oecd_asia_c26_bls_gbp_12m_pct,pandemic_2020_2022,7,-0.3476772962430039,-0.327843579817637,0.5,1.0,18,29,12
prewhitened_ar,headline_12m_pct,oecd_asia_c26_bls_gbp_12m_pct,pandemic_2020_2022,8,0.19480587051054202,0.27504049819089105,1.0,1.0,18,28,12
prewhitened_ar,headline_12m_pct,oecd_asia_c26_bls_gbp_12m_pct,pandemic_2020_2022,9,0.018264035735950812,0.1664688451163272,0.5,1.0,18,27,12
prewhitened_ar,headline_12m_pct,oecd_asia_c26_bls_gbp_12m_pct,pandemic_2020_2022,10,0.2725917700184148,0.349329972516605,0.5,1.0,18,26,12
prewhitened_ar,headline_12m_pct,oecd_asia_c26_bls_gbp_12m_pct,pandemic_2020_2022,11,0.28041966189320666,0.3914336250956976,0.5,1.0,18,25,12
prewhitened_ar,headline_12m_pct,oecd_asia_c26_bls_gbp_12m_pct,pandemic_2020_2022,12,-0.08653990263494536,0.0851604791566059,1.0,1.0,18,24,12
prewhitened_ar,headline_12m_pct,oecd_asia_c26_bls_gbp_12m_pct,pandemic_2020_2022,13,-0.43059713120684606,-0.42835961087002417,0.5,1.0,18,23,12
prewhitened_ar,headline_12m_pct,oecd_asia_c26_bls_gbp_12m_pct,pandemic_2020_2022,14,-0.09648815038424786,-0.14295648815128822,1.0,1.0,18,22,12
prewhitened_ar,headline_12m_pct,oecd_asia_c26_bls_gbp_12m_pct,pandemic_2020_2022,15,-0.08490148366115649,-0.044244521782732096,1.0,1.0,18,21,12
prewhitened_ar,headline_12m_pct,oecd_asia_c26_bls_gbp_12m_pct,pandemic_2020_2022,16,-0.35916616311599653,-0.31065464157372186,0.5,1.0,18,20,12
prewhitened_ar,headline_12m_pct,oecd_asia_c26_bls_gbp_12m_pct,pandemic_2020_2022,17,0.3357155390270593,0.368144766850236,0.5,1.0,18,19,12
prewhitened_ar,headline_12m_pct,oecd_asia_c26_bls_gbp_12m_pct,pandemic_2020_2022,18,0.22567647141663907,0.22567647141663907,0.5,1.0,18,18,12
prewhitened_ar,headline_12m_pct,oecd_asia_c26_bls_gbp_12m_pct,post_2022,0,0.029450309842649795,0.007458346875300594,1.0,1.0,18,33,12
prewhitened_ar,headline_12m_pct,oecd_asia_c26_bls_gbp_12m_pct,post_2022,1,0.09008857359066985,-0.310552635517788,0.5,1.0,18,32,12
prewhitened_ar,headline_12m_pct,oecd_asia_c26_bls_gbp_12m_pct,post_2022,2,0.11277319925900219,0.12243875024619873,1.0,1.0,18,31,12
prewhitened_ar,headline_12m_pct,oecd_asia_c26_bls_gbp_12m_pct,post_2022,3,0.07997591525243904,0.08241436554430731,1.0,1.0,18,30,12
prewhitened_ar,headline_12m_pct,oecd_asia_c26_bls_gbp_12m_pct,post_2022,4,-0.13684604462208705,0.11605630435718711,1.0,1.0,18,29,12
prewhitened_ar,headline_12m_pct,oecd_asia_c26_bls_gbp_12m_pct,post_2022,5,-0.07329804423607715,0.07380460553947392,0.5,1.0,18,28,12
prewhitened_ar,headline_12m_pct,oecd_asia_c26_bls_gbp_12m_pct,post_2022,6,-0.2504143292904518,-0.5850119842674252,0.5,1.0,18,27,12
prewhitened_ar,headline_12m_pct,oecd_asia_c26_bls_gbp_12m_pct,post_2022,7,0.2417571269167195,0.3169512651842095,0.5,1.0,18,26,12
prewhitened_ar,headline_12m_pct,oecd_asia_c26_bls_gbp_12m_pct,post_2022,8,0.02772661121072332,-0.0885772825691326,1.0,1.0,18,25,12
prewhitened_ar,headline_12m_pct,oecd_asia_c26_bls_gbp_12m_pct,post_2022,9,0.33899653870754637,0.45785106856653274,1.0,1.0,18,24,12
prewhitened_ar,headline_12m_pct,oecd_asia_c26_bls_gbp_12m_pct,post_2022,10,-0.09567430792314185,-0.24883511536042904,1.0,1.0,18,23,12
prewhitened_ar,headline_12m_pct,oecd_asia_c26_bls_gbp_12m_pct,post_2022,11,0.14936345006255417,0.38326197619914615,0.5,1.0,18,22,12
prewhitened_ar,headline_12m_pct,oecd_asia_c26_bls_gbp_12m_pct,post_2022,12,0.07684375734823368,0.033081541261765685,1.0,1.0,18,21,12
prewhitened_ar,headline_12m_pct,oecd_asia_c26_bls_gbp_12m_pct,post_2022,13,0.29492578698160515,0.42081518827912434,0.5,1.0,18,20,12
prewhitened_ar,headline_12m_pct,oecd_asia_c26_bls_gbp_12m_pct,post_2022,14,-0.31929985623144214,-0.3014802654878756,0.5,1.0,18,19,12
prewhitened_ar,headline_12m_pct,oecd_asia_c26_bls_gbp_12m_pct,post_2022,15,0.12779638711643368,0.04527510559449638,1.0,1.0,18,18,12
prewhitened_ar,headline_12m_pct,oecd_asia_c26_bls_gbp_12m_pct,post_2022,16,-0.37994707168498104,-0.3670123433970377,0.5,1.0,18,17,12
prewhitened_ar,headline_12m_pct,oecd_asia_c26_bls_gbp_12m_pct,post_2022,17,-0.12524979610714748,-0.12608530095783196,0.5,1.0,18,16,12
prewhitened_ar,headline_12m_pct,oecd_asia_c26_bls_gbp_12m_pct,post_2022,18,0.2224981441180947,0.2224981441180947,0.5,1.0,18,15,12
prewhitened_ar,headline_12m_pct,fred_china_computer_electronics_gbp_12m_pct,full,0,0.06279942317926375,0.06406101139329179,0.5625,1.0,18,105,12
prewhitened_ar,headline_12m_pct,fred_china_computer_electronics_gbp_12m_pct,full,1,0.06795696783362216,-0.006864527776632878,0.953125,1.0,18,104,12
prewhitened_ar,headline_12m_pct,fred_china_computer_electronics_gbp_12m_pct,full,2,-0.06424925870394067,-0.0951208650208376,0.375,1.0,18,103,12
prewhitened_ar,headline_12m_pct,fred_china_computer_electronics_gbp_12m_pct,full,3,0.07621158827441538,0.06898377847996622,0.515625,1.0,18,102,12
prewhitened_ar,headline_12m_pct,fred_china_computer_electronics_gbp_12m_pct,full,4,-0.05608280420321007,-0.019125742167136688,0.859375,1.0,18,101,12
prewhitened_ar,headline_12m_pct,fred_china_computer_electronics_gbp_12m_pct,full,5,0.025878591757577722,0.04443533665753049,0.71875,1.0,18,100,12
prewhitened_ar,headline_12m_pct,fred_china_computer_electronics_gbp_12m_pct,full,6,-0.2549782245202686,-0.31333659991378127,0.015625,0.015625,18,99,12
prewhitened_ar,headline_12m_pct,fred_china_computer_electronics_gbp_12m_pct,full,7,0.042184102470811946,0.015311470423487489,0.890625,1.0,18,98,12
prewhitened_ar,headline_12m_pct,fred_china_computer_electronics_gbp_12m_pct,full,8,0.14096645152456053,0.13072966381298484,0.203125,1.0,18,97,12
prewhitened_ar,headline_12m_pct,fred_china_computer_electronics_gbp_12m_pct,full,9,0.1668447451348214,0.15939186744705752,0.15625,1.0,18,96,12
prewhitened_ar,headline_12m_pct,fred_china_computer_electronics_gbp_12m_pct,full,10,0.012447180235938533,-0.0059788408552934975,0.96875,1.0,18,95,12
prewhitened_ar,headline_12m_pct,fred_china_computer_electronics_gbp_12m_pct,full,11,0.2047590328183618,0.22536788920044276,0.046875,0.6875,18,94,12
prewhitened_ar,headline_12m_pct,fred_china_computer_electronics_gbp_12m_pct,full,12,0.08474113667022218,0.06653071836195493,0.59375,1.0,18,93,12
prewhitened_ar,headline_12m_pct,fred_china_computer_electronics_gbp_12m_pct,full,13,-0.10255991449513281,-0.10228684676117564,0.28125,1.0,18,92,12
prewhitened_ar,headline_12m_pct,fred_china_computer_electronics_gbp_12m_pct,full,14,-0.05166746446461373,-0.04563906723384464,0.703125,1.0,18,91,12
prewhitened_ar,headline_12m_pct,fred_china_computer_electronics_gbp_12m_pct,full,15,-0.07835255277697464,-0.09003667526291517,0.375,1.0,18,90,12
prewhitened_ar,headline_12m_pct,fred_china_computer_electronics_gbp_12m_pct,full,16,-0.058047484317721755,-0.05209306115004084,0.65625,1.0,18,89,12
prewhitened_ar,headline_12m_pct,fred_china_computer_electronics_gbp_12m_pct,full,17,0.1020919440140776,0.10699695756057595,0.28125,1.0,18,88,12
prewhitened_ar,headline_12m_pct,fred_china_computer_electronics_gbp_12m_pct,full,18,0.14001395381637016,0.14001395381637016,0.15625,1.0,18,87,12
prewhitened_ar,headline_12m_pct,fred_china_computer_electronics_gbp_12m_pct,pre_2020,0,0.08188454582368773,0.03804107016766327,1.0,1.0,18,36,12
prewhitened_ar,headline_12m_pct,fred_china_computer_electronics_gbp_12m_pct,pre_2020,1,-0.037652870166709075,-0.2858888133166475,0.5,1.0,18,35,12
prewhitened_ar,headline_12m_pct,fred_china_computer_electronics_gbp_12m_pct,pre_2020,2,-0.27168128121924734,-0.17214307934292863,1.0,1.0,18,34,12
prewhitened_ar,headline_12m_pct,fred_china_computer_electronics_gbp_12m_pct,pre_2020,3,0.3347042633993469,0.3346295559693004,0.5,1.0,18,33,12
prewhitened_ar,headline_12m_pct,fred_china_computer_electronics_gbp_12m_pct,pre_2020,4,-0.18220615281798366,-0.10684759840858357,0.5,1.0,18,32,12
prewhitened_ar,headline_12m_pct,fred_china_computer_electronics_gbp_12m_pct,pre_2020,5,0.26428081415870014,0.26479980855302915,1.0,1.0,18,31,12
prewhitened_ar,headline_12m_pct,fred_china_computer_electronics_gbp_12m_pct,pre_2020,6,-0.07891612437128888,-0.15639918057404392,0.5,1.0,18,30,12
prewhitened_ar,headline_12m_pct,fred_china_computer_electronics_gbp_12m_pct,pre_2020,7,0.14505903515145463,0.15540519510678158,1.0,1.0,18,29,12
prewhitened_ar,headline_12m_pct,fred_china_computer_electronics_gbp_12m_pct,pre_2020,8,0.03479840383934422,0.0682528820836848,1.0,1.0,18,28,12
prewhitened_ar,headline_12m_pct,fred_china_computer_electronics_gbp_12m_pct,pre_2020,9,-0.06310687809146848,0.007805514660481596,1.0,1.0,18,27,12
prewhitened_ar,headline_12m_pct,fred_china_computer_electronics_gbp_12m_pct,pre_2020,10,-0.08738734342016599,-0.2619090359755799,0.5,1.0,18,26,12
prewhitened_ar,headline_12m_pct,fred_china_computer_electronics_gbp_12m_pct,pre_2020,11,0.09354417104564784,0.12226524124265392,0.5,1.0,18,25,12
prewhitened_ar,headline_12m_pct,fred_china_computer_electronics_gbp_12m_pct,pre_2020,12,-0.021447918369347337,0.012072199710438478,1.0,1.0,18,24,12
prewhitened_ar,headline_12m_pct,fred_china_computer_electronics_gbp_12m_pct,pre_2020,13,-0.21805630871782003,-0.2535573934667406,0.5,1.0,18,23,12
prewhitened_ar,headline_12m_pct,fred_china_computer_electronics_gbp_12m_pct,pre_2020,14,0.15966474794476648,0.15198196969774,1.0,1.0,18,22,12
prewhitened_ar,headline_12m_pct,fred_china_computer_electronics_gbp_12m_pct,pre_2020,15,-0.20680188973757313,-0.18832211763355436,0.5,1.0,18,21,12
prewhitened_ar,headline_12m_pct,fred_china_computer_electronics_gbp_12m_pct,pre_2020,16,-0.005081399681408345,0.0061410563805647895,1.0,1.0,18,20,12
prewhitened_ar,headline_12m_pct,fred_china_computer_electronics_gbp_12m_pct,pre_2020,17,0.09710164682551395,0.11266662202991252,0.5,1.0,18,19,12
prewhitened_ar,headline_12m_pct,fred_china_computer_electronics_gbp_12m_pct,pre_2020,18,0.035164609671692014,0.035164609671692014,1.0,1.0,18,18,12
prewhitened_ar,headline_12m_pct,fred_china_computer_electronics_gbp_12m_pct,pandemic_2020_2022,0,0.03601607247655878,-0.18327663393269727,1.0,1.0,18,36,12
prewhitened_ar,headline_12m_pct,fred_china_computer_electronics_gbp_12m_pct,pandemic_2020_2022,1,0.10436811669359197,0.05092282050102072,0.5,1.0,18,35,12
prewhitened_ar,headline_12m_pct,fred_china_computer_electronics_gbp_12m_pct,pandemic_2020_2022,2,-0.0990526546285391,0.24538429706422074,1.0,1.0,18,34,12
prewhitened_ar,headline_12m_pct,fred_china_computer_electronics_gbp_12m_pct,pandemic_2020_2022,3,-0.12041538984701333,0.14936215217802065,0.5,1.0,18,33,12
prewhitened_ar,headline_12m_pct,fred_china_computer_electronics_gbp_12m_pct,pandemic_2020_2022,4,0.03409993871020676,-0.001929575470489246,1.0,1.0,18,32,12
prewhitened_ar,headline_12m_pct,fred_china_computer_electronics_gbp_12m_pct,pandemic_2020_2022,5,-0.09989787525204874,-0.05778494434447281,1.0,1.0,18,31,12
prewhitened_ar,headline_12m_pct,fred_china_computer_electronics_gbp_12m_pct,pandemic_2020_2022,6,-0.44308798758971124,-0.4489579319395961,0.5,1.0,18,30,12
prewhitened_ar,headline_12m_pct,fred_china_computer_electronics_gbp_12m_pct,pandemic_2020_2022,7,-0.3580684091878619,-0.3506536817571795,0.5,1.0,18,29,12
prewhitened_ar,headline_12m_pct,fred_china_computer_electronics_gbp_12m_pct,pandemic_2020_2022,8,0.1978413665513711,0.26172072099653815,1.0,1.0,18,28,12
prewhitened_ar,headline_12m_pct,fred_china_computer_electronics_gbp_12m_pct,pandemic_2020_2022,9,0.01957396464492798,0.16285135755210106,0.5,1.0,18,27,12
prewhitened_ar,headline_12m_pct,fred_china_computer_electronics_gbp_12m_pct,pandemic_2020_2022,10,0.2879978963655287,0.3618802206746607,0.5,1.0,18,26,12
prewhitened_ar,headline_12m_pct,fred_china_computer_electronics_gbp_12m_pct,pandemic_2020_2022,11,0.27750538725737117,0.3724073885728217,0.5,1.0,18,25,12
prewhitened_ar,headline_12m_pct,fred_china_computer_electronics_gbp_12m_pct,pandemic_2020_2022,12,-0.06081342410192726,0.10151612784849479,1.0,1.0,18,24,12
prewhitened_ar,headline_12m_pct,fred_china_computer_electronics_gbp_12m_pct,pandemic_2020_2022,13,-0.4173357168184652,-0.4194341857876275,0.5,1.0,18,23,12
prewhitened_ar,headline_12m_pct,fred_china_computer_electronics_gbp_12m_pct,pandemic_2020_2022,14,-0.09713543935257976,-0.14781555676359606,1.0,1.0,18,22,12
prewhitened_ar,headline_12m_pct,fred_china_computer_electronics_gbp_12m_pct,pandemic_2020_2022,15,-0.09027614250736161,-0.052523834158749,1.0,1.0,18,21,12
prewhitened_ar,headline_12m_pct,fred_china_computer_electronics_gbp_12m_pct,pandemic_2020_2022,16,-0.34227994314649485,-0.29321115809007736,0.5,1.0,18,20,12
prewhitened_ar,headline_12m_pct,fred_china_computer_electronics_gbp_12m_pct,pandemic_2020_2022,17,0.3383291629838442,0.3699290586079977,0.5,1.0,18,19,12
prewhitened_ar,headline_12m_pct,fred_china_computer_electronics_gbp_12m_pct,pandemic_2020_2022,18,0.2119186778808335,0.2119186778808335,0.5,1.0,18,18,12
prewhitened_ar,headline_12m_pct,fred_china_computer_electronics_gbp_12m_pct,post_2022,0,0.02035432809312985,-0.02304945831008661,1.0,1.0,18,33,12
prewhitened_ar,headline_12m_pct,fred_china_computer_electronics_gbp_12m_pct,post_2022,1,0.1013945446315801,-0.3062032984187528,0.5,1.0,18,32,12
prewhitened_ar,headline_12m_pct,fred_china_computer_electronics_gbp_12m_pct,post_2022,2,0.10608336123171709,0.09843021873790439,1.0,1.0,18,31,12
prewhitened_ar,headline_12m_pct,fred_china_computer_electronics_gbp_12m_pct,post_2022,3,0.07175231712273078,0.0654671239935669,1.0,1.0,18,30,12
prewhitened_ar,headline_12m_pct,fred_china_computer_electronics_gbp_12m_pct,post_2022,4,-0.15558301577204614,0.07658009949121891,1.0,1.0,18,29,12
prewhitened_ar,headline_12m_pct,fred_china_computer_electronics_gbp_12m_pct,post_2022,5,-0.06670657476880762,0.0948992281716768,0.5,1.0,18,28,12
prewhitened_ar,headline_12m_pct,fred_china_computer_electronics_gbp_12m_pct,post_2022,6,-0.24110315079965638,-0.5803646276215614,0.5,1.0,18,27,12
prewhitened_ar,headline_12m_pct,fred_china_computer_electronics_gbp_12m_pct,post_2022,7,0.2567407319093506,0.3213617782979754,0.5,1.0,18,26,12
prewhitened_ar,headline_12m_pct,fred_china_computer_electronics_gbp_12m_pct,post_2022,8,0.028542666252577863,-0.10471231236792644,0.5,1.0,18,25,12
prewhitened_ar,headline_12m_pct,fred_china_computer_electronics_gbp_12m_pct,post_2022,9,0.35171704084814437,0.48641369417105723,1.0,1.0,18,24,12
prewhitened_ar,headline_12m_pct,fred_china_computer_electronics_gbp_12m_pct,post_2022,10,-0.10475013389126953,-0.25041877127115414,1.0,1.0,18,23,12
prewhitened_ar,headline_12m_pct,fred_china_computer_electronics_gbp_12m_pct,post_2022,11,0.15988872360491055,0.40187624051528065,0.5,1.0,18,22,12
prewhitened_ar,headline_12m_pct,fred_china_computer_electronics_gbp_12m_pct,post_2022,12,0.0833661122573961,0.046869945919448174,1.0,1.0,18,21,12
prewhitened_ar,headline_12m_pct,fred_china_computer_electronics_gbp_12m_pct,post_2022,13,0.31011241028121256,0.43177448635631643,0.5,1.0,18,20,12
prewhitened_ar,headline_12m_pct,fred_china_computer_electronics_gbp_12m_pct,post_2022,14,-0.31282872212918905,-0.294082468900847,0.5,1.0,18,19,12
prewhitened_ar,headline_12m_pct,fred_china_computer_electronics_gbp_12m_pct,post_2022,15,0.09560194266131682,0.012681353091685613,1.0,1.0,18,18,12
prewhitened_ar,headline_12m_pct,fred_china_computer_electronics_gbp_12m_pct,post_2022,16,-0.37427128038938573,-0.3582042190943976,0.5,1.0,18,17,12
prewhitened_ar,headline_12m_pct,fred_china_computer_electronics_gbp_12m_pct,post_2022,17,-0.13707657022956501,-0.13831293377595558,0.5,1.0,18,16,12
prewhitened_ar,headline_12m_pct,fred_china_computer_electronics_gbp_12m_pct,post_2022,18,0.2219515101060473,0.2219515101060473,0.5,1.0,18,15,12
prewhitened_ar,headline_12m_pct,fred_japan_computer_electronics_gbp_12m_pct,full,0,0.09637082697517568,0.07547113016953216,0.5,1.0,18,105,12
prewhitened_ar,headline_12m_pct,fred_japan_computer_electronics_gbp_12m_pct,full,1,0.04354970009908653,-0.02369151002957636,0.8125,1.0,18,104,12
prewhitened_ar,headline_12m_pct,fred_japan_computer_electronics_gbp_12m_pct,full,2,-0.09559896409085504,-0.11656162871774431,0.3125,1.0,18,103,12
prewhitened_ar,headline_12m_pct,fred_japan_computer_electronics_gbp_12m_pct,full,3,0.09465257516567331,0.08971869017886425,0.40625,1.0,18,102,12
prewhitened_ar,headline_12m_pct,fred_japan_computer_electronics_gbp_12m_pct,full,4,-0.05266425667296909,-0.017006748513397868,0.96875,1.0,18,101,12
prewhitened_ar,headline_12m_pct,fred_japan_computer_electronics_gbp_12m_pct,full,5,0.035445737688875635,0.03795479017693872,0.765625,1.0,18,100,12
prewhitened_ar,headline_12m_pct,fred_japan_computer_electronics_gbp_12m_pct,full,6,-0.2629612410416326,-0.32708396080552576,0.015625,0.015625,18,99,12
prewhitened_ar,headline_12m_pct,fred_japan_computer_electronics_gbp_12m_pct,full,7,0.04361137664268724,0.048375401622675805,0.671875,1.0,18,98,12
prewhitened_ar,headline_12m_pct,fred_japan_computer_electronics_gbp_12m_pct,full,8,0.09336043972183676,0.07814624036786129,0.453125,1.0,18,97,12
prewhitened_ar,headline_12m_pct,fred_japan_computer_electronics_gbp_12m_pct,full,9,0.14780834851823696,0.13759579453567652,0.15625,1.0,18,96,12
prewhitened_ar,headline_12m_pct,fred_japan_computer_electronics_gbp_12m_pct,full,10,-0.03644552224202606,-0.053675121043626935,0.6875,1.0,18,95,12
prewhitened_ar,headline_12m_pct,fred_japan_computer_electronics_gbp_12m_pct,full,11,0.2807857600360477,0.2882383054621619,0.015625,0.015625,18,94,12
prewhitened_ar,headline_12m_pct,fred_japan_computer_electronics_gbp_12m_pct,full,12,0.08131410574254566,0.06851830887468821,0.578125,1.0,18,93,12
prewhitened_ar,headline_12m_pct,fred_japan_computer_electronics_gbp_12m_pct,full,13,-0.1268968975099794,-0.12437083375877814,0.171875,1.0,18,92,12
prewhitened_ar,headline_12m_pct,fred_japan_computer_electronics_gbp_12m_pct,full,14,-0.01706899642084012,-0.01729473994470031,0.875,1.0,18,91,12
prewhitened_ar,headline_12m_pct,fred_japan_computer_electronics_gbp_12m_pct,full,15,-0.08668209840085131,-0.09806316117229574,0.359375,1.0,18,90,12
prewhitened_ar,headline_12m_pct,fred_japan_computer_electronics_gbp_12m_pct,full,16,-0.004628873600977692,8.67288295111677e-06,1.0,1.0,18,89,12
prewhitened_ar,headline_12m_pct,fred_japan_computer_electronics_gbp_12m_pct,full,17,0.0793234740918248,0.08269094689424743,0.53125,1.0,18,88,12
prewhitened_ar,headline_12m_pct,fred_japan_computer_electronics_gbp_12m_pct,full,18,0.17608622915235816,0.17608622915235816,0.109375,0.984375,18,87,12
prewhitened_ar,headline_12m_pct,fred_japan_computer_electronics_gbp_12m_pct,pre_2020,0,0.1222975781920791,0.08888727054313421,1.0,1.0,18,36,12
prewhitened_ar,headline_12m_pct,fred_japan_computer_electronics_gbp_12m_pct,pre_2020,1,-0.0499560396873797,-0.28531630868967695,0.5,1.0,18,35,12
prewhitened_ar,headline_12m_pct,fred_japan_computer_electronics_gbp_12m_pct,pre_2020,2,-0.2331364837109631,-0.15242123334894112,0.5,1.0,18,34,12
prewhitened_ar,headline_12m_pct,fred_japan_computer_electronics_gbp_12m_pct,pre_2020,3,0.3157687486697801,0.3745875908957832,0.5,0.5,18,33,12
prewhitened_ar,headline_12m_pct,fred_japan_computer_electronics_gbp_12m_pct,pre_2020,4,-0.21171725187860163,-0.13875263325771847,0.5,1.0,18,32,12
prewhitened_ar,headline_12m_pct,fred_japan_computer_electronics_gbp_12m_pct,pre_2020,5,0.18294349377937275,0.13526506235072605,1.0,1.0,18,31,12
prewhitened_ar,headline_12m_pct,fred_japan_computer_electronics_gbp_12m_pct,pre_2020,6,-0.006382393599784976,-0.033016387419816294,0.5,1.0,18,30,12
prewhitened_ar,headline_12m_pct,fred_japan_computer_electronics_gbp_12m_pct,pre_2020,7,0.2692196828126158,0.2703117529693374,0.5,1.0,18,29,12
prewhitened_ar,headline_12m_pct,fred_japan_computer_electronics_gbp_12m_pct,pre_2020,8,-0.05551355398683454,0.005490518697773517,1.0,1.0,18,28,12
prewhitened_ar,headline_12m_pct,fred_japan_computer_electronics_gbp_12m_pct,pre_2020,9,-0.13919932634356652,-0.12118254833185102,1.0,1.0,18,27,12
prewhitened_ar,headline_12m_pct,fred_japan_computer_electronics_gbp_12m_pct,pre_2020,10,-0.10468149438581906,-0.2108669499128546,0.5,1.0,18,26,12
prewhitened_ar,headline_12m_pct,fred_japan_computer_electronics_gbp_12m_pct,pre_2020,11,0.2827898802042058,0.2977859173854076,0.5,1.0,18,25,12
prewhitened_ar,headline_12m_pct,fred_japan_computer_electronics_gbp_12m_pct,pre_2020,12,-0.002434431053906291,-0.03299919610668397,1.0,1.0,18,24,12
prewhitened_ar,headline_12m_pct,fred_japan_computer_electronics_gbp_12m_pct,pre_2020,13,-0.26371151484982536,-0.27695676902400324,0.5,1.0,18,23,12
prewhitened_ar,headline_12m_pct,fred_japan_computer_electronics_gbp_12m_pct,pre_2020,14,0.11199394782853797,0.10211258244067907,1.0,1.0,18,22,12
prewhitened_ar,headline_12m_pct,fred_japan_computer_electronics_gbp_12m_pct,pre_2020,15,-0.12995551944799114,-0.14493227188063076,1.0,1.0,18,21,12
prewhitened_ar,headline_12m_pct,fred_japan_computer_electronics_gbp_12m_pct,pre_2020,16,0.09108523565560861,0.11369525891266573,1.0,1.0,18,20,12
prewhitened_ar,headline_12m_pct,fred_japan_computer_electronics_gbp_12m_pct,pre_2020,17,0.021613936571077928,0.05107808714952881,1.0,1.0,18,19,12
prewhitened_ar,headline_12m_pct,fred_japan_computer_electronics_gbp_12m_pct,pre_2020,18,0.0163033429564664,0.0163033429564664,1.0,1.0,18,18,12
prewhitened_ar,headline_12m_pct,fred_japan_computer_electronics_gbp_12m_pct,pandemic_2020_2022,0,0.044082643184947305,-0.1810934930737921,1.0,1.0,18,36,12
prewhitened_ar,headline_12m_pct,fred_japan_computer_electronics_gbp_12m_pct,pandemic_2020_2022,1,0.09789385886634454,0.0017303180725034902,1.0,1.0,18,35,12
prewhitened_ar,headline_12m_pct,fred_japan_computer_electronics_gbp_12m_pct,pandemic_2020_2022,2,-0.1519520192952416,0.12367507558781114,1.0,1.0,18,34,12
prewhitened_ar,headline_12m_pct,fred_japan_computer_electronics_gbp_12m_pct,pandemic_2020_2022,3,-0.09835159458823522,0.15272716524690388,0.5,1.0,18,33,12
prewhitened_ar,headline_12m_pct,fred_japan_computer_electronics_gbp_12m_pct,pandemic_2020_2022,4,0.11100003432446734,0.07231329503062486,1.0,1.0,18,32,12
prewhitened_ar,headline_12m_pct,fred_japan_computer_electronics_gbp_12m_pct,pandemic_2020_2022,5,-0.036547772020020804,0.030333584416217144,1.0,1.0,18,31,12
prewhitened_ar,headline_12m_pct,fred_japan_computer_electronics_gbp_12m_pct,pandemic_2020_2022,6,-0.49525144076113303,-0.4587973681981094,0.5,1.0,18,30,12
prewhitened_ar,headline_12m_pct,fred_japan_computer_electronics_gbp_12m_pct,pandemic_2020_2022,7,-0.3450928150436743,-0.34195728899528643,0.5,1.0,18,29,12
prewhitened_ar,headline_12m_pct,fred_japan_computer_electronics_gbp_12m_pct,pandemic_2020_2022,8,0.16593027845229777,0.2577995891968581,1.0,1.0,18,28,12
prewhitened_ar,headline_12m_pct,fred_japan_computer_electronics_gbp_12m_pct,pandemic_2020_2022,9,0.03320878458718698,0.12716179027658558,0.5,1.0,18,27,12
prewhitened_ar,headline_12m_pct,fred_japan_computer_electronics_gbp_12m_pct,pandemic_2020_2022,10,0.21963495681206363,0.2856169858186159,0.5,1.0,18,26,12
prewhitened_ar,headline_12m_pct,fred_japan_computer_electronics_gbp_12m_pct,pandemic_2020_2022,11,0.38145068678653893,0.5263834741404376,0.5,1.0,18,25,12
prewhitened_ar,headline_12m_pct,fred_japan_computer_electronics_gbp_12m_pct,pandemic_2020_2022,12,-0.011753304429226983,0.1743060187962427,1.0,1.0,18,24,12
prewhitened_ar,headline_12m_pct,fred_japan_computer_electronics_gbp_12m_pct,pandemic_2020_2022,13,-0.46790870124764455,-0.4782948186695507,0.5,1.0,18,23,12
prewhitened_ar,headline_12m_pct,fred_japan_computer_electronics_gbp_12m_pct,pandemic_2020_2022,14,-0.038297676879749505,-0.08344019543357731,1.0,1.0,18,22,12
prewhitened_ar,headline_12m_pct,fred_japan_computer_electronics_gbp_12m_pct,pandemic_2020_2022,15,-0.17878432768940145,-0.1537568361676916,0.5,1.0,18,21,12
prewhitened_ar,headline_12m_pct,fred_japan_computer_electronics_gbp_12m_pct,pandemic_2020_2022,16,-0.40004942394069143,-0.3459874229420461,0.5,1.0,18,20,12
prewhitened_ar,headline_12m_pct,fred_japan_computer_electronics_gbp_12m_pct,pandemic_2020_2022,17,0.33536517841950186,0.3845370289246684,0.5,1.0,18,19,12
prewhitened_ar,headline_12m_pct,fred_japan_computer_electronics_gbp_12m_pct,pandemic_2020_2022,18,0.31476257808515185,0.31476257808515185,0.5,1.0,18,18,12
prewhitened_ar,headline_12m_pct,fred_japan_computer_electronics_gbp_12m_pct,post_2022,0,0.12147171695452008,0.027822647011224295,1.0,1.0,18,33,12
prewhitened_ar,headline_12m_pct,fred_japan_computer_electronics_gbp_12m_pct,post_2022,1,0.08487697820532326,-0.2533267264539745,0.5,1.0,18,32,12
prewhitened_ar,headline_12m_pct,fred_japan_computer_electronics_gbp_12m_pct,post_2022,2,0.08024445432741081,0.13100558346065913,1.0,1.0,18,31,12
prewhitened_ar,headline_12m_pct,fred_japan_computer_electronics_gbp_12m_pct,post_2022,3,0.15325513478081282,0.20797536759530239,0.5,1.0,18,30,12
prewhitened_ar,headline_12m_pct,fred_japan_computer_electronics_gbp_12m_pct,post_2022,4,-0.12757331693370927,0.11430420111386336,1.0,1.0,18,29,12
prewhitened_ar,headline_12m_pct,fred_japan_computer_electronics_gbp_12m_pct,post_2022,5,0.022362280662216107,0.13566908231033756,0.5,1.0,18,28,12
prewhitened_ar,headline_12m_pct,fred_japan_computer_electronics_gbp_12m_pct,post_2022,6,-0.2244767961389534,-0.5922971937888649,0.5,1.0,18,27,12
prewhitened_ar,headline_12m_pct,fred_japan_computer_electronics_gbp_12m_pct,post_2022,7,0.11710832570980509,0.28959825827478863,0.5,1.0,18,26,12
prewhitened_ar,headline_12m_pct,fred_japan_computer_electronics_gbp_12m_pct,post_2022,8,0.07887325229331267,-0.016721950814739924,1.0,1.0,18,25,12
prewhitened_ar,headline_12m_pct,fred_japan_computer_electronics_gbp_12m_pct,post_2022,9,0.3857944757018983,0.5193931232680689,0.5,1.0,18,24,12
prewhitened_ar,headline_12m_pct,fred_japan_computer_electronics_gbp_12m_pct,post_2022,10,-0.11447974138127694,-0.20333229339492193,1.0,1.0,18,23,12
prewhitened_ar,headline_12m_pct,fred_japan_computer_electronics_gbp_12m_pct,post_2022,11,0.20608506077240205,0.3209210365744362,0.5,1.0,18,22,12
prewhitened_ar,headline_12m_pct,fred_japan_computer_electronics_gbp_12m_pct,post_2022,12,-0.02443050653521651,-0.05460724104596713,1.0,1.0,18,21,12
prewhitened_ar,headline_12m_pct,fred_japan_computer_electronics_gbp_12m_pct,post_2022,13,0.27133663445003453,0.371939889063856,0.5,1.0,18,20,12
prewhitened_ar,headline_12m_pct,fred_japan_computer_electronics_gbp_12m_pct,post_2022,14,-0.22419797513639075,-0.22093116725902678,0.5,1.0,18,19,12
prewhitened_ar,headline_12m_pct,fred_japan_computer_electronics_gbp_12m_pct,post_2022,15,0.07248317952583147,0.012155323270530868,1.0,1.0,18,18,12
prewhitened_ar,headline_12m_pct,fred_japan_computer_electronics_gbp_12m_pct,post_2022,16,-0.2996782311454228,-0.2798236717751285,0.5,1.0,18,17,12
prewhitened_ar,headline_12m_pct,fred_japan_computer_electronics_gbp_12m_pct,post_2022,17,-0.2998174815875414,-0.3038407187675438,0.5,1.0,18,16,12
prewhitened_ar,headline_12m_pct,fred_japan_computer_electronics_gbp_12m_pct,post_2022,18,0.19884073421043508,0.19884073421043508,1.0,1.0,18,15,12
prewhitened_ar,headline_12m_pct,fred_asian_nie_computer_electronics_gbp_12m_pct,full,0,0.05150396766309356,0.06367314723259568,0.625,1.0,18,105,12
prewhitened_ar,headline_12m_pct,fred_asian_nie_computer_electronics_gbp_12m_pct,full,1,0.04977433731734219,-0.021311972047886738,0.859375,1.0,18,104,12
prewhitened_ar,headline_12m_pct,fred_asian_nie_computer_electronics_gbp_12m_pct,full,2,-0.05757898321827419,-0.0819384275359548,0.40625,1.0,18,103,12
prewhitened_ar,headline_12m_pct,fred_asian_nie_computer_electronics_gbp_12m_pct,full,3,0.0710210278798664,0.06648780637738784,0.578125,1.0,18,102,12
prewhitened_ar,headline_12m_pct,fred_asian_nie_computer_electronics_gbp_12m_pct,full,4,-0.023465413415588866,0.025595623357893275,0.828125,1.0,18,101,12
prewhitened_ar,headline_12m_pct,fred_asian_nie_computer_electronics_gbp_12m_pct,full,5,0.011394183286782546,0.028437280783503795,0.84375,1.0,18,100,12
prewhitened_ar,headline_12m_pct,fred_asian_nie_computer_electronics_gbp_12m_pct,full,6,-0.22730528116017168,-0.27387866796544014,0.03125,0.234375,18,99,12
prewhitened_ar,headline_12m_pct,fred_asian_nie_computer_electronics_gbp_12m_pct,full,7,0.06720419619591325,0.0518479419874699,0.65625,1.0,18,98,12
prewhitened_ar,headline_12m_pct,fred_asian_nie_computer_electronics_gbp_12m_pct,full,8,0.0836699605600301,0.07961280732543079,0.5,1.0,18,97,12
prewhitened_ar,headline_12m_pct,fred_asian_nie_computer_electronics_gbp_12m_pct,full,9,0.14000683917028084,0.12546168498512394,0.265625,1.0,18,96,12
prewhitened_ar,headline_12m_pct,fred_asian_nie_computer_electronics_gbp_12m_pct,full,10,0.010161928097586577,-0.023546517340633642,0.8125,1.0,18,95,12
prewhitened_ar,headline_12m_pct,fred_asian_nie_computer_electronics_gbp_12m_pct,full,11,0.1986546379418426,0.22314907944054146,0.03125,0.390625,18,94,12
prewhitened_ar,headline_12m_pct,fred_asian_nie_computer_electronics_gbp_12m_pct,full,12,0.05785891321893394,0.029432880819234435,0.828125,1.0,18,93,12
prewhitened_ar,headline_12m_pct,fred_asian_nie_computer_electronics_gbp_12m_pct,full,13,-0.12411370987524606,-0.12526237356699196,0.203125,1.0,18,92,12
prewhitened_ar,headline_12m_pct,fred_asian_nie_computer_electronics_gbp_12m_pct,full,14,-0.04952458461995175,-0.04293867415312634,0.765625,1.0,18,91,12
prewhitened_ar,headline_12m_pct,fred_asian_nie_computer_electronics_gbp_12m_pct,full,15,0.0015773054751081644,-0.017088345404627222,0.890625,1.0,18,90,12
prewhitened_ar,headline_12m_pct,fred_asian_nie_computer_electronics_gbp_12m_pct,full,16,-0.06193241473159194,-0.05668367461902793,0.65625,1.0,18,89,12
prewhitened_ar,headline_12m_pct,fred_asian_nie_computer_electronics_gbp_12m_pct,full,17,0.1403141162301937,0.14724541146008452,0.125,1.0,18,88,12
prewhitened_ar,headline_12m_pct,fred_asian_nie_computer_electronics_gbp_12m_pct,full,18,0.17361921424818677,0.17361921424818677,0.078125,0.90625,18,87,12
prewhitened_ar,headline_12m_pct,fred_asian_nie_computer_electronics_gbp_12m_pct,pre_2020,0,0.0392913563725534,0.023668220214783896,1.0,1.0,18,36,12
prewhitened_ar,headline_12m_pct,fred_asian_nie_computer_electronics_gbp_12m_pct,pre_2020,1,-0.01398653622956261,-0.29099587834214413,0.5,1.0,18,35,12
prewhitened_ar,headline_12m_pct,fred_asian_nie_computer_electronics_gbp_12m_pct,pre_2020,2,-0.23459446992366506,-0.1366324426311668,1.0,1.0,18,34,12
prewhitened_ar,headline_12m_pct,fred_asian_nie_computer_electronics_gbp_12m_pct,pre_2020,3,0.29413803046740117,0.31386097869619956,0.5,1.0,18,33,12
prewhitened_ar,headline_12m_pct,fred_asian_nie_computer_electronics_gbp_12m_pct,pre_2020,4,-0.2148917138303094,-0.16531575693142836,0.5,1.0,18,32,12
prewhitened_ar,headline_12m_pct,fred_asian_nie_computer_electronics_gbp_12m_pct,pre_2020,5,0.24999406818414438,0.2625872372397205,1.0,1.0,18,31,12
prewhitened_ar,headline_12m_pct,fred_asian_nie_computer_electronics_gbp_12m_pct,pre_2020,6,0.005863716337946204,-0.07061709481500537,0.5,1.0,18,30,12
prewhitened_ar,headline_12m_pct,fred_asian_nie_computer_electronics_gbp_12m_pct,pre_2020,7,0.2208402745550589,0.21330964397426216,0.5,1.0,18,29,12
prewhitened_ar,headline_12m_pct,fred_asian_nie_computer_electronics_gbp_12m_pct,pre_2020,8,-0.011403510543013123,-0.0016222658462441393,1.0,1.0,18,28,12
prewhitened_ar,headline_12m_pct,fred_asian_nie_computer_electronics_gbp_12m_pct,pre_2020,9,-0.13012941057190658,-0.11594268710615743,1.0,1.0,18,27,12
prewhitened_ar,headline_12m_pct,fred_asian_nie_computer_electronics_gbp_12m_pct,pre_2020,10,-0.10358876723550887,-0.22181090662808783,0.5,1.0,18,26,12
prewhitened_ar,headline_12m_pct,fred_asian_nie_computer_electronics_gbp_12m_pct,pre_2020,11,0.13584794035338102,0.12313788001703543,1.0,1.0,18,25,12
prewhitened_ar,headline_12m_pct,fred_asian_nie_computer_electronics_gbp_12m_pct,pre_2020,12,0.056727732783265955,0.05964844857551324,1.0,1.0,18,24,12
prewhitened_ar,headline_12m_pct,fred_asian_nie_computer_electronics_gbp_12m_pct,pre_2020,13,-0.29454413869954665,-0.3331899056998408,0.5,1.0,18,23,12
prewhitened_ar,headline_12m_pct,fred_asian_nie_computer_electronics_gbp_12m_pct,pre_2020,14,0.1706710801902624,0.15123026316387198,1.0,1.0,18,22,12
prewhitened_ar,headline_12m_pct,fred_asian_nie_computer_electronics_gbp_12m_pct,pre_2020,15,-0.11738785802835708,-0.1269381730382306,0.5,1.0,18,21,12
prewhitened_ar,headline_12m_pct,fred_asian_nie_computer_electronics_gbp_12m_pct,pre_2020,16,0.0914369329166151,0.10209590670558123,1.0,1.0,18,20,12
prewhitened_ar,headline_12m_pct,fred_asian_nie_computer_electronics_gbp_12m_pct,pre_2020,17,0.09250696772419967,0.10953452165513154,0.5,1.0,18,19,12
prewhitened_ar,headline_12m_pct,fred_asian_nie_computer_electronics_gbp_12m_pct,pre_2020,18,-0.020920033645611635,-0.020920033645611635,1.0,1.0,18,18,12
prewhitened_ar,headline_12m_pct,fred_asian_nie_computer_electronics_gbp_12m_pct,pandemic_2020_2022,0,0.03580425932171362,-0.20087942281606136,1.0,1.0,18,36,12
prewhitened_ar,headline_12m_pct,fred_asian_nie_computer_electronics_gbp_12m_pct,pandemic_2020_2022,1,0.0881691690807234,0.04247997018569603,1.0,1.0,18,35,12
prewhitened_ar,headline_12m_pct,fred_asian_nie_computer_electronics_gbp_12m_pct,pandemic_2020_2022,2,-0.13118922634813632,0.20084156680312792,1.0,1.0,18,34,12
prewhitened_ar,headline_12m_pct,fred_asian_nie_computer_electronics_gbp_12m_pct,pandemic_2020_2022,3,-0.10824036957737387,0.1110028447269459,0.5,1.0,18,33,12
prewhitened_ar,headline_12m_pct,fred_asian_nie_computer_electronics_gbp_12m_pct,pandemic_2020_2022,4,0.08130073835262884,0.04442430808402413,1.0,1.0,18,32,12
prewhitened_ar,headline_12m_pct,fred_asian_nie_computer_electronics_gbp_12m_pct,pandemic_2020_2022,5,-0.07893287438346364,-0.053560190695131335,1.0,1.0,18,31,12
prewhitened_ar,headline_12m_pct,fred_asian_nie_computer_electronics_gbp_12m_pct,pandemic_2020_2022,6,-0.3994130402674461,-0.4431843876195397,0.5,1.0,18,30,12
prewhitened_ar,headline_12m_pct,fred_asian_nie_computer_electronics_gbp_12m_pct,pandemic_2020_2022,7,-0.30079122326913915,-0.21904479351720108,0.5,1.0,18,29,12
prewhitened_ar,headline_12m_pct,fred_asian_nie_computer_electronics_gbp_12m_pct,pandemic_2020_2022,8,0.1658613533811471,0.3117299699721673,1.0,1.0,18,28,12
prewhitened_ar,headline_12m_pct,fred_asian_nie_computer_electronics_gbp_12m_pct,pandemic_2020_2022,9,0.009106934396758014,0.19073532224170783,0.5,1.0,18,27,12
prewhitened_ar,headline_12m_pct,fred_asian_nie_computer_electronics_gbp_12m_pct,pandemic_2020_2022,10,0.21654481796271502,0.30630395118785764,0.5,1.0,18,26,12
prewhitened_ar,headline_12m_pct,fred_asian_nie_computer_electronics_gbp_12m_pct,pandemic_2020_2022,11,0.25506210384861877,0.41812676081907696,0.5,1.0,18,25,12
prewhitened_ar,headline_12m_pct,fred_asian_nie_computer_electronics_gbp_12m_pct,pandemic_2020_2022,12,-0.2206726758195047,-0.03271169147755369,1.0,1.0,18,24,12
prewhitened_ar,headline_12m_pct,fred_asian_nie_computer_electronics_gbp_12m_pct,pandemic_2020_2022,13,-0.448904416458996,-0.423283825011936,0.5,1.0,18,23,12
prewhitened_ar,headline_12m_pct,fred_asian_nie_computer_electronics_gbp_12m_pct,pandemic_2020_2022,14,-0.11785878280559907,-0.14767693067471188,1.0,1.0,18,22,12
prewhitened_ar,headline_12m_pct,fred_asian_nie_computer_electronics_gbp_12m_pct,pandemic_2020_2022,15,-0.029223339751773516,0.02303383463483246,0.5,1.0,18,21,12
prewhitened_ar,headline_12m_pct,fred_asian_nie_computer_electronics_gbp_12m_pct,pandemic_2020_2022,16,-0.38940474499543304,-0.3461078318881405,0.5,1.0,18,20,12
prewhitened_ar,headline_12m_pct,fred_asian_nie_computer_electronics_gbp_12m_pct,pandemic_2020_2022,17,0.29780529006997375,0.3268957800825349,0.5,1.0,18,19,12
prewhitened_ar,headline_12m_pct,fred_asian_nie_computer_electronics_gbp_12m_pct,pandemic_2020_2022,18,0.25023740349337886,0.25023740349337886,0.5,1.0,18,18,12
prewhitened_ar,headline_12m_pct,fred_asian_nie_computer_electronics_gbp_12m_pct,post_2022,0,0.03353277567015527,0.1141190783605598,1.0,1.0,18,33,12
prewhitened_ar,headline_12m_pct,fred_asian_nie_computer_electronics_gbp_12m_pct,post_2022,1,0.03966251883854346,-0.3341461305580693,0.5,1.0,18,32,12
prewhitened_ar,headline_12m_pct,fred_asian_nie_computer_electronics_gbp_12m_pct,post_2022,2,0.12657465196622228,0.18371511835497517,1.0,1.0,18,31,12
prewhitened_ar,headline_12m_pct,fred_asian_nie_computer_electronics_gbp_12m_pct,post_2022,3,0.07650965590749763,0.09302024899517097,0.5,1.0,18,30,12
prewhitened_ar,headline_12m_pct,fred_asian_nie_computer_electronics_gbp_12m_pct,post_2022,4,-0.0690914977206971,0.24261299261207478,1.0,1.0,18,29,12
prewhitened_ar,headline_12m_pct,fred_asian_nie_computer_electronics_gbp_12m_pct,post_2022,5,-0.11631431750477286,-0.023480212100194554,1.0,1.0,18,28,12
prewhitened_ar,headline_12m_pct,fred_asian_nie_computer_electronics_gbp_12m_pct,post_2022,6,-0.28850303644162223,-0.5762937854471267,0.5,0.5,18,27,12
prewhitened_ar,headline_12m_pct,fred_asian_nie_computer_electronics_gbp_12m_pct,post_2022,7,0.20567787491539113,0.2852545624364932,0.5,1.0,18,26,12
prewhitened_ar,headline_12m_pct,fred_asian_nie_computer_electronics_gbp_12m_pct,post_2022,8,0.007751369975576703,-0.04478427502623764,1.0,1.0,18,25,12
prewhitened_ar,headline_12m_pct,fred_asian_nie_computer_electronics_gbp_12m_pct,post_2022,9,0.25977727234132936,0.3030882208369865,1.0,1.0,18,24,12
prewhitened_ar,headline_12m_pct,fred_asian_nie_computer_electronics_gbp_12m_pct,post_2022,10,-0.03859989253888409,-0.23021088586883412,0.5,1.0,18,23,12
prewhitened_ar,headline_12m_pct,fred_asian_nie_computer_electronics_gbp_12m_pct,post_2022,11,0.07851703009659658,0.30461411448529674,0.5,1.0,18,22,12
prewhitened_ar,headline_12m_pct,fred_asian_nie_computer_electronics_gbp_12m_pct,post_2022,12,0.08218276713668372,0.01280924974715678,1.0,1.0,18,21,12
prewhitened_ar,headline_12m_pct,fred_asian_nie_computer_electronics_gbp_12m_pct,post_2022,13,0.22875336213285122,0.37294067677485665,0.5,1.0,18,20,12
prewhitened_ar,headline_12m_pct,fred_asian_nie_computer_electronics_gbp_12m_pct,post_2022,14,-0.344581689468353,-0.3292073307176375,0.5,1.0,18,19,12
prewhitened_ar,headline_12m_pct,fred_asian_nie_computer_electronics_gbp_12m_pct,post_2022,15,0.26125134197487476,0.18590067968183174,0.5,1.0,18,18,12
prewhitened_ar,headline_12m_pct,fred_asian_nie_computer_electronics_gbp_12m_pct,post_2022,16,-0.3995263503130041,-0.4031864352820734,0.5,1.0,18,17,12
prewhitened_ar,headline_12m_pct,fred_asian_nie_computer_electronics_gbp_12m_pct,post_2022,17,-0.0414454447929646,-0.037706590391841786,1.0,1.0,18,16,12
prewhitened_ar,headline_12m_pct,fred_asian_nie_computer_electronics_gbp_12m_pct,post_2022,18,0.2233778790474689,0.2233778790474689,0.5,1.0,18,15,12
prewhitened_ar,ex_games_12m_pct,jp_epi_electronics_gbp_12m_pct,full,0,0.02391780714894481,0.04973062109401744,0.6891891891891891,1.0,18,115,12
prewhitened_ar,ex_games_12m_pct,jp_epi_electronics_gbp_12m_pct,full,1,0.02782120388768274,-0.004651479218231372,1.0,1.0,18,114,12
prewhitened_ar,ex_games_12m_pct,jp_epi_electronics_gbp_12m_pct,full,2,0.11372010657329125,0.1041817718034006,0.4594594594594595,1.0,18,113,12
prewhitened_ar,ex_games_12m_pct,jp_epi_electronics_gbp_12m_pct,full,3,0.03258311785353331,0.043423145586400015,0.7162162162162162,1.0,18,112,12
prewhitened_ar,ex_games_12m_pct,jp_epi_electronics_gbp_12m_pct,full,4,-0.09624187013703407,-0.16391976541469017,0.24324324324324326,0.972972972972973,18,111,12
prewhitened_ar,ex_games_12m_pct,jp_epi_electronics_gbp_12m_pct,full,5,0.12769199921708865,0.1100014426717084,0.40540540540540543,1.0,18,110,12
prewhitened_ar,ex_games_12m_pct,jp_epi_electronics_gbp_12m_pct,full,6,-0.11342506259762823,-0.15037558166614662,0.25675675675675674,1.0,18,109,12
prewhitened_ar,ex_games_12m_pct,jp_epi_electronics_gbp_12m_pct,full,7,0.026018483204602597,0.010282284315884167,0.8783783783783784,1.0,18,108,12
prewhitened_ar,ex_games_12m_pct,jp_epi_electronics_gbp_12m_pct,full,8,-0.024523115664651058,-0.018990322106366413,0.8108108108108109,1.0,18,107,12
prewhitened_ar,ex_games_12m_pct,jp_epi_electronics_gbp_12m_pct,full,9,0.1228667294160957,0.10242026140247408,0.40540540540540543,1.0,18,106,12
prewhitened_ar,ex_games_12m_pct,jp_epi_electronics_gbp_12m_pct,full,10,-0.04314022519457002,-0.08790665930219291,0.5,1.0,18,105,12
prewhitened_ar,ex_games_12m_pct,jp_epi_electronics_gbp_12m_pct,full,11,0.1404832528789869,0.1644526454496157,0.20270270270270271,0.972972972972973,18,104,12
prewhitened_ar,ex_games_12m_pct,jp_epi_electronics_gbp_12m_pct,full,12,0.0381531563017328,0.02565570632089474,0.7567567567567568,1.0,18,103,12
prewhitened_ar,ex_games_12m_pct,jp_epi_electronics_gbp_12m_pct,full,13,-0.07319707120005169,-0.056866520897473925,0.5540540540540541,1.0,18,102,12
prewhitened_ar,ex_games_12m_pct,jp_epi_electronics_gbp_12m_pct,full,14,-0.19744319383719205,-0.1964414689359939,0.10810810810810811,0.7972972972972973,18,101,12
prewhitened_ar,ex_games_12m_pct,jp_epi_electronics_gbp_12m_pct,full,15,0.1243199303621283,0.1351573189879786,0.3108108108108108,1.0,18,100,12
prewhitened_ar,ex_games_12m_pct,jp_epi_electronics_gbp_12m_pct,full,16,-0.03531282579014909,-0.02818984562189614,0.7567567567567568,1.0,18,99,12
prewhitened_ar,ex_games_12m_pct,jp_epi_electronics_gbp_12m_pct,full,17,-0.09568323962684351,-0.09527030166588508,0.40540540540540543,1.0,18,98,12
prewhitened_ar,ex_games_12m_pct,jp_epi_electronics_gbp_12m_pct,full,18,0.16233799897687332,0.16233799897687332,0.20270270270270271,0.9864864864864865,18,97,12
prewhitened_ar,ex_games_12m_pct,jp_epi_electronics_gbp_12m_pct,pre_2020,0,0.34016844873483254,0.3371243324905114,1.0,1.0,18,36,12
prewhitened_ar,ex_games_12m_pct,jp_epi_electronics_gbp_12m_pct,pre_2020,1,-0.1801122347221866,-0.34109561794548365,1.0,1.0,18,35,12
prewhitened_ar,ex_games_12m_pct,jp_epi_electronics_gbp_12m_pct,pre_2020,2,0.10663273493519318,0.028677938293952442,0.5,1.0,18,34,12
prewhitened_ar,ex_games_12m_pct,jp_epi_electronics_gbp_12m_pct,pre_2020,3,-0.03153189772590367,0.012955025417019417,1.0,1.0,18,33,12
prewhitened_ar,ex_games_12m_pct,jp_epi_electronics_gbp_12m_pct,pre_2020,4,-0.1839014989762621,-0.10085656357749301,1.0,1.0,18,32,12
prewhitened_ar,ex_games_12m_pct,jp_epi_electronics_gbp_12m_pct,pre_2020,5,0.11833017280983492,0.3616292221539242,1.0,1.0,18,31,12
prewhitened_ar,ex_games_12m_pct,jp_epi_electronics_gbp_12m_pct,pre_2020,6,0.047445561915174274,0.0029370674368182498,1.0,1.0,18,30,12
prewhitened_ar,ex_games_12m_pct,jp_epi_electronics_gbp_12m_pct,pre_2020,7,0.16153693294035326,0.29368836955284505,1.0,1.0,18,29,12
prewhitened_ar,ex_games_12m_pct,jp_epi_electronics_gbp_12m_pct,pre_2020,8,-0.14879952888754494,0.01734502854364187,1.0,1.0,18,28,12
prewhitened_ar,ex_games_12m_pct,jp_epi_electronics_gbp_12m_pct,pre_2020,9,-0.05860996676022103,-0.16182043121096676,0.5,1.0,18,27,12
prewhitened_ar,ex_games_12m_pct,jp_epi_electronics_gbp_12m_pct,pre_2020,10,-0.05621262866945566,-0.17050382551676416,0.5,1.0,18,26,12
prewhitened_ar,ex_games_12m_pct,jp_epi_electronics_gbp_12m_pct,pre_2020,11,-0.13117599767429486,-0.11421314065183585,1.0,1.0,18,25,12
prewhitened_ar,ex_games_12m_pct,jp_epi_electronics_gbp_12m_pct,pre_2020,12,-0.12914827748459262,0.06890010235109106,1.0,1.0,18,24,12
prewhitened_ar,ex_games_12m_pct,jp_epi_electronics_gbp_12m_pct,pre_2020,13,0.05121325086324246,0.09416241253227761,1.0,1.0,18,23,12
prewhitened_ar,ex_games_12m_pct,jp_epi_electronics_gbp_12m_pct,pre_2020,14,-0.1485867792756058,-0.1983620930008875,0.5,1.0,18,22,12
prewhitened_ar,ex_games_12m_pct,jp_epi_electronics_gbp_12m_pct,pre_2020,15,-0.1028226649762356,-0.07345461115059644,0.5,1.0,18,21,12
prewhitened_ar,ex_games_12m_pct,jp_epi_electronics_gbp_12m_pct,pre_2020,16,-0.23561043308012494,-0.28576805373689523,0.5,1.0,18,20,12
prewhitened_ar,ex_games_12m_pct,jp_epi_electronics_gbp_12m_pct,pre_2020,17,-0.2046616016694583,-0.2018246724120862,0.5,1.0,18,19,12
prewhitened_ar,ex_games_12m_pct,jp_epi_electronics_gbp_12m_pct,pre_2020,18,0.13975386249568356,0.13975386249568356,0.5,1.0,18,18,12
prewhitened_ar,ex_games_12m_pct,jp_epi_electronics_gbp_12m_pct,pandemic_2020_2022,0,-0.006699409687626713,0.1832362464442042,0.5,1.0,18,36,12
prewhitened_ar,ex_games_12m_pct,jp_epi_electronics_gbp_12m_pct,pandemic_2020_2022,1,-0.02570638236839877,-0.3310353447476627,0.5,1.0,18,35,12
prewhitened_ar,ex_games_12m_pct,jp_epi_electronics_gbp_12m_pct,pandemic_2020_2022,2,-0.03122112354864847,0.07080207733994354,1.0,1.0,18,34,12
prewhitened_ar,ex_games_12m_pct,jp_epi_electronics_gbp_12m_pct,pandemic_2020_2022,3,-0.03393257294895447,0.006053675337397751,1.0,1.0,18,33,12
prewhitened_ar,ex_games_12m_pct,jp_epi_electronics_gbp_12m_pct,pandemic_2020_2022,4,0.0190079206769712,0.10783702277311577,0.5,1.0,18,32,12
prewhitened_ar,ex_games_12m_pct,jp_epi_electronics_gbp_12m_pct,pandemic_2020_2022,5,0.10732829210190749,-0.014407127982673852,1.0,1.0,18,31,12
prewhitened_ar,ex_games_12m_pct,jp_epi_electronics_gbp_12m_pct,pandemic_2020_2022,6,-0.1629284052722494,-0.027689535091487423,1.0,1.0,18,30,12
prewhitened_ar,ex_games_12m_pct,jp_epi_electronics_gbp_12m_pct,pandemic_2020_2022,7,-0.30456782610928684,-0.3385031072705136,0.5,1.0,18,29,12
prewhitened_ar,ex_games_12m_pct,jp_epi_electronics_gbp_12m_pct,pandemic_2020_2022,8,-0.04407354077879097,-0.1554502436357568,1.0,1.0,18,28,12
prewhitened_ar,ex_games_12m_pct,jp_epi_electronics_gbp_12m_pct,pandemic_2020_2022,9,0.01839605853690145,0.2228780140998225,1.0,1.0,18,27,12
prewhitened_ar,ex_games_12m_pct,jp_epi_electronics_gbp_12m_pct,pandemic_2020_2022,10,-0.29956291531725365,-0.33174431025385726,0.5,1.0,18,26,12
prewhitened_ar,ex_games_12m_pct,jp_epi_electronics_gbp_12m_pct,pandemic_2020_2022,11,0.3659867962131423,0.38816135449942557,0.5,1.0,18,25,12
prewhitened_ar,ex_games_12m_pct,jp_epi_electronics_gbp_12m_pct,pandemic_2020_2022,12,0.07277642073978906,0.12906233540586876,1.0,1.0,18,24,12
prewhitened_ar,ex_games_12m_pct,jp_epi_electronics_gbp_12m_pct,pandemic_2020_2022,13,-0.26755818105209117,-0.15768669476066646,1.0,1.0,18,23,12
prewhitened_ar,ex_games_12m_pct,jp_epi_electronics_gbp_12m_pct,pandemic_2020_2022,14,0.15404908890817076,0.10883572983575142,1.0,1.0,18,22,12
prewhitened_ar,ex_games_12m_pct,jp_epi_electronics_gbp_12m_pct,pandemic_2020_2022,15,0.17105884201552132,0.1413432010856785,0.5,1.0,18,21,12
prewhitened_ar,ex_games_12m_pct,jp_epi_electronics_gbp_12m_pct,pandemic_2020_2022,16,-0.08840826747466735,-0.02080872218975885,1.0,1.0,18,20,12
prewhitened_ar,ex_games_12m_pct,jp_epi_electronics_gbp_12m_pct,pandemic_2020_2022,17,-0.3313330531880497,-0.3129206277002124,0.5,1.0,18,19,12
prewhitened_ar,ex_games_12m_pct,jp_epi_electronics_gbp_12m_pct,pandemic_2020_2022,18,0.2915989133167389,0.2915989133167389,0.5,1.0,18,18,12
prewhitened_ar,ex_games_12m_pct,jp_epi_electronics_gbp_12m_pct,post_2022,0,-0.15106857877141489,-0.2572983484208615,0.5,1.0,18,43,12
prewhitened_ar,ex_games_12m_pct,jp_epi_electronics_gbp_12m_pct,post_2022,1,0.2004784162269455,0.22744107838801753,0.5,1.0,18,42,12
prewhitened_ar,ex_games_12m_pct,jp_epi_electronics_gbp_12m_pct,post_2022,2,0.21337633461621636,0.2347567100081902,0.5,1.0,18,41,12
prewhitened_ar,ex_games_12m_pct,jp_epi_electronics_gbp_12m_pct,post_2022,3,0.19178375669103456,0.30685253137086954,0.5,1.0,18,40,12
prewhitened_ar,ex_games_12m_pct,jp_epi_electronics_gbp_12m_pct,post_2022,4,-0.032569615448445624,-0.2638534629958859,1.0,1.0,18,39,12
prewhitened_ar,ex_games_12m_pct,jp_epi_electronics_gbp_12m_pct,post_2022,5,0.2673887721810893,0.24641522372923427,0.5,1.0,18,38,12
prewhitened_ar,ex_games_12m_pct,jp_epi_electronics_gbp_12m_pct,post_2022,6,-0.19083322095390864,-0.387765274716701,0.5,1.0,18,37,12
prewhitened_ar,ex_games_12m_pct,jp_epi_electronics_gbp_12m_pct,post_2022,7,0.08532494619531117,0.04378552632033987,0.5,1.0,18,36,12
prewhitened_ar,ex_games_12m_pct,jp_epi_electronics_gbp_12m_pct,post_2022,8,-0.044046864791409714,-0.02441082992495988,1.0,1.0,18,35,12
prewhitened_ar,ex_games_12m_pct,jp_epi_electronics_gbp_12m_pct,post_2022,9,0.26900964075863265,0.2341614964082538,0.5,1.0,18,34,12
prewhitened_ar,ex_games_12m_pct,jp_epi_electronics_gbp_12m_pct,post_2022,10,0.06035484205860949,-0.06397759989887862,1.0,1.0,18,33,12
prewhitened_ar,ex_games_12m_pct,jp_epi_electronics_gbp_12m_pct,post_2022,11,0.14675617676153202,0.23772428829341652,0.5,1.0,18,32,12
prewhitened_ar,ex_games_12m_pct,jp_epi_electronics_gbp_12m_pct,post_2022,12,0.20890140163131274,0.19322093729189538,0.5,1.0,18,31,12
prewhitened_ar,ex_games_12m_pct,jp_epi_electronics_gbp_12m_pct,post_2022,13,-0.33160798299257205,-0.2909070593630792,0.5,1.0,18,30,12
prewhitened_ar,ex_games_12m_pct,jp_epi_electronics_gbp_12m_pct,post_2022,14,-0.37622900962156397,-0.381664275449998,0.5,1.0,18,29,12
prewhitened_ar,ex_games_12m_pct,jp_epi_electronics_gbp_12m_pct,post_2022,15,0.09204911696983581,0.14081257921362508,0.5,1.0,18,28,12
prewhitened_ar,ex_games_12m_pct,jp_epi_electronics_gbp_12m_pct,post_2022,16,0.008098889847909695,0.041788130423349806,1.0,1.0,18,27,12
prewhitened_ar,ex_games_12m_pct,jp_epi_electronics_gbp_12m_pct,post_2022,17,-0.01800091939803643,-0.015687046929166504,1.0,1.0,18,26,12
prewhitened_ar,ex_games_12m_pct,jp_epi_electronics_gbp_12m_pct,post_2022,18,0.16371451205262477,0.16371451205262477,1.0,1.0,18,25,12
prewhitened_ar,ex_games_12m_pct,kr_epi_tech_gbp_12m_pct,full,0,-0.12441866359244415,-0.20980621995640802,0.2777777777777778,1.0,18,59,12
prewhitened_ar,ex_games_12m_pct,kr_epi_tech_gbp_12m_pct,full,1,0.165858605791843,0.07817334567873692,0.7777777777777778,1.0,18,58,12
prewhitened_ar,ex_games_12m_pct,kr_epi_tech_gbp_12m_pct,full,2,-0.08094263237173265,-0.0041526649606485845,0.9444444444444444,1.0,18,57,12
prewhitened_ar,ex_games_12m_pct,kr_epi_tech_gbp_12m_pct,full,3,0.0061973941344004605,0.03315647668305563,0.9444444444444444,1.0,18,56,12
prewhitened_ar,ex_games_12m_pct,kr_epi_tech_gbp_12m_pct,full,4,-0.09858613985286628,0.014179560426578669,0.9444444444444444,1.0,18,55,12
prewhitened_ar,ex_games_12m_pct,kr_epi_tech_gbp_12m_pct,full,5,0.19766420602267853,0.17296641438055335,0.3888888888888889,1.0,18,54,12
prewhitened_ar,ex_games_12m_pct,kr_epi_tech_gbp_12m_pct,full,6,-0.14437610129794726,-0.2522088970052262,0.2222222222222222,1.0,18,53,12
prewhitened_ar,ex_games_12m_pct,kr_epi_tech_gbp_12m_pct,full,7,-0.03156997156206282,0.08395842173892538,0.6111111111111112,1.0,18,52,12
prewhitened_ar,ex_games_12m_pct,kr_epi_tech_gbp_12m_pct,full,8,0.018791117482707727,-0.0678542218567023,0.7777777777777778,1.0,18,51,12
prewhitened_ar,ex_games_12m_pct,kr_epi_tech_gbp_12m_pct,full,9,-0.07105762546089778,0.0003236918446835887,1.0,1.0,18,50,12
prewhitened_ar,ex_games_12m_pct,kr_epi_tech_gbp_12m_pct,full,10,-0.16338260679321392,-0.04762497263790111,0.6666666666666666,1.0,18,49,12
prewhitened_ar,ex_games_12m_pct,kr_epi_tech_gbp_12m_pct,full,11,0.16878906701917273,0.13733059338605894,0.2777777777777778,1.0,18,48,12
prewhitened_ar,ex_games_12m_pct,kr_epi_tech_gbp_12m_pct,full,12,-0.057962436473560267,0.02735598411512794,0.9444444444444444,1.0,18,47,12
prewhitened_ar,ex_games_12m_pct,kr_epi_tech_gbp_12m_pct,full,13,0.05641745219128762,-0.07415363260801287,0.6666666666666666,1.0,18,46,12
prewhitened_ar,ex_games_12m_pct,kr_epi_tech_gbp_12m_pct,full,14,-0.2267921664866894,-0.22782583729386352,0.2222222222222222,1.0,18,45,12
prewhitened_ar,ex_games_12m_pct,kr_epi_tech_gbp_12m_pct,full,15,0.02307544036269347,-0.010620905251226236,0.8333333333333334,1.0,18,44,12
prewhitened_ar,ex_games_12m_pct,kr_epi_tech_gbp_12m_pct,full,16,0.16937429967494377,0.16031095639783163,0.3333333333333333,1.0,18,43,12
prewhitened_ar,ex_games_12m_pct,kr_epi_tech_gbp_12m_pct,full,17,-0.18918634091211387,-0.1848850557570185,0.2222222222222222,1.0,18,42,12
prewhitened_ar,ex_games_12m_pct,kr_epi_tech_gbp_12m_pct,full,18,0.13099877190311798,0.13099877190311798,0.5555555555555556,1.0,18,41,12
prewhitened_ar,ex_games_12m_pct,kr_epi_tech_gbp_12m_pct,pandemic_2020_2022,0,-0.15178424034003782,0.11296327944672564,0.5,1.0,18,33,12
prewhitened_ar,ex_games_12m_pct,kr_epi_tech_gbp_12m_pct,pandemic_2020_2022,1,0.21986200489688676,-0.11026830958596226,1.0,1.0,18,32,12
prewhitened_ar,ex_games_12m_pct,kr_epi_tech_gbp_12m_pct,pandemic_2020_2022,2,0.13364727173968474,0.3633348120119952,0.5,1.0,18,31,12
prewhitened_ar,ex_games_12m_pct,kr_epi_tech_gbp_12m_pct,pandemic_2020_2022,3,-0.12095632716138022,-0.12408905462071346,0.5,1.0,18,30,12
prewhitened_ar,ex_games_12m_pct,kr_epi_tech_gbp_12m_pct,pandemic_2020_2022,4,0.103610034809275,0.11778355084467926,1.0,1.0,18,29,12
prewhitened_ar,ex_games_12m_pct,kr_epi_tech_gbp_12m_pct,pandemic_2020_2022,5,0.29760293324439563,0.09985816108005519,1.0,1.0,18,28,12
prewhitened_ar,ex_games_12m_pct,kr_epi_tech_gbp_12m_pct,pandemic_2020_2022,6,-0.21267172566042974,-0.06870199121491419,0.5,1.0,18,27,12
prewhitened_ar,ex_games_12m_pct,kr_epi_tech_gbp_12m_pct,pandemic_2020_2022,7,0.01370793814667144,-0.007319641215437841,1.0,1.0,18,26,12
prewhitened_ar,ex_games_12m_pct,kr_epi_tech_gbp_12m_pct,pandemic_2020_2022,8,0.05968070849745437,-0.19942013817027004,0.5,1.0,18,25,12
prewhitened_ar,ex_games_12m_pct,kr_epi_tech_gbp_12m_pct,pandemic_2020_2022,9,-0.16585501513826714,0.22066399748433813,0.5,1.0,18,24,12
prewhitened_ar,ex_games_12m_pct,kr_epi_tech_gbp_12m_pct,pandemic_2020_2022,10,-0.19202628299950986,-0.3230641588854762,0.5,1.0,18,23,12
prewhitened_ar,ex_games_12m_pct,kr_epi_tech_gbp_12m_pct,pandemic_2020_2022,11,0.2245698079306234,0.09500663654326467,1.0,1.0,18,22,12
prewhitened_ar,ex_games_12m_pct,kr_epi_tech_gbp_12m_pct,pandemic_2020_2022,12,0.23258224591633764,0.32699914703708666,0.5,1.0,18,21,12
prewhitened_ar,ex_games_12m_pct,kr_epi_tech_gbp_12m_pct,pandemic_2020_2022,13,-0.3933623071147517,-0.24538379225349868,0.5,1.0,18,20,12
prewhitened_ar,ex_games_12m_pct,kr_epi_tech_gbp_12m_pct,pandemic_2020_2022,14,0.14254751497098211,0.012803629328010232,1.0,1.0,18,19,12
prewhitened_ar,ex_games_12m_pct,kr_epi_tech_gbp_12m_pct,pandemic_2020_2022,15,-0.060244106721290484,-0.21108735514453975,1.0,1.0,18,18,12
prewhitened_ar,ex_games_12m_pct,kr_epi_tech_gbp_12m_pct,pandemic_2020_2022,16,-0.033043520626468204,0.08200622298398505,1.0,1.0,18,17,12
prewhitened_ar,ex_games_12m_pct,kr_epi_tech_gbp_12m_pct,pandemic_2020_2022,17,-0.772719768351444,-0.7665101230770054,0.5,0.5,18,16,12
prewhitened_ar,ex_games_12m_pct,kr_epi_tech_gbp_12m_pct,pandemic_2020_2022,18,0.085216025578226,0.085216025578226,1.0,1.0,18,15,12
prewhitened_ar,ex_games_12m_pct,kr_epi_tech_gbp_12m_pct,post_2022,0,-0.09973941572897443,-0.525735677742164,1.0,1.0,18,26,12
prewhitened_ar,ex_games_12m_pct,kr_epi_tech_gbp_12m_pct,post_2022,1,0.1768643291554783,-0.28825139851511317,1.0,1.0,18,25,12
prewhitened_ar,ex_games_12m_pct,kr_epi_tech_gbp_12m_pct,post_2022,2,-0.13899799595764478,-0.27381515226901226,0.5,1.0,18,24,12
prewhitened_ar,ex_games_12m_pct,kr_epi_tech_gbp_12m_pct,post_2022,3,0.17901635664439,0.5779913176161856,0.5,1.0,18,23,12
prewhitened_ar,ex_games_12m_pct,kr_epi_tech_gbp_12m_pct,post_2022,4,-0.018843809484840594,0.4544936027999829,0.5,1.0,18,22,12
prewhitened_ar,ex_games_12m_pct,kr_epi_tech_gbp_12m_pct,post_2022,5,0.41941128611978823,0.4953263889683183,0.5,1.0,18,21,12
prewhitened_ar,ex_games_12m_pct,kr_epi_tech_gbp_12m_pct,post_2022,6,-0.006100515275221059,-0.3885904169645714,0.5,1.0,18,20,12
prewhitened_ar,ex_games_12m_pct,kr_epi_tech_gbp_12m_pct,post_2022,7,-0.13089397134537586,0.022636822825108614,1.0,1.0,18,19,12
prewhitened_ar,ex_games_12m_pct,kr_epi_tech_gbp_12m_pct,post_2022,8,0.12194141557299304,-0.30727771546403854,1.0,1.0,18,18,12
prewhitened_ar,ex_games_12m_pct,kr_epi_tech_gbp_12m_pct,post_2022,9,-0.24593794003160052,-0.45897388213170065,0.5,1.0,18,17,12
prewhitened_ar,ex_games_12m_pct,kr_epi_tech_gbp_12m_pct,post_2022,10,-0.08940847345573853,0.5139606280805789,0.5,1.0,18,16,12
prewhitened_ar,ex_games_12m_pct,kr_epi_tech_gbp_12m_pct,post_2022,11,0.17700437513672101,-0.047739578266752285,1.0,1.0,18,15,12
prewhitened_ar,ex_games_12m_pct,kr_epi_tech_gbp_12m_pct,post_2022,12,-0.2020990779143438,0.010532077012244047,1.0,1.0,18,14,12
prewhitened_ar,ex_games_12m_pct,kr_epi_tech_gbp_12m_pct,post_2022,13,0.37392647957344183,-0.0034585031050396913,1.0,1.0,18,13,12
prewhitened_ar,ex_games_12m_pct,kr_epi_tech_gbp_12m_pct,post_2022,14,-0.31279745206113035,-0.3895291751727955,0.5,1.0,18,12,12
prewhitened_ar,ex_games_12m_pct,kr_epi_tech_gbp_12m_pct,post_2022,15,0.012918903946869306,-0.13537323595622164,1.0,1.0,18,11,12
prewhitened_ar,ex_games_12m_pct,kr_epi_tech_gbp_12m_pct,post_2022,16,0.5315269827282196,0.6784983279900108,0.5,0.5,18,10,12
prewhitened_ar,ex_games_12m_pct,kr_epi_tech_gbp_12m_pct,post_2022,17,0.3121130614837208,0.37571042830900897,0.5,1.0,18,9,12
prewhitened_ar,ex_games_12m_pct,kr_epi_tech_gbp_12m_pct,post_2022,18,0.15005763316383694,0.15005763316383694,1.0,1.0,18,8,12
prewhitened_ar,ex_games_12m_pct,cn_ppi_tech_gbp_12m_pct,full,0,-0.1224442201628506,-0.2596187215450679,0.2,1.0,18,46,12
prewhitened_ar,ex_games_12m_pct,cn_ppi_tech_gbp_12m_pct,full,1,0.35441928799517775,0.22384888262239216,0.2,1.0,18,45,12
prewhitened_ar,ex_games_12m_pct,cn_ppi_tech_gbp_12m_pct,full,2,0.037373501252872296,-0.023001612789417543,0.6,1.0,18,44,12
prewhitened_ar,ex_games_12m_pct,cn_ppi_tech_gbp_12m_pct,full,3,0.17551279194501293,0.23479713500503385,0.6,1.0,18,43,12
prewhitened_ar,ex_games_12m_pct,cn_ppi_tech_gbp_12m_pct,full,4,-0.11501815301324964,-0.17472283257455556,0.6,1.0,18,42,12
prewhitened_ar,ex_games_12m_pct,cn_ppi_tech_gbp_12m_pct,full,5,0.07393858167261291,0.13213590341826356,0.8,1.0,18,41,12
prewhitened_ar,ex_games_12m_pct,cn_ppi_tech_gbp_12m_pct,full,6,-0.151690461952774,-0.3793207537832688,0.2,0.2,18,40,12
prewhitened_ar,ex_games_12m_pct,cn_ppi_tech_gbp_12m_pct,full,7,0.04925571541571209,0.008318710589366198,1.0,1.0,18,39,12
prewhitened_ar,ex_games_12m_pct,cn_ppi_tech_gbp_12m_pct,full,8,0.12359556056555483,0.16316791931970095,0.6,1.0,18,38,12
prewhitened_ar,ex_games_12m_pct,cn_ppi_tech_gbp_12m_pct,full,9,0.18878548946974905,0.17531999462993625,0.2,1.0,18,37,12
prewhitened_ar,ex_games_12m_pct,cn_ppi_tech_gbp_12m_pct,full,10,0.3497538587506267,0.31826110900069815,0.2,0.8,18,36,12
prewhitened_ar,ex_games_12m_pct,cn_ppi_tech_gbp_12m_pct,full,11,0.09087360909036422,0.11596474741110635,0.8,1.0,18,35,12
prewhitened_ar,ex_games_12m_pct,cn_ppi_tech_gbp_12m_pct,full,12,0.15216066247431068,0.07395246826443536,0.8,1.0,18,34,12
prewhitened_ar,ex_games_12m_pct,cn_ppi_tech_gbp_12m_pct,full,13,-0.05988479085152387,-0.033914972679905245,0.8,1.0,18,33,12
prewhitened_ar,ex_games_12m_pct,cn_ppi_tech_gbp_12m_pct,full,14,-0.23731060758336633,-0.1905948363708597,0.2,1.0,18,32,12
prewhitened_ar,ex_games_12m_pct,cn_ppi_tech_gbp_12m_pct,full,15,0.16338209095002137,0.15710047416159947,0.4,1.0,18,31,12
prewhitened_ar,ex_games_12m_pct,cn_ppi_tech_gbp_12m_pct,full,16,0.08224584340926662,0.06820990281672207,0.8,1.0,18,30,12
prewhitened_ar,ex_games_12m_pct,cn_ppi_tech_gbp_12m_pct,full,17,-0.19751200987079404,-0.19985386074674966,0.4,1.0,18,29,12
prewhitened_ar,ex_games_12m_pct,cn_ppi_tech_gbp_12m_pct,full,18,0.10415634285384724,0.10415634285384724,0.8,1.0,18,28,12
prewhitened_ar,ex_games_12m_pct,cn_ppi_tech_gbp_12m_pct,post_2022,0,-0.10675974818721652,-0.24748082854553194,1.0,1.0,18,36,12
prewhitened_ar,ex_games_12m_pct,cn_ppi_tech_gbp_12m_pct,post_2022,1,0.34730296430201724,0.17658732977530406,0.5,1.0,18,35,12
prewhitened_ar,ex_games_12m_pct,cn_ppi_tech_gbp_12m_pct,post_2022,2,0.042328188170549126,-0.005868851883071117,1.0,1.0,18,34,12
prewhitened_ar,ex_games_12m_pct,cn_ppi_tech_gbp_12m_pct,post_2022,3,0.21223466906208746,0.3550966093294436,0.5,1.0,18,33,12
prewhitened_ar,ex_games_12m_pct,cn_ppi_tech_gbp_12m_pct,post_2022,4,-0.0851579549488363,-0.08337921630022059,1.0,1.0,18,32,12
prewhitened_ar,ex_games_12m_pct,cn_ppi_tech_gbp_12m_pct,post_2022,5,0.14996754524706887,0.3301006061638167,0.5,1.0,18,31,12
prewhitened_ar,ex_games_12m_pct,cn_ppi_tech_gbp_12m_pct,post_2022,6,-0.17842485949446457,-0.4636331064303557,0.5,0.5,18,30,12
prewhitened_ar,ex_games_12m_pct,cn_ppi_tech_gbp_12m_pct,post_2022,7,0.030837644768957968,0.01740779668824995,1.0,1.0,18,29,12
prewhitened_ar,ex_games_12m_pct,cn_ppi_tech_gbp_12m_pct,post_2022,8,-0.04856914822998179,-0.013533656272363718,0.5,1.0,18,28,12
prewhitened_ar,ex_games_12m_pct,cn_ppi_tech_gbp_12m_pct,post_2022,9,0.03719774102205256,-0.005737629979763233,1.0,1.0,18,27,12
prewhitened_ar,ex_games_12m_pct,cn_ppi_tech_gbp_12m_pct,post_2022,10,0.3939962034703413,0.3838406491078858,1.0,1.0,18,26,12
prewhitened_ar,ex_games_12m_pct,cn_ppi_tech_gbp_12m_pct,post_2022,11,-0.10041395103772531,-0.09182196197734227,1.0,1.0,18,25,12
prewhitened_ar,ex_games_12m_pct,cn_ppi_tech_gbp_12m_pct,post_2022,12,0.1727285728602252,0.07695612538779029,0.5,1.0,18,24,12
prewhitened_ar,ex_games_12m_pct,cn_ppi_tech_gbp_12m_pct,post_2022,13,-0.19573799377452103,-0.16008209332518267,1.0,1.0,18,23,12
prewhitened_ar,ex_games_12m_pct,cn_ppi_tech_gbp_12m_pct,post_2022,14,-0.17711981924945466,-0.08742313689680928,0.5,1.0,18,22,12
prewhitened_ar,ex_games_12m_pct,cn_ppi_tech_gbp_12m_pct,post_2022,15,0.06038987803368917,0.031186490525339484,1.0,1.0,18,21,12
prewhitened_ar,ex_games_12m_pct,cn_ppi_tech_gbp_12m_pct,post_2022,16,0.15834800427589715,0.139538633831721,0.5,1.0,18,20,12
prewhitened_ar,ex_games_12m_pct,cn_ppi_tech_gbp_12m_pct,post_2022,17,-0.33618257467207374,-0.33831591600548283,0.5,1.0,18,19,12
prewhitened_ar,ex_games_12m_pct,cn_ppi_tech_gbp_12m_pct,post_2022,18,0.0515826830055524,0.0515826830055524,0.5,1.0,18,18,12
prewhitened_ar,ex_games_12m_pct,tw_epi_integrated_circuits_gbp_12m_pct,full,0,0.05575589985433693,0.04853693132462179,0.6621621621621622,1.0,18,115,12
prewhitened_ar,ex_games_12m_pct,tw_epi_integrated_circuits_gbp_12m_pct,full,1,0.18735243070210647,0.11539874130274899,0.33783783783783783,1.0,18,114,12
prewhitened_ar,ex_games_12m_pct,tw_epi_integrated_circuits_gbp_12m_pct,full,2,0.14227086414381196,0.10937620716798283,0.4189189189189189,1.0,18,113,12
prewhitened_ar,ex_games_12m_pct,tw_epi_integrated_circuits_gbp_12m_pct,full,3,0.038131388976235754,0.0019690472249575238,0.9594594594594594,1.0,18,112,12
prewhitened_ar,ex_games_12m_pct,tw_epi_integrated_circuits_gbp_12m_pct,full,4,-0.050930160833381345,-0.11274963399068975,0.43243243243243246,1.0,18,111,12
prewhitened_ar,ex_games_12m_pct,tw_epi_integrated_circuits_gbp_12m_pct,full,5,0.11616663097106607,0.08350095401039286,0.5675675675675675,1.0,18,110,12
prewhitened_ar,ex_games_12m_pct,tw_epi_integrated_circuits_gbp_12m_pct,full,6,-0.02154798356956571,-0.04808398685001682,0.7027027027027027,1.0,18,109,12
prewhitened_ar,ex_games_12m_pct,tw_epi_integrated_circuits_gbp_12m_pct,full,7,0.09536338326717553,0.11157485163093413,0.3918918918918919,1.0,18,108,12
prewhitened_ar,ex_games_12m_pct,tw_epi_integrated_circuits_gbp_12m_pct,full,8,-0.04098296141119496,-0.02156793210514794,0.8783783783783784,1.0,18,107,12
prewhitened_ar,ex_games_12m_pct,tw_epi_integrated_circuits_gbp_12m_pct,full,9,0.12912080795306288,0.13152331633027461,0.2972972972972973,1.0,18,106,12
prewhitened_ar,ex_games_12m_pct,tw_epi_integrated_circuits_gbp_12m_pct,full,10,0.060780105232499104,0.029428032244661787,0.8783783783783784,1.0,18,105,12
prewhitened_ar,ex_games_12m_pct,tw_epi_integrated_circuits_gbp_12m_pct,full,11,0.1855973550427554,0.14647808733241627,0.20270270270270271,0.9054054054054054,18,104,12
prewhitened_ar,ex_games_12m_pct,tw_epi_integrated_circuits_gbp_12m_pct,full,12,0.07333261970837901,0.09286456471991389,0.44594594594594594,1.0,18,103,12
prewhitened_ar,ex_games_12m_pct,tw_epi_integrated_circuits_gbp_12m_pct,full,13,-0.023772726601397967,-0.03293500285485659,0.7162162162162162,1.0,18,102,12
prewhitened_ar,ex_games_12m_pct,tw_epi_integrated_circuits_gbp_12m_pct,full,14,-0.12147359559306234,-0.09248530619569761,0.4594594594594595,1.0,18,101,12
prewhitened_ar,ex_games_12m_pct,tw_epi_integrated_circuits_gbp_12m_pct,full,15,0.0545091482770429,0.06899951935466718,0.5675675675675675,1.0,18,100,12
prewhitened_ar,ex_games_12m_pct,tw_epi_integrated_circuits_gbp_12m_pct,full,16,0.05783439910119218,0.07901721513912689,0.4864864864864865,1.0,18,99,12
prewhitened_ar,ex_games_12m_pct,tw_epi_integrated_circuits_gbp_12m_pct,full,17,-0.02590854494773196,-0.015182317026839576,0.8783783783783784,1.0,18,98,12
prewhitened_ar,ex_games_12m_pct,tw_epi_integrated_circuits_gbp_12m_pct,full,18,0.17721769983193342,0.17721769983193342,0.16216216216216217,0.8513513513513513,18,97,12
prewhitened_ar,ex_games_12m_pct,tw_epi_integrated_circuits_gbp_12m_pct,pre_2020,0,0.2588997852657693,0.16534383201048325,1.0,1.0,18,36,12
prewhitened_ar,ex_games_12m_pct,tw_epi_integrated_circuits_gbp_12m_pct,pre_2020,1,0.059820106045235515,-0.11407381944554655,1.0,1.0,18,35,12
prewhitened_ar,ex_games_12m_pct,tw_epi_integrated_circuits_gbp_12m_pct,pre_2020,2,0.14619567574725584,0.09599268635184825,1.0,1.0,18,34,12
prewhitened_ar,ex_games_12m_pct,tw_epi_integrated_circuits_gbp_12m_pct,pre_2020,3,-0.0852207374127478,-0.1758718724703686,0.5,1.0,18,33,12
prewhitened_ar,ex_games_12m_pct,tw_epi_integrated_circuits_gbp_12m_pct,pre_2020,4,0.011102308304531173,0.04880158242494959,1.0,1.0,18,32,12
prewhitened_ar,ex_games_12m_pct,tw_epi_integrated_circuits_gbp_12m_pct,pre_2020,5,0.13849753068520362,0.3513933652746985,1.0,1.0,18,31,12
prewhitened_ar,ex_games_12m_pct,tw_epi_integrated_circuits_gbp_12m_pct,pre_2020,6,0.11742468553136955,-0.06446111765282461,1.0,1.0,18,30,12
prewhitened_ar,ex_games_12m_pct,tw_epi_integrated_circuits_gbp_12m_pct,pre_2020,7,0.32739803208559487,0.40856316819732535,0.5,1.0,18,29,12
prewhitened_ar,ex_games_12m_pct,tw_epi_integrated_circuits_gbp_12m_pct,pre_2020,8,-0.08124255262342639,-0.03827566693284052,1.0,1.0,18,28,12
prewhitened_ar,ex_games_12m_pct,tw_epi_integrated_circuits_gbp_12m_pct,pre_2020,9,-0.005027167847959795,-0.15153849449666293,0.5,1.0,18,27,12
prewhitened_ar,ex_games_12m_pct,tw_epi_integrated_circuits_gbp_12m_pct,pre_2020,10,-0.030053256126846905,-0.20147110054239137,0.5,1.0,18,26,12
prewhitened_ar,ex_games_12m_pct,tw_epi_integrated_circuits_gbp_12m_pct,pre_2020,11,-0.181081288198978,-0.36770254742101505,0.5,1.0,18,25,12
prewhitened_ar,ex_games_12m_pct,tw_epi_integrated_circuits_gbp_12m_pct,pre_2020,12,-0.04291468349279712,0.08384274590889526,1.0,1.0,18,24,12
prewhitened_ar,ex_games_12m_pct,tw_epi_integrated_circuits_gbp_12m_pct,pre_2020,13,0.08132272260562552,0.11806672349378608,1.0,1.0,18,23,12
prewhitened_ar,ex_games_12m_pct,tw_epi_integrated_circuits_gbp_12m_pct,pre_2020,14,-0.11724951633575567,-0.2910720979011753,0.5,1.0,18,22,12
prewhitened_ar,ex_games_12m_pct,tw_epi_integrated_circuits_gbp_12m_pct,pre_2020,15,0.004699445498320728,0.018895049885703605,1.0,1.0,18,21,12
prewhitened_ar,ex_games_12m_pct,tw_epi_integrated_circuits_gbp_12m_pct,pre_2020,16,-0.1734206042874723,-0.19552612832865063,1.0,1.0,18,20,12
prewhitened_ar,ex_games_12m_pct,tw_epi_integrated_circuits_gbp_12m_pct,pre_2020,17,-0.16386606499944617,-0.22248790879107214,1.0,1.0,18,19,12
prewhitened_ar,ex_games_12m_pct,tw_epi_integrated_circuits_gbp_12m_pct,pre_2020,18,-0.016822940270978536,-0.016822940270978536,0.5,1.0,18,18,12
prewhitened_ar,ex_games_12m_pct,tw_epi_integrated_circuits_gbp_12m_pct,pandemic_2020_2022,0,0.0549975612300794,0.14935476751817486,1.0,1.0,18,36,12
prewhitened_ar,ex_games_12m_pct,tw_epi_integrated_circuits_gbp_12m_pct,pandemic_2020_2022,1,-0.0013373734561307078,-0.34160681321400355,0.5,1.0,18,35,12
prewhitened_ar,ex_games_12m_pct,tw_epi_integrated_circuits_gbp_12m_pct,pandemic_2020_2022,2,-0.004663715342579371,0.06468979983287924,1.0,1.0,18,34,12
prewhitened_ar,ex_games_12m_pct,tw_epi_integrated_circuits_gbp_12m_pct,pandemic_2020_2022,3,-0.2255579912940778,-0.08231074825167606,0.5,1.0,18,33,12
prewhitened_ar,ex_games_12m_pct,tw_epi_integrated_circuits_gbp_12m_pct,pandemic_2020_2022,4,-0.07350879037429532,0.011702653861026535,1.0,1.0,18,32,12
prewhitened_ar,ex_games_12m_pct,tw_epi_integrated_circuits_gbp_12m_pct,pandemic_2020_2022,5,0.038937406582342446,0.016547976635639013,1.0,1.0,18,31,12
prewhitened_ar,ex_games_12m_pct,tw_epi_integrated_circuits_gbp_12m_pct,pandemic_2020_2022,6,-0.06542785117687469,0.13821168123607688,0.5,1.0,18,30,12
prewhitened_ar,ex_games_12m_pct,tw_epi_integrated_circuits_gbp_12m_pct,pandemic_2020_2022,7,-0.36172538767766454,-0.35066669834587155,0.5,1.0,18,29,12
prewhitened_ar,ex_games_12m_pct,tw_epi_integrated_circuits_gbp_12m_pct,pandemic_2020_2022,8,-0.12462797872432861,-0.13274499844321389,1.0,1.0,18,28,12
prewhitened_ar,ex_games_12m_pct,tw_epi_integrated_circuits_gbp_12m_pct,pandemic_2020_2022,9,-0.11618558118507394,0.050833196061436346,1.0,1.0,18,27,12
prewhitened_ar,ex_games_12m_pct,tw_epi_integrated_circuits_gbp_12m_pct,pandemic_2020_2022,10,-0.29997620596348507,-0.38180255707355915,0.5,1.0,18,26,12
prewhitened_ar,ex_games_12m_pct,tw_epi_integrated_circuits_gbp_12m_pct,pandemic_2020_2022,11,0.3985134716942633,0.45496863884352057,0.5,1.0,18,25,12
prewhitened_ar,ex_games_12m_pct,tw_epi_integrated_circuits_gbp_12m_pct,pandemic_2020_2022,12,0.042216498241822976,0.2045560064731231,0.5,1.0,18,24,12
prewhitened_ar,ex_games_12m_pct,tw_epi_integrated_circuits_gbp_12m_pct,pandemic_2020_2022,13,-0.29555761509646644,-0.17901010078528745,1.0,1.0,18,23,12
prewhitened_ar,ex_games_12m_pct,tw_epi_integrated_circuits_gbp_12m_pct,pandemic_2020_2022,14,-0.039170261210028416,-0.04767146716111208,1.0,1.0,18,22,12
prewhitened_ar,ex_games_12m_pct,tw_epi_integrated_circuits_gbp_12m_pct,pandemic_2020_2022,15,0.16679862751434504,0.1263937586273089,0.5,1.0,18,21,12
prewhitened_ar,ex_games_12m_pct,tw_epi_integrated_circuits_gbp_12m_pct,pandemic_2020_2022,16,-0.03300519117738853,0.02203092778976704,1.0,1.0,18,20,12
prewhitened_ar,ex_games_12m_pct,tw_epi_integrated_circuits_gbp_12m_pct,pandemic_2020_2022,17,-0.28761695044727126,-0.26338081765991445,0.5,1.0,18,19,12
prewhitened_ar,ex_games_12m_pct,tw_epi_integrated_circuits_gbp_12m_pct,pandemic_2020_2022,18,0.2119121222969596,0.2119121222969596,0.5,1.0,18,18,12
prewhitened_ar,ex_games_12m_pct,tw_epi_integrated_circuits_gbp_12m_pct,post_2022,0,-0.10396545551150983,-0.27635119399676455,0.5,1.0,18,43,12
prewhitened_ar,ex_games_12m_pct,tw_epi_integrated_circuits_gbp_12m_pct,post_2022,1,0.36678736426909203,0.2599263282146674,0.5,1.0,18,42,12
prewhitened_ar,ex_games_12m_pct,tw_epi_integrated_circuits_gbp_12m_pct,post_2022,2,0.2351336787842577,0.1874923515944498,0.5,1.0,18,41,12
prewhitened_ar,ex_games_12m_pct,tw_epi_integrated_circuits_gbp_12m_pct,post_2022,3,0.3097461164704095,0.3696271155110236,0.5,0.5,18,40,12
prewhitened_ar,ex_games_12m_pct,tw_epi_integrated_circuits_gbp_12m_pct,post_2022,4,-0.0032185996075849406,-0.18759500535412985,1.0,1.0,18,39,12
prewhitened_ar,ex_games_12m_pct,tw_epi_integrated_circuits_gbp_12m_pct,post_2022,5,0.195753025881302,0.13068598044771967,0.5,1.0,18,38,12
prewhitened_ar,ex_games_12m_pct,tw_epi_integrated_circuits_gbp_12m_pct,post_2022,6,-0.2535997319014601,-0.4036466890294476,0.5,0.5,18,37,12
prewhitened_ar,ex_games_12m_pct,tw_epi_integrated_circuits_gbp_12m_pct,post_2022,7,-0.071536254673191,-0.05955648736464507,1.0,1.0,18,36,12
prewhitened_ar,ex_games_12m_pct,tw_epi_integrated_circuits_gbp_12m_pct,post_2022,8,-0.21796511035009178,-0.18425888162662335,0.5,1.0,18,35,12
prewhitened_ar,ex_games_12m_pct,tw_epi_integrated_circuits_gbp_12m_pct,post_2022,9,0.20510741246237923,0.2585461454804402,0.5,1.0,18,34,12
prewhitened_ar,ex_games_12m_pct,tw_epi_integrated_circuits_gbp_12m_pct,post_2022,10,0.26884953567609265,0.2453586366397368,0.5,1.0,18,33,12
prewhitened_ar,ex_games_12m_pct,tw_epi_integrated_circuits_gbp_12m_pct,post_2022,11,0.2598778856085336,0.15082674252416167,0.5,1.0,18,32,12
prewhitened_ar,ex_games_12m_pct,tw_epi_integrated_circuits_gbp_12m_pct,post_2022,12,0.026600060328995583,0.1079580981489761,1.0,1.0,18,31,12
prewhitened_ar,ex_games_12m_pct,tw_epi_integrated_circuits_gbp_12m_pct,post_2022,13,-0.058654821787032144,-0.07377774354602967,1.0,1.0,18,30,12
prewhitened_ar,ex_games_12m_pct,tw_epi_integrated_circuits_gbp_12m_pct,post_2022,14,-0.27933072796301933,-0.18368904871134956,0.5,1.0,18,29,12
prewhitened_ar,ex_games_12m_pct,tw_epi_integrated_circuits_gbp_12m_pct,post_2022,15,-0.12054930014158603,-0.061407021140585404,0.5,1.0,18,28,12
prewhitened_ar,ex_games_12m_pct,tw_epi_integrated_circuits_gbp_12m_pct,post_2022,16,0.019376603257698237,0.10864615644792464,1.0,1.0,18,27,12
prewhitened_ar,ex_games_12m_pct,tw_epi_integrated_circuits_gbp_12m_pct,post_2022,17,-0.03709274046595892,0.011230296699278233,1.0,1.0,18,26,12
prewhitened_ar,ex_games_12m_pct,tw_epi_integrated_circuits_gbp_12m_pct,post_2022,18,0.438232034221357,0.438232034221357,0.5,0.5,18,25,12
prewhitened_ar,ex_games_12m_pct,hk_ppi_tech_gbp_12m_pct,full,0,-0.04652904686342058,-0.038759109115053626,0.7027027027027027,1.0,18,115,12
prewhitened_ar,ex_games_12m_pct,hk_ppi_tech_gbp_12m_pct,full,1,-0.18312627251379696,-0.13534958445832646,0.2972972972972973,0.9594594594594594,18,114,12
prewhitened_ar,ex_games_12m_pct,hk_ppi_tech_gbp_12m_pct,full,2,-0.07568195913875941,-0.049602010050828774,0.6891891891891891,1.0,18,113,12
prewhitened_ar,ex_games_12m_pct,hk_ppi_tech_gbp_12m_pct,full,3,0.0016147916240274152,0.044240206449895986,0.7162162162162162,1.0,18,112,12
prewhitened_ar,ex_games_12m_pct,hk_ppi_tech_gbp_12m_pct,full,4,0.2164967271188683,0.10631961132337939,0.4594594594594595,1.0,18,111,12
prewhitened_ar,ex_games_12m_pct,hk_ppi_tech_gbp_12m_pct,full,5,0.07218297062258118,0.13420131990824744,0.32432432432432434,0.9594594594594594,18,110,12
prewhitened_ar,ex_games_12m_pct,hk_ppi_tech_gbp_12m_pct,full,6,0.02654260033993977,-0.006578632921134063,0.9594594594594594,1.0,18,109,12
prewhitened_ar,ex_games_12m_pct,hk_ppi_tech_gbp_12m_pct,full,7,-0.000796045609105059,0.01663237461394934,0.9054054054054054,1.0,18,108,12
prewhitened_ar,ex_games_12m_pct,hk_ppi_tech_gbp_12m_pct,full,8,-0.0270842921935713,-0.07337246770872165,0.527027027027027,1.0,18,107,12
prewhitened_ar,ex_games_12m_pct,hk_ppi_tech_gbp_12m_pct,full,9,-0.08208619656378568,-0.028902792268423814,0.8378378378378378,1.0,18,106,12
prewhitened_ar,ex_games_12m_pct,hk_ppi_tech_gbp_12m_pct,full,10,-0.15325016564857513,-0.09457005132034885,0.43243243243243246,1.0,18,105,12
prewhitened_ar,ex_games_12m_pct,hk_ppi_tech_gbp_12m_pct,full,11,0.04230729666336646,0.025592808439261094,0.8108108108108109,1.0,18,104,12
prewhitened_ar,ex_games_12m_pct,hk_ppi_tech_gbp_12m_pct,full,12,-0.0876686523094919,-0.06528997228442984,0.5540540540540541,1.0,18,103,12
prewhitened_ar,ex_games_12m_pct,hk_ppi_tech_gbp_12m_pct,full,13,0.26056073226814624,0.22923859128160645,0.0945945945945946,0.6081081081081081,18,102,12
prewhitened_ar,ex_games_12m_pct,hk_ppi_tech_gbp_12m_pct,full,14,-0.02305237000468458,-0.017635692353097737,0.8243243243243243,1.0,18,101,12
prewhitened_ar,ex_games_12m_pct,hk_ppi_tech_gbp_12m_pct,full,15,0.01847322946468142,-0.00010521542484981066,1.0,1.0,18,100,12
prewhitened_ar,ex_games_12m_pct,hk_ppi_tech_gbp_12m_pct,full,16,-0.25991425445954475,-0.28187102107241946,0.08108108108108109,0.5135135135135135,18,99,12
prewhitened_ar,ex_games_12m_pct,hk_ppi_tech_gbp_12m_pct,full,17,-0.07150081722606053,-0.06991664229828291,0.5,1.0,18,98,12
prewhitened_ar,ex_games_12m_pct,hk_ppi_tech_gbp_12m_pct,full,18,0.010122906273753328,0.010122906273753328,0.918918918918919,1.0,18,97,12
prewhitened_ar,ex_games_12m_pct,hk_ppi_tech_gbp_12m_pct,pre_2020,0,0.12752464000178457,0.25119370991342943,1.0,1.0,18,36,12
prewhitened_ar,ex_games_12m_pct,hk_ppi_tech_gbp_12m_pct,pre_2020,1,0.05332411470419332,0.0017742667244391363,1.0,1.0,18,35,12
prewhitened_ar,ex_games_12m_pct,hk_ppi_tech_gbp_12m_pct,pre_2020,2,0.19912756053534447,0.1464755360287358,1.0,1.0,18,34,12
prewhitened_ar,ex_games_12m_pct,hk_ppi_tech_gbp_12m_pct,pre_2020,3,0.17669628052765096,0.002497906566128757,1.0,1.0,18,33,12
prewhitened_ar,ex_games_12m_pct,hk_ppi_tech_gbp_12m_pct,pre_2020,4,-0.05891157559790578,-0.18706766036969666,0.5,1.0,18,32,12
prewhitened_ar,ex_games_12m_pct,hk_ppi_tech_gbp_12m_pct,pre_2020,5,-0.008349364943594626,-0.001211432853105768,1.0,1.0,18,31,12
prewhitened_ar,ex_games_12m_pct,hk_ppi_tech_gbp_12m_pct,pre_2020,6,-0.10851990842274065,0.05368321869496582,1.0,1.0,18,30,12
prewhitened_ar,ex_games_12m_pct,hk_ppi_tech_gbp_12m_pct,pre_2020,7,-0.061580570564083684,0.013492777537597537,1.0,1.0,18,29,12
prewhitened_ar,ex_games_12m_pct,hk_ppi_tech_gbp_12m_pct,pre_2020,8,-0.1010948841251617,-0.12549417694248854,1.0,1.0,18,28,12
prewhitened_ar,ex_games_12m_pct,hk_ppi_tech_gbp_12m_pct,pre_2020,9,-0.018366375430553583,0.024154548248286944,0.5,1.0,18,27,12
prewhitened_ar,ex_games_12m_pct,hk_ppi_tech_gbp_12m_pct,pre_2020,10,0.09878660985017049,0.21462058518744867,1.0,1.0,18,26,12
prewhitened_ar,ex_games_12m_pct,hk_ppi_tech_gbp_12m_pct,pre_2020,11,-0.2042619645672548,-0.24807328071097234,0.5,1.0,18,25,12
prewhitened_ar,ex_games_12m_pct,hk_ppi_tech_gbp_12m_pct,pre_2020,12,-0.31554620656966526,-0.4062839439914101,0.5,1.0,18,24,12
prewhitened_ar,ex_games_12m_pct,hk_ppi_tech_gbp_12m_pct,pre_2020,13,0.12228788504384505,0.28861021990017216,0.5,1.0,18,23,12
prewhitened_ar,ex_games_12m_pct,hk_ppi_tech_gbp_12m_pct,pre_2020,14,-0.08652339448404205,0.1252316248322045,1.0,1.0,18,22,12
prewhitened_ar,ex_games_12m_pct,hk_ppi_tech_gbp_12m_pct,pre_2020,15,-0.09815891963786633,0.20278130128044033,0.5,1.0,18,21,12
prewhitened_ar,ex_games_12m_pct,hk_ppi_tech_gbp_12m_pct,pre_2020,16,0.20708676652021726,0.34533738327368035,0.5,1.0,18,20,12
prewhitened_ar,ex_games_12m_pct,hk_ppi_tech_gbp_12m_pct,pre_2020,17,0.15568176844200926,0.2316349984016277,1.0,1.0,18,19,12
prewhitened_ar,ex_games_12m_pct,hk_ppi_tech_gbp_12m_pct,pre_2020,18,0.2000308090644086,0.2000308090644086,1.0,1.0,18,18,12
prewhitened_ar,ex_games_12m_pct,hk_ppi_tech_gbp_12m_pct,pandemic_2020_2022,0,-0.3075747822487299,-0.33006198024013456,0.5,1.0,18,36,12
prewhitened_ar,ex_games_12m_pct,hk_ppi_tech_gbp_12m_pct,pandemic_2020_2022,1,0.22822919623241741,0.3104765843422389,0.5,1.0,18,35,12
prewhitened_ar,ex_games_12m_pct,hk_ppi_tech_gbp_12m_pct,pandemic_2020_2022,2,-0.08275695184119776,0.01413552498949723,1.0,1.0,18,34,12
prewhitened_ar,ex_games_12m_pct,hk_ppi_tech_gbp_12m_pct,pandemic_2020_2022,3,-0.0018049310208619574,0.019882597068428983,1.0,1.0,18,33,12
prewhitened_ar,ex_games_12m_pct,hk_ppi_tech_gbp_12m_pct,pandemic_2020_2022,4,-0.20340683658614564,-0.3490382680893537,0.5,1.0,18,32,12
prewhitened_ar,ex_games_12m_pct,hk_ppi_tech_gbp_12m_pct,pandemic_2020_2022,5,-0.11317471519661626,-0.13071057926235186,1.0,1.0,18,31,12
prewhitened_ar,ex_games_12m_pct,hk_ppi_tech_gbp_12m_pct,pandemic_2020_2022,6,-0.09293840240557338,0.025545108683996974,1.0,1.0,18,30,12
prewhitened_ar,ex_games_12m_pct,hk_ppi_tech_gbp_12m_pct,pandemic_2020_2022,7,0.3354921330128099,0.30144532876338476,0.5,1.0,18,29,12
prewhitened_ar,ex_games_12m_pct,hk_ppi_tech_gbp_12m_pct,pandemic_2020_2022,8,0.21540536090422308,0.4081982416514816,0.5,1.0,18,28,12
prewhitened_ar,ex_games_12m_pct,hk_ppi_tech_gbp_12m_pct,pandemic_2020_2022,9,-0.3435761125332993,-0.3910490891522415,0.5,1.0,18,27,12
prewhitened_ar,ex_games_12m_pct,hk_ppi_tech_gbp_12m_pct,pandemic_2020_2022,10,-0.08959028992625291,-0.05065511513439163,1.0,1.0,18,26,12
prewhitened_ar,ex_games_12m_pct,hk_ppi_tech_gbp_12m_pct,pandemic_2020_2022,11,0.0715389358466423,0.05696838292506743,1.0,1.0,18,25,12
prewhitened_ar,ex_games_12m_pct,hk_ppi_tech_gbp_12m_pct,pandemic_2020_2022,12,0.12947005442661277,0.1519718158214119,0.5,1.0,18,24,12
prewhitened_ar,ex_games_12m_pct,hk_ppi_tech_gbp_12m_pct,pandemic_2020_2022,13,0.060058301497627364,0.027309825240872308,1.0,1.0,18,23,12
prewhitened_ar,ex_games_12m_pct,hk_ppi_tech_gbp_12m_pct,pandemic_2020_2022,14,-0.022439465532897156,-0.009054032841959886,1.0,1.0,18,22,12
prewhitened_ar,ex_games_12m_pct,hk_ppi_tech_gbp_12m_pct,pandemic_2020_2022,15,0.07362611300599113,0.10918969675653166,1.0,1.0,18,21,12
prewhitened_ar,ex_games_12m_pct,hk_ppi_tech_gbp_12m_pct,pandemic_2020_2022,16,-0.020609535607451483,-0.013176946339753113,1.0,1.0,18,20,12
prewhitened_ar,ex_games_12m_pct,hk_ppi_tech_gbp_12m_pct,pandemic_2020_2022,17,0.32126302839719056,0.33737170003180594,0.5,1.0,18,19,12
prewhitened_ar,ex_games_12m_pct,hk_ppi_tech_gbp_12m_pct,pandemic_2020_2022,18,0.13009705946868955,0.13009705946868955,1.0,1.0,18,18,12
prewhitened_ar,ex_games_12m_pct,hk_ppi_tech_gbp_12m_pct,post_2022,0,-0.01321086224010829,0.05557972038375409,1.0,1.0,18,43,12
prewhitened_ar,ex_games_12m_pct,hk_ppi_tech_gbp_12m_pct,post_2022,1,-0.4023274608838033,-0.5374141063449726,0.5,0.5,18,42,12
prewhitened_ar,ex_games_12m_pct,hk_ppi_tech_gbp_12m_pct,post_2022,2,-0.21135717696209425,-0.25174100051744625,0.5,1.0,18,41,12
prewhitened_ar,ex_games_12m_pct,hk_ppi_tech_gbp_12m_pct,post_2022,3,-0.12701367373760197,-0.12047299584160549,1.0,1.0,18,40,12
prewhitened_ar,ex_games_12m_pct,hk_ppi_tech_gbp_12m_pct,post_2022,4,0.46053293091834396,0.33462910565526205,0.5,1.0,18,39,12
prewhitened_ar,ex_games_12m_pct,hk_ppi_tech_gbp_12m_pct,post_2022,5,0.16466091377737888,0.3998384695732769,0.5,1.0,18,38,12
prewhitened_ar,ex_games_12m_pct,hk_ppi_tech_gbp_12m_pct,post_2022,6,0.07392202107262494,-0.01587672783122009,1.0,1.0,18,37,12
prewhitened_ar,ex_games_12m_pct,hk_ppi_tech_gbp_12m_pct,post_2022,7,0.004487905520377034,0.032994138072576694,1.0,1.0,18,36,12
prewhitened_ar,ex_games_12m_pct,hk_ppi_tech_gbp_12m_pct,post_2022,8,-0.11664701876814507,-0.31761450096325733,0.5,1.0,18,35,12
prewhitened_ar,ex_games_12m_pct,hk_ppi_tech_gbp_12m_pct,post_2022,9,-0.04957930416976356,0.1269248410818808,0.5,1.0,18,34,12
prewhitened_ar,ex_games_12m_pct,hk_ppi_tech_gbp_12m_pct,post_2022,10,-0.3298943540697598,-0.23190342403368192,1.0,1.0,18,33,12
prewhitened_ar,ex_games_12m_pct,hk_ppi_tech_gbp_12m_pct,post_2022,11,0.142263131797016,0.10474329226503941,1.0,1.0,18,32,12
prewhitened_ar,ex_games_12m_pct,hk_ppi_tech_gbp_12m_pct,post_2022,12,-0.2364813535691313,-0.2394450851508619,1.0,1.0,18,31,12
prewhitened_ar,ex_games_12m_pct,hk_ppi_tech_gbp_12m_pct,post_2022,13,0.5068045497844729,0.4395499194264781,0.5,0.5,18,30,12
prewhitened_ar,ex_games_12m_pct,hk_ppi_tech_gbp_12m_pct,post_2022,14,0.12118185753395447,0.12890500292643792,1.0,1.0,18,29,12
prewhitened_ar,ex_games_12m_pct,hk_ppi_tech_gbp_12m_pct,post_2022,15,0.07695103735277901,0.006892945893567924,1.0,1.0,18,28,12
prewhitened_ar,ex_games_12m_pct,hk_ppi_tech_gbp_12m_pct,post_2022,16,-0.44812399852704726,-0.5637546238529448,0.5,0.5,18,27,12
prewhitened_ar,ex_games_12m_pct,hk_ppi_tech_gbp_12m_pct,post_2022,17,-0.32006974132070987,-0.3211424776304049,0.5,1.0,18,26,12
prewhitened_ar,ex_games_12m_pct,hk_ppi_tech_gbp_12m_pct,post_2022,18,-0.04488822031514565,-0.04488822031514565,1.0,1.0,18,25,12
prewhitened_ar,ex_games_12m_pct,oecd_asia_c26_targeted_gbp_12m_pct,full,0,-0.06684726575747214,-0.16799583991620615,0.5,1.0,18,35,12
prewhitened_ar,ex_games_12m_pct,oecd_asia_c26_targeted_gbp_12m_pct,full,1,0.17832237647310387,0.40692423297049923,0.5,1.0,18,34,12
prewhitened_ar,ex_games_12m_pct,oecd_asia_c26_targeted_gbp_12m_pct,full,2,-0.015015159735703611,0.07200159087720527,1.0,1.0,18,33,12
prewhitened_ar,ex_games_12m_pct,oecd_asia_c26_targeted_gbp_12m_pct,full,3,0.24012384096595413,0.32330005564506764,0.5,1.0,18,32,12
prewhitened_ar,ex_games_12m_pct,oecd_asia_c26_targeted_gbp_12m_pct,full,4,-0.17951018330367097,-0.2677741955885466,1.0,1.0,18,31,12
prewhitened_ar,ex_games_12m_pct,oecd_asia_c26_targeted_gbp_12m_pct,full,5,0.25254782105538875,-0.0465984762321685,1.0,1.0,18,30,12
prewhitened_ar,ex_games_12m_pct,oecd_asia_c26_targeted_gbp_12m_pct,full,6,-0.4103873981161891,-0.3912343105487462,1.0,1.0,18,29,12
prewhitened_ar,ex_games_12m_pct,oecd_asia_c26_targeted_gbp_12m_pct,full,7,0.09008023167378001,0.19710141707907902,0.5,1.0,18,28,12
prewhitened_ar,ex_games_12m_pct,oecd_asia_c26_targeted_gbp_12m_pct,full,8,0.21470134861629186,0.41021834730903467,0.5,1.0,18,27,12
prewhitened_ar,ex_games_12m_pct,oecd_asia_c26_targeted_gbp_12m_pct,full,9,0.0046847977158244606,0.3210572891259288,1.0,1.0,18,26,12
prewhitened_ar,ex_games_12m_pct,oecd_asia_c26_targeted_gbp_12m_pct,full,10,0.11278552530606895,0.29630010085705716,0.5,1.0,18,25,12
prewhitened_ar,ex_games_12m_pct,oecd_asia_c26_targeted_gbp_12m_pct,full,11,0.029531523291454743,0.020428878221595705,1.0,1.0,18,24,12
prewhitened_ar,ex_games_12m_pct,oecd_asia_c26_targeted_gbp_12m_pct,full,12,-0.1950383208555355,-0.05556714498603822,1.0,1.0,18,23,12
prewhitened_ar,ex_games_12m_pct,oecd_asia_c26_targeted_gbp_12m_pct,full,13,0.16844111306303225,0.005776711581962091,1.0,1.0,18,22,12
prewhitened_ar,ex_games_12m_pct,oecd_asia_c26_targeted_gbp_12m_pct,full,14,-0.2648336560047907,-0.2380392074365612,0.5,1.0,18,21,12
prewhitened_ar,ex_games_12m_pct,oecd_asia_c26_targeted_gbp_12m_pct,full,15,0.26137545265345685,0.1378006023529039,0.5,1.0,18,20,12
prewhitened_ar,ex_games_12m_pct,oecd_asia_c26_targeted_gbp_12m_pct,full,16,0.2903712083391993,0.33140516035533635,0.5,1.0,18,19,12
prewhitened_ar,ex_games_12m_pct,oecd_asia_c26_targeted_gbp_12m_pct,full,17,0.029248427857112846,-0.02095271779108635,1.0,1.0,18,18,12
prewhitened_ar,ex_games_12m_pct,oecd_asia_c26_targeted_gbp_12m_pct,full,18,-0.059652645650877904,-0.059652645650877904,1.0,1.0,18,17,12
prewhitened_ar,ex_games_12m_pct,oecd_asia_c26_targeted_gbp_12m_pct,post_2022,0,-0.024041707197904633,-0.06972770686019045,1.0,1.0,18,25,12
prewhitened_ar,ex_games_12m_pct,oecd_asia_c26_targeted_gbp_12m_pct,post_2022,1,0.10645119796169789,0.4448695304706037,1.0,1.0,18,24,12
prewhitened_ar,ex_games_12m_pct,oecd_asia_c26_targeted_gbp_12m_pct,post_2022,2,-0.0009441254565420533,0.21276231110812763,0.5,1.0,18,23,12
prewhitened_ar,ex_games_12m_pct,oecd_asia_c26_targeted_gbp_12m_pct,post_2022,3,0.4210595177138089,0.8713758722780162,0.5,0.5,18,22,12
prewhitened_ar,ex_games_12m_pct,oecd_asia_c26_targeted_gbp_12m_pct,post_2022,4,0.011214570412162367,0.2216702999089765,1.0,1.0,18,21,12
prewhitened_ar,ex_games_12m_pct,oecd_asia_c26_targeted_gbp_12m_pct,post_2022,5,0.4969842735597064,0.21651265561763405,1.0,1.0,18,20,12
prewhitened_ar,ex_games_12m_pct,oecd_asia_c26_targeted_gbp_12m_pct,post_2022,6,-0.5301113952506294,-0.7173362695417811,0.5,1.0,18,19,12
prewhitened_ar,ex_games_12m_pct,oecd_asia_c26_targeted_gbp_12m_pct,post_2022,7,-0.018391400793544826,0.007151249722491126,1.0,1.0,18,18,12
prewhitened_ar,ex_games_12m_pct,oecd_asia_c26_targeted_gbp_12m_pct,post_2022,8,-0.02101392208932956,0.001335828859988515,1.0,1.0,18,17,12
prewhitened_ar,ex_games_12m_pct,oecd_asia_c26_targeted_gbp_12m_pct,post_2022,9,-0.3878247091285225,-0.26055542126598674,0.5,1.0,18,16,12
prewhitened_ar,ex_games_12m_pct,oecd_asia_c26_targeted_gbp_12m_pct,post_2022,10,0.12286534638814811,0.5935694411580391,0.5,1.0,18,15,12
prewhitened_ar,ex_games_12m_pct,oecd_asia_c26_targeted_gbp_12m_pct,post_2022,11,-0.044480111282509456,-0.24892036960500177,0.5,1.0,18,14,12
prewhitened_ar,ex_games_12m_pct,oecd_asia_c26_targeted_gbp_12m_pct,post_2022,12,-0.07652439447275966,0.3097386713709113,1.0,1.0,18,13,12
prewhitened_ar,ex_games_12m_pct,oecd_asia_c26_targeted_gbp_12m_pct,post_2022,13,0.3931221684493559,0.06640424594858782,1.0,1.0,18,12,12
prewhitened_ar,ex_games_12m_pct,oecd_asia_c26_targeted_gbp_12m_pct,post_2022,14,-0.1152582084902373,0.004471466243178845,1.0,1.0,18,11,12
prewhitened_ar,ex_games_12m_pct,oecd_asia_c26_targeted_gbp_12m_pct,post_2022,15,0.17654026033739215,-0.18608419533606954,1.0,1.0,18,10,12
prewhitened_ar,ex_games_12m_pct,oecd_asia_c26_targeted_gbp_12m_pct,post_2022,16,0.3567462826596157,0.45590391091874627,0.5,1.0,18,9,12
prewhitened_ar,ex_games_12m_pct,oecd_asia_c26_targeted_gbp_12m_pct,post_2022,17,0.02736416746937655,-0.08132432886511953,1.0,1.0,18,8,12
prewhitened_ar,ex_games_12m_pct,oecd_asia_c26_targeted_gbp_12m_pct,post_2022,18,-0.20567992101411836,-0.20567992101411836,1.0,1.0,18,7,12
prewhitened_ar,ex_games_12m_pct,oecd_asia_c26_bls_gbp_12m_pct,full,0,0.10098193815836579,0.19516399842110965,0.140625,1.0,18,105,12
prewhitened_ar,ex_games_12m_pct,oecd_asia_c26_bls_gbp_12m_pct,full,1,0.06695034294022595,-0.07170137752205401,0.515625,1.0,18,104,12
prewhitened_ar,ex_games_12m_pct,oecd_asia_c26_bls_gbp_12m_pct,full,2,0.1540565704288433,0.09036772901634016,0.4375,1.0,18,103,12
prewhitened_ar,ex_games_12m_pct,oecd_asia_c26_bls_gbp_12m_pct,full,3,0.08902676132900621,0.034914685689196534,0.765625,1.0,18,102,12
prewhitened_ar,ex_games_12m_pct,oecd_asia_c26_bls_gbp_12m_pct,full,4,-0.08921347851921953,-0.07364028164959723,0.515625,1.0,18,101,12
prewhitened_ar,ex_games_12m_pct,oecd_asia_c26_bls_gbp_12m_pct,full,5,0.07999418533284841,0.0882533427345987,0.5625,1.0,18,100,12
prewhitened_ar,ex_games_12m_pct,oecd_asia_c26_bls_gbp_12m_pct,full,6,-0.03305590540382393,-0.07215903364683135,0.625,1.0,18,99,12
prewhitened_ar,ex_games_12m_pct,oecd_asia_c26_bls_gbp_12m_pct,full,7,0.10115920907412501,0.11560184933239719,0.40625,1.0,18,98,12
prewhitened_ar,ex_games_12m_pct,oecd_asia_c26_bls_gbp_12m_pct,full,8,0.04427590389977424,0.017280285342241106,0.875,1.0,18,97,12
prewhitened_ar,ex_games_12m_pct,oecd_asia_c26_bls_gbp_12m_pct,full,9,0.14459825282940983,0.13618818978735736,0.328125,1.0,18,96,12
prewhitened_ar,ex_games_12m_pct,oecd_asia_c26_bls_gbp_12m_pct,full,10,-0.07083006146700604,-0.11790100360386414,0.359375,1.0,18,95,12
prewhitened_ar,ex_games_12m_pct,oecd_asia_c26_bls_gbp_12m_pct,full,11,0.18941106739245414,0.19484348021816936,0.15625,1.0,18,94,12
prewhitened_ar,ex_games_12m_pct,oecd_asia_c26_bls_gbp_12m_pct,full,12,-0.001591761048666941,-0.06455557781910402,0.625,1.0,18,93,12
prewhitened_ar,ex_games_12m_pct,oecd_asia_c26_bls_gbp_12m_pct,full,13,0.0879631649015499,0.07863680038667807,0.5625,1.0,18,92,12
prewhitened_ar,ex_games_12m_pct,oecd_asia_c26_bls_gbp_12m_pct,full,14,-0.12099370383256777,-0.11624269112580055,0.421875,1.0,18,91,12
prewhitened_ar,ex_games_12m_pct,oecd_asia_c26_bls_gbp_12m_pct,full,15,0.05019600878843918,0.03615255377248379,0.734375,1.0,18,90,12
prewhitened_ar,ex_games_12m_pct,oecd_asia_c26_bls_gbp_12m_pct,full,16,-0.06466634197583447,-0.06530014728887082,0.609375,1.0,18,89,12
prewhitened_ar,ex_games_12m_pct,oecd_asia_c26_bls_gbp_12m_pct,full,17,-0.11949442214097548,-0.10256434877634539,0.46875,1.0,18,88,12
prewhitened_ar,ex_games_12m_pct,oecd_asia_c26_bls_gbp_12m_pct,full,18,0.19543992765134358,0.19543992765134358,0.140625,1.0,18,87,12
prewhitened_ar,ex_games_12m_pct,oecd_asia_c26_bls_gbp_12m_pct,pre_2020,0,0.38724784858600886,0.4197361350014727,1.0,1.0,18,36,12
prewhitened_ar,ex_games_12m_pct,oecd_asia_c26_bls_gbp_12m_pct,pre_2020,1,-0.1789043205141496,-0.38485241687177374,1.0,1.0,18,35,12
prewhitened_ar,ex_games_12m_pct,oecd_asia_c26_bls_gbp_12m_pct,pre_2020,2,0.11538610856172513,0.06920651192234913,1.0,1.0,18,34,12
prewhitened_ar,ex_games_12m_pct,oecd_asia_c26_bls_gbp_12m_pct,pre_2020,3,0.09844762939490653,0.13365692716695074,1.0,1.0,18,33,12
prewhitened_ar,ex_games_12m_pct,oecd_asia_c26_bls_gbp_12m_pct,pre_2020,4,-0.15208876893039447,-0.20217733341355348,1.0,1.0,18,32,12
prewhitened_ar,ex_games_12m_pct,oecd_asia_c26_bls_gbp_12m_pct,pre_2020,5,0.21311633814962502,0.41707978385969097,1.0,1.0,18,31,12
prewhitened_ar,ex_games_12m_pct,oecd_asia_c26_bls_gbp_12m_pct,pre_2020,6,0.12869408466719243,-0.00898960163672781,1.0,1.0,18,30,12
prewhitened_ar,ex_games_12m_pct,oecd_asia_c26_bls_gbp_12m_pct,pre_2020,7,0.16216581300369562,0.15153699113961985,1.0,1.0,18,29,12
prewhitened_ar,ex_games_12m_pct,oecd_asia_c26_bls_gbp_12m_pct,pre_2020,8,-0.11155344741556578,-0.029437709473292578,1.0,1.0,18,28,12
prewhitened_ar,ex_games_12m_pct,oecd_asia_c26_bls_gbp_12m_pct,pre_2020,9,-0.05855061720508129,-0.21743796066107648,0.5,1.0,18,27,12
prewhitened_ar,ex_games_12m_pct,oecd_asia_c26_bls_gbp_12m_pct,pre_2020,10,-0.07726044093313349,-0.23185980831119057,0.5,1.0,18,26,12
prewhitened_ar,ex_games_12m_pct,oecd_asia_c26_bls_gbp_12m_pct,pre_2020,11,-0.08316193596311322,-0.1711178679111969,0.5,1.0,18,25,12
prewhitened_ar,ex_games_12m_pct,oecd_asia_c26_bls_gbp_12m_pct,pre_2020,12,-0.14265968144069396,-0.051194948777829305,1.0,1.0,18,24,12
prewhitened_ar,ex_games_12m_pct,oecd_asia_c26_bls_gbp_12m_pct,pre_2020,13,0.1537670860843055,0.1781100838325665,1.0,1.0,18,23,12
prewhitened_ar,ex_games_12m_pct,oecd_asia_c26_bls_gbp_12m_pct,pre_2020,14,-0.06648432094443472,-0.1975585877783794,0.5,1.0,18,22,12
prewhitened_ar,ex_games_12m_pct,oecd_asia_c26_bls_gbp_12m_pct,pre_2020,15,-0.07418162197188867,-0.04166158959440981,1.0,1.0,18,21,12
prewhitened_ar,ex_games_12m_pct,oecd_asia_c26_bls_gbp_12m_pct,pre_2020,16,-0.1285553019063972,-0.1319856304115032,1.0,1.0,18,20,12
prewhitened_ar,ex_games_12m_pct,oecd_asia_c26_bls_gbp_12m_pct,pre_2020,17,-0.0855836299473559,-0.060207964266125506,1.0,1.0,18,19,12
prewhitened_ar,ex_games_12m_pct,oecd_asia_c26_bls_gbp_12m_pct,pre_2020,18,0.21178218002353455,0.21178218002353455,1.0,1.0,18,18,12
prewhitened_ar,ex_games_12m_pct,oecd_asia_c26_bls_gbp_12m_pct,pandemic_2020_2022,0,0.02541603401810585,0.187442084909419,0.5,1.0,18,36,12
prewhitened_ar,ex_games_12m_pct,oecd_asia_c26_bls_gbp_12m_pct,pandemic_2020_2022,1,0.0232708458271601,-0.34696714611650753,0.5,1.0,18,35,12
prewhitened_ar,ex_games_12m_pct,oecd_asia_c26_bls_gbp_12m_pct,pandemic_2020_2022,2,-0.1114444859335087,0.041998430497942704,1.0,1.0,18,34,12
prewhitened_ar,ex_games_12m_pct,oecd_asia_c26_bls_gbp_12m_pct,pandemic_2020_2022,3,-0.0758782073830652,0.02417310582613227,1.0,1.0,18,33,12
prewhitened_ar,ex_games_12m_pct,oecd_asia_c26_bls_gbp_12m_pct,pandemic_2020_2022,4,-0.025202308273924497,0.022949887419779134,1.0,1.0,18,32,12
prewhitened_ar,ex_games_12m_pct,oecd_asia_c26_bls_gbp_12m_pct,pandemic_2020_2022,5,-0.023570712294935233,-0.11955135759271804,1.0,1.0,18,31,12
prewhitened_ar,ex_games_12m_pct,oecd_asia_c26_bls_gbp_12m_pct,pandemic_2020_2022,6,-0.22605990229137274,-0.07968475861033301,1.0,1.0,18,30,12
prewhitened_ar,ex_games_12m_pct,oecd_asia_c26_bls_gbp_12m_pct,pandemic_2020_2022,7,-0.34123260341735295,-0.39559778475795887,0.5,1.0,18,29,12
prewhitened_ar,ex_games_12m_pct,oecd_asia_c26_bls_gbp_12m_pct,pandemic_2020_2022,8,-0.024369653438350562,-0.018501105361215277,1.0,1.0,18,28,12
prewhitened_ar,ex_games_12m_pct,oecd_asia_c26_bls_gbp_12m_pct,pandemic_2020_2022,9,-0.009072402392379619,0.24294879299753744,1.0,1.0,18,27,12
prewhitened_ar,ex_games_12m_pct,oecd_asia_c26_bls_gbp_12m_pct,pandemic_2020_2022,10,-0.2052801595519901,-0.23733763921315326,0.5,1.0,18,26,12
prewhitened_ar,ex_games_12m_pct,oecd_asia_c26_bls_gbp_12m_pct,pandemic_2020_2022,11,0.41316567441689506,0.44935119050085437,0.5,1.0,18,25,12
prewhitened_ar,ex_games_12m_pct,oecd_asia_c26_bls_gbp_12m_pct,pandemic_2020_2022,12,0.08175300677605854,0.16904088009908252,1.0,1.0,18,24,12
prewhitened_ar,ex_games_12m_pct,oecd_asia_c26_bls_gbp_12m_pct,pandemic_2020_2022,13,-0.2847813381352788,-0.1515549718596262,1.0,1.0,18,23,12
prewhitened_ar,ex_games_12m_pct,oecd_asia_c26_bls_gbp_12m_pct,pandemic_2020_2022,14,0.12058731848887595,0.03161041679358253,1.0,1.0,18,22,12
prewhitened_ar,ex_games_12m_pct,oecd_asia_c26_bls_gbp_12m_pct,pandemic_2020_2022,15,0.04702025596409879,0.03384962155561706,1.0,1.0,18,21,12
prewhitened_ar,ex_games_12m_pct,oecd_asia_c26_bls_gbp_12m_pct,pandemic_2020_2022,16,-0.16027094065705122,-0.08301445412239339,1.0,1.0,18,20,12
prewhitened_ar,ex_games_12m_pct,oecd_asia_c26_bls_gbp_12m_pct,pandemic_2020_2022,17,-0.2733309078986967,-0.25837227775729127,0.5,1.0,18,19,12
prewhitened_ar,ex_games_12m_pct,oecd_asia_c26_bls_gbp_12m_pct,pandemic_2020_2022,18,0.2966829661866831,0.2966829661866831,0.5,1.0,18,18,12
prewhitened_ar,ex_games_12m_pct,oecd_asia_c26_bls_gbp_12m_pct,post_2022,0,-0.10982221034682768,0.08926197641076374,1.0,1.0,18,33,12
prewhitened_ar,ex_games_12m_pct,oecd_asia_c26_bls_gbp_12m_pct,post_2022,1,0.27197992857520575,-0.12139821103728816,0.5,1.0,18,32,12
prewhitened_ar,ex_games_12m_pct,oecd_asia_c26_bls_gbp_12m_pct,post_2022,2,0.34802266566024703,0.3038544793551508,1.0,1.0,18,31,12
prewhitened_ar,ex_games_12m_pct,oecd_asia_c26_bls_gbp_12m_pct,post_2022,3,0.2716890948929371,0.282843439171182,0.5,1.0,18,30,12
prewhitened_ar,ex_games_12m_pct,oecd_asia_c26_bls_gbp_12m_pct,post_2022,4,-0.040643016255391066,0.21517294007626064,1.0,1.0,18,29,12
prewhitened_ar,ex_games_12m_pct,oecd_asia_c26_bls_gbp_12m_pct,post_2022,5,0.028667271549221655,0.10016004853418883,0.5,1.0,18,28,12
prewhitened_ar,ex_games_12m_pct,oecd_asia_c26_bls_gbp_12m_pct,post_2022,6,-0.2259142680118106,-0.5554705441688833,0.5,1.0,18,27,12
prewhitened_ar,ex_games_12m_pct,oecd_asia_c26_bls_gbp_12m_pct,post_2022,7,0.08971204146813685,0.20655179272849747,0.5,1.0,18,26,12
prewhitened_ar,ex_games_12m_pct,oecd_asia_c26_bls_gbp_12m_pct,post_2022,8,-0.055249087254932966,-0.26250712912409263,0.5,1.0,18,25,12
prewhitened_ar,ex_games_12m_pct,oecd_asia_c26_bls_gbp_12m_pct,post_2022,9,0.30915263144925775,0.40958941270320504,1.0,1.0,18,24,12
prewhitened_ar,ex_games_12m_pct,oecd_asia_c26_bls_gbp_12m_pct,post_2022,10,-0.04079827340460089,-0.23423930917575847,0.5,1.0,18,23,12
prewhitened_ar,ex_games_12m_pct,oecd_asia_c26_bls_gbp_12m_pct,post_2022,11,0.217005726579999,0.2995522200949672,0.5,1.0,18,22,12
prewhitened_ar,ex_games_12m_pct,oecd_asia_c26_bls_gbp_12m_pct,post_2022,12,0.030110086139046015,-0.2084150300858218,1.0,1.0,18,21,12
prewhitened_ar,ex_games_12m_pct,oecd_asia_c26_bls_gbp_12m_pct,post_2022,13,0.33868631695491597,0.3632765256861376,0.5,1.0,18,20,12
prewhitened_ar,ex_games_12m_pct,oecd_asia_c26_bls_gbp_12m_pct,post_2022,14,-0.1775451358807407,-0.15783161123215253,0.5,1.0,18,19,12
prewhitened_ar,ex_games_12m_pct,oecd_asia_c26_bls_gbp_12m_pct,post_2022,15,-0.036069201575118254,-0.1308309023340689,1.0,1.0,18,18,12
prewhitened_ar,ex_games_12m_pct,oecd_asia_c26_bls_gbp_12m_pct,post_2022,16,-0.10498291227931826,-0.1226686646595295,1.0,1.0,18,17,12
prewhitened_ar,ex_games_12m_pct,oecd_asia_c26_bls_gbp_12m_pct,post_2022,17,-0.22081331501434906,-0.15964686964411282,0.5,1.0,18,16,12
prewhitened_ar,ex_games_12m_pct,oecd_asia_c26_bls_gbp_12m_pct,post_2022,18,0.3959460552620361,0.3959460552620361,0.5,1.0,18,15,12
prewhitened_ar,ex_games_12m_pct,fred_china_computer_electronics_gbp_12m_pct,full,0,0.10018226119553801,0.19123830394079958,0.15625,1.0,18,105,12
prewhitened_ar,ex_games_12m_pct,fred_china_computer_electronics_gbp_12m_pct,full,1,0.0704538870939231,-0.069824413897167,0.5,1.0,18,104,12
prewhitened_ar,ex_games_12m_pct,fred_china_computer_electronics_gbp_12m_pct,full,2,0.15606123187337842,0.08856966886216251,0.421875,1.0,18,103,12
prewhitened_ar,ex_games_12m_pct,fred_china_computer_electronics_gbp_12m_pct,full,3,0.09041399470149078,0.033856275547711964,0.765625,1.0,18,102,12
prewhitened_ar,ex_games_12m_pct,fred_china_computer_electronics_gbp_12m_pct,full,4,-0.09168369452453523,-0.07996376380487906,0.484375,1.0,18,101,12
prewhitened_ar,ex_games_12m_pct,fred_china_computer_electronics_gbp_12m_pct,full,5,0.08498930430398335,0.09870360214371796,0.546875,1.0,18,100,12
prewhitened_ar,ex_games_12m_pct,fred_china_computer_electronics_gbp_12m_pct,full,6,-0.02474305082037691,-0.06255470094686875,0.65625,1.0,18,99,12
prewhitened_ar,ex_games_12m_pct,fred_china_computer_electronics_gbp_12m_pct,full,7,0.1072767874508424,0.11495802958534894,0.46875,1.0,18,98,12
prewhitened_ar,ex_games_12m_pct,fred_china_computer_electronics_gbp_12m_pct,full,8,0.050499513051779556,0.02075500280071459,0.84375,1.0,18,97,12
prewhitened_ar,ex_games_12m_pct,fred_china_computer_electronics_gbp_12m_pct,full,9,0.1488573875858164,0.14123809356528727,0.34375,1.0,18,96,12
prewhitened_ar,ex_games_12m_pct,fred_china_computer_electronics_gbp_12m_pct,full,10,-0.08166683338379496,-0.1277552904947307,0.3125,1.0,18,95,12
prewhitened_ar,ex_games_12m_pct,fred_china_computer_electronics_gbp_12m_pct,full,11,0.18352765179042757,0.18895053236300546,0.15625,1.0,18,94,12
prewhitened_ar,ex_games_12m_pct,fred_china_computer_electronics_gbp_12m_pct,full,12,0.0017433500667369285,-0.05790779914131089,0.640625,1.0,18,93,12
prewhitened_ar,ex_games_12m_pct,fred_china_computer_electronics_gbp_12m_pct,full,13,0.09015136028469463,0.08115724564904121,0.5625,1.0,18,92,12
prewhitened_ar,ex_games_12m_pct,fred_china_computer_electronics_gbp_12m_pct,full,14,-0.11753083682787795,-0.11180700093520662,0.4375,1.0,18,91,12
prewhitened_ar,ex_games_12m_pct,fred_china_computer_electronics_gbp_12m_pct,full,15,0.02909963285508938,0.017535615288525153,0.890625,1.0,18,90,12
prewhitened_ar,ex_games_12m_pct,fred_china_computer_electronics_gbp_12m_pct,full,16,-0.06653943694427665,-0.06573884010717129,0.609375,1.0,18,89,12
prewhitened_ar,ex_games_12m_pct,fred_china_computer_electronics_gbp_12m_pct,full,17,-0.13136915353840078,-0.11534508149568902,0.40625,1.0,18,88,12
prewhitened_ar,ex_games_12m_pct,fred_china_computer_electronics_gbp_12m_pct,full,18,0.1852912655418456,0.1852912655418456,0.1875,1.0,18,87,12
prewhitened_ar,ex_games_12m_pct,fred_china_computer_electronics_gbp_12m_pct,pre_2020,0,0.3888035147695462,0.4192195965992752,1.0,1.0,18,36,12
prewhitened_ar,ex_games_12m_pct,fred_china_computer_electronics_gbp_12m_pct,pre_2020,1,-0.17949649798690837,-0.3791632740921503,1.0,1.0,18,35,12
prewhitened_ar,ex_games_12m_pct,fred_china_computer_electronics_gbp_12m_pct,pre_2020,2,0.10932443178441645,0.05705397696141955,1.0,1.0,18,34,12
prewhitened_ar,ex_games_12m_pct,fred_china_computer_electronics_gbp_12m_pct,pre_2020,3,0.10895945802275044,0.13940033840206875,1.0,1.0,18,33,12
prewhitened_ar,ex_games_12m_pct,fred_china_computer_electronics_gbp_12m_pct,pre_2020,4,-0.16218426397646515,-0.20111082750465023,1.0,1.0,18,32,12
prewhitened_ar,ex_games_12m_pct,fred_china_computer_electronics_gbp_12m_pct,pre_2020,5,0.22109118808354972,0.4327141211093222,0.5,1.0,18,31,12
prewhitened_ar,ex_games_12m_pct,fred_china_computer_electronics_gbp_12m_pct,pre_2020,6,0.13607555256536769,0.006162022311676522,1.0,1.0,18,30,12
prewhitened_ar,ex_games_12m_pct,fred_china_computer_electronics_gbp_12m_pct,pre_2020,7,0.12883311760749178,0.12055341051986916,1.0,1.0,18,29,12
prewhitened_ar,ex_games_12m_pct,fred_china_computer_electronics_gbp_12m_pct,pre_2020,8,-0.12560425605839856,-0.03561115520815559,1.0,1.0,18,28,12
prewhitened_ar,ex_games_12m_pct,fred_china_computer_electronics_gbp_12m_pct,pre_2020,9,-0.04217663451757677,-0.1955143339241362,0.5,1.0,18,27,12
prewhitened_ar,ex_games_12m_pct,fred_china_computer_electronics_gbp_12m_pct,pre_2020,10,-0.08343642374102336,-0.23959666962011256,0.5,1.0,18,26,12
prewhitened_ar,ex_games_12m_pct,fred_china_computer_electronics_gbp_12m_pct,pre_2020,11,-0.10024801236760483,-0.17309468983128037,0.5,1.0,18,25,12
prewhitened_ar,ex_games_12m_pct,fred_china_computer_electronics_gbp_12m_pct,pre_2020,12,-0.15017677139012933,-0.043737003260901935,1.0,1.0,18,24,12
prewhitened_ar,ex_games_12m_pct,fred_china_computer_electronics_gbp_12m_pct,pre_2020,13,0.1591381002048608,0.1805323154957465,0.5,1.0,18,23,12
prewhitened_ar,ex_games_12m_pct,fred_china_computer_electronics_gbp_12m_pct,pre_2020,14,-0.07555312031006309,-0.20493554334652156,0.5,1.0,18,22,12
prewhitened_ar,ex_games_12m_pct,fred_china_computer_electronics_gbp_12m_pct,pre_2020,15,-0.10299857877789646,-0.052711205265729845,1.0,1.0,18,21,12
prewhitened_ar,ex_games_12m_pct,fred_china_computer_electronics_gbp_12m_pct,pre_2020,16,-0.1419474703067476,-0.14666141015895143,1.0,1.0,18,20,12
prewhitened_ar,ex_games_12m_pct,fred_china_computer_electronics_gbp_12m_pct,pre_2020,17,-0.09516455078639859,-0.07432103496432607,1.0,1.0,18,19,12
prewhitened_ar,ex_games_12m_pct,fred_china_computer_electronics_gbp_12m_pct,pre_2020,18,0.2102484999049123,0.2102484999049123,0.5,1.0,18,18,12
prewhitened_ar,ex_games_12m_pct,fred_china_computer_electronics_gbp_12m_pct,pandemic_2020_2022,0,0.021048664316116666,0.18751341712837236,0.5,1.0,18,36,12
prewhitened_ar,ex_games_12m_pct,fred_china_computer_electronics_gbp_12m_pct,pandemic_2020_2022,1,0.016905267947821347,-0.34823948784534897,0.5,1.0,18,35,12
prewhitened_ar,ex_games_12m_pct,fred_china_computer_electronics_gbp_12m_pct,pandemic_2020_2022,2,-0.09002414825134947,0.07287900040227971,1.0,1.0,18,34,12
prewhitened_ar,ex_games_12m_pct,fred_china_computer_electronics_gbp_12m_pct,pandemic_2020_2022,3,-0.0818395130831413,0.02447574497875242,1.0,1.0,18,33,12
prewhitened_ar,ex_games_12m_pct,fred_china_computer_electronics_gbp_12m_pct,pandemic_2020_2022,4,-0.020891101892673927,0.021274260110664703,1.0,1.0,18,32,12
prewhitened_ar,ex_games_12m_pct,fred_china_computer_electronics_gbp_12m_pct,pandemic_2020_2022,5,-0.026543195927364927,-0.14049915906923927,1.0,1.0,18,31,12
prewhitened_ar,ex_games_12m_pct,fred_china_computer_electronics_gbp_12m_pct,pandemic_2020_2022,6,-0.2125300518607875,-0.0663006466126869,1.0,1.0,18,30,12
prewhitened_ar,ex_games_12m_pct,fred_china_computer_electronics_gbp_12m_pct,pandemic_2020_2022,7,-0.3373859637268538,-0.3912914257866262,0.5,1.0,18,29,12
prewhitened_ar,ex_games_12m_pct,fred_china_computer_electronics_gbp_12m_pct,pandemic_2020_2022,8,-0.01498504252935396,-0.021330701935761462,1.0,1.0,18,28,12
prewhitened_ar,ex_games_12m_pct,fred_china_computer_electronics_gbp_12m_pct,pandemic_2020_2022,9,-0.00416139012281801,0.24263844629059855,1.0,1.0,18,27,12
prewhitened_ar,ex_games_12m_pct,fred_china_computer_electronics_gbp_12m_pct,pandemic_2020_2022,10,-0.2130366564641829,-0.24260951419362153,0.5,1.0,18,26,12
prewhitened_ar,ex_games_12m_pct,fred_china_computer_electronics_gbp_12m_pct,pandemic_2020_2022,11,0.41787838305715636,0.44968438716330533,0.5,1.0,18,25,12
prewhitened_ar,ex_games_12m_pct,fred_china_computer_electronics_gbp_12m_pct,pandemic_2020_2022,12,0.09382457157307647,0.17347057138387104,1.0,1.0,18,24,12
prewhitened_ar,ex_games_12m_pct,fred_china_computer_electronics_gbp_12m_pct,pandemic_2020_2022,13,-0.2607870188937409,-0.12601868735628582,1.0,1.0,18,23,12
prewhitened_ar,ex_games_12m_pct,fred_china_computer_electronics_gbp_12m_pct,pandemic_2020_2022,14,0.12093331586655758,0.028191584620927797,1.0,1.0,18,22,12
prewhitened_ar,ex_games_12m_pct,fred_china_computer_electronics_gbp_12m_pct,pandemic_2020_2022,15,0.02668710831778283,0.008431185738166059,1.0,1.0,18,21,12
prewhitened_ar,ex_games_12m_pct,fred_china_computer_electronics_gbp_12m_pct,pandemic_2020_2022,16,-0.15565364962893613,-0.07941862942967681,1.0,1.0,18,20,12
prewhitened_ar,ex_games_12m_pct,fred_china_computer_electronics_gbp_12m_pct,pandemic_2020_2022,17,-0.2940614803921153,-0.2807757076856118,0.5,1.0,18,19,12
prewhitened_ar,ex_games_12m_pct,fred_china_computer_electronics_gbp_12m_pct,pandemic_2020_2022,18,0.2764701733811343,0.2764701733811343,0.5,1.0,18,18,12
prewhitened_ar,ex_games_12m_pct,fred_china_computer_electronics_gbp_12m_pct,post_2022,0,-0.11131471230895984,0.07496771357091227,1.0,1.0,18,33,12
prewhitened_ar,ex_games_12m_pct,fred_china_computer_electronics_gbp_12m_pct,post_2022,1,0.28610532009279743,-0.11542051922563697,0.5,1.0,18,32,12
prewhitened_ar,ex_games_12m_pct,fred_china_computer_electronics_gbp_12m_pct,post_2022,2,0.35086828325491065,0.2834356876226402,1.0,1.0,18,31,12
prewhitened_ar,ex_games_12m_pct,fred_china_computer_electronics_gbp_12m_pct,post_2022,3,0.2754231402949404,0.27416249806302695,0.5,1.0,18,30,12
prewhitened_ar,ex_games_12m_pct,fred_china_computer_electronics_gbp_12m_pct,post_2022,4,-0.04310548548855372,0.197093437494349,1.0,1.0,18,29,12
prewhitened_ar,ex_games_12m_pct,fred_china_computer_electronics_gbp_12m_pct,post_2022,5,0.03221221697121126,0.1325038617185119,0.5,1.0,18,28,12
prewhitened_ar,ex_games_12m_pct,fred_china_computer_electronics_gbp_12m_pct,post_2022,6,-0.22715674687367243,-0.5690915559839677,0.5,1.0,18,27,12
prewhitened_ar,ex_games_12m_pct,fred_china_computer_electronics_gbp_12m_pct,post_2022,7,0.1244631261896146,0.23227865440947007,0.5,1.0,18,26,12
prewhitened_ar,ex_games_12m_pct,fred_china_computer_electronics_gbp_12m_pct,post_2022,8,-0.04146206538821239,-0.26303969349436235,1.0,1.0,18,25,12
prewhitened_ar,ex_games_12m_pct,fred_china_computer_electronics_gbp_12m_pct,post_2022,9,0.3150464688167174,0.4161911284661935,1.0,1.0,18,24,12
prewhitened_ar,ex_games_12m_pct,fred_china_computer_electronics_gbp_12m_pct,post_2022,10,-0.060346537263989336,-0.26314755405729223,0.5,1.0,18,23,12
prewhitened_ar,ex_games_12m_pct,fred_china_computer_electronics_gbp_12m_pct,post_2022,11,0.2164724374078672,0.2980032729135917,0.5,1.0,18,22,12
prewhitened_ar,ex_games_12m_pct,fred_china_computer_electronics_gbp_12m_pct,post_2022,12,0.04522124724908821,-0.183192283613809,1.0,1.0,18,21,12
prewhitened_ar,ex_games_12m_pct,fred_china_computer_electronics_gbp_12m_pct,post_2022,13,0.3478225590965865,0.3684505377024842,0.5,1.0,18,20,12
prewhitened_ar,ex_games_12m_pct,fred_china_computer_electronics_gbp_12m_pct,post_2022,14,-0.17139594666140678,-0.14960139694026803,0.5,1.0,18,19,12
prewhitened_ar,ex_games_12m_pct,fred_china_computer_electronics_gbp_12m_pct,post_2022,15,-0.0794894617444051,-0.16894619639848876,0.5,1.0,18,18,12
prewhitened_ar,ex_games_12m_pct,fred_china_computer_electronics_gbp_12m_pct,post_2022,16,-0.1099956069011972,-0.12242429224436932,1.0,1.0,18,17,12
prewhitened_ar,ex_games_12m_pct,fred_china_computer_electronics_gbp_12m_pct,post_2022,17,-0.21853257884938362,-0.15870885094002837,0.5,1.0,18,16,12
prewhitened_ar,ex_games_12m_pct,fred_china_computer_electronics_gbp_12m_pct,post_2022,18,0.38443367470971257,0.38443367470971257,0.5,1.0,18,15,12
prewhitened_ar,ex_games_12m_pct,fred_japan_computer_electronics_gbp_12m_pct,full,0,0.11469349655749536,0.16410223548821495,0.15625,1.0,18,105,12
prewhitened_ar,ex_games_12m_pct,fred_japan_computer_electronics_gbp_12m_pct,full,1,0.05558956365325175,-0.09154196402691374,0.328125,1.0,18,104,12
prewhitened_ar,ex_games_12m_pct,fred_japan_computer_electronics_gbp_12m_pct,full,2,0.10650023509893207,0.06902211854433586,0.46875,1.0,18,103,12
prewhitened_ar,ex_games_12m_pct,fred_japan_computer_electronics_gbp_12m_pct,full,3,0.0576812838860897,0.027889340336250342,0.796875,1.0,18,102,12
prewhitened_ar,ex_games_12m_pct,fred_japan_computer_electronics_gbp_12m_pct,full,4,-0.10035596864963746,-0.1038896979554073,0.359375,1.0,18,101,12
prewhitened_ar,ex_games_12m_pct,fred_japan_computer_electronics_gbp_12m_pct,full,5,0.07736843418220549,0.060316470926362775,0.65625,1.0,18,100,12
prewhitened_ar,ex_games_12m_pct,fred_japan_computer_electronics_gbp_12m_pct,full,6,-0.0375764193913651,-0.09606452409792247,0.375,1.0,18,99,12
prewhitened_ar,ex_games_12m_pct,fred_japan_computer_electronics_gbp_12m_pct,full,7,0.06022237046257723,0.09209717157718487,0.46875,1.0,18,98,12
prewhitened_ar,ex_games_12m_pct,fred_japan_computer_electronics_gbp_12m_pct,full,8,0.023074124667177225,0.003499884802818744,0.96875,1.0,18,97,12
prewhitened_ar,ex_games_12m_pct,fred_japan_computer_electronics_gbp_12m_pct,full,9,0.12112005787581902,0.10597055760282907,0.34375,1.0,18,96,12
prewhitened_ar,ex_games_12m_pct,fred_japan_computer_electronics_gbp_12m_pct,full,10,-0.07061352669737556,-0.10145545023418934,0.40625,1.0,18,95,12
prewhitened_ar,ex_games_12m_pct,fred_japan_computer_electronics_gbp_12m_pct,full,11,0.2391703991139463,0.22978110121139791,0.078125,0.859375,18,94,12
prewhitened_ar,ex_games_12m_pct,fred_japan_computer_electronics_gbp_12m_pct,full,12,-0.025113004556382885,-0.07967793056080014,0.546875,1.0,18,93,12
prewhitened_ar,ex_games_12m_pct,fred_japan_computer_electronics_gbp_12m_pct,full,13,0.020505654136107044,0.019404237725293032,0.84375,1.0,18,92,12
prewhitened_ar,ex_games_12m_pct,fred_japan_computer_electronics_gbp_12m_pct,full,14,-0.08155987748332838,-0.0870777788769543,0.5,1.0,18,91,12
prewhitened_ar,ex_games_12m_pct,fred_japan_computer_electronics_gbp_12m_pct,full,15,0.07416572578261549,0.05686920002014866,0.6875,1.0,18,90,12
prewhitened_ar,ex_games_12m_pct,fred_japan_computer_electronics_gbp_12m_pct,full,16,-0.06419064296097032,-0.06502221918537902,0.640625,1.0,18,89,12
prewhitened_ar,ex_games_12m_pct,fred_japan_computer_electronics_gbp_12m_pct,full,17,-0.14140994143231286,-0.1301252567304928,0.25,1.0,18,88,12
prewhitened_ar,ex_games_12m_pct,fred_japan_computer_electronics_gbp_12m_pct,full,18,0.18476537816785224,0.18476537816785224,0.140625,1.0,18,87,12
prewhitened_ar,ex_games_12m_pct,fred_japan_computer_electronics_gbp_12m_pct,pre_2020,0,0.3763289932030121,0.4393896044842024,0.5,1.0,18,36,12
prewhitened_ar,ex_games_12m_pct,fred_japan_computer_electronics_gbp_12m_pct,pre_2020,1,-0.28929222467699534,-0.5216551369381901,0.5,1.0,18,35,12
prewhitened_ar,ex_games_12m_pct,fred_japan_computer_electronics_gbp_12m_pct,pre_2020,2,0.07522098968823017,0.06678475055342482,0.5,1.0,18,34,12
prewhitened_ar,ex_games_12m_pct,fred_japan_computer_electronics_gbp_12m_pct,pre_2020,3,0.08272171156721171,0.17784038884574943,1.0,1.0,18,33,12
prewhitened_ar,ex_games_12m_pct,fred_japan_computer_electronics_gbp_12m_pct,pre_2020,4,-0.15335831533541786,-0.23875318008586438,1.0,1.0,18,32,12
prewhitened_ar,ex_games_12m_pct,fred_japan_computer_electronics_gbp_12m_pct,pre_2020,5,0.1728855304600431,0.3651152506522944,1.0,1.0,18,31,12
prewhitened_ar,ex_games_12m_pct,fred_japan_computer_electronics_gbp_12m_pct,pre_2020,6,0.0977752934163672,-0.010731798310903092,1.0,1.0,18,30,12
prewhitened_ar,ex_games_12m_pct,fred_japan_computer_electronics_gbp_12m_pct,pre_2020,7,0.21977797280739167,0.22566489676201806,1.0,1.0,18,29,12
prewhitened_ar,ex_games_12m_pct,fred_japan_computer_electronics_gbp_12m_pct,pre_2020,8,-0.062135337531064525,0.040379828654703374,1.0,1.0,18,28,12
prewhitened_ar,ex_games_12m_pct,fred_japan_computer_electronics_gbp_12m_pct,pre_2020,9,-0.17459977724683803,-0.31036631207373033,0.5,1.0,18,27,12
prewhitened_ar,ex_games_12m_pct,fred_japan_computer_electronics_gbp_12m_pct,pre_2020,10,-0.0398852736069875,-0.1648168058576983,1.0,1.0,18,26,12
prewhitened_ar,ex_games_12m_pct,fred_japan_computer_electronics_gbp_12m_pct,pre_2020,11,0.07664411128130372,-0.011623477138120595,1.0,1.0,18,25,12
prewhitened_ar,ex_games_12m_pct,fred_japan_computer_electronics_gbp_12m_pct,pre_2020,12,-0.12192659925361946,-0.0750148546377181,1.0,1.0,18,24,12
prewhitened_ar,ex_games_12m_pct,fred_japan_computer_electronics_gbp_12m_pct,pre_2020,13,0.09577102527376445,0.1354949449268011,1.0,1.0,18,23,12
prewhitened_ar,ex_games_12m_pct,fred_japan_computer_electronics_gbp_12m_pct,pre_2020,14,-0.08938599537876259,-0.2179779269969455,0.5,1.0,18,22,12
prewhitened_ar,ex_games_12m_pct,fred_japan_computer_electronics_gbp_12m_pct,pre_2020,15,-0.030931217760721653,-0.08299451458891659,1.0,1.0,18,21,12
prewhitened_ar,ex_games_12m_pct,fred_japan_computer_electronics_gbp_12m_pct,pre_2020,16,-0.1749531143138834,-0.16817209712343367,1.0,1.0,18,20,12
prewhitened_ar,ex_games_12m_pct,fred_japan_computer_electronics_gbp_12m_pct,pre_2020,17,-0.1362799651291181,-0.07846277754002652,1.0,1.0,18,19,12
prewhitened_ar,ex_games_12m_pct,fred_japan_computer_electronics_gbp_12m_pct,pre_2020,18,0.17522384079456385,0.17522384079456385,1.0,1.0,18,18,12
prewhitened_ar,ex_games_12m_pct,fred_japan_computer_electronics_gbp_12m_pct,pandemic_2020_2022,0,-0.023317389197073813,0.1346739936339857,0.5,1.0,18,36,12
prewhitened_ar,ex_games_12m_pct,fred_japan_computer_electronics_gbp_12m_pct,pandemic_2020_2022,1,0.06789183921126489,-0.27999402161908,0.5,1.0,18,35,12
prewhitened_ar,ex_games_12m_pct,fred_japan_computer_electronics_gbp_12m_pct,pandemic_2020_2022,2,-0.13909913740750784,-0.031380005526598205,1.0,1.0,18,34,12
prewhitened_ar,ex_games_12m_pct,fred_japan_computer_electronics_gbp_12m_pct,pandemic_2020_2022,3,-0.10295723409345023,0.031911036122855174,1.0,1.0,18,33,12
prewhitened_ar,ex_games_12m_pct,fred_japan_computer_electronics_gbp_12m_pct,pandemic_2020_2022,4,-0.03546159943336184,-0.05048143166190488,0.5,1.0,18,32,12
prewhitened_ar,ex_games_12m_pct,fred_japan_computer_electronics_gbp_12m_pct,pandemic_2020_2022,5,-0.02767062328228222,-0.12155772750183524,1.0,1.0,18,31,12
prewhitened_ar,ex_games_12m_pct,fred_japan_computer_electronics_gbp_12m_pct,pandemic_2020_2022,6,-0.14033901896955023,0.021309785268480787,1.0,1.0,18,30,12
prewhitened_ar,ex_games_12m_pct,fred_japan_computer_electronics_gbp_12m_pct,pandemic_2020_2022,7,-0.3934985889826958,-0.4635776431735137,0.5,1.0,18,29,12
prewhitened_ar,ex_games_12m_pct,fred_japan_computer_electronics_gbp_12m_pct,pandemic_2020_2022,8,0.007836797708932173,0.038837372167017964,1.0,1.0,18,28,12
prewhitened_ar,ex_games_12m_pct,fred_japan_computer_electronics_gbp_12m_pct,pandemic_2020_2022,9,-0.06801271933028159,0.14561830227785894,1.0,1.0,18,27,12
prewhitened_ar,ex_games_12m_pct,fred_japan_computer_electronics_gbp_12m_pct,pandemic_2020_2022,10,-0.22133383022278943,-0.24197727837325547,0.5,1.0,18,26,12
prewhitened_ar,ex_games_12m_pct,fred_japan_computer_electronics_gbp_12m_pct,pandemic_2020_2022,11,0.49375450625537276,0.5370099650919313,0.5,0.5,18,25,12
prewhitened_ar,ex_games_12m_pct,fred_japan_computer_electronics_gbp_12m_pct,pandemic_2020_2022,12,0.054932989442692204,0.18684900040074798,1.0,1.0,18,24,12
prewhitened_ar,ex_games_12m_pct,fred_japan_computer_electronics_gbp_12m_pct,pandemic_2020_2022,13,-0.3011545671354366,-0.21882445385893437,1.0,1.0,18,23,12
prewhitened_ar,ex_games_12m_pct,fred_japan_computer_electronics_gbp_12m_pct,pandemic_2020_2022,14,0.08126023224162501,0.013760497598225452,1.0,1.0,18,22,12
prewhitened_ar,ex_games_12m_pct,fred_japan_computer_electronics_gbp_12m_pct,pandemic_2020_2022,15,0.16844043133394832,0.14939991525218088,0.5,1.0,18,21,12
prewhitened_ar,ex_games_12m_pct,fred_japan_computer_electronics_gbp_12m_pct,pandemic_2020_2022,16,-0.23645611782533185,-0.16553274416786126,1.0,1.0,18,20,12
prewhitened_ar,ex_games_12m_pct,fred_japan_computer_electronics_gbp_12m_pct,pandemic_2020_2022,17,-0.21928000432348796,-0.18735170822002434,0.5,1.0,18,19,12
prewhitened_ar,ex_games_12m_pct,fred_japan_computer_electronics_gbp_12m_pct,pandemic_2020_2022,18,0.36716242823703094,0.36716242823703094,0.5,1.0,18,18,12
prewhitened_ar,ex_games_12m_pct,fred_japan_computer_electronics_gbp_12m_pct,post_2022,0,-0.030640502414861416,0.047875113156927246,1.0,1.0,18,33,12
prewhitened_ar,ex_games_12m_pct,fred_japan_computer_electronics_gbp_12m_pct,post_2022,1,0.34734017720444693,0.009819361011160781,1.0,1.0,18,32,12
prewhitened_ar,ex_games_12m_pct,fred_japan_computer_electronics_gbp_12m_pct,post_2022,2,0.2943369371816703,0.35810030879391314,1.0,1.0,18,31,12
prewhitened_ar,ex_games_12m_pct,fred_japan_computer_electronics_gbp_12m_pct,post_2022,3,0.2407838133466097,0.35933591890418537,0.5,1.0,18,30,12
prewhitened_ar,ex_games_12m_pct,fred_japan_computer_electronics_gbp_12m_pct,post_2022,4,-0.014974474769179845,0.17725568592371238,1.0,1.0,18,29,12
prewhitened_ar,ex_games_12m_pct,fred_japan_computer_electronics_gbp_12m_pct,post_2022,5,0.10415472496284642,0.13699188493871592,0.5,1.0,18,28,12
prewhitened_ar,ex_games_12m_pct,fred_japan_computer_electronics_gbp_12m_pct,post_2022,6,-0.22454887774394655,-0.6214887007979695,0.5,1.0,18,27,12
prewhitened_ar,ex_games_12m_pct,fred_japan_computer_electronics_gbp_12m_pct,post_2022,7,-0.026689459604310902,0.12281778982090075,1.0,1.0,18,26,12
prewhitened_ar,ex_games_12m_pct,fred_japan_computer_electronics_gbp_12m_pct,post_2022,8,-0.09602065851371663,-0.26422990282825987,1.0,1.0,18,25,12
prewhitened_ar,ex_games_12m_pct,fred_japan_computer_electronics_gbp_12m_pct,post_2022,9,0.38411804677171796,0.4975979358369693,1.0,1.0,18,24,12
prewhitened_ar,ex_games_12m_pct,fred_japan_computer_electronics_gbp_12m_pct,post_2022,10,-0.026961867625680324,-0.11898509350155449,0.5,1.0,18,23,12
prewhitened_ar,ex_games_12m_pct,fred_japan_computer_electronics_gbp_12m_pct,post_2022,11,0.2687553405757073,0.2695268068694787,0.5,1.0,18,22,12
prewhitened_ar,ex_games_12m_pct,fred_japan_computer_electronics_gbp_12m_pct,post_2022,12,-0.08418678873129545,-0.3107082619639714,1.0,1.0,18,21,12
prewhitened_ar,ex_games_12m_pct,fred_japan_computer_electronics_gbp_12m_pct,post_2022,13,0.1829643700228165,0.21937079942673157,0.5,1.0,18,20,12
prewhitened_ar,ex_games_12m_pct,fred_japan_computer_electronics_gbp_12m_pct,post_2022,14,-0.014070550892364668,-0.01427393800273341,1.0,1.0,18,19,12
prewhitened_ar,ex_games_12m_pct,fred_japan_computer_electronics_gbp_12m_pct,post_2022,15,-0.00707146397153085,-0.10110386887921174,1.0,1.0,18,18,12
prewhitened_ar,ex_games_12m_pct,fred_japan_computer_electronics_gbp_12m_pct,post_2022,16,-0.04400655903438681,-0.04792791540288874,0.5,1.0,18,17,12
prewhitened_ar,ex_games_12m_pct,fred_japan_computer_electronics_gbp_12m_pct,post_2022,17,-0.24326959328193726,-0.20038974463642847,0.5,1.0,18,16,12
prewhitened_ar,ex_games_12m_pct,fred_japan_computer_electronics_gbp_12m_pct,post_2022,18,0.3528544479379823,0.3528544479379823,0.5,1.0,18,15,12
prewhitened_ar,ex_games_12m_pct,fred_asian_nie_computer_electronics_gbp_12m_pct,full,0,0.09024047122438526,0.20390543469761227,0.140625,0.96875,18,105,12
prewhitened_ar,ex_games_12m_pct,fred_asian_nie_computer_electronics_gbp_12m_pct,full,1,0.053347300301396804,-0.06880937833064346,0.59375,1.0,18,104,12
prewhitened_ar,ex_games_12m_pct,fred_asian_nie_computer_electronics_gbp_12m_pct,full,2,0.14737527264668657,0.09785551984921396,0.359375,1.0,18,103,12
prewhitened_ar,ex_games_12m_pct,fred_asian_nie_computer_electronics_gbp_12m_pct,full,3,0.0838170942106091,0.03548848162610423,0.78125,1.0,18,102,12
prewhitened_ar,ex_games_12m_pct,fred_asian_nie_computer_electronics_gbp_12m_pct,full,4,-0.07007041014340924,-0.033472978203350094,0.78125,1.0,18,101,12
prewhitened_ar,ex_games_12m_pct,fred_asian_nie_computer_electronics_gbp_12m_pct,full,5,0.0639682141072325,0.05607842093717598,0.65625,1.0,18,100,12
prewhitened_ar,ex_games_12m_pct,fred_asian_nie_computer_electronics_gbp_12m_pct,full,6,-0.0659355624105252,-0.10237085006421202,0.4375,1.0,18,99,12
prewhitened_ar,ex_games_12m_pct,fred_asian_nie_computer_electronics_gbp_12m_pct,full,7,0.08600578605628822,0.12386384971693111,0.375,1.0,18,98,12
prewhitened_ar,ex_games_12m_pct,fred_asian_nie_computer_electronics_gbp_12m_pct,full,8,0.017284305354857966,-0.00023273379092045613,1.0,1.0,18,97,12
prewhitened_ar,ex_games_12m_pct,fred_asian_nie_computer_electronics_gbp_12m_pct,full,9,0.12224599687249045,0.11340013319158446,0.375,1.0,18,96,12
prewhitened_ar,ex_games_12m_pct,fred_asian_nie_computer_electronics_gbp_12m_pct,full,10,-0.014563293787543452,-0.06911944284742508,0.546875,1.0,18,95,12
prewhitened_ar,ex_games_12m_pct,fred_asian_nie_computer_electronics_gbp_12m_pct,full,11,0.18784809113183307,0.19705063166891024,0.15625,1.0,18,94,12
prewhitened_ar,ex_games_12m_pct,fred_asian_nie_computer_electronics_gbp_12m_pct,full,12,-0.0011301381369797701,-0.07650353846843924,0.546875,1.0,18,93,12
prewhitened_ar,ex_games_12m_pct,fred_asian_nie_computer_electronics_gbp_12m_pct,full,13,0.09428383913110866,0.08182301365472246,0.546875,1.0,18,92,12
prewhitened_ar,ex_games_12m_pct,fred_asian_nie_computer_electronics_gbp_12m_pct,full,14,-0.138286966015718,-0.13527214574780536,0.34375,1.0,18,91,12
prewhitened_ar,ex_games_12m_pct,fred_asian_nie_computer_electronics_gbp_12m_pct,full,15,0.1312307036761042,0.10927586138897571,0.40625,1.0,18,90,12
prewhitened_ar,ex_games_12m_pct,fred_asian_nie_computer_electronics_gbp_12m_pct,full,16,-0.05491118661468809,-0.061845592405979685,0.578125,1.0,18,89,12
prewhitened_ar,ex_games_12m_pct,fred_asian_nie_computer_electronics_gbp_12m_pct,full,17,-0.06368315696862745,-0.04150005694284713,0.6875,1.0,18,88,12
prewhitened_ar,ex_games_12m_pct,fred_asian_nie_computer_electronics_gbp_12m_pct,full,18,0.22745615287795776,0.22745615287795776,0.125,0.90625,18,87,12
prewhitened_ar,ex_games_12m_pct,fred_asian_nie_computer_electronics_gbp_12m_pct,pre_2020,0,0.35309614147006374,0.380622954250821,1.0,1.0,18,36,12
prewhitened_ar,ex_games_12m_pct,fred_asian_nie_computer_electronics_gbp_12m_pct,pre_2020,1,-0.12353056386382996,-0.34389872959931533,0.5,1.0,18,35,12
prewhitened_ar,ex_games_12m_pct,fred_asian_nie_computer_electronics_gbp_12m_pct,pre_2020,2,0.1571657717632587,0.12179061776720657,0.5,1.0,18,34,12
prewhitened_ar,ex_games_12m_pct,fred_asian_nie_computer_electronics_gbp_12m_pct,pre_2020,3,0.04684435188929015,0.07984501859521304,1.0,1.0,18,33,12
prewhitened_ar,ex_games_12m_pct,fred_asian_nie_computer_electronics_gbp_12m_pct,pre_2020,4,-0.10001960964881168,-0.18039426693729757,1.0,1.0,18,32,12
prewhitened_ar,ex_games_12m_pct,fred_asian_nie_computer_electronics_gbp_12m_pct,pre_2020,5,0.1908278960135319,0.3574124015150844,1.0,1.0,18,31,12
prewhitened_ar,ex_games_12m_pct,fred_asian_nie_computer_electronics_gbp_12m_pct,pre_2020,6,0.10323200045661451,-0.06903222596849531,1.0,1.0,18,30,12
prewhitened_ar,ex_games_12m_pct,fred_asian_nie_computer_electronics_gbp_12m_pct,pre_2020,7,0.27555902006852895,0.2534256832307851,1.0,1.0,18,29,12
prewhitened_ar,ex_games_12m_pct,fred_asian_nie_computer_electronics_gbp_12m_pct,pre_2020,8,-0.08140222773810671,-0.04185661191955721,0.5,1.0,18,28,12
prewhitened_ar,ex_games_12m_pct,fred_asian_nie_computer_electronics_gbp_12m_pct,pre_2020,9,-0.08701084847575051,-0.26916750275943757,0.5,1.0,18,27,12
prewhitened_ar,ex_games_12m_pct,fred_asian_nie_computer_electronics_gbp_12m_pct,pre_2020,10,-0.0501037779824021,-0.2047954293940237,0.5,1.0,18,26,12
prewhitened_ar,ex_games_12m_pct,fred_asian_nie_computer_electronics_gbp_12m_pct,pre_2020,11,-0.06749207514798354,-0.2087867469068376,0.5,1.0,18,25,12
prewhitened_ar,ex_games_12m_pct,fred_asian_nie_computer_electronics_gbp_12m_pct,pre_2020,12,-0.10188384261966592,-0.05860049928072669,1.0,1.0,18,24,12
prewhitened_ar,ex_games_12m_pct,fred_asian_nie_computer_electronics_gbp_12m_pct,pre_2020,13,0.133284051878451,0.16981980018980267,1.0,1.0,18,23,12
prewhitened_ar,ex_games_12m_pct,fred_asian_nie_computer_electronics_gbp_12m_pct,pre_2020,14,-0.02854124282258552,-0.16165970470620328,0.5,1.0,18,22,12
prewhitened_ar,ex_games_12m_pct,fred_asian_nie_computer_electronics_gbp_12m_pct,pre_2020,15,0.03383424964804188,0.01902785572264072,1.0,1.0,18,21,12
prewhitened_ar,ex_games_12m_pct,fred_asian_nie_computer_electronics_gbp_12m_pct,pre_2020,16,-0.06535221482337078,-0.06114214736923191,1.0,1.0,18,20,12
prewhitened_ar,ex_games_12m_pct,fred_asian_nie_computer_electronics_gbp_12m_pct,pre_2020,17,-0.033175117127394516,0.003596313710453032,1.0,1.0,18,19,12
prewhitened_ar,ex_games_12m_pct,fred_asian_nie_computer_electronics_gbp_12m_pct,pre_2020,18,0.21980125873070672,0.21980125873070672,1.0,1.0,18,18,12
prewhitened_ar,ex_games_12m_pct,fred_asian_nie_computer_electronics_gbp_12m_pct,pandemic_2020_2022,0,0.06038658216423398,0.2002051631747096,0.5,1.0,18,36,12
prewhitened_ar,ex_games_12m_pct,fred_asian_nie_computer_electronics_gbp_12m_pct,pandemic_2020_2022,1,0.028479128770670794,-0.34884646146620474,0.5,1.0,18,35,12
prewhitened_ar,ex_games_12m_pct,fred_asian_nie_computer_electronics_gbp_12m_pct,pandemic_2020_2022,2,-0.1910153302639774,-0.07065237451656063,1.0,1.0,18,34,12
prewhitened_ar,ex_games_12m_pct,fred_asian_nie_computer_electronics_gbp_12m_pct,pandemic_2020_2022,3,-0.037413860234472913,0.022474664776428312,0.5,1.0,18,33,12
prewhitened_ar,ex_games_12m_pct,fred_asian_nie_computer_electronics_gbp_12m_pct,pandemic_2020_2022,4,-0.03397222120866906,0.061443001672306756,0.5,1.0,18,32,12
prewhitened_ar,ex_games_12m_pct,fred_asian_nie_computer_electronics_gbp_12m_pct,pandemic_2020_2022,5,0.004655862454747373,-0.0008322582009059605,1.0,1.0,18,31,12
prewhitened_ar,ex_games_12m_pct,fred_asian_nie_computer_electronics_gbp_12m_pct,pandemic_2020_2022,6,-0.31097336810148857,-0.1881612165812065,1.0,1.0,18,30,12
prewhitened_ar,ex_games_12m_pct,fred_asian_nie_computer_electronics_gbp_12m_pct,pandemic_2020_2022,7,-0.31894191882868966,-0.36672491206617297,0.5,1.0,18,29,12
prewhitened_ar,ex_games_12m_pct,fred_asian_nie_computer_electronics_gbp_12m_pct,pandemic_2020_2022,8,-0.08374012054428688,-0.04135424140082775,1.0,1.0,18,28,12
prewhitened_ar,ex_games_12m_pct,fred_asian_nie_computer_electronics_gbp_12m_pct,pandemic_2020_2022,9,-0.01614838651624734,0.2553577969650371,1.0,1.0,18,27,12
prewhitened_ar,ex_games_12m_pct,fred_asian_nie_computer_electronics_gbp_12m_pct,pandemic_2020_2022,10,-0.14333424580132179,-0.18074137852062136,0.5,1.0,18,26,12
prewhitened_ar,ex_games_12m_pct,fred_asian_nie_computer_electronics_gbp_12m_pct,pandemic_2020_2022,11,0.33604738943963214,0.3825310926245077,0.5,1.0,18,25,12
prewhitened_ar,ex_games_12m_pct,fred_asian_nie_computer_electronics_gbp_12m_pct,pandemic_2020_2022,12,0.038758509991887354,0.13521999207705612,1.0,1.0,18,24,12
prewhitened_ar,ex_games_12m_pct,fred_asian_nie_computer_electronics_gbp_12m_pct,pandemic_2020_2022,13,-0.35912688467405646,-0.22222614107229618,1.0,1.0,18,23,12
prewhitened_ar,ex_games_12m_pct,fred_asian_nie_computer_electronics_gbp_12m_pct,pandemic_2020_2022,14,0.13040669866611504,0.06008540050800615,1.0,1.0,18,22,12
prewhitened_ar,ex_games_12m_pct,fred_asian_nie_computer_electronics_gbp_12m_pct,pandemic_2020_2022,15,0.09812295100796957,0.10516047212182143,0.5,1.0,18,21,12
prewhitened_ar,ex_games_12m_pct,fred_asian_nie_computer_electronics_gbp_12m_pct,pandemic_2020_2022,16,-0.1380008407092721,-0.058413029278693254,1.0,1.0,18,20,12
prewhitened_ar,ex_games_12m_pct,fred_asian_nie_computer_electronics_gbp_12m_pct,pandemic_2020_2022,17,-0.1894755048711617,-0.1732524683892286,0.5,1.0,18,19,12
prewhitened_ar,ex_games_12m_pct,fred_asian_nie_computer_electronics_gbp_12m_pct,pandemic_2020_2022,18,0.32789815655842985,0.32789815655842985,0.5,1.0,18,18,12
prewhitened_ar,ex_games_12m_pct,fred_asian_nie_computer_electronics_gbp_12m_pct,post_2022,0,-0.12329360862080534,0.14154613364812682,1.0,1.0,18,33,12
prewhitened_ar,ex_games_12m_pct,fred_asian_nie_computer_electronics_gbp_12m_pct,post_2022,1,0.18032109300660504,-0.1776496926990306,0.5,1.0,18,32,12
prewhitened_ar,ex_games_12m_pct,fred_asian_nie_computer_electronics_gbp_12m_pct,post_2022,2,0.3158702216057583,0.32804191994427306,1.0,1.0,18,31,12
prewhitened_ar,ex_games_12m_pct,fred_asian_nie_computer_electronics_gbp_12m_pct,post_2022,3,0.2464251312372123,0.27219077769864297,0.5,1.0,18,30,12
prewhitened_ar,ex_games_12m_pct,fred_asian_nie_computer_electronics_gbp_12m_pct,post_2022,4,-0.04218819684803989,0.26926169779601855,1.0,1.0,18,29,12
prewhitened_ar,ex_games_12m_pct,fred_asian_nie_computer_electronics_gbp_12m_pct,post_2022,5,0.0005089544912001293,-0.028186610058724956,1.0,1.0,18,28,12
prewhitened_ar,ex_games_12m_pct,fred_asian_nie_computer_electronics_gbp_12m_pct,post_2022,6,-0.2096943798695076,-0.44798865310900027,0.5,1.0,18,27,12
prewhitened_ar,ex_games_12m_pct,fred_asian_nie_computer_electronics_gbp_12m_pct,post_2022,7,-0.0165697421604938,0.12777127473893532,1.0,1.0,18,26,12
prewhitened_ar,ex_games_12m_pct,fred_asian_nie_computer_electronics_gbp_12m_pct,post_2022,8,-0.09099495980571806,-0.24182170863415606,0.5,1.0,18,25,12
prewhitened_ar,ex_games_12m_pct,fred_asian_nie_computer_electronics_gbp_12m_pct,post_2022,9,0.24125577836034517,0.32451791015512854,1.0,1.0,18,24,12
prewhitened_ar,ex_games_12m_pct,fred_asian_nie_computer_electronics_gbp_12m_pct,post_2022,10,0.03968952988768206,-0.1390333566525724,0.5,1.0,18,23,12
prewhitened_ar,ex_games_12m_pct,fred_asian_nie_computer_electronics_gbp_12m_pct,post_2022,11,0.19138724873650048,0.2966960177133554,0.5,1.0,18,22,12
prewhitened_ar,ex_games_12m_pct,fred_asian_nie_computer_electronics_gbp_12m_pct,post_2022,12,0.0008261818741646063,-0.2626412804329263,1.0,1.0,18,21,12
prewhitened_ar,ex_games_12m_pct,fred_asian_nie_computer_electronics_gbp_12m_pct,post_2022,13,0.3184045982013924,0.359481716147496,0.5,1.0,18,20,12
prewhitened_ar,ex_games_12m_pct,fred_asian_nie_computer_electronics_gbp_12m_pct,post_2022,14,-0.22732394606783346,-0.21283226711559836,0.5,1.0,18,19,12
prewhitened_ar,ex_games_12m_pct,fred_asian_nie_computer_electronics_gbp_12m_pct,post_2022,15,0.11710815401067949,0.015480236663337277,1.0,1.0,18,18,12
prewhitened_ar,ex_games_12m_pct,fred_asian_nie_computer_electronics_gbp_12m_pct,post_2022,16,-0.09430039547186378,-0.13429175638243152,0.5,1.0,18,17,12
prewhitened_ar,ex_games_12m_pct,fred_asian_nie_computer_electronics_gbp_12m_pct,post_2022,17,-0.22996656755329734,-0.16053627128657733,0.5,1.0,18,16,12
prewhitened_ar,ex_games_12m_pct,fred_asian_nie_computer_electronics_gbp_12m_pct,post_2022,18,0.41514365622179394,0.41514365622179394,0.5,1.0,18,15,12
