date,headline_index,headline_1m_pct,headline_3m_annualised_pct,headline_12m_pct,ex_games_index,ex_games_1m_pct,ex_games_3m_annualised_pct,ex_games_12m_pct,telecom_computing_index,telecom_computing_1m_pct,telecom_computing_3m_annualised_pct,telecom_computing_12m_pct,audio_visual_optical_index,audio_visual_optical_1m_pct,audio_visual_optical_3m_annualised_pct,audio_visual_optical_12m_pct,media_games_index,media_games_1m_pct,media_games_3m_annualised_pct,media_games_12m_pct,jp_epi_all_yen,jp_epi_electronics_contract,jp_epi_electronics_yen,jp_ppi_electronic_components,jp_ppi_information_communications,gbpjpy,gbpusd,fred_asian_nie_semiconductor,fred_asian_nie_computer_electronics,fred_asian_nie_all_imports,fred_fx_krw_per_usd,fred_fx_twd_per_usd,fred_fx_cny_per_usd,fred_fx_hkd_per_usd,wto_china_manufactures_export,wto_taiwan_manufactures_export,wto_japan_manufactures_export,wto_korea_manufactures_export,wto_singapore_manufactures_export,cn_ppi_tech_same_month_previous_year_100,cn_ppi_tech_12m_pct,hk_ppi_manufacturing,hk_ppi_tech,kr_epi_tech,kr_epi_tech_12m_pct,kr_epi_all,kr_epi_all_12m_pct,tw_epi_all_twd,tw_epi_integrated_circuits_twd,tw_epi_optical_medical_twd,tw_epi_all_usd,tw_epi_integrated_circuits_usd,tw_epi_optical_medical_usd,tw_ppi_all,tw_ppi_computer_electronic_optical,tw_ppi_electronic_components,gbpkrw,gbptwd,gbpcny,gbphkd,jp_epi_electronics_gbp,fred_asian_nie_semiconductor_gbp,fred_asian_nie_computer_electronics_gbp,wto_asian_nie_manufactures_export,tw_epi_integrated_circuits_gbp,tw_epi_optical_medical_gbp,tw_ppi_computer_electronic_optical_gbp,jp_epi_all_yen_12m_pct,jp_epi_all_yen_1m_pct,jp_epi_electronics_contract_12m_pct,jp_epi_electronics_contract_1m_pct,jp_epi_electronics_yen_12m_pct,jp_epi_electronics_yen_1m_pct,jp_ppi_electronic_components_12m_pct,jp_ppi_electronic_components_1m_pct,jp_ppi_information_communications_12m_pct,jp_ppi_information_communications_1m_pct,gbpjpy_12m_pct,gbpjpy_1m_pct,gbpusd_12m_pct,gbpusd_1m_pct,fred_asian_nie_semiconductor_12m_pct,fred_asian_nie_semiconductor_1m_pct,fred_asian_nie_computer_electronics_12m_pct,fred_asian_nie_computer_electronics_1m_pct,fred_asian_nie_all_imports_12m_pct,fred_asian_nie_all_imports_1m_pct,fred_fx_krw_per_usd_12m_pct,fred_fx_krw_per_usd_1m_pct,fred_fx_twd_per_usd_12m_pct,fred_fx_twd_per_usd_1m_pct,fred_fx_cny_per_usd_12m_pct,fred_fx_cny_per_usd_1m_pct,fred_fx_hkd_per_usd_12m_pct,fred_fx_hkd_per_usd_1m_pct,wto_china_manufactures_export_12m_pct,wto_china_manufactures_export_1m_pct,wto_taiwan_manufactures_export_12m_pct,wto_taiwan_manufactures_export_1m_pct,wto_japan_manufactures_export_12m_pct,wto_japan_manufactures_export_1m_pct,wto_korea_manufactures_export_12m_pct,wto_korea_manufactures_export_1m_pct,wto_singapore_manufactures_export_12m_pct,wto_singapore_manufactures_export_1m_pct,kr_epi_tech_1m_pct,kr_epi_all_1m_pct,tw_epi_all_twd_12m_pct,tw_epi_all_twd_1m_pct,tw_epi_integrated_circuits_twd_12m_pct,tw_epi_integrated_circuits_twd_1m_pct,tw_epi_optical_medical_twd_12m_pct,tw_epi_optical_medical_twd_1m_pct,tw_epi_all_usd_12m_pct,tw_epi_all_usd_1m_pct,tw_epi_integrated_circuits_usd_12m_pct,tw_epi_integrated_circuits_usd_1m_pct,tw_epi_optical_medical_usd_12m_pct,tw_epi_optical_medical_usd_1m_pct,tw_ppi_all_12m_pct,tw_ppi_all_1m_pct,tw_ppi_computer_electronic_optical_12m_pct,tw_ppi_computer_electronic_optical_1m_pct,tw_ppi_electronic_components_12m_pct,tw_ppi_electronic_components_1m_pct,gbpkrw_12m_pct,gbpkrw_1m_pct,gbptwd_12m_pct,gbptwd_1m_pct,gbpcny_12m_pct,gbpcny_1m_pct,gbphkd_12m_pct,gbphkd_1m_pct,jp_epi_electronics_gbp_12m_pct,jp_epi_electronics_gbp_1m_pct,fred_asian_nie_semiconductor_gbp_12m_pct,fred_asian_nie_semiconductor_gbp_1m_pct,fred_asian_nie_computer_electronics_gbp_12m_pct,fred_asian_nie_computer_electronics_gbp_1m_pct,wto_asian_nie_manufactures_export_12m_pct,wto_asian_nie_manufactures_export_1m_pct,tw_epi_integrated_circuits_gbp_12m_pct,tw_epi_integrated_circuits_gbp_1m_pct,tw_epi_optical_medical_gbp_12m_pct,tw_epi_optical_medical_gbp_1m_pct,tw_ppi_computer_electronic_optical_gbp_12m_pct,tw_ppi_computer_electronic_optical_gbp_1m_pct,wto_china_manufactures_export_12m_pct_lag1,wto_taiwan_manufactures_export_12m_pct_lag1,wto_korea_manufactures_export_12m_pct_lag1,wto_asian_nie_manufactures_export_12m_pct_lag1,kr_epi_tech_gbp_12m_pct,cn_ppi_tech_gbp_12m_pct,hk_ppi_tech_12m_pct,hk_ppi_tech_gbp_12m_pct,hk_ppi_manufacturing_12m_pct
2015-01-01,103.7130694019654,,,,104.81416852960544,,,,108.85721459580236,,,,101.60758043570723,,,,101.81988022251292,,,,112.2,112.1,118.9,103.2,104.6,179.09957142857144,1.5143285714285715,99.9,91.7,87.6,1088.1299999999999,31.6385,6.218135,7.753105000000001,124.6,93.1,85.5,73.1,95.5,,,,,,,,,109.62,114.25,120.24,97.04,101.13,106.46,,,,1647.7863484285713,47.91108450714286,9.4162994915,11.740748418785715,0.6638765188079735,65.96983104251767,60.554889955944645,87.23333333333333,2.3846256283964298,2.509648888913669,,2.1857923497267784,-2.857142857142858,-2.0104895104895215,0.5381165919282394,5.035335689045928,-0.6683375104427736,0.3891050583657574,0.4868549172346581,1.7509727626459082,0.38387715930900956,4.783861199813755,-4.054699283810271,-8.053816171188554,-3.1732692711711086,-4.766444232602474,0.7056451612903247,-4.079497907949781,-0.8648648648648671,-2.2321428571428603,-0.9049773755656187,1.9682137078384843,-1.3143557760784352,4.9867267124911185,0.9141238475675495,2.763156755701801,0.4767846095603989,-0.060151663585261694,-0.012402094384877937,1.300813008130075,0.8906882591093179,-5.28992878942015,-0.9574468085106425,-8.94568690095847,-1.6110471806674354,-7.468354430379753,-2.1419009370816755,-3.8267875125881146,-1.6477857878475777,,,-2.948207171314743,-0.98455424080931,2.6873988854934305,0.874095002648767,2.1319969421557783,0.4259584064144173,-7.677671011321463,-1.7714343557040158,-2.3276028587985387,0.06926578270334272,-2.856100009124929,-0.37432154220475855,,,,,,,-6.244118777235497,-4.445916999293386,-3.4687112610810145,-2.2881530347588552,-5.513198981112755,-2.711614321115563,-8.109123330364742,-3.185277813705889,0.23999353178314475,3.529471217547675,3.5753217824750827,4.006036766153609,4.32243960297285,2.384056953003122,-5.386840202458421,-1.542513167795312,6.37732099819408,3.236299523160713,5.801961494976626,2.777668753041551,,,0.5700325732899136,-4.471544715447163,-5.800756620428748,-4.388489208633118,,,1.4545454545454417,,1.274509803921564
2015-02-01,102.78219005313176,-0.8975525979525334,,,104.20783438040824,-0.5784849106788004,,,106.30299863608474,-2.3463910676032596,,,102.47432970456762,0.8530360285557981,,,100.42639423977482,-1.3685794755334937,,,111.0,111.3,118.1,102.5,104.1,182.083965,1.533365,99.8,91.8,87.5,1101.4605263157894,31.553684210526313,6.2518473684210525,7.755084210526316,121.3,92.2,84.7,72.6,95.2,,,,,,,,,108.35,113.01,119.6,96.35,100.49,106.36,,,,1688.9410199342105,48.38331498947368,9.586363940078948,11.891374700473685,0.6486018689234936,65.08561236235339,59.86832880625291,86.66666666666667,2.3357225527971073,2.4719265314090255,,2.398523985239853,-1.0695187165775444,-2.196836555360282,-0.7136485280999083,5.919282511210766,-0.6728343145500526,0.19550342130987275,-0.6782945736434121,1.2645914396887115,-0.47801147227533036,7.67707586464812,1.6663320563102602,-7.444339483127537,1.2570870635736808,-3.481624758220514,-0.10010010010010895,-3.368421052631587,0.10905125408942062,-2.2346368715083775,-0.11415525114154557,2.8147141561556177,1.2250858184030822,4.115869542565376,-0.2680777833136472,2.799384511001257,0.5421620537516825,-0.04409422324972434,0.025527972680805533,-3.03756994404476,-2.6484751203852297,-6.5856129685916915,-0.9667024704618554,-10.180275715800635,-0.9356725146198785,-7.984790874524728,-0.6839945280437743,-4.3216080402009975,-0.3141361256544517,,,-4.713745492920585,-1.1585477102718622,0.6950013365410346,-1.0853391684901514,0.6649271946805868,-0.5322687957418526,-8.27303884234578,-0.7110469909315853,-3.0767746913580307,-0.632848808464348,-3.12414609709446,-0.09393199323689538,,,,,,,-4.83916220423578,2.4975732773175885,-3.634869241993388,0.9856393091256743,-4.8533506585632935,1.806064566366694,-7.485151182706096,1.2829359450966527,-1.6324675789366139,-2.300826953769408,4.281439625385919,-1.3403379487123446,4.403748412289632,-1.1337831679509747,-6.171057380007216,-0.6495987772258238,4.493192241296962,-2.0507653284011718,4.461983710136463,-1.5030930291197953,,,1.300813008130075,-5.28992878942015,-7.468354430379753,-5.386840202458421,,,1.4545454545454417,,1.274509803921564
2015-03-01,104.02078979525916,1.2050723393684404,,,103.47212490399562,-0.7060020782381216,,,105.92896837805591,-0.3518529701210582,,,101.455116453197,-0.9946034819734773,,,104.98796742239692,4.542205480096251,,,111.9,111.2,118.8,102.4,104.1,180.08629545454545,1.4957181818181817,99.5,91.5,86.9,1112.9004545454545,31.438181818181818,6.238604545454546,7.7584409090909086,122.2,92.0,83.9,72.6,94.7,,,102.0,105.5,,,,,108.25,112.3,119.03,96.38,99.98,105.99,,,,1664.5854444173551,47.02266014876032,9.331194247809918,11.604441130289255,0.6596837349568647,66.5232269083262,61.17462574986781,86.43333333333334,2.3882102723395287,2.5313327579392175,,3.3240997229917024,0.8108108108108247,-2.026431718061672,-0.08984725965857088,6.738544474393526,0.592718035563089,0.4906771344455274,-0.09756097560974508,0.7744433688286589,0.0,5.859262570080781,-1.0971144798250343,-10.016009092393595,-2.455176567993811,-2.7370478983382185,-0.30060120240480437,-3.2769556025369906,-0.32679738562091387,-2.6875699888017857,-0.6857142857142784,3.9616871184362745,1.0386144538406583,3.4166917059819557,-0.36605041609044653,1.0647930227365432,-0.2118225571756227,-0.03610179585308293,0.043283844165564744,0.49342105263159297,0.7419620774938185,-6.218144750254839,-0.2169197396963196,-10.839532412327301,-0.9445100354191216,-7.633587786259543,0.0,-4.919678714859432,-0.5252100840336116,,,-4.659150960014102,-0.09229349330871495,0.2857653152348538,-0.6282629855764998,0.058843308675182726,-0.47658862876253094,-7.87612311221565,0.03113648157757609,-3.1013762357046004,-0.5075131853915726,-3.3290769792046704,-0.3478751410304626,,,,,,,-6.451124915952078,-1.442061932855665,-6.94153353834186,-2.8122398000413606,-9.057865835629519,-2.661798507379942,-10.048494929091511,-2.4129554186279267,0.8306140463907541,1.7085775672777581,8.08917355258143,2.20880543916393,7.4891693754460364,2.1819499051699998,-6.1527325370973385,-0.26923076923076605,7.766406570383899,2.2471726994957253,7.52255771365129,2.403235928550429,,,-3.03756994404476,-6.5856129685916915,-7.984790874524728,-6.171057380007216,,,-5.40788267644362,,-1.1730205278592365
2015-04-01,101.51763815191616,-2.4063955371516066,-8.202242756977828,,102.79225847227752,-0.6570527399035186,-7.495755920902325,,104.71924955541594,-1.142009443840286,-14.359890280085551,,101.25531949275586,-0.1969313795360139,-1.3795557530469682,,99.35892649566028,-5.3616057772500785,-9.322980814685913,,111.1,110.3,117.3,102.0,105.1,178.94683,1.49671,99.8,91.5,86.7,1084.6709090909092,30.970909090909092,6.200995454545454,7.75085,120.9,92.3,83.9,72.9,95.0,,,,,,,,,107.02,111.11,117.92,96.53,100.23,106.4,,,,1623.4377963454547,46.35446934545455,9.281091906772726,11.600774703499999,0.6555019722897578,66.6795838873262,61.13408743176701,86.73333333333333,2.396964123824994,2.5438755240882305,,2.775208140610541,-0.71492403932083,-2.3029229406554497,-0.8093525179856176,5.770964833183045,-1.2626262626262652,-1.8286814244465877,-0.390625,-1.3145539906103343,0.9606147934678289,4.295239028873188,-0.632733019283549,-10.607621624365782,0.06631049845315928,-0.20000000000000018,0.3015075376884502,-2.2435897435897356,0.0,-2.474690663667045,-0.23014959723820505,4.0316994049604205,-2.5365741688078702,2.5773816692761686,-1.486322364235726,-0.3794320932660966,-0.6028446046719482,-0.04050699991440254,-0.09784065097426797,-0.24752475247524774,-1.0638297872340385,-5.816326530612248,0.3260869565217428,-10.45891141942369,0.0,-6.896551724137923,0.4132231404958775,-4.714142427281853,0.31678986272438703,,,-5.023074192403277,-1.1362586605080827,-0.017996940520104143,-1.059661620658947,-0.40540540540541237,-0.9325380156263163,-7.617953871183836,0.15563394895206084,-2.727096273291929,0.2500500100020009,-3.105363810217643,0.3868289461270047,,,,,,,-7.003589637315355,-2.4719456853296684,-8.303638850382189,-1.4209974535508985,-10.946804996856818,-0.5369338554810588,-10.643831794997894,-0.03159503114446016,1.4149503065056468,-0.633904164300847,11.642627496308577,0.23504118225574633,9.35653803239207,-0.0662665567690679,-5.724637681159416,0.34708831469341117,9.03595497791092,0.3665444197629153,8.613464423184137,0.49550048723046025,,,0.49342105263159297,-6.218144750254839,-7.633587786259543,-6.1527325370973385,,,-5.40788267644362,,-1.1730205278592365
2015-05-01,101.10989830075836,-0.4016443433678685,-6.350982552606743,,101.18219809336028,-1.5663245489945798,-11.117766989876952,,98.93639807408944,-5.52224305070701,-24.968726292403588,,103.02817674674075,1.750878139406531,2.1794857015934976,,100.94754976194108,1.5988732188548571,2.091985190088841,,112.5,110.1,118.0,101.7,104.6,186.8976157894737,1.5469631578947367,99.6,91.4,86.9,1092.6365,30.6185,6.20345,7.752689999999999,121.9,92.1,84.0,73.3,95.2,,,,,,,,,105.87,108.67,116.44,96.91,99.47,106.61,,,,1690.2684104710527,47.36569145,9.596508601842105,11.993125804578945,0.631361719097146,64.38420946982713,59.083501461267076,86.86666666666666,2.2942766520090565,2.4583194382988363,,4.748603351955305,1.2601260126012592,-1.5205724508050134,-0.1813236627379866,7.861060329067637,0.5967604433077645,-1.8339768339768248,-0.2941176470588225,-1.59924741298213,-0.4757373929590858,9.056725648478569,4.443099544973039,-8.159667188429342,3.3575748070592715,-0.2004008016032066,-0.2004008016032066,-2.1413276231263434,-0.10928961748633004,-2.249718785151855,0.23068050749712743,6.620873937990357,0.7343785882270026,1.6662977310459404,-1.1378713161911524,-0.5531801849048557,0.039583087466166234,0.005030765063263054,0.02373933181520904,-0.7328990228012922,0.8271298593879317,-6.307222787385558,-0.21668472372697867,-10.447761194029848,0.11918951132299238,-6.743002544529264,0.548696844993124,-4.3216080402009975,0.21052631578948322,,,-6.026983845197931,-1.0745655017753597,-2.2663908624876328,-2.1960219602195963,-1.6886187098953065,-1.255088195386711,-7.440305635148048,0.3936600020718828,-3.7356043743346556,-0.7582560111743075,-3.1698455949137117,0.19736842105262387,,,,,,,-2.07903452874445,4.116610705753021,-6.629333806605109,2.181498610218946,-8.667709711293615,3.398486926298072,-8.155046917052289,3.3821112046988677,-1.0963700884115024,-3.6827125185125875,8.666417186396957,-3.4423946336824107,6.553046337115154,-3.35424319989831,-5.716353111432704,0.1537279016141424,4.6727126644686034,-4.284063778646474,5.291506742038532,-3.3632182463039006,,,-0.24752475247524774,-5.816326530612248,-6.896551724137923,-5.724637681159416,,,-5.40788267644362,,-1.1730205278592365
2015-06-01,100.13761061924308,-0.9616147359016392,-14.116781700967753,,102.05094635937478,0.8585979375669517,-5.381801617885451,,101.48583503989866,2.576844331749406,-15.751389497692848,,102.52632772077229,-0.487098812980169,4.290750733371818,,96.89072687461804,-4.018743294800132,-27.46113688189259,,114.1,109.3,118.9,101.7,104.2,192.6963227272727,1.5568363636363636,98.6,90.9,86.2,1112.8831818181818,30.89818181818182,6.2052,7.75275,122.3,91.2,82.9,72.8,95.0,,,101.4,104.3,,,,,106.19,109.65,117.34,96.23,99.36,106.35,,,,1732.5770059338843,48.10341302479339,9.660481003636363,12.069763118181818,0.6170330513690278,63.3335669072478,58.387639268446506,86.33333333333333,2.2794640360234806,2.4393279524577767,,6.337371854613227,1.4222222222222136,-1.6201620162016206,-0.7266121707538598,9.383624655013811,0.7627118644067954,-1.4534883720930258,0.0,-1.790763430725717,-0.3824091778202643,11.683641631073382,3.1026115091435047,-7.91168023467812,0.6382314724975968,-0.8048289738430747,-1.0040160642570295,-2.676659528907921,-0.5470459518599591,-3.0371203599550034,-0.8055235903337232,9.240679670452456,1.8530116665681273,3.0282821546576244,0.9134406263592743,-0.4077415094613679,0.028210108891002506,0.01495852771227213,0.0007739249215488186,0.9909165978530199,0.3281378178835004,-7.411167512690353,-0.9771986970683932,-11.241970021413273,-1.3095238095238049,-7.848101265822793,-0.6821282401091366,-4.522613065326631,-0.21008403361344463,,,-5.491278034887859,0.3022574855955362,-1.1806056236481455,0.9018128278273752,-0.21260311250956843,0.7729302645139269,-8.273758459632063,-0.7016819729645962,-4.101920664028569,-0.11058610636373034,-3.159715898743398,-0.24387956101679098,,,,,,,0.5979064087372254,2.503069642710809,-5.122986080700831,1.5575019644168853,-8.287162539726856,0.6666216271819847,-7.897905177846254,0.6390103368515865,-2.0594036355451872,-2.2694863015465083,7.717429614250948,-1.6318326670947125,5.684782520857312,-1.177760585629395,-6.498194945848379,-0.6139677666922472,4.1552535163111415,-0.6456333839515271,5.175524360798245,-0.7725393838240002,,,-0.7328990228012922,-6.307222787385558,-6.743002544529264,-5.716353111432704,,,-3.65296803652968,7.109972076087279,-0.5847953216374213
2015-07-01,98.41835361187844,-1.7168943783788082,-11.66387140301044,,98.03889030992272,-3.931424638947989,-17.253065239931864,,97.87020969093788,-3.562689657664353,-23.70501533001065,,98.16217786536164,-4.256613840004397,-11.670586314890352,,99.0695925876534,2.248786631413058,-1.1597248732100107,,112.8,109.1,118.2,101.4,104.4,191.87351739130435,1.5560391304347825,97.8,90.6,85.9,1146.546818181818,31.19090909090909,6.20845,7.751413636363637,122.1,90.3,82.6,71.6,94.4,,,,,,,,,105.61,109.53,117.15,95.0,98.52,105.39,,,,1784.0717139664027,48.53427505928853,9.660591139347826,12.061502934367589,0.616030818671784,62.851889831763486,58.224756838014024,85.43333333333332,2.256755661152871,2.4137581092308853,,5.42056074766355,-1.1393514460999121,-1.7117117117117164,-0.18298261665141702,9.040590405904059,-0.5887300252312877,-1.6488845780795236,-0.2949852507374562,-1.3232514177693666,0.19193857965451588,10.464400244853955,-0.42699586807003476,-8.8362057985929,-0.05120854189960555,-0.40733197556008793,-0.8113590263691628,-2.580645161290329,-0.33003300330034513,-3.374578177727783,-0.34802784222737193,12.292706814615295,3.024902964984877,4.1464303059737695,0.9473931975991556,0.16155100699883906,0.05237542706117981,0.01589405527144816,-0.01723728530345081,0.7425742574257432,-0.16353229762878785,-8.510638297872342,-0.9868421052631637,-10.895361380798285,-0.361881785283491,-9.937106918239003,-1.6483516483516536,-5.4108216432865675,-0.6315789473684164,,,-5.974002849002846,-0.5461907900932261,0.1279824481213998,-0.10943912448700965,-0.3911232038091961,-0.1619226180330613,-9.566872917658253,-1.2781876753611199,-3.704427719675507,-0.8454106280193274,-4.2170317186221995,-0.9026798307475215,,,,,,,2.3702921436653313,2.9721454143830206,-5.056162607750192,0.895699509456982,-8.688929771042186,0.0011400644690517936,-8.82171617475499,-0.0684370002405954,-1.288930945891975,-0.16242771680059498,9.245856753626347,-0.760539945886407,6.86189149113543,-0.2789673164958817,-7.805755395683467,-1.0424710424710493,5.460222799352277,-0.9962155362724712,4.913472566595267,-1.0482331086776653,,,0.9909165978530199,-7.411167512690353,-7.848101265822793,-6.498194945848379,,,-3.65296803652968,7.109972076087279,-0.5847953216374213
2015-08-01,97.53743300828548,-0.8950775655798493,-13.401455580605049,,97.91030571407956,-0.1311567230480537,-12.320677151497128,,97.24238587618518,-0.6414861240568448,-6.674990512645119,,98.48524767183837,0.3291184176046569,-16.50496169028721,,96.87236120935664,-2.2178665732906166,-15.195985030273606,,111.9,108.8,118.0,101.3,104.2,191.87498,1.55834,97.5,90.3,86.0,1178.1438095238095,32.191428571428574,6.3382523809523805,7.753009523809523,116.5,88.9,82.3,70.1,93.5,,,,,,,,,107.27,113.07,119.83,93.39,98.44,104.35,,,,1835.9486241333334,50.165190800000005,9.877152215333332,12.081824861333333,0.6149837774575925,62.566577255284464,57.946276165663456,84.16666666666667,2.2539533528496016,2.388708147801961,,3.707136237256714,-0.7978723404255206,-2.246181491464505,-0.274977085242889,7.861060329067637,-0.16920473773266442,-1.8410852713178327,-0.09861932938857176,-1.2322274881516604,-0.19157088122605526,11.608913253064678,0.000762277522992072,-6.739000984472865,0.14786707610461303,-1.0152284263959421,-0.30674846625766694,-2.9032258064516148,-0.3311258278145712,-3.1531531531531543,0.11641443538998875,14.991343470187847,2.755839608198274,7.401935084123745,3.2077278594329073,2.991874599088362,2.0907373169209764,0.03416123118060721,0.020588340666005678,-4.58640458640458,-4.58640458640458,-9.746192893401007,-1.5503875968992165,-11.69527896995709,-0.363196125907983,-11.82389937106919,-2.0949720670391025,-6.499999999999995,-0.9533898305084776,,,-4.248861911987866,1.5718208502982556,3.5060417429513047,3.231991235277998,1.7146252440370047,2.287665386256932,-10.751146788990829,-1.69473684210526,-3.51857296873469,-0.08120178643929998,-5.188079229511178,-0.9868108928740904,,,,,,,7.242075701673323,2.90778166375365,0.1641176214617346,3.360338108932659,-3.9487488440712815,2.241695905165142,-6.707141878997835,0.16848586014799327,-3.3580229524312832,-0.16996571964517093,6.13736998155463,-0.4539443081866268,4.112946696381203,-0.478285676873369,-9.172661870503596,-1.4826375341396636,3.336448421698579,-0.12417420066813678,1.5479671357310876,-1.0377991619427873,,,0.7425742574257432,-8.510638297872342,-9.937106918239003,-7.805755395683467,,,-3.65296803652968,7.109972076087279,-0.5847953216374213
2015-09-01,96.34449410722289,-1.2230575116337628,-14.31225682876459,,97.63394160333333,-0.2822625348074092,-16.221005283538304,,96.06279825317452,-1.213038545262124,-19.721506325833893,,98.89838754760956,0.4194941735312651,-13.420467803006986,,94.16700751845354,-2.7926992354985303,-10.779177666249971,,108.9,108.1,115.6,100.7,104.5,184.15345,1.5326227272727273,97.3,90.1,86.0,1184.33,32.66952380952381,6.3676047619047615,7.750100000000001,120.0,87.9,82.3,69.0,92.3,,,98.8,96.6,,,,,107.63,113.93,121.13,92.41,97.82,104.02,,,,1815.131074590909,50.07005467965368,9.75913577638528,11.877979398636365,0.6277373570791098,63.485943584526815,58.788114254530996,83.06666666666666,2.2754119349163857,2.4192104597245834,,-1.089918256130784,-2.680965147453085,-2.6126126126126192,-0.6433823529411797,3.7701974865349985,-2.033898305084747,-2.3278370514063895,-0.5923000987166804,-0.38131553860820677,0.2879078694817627,5.291699558065366,-4.024250582332312,-6.000802894882096,-1.6502992111652626,-1.0172939979654072,-0.20512820512821328,-3.013993541442428,-0.22148394241418012,-3.2620922384701934,0.0,14.329549152972444,0.5250794025468464,8.425128407743987,1.4851631608532312,3.736846678272321,0.4630989614833103,-0.03163320712807893,-0.037527669746661996,-1.8003273322422242,3.0042918454935563,-10.214504596527064,-1.1248593925759276,-9.956236323851208,0.0,-12.436548223350252,-1.5691868758915706,-7.142857142857151,-1.2834224598930466,,,-3.600537393640846,0.3356017525869337,4.398423898103188,0.7605907844698168,2.513540961408256,1.0848702328298376,-10.998747953385346,-1.0493628868187166,-3.616119814760077,-0.6298252742787502,-5.358930033663912,-0.3162434115955848,,,,,,,7.468858257695232,-1.1338851898566205,1.918750163472449,-0.18964568624011413,-2.488197020256855,-1.1948427681902407,-6.030537855601093,-1.6872075620741334,-1.4450351527390048,2.0738074871246237,5.301650493188448,1.469420846678493,3.1774838992502774,1.4527906615789954,-9.742846794639636,-1.3069306930693192,2.432990721190631,0.9520419772509836,0.5835931042931675,1.2769375760990131,,,-4.58640458640458,-9.746192893401007,-11.82389937106919,-9.172661870503596,,,-7.780725022104329,0.12722854563536057,-2.780441035474579
2015-10-01,100.00131581121992,3.795568950652539,6.5904940347664365,,97.90104605685502,0.273577455888141,-0.5612214017965633,,96.59934912796705,0.5585417919832469,-5.093769230079603,,98.96384237017828,0.0661839127935159,3.3069297017833232,,103.5263512343146,9.939090093764458,19.24553395393378,,107.9,107.0,114.3,100.2,104.5,184.12000454545455,1.533918181818182,97.0,90.1,85.9,1143.1990476190476,32.43666666666667,6.3505,7.749880952380953,121.0,87.3,81.8,68.4,92.3,,,,,,,,,106.42,112.48,120.99,91.7,96.93,104.29,,,,1753.5738045800867,49.75519275757576,9.741147413636364,11.887683299783552,0.6207907732903745,63.23674961921638,58.73846536795253,82.66666666666667,2.260668560727739,2.431705984730166,,-1.8198362147406777,-0.9182736455463747,-3.6903690369036846,-1.0175763182238562,2.0535714285714324,-1.1245674740484435,-2.434274586173324,-0.49652432969214955,0.0,0.0,6.064455540695368,-0.018161731178778506,-4.53609464690059,0.08452533832379316,-2.5125628140703515,-0.30832476875641834,-3.3261802575107358,0.0,-3.26576576576576,-0.11627906976743319,7.814800745471517,-3.4729300432271626,6.7123260358097125,-0.7127656473194799,3.680786279295667,-0.2686216017535048,-0.09452729196872678,-0.0028263844214615474,-0.7383100902379036,0.8333333333333304,-9.90712074303406,-0.6825938566553003,-9.911894273127754,-0.6075334143377908,-12.195121951219512,-0.8695652173912993,-6.767676767676766,0.0,,,-4.255510571300047,-1.1242218712254837,2.9942312975002494,-1.272711313964714,2.699261522790919,-0.11557830430116711,-10.431724946278564,-0.7683151174115332,-3.6385326573218024,-0.9098343896953409,-3.915607149437994,0.25956546817920145,,,,,,,2.9242193402896577,-3.3913402107721646,1.8717539269162309,-0.6288427765705262,-1.0222723169839076,-0.18432331674740343,-4.6263340914384665,0.08169656489134258,-3.781553482434108,-1.1066067218076903,2.1196826437653637,-0.39251832963410616,1.2674050835387973,-0.08445395333400718,-9.422936449963471,-0.48154093097911854,1.1018533865523539,-0.6479430806531572,0.8123032773818206,0.5165125239664059,,,-1.8003273322422242,-10.214504596527064,-12.436548223350252,-9.742846794639636,,,-7.780725022104329,0.12722854563536057,-2.780441035474579
2015-11-01,98.26075627153466,-1.7405366375088829,2.999501553315609,,95.68085513393645,-2.267790807494785,-8.801737137007192,,93.32252340123011,-3.39218199327207,-15.17507776052126,,97.59390514534888,-1.3842805534016067,-3.571356019230265,,102.59268160291914,-0.9018666457994318,25.79575459512644,,108.7,106.8,115.2,100.2,105.1,186.32464761904762,1.5189761904761905,97.1,89.9,85.4,1153.472105263158,32.60842105263158,6.364036842105262,7.750578947368421,119.7,86.7,80.8,67.5,91.7,,,,,,,,,105.86,112.24,120.78,90.92,96.39,103.76,,,,1752.0966642731833,49.53141518796992,9.666820438471177,11.772944883458647,0.6182756896206969,63.92463595466871,59.18460115679421,81.96666666666665,2.2660366067485307,2.4384524355228754,,-5.231037489102008,0.7414272474513428,-4.043126684636123,-0.18691588785046953,-1.9574468085106322,0.7874015748031482,-2.3391812865496964,0.0,0.19065776930409228,0.574162679425827,1.5152498145045268,1.197394644343941,-3.7431638212984675,-0.9741061498000136,-2.116935483870974,0.10309278350515427,-3.3333333333333326,-0.221975582685896,-3.6117381489841893,-0.5820721769499437,5.064277811671403,0.898623705601076,6.120336096070944,0.5295068933251823,3.904432963375082,0.21316183143471612,-0.04762890375730189,0.009006525284149802,-1.4814814814814836,-1.074380165289257,-9.404388714733546,-0.6872852233676952,-8.390022675736963,-1.2224938875305624,-11.764705882352944,-1.3157894736842146,-6.71414038657171,-0.6500541711809249,,,-4.449860095676506,-0.5262168765269748,0.8445642407906462,-0.21337126600284861,2.3212470349034175,-0.17356806347631482,-9.98910998910999,-0.8505997818974875,-5.015766653527787,-0.5571030640668551,-3.6135624709707437,-0.5081982932208295,,,,,,,1.131549775516394,-0.08423599297876505,2.1480780682824774,-0.44975721568634164,0.01511981996471512,-0.7630207408743095,-3.7890098971618436,-0.9651873576325243,-3.4208620176384374,-0.4051419218663477,1.68946788819071,1.087795213375875,0.4257676693261381,0.759529187640462,-9.094269870609995,-0.8467741935484052,-1.276102156929937,0.23745391580374253,0.1695273860220725,0.2774369448886427,,,-0.7383100902379036,-9.90712074303406,-12.195121951219512,-9.422936449963471,,,-7.780725022104329,0.12722854563536057,-2.780441035474579
2015-12-01,96.15645086758498,-2.1415522165681544,-0.7784292350679678,,94.31543044285088,-1.4270615466115966,-12.918136542907275,,92.67206937115822,-0.6969957587573572,-13.38870925049519,,95.54958884592249,-2.094717181756145,-12.871859174560774,,99.34056083039884,-3.169934464826163,23.854375036085074,,107.9,106.6,114.6,100.0,104.8,182.41261904761905,1.4982619047619048,97.3,90.0,85.1,1169.9463636363637,32.790454545454544,6.449095454545454,7.750731818181818,114.8,86.1,80.7,66.7,91.6,,,97.8,93.6,,,,,105.62,112.53,121.04,90.18,96.08,103.37,,,,1752.8860672510823,49.128688885281385,9.662434039718615,11.612626217207792,0.6282460095048771,64.94191682425668,60.06960446231347,81.46666666666667,2.2905150239764125,2.463733568844797,,-6.580086580086575,-0.7359705611775458,-4.394618834080721,-0.1872659176029967,-4.260651629072687,-0.520833333333337,-2.629016553067187,-0.1996007984031989,0.5758157389635254,-0.2854424357754515,-2.2798689614308976,-2.0995765302221137,-4.200577899162983,-1.3637004874837322,-1.9153225806451624,0.2059732234809486,-2.7027027027026973,0.11123470522802492,-3.7330316742081537,-0.3512880562061005,6.105805926579522,1.4282320567645668,4.588396764006952,0.5582407456317995,4.2087981224046445,1.336551226061955,-0.043007735530364855,0.0019723792820558472,-7.044534412955472,-4.093567251461994,-8.404255319148945,-0.6920415224913601,-7.134637514384357,-0.12376237623761277,-10.7095046854083,-1.185185185185178,-5.664263645726053,-0.10905125408943173,,,-4.597597326348102,-0.2267145286227068,-0.6445346989228384,0.2583749109052125,1.0941284556919673,0.21526742838218205,-8.715457030063767,-0.8139023317201843,-4.927765683752227,-0.32161012553170165,-3.265955455736469,-0.3758673862760187,,,,,,,1.6487488930988503,0.04505476176033252,0.19507968444918422,-0.8130724736214456,-0.16857362050844982,-0.045375817007065056,-4.241779061259743,-1.3617550055475824,-2.0269955091034353,1.6126009887752257,2.38545835497046,1.591375303739495,1.563553478311852,1.4953269739449215,-8.051166290443923,-0.610004066693759,-0.8379796553047103,1.0802304408932262,0.8972983245027821,1.0367695901560836,,,-1.4814814814814836,-9.404388714733546,-11.764705882352944,-9.094269870609995,,,-13.440860215053762,-7.885883552324213,-4.356243949661176
2016-01-01,95.28458550639684,-0.9067154136010668,-17.573333094361466,-8.126732671368453,93.3971038437646,-0.973675881851288,-17.17063942199183,-10.892673047934364,92.4795735536206,-0.2077171890557894,-15.99860992913782,-15.04506715792201,94.00393775228171,-1.6176428515387808,-18.58995599412395,-7.483341942422072,98.51222782905248,-0.8338316136150659,-18.01074655917113,-3.248532984159913,105.0,105.8,111.9,99.1,104.8,169.98064,1.43789,97.1,89.8,84.6,1203.3178947368422,33.433157894736844,6.5726,7.781178947368421,110.3,85.4,81.2,65.8,90.2,,,,,,,,,106.44,113.91,122.31,89.06,95.31,102.37,,,,1730.238767663158,48.07320340526316,9.450675814,11.188479396631578,0.6583102640394812,67.529505038633,62.45262154963176,80.46666666666665,2.3695113271259323,2.5442448461133598,,-6.417112299465244,-2.6876737720111232,-5.6199821587867955,-0.7504690431519689,-5.8873002523128655,-2.3560209424083656,-3.9728682170542706,-0.9000000000000008,0.19120458891013214,0.0,-5.091542852858389,-6.815306480728545,-5.047687329603889,-4.029462710760101,-2.8028028028028174,-0.20554984583761593,-2.071973827699025,-0.22222222222222365,-3.424657534246578,-0.5875440658049347,10.585857823683043,2.85239837805511,5.672386158436216,1.9600318391176152,5.700503446773042,1.9150677226757118,0.362099408797123,0.3928290889278152,-11.47672552166934,-3.919860627177696,-8.270676691729307,-0.813008130081283,-5.029239766081872,0.6195786864931829,-9.986320109439117,-1.3493253373313419,-5.549738219895284,-1.5283842794759694,,,-2.9009304871373875,0.7763681120999788,-0.29759299781182413,1.226339642761931,1.7215568862275488,1.0492399206873726,-8.22341302555647,-1.241960523397656,-5.754968851972697,-0.8014154870940815,-3.841818523389051,-0.9673986649898381,,,,,,,5.003829489983236,-1.2920006617110236,0.33837451142673114,-2.14840962371875,0.36507252696276193,-2.191561927855412,-4.703865566785181,-3.652462523487632,-0.8384473031952999,4.785427058788305,2.36422311754918,3.984465412960869,3.133903133285787,3.9670930225840673,-7.756973633931996,-1.2274959083469872,-0.6338228143870639,3.4488445752422825,1.3785178218561844,3.267856487676668,,,-7.044534412955472,-8.404255319148945,-10.7095046854083,-8.051166290443923,,,-13.440860215053762,-7.885883552324213,-4.356243949661176
2016-02-01,92.58059389207166,-2.837805926272996,-21.193971751393047,-9.925451243825933,93.3002356736937,-0.1037164602373019,-9.587022735855022,-10.467158032376531,91.07252990007784,-1.5214642536461764,-9.300746984324304,-14.327412143985253,95.11258225469597,1.1793596405883957,-9.788665889216908,-7.183991806626588,91.75262906340996,-6.861685005614115,-36.02525810907,-8.636937771215457,102.8,105.6,109.9,98.7,104.8,163.91001428571428,1.4296142857142857,97.1,89.7,85.2,1216.2285,33.2385,6.550050000000001,7.782945,108.4,85.2,81.8,65.5,90.8,,,,,,,,,105.71,113.04,121.35,88.94,95.1,102.11,,,,1738.7376382928571,47.51823443571429,9.364045052142858,11.12660935692857,0.6704898445584385,67.9204180947908,62.74419673638244,80.5,2.3788762638672476,2.55375649876407,,-7.38738738738739,-2.0952380952380945,-5.121293800539084,-0.1890359168241984,-6.943268416596093,-1.787310098302053,-3.707317073170724,-0.4036326942482238,0.672430355427478,0.0,-9.981082471641978,-3.5713630177446776,-6.766211194706695,-0.5755457152990973,-2.705410821643295,0.0,-2.287581699346397,-0.11135857461024301,-2.6285714285714246,0.7092198581560405,10.419617493519384,1.0729172498495254,5.339521617293852,-0.582230058404043,4.769832243269589,-0.3430910142105059,0.3592583744721711,0.02269646596646524,-10.634789777411369,-1.7225747960108673,-7.592190889370931,-0.23419203747072626,-3.423848878394342,0.738916256157629,-9.779614325068863,-0.45592705167172287,-4.621848739495804,0.6651884700665134,,,-2.4365482233502544,-0.6858323938369049,0.02654632333420892,-0.7637608638398685,1.4632107023411445,-0.7848908511160269,-7.690710949662682,-0.1347406242982352,-5.363717782863963,-0.2203336480956941,-3.9958631064309857,-0.2539806583960247,,,,,,,2.9483929735205416,0.49119640529022845,-1.7879728868259614,-1.1544247735488122,-2.3191158746499574,-0.9166620838777395,-6.431261000586009,-0.5529798778700412,3.3746396184878735,1.8501276957496815,4.355502897714336,0.5788774194837698,4.803654933205959,0.4668742152304395,-7.115384615384624,0.041425020712515526,1.8475529560847193,0.3952265023638546,3.3103721455831625,0.37384973640568475,,,-11.47672552166934,-8.270676691729307,-9.986320109439117,-7.756973633931996,,,-13.440860215053762,-7.885883552324213,-4.356243949661176
2016-03-01,95.05521078040954,2.672932613958734,-4.502936758218434,-8.619026093241821,93.02451225347409,-0.2955227478566358,-5.363514883664777,-10.097031118492184,90.61723291011498,-0.4999279041247861,-8.578626472149676,-14.454719707355236,95.09357075743009,-0.0199884145874351,-1.8954090502736665,-6.270305449505454,98.40174759546396,7.246788021146289,-3.726931118188892,-6.273309207363475,102.0,104.7,107.8,98.5,104.6,160.84861904761905,1.4250333333333334,96.9,89.6,84.7,1181.5730434782608,32.587391304347825,6.5026913043478265,7.760382608695652,111.4,86.0,82.4,66.1,91.5,,,99.2,96.2,,,,,104.45,111.02,119.03,89.38,95.0,101.88,,,,1683.7809727246376,46.43811885507247,9.266551865072465,11.058803896811595,0.6701953715131737,67.9984093939323,62.87572220532852,81.2,2.3907083821909207,2.5631959893008944,,-8.847184986595181,-0.7782101167315147,-5.845323741007191,-0.8522727272727182,-9.259259259259256,-1.9108280254777177,-3.80859375,-0.20263424518743856,0.4803073967339033,-0.1908396946564861,-10.682476619539361,-1.86772922413323,-4.725813281143942,-0.32043275075861466,-2.613065326633157,-0.2059732234809375,-2.0765027322404483,-0.11148272017837968,-2.5316455696202556,-0.5868544600938996,6.170595820347158,-2.8494198682023186,3.6554578531681425,-1.9588991550526513,4.233106249468799,-0.7230280021095159,0.02502693037809145,-0.28989529418937954,-8.837970540098194,2.7675276752767486,-6.521739130434778,0.9389671361502261,-1.7878426698450522,0.7334963325183574,-8.953168044077131,0.9160305343511421,-3.379091869060191,0.7709251101321701,,,-3.510392609699764,-1.1919402137924417,-1.139804096170971,-1.78697806086342,0.0,-1.9118252987227025,-7.262917617763021,0.4947155385653268,-4.980996199239851,-0.1051524710830698,-3.8777243136144945,-0.22524728234257774,,,,,,,1.153171702399547,-3.160722144496597,-1.243105540687417,-2.2730549513641396,-0.6927557290174913,-1.0411439343522066,-4.701969076765522,-0.6093991254824904,1.5934357631230966,-0.04391909104287661,2.2175449901716604,0.1148274721051612,2.7807222923049713,0.20962172724703354,-6.05476282298496,0.8695652173912993,0.1046017547250866,0.49738267195276187,1.2587531711009348,0.369631581609009,,,-10.634789777411369,-7.592190889370931,-9.779614325068863,-7.115384615384624,,,-9.302325581395355,-5.284712341693377,-3.264094955489616
2016-04-01,94.81529316640167,-0.2523981715869205,-1.955559521743433,-6.602148264604768,91.88776192910817,-1.221990093609404,-6.309176241544002,-10.608285784585847,90.08081860528692,-0.5919561738992329,-9.978546081677564,-13.978739355253476,93.43653350775394,-1.7425334189027477,-2.3926131300554765,-7.721852070755952,99.53190569685071,1.148514258133848,4.205037704684433,0.1740952799022199,100.9,103.4,104.9,98.0,104.4,156.83365238095237,1.4312238095238097,95.4,88.9,84.6,1145.7966666666666,32.32,6.475433333333334,7.755619047619048,111.0,86.4,83.5,66.4,91.7,,,,,,,,,103.54,109.11,117.24,89.67,94.49,101.55,,,,1639.8914702063494,46.25715352380953,9.267794363650795,11.100026638548753,0.6688615511242167,66.65624157813659,62.11467375572686,81.5,2.3587703022806794,2.534526901653257,,-9.180918091809176,-1.0784313725490158,-6.255666364460555,-1.241642788920727,-10.571184995737415,-2.6901669758812585,-3.9215686274509776,-0.5076142131979711,-0.666032350142709,-0.19120458891012104,-12.357401144824765,-2.4961150990535086,-4.3753426165516585,0.43440922016861894,-4.408817635270534,-1.5479876160990669,-2.841530054644803,-0.7812499999999889,-2.422145328719738,-0.11806375442739991,5.635419652490592,-3.027859937145938,4.355993894563803,-0.8205360835745967,4.425706820776831,-0.41917984014199217,0.061529349929978494,-0.06138306984073694,-8.188585607940446,-0.35906642728905647,-6.392199349945815,0.46511627906977715,-0.47675804529202503,1.3349514563106624,-8.916323731138542,0.4538577912254427,-3.4736842105263177,0.21857923497268228,,,-3.2517286488506714,-0.8712302537099093,-1.8000180001800037,-1.7204107368041788,-0.5766621438263342,-1.503822565739732,-7.106598984771573,0.3244573730140976,-5.7268282949216935,-0.5368421052631578,-4.558270676691734,-0.32391048292108593,,,,,,,1.0135081182619965,-2.6066040197180618,-0.20993837923108938,-0.3896913478078412,-0.14327563238790697,0.01340842415196164,-4.316505386490855,0.37275949661286223,2.038068442081431,-0.19901963601232087,-0.0350066809490901,-1.9738223699030888,1.6039927398185272,-1.2104011260759107,-6.033820138355117,0.3694581280788034,-1.59342483121383,-1.3359253745942934,-0.3674952782260932,-1.118489876205564,,,-8.837970540098194,-6.521739130434778,-8.953168044077131,-6.05476282298496,,,-9.302325581395355,-5.284712341693377,-3.264094955489616
2016-05-01,93.40029893188104,-1.492369202547672,3.58889854387594,-7.624969956892436,91.02108778855477,-0.9431877786097776,-9.418997546200302,-10.042389369155549,88.29907520559382,-1.9779387302198748,-11.636071368158497,-10.751677921941097,93.39344090514832,-0.0461196504063954,-7.036254076052706,-9.351554250325256,97.2658968058582,-2.276665834063518,26.289810744720587,-3.6470949168802114,100.5,103.3,104.3,97.7,104.2,158.167605,1.451845,95.2,88.7,84.7,1173.790476190476,32.539047619047615,6.525880952380952,7.763471428571429,110.8,86.3,83.9,66.1,91.4,,,,,,,,,104.38,110.12,117.94,89.77,94.69,101.44,,,,1704.1618339047618,47.24165359047618,9.474567631309522,11.271357176214286,0.6594270678878902,65.5717380298861,61.094676084568256,81.26666666666667,2.330993765683934,2.4965256513327563,,-10.666666666666668,-0.3964321110009994,-6.1762034514078135,-0.09671179883946612,-11.610169491525424,-0.5719733079123102,-3.9331366764995046,-0.3061224489795844,-0.3824091778202643,-0.19157088122605526,-15.3720584760353,0.850552543281613,-6.148702211123314,1.4408082327145966,-4.417670682730912,-0.20964360587002462,-2.9540481400437635,-0.22497187851518996,-2.5316455696202556,0.11820330969267712,7.427353579207363,2.4431742854732263,6.272507206582989,0.6777463460631683,5.1976070151440235,0.7790616697098907,0.13906693768781508,0.10124763612251453,-9.105824446267441,-0.18018018018017834,-6.297502714440828,-0.11574074074075513,-0.11904761904760752,0.47904191616767733,-9.822646657571632,-0.45180722891567937,-3.991596638655459,-0.32715376226826187,,,-1.407386417304246,0.8112806644774873,1.3343148983160136,0.9256713408486883,1.2882171075231819,0.5970658478335,-7.367660716128366,0.11152001784320298,-4.805468985623806,0.21166260979998963,-4.849451270987714,-0.10832102412604572,,,,,,,0.8219655143313798,3.919183974432472,-0.26187279384436435,2.128319603928741,-1.27068057344496,2.2310946870995885,-6.018186085308052,1.5435146531137756,4.445209131601757,-1.4105285646138777,1.8444406941355629,-1.6270097481856816,3.403953004748095,-1.642120306660333,-6.446661550268606,-0.2862985685071595,1.600378648439138,-1.1775854804466745,1.5541598231171738,-1.4993429462402896,,,-8.188585607940446,-6.392199349945815,-8.916323731138542,-6.033820138355117,,,-9.302325581395355,-5.284712341693377,-3.264094955489616
2016-06-01,94.359505708541,1.0269846966544982,-2.8955993508160582,-5.770164551531376,92.3301925330532,1.4382433525069738,-2.9522751730274854,-9.52539312285231,90.5739526070408,2.5763320806590606,-0.1909098499888295,-10.752123612687326,93.8605452343416,0.5001468247301188,-5.086569838905975,-8.452250928202265,97.66583303366878,0.411178265912504,-2.9580781456300165,0.7999797132844044,98.5,102.9,101.8,97.6,104.4,149.69372727272727,1.4208999999999998,94.4,88.2,84.3,1165.2022727272727,32.300000000000004,6.589222727272727,7.7620000000000005,110.5,86.6,85.0,66.0,91.4,,,101.8,103.4,,,,,104.42,110.33,117.4,90.27,95.37,101.5,,,,1655.6359093181816,45.895070000000004,9.362626573181817,11.0290258,0.6800552157708679,66.43676543036105,62.07333380251954,81.33333333333333,2.4039619070196427,2.558008953902892,,-13.672217353198945,-1.9900497512437831,-5.855443732845367,-0.38722168441431837,-14.381833473507156,-2.3969319271332723,-4.031465093412001,-0.10235414534289777,0.19193857965451588,0.19193857965451588,-22.316251211190952,-5.357530530523446,-8.73157685749656,-2.1314258753517223,-4.259634888438124,-0.8403361344537785,-2.970297029702973,-0.5636978579481422,-2.2041763341067333,-0.47225501770956635,4.701220376393334,-0.7316640948626829,4.53689537483819,-0.734648480945943,6.188724412955704,0.970624124987518,0.11931250201542287,-0.018953229685536588,-9.648405560098116,-0.27075812274367506,-5.043859649122817,0.34762456546928444,2.533172496984304,1.3110846245530272,-9.340659340659341,-0.1512859304084624,-3.7894736842105203,0.0,,,-1.6668236180431228,0.038321517532091676,0.6201550387596733,0.19070105339629162,0.051133458326235726,-0.4578599287773377,-6.193494752156303,0.5569789461958408,-4.015700483091777,0.7181328545781129,-4.560413728255752,0.05914826498423231,,,,,,,-4.440847151508298,-2.84749509237584,-4.590823989256576,-2.8504158684818925,-3.083225673156731,-1.181489884116571,-8.62268221829522,-2.1499751309955184,10.21374207783703,3.128192470025315,4.899769071364468,1.319207674624523,6.312456849175674,1.6018707040800217,-5.7915057915057915,0.08203445447088065,5.461716834688413,3.130344765821347,4.865315519610092,2.4627546901956787,,,-9.105824446267441,-6.297502714440828,-9.822646657571632,-6.446661550268606,,,-8.815165876777254,-4.3161403862846175,-2.7450980392156876
2016-07-01,93.40249531740794,-1.0142172576540376,-5.828313820588882,-5.0964663707452225,92.082952420316,-0.2677781838792081,0.8524021557696493,-6.075076809599411,89.10069181311653,-1.626583307362206,-4.281693174573908,-8.960354642658286,94.79220314280282,0.9925980145705892,5.93112819978503,-3.433068413764251,95.54695388399573,-2.1695193537566104,-15.078412109954298,-3.555721399117462,97.8,103.3,101.2,97.8,104.0,136.8539142857143,1.3140761904761906,94.2,88.0,84.0,1140.865,32.101,6.677105,7.756755,110.0,86.7,85.6,66.4,91.0,,,,,,,,,103.64,109.72,116.34,90.37,95.68,101.46,,,,1499.1835330476192,42.183159790476196,8.774224701809525,10.192967060857145,0.7394746473142267,71.68534114134137,66.96719766919364,81.36666666666667,2.60103796266044,2.7579726264666022,,-13.297872340425531,-0.7106598984771617,-5.316223648029328,0.38872691933915515,-14.382402707275798,-0.5893909626718985,-3.5502958579881727,0.2049180327868827,-0.3831417624521105,-0.3831417624521105,-28.67493328606875,-8.577388793065522,-15.549926427041939,-7.518038533592031,-3.6809815950920144,-0.21186440677966045,-2.8697571743929284,-0.22675736961451642,-2.211874272409786,-0.3558718861209953,-0.4955591949422744,-2.0886736403550654,2.9178082191780863,-0.6160990712074432,7.5486635150480375,1.3337274571631808,0.06890825192589212,-0.06757279051791132,-9.909909909909908,-0.4524886877828038,-3.9867109634551423,0.11547344110856006,3.6319612590798966,0.7058823529411784,-7.262569832402221,0.60606060606061,-3.601694915254239,-0.4376367614879695,,,-1.8653536596913156,-0.7469833365255751,0.17346845613073203,-0.5528867941629656,-0.6914212548015386,-0.9028960817717202,-4.873684210526308,0.11077877478675724,-2.8826634185951994,0.3250498060186624,-3.729006547110736,-0.03940886699508317,,,,,,,-15.968426531768243,-9.449684884824228,-13.085835239228228,-8.087819039221,-9.175074534808836,-6.284581220591489,-15.491733357592686,-7.580531175680583,20.038580035427177,8.73744222018864,14.054392530157012,7.900107232766884,15.01498899428948,7.884003592014999,-4.760046820132635,0.040983606557398744,15.25563034731421,8.197969155223683,14.260522457463498,7.817160774930643,,,-9.648405560098116,-5.043859649122817,-9.340659340659341,-5.7915057915057915,,,-8.815165876777254,-4.3161403862846175,-2.7450980392156876
2016-08-01,92.0513643464235,-1.4465683881280889,-5.653052314807317,-5.624577654607698,91.81803850804548,-0.2876905065568591,3.5485346362228,-6.222294130941519,89.69590723714616,0.6680255920773925,6.479471661721448,-7.760482809057823,93.74506629832912,-1.104665584041975,1.514522553390529,-4.8130877319859655,92.52430393313404,-3.1635230930872837,-18.119417310526977,-4.48843944954096,96.6,103.8,100.3,97.9,104.0,132.54641818181818,1.3100045454545455,94.3,87.8,84.1,1110.0182608695652,31.53739130434783,6.646573913043477,7.755960869565217,110.7,87.2,86.7,67.1,90.9,,,,,,,,,102.22,108.48,114.81,90.68,96.24,101.88,,,,1454.1289672766798,41.314125960474314,8.707042037786561,10.160343993498024,0.7567160348491293,71.98448305175901,67.02266820725812,81.73333333333333,2.62573629425887,2.77895265434975,,-13.672922252010732,-1.2269938650306789,-4.595588235294112,0.4840271055179146,-15.000000000000002,-0.8893280632411127,-3.3563672260611965,0.10224948875257045,-0.19193857965451588,0.0,-30.920426320399773,-3.1475139943043295,-15.935896822609607,-0.3098484738673801,-3.2820512820512904,0.10615711252652815,-2.7685492801771905,-0.2272727272727315,-2.209302325581397,0.11904761904761862,-5.782447618324271,-2.7038027400643205,-2.0317124654145813,-1.7557356333203655,4.864456534070172,-0.45725036458948987,0.038067098287841716,-0.010237920815892032,-4.978540772532192,0.6363636363636349,-1.9122609673790758,0.5767012687427853,5.3462940461725506,1.2850467289719836,-4.279600570613407,1.0542168674698704,-2.7807486631015954,-0.1098901098900984,,,-4.707746807122215,-1.370127363952145,-4.059432210135306,-1.1301494713816918,-4.189268129850621,-1.3151108818978852,-2.9018096155905226,0.343034192763092,-2.234863876472981,0.5852842809364489,-2.367034020124581,0.4139562389118945,,,,,,,-20.796859554656276,-3.0052735224052385,-17.64383768580362,-2.0601439871227645,-11.846635062789534,-0.7656820551804278,-15.90389605782827,-0.3200546726418674,23.046503434199984,2.331572501846191,15.052614686028875,0.4172985796745188,15.663460436432587,0.08283240152664462,-2.8910891089108937,0.4506349856616021,16.49470433535083,0.9495567520732218,16.337052599200263,0.76070471772689,,,-9.909909909909908,-3.9867109634551423,-7.262569832402221,-4.760046820132635,,,-8.815165876777254,-4.3161403862846175,-2.7450980392156876
2016-09-01,92.62033081978264,0.6180967304492135,-7.1712114908345725,-3.8654656106197223,92.11972838318351,0.3285736441773323,-0.9086762028699292,-5.647844519637357,89.19481343283285,-0.5586584937353645,-5.9529617047893835,-7.149474037015901,94.7903413981089,1.115018785578914,4.021726799834546,-4.153804982435205,93.48811833953376,1.0416878219329906,-16.043361833813886,-0.7209416512324984,97.1,104.1,100.9,98.0,103.5,133.86269545454545,1.3142045454545455,94.6,87.7,84.4,1108.3638095238096,31.45619047619048,6.670180952380953,7.756395238095238,110.6,87.5,86.7,67.7,91.1,,,102.6,105.4,,,,,102.38,109.0,114.45,91.07,96.95,101.82,,,,1456.6167564935065,41.33986850649351,8.765982126623378,10.193489878246753,0.7537574202983364,71.98270644185041,66.73238218763511,82.1,2.6366798912986065,2.768513885863537,,-10.835629017447213,0.5175983436852993,-3.700277520814066,0.28901734104045396,-12.716262975778536,0.5982053838484713,-2.681231380337634,0.10214504596526286,-0.9569377990430672,-0.48076923076922906,-27.30915687186667,0.9930689118446745,-14.251268621525192,0.32060957456774286,-2.7749229188078095,0.31813361611876534,-2.663706992230841,-0.1138952164009055,-1.8604651162790642,0.3567181926278362,-6.414275622182197,-0.1490472187781533,-3.7139608780573097,-0.2574747777130071,4.751805455740632,0.3551760598215603,0.08122783054718141,0.005600447672771125,-7.833333333333337,-0.09033423667570428,-0.4550625711035372,0.34403669724769603,5.3462940461725506,0.0,-1.8840579710144856,0.8941877794336861,-1.300108342361872,0.22002200220021528,,,-4.877822168540369,0.15652514185091615,-4.327218467480032,0.47935103244838295,-5.51473623379839,-0.3135615364515232,-1.4500595173682518,0.43008381120421824,-0.8893886730729772,0.7377389858686634,-2.114977888867531,-0.05889281507656108,,,,,,,-19.7514285946652,0.1710844961355651,-17.4359429583522,0.06230930806530033,-10.176655725654427,0.6769243628436561,-14.18161678730473,0.3262279778119659,20.075284957645923,-0.39098081903111703,13.383691534821063,-0.002468045658288176,13.51339132721343,-0.4331161790296689,-1.1637239165329105,0.4486133768352385,15.877035311212605,0.4167820303837999,14.438736602466594,-0.37563678783347765,,,-4.978540772532192,-1.9122609673790758,-4.279600570613407,-2.8910891089108937,,,-0.8628954937679678,8.492027248014566,0.39447731755424265
2016-10-01,93.93674911456334,1.421305973676712,2.3076690812179113,-6.064486899457522,92.8885305503246,0.8345684259327912,3.545547455051823,-5.1199815614017545,89.55912654049676,0.4084465157139005,2.0739903563168127,-7.288064206461642,95.86391944644134,1.1325816876463612,4.59965613000668,-3.13237931096243,95.69977631353416,2.3657102242319317,0.64131596801702,-7.55998335444692,98.3,103.6,101.3,98.1,102.9,128.09332857142857,1.2329285714285714,94.5,87.5,84.3,1128.166,31.586000000000002,6.73031,7.757045,110.8,87.5,86.1,68.6,90.5,,,,,,,,,102.89,108.79,115.09,91.29,96.51,102.13,,,,1390.9480947142856,38.94328185714286,8.297991493571429,9.563882410357142,0.7908296328134854,76.64677596894734,70.96923700828458,82.2,2.7935498707858923,2.9553236016982103,,-8.897126969416135,1.2358393408856916,-3.1775700934579487,-0.4803073967339144,-11.373578302712161,0.3964321110009772,-2.095808383233544,0.10204081632652073,-1.5311004784688942,-0.5797101449275255,-30.429434385656016,-4.309913873709448,-19.622272814632257,-6.184423445123843,-2.577319587628868,-0.10570824524311906,-2.885682574916748,-0.22805017103763037,-1.86263096623982,-0.11848341232228998,-1.314998263019651,1.7866146752570478,-2.6225465008734905,0.4126676556965192,5.980788914258728,0.90146051581379,0.09244074409744396,0.008377111851776142,-8.429752066115704,0.1808318264014508,0.22909507445589838,0.0,5.256723716381417,-0.6920415224913601,0.29239766081869956,1.329394387001459,-1.950162513542797,-0.6586169045005419,,,-3.317045668107499,0.49814416878297685,-3.280583214793742,-0.192660550458712,-4.876436069096613,0.5591961555264202,-0.4471101417666268,0.2415724168222333,-0.4333023831631144,-0.45384218669416443,-2.071147761050929,0.30445884894911845,,,,,,,-20.67923853097452,-4.508300586717406,-21.73021608641377,-5.797276904676673,-14.81505061759666,-5.3387130647985614,-19.547971045533497,-6.176564409341445,27.390687303848726,4.918321401131398,21.206065192281677,6.479430626666827,20.822422859901813,6.349023789884312,-0.5645161290322553,0.12180267965895553,23.57184592714521,5.949526903321778,21.532932856853893,6.747653200822024,,,-7.833333333333337,-0.4550625711035372,-1.8840579710144856,-1.1637239165329105,,,-0.8628954937679678,8.492027248014566,0.39447731755424265
2016-11-01,95.59310392957,1.7632660600023664,16.301504967612445,-2.7148705578785126,93.08896898860094,0.2157838401456224,5.652757877277503,-2.708886894569773,91.78414953202532,2.484417923082849,9.64283204514813,-1.6484486414825583,94.27961315341528,-1.652661712742931,2.30043614084936,-3.3960030464992186,99.58145312542602,4.056098103275185,34.18084768959122,-2.935129904438949,101.2,104.9,104.7,98.6,102.9,134.97766363636364,1.2430954545454544,94.4,87.6,84.3,1162.708,31.7495,6.84016,7.756045,109.9,87.6,85.4,69.3,90.3,,,,,,,,,103.55,108.94,115.62,91.31,96.07,101.99,,,,1445.3570297636363,39.46765913409091,8.502971804363636,9.641504284749999,0.7756838959819816,75.93946197359233,70.46924649244372,82.39999999999999,2.760234642492417,2.929487143060155,,-6.899724011039554,2.9501525940996975,-1.7790262172284521,1.254826254826269,-9.114583333333337,3.3563672260612076,-1.5968063872255578,0.5096839959225274,-2.0932445290199664,0.0,-27.557805496386123,5.37446808644384,-18.162281782984955,0.8246125000658244,-2.780638516992784,-0.10582010582009804,-2.5583982202447286,0.11428571428571122,-1.2880562060890055,0.0,0.8007037790250582,3.0617834609445893,-2.6340467428497605,0.5176343949851114,7.481464512346125,1.6321685033824584,0.07052444299577854,-0.012891507010714953,-8.187134502923977,-0.8122743682310363,1.038062283737018,0.11428571428571122,5.693069306930698,-0.813008130081283,2.6666666666666616,1.0204081632653184,-1.526717557251911,-0.22099447513812542,,,-2.182127337993578,0.641461755272621,-2.9401282965074826,0.13788031988233307,-4.272230501738694,0.46050916673907594,0.4289485261768533,0.021908204622622662,-0.3319846457101483,-0.45591130452804496,-1.7058596761758027,-0.1370801919122644,,,,,,,-17.507004080553447,3.9116438101543194,-20.3179255341028,1.346515372976631,-12.039621936865164,2.4702400689493142,-18.10456618805196,0.8116146880768449,25.459226200184638,-1.9151706262726553,18.795298306342765,-0.9228228929571314,19.066860492569294,-0.7045172484840156,0.5286701911346059,0.24330900243307862,21.808916690582357,-1.1925768228402078,20.137145198486817,-0.8742345042420774,,,-8.429752066115704,0.22909507445589838,0.29239766081869956,-0.5645161290322553,,,-0.8628954937679678,8.492027248014566,0.39447731755424265
2016-12-01,93.23650919262944,-2.4652350850296156,2.6877666696121905,-3.03665708188059,92.1868445126675,-0.9690992238230778,0.2917486405820568,-2.256879834178527,89.55501304339266,-2.428672597608872,1.625150132894437,-3.3635337474568705,94.51961479304906,0.2545636661058781,-1.1375378207231668,-1.0779471322836187,95.01429838011632,-4.586350773127624,6.691590161654126,-4.3549809001668605,105.9,105.0,109.3,98.9,102.8,144.895315,1.248775,94.8,87.8,84.4,1183.0700000000002,32.00047619047619,6.919752380952381,7.758590476190475,109.8,88.3,82.9,70.0,89.7,,,101.7,101.2,,,,,105.34,110.41,115.3,92.22,96.66,100.97,,,,1477.3882392500002,39.961394654761904,8.64121377952381,9.68873382190476,0.7543377092627184,75.91439610818603,70.30890272467018,82.66666666666667,2.7629165837144587,2.88528468528464,,-1.853568118628357,4.644268774703564,-1.5009380863039379,0.09532888465204614,-4.62478184991274,4.393505253104091,-1.0999999999999899,0.30425963488844854,-1.9083969465648831,-0.09718172983479434,-20.567274481062682,7.347624115316598,-16.65175520841611,0.45688731575503905,-2.5693730729701936,0.4237288135593209,-2.444444444444449,0.22831050228311334,-0.8225616921268997,0.11862396204034287,1.1217297451864727,1.7512565493657872,-2.4091717114908318,0.7904886391161714,7.298030083818929,1.163604081664471,0.10139246451827955,0.03281925505169703,-4.355400696864109,-0.09099181073703999,2.5551684088269466,0.7990867579908745,2.7261462205700138,-2.927400468384078,4.94752623688155,1.0101010101010166,-2.0742358078602474,-0.6644518272425182,,,-0.2651013065707253,1.728633510381461,-1.8839420598951384,1.3493666238296287,-4.742233972240584,-0.2767687251340689,2.262142381902854,0.9966049720731451,0.603663613655292,0.6141355261788384,-2.321756795975627,-1.0000980488283129,,,,,,,-15.716813154498077,2.216145134161218,-18.65975754395909,1.2509875971957962,-10.568975229191269,1.6258077568742424,-16.567246368889187,0.48985651782018635,20.070433850779978,-2.7519182530197916,16.895835264029312,-0.03300769422757144,17.0457227977598,-0.22753722475340465,1.4729950900163713,0.3236245954692629,20.624250650752817,0.09716352301194497,17.110255823542687,-1.508880415475744,,,-8.187134502923977,1.038062283737018,2.6666666666666616,0.5286701911346059,,,9.109730848861286,27.14027783352657,3.8461538461538325
2017-01-01,92.4070396058572,-0.8896403286168808,-6.356395249815461,-3.0199490140474627,92.6304602985625,0.4812137656301285,-1.106688862981242,-0.8208429529940942,88.76309457309046,-0.8842815643592128,-3.508214706489099,-4.018702549893682,96.35688786202824,1.9438008428217743,2.072871693389189,2.5030335600908504,92.4686061426188,-2.679272784095277,-12.836722111500942,-6.134894946159508,106.0,104.9,108.5,98.8,103.0,141.8227761904762,1.2350714285714286,94.4,87.6,84.4,1179.1073684210526,31.64578947368421,6.890663157894736,7.755952631578947,109.8,89.3,83.6,70.9,89.7,,,,,,,,,105.7,109.85,114.09,93.28,96.93,100.69,,,,1456.2818219548872,39.08481041353384,8.510461190225563,9.579155496616542,0.7650393181859465,76.43282632583426,70.9270718871089,83.3,2.81055476124204,2.9190368020947144,,0.952380952380949,0.09442870632672129,-0.8506616257088817,-0.09523809523809268,-3.0384271671135,-0.7319304666056681,-0.3027245206861706,-0.10111223458039165,-1.717557251908397,0.1945525291828787,-16.565335799137948,-2.1205232270786856,-14.105291185596347,-1.097361128191332,-2.780638516992784,-0.42194092827003704,-2.4498886414253906,-0.2277904328018221,-0.23640661938533203,0.0,-2.0119809089255036,-0.33494481129160425,-5.346095115155148,-1.1083794962324367,4.839228888031166,-0.42037953753543134,-0.32419657689539694,-0.03399901850243969,-0.4533091568449721,0.0,4.566744730679151,1.1325028312570762,2.9556650246305383,0.8443908323281013,7.7507598784194665,1.28571428571429,-0.5543237250554278,0.0,,,-0.6952273581360302,0.3417505221188444,-3.5642173645860753,-0.5072004347432268,-6.720627912680888,-1.0494362532523782,4.738378621154271,1.1494252873563315,1.6997167138810276,0.27932960893854997,-1.641105792712716,-0.2773100921065641,,,,,,,-15.833476328719309,-1.4286303853229376,-18.697304017699913,-2.193577698679272,-9.948649623359495,-1.5131275840910008,-14.383758891306908,-1.1309870546807543,16.212576345317984,1.418676117052109,13.18434258048795,0.6829142352781314,13.569406899504454,0.8792189018501206,3.521126760563398,0.7661290322580561,18.613265489262943,1.7241989066328012,14.7309704313205,1.1698019603477938,,,-4.355400696864109,2.5551684088269466,4.94752623688155,1.4729950900163713,,,9.109730848861286,27.14027783352657,3.8461538461538325
2017-02-01,93.08384461692177,0.7324171556099213,-10.093519660339355,0.5435812233358428,95.62038654257606,3.22780026610745,11.32920270067499,2.4867577794731366,91.73762785897252,3.3510923657948055,-0.2025897295268142,0.730294809669152,99.36227355398508,3.1190149024532765,23.37151943013076,4.468064265050797,90.01520484083349,-2.653226218205673,-33.234876137585346,-1.893596118510943,105.7,105.2,107.9,99.0,102.9,141.09798,1.24897,94.8,87.6,84.9,1140.4873684210527,30.854736842105265,6.869426315789474,7.759631578947368,113.7,90.6,84.4,72.5,89.6,,,,,,,,,104.3,107.41,112.91,94.55,97.36,102.37,,,,1424.434508536842,38.53664067368421,8.579707385631579,9.691547053157894,0.764716830106285,75.90254369600551,70.13779354187851,84.23333333333333,2.7872175187638457,2.929938832917101,,2.821011673151763,-0.2830188679245227,-0.37878787878786735,0.2859866539561384,-1.8198362147406777,-0.552995391705069,0.3039513677811412,0.2024291497975783,-1.8129770992366345,-0.09708737864077,-13.91741339607856,-0.5110576805397837,-12.635875810658225,1.1253253137470276,-2.3686920700308978,0.4237288135593209,-2.341137123745829,0.0,-0.35211267605633756,0.5924170616113722,-6.2275412538801085,-3.275359058413496,-7.171692940098795,-2.4997089493904556,4.875937065968561,-0.30819736241105566,-0.29954498011526276,0.04743385555814328,4.889298892988925,3.551912568306026,6.338028169014076,1.4557670772676445,3.1784841075794823,0.9569377990430672,10.687022900763354,2.256699576868826,-1.3215859030836996,-0.11148272017837968,,,-1.3338378582915533,-1.324503311258285,-4.980537862703471,-2.2212107419207983,-6.955088586732594,-1.0342711894118728,6.307623116707894,1.3614922813036001,2.376445846477404,0.4436191065717354,0.2546273626481188,1.6684874366868607,,,,,,,-18.076512685640544,-2.186892189266898,-18.901362537324395,-1.4025134932209138,-8.3760560969513,0.8136597284004621,-12.897570659089052,1.173292954489047,14.05345454708582,-0.04215313801467779,11.752173830960121,-0.6937891156453491,11.78371417608548,-1.1128026636805788,4.637681159420293,1.1204481792717047,17.165300318427377,-0.8303429201956147,14.730548285832668,0.3734804170527406,,,-0.4533091568449721,4.566744730679151,7.7507598784194665,3.521126760563398,,,9.109730848861286,27.14027783352657,3.8461538461538325
2017-03-01,95.42855564735294,2.5189237080619264,9.741118554078266,0.3927663343000542,95.60607372657786,-0.0149683728708049,15.682092207696652,2.775141100519307,91.58879827516728,-0.1622339570781505,9.398114531670164,1.072164017649957,99.3495683994898,-0.012786698654188,22.060787316272943,4.475589262407809,95.64506988654072,6.254348979888502,2.6820409897881925,-2.801451982597014,106.1,105.1,107.9,99.0,102.8,139.40078695652173,1.2348217391304348,95.3,87.7,85.2,1133.8617391304347,30.64869565217391,6.894,7.765760869565218,108.6,90.5,84.8,72.4,89.7,,,103.3,106.1,,,,,103.31,105.96,112.37,94.27,96.68,102.55,,,,1400.1171246465028,37.84567566729678,8.512861069565218,9.589330342627601,0.7740271942198818,77.1771317106148,71.02239717755424,84.2,2.799791472386426,2.9691635310689195,,4.019607843137241,0.37842951750235443,0.3820439350525229,-0.09505703422053591,0.09276437847867136,0.0,0.50761421319796,0.0,-1.7208413001912004,-0.09718172983479434,-13.334172352917573,-1.2028471587462009,-13.347869818453272,-1.1327942920618672,-1.6511867905056876,0.527426160337563,-2.1205357142857095,0.11415525114155667,0.5903187721369552,0.35335689045936647,-4.037947938231213,-0.5809471874985261,-5.949220157169355,-0.6677781469527355,6.017642193633543,0.35772542103031935,0.06930406837852843,0.07898945401583202,-2.513464991023351,-4.485488126649084,5.232558139534893,-0.1103752759381793,2.9126213592232997,0.4739336492890933,9.531013615733762,-0.13793103448275223,-1.967213114754096,0.11160714285716189,,,-1.0914313068453807,-0.9491850431447735,-4.557737344622592,-1.3499674145796559,-5.595228093757876,-0.4782570188645807,5.471022600134257,-0.2961396086726631,1.7684210526315969,-0.698438783894817,0.6576364350215913,0.17583276350492394,,,,,,,-16.846837722552454,-1.7071605429805015,-18.50299581383049,-1.793007886282294,-8.133454670966245,-0.7791211641822171,-13.287816366900795,-1.054699626072464,15.492769290882391,1.2174917233484628,13.498436799466585,1.67924281920524,12.956789499167476,1.2612367612441888,3.6945812807881673,-0.039572615749894346,17.111375575661313,0.45112925481887167,15.838333996408593,1.338754847409751,,,4.889298892988925,6.338028169014076,10.687022900763354,4.637681159420293,,,8.119658119658135,29.588984438531043,3.9877300613496924
2017-04-01,91.37082937686928,-4.2521090704532805,-4.4105331552613425,-3.632814575057364,94.66862282428204,-0.9805348821004922,9.096030461364846,3.0263669903281887,90.1393429183272,-1.5825683753218134,6.347629185364889,0.064968673627086,98.8366639529982,-0.5162623801536648,10.69837710166748,5.779463602206647,87.5032832469217,-8.512500068510832,-19.81001173497069,-12.085192547769765,103.9,105.6,106.6,98.9,102.9,139.5137388888889,1.2651555555555556,96.3,88.0,85.7,1134.1754999999998,30.3585,6.887555000000001,7.77372,110.3,89.8,85.4,72.8,89.5,,,,,,,,,101.86,104.75,111.57,93.89,96.54,102.86,,,,1434.9084348,38.40822493333334,8.713828472444446,9.834965045333334,0.7640824541653065,76.11712218084732,69.55666409049392,84.03333333333333,2.7272804244876894,2.9048465580915654,,2.973240832507429,-2.0735155513666226,2.127659574468077,0.4757373929590969,1.6205910390848288,-1.2048192771084487,0.9183673469387754,-0.10101010101009056,-1.4367816091954033,0.09727626459143934,-11.043493044460273,0.0810267537459497,-11.603234439169064,2.4565340456738305,0.943396226415083,1.049317943336825,-1.0123734533183382,0.3420752565564289,1.3002364066194039,0.5868544600938996,-1.0142433648785976,0.027671880859636566,-6.068997524752473,-0.9468450320603616,6.364387454121467,-0.09348709022337642,0.23339145811331896,0.10249002729370016,-0.6306306306306353,1.5653775322283625,3.935185185185186,-0.7734806629834279,2.275449101796423,0.70754716981134,9.638554216867457,0.5524861878452914,-2.399127589967287,-0.22296544035674826,,,-1.6225613289549967,-1.4035427354563978,-3.9959673723764966,-1.1419403548508789,-4.836233367451381,-0.7119337901575262,4.706144752983166,-0.4030974859446257,2.1695417504497883,-0.14480761274306975,1.2900049236829192,0.30229156509020694,,,,,,,-12.499792768637075,2.4848856957078613,-16.96803195301714,1.4864294430411373,-5.97732178196636,2.3607504132507895,-11.396923939101612,2.561541775381415,14.23626502092148,-1.2848049950749174,14.19354043780039,-1.3734761920695893,11.981050345742062,-2.0637617784091677,3.1083844580777065,-0.19794140934283888,15.622976169010606,-2.589873160694045,14.61099727119688,-2.166164722971642,,,-2.513464991023351,5.232558139534893,9.531013615733762,3.6945812807881673,,,8.119658119658135,29.588984438531043,3.9877300613496924
2017-05-01,95.21874631116442,4.211318820828436,9.494570954180336,1.9469395709425183,97.50447485045972,2.9955564384214206,8.117553627257678,7.122950537534867,93.39611901949402,3.61304619683962,7.429930740631652,5.772477007298593,101.22695831490836,2.4184288160989276,7.7205763005133266,8.387652637957599,92.66372587922204,5.897427434509295,12.298909224880084,-4.731536003643755,104.9,105.6,108.1,99.1,102.9,145.16029523809524,1.2932714285714286,96.4,88.1,85.8,1125.135909090909,30.128181818181815,6.884304545454546,7.7864,110.1,89.5,84.6,72.4,89.8,,,,,,,,,100.61,103.37,110.91,93.48,96.04,103.06,,,,1455.106124487013,38.96391674025974,8.90327437422078,10.069928651428572,0.7446939937859172,74.53965027781153,68.12181731820742,83.89999999999999,2.652967377203951,2.8464797504661914,,4.378109452736334,0.9624639076034613,2.2265246853823806,0.0,3.643336529242558,1.40712945590995,1.4329580348003912,0.2022244691607611,-1.24760076775432,0.0,-8.223750850817247,4.047312038352979,-10.922210802707689,2.2223253806546106,1.2605042016806678,0.10384215991694479,-0.6764374295377795,0.1136363636363491,1.298701298701288,0.1166861143523823,-4.145081092962588,-0.7970187073421009,-7.409146786012677,-0.7586612705442808,5.4923403551029315,-0.047193155560354416,0.2953391616048018,0.16311367016048628,-0.6317689530685899,-0.1813236627379866,3.7079953650057895,-0.33407572383072903,0.8343265792610133,-0.9367681498829161,9.531013615733762,-0.5494505494505364,-1.7505470459518668,0.3351955307262511,,,-3.6118030273998847,-1.2271745533084633,-6.1296767163094845,-1.3174224343675323,-5.96065796167543,-0.5915568701263751,4.132783780773086,-0.4366812227074246,1.4257049318829873,-0.5179200331468792,1.5970031545741392,0.19443904335991746,,,,,,,-14.614557400753725,1.407594324290673,-17.522114958070002,1.446804188141848,-6.029755439191275,2.1740834396203113,-10.659129206916306,2.389063967306404,12.93045585331103,-2.5374827381122844,13.676490081501358,-2.072427146270528,11.50205170727492,-2.062845869692309,3.2403609515996523,-0.1586671955573271,13.812718689341818,-2.724804043489504,14.01764483960395,-2.0092905583185106,,,-0.6306306306306353,3.935185185185186,9.638554216867457,3.1083844580777065,,,8.119658119658135,29.588984438531043,3.9877300613496924
2017-06-01,93.94467195666032,-1.3380499154447725,-6.076295293363632,-0.4396311201142144,96.8794359004302,-0.6410361688405808,5.434919866945753,4.927145977463887,92.83651283205194,-0.5991749906923638,5.561568045757159,2.498025270937831,100.59236602467934,-0.6269004826311764,5.098412001582631,7.1721518062039635,90.4719320659579,-2.365320185938702,-19.94193214511696,-7.365831779913135,104.2,105.8,107.7,99.2,102.5,142.09133636363637,1.281331818181818,97.8,88.5,86.1,1130.8463636363635,30.259545454545457,6.806563636363635,7.798381818181818,112.3,89.3,85.0,72.0,89.4,,,105.6,110.5,,,,,100.69,103.46,111.22,93.24,95.8,103.01,,,,1448.9894272024792,38.7725183946281,8.721466559752065,9.99231475396694,0.757963171831793,76.32683323104867,69.06876013239066,83.56666666666668,2.668384832447053,2.868526590612423,,5.78680203045685,-0.6673021925643452,2.818270165208925,0.18939393939394478,5.79567779960708,-0.37002775208140326,1.6393442622950838,0.10090817356207538,-1.8199233716475138,-0.38872691933916625,-5.078630245634875,-2.1141861618737323,-9.822519657835304,-0.9232099407623373,3.601694915254239,1.4522821576763434,0.340136054421758,0.4540295119182858,2.1352313167259718,0.34965034965035446,-2.948493141066033,0.5075346453095042,-6.317196735153397,0.43601581123082767,3.298430150059084,-1.1292485475855374,0.46871705980182643,0.15388135957332683,1.6289592760180938,1.9981834695731227,3.117782909930722,-0.22346368715083775,0.0,0.47281323877068626,9.090909090909083,-0.5524861878453136,-2.188183807439825,-0.44543429844097204,,,-3.572112622103052,0.07951495875160308,-6.226774222786191,0.08706587984907976,-5.26405451448041,0.27950590568930345,3.2901296111665035,-0.25673940949936247,0.45087553738072383,-0.2498958767180426,1.4876847290640427,-0.04851542790607066,,,,,,,-12.481396480510188,-0.42036090575112706,-15.51920850185413,-0.49121947084410644,-6.848078457665741,-2.042033153500644,-9.39984242337214,-0.7707492291975759,11.45612212864413,1.7818296047235727,14.886437858047707,2.3976272313812164,11.269615954777645,1.390072742422488,2.7459016393442726,-0.3972983710766598,10.999464037066776,0.5811400236421793,12.139036348397369,0.7745300187932402,,,-0.6317689530685899,3.7079953650057895,9.531013615733762,3.2403609515996523,,,10.291060291060283,27.1921149601412,4.133064516129026
2017-07-01,91.89151602850744,-2.1854948081569403,2.2990023087334333,-1.6177076252253952,95.84026272786254,-1.072645771426339,5.043151987953465,4.080353864411457,91.09439743941148,-1.8765411792147637,4.305958488670547,2.237587145200437,100.23515417554977,-0.3551083081612227,5.781065728725454,5.741981779395111,87.16638049576075,-3.653676333326528,-1.531197584628663,-8.771157056885226,105.3,106.3,109.2,99.5,101.6,146.11953809523808,1.2994333333333334,99.7,89.0,86.5,1131.7459999999999,30.392000000000003,6.769425,7.809130000000001,112.6,89.6,84.8,72.4,89.9,,,,,,,,,101.48,104.28,111.86,93.41,95.98,102.99,,,,1470.6284772666666,39.49237786666667,8.7964164925,10.147443826333335,0.7473333232741635,76.72575225098119,68.49139368442654,83.96666666666667,2.6405095269793053,2.8324452981195347,,7.668711656441718,1.055662188099804,2.9041626331074433,0.4725897920604849,7.905138339920947,1.392757660167132,1.7382413087934534,0.3024193548387011,-2.3076923076923106,-0.8780487804878057,6.770448516495953,2.8349383112935556,-1.114308078099413,1.412710969528641,5.83864118895967,1.942740286298572,1.1363636363636465,0.5649717514124353,2.9761904761904656,0.4645760743321681,-0.799305789905036,0.07955425180334874,-5.323821687797881,0.437728139880722,1.382635139031052,-0.5456297530992638,0.6752179229587707,0.13782579602761302,2.3636363636363678,0.2671415850400649,3.344867358708181,0.33594624860022737,-0.9345794392523366,-0.23529411764706687,9.036144578313255,0.5555555555555536,-1.2087912087912045,0.5592841163311046,,,-2.0841373986877576,0.7845863541563247,-4.958075100255188,0.7925768412913259,-3.8507821901323736,0.575436072648805,3.3639482129025122,0.18232518232519368,0.31354515050165954,0.18789144050104234,1.507983441750449,-0.01941559071936272,,,,,,,-1.9047071390188242,1.4933890929739402,-6.378805990766557,1.856622942858177,0.25292024588678963,0.8593730450543235,-0.4466141630009468,1.5524838456955958,1.062737713656503,-1.4024228290591023,7.031299606570451,0.5226458416333735,2.27603374231391,-0.835929944098357,3.1954117165096108,0.4786597526924563,1.5175312658063822,-1.0446508737716353,2.7002687023889527,-1.2578336422248482,,,1.6289592760180938,3.117782909930722,9.090909090909083,2.7459016393442726,,,10.291060291060283,27.1921149601412,4.133064516129026
2017-08-01,90.55106689641072,-1.4587300221283297,-18.212967606023337,-1.629848140399737,96.72393148103356,0.9220224653183616,-3.163837044683049,5.343060092226004,91.9745724387382,0.9662229775570408,-5.950651668542816,2.5404338634621437,100.9816466491841,0.7447411836439599,-0.9658351233307938,7.719425284553849,82.90562915370158,-4.888067300518905,-35.92375646967244,-10.395835872900747,104.7,105.8,107.4,99.2,101.5,142.2665818181818,1.2954681818181817,100.0,89.0,86.7,1130.27,30.23304347826087,6.666995652173913,7.821686956521739,113.8,90.2,86.0,72.9,90.0,,,,,,,,,101.63,103.83,111.38,94.08,96.11,103.13,,,,1464.228821863636,39.16594586561265,8.636880735711461,10.132746580316205,0.7549207876327438,77.19216990698344,68.70103121721526,84.36666666666667,2.6510275114065815,2.8437970164737076,,8.385093167701863,-0.5698005698005604,1.9267822736030782,-0.470366886171214,7.078763708873392,-1.6483516483516425,1.327885597548506,-0.3015075376884391,-2.4038461538461564,-0.09842519685039353,7.333403474570055,-2.6368522151671403,-1.1096422288611185,-0.305144666789503,6.04453870625663,0.30090270812437314,1.3667425968109326,0.0,3.0915576694411584,0.23121387283238093,1.8244509882720195,-0.13041795597243944,-4.135877357450091,-0.523020932281959,0.30725211812299147,-1.5131174040053152,0.8474267477861286,0.16079840547844615,2.8003613369466995,1.0657193605683846,3.4403669724770714,0.6696428571428603,-0.8073817762399127,1.4150943396226356,8.643815201192261,0.6906077348066253,-0.990099009900991,0.11123470522802492,,,-0.5771864605752297,0.14781237682301995,-4.286504424778769,-0.4315304948216414,-2.987544638968742,-0.4291078133381032,3.7494486104984404,0.7172679584626973,-0.13507896924355167,0.1354448843509104,1.226933647428341,0.1359355277211316,,,,,,,0.6945638808001586,-0.43516465932476045,-5.199626144619041,-0.8265696285904012,-0.8057995099899129,-1.8136448737342437,-0.2716188861270896,-0.14483692906965828,-0.2372418626946926,1.0152717833240343,7.234457530909744,0.607902356534118,2.5041721776385195,0.3060786494645251,3.2218597063621512,0.4763795156808248,0.9632047667166965,0.39833162197708827,2.3334101076698976,0.4007744955113246,,,2.3636363636363678,3.344867358708181,9.036144578313255,3.1954117165096108,,,10.291060291060283,27.1921149601412,4.133064516129026
2017-09-01,93.45940638889688,3.211822446899748,-2.050222001891311,0.9059302225413955,96.3325182454939,-0.4046705190187905,-2.239087165578346,4.573167915548737,90.778144125822,-1.300825088056945,-8.57816726863776,1.7751376252179265,101.38769052081815,0.402096702824295,3.2002689087119673,6.959938138634958,90.39103320777208,9.028824858433993,-0.3571954877323646,-3.31281149601661,105.9,105.6,107.8,99.5,101.8,147.59315238095238,1.3324285714285713,100.0,89.0,87.3,1131.599,30.1305,6.568989999999999,7.812735000000001,114.3,91.0,86.2,73.6,90.5,,,106.4,111.5,,,,,102.26,103.69,111.11,95.03,96.37,103.29,,,,1507.7748389999997,40.14673907142857,8.75270996142857,10.409911335,0.7303861883900795,75.05092741503164,66.79532539937816,85.03333333333333,2.5827751493219924,2.7675971341611207,,9.062821833161694,1.1461318051575908,1.4409221902017322,-0.1890359168241984,6.838453914767095,0.3724394785847185,1.5306122448979664,0.3024193548387011,-1.6425120772946888,0.2955665024630516,10.257119714931529,3.74407713652527,1.3866963127663334,2.853052674633494,5.708245243128962,0.0,1.4823261117445696,0.0,3.4360189573459543,0.6920415224913379,2.096350519255319,0.11758252452953588,-4.214402494777314,-0.33917682926829507,-1.5170645759592594,-1.4700122407003025,0.7263652789127217,-0.11445045770176465,3.345388788426762,0.4393673110720586,4.0000000000000036,0.8869179600886845,-0.5767012687427964,0.23255813953488857,8.714918759231892,0.9602194787379892,-0.6586169045005419,0.5555555555555536,,,-0.11721039265480959,0.6198957000885574,-4.871559633027522,-0.1348357892709262,-2.9183049366535596,-0.242413359669591,4.348303502800044,1.0097789115646183,-0.5982465188241304,0.2705233586515421,1.4437242192103739,0.155143993018525,,,,,,,3.5121168473748243,2.9739898905240203,-2.8861471460111865,2.5041989517660346,-0.1514053417300376,1.341100210382451,2.1231340722189573,2.7353368850871362,-3.100630425503015,-3.2499567695836173,4.262441806991268,-2.773911517880634,0.09432184148030487,-2.773911517880634,3.572878603329288,0.7902015013828478,-2.04441738090797,-2.574562572094008,-0.03311349482830739,-2.6795120000187023,,,2.8003613369466995,3.4403669724770714,8.643815201192261,3.2218597063621512,,,6.866537717601551,17.95403073909214,3.7328094302554016
2017-10-01,94.5480857056942,1.1648686406878994,12.0751411438746,0.6507959844184841,96.28819958979489,-0.0460059142086133,1.882661782508821,3.659944903131418,90.89355622460864,0.1271364378486073,-0.8789914040207902,1.4899985469470467,101.08429983779529,-0.2992381831210422,3.431918034429393,5.445615432269624,93.04687375969203,2.9381681541522653,29.840773326843852,-2.7721094615212216,107.8,105.9,109.3,99.8,102.0,148.9963909090909,1.3197045454545455,100.3,89.0,87.5,1130.8838095238095,30.25190476190476,6.6254,7.805304761904761,114.4,91.2,86.0,74.1,90.7,,,,,,,,,102.96,104.46,111.24,95.3,96.69,102.99,,,,1492.432503809524,39.92357622294372,8.743570495454545,10.300696172943722,0.7335748156926071,76.00185992043673,67.43933731723698,85.33333333333333,2.6164990685370455,2.786323534214637,,9.66429298067142,1.7941454202077267,2.220077220077221,0.28409090909091717,7.897334649555776,1.3914656771799594,1.7329255861366022,0.3015075376884502,-0.8746355685131268,0.19646365422396617,16.318619065321727,0.950747717967726,7.038199619741836,-0.9549499498035852,6.137566137566131,0.29999999999998916,1.7142857142857126,0.0,3.7959667852906387,0.22909507445589838,0.24090510827392553,-0.06320175929728222,-4.223691629504344,0.40292979507396964,-1.5587692097392303,0.8587317076141243,0.6221410589311027,-0.095104186885131,3.2490974729241895,0.08748906386701893,4.228571428571426,0.219780219780219,-0.11614401858303092,-0.23201856148492572,8.017492711370267,0.6793478260869623,0.22099447513812542,0.22099447513812542,,,0.06803382252891232,0.6845296303539916,-3.980145233936949,0.7425981290384742,-3.345208098010255,0.11700117001169907,4.392595026837531,0.2841208039566334,0.186509170034177,0.3320535436339034,0.8420640360325082,-0.2904443799012557,,,,,,,7.296060110430225,-1.0175481639321693,2.5172361420306544,-0.5558679326054361,5.369721121410076,-0.10441870020029276,7.704128208316874,-1.0491459393037972,-7.23984215376281,0.43656730551764333,-0.841413145377301,1.2670496397019004,-4.973844780993685,0.9641571681973105,3.811841038118402,0.3528028224225821,-6.33784290376882,1.305724163557409,-5.7184961872351785,0.6766302733288709,,,3.345388788426762,4.0000000000000036,8.714918759231892,3.572878603329288,,,6.866537717601551,17.95403073909214,3.7328094302554016
2017-11-01,96.50229849483324,2.066898313755438,28.996029650690815,0.9511089481235802,95.3951854572452,-0.9274388101076724,-5.382806132314732,2.477432604207541,89.79965293252307,-1.2034992770911024,-9.12853655770599,-2.162134322342668,100.2324669939428,-0.842695497935253,-2.9347257788741365,6.314041436339801,98.97384007372746,6.369871522328352,103.11668747239806,-0.6101668861301479,108.0,105.8,109.2,99.9,101.9,149.10064545454546,1.3219363636363637,99.9,88.2,87.2,1099.7945,30.083499999999997,6.6200149999999995,7.805204999999999,115.5,91.6,86.0,74.4,90.5,,,,,,,,,102.82,104.25,110.82,95.63,96.95,103.09,,,,1453.8583420772727,39.76847259545454,8.751238556318182,10.317984315136362,0.7323911956725265,75.57095995543727,66.72030698768336,85.5,2.6214232832245004,2.7866295275485764,,6.719367588932812,0.18552875695732052,0.8579599618684375,-0.09442870632673239,4.297994269340966,-0.09149130832570851,1.3184584178498993,0.10020040080160886,-0.9718172983479101,-0.09803921568627416,10.463199197335204,0.06997118844185302,6.342305315542962,0.16911498785885382,5.826271186440679,-0.3988035892322994,0.6849315068493178,-0.8988764044943753,3.4400948991696323,-0.34285714285714475,-5.410945826467184,-2.7491161569375144,-5.247326729554813,-0.5566749043743879,-3.218418867394923,-0.08127811151025233,0.6338281946533186,-0.0012781295260722025,5.095541401273884,0.9615384615384581,4.566210045662111,0.43859649122806044,0.7025761124121788,0.0,7.3593073593073655,0.4048582995951566,0.22148394241416902,-0.22050716648290836,,,-0.7049734427812648,-0.13597513597514155,-4.305122085551682,-0.20103388856977933,-4.151530877010911,-0.3775620280474623,4.731135691600041,0.34627492130114845,0.9159987509107959,0.2689006101975533,1.0785371114815367,0.09709680551510669,,,,,,,0.5881807843025832,-2.5846503365337004,0.7621771038956782,-0.3885013372124879,2.9197644972448034,0.08769942288020527,7.016332829477179,0.16783469682417618,-5.5812297423873165,-0.16134959853590924,-0.4852576099145911,-0.566959763156516,-5.319965362709467,-1.066188308125382,3.762135922330101,0.1953125,-5.028969535089011,0.18819860273093791,-4.876540108735505,0.01098197428195391,,,3.2490974729241895,4.228571428571426,8.017492711370267,3.811841038118402,,,6.866537717601551,17.95403073909214,3.7328094302554016
2017-12-01,92.61415883003713,-4.0290643077317885,-3.5688217303679437,-0.6674964217144974,92.6316696825786,-2.89691325764565,-14.503897816692202,0.4825256491450602,87.04772348216311,-3.0645212542500744,-15.451779414553934,-2.7997199442254317,97.53133957524172,-2.6948627522699775,-14.368049804444173,3.1863489803538148,93.52899136138144,-5.501300857165936,14.626122332599431,-1.5632457893787088,108.4,106.1,109.5,99.9,101.9,151.39183684210525,1.3401526315789474,99.7,88.1,87.6,1082.902,29.954500000000003,6.593195,7.8128150000000005,116.7,92.0,86.2,74.6,90.8,,,105.3,108.4,,,,,103.06,104.05,110.5,96.29,97.22,103.26,,,,1451.2539650421054,40.14360200263158,8.835887629763157,10.470364582289474,0.7232886678969586,74.39451123006414,65.73878073589418,85.8,2.5919447884417317,2.7526179636983312,,2.3607176581680767,0.37037037037037646,1.0476190476190528,0.2835538752362865,0.18298261665141702,0.27472527472527375,1.0111223458038499,0.0,-0.8754863813229541,0.0,4.483596893457342,1.536674358836554,7.31738156024484,1.3779988540805865,5.168776371308015,-0.2002002002002068,0.3416856492027387,-0.11337868480726376,3.791469194312791,0.4587155963302614,-8.466785566365488,-1.5359687650738363,-6.3935804526718325,-0.42880648860669224,-4.719206164822854,-0.40513503368194703,0.6988965840629024,0.09749904070426307,6.284153005464477,1.0389610389610393,4.190260475651186,0.4366812227074357,3.9806996381182014,0.23255813953488857,6.571428571428561,0.2688172043010528,1.2263099219620877,0.33149171270718814,,,-2.164419973419407,0.2334176230305518,-5.76034779458382,-0.19184652278178005,-4.163052905464005,-0.28875654214040036,4.413359358056823,0.6901599916344425,0.5793503000206979,0.27849406910778196,2.268000396157288,0.16490445242021146,,,,,,,-1.7689510118993446,-0.17913554297499523,0.4559584304897779,0.9432834169746718,2.252853073727268,0.9672810642770147,8.067419074075133,1.4768414304484834,-4.116066449350231,-1.242850518869154,-2.002103627296048,-1.5567470971215136,-6.500061601974649,-1.4711057189385701,3.7903225806451557,0.35087719298245723,-6.1880911020076095,-1.1245225054424823,-4.598046156863756,-1.2205269309754851,,,5.095541401273884,4.566210045662111,7.3593073593073655,3.762135922330101,,,5.787476280834913,3.5881607452671993,3.70370370370372
2018-01-01,92.38627849077162,-0.2460534567761851,-8.836932118471852,-0.022467027592421,92.38312997676992,-0.268309646863063,-15.261958190064028,-0.2670075491316703,87.33269651092719,0.3273756249610349,-14.773413046202222,-1.6114783616353323,96.77740202709032,-0.7730208068861599,-15.98419202804826,0.4364131868436871,93.34634201064694,-0.1952863471271437,1.293615083088362,0.9492258017541166,107.7,106.4,108.8,99.7,101.8,153.26127727272726,1.3831772727272726,100.1,88.3,88.1,1065.6409523809523,29.40047619047619,6.423295238095237,7.819023809523809,119.0,92.7,87.2,75.5,92.2,,,,,,,,,102.08,102.1,109.96,97.14,97.14,104.65,,,,1473.970346220779,40.66607047402597,8.884555989350648,10.815096028246753,0.7098988207333757,72.36961015317172,63.83852723801262,86.8,2.5106925456496416,2.703974067773111,,1.6037735849056656,-0.6457564575645836,1.4299332697807365,0.2827521206409056,0.27649769585254,-0.6392694063926951,0.9109311740890691,-0.2002002002002068,-1.1650485436893177,-0.09813542688911214,8.065348450723109,1.2348356883810974,11.991682483267695,3.210428434381707,6.0381355932203284,0.4012036108324901,0.7990867579908745,0.2270147559591429,4.383886255924163,0.5707762557077611,-9.623077514310141,-1.5939621146740635,-7.095140682381018,-1.8495511843756751,-6.782626128865821,-2.576895752435082,0.8131970492968543,0.07946955769218,8.378870673952644,1.9708654670094194,3.807390817469214,0.7608695652173925,4.306220095693791,1.1600928074245953,6.488011283497874,1.2064343163538993,2.7870680044593144,1.541850220264318,,,-3.424787133396412,-0.9509023869590516,-7.055075102412378,-1.874098990869777,-3.6199491629415492,-0.48868778280543035,4.138078902229836,0.8827500259632304,0.21665119158154056,-0.08228759514502526,3.9328632436190336,1.3461165988766233,,,,,,,1.2146360683227497,1.5652933067448638,4.0457150585143875,1.3014987328743954,4.395705365001157,0.5508032879860902,12.902395540679535,3.292449305350731,-7.207537722808722,-1.8512452576528338,-5.316061655683102,-2.721842032983368,-9.994131240013349,-2.890612628664102,4.201680672268915,1.1655011655011593,-10.669146879026947,-3.1347983627744935,-7.367592425257319,-1.7671866044158158,,,6.284153005464477,4.190260475651186,6.571428571428561,3.7903225806451557,,,5.787476280834913,3.5881607452671993,3.70370370370372
2018-02-01,92.12027009608936,-0.287930631071831,-16.96328103393657,-1.0351683740588036,92.06910148952733,-0.3399197313638913,-13.233956785119917,-3.71394132721633,87.42593101451467,0.1067578436397154,-10.161512652335947,-4.700030887092677,96.02666626020157,-0.7757345735305177,-15.757018552918725,-3.3570158717948884,93.19604845955152,-0.1610063638897374,-21.384476416251175,3.533673699173878,106.6,106.2,107.0,99.2,101.6,150.60836,1.396075,100.1,88.4,88.4,1078.4747368421054,29.24578947368421,6.318315789473684,7.822157894736843,120.3,93.0,88.5,75.8,92.5,,,,,,,,,101.78,101.66,108.4,97.34,97.22,103.69,,,,1505.631618236842,40.82931553947368,8.820842715789473,10.920319082894737,0.7104519297600744,71.70101892806619,63.32038035205846,87.10000000000001,2.4898776444517017,2.654955111730912,,0.8514664143803197,-1.021355617455899,0.9505703422053147,-0.187969924812037,-0.8341056533827662,-1.6544117647058765,0.20202020202020332,-0.5015045135406182,-1.263362487852293,-0.19646365422396617,6.740266586382027,-1.730976878136281,11.778105158650742,0.9324710235656397,5.590717299578052,0.0,0.9132420091324311,0.11325028312572094,4.122497055359253,0.34052213393871433,-5.437379956675947,1.204325381121918,-5.214587882096078,-0.52613677339719,-8.022657220284247,-1.6343550269796392,0.8057897485637566,0.04008281966370042,5.804749340369386,1.092436974789912,2.64900662251657,0.3236245954692629,4.8578199052132565,1.4908256880733939,4.551724137931035,0.3973509933774766,3.2366071428571397,0.32537960954446277,,,-2.4161073825503365,-0.2938871473354254,-5.353319057815842,-0.43095004897159006,-3.9943317686653046,-1.4186977082575325,2.9508196721311553,0.20588840848261292,-0.14379622021364336,0.08235536339304961,1.2894402657028348,-0.9173435260391827,,,,,,,5.700304872802087,2.1480263898959517,5.949337632211127,0.40142817721220414,2.8105309344433227,-0.7171238904627786,12.678801671157958,0.9729276039081247,-7.0960776865167885,0.0779137829989951,-5.535420241997013,-0.9238563309798775,-9.72002802704286,-0.8116523177646662,3.403244954491491,0.3456221198156806,-10.667982398590004,-0.8290501851374255,-9.385305867031036,-1.8128486003776367,,,8.378870673952644,3.807390817469214,6.488011283497874,4.201680672268915,,,5.787476280834913,3.5881607452671993,3.70370370370372
2018-03-01,94.70289571733689,2.8035367444685155,9.331042165099568,-0.7604222081047385,92.0030100021892,-0.071784655512963,-2.6871537092359787,-3.768655676304644,87.66438774638493,0.2727528653148292,2.8639376645329895,-4.284814958475525,95.73062254734312,-0.3082932318573261,-7.183160562801394,-3.642638725509806,99.31677553679256,6.567582186596166,27.146801951479116,3.838886473299063,105.6,105.9,105.7,99.2,101.4,148.14696190476192,1.3969666666666667,100.9,88.6,88.8,1069.9418181818182,29.19909090909091,6.317368181818182,7.841254545454546,121.5,93.1,89.4,75.2,92.7,,,107.3,112.3,,,,,101.61,101.37,107.8,97.45,97.21,103.4,,,,1494.6730552727274,40.790156696969696,8.825152771060607,10.953971224848486,0.7134807129419942,72.2279224033024,63.42313106969863,87.0,2.485158386447944,2.6427944565363357,,-0.47125353440150564,-0.9380863039399667,0.7611798287345595,-0.28248587570620654,-2.0389249304911927,-1.2149532710280297,0.20202020202020332,0.0,-1.3618677042801508,-0.19685039370077595,6.27412164535921,-1.6343037632426838,13.131039274576972,0.06386953900519021,5.876180482686255,0.7992007992008165,1.026225769669309,0.2262443438913797,4.225352112676051,0.4524886877828038,-5.637364657673083,-0.7912024611046897,-4.7297436717512635,-0.1596761976123795,-8.364256138407578,-0.014997788763271291,0.972134954415016,0.24413532652609593,11.878453038674031,0.9975062344139696,2.872928176795564,0.10752688172042113,5.4245283018868,1.016949152542379,3.8674033149171283,-0.7915567282321789,3.3444816053511683,0.216216216216214,,,-1.6455328622592247,-0.1670269208095876,-4.331823329558315,-0.2852646075152343,-4.066921776274812,-0.5535055350553542,3.373289487641884,0.11300595849599304,0.5482002482416037,-0.010285949393129545,0.8288639687957122,-0.27967981483266735,,,,,,,6.753430049653719,-0.7278382594639976,7.7802311037012295,-0.09590864305850655,3.668469377608874,0.048862171223373885,14.230825651658119,0.3081607936388897,-7.822267968105501,0.4263178203967488,-6.412792491265518,0.7348619072831131,-10.699816409825813,0.16227116304241562,3.325415676959609,-0.11481056257176547,-11.237732846950266,-0.18953774753847075,-10.991953495235363,-0.45803618828974546,,,5.804749340369386,2.64900662251657,4.551724137931035,3.403244954491491,,,7.114624505928857,-0.8816668116161774,3.539823008849541
2018-04-01,93.22983456702116,-1.5554552362500251,3.702627831230343,2.0345718681004765,92.18840239713283,0.2015068799806174,-0.8404684559041531,-2.6198970188389015,87.49922829525777,-0.1883997086764344,0.7649310172231916,-2.928925969053886,96.26202708025072,0.5551040187216749,-2.1131904483368436,-2.604941091467683,95.58684117191224,-3.755593498400001,9.952022971370123,9.238005278247565,105.9,105.0,105.6,99.7,101.1,151.73486,1.4083400000000001,101.7,88.4,89.2,1068.0452380952381,29.376666666666665,6.2966523809523816,7.84822380952381,120.3,92.8,88.5,75.1,92.6,,,,,,,,,102.23,101.0,108.79,97.4,96.23,103.67,,,,1504.1708306190478,41.37233473333333,8.867827414190478,11.052967519904763,0.6959508184210272,72.21267591632702,62.76893363818396,86.83333333333333,2.441244871748202,2.629534946509771,,1.9249278152069227,0.28409090909091717,-0.5681818181818121,-0.8498583569405138,-0.9380863039399667,-0.09460737937559971,0.8088978766430666,0.504032258064524,-1.7492711370262537,-0.2958579881656931,8.759797571509576,2.4218506063894862,11.317536710461606,0.8141449330692829,5.607476635514019,0.7928642220019766,0.454545454545463,-0.22573363431149795,4.0840140023337135,0.45045045045044585,-5.83069039180989,-0.17726011399414876,-3.23412992517198,0.6081550899259991,-8.579279861251477,-0.32791821324300585,0.9584061366219698,0.08887945199156366,9.066183136899376,-0.987654320987652,3.340757238307357,-0.3222341568206222,3.629976580796246,-1.0067114093959773,3.159340659340648,-0.13297872340426453,3.4636871508379796,-0.10787486515643208,,,0.3632436677793116,0.6101761637634207,-3.5799522673030992,-0.3649995067574241,-2.491709240835338,0.9183673469387754,3.738417296836727,-0.05130836326321386,-0.32111042055107397,-1.008126735932502,0.7874781256076213,0.2611218568665308,,,,,,,4.826955793085275,0.6354416648386874,7.7173829437442665,1.4272512868451104,1.7672937014197476,0.4835569903085313,12.38441081343109,0.9037479926157665,-8.916791031238525,-2.4569542249689547,-5.1295242813354065,-0.02110885439878807,-9.75856237653816,-1.0314808185608815,3.3320111067036917,-0.19157088122605526,-10.487940666872142,-1.7670308234360887,-9.477664519487373,-0.5017230906387837,,,11.878453038674031,2.872928176795564,3.8674033149171283,3.325415676959609,,,7.114624505928857,-0.8816668116161774,3.539823008849541
2018-05-01,92.64934435276032,-0.6226442607741967,2.317186783883507,-2.698420277460467,92.69210351602204,0.5463823060077866,2.7342683803711187,-4.935538950205398,89.12128822587304,1.8537991273954944,7.985329655287132,-4.577096819974624,95.71573709324576,-0.5675030991707075,-1.2889014205230032,-5.4444204522254624,93.59406390136704,-2.0847820119520466,1.719267896833876,1.0039937562597023,107.5,104.7,106.3,99.5,101.0,147.69331904761904,1.3458904761904762,101.8,88.3,89.7,1076.6595454545454,29.86727272727273,6.3700636363636365,7.848736363636363,119.7,92.7,87.8,75.3,92.1,,,,,,,,,104.08,102.46,110.16,97.61,96.09,103.33,,,,1449.06582832684,40.198077913419915,8.57340798090909,10.563539521948051,0.7197346547931996,75.63765536713169,65.60712150213878,86.7,2.548878088665883,2.740429535891408,,2.4785510009532885,1.5108593012275628,-0.8522727272727182,-0.28571428571427804,-1.6651248843663202,0.6628787878787845,0.4036326942482349,-0.20060180541625616,-1.846452866861037,-0.09891196834816984,1.7449839195828876,-2.6635546718670633,4.068677808584353,-4.434264723683478,5.6016597510373245,0.0983284169124854,0.2270147559591429,-0.11312217194571206,4.545454545454541,0.5605381165919354,-4.308489600650267,0.8065489224660771,-0.8659968015448882,1.6700535366143132,-7.469758284160221,1.1658775325334325,0.8005800323174217,0.006530829458917253,8.71934604904634,-0.4987531172069737,3.575418994413404,-0.10775862068964637,3.78250591016549,-0.7909604519774072,4.00552486187844,0.26631158455392434,2.5612472160356337,-0.5399568034557212,,,3.4489613358513083,1.8096449183214292,-0.8803327851407694,1.4455445544554468,-0.6762239653773316,1.2593069215920405,4.418057338468118,0.215605749486647,0.05206164098292554,-0.14548477605735854,0.2619833106928038,-0.32796373106974697,,,,,,,-0.415110352332726,-3.6634803155655704,3.1674463873519354,-2.8382657819098767,-3.7050008732383954,-3.320085287296537,4.90183086301661,-4.428023488491428,-3.3516235126092253,3.4174593581387303,1.4730483510827508,4.742906155109394,-3.691469069772624,4.521644226608745,3.3373063170441197,-0.15355086372359494,-3.9235042779821594,4.408947998756219,-3.725662006111752,4.217270035860499,,,9.066183136899376,3.340757238307357,3.159340659340648,3.3320111067036917,,,7.114624505928857,-0.8816668116161774,3.539823008849541
2018-06-01,87.96401598974886,-5.057055066868232,-25.566719342810615,-6.366147054801063,90.6469021839171,-2.2064461313594186,-5.766846913698109,-6.4332886113402825,86.06983590606978,-3.423932015064146,-7.079597179586883,-7.288809886928405,94.67773878234792,-1.084459402832183,-4.3273121704253015,-5.879797320683688,85.25072859856876,-8.914385116977929,-45.712236150493865,-5.771075457505059,107.6,104.1,105.8,99.2,101.0,146.24653333333333,1.3288,100.6,87.7,89.5,1094.355238095238,30.084761904761905,6.465123809523809,7.8471142857142855,118.3,92.6,87.5,74.9,91.9,,,109.6,116.1,,,,,104.73,103.09,110.71,97.53,96.0,103.12,,,,1454.1792403809523,39.976631619047616,8.590856518095237,10.427245462857142,0.7234359515302471,75.70740517760385,65.99939795304034,86.46666666666665,2.578756534126823,2.7693678910969113,,3.262955854126681,0.09302325581395099,-1.6068052930056753,-0.5730659025788065,-1.7641597028783762,-0.470366886171214,0.0,-0.3015075376884391,-1.4634146341463428,0.0,2.924314089821145,-0.9795877861064506,3.704597134373677,-1.2698266681290815,2.862985685071573,-1.1787819253438192,-0.9039548022598876,-0.6795016987542368,3.948896631823473,-0.22296544035674826,-3.2268862256216835,1.6435736547732782,-0.5776145912241293,0.7281855945641125,-5.016331956638231,1.4922955026307694,0.6249048670436741,-0.02066673980276601,5.342831700801431,-1.1695906432748537,3.6954087346024567,-0.10787486515643208,2.941176470588225,-0.3416856492027276,4.027777777777786,-0.5312084993359778,2.796420581655479,-0.21715526601518986,,,4.012315026318403,0.6245196003074716,-0.357626135704614,0.6148740972086841,-0.45855062039201755,0.4992737835875172,4.601029601029616,-0.08195881569511565,0.20876826722338038,-0.09366219169528733,0.10678574895641724,-0.20323236233426023,,,,,,,0.35816777410810907,0.35287645006552015,3.1055842495553376,-0.5508877684382241,-1.4975697121808462,0.20351926824198063,4.352652209214436,-1.2902309761584019,-4.5552635780578665,0.5142585135227362,-0.8115469058826985,0.09221572262334554,-4.443922510650234,0.5979174850534674,3.4702832070203193,-0.26912725874664867,-3.3588970087959913,1.172219479378045,-3.45678160488454,1.0559788101280443,,,8.71934604904634,3.575418994413404,4.00552486187844,3.3373063170441197,,,5.843543826578701,-7.342397971153658,3.8722168441432725
2018-07-01,90.71095689963194,3.1228007031911753,-10.377028552769396,-1.2847313657435522,90.21983507920488,-0.4711325973895119,-8.271781229070962,-5.8643700347700385,85.9531802506782,-0.1355360494922908,-6.882585357093596,-5.643834673974101,93.90559394435944,-0.8155505696682774,-9.438033484163276,-6.314710924776801,92.3175782116228,8.289488816372037,-12.99480741784771,5.90961525138991,108.0,103.2,105.7,99.2,101.5,146.77999545454546,1.3168681818181818,100.6,87.3,89.3,1122.2028571428573,30.54285714285714,6.716447619047619,7.8477476190476185,114.3,91.9,86.9,74.8,91.6,,,,,,,,,105.6,104.0,112.77,96.79,95.32,103.39,,,,1477.7932361168832,40.22091675324675,8.844676164372293,10.334449138463203,0.7201253799788607,76.3933713252172,66.29365125935847,86.09999999999998,2.585719282283759,2.803765033299418,,2.564102564102577,0.3717472118959231,-2.9162746942615225,-0.8645533141210304,-3.205128205128205,-0.0945179584120881,-0.3015075376884391,0.0,-0.09842519685039353,0.4950495049504955,0.45199797913191286,0.3647690711384044,1.3417270465214237,-0.8979393574517047,0.9027081243731194,0.0,-1.9101123595505642,-0.45610034207526073,3.2369942196531776,-0.22346368715083775,-0.8432230250553174,2.5446599128166936,0.4963712255104502,1.5226819462470953,-0.7825979452077636,3.8873781373464755,0.494518839456104,0.008070907473411992,1.5097690941385356,-3.381234150464918,2.5669642857143016,-0.7559395248380008,2.4764150943396235,-0.6857142857142784,3.3149171270718147,-0.1335113484646322,1.8909899888765125,-0.32644178454843686,,,4.059913283405581,0.8307075336579706,-0.2685078634445781,0.8827238335435084,0.8135168961201478,1.8607171890524743,3.6184562680655175,-0.7587409002358214,-0.6876432590123049,-0.7083333333333441,0.38838722206040455,0.26183087664855,,,,,,,0.487190270076443,1.62387105249453,1.8447582190157075,0.6110698283112503,0.5486287730172901,2.9545324816265595,1.8428809789966527,-0.8899409218329879,-3.6406704275009805,-0.4576177814198612,-0.4332064737230801,0.9060753647600617,-3.208786253049767,0.445842409846664,2.5406907502977027,-0.4240555127216772,-2.074987578561216,0.27000409169273265,-1.012562002138484,1.2420575219741714,,,5.342831700801431,3.6954087346024567,4.027777777777786,3.4702832070203193,,,5.843543826578701,-7.342397971153658,3.8722168441432725
2018-08-01,92.40859533047696,1.871481118563656,-1.035354411403966,2.0513600752945393,91.77821661975956,1.7273158825734214,-3.8858109337150393,-5.11322770440098,89.12236876913381,3.687110249106351,0.0048498532005503,-3.1010784763410237,94.27867138364832,0.3972898989488715,-5.871655182148306,-6.6378153733443135,94.04764461612103,1.8740379004877905,1.9526393590126423,13.439395582853496,107.6,103.1,105.2,99.2,101.2,142.97926363636364,1.288040909090909,100.6,87.0,89.0,1120.4269565217392,30.703913043478263,6.8452652173913044,7.849213043478261,116.0,91.8,86.9,74.8,91.4,,,,,,,,,106.05,104.23,112.97,96.67,95.0,102.99,,,,1443.1557556482214,39.547896069169965,8.816981633577075,10.11010750416996,0.735771029479863,78.10310937329065,67.54443852362114,86.0,2.6355384321254385,2.856536282041742,,2.769818529130852,-0.37037037037037646,-2.5519848771266562,-0.09689922480621282,-2.0484171322160183,-0.47303689687795414,0.0,0.0,-0.2955665024630516,-0.2955665024630516,0.5009481559714812,-2.589407232512708,-0.5733272983091342,-2.1890780812602872,0.6000000000000005,0.0,-2.2471910112359605,-0.3436426116838476,2.6528258362168433,-0.33594624860021627,-0.8708577134897699,-0.1582513009848907,1.5574666359871259,0.5273111807052588,2.673911526539885,1.9179424250754584,0.3519200795113697,0.01867318499240156,1.9332161687170446,1.4873140857392775,1.773835920177369,-0.10881392818281599,1.0465116279069875,0.0,2.6063100137174056,0.0,1.5555555555555545,-0.21834061135369565,,,4.3491095149070125,0.42613636363637575,0.3852451122026368,0.22115384615384315,1.427545340276537,0.17735213265939187,2.7529761904761862,-0.12397974997417904,-1.1549266465508246,-0.3357112882920621,-0.13575099389120382,-0.386884611664573,,,,,,,-1.4391921467980184,-2.343865137701995,0.9752099562918115,-1.6733101540318707,2.085253963516487,-0.31312091342332593,-0.2234248726818322,-2.1708136668676214,-2.536657946978793,2.172628536083754,1.1800930941634258,2.2380712075068088,-1.6835157683983915,1.8867376294741334,1.9359936783879705,-0.11614401858301981,-0.5842670139973305,1.9267037293266398,0.4479667674675003,1.8821566042652282,,,1.5097690941385356,2.5669642857143016,3.3149171270718147,2.5406907502977027,,,5.843543826578701,-7.342397971153658,3.8722168441432725
2018-09-01,93.41327205487576,1.087211336570837,27.178630340254827,-0.0493629649530813,92.14616605631257,0.4009115126712981,6.781794033301591,-4.345731083778825,89.21705014889692,0.1062375036376961,15.448299153037604,-1.7196804274400512,94.9387880283083,0.7001760153934944,1.107465803121932,-6.360636542150733,95.87763752279852,1.94581471353914,59.98412832382349,6.069854630840399,108.0,102.7,105.3,98.9,100.8,146.340995,1.30618,100.6,86.2,88.8,1119.8200000000002,30.725263157894734,6.855084210526316,7.836378947368421,117.6,91.5,86.6,74.7,92.1,,,106.5,110.4,,,,,106.14,104.06,112.56,96.7,94.79,102.55,,,,1462.6864876000002,40.13272423157894,8.953973894105262,10.235721453473683,0.719552303166997,77.01848137316449,65.99396714082286,86.09999999999998,2.5928964951280102,2.8046937294984513,,1.9830028328611915,0.3717472118959231,-2.7462121212121104,-0.38797284190106307,-2.3191094619666064,0.0950570342205248,-0.6030150753768782,-0.3024193548387122,-0.9823182711198419,-0.39525691699605625,-0.8483844682173669,2.3512020401686984,-1.96997962903398,1.408269782509719,0.6000000000000005,0.0,-3.146067415730336,-0.9195402298850519,1.7182130584192379,-0.22471910112359383,-1.040916437713335,-0.05417189565156688,1.9739571460637206,0.06953548359207584,4.355223718201984,0.1434421139748565,0.30263342310241637,-0.16350806174770804,2.887139107611536,1.379310344827589,0.5494505494505475,-0.32679738562091387,0.46403712296982924,-0.34522439585732423,1.4945652173913082,-0.13368983957218195,1.767955801104959,0.7658643326039272,,,3.794249951105022,0.08486562942009446,0.3568328672003185,-0.1631008346925089,1.3050130501305102,-0.3629282110294785,1.7573397874355523,0.031033412640946167,-1.6395143716924299,-0.22105263157894406,-0.7164294704230856,-0.42722594426642946,,,,,,,-2.9903902249690972,1.3533350004210742,-0.034909036633568036,1.4787845133053423,2.2994470691205526,1.5537319484310697,-1.6733080227173458,1.2424590861364493,-1.4833091582636015,-2.204317058301597,2.6216251096435883,-1.3887129575625767,-1.1997220670217135,-2.29548341312521,1.2544100352802623,0.11627906976741098,0.39187870491455,-1.6179592176555513,1.3403900040016126,-1.81487463923391,,,1.9332161687170446,1.773835920177369,2.6063100137174056,1.9359936783879705,,,5.067873303167425,0.6853885155875483,3.7878787878787845
2018-10-01,95.11869273579896,1.8256727801177377,20.89949826344406,0.6035098710310605,92.07405237653164,-0.0782600979153502,8.477811706441774,-4.376597787907821,89.48033176157479,0.2951023512192785,17.45257485259164,-1.5548125980917704,94.53520705694392,-0.4250959799950493,2.708991148510309,-6.478842699964615,100.00059100438531,4.300224315191747,37.68056981081547,7.473348607769803,108.6,102.6,105.8,99.4,101.3,146.7056086956522,1.3011695652173914,100.6,85.9,89.0,1131.615,30.882272727272724,6.9191045454545455,7.837459090909092,118.1,90.9,86.3,74.0,91.6,,,,,,,,,106.22,104.18,109.14,96.3,94.44,98.95,,,,1472.4229975434782,40.18307337747035,9.002928253102768,10.197863237727274,0.7211721551797462,77.31505769057269,66.01752937992241,85.5,2.5926339436846346,2.7160690018596756,,0.7421150278293043,0.5555555555555536,-3.1161473087818803,-0.09737098344694273,-3.20219579139982,0.47483380816715215,-0.4008016032064021,0.5055611729019249,-0.6862745098039191,0.49603174603174427,-1.5374749679919586,0.24915348952778693,-1.4044795330132143,-0.3835945109103345,0.29910269192421346,0.0,-3.483146067415721,-0.34802784222737193,1.7142857142857126,0.22522522522523403,0.06465655180776242,1.0532942794377442,2.083729835622661,0.5110113087433366,4.4330085044608,0.9339102622535789,0.4119548177191623,0.013783707346526342,3.234265734265729,0.42517006802720303,-0.3289473684210509,-0.6557377049180246,0.34883720930232176,-0.34642032332563577,-0.13495276653170407,-0.9370816599732268,0.9922822491730932,-0.5428881650380024,,,3.166278166278169,0.0753721499905824,-0.26804518475970207,0.11531808571978441,-1.8878101402373226,-3.038379530916846,1.049317943336825,-0.4136504653567741,-2.327024511324849,-0.3692372613144923,-3.9227109428099705,-3.5104826913700538,,,,,,,-1.3407310692423402,0.6656593894877494,0.6499847435448292,0.1254565865025148,2.9662682743057056,0.5467333228404314,-0.9983105363941647,-0.3698636771085728,-1.6907151455507474,0.22511942573453236,1.7278495177758701,0.3850716245250796,-2.108276851277968,0.03570362583185105,0.1953125,-0.6968641114982299,-0.9121014083048995,-0.010125797303095485,-2.5214061286233047,-3.1598718500584377,,,2.887139107611536,0.5494505494505475,1.4945652173913082,1.2544100352802623,,,5.067873303167425,0.6853885155875483,3.7878787878787845
2018-11-01,95.39705731097926,0.2926497065655509,13.577011834904829,-1.1453003722114885,92.6951968632742,0.6746140424040536,4.056800097515523,-2.8303195607089493,92.34895933421906,3.205874985229018,15.28721263573818,2.838882243355201,93.18947820725438,-1.4235213436185168,-4.541697866978389,-7.026654135045918,99.80782868986375,-0.1927611752945424,26.84306785386785,0.8426354029661409,108.6,102.2,105.7,99.4,101.0,146.20255454545455,1.2900727272727273,100.5,85.6,88.8,1125.345,30.806,6.936674999999999,7.82858,117.4,89.9,85.9,72.8,91.2,,,,,,,,,104.66,104.1,108.43,95.0,94.49,98.44,,,,1451.7768932727272,39.74198043636364,8.948815235454544,10.099437551272727,0.7229695837300691,77.90258477323336,66.35284832426642,84.63333333333333,2.6193963878244277,2.7283491866647718,,0.5555555555555536,0.0,-3.402646502835538,-0.3898635477582735,-3.205128205128205,-0.0945179584120881,-0.5005005005005003,0.0,-0.8832188420019649,-0.29615004935833467,-1.9437145293743296,-0.34290042123832354,-2.4103759636346145,-0.8528356519628688,0.6006006006005871,-0.09940357852882276,-2.947845804988669,-0.34924330616997734,1.83486238532109,-0.22471910112359383,2.3232067445327242,-0.5540753701568146,2.4016487443282886,-0.24697899648222776,4.783372847342493,0.2539411629066457,0.2994796421106338,-0.11329042749825824,1.6450216450216493,-0.5927180355630779,-1.8558951965065407,-1.1001100110010986,-0.11627906976743319,-0.4634994206257126,-2.1505376344086113,-1.6216216216216273,0.773480662983439,-0.4366812227074135,,,1.7895351099008083,-1.4686499717567303,-0.14388489208633226,-0.0767901708581431,-2.1566504241111617,-0.6505405900677941,-0.6587890829237608,-1.349948078920038,-2.5373904074265208,0.05294366793731076,-4.510621786788249,-0.5154118241536221,,,,,,,-0.1431672360576397,-1.4021856698242297,-0.06661598337052155,-1.0977083235102159,2.2576996143444994,-0.6010601898285062,-2.1181149068334015,-0.9651598983051568,-1.286417968720377,0.249237097884758,3.0853449779796316,0.7599128814105738,-0.5507448631565381,0.5079241036335835,-1.0136452241715443,-1.0136452241715443,-0.07732041647159349,1.0322492384620352,-2.0914276658467235,0.45213081098778307,,,3.234265734265729,-0.3289473684210509,-0.13495276653170407,0.1953125,,,5.067873303167425,0.6853885155875483,3.7878787878787845
2018-12-01,94.92401115120197,-0.4958708089236485,6.6276868646873766,2.494059602056975,91.66813843636548,-1.1079953025221467,-2.0589925122300734,-1.0401747582817755,90.25875082188944,-2.263380689288508,4.752847075508826,3.688812540151387,93.06807981282762,-0.1302704948693556,-7.651832651541424,-4.57623137532206,100.09572308036884,0.2884487061627805,18.79353003272657,7.021065472217658,106.7,102.3,105.3,99.3,100.3,142.24141578947368,1.2662105263157895,100.0,85.3,88.4,1122.4244444444444,30.782222222222224,6.883711111111111,7.819355555555556,118.1,89.6,85.2,71.9,90.9,,,105.6,108.1,,,,,103.41,104.95,108.86,93.96,95.35,98.93,,,,1421.2256465497076,38.97677380116959,8.716227469005847,9.900950313450293,0.7402907192364472,78.97580846288137,67.3663646188378,84.13333333333334,2.6926292190158314,2.7929453719110375,,-1.568265682656833,-1.7495395948434522,-3.581526861451456,0.09784735812132794,-3.835616438356171,-0.37842951750236553,-0.6006006006006093,-0.1006036217303885,-1.5701668302257166,-0.6930693069306937,-6.04419712680746,-2.709349893574775,-5.517439097667587,-1.8496787392276448,0.30090270812437314,-0.497512437810943,-3.1782065834279227,-0.3504672897196248,0.9132420091324311,-0.45045045045044585,3.649678774666998,-0.2595253504974582,2.763265026030215,-0.07718554105621278,4.406302424107156,-0.7635342421100644,0.08371573569265767,-0.11783036571694216,1.1996572407883432,0.5962521294718748,-2.60869565217392,-0.33370411568410807,-1.1600928074245953,-0.8149010477299212,-3.6193029490616424,-1.2362637362637208,0.11013215859032588,-0.3289473684210509,,,0.33960799534251684,-1.1943435887636134,0.864968765016827,0.8165225744476645,-1.4841628959275988,0.39656921516184607,-2.4197736005815873,-1.0947368421052706,-1.923472536515125,0.9101492221398999,-4.193298469881846,0.49776513612354023,,,,,,,-2.0691291266533463,-2.104403704494029,-2.906635536555735,-1.9254365957411812,-1.3542517262695952,-2.5990900507946724,-5.438342326706936,-1.9653296217215677,2.3506591619807837,2.39583184357659,6.158111878240091,1.377648370425777,2.4758352143500417,1.5274646381694623,-1.9425019425019285,-0.5907837731390142,3.884512934962281,2.7957903405459117,1.4650564932928045,2.367592299475074,,,1.6450216450216493,-1.8558951965065407,-2.1505376344086113,-1.0136452241715443,,,-0.9865470852017832,0.6984481260431608,0.09398496240600185
2019-01-01,92.88359286028648,-2.149528097443476,-9.07306899887208,0.5382989526572901,90.05148618120995,-1.7635923263324085,-8.50138769497002,-2.5238848219867327,89.22836126977073,-1.1415951835540228,-1.1216238740010431,2.1706243303804884,90.77150466837377,-2.4676292334306016,-14.999042240098415,-6.205888185586295,97.47825880821496,-2.6149611507899073,-9.713922488404991,4.426436760742836,103.9,102.2,103.2,99.2,99.9,140.5327909090909,1.290140909090909,100.0,84.9,88.1,1120.33,30.808,6.786345,7.8411349999999995,117.3,88.7,85.9,70.8,91.7,,,,,,,,,102.04,103.22,109.34,92.68,93.75,99.33,,,,1445.3835646818181,39.74666112727272,8.755341307704546,10.116169037204545,0.7343481854477575,77.51091318425401,65.80676529343167,83.73333333333333,2.596947695039827,2.7509228926143647,,-3.52831940575673,-2.6241799437675684,-3.9473684210526327,-0.09775171065493637,-5.147058823529404,-1.9943019943019835,-0.5015045135406182,-0.10070493454178431,-1.8664047151276897,-0.3988035892322994,-8.305089576531532,-1.2012147593578937,-6.726279087345011,1.889921326491284,-0.09990009990009652,0.0,-3.850509626274057,-0.4689331770222682,0.0,-0.33936651583711397,5.132033214081755,-0.18660003840892392,4.787418409160837,0.08374241986717212,5.652079632765283,-1.414442145225292,0.282787097402859,0.2785324735485428,-1.4285714285714346,-0.6773920406435208,-4.3149946062567395,-1.0044642857142794,-1.4908256880733939,0.8215962441314506,-6.225165562913915,-1.5299026425591222,-0.5422993492407824,0.8800880088008833,,,-0.03918495297804414,-1.324823518035001,1.0969637610186211,-1.6484040019056678,-0.5638413968715783,0.44093330883703263,-4.591311509162033,-1.362281822051925,-3.4898085237801135,-1.678028316727842,-5.083612040133789,0.40432629131708087,,,,,,,-1.9394407500976207,1.6997946941612385,-2.260875801463258,1.9752464122108293,-1.45437410491851,0.4487473375125228,-6.462513039336482,2.173717844658607,3.444063294699351,-0.8027297430959202,7.104229275521345,-1.854865821748275,3.083150787737887,-2.315100917543089,-3.533026113671267,-0.47543581616482644,3.4355122270802285,-3.553460807016584,1.736289759609977,-1.5045936708715346,,,1.1996572407883432,-2.60869565217392,-3.6193029490616424,-1.9425019425019285,,,-0.9865470852017832,0.6984481260431608,0.09398496240600185
2019-02-01,93.44551738021296,0.6049771575607599,-7.935122767621483,1.438605512924851,90.84709091493676,0.8834998371107572,-7.739633510017763,-1.327275442923237,89.65787643199546,0.4813661890821219,-11.15647737281681,2.552955846830196,92.0257477150502,1.3817585719865688,-4.902325005157071,-4.166466150465064,97.62910587320223,0.1547494454984921,-8.449901285135953,4.756701047871936,104.9,102.4,104.3,99.4,100.1,143.76273,1.30172,99.8,84.8,88.3,1121.8333333333333,30.79888888888889,6.736683333333334,7.847716666666667,124.2,88.4,85.6,70.6,92.2,,,,,,,,,102.06,102.75,108.57,92.77,93.38,98.7,,,,1460.3128866666666,40.09152964444444,8.769275428666667,10.215529739333334,0.7255009695489227,76.66779338106505,65.14457794302922,83.73333333333333,2.562885500035748,2.7080533210596704,,-1.5947467166979257,0.9624639076034613,-3.5781544256120457,0.1956947162426559,-2.5233644859813165,1.065891472868219,0.20161290322580072,0.20161290322580072,-1.476377952755903,0.2002002002001957,-4.545318732638748,2.2983526264688914,-6.7585910499077695,0.8975059102071414,-0.29970029970030065,-0.20000000000000018,-4.072398190045257,-0.11778563015313326,-0.11312217194571206,0.2270147559591429,4.0203627410120735,0.13418665333726487,5.310506035756646,-0.02957384806254737,6.62150417610734,-0.7317881225706313,0.3267483509508562,0.0839376782400425,3.2418952618453956,5.882352941176472,-4.946236559139782,-0.33821871476887866,-3.276836158192098,-0.34924330616997734,-6.860158311345654,-0.28248587570621764,-0.324324324324321,0.5452562704471031,,,0.27510316368637433,0.01960015680124716,1.0722014558331772,-0.45533811276884384,0.15682656826567776,-0.7042253521126862,-4.694883912060821,0.09710832973670591,-3.9498045669615345,-0.3946666666666765,-4.812421641431186,-0.6342494714587699,,,,,,,-3.009948185283573,1.0328968966887953,-1.8070003997886053,0.8676666351103535,-0.5846072624160925,0.15914994598622556,-6.453926283760003,0.9821969340702674,2.1182347683861513,-1.2047712616652384,6.927062581888488,-1.0877433493587496,2.8809011898354164,-1.006260294742889,-3.865288939915812,0.0,2.932186476983434,-1.3116242221257624,1.9999663683255564,-1.558370526116526,,,-1.4285714285714346,-4.3149946062567395,-6.225165562913915,-3.533026113671267,,,-0.9865470852017832,0.6984481260431608,0.09398496240600185
2019-03-01,93.96970035108176,0.5609503650517489,-3.9611300492836783,-0.7742058579111477,90.28784765625652,-0.6155874151257845,-5.888314227546553,-1.8642459044457824,89.90412226405654,0.274650529167797,-1.5623704470301814,2.554896663570161,90.72377584601364,-1.4147908616488405,-9.701309325301487,-5.230141169147173,99.70970700637211,2.1311279198562794,-1.5336871904761409,0.3956345415523588,105.7,101.9,104.3,99.1,100.2,146.3395142857143,1.3165333333333333,99.2,84.7,88.4,1131.6004761904762,30.856666666666666,6.711942857142858,7.849161904761905,117.9,88.2,85.3,70.0,91.7,,,108.1,112.0,,,,,102.34,102.3,108.21,92.89,92.85,98.25,,,,1489.789746920635,40.62383022222222,8.836496502857143,10.333683286349206,0.7127261595003243,75.34940247113632,64.33562892444805,83.3,2.518226357298023,2.6637074694351814,,0.09469696969697239,0.7626310772163913,-3.7771482530689293,-0.48828125,-1.324503311258285,0.0,-0.10080645161291146,-0.3018108651911544,-1.183431952662728,0.09990009990010762,-1.220036911866984,1.7923868625159711,-5.757713140375575,1.1379815423695927,-1.6848364717542141,-0.6012024048096087,-4.401805869074482,-0.1179245283018826,-0.45045045045044585,0.11325028312572094,5.762804758247153,0.8706411698537808,5.6768060441898305,0.18759695515710995,6.245871128111369,-0.3672500986955929,0.10084303808175488,0.018416033052992553,-2.962962962962956,-5.072463768115942,-5.263157894736836,-0.2262443438914019,-4.586129753915003,-0.3504672897196248,-6.914893617021278,-0.8498583569405027,-1.0787486515641875,-0.5422993492407824,,,0.7184332250762759,0.274348422496562,0.917431192660545,-0.43795620437956373,0.3803339517625126,-0.3315833103067156,-4.6793227296049285,0.12935216125902205,-4.485135274148755,-0.5675733561790519,-4.980657640232112,-0.455927051671734,,,,,,,-0.32671414894820394,2.0185304480365707,-0.40776130374570174,1.327713316250434,0.1285386450615933,0.7665522053365015,-5.662676355148621,1.156607146479538,-0.10575666979960596,-1.760826047764097,4.321708231346277,-1.7196150453631653,1.438746147279657,-1.2417749014946744,-4.252873563218396,-0.5175159235668803,1.3306182427005542,-1.7425336690656712,0.7913219602501576,-1.6375545961235471,,,3.2418952618453956,-4.946236559139782,-6.860158311345654,-3.865288939915812,,,-0.2767527675276882,5.4584381092518175,0.2849002849002913
2019-04-01,89.84622287784958,-4.388092606261795,-12.452596130149384,-3.6293228502289776,89.2536147657936,-1.1454840460927374,-3.4972437714803184,-3.183467285501551,89.38765607345914,-0.5744633033405222,0.7160139693768386,2.1582222094908676,89.17137814129836,-1.7111255459100303,-6.866960564246138,-7.365987559186859,90.9985168923947,-8.736551711480512,-24.053772744217248,-4.800163101179866,106.1,101.2,103.8,99.0,99.8,145.47553499999998,1.30358,98.9,84.3,88.6,1142.165,30.846818181818183,6.716068181818182,7.8444863636363635,116.6,88.0,85.3,69.6,91.5,,,,,58.01,-6.9,83.48,-0.4,102.16,101.79,108.5,92.72,92.39,98.51,,,,1488.9034507,40.211295245454544,8.754932160454546,10.22591553390909,0.7135220365403709,75.86799429264028,64.66806793599166,83.03333333333333,2.531378295045253,2.698246831834266,,0.18885741265344258,0.37842951750235443,-3.6190476190476217,-0.6869479882237517,-1.7045454545454475,-0.47938638542665,-0.7021063189568744,-0.10090817356205317,-1.285855588526208,-0.3992015968063978,-4.125172686092049,-0.5903937087200384,-7.438544669611047,-0.9838971035041499,-2.7531956735496577,-0.3024193548387122,-4.638009049773761,-0.47225501770956635,-0.672645739910327,0.2262443438913797,6.939758660124529,0.9335913188273981,5.004487172874783,-0.03191687862746928,6.6609330719057835,0.06146245227540703,-0.04762155078847918,-0.05956739308313752,-3.075644222776397,-1.1026293469041604,-5.1724137931034475,-0.22675736961451642,-3.6158192090395502,0.0,-7.323568575233019,-0.5714285714285783,-1.1879049676025821,-0.21810250817885235,,,-0.06847305096352452,-0.17588430721126036,0.7821782178217829,-0.49853372434016663,-0.2665686184392002,0.2679974124387918,-4.804928131416841,-0.18301216492625505,-3.9904395718590946,-0.49542272482497873,-4.977331918587824,0.26463104325700204,,,,,,,-1.0150030573830904,-0.059491362621277855,-2.8063185105755006,-1.0154999528872777,-1.273088079671858,-0.9230393785164104,-7.4826238700717695,-1.042878414732118,2.524778713416742,0.11166659585002403,5.061879136771896,0.6882494147217866,3.025595924179303,0.516726139312329,-4.376199616122833,-0.3201280512204918,3.692109068620608,0.5222698789214997,2.613081275671858,1.2966649977675049,,,-2.962962962962956,-5.263157894736836,-6.914893617021278,-4.252873563218396,-5.945342349233518,,-0.2767527675276882,5.4584381092518175,0.2849002849002913
2019-05-01,91.6358097708492,1.9918331964078773,-7.524434394280178,-1.0939468476453773,90.00147616936202,0.837906011460543,-3.6715814166412786,-2.9027578883188743,90.24075556504172,0.954381767076984,2.6259282829603103,1.25611664895533,89.92382526714464,0.8438213488794144,-8.827959862799196,-6.051159403869677,94.2546539679834,3.5782309281359392,-13.12517036866776,0.7058033801294439,104.7,100.9,102.3,99.0,99.8,141.2052761904762,1.2841142857142858,98.7,84.2,88.5,1182.9527272727273,31.221818181818183,6.851859090909091,7.847777272727273,114.1,87.2,85.5,69.0,90.9,,,,,86.58,-8.6,103.16,0.4,102.73,102.35,109.07,92.14,91.8,97.85,,,,1519.0464964155844,40.09238275324675,8.798570142337663,10.077442907012989,0.7244771779066126,76.8623175507298,65.57048771804912,82.36666666666666,2.552854007952708,2.7204668944543413,,-2.6046511627906943,-1.3195098963242113,-3.629417382999045,-0.29644268774703386,-3.762935089369712,-1.4450867052023142,-0.5025125628140725,0.0,-1.1881188118811892,0.0,-4.392915603075432,-2.9353793471347367,-4.589986449049488,-1.4932504553394677,-3.045186640471509,-0.2022244691607722,-4.643261608154015,-0.11862396204032066,-1.3377926421404673,-0.11286681715575453,9.872497045786833,3.5710888770648097,4.535216412004628,1.21568454091332,7.5634323618859245,2.0218810383510366,-0.012219685623959808,0.04195187470992234,-4.678362573099426,-2.1440823327615766,-5.93311758360302,-0.9090909090909038,-2.6195899772209486,0.23446658851113966,-8.366533864541825,-0.8620689655172376,-1.3029315960911947,-0.6557377049180246,49.25012928805379,23.574508864398645,-1.2970791698693307,0.5579483163664856,-0.10735896935389899,0.5501522742901832,-0.989469862018888,0.5253456221198105,-5.603934023153368,-0.6255392579810115,-4.464564470808618,-0.6385972507847226,-5.30339688377045,-0.6699827428687577,,,,,,,4.829364320152907,2.0245131208080025,-0.2629358557909467,-0.29571912936883216,2.626285392342864,0.4984388351999769,-4.6016452527591785,-1.45192502718966,0.6589266032737573,1.5353613210545625,1.6191170623333306,1.3105964739942744,-0.0558381213058734,1.395464269862945,-4.998077662437539,-0.8028904054596553,0.15598703227528432,0.8483802262779117,-0.7284493607887299,0.8234999985145874,,,-3.075644222776397,-5.1724137931034475,-7.323568575233019,-4.376199616122833,-12.810689454472989,,-0.2767527675276882,5.4584381092518175,0.2849002849002913
2019-06-01,87.12878972645254,-4.918404776110141,-26.091334982168323,-0.9495090167252696,88.98233082149042,-1.1323651469380414,-5.659557339332744,-1.8363245983292087,89.7175806732794,-0.5797545560057182,-0.8273783560739156,4.238122135135125,88.37377680832718,-1.7237350103963989,-9.965450606922332,-6.658336009178189,84.59418990948168,-10.249323138763188,-48.1901442445022,-0.7701267776591081,102.9,100.7,101.2,98.7,99.4,137.04058,1.2678850000000002,98.8,84.2,87.8,1173.7845,31.289499999999997,6.897675,7.826045000000001,116.2,86.8,85.6,68.3,91.1,,,110.5,116.7,84.84,-10.3,100.95,-2.5,102.01,102.38,109.82,91.2,91.53,98.2,,,,1488.2237607825002,39.6714877075,8.745458667375,9.922525064825003,0.738467394110562,77.9250484073871,66.4098084605465,82.06666666666666,2.580694748703482,2.7682349804904907,,-4.368029739776946,-1.7191977077363862,-3.2660902977905804,-0.1982160555004997,-4.347826086956519,-1.0752688172043001,-0.5040322580645129,-0.303030303030305,-1.5841584158415745,-0.4008016032064021,-6.294818156373394,-2.949391342047525,-4.584211318482834,-1.2638505695977131,-1.7892644135188873,0.10131712259371373,-3.9908779931584926,0.0,-1.8994413407821265,-0.7909604519774072,7.258087606270447,-0.7750290490360023,4.004479407388639,0.21677731190308247,6.690532203559618,0.668663912713785,-0.2684972455752499,-0.27692264920409215,-1.7751479289940808,1.8404907975460238,-6.263498920086386,-0.4587155963302836,-2.1714285714285797,0.11695906432747094,-8.811748998664893,-1.0144927536231974,-0.8705114254624724,0.22002200220021528,-2.009702009702008,-2.1423032183016666,-2.5971545879881597,-0.7008663486810063,-0.6887185954020825,0.02931118710307601,-0.803902086532382,0.6876317960942568,-6.490310673638877,-1.020186672454959,-4.656249999999995,-0.2941176470588225,-4.771140418929409,0.35769034236077246,,,,,,,2.3411502142355767,-2.0290844095829264,-0.7633057093340168,-1.0498129989858662,1.799612750534485,-0.6036375695534502,-4.840400082936592,-1.5372733303224861,2.0777848472307126,1.9310775591819596,2.929228950035778,1.382642223812569,0.6218397746569959,1.2800282134646235,-5.088666152659971,-0.3642250101173583,0.07516082076803876,1.0905731649379247,-0.04090863514604193,1.7558782330167055,,,-4.678362573099426,-5.93311758360302,-8.366533864541825,-4.998077662437539,-12.351971995402877,,-0.2671415850400649,5.719406234610758,0.7455731593662529
2019-07-01,93.33949893664484,7.128194055823922,16.483004515068146,2.89771172838722,88.15177291518104,-0.9333964379687698,-4.847336612683817,-2.292247777008538,88.72156360209551,-1.1101693377254973,-2.947539330491178,3.2208038647824955,87.66278370940105,-0.8045294934810654,-6.597367880305716,-6.647964165646347,101.281864473218,19.726738422098062,53.45798577923877,9.710270173082392,102.7,99.7,100.3,98.8,98.9,134.9876347826087,1.246891304347826,98.7,84.2,88.2,1177.2345454545455,31.07681818181818,6.8774727272727265,7.813313636363636,116.2,86.8,85.2,67.7,91.2,,,,,82.49,-15.0,100.56,-5.3,101.35,101.45,109.36,91.32,91.4,98.55,,,,1467.8835179051382,38.74941435770751,8.57546093952569,9.74235283132411,0.743031020296996,79.1568596683927,67.52793904841607,81.89999999999999,2.6181040844510455,2.8222362018291403,,-4.907407407407405,-0.19436345966958868,-3.391472868217049,-0.9930486593843102,-5.10879848628194,-0.8893280632411127,-0.40322580645162365,0.10131712259371373,-2.5615763546797954,-0.5030181086519092,-8.034038041368241,-1.498056427805039,-5.313886267169099,-1.655804402778971,-1.88866799204771,-0.10121457489877805,-3.550973654066436,0.0,-1.2318029115341522,0.4555808656036442,4.903898431679243,0.29392494572431094,1.7482353941661755,-0.6797226487537888,2.3974743399836296,-0.29288525086021977,-0.4387753576632125,-0.1626794074959248,1.6622922134733153,0.0,-5.549510337323182,0.0,-1.9562715765247485,-0.4672897196261627,-9.491978609625662,-0.8784773060029227,-0.4366812227074135,0.1097694840834329,-2.7699198491277777,-0.38632986627042953,-4.0246212121212155,-0.6469953926085736,-2.4519230769230793,-0.908380543074816,-3.0238538618426847,-0.4188672372973934,-5.651410269655965,0.1315789473684159,-4.112463281577828,-0.14202993554025545,-4.681303801141312,0.3564154786150686,,,,,,,-0.6705754208067849,-1.3667462792468221,-3.6585501135313003,-2.3242721739879957,-3.0438109868967556,-1.943840046760359,-5.729345601357727,-1.8157901574831659,3.1807850347959743,0.617986145743199,3.6174451987606826,1.5807641909515002,1.8618491599274645,1.68368289833849,-4.8780487804877986,-0.2030869212022779,1.2524484923469137,1.4495839062856009,0.6587987335010537,1.9507455732345802,,,-1.7751479289940808,-6.263498920086386,-8.811748998664893,-5.088666152659971,-14.426162881643068,,-0.2671415850400649,5.719406234610758,0.7455731593662529
2019-08-01,89.4658171004855,-4.150099240181959,-9.141064780294828,-3.1845286896390212,88.36895505140389,0.2463729645367562,-7.060496570819419,-3.714674019522901,88.2645525706575,-0.5151070527652624,-8.476123898013832,-0.962515034467315,88.65354252172412,1.1301931907699905,-5.531877283644382,-5.966491444320276,91.26900484323524,-9.886132805770432,-12.08114016550952,-2.9545022464172344,101.4,99.9,99.5,98.6,98.8,129.15141428571428,1.2154809523809522,98.5,84.1,87.7,1210.3781818181817,31.388636363636362,7.062859090909091,7.841986363636363,115.9,86.4,85.6,67.0,91.1,,,,,83.1,-14.3,101.9,-3.9,101.99,102.62,110.18,90.95,91.52,98.28,,,,1471.1916251774887,38.15228962121211,8.584770694350649,9.531785053831166,0.7704135533497283,81.03788036089968,69.19071815585444,81.5,2.689746828272786,2.8879000734661426,,-5.7620817843866075,-1.2658227848101222,-3.1037827352085268,0.20060180541625616,-5.4182509505703464,-0.7976071784645988,-0.6048387096774244,-0.2024291497975783,-2.371541501976293,-0.10111223458039165,-9.67122714089328,-4.323522303574967,-5.63335808651988,-2.5190930321951854,-2.0874751491053667,-0.20263424518743856,-3.3333333333333437,-0.11876484560571221,-1.4606741573033655,-0.5668934240362855,8.028298924160815,2.8153808849398887,2.2300848728580513,1.0033787242756276,3.1787500791782497,2.6955594153243556,-0.09206884565201578,0.36697269055323556,-0.08620689655172153,-0.2581755593803803,-5.88235294117646,-0.4608294930875445,-1.4959723820483495,0.46948356807510194,-10.427807486631014,-1.0339734121122657,-0.328227571115991,-0.10964912280703176,0.7394835737665195,1.3325377883850464,-3.828382838283828,0.6314750863344765,-1.5446608462055034,1.153277476589465,-2.4696822165176546,0.7498171177761526,-5.917037343539877,-0.4051686377573249,-3.663157894736846,0.13129102844637863,-4.573259539761132,-0.2739726027397249,,,,,,,1.9426780109867314,0.22536578904241988,-3.528901880183244,-1.540990351449334,-2.633678381977278,0.10856273371904201,-5.72024036441019,-2.161364725119741,4.708329423401603,3.6852476282601687,3.757559732458815,2.376320511433927,2.4373281771489896,2.4623572566700114,-5.232558139534882,-0.48840048840047556,2.0568243470322267,2.7364360434418034,1.0979657994045544,2.3266610921667263,,,1.6622922134733153,-5.549510337323182,-9.491978609625662,-4.8780487804877986,-15.933148243600392,,-0.2671415850400649,5.719406234610758,0.7455731593662529
2019-09-01,90.36548021987082,1.0055942577206212,15.708034825962214,-3.26269679667629,87.5228084678042,-0.9575156604573308,-6.401288564243113,-5.017417203970198,86.7811329670462,-1.6806515870839367,-12.463123204501017,-2.730326969772412,88.42832662893223,-0.2540404888351832,0.2471337118514549,-6.857535823434802,94.7696075212134,3.8354780837052127,57.51219535759999,-1.1556709470669446,101.4,99.7,99.7,98.6,98.0,132.7954619047619,1.235442857142857,98.1,83.9,87.2,1194.1145000000001,31.0745,7.113725,7.835025,116.4,86.3,84.7,66.8,90.7,,,107.9,112.5,81.63,-15.5,101.03,-5.0,101.03,101.4,109.27,90.91,91.24,98.34,,,,1475.2602296357143,38.39076906428571,8.78860073892857,9.679725671785713,0.7507786679600748,79.40472473722552,67.91087059585344,81.26666666666667,2.641259929703537,2.8462571254310203,,-6.1111111111111,0.0,-2.921129503407982,-0.2002002002002068,-5.3181386514719815,0.20100502512563345,-0.30333670374116384,0.0,-2.777777777777779,-0.8097165991902799,-9.256143909119984,2.8215313314232215,-5.41557387627607,1.6423050252496685,-2.48508946322068,-0.4060913705583813,-2.6682134570765625,-0.23781212841853527,-1.8018018018017945,-0.5701254275940704,6.634503759532784,-1.3436859704254567,1.1366439412107354,-1.000796466584597,3.7729775671687227,0.7201886436666971,-0.017277716883201677,-0.0887704124128974,-1.0204081632652962,0.4314063848144922,-5.683060109289617,-0.11574074074075513,-2.1939953810623414,-1.0514018691588634,-10.575635876840705,-0.29850746268657025,-1.5200868621063957,-0.4390779363336872,-1.7689530685920607,-0.8537782139352301,-4.814396080648198,-0.9412687518384089,-2.556217566788388,-1.1888520756187848,-2.922885572139311,-0.8259212198221233,-5.987590486039307,-0.04398020890600263,-3.745120793332646,-0.30594405594405183,-4.105314480741096,0.06105006105006083,,,,,,,0.859633430834883,0.27655163260833504,-4.340485727411814,0.6250724280018272,-1.8469246965926889,2.3743213632025695,-5.431915905637341,1.5520767318927708,4.339693536611544,-2.5486162989061922,3.0982737149793715,-2.015299038426166,2.9046646808490006,-1.8497388003953064,-5.613627564847057,-0.2862985685071595,1.865228120999074,-1.802656594278229,1.4819228030292564,-1.4419802270076887,,,-0.08620689655172153,-5.88235294117646,-10.427807486631014,-5.232558139534882,-16.22019917616854,,0.5167958656330907,5.6296957461346775,0.8211678832116931
2019-10-01,91.7895275411658,1.5758753429186756,-6.478669426137518,-3.5000115107555296,88.3800251829415,0.9794209419738076,1.0397536671962415,-4.012017607831186,88.30484179773791,1.7558065660082,-1.865589291216474,-1.3136852989873105,88.5511831401645,0.1389334344726434,4.115752669982609,-6.3299421486165635,97.08556385493888,2.443775377255908,-15.570954633735168,-2.915009921609979,101.7,99.9,100.3,100.0,100.5,136.79991739130435,1.264691304347826,97.5,83.6,86.8,1183.4472727272728,30.701363636363634,7.096081818181818,7.842086363636364,116.8,86.0,84.6,66.3,90.6,,,,,79.19,-17.6,99.04,-7.3,99.4,99.88,107.82,90.63,91.07,98.34,,,,1496.695474972332,38.82774762252964,8.974352970395257,9.917818432035574,0.7331875772490455,77.09391190151231,66.10308753811722,80.96666666666667,2.5723871745278633,2.7768801077051886,,-6.353591160220984,0.2958579881656709,-2.631578947368407,0.20060180541625616,-5.198487712665411,0.6018054162487463,0.6036217303822866,1.4198782961460488,-0.7897334649555776,2.5510204081632626,-6.752087662100004,3.0155062749164907,-2.8034978564435376,2.3674463805319457,-3.0815109343936276,-0.6116207951070263,-2.677532013969741,-0.35756853396902155,-2.4719101123595544,-0.4587155963302836,4.580380494008374,-0.8933169535021435,-0.5858023873655083,-1.200779943800756,2.5578060219300536,-0.2480160790328756,0.0590404705606673,0.09012560440284645,-1.100762066045724,0.3436426116838476,-5.390539053905396,-0.34762456546928444,-1.969872537659334,-0.11806375442739991,-10.40540540540541,-0.7485029940119792,-1.091703056768556,-0.11025358324145973,-2.989097145657227,-1.969711966742549,-6.420636414987757,-1.613382163713739,-4.127471683624506,-1.4990138067061287,-1.2094557449148002,-1.3269881943808959,-5.887850467289724,-0.30799692003080636,-3.5684032189750137,-0.18632178868916993,-0.6164729661445212,0.0,,,,,,,1.6484717685983474,1.4529806271474488,-3.372877286436249,1.1382386154135338,-0.31739987151028215,2.1135586538128637,-2.7461125842094702,2.4597056602941647,1.666096227232261,-2.3430461548442305,-0.28603197833135807,-2.910170450638039,0.12959915191983473,-2.6619936423648127,-5.302144249512663,-0.3691550451189518,-0.7809343546585246,-2.6075720303455396,2.2389381788119556,-2.437482443379946,,,-1.0204081632652962,-5.683060109289617,-10.575635876840705,-5.613627564847057,-18.936312011081966,,0.5167958656330907,5.6296957461346775,0.8211678832116931
2019-11-01,92.28725503459869,0.542248671243728,13.223971313702364,-3.259851366529176,87.45405637669604,-1.0477127657847474,-4.077397255667026,-5.654166196236532,88.37771435922704,0.0825238571357633,0.5138171291047211,-4.300259584539257,86.54366376013638,-2.2670723403553916,-9.18517930762286,-7.131507306369544,99.75002358734,2.744444824343062,42.67857639016619,-0.0579164012307842,101.9,100.5,101.3,100.0,100.2,140.30316666666667,1.2882714285714285,97.5,83.6,86.7,1167.298947368421,30.46736842105263,7.019894736842106,7.827936842105262,116.8,85.6,84.3,65.8,90.3,,,,,77.68,-18.5,97.11,-6.2,98.25,98.87,106.62,90.3,90.86,98.0,,,,1503.7978824962406,39.2502402406015,9.043529821052633,10.084507378345863,0.7220079375732787,75.68280863615698,64.89315694341255,80.56666666666666,2.51896547368712,2.716416494432292,,-6.169429097605883,0.1966568338249708,-1.6634050880626305,0.6006006006005871,-4.162724692526021,0.9970089730807485,0.6036217303822866,0.0,-0.7920792079207928,-0.29850746268655914,-4.035078523168867,2.5608562798627776,-0.1396276863480983,1.8644964302780842,-2.985074626865669,0.0,-2.336448598130836,0.0,-2.3648648648648574,-0.11520737327188613,3.7280964831603702,-1.3645158285453318,-1.0992390409250485,-0.762165544444593,1.1997064420937509,-1.0736499844816172,-0.008215511558129496,-0.18043057516826666,-0.5110732538330609,0.0,-4.783092324805349,-0.46511627906977715,-1.86263096623982,-0.35460992907800915,-9.615384615384615,-0.7541478129713397,-0.9868421052631637,-0.3311258278145712,-1.9068064149513675,-1.948707592891763,-6.124593923179821,-1.1569416498994012,-5.024015369836688,-1.011213456147364,-1.6692797196347864,-1.1129660545353248,-4.947368421052634,-0.36411784177424744,-3.8416763678696064,-0.2305918524212025,-0.4469727752945962,-0.34573927191376974,,,,,,,3.5832633419480064,0.4745392528189507,-1.237331885232884,1.0881203364645042,1.0584036333975977,0.770828280162128,-0.14783172677751422,1.6807017334766527,-0.13301336300054478,-1.5247993859515807,-2.8494255274557623,-1.8303692607504751,-2.1998925708815897,-1.8303692607504751,-4.805041354864114,-0.4940304652120253,-3.8341243274265135,-2.0767364014924516,-0.43735942198317446,-2.1773937270508803,,,-1.100762066045724,-5.390539053905396,-10.40540540540541,-5.302144249512663,-21.31933541140423,,0.5167958656330907,5.6296957461346775,0.8211678832116931
2019-12-01,89.82887653524112,-2.6638331570658536,-2.354186257052715,-5.367593040126517,83.86023983468142,-4.109376615459393,-15.71710970474286,-8.517570810172126,83.31680997807196,-5.7264485937983505,-15.03711114587526,-7.691155462051824,84.28951315882048,-2.6046396736374433,-17.447818400336057,-9.432414068993378,99.06212719182248,-0.6896202835633636,19.386238685674417,-1.0326074448920086,102.0,100.5,101.6,99.7,100.0,143.00617,1.31082,97.9,83.9,86.5,1174.7052380952382,30.259047619047617,7.0136761904761915,7.80452380952381,114.6,85.7,84.0,65.5,90.5,,,106.8,109.9,77.68,-17.7,97.54,-3.1,97.97,99.1,106.3,90.63,91.67,98.36,,,,1539.8271202000003,39.6641648,9.193667024000002,10.230325900000002,0.7104588564255654,74.68607436566424,64.00573686699929,80.56666666666666,2.4984769123387665,2.6800009665147417,,-4.404873477038429,0.09813542688910104,-1.7595307917888547,0.0,-3.513770180436848,0.29615004935834577,0.40281973816718164,-0.30000000000000027,-0.29910269192422456,-0.1996007984031989,0.5376452464858739,1.9265447798160862,3.523069249314159,1.750296632253634,-2.0999999999999908,0.41025641025642656,-1.6412661195779554,0.3588516746411585,-2.1493212669683293,-0.23068050749711633,4.6578452482537225,0.6344810593305272,-1.6995998514912847,-0.6837505593724535,1.8880089136120493,-0.0885846098699794,-0.18967990298391912,-0.2990958288717538,-2.9635901778154117,-1.8835616438356184,-4.352678571428559,0.11682242990656011,-1.4084507042253502,-0.3558718861209953,-8.90125173852574,-0.45592705167172287,-0.44004400440044167,0.22148394241416902,0.0,0.44279682833900935,-5.260613093511268,-0.2849872773536877,-5.574082896617449,0.2326287043592501,-2.3516443137975407,-0.30013130744701577,-3.544061302681989,0.36544850498339,-3.8594651284740378,0.8914813999559845,-0.5761649651268685,0.3673469387755146,,,,,,,8.345013611189756,2.3958829921979063,1.7635913180936047,1.0545784098674904,5.47759402438599,1.660161528940396,3.3267067919960924,1.4459657391619363,-4.029749669380034,-1.5995781412778687,-5.431706468992092,-1.316989007747471,-4.988584096608328,-1.3675094851481884,-4.239302694136304,0.0,-7.210510281398063,-0.8133720593781479,-4.043917454748314,-1.3405723309437123,,,-0.5110732538330609,-4.783092324805349,-9.615384615384615,-4.805041354864114,-24.03895919442651,,1.9021739130434812,7.75535413339099,1.3145539906103343
2020-01-01,90.76462132124318,1.041697082379689,-4.392081663028069,-2.281319524569436,84.85153535509859,1.1820804738590818,-15.03846767086272,-5.7744197754244,85.05085988463905,2.0812725631520035,-13.944869421134907,-4.681808929003561,84.70992896688152,0.4987759358259458,-16.25482442621353,-6.677839839317102,99.63146988390815,0.5747329562015402,10.909186895081511,2.208914174318166,102.5,100.8,102.2,99.9,100.5,142.84350454545455,1.307090909090909,95.2,82.5,86.3,1167.462380952381,30.02,6.918352380952381,7.772461904761904,115.0,85.9,84.0,65.9,90.2,,,,,77.04,-14.3,96.59,-2.7,97.38,98.64,105.57,90.86,92.04,98.53,,,,1525.979464848485,39.23886909090909,9.042915503030303,10.159314296969697,0.7154683044581751,72.83349561830575,63.117262484351095,80.66666666666667,2.5138339173707998,2.6904445119306097,,-1.347449470644857,0.4901960784313708,-1.3698630136986356,0.29850746268655914,-0.9689922480620172,0.5905511811023612,0.7056451612903247,0.20060180541625616,0.6006006006005871,0.49999999999998934,1.6442522925901537,-0.11374715828376125,1.3138099784731017,-0.2844853533735425,-4.799999999999994,-2.757916241062308,-2.8268551236749206,-1.6686531585220599,-2.0431328036322305,-0.23121387283236983,4.2070087342462426,-0.6165680468575574,-2.557777200727085,-0.7900037769104862,1.9451911294280144,-1.3591133513299325,-0.8758055464941683,-0.4108118002379757,-1.9607843137254832,0.3490401396160525,-3.1567080045095786,0.2333722287047868,-2.211874272409786,0.0,-6.920903954802249,0.6106870229007688,-1.6357688113413316,-0.33149171270717703,-0.8238928939237944,-0.9739594012712738,-4.566836534692287,-0.6022251709707049,-4.43712458825809,-0.46417759838546235,-3.4479604902140193,-0.6867356538099778,-1.963746223564966,0.25377910184265495,-1.8239999999999923,0.40362168648413466,-0.8053961542333621,0.17283448556324466,,,,,,,5.576090813265111,-0.8992993544442052,-1.2775715543442256,-1.0722416852476102,3.284557223059892,-1.639732226283197,0.4264980113170891,-0.6941284542098969,-2.570971286334789,0.7051003710212056,-6.034527750730279,-2.4804875113508262,-4.086970081401365,-1.3881167941155015,-3.6624203821655987,0.12412081092263438,-3.200440957196593,0.614654670459136,-2.1984760403908954,0.38968438990711896,,,-2.9635901778154117,-4.352678571428559,-8.90125173852574,-4.239302694136304,-18.8263182129185,,1.9021739130434812,7.75535413339099,1.3145539906103343
2020-02-01,87.97751250668681,-3.070699545687483,-17.41145797888286,-5.85154325945656,84.61427904874739,-0.2796134511394488,-12.369598584739594,-6.860772098938606,84.09882955341813,-1.1193659094243524,-18.004740646689342,-6.200288362611184,85.24492357484651,0.6315606853762645,-5.868929902630981,-7.368398854198855,92.25448784061928,-7.404269004446718,-26.83590913018992,-5.505139051015551,102.7,100.7,102.2,100.1,100.5,142.569815,1.295735,96.2,83.0,85.9,1195.3357894736844,30.15736842105263,6.996705263157895,7.775678947368421,113.3,86.0,83.7,65.5,89.3,,,,,79.84,-9.3,97.9,-1.8,97.22,99.94,106.26,90.29,92.82,98.71,,,,1548.8384191736845,39.075957771052636,9.065875894157896,10.075219360868422,0.7168417802884853,74.24357603985382,64.0563078098531,80.26666666666667,2.557582864265333,2.7193191430541757,,-2.097235462345093,0.19512195121951237,-1.66015625,-0.09920634920634885,-2.0134228187919434,0.0,0.7042253521126751,0.2002002002001957,0.3996003996004083,0.0,-0.8297804305747336,-0.19160097361476947,-0.4597762959776208,-0.8687925998052459,-3.607214428857708,1.0504201680672232,-2.1226415094339535,0.60606060606061,-2.7180067950169806,-0.4634994206257126,6.551994307563613,2.3875209151120735,-2.0829338037181455,0.4575896770574017,3.859791487273334,1.1325367354984017,-0.9179449559414854,0.0413902653488174,-8.776167471819651,-1.4782608695652177,-2.714932126696834,0.11641443538998875,-2.219626168224287,-0.3571428571428559,-7.223796033994323,-0.6069802731411333,-3.14533622559654,-0.9977827050997812,3.6344755970924236,1.356248058805254,-4.742308446012156,-0.16430478537686755,-2.734793187347939,1.3179237631792295,-2.127659574468077,0.65359477124185,-2.6732779993532296,-0.6273387629319727,-0.5997001499250421,0.8474576271186196,0.010131712259364711,0.1826854765046182,,,,,,,6.06209349484601,1.4979857102775274,-2.533133263805354,-0.41517842799959626,3.382268784963083,0.2539047403450789,-1.3735007586015646,-0.8277619300188221,-1.1935462010231657,0.19196878768101833,-3.1619761497008847,1.9360328782484837,-1.6705459879222007,1.4877789190157253,-4.140127388535031,-0.49586776859504855,-0.20690100163822667,1.7403276561838377,0.41601182321242547,1.0732290145930579,,,-1.9607843137254832,-3.1567080045095786,-6.920903954802249,-3.6624203821655987,-14.48405645094354,,1.9021739130434812,7.75535413339099,1.3145539906103343
2020-03-01,89.82303534822272,2.097721098213179,-0.0260077495225496,-4.4127681448026586,85.53705843768343,1.0905717088299127,8.241261180598624,-5.261825751634131,85.35414741171198,1.4926698325765653,10.145809957875551,-5.060919052166346,85.8112083593621,0.6643032344540556,7.419193791943002,-5.414862246242603,95.73772861294364,3.775687073719469,-12.762767345142434,-3.9835423377331143,100.2,100.9,101.0,99.9,100.5,133.06565454545455,1.2363954545454545,97.2,83.4,85.7,1218.1945454545455,30.130454545454544,7.02045,7.765118181818182,115.1,85.5,84.2,64.6,88.9,,,109.5,113.6,82.45,-3.9,96.59,-3.3,95.7,100.12,106.25,88.85,92.96,98.67,,,,1506.1701987520662,37.25315704338843,8.680052468863636,9.600756824008265,0.7590238092993329,78.61562386262119,67.4541464006441,79.66666666666667,2.6875574567651035,2.8521072690900144,,-5.203405865657517,-2.434274586173324,-0.9813542688910659,0.19860973187686426,-3.163950143815908,-1.1741682974559686,0.8072653884964698,-0.19980019980019303,0.29940119760478723,0.0,-9.070591634152736,-6.6663202547786575,-6.087037582632071,-4.579605046907398,-2.0161290322580627,1.039501039501034,-1.5348288075560768,0.48192771084338837,-3.054298642533937,-0.2328288707799775,7.652353554638602,1.9123292536004532,-2.3535015270998882,-0.08924477501590644,4.596391081143203,0.3393702599870263,-1.0707349900979324,-0.13581792177534968,-2.374893977947423,1.5887025595763493,-3.0612244897959218,-0.5813953488372103,-1.289566236811246,0.5973715651135025,-7.714285714285718,-1.3740458015267243,-3.0534351145038108,-0.4479283314669513,3.2690380761523086,-1.3381001021450456,-6.488176666015244,-1.563464307755602,-2.1309872922776085,0.18010806483890196,-1.8112928564827602,-0.0094108789761016,-4.349230272365167,-1.5948610034333899,0.11847065158858694,0.15082956259426794,0.4274809160305315,-0.040522743389714844,,,,,,,1.0995143351797854,-2.754852920318318,-8.297280587269562,-4.664762763702579,-1.7704305540428122,-4.255776604474448,-7.092596531472351,-4.709203044282518,6.495853867839907,5.884426685324029,4.334767475742152,5.888789382155379,4.847263527738677,5.304455887275417,-4.3617446978791445,-0.7475083056478371,6.724220758644095,5.0819308463386115,7.072841211605785,4.883138721507296,,,-8.776167471819651,-2.714932126696834,-7.223796033994323,-4.140127388535031,-4.945141792278718,,1.6651248843663424,-1.6080856142784428,1.1363636363636465
2020-04-01,88.14245642293272,-1.8709887934367675,-11.064695140947766,-1.8963139465898449,85.01440931279949,-0.6110206902481985,0.7700203250202042,-4.74961766435793,86.51639754191034,1.3616797372389744,7.072729785259324,-3.212142098444992,83.68932996526988,-2.4727287200130954,-4.732867571952348,-6.147766570728319,91.703275711895,-4.214067911888176,-28.228297757540822,0.7744728634793807,99.5,100.9,101.1,99.9,100.2,133.69083,1.241035,101.9,85.3,85.1,1223.1309090909092,30.07318181818182,7.070827272727272,7.751177272727273,120.6,84.6,83.5,63.9,88.3,,,,,84.52,-0.4,94.54,-5.9,93.17,99.35,105.69,86.83,92.57,98.51,,,,1517.9482677636365,37.321871197727276,8.775144124409092,9.619482286659093,0.7562223976019895,82.10888492266535,68.73295273702998,78.93333333333334,2.6619779987357637,2.8318515821477894,,-6.220546654099901,-0.698602794411185,-0.29644268774703386,0.0,-2.6011560693641633,0.0990099009900991,0.9090909090909038,0.0,0.4008016032064132,-0.29850746268655914,-8.100815714477339,0.469824806920327,-4.797941054634148,0.3752476958313711,3.0333670374115274,4.8353909465020495,1.1862396204033177,2.278177458033559,-3.950338600451464,-0.7001166861143604,7.088810206135654,0.4052196469589209,-2.5079940468296424,-0.19008251995111802,5.282243737034986,0.7175789689731094,-1.1894863039297432,-0.17953247799307182,3.430531732418518,4.778453518679404,-3.863636363636369,-1.0526315789473717,-2.1101992966002348,-0.8313539192399078,-8.18965517241379,-1.0835913312693402,-3.49726775956285,-0.6749156355455699,2.5106124924196394,-2.1223729164509764,-8.799921691464363,-2.643678160919538,-2.3970920522644823,-0.7690771074710501,-2.5898617511520783,-0.5270588235294138,-6.352459016393441,-2.273494653911079,0.19482627990041745,-0.419535283993111,0.0,-0.16215668389580884,,,,,,,1.9507522163362045,0.7819879201785396,-7.185603025443166,0.18445189560396535,0.2308637415358028,1.0955193633513272,-5.930356506848389,0.1950415263513472,5.984448815156185,-0.3690808724339467,8.225986054083002,4.443469234752295,6.28576812448105,1.8958157572559031,-4.9377759935768655,-0.9205020920502127,5.159232973836336,-0.9517734389250521,4.951539226776336,-0.7102007404050981,,,-2.374893977947423,-3.0612244897959218,-7.714285714285718,-4.3617446978791445,-2.3057723118589446,,1.6651248843663424,-1.6080856142784428,1.1363636363636465
2020-05-01,88.40410378618834,0.2968460080124746,1.9536994668406304,-3.5266845927834023,85.76363055866857,0.8812873628427198,5.545080571653727,-4.708640114656348,87.08552986045306,0.6578317344605455,14.980498764343908,-3.496453110163167,84.87233421330302,1.4135663991145409,-1.7368949621410446,-5.6175224294948585,90.86640015228043,-0.9125906933180716,-5.884038535114666,-3.594786753823187,98.1,100.9,100.8,99.9,100.3,131.9339684210526,1.229978947368421,103.0,85.7,85.2,1228.134,29.920499999999997,7.10159,7.751869999999999,119.6,84.4,83.0,63.5,88.3,,,,,83.76,-3.2,94.61,-8.2,92.39,98.37,105.22,86.44,92.03,98.46,,,,1510.5789645473685,36.801585094736836,8.734806192842106,9.53463690273684,0.7640185556937694,83.74127071066685,69.67598931945776,78.73333333333333,2.6729826920979103,2.8591159790844984,,-6.303724928366772,-1.4070351758794009,0.0,0.0,-1.4662756598240456,-0.29673590504450953,0.9090909090909038,0.0,0.5010020040080221,0.09980039920158834,-6.565836645450307,-1.3141227255058507,-4.2157726105937705,-0.8908735556675706,4.35663627152989,1.079489695780178,1.7814726840855055,0.4689331770222793,-3.7288135593220306,0.1175088131609936,3.819364179618323,0.40903969247325644,-4.167976939203366,-0.5077009114130782,3.6447175252370068,0.4350654610300264,-1.2220947332510668,0.008937058828006883,4.820333041191938,-0.8291873963515717,-3.2110091743119185,-0.23640661938533203,-2.92397660818714,-0.5988023952095856,-7.971014492753625,-0.6259780907668211,-2.8602860286028653,0.0,-0.8991954566966331,0.07404273323459165,-10.06521950744671,-0.8371793495760449,-3.8886174890082947,-0.986411675893295,-3.5298432199504903,-0.4446967546598568,-6.1862383329715716,-0.44915351836922746,0.2505446623093821,-0.5833423355298573,0.6234031681144669,-0.0507562683991547,,,,,,,-0.5574241399586066,-0.4854778896467349,-8.208037119578337,-1.3940514939189907,-0.7247080885192103,-0.45968397777971237,-5.386346608804937,-0.8820161147333305,5.457919033614322,1.03093456587664,8.949708230430197,1.9880744812683426,6.261203392389203,1.3720297832042982,-4.411169566976925,-0.2533783783783772,4.705662124468346,0.4134028668671519,5.096517987878935,0.9627763371705678,,,3.430531732418518,-3.863636363636369,-8.18965517241379,-4.9377759935768655,-2.6573887866306323,,1.6651248843663424,-1.6080856142784428,1.1363636363636465
2020-06-01,90.36342168129002,2.216320070208999,2.4282522364984516,3.7124720370762088,86.14144806216177,0.4405334767570767,2.856425637276394,-3.192636934885207,87.78484719915355,0.8030235790275064,11.887022237575165,-2.154241632043341,84.55792502535704,-0.3704495591647094,-5.715305406361182,-4.317855274247584,95.9699708338067,5.616565279325836,0.9738633136632702,13.447473090643026,99.1,100.8,101.1,100.2,100.4,134.78695,1.2525681818181817,104.2,86.2,85.8,1206.9459090909093,29.652272727272727,7.08155909090909,7.750136363636364,118.9,84.7,83.4,64.0,88.3,,,111.9,118.7,82.35,-3.0,94.75,-6.0,92.77,97.78,104.4,87.44,92.16,98.42,,,,1511.7820429028927,37.141493336776854,8.870135594938015,9.707574213842975,0.7500726145965911,83.18908424509644,68.81860903960954,79.0,2.6326351262559484,2.810872439978738,,-3.692905733722074,1.0193679918450549,0.09930486593843213,-0.09910802775026095,-0.09881422924902239,0.29761904761904656,1.5197568389057725,0.30030030030030463,1.0060362173038184,0.09970089730808596,-1.6444982938630393,2.1624314140558543,-1.2080605245600617,1.836554560392356,5.465587044534415,1.1650485436893288,2.375296912114022,0.5834305717619559,-2.277904328018221,0.7042253521126751,2.825170130540089,-1.7252263115499433,-5.232513375820225,-0.896466545436303,2.665885112144184,-0.2820623140861289,-0.9699488868724404,-0.022364105224093045,2.3235800344234114,-0.5852842809364489,-2.4193548387096753,0.35545023696681444,-2.5700934579439116,0.48192771084338837,-6.295754026354317,0.7874015748031482,-3.073545554335888,0.0,-1.683381088825231,0.147975901067543,-9.057935496519953,0.4112999242342097,-4.493065051767919,-0.5997763545796508,-4.935348752504087,-0.7793195210036075,-4.122807017543861,1.1568718186024896,0.68829891838742,0.14125828534172769,0.22403258655805391,-0.04062563477553738,,,,,,,1.5829798408812934,0.07964352634055594,-6.377361971844686,0.9236239177334404,1.4256190819141645,1.5493120180137154,-2.1662918418218102,1.8137797261738697,1.5715278126811505,-1.8253406272985884,6.755255139771377,-0.6593958521100896,3.627175917084724,-1.2305247305742673,-3.7367993501218444,0.3386960203217493,2.012650956823192,-1.5094585520976533,1.5402398925214333,-1.687358591210708,,,4.820333041191938,-3.2110091743119185,-7.971014492753625,-4.411169566976925,-4.511562712631623,,1.4285714285714235,9.17167808153232,1.295097132284928
2020-07-01,92.61454290690936,2.49118634922767,21.89226639354287,-0.7766872952977288,86.751621170129,0.7083385776460505,8.42769639364409,-1.5883421271620457,89.22454859326895,1.640034060604134,13.121128127382775,0.5669253006284514,84.62434342883991,0.0785478161425379,4.544426702105864,-3.466054980222244,100.84553946519196,5.080306463600359,46.24713839489625,-0.4308027012490667,99.3,99.7,99.7,100.1,100.3,135.44442608695653,1.2691173913043479,104.6,86.3,86.2,1198.6186363636364,29.406818181818185,7.004113636363636,7.7508954545454545,120.0,85.1,83.9,64.4,88.6,,,,,80.69,-1.8,94.59,-5.8,92.84,97.68,103.98,88.03,92.62,98.62,,,,1521.187756950593,37.32070437747036,8.889042426581026,9.836796219545455,0.7360952597339939,82.41948358496319,68.00001370346389,79.36666666666666,2.6173139448827536,2.786121048207501,,-3.3106134371957197,0.20181634712412855,0.0,-1.0912698412698374,-0.5982053838484491,-1.3847675568743778,1.3157894736842035,-0.09980039920161055,1.415571284125372,-0.09960159362550902,0.3383949241598794,0.48778912717926115,1.7825200062764779,1.3212222477297697,5.977710233029376,0.38387715930900956,2.494061757719712,0.11600928074244621,-2.26757369614512,0.4662004662004726,1.81646817889074,-0.6899458098785116,-5.373780514560678,-0.8277765003449011,1.841387296073349,-1.093621525306121,-0.7988695286425429,0.009794549069508385,3.2702237521514688,0.925147182506314,-1.9585253456221197,0.47225501770955525,-1.5258215962441257,0.5995203836930418,-4.87444608567208,0.6250000000000089,-2.8508771929824706,0.3397508493771184,-2.015786278081355,-0.16886543535620246,-8.396645288603843,0.07545542740110545,-3.716116313454898,-0.10227040294538137,-4.919531821506951,-0.4022988505747116,-3.6027157249233333,0.6747483989021141,1.3347921225382864,0.4991319444444642,0.07102993404364266,0.2032107295265151,,,,,,,3.6313670938636022,0.622160720313869,-3.687049221049621,0.48250898010084864,3.6567303992953715,0.21315155152534793,0.9694104684618399,1.3311462045606737,-0.9334415890509873,-1.8634668951504896,4.121719747648411,-0.9251221685116828,0.6990805016414692,-1.1894970671006977,-3.0932030932030896,0.4641350210970341,-0.03017983788285994,-0.5819713191696274,-1.2796644589220474,-0.8805590541641317,,,2.3235800344234114,-2.4193548387096753,-6.295754026354317,-3.7367993501218444,-5.241045492475427,,1.4285714285714235,9.17167808153232,1.295097132284928
2020-08-01,90.14905683384796,-2.6620938738957767,8.132201842706355,0.7636880268975466,86.94462084377346,0.2224738524090108,5.6229376546837795,-1.611803836315473,88.2777892307983,-1.061097396845856,5.589759191996491,0.0149965753581726,85.83039615141091,1.425184141706426,4.5923405663412575,-3.1844710205702342,93.79064203436891,-6.9957456405477565,13.50754829469276,2.762862590059867,99.7,99.5,99.3,100.2,100.3,139.18990000000002,1.31255,103.9,86.1,86.4,1186.8561904761905,29.377142857142854,6.927009523809524,7.750161904761905,119.9,85.7,84.4,65.0,88.9,,,,,80.68,-2.7,94.92,-6.8,93.42,99.38,103.94,88.71,94.37,98.72,,,,1557.808092809524,38.55896885714286,9.092046350476192,10.172475008095239,0.7134138324691661,79.15888918517389,65.59750104757913,79.86666666666666,2.5773510792830847,2.6956115031262207,,-1.6765285996055201,0.40281973816718164,-0.4004004004004025,-0.20060180541625616,-0.20100502512563345,-0.4012036108325012,1.6227180527383478,0.09990009990010762,1.5182186234817818,0.0,7.772648692857653,2.7653215575212053,7.986060779389725,3.422268813999474,5.48223350253807,-0.6692160611854625,2.378121284185486,-0.2317497103128674,-1.4823261117445807,0.23201856148491462,-1.9433588357200438,-0.9813334725989886,-6.408349452299933,-0.10091307564066287,-1.9234358968654108,-1.1008403997588845,-1.1709336718596197,-0.009464064995479138,3.45125107851596,-0.08333333333332416,-0.810185185185186,0.7050528789659394,-1.4018691588784882,0.5959475566150285,-2.985074626865669,0.9316770186335255,-2.414928649835335,0.3386004514672747,-0.012393109431141358,0.34887408816999255,-8.402784586724177,0.6247307195174523,-3.1572792827908924,1.7403767403767256,-5.663459793065895,-0.03846893633391302,-2.462891698735581,0.7724639327501892,3.114073426573438,1.889440725545244,0.4477004477004387,0.10139931048467332,,,,,,,5.887504125887455,2.4073514720063915,1.0659366448734442,3.3179022216418996,5.909018122748044,2.283754696547735,6.7216156328090415,3.412480863259093,-7.398587503131216,-3.0813168492654475,-2.31865785155998,-3.9560966144953746,-5.193206840520814,-3.5331061348924164,-2.0040899795501055,0.6299874002519967,-4.178673911175346,-1.5268655744490434,-6.6584218791591265,-3.2485862428522805,,,3.2702237521514688,-1.9585253456221197,-4.87444608567208,-3.0932030932030896,-8.110026009941596,,1.4285714285714235,9.17167808153232,1.295097132284928
2020-09-01,90.20095637431916,0.0575708080527759,-0.7172268684200622,-0.1820649269514862,88.96374104195908,2.3223060594095513,13.763639299852048,1.646350933408347,92.2734146996615,4.526195664480004,22.075395530082663,6.328889177675179,85.60968419733078,-0.2571489402085181,5.068930369775693,-3.187488148938056,90.23442805201964,-3.79165117671989,-21.846644627712266,-4.785478792004694,99.7,99.4,99.1,99.8,99.7,136.8360181818182,1.2956045454545455,103.8,86.0,86.3,1176.8619047619047,29.197142857142858,6.810595238095239,7.750042857142857,118.0,86.2,84.7,65.9,88.7,,,112.0,119.0,80.75,-0.6,94.7,-6.2,93.25,99.16,103.34,89.05,94.7,98.72,,,,1524.7476331818182,37.827951,8.823838147727274,10.040990753181818,0.7242245230223142,80.11703907968551,66.3782790062905,80.26666666666667,2.6213420864376187,2.7318423881853926,,-1.6765285996055201,0.0,-0.30090270812437314,-0.10050251256280562,-0.6018054162487574,-0.20140986908359082,1.2170385395537497,-0.3992015968063978,1.73469387755103,-0.5982053838484491,3.042691534108366,-1.6911297573903195,4.869645565867864,-1.2910330688701066,5.810397553516822,-0.09624639076035724,2.502979737783062,-0.11614401858303092,-1.0321100917431214,-0.11574074074075513,-1.4448024237286639,-0.8420805986844804,-6.041471762561401,-0.6127212604551513,-4.261195954366537,-1.6805850391015897,-1.0846441824645447,-0.0015360662204311204,1.3745704467353903,-1.5846538782318675,-0.11587485515642815,0.5834305717619559,0.0,0.35545023696681444,-1.3473053892215425,1.3846153846153841,-2.2050716648291058,-0.22497187851518996,0.08676251859196515,-0.23177412557943144,-7.700682965455807,-0.18197388139584714,-2.209072978303761,-0.22137250955927001,-5.426924132881849,-0.5772561092938222,-2.045979540204601,0.38327133355879894,3.7921964050855017,0.349687400656995,0.38641448037419757,0.0,,,,,,,3.3544863849765516,-2.1222421285590376,-1.4660244584922766,-1.895843895232796,0.40094447165657243,-2.949921199366412,3.732183056066507,-1.2925493039676716,-3.5368805842486473,1.5153463615545038,0.8970679576275398,1.2104135168828023,-2.2567691683465507,1.1902556442585421,-1.2305168170631653,0.5008347245408995,-0.7541038669433009,1.706830222243938,-4.019831385693983,1.3440692405843224,,,3.45125107851596,-0.810185185185186,-2.985074626865669,-2.0040899795501055,-3.826139070777068,,1.7137960582690681,3.9660031017300312,1.2669683257918507
2020-10-01,92.43936431417568,2.481578943096263,-0.7544482470180913,0.7079639588714937,88.37980124841313,-0.6563795392445781,7.721324485382475,-0.0002533768551193,90.71585864159934,-1.6879792117066583,6.85514171630921,2.73033368813893,86.09173200269434,0.5630762569482695,7.118512123853571,-2.7774345302390535,97.63606603839806,8.20267623585027,-12.1353232359787,0.5670278480142787,99.6,99.1,98.4,100.0,99.3,136.6100909090909,1.2985090909090908,102.8,85.4,86.2,1143.7680952380954,28.695238095238096,6.72542380952381,7.750347619047618,121.6,86.9,85.0,66.3,88.7,,,,,77.9,-1.5,92.51,-6.4,92.33,97.8,102.42,89.47,94.76,99.26,,,,1485.1932695584417,37.26102753246753,8.733023956883116,10.063896841038959,0.7202981810873815,79.16771682208967,65.76773362457645,80.63333333333333,2.6247263287299742,2.7487164681853167,,-2.064896755162249,-0.10030090270812808,-0.8008008008008161,-0.3018108651911544,-1.8943170488534333,-0.7063572149343944,0.0,0.20040080160321772,-1.1940298507462699,-0.4012036108325012,-0.13876213219520261,-0.16510804372215082,2.6739953413931206,0.22418456810262555,5.43589743589743,-0.9633911368015391,2.1531100478469067,-0.6976744186046435,-0.6912442396313279,-0.11587485515642815,-3.3528470937058352,-2.8120384719653835,-6.53432064088978,-1.7190201259092541,-5.223417910829264,-1.2505724623748105,-1.1698257368617737,0.003932389928396063,4.109589041095885,3.050847457627115,1.0465116279069875,0.8120649651972123,0.47281323877068626,0.35419126328217754,0.0,0.6069802731411,-2.0971302428255956,0.0,-3.52941176470587,-2.312565997888061,-7.11267605633803,-0.9865951742627388,-2.0824989987985543,-1.3715207745058522,-5.008347245409006,-0.8902651441842435,-1.2799293832064351,0.47164514317799,4.05182826397279,0.06335797254488629,0.9355297945901953,0.5470016207455464,,,,,,,-0.7685067274024404,-2.5941580601660075,-4.035052729025745,-1.4986893356514819,-2.6890965210332296,-1.0291914847457728,1.4728885188252328,0.22812577384241362,-1.7579943470981352,-0.5421442950519495,2.6899723589414615,-1.1849192986920443,-0.5073195913086415,-0.9197969439011633,-0.41169205434336,0.45681063122922083,2.0346530538007945,0.12910342033820577,-1.014218778899545,0.6176813154704863,,,1.3745704467353903,-0.11587485515642815,-1.3473053892215425,-1.2305168170631653,-0.7371583843730822,,1.7137960582690681,3.9660031017300312,1.2669683257918507
2020-11-01,94.50830733043416,2.238162314949177,20.79117062003033,2.406672833646195,87.6444184348379,-0.8320711329823594,3.258588186663225,0.217670930347591,90.81355557594864,0.1076955405727719,11.994559280937713,2.756171320318024,84.50912391774068,-1.8382811544599087,-6.016864505933528,-2.350882495608942,104.72639003155302,7.261992704997455,55.448486752183726,4.988837360881182,99.6,98.9,97.9,100.0,99.1,137.92285238095238,1.3206714285714287,100.3,84.3,85.9,1116.097777777778,28.53722222222222,6.60285,7.752605555555555,125.0,87.6,85.6,67.6,88.5,,,,,77.01,-0.2,91.96,-4.9,92.59,96.42,102.16,89.97,93.68,99.28,,,,1473.9984466031751,37.68829403968254,8.720195342142858,10.23864465420635,0.7098171065197629,75.94621783292047,63.83116812876566,81.23333333333333,2.5583540581188955,2.7106559902242933,,-2.2571148184494683,0.0,-1.5920398009950154,-0.20181634712410634,-3.3563672260611965,-0.5081300813008172,0.0,0.0,-1.0978043912175717,-0.20140986908359082,-1.696550649757933,0.9609549800644546,2.514997948524611,1.706752599384731,2.871794871794875,-2.4319066147859947,0.837320574162681,-1.2880562060890055,-0.9227220299884653,-0.34802784222737193,-4.38629450545397,-2.4192244542856733,-6.335126067194896,-0.5506693218276459,-5.940897299404712,-1.8225440209468147,-0.9623389670763816,0.029133357868849075,7.02054794520548,2.7960526315789602,2.336448598130847,0.805523590333701,1.542111506524324,0.7058823529411784,2.7355623100303816,1.9607843137254832,-1.9933554817275767,-0.22547914317926354,-1.1424903722721425,-0.5945303210463826,-5.760814249363866,0.2815986136683657,-2.478001416000808,-1.411042944785268,-4.18308009754268,-0.25385666861941214,-0.36544850498339,0.5588465407399212,3.1036759850319173,-1.1397214014352008,1.3061224489795853,0.02014910336489706,,,,,,,-1.9816117737577632,-0.7537620311594107,-3.9794564092966778,1.1466847145927606,-3.5753127960840847,-0.14689773901451764,1.5284561761684134,1.7363831915963024,-1.6884621926027688,-1.4551021844586787,0.34804363303932995,-4.0692079025201,-1.6365189561866278,-2.9445525778116877,0.8274720728175478,0.744109136006621,1.5636809969499454,-2.528731086535574,-0.21206262809130294,-1.3846636567121373,,,4.109589041095885,1.0465116279069875,0.0,-0.41169205434336,1.8176301467491163,,1.7137960582690681,3.9660031017300312,1.2669683257918507
2020-12-01,94.5199265859699,0.012294427721704,20.572685363782096,5.222207191791406,86.63999415597951,-1.1460219564411456,-10.04578702429163,3.3147464481117384,90.36614674550172,-0.4926674521324559,-8.0150691031883,8.46088174677484,82.90795206695726,-1.8946733518879657,-12.038389850200748,-1.639066403503897,106.5738582185261,1.7640903944234676,94.58693365492616,7.582848500878669,100.1,98.4,97.3,100.0,98.8,139.42254285714284,1.3431761904761903,98.9,83.7,86.4,1093.787619047619,28.20285714285714,6.539295238095238,7.751895238095239,124.1,88.7,86.2,69.0,89.1,,,109.9,114.2,75.81,-2.3,92.19,-5.4,92.93,95.7,101.17,91.28,93.99,99.39,,,,1469.1494873424035,37.881406217687065,8.783425666303854,10.412161114875284,0.6978785353219167,73.63144217508608,62.314981901463135,82.26666666666667,2.526305371296303,2.670703389906447,,-1.8627450980392202,0.5020080321285203,-2.0895522388059695,-0.5055611729019249,-4.232283464566922,-0.6128702757916327,0.30090270812437314,0.0,-1.200000000000001,-0.3027245206861706,-2.50592484426172,1.087340096511502,2.468393103262856,1.7040394316022223,1.0214504596527174,-1.395812562313048,-0.23837902264600697,-0.7117437722419906,-0.11560693641617936,0.5820721769499437,-6.888333892068577,-1.99894302939837,-6.7952914515926,-1.1716805397573138,-6.763656312293276,-0.9625352977087553,-0.6743341773696621,-0.009162306210808158,8.289703315881326,-0.7200000000000095,3.5005834305717576,1.255707762557079,2.619047619047632,0.7009345794392718,5.343511450381677,2.071005917159763,-1.5469613259668558,0.6779661016949046,-1.5582391897156267,0.2501087429317206,-5.144431968970087,0.3672102818878864,-3.4308779011099855,-0.7467330429371533,-4.825964252116643,-0.9690681284259983,0.7172018095553456,1.4560409025230703,2.5308170611977765,0.33091374893252645,1.0471736478243177,0.11079774375504226,,,,,,,-4.58997194752725,-0.3289663752323535,-4.494632853867476,0.5123929934350402,-4.462216834971455,0.7251021528774437,1.7774137075660557,1.6947209960807452,-1.7707318291367846,-1.6819221582839994,-1.4120867906574741,-3.0479143318589363,-2.6415678473469595,-2.3753070353403904,2.11005378568474,1.2720558063192389,1.1138169346334603,-1.252707252183749,-0.34692437519474595,-1.4739089158466112,,,7.02054794520548,2.336448598130847,2.7355623100303816,0.8274720728175478,2.4001375895915666,,5.777777777777771,1.9719962131768076,3.7998146431881263
2021-01-01,95.68890460287028,1.2367529886273545,14.82026135030152,5.4253333622123145,87.18149582096083,0.6250019638810889,-5.3141281529497375,2.7459261121339784,88.46764384626975,-2.1009005779329404,-9.550747692712546,4.01734205423101,85.21646302376543,2.7844264624264037,-4.005082950908612,0.5979630287282323,108.61325477735964,1.9135992568194429,53.14055727313527,9.015007912577389,101.0,98.1,96.9,100.0,99.2,141.520255,1.363295,99.9,84.0,87.2,1098.2366666666667,28.00611111111111,6.467177777777778,7.753277777777778,125.3,90.0,87.0,70.1,89.5,,,,,77.12,0.0,94.55,-2.3,94.19,95.95,100.84,92.83,94.58,99.42,93.51,98.96,97.32,1497.2205564833332,38.18059124722222,8.816671128555555,10.570004828055556,0.6847076413196119,73.27834401211771,61.615424394573445,83.2,2.513056945051387,2.641132489202521,2.5918928116965634,-1.4634146341463428,0.899100899100902,-2.67857142857143,-0.3048780487804992,-5.185909980430525,-0.41109969167522076,0.10010010010008674,0.0,-1.2935323383084563,0.4048582995951566,-0.9263631200209677,1.5045717140638626,4.299937404367782,1.4978533468998467,4.936974789915971,1.0111223458038499,1.8181818181818077,0.35842293906809264,1.0428736964078755,0.92592592592593,-5.929588431726773,0.40675607783178247,-6.708490635872377,-0.6976102837717657,-6.521416926041212,-1.1028323036606946,-0.24682175633917725,0.017834860251264573,8.95652173913044,0.966962127316684,4.772991850989516,1.465614430665152,3.571428571428581,0.9280742459396807,6.3732928679817835,1.5942028985507228,-0.77605321507761,0.44893378226711356,1.7280042210790159,2.5599305781538018,-3.2758266584514306,1.3558592488970067,-2.727088402270883,0.2612330198537016,-4.480439518802681,-0.3261836512800209,2.1681708122386123,1.6980718667835237,2.7596697088222433,0.6277263538674305,0.9032781893839381,0.030184123151233422,,,,,,,-1.8846196182598751,1.910702034257139,-2.697014129624997,0.7897938841443075,-2.501896367371037,0.3785022326680654,4.04250246700566,1.5159553472023246,-4.299374681853763,-1.8872759851009446,0.6107744658354175,-0.4795480742163738,-2.379441107969482,-1.1226152773274989,3.140495867768589,1.1345218800648427,-0.030907862052609314,-0.5244190348262512,-1.8328578236576742,-1.1072326794388854,,,8.289703315881326,3.5005834305717576,5.343511450381677,2.11005378568474,1.9208197643706182,,5.777777777777771,1.9719962131768076,3.7998146431881263
2021-02-01,94.14942179098118,-1.608841503911318,-1.5103284511390869,7.015325971878639,88.75016081230469,1.7993095628518807,5.142800455200147,4.887924130600418,90.1485541942807,1.900028388833186,-2.8970677429325797,7.193589581433946,86.82186536152527,1.88391102000105,11.404324971448563,1.8498952436671212,101.51447828128262,-6.535828901019858,-11.714899839140712,10.03744170870158,102.2,97.2,96.9,100.0,99.4,146.1594,1.38703,101.4,84.5,88.1,1111.8136842105262,27.94105263157895,6.460057894736842,7.752878947368421,125.4,91.0,86.4,71.4,90.5,,,,,77.92,-2.3,97.83,0.2,95.27,96.06,100.49,94.19,94.98,99.38,94.67,99.25,97.65,1542.118934410526,38.75507823157895,8.960294101736842,10.753475686368422,0.6629748069573357,73.10584486276433,60.92153738563694,84.3,2.4786429129622314,2.592950513466319,2.560954706553211,-0.4868549172346692,1.1881188118811892,-3.47567030784508,-0.917431192660545,-5.185909980430525,0.0,-0.09990009990009652,0.0,-1.0945273631840724,0.20161290322580072,2.5177734852219524,3.278078463044043,7.045807977711482,1.7410024976252325,5.405405405405417,1.501501501501501,1.8072289156626509,0.5952380952380931,2.56111757857973,1.0321100917431103,-6.987334102991561,1.2362560781245868,-7.349168397354222,-0.23230101199717135,-7.670001068171938,-0.11009258266257982,-0.2932219829847371,-0.005144023222025673,10.679611650485455,0.07980845969672856,5.813953488372103,1.1111111111111072,3.2258064516129004,-0.6896551724137834,9.007633587786268,1.8544935805991702,1.3437849944009095,1.1173184357541999,1.0373443983402453,3.4690639873083073,-2.0057601316601503,1.1466185369996884,-3.882329397638584,0.11464304325168317,-5.430077169207614,-0.3470844902816461,4.319415217632061,1.4650436281374635,2.3270846800258704,0.42292239374075447,0.6787559517779318,-0.04023335345001433,,1.240509036466686,,0.2930476960388173,,0.339087546239214,-0.43384026893802385,2.9987818249470166,-0.8211687128789835,1.5046571192071978,-1.1646066376122755,1.6289932003488161,6.7319261368572025,1.735768916830449,-7.514485736234777,-3.1740312289185724,-1.5324304643929865,-0.23540263044816712,-4.893773199544238,-1.1261579641048791,5.024916943521585,1.3221153846153744,-3.086506107233289,-1.369409163486024,-4.6470687308120535,-1.8242922660328342,,-1.1936490970512637,8.95652173913044,4.772991850989516,6.3732928679817835,3.140495867768589,-1.8742911608749968,,5.777777777777771,1.9719962131768076,3.7998146431881263
2021-03-01,95.58726528662852,1.5271931237554217,4.593969297701661,6.417318136777772,88.1533842325869,-0.6724230967647404,7.172238345886961,3.0587044290394383,89.08199963496234,-1.1831077812072377,-5.56417647785884,4.367511522631462,86.49008965546726,-0.3821338146519859,18.435156594095027,0.7911335932505814,106.5579770027771,4.968255569929281,-0.0595930992193127,11.301968979834951,105.0,97.6,99.0,100.0,99.1,150.66752173913045,1.385895652173913,100.8,84.3,89.1,1130.2543478260868,28.268260869565214,6.510860869565217,7.765117391304348,123.3,92.9,85.9,72.8,90.6,98.2,-1.7999999999999972,111.5,117.1,79.86,-3.3,101.46,5.6,97.74,97.55,100.38,96.47,96.29,99.1,97.36,100.21,99.46,1566.4145865028352,39.176859833648386,9.023373771039697,10.761642431228733,0.6570759169412178,72.7327485600271,60.8270903135941,85.43333333333332,2.4899902752342555,2.5622267947515587,2.5578874985261377,4.79041916167664,2.739726027397249,-3.2705649157581895,0.411522633744843,-1.980198019801982,2.1671826625387025,0.10010010010008674,0.0,-1.3930348258706537,-0.3018108651911544,13.227956720915678,3.0843871411147417,12.091616568051865,-0.08178250117784058,3.703703703703698,-0.591715976331364,1.0791366906474753,-0.2366863905325478,3.967327887981331,1.1350737797956922,-7.218896025810517,1.6586109595021714,-6.180436717541182,1.1710662525879822,-7.258639124768118,0.7864167110602116,-1.0180319420793893e-05,0.15785676545461147,7.124239791485665,-1.674641148325362,8.654970760233915,2.0879120879121027,2.0190023752969077,-0.578703703703709,12.693498452012397,1.9607843137254832,1.9122609673790647,0.11049723756906271,2.489733059548249,3.7105182459368224,2.131661442006272,2.592631468458073,-2.566919696364367,1.5511138871538543,-5.524705882352943,-0.10946362822171762,8.576252110298267,2.4206391336659916,3.582185886402778,1.3792377342598527,0.43579608796999736,-0.28174683034816184,,2.841449244744898,,0.9672544080604473,,1.853558627752161,3.9998393143539923,1.5754720047968407,5.163865140394508,1.0883260241383086,3.9552906322582126,0.7039910586263964,12.09160515676726,0.07594516506568283,-13.431448540754577,-0.8897608105487897,-7.483086711713005,-0.5103508528457756,-9.824534799815844,-0.15503067732021147,7.2384937238493485,1.3444049031237526,-7.3511798243990345,0.4578054471938042,-10.163729726439929,-1.184894141064341,,-0.11976814815288783,10.679611650485455,5.813953488372103,9.007633587786268,5.024916943521585,-7.0190871086725615,-5.536313348993027,3.912647861692453,2.097944992256817,2.9026217228464546
2021-04-01,89.22750752483005,-6.653352559808123,-24.395313956029195,1.2310198126212146,86.92899084288666,-1.3889352069226923,-1.153502090454306,2.252067085525145,88.08343004746874,-1.120955514678068,-1.7259104824446705,1.8112549182359272,85.05593102828404,-1.658176830312219,-0.7513991569610967,1.6329453988713771,91.3974048008683,-14.22753380679672,-49.857712340635565,-0.3335441494888957,106.7,98.1,99.8,100.5,98.3,150.750955,1.384245,101.6,84.6,89.7,1117.8554545454544,28.23818181818182,6.518640909090909,7.769054545454545,127.7,94.5,86.7,75.7,93.4,98.6,-1.4000000000000057,,,84.94,0.1,104.01,10.6,99.01,98.54,100.25,98.14,97.68,99.39,98.58,100.75,99.85,1547.3858236772726,39.08856199090909,9.023396085204544,10.754274909272727,0.6620190233620742,73.39741158537686,61.11634862325672,87.86666666666667,2.52094206031211,2.564688873008819,2.577480338709611,7.236180904522627,1.619047619047631,-2.7750247770069514,0.5122950819672178,-1.285855588526208,0.8080808080808133,0.6006006006005871,0.49999999999998934,-1.896207584830345,-0.8072653884964698,12.76087896230429,0.05537574382752375,11.53956173677615,-0.1191036404020629,-0.29440628066733643,0.7936507936507908,-0.8206330597889888,0.3558718861209842,5.405405405405417,0.6734006734006925,-8.607047190369887,-1.0970002729456585,-6.10178201659588,-0.10640573724073343,-7.809360098021189,0.11949325414184475,0.23063945125050278,0.050703086016534726,5.887230514096187,3.5685320356853234,11.70212765957448,1.7222820236813652,3.83233532934133,0.93131548311991,18.466353677621285,3.9835164835164916,5.775764439411102,3.0905077262693315,6.361131980966683,2.5133057362507483,6.26811205323603,1.2993656640065687,-0.8152994464015961,1.0148641722193874,-5.147128394360867,-0.12950787009363696,13.025452032707596,1.7311081165129139,5.520146915847479,1.443555924810469,0.8933103238249807,0.29263370332996974,,1.2530813475760016,,0.5388683764095514,,0.39211743414437894,1.9392990221600792,-1.214797346087415,4.733660817331686,-0.22538264453614287,2.829035708996619,0.0002472929240493471,11.79681596989306,-0.06846094360677402,-12.457099199737787,0.752288478912333,-10.60965977737176,0.9138428541596966,-11.081444649867045,0.4755419142545625,11.317567567567565,2.848224736636773,-5.298163188825555,1.2430484321848567,-9.43420590341616,0.09609134766304095,,0.7659774010687626,7.124239791485665,8.654970760233915,12.693498452012397,7.2384937238493485,-1.8043080929566302,-4.112686343733374,3.912647861692453,2.097944992256817,2.9026217228464546
2021-05-01,91.74945963230935,2.826428953848703,-9.813105700767444,3.784163520521644,87.7716444652467,0.96935856978142,-4.337803960464715,2.3413350082054807,87.81655236221476,-0.3029828483179564,-9.952747128011142,0.839430503475258,86.44889642503529,1.637705189880334,-1.7072773689999043,1.8575690492617092,97.02006110035308,6.151877410234041,-16.567697840371032,6.772207260065222,108.0,97.8,99.6,100.9,99.1,153.71610526315789,1.4091315789473684,103.4,85.2,90.8,1123.6565,27.916500000000003,6.432049999999999,7.76541,130.7,95.5,87.6,76.7,93.5,99.2,-0.7999999999999972,,,85.18,1.6,106.06,12.3,98.96,97.85,99.81,99.32,98.2,100.2,99.25,99.92,99.27,1583.3798580394737,39.338021723684214,9.06360477236842,10.942484454473684,0.6479477204388404,73.37852727510412,60.46277102358676,88.56666666666666,2.4874153735363747,2.5372399431033785,2.540036219966833,10.091743119266061,1.2183692596063667,-3.07234886025769,-0.3058103975535187,-1.1904761904761973,-0.2004008016032066,1.0010010010010006,0.39800995024876773,-1.1964107676969093,0.8138351983723258,16.50987770836241,1.9669197207791367,14.565503902505817,1.7978449586141476,0.3883495145631022,1.7716535433071057,-0.5834305717619559,0.7092198581560405,6.572769953051627,1.2263099219620877,-8.507011449890644,0.5189441471128653,-6.6977490349425794,-1.1391732663704746,-9.42802949761955,-1.328358323437473,0.17466753183426054,-0.04691105504822657,9.280936454849487,2.3492560689114983,13.151658767772512,1.0582010582010692,5.542168674698789,1.038062283737018,20.787401574803145,1.3210039630118908,5.889014722536801,0.10706638115631772,0.28255238992231924,1.9709643303528424,7.111159216365404,-0.050499949500060204,-0.5286164481041022,-0.7002232595900271,-5.141608059304314,-0.4389027431421444,14.900509023600183,1.2023639698389932,6.7043355427578,0.5323505323505229,1.7672151127361424,0.8149713250830137,,0.6796510448366933,,-0.8238213399503702,,-0.5808713069604399,4.819403367894726,2.3261189169138996,6.892193970498628,0.638191123104348,3.7642344004810813,0.4456048120264233,14.765612640505822,1.7500905155277025,-15.19214872334227,-2.1255133805328508,-12.374714818177157,-0.02572885046603357,-13.22294578930091,-1.0693989650769953,12.48941574936493,0.7966616084977174,-6.942331467769125,-1.3299269072286735,-11.257886645234516,-1.0702635393445625,,-1.4527411976893667,5.887230514096187,11.70212765957448,18.466353677621285,11.317567567567565,-3.0713811226298238,-4.398658581014814,3.912647861692453,2.097944992256817,2.9026217228464546
2021-06-01,91.50221454527431,-0.2694785212096984,-16.029590147520356,1.260236545712945,88.62870337709742,0.9764644573682092,2.17428898968961,2.8874082928589617,89.60149564345818,2.032581823391455,2.353148740940436,2.0694328261269046,86.59070176885841,0.1640337236069822,0.4661241995932652,2.404004997629472,94.91443363587886,-2.1703011115363657,-37.051530546618,-1.0998619555232847,108.9,98.2,100.5,101.1,98.5,154.44198636363637,1.4027272727272726,104.8,85.6,91.4,1122.6072727272729,27.779999999999998,6.425031818181818,7.761722727272727,131.8,96.1,87.4,77.1,96.5,99.4,-0.5999999999999943,114.9,124.2,85.91,4.4,107.12,12.7,99.44,98.33,99.43,100.23,99.11,100.24,100.05,99.68,100.42,1574.7118380165289,38.96776363636363,9.012567359504132,10.88758015289256,0.650729781235596,74.71160077770577,61.02397926117952,89.89999999999999,2.523367800051045,2.5515962611519925,2.558011820493117,9.889001009081744,0.8333333333333304,-2.57936507936507,0.4089979550102374,-0.5934718100890191,0.9036144578313365,0.8982035928143617,0.1982160555004775,-1.8924302788844716,-0.6054490413723412,14.582299223801986,0.4722218919324117,11.988097182153034,-0.4544860335100709,0.5758157389635254,1.3539651837524147,-0.6960556844547661,0.46948356807510194,6.526806526806528,0.6607929515418665,-6.987772668881376,-0.09337615834796864,-6.314095194297553,-0.4889581430337131,-9.270942518436165,-0.10911267509084999,0.14949883579760126,-0.04748329743404778,10.849453322119441,0.8416220351951109,13.459268004722546,0.6282722513089034,4.796163069544357,-0.22831050228309113,20.468749999999993,0.5215123859191539,9.286523216308051,3.208556149732611,0.8570086874853056,0.9994342824816149,7.189824296647629,0.48504446240906773,0.5624872161996253,0.4905467552376086,-4.76053639846743,-0.3807233744113736,14.62717291857274,0.9162303664921545,7.541232638888884,0.9266802443991917,1.849217638691325,0.03992015968063978,,0.8060453400503764,,-0.24019215372297342,,1.1584567341593743,4.162623534858212,-0.547437810259721,4.917062119789439,-0.9412219300739877,1.6057450649052063,-0.5631028067318411,12.155518083672234,-0.5017535259890349,-13.24442879632719,0.42936501032388996,-10.190620012613461,1.8167079009419274,-11.326340196651907,0.9281880868044157,13.797468354430364,1.5054572826495916,-4.150492603975097,1.4453728515618325,-9.224046425554155,0.5658242172813299,,0.7076907165724844,9.280936454849487,13.151658767772512,20.787401574803145,12.48941574936493,0.22789025188325596,-2.1708861674073376,3.080985915492951,-8.03862093746661,1.82648401826484
2021-07-01,90.71781790399832,-0.8572433412394664,6.850198865013635,-2.0479775026450486,87.75389199164674,-0.9870519957045244,3.850118507027122,1.1553338231595545,87.35473593998047,-2.5075024555594516,-3.2682714325966034,-2.0956257921931787,86.72284121388797,0.1526023491324579,8.072595096801628,2.479780285459676,94.24437906306404,-0.7059564569339982,13.05411445460618,-6.545812970147669,109.6,98.8,101.1,101.4,98.4,152.2233909090909,1.3806772727272727,105.3,85.8,92.1,1146.394761904762,27.997142857142858,6.4762571428571425,7.770476190476191,132.5,97.1,87.9,78.3,96.1,100.3,0.2999999999999971,,,90.32,11.2,111.19,16.9,101.31,100.39,100.04,101.35,100.43,100.1,101.17,101.21,100.99,1582.8011933354978,38.65501884415585,8.941621049480519,10.728519874458875,0.6641554848845652,76.26691775116954,62.14341446391593,90.5,2.5970754381142336,2.5880209864423542,2.618288724888351,10.37260825780464,0.642791551882449,-0.9027081243731305,0.6109979633401208,1.4042126379137265,0.5970149253731183,1.2987012987013102,0.29673590504453173,-1.8943170488534333,-0.10152284263958977,12.388080710949412,-1.4365235172006496,8.790351640226767,-1.5719377835385573,0.6692160611854625,0.4770992366412319,-0.5793742757821518,0.23364485981309802,6.844547563805103,0.7658643326039272,-4.357005045183593,2.1189502112969105,-4.793702317467686,0.7816517535740086,-7.536378204459626,0.7972773695900548,0.2526254681870732,0.11277732419769926,10.416666666666675,0.5311077389984709,14.101057579318454,1.0405827263267442,4.767580452920139,0.5720823798627039,21.583850931677006,1.5564202334630295,8.465011286681712,-0.4145077720207335,5.133279012920489,3.7994772218073125,9.123222748815163,1.8805309734513331,2.774365274365276,2.0949862707210443,-3.7891902288901713,0.6134969325153339,15.131205270930348,1.1174299112042263,8.432304038004744,1.3318534961154427,1.5007097951733828,-0.13966480446927498,,1.1194402798600844,,1.5349117174959792,,0.5676160127464636,4.0503505305891085,0.5137038487726286,3.575266032467961,-0.8025731092146549,0.5914992906577377,-0.7871931181606895,9.065183775400264,-1.4609332487111604,-9.773161000306663,2.063176457588378,-7.464941014161042,2.081761008027927,-8.612644204878483,1.8344185618333508,14.027719445611098,0.6674082313681939,-0.7732548404477568,2.9210025610098445,-7.110246049524593,1.4275269894743037,,2.3563966324289254,10.849453322119441,13.459268004722546,20.468749999999993,13.797468354430364,6.871336264560712,-0.2897852131773737,3.080985915492951,-8.03862093746661,1.82648401826484
2021-08-01,93.05329938785049,2.574446275067688,5.806669831452593,3.221600597946672,88.31203606157325,0.6360334080449004,2.485553195617096,1.5727427465085375,86.62664225993275,-0.8334907915559131,-5.310811968661023,-1.87039909500758,88.16195121238715,1.6594359436977513,8.165051031192295,2.716467784749832,99.63997045492523,5.725106839794369,11.246968489301178,6.2365799974083425,109.3,99.3,101.3,101.3,98.9,151.59259047619048,1.3798857142857142,106.4,86.3,92.7,1160.9945454545455,27.85909090909091,6.476790909090909,7.783368181818182,136.2,97.7,88.0,78.5,97.0,100.7,0.7000000000000028,,,90.55,12.6,112.72,18.6,101.4,100.96,99.73,101.87,101.44,100.22,102.04,100.24,101.06,1602.0397876363636,38.442361558441554,8.937231249870129,10.740158563116882,0.6682384652296738,77.10783501739276,62.54141129700182,91.06666666666666,2.6262694565867584,2.5942735034211317,2.6075401181483424,9.62888665997994,-0.27372262773722733,-0.20100502512563345,0.5060728744939347,2.0140986908358416,0.1978239366963397,1.0978043912175606,-0.09861932938857176,-1.395812562313048,0.5081300813008172,8.910625322807508,-0.41439126348009614,5.130144701970529,-0.05733117052002523,2.4061597690086645,1.0446343779677125,0.23228803716608404,0.5827505827505908,7.291666666666652,0.6514657980456029,-2.179004097477788,1.2735389269858066,-5.167459461371138,-0.49309298722504113,-6.499465796475712,0.008241893766602892,0.4284591401358284,0.16590992657299353,13.594662218515419,2.792452830188674,14.002333722287052,0.6179196704428458,4.265402843601884,0.11376564277587597,20.769230769230763,0.25542784163474774,9.11136107986501,0.9365244536940764,0.2546501328609452,1.3760230236532056,8.54206807964033,0.08883624518805089,1.5898571141074624,0.5677856360195133,-4.050413700211653,-0.3098760495801711,14.834855145981308,0.5130735076467774,7.4917876443785,1.005675594941735,1.5194489465153893,0.11988011988013358,,0.8599387170109773,,-0.958403319830059,,0.06931379344490285,2.8393545412302545,1.2154776216919183,-0.30241290718463487,-0.5501414617637534,-1.702753094719478,-0.0490940019275965,5.5805844159841245,0.1084836379500409,-6.332280814227809,0.6147627231924746,-2.591059815131014,1.1025976806442017,-4.658850873542675,0.6404489301388372,14.023372287145254,0.6261510128913406,1.89800984805224,1.1241113001215997,-3.75936961196236,0.24159452382852553,,-0.4105203004480251,10.416666666666675,14.101057579318454,21.583850931677006,14.027719445611098,9.491157837689945,2.4443747616195166,3.080985915492951,-8.03862093746661,1.82648401826484
2021-09-01,93.07295414253088,0.0211220395297084,7.045292834568162,3.183999243082769,89.57632026732803,1.431610301537245,4.345875923512987,0.6885717913773792,87.74261481875222,1.288255587087006,-8.043749527476486,-4.910189891266592,89.55686402719942,1.5822163593587568,14.42224729811812,4.610669770455389,97.42891999762574,-2.219039655676869,11.025442108787086,7.973111927366028,109.8,99.5,101.7,101.4,98.6,151.26854545454546,1.3732636363636364,108.2,86.9,93.4,1172.8190476190478,27.72095238095238,6.456300000000001,7.780728571428571,137.8,98.1,88.2,78.5,98.1,101.385,1.3850000000000051,111.0,115.0,90.12,11.5,114.18,20.2,101.52,101.32,99.46,102.55,102.35,100.49,102.08,99.36,100.17,1610.5897501298703,38.06817587012987,8.866202015454546,10.684991611558441,0.6723142586874397,78.79040639750032,63.27991049854693,91.56666666666666,2.6615407143661054,2.6126810052393687,2.6100541391572865,10.130391173520547,0.45745654162854255,0.1006036217303663,0.20140986908359082,2.623612512613538,0.39486673247779436,1.603206412825653,0.09871668311944859,-1.1033099297893756,-0.30333670374116384,10.547316024316288,-0.2137604619243727,5.994042795044785,-0.4799004623006531,4.238921001926799,1.6917293233082775,1.0465116279069875,0.6952491309385911,8.22711471610662,0.7551240560949246,-0.3435285929894172,1.0184804235986222,-5.0559415467919315,-0.4958472212510445,-5.202118547780943,-0.3163744110088018,0.3959425109169912,-0.03391347200788486,16.779661016949166,1.1747430249632984,13.805104408352653,0.4094165813715467,4.132231404958686,0.2272727272727204,19.119878603945352,0.0,10.59751972942502,1.134020618556697,-0.47487575924902714,1.2952448545067385,8.868632707774804,0.11834319526626835,2.1782977006857607,0.3565768621236032,-3.75459647764661,-0.2707309736288077,15.160022459292533,0.6675174241680404,8.078141499472014,0.897082018927442,1.7929497568881736,0.26940730393134604,,0.03920031360249432,,-0.8778930566640031,,-0.8806649515139542,5.629922951178368,0.5336922690366563,0.6350459482457049,-0.9733681104445946,0.4801070352608683,-0.7947565910484289,6.413718269509916,-0.5136511833995772,-7.167703203178489,0.6099309856946178,-1.6558683364043203,2.1821017017635613,-4.667744560611375,1.1808163362960755,14.078073089700993,0.5490483162518212,1.5335132387515493,1.3430174764011982,-4.361942089388837,0.7095436080259976,,0.09641351216216343,13.594662218515419,14.002333722287052,20.769230769230763,14.023372287145254,5.5572103858626765,0.9005692683245137,4.633529907329392,-6.706748187575706,2.680965147453085
2021-10-01,93.29223249714798,0.235598361132161,11.843709428128625,0.9226244569073616,88.62292578102087,-1.064337632380841,4.0204639303054845,0.2750906080048576,88.13033796472008,0.4418869289099403,3.599085383536549,-2.850130854291022,87.78402985337715,-1.979562586385164,4.985196251081003,1.96569149129191,99.61040643821188,2.2390543184090284,24.79495218955223,2.0221425134410387,112.5,100.2,103.9,101.9,98.6,154.94291428571427,1.3695761904761905,108.4,87.1,94.1,1181.8899999999999,27.922500000000003,6.41721,7.779275,138.0,98.9,87.7,78.6,98.4,101.6,1.5999999999999943,,,87.86,12.8,116.18,25.3,103.73,102.74,100.11,103.99,103.0,100.39,103.81,100.49,100.37,1618.6884037619045,38.24199117857143,8.788858025285714,10.654309819166667,0.6705695480104932,79.14857220342755,63.59631585718209,91.96666666666665,2.686575589651029,2.617803020050268,2.6277397411332677,12.95180722891567,2.4590163934426146,1.1099899091826515,0.7035175879396949,5.589430894308944,2.163225172074723,1.9000000000000128,0.4930966469427922,-0.7049345417925457,0.0,13.419816394693118,2.4290369290771885,5.472976667213425,-0.2685169686142741,5.447470817120625,0.1848428835489857,1.990632318501162,0.23014959723819395,9.164733178654272,0.7494646680942019,3.3330099799617763,0.7734315365500954,-2.6929140391636186,0.7270587831106123,-4.582816165240788,-0.6054551368430916,0.3732397870940485,-0.018681687906563216,13.486842105263165,0.14513788098693414,13.80897583429228,0.8154943934760572,3.1764705882352917,-0.5668934240362855,18.552036199095024,0.1273885350318471,10.935738444193909,0.3058103975535298,-2.507767421216167,1.7516202487300792,12.347016137766719,2.1769109535067166,5.051124744376279,1.4015001973944008,-2.2554188635032224,0.6535290569072982,16.228903543087057,1.4041930765480215,8.695652173913038,0.6350757205666913,1.1384243401168614,-0.09951238929246653,,1.6947492163009503,,1.1372785829307563,,0.19966057701907847,8.988401505694398,0.5028377730195599,2.6326800710182674,0.4565895382918628,0.6393440425477293,-0.8723463556776001,5.866643780767888,-0.2871484930187962,-6.903895412010708,-0.2595082068246879,-0.024182355422919244,0.45458047788238254,-3.3016460317600638,0.5000091753328606,14.055394791236054,0.4368401892974161,2.3564079898181767,0.9406159052834928,-4.762711965758948,0.19604440039284743,,0.6775952157717091,16.779661016949166,13.805104408352653,19.119878603945352,14.078073089700993,3.4972514888260475,0.9545530792073986,4.633529907329392,-6.706748187575706,2.680965147453085
2021-11-01,96.2824121065924,3.205175317822784,14.620089023721118,1.8771945305880555,88.08704625547635,-0.6046737013271519,-1.0151797026533016,0.5050268214940923,88.07818830175229,-0.0591733382307779,6.872893517286793,-3.012069351154001,86.94745029689119,-0.9529974391506824,-5.397496366029175,2.885281808771234,108.6984041177185,9.123542413356066,41.63099668462673,3.7927537509587994,113.6,100.4,104.7,102.1,98.6,153.38418636363636,1.3447636363636362,108.1,87.2,94.9,1184.06,27.809000000000005,6.38893,7.789645,138.7,99.4,87.6,78.2,99.3,101.7,1.7000000000000028,,,87.46,13.9,115.8,25.5,103.84,104.11,99.72,104.56,104.83,100.43,104.31,100.12,101.14,1592.280831272727,37.39653196363636,8.591600739272726,10.475231336181817,0.6825997026302433,80.38587382710041,64.84410913712448,92.30000000000001,2.783947990183541,2.666557425618122,2.677253604621805,14.05622489959839,0.9777777777777663,1.5166835187057526,0.1996007984031989,6.945863125638407,0.7699711260827691,2.0999999999999908,0.19627085377820208,-0.5045408678102881,0.0,11.210132125152628,-1.0060014226940472,1.8242393430338621,-1.8116957848053117,7.776669990029905,-0.2767527675276882,3.4400948991696323,0.11481056257176547,10.477299185098943,0.8501594048884398,6.089271350180359,0.1836042271277316,-2.5518328888196384,-0.40648222759422925,-3.2398131110050965,-0.44068995716206594,0.4777676895724614,0.1333029106182826,10.959999999999992,0.5072463768115876,13.47031963470322,0.5055611729019249,2.336448598130847,-0.11402508551882073,15.68047337278109,-0.5089058524172962,12.203389830508481,0.9146341463414531,-0.45526974732529313,-0.32707867102772514,12.150340209525856,0.10604453870626251,7.975523750259272,1.3334631107650319,-2.3884103367266984,-0.38957147138147796,16.21651661665,0.5481296278488479,11.90222032450896,1.7766990291262053,1.1583400483481165,0.039844606036454344,,0.4816491667469336,,-0.36819584038211284,,0.7671615024409606,8.024593576888318,-1.6314179077211555,-0.7741450853121057,-2.2108137910162307,-1.4746757133829558,-2.244401780589411,2.3107226587678387,-1.6808079173997181,-3.83442490178445,1.7940204197226528,5.845789455831829,1.5632646164390085,1.5869065819309913,1.9620527747936656,13.623307345096446,0.36245016310259004,8.817932426073959,3.6244057642599303,-1.6268595043121725,1.862416889064411,,1.8842757794264475,13.486842105263165,13.80897583429228,18.552036199095024,14.055394791236054,5.438952583450152,3.222192605169827,4.633529907329392,-6.706748187575706,2.680965147453085
2021-12-01,96.01349399535688,-0.2793013857378401,13.249189437106867,1.5801614149885124,86.76443600853978,-1.5014809817786912,-11.977414591845417,0.1436309567798721,86.95479749222172,-1.275447226141713,-3.5434106807326837,-3.775030114858602,85.3575890305029,-1.8285312116221308,-17.4773723466457,2.9546465718599313,110.4380817963738,1.6004629440292906,65.09117760000545,3.625864393427736,112.8,100.4,104.5,102.5,100.0,151.46020476190475,1.3300666666666667,108.0,87.3,94.6,1183.8871428571429,27.74809523809524,6.369285714285714,7.799009523809524,138.5,99.8,87.5,77.5,99.9,101.6,1.5999999999999943,111.1,114.9,87.55,15.4,114.64,23.5,103.59,106.19,99.75,104.49,107.11,100.64,103.16,99.82,102.29,1574.648825809524,36.906816539682545,8.471574619047619,10.37320260063492,0.6899502094578168,81.19893739662172,65.63580772893589,92.40000000000002,2.8772462638662843,2.702752752807815,2.7046494214062764,12.68731268731269,-0.7042253521126751,2.0325203252032464,0.0,7.3997944501541735,-0.19102196752627254,2.499999999999991,0.3917727717923647,1.2145748987854255,1.4198782961460488,8.633942300920516,-1.2543546028730201,-0.976009246030185,-1.0929035630909412,9.201213346814964,-0.09250693802034249,4.3010752688172005,0.11467889908256534,9.490740740740723,-0.31612223393046035,8.237387427001153,-0.01459868105139206,-1.6124674973828967,-0.21901097452179386,-2.599814163751446,-0.30747379787048335,0.607777637173812,0.12021759412044197,11.603545527800163,-0.14419610670510785,12.5140924464487,0.4024144869215096,1.5081206496519783,-0.11415525114154557,12.318840579710155,-0.8951406649616356,12.121212121212132,0.6042296072507725,0.1029041847701917,-1.001727115716755,11.470999677176374,-0.24075500770416314,10.961337513061654,1.9978868504466396,-1.4035781358110122,0.030084235860416975,14.471954425942158,-0.06694720734506943,13.958931801255448,2.1749499189163357,1.2576717979676078,0.20910086627501379,,-1.102482983414832,,-0.29964043148222874,,1.1370377694285283,7.180980518052116,-1.107342694636948,-2.572738911549377,-1.3095209588686152,-3.550448983163823,-1.3970169688689138,-0.3741635747904981,-0.973999831340111,-1.136060999561006,1.0768400278010626,10.277532257946431,1.0114508069789752,5.329096994241089,1.2209260059957483,12.317666126418182,0.10834236186350044,13.891467617388864,3.351293702745961,1.200034531071248,1.357380375234274,,1.0232806013288132,10.959999999999992,13.47031963470322,15.68047337278109,13.623307345096446,7.668356309320723,5.340044540243394,-3.361344537815125,-9.185904755783557,-0.8928571428571397
2022-01-01,94.41781252414684,-1.6619345935761642,4.914084224157378,-1.3283588980339212,87.44837593631615,0.7882721991174568,-5.19687382328039,0.3061201380432754,86.66268015118891,-0.3359416035198515,-6.496746700652922,-2.040252929327846,86.88344070259662,1.787599309474941,-4.040939033119361,1.9561685848969113,102.22585955066585,-7.436042089946559,10.923671291267256,-5.880861631287059,113.7,100.5,105.1,102.6,101.3,155.67489,1.356065,108.7,88.1,96.4,1196.0345,27.672000000000004,6.35557,7.7917000000000005,138.9,100.3,87.2,76.8,101.3,101.4,1.4000000000000057,,,85.52,10.9,116.01,22.3,104.06,107.67,99.84,105.3,108.97,101.06,103.58,99.72,103.24,1621.9005242425,37.52503068000001,8.618566032050001,10.566051660500001,0.6751249350489343,80.15839948675027,64.96738725651056,92.8,2.8692847960117907,2.660624073872176,2.6574262083987716,12.574257425742585,0.7978723404255428,2.4464831804281495,0.09960159362549792,8.462332301341569,0.574162679425827,2.6000000000000023,0.09756097560975618,2.116935483870952,1.29999999999999,10.001843905665675,2.782701399830234,-0.5303327599675667,1.954663926620226,8.80880880880881,0.6481481481481532,4.880952380952364,0.9163802978235935,10.550458715596323,1.902748414376343,8.904987085358052,1.026057020396487,-1.1929935926682456,-0.27423589778791113,-1.7257570707469805,-0.21534148256139307,0.49556101720420465,-0.09372374513978432,10.853950518754996,0.2888086642599319,11.444444444444436,0.5010020040080221,0.22988505747125743,-0.34285714285714475,9.557774607703283,-0.903225806451613,13.184357541899438,1.401401401401392,-2.318675042832663,1.1950453593859045,10.47881940758042,0.4537117482382502,12.214695153725907,1.3937282229965264,-0.9916699722332445,0.09022556390978487,13.43315738446622,0.7751937984496138,15.214633114823428,1.7365325366445639,1.649567491450421,0.41732909379967875,10.768901721740987,0.40713454827452367,0.7679870654810017,-0.10018032458424253,6.083025071927661,0.9287320363671858,8.327428261605952,3.000776913460945,-1.7169995167895746,1.675067638664407,-2.246937575610919,1.7351132417801507,-0.03739986518324079,1.8591081972435086,-1.3995325438765693,-2.1487455479624606,9.388934162451633,-1.2814673975213076,5.440135964124471,-1.0183777659685145,11.538461538461542,0.43290043290040714,14.175080738296586,-0.2767044293176202,0.7380010184774966,-1.5587322551747662,2.5283991840431286,-1.7460012611524078,11.603545527800163,12.5140924464487,12.318840579710155,12.317666126418182,2.3748110517138876,3.7307655485799174,-3.361344537815125,-9.185904755783557,-0.8928571428571397
2022-02-01,94.3947700766887,-0.0244047673231828,-7.614484936686717,0.2605945751342098,86.98348182591351,-0.5316212055684111,-4.917856926547037,-1.990620603074145,85.27912745977123,-1.59648038694854,-12.118491936048736,-5.40155832562249,87.01679538261331,0.1534868772901987,0.3194025312470261,0.2245171999891493,103.57888618664978,1.3235659175977466,-17.54969344245628,2.0336093336823957,115.0,100.6,105.4,102.6,100.9,156.05072,1.353755,107.9,88.3,97.4,1199.1226315789474,27.87157894736842,6.343552631578947,7.799152631578947,141.3,101.0,87.4,77.4,100.4,101.6,1.5999999999999943,,,85.1,9.2,118.21,20.3,106.21,109.38,100.34,106.68,109.86,100.8,105.16,101.05,104.02,1623.318258113158,37.73128935789474,8.587616092763158,10.558141870763157,0.6754214270847324,79.70423008594614,65.22598254484747,92.93333333333334,2.898920282381333,2.6593313323655416,2.678148606094658,12.524461839530332,1.1433597185576128,3.4979423868312765,0.09950248756218638,8.771929824561408,0.2854424357754626,2.6000000000000023,0.0,1.5090543259557387,-0.39486673247778326,6.7674880986101416,0.24141979480443165,-2.3990108361030327,-0.17034581675657856,6.41025641025641,-0.7359705611775458,4.497041420118331,0.2270147559591429,10.556186152099901,1.0373443983402453,7.8528397885673895,0.2581975335115727,-0.24864376130199206,0.7212306568676441,-1.803470883021252,-0.18908403842696764,0.5968580771692933,0.0956483383465212,12.67942583732058,1.7278617710583255,10.989010989010994,0.6979062811565351,1.157407407407418,0.2293577981651307,8.403361344537807,0.7812500000000222,10.93922651933703,-0.8884501480750151,-0.4911131898970966,1.896388242392888,11.483153143696857,2.066115702479321,13.866333541536523,1.5881861242685869,-0.1492685839386887,0.5008012820512775,13.260431043635212,1.3105413105413133,15.66645609602022,0.8167385518950132,1.4288589253370843,-0.25727290718385865,11.080595753670641,1.5253910021239658,1.813602015113358,1.3337344564781306,6.523297491039415,0.7555211158465802,5.265438474994832,0.08741188805769795,-2.641689606628106,0.5496562538579441,-4.159216257214659,-0.3591077584339408,-1.8164714488812073,-0.07486041135322807,1.8773896076865082,0.04391661756302234,9.025797096755284,-0.5665899066250701,7.065555703171333,0.3980386148451531,10.24120205614869,0.1436781609195581,16.95594662794033,1.0328527307827517,2.5600495865415906,-0.04858790534630897,4.576180095710436,0.7797920269768444,10.853950518754996,11.444444444444436,9.557774607703283,11.538461538461542,3.737752468432265,6.009149792296231,-3.361344537815125,-9.185904755783557,-0.8928571428571397
2022-03-01,95.3163677250814,0.9763227853025968,-2.8728066314000267,-0.2834034018389331,86.26387628839326,-0.8272898743699963,-2.287778956419073,-2.1434321105679777,85.5377796721134,0.3033007255663911,-6.360798887162389,-3.978603957446336,85.57297855865866,-1.6592392510045628,1.0131784039408842,-1.0603655291165803,108.7454993583699,4.988094931248677,-5.990931698362045,2.0528940367700477,118.3,100.9,107.4,102.9,101.0,156.1983347826087,1.3173478260869564,107.8,88.5,99.8,1220.8408695652174,28.431304347826085,6.344552173913043,7.822782608695652,139.9,101.4,87.0,78.9,101.9,101.0,1.0,114.1,119.9,86.09,8.4,125.03,22.8,110.09,110.66,101.93,108.39,108.95,100.38,109.14,102.92,106.32,1608.2720655198486,37.45391697542533,8.35798201379962,10.305325663516067,0.6875873558413764,81.83108353411004,67.18043499785472,94.06666666666668,2.954564140049956,2.7214777046384606,2.7479101870047127,12.666666666666671,2.869565217391301,3.38114754098362,0.29821073558649047,8.484848484848495,1.8975332068311257,2.9000000000000137,0.29239766081872176,1.9172552976791213,0.09910802775023875,3.670872779771628,0.09459410543488644,-4.946102975316546,-2.6893473274738455,6.944444444444442,-0.0926784059314234,4.982206405693956,0.22650056625141968,12.008978675645343,2.4640657084188833,8.014702346720748,1.8111773903952022,0.576772228801703,2.008229966140873,-2.55432728457734,0.01575682259054023,0.7426187459300904,0.3029813395499792,13.463098134630979,-0.9907997169143701,9.149623250807327,0.3960396039603964,1.2805587892898762,-0.4576659038901698,8.379120879120894,1.9379844961240345,12.472406181015462,1.4940239043824688,1.1633372502937833,5.769393452330607,12.635563740536115,3.6531400056492025,13.43926191696565,1.1702322179557578,1.544132297270373,1.5846123181183946,12.356172903493313,1.6029246344206882,13.147782739640657,-0.8283269615874667,1.291624621594356,-0.4166666666666652,12.099424815119143,3.784709014834542,2.7043209260552814,1.8505690252350382,6.897245123667806,2.211113247452401,2.6721839401702807,-0.9268787878230378,-4.397858494884388,-0.7351256402569062,-7.374090602072092,-2.674014260570534,-4.240214917274154,-2.3945142084818016,4.6435180644260665,1.8012352390351039,12.509268732741452,2.6684323352355044,10.444926185858883,2.9964323675207627,10.105345298478374,1.2195121951219523,18.657657800370075,1.919468362300547,6.215332312233635,2.3369172361699775,7.428891559463291,2.6048435382300283,12.67942583732058,10.989010989010994,8.403361344537807,10.24120205614869,5.578741816934052,9.040764788711941,0.6129597197898518,0.9908306218551877,1.091901728844391
2022-04-01,93.78957436587297,-1.6018165564304243,-2.635077614022019,5.112848007968163,84.4288354870946,-2.1272412975784194,-13.112719692738072,-2.876089244278446,83.7375418199174,-2.1046113882038364,-12.832946310747896,-4.9338317379435725,83.74387849684884,-2.1374738762377055,-13.689379578674744,-1.5425761796657,108.207322142761,-0.4948960819383896,25.540401759672314,18.392116689218053,124.7,101.6,112.2,103.3,101.2,163.1777947368421,1.291678947368421,107.7,88.7,99.9,1235.1533333333334,29.093333333333334,6.430999999999999,7.841395238095238,139.2,101.3,85.6,79.3,103.0,100.3,0.2999999999999971,,,86.26,1.9,126.81,21.4,113.18,113.87,103.58,108.72,109.39,99.52,111.89,104.53,109.83,1595.4215574385964,37.57924617543859,8.306787310526314,10.128565147042606,0.6875935551215512,83.37985241566464,68.67031484929855,94.53333333333335,3.030129967706065,2.7563086155703362,2.7815885266032754,16.869728209934397,5.4099746407438865,3.567787971457692,0.6937561942517156,12.42484969939881,4.469273743016755,2.7860696517412853,0.38872691933915515,2.9501525940996975,0.1980198019801982,8.243290887836885,4.468331857664909,-6.687114826607932,-1.9485270488343365,6.003937007874027,-0.09276437847866026,4.84633569739954,0.225988700564983,11.371237458193972,0.10020040080160886,10.493116825696847,1.1723447440953771,3.0283518983538205,2.328521327787292,-1.3444659755484478,1.362552055957611,0.9311389464116582,0.23792850102848373,9.005481597494125,-0.5003573981415377,7.1957671957672,-0.09861932938857176,-1.2687427912341454,-1.6091954022988575,4.755614266842789,0.5069708491761693,10.278372591006413,1.079489695780178,0.19746776629108176,1.42365832200273,14.311685688314313,2.806794440911986,15.557134158717268,2.9007771552503225,3.3216957605985087,1.6187579711566702,10.780517627878549,0.3044561306393634,11.988124488124473,0.40385497934831704,0.13079786698861895,-0.856744371388718,13.501724487725708,2.519699468572467,3.751861042183613,1.5643218033424056,9.9949924887331,3.3013544018058782,3.104315228064425,-0.7990257591832584,-3.8612722970507996,0.3346224110431395,-7.94167481856678,-0.6125246882415003,-5.81824221073809,-1.7152346490052817,3.8631113090370706,0.0009015989200555907,13.600535243230038,1.892641297984321,12.359976334003875,2.217728794836482,7.58725341426405,0.49610205527994555,20.19831853378311,2.557596453290456,7.471461531968004,1.2798528855301639,7.918903777006081,1.2255982658324394,13.463098134630979,9.149623250807327,8.379120879120894,10.105345298478374,-1.1680551152495555,8.952666477826599,0.6129597197898518,0.9908306218551877,1.091901728844391
2022-05-01,91.93730356367644,-1.9749218553554937,-10.013923449939044,0.2047357359050039,84.24952907227878,-0.2123758000230124,-11.991873391640418,-4.012816911915673,84.15123709627167,0.4940379994004873,-5.186314857768181,-4.173831888577062,83.02976259694476,-0.8527380301963761,-17.1060482994303,-3.95509251070133,102.1993087586159,-5.5523168535845935,-5.22214248653563,5.338326527032011,126.5,102.5,114.6,103.3,100.5,160.19374285714287,1.2443333333333333,106.9,88.7,101.4,1268.8080952380953,29.59952380952381,6.698957142857143,7.849038095238096,136.5,101.0,85.1,78.8,102.7,100.6,0.5999999999999943,,,87.76,3.1,131.35,23.5,114.99,115.27,104.83,108.81,109.08,99.22,113.34,105.96,111.84,1578.8202065079365,36.831674126984126,8.335735671428571,9.766819736507937,0.7153837469307254,85.90945620144656,71.28315028127511,94.16666666666667,3.129643241373851,2.846191558889744,2.8768716739478895,17.129629629629626,1.4434643143544479,4.805725971370145,0.8858267716535417,15.060240963855431,2.1390374331550666,2.37859266600593,0.0,1.4127144298688332,-0.6916996047430901,4.2140266193288145,-1.8287119791707052,-11.695021818838281,-3.6654320434304832,3.3849129593810368,-0.742804085422466,4.107981220657275,0.0,11.674008810572701,1.501501501501501,12.917790733920498,2.724743640851224,6.028777996968837,1.7398847715071275,4.149643470699749,4.166648155141406,1.0769308412317713,0.09746807692752046,4.437643458301466,-1.93965517241379,5.759162303664911,-0.29615004935833467,-2.853881278538817,-0.5841121495327117,2.7379400260756137,-0.6305170239596425,9.83957219251337,-0.2912621359223322,1.7389288198469632,3.5801592934311177,16.198464025869043,1.5992224774695085,17.80275932549822,1.2294722051462204,5.029556156697712,1.2067966788955387,9.554973821989531,0.08278145695364003,11.079429735234214,-0.28338970655452655,-0.9780439121756523,-0.3014469453376134,14.19647355163729,1.2959156314237275,6.044835868694953,1.368028317229486,12.662435781202785,1.8301010652827188,-0.2879695297616669,-1.0405620290923512,-6.371310724024271,-1.9893215658569274,-8.030680057440854,0.3484904550953738,-10.744038274462364,-3.5715365926267784,10.407633882284827,4.0416597279277156,17.077106057692614,3.0338309705459254,17.895936746708617,3.804897993711842,6.322920587128356,-0.387870239774335,25.81908412523868,3.284125589607023,12.176681067399443,3.260989818471738,13.261049245410161,3.4254939734371437,9.005481597494125,7.1957671957672,4.755614266842789,7.58725341426405,3.397754026052935,9.384303442529829,0.6129597197898518,0.9908306218551877,1.091901728844391
2022-06-01,91.22403037822468,-0.7758256527044538,-16.099009604467273,-0.3040190540000709,85.13736250682163,1.0538141213598529,-5.122137879488731,-3.9392891210659258,86.05608987688231,2.263606390517392,2.4458912213802586,-3.956860029082243,83.25465232995225,0.2708543611032343,-10.40424142928522,-3.85266474431778,97.0624048438992,-5.026358766133676,-36.53138494731133,2.2630606597312752,129.9,102.9,118.0,103.4,100.8,165.146155,1.229035,104.7,88.9,101.3,1277.4057142857143,29.60285714285714,6.695190476190476,7.84807619047619,145.9,100.6,84.1,78.0,102.4,100.7,0.7000000000000028,115.8,122.6,87.02,1.4,132.81,23.7,115.6,115.81,104.84,109.24,109.44,99.1,113.68,106.09,112.06,1569.976332057143,36.38294752857143,8.228623426904761,9.645560320761906,0.7145186032336024,85.18878632422998,72.33317196011505,93.66666666666667,3.183084600527616,2.8815697221251644,2.9159264767289077,19.283746556473822,2.687747035573129,4.78615071283095,0.39024390243902474,17.41293532338308,2.9668411867364908,2.2749752720079286,0.09680542110359625,2.3350253807106647,0.29850746268655914,6.930866980149086,3.091514096947945,-12.382469215813341,-1.2294401285828926,-0.0954198473282375,-2.0579981290926086,3.8551401869159063,0.22547914317925244,10.831509846827124,-0.09861932938857176,13.789189266730183,0.6776138235471851,6.56176077342383,0.011261442429888469,4.204783192577377,-0.05622765732549162,1.1125553725339632,-0.01225506552821054,10.698027314112291,6.886446886446884,4.682622268470338,-0.3960396039603964,-3.775743707093837,-1.1750881316098694,1.1673151750972943,-1.015228426395931,6.113989637305695,-0.2921129503407949,-0.8432087511394792,1.1115340692805509,16.251005631536607,0.5304809113835907,17.776873792331948,0.4684653422399654,5.441013778537651,0.009539254030332955,8.989324553526878,0.3951842661519933,10.422762587024526,0.3300330033003229,-1.137270550678371,-0.12094335819391455,13.623188405797105,0.29998235397918904,6.4305778491171806,0.12268780671953472,11.591316470822544,0.19670958512159054,-0.30072206514625277,-0.560157161299224,-6.633216450174018,-1.218317138845304,-8.698342007648563,-1.2849765005258806,-11.40767566979225,-1.2415445254177149,9.802659081759725,-0.1209342119994794,14.023505636959444,-0.8388714224039528,18.53237503659466,1.4730292848964766,4.189840563589198,-0.5309734513274322,26.14429812662371,1.707586297609609,12.93204046412091,1.2430000758353987,13.99190783124662,1.3575441384712228,4.437643458301466,5.759162303664911,2.7379400260756137,6.322920587128356,1.7058519383235105,10.293725452867353,2.3911187019641345,6.924967107548929,2.331838565022415
2022-07-01,91.24828119537472,0.0265838036858534,-10.405673212660329,0.5847399150823662,84.0974270015634,-1.2214795885589047,-1.5608992756735995,-4.166726862019288,83.77642781191736,-2.649042116864009,0.1858812013018518,-4.0962955122681555,83.17354134898716,-0.0974251632733236,-2.696493883802442,-4.0926932457702065,99.96948085414026,2.9950587098232173,-27.14771979893927,6.0747408471387265,131.3,104.1,120.6,103.0,103.5,163.9272,1.1989380952380952,106.5,89.3,100.2,1308.0295,29.8745,6.735155000000001,7.848975,145.2,98.9,83.4,75.5,101.4,100.0,0.0,,,85.1,-5.8,129.76,16.3,113.52,115.18,105.54,106.42,107.98,98.96,112.28,106.14,111.39,1568.2463972452383,35.81767612619048,8.075033906833335,9.41043513607143,0.7356924293222845,88.8286062666566,74.48257783673647,91.93333333333334,3.2157306798521885,2.9465898242021185,2.963341329740504,19.799270072992712,1.0777521170130866,5.364372469635614,1.1661807580174877,19.287833827893188,2.203389830508473,1.5779092702169484,-0.3868471953578423,5.182926829268286,2.6785714285714413,7.6885746802859645,-0.7381068000039126,-13.163045490723935,-2.4488240580540666,1.139601139601143,1.7191977077363862,4.079254079254069,0.4499437570303577,8.794788273615639,-1.0858835143139123,14.099396077724414,2.3973421577661913,6.70553117665067,0.917623781488297,3.9976463477582103,0.5969139183066963,1.0102187768108895,0.011452609556728,9.584905660377352,-0.47978067169295313,1.8537590113285374,-1.6898608349900535,-5.119453924914675,-0.8323424494649068,-3.575989782886335,-3.205128205128205,5.5150884495317465,-0.9765625,-2.206389335784875,-2.296513816730672,12.05211726384363,-1.799307958477503,14.732543081980287,-0.5439944737069324,5.4978008796481515,0.6676840900419645,5.002466699555996,-2.5814719882826798,7.517674001792285,-1.3340643274853736,-1.1388611388611358,-0.14127144298687888,10.981516259760804,-1.2315270935960632,4.871060171919783,0.047129795456690715,10.298049311813063,-0.5978939853649834,-0.9195593326277174,-0.11018859180113028,-7.340166433250472,-1.5536712684892984,-9.6916111502794,-1.8665275113847302,-12.285802271060508,-2.4376519027554444,10.771114003545868,2.963369462020804,16.47069120646931,4.272651483228573,19.855946891983823,2.9715354910836878,1.5837937384898693,-1.85053380782918,23.82122724117586,1.0256114248160753,13.854943203249448,2.256412592682344,13.17855443413205,1.626064765006907,10.698027314112291,4.682622268470338,1.1673151750972943,4.189840563589198,-4.925735729977876,10.731684258487784,2.3911187019641345,6.924967107548929,2.331838565022415
2022-08-01,91.22407869642564,-0.0265237861272749,-3.0671693438523495,-1.9657773592751004,84.63529551073464,0.6395778424484133,1.8441602854615935,-4.163351582422026,83.43059866264426,-0.4128000659678443,-3.3816936880295856,-3.689446472712654,84.5818057987005,1.693163988057722,7.689318168672221,-4.060873613223325,98.15792937869725,-1.812104514262869,-14.903887517175718,-1.4873961417907644,128.3,104.1,119.6,103.3,104.3,162.0198590909091,1.1998545454545455,106.4,88.7,99.3,1319.4121739130435,30.090000000000003,6.8006782608695655,7.846486956521739,145.5,97.8,83.0,74.2,100.2,99.6,-0.4000000000000057,,,84.88,-6.3,128.17,13.4,112.24,116.33,106.19,104.45,108.25,98.85,110.83,106.87,113.09,1583.1026941976286,36.103623272727276,8.15982472347826,9.414643040632411,0.7381811135441897,88.67741544429627,73.92562734876955,90.73333333333333,3.2221142770419897,2.941256039534848,2.960090714239469,17.38334858188473,-2.2848438690022843,4.8338368580060465,0.0,18.065153010858825,-0.8291873963515717,1.9743336623889496,0.2912621359223211,5.460060667340749,0.7729468599033895,6.878481713363405,-1.163529242914474,-13.046817353592232,0.07643849337093389,0.0,-0.09389671361501595,2.780996523754342,-0.6718924972004436,7.119741100323629,-0.8982035928143728,13.644993344604849,0.8702153822252034,8.007831620166428,0.7213509849537392,5.000738117453274,0.9728545351898266,0.8109442240057607,-0.03169896041536058,6.828193832599139,0.20661157024794985,0.10235414534287557,-1.1122345803842304,-5.681818181818176,-0.47961630695444457,-5.4777070063694255,-1.7218543046357615,3.298969072164959,-1.183431952662728,-0.25851938895417037,-1.22533908754624,10.6903353057199,-1.127554615926707,15.223851030110946,0.9984372286855336,6.477489220896415,0.6158802349819803,2.532639638755274,-1.8511557977823667,6.71332807570979,0.25004630487126533,-1.366992616244267,-0.1111560226354058,8.614268914151314,-1.2914143213395124,6.614126097366335,0.6877708686640283,11.903819513160506,1.526169315019299,-1.1820613685677994,0.9473190551233968,-6.083752898892126,0.7983408681494719,-8.698516404654566,1.0500366639101477,-12.341675541332009,0.04471530274781088,10.46671988426715,0.3382778077786863,15.004416119702801,-0.17020510476823958,18.202684934155755,-0.7477594145408495,-0.36603221083454374,-1.3052936910805002,22.68787838813857,0.1985115616117028,13.374940446955264,-0.1810155123546875,13.52042845428889,-0.10969426533525839,9.584905660377352,1.8537590113285374,-3.575989782886335,1.5837937384898693,-5.179159474800333,9.089136427874678,2.3911187019641345,6.924967107548929,2.331838565022415
2022-09-01,91.9138800091416,0.7561614461588206,3.0593442102977653,-1.245339362081821,85.12315497393938,0.5764255447573419,-0.066734399458157,-4.9713643964150345,84.30748505488378,1.0510369172649137,-7.883357534990443,-3.915007286897354,84.73407931572314,0.1800310546514527,7.2996767602695245,-5.385164793188335,99.34764835272492,1.212045712005283,9.755470667507415,1.9693622336631968,132.0,103.1,122.7,103.3,104.1,162.1087,1.1326333333333334,104.4,87.4,98.3,1396.3728571428571,31.27857142857143,7.019514285714285,7.8493571428571425,142.2,96.2,80.6,72.6,98.0,99.8,-0.2000000000000028,111.5,114.6,87.63,-2.4,131.74,15.2,114.34,119.1,109.14,102.46,106.72,97.82,112.04,109.34,116.17,1581.5784437619047,35.42715261904762,7.950535863809524,8.890443545238096,0.7568995371624102,92.17457841608052,77.16530798434327,88.93333333333334,3.3618281796648026,3.0806878885694085,3.086333275940802,20.21857923497268,2.883865939204977,3.618090452261291,-0.9606147934678178,20.64896755162242,2.591973244147172,1.8737672583826415,0.0,5.578093306288023,-0.19175455417066445,7.166165651213907,0.0548333454857719,-17.522513278476183,-5.602446761223579,-3.512014787430684,-1.8796992481203034,0.5753739930955071,-1.465614430665163,5.246252676659524,-1.0070493454179208,19.061236256151215,5.832952336764308,12.8336826193012,3.9500545981104196,8.723483817577948,3.2178558733454654,0.8820327145272921,0.03657925325444289,3.1930333817126177,-2.268041237113405,-1.9367991845055998,-1.635991820040894,-8.61678004535148,-2.8915662650602525,-7.515923566878991,-2.1563342318059453,-0.10193679918449883,-2.1956087824351322,3.239868049010375,2.7853631895139452,12.62805358550041,1.8709907341411425,17.548361626529818,2.381157053210692,9.73255580132717,2.778039363405216,-0.08776206728425828,-1.9052178075634307,4.269662921348316,-1.4133949191685868,-2.6569807941088652,-1.041982802225594,9.757053291536067,1.091762158260412,10.044283413848643,2.3112192383269337,15.97284616152541,2.72349456185339,-1.8012846763507673,-0.09628247373404397,-6.937614400259529,-1.8736918690115623,-10.327603071179038,-2.564869550035187,-16.795034863472434,-5.56791684115836,12.5812114471745,2.5357494623980292,16.987057981471242,3.943690684107759,21.94282099390008,4.382351224818715,-2.8758645795413096,-1.983835415135926,26.311356483061864,4.336093962225163,17.912897992197173,4.740554618856341,18.2478642737002,4.264820706137318,6.828193832599139,0.10235414534287557,-5.4777070063694255,-0.36603221083454374,-0.6096977151645588,11.294002857108865,-1.2882447665056418,11.422469135778336,0.7832898172323688
2022-10-01,92.66501631874752,0.8172174969996115,6.356602570069314,-0.6723133980308771,86.22571621065256,1.295254196171114,10.513773289281048,-2.704954219511535,87.30003472825538,3.549565820191969,17.915341376964776,-0.9421310023763674,84.36695175932665,-0.4332702489497131,5.864087697036013,-3.892596523260472,99.03957800154885,-0.3100932495979203,-3.669153296539041,-0.5730610456018193,133.5,102.9,124.3,104.2,104.4,166.47417142857142,1.130742857142857,103.4,87.6,98.8,1426.065,31.958999999999996,7.190185,7.84975,141.1,95.4,79.6,71.1,97.0,100.6,0.5999999999999943,,,83.35,-5.3,132.9,13.7,116.13,120.51,110.6,101.72,105.55,96.89,112.82,110.7,119.02,1612.5128125714284,36.137410971428565,8.130250330285714,8.876048742857142,0.7466623737084226,91.44430968263595,77.47119466343239,87.83333333333333,3.3347712733288835,3.0605402276174134,3.0633074430130893,18.666666666666675,1.1363636363636465,2.6946107784431073,-0.19398642095052043,19.634263715110677,1.3039934800326058,2.257114818449457,0.871248789932233,5.882352941176472,0.2881844380403509,7.442261684579887,2.692928527939231,-17.438484619851124,-0.1669098140448244,-4.612546125461259,-0.9578544061302652,0.574052812858783,0.22883295194506825,4.994686503719459,0.508646998982698,20.659706064016127,2.126376397626095,14.456083803384345,2.1753825074217747,12.045343692975607,2.431374983210066,0.9059327508026183,0.005004959459831149,2.2463768115942084,-0.7735583684950753,-3.5389282103134523,-0.8316008316008316,-9.236031927023959,-1.2406947890818865,-9.541984732824426,-2.066115702479343,-1.4227642276422814,-1.0204081632653073,-4.884172087184757,0.8805222407772817,11.954111635978016,1.5655063844673744,17.29608721043412,1.1838790931989918,10.478473678953137,1.3377313542239255,-2.1829022021348177,-0.7222330665625609,2.475728155339807,-1.096326836581707,-3.486403028190055,-0.9507258229400906,8.679317984779878,0.6961799357372289,10.16021494676087,1.243826595939268,18.581249377303966,2.4533011965223395,-0.38151822031490257,1.9559174526901035,-5.503322767152752,2.0048417664790597,-7.493666334183279,2.2604069657020442,-16.69053281246342,-0.16191320835352574,11.347491982552516,-1.352512843694742,15.53500857552541,-0.7922669634008006,21.81711097449266,0.3964044038432091,-4.494382022471899,-1.236881559220404,24.12720811484972,-0.8048271621846181,16.912548582767073,-0.6539987717272822,16.575755013393145,-0.7460578903519033,3.1930333817126177,-1.9367991845055998,-7.515923566878991,-2.8758645795413096,-4.93731854954661,8.74931046713192,-1.2882447665056418,11.422469135778336,0.7832898172323688
2022-11-01,92.6210998733072,-0.047392691638104,6.26782498251337,-3.802680212489739,84.96397153573511,-1.4633043717896863,1.562447792767219,-3.5454415291477415,83.94801355115654,-3.8396561782969574,2.503868543766141,-4.689214015672016,84.46760288153483,0.1193015986820311,-0.5389898118602465,-2.8521220655564505,102.69723756379824,3.693129187396371,19.821152655609488,-5.520933451259424,130.8,102.3,121.2,104.2,105.3,166.80530454545453,1.174431818181818,102.7,87.4,98.6,1361.79,31.433,7.18118,7.830755000000001,140.3,95.4,80.3,70.5,97.4,101.2,1.2000000000000028,,,79.46,-9.6,125.82,8.6,114.18,119.79,109.01,101.65,106.65,97.08,111.73,109.38,118.55,1599.329505681818,36.91591534090909,8.43380628409091,9.196687832386363,0.7265955979653689,87.44654088050315,74.41896468311563,87.76666666666667,3.2449418873613136,2.9529269149449604,2.962949692291347,15.140845070422548,-2.0224719101123556,1.8924302788844605,-0.5830903790087549,15.759312320916896,-2.493966210780363,2.0568070519098924,0.0,6.795131845841795,0.8620689655172376,8.750001222420668,0.19890960504056476,-12.66630161434249,3.863739732069016,-4.995374653098972,-0.6769825918762074,0.2293577981651307,-0.22831050228309113,3.898840885142252,-0.2024291497975783,15.010219076735986,-4.507157808374796,13.031752310403078,-1.6458587565317928,12.40035498902008,-0.1252401711499651,0.5277519065374658,-0.24198222873339503,1.1535688536409738,-0.5669737774627759,-4.024144869215296,0.0,-8.333333333333325,0.8793969849246297,-9.846547314578014,-0.8438818565400741,-1.9133937562940462,0.4123711340206171,-4.667066586682667,-5.327313769751707,9.957627118644075,-1.679152673727713,15.060993180290083,-0.5974607916355512,9.316085038106703,-1.4376130198914927,-2.783091048201991,-0.06881635863152935,1.7361442335209532,1.0421601136902048,-3.3356566762919537,0.19609866859324754,7.113411945163461,-0.9661407551852408,9.24890131841789,-1.1924119241192521,17.213763100652567,-0.3948916148546422,0.44267784116052145,-0.8175629233349913,-1.2851903572091095,2.1542892768273703,-1.836612989480857,3.733660606665823,-12.205396356062515,3.6124079398195175,6.445343466397269,-2.6875300603924512,8.783467439303227,-4.371807076905432,14.765960506517883,-3.9398256262562215,-4.911520404478164,-0.07590132827324236,16.55899818542874,-2.6937195569007977,10.739295789231186,-3.5161541645942873,10.671237389552424,-3.2761240126465974,2.2463768115942084,-3.5389282103134523,-9.541984732824426,-4.494382022471899,-9.99841706434983,3.093427276664218,-1.2882447665056418,11.422469135778336,0.7832898172323688
2022-12-01,90.61487081257148,-2.1660605018510526,-5.534439854609296,-5.622775464297214,83.95009118094409,-1.193306217288348,-5.399410746255517,-3.243661754821625,79.45778043012095,-5.3488259353502325,-21.09924110295299,-8.621740580525639,86.13066696157725,1.968878035256716,6.757594879631479,0.9056932603826118,98.34062645809335,-4.242189185467071,-3.993305673484282,-10.954061444661612,126.5,101.8,116.8,104.4,105.8,164.50961,1.21835,102.9,87.7,97.3,1293.5628571428572,30.652380952380955,6.971695238095238,7.785428571428572,141.8,95.1,81.9,70.5,97.7,101.3,1.2999999999999972,110.8,113.5,75.13,-14.2,118.03,3.1,110.16,116.13,106.99,100.57,106.03,97.71,109.68,107.04,115.8,1576.0123070000002,37.34532833333334,8.493964893333334,9.4853769,0.7099889179726339,84.45848893995978,71.98259941724463,87.76666666666667,3.1096258938590124,2.8648830998361814,2.8662219553833523,12.14539007092199,-3.2874617737003176,1.3944223107569709,-0.4887585532746819,11.770334928229653,-3.63036303630363,1.8536585365853675,0.19193857965451588,5.800000000000005,0.47483380816715215,8.61573194002274,-1.37627190676598,-8.39932835446845,3.7395258829221234,-4.722222222222216,0.19474196689386325,0.45819014891179677,0.3432494279176135,2.854122621564481,-1.3184584178498993,9.264034578585555,-5.010107495072136,10.466612894922012,-2.483437939805444,9.458038951814896,-2.9171356504747448,-0.17413688673530991,-0.5788257782478046,2.382671480144416,1.0691375623663513,-4.70941883767535,-0.3144654088050425,-6.399999999999995,1.9925280199252882,-9.03225806451613,0.0,-2.202202202202208,0.30800821355236874,-5.449282657941101,-6.191384517564769,6.342311033883563,-3.520756699947458,9.360580092287417,-3.0553468569997633,7.258145363408519,-1.8530410054123592,-3.7515551727438035,-1.0624692572553052,-1.0083092148258754,-0.581340834505395,-2.911367249602548,0.6489493201483176,6.320279177975974,-1.8347802738745145,7.233019434982979,-2.139330773450343,13.207547169811317,-2.3196963306621687,0.08658954099021177,-1.4579358786904528,1.1881593558179304,1.1632191385713586,0.26429884988998786,0.7133031897579301,-8.558838912300605,3.139054764879723,2.9043702342758992,-2.2855464634299216,4.014278570440588,-3.4170041610068758,9.669709123592796,-3.2738499873591675,-5.014430014430038,0.0,8.076459526980816,-4.170059070374787,5.9987117526726585,-2.9815778596884113,5.973880854882352,-3.2645757421953303,1.1535688536409738,-4.024144869215296,-9.846547314578014,-4.911520404478164,-14.274229551141993,1.032971019585549,-0.3478260869565264,19.767100135825256,0.45045045045044585
2023-01-01,92.21807503827635,1.7692506884670056,-1.9153642079720037,-2.329790774709928,84.3804478549612,0.5126339566320803,-8.289288494592661,-3.5082733652928577,81.04959065901053,2.003340919256491,-25.70738635722296,-6.476939649669222,85.27142744534156,-0.9975999798294776,4.357748459914634,-1.8553745618489104,103.64975912952828,5.39871756226542,19.960443845507903,1.3928956773963108,123.9,100.8,113.2,104.8,105.8,159.45029047619047,1.2232714285714286,98.4,86.6,97.0,1243.0705,30.3865,6.790405,7.82038,145.9,95.0,83.2,70.7,98.2,100.4,0.4000000000000057,,,69.26,-18.3,114.28,-1.3,109.26,115.12,106.41,100.47,105.86,97.87,109.59,106.31,114.9,1520.61262635,37.17093726428572,8.306508424928571,9.566447414571428,0.7099391268710377,80.44003783764846,70.79377313760524,87.96666666666665,3.0970432405697954,2.8627203894113262,2.860030115574834,8.970976253298147,-2.055335968379446,0.29850746268655914,-0.9823182711198419,7.706945765937201,-3.082191780821908,2.1442495126705596,0.3831417624520883,4.44225074037512,0.0,2.4251826843689983,-3.075394515742602,-9.792566833342908,0.403942099678134,-9.475620975160993,-4.373177842565601,-1.7026106696935273,-1.2542759407069615,0.6224066390041472,-0.30832476875641834,3.932662477545601,-3.9033555164363354,9.809554784619824,-0.8674071772564851,6.841793891027859,-2.6003752588698803,0.3680839868064778,0.4489339058314057,5.039596832253412,2.891396332863194,-5.284147557328012,-0.1051524710830698,-4.587155963302747,1.5873015873015817,-7.942708333333326,0.28368794326241176,-3.060217176702862,0.5117707267144223,-7.813123918541187,-3.17715834957214,4.997117047857014,-0.8169934640522847,6.919290424445057,-0.8697149745974242,6.5805288461538325,-0.5421067389475676,-4.586894586894585,-0.0994332305856549,-2.853996512801693,-0.16033198151467198,-3.1565406689095576,0.1637498720704178,5.8022784321297705,-0.0820568927789922,6.608503810669886,-0.6819880418535207,11.294072065091054,-0.7772020725388518,-6.245012957240769,-3.5151807129891965,-0.9436192570603574,-0.4669689003429234,-3.6207601816935275,-2.2069371696119444,-9.460527716947297,0.854689438554912,5.156703598805734,-0.007012940672146417,0.35135226339535475,-4.757900777940716,8.96817022684071,-1.651546747774968,-5.208333333333348,0.22787694644890166,7.937812407976419,-0.40463559665057103,7.595823758935882,-0.07549035508565005,7.624065215272391,-0.21602792473516264,2.382671480144416,-4.70941883767535,-9.03225806451613,-5.014430014430038,-12.8579688643776,4.171811470264175,-0.3478260869565264,19.767100135825256,0.45045045045044585
2023-02-01,93.48312730309097,1.371805109019597,3.775108039135322,-0.965776782820793,85.96029896716935,1.872295244182287,4.773740797984094,-1.1762955876978287,83.3721683933133,2.8656254959685823,-2.7157147822679084,-2.2361381070151065,86.00798432702638,0.8637792326825489,7.4965190194625775,-1.1593291285333929,103.42451435351748,-0.2173133617506373,2.862935521383969,-0.1490379350615356,125.7,100.2,113.6,105.5,106.0,160.83762,1.20859,98.2,87.0,97.1,1275.4205263157894,30.228947368421053,6.838042105263158,7.84711052631579,139.3,95.1,83.0,70.5,96.6,99.5,-0.5,,,69.5,-18.1,115.17,-2.7,108.37,113.66,105.08,100.55,105.46,97.52,109.07,105.42,113.57,1541.4604939,36.5344035,8.264389308,9.483939311,0.7063024185510828,81.25170653406035,71.98470945481925,87.39999999999999,3.1110402555224415,2.876193120273607,2.8854994170084094,9.304347826086957,1.4527845036319542,-0.3976143141153021,-0.5952380952380931,7.779886148007575,0.35335689045936647,2.826510721247577,0.6679389312977069,5.05450941526262,0.1890359168241984,3.0675283010549226,0.870070239236509,-10.723136756650941,-1.2001775099557355,-8.989805375347547,-0.20325203252032908,-1.4722536806341946,0.46189376443419583,-0.30800821355236874,0.10309278350515427,6.362810001874175,2.6024289302810644,8.457965103104481,-0.5184954883877602,7.795150484329305,0.7015355529332634,0.6149116064565918,0.3418059776608029,-1.415428167020527,-4.523646333104859,-5.841584158415847,0.10526315789474161,-5.034324942791768,-0.24038461538461453,-8.914728682170548,-0.28288543140028155,-3.784860557768932,-1.6293279022403295,0.3465203580710341,0.7787889394469838,2.0337068072686204,-0.8145707486728937,3.912963978789552,-1.2682418346073754,4.723938608730305,-1.2498825298374205,-5.7461567304087025,0.07962575893301072,-4.005097396686697,-0.37785754770451874,-3.2539682539682535,-0.3576172473689687,3.718143780905292,-0.47449584816133816,4.324591786244447,-0.8371743015708755,9.180926744856755,-1.1575282854656366,-5.0426195728435985,1.3710176535915108,-3.1721308183821795,-1.7124501321017394,-3.7638709191430086,-0.5070616289531205,-10.174162962687216,-0.8624738107665064,4.572107165690542,-0.5122563586519302,1.9415236135466696,1.0090356969374659,10.362016249160643,1.6822613973394684,-5.954088952654246,-0.6441834028040883,7.317206148451305,0.4519476760702634,8.154748724566074,0.4706268524202972,7.742319094686656,0.890525637995121,5.039596832253412,-5.284147557328012,-7.942708333333326,-5.208333333333348,-13.750779948245274,3.391523485322989,-0.3478260869565264,19.767100135825256,0.45045045045044585
2023-03-01,95.7002961229783,2.371731545414435,24.40998104962613,0.4027937772495216,87.10507078400903,1.3317448061423098,15.901501783530737,0.9751410808430672,85.28357935759794,2.292624746507066,32.71376207754892,-0.2971789956319526,86.26508344078505,0.2989247053867716,0.6257072851981738,0.8087890520860563,109.13624387653672,5.5226070518406,51.685521312920635,0.3593201746024732,126.6,100.7,114.7,105.6,106.4,162.14814782608696,1.213495652173913,94.2,86.1,96.7,1306.0160869565218,30.535217391304347,6.890930434782609,7.848656521739131,137.2,94.4,82.9,70.3,96.7,100.0,0.0,115.2,120.5,70.96,-17.5,117.52,-6.4,108.76,113.31,106.08,99.65,103.82,97.22,109.26,106.21,113.89,1584.8448431909264,37.05435354253308,8.36211412204159,9.524310564536863,0.7073777994863205,77.6269777573951,70.95204654895666,87.13333333333333,3.0579402733321577,2.8628215002654245,2.8663298599471223,7.0160608622147125,0.7159904534606243,-0.1982160555004997,0.4990019960079861,6.797020484171323,0.9683098591549477,2.6239067055393583,0.09478672985780978,5.346534653465351,0.37735849056603765,3.809139868077982,0.8148142369222899,-7.8834284959899525,0.40589878899486287,-12.615955473098328,-4.073319755600813,-2.7118644067796627,-1.0344827586206917,-3.106212424849697,-0.4119464469618861,6.97676654793169,2.3988606118102496,7.39998776608759,1.013168004663112,8.611770317156742,0.7734425834954095,0.33075076143260773,0.019701461042975765,-1.9299499642602025,-1.5075376884422287,-6.903353057199213,-0.7360672975814775,-4.7126436781609105,-0.12048192771083599,-10.899873257287718,-0.28368794326241176,-5.103042198233565,0.10351966873707319,2.1007194244604177,2.0404619258487466,-1.2081024616223068,0.35987819507243834,2.3947225736490108,-0.3079359493225353,4.0714215638183004,0.9516558812333376,-8.06347449026662,-0.8950770760815407,-4.708581918311161,-1.555091978001133,-3.1480374576608905,-0.3076292042657913,0.10995052226498991,0.1742000550105649,3.196657598134456,0.7493834187061177,7.120015048908956,0.2817645504974875,-1.4566703501966094,2.8144963469781237,-1.0668134741538937,1.4231792303193824,0.04943906597485448,1.1824807665702597,-7.578752234334818,0.42568021802964484,2.878244266247054,0.15225502659947932,-5.1375413781030055,-4.461110949276836,5.61415172620181,-1.4345586912603125,-7.370659107016319,-0.30511060259343914,3.498862383148449,-1.706824014765651,5.1936415053505325,-0.4649068907761733,4.309444810184648,-0.6643410478024414,-1.415428167020527,-5.841584158415847,-8.914728682170548,-5.954088952654246,-16.280482612894343,-0.049414635840439036,-1.218450826805928,8.027444094300895,-0.27002700270026825
2023-04-01,95.67869488214298,-0.0225717596605612,15.876871262029349,2.0142116317753755,87.26086806487811,0.1788613216966439,14.369655149338012,3.3543428159877875,85.14321758300683,-0.1645824151007668,21.78587754489616,1.6786685309110538,86.75227986424751,0.5647666518480587,7.129593057843242,3.5923836122683017,108.46351429601042,-0.6164126202541365,19.91168297811503,0.2367604596215988,127.0,100.2,114.0,106.4,105.7,166.22572777777776,1.2452055555555555,90.9,84.9,95.9,1322.057,30.559500000000003,6.8875649999999995,7.8496250000000005,136.6,94.2,83.5,69.9,96.3,99.3,-0.7000000000000028,,,68.45,-20.7,117.92,-7.5,108.53,112.84,106.35,99.4,103.36,97.44,109.4,106.45,113.54,1646.232721161111,38.052859175,8.576434202249999,9.774396659027778,0.6858144134727641,72.99999553844302,68.18151398475041,86.80000000000001,2.965348792348663,2.7947965620903963,2.797424485515023,1.844426623897344,0.3159557661927437,-1.3779527559054983,-0.49652432969214955,1.6042780748663166,-0.6102877070619073,3.0009680542110395,0.7575757575757791,4.446640316205541,-0.6578947368421129,1.8678601741438428,2.514724963780801,-3.597905803725232,2.6131039962801417,-15.598885793871863,-3.5031847133757954,-4.284103720405863,-1.3937282229965042,-4.004004004004003,-0.8273009307135482,7.035860594905885,1.2282324240629583,5.0395279560036865,0.07952328743718873,7.0994402114756605,-0.04883861206350648,0.1049527750467183,0.012339414499629164,-1.867816091954022,-0.4373177842565523,-7.00888450148075,-0.21186440677966045,-2.4532710280373737,0.7237635705669376,-11.853720050441352,-0.5689900426742445,-6.504854368932045,-0.4136504653567741,-3.5372040586245657,0.3403675970047759,-4.108499734935512,-0.21147480691431353,-0.904540265214715,-0.41479128055775805,2.6742614404325016,0.25452488687782715,-8.572479764532737,-0.25087807325639977,-5.51238687265746,-0.4430745521094126,-2.0900321543408373,0.2262908866488278,-2.2253999463759055,0.12813472451034258,1.8367932650913632,0.22596742302984918,3.377947737412379,-0.3073140749846326,3.1848111544945157,3.8734314108998857,1.2603046834690268,2.694705309919332,3.246103236349751,2.5629891804930693,-3.49672913066309,2.6257658525131733,-0.25874902920993703,-3.048354928471775,-12.448878927580775,-5.960533763677656,-0.7118081016824318,-3.9047958430551977,-8.180535966149504,-0.38255547054321104,-2.1379008837183244,-3.0279035137138255,1.3963583868164209,-2.3761501780226735,0.5693134969565694,-2.4039582950641347,-1.9299499642602025,-6.903353057199213,-10.899873257287718,-7.370659107016319,-23.147603690171735,-3.8220360019945554,-1.218450826805928,8.027444094300895,-0.27002700270026825
2023-05-01,96.15409371960926,0.4968701110021234,11.92785619310035,4.586593246137838,87.88700483959771,0.717545892683602,9.27152075922657,4.317502788885963,86.92342726091455,2.0908414415654164,18.15795833256073,3.294295200284947,86.06045052350184,-0.7974768407565391,0.2442295291356089,3.650122355846164,108.2741538034342,-0.1745845077999575,20.11720884612096,5.9441155900246345,129.1,100.0,115.9,106.4,106.7,171.025755,1.247265,91.3,85.1,95.2,1327.48,30.729090909090907,6.985359090909091,7.837286363636363,131.0,93.6,82.6,68.9,95.5,98.3,-1.7000000000000028,,,69.35,-20.9,116.66,-11.2,108.05,113.27,106.82,98.46,103.21,97.36,108.86,105.9,113.82,1655.7193422,38.32731957272727,8.712593906522727,9.77517297634091,0.6776757103045679,73.20016195435612,68.2292856770614,86.0,2.955333199992415,2.787045929400457,2.763042163672612,2.0553359683794348,1.6535433070866024,-2.4390243902439046,-0.1996007984031989,1.1343804537521818,1.6666666666666607,3.0009680542110395,0.0,6.169154228855733,0.9460737937559083,6.761819750049081,2.8876560123347828,0.2356013929815326,0.16538991777352852,-14.593077642656693,0.44004400440043057,-4.0586245772266105,0.2355712603062221,-6.114398422090728,-0.7299270072992692,4.624174844257656,0.41019411417209106,3.8161664587443633,0.5549531539812635,4.275321396216536,1.4198645081257455,-0.14972193355593522,-0.15718759002675275,-4.029304029304026,-4.099560761346998,-7.326732673267333,-0.6369426751592466,-2.9377203290246734,-1.0778443113772518,-12.563451776649737,-1.4306151645207432,-7.010710808179166,-0.8307372793354029,1.3148283418553675,-1.0685210312076032,-6.035307418036351,-0.4422740256150415,-1.7350568231109587,0.3810705423608507,1.8983115520366356,0.4419370004701495,-9.511993382961137,-0.9456740442656097,-5.381371470480389,-0.14512383900929793,-1.8746220520056478,-0.08210180623973162,-3.952708664196225,-0.4936014625228524,-0.056625141562838266,-0.5166744950681035,1.7703862660944036,0.2466091245376001,4.870670857586146,0.5762624516537418,4.060758793061159,0.7212609083198318,4.520995505961989,1.5876027386417357,0.08552671246453425,0.00794235532088905,-5.271022271324954,-1.1867209274567747,-14.793824578855197,0.27420058650236,-4.284132494374216,0.07006546132382052,-8.672566371681423,-0.9216589861751334,-5.569645737158114,-0.3377542763971286,-2.0780621495609664,-0.2773236805523327,-3.956711427419035,-1.2290705976315652,-1.867816091954022,-7.00888450148075,-11.853720050441352,-8.180535966149504,-24.57376370995337,-5.951909925702092,-1.218450826805928,8.027444094300895,-0.27002700270026825
2023-06-01,96.78557114637717,0.6567348329539868,4.613887876541267,6.09657427444692,89.71501503206123,2.0799550465962824,12.534784834255476,5.376784516754096,89.6419304035466,3.127468886462581,22.062742534147574,4.166864346026444,86.89505738156768,0.9697914117215988,2.9532617571177866,4.372614562352495,104.24274585797772,-3.7233335970237817,-16.764736302422477,7.397654143874077,130.7,100.3,118.1,106.6,106.5,178.5678,1.2630954545454545,91.3,85.5,95.5,1297.2514285714285,30.84047619047619,7.161366666666667,7.833047619047619,128.3,93.2,81.4,68.0,94.4,98.0,-2.0,115.6,121.2,67.62,-21.5,113.13,-14.7,107.98,113.68,106.96,98.1,103.28,97.2,108.18,105.87,114.01,1638.5523828311686,38.954465292207786,9.045489685,9.893886842857142,0.6613734391082826,72.28273973391488,67.69084608159608,85.2,2.9182790508676257,2.7457699444123964,2.7177885566093907,0.6158583525788908,1.2393493415956636,-2.526724975704575,0.29999999999998916,0.08474576271186862,1.8981880931837614,3.0947775628626495,0.1879699248120259,5.654761904761907,-0.18744142455482393,8.127131388557007,4.409888440486642,2.7713168905242114,1.2692134025611645,-12.798471824259794,0.0,-3.8245219347581627,0.4700352526439522,-5.725567620927929,0.31512605042016695,1.553595233195848,-2.277139499545866,4.180741884631467,0.3624750296544965,6.962851798376946,2.5196639638273677,-0.19149369939615024,-0.054084339809390425,-12.063056888279643,-2.0610687022900698,-7.355864811133195,-0.42735042735041473,-3.210463733650404,-1.4527845036319431,-12.82051282051282,-1.3062409288824517,-7.8125,-1.1518324607329822,-2.494592645998539,-3.025887193553922,-6.591695501730099,-0.06478482184173462,-1.839219411104387,0.3619669815485116,2.0221289584128055,0.1310615989515096,-10.197729769315266,-0.3656307129798919,-5.628654970760227,0.06782288537932057,-1.917255297679099,-0.16433853738700988,-4.838142153413094,-0.6246555208524684,-0.2073711000094236,-0.028328611898020828,1.740139211136893,0.16693024073100027,4.367967170827991,-1.0368278567079559,7.067920381153714,1.6362890138729602,9.927131376851772,3.8208572791169404,2.574516293892426,1.2144426170622058,-7.437897891644496,-2.4056153921996892,-15.149935980064866,-1.2533062713895315,-6.417976362323474,-0.7891620000447186,-9.039145907473312,-0.9302325581395321,-8.319148966888823,-1.2538061401971334,-4.712701437347677,-1.4809940716312475,-6.795024555687313,-1.6378181867145458,-4.029304029304026,-7.326732673267333,-12.563451776649737,-8.672566371681423,-24.785351168608727,-10.85003422491143,0.500417014178467,8.741679477210806,0.9640666082384008
2023-07-01,92.87050684307438,-4.045090871429258,-11.233255530021111,1.777815019031692,85.14244718810589,-5.096769857666805,-9.36281714267576,1.2426303916801773,83.32188140134002,-7.050326754182135,-8.285914939253313,-0.5425707713365591,84.39416435753246,-2.8780613068168814,-10.437526048140777,1.467561665342232,103.60289581337992,-0.6138077420461907,-16.75600945909933,3.634524184976984,130.9,100.3,118.2,106.4,106.5,181.72392857142856,1.2881285714285713,91.0,85.3,95.3,1282.2835,31.200499999999998,7.186275,7.815645000000001,129.3,92.8,81.7,67.8,93.5,98.3,-1.7000000000000028,,,66.74,-21.5,112.81,-12.8,108.98,114.91,108.15,97.8,103.13,97.08,108.77,106.56,115.5,1651.7460130214283,40.19025549285713,9.256846149642856,10.067555628642857,0.6504371819891633,70.64512193769478,66.22009781632269,84.7,2.8591507715202886,2.6909507957524954,2.6513889671325557,-0.30464584920031346,0.15302218821731106,-3.6503362151777075,0.0,-1.990049751243772,0.08467400508045397,3.300970873786424,-0.18761726078798668,2.898550724637672,0.0,10.856482982341277,1.7674679149480177,7.439122715736524,1.9818863881610138,-14.553990610328638,-0.3285870755750264,-4.479283314669658,-0.2339181286549752,-4.890219560878251,-0.20942408376963817,-1.9683042316706256,-1.153818623110836,4.438568009506416,1.1673743534316383,6.697989875511401,0.34781536112753475,-0.42464143407259236,-0.2221691976606932,-10.950413223140476,0.7794232268121482,-6.167846309403446,-0.42918454935623185,-2.0383693045563533,0.3685503685503688,-10.198675496688747,-0.2941176470588225,-7.790927021696259,-0.9533898305084776,-1.3013901212659107,-0.2828604260585066,-3.9992952783650337,0.9260974254491572,-0.23441569716965427,1.0819845179451004,2.4729960204661783,1.1125654450261813,-8.09998120654013,-0.3058103975535187,-4.491572513428421,-0.14523625096825032,-1.8997574777687931,-0.12345679012346622,-3.1261132882080545,0.5453873174338986,0.3957037874505298,0.6517427033153833,3.6897387557231376,1.3069029032541035,5.3243939168528875,0.8052003908146643,12.207881246291553,3.172396775002184,14.635384277574804,2.3365950545866543,6.9828916842814115,1.7553140494132036,-11.58843613650582,-1.6535676325109772,-20.47030240953732,-2.265572392867854,-11.093171397108303,-2.1727432147923165,-7.868020304568524,-0.5868544600938996,-11.088612319620317,-2.02613520902869,-8.675758884046413,-1.9964945996825856,-10.527047946760337,-2.4431477318335837,-12.063056888279643,-7.355864811133195,-12.82051282051282,-9.039145907473312,-25.468358202022113,-14.249862187420925,0.500417014178467,8.741679477210806,0.9640666082384008
2023-08-01,93.88212660029131,1.0892798926211311,-9.121623723964678,2.913756917963628,86.59809831234098,1.7096655925558537,-5.738409434084768,2.319130322357532,84.99027109792003,2.00234280421947,-8.603515367246784,1.8694249595192056,85.62232178533864,1.4552634499740202,-2.0208787871359712,1.23018890033455,102.67701145861584,-0.893685786960885,-19.12883769781406,4.6038889659986815,133.5,100.6,120.3,107.2,106.8,183.88335454545455,1.2706545454545455,91.2,85.4,95.9,1321.7560869565218,31.823913043478264,7.248621739130435,7.826347826086956,126.2,92.6,80.8,67.9,93.9,98.1026,-1.8974000000000049,,,68.61,-19.1,117.52,-7.9,111.55,117.45,109.76,98.16,103.36,96.61,110.94,108.17,117.54,1679.495379873518,40.43719976284586,9.21049416110672,9.944584439525691,0.6542190852313539,71.77403199496322,67.20945539879231,84.8,2.904503790787075,2.71433236336134,2.675012133243405,4.05300077942321,1.9862490450725634,-3.3621517771373677,0.29910269192421346,0.5852842809364489,1.7766497461928932,3.7754114230396985,0.7518796992481258,2.396931927133261,0.28169014084507005,13.494330619234685,1.1883002920978658,5.900715238210696,-1.3565436216236293,-14.28571428571429,0.219780219780219,-3.7204058624577208,0.11723329425556983,-3.423967774420933,0.6295907660021083,0.1776482807890778,3.0783042093672552,5.762422876298645,1.9980867084766762,6.586747101951462,0.8675807581874473,-0.256664295070852,0.1369410469251875,-13.26460481099656,-2.3975251353441696,-5.316973415132931,-0.21551724137931494,-2.6506024096385583,-1.101591187270512,-8.490566037735848,0.1474926253687503,-6.287425149700598,0.42780748663102663,2.8019178903206488,4.175161776438263,-0.6147540983606592,2.3582308680491826,0.9627783031032511,2.2104255504307835,3.3618984838497123,1.4886731391585695,-6.022020105313553,0.36809815950920033,-4.517321016166287,0.2230194899641269,-2.266059686393518,-0.4841367943963726,0.09925110529640513,1.9950353957892908,1.2164311780668013,1.510885885885882,3.934919090989486,1.7662337662337713,6.088846038174722,1.6800020483372924,12.003162279261236,0.6144381690547096,12.876127530109427,-0.5007319748738026,5.62890591396954,-1.2214602397358942,-11.374177254375073,0.5814401985176687,-19.061655512446794,1.5980014278467625,-9.085038830027624,1.4940442782398922,-6.539309331374,0.11806375442737771,-9.857207378333332,1.5862409117610499,-7.715196267285707,0.8688961405667772,-9.630737991396622,0.8909732371858547,-10.950413223140476,-6.167846309403446,-10.198675496688747,-7.868020304568524,-23.74316149042741,-13.08826574172527,0.500417014178467,8.741679477210806,0.9640666082384008
2023-09-01,94.7765826002752,0.9527436503351528,-8.047887431935607,3.114548739373091,85.88550847649626,-0.8228700742071271,-16.011654166674738,0.8955888709602844,83.724035190586,-1.4898598286328113,-23.90505543746665,-0.6920498979633538,85.5801640292227,-0.0492368756615069,-5.916782577716728,0.9985176216372292,109.28769773327004,6.438331405193498,20.809681183949348,10.005319245458,136.0,101.2,122.3,107.1,106.6,183.0645714285714,1.2389142857142856,91.3,85.5,95.9,1334.2369999999999,32.0435,7.29794,7.82852,125.2,92.8,80.5,68.1,92.7,98.2,-1.7999999999999972,114.8,119.0,69.23,-20.5,119.56,-8.9,112.72,118.05,110.19,98.54,103.2,96.35,112.22,109.06,118.34,1653.0052798285712,39.69914991428571,9.041522122285713,9.698865264,0.6680702827729794,73.6935565702689,69.01203819012039,84.53333333333332,2.973615310526329,2.7756261843870917,2.747162098822545,3.0303030303030276,1.8726591760299671,-1.8428709990300551,0.5964214711729809,-0.32599837000815146,1.6625103906899419,3.678606001936102,-0.093283582089565,2.401536983669539,-0.1872659176029967,12.927049213627285,-0.44527310202008286,9.383526800166475,-2.497945633909926,-12.54789272030652,0.10964912280702066,-2.1739130434782705,0.11709601873535203,-2.4415055951169773,0.0,-4.449804135407964,0.9442674913051841,2.4455355103905063,0.690006147960931,3.966452705315393,0.6803812178986846,-0.2654630497492927,0.027754630401211067,-11.95499296765119,-0.7923930269413626,-3.53430353430354,0.2159827213823018,-0.1240694789081842,-0.3712871287128716,-6.198347107438018,0.2945508100147043,-5.40816326530612,-1.2779552715655007,0.9036583588398317,1.7358747447242973,-1.416827007171595,1.048857014791582,-0.881612090680095,0.5108556832694733,0.962067069818584,0.391763848396498,-3.8258832715205804,0.3871230643846868,-3.2983508245877036,-0.1547987616099089,-1.502760171744022,-0.2691232791636522,0.1606569082470477,1.1537768162970918,-0.256081946222797,0.8227789590459444,1.867952139106488,0.6806193636208935,4.516174101157588,-1.5772654311762224,12.058539790582067,-1.8251754643957119,13.722172658101051,-1.834559968937688,9.093153953999412,-2.4708842990870172,-11.735937205411506,2.1172108631968944,-20.050020475697107,2.6743998100042354,-10.56597842631195,2.682037491052891,-4.947526236881583,-0.3144654088050425,-11.547671338074771,2.379460476466666,-9.902389181137705,2.2581545964344585,-10.989454047695734,2.6971827410614324,-13.26460481099656,-5.316973415132931,-8.490566037735848,-6.539309331374,-23.93521798544338,-13.649205159637201,-1.1419249592169556,-3.6231623481032815,-0.17271157167529916
2023-10-01,95.65097319441146,0.9225808423838576,12.524297281692643,3.222313009035571,86.78566256066497,1.0480861092125426,7.946215042961735,0.6493959976446417,85.51424969748696,2.138232471506885,10.947542604561145,-2.045571959194692,85.45811354807212,-0.1426153858608003,5.138926316205783,1.2933521550692273,109.87172778141404,0.5343968811287514,26.49001318462676,10.93719298732858,136.8,101.5,123.5,106.6,108.0,182.01181363636363,1.2167772727272728,91.4,85.4,95.6,1351.507142857143,32.30238095238095,7.307109523809523,7.824647619047619,125.5,92.9,80.0,68.1,93.6,97.1,-2.9000000000000057,,,71.69,-14.0,120.17,-9.5,113.66,119.59,111.13,98.5,103.64,96.34,112.39,110.16,119.12,1644.483175357143,39.304802997835495,8.891124797900433,9.520853389956711,0.6785273852978425,75.11645890224176,70.18540033097864,84.86666666666666,3.0426306934189644,2.827389823226436,2.8027109054856854,2.4719101123595655,0.588235294117645,-1.3605442176870763,0.29644268774702276,-0.6436041834271933,0.9811937857726827,2.303262955854124,-0.46685340802987696,3.44827586206895,1.3133208255159623,9.333365094692114,-0.5750745674012347,7.608663193487342,-1.7868074686256397,-11.605415860735013,0.10952902519167917,-2.511415525114147,-0.11695906432748204,-3.238866396761142,-0.31282586027112647,-5.228222917108061,1.2943834459052672,1.0744421051376962,0.8079047306971843,1.6261685034463458,0.1256453712900285,-0.31978573779268826,-0.04946504514750094,-11.055988660524452,0.23961661341853624,-2.6205450733752578,0.10775862068965747,0.5025125628140836,-0.6211180124223614,-4.2194092827004255,0.0,-3.5051546391752675,0.9708737864077666,3.553372815253497,0.5102040816326481,-2.126926720055111,0.8339247693399665,-0.7634221226454296,1.3045319779754427,0.4792043399638457,0.8530719666031361,-3.1655524970507276,-0.04059265272986501,-1.8095689246802382,0.426356589147292,-0.5676540406646668,-0.010378827192514262,-0.38113809608224525,0.15148814828016555,-0.4878048780487809,1.0086191087474772,0.08401949252228036,0.6591177961805084,1.9826424036118118,-0.5155521628044668,8.764855979613962,-0.99333843999595,9.358561381319497,-1.6634071382137905,7.264546035965225,-1.8353886686520826,-9.125274127873395,1.565269821830495,-17.85551319383477,1.930836830511895,-9.404520433828756,1.700228208918797,-3.377609108159396,0.39432176656153395,-8.760438301913709,2.3209250587433727,-7.617949350480568,1.8649355280806468,-8.507031774488805,2.0220432819362477,-11.95499296765119,-3.53430353430354,-6.198347107438018,-4.947526236881583,-15.671924189175323,-11.209512292846869,-1.1419249592169556,-3.6231623481032815,-0.17271157167529916
2023-11-01,93.08112775401436,-2.686690322715124,-3.36935653159548,0.496677194868611,85.13698956396584,-1.899706642841703,-6.580026919459669,0.2036369358722423,83.2224509177021,-2.6800197486293365,-8.064096453025883,-0.864299943216984,84.58163219764182,-1.0256268410807512,-4.77384576368488,0.1349976940471675,104.41812257033408,-4.963611040985649,6.957352272626416,1.6756877276925763,137.2,101.6,123.9,106.9,107.7,186.13139545454544,1.2429636363636363,91.2,85.1,95.1,1308.154,31.875,7.222589999999999,7.807055,126.4,92.8,80.1,68.3,92.9,96.5,-3.5,,,70.98,-10.5,116.45,-7.2,111.86,118.2,110.35,98.12,103.69,96.82,110.79,109.24,117.56,1625.9878527636363,39.619465909090906,8.977416730363634,9.703885472090908,0.665658792797571,73.37302341910099,68.46539794918304,84.66666666666667,2.9833819635836725,2.785247036222151,2.7572305050920507,4.892966360856255,0.29239766081869956,-0.6842619745845546,0.09852216748766907,2.2277227722772297,0.32388663967610754,2.5911708253358867,0.2814258911820078,2.279202279202286,-0.2777777777777768,11.586016980547843,2.263359578632751,5.835316884373487,2.152108214321724,-11.197663096397271,-0.2188183807439903,-2.6315789473684292,-0.3512880562061005,-3.549695740365111,-0.5230125523012608,-3.938639584664305,-3.207762762207278,1.4061654948620772,-1.3230633153976545,0.5766461779261878,-1.1566752015160775,-0.3026528093395986,-0.22483592749650283,-9.907341411261584,0.7171314741035939,-2.7253668763102867,-0.10764262648009781,-0.24906600249066102,0.12499999999999734,-3.1205673758865293,0.2936857562408246,-4.62012320328542,-0.7478632478632341,-0.9903752266703814,-3.095614546059744,-2.0318794885268887,-1.5836705965159181,-1.327322814926124,-1.1623045405134258,1.2292450233923446,-0.7018806802843502,-3.47270044269552,-0.38578680203045224,-2.7754336615096187,0.048243921265922474,-0.2678203543469371,0.4982354162341496,-0.8413138816790511,-1.4236142005516483,-0.1279941488389058,-0.8351488743645663,-0.835090679038375,-1.3096037609133693,1.666845199010658,-1.1246890737869664,7.323536591779489,0.8005711446327224,6.445612194083261,0.9705401107807932,5.515003324549483,1.9224335743608156,-8.386619095743853,-1.8965472549973494,-16.093852678099417,-2.3209766655929776,-8.000066594964805,-2.450655511950417,-3.53209266995822,-0.23566378633148588,-8.060542618540811,-1.9472862731400031,-5.678429692051312,-1.4905191586278788,-6.943053664883758,-1.622728919512062,-11.055988660524452,-2.6205450733752578,-4.2194092827004255,-3.377609108159396,-11.967367704972375,-9.343374507489644,-1.1419249592169556,-3.6231623481032815,-0.17271157167529916
2023-12-01,91.11244766378276,-2.1150152965853986,-14.590402608052976,0.5491116929808415,83.30494962318568,-2.15187305795409,-11.487693169363444,-0.7684822597367802,81.77687347338883,-1.7370041717982954,-8.983233318903295,2.918648155931569,82.27548110026754,-2.7265388920203137,-14.574158863336638,-4.47597353800766,102.4916381086435,-1.84497136538051,-22.648519734177796,4.221054715691741,133.6,101.0,120.4,107.8,108.2,182.28195789473685,1.2652684210526315,89.8,84.5,94.7,1304.3944999999999,31.2515,7.140210000000001,7.8098,126.7,92.8,80.8,68.3,93.0,96.1,-3.9000000000000057,113.8,117.2,71.02,-5.3,115.07,-2.3,109.32,115.57,108.67,97.89,103.49,97.33,109.05,107.56,115.23,1650.4091694447366,39.54153606052631,9.03428223268421,9.881493314736842,0.660515178740443,70.97308247469853,66.7842479856573,84.7,2.922749379869734,2.7482493303663924,2.7201775832723767,5.612648221343863,-2.6239067055393583,-0.7858546168958758,-0.5905511811023612,3.082191780821919,-2.824858757062143,3.256704980842895,0.8419083255378768,2.2684310018903586,0.46425255338904403,10.803227783919024,-2.068129103318661,3.8509805107425077,1.794484089192605,-12.730806608357636,-1.535087719298256,-3.6488027366020526,-0.7050528789659172,-2.672147995888996,-0.4206098843322681,0.8373495572582268,-0.28738971099734334,1.9545595774429048,-1.9560784313725543,2.417127486926729,-1.1405880715920302,0.3130390106058867,0.03516050546588101,-10.648801128349794,0.2373417721518889,-2.4185068349106165,0.0,-1.3431013431013494,0.8739076154806513,-3.1205673758865293,0.0,-4.810644831115662,0.10764262648008671,0.05635390250773309,-1.1850579647917692,-0.7625272331154731,-2.270695512247456,-0.4822182037371947,-2.2250423011844433,1.570240209365359,-1.5224286361576689,-2.664810579695731,-0.23440684875662976,-2.39554842968972,-0.19288263091908897,-0.3889059461672284,0.5267506713489079,-0.5743982494529676,-1.5705388572975987,0.48579970104634107,-1.5378982057854151,-0.4922279792746065,-1.9819666553249404,4.720576236257545,1.501937215557425,5.880809796583586,-0.19669585840306203,6.3611911061105975,0.6334283461326251,4.176074592637868,1.8302755443347696,-6.9682410499395715,-0.7727103003493663,-15.966904729787213,-3.270876451000504,-7.221677841133889,-2.45547388006645,-3.4941131788833957,0.03937007874015297,-6.009614029723897,-2.0323439792169995,-4.071152832604518,-1.3283455784927956,-5.095361572981972,-1.3438456360918893,-9.907341411261584,-2.7253668763102867,-3.1205673758865293,-3.53209266995822,-9.56887041344231,-9.647495481574275,3.839441535776622,-4.815803950849295,2.959641255605372
2024-01-01,93.4222411756615,2.5351020317247785,-8.999546963487614,1.305781037920517,84.87755848540948,1.8877736188992469,-8.508745935679585,0.5891301161410567,83.3671450906981,1.9446471230362803,-9.671300195610854,2.859427682291349,83.67405013314459,1.6998612638589703,-8.092710772720768,-1.8732855307493024,106.64081105858148,4.0483038680089845,-11.253764145826384,2.885729744258625,135.8,102.5,123.7,107.9,108.5,185.7030590909091,1.2700681818181818,89.8,84.3,94.4,1325.911904761905,31.211428571428574,7.170704761904762,7.816409523809524,125.8,93.0,81.1,69.3,93.3,97.0,-3.0,,,76.39,10.2,118.63,3.7,109.34,115.34,108.26,98.07,103.45,97.12,108.84,107.6,114.83,1683.9985221320349,39.64064233766234,9.10728395930736,9.927373032251083,0.6661171905598167,70.70486552260974,66.37438934917596,85.2,2.909640036039884,2.7310354629935656,2.714385884150264,9.604519774011312,1.646706586826352,1.6865079365079305,1.4851485148514865,9.275618374558302,2.740863787375414,2.9580152671755844,0.09276437847867136,2.5519848771266673,0.27726432532346745,16.464547374806294,1.8768183289691542,3.825541262040577,0.37934723460157915,-8.739837398373995,0.0,-2.655889145496537,-0.2366863905325478,-2.680412371134011,-0.31678986272438703,6.664256352467923,1.6496086699158141,2.7147864065574234,-0.12822241675256585,5.600546092681702,0.4270849443470448,-0.050770885691953094,0.08463115328847248,-13.77655928718301,-0.7103393843725381,-2.1052631578947323,0.21551724137931494,-2.5240384615384692,0.3712871287128605,-1.980198019801993,1.4641288433382194,-4.989816700611005,0.3225806451612856,7.5612503520135155,3.093769010167735,0.07321984257733227,0.018294914013905483,0.19110493398193373,-0.19901358484034626,1.7385584061648363,-0.37728904021349097,-2.3887727679904547,0.18387986515475685,-2.2765917249196965,-0.038651077398776934,-0.7663226729334838,-0.21576081372649547,-0.6843690117711465,-0.19257221458046647,1.2134324146364284,0.037188545927846484,-0.060922541340302505,-0.34713182330990966,10.744741491080333,2.0352136493884787,6.644182942757126,0.25063840965695583,9.64033855639741,0.8080523138743967,3.7728281151673926,0.46429943382968464,-6.172632927608934,0.8481276433429441,-12.102396489030943,-0.37791362969814557,-6.242616536116985,-0.613705550101229,-3.1451307313376087,0.5903187721369552,-6.05103610033656,-0.44852781152362464,-4.599992612091597,-0.6263575572501567,-5.092402021623366,-0.2129162139166363,-10.648801128349794,-2.4185068349106165,-3.1205673758865293,-3.4941131788833957,-0.4918892615088155,-11.528912371877986,3.839441535776622,-4.815803950849295,2.959641255605372
2024-02-01,90.7217556698702,-2.890623765612299,-9.7599683625057,-2.9538716909500273,82.42544156817476,-2.889005010265744,-12.143889687971932,-4.112197655739481,78.87595325438129,-5.387244377183231,-19.31060169751454,-5.392944942634625,85.17650148082738,1.7956001236847596,2.8430494320749844,-0.9667507647167506,103.62814870731114,-2.825055737446891,-2.9920254038984684,0.1968917669727954,137.7,102.8,125.5,107.7,108.9,188.86281428571428,1.2622333333333333,90.1,83.9,94.2,1331.3345,31.433,7.19349,7.821785,118.3,93.0,80.6,69.7,92.1,97.9,-2.0999999999999943,,,77.26,11.2,120.11,4.2,110.32,116.24,108.7,98.25,103.53,96.84,109.2,108.33,115.41,1680.4547837166665,39.675780366666665,9.079862860999999,9.872917753166666,0.6645034941083842,71.38141389600443,66.46948530382656,84.93333333333332,2.9297470377585375,2.7397066672776416,2.730381078805767,9.54653937947494,1.3991163475699286,2.594810379241519,0.29268292682926855,10.475352112676074,1.4551333872271588,2.0853080568720372,-0.1853568118628357,2.7358490566037785,0.36866359447005337,17.424526852433097,1.7015095013907855,4.438505476078181,-0.6168840852018187,-8.248472505091653,0.33407572383072903,-3.56321839080459,-0.47449584816131596,-2.9866117404737325,-0.21186440677966045,4.38396376179746,0.40897100468140213,3.983111343257595,0.7099047967777272,5.198094560769939,0.31775451439985947,-0.32273696452801426,0.0687716805791938,-15.07537688442212,-5.96184419713831,-2.208201892744477,0.0,-2.8915662650602525,-0.6165228113440224,-1.134751773049636,0.5772005772005873,-4.6583850931677055,-1.2861736334405127,1.1388925251996307,1.2475764983562287,1.7993909753621695,0.8962868117797562,2.2699278550061486,0.7803017166637671,3.444994290064707,0.40642896730094247,-2.287419194430629,0.1835423676965542,-1.830077754598891,0.07733204446591646,-0.6972928630024522,-0.2883031301482708,0.11918951132301459,0.330760749724357,2.7603870233352312,0.6784386617100457,1.6201461653605698,0.5050944875032659,9.01705170951228,-0.21043595756139455,8.598407434424548,0.0886414218644882,9.867317748579607,-0.3010897478313179,4.101443813706251,-0.5485366461752572,-5.917992540425587,-0.24225413700498244,-12.147797331393074,0.9568625417699872,-7.661660639825585,0.1432720595745618,-2.822273073989323,-0.3129890453834272,-5.827414718986301,0.6910477402565451,-4.745385559610183,0.31750610351177766,-5.375788235766265,0.5892748981971119,-13.77655928718301,-2.1052631578947323,-1.980198019801993,-3.1451307313376087,2.002391604117526,-10.892518351968516,3.839441535776622,-4.815803950849295,2.959641255605372
2024-03-01,93.98255950430388,3.5942909287376645,13.20828682735502,-1.7949125428693202,85.26799043310851,3.4486304360076048,9.764243062121423,-2.109039501794163,83.3924376101491,5.726059932615701,8.139576681645178,-2.2174746436464554,84.75553368287365,-0.4942299702794139,12.613518943448,-1.749896595124267,107.60543733713676,3.838038872101368,21.5019169463895,-1.4026564274392084,138.7,103.3,126.4,107.9,109.4,190.41337000000001,1.27163,89.6,83.8,94.3,1331.675238095238,31.69238095238095,7.201485714285714,7.822957142857142,127.1,93.0,81.0,70.1,92.5,97.5,-2.5,116.6,122.9,78.33,10.3,120.89,2.6,111.23,117.09,109.45,98.28,103.46,96.74,109.77,108.81,116.22,1693.3981830190476,40.30098239047619,9.157625278857143,9.947906991571427,0.6638189324625682,70.46074722993323,65.89967207442416,85.2,2.9053882326121747,2.7158146900623668,2.699934183880184,9.557661927330162,0.726216412490932,2.581926514399191,0.4863813229571967,10.200523103748903,0.7171314741035939,2.1780303030303205,0.18570102135562205,2.819548872180455,0.45913682277318735,17.431726820727622,0.8209957688865233,4.790651513414357,0.7444476721155668,-4.883227176220817,-0.5549389567147567,-2.6713124274099886,-0.11918951132301459,-2.4819027921406445,0.10615711252652815,1.9646887503898203,0.025593725336348072,3.7896031531320817,0.8251867539876834,4.506724925498418,0.1111520873138705,-0.3274366614312574,0.01498561846358104,-7.361516034985415,7.438715131022811,-1.4830508474576343,0.0,-2.29191797346201,0.496277915632759,-0.2844950213371278,0.5738880918220834,-4.343329886246128,0.43431053203040193,1.3849339891276014,0.6494047123470237,2.271055535123212,0.824873096446721,3.3359809372517812,0.7312456985547167,3.1768476621417907,0.6899724011039554,-1.3748118414450672,0.03053435114503955,-0.3467539973030287,-0.06761325219744041,-0.493725570870196,-0.10326311441554159,0.466776496430521,0.5219780219780201,2.447980416156681,0.4430905566325194,2.0458336991834303,0.7018455939693302,6.849461655158606,0.7702319293444004,8.761801347354359,1.57577750968394,9.513277924761576,0.8564272285559671,4.447528502606768,0.75954485066696,-6.157793905234755,-0.10301851711622678,-9.231623765977638,-1.289784855498266,-7.120829800231876,-0.8572553658236282,-2.2188217291507106,0.3139717425431954,-4.988718780754697,-0.8314303191513384,-5.13503235145566,-0.8720633307439218,-5.805182382951846,-1.1151152182354185,-15.07537688442212,-2.208201892744477,-1.134751773049636,-2.822273073989323,3.2293455590609366,-10.969699886999095,3.2599118942731264,-0.879436763140895,2.707581227436817
2024-04-01,89.82889180026216,-4.419615432852209,-14.520289841499546,-6.114008023506812,82.00447983074108,-3.827357236626338,-12.867776167309696,-6.023763401286509,78.59013581510109,-5.758677804213219,-21.024489865000863,-7.696539963993121,84.39180974332203,-0.4291447693699268,3.4756199628993123,-2.7209315128308043,101.63167273602411,-5.5515453019314815,-17.50596689824768,-6.298746269036936,141.8,104.2,129.3,107.7,110.2,192.62566666666666,1.2511857142857141,89.3,83.9,94.6,1367.8554545454544,32.335,7.237431818181818,7.830527272727273,123.7,92.8,80.5,71.1,91.2,98.0,-2.0,,,,,,,113.46,119.09,111.18,98.17,103.05,96.23,111.66,110.96,118.14,1711.4412039350646,40.45709007142857,9.055371299025973,9.797443858961039,0.6712501103175936,71.37229827706291,67.05639222223492,85.03333333333332,2.9436125976866347,2.7480968058678314,2.7426589456655384,11.653543307086633,2.2350396539293715,3.9920159680638667,0.871248789932233,13.421052631578956,2.2943037974683556,1.2218045112782017,-0.1853568118628357,4.257332071901598,0.7312614259597838,15.88198123228084,1.1618389331939483,0.4802547421570491,-1.6077228214406603,-1.7601760176017667,-0.33482142857143016,-1.1778563015312105,0.11933174224345588,-1.355578727841511,0.31813361611876534,3.4641815402402854,2.716894886621679,5.809977257481291,2.027676773747644,5.079688078178846,0.4991484441161598,-0.24329477233279162,0.09676813680417062,-9.443631039531475,-2.675059008654601,-1.4861995753715607,-0.21505376344086446,-3.59281437125748,-0.6172839506172867,1.716738197424883,1.4265335235378096,-5.295950155763229,-1.4054054054054022,,,4.542522804754445,2.004854805358258,5.538816022686999,1.7080877957126983,4.54160789844853,1.5806304248515257,-1.2374245472837053,-0.11192511192511523,-0.29992260061919573,-0.39628842064565184,-1.2417898193760157,-0.5271862724829379,2.0658135283363688,1.7217819076250418,4.2367308595584685,1.9759213307600332,4.051435617403554,1.6520392359318459,3.9610731785212794,1.0654919260542295,6.318134690935651,0.3873545300703718,5.584338263218136,-1.1165993007734354,0.23579153514272644,-1.5125104480557705,-2.1236507820564854,1.1194585588961692,-2.2297224121375914,1.2937005112293676,-1.6501859474213787,1.755274512602134,-2.0353302611367474,-0.19561815336465171,-0.7330063403709342,1.3156370857912325,-1.6709536878646847,1.188671521793827,-1.957712893880037,1.5824371586700359,-7.361516034985415,-1.4830508474576343,-0.2844950213371278,-2.2188217291507106,,-7.1832038614577876,3.2599118942731264,-0.879436763140895,2.707581227436817
2024-05-01,92.49594926800708,2.9690419355002273,8.055050464437574,-3.8044604343831168,84.21448293556578,2.694978505303846,8.968761851622297,-4.178685928294668,82.77909342570914,5.330131532618032,21.312116406992487,-4.767798470216245,82.74299449018726,-1.9537621697527816,-10.947576229398992,-3.854797428010947,105.2336839065193,3.544181723596118,6.342811312994634,-2.8081215969922857,144.0,105.0,132.0,107.5,109.7,197.0476619047619,1.263447619047619,89.2,83.6,94.4,1364.7240909090908,32.32863636363636,7.232713636363636,7.811886363636364,122.4,93.2,80.2,71.4,91.4,98.1,-1.9000000000000057,,,103.89,21.7,131.7,7.5,113.52,119.6,110.61,98.35,103.62,95.85,111.88,111.71,118.29,1724.257403316017,40.84553864069264,9.138154823116881,9.869909226406927,0.6698886894877186,70.60047338348586,66.16815666882755,85.33333333333333,2.928104365377317,2.7080068884145905,2.734937614183111,11.54144074360961,1.5514809590973178,5.000000000000004,0.7677543186180413,13.891285591026747,2.088167053364254,1.0338345864661536,-0.18570102135562205,2.8116213683224034,-0.45372050816696596,15.215197795654746,2.2956417566862397,1.2974483407791393,0.980022759363508,-2.300109529025185,-0.11198208286673506,-1.762632197414804,-0.35756853396902155,-0.8403361344537785,-0.21141649048624922,2.8056235053703915,-0.22892503926185137,5.205313295071301,-0.01968033512799172,3.541042661306526,-0.0651913819254113,-0.32409176877663537,-0.23805432816551564,-6.564885496183203,-1.0509296685529468,-0.42735042735041473,0.4310344827586299,-2.9055690072639084,-0.3726708074534124,3.6284470246734424,0.42194092827005925,-4.293193717277477,0.21929824561404132,,,5.062471078204545,0.052882072977267214,5.588417056590456,0.4282475438743827,3.5480247144729526,-0.5126821370750156,-0.11172049563273889,0.18335540389120553,0.39724832865033477,0.553129548762743,-1.5509449465899827,-0.39488724929857,2.7742054014330275,0.1970266881604843,5.486307837582616,0.6759192501802458,3.927253558249877,0.12696800406297726,4.139473361768453,0.7488542026149902,6.570297886829701,0.9601495524721448,4.884434201341081,0.9141924870580631,0.9691516487259078,0.7396354446023157,-1.149077751857086,-0.20281871227266768,-3.5514792610585877,-1.081406809377039,-3.020886101592002,-1.3246098156662334,-0.7751937984496138,0.3528028224225821,-0.9213456748351723,-0.5268435228706903,-2.835943252749673,-1.4588247898560058,-1.017159631474629,-0.2815272199494623,-9.443631039531475,-1.4861995753715607,1.716738197424883,-2.0353302611367474,16.862507626890256,-6.468485293363324,3.2599118942731264,-0.879436763140895,2.707581227436817
2024-06-01,89.44539362394977,-3.298042420450553,-17.95675203800231,-7.583958471791419,82.87026452831547,-1.5961843621112082,-10.78234801016742,-7.629436946869672,80.88133412972196,-2.2925586853525193,-11.511557653845584,-9.772877753063236,82.49337983560943,-0.3016746687931726,-10.25626539509964,-5.065509683283709,97.76011462711536,-7.101879362165853,-31.874462659009065,-6.218784029053137,145.1,105.1,133.1,107.4,109.3,200.693535,1.271025,89.3,83.7,94.3,1379.0526315789473,32.37684210526316,7.254747368421053,7.810031578947369,119.8,92.9,79.9,71.1,91.4,97.9,-2.0999999999999943,119.1,127.5,104.74,26.1,132.96,12.2,113.21,119.12,110.75,97.9,103.01,95.8,112.06,112.3,118.41,1752.8103710526316,41.151775736842104,9.22096527394737,9.92674538763158,0.6632002371177527,70.25825613186207,65.85236325013277,85.13333333333334,2.894650300432965,2.691256890303483,2.728922336623757,11.017597551644997,0.7638888888888751,4.785643070787637,0.09523809523808158,12.701100762066053,0.8333333333333304,0.7504690431519911,-0.09302325581395099,2.6291079812206464,-0.3646308113035568,12.390663378279832,1.8502493559148459,0.6277867144569127,0.5997384330102218,-2.190580503833517,0.11210762331836932,-2.1052631578947323,0.11961722488038617,-1.2565445026178068,-0.10593220338983578,6.305732351175797,1.0499221612122245,4.9816543210879916,0.1491115835650092,1.3039508532503463,0.3046399064749128,-0.29383250580887754,-0.023743108932428036,-6.625097427903359,-2.1241830065359513,-0.32188841201716833,-0.32188841201716833,-1.8427518427518441,-0.37406483790523026,4.5588235294117485,-0.42016806722691147,-3.177966101694918,0.0,0.8181730676677157,0.9567198177676595,4.843489535099077,-0.2730796335447483,4.785362420830408,-0.4013377926421313,3.5433807030665676,0.1265708344634353,-0.20387359836899765,-0.4575495678698416,-0.2614252517428306,-0.5886894421926248,-1.440329218107006,-0.052164840897228615,3.586614901090779,0.16088666428317744,6.073486351185409,0.5281532539611611,3.859310586790632,0.10144559979710088,6.97310561558262,1.655957380939932,5.640715199532864,0.7497442960499479,1.939923597927029,0.9062053820865668,0.3321095672138119,0.5758529275283308,0.27621278712568476,-0.998442349441786,-2.800784266763101,-0.4847237351581879,-2.7159991902703684,-0.4772589030631935,-0.07824726134584292,-0.23437499999998668,-0.8096809805640648,-1.1425161391076633,-1.9853467410788306,-0.618536023034777,0.4096632163414826,-0.21994203919530886,-6.564885496183203,-0.42735042735041473,3.6284470246734424,-0.7751937984496138,17.880096379693413,-3.9630435803163278,1.9917012448132931,-2.351254541874759,1.215277777777768
2024-07-01,88.59477870958955,-0.9509879490680272,-5.383180977925461,-4.603967695265876,81.17688057977304,-2.0434156427289185,-3.976148533744928,-4.657567099958603,78.21844841279264,-3.292336539180274,-1.878398055984698,-6.124961297939802,82.456871244116,-0.0442563895020176,-8.8605913327916,-2.2955297065436864,99.66326119485028,1.9467515714297832,-7.525054929704589,-3.802629827670178,145.2,105.6,133.8,107.5,109.7,202.76008260869565,1.2862913043478261,89.4,83.9,94.8,1382.0472727272727,32.645,7.260936363636364,7.809449999999999,119.7,92.8,80.0,71.4,91.6,97.4,-2.5999999999999943,,,107.07,30.7,133.81,12.9,114.3,120.15,111.59,97.99,103.01,95.7,112.75,113.51,119.1,1777.7153891067194,41.990979630434786,9.33967930596838,10.045227626739129,0.6598932012580557,69.50214130952824,65.2262825041322,85.26666666666667,2.8613288153181373,2.6574755097906864,2.7031996157033857,10.924369747899142,0.0689179875947632,5.284147557328023,0.4757373929590969,13.197969543147225,0.5259203606311269,1.0338345864661536,0.09310986964616852,3.0046948356807546,0.36596523330283404,11.575885576895061,1.029703128551529,-0.14263072192456372,1.2011018152928488,-1.758241758241752,0.11198208286675726,-1.6412661195779554,0.2389486260454099,-0.5246589716684125,0.5302226935312904,7.780165051431509,0.21715205640098212,4.629733497860622,0.8282398075297515,1.038943870591691,0.08530958972121638,-0.07926409144737301,-0.007446563326807265,-7.424593967517412,-0.08347245409014992,0.0,-0.10764262648009781,-2.0807833537331732,0.12515644555692873,5.3097345132743445,0.42194092827005925,-2.032085561497332,0.2188183807439792,2.2245560435363743,0.6392900120336886,4.881629656817754,0.9628124723964238,4.560090505613101,0.8646742780389571,3.18076745261211,0.7584650112866909,0.19427402862985943,0.09193054136873435,-0.11635799476388264,0.0,-1.4215080346106301,-0.10438413361169019,3.659097177530568,0.6157415670176691,6.522147147147139,1.0774710596616277,3.116883116883118,0.5827210539650407,7.626437423927168,1.4208620889851975,4.480499353624889,2.0392896261858473,0.8948312955241233,1.2874360600448442,-0.22178175842608727,1.1935658111587477,1.4537943910239104,-0.49864817209192003,-1.6179186854183514,-1.0761935521353294,-1.500775965247103,-0.9507339070315091,0.669027941755207,0.1566170712607562,0.07617799731107766,-1.15114026415708,-1.2439947253828576,-1.255226902883555,1.9540945977029711,-0.9425962980022295,-6.625097427903359,-0.32188841201716833,4.5588235294117485,-0.07824726134584292,21.438563914541664,-3.4638358086824583,1.9917012448132931,-2.351254541874759,1.215277777777768
2024-08-01,90.02571176481071,1.61514377716514,-10.262203878509755,-4.107719941091171,82.62303587743963,1.7814866589329623,-7.347434724192848,-4.590242178949633,80.10530034850018,2.4122850478314417,-12.30752064400784,-5.747682277412336,83.37245056184717,1.1103735855082064,3.0778451993782596,-2.62766901968865,100.5071455170632,0.8467356095874345,-16.79131482962104,-2.1132928498091452,137.6,105.1,127.1,107.4,110.2,189.20250000000001,1.2932857142857141,89.7,84.1,94.8,1351.4436363636364,32.2359090909091,7.1474863636363635,7.796231818181818,120.7,93.1,82.0,71.4,92.4,97.6,-2.4000000000000057,,,,,,,113.09,119.5,110.84,98.16,103.73,96.23,112.73,112.43,118.41,1747.8027485714285,41.690240714285714,9.243742007142856,10.082755235714284,0.6717670221059446,69.35822379321773,65.02816745830111,85.63333333333333,2.866378268692791,2.658655793321414,2.6967942154738958,3.0711610486891416,-5.234159779614322,4.473161033797224,-0.47348484848485084,5.652535328345798,-5.007473841554566,0.1865671641791078,-0.09302325581395099,3.183520599250933,0.45578851412944044,2.8926737102952904,-6.686514640487829,1.7810638550128433,0.543765624026693,-1.6447368421052655,0.3355704697986628,-1.5222482435597318,0.23837902264598476,-1.147028154327434,0.0,2.2460686733414725,-2.2143697229143555,1.2946115296002647,-1.2531502805664174,-1.3952359377246815,-1.5624706555503187,-0.3848028298046646,-0.16925880591054376,-4.358161648177495,0.8354218880534781,0.5399568034557323,0.3232758620689724,1.4851485148514865,2.499999999999991,5.154639175257736,0.0,-1.5974440894568676,0.8733624454148492,,,1.3805468399820775,-1.0586176727908958,1.7454235845040467,-0.5409904286308831,0.9839650145772483,-0.6721032350569089,0.0,0.173487090519453,0.357972136222906,0.6989612658965028,-0.3933340233930216,0.5538140020898696,1.613484766540485,-0.017738359201768805,3.938245354534531,-0.9514580213197066,0.7401735579377178,-0.5793450881612094,4.067136445653974,-1.6826450802297166,3.0987332426296366,-0.7161988569828415,0.3609778743091985,-1.0272012098340055,1.3894074410934598,0.3735864469139649,2.682272234290628,1.7993549297449896,-3.3658527110682845,-0.20706918319188805,-3.2455075369207664,-0.30373499489034783,0.9827044025157106,0.43002345582485724,-1.312634613017749,0.17647232109856414,-2.051206801033678,0.044413712426671914,0.8142797544652858,-0.23695624223530887,-7.424593967517412,0.0,5.3097345132743445,0.669027941755207,,-2.751047202596024,1.9917012448132931,-2.351254541874759,1.215277777777768
2024-09-01,90.94528519903672,1.0214564441638263,6.878127998962547,-4.042451517161327,83.34379619266153,0.8723478961618403,2.3053184855913234,-2.9594192651607787,81.18077898940265,1.342581122876485,1.4891540132646377,-3.0376655824029153,83.17841843460506,-0.2327293079842696,3.3632708369260467,-2.80642789349822,102.07613205026873,1.5610696385155445,18.86390988096387,-6.598698510972412,135.1,105.0,125.4,107.5,110.6,189.2691904761905,1.3217809523809525,89.7,84.1,95.4,1330.6985,31.956,7.0760000000000005,7.79104,122.7,93.2,82.4,71.0,92.9,97.2,-2.799999999999997,118.6,126.3,102.84,21.7,127.09,1.2,111.82,118.89,110.23,97.91,104.1,96.54,111.72,111.64,117.54,1758.8919306619048,42.23883211428572,9.35292201904762,10.298048271238097,0.66254840359649,67.86298428527166,63.6262762362469,85.7,2.8147085051575056,2.60968389707723,2.6430655018570435,-0.6617647058823617,-1.8168604651162767,3.754940711462451,-0.09514747859181716,2.5347506132461284,-1.337529504327295,0.37348272642390157,0.09310986964616852,3.7523452157598447,0.3629764065335772,3.389306297335648,0.03524820030944564,6.688652122442096,2.2033211826650634,-1.7524644030668113,0.0,-1.6374269005848041,0.0,-0.5213764337851923,0.6329113924050667,-0.26520775544374153,-1.5350352619555752,-0.2730663004977707,-0.8683145560428263,-3.0411321551012893,-1.000160895724933,-0.47876226924119525,-0.06659394311121503,-1.9968051118210872,1.6570008285004212,0.4310344827586299,0.10741138560688146,2.360248447204971,0.4878048780487809,4.2584434654919345,-0.5602240896358635,0.21574973031284195,0.5411255411255311,,,-0.79843860894252,-1.1229993810239702,0.7115628970775223,-0.5104602510460299,0.03630093474906726,-0.5503428365211116,-0.6393342804952407,-0.25468622656886764,0.8720930232558155,0.35669526655739414,0.19719771665802632,0.3221448612698685,-0.4455533772946052,-0.8959460658209961,2.3656702732440804,-0.7026594325358015,-0.676018252492816,-0.7347352419559083,6.405705542834972,0.6344641636214288,6.397321367040409,1.315874868076805,3.444109216902347,1.1811235300638767,6.177867110517843,2.135259961098912,-0.8265416557026839,-1.3722939957003022,-7.911915988798313,-2.1558215106602607,-7.804090554515031,-2.1558215106602274,1.3801261829653244,0.07785130400934648,-5.343892493635871,-1.8026149618713627,-5.978553172732259,-1.8419795585123189,-3.7892411594539044,-1.9923178902032324,-4.358161648177495,0.5399568034557323,5.154639175257736,0.9827044025157106,14.373566134579253,-6.036215367092246,5.198019801980203,4.849803573109002,3.0276816608996615
2024-10-01,90.4164626892872,-0.5814732545971868,8.4819638661352,-5.472511497070798,81.46805212357991,-2.2506103090691454,1.4424889760758397,-6.12729139835505,78.21584161404213,-3.6522652434113345,-0.0133301976221522,-8.534727380832418,83.37331720926497,0.2343141145598082,4.5203650347298785,-2.4395534282820375,105.51236836252956,3.366346513373575,25.624142223749867,-3.9676807736720887,138.5,103.5,126.6,108.2,111.4,195.52482173913043,1.304578260869565,90.3,84.3,95.7,1362.3690909090908,32.09045454545455,7.088118181818182,7.770727272727272,122.2,92.9,80.6,70.4,91.9,97.1,-2.9000000000000057,,,102.38,16.4,128.92,2.0,111.98,119.35,110.17,97.71,104.15,96.15,111.49,111.21,117.79,1777.317099280632,41.86450938142293,9.247004890474308,10.137521871146243,0.6474881238808131,69.21777152703022,64.61858405015114,85.06666666666668,2.8508634584157027,2.6315846435999832,2.656426687979977,1.242690058479523,2.516654330125845,1.9704433497536922,-1.4285714285714235,2.510121457489878,0.956937799043045,1.5009380863039379,0.6511627906976791,3.1481481481481444,0.7233273056058032,7.424247818201546,3.305150324361361,7.215863585740401,-1.3014782426997384,-1.2035010940919078,0.6688963210702337,-1.2880562060890055,0.23781212841855748,0.10460251046024993,0.3144654088050203,0.8036915016953028,2.3799974907231736,-0.6560705455081361,0.4207489843990109,-2.9969626331421306,0.17125751580244764,-0.6891089406900419,-0.26071907309842546,-2.6294820717131406,-0.4074979625101838,0.0,-0.32188841201716833,0.749999999999984,-2.184466019417486,3.377386196769483,-0.845070422535199,-1.8162393162392987,-1.076426264800856,-0.44729677168418025,1.439924462978981,-1.4780925567481895,0.1430871042747306,-0.2006856760598752,0.38691227184792787,-0.8638531449653541,-0.05443164292842084,-0.8020304568527981,-0.2042692268409807,0.4920879969124048,0.048030739673410316,-0.19721818559268467,-0.403977625854568,-0.8007829878103112,-0.2058718224131839,0.9531590413943247,-0.3851666069509152,-1.116521155137673,0.21269355113153754,8.07754836984822,1.0475440985048712,6.512451884642179,-0.8862052147890598,4.002644217275098,-1.132449606204422,6.477029483933006,-1.5588041137872266,-4.574503857851598,-2.2730836922896014,-7.85272290709047,1.996356712023628,-7.931587273956742,1.559588070532003,0.2356637863315303,-0.739012057565136,-6.30267864641093,1.2845007997079883,-6.925298309343586,0.8392107008546645,-5.219383034453862,0.5055185394968742,-1.9968051118210872,0.4310344827586299,4.2584434654919345,1.3801261829653244,7.700444500898396,-6.636989154674355,5.198019801980203,4.849803573109002,3.0276816608996615
2024-11-01,90.25413075555456,-0.1795380275940172,1.0187747325687724,-3.037132302404766,79.13583750702804,-2.8627352143071993,-15.84339296393984,-7.048818718717975,76.37161083898191,-2.35787372097922,-17.38045648473614,-8.231961451718028,80.22098682290768,-3.780982323691184,-14.284032252876456,-5.155546495655972,111.48156420484383,5.657342295459378,51.36464942820125,6.764574444203353,141.2,104.7,130.0,108.2,110.7,195.81594285714286,1.2749857142857142,93.0,85.2,95.6,1395.02,32.35526315789474,7.206284210526316,7.779752631578948,120.4,92.4,79.8,69.8,90.2,97.5,-2.5,,,103.72,20.0,130.59,7.0,112.39,119.78,110.9,97.22,103.61,95.96,111.99,111.16,118.46,1778.630571142857,41.252498308270674,9.187909421503758,9.91907346593985,0.6638887421686662,72.94199374782912,66.82427814317248,84.13333333333333,2.9035817201884577,2.6883220301294037,2.6946246787122137,2.9154518950437414,1.949458483754496,3.0511811023622215,1.1594202898550732,4.923325262308298,2.6856240126382325,1.2160898035547207,0.0,2.785515320334264,-0.6283662477558405,5.203070325103987,0.14889215365241348,2.5762682821325544,-2.2683611609568,1.9736842105263053,2.9900332225913706,0.1175088131609936,1.067615658362997,0.525762355415349,-0.10449320794149175,6.640349683599944,2.3966272656055,1.5067079463364497,0.82519433330277,-0.22576097319221278,1.6671001481217251,-0.3497140524954978,0.1161456133372818,-4.746835443037978,-1.4729950900163602,-0.4310344827586077,-0.5382131324004336,-0.3745318352059934,-0.992555831265507,2.196193265007329,-0.8522727272727404,-2.90635091496233,-1.8498367791077275,1.3088493846454385,1.2953769779708413,0.4738065438941508,0.36613681014465715,1.3367174280879857,0.3602848764139077,0.49841413683735514,0.6626123264046546,-0.9172441907867923,-0.5014839832156337,-0.07715305236762893,-0.5184829572731697,-0.8882462301177396,-0.19760790431618824,1.0831302464121118,0.4484707148623146,1.7575979494690586,-0.044959985612802456,0.7655665192242145,0.5688088971899097,9.387691188453772,0.07390194258281024,4.121793067394841,-1.4618852154131057,2.3446911005945648,-0.6390768651093448,2.217544657424475,-2.1548501496026162,-0.2659095993407967,2.532960479576629,-0.5874497890183239,5.380442245738215,-2.3970061595620207,3.41340517661215,-0.6299212598425363,-1.0971786833856023,-2.674824892329841,1.8492033217912152,-3.479942885935683,2.1560160212747093,-2.2706054595078906,1.4379463549691662,-2.6294820717131406,0.0,3.377386196769483,0.2356637863315303,9.701556634249897,-4.7337004474738436,5.198019801980203,4.849803573109002,3.0276816608996615
2024-12-01,89.03650995556845,-1.3491025726943495,-8.134645336268854,-2.278434792877937,80.12077320270991,1.2446139785838417,-14.594190217102376,-3.822313601867344,78.105130407692,2.269848114589279,-14.314883827335125,-4.489952855548651,79.79459289149737,-0.5315241663027548,-15.306277857791573,-3.0153433022734433,104.12677844104454,-6.597311238192816,8.281162065515346,1.5953890118018732,140.0,103.8,128.5,107.8,111.0,194.33143,1.264715,93.1,84.8,94.9,1439.9966666666667,32.574285714285715,7.280695238095238,7.7733857142857135,118.2,92.2,79.9,69.3,89.8,98.1,-1.9000000000000057,118.4,125.9,105.39,20.5,133.75,10.7,112.94,120.75,111.33,97.06,103.78,95.71,112.44,111.29,119.88,1821.1853842833334,41.197187757142856,9.20800447804762,9.831117513642857,0.6612414677337577,73.613422786952,67.05067940207873,83.76666666666667,2.93102530958716,2.7023689251870686,2.7013979851259218,4.790419161676662,-0.8498583569405027,2.7722772277227747,-0.8595988538682042,6.727574750830567,-1.1538461538461497,0.0,-0.3696857670979714,2.5878003696857554,0.27100271002709064,6.610348190478299,-0.7581164411244457,-0.043739418721211454,-0.8055552443164471,3.674832962138086,0.10752688172042113,0.35502958579880506,-0.46948356807512415,0.21119324181626542,-0.7322175732217495,10.395794114945044,3.224087587752633,4.232711115580745,0.6769302271538935,1.9675224971707816,1.032585246363582,-0.46626399798057605,-0.08183958532806956,-6.708760852407258,-1.82724252491695,-0.6465517241379226,-0.21645021645021467,-1.1138613861386037,0.12531328320803947,1.4641288433382194,-0.7163323782234943,-3.440860215053765,-0.44345898004435336,1.610104126494405,2.419787119993866,3.3113794365166482,0.48936738143963154,4.48213204118717,0.8098179996660626,2.447777675531415,0.38773669972946845,-0.8478904893247541,-0.16457519029006162,0.2802203111411883,0.16407682656114364,-1.6644405630329873,-0.26052521884117885,3.1086657496561143,0.4018215912135137,3.4678319077724007,0.11694854264123755,4.035407445977612,1.1987168664528092,10.347507636306496,2.392560536791688,4.18712033362143,-0.13407806410776768,1.9229224955461088,0.21871195744302963,-0.509799475539352,-0.8867355665729826,0.10995795656048024,-0.3987527226717136,3.720199574528471,0.9204972398260791,0.3989435000880004,0.33880090469691204,-1.1019283746556474,-0.4358161648177372,0.2831556401799551,0.9451633204565324,-1.6694411483112126,0.5225153422928619,-0.6903813288492322,0.25136363023829933,-4.746835443037978,-0.4310344827586077,2.196193265007329,-0.6299212598425363,9.200472743938203,-3.750797565398667,6.1344537815126055,-0.04088736210914323,3.310104529616731
2025-01-01,92.73342171821496,4.15213013682969,10.650935478240807,-0.7373184894497897,82.3234554331568,2.749202413304186,4.266557333071441,-3.009161782960257,79.33170695134062,1.5704173813501754,5.829880277013433,-4.840561752435191,83.76382627528606,4.974313722216683,1.8867488638320216,0.1072926934917228,111.730537687988,7.302405164919823,25.740177537215935,4.772775618342351,141.7,102.9,128.5,108.0,110.6,193.10714545454547,1.234790909090909,92.3,84.4,94.8,1452.1919047619047,32.87714285714286,7.2957,7.785200000000001,117.8,92.1,78.8,68.8,88.8,98.2,-1.7999999999999972,,,104.25,11.4,135.12,8.5,114.04,121.92,112.43,97.11,103.83,95.77,113.01,112.14,120.65,1793.1533622554111,40.59639711688312,9.008664035454546,9.613094185454546,0.6654336881089,74.74949752258388,68.35165320591635,83.23333333333333,3.0032221738538527,2.769457586994658,2.7623140959315213,4.344624447717216,1.214285714285701,0.39024390243902474,-0.8670520231213841,3.880355699272431,0.0,0.0926784059314123,0.18552875695732052,1.9354838709677358,-0.3603603603603678,3.9870567560288617,-0.6299982177121466,-2.7775888910759994,-2.366073851349193,2.7839643652561197,-0.8592910848549962,0.11862396204034287,-0.4716981132075415,0.4237288135593209,-0.10537407797682752,9.524011327334447,0.8468934947931439,5.336872940314885,0.9297430049995503,1.7431374215724382,0.20608968531261596,-0.3992820963954924,0.15198378349572383,-6.3593004769475385,-0.33840947546531774,-0.967741935483879,-0.10845986984816536,-2.83600493218249,-1.3767209011264159,-0.721500721500723,-0.721500721500723,-4.8231511254019255,-1.1135857461024523,-1.0816965556504465,1.0242990654205641,4.298518383025418,0.9739684788383274,5.7048725507196085,0.9689440993788878,3.8518381673748436,0.9880535345369701,-0.978892627714889,0.05151452709664106,0.36732721121313094,0.04817883985352989,-1.3900329489291652,0.06268937415108145,3.8313120176405757,0.5069370330843093,4.219330855018599,0.7637703297690646,5.068361926325871,0.642308975642325,6.481884555645578,-1.5392184820851362,2.4110476593178776,-1.4583292524756652,-1.0828686608813531,-2.164860400191082,-3.1657805723179555,-2.2176861164130646,-0.10260994020319103,0.633992358269686,5.720443664065478,1.5432983450855753,2.978956004157851,1.9402842975477563,-2.308294209702666,-0.6366892160764026,3.2162788748719917,2.463194842792471,1.4068701971001296,2.4825870806276074,1.7657110605060922,2.254984683523409,-6.708760852407258,-0.6465517241379226,1.4641288433382194,-1.1019283746556474,4.618734411846659,-0.7249819413586711,6.1344537815126055,-0.04088736210914323,3.310104529616731
2025-02-01,91.6233682542422,-1.1970371020556425,6.20786082209257,0.99382179909846,82.84665904723799,0.6355462259550304,20.11774919284244,0.5110284774329621,80.05134485244601,0.9071251946548786,20.71096618394852,1.4901773602329582,84.05294156019048,0.3451552988449347,20.52015098361679,-1.3190961134859625,105.41027200942112,-5.656703896133097,-20.068213203737816,1.7197289774455449,139.8,103.1,126.5,107.9,111.6,190.06883,1.25449,92.1,84.5,96.4,1444.7931578947369,32.811052631578946,7.273431578947369,7.781915789473684,119.2,92.3,79.7,69.1,89.4,98.2,-1.7999999999999972,,,103.83,8.8,134.56,6.3,113.99,121.84,112.3,97.28,103.98,95.86,113.24,112.27,121.05,1812.4785686473685,41.161137415789476,9.124447181473686,9.762335538736844,0.6655483700299518,73.41628869102183,67.35804988481374,83.6,2.9600736920661963,2.728301671200212,2.7275728283673,1.5250544662309462,-1.3408609738884802,0.29182879377431803,0.19436345966956647,0.7968127490039834,-1.5564202334630295,0.18570102135562205,-0.09259259259258856,2.4793388429751984,0.9041591320072317,0.6385670566473989,-1.5733832362307187,-0.6134629096574806,1.5953381875474015,2.219755826859049,-0.21668472372697867,0.7151370679380209,0.11848341232227888,2.3354564755838636,1.6877637130801704,8.522175147923905,-0.5094882324372163,4.3840951597968525,-0.2010218036618494,1.1113045120987097,-0.30522665477790145,-0.5097201025893172,-0.04218530707388313,0.7607776838546076,1.1884550084889645,-0.7526881720430145,0.21715526601520097,-1.1166253101736912,1.1421319796954377,-0.8608321377331585,0.43604651162789665,-2.931596091205202,0.6756756756756799,-0.40287769784173033,-0.414446417998815,3.326686004350976,-0.04384426517012319,4.817618719889882,-0.06561679790025865,3.3118675252989727,-0.11562750155653667,-0.987277353689564,0.17505921120379853,0.4346566212692027,0.14446691707599157,-1.0119785212722054,0.09397514879398994,3.6996336996336865,0.20352181222900168,3.637034985691856,0.1159265204208948,4.8869248765271545,0.33153750518026825,7.856431854637869,1.0777218947770617,3.7437374524099454,1.3911094062864393,0.4910241614461741,1.2852421353872545,-1.1200560684743288,1.5524798821602293,0.1572415993041032,0.017234162186419155,2.850706765184019,-1.7835689546397915,1.3368007543997473,-1.4536639195972034,-1.5698587127158548,0.4405286343612147,1.0351287642519802,-1.4367395846803577,-0.41628529848278806,-1.4860641299478172,-0.10285195939372382,-1.257687082558423,-6.3593004769475385,-0.967741935483879,-0.721500721500723,-2.308294209702666,0.8748371600442173,-2.2798296470393997,6.1344537815126055,-0.04088736210914323,3.310104529616731
2025-03-01,89.4819289964363,-2.3372195310084165,2.0161285287360498,-4.788793294846883,81.7664161608507,-1.3039063962390518,8.47241884280836,-4.1065518894862985,79.06199131550098,-1.2358987082211392,4.991163142293997,-5.19285251606687,82.65369337076746,-1.6647224516479486,15.121172891972702,-2.479885643774671,100.44842352623786,-4.707177382807426,-13.399026810929184,-6.651163721843689,138.3,102.5,124.4,107.8,110.9,192.45634761904762,1.2911238095238093,92.0,84.4,95.9,1458.345238095238,32.97904761904762,7.24925238095238,7.77282380952381,120.1,92.4,80.3,69.2,89.6,97.6,-2.4000000000000057,122.2,134.7,104.37,8.3,135.0,6.3,114.56,122.73,112.96,97.23,104.17,95.9,113.75,112.83,121.9,1882.9042594104305,42.58003359637188,9.359682350294783,10.035677887709749,0.6463803430700042,71.25575357016406,65.36940871002008,83.73333333333333,2.882336852135727,2.6528865869571554,2.6498335128043187,-0.2883922134102268,-1.0729613733905574,-0.7744433688286478,-0.5819592628515946,-1.5822784810126556,-1.6600790513833896,-0.0926784059314234,-0.0926784059314234,1.3711151736745864,-0.6272401433691677,1.072917106108462,1.2561331697825695,1.5329781087116023,2.9202153483733895,2.6785714285714413,-0.10857763300758938,0.7159904534606243,-0.11834319526626835,1.6967126193001114,-0.5186721991701226,9.51207894960806,0.9379944891384051,4.059861165369472,0.5120073084975862,0.6632890567554783,-0.3324317790377562,-0.6408488812840729,-0.1168347254820401,-5.507474429583004,0.7550335570469802,-0.6451612903225712,0.10834236186350044,-0.8641975308641969,0.7528230865746499,-1.2838801711840153,0.14471780028944004,-3.1351351351351364,0.22371364653241965,0.5200809014735741,0.32699167657550543,2.9937966375977787,0.5000438634968019,4.81680758390981,0.7304661851608607,3.206943809958873,0.5877114870881606,-1.0683760683760646,-0.05139802631578538,0.6862555577034746,0.18272744758607296,-0.8683068017366069,0.041727519298984106,3.6257629589141027,0.45037089367714334,3.6945133719327172,0.49879754164068313,4.887282739631749,0.7021891780256251,11.190875146300506,3.8856012965504894,5.655076056990271,3.4471743728785142,2.206435241504612,2.578075845501293,0.8823051543675131,2.7999687973055742,-2.627009948009773,-2.8800351444155714,1.1282967772630936,-2.9428552701030064,-0.8046525084452916,-2.9523437483631843,-1.7214397496087663,0.15948963317384823,-0.7934010407869896,-2.62617921097118,-2.317098561086517,-2.7641768884699824,-1.8556256435800722,-2.850127950919479,0.7607776838546076,-0.7526881720430145,-0.8608321377331585,-1.5698587127158548,-2.599921209808642,-4.5069913950330225,7.423208191126274,7.9736573299148406,4.0421792618629215
2025-04-01,88.5579111364903,-1.0326306890219072,-16.83045669054959,-1.4148907309219916,80.70613097717604,-1.2967245398023295,-7.629829142880107,-1.583265763339814,78.4147508072047,-0.8186493883178714,-4.543859510090642,-0.2231641491357461,80.87851277944976,-2.147732931128188,-13.08262589328737,-4.163078116890695,100.1069898183884,-0.3399094738010144,-35.55784503260858,-1.5002044899879552,135.7,102.7,122.6,107.9,112.2,189.45301999999998,1.313115,91.3,84.1,95.7,1439.7777272727274,32.644090909090906,7.2967818181818185,7.763109090909091,118.8,92.3,81.2,69.0,90.6,97.6,-2.4000000000000057,,,105.02,1.1,133.43,0.7,112.98,120.93,112.29,96.95,103.78,96.39,112.23,111.87,119.41,1890.5937303477274,42.86544543409091,9.58151365718182,10.193854993909092,0.6471261318505243,69.52932530661823,64.04618026600869,83.96666666666667,2.8211534669793568,2.6195925147367234,2.6097944128915955,-4.301833568406222,-1.879971077368059,-1.4395393474088247,0.19512195121951237,-5.1817478731632,-1.4469453376205865,0.18570102135562205,0.09276437847867136,1.814882032667886,1.1722272317403082,-1.647052919565939,-1.5605240649128826,4.9496477626936874,1.7032596187891214,2.2396416573348343,-0.7608695652173925,0.23837902264598476,-0.35545023696683664,1.1627906976744207,-0.2085505735140769,5.258031650074679,-1.2731903487244178,0.9559019919310519,-1.0156651999958077,0.8200422676301056,0.6556460546790044,-0.8609660559256382,-0.12498313164921449,-3.9611964430072755,-1.0824313072439584,-0.5387931034482762,-0.10822510822511289,0.8695652173912993,1.1207970112079746,-2.9535864978902926,-0.28901734104046506,-0.6578947368421129,1.116071428571419,0.622784324997605,-1.1629629629629545,-0.4230565838180822,-1.3791899441340738,1.5450499622134517,-1.4666340747983342,0.9983810037776486,-0.5931303116147202,-1.2427421819293016,-0.28797696184305055,0.7083939835031527,-0.37438801958337153,0.16626831549413357,0.5109489051094762,0.5104782375067174,-1.336263736263732,0.8201153568853758,-0.850837543206584,1.0749957677332,-2.0426579163248637,10.467933458698031,0.40838353298455754,5.952863536181896,0.6702950035796906,5.810279234076687,2.3700730279596405,4.046066919643376,1.576147699928221,-3.593888194022854,0.11537924822679901,-2.582196475291254,-2.4228615614118043,-4.48907532372147,-2.024231930689868,-1.2544100352802623,0.2786624203821697,-4.16016464950305,-2.1227007215008586,-4.6761195186691085,-1.255013025589613,-4.844369475246646,-1.5110043600569334,-5.507474429583004,-0.6451612903225712,-1.2838801711840153,-1.7214397496087663,-8.48022875543385,-7.759434426889344,7.423208191126274,7.9736573299148406,4.0421792618629215
2025-05-01,88.40530268353096,-0.1723261660091957,-13.326117938662463,-4.422514301273295,80.25310015665671,-0.561333835526634,-11.946367855000716,-4.703921036883885,78.22455407677033,-0.242552234721749,-8.820363857935586,-5.502040624576687,79.89586504774856,-1.2149676075038918,-18.363280272364037,-3.4409311144478205,101.0122686831853,0.9043113437325668,-15.673366075489149,-4.011467684704407,134.5,102.3,122.3,108.1,112.2,193.61764499999998,1.336655,90.8,84.0,95.2,1391.437619047619,30.22142857142857,7.216557142857143,7.8015380952380955,120.6,93.1,80.2,69.0,91.0,97.8,-2.200000000000003,,,101.7,-2.1,128.56,-2.4,105.23,112.77,105.24,97.63,104.63,97.66,106.97,105.18,111.46,1859.872050688095,40.39562360714285,9.646047187785713,10.427964902690476,0.6316573058204484,67.9307674755266,62.84344127691888,84.36666666666666,2.7916390423060515,2.6052327109363205,2.603747401523016,-6.597222222222221,-0.8843036109064006,-2.571428571428569,-0.3894839337877376,-7.348484848484849,-0.2446982055464897,0.5581395348837059,0.1853568118628246,2.2789425706472244,0.0,-1.7407041888270247,2.1982362698678592,5.794255325564213,1.7926838091103958,1.7937219730941534,-0.5476451259583737,0.4784688995215447,-0.11890606420926764,0.8474576271186418,-0.5224660397074143,1.957430686281314,-3.3574702059515737,-6.5180843649131015,-7.421442197330908,-0.2233807989474923,-1.0994528454280394,-0.1324682402759847,0.49502079487722117,-1.4705882352941235,1.5151515151515138,-0.10729613733906351,0.8667388949079147,0.0,-1.2315270935960632,-3.3613445378151363,0.0,-0.4376367614879695,0.44150110375276164,-3.1613026090268503,-3.6498538559544325,-7.302677942212821,-6.85962117188883,-5.71070234113712,-6.747705284048633,-4.854895579061569,-6.278386321132789,-0.7320793085917598,0.7013924703455299,0.9747153059254776,0.8190402775101191,1.8883672404799157,1.3175640626621021,-4.388630675723992,-4.686803884879264,-5.845492793841189,-5.980155537677656,-5.773945388452118,-6.657733858135839,7.8651045436296085,-1.624975221618974,-1.1015034897876363,-5.7618013808945605,5.557931272777439,0.6735212505335486,5.654111537221351,2.296578761629098,-5.7071248204693115,-2.390388097269558,-3.7814277723862144,-2.2991131066526838,-5.024645629088487,-1.8779246226619084,-1.1328125000000022,0.4763795156808248,-4.660534804867877,-1.046182882950597,-3.795196309062543,-0.5481693706032797,-4.796826515521079,-0.2317045104667681,-3.9611964430072755,-0.5387931034482762,-2.9535864978902926,-1.2544100352802623,-9.238487818457441,-7.349453687880436,7.423208191126274,7.9736573299148406,4.0421792618629215
2025-06-01,87.40077324627617,-1.1362773575367524,-8.983580130699432,-2.2858867235463043,80.02936667857567,-0.2787848415130467,-8.230647283904668,-3.4281269233418676,78.40250055189202,0.2274816101182963,-3.295059440823611,-3.0647783008305174,78.9532527084033,-1.179801155894511,-16.74102730289001,-4.291407545988301,97.66157269514692,-3.3171178429300396,-10.64428093243086,-0.100799730385237,134.7,101.8,121.9,108.4,111.6,196.15115714285713,1.356595238095238,89.6,83.5,95.1,1364.6775,29.623,7.18035,7.848560000000001,121.6,93.5,80.5,69.1,91.0,97.7,-2.299999999999997,123.9,136.7,100.58,-4.1,126.95,-4.5,103.99,111.58,103.66,98.2,105.38,97.92,105.99,103.63,110.27,1851.314998035714,40.18642073809524,9.740828617857142,10.647319121904761,0.621459499783731,66.04770345929059,61.55115221931657,84.53333333333333,2.7765597918559166,2.579478293814163,2.578731772988247,-7.167470709855273,0.14869888475834703,-3.1398667935299662,-0.4887585532746819,-8.414725770097665,-0.3270645952575535,0.9310986964618184,0.2775208140610719,2.1043000914912957,-0.5347593582887722,-2.2633403996510704,1.3085130453152294,6.732380409137351,1.4918014068879382,0.33594624860022737,-1.3215859030836996,-0.2389486260453988,-0.5952380952380931,0.8483563096500557,-0.10504201680673342,-1.042391802152498,-1.9231993358017063,-8.505592041095,-1.9801465374615912,-1.0254990924273288,-0.5017232198179178,0.4933196577141752,0.602726080266236,1.5025041736226985,0.8291873963515828,0.6458557588805203,0.42964554242750363,0.7509386733416612,0.37406483790523026,-2.812939521800284,0.14492753623187582,-0.4376367614879695,0.0,-1.1012782694198697,-1.2523335407591762,-8.144156876601006,-1.1783711869238878,-6.329751511081271,-1.055245189323395,-6.4018058690744954,-1.5013302926643823,0.3064351378958108,0.5838369353682316,2.3007475002426947,0.7168116219057552,2.212943632567854,0.266229776776572,-5.416741031590222,-0.9161447134710676,-7.720391807658055,-1.4736641947138307,-6.8744193902542055,-1.0676475865781465,5.619810825510263,-0.46008824366251533,-2.345840444213465,-0.5178849844779343,5.637840816715567,0.9825934730181007,7.258912222841873,2.1035189632992557,-6.293836310346556,-1.6144523213377004,-5.992964961539937,-2.7720340667642507,-6.53159707340879,-2.0563626551064473,-0.7047768206734584,0.19755037534572306,-4.079612261259513,-0.5401575999481101,-4.153397503302447,-0.9885649375598882,-5.503658408297795,-0.9607548151612688,-1.4705882352941235,-0.10729613733906351,-3.3613445378151363,-1.1328125000000022,-9.202639873657725,-7.514202065610121,9.601301871440171,8.64274136453471,4.802744425385952
2025-07-01,87.99873904471215,0.6841653411361115,-2.501857864928858,-0.6727706458088178,79.10404201877974,-1.156231391299578,-7.707036738025241,-2.5534838813574656,77.328590649143,-1.3697393516655,-5.426532306036824,-1.137657140619153,78.29343280731607,-0.8357095856761365,-12.1849982398053,-5.049231645564078,103.08387714493117,5.5521371406848985,12.4359953162015,3.432173409811745,137.1,103.3,125.1,108.9,112.1,198.41374782608696,1.3491608695652173,89.9,83.8,94.3,1379.295909090909,29.339545454545455,7.174086363636364,7.84960909090909,119.4,93.4,80.6,69.1,90.4,97.6,-2.4000000000000057,,,103.29,-3.5,128.19,-4.3,102.74,109.74,104.01,98.15,104.84,99.39,105.34,102.47,109.05,1860.8920680968376,39.58376665810277,9.678996596699605,10.590385426837942,0.6305006652545684,66.63401083443172,62.11268195690075,84.3,2.7723485980467273,2.627592287979225,2.5886874507184996,-5.578512396694213,1.7817371937639326,-2.1780303030302983,1.4734774066797574,-6.502242152466375,2.6251025430680697,1.3023255813953583,0.46125461254613587,2.1877848678213185,0.44802867383513245,-2.143585032462547,1.1534934160913446,4.887661527749132,-0.5480167054440654,0.5592841163311046,0.33482142857144126,-0.11918951132301459,0.3592814371257358,-0.5274261603375519,-0.8412197686645584,-0.1990788369296781,1.071198806377982,-10.125454266976707,-0.9568731912856454,-1.1961267204455228,-0.08723302295342572,0.5142371218087138,0.013366667377057162,-0.25062656641603454,-1.8092105263157854,0.6465517241379448,-0.10695187165774556,0.749999999999984,0.1242236024844745,-3.2212885154061732,0.0,-1.3100436681222627,-0.659340659340657,2.6943726386955635,0.9767625049232009,-10.113735783027122,-1.2020386575632314,-8.664169787765296,-1.6490410467825845,-6.79272336230845,0.3376422921088196,0.16328196754771263,-0.050916496945008216,1.776526550820301,-0.5124312013664811,3.855799373040747,1.5012254901960675,-6.572062084257202,-0.6132654023964457,-9.7260153290459,-1.11936697867413,-8.438287153652391,-1.1063752607236799,4.678852391096955,0.5173117525264503,-5.732690671944429,-1.4996460717915494,3.6330721817652734,-0.6347716768590361,5.427032819521904,-0.5347232896371956,-4.454135297568129,1.4548277842697077,-4.126679295136082,0.8877028941702836,-4.773536721235338,0.9122976862940835,-1.1336982017201014,-0.2760252365930582,-3.109751553021589,-0.15166948039589956,-1.1244966021837444,1.8652606723011944,-4.236171251270671,0.38606875808242513,1.5025041736226985,0.6458557588805203,-2.812939521800284,-0.7047768206734584,-7.813280528276579,-5.821570329579428,9.601301871440171,8.64274136453471,4.802744425385952
2025-08-01,87.82158452352522,-0.2013148405421216,-2.615057379237329,-2.4483308135832327,79.79124672256724,0.8687352583378161,-2.282188650964656,-3.427360329718432,77.2505722406704,-0.1008920605143126,-4.888192226265453,-3.5637193736372197,80.4037570345652,2.6954038820123705,2.5671190360580853,-3.560760787617412,100.12578280661234,-2.8695994177245443,-3.4644673757695754,-0.3794384055869182,137.6,103.3,125.6,109.2,112.2,198.392305,1.34504,95.1,85.7,93.6,1388.9990476190476,30.153809523809525,7.172695238095238,7.825990476190476,118.1,93.4,80.4,69.0,90.5,97.6,-2.4000000000000057,,,104.5,-0.2,128.73,-1.0,105.68,113.45,106.5,98.08,105.29,98.87,107.39,105.15,112.42,1868.2592790095239,40.55807996190477,9.647562003047618,10.526270230095239,0.6330890706673326,70.70421697495985,63.715577231903886,84.3,2.7972231453402348,2.6258639486887176,2.5925783493391426,0.0,0.3646973012399801,-1.7126546146527089,0.0,-1.1801730920535047,0.3996802557953538,1.6759776536312776,0.2754820936639035,1.814882032667886,0.0892060660125038,4.857126623591124,-0.01080712718846133,4.0017673699326295,-0.30543945189762667,6.020066889632103,5.784204671857607,1.9024970273484154,2.2673031026253065,-1.2658227848101333,-0.7423117709438043,2.778910658565281,0.7034849058991322,-6.458944778718056,2.7753124891644054,0.3526956635710121,-0.019390978455136043,0.3817056586139067,-0.30088905632214,-2.154101077050541,-1.0887772194304923,0.3222341568206444,0.0,-1.9512195121951126,-0.2481389578163684,-3.3613445378151363,-0.14471780028942893,-2.056277056277067,0.11061946902655162,1.1714589989350266,0.4212497074654653,-6.552303475108323,2.8615923690870293,-5.062761506276148,3.3807180608711684,-3.9155539516420146,2.3940005768676054,-0.08149959250203231,-0.07131940906776046,1.503904367106923,0.42922548645556446,2.743427205653126,-0.5231914679545202,-4.736982169786219,1.9460793620657002,-6.475140087165343,2.6153996291597537,-5.058694367029803,3.09032553874371,6.891883568471946,0.39589673356072996,-2.7156493533821213,2.46139613801144,4.368577093483572,-0.32477120265447246,4.398748001042141,-0.6054094743353167,-5.7576436719622315,0.41053174967216055,1.9406396359788802,6.108301285722595,-2.01849487337763,2.5806248007699484,-1.5570260801868407,0.0,-2.4126307440955674,0.8972373572007752,-1.233399401121038,-0.06577653993026233,-3.8644352445127095,0.15030391635586504,-0.25062656641603454,0.6465517241379448,-3.2212885154061732,-1.1336982017201014,-6.634632426445252,-6.485263363723847,9.601301871440171,8.64274136453471,4.802744425385952
2025-09-01,88.60411151052412,0.89104175385184,5.62200328758613,-2.5742661462756056,78.86109215564157,-1.1657350964320634,-5.712606712170132,-5.378569541825917,76.16842862148201,-1.400822787198286,-10.91997557710307,-6.174306812915598,79.70692741176725,-0.8666630123992602,3.87335644505542,-4.173547764156038,106.3520835440596,6.218478960082696,40.63361991034553,4.18898268175476,138.3,104.0,126.6,109.2,112.0,199.6528909090909,1.3505045454545455,95.3,85.8,94.6,1392.9052380952382,30.36952380952381,7.123457142857143,7.784652380952381,118.1,93.3,80.5,69.1,90.5,97.5,-2.5,127.6,144.7,104.94,2.5,129.5,2.2,106.26,113.83,107.16,97.96,104.96,98.83,107.54,105.39,112.74,1881.1248554350652,41.01417994805195,9.62026125077922,10.51320842525974,0.6341005102583037,70.56621935909475,63.531811343235354,84.3,2.7753815910540127,2.6127549090516387,2.5695991028830925,2.3686158401184487,0.5087209302325757,-0.952380952380949,0.6776379477250849,0.956937799043045,0.79617834394905,1.5813953488372112,0.0,1.2658227848101333,-0.17825311942959443,5.486207452346381,0.6354006064352768,2.1730978209250518,0.40627382490820985,6.24303232998884,0.2103049421661396,2.021403091557672,0.1166861143523823,-0.8385744234800985,1.0683760683760646,4.674743234116385,0.28122340925189615,-4.964564371248558,0.7153798777695286,0.6706775417911537,-0.6864657371274285,-0.08198673152259861,-0.5282155065721161,-3.7489812550937307,0.0,0.10729613733904131,-0.10706638115632883,-2.305825242718451,0.12437810945273853,-2.6760563380281766,0.14492753623187582,-2.58342303552207,0.0,0.42105263157894424,0.5981511691136587,-4.972276873546766,0.5488266464799274,-4.256034990327196,0.33494931687967355,-2.785085729837622,0.6197183098591408,0.051067306710250726,-0.12234910277325595,0.8261287223823244,-0.31342007788015547,2.37207375181272,-0.040457165975527065,-3.741496598639449,0.13967780985195688,-5.598351845216765,0.2282453637660442,-4.083716181725383,0.2846468599893237,6.949427798395891,0.6886397712614123,-2.899351390493543,1.124560103869765,2.85834984176232,-0.28298084282613045,2.0893294375262883,-0.1240876830062132,-4.293707928924673,0.15976260495305095,3.983371940231284,-0.1951759340096726,-0.14846836652957496,-0.2884159520358476,-1.6336056009334965,0.0,-1.3971931385233116,-0.7808298856173401,0.11767754622880044,-0.4992276787083805,-2.7795905520439312,-0.886347232742557,-2.154101077050541,0.3222341568206444,-3.3613445378151363,-1.5570260801868407,-4.1603100549385434,-5.2094456599834915,7.215686274509792,-0.04030056564648943,4.030226700251904
2025-10-01,88.37981015710666,-0.2531500509328155,1.7434502574260824,-2.252524011229462,77.93849452073522,-1.1699021782319408,-5.764758324508545,-4.332443836377308,75.24302044965322,-1.2149498008257376,-10.359451836547583,-3.800791633820644,78.78671816045154,-1.154490934723773,2.544105380042616,-5.501279308943863,108.44248499402936,1.965548187030808,22.47145159804478,2.777036168340219,142.2,104.8,129.5,110.2,111.8,202.1544913043478,1.3351434782608695,,,,1423.0795454545455,30.603181818181817,7.119968181818181,7.7745,117.2,93.7,80.5,70.4,90.0,98.0,-2.0,,,115.68,12.9,134.72,4.8,107.57,115.25,107.97,98.36,105.39,98.76,107.91,106.73,114.48,1900.015374160079,40.85963861857707,9.506179083379445,10.38007297173913,0.6405991732582139,,,84.7,2.8206318973071123,2.642460962709318,2.6121131661569468,2.6714801444043257,2.819956616052055,1.256038647342983,0.7692307692307665,2.290679304897325,2.290679304897325,1.8484288354898348,0.9157509157509125,0.35906642728904536,-0.17857142857142794,3.390704825223012,1.2529747923339496,2.3429194175695667,-1.1374317284141955,,,,,,,4.456241333612709,2.166285726699524,-4.634626552784049,0.769383182046246,0.4493435236689214,-0.0489784800974169,0.04855050422332141,-0.13041534105263652,-4.091653027823239,-0.7620660457239525,0.8611410118406937,0.4287245444801746,-0.1240694789081842,0.0,0.0,1.881331403762676,-2.0674646354733484,-0.5524861878453025,10.234419668381944,4.030888030888025,-3.9382032505804743,1.2328251458686212,-3.4352744030163307,1.2474743037863556,-1.9969138603975645,0.755879059350506,0.6652338552860515,0.4083299305839283,1.1905904944791157,0.40967987804878536,2.714508580343211,-0.07082869574015493,-3.2110503184142103,0.3440580249209457,-4.028414710907279,1.2714678812031588,-2.8100857458188355,1.5433741351782881,6.903566894681279,1.004213977101731,-2.4002927006514962,-0.37679975479362193,2.802790697906099,-1.1858531117388882,2.392607420983661,-1.2663636839989834,-1.063950112522416,1.0248632345782216,,,,,-0.4310344827586299,0.47449584816132706,-1.0604352523214455,1.6304174675999983,0.4132992315404316,1.1369628875163684,-1.6681628001835702,1.6545017947022789,-3.7489812550937307,0.10729613733904131,-2.6760563380281766,-1.6336056009334965,5.609198345295874,-4.671848561017633,7.215686274509792,-0.04030056564648943,4.030226700251904
2025-11-01,89.01768012006309,0.7217371952061624,5.560153611068719,-1.3699657014483724,78.49689980416666,0.7164691682399305,-6.332481280284963,-0.807393619615937,76.53878096366623,1.7221006098233849,-3.634996185636674,0.218890400304339,77.91672143126311,-1.1042428844626473,-11.810412726543618,-2.8723972153712807,109.28406725814024,0.7760632414106183,41.92003237059196,-1.9711752004714864,144.8,106.0,133.3,109.9,112.7,203.867035,1.314325,96.9,86.7,95.3,1459.878888888889,31.13444444444444,7.106883333333333,7.777433333333333,117.0,94.9,79.9,71.0,90.0,97.9,-2.0999999999999943,,,123.87,19.5,139.73,7.0,111.03,117.88,109.45,99.77,105.93,98.38,109.13,110.47,116.88,1918.7553206388889,40.92077869444444,9.340754437083334,10.222075065833332,0.6538575498486061,73.72605710155403,65.96541951191676,85.3,2.8806880944326663,2.6746802844897806,2.699606496368991,2.5495750708215414,1.8284106891701901,1.241642788920716,1.1450381679389388,2.538461538461556,2.934362934362933,1.5711645101663674,-0.27223230490017736,1.8066847335139968,0.805008944543828,4.111561104465733,0.8471460043269152,3.0854687447478435,-1.559268992422247,4.193548387096779,,1.760563380281699,,-0.3138075313807498,,4.649316059188324,2.585895043736941,-3.7731688581627787,1.7359718653404688,-1.3793638203692615,-0.18377678313593604,-0.029811979319249726,0.037730186292783685,-2.8239202657807327,-0.17064846416382506,2.7056277056277,1.2806830309498363,0.12531328320803947,-0.7453416149068248,1.7191977077363862,0.8522727272727293,-0.22172949002217113,0.0,7.079875518672196,3.7188242280284944,-1.2100720704689039,3.216510179418064,-1.5862414426448534,2.2819956616052073,-1.3074842200180403,1.3707511345744328,2.6229170952478897,1.4335095567303835,2.2391661036579524,0.5123825789923098,2.5218841183826557,-0.3847711624139438,-2.553799446379146,1.130571772773603,-0.6207268801727173,3.504169399419088,-1.3337835556305966,2.0964360587002018,7.878237997786974,0.9863049917211208,-0.8041200592201037,0.14963440190478572,1.663545084824758,-1.740180201163466,3.0547369261245017,-1.522127121225103,-1.5109749093337732,2.0696836873762114,1.0749135216066907,,-1.2852493960587075,,1.38668779714739,0.7083825265643329,-0.7884615609959678,2.1291752810031817,-0.5074446248155229,1.2192922520008809,0.18487983488513215,3.349522958868123,-4.091653027823239,0.8611410118406937,0.0,-0.4310344827586299,10.773036543710912,-3.7019612897470466,7.215686274509792,-0.04030056564648943,4.030226700251904
2025-12-01,86.29371580688928,-3.060026176260544,-10.029283211141514,-3.0805274713124886,77.33677445132436,-1.4779250591253512,-7.5103642517198255,-3.474752726539332,76.40543456684252,-0.174220695894034,1.2504626861332246,-2.1761641418142963,74.8281190654916,-3.9639788597832903,-22.326112378545005,-6.224073143350761,102.10026640741974,-6.57351161148828,-15.057802784276507,-1.946196803516964,147.2,110.1,139.8,110.2,114.4,208.58501904761903,1.3383666666666667,96.9,86.6,94.1,1465.355,31.352272727272727,7.0432,7.780813636363636,117.7,96.0,80.5,71.9,90.7,97.8,-2.200000000000003,129.6,148.8,126.21,19.8,140.93,5.5,112.81,120.15,110.02,100.66,107.21,98.19,110.19,114.19,119.72,1961.1822868333334,41.96083674242424,9.426384106666667,10.413581610454544,0.6702303005187745,72.40168364424298,64.7057358471769,86.2,2.8633842727574375,2.6219686865482585,2.721347067050951,5.142857142857138,1.6574585635358963,6.069364161849711,3.8679245283018915,8.793774319066161,4.876219054763697,2.226345083487935,0.27297543221109777,3.063063063063076,1.5084294587400127,7.334680266397986,2.314245678620397,5.823578171103105,1.8292025691261093,4.081632653061229,0.0,2.1226415094339535,-0.11534025374856371,-0.8429926238145535,-1.2591815320042055,1.7609994467579826,0.37510721970086536,-3.751465182480007,0.6996376094552614,-3.2619857078013292,-0.8960796223379752,0.09555581507130206,0.04346296374944103,-0.4230118443316444,0.5982905982905962,4.121475054229928,1.1591148577449806,0.7509386733416612,0.7509386733416612,3.751803751803773,1.2676056338028152,1.0022271714922093,0.7777777777777883,1.889077258416072,0.8587991125742711,-0.1151053656808898,1.6031703143294607,-0.4968944099378869,1.9256871394638608,-1.1766819365849335,0.5207857469163857,3.7090459509581564,0.8920517189535904,3.3050684139525943,1.2083451335787698,2.591160798244707,-0.19312868469201216,-2.001067235859122,0.9713186108311289,2.6058046545062385,3.3674300715126337,-0.1334668001334638,2.4298425735797435,7.687130797235731,2.2111712597267186,1.8536434811596614,2.541637967708099,2.3716281756777535,0.9167318353149101,5.924698753762114,1.873460558525064,1.359387337854634,2.504024106467728,-1.646084500398759,-1.7963438021469047,-3.4972703868368704,-1.9096121483958783,2.904894548348591,1.0550996483001285,-2.3077602437779676,-0.6006836251613246,-2.975176257003642,-1.9707625710329468,0.7384725255171753,0.8053236911083728,-2.8239202657807327,2.7056277056277,1.7191977077363862,1.38668779714739,11.2482049740666,-4.465717950517001,14.568487727632618,12.223763598861703,7.588532883642496
2026-01-01,86.34818265105636,0.0631179729112307,-8.882761585800548,-6.8855855298439845,77.56529102938515,0.2954824269334022,-1.901660785589809,-5.779840482564625,75.21137997282001,-1.5627875173956365,-0.1680981146774618,-5.193795944725954,78.08188690619261,4.348322370435653,-3.530693254413264,-6.783285365236324,101.68699201414168,-0.4047730802473559,-22.685000243577548,-8.98907843967719,151.3,117.7,151.4,110.2,114.6,211.9684619047619,1.3527142857142858,98.1,87.9,93.7,1455.4959999999999,31.518,6.9692300000000005,7.796495,,,,,,,,,,140.73,34.2,145.88,7.8,116.14,123.68,110.47,103.14,109.84,98.13,111.37,117.72,122.13,1968.870232,42.634848857142856,9.427376981428573,10.546430165,0.7142571995829479,72.52085753511457,64.98046256204456,,2.9009132978145695,2.591072865536671,2.7611215509276446,6.774876499647164,2.785326086956541,14.382896015549074,6.902815622161684,17.821011673151755,8.29756795422032,2.037037037037037,0.0,3.616636528028927,0.17482517482516613,9.767280442067383,1.622092934857644,9.550068416862212,1.072024535948235,6.283856988082337,1.238390092879249,4.146919431279628,1.5011547344111031,-1.1603375527426074,-0.4250797024441977,0.22752469747702175,-0.6728062483152608,-4.134005388024676,0.5285973178688064,-4.4748276381978425,-1.0502328487051238,0.14508297795816638,0.20153886687477307,,,,,,,,,,,11.504635131922992,3.5123820336337097,1.841459137144863,2.9518659693289484,1.4435695538057791,2.937994173949221,-1.7433069465445206,0.4090165424468273,6.209453197405002,2.4637393204848035,5.788307810844651,2.4531293722600545,2.464237235042299,-0.061106018942869156,-1.451199008937265,1.0708775750975619,4.97592295345104,3.0913389964094984,1.2266887691670059,2.01303040427665,9.799321878613544,0.39200563957162426,5.021262685924399,1.6062885467609256,4.647891677679827,0.010532933420392965,9.709006918476604,1.275723948925367,7.337096444996605,6.568921015671103,-2.981478219028799,0.16460099389010718,-4.932127440598588,0.4245786115724348,,,-3.4066369424809007,1.310652761984743,-6.441142926170085,-1.1783443932833926,-0.04317195519630834,1.461573364098534,-0.4230118443316444,4.121475054229928,3.751803751803773,2.904894548348591,22.22297706752885,,14.568487727632618,12.223763598861703,7.588532883642496
2026-02-01,86.74044879146794,0.4542841880028625,-9.846711835627897,-5.32933852554388,78.91662271900363,1.742186062457418,2.156015432730962,-4.743747513093455,76.26839189724728,1.4053882867316905,-1.4056123005958931,-4.725658216200646,79.51714200712155,1.838140902836094,8.472679684898132,-5.396360280646251,99.25975520890276,-2.38696883166859,-31.94415986139327,-5.834836286134082,152.9,121.7,156.2,110.3,114.4,210.52822500000002,1.35763,106.5,92.1,95.7,1447.2857894736842,31.470526315789478,6.906352631578947,7.81628947368421,,,,,,,,,,148.58,44.1,148.98,10.7,119.31,126.66,110.43,106.05,112.59,98.19,112.65,121.35,123.74,1964.8786063631578,42.72533064210526,9.376271523210526,10.611629078157893,0.7419432715019565,78.44552639526233,67.83880733336771,,2.96451772511687,2.5846493951101848,2.8402354803642207,9.370529327610866,1.0575016523463265,18.04073714839962,3.398470688190325,23.478260869565215,3.1704095112285113,2.2242817423540284,0.09074410163338875,2.508960573476715,-0.17452006980801515,10.76420315735096,-0.6794581098621189,8.221667769372388,0.3633963459710454,15.63517915309447,8.562691131498479,8.994082840236683,4.778156996587013,-0.7261410788381717,2.134471718249742,0.1725251511143222,-0.5640833452181027,-4.08559375050126,-0.15062403772613253,-5.046846779048764,-0.9022139952484465,0.4417123641587306,0.2538893911201212,,,,,,,,,,,5.578057272791881,2.1250342747463735,4.667076059303454,2.7294644394695977,3.956007879185819,2.409443725743854,-1.665182546749766,-0.03620892550012522,9.015213815789469,2.821407795229791,8.280438545874214,2.5036416605972223,2.4306279991654467,0.061143381228978555,-0.5210173083715852,1.1493220795546488,8.087645853745439,3.0835881753312977,2.2222222222222143,1.3182674199623268,8.408377365229969,-0.20273685751180937,3.80017007429867,0.21222494599566488,2.759886015320978,-0.5420962619689607,8.69969625660849,0.6182083618613055,11.478489755532962,3.8762048090204004,6.8503022883742215,8.169606733178858,0.7137342149543979,4.398775660597898,,,0.15013251401763128,2.1925656085694634,-5.265263647580176,-0.24790774940849358,4.130509397410287,2.865282385340717,,,,,32.92330676117792,,14.568487727632618,12.223763598861703,7.588532883642496
2026-03-01,87.10944837150647,0.4254065838714238,3.835145002330465,-2.6513516768556733,77.45642683842686,-1.8503020406436368,0.6203018246427883,-5.271099706687932,75.40297352092044,-1.1347012239261267,-5.145729173120117,-4.628036473277075,76.63348274370033,-3.62646240877591,10.005636611377344,-7.283655916090403,105.97318863415516,6.763499880815993,16.05838077199555,5.500101359454579,155.2,118.4,153.7,110.6,118.1,211.6283409090909,1.3334272727272727,108.9,93.6,97.3,1490.5177272727271,31.87,6.892077272727272,7.826786363636364,,,,,,,,143.8,177.7,169.03,61.6,173.86,28.7,126.52,131.85,111.36,111.2,115.89,97.89,117.8,124.69,128.07,1987.4969880289254,42.49632718181818,9.190083801198346,10.436450395082645,0.7262732360880948,81.66924603039332,70.19505443934632,,3.1026210673662944,2.620461752460452,2.9341359187705973,12.219812002892239,1.5042511445388929,15.512195121951233,-2.7115858668857795,23.553054662379402,-1.6005121638924424,2.5974025974025983,0.27198549410698547,6.4923354373309206,3.234265734265729,9.961736012985533,0.5225503179399738,3.2764838578157374,-1.7827189493991202,18.369565217391305,2.2535211267605604,10.90047393364928,1.6286644951140072,1.4598540145985384,1.6718913270637348,2.206095534656116,2.987104420804454,-3.3628855261637947,1.269358129578202,-4.92706129481153,-0.20669895693425921,0.6942464596513265,0.13429505121955732,,,,,,,,,,,13.7636290214026,16.700228218552837,10.439944134078205,6.043081049367194,7.430945978978243,4.097584083372818,-1.4164305949008416,0.8421624558543783,14.367993417669433,4.856199905704872,11.250839973120863,2.9309885424993354,2.075078206465064,-0.3055300947143236,3.5604395604395656,4.571682201509097,10.511388815031463,2.752369180057679,5.061525840853154,3.4992726684984543,5.554861756552865,1.1511337948573175,-0.1965860697696331,-0.5359899077326369,-1.8120118049849698,-1.9857330448599053,3.993477190651018,-1.6508180015057494,12.360043722653558,-2.112026082821672,14.614247886628995,4.10950092792759,7.382116229218005,3.47330266936996,,,7.642556249709109,4.658543313111063,-1.2222472930474848,1.3855789267983365,10.729066735419224,3.306079339391088,,,,,53.09574311480527,,18.189038919777612,11.578357371141346,9.459459459459453
2026-04-01,86.93503385920607,-0.200224562961937,2.746374036840571,-1.832560475351508,78.77182354881717,1.6982408872722845,6.368709992535848,-2.396729226068228,76.49252705537505,1.4449742279093458,6.989659788277081,-2.4513547923601053,77.71909111465646,1.4166240813913378,-1.8456270180094656,-3.9063795267957335,101.41253406715802,-4.303592848132198,-1.0752556540602698,1.3041489421848462,161.5,122.2,159.7,111.1,126.1,214.34587000000002,1.347695,117.2,97.6,99.6,1483.7977272727273,31.678181818181816,6.837118181818181,7.83344090909091,,,,,,,,,,198.3,88.7,187.4,40.8,130.07,132.84,110.8,115.04,117.49,98.02,121.65,128.84,127.45,1999.7067780568184,42.69252724545454,9.214349988045454,10.557089145977274,0.7450575091556463,86.96329659158786,72.41994664964994,,3.111551565833888,2.5953019684913787,3.0178583539749932,19.012527634487842,4.059278350515472,18.98734177215189,3.2094594594594517,30.261011419249595,3.903708523096938,2.9657089898053712,0.4520795660036159,12.388591800356497,6.77392040643523,13.139326045053302,1.2841045198556333,2.633432715337203,1.0700041587979214,28.36801752464404,7.621671258034901,16.052318668252074,4.2735042735042805,4.075235109717856,2.3638232271325776,3.057416375191746,-0.4508500554566197,-2.9589094504086755,-0.6018769432638349,-6.299539273851751,-0.7974241833673346,0.905974878855953,0.08502270466284045,,,,,,,,,,,17.316452700704033,7.787875301967095,15.126571074526463,2.8058804932026504,9.848672785909196,0.7508532423208258,-1.3269213643245292,-0.5028735632183978,18.659102630221767,3.453237410071952,13.210637887839649,1.3806195530244203,1.6910467890860037,0.13280212483399723,8.393477679764771,3.268251273344669,15.169393045499246,3.328254070093828,6.733104430114745,-0.48411025220581605,5.771364093597331,0.6143299889979525,-0.4033976245557569,0.4616871072103068,-3.8320006866676914,0.2640475035052825,3.56326583304567,1.1559366099365587,15.13327502709203,2.58639202633002,25.074270759981253,6.482306153805251,13.074575796498312,3.1695854189073946,,,10.293594526265327,0.2878372277403063,-0.9272643019361371,-0.9601278837765737,15.63586537957493,2.853393214295119,,,,,78.4036743943464,,18.189038919777612,11.578357371141346,9.459459459459453
2026-05-01,86.50846114927529,-0.4906798686265312,-1.065517303763619,-2.1456196366929414,78.11539149204299,-0.8333335794459162,-3.999722094931923,-2.6637085177280917,75.7276917848732,-0.9998823413797876,-2.805761788689287,-3.1919162996399852,77.23601452786556,-0.6215674679960315,-10.990497641582309,-3.3291466564550953,101.98068150259404,0.5602339401752809,11.424024414291267,0.9587081173734192,161.9,126.4,165.3,111.0,127.6,213.42316315789475,1.3494894736842105,126.7,101.9,102.3,1488.396,31.502999999999997,6.7996300000000005,7.8328999999999995,,,,,,,,,,208.98,104.0,188.58,46.9,131.64,137.29,110.43,117.02,122.04,98.19,122.42,132.66,129.09,2008.5747346736841,42.51296688947368,9.176029109947368,10.57041609842105,0.7745176182104833,93.88735701220345,75.51003693404525,,3.229367650508376,2.597560416968752,3.12045970221022,20.37174721189592,0.2476780185758587,23.558162267839688,3.436988543371533,35.159443990188066,3.5065748278021447,2.6827012025901986,-0.09000900090008201,13.725490196078427,1.1895321173671647,10.229190711360413,-0.43047568031298056,0.9601934443974391,0.13315132015851994,39.53744493392071,8.105802047781573,21.309523809523824,4.405737704918056,7.457983193277307,2.7108433734939874,6.968216154651974,0.30989889273684845,4.240605057905911,-0.5530046490271556,-5.777369105568731,-0.5483038441235766,0.40199643171705546,-0.006905127608514139,,,,,,,,,,,5.38577912254159,0.6296691568836721,25.097405682790065,1.2070423618051773,21.74337146404186,3.3498946100572136,4.9315849486887275,-0.33393501805053516,19.860698555771794,1.7211404728789903,16.639587116505794,3.872670014469337,0.5426991603522335,0.17343399306264384,14.443301860334667,0.632963419646515,26.12664004563605,2.9649177274138516,15.817333572582104,1.2867791290702257,7.99531795375783,0.4434628473622082,5.241516514072164,-0.42058966185933855,-4.872649580581612,-0.4158825977719771,1.3660498194985493,0.12623699828142598,22.61674345782736,3.954071825706884,38.21035813562423,7.962049154062734,20.155795735805036,4.266904944496042,,,15.679985899636083,3.7864095189087177,-0.2944955333687216,0.0870206436396348,19.84494733955231,3.3998066244588454,,,,,88.89707800790967,,18.189038919777612,11.578357371141346,9.459459459459453
2026-06-01,88.13435990794464,1.8794679006759465,4.790030003061552,0.8393365806975028,79.85182780752963,2.2229118773136047,12.956079935915522,-0.2218421542170778,77.50728401112198,2.3499887350379556,11.639063415672911,-1.141821414455424,78.33255380858733,1.4197253540654264,9.167883298539415,-0.7861600105424138,103.38969853821504,1.3816509311963543,-9.400652915018028,5.8652811796801485,162.6,129.0,170.9,111.3,127.8,214.34330454545454,1.3333545454545455,129.6,102.5,102.2,1529.4619047619049,31.61952380952381,6.775828571428571,7.8377380952380955,,,,,,,,,,218.44,117.4,188.9,48.9,131.68,139.04,110.77,116.61,123.13,98.11,121.99,134.53,130.3,2039.314982813853,42.160035796536796,9.034581824935064,10.450483715367966,0.7973190502144107,97.19845366096447,76.87377700809306,,3.297909913336016,2.627369685703614,3.190936569628123,20.712694877505577,0.4323656578134605,26.719056974459733,2.0569620253164445,40.19688269073009,3.3877797943133725,2.6752767527675303,0.2702702702702675,14.516129032258075,0.15673981191222097,9.274555229540681,0.43113473436764416,-1.7131633657600176,-1.1956320182042957,44.64285714285714,2.2888713496448165,22.754491017964074,0.5888125613346284,7.465825446898022,-0.09775171065493637,12.07497044260677,2.7590711586100047,6.739775881996457,0.36988162880935427,-5.633728558794893,-0.3500400547004734,-0.1378839527493625,0.06176633479422211,,,,,,,,,,,4.526748971193428,0.16968925654894385,26.627560342340615,0.03038590094197602,24.610145187309552,1.2746740476363927,6.8589619911248345,0.3078873494521295,18.747454175152754,-0.35036745855409057,16.843803378250133,0.8931497869550942,0.19403594771241206,-0.08147469192382184,15.095763751297287,-0.3512497957850025,29.817620380198797,1.4096185737976885,18.164505305160073,0.9373305445813163,10.154943106797653,1.5304508022283336,4.911149144891747,-0.8301728125784447,-7.250376950759286,-1.5414868819342287,-1.8486851411436134,-1.1346041814853436,28.297829623954442,2.9439526574760233,47.16401717263958,3.526669355843781,24.894131525238606,1.8060381499203526,,,18.776837545847226,2.1224670042399696,1.8566309320880547,1.1475871182872632,23.74053800603115,2.258541181223528,,,,,97.3583698275128,,31.922791388270234,26.856794245293347,17.67594108019641
