method,target,candidate,period,lead_months,correlation,common_sample_correlation,circular_shift_p,familywise_p_0_18,search_max_lead,n,ar_lags
prewhitened_ar,headline_12m_pct,jp_epi_electronics_gbp_12m_pct,full,0,-0.08558380364714864,-0.07240660132432292,0.5540540540540541,1.0,18,115,12
prewhitened_ar,headline_12m_pct,jp_epi_electronics_gbp_12m_pct,full,1,0.033711570644876995,0.042250749867767445,0.7567567567567568,1.0,18,114,12
prewhitened_ar,headline_12m_pct,jp_epi_electronics_gbp_12m_pct,full,2,-0.008835088670803373,-0.03932550840328903,0.7432432432432432,1.0,18,113,12
prewhitened_ar,headline_12m_pct,jp_epi_electronics_gbp_12m_pct,full,3,0.04564528395766015,0.0714663029911381,0.6351351351351351,1.0,18,112,12
prewhitened_ar,headline_12m_pct,jp_epi_electronics_gbp_12m_pct,full,4,-0.039216616968390065,-0.04376629048871062,0.6891891891891891,1.0,18,111,12
prewhitened_ar,headline_12m_pct,jp_epi_electronics_gbp_12m_pct,full,5,0.11754523909682192,0.0982342899460942,0.4189189189189189,1.0,18,110,12
prewhitened_ar,headline_12m_pct,jp_epi_electronics_gbp_12m_pct,full,6,-0.2878079320992598,-0.3183701195030935,0.013513513513513514,0.013513513513513514,18,109,12
prewhitened_ar,headline_12m_pct,jp_epi_electronics_gbp_12m_pct,full,7,-0.030716820374276886,-0.031423782567886825,0.7702702702702703,1.0,18,108,12
prewhitened_ar,headline_12m_pct,jp_epi_electronics_gbp_12m_pct,full,8,0.04629451188558098,0.029083259127526725,0.7972972972972973,1.0,18,107,12
prewhitened_ar,headline_12m_pct,jp_epi_electronics_gbp_12m_pct,full,9,0.12429806357654728,0.10647162428536994,0.33783783783783783,1.0,18,106,12
prewhitened_ar,headline_12m_pct,jp_epi_electronics_gbp_12m_pct,full,10,0.03573216788032344,0.02009051378668581,0.8513513513513513,1.0,18,105,12
prewhitened_ar,headline_12m_pct,jp_epi_electronics_gbp_12m_pct,full,11,0.19792027114973568,0.21085953127890963,0.05405405405405406,0.7027027027027027,18,104,12
prewhitened_ar,headline_12m_pct,jp_epi_electronics_gbp_12m_pct,full,12,0.11039459299017006,0.11203631009099013,0.33783783783783783,1.0,18,103,12
prewhitened_ar,headline_12m_pct,jp_epi_electronics_gbp_12m_pct,full,13,-0.19618116805507094,-0.1867425003612348,0.10810810810810811,0.8783783783783784,18,102,12
prewhitened_ar,headline_12m_pct,jp_epi_electronics_gbp_12m_pct,full,14,-0.058708091001199406,-0.06471428443043784,0.5675675675675675,1.0,18,101,12
prewhitened_ar,headline_12m_pct,jp_epi_electronics_gbp_12m_pct,full,15,-0.040357382458908145,-0.033912576852734244,0.7972972972972973,1.0,18,100,12
prewhitened_ar,headline_12m_pct,jp_epi_electronics_gbp_12m_pct,full,16,-0.0380478522002465,-0.04024461385451399,0.7432432432432432,1.0,18,99,12
prewhitened_ar,headline_12m_pct,jp_epi_electronics_gbp_12m_pct,full,17,0.10724514495574484,0.1070254157710654,0.32432432432432434,1.0,18,98,12
prewhitened_ar,headline_12m_pct,jp_epi_electronics_gbp_12m_pct,full,18,0.10968168670232235,0.10968168670232235,0.33783783783783783,1.0,18,97,12
prewhitened_ar,headline_12m_pct,jp_epi_electronics_gbp_12m_pct,pre_2020,0,0.11998238807386259,0.08446573979409036,1.0,1.0,18,36,12
prewhitened_ar,headline_12m_pct,jp_epi_electronics_gbp_12m_pct,pre_2020,1,0.026849891542185547,-0.23528769288143217,0.5,1.0,18,35,12
prewhitened_ar,headline_12m_pct,jp_epi_electronics_gbp_12m_pct,pre_2020,2,-0.202097092076608,-0.13741211208925097,1.0,1.0,18,34,12
prewhitened_ar,headline_12m_pct,jp_epi_electronics_gbp_12m_pct,pre_2020,3,0.18281712709354853,0.1781369882244592,1.0,1.0,18,33,12
prewhitened_ar,headline_12m_pct,jp_epi_electronics_gbp_12m_pct,pre_2020,4,-0.21506751148725084,-0.08496919187559086,0.5,1.0,18,32,12
prewhitened_ar,headline_12m_pct,jp_epi_electronics_gbp_12m_pct,pre_2020,5,0.18972422234144426,0.23374034688763864,1.0,1.0,18,31,12
prewhitened_ar,headline_12m_pct,jp_epi_electronics_gbp_12m_pct,pre_2020,6,-0.1464267469896628,-0.2123968347847152,0.5,1.0,18,30,12
prewhitened_ar,headline_12m_pct,jp_epi_electronics_gbp_12m_pct,pre_2020,7,0.19140285230504234,0.1617337194415933,0.5,1.0,18,29,12
prewhitened_ar,headline_12m_pct,jp_epi_electronics_gbp_12m_pct,pre_2020,8,-0.034583575998804565,0.05136641531776824,1.0,1.0,18,28,12
prewhitened_ar,headline_12m_pct,jp_epi_electronics_gbp_12m_pct,pre_2020,9,-0.05028075760924486,0.0011592633568115623,1.0,1.0,18,27,12
prewhitened_ar,headline_12m_pct,jp_epi_electronics_gbp_12m_pct,pre_2020,10,-0.004490290695591515,-0.10038365477606813,0.5,1.0,18,26,12
prewhitened_ar,headline_12m_pct,jp_epi_electronics_gbp_12m_pct,pre_2020,11,0.1017016758518683,0.1907750899462627,1.0,1.0,18,25,12
prewhitened_ar,headline_12m_pct,jp_epi_electronics_gbp_12m_pct,pre_2020,12,0.048542010497532304,0.12118065967177337,1.0,1.0,18,24,12
prewhitened_ar,headline_12m_pct,jp_epi_electronics_gbp_12m_pct,pre_2020,13,-0.3515564842794113,-0.3745546698467265,0.5,1.0,18,23,12
prewhitened_ar,headline_12m_pct,jp_epi_electronics_gbp_12m_pct,pre_2020,14,0.18624388201115885,0.20650648654960227,0.5,1.0,18,22,12
prewhitened_ar,headline_12m_pct,jp_epi_electronics_gbp_12m_pct,pre_2020,15,-0.27549760484603947,-0.26633454429025494,0.5,1.0,18,21,12
prewhitened_ar,headline_12m_pct,jp_epi_electronics_gbp_12m_pct,pre_2020,16,-0.01029423366896981,-0.004760016300653453,1.0,1.0,18,20,12
prewhitened_ar,headline_12m_pct,jp_epi_electronics_gbp_12m_pct,pre_2020,17,0.007827275195095601,0.02195100012819132,1.0,1.0,18,19,12
prewhitened_ar,headline_12m_pct,jp_epi_electronics_gbp_12m_pct,pre_2020,18,-0.07152688408583271,-0.07152688408583271,0.5,1.0,18,18,12
prewhitened_ar,headline_12m_pct,jp_epi_electronics_gbp_12m_pct,pandemic_2020_2022,0,-0.17596313429864646,-0.36714004279420176,0.5,1.0,18,36,12
prewhitened_ar,headline_12m_pct,jp_epi_electronics_gbp_12m_pct,pandemic_2020_2022,1,0.13834118163669973,-0.016596286129482572,1.0,1.0,18,35,12
prewhitened_ar,headline_12m_pct,jp_epi_electronics_gbp_12m_pct,pandemic_2020_2022,2,0.05123060493747124,0.15702680298745503,1.0,1.0,18,34,12
prewhitened_ar,headline_12m_pct,jp_epi_electronics_gbp_12m_pct,pandemic_2020_2022,3,0.010393641845949025,0.19465213915912566,0.5,1.0,18,33,12
prewhitened_ar,headline_12m_pct,jp_epi_electronics_gbp_12m_pct,pandemic_2020_2022,4,0.2213075377554093,0.20606334613538763,1.0,1.0,18,32,12
prewhitened_ar,headline_12m_pct,jp_epi_electronics_gbp_12m_pct,pandemic_2020_2022,5,0.021534791100714927,0.06887373941441621,0.5,1.0,18,31,12
prewhitened_ar,headline_12m_pct,jp_epi_electronics_gbp_12m_pct,pandemic_2020_2022,6,-0.38626373722107865,-0.37698500884321656,0.5,1.0,18,30,12
prewhitened_ar,headline_12m_pct,jp_epi_electronics_gbp_12m_pct,pandemic_2020_2022,7,-0.37023235727929205,-0.41373319838546563,0.5,1.0,18,29,12
prewhitened_ar,headline_12m_pct,jp_epi_electronics_gbp_12m_pct,pandemic_2020_2022,8,0.11852927949034406,0.10083850017687036,1.0,1.0,18,28,12
prewhitened_ar,headline_12m_pct,jp_epi_electronics_gbp_12m_pct,pandemic_2020_2022,9,-0.049078969812424336,0.025466794060858677,1.0,1.0,18,27,12
prewhitened_ar,headline_12m_pct,jp_epi_electronics_gbp_12m_pct,pandemic_2020_2022,10,0.1908227629838474,0.2568820811451895,0.5,1.0,18,26,12
prewhitened_ar,headline_12m_pct,jp_epi_electronics_gbp_12m_pct,pandemic_2020_2022,11,0.3628465410589305,0.4511586094236322,0.5,1.0,18,25,12
prewhitened_ar,headline_12m_pct,jp_epi_electronics_gbp_12m_pct,pandemic_2020_2022,12,0.060208581736841564,0.212275029326297,1.0,1.0,18,24,12
prewhitened_ar,headline_12m_pct,jp_epi_electronics_gbp_12m_pct,pandemic_2020_2022,13,-0.35844000865195014,-0.3511941114779924,0.5,1.0,18,23,12
prewhitened_ar,headline_12m_pct,jp_epi_electronics_gbp_12m_pct,pandemic_2020_2022,14,-0.13275969323533468,-0.19855891004994972,0.5,1.0,18,22,12
prewhitened_ar,headline_12m_pct,jp_epi_electronics_gbp_12m_pct,pandemic_2020_2022,15,-0.09326422200861925,-0.08581114246629669,0.5,1.0,18,21,12
prewhitened_ar,headline_12m_pct,jp_epi_electronics_gbp_12m_pct,pandemic_2020_2022,16,-0.47279638515871436,-0.4427089379414795,0.5,1.0,18,20,12
prewhitened_ar,headline_12m_pct,jp_epi_electronics_gbp_12m_pct,pandemic_2020_2022,17,0.3110902647212265,0.3493549780688378,0.5,1.0,18,19,12
prewhitened_ar,headline_12m_pct,jp_epi_electronics_gbp_12m_pct,pandemic_2020_2022,18,0.20949643075649338,0.20949643075649338,0.5,1.0,18,18,12
prewhitened_ar,headline_12m_pct,jp_epi_electronics_gbp_12m_pct,post_2022,0,-0.158456652110282,-0.19017287446288253,0.5,1.0,18,43,12
prewhitened_ar,headline_12m_pct,jp_epi_electronics_gbp_12m_pct,post_2022,1,-0.04053003286549261,-0.10479879619612091,0.5,1.0,18,42,12
prewhitened_ar,headline_12m_pct,jp_epi_electronics_gbp_12m_pct,post_2022,2,0.07294397505950084,-0.04432527541241972,1.0,1.0,18,41,12
prewhitened_ar,headline_12m_pct,jp_epi_electronics_gbp_12m_pct,post_2022,3,0.02663264999705596,0.10969152869598206,1.0,1.0,18,40,12
prewhitened_ar,headline_12m_pct,jp_epi_electronics_gbp_12m_pct,post_2022,4,-0.19260621480788345,-0.3187943614601235,0.5,1.0,18,39,12
prewhitened_ar,headline_12m_pct,jp_epi_electronics_gbp_12m_pct,post_2022,5,0.2743427259277119,0.21150199308902806,0.5,1.0,18,38,12
prewhitened_ar,headline_12m_pct,jp_epi_electronics_gbp_12m_pct,post_2022,6,-0.16971607487307866,-0.30283426579682227,0.5,1.0,18,37,12
prewhitened_ar,headline_12m_pct,jp_epi_electronics_gbp_12m_pct,post_2022,7,0.16882507328904958,0.2425876135808509,0.5,1.0,18,36,12
prewhitened_ar,headline_12m_pct,jp_epi_electronics_gbp_12m_pct,post_2022,8,0.09573567524449235,0.027447845281730835,1.0,1.0,18,35,12
prewhitened_ar,headline_12m_pct,jp_epi_electronics_gbp_12m_pct,post_2022,9,0.37395058060913844,0.3687813704840032,0.5,1.0,18,34,12
prewhitened_ar,headline_12m_pct,jp_epi_electronics_gbp_12m_pct,post_2022,10,0.053110887276951776,-0.00804088506747367,1.0,1.0,18,33,12
prewhitened_ar,headline_12m_pct,jp_epi_electronics_gbp_12m_pct,post_2022,11,0.0817438287983894,0.1504402478988458,0.5,1.0,18,32,12
prewhitened_ar,headline_12m_pct,jp_epi_electronics_gbp_12m_pct,post_2022,12,0.13001665632834172,0.16244302123900198,0.5,1.0,18,31,12
prewhitened_ar,headline_12m_pct,jp_epi_electronics_gbp_12m_pct,post_2022,13,-0.1065248150682353,-0.02386267216155709,0.5,1.0,18,30,12
prewhitened_ar,headline_12m_pct,jp_epi_electronics_gbp_12m_pct,post_2022,14,-0.2891440318937715,-0.317360214108616,0.5,1.0,18,29,12
prewhitened_ar,headline_12m_pct,jp_epi_electronics_gbp_12m_pct,post_2022,15,0.1430424868581506,0.20861480529538867,0.5,1.0,18,28,12
prewhitened_ar,headline_12m_pct,jp_epi_electronics_gbp_12m_pct,post_2022,16,0.14443059838598404,0.15681174682032561,0.5,1.0,18,27,12
prewhitened_ar,headline_12m_pct,jp_epi_electronics_gbp_12m_pct,post_2022,17,-0.09834737434256939,-0.09841016440519369,1.0,1.0,18,26,12
prewhitened_ar,headline_12m_pct,jp_epi_electronics_gbp_12m_pct,post_2022,18,-0.21558612030839944,-0.21558612030839944,1.0,1.0,18,25,12
prewhitened_ar,headline_12m_pct,kr_epi_tech_gbp_12m_pct,full,0,-0.0455149921417064,-0.08816290519918764,0.5555555555555556,1.0,18,59,12
prewhitened_ar,headline_12m_pct,kr_epi_tech_gbp_12m_pct,full,1,0.07405429548151747,0.16510578083524638,0.2222222222222222,1.0,18,58,12
prewhitened_ar,headline_12m_pct,kr_epi_tech_gbp_12m_pct,full,2,-0.10116749599498862,-0.009567154691171526,0.8888888888888888,1.0,18,57,12
prewhitened_ar,headline_12m_pct,kr_epi_tech_gbp_12m_pct,full,3,-0.19554307108877952,-0.2120246029300738,0.1111111111111111,1.0,18,56,12
prewhitened_ar,headline_12m_pct,kr_epi_tech_gbp_12m_pct,full,4,0.023087251826601894,0.23333033188731742,0.16666666666666666,0.8888888888888888,18,55,12
prewhitened_ar,headline_12m_pct,kr_epi_tech_gbp_12m_pct,full,5,0.06967315449805346,0.026091913061640593,0.8888888888888888,1.0,18,54,12
prewhitened_ar,headline_12m_pct,kr_epi_tech_gbp_12m_pct,full,6,-0.318943928058826,-0.4430073806064592,0.05555555555555555,0.05555555555555555,18,53,12
prewhitened_ar,headline_12m_pct,kr_epi_tech_gbp_12m_pct,full,7,-0.29615912952773954,-0.21787378289257944,0.1111111111111111,1.0,18,52,12
prewhitened_ar,headline_12m_pct,kr_epi_tech_gbp_12m_pct,full,8,0.0989596521616971,0.1494649884421283,0.16666666666666666,1.0,18,51,12
prewhitened_ar,headline_12m_pct,kr_epi_tech_gbp_12m_pct,full,9,-0.05220211129882793,-0.014417494367005639,1.0,1.0,18,50,12
prewhitened_ar,headline_12m_pct,kr_epi_tech_gbp_12m_pct,full,10,-0.08192265656024762,0.034470518405701006,0.8333333333333334,1.0,18,49,12
prewhitened_ar,headline_12m_pct,kr_epi_tech_gbp_12m_pct,full,11,0.12254500154524478,0.12024995135769403,0.3888888888888889,1.0,18,48,12
prewhitened_ar,headline_12m_pct,kr_epi_tech_gbp_12m_pct,full,12,0.024434751883764743,0.01800031762728664,0.9444444444444444,1.0,18,47,12
prewhitened_ar,headline_12m_pct,kr_epi_tech_gbp_12m_pct,full,13,-0.0023850638815808307,-0.06023811061223931,0.7777777777777778,1.0,18,46,12
prewhitened_ar,headline_12m_pct,kr_epi_tech_gbp_12m_pct,full,14,-0.11649208107741825,-0.06440814549553958,0.7777777777777778,1.0,18,45,12
prewhitened_ar,headline_12m_pct,kr_epi_tech_gbp_12m_pct,full,15,0.06888481801661679,0.0207726693832091,0.8888888888888888,1.0,18,44,12
prewhitened_ar,headline_12m_pct,kr_epi_tech_gbp_12m_pct,full,16,-0.1027181683918781,-0.08021043812600143,0.7222222222222222,1.0,18,43,12
prewhitened_ar,headline_12m_pct,kr_epi_tech_gbp_12m_pct,full,17,0.007587763941642251,0.0038126443373609153,0.9444444444444444,1.0,18,42,12
prewhitened_ar,headline_12m_pct,kr_epi_tech_gbp_12m_pct,full,18,0.011602461039156586,0.011602461039156586,0.8888888888888888,1.0,18,41,12
prewhitened_ar,headline_12m_pct,kr_epi_tech_gbp_12m_pct,pandemic_2020_2022,0,-0.08794323719938785,-0.2893851543624008,1.0,1.0,18,33,12
prewhitened_ar,headline_12m_pct,kr_epi_tech_gbp_12m_pct,pandemic_2020_2022,1,0.24677093504542824,0.027825244602013362,1.0,1.0,18,32,12
prewhitened_ar,headline_12m_pct,kr_epi_tech_gbp_12m_pct,pandemic_2020_2022,2,0.08587961198682795,0.38748666272629523,0.5,1.0,18,31,12
prewhitened_ar,headline_12m_pct,kr_epi_tech_gbp_12m_pct,pandemic_2020_2022,3,-0.3112410352513888,-0.18117758460406908,0.5,1.0,18,30,12
prewhitened_ar,headline_12m_pct,kr_epi_tech_gbp_12m_pct,pandemic_2020_2022,4,0.2989513814461382,0.22846479824153093,0.5,1.0,18,29,12
prewhitened_ar,headline_12m_pct,kr_epi_tech_gbp_12m_pct,pandemic_2020_2022,5,0.0031163202070168656,-0.01267435403325832,1.0,1.0,18,28,12
prewhitened_ar,headline_12m_pct,kr_epi_tech_gbp_12m_pct,pandemic_2020_2022,6,-0.3047640133635466,-0.36311122985844096,0.5,1.0,18,27,12
prewhitened_ar,headline_12m_pct,kr_epi_tech_gbp_12m_pct,pandemic_2020_2022,7,-0.26183157430647946,-0.4323588783042522,0.5,1.0,18,26,12
prewhitened_ar,headline_12m_pct,kr_epi_tech_gbp_12m_pct,pandemic_2020_2022,8,0.1408139930415719,0.0441413768874575,0.5,1.0,18,25,12
prewhitened_ar,headline_12m_pct,kr_epi_tech_gbp_12m_pct,pandemic_2020_2022,9,-0.1291148158445169,-0.16833786277574855,1.0,1.0,18,24,12
prewhitened_ar,headline_12m_pct,kr_epi_tech_gbp_12m_pct,pandemic_2020_2022,10,0.30181503172411756,0.23815548847804416,1.0,1.0,18,23,12
prewhitened_ar,headline_12m_pct,kr_epi_tech_gbp_12m_pct,pandemic_2020_2022,11,0.15146214669933147,0.08224784223268475,1.0,1.0,18,22,12
prewhitened_ar,headline_12m_pct,kr_epi_tech_gbp_12m_pct,pandemic_2020_2022,12,0.1643851579117544,0.3517329442870942,0.5,1.0,18,21,12
prewhitened_ar,headline_12m_pct,kr_epi_tech_gbp_12m_pct,pandemic_2020_2022,13,-0.23072261167541638,-0.2429396695194298,1.0,1.0,18,20,12
prewhitened_ar,headline_12m_pct,kr_epi_tech_gbp_12m_pct,pandemic_2020_2022,14,-0.0401887016067478,-0.17429378596661144,0.5,1.0,18,19,12
prewhitened_ar,headline_12m_pct,kr_epi_tech_gbp_12m_pct,pandemic_2020_2022,15,0.1059359924963283,0.13792177653896676,1.0,1.0,18,18,12
prewhitened_ar,headline_12m_pct,kr_epi_tech_gbp_12m_pct,pandemic_2020_2022,16,-0.37647502790948045,-0.2979927774767317,1.0,1.0,18,17,12
prewhitened_ar,headline_12m_pct,kr_epi_tech_gbp_12m_pct,pandemic_2020_2022,17,-0.06758202738870345,-0.023001224369000976,1.0,1.0,18,16,12
prewhitened_ar,headline_12m_pct,kr_epi_tech_gbp_12m_pct,pandemic_2020_2022,18,0.05152357669947046,0.05152357669947046,1.0,1.0,18,15,12
prewhitened_ar,headline_12m_pct,kr_epi_tech_gbp_12m_pct,post_2022,0,0.046608802082845915,-0.2617522485551972,1.0,1.0,18,26,12
prewhitened_ar,headline_12m_pct,kr_epi_tech_gbp_12m_pct,post_2022,1,-0.036424672245708924,-0.3988301195864557,1.0,1.0,18,25,12
prewhitened_ar,headline_12m_pct,kr_epi_tech_gbp_12m_pct,post_2022,2,-0.20572709331348624,-0.5904158621966462,0.5,1.0,18,24,12
prewhitened_ar,headline_12m_pct,kr_epi_tech_gbp_12m_pct,post_2022,3,-0.014024700245337326,0.14967402325735824,0.5,1.0,18,23,12
prewhitened_ar,headline_12m_pct,kr_epi_tech_gbp_12m_pct,post_2022,4,-0.09259195195805345,0.34833824503219796,1.0,1.0,18,22,12
prewhitened_ar,headline_12m_pct,kr_epi_tech_gbp_12m_pct,post_2022,5,0.4070824242170425,0.43792966576265346,1.0,1.0,18,21,12
prewhitened_ar,headline_12m_pct,kr_epi_tech_gbp_12m_pct,post_2022,6,-0.07784918055888092,-0.8307584907358372,0.5,0.5,18,20,12
prewhitened_ar,headline_12m_pct,kr_epi_tech_gbp_12m_pct,post_2022,7,-0.3835351860712457,-0.20759951992154319,0.5,1.0,18,19,12
prewhitened_ar,headline_12m_pct,kr_epi_tech_gbp_12m_pct,post_2022,8,0.2108106075250491,0.3965936344528617,0.5,1.0,18,18,12
prewhitened_ar,headline_12m_pct,kr_epi_tech_gbp_12m_pct,post_2022,9,-0.01992004610056514,-0.04712202806350589,1.0,1.0,18,17,12
prewhitened_ar,headline_12m_pct,kr_epi_tech_gbp_12m_pct,post_2022,10,-0.2576459823496892,0.2761312424215214,1.0,1.0,18,16,12
prewhitened_ar,headline_12m_pct,kr_epi_tech_gbp_12m_pct,post_2022,11,0.1777774893603347,0.07125331160397944,1.0,1.0,18,15,12
prewhitened_ar,headline_12m_pct,kr_epi_tech_gbp_12m_pct,post_2022,12,-0.05675814738525605,-0.2577904595209652,1.0,1.0,18,14,12
prewhitened_ar,headline_12m_pct,kr_epi_tech_gbp_12m_pct,post_2022,13,0.26914511443247935,-0.06536570681620064,1.0,1.0,18,13,12
prewhitened_ar,headline_12m_pct,kr_epi_tech_gbp_12m_pct,post_2022,14,-0.19328810351682257,0.03157289038900075,1.0,1.0,18,12,12
prewhitened_ar,headline_12m_pct,kr_epi_tech_gbp_12m_pct,post_2022,15,0.3147260125795921,0.08489028805231183,1.0,1.0,18,11,12
prewhitened_ar,headline_12m_pct,kr_epi_tech_gbp_12m_pct,post_2022,16,0.33401748076106624,0.6103125526615218,0.5,1.0,18,10,12
prewhitened_ar,headline_12m_pct,kr_epi_tech_gbp_12m_pct,post_2022,17,0.3903020516363136,0.4050870588030442,0.5,1.0,18,9,12
prewhitened_ar,headline_12m_pct,kr_epi_tech_gbp_12m_pct,post_2022,18,-0.18274675083046468,-0.18274675083046468,0.5,1.0,18,8,12
prewhitened_ar,headline_12m_pct,cn_ppi_tech_gbp_12m_pct,full,0,0.009758921095070183,-0.12070453831827685,0.4,1.0,18,46,12
prewhitened_ar,headline_12m_pct,cn_ppi_tech_gbp_12m_pct,full,1,0.19854709045698934,0.14943621218958772,0.2,1.0,18,45,12
prewhitened_ar,headline_12m_pct,cn_ppi_tech_gbp_12m_pct,full,2,-0.222831746733543,-0.2496154557679512,0.2,1.0,18,44,12
prewhitened_ar,headline_12m_pct,cn_ppi_tech_gbp_12m_pct,full,3,-0.06569312222549831,-0.13264611845858587,0.4,1.0,18,43,12
prewhitened_ar,headline_12m_pct,cn_ppi_tech_gbp_12m_pct,full,4,-0.10041892161621087,-0.05977855313471725,0.6,1.0,18,42,12
prewhitened_ar,headline_12m_pct,cn_ppi_tech_gbp_12m_pct,full,5,-0.018834164912962012,-0.0044600173871045135,1.0,1.0,18,41,12
prewhitened_ar,headline_12m_pct,cn_ppi_tech_gbp_12m_pct,full,6,-0.2818884423083916,-0.5357270792721336,0.2,0.2,18,40,12
prewhitened_ar,headline_12m_pct,cn_ppi_tech_gbp_12m_pct,full,7,0.06005511643833613,0.025867478547907934,1.0,1.0,18,39,12
prewhitened_ar,headline_12m_pct,cn_ppi_tech_gbp_12m_pct,full,8,0.09493736084208608,0.012852632229300772,1.0,1.0,18,38,12
prewhitened_ar,headline_12m_pct,cn_ppi_tech_gbp_12m_pct,full,9,0.3428083845693694,0.364792749963215,0.2,0.4,18,37,12
prewhitened_ar,headline_12m_pct,cn_ppi_tech_gbp_12m_pct,full,10,0.28362560161400224,0.2711825906838016,0.2,1.0,18,36,12
prewhitened_ar,headline_12m_pct,cn_ppi_tech_gbp_12m_pct,full,11,-0.029542785906903193,-0.017872316849048494,1.0,1.0,18,35,12
prewhitened_ar,headline_12m_pct,cn_ppi_tech_gbp_12m_pct,full,12,0.3973855562429371,0.3798680367508845,0.2,0.4,18,34,12
prewhitened_ar,headline_12m_pct,cn_ppi_tech_gbp_12m_pct,full,13,0.21764436186911013,0.21604829566306927,0.4,1.0,18,33,12
prewhitened_ar,headline_12m_pct,cn_ppi_tech_gbp_12m_pct,full,14,-0.007936221131664369,-0.021897070271690126,0.8,1.0,18,32,12
prewhitened_ar,headline_12m_pct,cn_ppi_tech_gbp_12m_pct,full,15,0.3323015188247793,0.3062177637975309,0.2,1.0,18,31,12
prewhitened_ar,headline_12m_pct,cn_ppi_tech_gbp_12m_pct,full,16,-0.03488396888155881,-0.05431150138889021,0.8,1.0,18,30,12
prewhitened_ar,headline_12m_pct,cn_ppi_tech_gbp_12m_pct,full,17,0.02685496257385951,0.028692934299710288,1.0,1.0,18,29,12
prewhitened_ar,headline_12m_pct,cn_ppi_tech_gbp_12m_pct,full,18,0.08719758931609706,0.08719758931609706,0.6,1.0,18,28,12
prewhitened_ar,headline_12m_pct,cn_ppi_tech_gbp_12m_pct,post_2022,0,-0.08220168573272836,-0.30089686126405324,1.0,1.0,18,36,12
prewhitened_ar,headline_12m_pct,cn_ppi_tech_gbp_12m_pct,post_2022,1,0.08317951959508435,-0.02915186584707712,0.5,1.0,18,35,12
prewhitened_ar,headline_12m_pct,cn_ppi_tech_gbp_12m_pct,post_2022,2,-0.20681843939619535,-0.2259242861590985,0.5,1.0,18,34,12
prewhitened_ar,headline_12m_pct,cn_ppi_tech_gbp_12m_pct,post_2022,3,0.04210125663278678,0.012755719123265745,1.0,1.0,18,33,12
prewhitened_ar,headline_12m_pct,cn_ppi_tech_gbp_12m_pct,post_2022,4,-0.11715948954231105,-0.03587471795025638,1.0,1.0,18,32,12
prewhitened_ar,headline_12m_pct,cn_ppi_tech_gbp_12m_pct,post_2022,5,0.08395706657579319,0.20335397881167908,0.5,1.0,18,31,12
prewhitened_ar,headline_12m_pct,cn_ppi_tech_gbp_12m_pct,post_2022,6,-0.2424878585630641,-0.5997162164251284,0.5,0.5,18,30,12
prewhitened_ar,headline_12m_pct,cn_ppi_tech_gbp_12m_pct,post_2022,7,0.1807946544147507,0.2391212446728816,0.5,1.0,18,29,12
prewhitened_ar,headline_12m_pct,cn_ppi_tech_gbp_12m_pct,post_2022,8,0.011470987786304438,-0.0944079406677982,1.0,1.0,18,28,12
prewhitened_ar,headline_12m_pct,cn_ppi_tech_gbp_12m_pct,post_2022,9,0.27572491605346794,0.3406057607189285,0.5,1.0,18,27,12
prewhitened_ar,headline_12m_pct,cn_ppi_tech_gbp_12m_pct,post_2022,10,0.3220497705904166,0.35787847453081767,0.5,1.0,18,26,12
prewhitened_ar,headline_12m_pct,cn_ppi_tech_gbp_12m_pct,post_2022,11,-0.22926463382056728,-0.20424996818178656,1.0,1.0,18,25,12
prewhitened_ar,headline_12m_pct,cn_ppi_tech_gbp_12m_pct,post_2022,12,0.45476378387372896,0.4647677992795371,0.5,1.0,18,24,12
prewhitened_ar,headline_12m_pct,cn_ppi_tech_gbp_12m_pct,post_2022,13,-0.07261250521844634,-0.06696042600816826,1.0,1.0,18,23,12
prewhitened_ar,headline_12m_pct,cn_ppi_tech_gbp_12m_pct,post_2022,14,-0.07214334590838022,-0.07078986423728854,1.0,1.0,18,22,12
prewhitened_ar,headline_12m_pct,cn_ppi_tech_gbp_12m_pct,post_2022,15,0.2173758669695476,0.17870798524694367,1.0,1.0,18,21,12
prewhitened_ar,headline_12m_pct,cn_ppi_tech_gbp_12m_pct,post_2022,16,-0.23273945523332787,-0.2750810260198998,0.5,1.0,18,20,12
prewhitened_ar,headline_12m_pct,cn_ppi_tech_gbp_12m_pct,post_2022,17,-0.28591347258245436,-0.28954409252374697,0.5,1.0,18,19,12
prewhitened_ar,headline_12m_pct,cn_ppi_tech_gbp_12m_pct,post_2022,18,0.0039890955354172615,0.0039890955354172615,1.0,1.0,18,18,12
prewhitened_ar,headline_12m_pct,tw_epi_integrated_circuits_gbp_12m_pct,full,0,0.031408912272187034,-0.009259067685918247,0.9594594594594594,1.0,18,115,12
prewhitened_ar,headline_12m_pct,tw_epi_integrated_circuits_gbp_12m_pct,full,1,0.08982992694572652,0.016623189727645458,0.9054054054054054,1.0,18,114,12
prewhitened_ar,headline_12m_pct,tw_epi_integrated_circuits_gbp_12m_pct,full,2,-0.059951831976548145,-0.07785377801450143,0.527027027027027,1.0,18,113,12
prewhitened_ar,headline_12m_pct,tw_epi_integrated_circuits_gbp_12m_pct,full,3,0.10195821070929081,0.0907563625813947,0.5,1.0,18,112,12
prewhitened_ar,headline_12m_pct,tw_epi_integrated_circuits_gbp_12m_pct,full,4,0.00824627733882059,-0.011111167104204319,0.9324324324324325,1.0,18,111,12
prewhitened_ar,headline_12m_pct,tw_epi_integrated_circuits_gbp_12m_pct,full,5,0.15900937384917543,0.16156753905687501,0.20270270270270271,0.9864864864864865,18,110,12
prewhitened_ar,headline_12m_pct,tw_epi_integrated_circuits_gbp_12m_pct,full,6,-0.2170080216806234,-0.25125432346290105,0.02702702702702703,0.22972972972972974,18,109,12
prewhitened_ar,headline_12m_pct,tw_epi_integrated_circuits_gbp_12m_pct,full,7,-0.02214570552871176,-0.029481681725596915,0.7297297297297297,1.0,18,108,12
prewhitened_ar,headline_12m_pct,tw_epi_integrated_circuits_gbp_12m_pct,full,8,0.05359900841224568,0.04943100473169753,0.6621621621621622,1.0,18,107,12
prewhitened_ar,headline_12m_pct,tw_epi_integrated_circuits_gbp_12m_pct,full,9,0.11570612335386127,0.08353965568042515,0.4864864864864865,1.0,18,106,12
prewhitened_ar,headline_12m_pct,tw_epi_integrated_circuits_gbp_12m_pct,full,10,0.032069918844204424,-0.003650712764191558,0.972972972972973,1.0,18,105,12
prewhitened_ar,headline_12m_pct,tw_epi_integrated_circuits_gbp_12m_pct,full,11,0.2042786671812962,0.17590838987821844,0.13513513513513514,0.8378378378378378,18,104,12
prewhitened_ar,headline_12m_pct,tw_epi_integrated_circuits_gbp_12m_pct,full,12,0.1338969376724663,0.1537613441792775,0.24324324324324326,1.0,18,103,12
prewhitened_ar,headline_12m_pct,tw_epi_integrated_circuits_gbp_12m_pct,full,13,-0.10621101094942259,-0.10754424997206821,0.3783783783783784,1.0,18,102,12
prewhitened_ar,headline_12m_pct,tw_epi_integrated_circuits_gbp_12m_pct,full,14,-0.025730213750824037,-0.00896957583975074,0.918918918918919,1.0,18,101,12
prewhitened_ar,headline_12m_pct,tw_epi_integrated_circuits_gbp_12m_pct,full,15,-0.036924594419805154,-0.0432517686218357,0.7162162162162162,1.0,18,100,12
prewhitened_ar,headline_12m_pct,tw_epi_integrated_circuits_gbp_12m_pct,full,16,0.02463786993813376,0.036147611497305,0.7702702702702703,1.0,18,99,12
prewhitened_ar,headline_12m_pct,tw_epi_integrated_circuits_gbp_12m_pct,full,17,0.13176912776571612,0.12888211471185057,0.2702702702702703,1.0,18,98,12
prewhitened_ar,headline_12m_pct,tw_epi_integrated_circuits_gbp_12m_pct,full,18,0.13849234947738795,0.13849234947738795,0.24324324324324326,1.0,18,97,12
prewhitened_ar,headline_12m_pct,tw_epi_integrated_circuits_gbp_12m_pct,pre_2020,0,0.012968591734432995,-0.07299643139270981,1.0,1.0,18,36,12
prewhitened_ar,headline_12m_pct,tw_epi_integrated_circuits_gbp_12m_pct,pre_2020,1,0.04304620864687551,-0.1689842304206458,0.5,1.0,18,35,12
prewhitened_ar,headline_12m_pct,tw_epi_integrated_circuits_gbp_12m_pct,pre_2020,2,-0.12300048773681434,-0.03244897806272308,1.0,1.0,18,34,12
prewhitened_ar,headline_12m_pct,tw_epi_integrated_circuits_gbp_12m_pct,pre_2020,3,0.16551787654255162,0.125192077436577,1.0,1.0,18,33,12
prewhitened_ar,headline_12m_pct,tw_epi_integrated_circuits_gbp_12m_pct,pre_2020,4,-0.1980686668201949,-0.12326231838721337,0.5,1.0,18,32,12
prewhitened_ar,headline_12m_pct,tw_epi_integrated_circuits_gbp_12m_pct,pre_2020,5,0.3145630240198985,0.4085418439558502,0.5,1.0,18,31,12
prewhitened_ar,headline_12m_pct,tw_epi_integrated_circuits_gbp_12m_pct,pre_2020,6,-0.04285282787866717,-0.11434363341707422,0.5,1.0,18,30,12
prewhitened_ar,headline_12m_pct,tw_epi_integrated_circuits_gbp_12m_pct,pre_2020,7,0.10882911550101605,0.05304510128900633,1.0,1.0,18,29,12
prewhitened_ar,headline_12m_pct,tw_epi_integrated_circuits_gbp_12m_pct,pre_2020,8,0.05721596978213155,0.0674687606081483,0.5,1.0,18,28,12
prewhitened_ar,headline_12m_pct,tw_epi_integrated_circuits_gbp_12m_pct,pre_2020,9,-0.06675127837310642,-0.07041400858651076,1.0,1.0,18,27,12
prewhitened_ar,headline_12m_pct,tw_epi_integrated_circuits_gbp_12m_pct,pre_2020,10,-0.06155444492293563,-0.12689745147319598,0.5,1.0,18,26,12
prewhitened_ar,headline_12m_pct,tw_epi_integrated_circuits_gbp_12m_pct,pre_2020,11,0.13655221293609057,0.0898939687905809,1.0,1.0,18,25,12
prewhitened_ar,headline_12m_pct,tw_epi_integrated_circuits_gbp_12m_pct,pre_2020,12,0.06793375077229216,0.15857387905201017,1.0,1.0,18,24,12
prewhitened_ar,headline_12m_pct,tw_epi_integrated_circuits_gbp_12m_pct,pre_2020,13,-0.24760014904326785,-0.2905839821122642,0.5,1.0,18,23,12
prewhitened_ar,headline_12m_pct,tw_epi_integrated_circuits_gbp_12m_pct,pre_2020,14,0.11580862525869144,0.08395180251120592,0.5,1.0,18,22,12
prewhitened_ar,headline_12m_pct,tw_epi_integrated_circuits_gbp_12m_pct,pre_2020,15,-0.07428041983821544,-0.07324253176244327,0.5,1.0,18,21,12
prewhitened_ar,headline_12m_pct,tw_epi_integrated_circuits_gbp_12m_pct,pre_2020,16,-0.03374873847612263,-0.02756497129471315,1.0,1.0,18,20,12
prewhitened_ar,headline_12m_pct,tw_epi_integrated_circuits_gbp_12m_pct,pre_2020,17,-0.04193705026792291,-0.052689153529228636,0.5,1.0,18,19,12
prewhitened_ar,headline_12m_pct,tw_epi_integrated_circuits_gbp_12m_pct,pre_2020,18,-0.14188898634417324,-0.14188898634417324,0.5,1.0,18,18,12
prewhitened_ar,headline_12m_pct,tw_epi_integrated_circuits_gbp_12m_pct,pandemic_2020_2022,0,-0.02130852662231456,-0.3355299486102708,1.0,1.0,18,36,12
prewhitened_ar,headline_12m_pct,tw_epi_integrated_circuits_gbp_12m_pct,pandemic_2020_2022,1,-0.03333906010973082,-0.19141750829111578,0.5,1.0,18,35,12
prewhitened_ar,headline_12m_pct,tw_epi_integrated_circuits_gbp_12m_pct,pandemic_2020_2022,2,-0.14608715552861967,0.06638326058628732,1.0,1.0,18,34,12
prewhitened_ar,headline_12m_pct,tw_epi_integrated_circuits_gbp_12m_pct,pandemic_2020_2022,3,-0.11970595760285506,0.10182093476065714,0.5,1.0,18,33,12
prewhitened_ar,headline_12m_pct,tw_epi_integrated_circuits_gbp_12m_pct,pandemic_2020_2022,4,0.2240240965793451,0.13771978429137968,1.0,1.0,18,32,12
prewhitened_ar,headline_12m_pct,tw_epi_integrated_circuits_gbp_12m_pct,pandemic_2020_2022,5,0.24245637420588317,0.2986849514428179,0.5,1.0,18,31,12
prewhitened_ar,headline_12m_pct,tw_epi_integrated_circuits_gbp_12m_pct,pandemic_2020_2022,6,-0.3850943748600863,-0.3336666181662287,0.5,1.0,18,30,12
prewhitened_ar,headline_12m_pct,tw_epi_integrated_circuits_gbp_12m_pct,pandemic_2020_2022,7,-0.4482286489123186,-0.4154500563158303,0.5,1.0,18,29,12
prewhitened_ar,headline_12m_pct,tw_epi_integrated_circuits_gbp_12m_pct,pandemic_2020_2022,8,-0.06959788326693178,0.06553141989386599,1.0,1.0,18,28,12
prewhitened_ar,headline_12m_pct,tw_epi_integrated_circuits_gbp_12m_pct,pandemic_2020_2022,9,-0.16136927896078251,-0.10973977011429537,0.5,1.0,18,27,12
prewhitened_ar,headline_12m_pct,tw_epi_integrated_circuits_gbp_12m_pct,pandemic_2020_2022,10,0.12704815290276425,0.23070305783622921,0.5,1.0,18,26,12
prewhitened_ar,headline_12m_pct,tw_epi_integrated_circuits_gbp_12m_pct,pandemic_2020_2022,11,0.25679059441025126,0.45535175698677494,0.5,1.0,18,25,12
prewhitened_ar,headline_12m_pct,tw_epi_integrated_circuits_gbp_12m_pct,pandemic_2020_2022,12,0.06064166686538094,0.35151127019579415,0.5,1.0,18,24,12
prewhitened_ar,headline_12m_pct,tw_epi_integrated_circuits_gbp_12m_pct,pandemic_2020_2022,13,-0.2912098728083869,-0.20171622034191244,0.5,1.0,18,23,12
prewhitened_ar,headline_12m_pct,tw_epi_integrated_circuits_gbp_12m_pct,pandemic_2020_2022,14,-0.1321785017145989,-0.15746846776720658,1.0,1.0,18,22,12
prewhitened_ar,headline_12m_pct,tw_epi_integrated_circuits_gbp_12m_pct,pandemic_2020_2022,15,-0.12507863134456246,-0.12733490724973376,0.5,1.0,18,21,12
prewhitened_ar,headline_12m_pct,tw_epi_integrated_circuits_gbp_12m_pct,pandemic_2020_2022,16,-0.5668895744995195,-0.5549105996567949,0.5,1.0,18,20,12
prewhitened_ar,headline_12m_pct,tw_epi_integrated_circuits_gbp_12m_pct,pandemic_2020_2022,17,0.12679558291822887,0.16308609806665406,0.5,1.0,18,19,12
prewhitened_ar,headline_12m_pct,tw_epi_integrated_circuits_gbp_12m_pct,pandemic_2020_2022,18,0.17568485801578443,0.17568485801578443,0.5,1.0,18,18,12
prewhitened_ar,headline_12m_pct,tw_epi_integrated_circuits_gbp_12m_pct,post_2022,0,0.0401890212156921,-0.1440057112741257,0.5,1.0,18,43,12
prewhitened_ar,headline_12m_pct,tw_epi_integrated_circuits_gbp_12m_pct,post_2022,1,0.2390878612823498,0.011758918977032387,1.0,1.0,18,42,12
prewhitened_ar,headline_12m_pct,tw_epi_integrated_circuits_gbp_12m_pct,post_2022,2,0.0185294797456268,-0.010732584893290311,1.0,1.0,18,41,12
prewhitened_ar,headline_12m_pct,tw_epi_integrated_circuits_gbp_12m_pct,post_2022,3,0.2440421584536104,0.2835630394117156,0.5,1.0,18,40,12
prewhitened_ar,headline_12m_pct,tw_epi_integrated_circuits_gbp_12m_pct,post_2022,4,-0.062380946361205954,-0.17848156386629524,1.0,1.0,18,39,12
prewhitened_ar,headline_12m_pct,tw_epi_integrated_circuits_gbp_12m_pct,post_2022,5,0.009835032984627106,-0.002118481904138658,1.0,1.0,18,38,12
prewhitened_ar,headline_12m_pct,tw_epi_integrated_circuits_gbp_12m_pct,post_2022,6,-0.24953856064516278,-0.35394423462591057,0.5,1.0,18,37,12
prewhitened_ar,headline_12m_pct,tw_epi_integrated_circuits_gbp_12m_pct,post_2022,7,0.17226501486679469,0.28486395766278233,0.5,1.0,18,36,12
prewhitened_ar,headline_12m_pct,tw_epi_integrated_circuits_gbp_12m_pct,post_2022,8,-0.041149889372608814,-0.037831307439636176,0.5,1.0,18,35,12
prewhitened_ar,headline_12m_pct,tw_epi_integrated_circuits_gbp_12m_pct,post_2022,9,0.31296235359419916,0.2779594247667574,0.5,1.0,18,34,12
prewhitened_ar,headline_12m_pct,tw_epi_integrated_circuits_gbp_12m_pct,post_2022,10,0.12648137523534755,0.03762995406639184,1.0,1.0,18,33,12
prewhitened_ar,headline_12m_pct,tw_epi_integrated_circuits_gbp_12m_pct,post_2022,11,0.1370021663088701,0.014066190348981536,1.0,1.0,18,32,12
prewhitened_ar,headline_12m_pct,tw_epi_integrated_circuits_gbp_12m_pct,post_2022,12,-0.05945537770324,0.06228796974515445,1.0,1.0,18,31,12
prewhitened_ar,headline_12m_pct,tw_epi_integrated_circuits_gbp_12m_pct,post_2022,13,-0.12618594094514513,-0.08443442611675134,1.0,1.0,18,30,12
prewhitened_ar,headline_12m_pct,tw_epi_integrated_circuits_gbp_12m_pct,post_2022,14,-0.2770449551081237,-0.18027084724368939,0.5,1.0,18,29,12
prewhitened_ar,headline_12m_pct,tw_epi_integrated_circuits_gbp_12m_pct,post_2022,15,0.08772437300438454,0.13062515876704114,1.0,1.0,18,28,12
prewhitened_ar,headline_12m_pct,tw_epi_integrated_circuits_gbp_12m_pct,post_2022,16,0.09296237665172238,0.20242017588798492,0.5,1.0,18,27,12
prewhitened_ar,headline_12m_pct,tw_epi_integrated_circuits_gbp_12m_pct,post_2022,17,0.10684379329840432,0.11286039507227347,1.0,1.0,18,26,12
prewhitened_ar,headline_12m_pct,tw_epi_integrated_circuits_gbp_12m_pct,post_2022,18,0.15958164104099704,0.15958164104099704,0.5,1.0,18,25,12
prewhitened_ar,headline_12m_pct,hk_ppi_tech_gbp_12m_pct,full,0,0.026294082225380256,0.08529216626618898,0.527027027027027,1.0,18,115,12
prewhitened_ar,headline_12m_pct,hk_ppi_tech_gbp_12m_pct,full,1,-0.15823046604800892,-0.0967687508578532,0.5135135135135135,1.0,18,114,12
prewhitened_ar,headline_12m_pct,hk_ppi_tech_gbp_12m_pct,full,2,-0.13752801019003805,-0.16384265562458564,0.22972972972972974,1.0,18,113,12
prewhitened_ar,headline_12m_pct,hk_ppi_tech_gbp_12m_pct,full,3,-0.07709673640869455,-0.12248553033394238,0.40540540540540543,1.0,18,112,12
prewhitened_ar,headline_12m_pct,hk_ppi_tech_gbp_12m_pct,full,4,0.16219585277495047,0.07186833703486785,0.6081081081081081,1.0,18,111,12
prewhitened_ar,headline_12m_pct,hk_ppi_tech_gbp_12m_pct,full,5,0.05527673091396848,0.12051958332463003,0.3918918918918919,1.0,18,110,12
prewhitened_ar,headline_12m_pct,hk_ppi_tech_gbp_12m_pct,full,6,0.08828634673781297,0.08309653514159318,0.5135135135135135,1.0,18,109,12
prewhitened_ar,headline_12m_pct,hk_ppi_tech_gbp_12m_pct,full,7,0.01784695600030889,0.08097657935461182,0.5135135135135135,1.0,18,108,12
prewhitened_ar,headline_12m_pct,hk_ppi_tech_gbp_12m_pct,full,8,-0.025089141739632295,-0.04819272464751109,0.7297297297297297,1.0,18,107,12
prewhitened_ar,headline_12m_pct,hk_ppi_tech_gbp_12m_pct,full,9,-0.01859518484930003,0.028323576255096062,0.7702702702702703,1.0,18,106,12
prewhitened_ar,headline_12m_pct,hk_ppi_tech_gbp_12m_pct,full,10,-0.11979335181282764,-0.0837456083944859,0.5405405405405406,1.0,18,105,12
prewhitened_ar,headline_12m_pct,hk_ppi_tech_gbp_12m_pct,full,11,-0.038109307947322466,-0.05330057640616602,0.6891891891891891,1.0,18,104,12
prewhitened_ar,headline_12m_pct,hk_ppi_tech_gbp_12m_pct,full,12,-0.02509620340220632,-0.031344639690346884,0.7837837837837838,1.0,18,103,12
prewhitened_ar,headline_12m_pct,hk_ppi_tech_gbp_12m_pct,full,13,0.18204641100104133,0.16980276825326288,0.17567567567567569,1.0,18,102,12
prewhitened_ar,headline_12m_pct,hk_ppi_tech_gbp_12m_pct,full,14,0.04371061759667741,0.06200252661280302,0.7027027027027027,1.0,18,101,12
prewhitened_ar,headline_12m_pct,hk_ppi_tech_gbp_12m_pct,full,15,0.08473927446941146,0.06673615143162612,0.6756756756756757,1.0,18,100,12
prewhitened_ar,headline_12m_pct,hk_ppi_tech_gbp_12m_pct,full,16,-0.1760869981493065,-0.1728901015021901,0.21621621621621623,0.9594594594594594,18,99,12
prewhitened_ar,headline_12m_pct,hk_ppi_tech_gbp_12m_pct,full,17,-0.10162584106124738,-0.10244000855544745,0.5135135135135135,1.0,18,98,12
prewhitened_ar,headline_12m_pct,hk_ppi_tech_gbp_12m_pct,full,18,0.04654461886723053,0.04654461886723053,0.7162162162162162,1.0,18,97,12
prewhitened_ar,headline_12m_pct,hk_ppi_tech_gbp_12m_pct,pre_2020,0,0.051963637782868305,0.19720757406870734,0.5,1.0,18,36,12
prewhitened_ar,headline_12m_pct,hk_ppi_tech_gbp_12m_pct,pre_2020,1,-0.05922693431842268,-0.20233573867991608,1.0,1.0,18,35,12
prewhitened_ar,headline_12m_pct,hk_ppi_tech_gbp_12m_pct,pre_2020,2,-0.07768107324053243,-0.17053559879278035,0.5,1.0,18,34,12
prewhitened_ar,headline_12m_pct,hk_ppi_tech_gbp_12m_pct,pre_2020,3,0.13201568879632608,-0.027965314227903583,1.0,1.0,18,33,12
prewhitened_ar,headline_12m_pct,hk_ppi_tech_gbp_12m_pct,pre_2020,4,-0.006354483099257849,-0.1553035141952235,0.5,1.0,18,32,12
prewhitened_ar,headline_12m_pct,hk_ppi_tech_gbp_12m_pct,pre_2020,5,0.09749236257877465,0.21029032993271357,0.5,1.0,18,31,12
prewhitened_ar,headline_12m_pct,hk_ppi_tech_gbp_12m_pct,pre_2020,6,0.06426796048200228,0.2381845384559024,1.0,1.0,18,30,12
prewhitened_ar,headline_12m_pct,hk_ppi_tech_gbp_12m_pct,pre_2020,7,-0.24089861445519595,-0.23150758900117313,0.5,1.0,18,29,12
prewhitened_ar,headline_12m_pct,hk_ppi_tech_gbp_12m_pct,pre_2020,8,-0.046465596741796907,-0.2180618918035933,0.5,1.0,18,28,12
prewhitened_ar,headline_12m_pct,hk_ppi_tech_gbp_12m_pct,pre_2020,9,0.1665551865696122,0.2886534161026352,0.5,0.5,18,27,12
prewhitened_ar,headline_12m_pct,hk_ppi_tech_gbp_12m_pct,pre_2020,10,0.11030719276107478,-0.030506030483475628,1.0,1.0,18,26,12
prewhitened_ar,headline_12m_pct,hk_ppi_tech_gbp_12m_pct,pre_2020,11,-0.23168712190571544,-0.1833412513471554,1.0,1.0,18,25,12
prewhitened_ar,headline_12m_pct,hk_ppi_tech_gbp_12m_pct,pre_2020,12,-0.18387004819203567,-0.18004062679665367,1.0,1.0,18,24,12
prewhitened_ar,headline_12m_pct,hk_ppi_tech_gbp_12m_pct,pre_2020,13,-0.1575195075924308,-0.12091250975566245,1.0,1.0,18,23,12
prewhitened_ar,headline_12m_pct,hk_ppi_tech_gbp_12m_pct,pre_2020,14,0.024431173962779294,0.12254372665561071,1.0,1.0,18,22,12
prewhitened_ar,headline_12m_pct,hk_ppi_tech_gbp_12m_pct,pre_2020,15,0.10912263203267346,0.23424643617019208,1.0,1.0,18,21,12
prewhitened_ar,headline_12m_pct,hk_ppi_tech_gbp_12m_pct,pre_2020,16,0.054412894481241154,0.08073175065987455,0.5,1.0,18,20,12
prewhitened_ar,headline_12m_pct,hk_ppi_tech_gbp_12m_pct,pre_2020,17,-0.09969506198257327,-0.08620193021181331,1.0,1.0,18,19,12
prewhitened_ar,headline_12m_pct,hk_ppi_tech_gbp_12m_pct,pre_2020,18,0.35063422209238876,0.35063422209238876,0.5,0.5,18,18,12
prewhitened_ar,headline_12m_pct,hk_ppi_tech_gbp_12m_pct,pandemic_2020_2022,0,0.14147248698275483,0.33098988038237376,0.5,1.0,18,36,12
prewhitened_ar,headline_12m_pct,hk_ppi_tech_gbp_12m_pct,pandemic_2020_2022,1,0.20186931210660608,0.12629390503057242,1.0,1.0,18,35,12
prewhitened_ar,headline_12m_pct,hk_ppi_tech_gbp_12m_pct,pandemic_2020_2022,2,-0.29840955117691487,-0.23566545630944505,1.0,1.0,18,34,12
prewhitened_ar,headline_12m_pct,hk_ppi_tech_gbp_12m_pct,pandemic_2020_2022,3,-0.3565400846127223,-0.43986392922398826,0.5,1.0,18,33,12
prewhitened_ar,headline_12m_pct,hk_ppi_tech_gbp_12m_pct,pandemic_2020_2022,4,-0.10403576238705607,0.028045357074276717,1.0,1.0,18,32,12
prewhitened_ar,headline_12m_pct,hk_ppi_tech_gbp_12m_pct,pandemic_2020_2022,5,-0.00203705152374959,0.15000091303233837,0.5,1.0,18,31,12
prewhitened_ar,headline_12m_pct,hk_ppi_tech_gbp_12m_pct,pandemic_2020_2022,6,0.14625122838510504,0.2566054343880614,0.5,1.0,18,30,12
prewhitened_ar,headline_12m_pct,hk_ppi_tech_gbp_12m_pct,pandemic_2020_2022,7,0.4333902694827234,0.5380338205225891,0.5,0.5,18,29,12
prewhitened_ar,headline_12m_pct,hk_ppi_tech_gbp_12m_pct,pandemic_2020_2022,8,-0.08848344471333797,0.000689879841540053,1.0,1.0,18,28,12
prewhitened_ar,headline_12m_pct,hk_ppi_tech_gbp_12m_pct,pandemic_2020_2022,9,-0.20740401968337038,-0.18836061414671454,0.5,1.0,18,27,12
prewhitened_ar,headline_12m_pct,hk_ppi_tech_gbp_12m_pct,pandemic_2020_2022,10,-0.3960100339013128,-0.45982065406911315,0.5,0.5,18,26,12
prewhitened_ar,headline_12m_pct,hk_ppi_tech_gbp_12m_pct,pandemic_2020_2022,11,-0.17214528596293324,-0.21979242070183458,0.5,1.0,18,25,12
prewhitened_ar,headline_12m_pct,hk_ppi_tech_gbp_12m_pct,pandemic_2020_2022,12,0.005791158743312406,-0.022541019578833203,1.0,1.0,18,24,12
prewhitened_ar,headline_12m_pct,hk_ppi_tech_gbp_12m_pct,pandemic_2020_2022,13,0.14649651664452015,0.1631201716202283,0.5,1.0,18,23,12
prewhitened_ar,headline_12m_pct,hk_ppi_tech_gbp_12m_pct,pandemic_2020_2022,14,0.3673154846614555,0.4247146121332629,0.5,1.0,18,22,12
prewhitened_ar,headline_12m_pct,hk_ppi_tech_gbp_12m_pct,pandemic_2020_2022,15,0.03729761459075807,0.06671988015288448,1.0,1.0,18,21,12
prewhitened_ar,headline_12m_pct,hk_ppi_tech_gbp_12m_pct,pandemic_2020_2022,16,0.11947587972379517,0.1392266384026172,0.5,1.0,18,20,12
prewhitened_ar,headline_12m_pct,hk_ppi_tech_gbp_12m_pct,pandemic_2020_2022,17,-0.056873914328448495,-0.054419773478810426,1.0,1.0,18,19,12
prewhitened_ar,headline_12m_pct,hk_ppi_tech_gbp_12m_pct,pandemic_2020_2022,18,0.023259111794015633,0.023259111794015633,1.0,1.0,18,18,12
prewhitened_ar,headline_12m_pct,hk_ppi_tech_gbp_12m_pct,post_2022,0,-0.05284698283700069,0.07727250854146006,0.5,1.0,18,43,12
prewhitened_ar,headline_12m_pct,hk_ppi_tech_gbp_12m_pct,post_2022,1,-0.4782825215767144,-0.609513431056862,0.5,0.5,18,42,12
prewhitened_ar,headline_12m_pct,hk_ppi_tech_gbp_12m_pct,post_2022,2,-0.07884526096527812,-0.1232628523141659,0.5,1.0,18,41,12
prewhitened_ar,headline_12m_pct,hk_ppi_tech_gbp_12m_pct,post_2022,3,0.02428039018404997,-0.058028168728733204,1.0,1.0,18,40,12
prewhitened_ar,headline_12m_pct,hk_ppi_tech_gbp_12m_pct,post_2022,4,0.4096634080487661,0.23560288917298444,0.5,1.0,18,39,12
prewhitened_ar,headline_12m_pct,hk_ppi_tech_gbp_12m_pct,post_2022,5,0.012637568240263276,0.2056747235400574,0.5,1.0,18,38,12
prewhitened_ar,headline_12m_pct,hk_ppi_tech_gbp_12m_pct,post_2022,6,-0.031547336983576986,-0.21304769750107516,0.5,1.0,18,37,12
prewhitened_ar,headline_12m_pct,hk_ppi_tech_gbp_12m_pct,post_2022,7,-0.13869038720903365,-0.04104435234170615,1.0,1.0,18,36,12
prewhitened_ar,headline_12m_pct,hk_ppi_tech_gbp_12m_pct,post_2022,8,-0.02773536758969734,-0.12167117564895279,1.0,1.0,18,35,12
prewhitened_ar,headline_12m_pct,hk_ppi_tech_gbp_12m_pct,post_2022,9,0.005947791113373713,0.23243626885757362,0.5,1.0,18,34,12
prewhitened_ar,headline_12m_pct,hk_ppi_tech_gbp_12m_pct,post_2022,10,-0.24594632050988022,-0.14030969312467007,1.0,1.0,18,33,12
prewhitened_ar,headline_12m_pct,hk_ppi_tech_gbp_12m_pct,post_2022,11,0.19919820350299564,0.17491863108845504,0.5,1.0,18,32,12
prewhitened_ar,headline_12m_pct,hk_ppi_tech_gbp_12m_pct,post_2022,12,0.00021260269825177367,-0.07967946828933159,0.5,1.0,18,31,12
prewhitened_ar,headline_12m_pct,hk_ppi_tech_gbp_12m_pct,post_2022,13,0.44791712377530674,0.4003928622912055,0.5,1.0,18,30,12
prewhitened_ar,headline_12m_pct,hk_ppi_tech_gbp_12m_pct,post_2022,14,-0.1769686460109593,-0.18280699976175546,1.0,1.0,18,29,12
prewhitened_ar,headline_12m_pct,hk_ppi_tech_gbp_12m_pct,post_2022,15,0.10672551837483679,0.001961366795345217,1.0,1.0,18,28,12
prewhitened_ar,headline_12m_pct,hk_ppi_tech_gbp_12m_pct,post_2022,16,-0.47464435914097525,-0.5336068161830051,0.5,0.5,18,27,12
prewhitened_ar,headline_12m_pct,hk_ppi_tech_gbp_12m_pct,post_2022,17,-0.0599928209928799,-0.06003798286881374,1.0,1.0,18,26,12
prewhitened_ar,headline_12m_pct,hk_ppi_tech_gbp_12m_pct,post_2022,18,0.21339850260791474,0.21339850260791474,0.5,1.0,18,25,12
prewhitened_ar,headline_12m_pct,oecd_asia_c26_targeted_gbp_12m_pct,full,0,0.016615313465066377,-0.08352904488719028,1.0,1.0,18,35,12
prewhitened_ar,headline_12m_pct,oecd_asia_c26_targeted_gbp_12m_pct,full,1,0.030747193944748598,0.14181310401559272,1.0,1.0,18,34,12
prewhitened_ar,headline_12m_pct,oecd_asia_c26_targeted_gbp_12m_pct,full,2,-0.1615386304240654,-0.3247713935399688,0.5,1.0,18,33,12
prewhitened_ar,headline_12m_pct,oecd_asia_c26_targeted_gbp_12m_pct,full,3,0.05735945302386327,-0.11311968828850436,1.0,1.0,18,32,12
prewhitened_ar,headline_12m_pct,oecd_asia_c26_targeted_gbp_12m_pct,full,4,-0.05742230644516349,0.052880581580872575,1.0,1.0,18,31,12
prewhitened_ar,headline_12m_pct,oecd_asia_c26_targeted_gbp_12m_pct,full,5,0.15874008004742263,-0.008299402397311709,1.0,1.0,18,30,12
prewhitened_ar,headline_12m_pct,oecd_asia_c26_targeted_gbp_12m_pct,full,6,-0.48152632063023443,-0.5802981858093395,0.5,0.5,18,29,12
prewhitened_ar,headline_12m_pct,oecd_asia_c26_targeted_gbp_12m_pct,full,7,-0.1373566150683638,0.06387765761435067,1.0,1.0,18,28,12
prewhitened_ar,headline_12m_pct,oecd_asia_c26_targeted_gbp_12m_pct,full,8,0.30257697278659024,0.5367368705003807,0.5,0.5,18,27,12
prewhitened_ar,headline_12m_pct,oecd_asia_c26_targeted_gbp_12m_pct,full,9,0.17046378084352057,0.48849978315240095,0.5,0.5,18,26,12
prewhitened_ar,headline_12m_pct,oecd_asia_c26_targeted_gbp_12m_pct,full,10,-0.12636404168032184,0.0882151315454005,0.5,1.0,18,25,12
prewhitened_ar,headline_12m_pct,oecd_asia_c26_targeted_gbp_12m_pct,full,11,0.08500370628867347,0.13138864614630788,1.0,1.0,18,24,12
prewhitened_ar,headline_12m_pct,oecd_asia_c26_targeted_gbp_12m_pct,full,12,0.06458515309958114,0.2058096399704703,0.5,1.0,18,23,12
prewhitened_ar,headline_12m_pct,oecd_asia_c26_targeted_gbp_12m_pct,full,13,0.32130589217221367,0.2930926149191854,0.5,1.0,18,22,12
prewhitened_ar,headline_12m_pct,oecd_asia_c26_targeted_gbp_12m_pct,full,14,-0.04300332137270519,0.013892150819186249,1.0,1.0,18,21,12
prewhitened_ar,headline_12m_pct,oecd_asia_c26_targeted_gbp_12m_pct,full,15,0.2585624143136166,0.10641008102675382,1.0,1.0,18,20,12
prewhitened_ar,headline_12m_pct,oecd_asia_c26_targeted_gbp_12m_pct,full,16,0.16130608686664277,0.24880123033760257,0.5,1.0,18,19,12
prewhitened_ar,headline_12m_pct,oecd_asia_c26_targeted_gbp_12m_pct,full,17,0.01279447040992589,-0.06557576616538353,1.0,1.0,18,18,12
prewhitened_ar,headline_12m_pct,oecd_asia_c26_targeted_gbp_12m_pct,full,18,-0.2579960423641181,-0.2579960423641181,1.0,1.0,18,17,12
prewhitened_ar,headline_12m_pct,oecd_asia_c26_targeted_gbp_12m_pct,post_2022,0,0.027675653533797032,-0.12866054567622212,1.0,1.0,18,25,12
prewhitened_ar,headline_12m_pct,oecd_asia_c26_targeted_gbp_12m_pct,post_2022,1,-0.05269226617040001,0.18072126409734893,1.0,1.0,18,24,12
prewhitened_ar,headline_12m_pct,oecd_asia_c26_targeted_gbp_12m_pct,post_2022,2,-0.07478332755146119,-0.20052452449244793,1.0,1.0,18,23,12
prewhitened_ar,headline_12m_pct,oecd_asia_c26_targeted_gbp_12m_pct,post_2022,3,0.3207219700969184,0.6318610767514554,0.5,1.0,18,22,12
prewhitened_ar,headline_12m_pct,oecd_asia_c26_targeted_gbp_12m_pct,post_2022,4,0.039785828184692576,0.5795702628113912,0.5,1.0,18,21,12
prewhitened_ar,headline_12m_pct,oecd_asia_c26_targeted_gbp_12m_pct,post_2022,5,0.48365353975232905,0.6634935416832336,0.5,1.0,18,20,12
prewhitened_ar,headline_12m_pct,oecd_asia_c26_targeted_gbp_12m_pct,post_2022,6,-0.4448656117707659,-0.6255699630036887,0.5,1.0,18,19,12
prewhitened_ar,headline_12m_pct,oecd_asia_c26_targeted_gbp_12m_pct,post_2022,7,-0.21802674878721445,0.2527371328137134,0.5,1.0,18,18,12
prewhitened_ar,headline_12m_pct,oecd_asia_c26_targeted_gbp_12m_pct,post_2022,8,0.1927968698855436,0.6778255854232019,1.0,1.0,18,17,12
prewhitened_ar,headline_12m_pct,oecd_asia_c26_targeted_gbp_12m_pct,post_2022,9,-0.14539967817817398,0.14153927795045074,0.5,1.0,18,16,12
prewhitened_ar,headline_12m_pct,oecd_asia_c26_targeted_gbp_12m_pct,post_2022,10,-0.17617229349138797,0.29097975197272563,1.0,1.0,18,15,12
prewhitened_ar,headline_12m_pct,oecd_asia_c26_targeted_gbp_12m_pct,post_2022,11,0.11287022349082229,-0.05342424499492273,1.0,1.0,18,14,12
prewhitened_ar,headline_12m_pct,oecd_asia_c26_targeted_gbp_12m_pct,post_2022,12,0.05500966686205135,0.23665164252481563,1.0,1.0,18,13,12
prewhitened_ar,headline_12m_pct,oecd_asia_c26_targeted_gbp_12m_pct,post_2022,13,0.3696926788445355,0.15287404401144808,1.0,1.0,18,12,12
prewhitened_ar,headline_12m_pct,oecd_asia_c26_targeted_gbp_12m_pct,post_2022,14,0.06953655448271737,0.16408664058214256,1.0,1.0,18,11,12
prewhitened_ar,headline_12m_pct,oecd_asia_c26_targeted_gbp_12m_pct,post_2022,15,0.24660880976277352,-0.21350210248402404,1.0,1.0,18,10,12
prewhitened_ar,headline_12m_pct,oecd_asia_c26_targeted_gbp_12m_pct,post_2022,16,0.04808916169245111,0.18915405655869455,1.0,1.0,18,9,12
prewhitened_ar,headline_12m_pct,oecd_asia_c26_targeted_gbp_12m_pct,post_2022,17,0.012074233504489168,-0.17449601199258805,0.5,1.0,18,8,12
prewhitened_ar,headline_12m_pct,oecd_asia_c26_targeted_gbp_12m_pct,post_2022,18,-0.38109167049518977,-0.38109167049518977,0.5,1.0,18,7,12
prewhitened_ar,headline_12m_pct,oecd_asia_c26_bls_gbp_12m_pct,full,0,0.0639937298611371,0.06614867860266994,0.5625,1.0,18,105,12
prewhitened_ar,headline_12m_pct,oecd_asia_c26_bls_gbp_12m_pct,full,1,0.06298381659053921,-0.011485534689008245,0.890625,1.0,18,104,12
prewhitened_ar,headline_12m_pct,oecd_asia_c26_bls_gbp_12m_pct,full,2,-0.06566669115614547,-0.09540046837670874,0.375,1.0,18,103,12
prewhitened_ar,headline_12m_pct,oecd_asia_c26_bls_gbp_12m_pct,full,3,0.07736220378630979,0.07058089526982497,0.484375,1.0,18,102,12
prewhitened_ar,headline_12m_pct,oecd_asia_c26_bls_gbp_12m_pct,full,4,-0.05062623454731961,-0.011197170436943885,0.890625,1.0,18,101,12
prewhitened_ar,headline_12m_pct,oecd_asia_c26_bls_gbp_12m_pct,full,5,0.02410862425268187,0.04194697358574944,0.734375,1.0,18,100,12
prewhitened_ar,headline_12m_pct,oecd_asia_c26_bls_gbp_12m_pct,full,6,-0.25278419998129004,-0.3101428354817069,0.015625,0.015625,18,99,12
prewhitened_ar,headline_12m_pct,oecd_asia_c26_bls_gbp_12m_pct,full,7,0.04846253756251376,0.025431322706739253,0.796875,1.0,18,98,12
prewhitened_ar,headline_12m_pct,oecd_asia_c26_bls_gbp_12m_pct,full,8,0.12992437261019826,0.1205786810024827,0.28125,1.0,18,97,12
prewhitened_ar,headline_12m_pct,oecd_asia_c26_bls_gbp_12m_pct,full,9,0.1624592211980056,0.15349453024802287,0.171875,1.0,18,96,12
prewhitened_ar,headline_12m_pct,oecd_asia_c26_bls_gbp_12m_pct,full,10,0.007050603865525016,-0.014174020935635594,0.875,1.0,18,95,12
prewhitened_ar,headline_12m_pct,oecd_asia_c26_bls_gbp_12m_pct,full,11,0.2092599457527492,0.22994230112187297,0.03125,0.53125,18,94,12
prewhitened_ar,headline_12m_pct,oecd_asia_c26_bls_gbp_12m_pct,full,12,0.08002617663550882,0.060120925258727385,0.640625,1.0,18,93,12
prewhitened_ar,headline_12m_pct,oecd_asia_c26_bls_gbp_12m_pct,full,13,-0.10900281625925777,-0.10874247891157286,0.265625,1.0,18,92,12
prewhitened_ar,headline_12m_pct,oecd_asia_c26_bls_gbp_12m_pct,full,14,-0.049601468206214736,-0.04376863012522734,0.71875,1.0,18,91,12
prewhitened_ar,headline_12m_pct,oecd_asia_c26_bls_gbp_12m_pct,full,15,-0.06602420119233186,-0.07914472336158752,0.453125,1.0,18,90,12
prewhitened_ar,headline_12m_pct,oecd_asia_c26_bls_gbp_12m_pct,full,16,-0.05574539450096425,-0.04989748958867597,0.6875,1.0,18,89,12
prewhitened_ar,headline_12m_pct,oecd_asia_c26_bls_gbp_12m_pct,full,17,0.10869312441132707,0.11387351893236872,0.265625,1.0,18,88,12
prewhitened_ar,headline_12m_pct,oecd_asia_c26_bls_gbp_12m_pct,full,18,0.14927632696325208,0.14927632696325208,0.109375,1.0,18,87,12
prewhitened_ar,headline_12m_pct,oecd_asia_c26_bls_gbp_12m_pct,pre_2020,0,0.07792235665992239,0.0399643919852898,1.0,1.0,18,36,12
prewhitened_ar,headline_12m_pct,oecd_asia_c26_bls_gbp_12m_pct,pre_2020,1,-0.036271484383880094,-0.2900561087467342,0.5,1.0,18,35,12
prewhitened_ar,headline_12m_pct,oecd_asia_c26_bls_gbp_12m_pct,pre_2020,2,-0.2663056874545382,-0.16649002322351766,1.0,1.0,18,34,12
prewhitened_ar,headline_12m_pct,oecd_asia_c26_bls_gbp_12m_pct,pre_2020,3,0.33071821525208467,0.3367606853406973,0.5,1.0,18,33,12
prewhitened_ar,headline_12m_pct,oecd_asia_c26_bls_gbp_12m_pct,pre_2020,4,-0.19167421235323656,-0.11873793141937468,0.5,1.0,18,32,12
prewhitened_ar,headline_12m_pct,oecd_asia_c26_bls_gbp_12m_pct,pre_2020,5,0.2589963748861,0.25680911849986243,1.0,1.0,18,31,12
prewhitened_ar,headline_12m_pct,oecd_asia_c26_bls_gbp_12m_pct,pre_2020,6,-0.06105725233829999,-0.1340105132214525,0.5,1.0,18,30,12
prewhitened_ar,headline_12m_pct,oecd_asia_c26_bls_gbp_12m_pct,pre_2020,7,0.16908706012306693,0.17558918604298146,0.5,1.0,18,29,12
prewhitened_ar,headline_12m_pct,oecd_asia_c26_bls_gbp_12m_pct,pre_2020,8,0.022487125548497487,0.052057021992881626,1.0,1.0,18,28,12
prewhitened_ar,headline_12m_pct,oecd_asia_c26_bls_gbp_12m_pct,pre_2020,9,-0.08053788709998075,-0.021917088408481417,1.0,1.0,18,27,12
prewhitened_ar,headline_12m_pct,oecd_asia_c26_bls_gbp_12m_pct,pre_2020,10,-0.09512574848555824,-0.2569330150849022,0.5,1.0,18,26,12
prewhitened_ar,headline_12m_pct,oecd_asia_c26_bls_gbp_12m_pct,pre_2020,11,0.11357916356706774,0.1337903654534715,0.5,1.0,18,25,12
prewhitened_ar,headline_12m_pct,oecd_asia_c26_bls_gbp_12m_pct,pre_2020,12,-0.005923440744771636,0.01892759580413818,1.0,1.0,18,24,12
prewhitened_ar,headline_12m_pct,oecd_asia_c26_bls_gbp_12m_pct,pre_2020,13,-0.23577699855724205,-0.2713181981148046,0.5,1.0,18,23,12
prewhitened_ar,headline_12m_pct,oecd_asia_c26_bls_gbp_12m_pct,pre_2020,14,0.1621526641544737,0.15143711301191,1.0,1.0,18,22,12
prewhitened_ar,headline_12m_pct,oecd_asia_c26_bls_gbp_12m_pct,pre_2020,15,-0.188573599919584,-0.1768638078847602,0.5,1.0,18,21,12
prewhitened_ar,headline_12m_pct,oecd_asia_c26_bls_gbp_12m_pct,pre_2020,16,0.02087463916546335,0.032258102450874064,1.0,1.0,18,20,12
prewhitened_ar,headline_12m_pct,oecd_asia_c26_bls_gbp_12m_pct,pre_2020,17,0.09184971561716651,0.10826355850843018,0.5,1.0,18,19,12
prewhitened_ar,headline_12m_pct,oecd_asia_c26_bls_gbp_12m_pct,pre_2020,18,0.025112960983341596,0.025112960983341596,1.0,1.0,18,18,12
prewhitened_ar,headline_12m_pct,oecd_asia_c26_bls_gbp_12m_pct,pandemic_2020_2022,0,0.03775393091138733,-0.18592100744509393,1.0,1.0,18,36,12
prewhitened_ar,headline_12m_pct,oecd_asia_c26_bls_gbp_12m_pct,pandemic_2020_2022,1,0.10104740730558077,0.0471322277169529,0.5,1.0,18,35,12
prewhitened_ar,headline_12m_pct,oecd_asia_c26_bls_gbp_12m_pct,pandemic_2020_2022,2,-0.11062480630633072,0.23040354193609855,1.0,1.0,18,34,12
prewhitened_ar,headline_12m_pct,oecd_asia_c26_bls_gbp_12m_pct,pandemic_2020_2022,3,-0.11977610072199106,0.1413909947103537,0.5,1.0,18,33,12
prewhitened_ar,headline_12m_pct,oecd_asia_c26_bls_gbp_12m_pct,pandemic_2020_2022,4,0.04587940857080594,0.008100399600461728,1.0,1.0,18,32,12
prewhitened_ar,headline_12m_pct,oecd_asia_c26_bls_gbp_12m_pct,pandemic_2020_2022,5,-0.0922331855615255,-0.050591175067850935,1.0,1.0,18,31,12
prewhitened_ar,headline_12m_pct,oecd_asia_c26_bls_gbp_12m_pct,pandemic_2020_2022,6,-0.44170321621720876,-0.45219608731395283,0.5,1.0,18,30,12
prewhitened_ar,headline_12m_pct,oecd_asia_c26_bls_gbp_12m_pct,pandemic_2020_2022,7,-0.3476772962430039,-0.327843579817637,0.5,1.0,18,29,12
prewhitened_ar,headline_12m_pct,oecd_asia_c26_bls_gbp_12m_pct,pandemic_2020_2022,8,0.19480587051054202,0.27504049819089105,1.0,1.0,18,28,12
prewhitened_ar,headline_12m_pct,oecd_asia_c26_bls_gbp_12m_pct,pandemic_2020_2022,9,0.018264035735950812,0.1664688451163272,0.5,1.0,18,27,12
prewhitened_ar,headline_12m_pct,oecd_asia_c26_bls_gbp_12m_pct,pandemic_2020_2022,10,0.2725917700184148,0.349329972516605,0.5,1.0,18,26,12
prewhitened_ar,headline_12m_pct,oecd_asia_c26_bls_gbp_12m_pct,pandemic_2020_2022,11,0.28041966189320666,0.3914336250956976,0.5,1.0,18,25,12
prewhitened_ar,headline_12m_pct,oecd_asia_c26_bls_gbp_12m_pct,pandemic_2020_2022,12,-0.08653990263494536,0.0851604791566059,1.0,1.0,18,24,12
prewhitened_ar,headline_12m_pct,oecd_asia_c26_bls_gbp_12m_pct,pandemic_2020_2022,13,-0.43059713120684606,-0.42835961087002417,0.5,1.0,18,23,12
prewhitened_ar,headline_12m_pct,oecd_asia_c26_bls_gbp_12m_pct,pandemic_2020_2022,14,-0.09648815038424786,-0.14295648815128822,1.0,1.0,18,22,12
prewhitened_ar,headline_12m_pct,oecd_asia_c26_bls_gbp_12m_pct,pandemic_2020_2022,15,-0.08490148366115649,-0.044244521782732096,1.0,1.0,18,21,12
prewhitened_ar,headline_12m_pct,oecd_asia_c26_bls_gbp_12m_pct,pandemic_2020_2022,16,-0.35916616311599653,-0.31065464157372186,0.5,1.0,18,20,12
prewhitened_ar,headline_12m_pct,oecd_asia_c26_bls_gbp_12m_pct,pandemic_2020_2022,17,0.3357155390270593,0.368144766850236,0.5,1.0,18,19,12
prewhitened_ar,headline_12m_pct,oecd_asia_c26_bls_gbp_12m_pct,pandemic_2020_2022,18,0.22567647141663907,0.22567647141663907,0.5,1.0,18,18,12
prewhitened_ar,headline_12m_pct,oecd_asia_c26_bls_gbp_12m_pct,post_2022,0,0.029450309842649795,0.007458346875300594,1.0,1.0,18,33,12
prewhitened_ar,headline_12m_pct,oecd_asia_c26_bls_gbp_12m_pct,post_2022,1,0.09008857359066985,-0.310552635517788,0.5,1.0,18,32,12
prewhitened_ar,headline_12m_pct,oecd_asia_c26_bls_gbp_12m_pct,post_2022,2,0.11277319925900219,0.12243875024619873,1.0,1.0,18,31,12
prewhitened_ar,headline_12m_pct,oecd_asia_c26_bls_gbp_12m_pct,post_2022,3,0.07997591525243904,0.08241436554430731,1.0,1.0,18,30,12
prewhitened_ar,headline_12m_pct,oecd_asia_c26_bls_gbp_12m_pct,post_2022,4,-0.13684604462208705,0.11605630435718711,1.0,1.0,18,29,12
prewhitened_ar,headline_12m_pct,oecd_asia_c26_bls_gbp_12m_pct,post_2022,5,-0.07329804423607715,0.07380460553947392,0.5,1.0,18,28,12
prewhitened_ar,headline_12m_pct,oecd_asia_c26_bls_gbp_12m_pct,post_2022,6,-0.2504143292904518,-0.5850119842674252,0.5,1.0,18,27,12
prewhitened_ar,headline_12m_pct,oecd_asia_c26_bls_gbp_12m_pct,post_2022,7,0.2417571269167195,0.3169512651842095,0.5,1.0,18,26,12
prewhitened_ar,headline_12m_pct,oecd_asia_c26_bls_gbp_12m_pct,post_2022,8,0.02772661121072332,-0.0885772825691326,1.0,1.0,18,25,12
prewhitened_ar,headline_12m_pct,oecd_asia_c26_bls_gbp_12m_pct,post_2022,9,0.33899653870754637,0.45785106856653274,1.0,1.0,18,24,12
prewhitened_ar,headline_12m_pct,oecd_asia_c26_bls_gbp_12m_pct,post_2022,10,-0.09567430792314185,-0.24883511536042904,1.0,1.0,18,23,12
prewhitened_ar,headline_12m_pct,oecd_asia_c26_bls_gbp_12m_pct,post_2022,11,0.14936345006255417,0.38326197619914615,0.5,1.0,18,22,12
prewhitened_ar,headline_12m_pct,oecd_asia_c26_bls_gbp_12m_pct,post_2022,12,0.07684375734823368,0.033081541261765685,1.0,1.0,18,21,12
prewhitened_ar,headline_12m_pct,oecd_asia_c26_bls_gbp_12m_pct,post_2022,13,0.29492578698160515,0.42081518827912434,0.5,1.0,18,20,12
prewhitened_ar,headline_12m_pct,oecd_asia_c26_bls_gbp_12m_pct,post_2022,14,-0.31929985623144214,-0.3014802654878756,0.5,1.0,18,19,12
prewhitened_ar,headline_12m_pct,oecd_asia_c26_bls_gbp_12m_pct,post_2022,15,0.12779638711643368,0.04527510559449638,1.0,1.0,18,18,12
prewhitened_ar,headline_12m_pct,oecd_asia_c26_bls_gbp_12m_pct,post_2022,16,-0.37994707168498104,-0.3670123433970377,0.5,1.0,18,17,12
prewhitened_ar,headline_12m_pct,oecd_asia_c26_bls_gbp_12m_pct,post_2022,17,-0.12524979610714748,-0.12608530095783196,0.5,1.0,18,16,12
prewhitened_ar,headline_12m_pct,oecd_asia_c26_bls_gbp_12m_pct,post_2022,18,0.2224981441180947,0.2224981441180947,0.5,1.0,18,15,12
prewhitened_ar,headline_12m_pct,fred_china_computer_electronics_gbp_12m_pct,full,0,0.06279942317926375,0.06406101139329179,0.5625,1.0,18,105,12
prewhitened_ar,headline_12m_pct,fred_china_computer_electronics_gbp_12m_pct,full,1,0.06795696783362216,-0.006864527776632878,0.953125,1.0,18,104,12
prewhitened_ar,headline_12m_pct,fred_china_computer_electronics_gbp_12m_pct,full,2,-0.06424925870394067,-0.0951208650208376,0.375,1.0,18,103,12
prewhitened_ar,headline_12m_pct,fred_china_computer_electronics_gbp_12m_pct,full,3,0.07621158827441538,0.06898377847996622,0.515625,1.0,18,102,12
prewhitened_ar,headline_12m_pct,fred_china_computer_electronics_gbp_12m_pct,full,4,-0.05608280420321007,-0.019125742167136688,0.859375,1.0,18,101,12
prewhitened_ar,headline_12m_pct,fred_china_computer_electronics_gbp_12m_pct,full,5,0.025878591757577722,0.04443533665753049,0.71875,1.0,18,100,12
prewhitened_ar,headline_12m_pct,fred_china_computer_electronics_gbp_12m_pct,full,6,-0.2549782245202686,-0.31333659991378127,0.015625,0.015625,18,99,12
prewhitened_ar,headline_12m_pct,fred_china_computer_electronics_gbp_12m_pct,full,7,0.042184102470811946,0.015311470423487489,0.890625,1.0,18,98,12
prewhitened_ar,headline_12m_pct,fred_china_computer_electronics_gbp_12m_pct,full,8,0.14096645152456053,0.13072966381298484,0.203125,1.0,18,97,12
prewhitened_ar,headline_12m_pct,fred_china_computer_electronics_gbp_12m_pct,full,9,0.1668447451348214,0.15939186744705752,0.15625,1.0,18,96,12
prewhitened_ar,headline_12m_pct,fred_china_computer_electronics_gbp_12m_pct,full,10,0.012447180235938533,-0.0059788408552934975,0.96875,1.0,18,95,12
prewhitened_ar,headline_12m_pct,fred_china_computer_electronics_gbp_12m_pct,full,11,0.2047590328183618,0.22536788920044276,0.046875,0.6875,18,94,12
prewhitened_ar,headline_12m_pct,fred_china_computer_electronics_gbp_12m_pct,full,12,0.08474113667022218,0.06653071836195493,0.59375,1.0,18,93,12
prewhitened_ar,headline_12m_pct,fred_china_computer_electronics_gbp_12m_pct,full,13,-0.10255991449513281,-0.10228684676117564,0.28125,1.0,18,92,12
prewhitened_ar,headline_12m_pct,fred_china_computer_electronics_gbp_12m_pct,full,14,-0.05166746446461373,-0.04563906723384464,0.703125,1.0,18,91,12
prewhitened_ar,headline_12m_pct,fred_china_computer_electronics_gbp_12m_pct,full,15,-0.07835255277697464,-0.09003667526291517,0.375,1.0,18,90,12
prewhitened_ar,headline_12m_pct,fred_china_computer_electronics_gbp_12m_pct,full,16,-0.058047484317721755,-0.05209306115004084,0.65625,1.0,18,89,12
prewhitened_ar,headline_12m_pct,fred_china_computer_electronics_gbp_12m_pct,full,17,0.1020919440140776,0.10699695756057595,0.28125,1.0,18,88,12
prewhitened_ar,headline_12m_pct,fred_china_computer_electronics_gbp_12m_pct,full,18,0.14001395381637016,0.14001395381637016,0.15625,1.0,18,87,12
prewhitened_ar,headline_12m_pct,fred_china_computer_electronics_gbp_12m_pct,pre_2020,0,0.08188454582368773,0.03804107016766327,1.0,1.0,18,36,12
prewhitened_ar,headline_12m_pct,fred_china_computer_electronics_gbp_12m_pct,pre_2020,1,-0.037652870166709075,-0.2858888133166475,0.5,1.0,18,35,12
prewhitened_ar,headline_12m_pct,fred_china_computer_electronics_gbp_12m_pct,pre_2020,2,-0.27168128121924734,-0.17214307934292863,1.0,1.0,18,34,12
prewhitened_ar,headline_12m_pct,fred_china_computer_electronics_gbp_12m_pct,pre_2020,3,0.3347042633993469,0.3346295559693004,0.5,1.0,18,33,12
prewhitened_ar,headline_12m_pct,fred_china_computer_electronics_gbp_12m_pct,pre_2020,4,-0.18220615281798366,-0.10684759840858357,0.5,1.0,18,32,12
prewhitened_ar,headline_12m_pct,fred_china_computer_electronics_gbp_12m_pct,pre_2020,5,0.26428081415870014,0.26479980855302915,1.0,1.0,18,31,12
prewhitened_ar,headline_12m_pct,fred_china_computer_electronics_gbp_12m_pct,pre_2020,6,-0.07891612437128888,-0.15639918057404392,0.5,1.0,18,30,12
prewhitened_ar,headline_12m_pct,fred_china_computer_electronics_gbp_12m_pct,pre_2020,7,0.14505903515145463,0.15540519510678158,1.0,1.0,18,29,12
prewhitened_ar,headline_12m_pct,fred_china_computer_electronics_gbp_12m_pct,pre_2020,8,0.03479840383934422,0.0682528820836848,1.0,1.0,18,28,12
prewhitened_ar,headline_12m_pct,fred_china_computer_electronics_gbp_12m_pct,pre_2020,9,-0.06310687809146848,0.007805514660481596,1.0,1.0,18,27,12
prewhitened_ar,headline_12m_pct,fred_china_computer_electronics_gbp_12m_pct,pre_2020,10,-0.08738734342016599,-0.2619090359755799,0.5,1.0,18,26,12
prewhitened_ar,headline_12m_pct,fred_china_computer_electronics_gbp_12m_pct,pre_2020,11,0.09354417104564784,0.12226524124265392,0.5,1.0,18,25,12
prewhitened_ar,headline_12m_pct,fred_china_computer_electronics_gbp_12m_pct,pre_2020,12,-0.021447918369347337,0.012072199710438478,1.0,1.0,18,24,12
prewhitened_ar,headline_12m_pct,fred_china_computer_electronics_gbp_12m_pct,pre_2020,13,-0.21805630871782003,-0.2535573934667406,0.5,1.0,18,23,12
prewhitened_ar,headline_12m_pct,fred_china_computer_electronics_gbp_12m_pct,pre_2020,14,0.15966474794476648,0.15198196969774,1.0,1.0,18,22,12
prewhitened_ar,headline_12m_pct,fred_china_computer_electronics_gbp_12m_pct,pre_2020,15,-0.20680188973757313,-0.18832211763355436,0.5,1.0,18,21,12
prewhitened_ar,headline_12m_pct,fred_china_computer_electronics_gbp_12m_pct,pre_2020,16,-0.005081399681408345,0.0061410563805647895,1.0,1.0,18,20,12
prewhitened_ar,headline_12m_pct,fred_china_computer_electronics_gbp_12m_pct,pre_2020,17,0.09710164682551395,0.11266662202991252,0.5,1.0,18,19,12
prewhitened_ar,headline_12m_pct,fred_china_computer_electronics_gbp_12m_pct,pre_2020,18,0.035164609671692014,0.035164609671692014,1.0,1.0,18,18,12
prewhitened_ar,headline_12m_pct,fred_china_computer_electronics_gbp_12m_pct,pandemic_2020_2022,0,0.03601607247655878,-0.18327663393269727,1.0,1.0,18,36,12
prewhitened_ar,headline_12m_pct,fred_china_computer_electronics_gbp_12m_pct,pandemic_2020_2022,1,0.10436811669359197,0.05092282050102072,0.5,1.0,18,35,12
prewhitened_ar,headline_12m_pct,fred_china_computer_electronics_gbp_12m_pct,pandemic_2020_2022,2,-0.0990526546285391,0.24538429706422074,1.0,1.0,18,34,12
prewhitened_ar,headline_12m_pct,fred_china_computer_electronics_gbp_12m_pct,pandemic_2020_2022,3,-0.12041538984701333,0.14936215217802065,0.5,1.0,18,33,12
prewhitened_ar,headline_12m_pct,fred_china_computer_electronics_gbp_12m_pct,pandemic_2020_2022,4,0.03409993871020676,-0.001929575470489246,1.0,1.0,18,32,12
prewhitened_ar,headline_12m_pct,fred_china_computer_electronics_gbp_12m_pct,pandemic_2020_2022,5,-0.09989787525204874,-0.05778494434447281,1.0,1.0,18,31,12
prewhitened_ar,headline_12m_pct,fred_china_computer_electronics_gbp_12m_pct,pandemic_2020_2022,6,-0.44308798758971124,-0.4489579319395961,0.5,1.0,18,30,12
prewhitened_ar,headline_12m_pct,fred_china_computer_electronics_gbp_12m_pct,pandemic_2020_2022,7,-0.3580684091878619,-0.3506536817571795,0.5,1.0,18,29,12
prewhitened_ar,headline_12m_pct,fred_china_computer_electronics_gbp_12m_pct,pandemic_2020_2022,8,0.1978413665513711,0.26172072099653815,1.0,1.0,18,28,12
prewhitened_ar,headline_12m_pct,fred_china_computer_electronics_gbp_12m_pct,pandemic_2020_2022,9,0.01957396464492798,0.16285135755210106,0.5,1.0,18,27,12
prewhitened_ar,headline_12m_pct,fred_china_computer_electronics_gbp_12m_pct,pandemic_2020_2022,10,0.2879978963655287,0.3618802206746607,0.5,1.0,18,26,12
prewhitened_ar,headline_12m_pct,fred_china_computer_electronics_gbp_12m_pct,pandemic_2020_2022,11,0.27750538725737117,0.3724073885728217,0.5,1.0,18,25,12
prewhitened_ar,headline_12m_pct,fred_china_computer_electronics_gbp_12m_pct,pandemic_2020_2022,12,-0.06081342410192726,0.10151612784849479,1.0,1.0,18,24,12
prewhitened_ar,headline_12m_pct,fred_china_computer_electronics_gbp_12m_pct,pandemic_2020_2022,13,-0.4173357168184652,-0.4194341857876275,0.5,1.0,18,23,12
prewhitened_ar,headline_12m_pct,fred_china_computer_electronics_gbp_12m_pct,pandemic_2020_2022,14,-0.09713543935257976,-0.14781555676359606,1.0,1.0,18,22,12
prewhitened_ar,headline_12m_pct,fred_china_computer_electronics_gbp_12m_pct,pandemic_2020_2022,15,-0.09027614250736161,-0.052523834158749,1.0,1.0,18,21,12
prewhitened_ar,headline_12m_pct,fred_china_computer_electronics_gbp_12m_pct,pandemic_2020_2022,16,-0.34227994314649485,-0.29321115809007736,0.5,1.0,18,20,12
prewhitened_ar,headline_12m_pct,fred_china_computer_electronics_gbp_12m_pct,pandemic_2020_2022,17,0.3383291629838442,0.3699290586079977,0.5,1.0,18,19,12
prewhitened_ar,headline_12m_pct,fred_china_computer_electronics_gbp_12m_pct,pandemic_2020_2022,18,0.2119186778808335,0.2119186778808335,0.5,1.0,18,18,12
prewhitened_ar,headline_12m_pct,fred_china_computer_electronics_gbp_12m_pct,post_2022,0,0.02035432809312985,-0.02304945831008661,1.0,1.0,18,33,12
prewhitened_ar,headline_12m_pct,fred_china_computer_electronics_gbp_12m_pct,post_2022,1,0.1013945446315801,-0.3062032984187528,0.5,1.0,18,32,12
prewhitened_ar,headline_12m_pct,fred_china_computer_electronics_gbp_12m_pct,post_2022,2,0.10608336123171709,0.09843021873790439,1.0,1.0,18,31,12
prewhitened_ar,headline_12m_pct,fred_china_computer_electronics_gbp_12m_pct,post_2022,3,0.07175231712273078,0.0654671239935669,1.0,1.0,18,30,12
prewhitened_ar,headline_12m_pct,fred_china_computer_electronics_gbp_12m_pct,post_2022,4,-0.15558301577204614,0.07658009949121891,1.0,1.0,18,29,12
prewhitened_ar,headline_12m_pct,fred_china_computer_electronics_gbp_12m_pct,post_2022,5,-0.06670657476880762,0.0948992281716768,0.5,1.0,18,28,12
prewhitened_ar,headline_12m_pct,fred_china_computer_electronics_gbp_12m_pct,post_2022,6,-0.24110315079965638,-0.5803646276215614,0.5,1.0,18,27,12
prewhitened_ar,headline_12m_pct,fred_china_computer_electronics_gbp_12m_pct,post_2022,7,0.2567407319093506,0.3213617782979754,0.5,1.0,18,26,12
prewhitened_ar,headline_12m_pct,fred_china_computer_electronics_gbp_12m_pct,post_2022,8,0.028542666252577863,-0.10471231236792644,0.5,1.0,18,25,12
prewhitened_ar,headline_12m_pct,fred_china_computer_electronics_gbp_12m_pct,post_2022,9,0.35171704084814437,0.48641369417105723,1.0,1.0,18,24,12
prewhitened_ar,headline_12m_pct,fred_china_computer_electronics_gbp_12m_pct,post_2022,10,-0.10475013389126953,-0.25041877127115414,1.0,1.0,18,23,12
prewhitened_ar,headline_12m_pct,fred_china_computer_electronics_gbp_12m_pct,post_2022,11,0.15988872360491055,0.40187624051528065,0.5,1.0,18,22,12
prewhitened_ar,headline_12m_pct,fred_china_computer_electronics_gbp_12m_pct,post_2022,12,0.0833661122573961,0.046869945919448174,1.0,1.0,18,21,12
prewhitened_ar,headline_12m_pct,fred_china_computer_electronics_gbp_12m_pct,post_2022,13,0.31011241028121256,0.43177448635631643,0.5,1.0,18,20,12
prewhitened_ar,headline_12m_pct,fred_china_computer_electronics_gbp_12m_pct,post_2022,14,-0.31282872212918905,-0.294082468900847,0.5,1.0,18,19,12
prewhitened_ar,headline_12m_pct,fred_china_computer_electronics_gbp_12m_pct,post_2022,15,0.09560194266131682,0.012681353091685613,1.0,1.0,18,18,12
prewhitened_ar,headline_12m_pct,fred_china_computer_electronics_gbp_12m_pct,post_2022,16,-0.37427128038938573,-0.3582042190943976,0.5,1.0,18,17,12
prewhitened_ar,headline_12m_pct,fred_china_computer_electronics_gbp_12m_pct,post_2022,17,-0.13707657022956501,-0.13831293377595558,0.5,1.0,18,16,12
prewhitened_ar,headline_12m_pct,fred_china_computer_electronics_gbp_12m_pct,post_2022,18,0.2219515101060473,0.2219515101060473,0.5,1.0,18,15,12
prewhitened_ar,headline_12m_pct,fred_japan_computer_electronics_gbp_12m_pct,full,0,0.09637082697517568,0.07547113016953216,0.5,1.0,18,105,12
prewhitened_ar,headline_12m_pct,fred_japan_computer_electronics_gbp_12m_pct,full,1,0.04354970009908653,-0.02369151002957636,0.8125,1.0,18,104,12
prewhitened_ar,headline_12m_pct,fred_japan_computer_electronics_gbp_12m_pct,full,2,-0.09559896409085504,-0.11656162871774431,0.3125,1.0,18,103,12
prewhitened_ar,headline_12m_pct,fred_japan_computer_electronics_gbp_12m_pct,full,3,0.09465257516567331,0.08971869017886425,0.40625,1.0,18,102,12
prewhitened_ar,headline_12m_pct,fred_japan_computer_electronics_gbp_12m_pct,full,4,-0.05266425667296909,-0.017006748513397868,0.96875,1.0,18,101,12
prewhitened_ar,headline_12m_pct,fred_japan_computer_electronics_gbp_12m_pct,full,5,0.035445737688875635,0.03795479017693872,0.765625,1.0,18,100,12
prewhitened_ar,headline_12m_pct,fred_japan_computer_electronics_gbp_12m_pct,full,6,-0.2629612410416326,-0.32708396080552576,0.015625,0.015625,18,99,12
prewhitened_ar,headline_12m_pct,fred_japan_computer_electronics_gbp_12m_pct,full,7,0.04361137664268724,0.048375401622675805,0.671875,1.0,18,98,12
prewhitened_ar,headline_12m_pct,fred_japan_computer_electronics_gbp_12m_pct,full,8,0.09336043972183676,0.07814624036786129,0.453125,1.0,18,97,12
prewhitened_ar,headline_12m_pct,fred_japan_computer_electronics_gbp_12m_pct,full,9,0.14780834851823696,0.13759579453567652,0.15625,1.0,18,96,12
prewhitened_ar,headline_12m_pct,fred_japan_computer_electronics_gbp_12m_pct,full,10,-0.03644552224202606,-0.053675121043626935,0.6875,1.0,18,95,12
prewhitened_ar,headline_12m_pct,fred_japan_computer_electronics_gbp_12m_pct,full,11,0.2807857600360477,0.2882383054621619,0.015625,0.015625,18,94,12
prewhitened_ar,headline_12m_pct,fred_japan_computer_electronics_gbp_12m_pct,full,12,0.08131410574254566,0.06851830887468821,0.578125,1.0,18,93,12
prewhitened_ar,headline_12m_pct,fred_japan_computer_electronics_gbp_12m_pct,full,13,-0.1268968975099794,-0.12437083375877814,0.171875,1.0,18,92,12
prewhitened_ar,headline_12m_pct,fred_japan_computer_electronics_gbp_12m_pct,full,14,-0.01706899642084012,-0.01729473994470031,0.875,1.0,18,91,12
prewhitened_ar,headline_12m_pct,fred_japan_computer_electronics_gbp_12m_pct,full,15,-0.08668209840085131,-0.09806316117229574,0.359375,1.0,18,90,12
prewhitened_ar,headline_12m_pct,fred_japan_computer_electronics_gbp_12m_pct,full,16,-0.004628873600977692,8.67288295111677e-06,1.0,1.0,18,89,12
prewhitened_ar,headline_12m_pct,fred_japan_computer_electronics_gbp_12m_pct,full,17,0.0793234740918248,0.08269094689424743,0.53125,1.0,18,88,12
prewhitened_ar,headline_12m_pct,fred_japan_computer_electronics_gbp_12m_pct,full,18,0.17608622915235816,0.17608622915235816,0.109375,0.984375,18,87,12
prewhitened_ar,headline_12m_pct,fred_japan_computer_electronics_gbp_12m_pct,pre_2020,0,0.1222975781920791,0.08888727054313421,1.0,1.0,18,36,12
prewhitened_ar,headline_12m_pct,fred_japan_computer_electronics_gbp_12m_pct,pre_2020,1,-0.0499560396873797,-0.28531630868967695,0.5,1.0,18,35,12
prewhitened_ar,headline_12m_pct,fred_japan_computer_electronics_gbp_12m_pct,pre_2020,2,-0.2331364837109631,-0.15242123334894112,0.5,1.0,18,34,12
prewhitened_ar,headline_12m_pct,fred_japan_computer_electronics_gbp_12m_pct,pre_2020,3,0.3157687486697801,0.3745875908957832,0.5,0.5,18,33,12
prewhitened_ar,headline_12m_pct,fred_japan_computer_electronics_gbp_12m_pct,pre_2020,4,-0.21171725187860163,-0.13875263325771847,0.5,1.0,18,32,12
prewhitened_ar,headline_12m_pct,fred_japan_computer_electronics_gbp_12m_pct,pre_2020,5,0.18294349377937275,0.13526506235072605,1.0,1.0,18,31,12
prewhitened_ar,headline_12m_pct,fred_japan_computer_electronics_gbp_12m_pct,pre_2020,6,-0.006382393599784976,-0.033016387419816294,0.5,1.0,18,30,12
prewhitened_ar,headline_12m_pct,fred_japan_computer_electronics_gbp_12m_pct,pre_2020,7,0.2692196828126158,0.2703117529693374,0.5,1.0,18,29,12
prewhitened_ar,headline_12m_pct,fred_japan_computer_electronics_gbp_12m_pct,pre_2020,8,-0.05551355398683454,0.005490518697773517,1.0,1.0,18,28,12
prewhitened_ar,headline_12m_pct,fred_japan_computer_electronics_gbp_12m_pct,pre_2020,9,-0.13919932634356652,-0.12118254833185102,1.0,1.0,18,27,12
prewhitened_ar,headline_12m_pct,fred_japan_computer_electronics_gbp_12m_pct,pre_2020,10,-0.10468149438581906,-0.2108669499128546,0.5,1.0,18,26,12
prewhitened_ar,headline_12m_pct,fred_japan_computer_electronics_gbp_12m_pct,pre_2020,11,0.2827898802042058,0.2977859173854076,0.5,1.0,18,25,12
prewhitened_ar,headline_12m_pct,fred_japan_computer_electronics_gbp_12m_pct,pre_2020,12,-0.002434431053906291,-0.03299919610668397,1.0,1.0,18,24,12
prewhitened_ar,headline_12m_pct,fred_japan_computer_electronics_gbp_12m_pct,pre_2020,13,-0.26371151484982536,-0.27695676902400324,0.5,1.0,18,23,12
prewhitened_ar,headline_12m_pct,fred_japan_computer_electronics_gbp_12m_pct,pre_2020,14,0.11199394782853797,0.10211258244067907,1.0,1.0,18,22,12
prewhitened_ar,headline_12m_pct,fred_japan_computer_electronics_gbp_12m_pct,pre_2020,15,-0.12995551944799114,-0.14493227188063076,1.0,1.0,18,21,12
prewhitened_ar,headline_12m_pct,fred_japan_computer_electronics_gbp_12m_pct,pre_2020,16,0.09108523565560861,0.11369525891266573,1.0,1.0,18,20,12
prewhitened_ar,headline_12m_pct,fred_japan_computer_electronics_gbp_12m_pct,pre_2020,17,0.021613936571077928,0.05107808714952881,1.0,1.0,18,19,12
prewhitened_ar,headline_12m_pct,fred_japan_computer_electronics_gbp_12m_pct,pre_2020,18,0.0163033429564664,0.0163033429564664,1.0,1.0,18,18,12
prewhitened_ar,headline_12m_pct,fred_japan_computer_electronics_gbp_12m_pct,pandemic_2020_2022,0,0.044082643184947305,-0.1810934930737921,1.0,1.0,18,36,12
prewhitened_ar,headline_12m_pct,fred_japan_computer_electronics_gbp_12m_pct,pandemic_2020_2022,1,0.09789385886634454,0.0017303180725034902,1.0,1.0,18,35,12
prewhitened_ar,headline_12m_pct,fred_japan_computer_electronics_gbp_12m_pct,pandemic_2020_2022,2,-0.1519520192952416,0.12367507558781114,1.0,1.0,18,34,12
prewhitened_ar,headline_12m_pct,fred_japan_computer_electronics_gbp_12m_pct,pandemic_2020_2022,3,-0.09835159458823522,0.15272716524690388,0.5,1.0,18,33,12
prewhitened_ar,headline_12m_pct,fred_japan_computer_electronics_gbp_12m_pct,pandemic_2020_2022,4,0.11100003432446734,0.07231329503062486,1.0,1.0,18,32,12
prewhitened_ar,headline_12m_pct,fred_japan_computer_electronics_gbp_12m_pct,pandemic_2020_2022,5,-0.036547772020020804,0.030333584416217144,1.0,1.0,18,31,12
prewhitened_ar,headline_12m_pct,fred_japan_computer_electronics_gbp_12m_pct,pandemic_2020_2022,6,-0.49525144076113303,-0.4587973681981094,0.5,1.0,18,30,12
prewhitened_ar,headline_12m_pct,fred_japan_computer_electronics_gbp_12m_pct,pandemic_2020_2022,7,-0.3450928150436743,-0.34195728899528643,0.5,1.0,18,29,12
prewhitened_ar,headline_12m_pct,fred_japan_computer_electronics_gbp_12m_pct,pandemic_2020_2022,8,0.16593027845229777,0.2577995891968581,1.0,1.0,18,28,12
prewhitened_ar,headline_12m_pct,fred_japan_computer_electronics_gbp_12m_pct,pandemic_2020_2022,9,0.03320878458718698,0.12716179027658558,0.5,1.0,18,27,12
prewhitened_ar,headline_12m_pct,fred_japan_computer_electronics_gbp_12m_pct,pandemic_2020_2022,10,0.21963495681206363,0.2856169858186159,0.5,1.0,18,26,12
prewhitened_ar,headline_12m_pct,fred_japan_computer_electronics_gbp_12m_pct,pandemic_2020_2022,11,0.38145068678653893,0.5263834741404376,0.5,1.0,18,25,12
prewhitened_ar,headline_12m_pct,fred_japan_computer_electronics_gbp_12m_pct,pandemic_2020_2022,12,-0.011753304429226983,0.1743060187962427,1.0,1.0,18,24,12
prewhitened_ar,headline_12m_pct,fred_japan_computer_electronics_gbp_12m_pct,pandemic_2020_2022,13,-0.46790870124764455,-0.4782948186695507,0.5,1.0,18,23,12
prewhitened_ar,headline_12m_pct,fred_japan_computer_electronics_gbp_12m_pct,pandemic_2020_2022,14,-0.038297676879749505,-0.08344019543357731,1.0,1.0,18,22,12
prewhitened_ar,headline_12m_pct,fred_japan_computer_electronics_gbp_12m_pct,pandemic_2020_2022,15,-0.17878432768940145,-0.1537568361676916,0.5,1.0,18,21,12
prewhitened_ar,headline_12m_pct,fred_japan_computer_electronics_gbp_12m_pct,pandemic_2020_2022,16,-0.40004942394069143,-0.3459874229420461,0.5,1.0,18,20,12
prewhitened_ar,headline_12m_pct,fred_japan_computer_electronics_gbp_12m_pct,pandemic_2020_2022,17,0.33536517841950186,0.3845370289246684,0.5,1.0,18,19,12
prewhitened_ar,headline_12m_pct,fred_japan_computer_electronics_gbp_12m_pct,pandemic_2020_2022,18,0.31476257808515185,0.31476257808515185,0.5,1.0,18,18,12
prewhitened_ar,headline_12m_pct,fred_japan_computer_electronics_gbp_12m_pct,post_2022,0,0.12147171695452008,0.027822647011224295,1.0,1.0,18,33,12
prewhitened_ar,headline_12m_pct,fred_japan_computer_electronics_gbp_12m_pct,post_2022,1,0.08487697820532326,-0.2533267264539745,0.5,1.0,18,32,12
prewhitened_ar,headline_12m_pct,fred_japan_computer_electronics_gbp_12m_pct,post_2022,2,0.08024445432741081,0.13100558346065913,1.0,1.0,18,31,12
prewhitened_ar,headline_12m_pct,fred_japan_computer_electronics_gbp_12m_pct,post_2022,3,0.15325513478081282,0.20797536759530239,0.5,1.0,18,30,12
prewhitened_ar,headline_12m_pct,fred_japan_computer_electronics_gbp_12m_pct,post_2022,4,-0.12757331693370927,0.11430420111386336,1.0,1.0,18,29,12
prewhitened_ar,headline_12m_pct,fred_japan_computer_electronics_gbp_12m_pct,post_2022,5,0.022362280662216107,0.13566908231033756,0.5,1.0,18,28,12
prewhitened_ar,headline_12m_pct,fred_japan_computer_electronics_gbp_12m_pct,post_2022,6,-0.2244767961389534,-0.5922971937888649,0.5,1.0,18,27,12
prewhitened_ar,headline_12m_pct,fred_japan_computer_electronics_gbp_12m_pct,post_2022,7,0.11710832570980509,0.28959825827478863,0.5,1.0,18,26,12
prewhitened_ar,headline_12m_pct,fred_japan_computer_electronics_gbp_12m_pct,post_2022,8,0.07887325229331267,-0.016721950814739924,1.0,1.0,18,25,12
prewhitened_ar,headline_12m_pct,fred_japan_computer_electronics_gbp_12m_pct,post_2022,9,0.3857944757018983,0.5193931232680689,0.5,1.0,18,24,12
prewhitened_ar,headline_12m_pct,fred_japan_computer_electronics_gbp_12m_pct,post_2022,10,-0.11447974138127694,-0.20333229339492193,1.0,1.0,18,23,12
prewhitened_ar,headline_12m_pct,fred_japan_computer_electronics_gbp_12m_pct,post_2022,11,0.20608506077240205,0.3209210365744362,0.5,1.0,18,22,12
prewhitened_ar,headline_12m_pct,fred_japan_computer_electronics_gbp_12m_pct,post_2022,12,-0.02443050653521651,-0.05460724104596713,1.0,1.0,18,21,12
prewhitened_ar,headline_12m_pct,fred_japan_computer_electronics_gbp_12m_pct,post_2022,13,0.27133663445003453,0.371939889063856,0.5,1.0,18,20,12
prewhitened_ar,headline_12m_pct,fred_japan_computer_electronics_gbp_12m_pct,post_2022,14,-0.22419797513639075,-0.22093116725902678,0.5,1.0,18,19,12
prewhitened_ar,headline_12m_pct,fred_japan_computer_electronics_gbp_12m_pct,post_2022,15,0.07248317952583147,0.012155323270530868,1.0,1.0,18,18,12
prewhitened_ar,headline_12m_pct,fred_japan_computer_electronics_gbp_12m_pct,post_2022,16,-0.2996782311454228,-0.2798236717751285,0.5,1.0,18,17,12
prewhitened_ar,headline_12m_pct,fred_japan_computer_electronics_gbp_12m_pct,post_2022,17,-0.2998174815875414,-0.3038407187675438,0.5,1.0,18,16,12
prewhitened_ar,headline_12m_pct,fred_japan_computer_electronics_gbp_12m_pct,post_2022,18,0.19884073421043508,0.19884073421043508,1.0,1.0,18,15,12
prewhitened_ar,headline_12m_pct,fred_asian_nie_computer_electronics_gbp_12m_pct,full,0,0.05150396766309356,0.06367314723259568,0.625,1.0,18,105,12
prewhitened_ar,headline_12m_pct,fred_asian_nie_computer_electronics_gbp_12m_pct,full,1,0.04977433731734219,-0.021311972047886738,0.859375,1.0,18,104,12
prewhitened_ar,headline_12m_pct,fred_asian_nie_computer_electronics_gbp_12m_pct,full,2,-0.05757898321827419,-0.0819384275359548,0.40625,1.0,18,103,12
prewhitened_ar,headline_12m_pct,fred_asian_nie_computer_electronics_gbp_12m_pct,full,3,0.0710210278798664,0.06648780637738784,0.578125,1.0,18,102,12
prewhitened_ar,headline_12m_pct,fred_asian_nie_computer_electronics_gbp_12m_pct,full,4,-0.023465413415588866,0.025595623357893275,0.828125,1.0,18,101,12
prewhitened_ar,headline_12m_pct,fred_asian_nie_computer_electronics_gbp_12m_pct,full,5,0.011394183286782546,0.028437280783503795,0.84375,1.0,18,100,12
prewhitened_ar,headline_12m_pct,fred_asian_nie_computer_electronics_gbp_12m_pct,full,6,-0.22730528116017168,-0.27387866796544014,0.03125,0.234375,18,99,12
prewhitened_ar,headline_12m_pct,fred_asian_nie_computer_electronics_gbp_12m_pct,full,7,0.06720419619591325,0.0518479419874699,0.65625,1.0,18,98,12
prewhitened_ar,headline_12m_pct,fred_asian_nie_computer_electronics_gbp_12m_pct,full,8,0.0836699605600301,0.07961280732543079,0.5,1.0,18,97,12
prewhitened_ar,headline_12m_pct,fred_asian_nie_computer_electronics_gbp_12m_pct,full,9,0.14000683917028084,0.12546168498512394,0.265625,1.0,18,96,12
prewhitened_ar,headline_12m_pct,fred_asian_nie_computer_electronics_gbp_12m_pct,full,10,0.010161928097586577,-0.023546517340633642,0.8125,1.0,18,95,12
prewhitened_ar,headline_12m_pct,fred_asian_nie_computer_electronics_gbp_12m_pct,full,11,0.1986546379418426,0.22314907944054146,0.03125,0.390625,18,94,12
prewhitened_ar,headline_12m_pct,fred_asian_nie_computer_electronics_gbp_12m_pct,full,12,0.05785891321893394,0.029432880819234435,0.828125,1.0,18,93,12
prewhitened_ar,headline_12m_pct,fred_asian_nie_computer_electronics_gbp_12m_pct,full,13,-0.12411370987524606,-0.12526237356699196,0.203125,1.0,18,92,12
prewhitened_ar,headline_12m_pct,fred_asian_nie_computer_electronics_gbp_12m_pct,full,14,-0.04952458461995175,-0.04293867415312634,0.765625,1.0,18,91,12
prewhitened_ar,headline_12m_pct,fred_asian_nie_computer_electronics_gbp_12m_pct,full,15,0.0015773054751081644,-0.017088345404627222,0.890625,1.0,18,90,12
prewhitened_ar,headline_12m_pct,fred_asian_nie_computer_electronics_gbp_12m_pct,full,16,-0.06193241473159194,-0.05668367461902793,0.65625,1.0,18,89,12
prewhitened_ar,headline_12m_pct,fred_asian_nie_computer_electronics_gbp_12m_pct,full,17,0.1403141162301937,0.14724541146008452,0.125,1.0,18,88,12
prewhitened_ar,headline_12m_pct,fred_asian_nie_computer_electronics_gbp_12m_pct,full,18,0.17361921424818677,0.17361921424818677,0.078125,0.90625,18,87,12
prewhitened_ar,headline_12m_pct,fred_asian_nie_computer_electronics_gbp_12m_pct,pre_2020,0,0.0392913563725534,0.023668220214783896,1.0,1.0,18,36,12
prewhitened_ar,headline_12m_pct,fred_asian_nie_computer_electronics_gbp_12m_pct,pre_2020,1,-0.01398653622956261,-0.29099587834214413,0.5,1.0,18,35,12
prewhitened_ar,headline_12m_pct,fred_asian_nie_computer_electronics_gbp_12m_pct,pre_2020,2,-0.23459446992366506,-0.1366324426311668,1.0,1.0,18,34,12
prewhitened_ar,headline_12m_pct,fred_asian_nie_computer_electronics_gbp_12m_pct,pre_2020,3,0.29413803046740117,0.31386097869619956,0.5,1.0,18,33,12
prewhitened_ar,headline_12m_pct,fred_asian_nie_computer_electronics_gbp_12m_pct,pre_2020,4,-0.2148917138303094,-0.16531575693142836,0.5,1.0,18,32,12
prewhitened_ar,headline_12m_pct,fred_asian_nie_computer_electronics_gbp_12m_pct,pre_2020,5,0.24999406818414438,0.2625872372397205,1.0,1.0,18,31,12
prewhitened_ar,headline_12m_pct,fred_asian_nie_computer_electronics_gbp_12m_pct,pre_2020,6,0.005863716337946204,-0.07061709481500537,0.5,1.0,18,30,12
prewhitened_ar,headline_12m_pct,fred_asian_nie_computer_electronics_gbp_12m_pct,pre_2020,7,0.2208402745550589,0.21330964397426216,0.5,1.0,18,29,12
prewhitened_ar,headline_12m_pct,fred_asian_nie_computer_electronics_gbp_12m_pct,pre_2020,8,-0.011403510543013123,-0.0016222658462441393,1.0,1.0,18,28,12
prewhitened_ar,headline_12m_pct,fred_asian_nie_computer_electronics_gbp_12m_pct,pre_2020,9,-0.13012941057190658,-0.11594268710615743,1.0,1.0,18,27,12
prewhitened_ar,headline_12m_pct,fred_asian_nie_computer_electronics_gbp_12m_pct,pre_2020,10,-0.10358876723550887,-0.22181090662808783,0.5,1.0,18,26,12
prewhitened_ar,headline_12m_pct,fred_asian_nie_computer_electronics_gbp_12m_pct,pre_2020,11,0.13584794035338102,0.12313788001703543,1.0,1.0,18,25,12
prewhitened_ar,headline_12m_pct,fred_asian_nie_computer_electronics_gbp_12m_pct,pre_2020,12,0.056727732783265955,0.05964844857551324,1.0,1.0,18,24,12
prewhitened_ar,headline_12m_pct,fred_asian_nie_computer_electronics_gbp_12m_pct,pre_2020,13,-0.29454413869954665,-0.3331899056998408,0.5,1.0,18,23,12
prewhitened_ar,headline_12m_pct,fred_asian_nie_computer_electronics_gbp_12m_pct,pre_2020,14,0.1706710801902624,0.15123026316387198,1.0,1.0,18,22,12
prewhitened_ar,headline_12m_pct,fred_asian_nie_computer_electronics_gbp_12m_pct,pre_2020,15,-0.11738785802835708,-0.1269381730382306,0.5,1.0,18,21,12
prewhitened_ar,headline_12m_pct,fred_asian_nie_computer_electronics_gbp_12m_pct,pre_2020,16,0.0914369329166151,0.10209590670558123,1.0,1.0,18,20,12
prewhitened_ar,headline_12m_pct,fred_asian_nie_computer_electronics_gbp_12m_pct,pre_2020,17,0.09250696772419967,0.10953452165513154,0.5,1.0,18,19,12
prewhitened_ar,headline_12m_pct,fred_asian_nie_computer_electronics_gbp_12m_pct,pre_2020,18,-0.020920033645611635,-0.020920033645611635,1.0,1.0,18,18,12
prewhitened_ar,headline_12m_pct,fred_asian_nie_computer_electronics_gbp_12m_pct,pandemic_2020_2022,0,0.03580425932171362,-0.20087942281606136,1.0,1.0,18,36,12
prewhitened_ar,headline_12m_pct,fred_asian_nie_computer_electronics_gbp_12m_pct,pandemic_2020_2022,1,0.0881691690807234,0.04247997018569603,1.0,1.0,18,35,12
prewhitened_ar,headline_12m_pct,fred_asian_nie_computer_electronics_gbp_12m_pct,pandemic_2020_2022,2,-0.13118922634813632,0.20084156680312792,1.0,1.0,18,34,12
prewhitened_ar,headline_12m_pct,fred_asian_nie_computer_electronics_gbp_12m_pct,pandemic_2020_2022,3,-0.10824036957737387,0.1110028447269459,0.5,1.0,18,33,12
prewhitened_ar,headline_12m_pct,fred_asian_nie_computer_electronics_gbp_12m_pct,pandemic_2020_2022,4,0.08130073835262884,0.04442430808402413,1.0,1.0,18,32,12
prewhitened_ar,headline_12m_pct,fred_asian_nie_computer_electronics_gbp_12m_pct,pandemic_2020_2022,5,-0.07893287438346364,-0.053560190695131335,1.0,1.0,18,31,12
prewhitened_ar,headline_12m_pct,fred_asian_nie_computer_electronics_gbp_12m_pct,pandemic_2020_2022,6,-0.3994130402674461,-0.4431843876195397,0.5,1.0,18,30,12
prewhitened_ar,headline_12m_pct,fred_asian_nie_computer_electronics_gbp_12m_pct,pandemic_2020_2022,7,-0.30079122326913915,-0.21904479351720108,0.5,1.0,18,29,12
prewhitened_ar,headline_12m_pct,fred_asian_nie_computer_electronics_gbp_12m_pct,pandemic_2020_2022,8,0.1658613533811471,0.3117299699721673,1.0,1.0,18,28,12
prewhitened_ar,headline_12m_pct,fred_asian_nie_computer_electronics_gbp_12m_pct,pandemic_2020_2022,9,0.009106934396758014,0.19073532224170783,0.5,1.0,18,27,12
prewhitened_ar,headline_12m_pct,fred_asian_nie_computer_electronics_gbp_12m_pct,pandemic_2020_2022,10,0.21654481796271502,0.30630395118785764,0.5,1.0,18,26,12
prewhitened_ar,headline_12m_pct,fred_asian_nie_computer_electronics_gbp_12m_pct,pandemic_2020_2022,11,0.25506210384861877,0.41812676081907696,0.5,1.0,18,25,12
prewhitened_ar,headline_12m_pct,fred_asian_nie_computer_electronics_gbp_12m_pct,pandemic_2020_2022,12,-0.2206726758195047,-0.03271169147755369,1.0,1.0,18,24,12
prewhitened_ar,headline_12m_pct,fred_asian_nie_computer_electronics_gbp_12m_pct,pandemic_2020_2022,13,-0.448904416458996,-0.423283825011936,0.5,1.0,18,23,12
prewhitened_ar,headline_12m_pct,fred_asian_nie_computer_electronics_gbp_12m_pct,pandemic_2020_2022,14,-0.11785878280559907,-0.14767693067471188,1.0,1.0,18,22,12
prewhitened_ar,headline_12m_pct,fred_asian_nie_computer_electronics_gbp_12m_pct,pandemic_2020_2022,15,-0.029223339751773516,0.02303383463483246,0.5,1.0,18,21,12
prewhitened_ar,headline_12m_pct,fred_asian_nie_computer_electronics_gbp_12m_pct,pandemic_2020_2022,16,-0.38940474499543304,-0.3461078318881405,0.5,1.0,18,20,12
prewhitened_ar,headline_12m_pct,fred_asian_nie_computer_electronics_gbp_12m_pct,pandemic_2020_2022,17,0.29780529006997375,0.3268957800825349,0.5,1.0,18,19,12
prewhitened_ar,headline_12m_pct,fred_asian_nie_computer_electronics_gbp_12m_pct,pandemic_2020_2022,18,0.25023740349337886,0.25023740349337886,0.5,1.0,18,18,12
prewhitened_ar,headline_12m_pct,fred_asian_nie_computer_electronics_gbp_12m_pct,post_2022,0,0.03353277567015527,0.1141190783605598,1.0,1.0,18,33,12
prewhitened_ar,headline_12m_pct,fred_asian_nie_computer_electronics_gbp_12m_pct,post_2022,1,0.03966251883854346,-0.3341461305580693,0.5,1.0,18,32,12
prewhitened_ar,headline_12m_pct,fred_asian_nie_computer_electronics_gbp_12m_pct,post_2022,2,0.12657465196622228,0.18371511835497517,1.0,1.0,18,31,12
prewhitened_ar,headline_12m_pct,fred_asian_nie_computer_electronics_gbp_12m_pct,post_2022,3,0.07650965590749763,0.09302024899517097,0.5,1.0,18,30,12
prewhitened_ar,headline_12m_pct,fred_asian_nie_computer_electronics_gbp_12m_pct,post_2022,4,-0.0690914977206971,0.24261299261207478,1.0,1.0,18,29,12
prewhitened_ar,headline_12m_pct,fred_asian_nie_computer_electronics_gbp_12m_pct,post_2022,5,-0.11631431750477286,-0.023480212100194554,1.0,1.0,18,28,12
prewhitened_ar,headline_12m_pct,fred_asian_nie_computer_electronics_gbp_12m_pct,post_2022,6,-0.28850303644162223,-0.5762937854471267,0.5,0.5,18,27,12
prewhitened_ar,headline_12m_pct,fred_asian_nie_computer_electronics_gbp_12m_pct,post_2022,7,0.20567787491539113,0.2852545624364932,0.5,1.0,18,26,12
prewhitened_ar,headline_12m_pct,fred_asian_nie_computer_electronics_gbp_12m_pct,post_2022,8,0.007751369975576703,-0.04478427502623764,1.0,1.0,18,25,12
prewhitened_ar,headline_12m_pct,fred_asian_nie_computer_electronics_gbp_12m_pct,post_2022,9,0.25977727234132936,0.3030882208369865,1.0,1.0,18,24,12
prewhitened_ar,headline_12m_pct,fred_asian_nie_computer_electronics_gbp_12m_pct,post_2022,10,-0.03859989253888409,-0.23021088586883412,0.5,1.0,18,23,12
prewhitened_ar,headline_12m_pct,fred_asian_nie_computer_electronics_gbp_12m_pct,post_2022,11,0.07851703009659658,0.30461411448529674,0.5,1.0,18,22,12
prewhitened_ar,headline_12m_pct,fred_asian_nie_computer_electronics_gbp_12m_pct,post_2022,12,0.08218276713668372,0.01280924974715678,1.0,1.0,18,21,12
prewhitened_ar,headline_12m_pct,fred_asian_nie_computer_electronics_gbp_12m_pct,post_2022,13,0.22875336213285122,0.37294067677485665,0.5,1.0,18,20,12
prewhitened_ar,headline_12m_pct,fred_asian_nie_computer_electronics_gbp_12m_pct,post_2022,14,-0.344581689468353,-0.3292073307176375,0.5,1.0,18,19,12
prewhitened_ar,headline_12m_pct,fred_asian_nie_computer_electronics_gbp_12m_pct,post_2022,15,0.26125134197487476,0.18590067968183174,0.5,1.0,18,18,12
prewhitened_ar,headline_12m_pct,fred_asian_nie_computer_electronics_gbp_12m_pct,post_2022,16,-0.3995263503130041,-0.4031864352820734,0.5,1.0,18,17,12
prewhitened_ar,headline_12m_pct,fred_asian_nie_computer_electronics_gbp_12m_pct,post_2022,17,-0.0414454447929646,-0.037706590391841786,1.0,1.0,18,16,12
prewhitened_ar,headline_12m_pct,fred_asian_nie_computer_electronics_gbp_12m_pct,post_2022,18,0.2233778790474689,0.2233778790474689,0.5,1.0,18,15,12
prewhitened_ar,ex_games_12m_pct,jp_epi_electronics_gbp_12m_pct,full,0,0.02391780714894481,0.04973062109401744,0.6891891891891891,1.0,18,115,12
prewhitened_ar,ex_games_12m_pct,jp_epi_electronics_gbp_12m_pct,full,1,0.02782120388768274,-0.004651479218231372,1.0,1.0,18,114,12
prewhitened_ar,ex_games_12m_pct,jp_epi_electronics_gbp_12m_pct,full,2,0.11372010657329125,0.1041817718034006,0.4594594594594595,1.0,18,113,12
prewhitened_ar,ex_games_12m_pct,jp_epi_electronics_gbp_12m_pct,full,3,0.03258311785353331,0.043423145586400015,0.7162162162162162,1.0,18,112,12
prewhitened_ar,ex_games_12m_pct,jp_epi_electronics_gbp_12m_pct,full,4,-0.09624187013703407,-0.16391976541469017,0.24324324324324326,0.972972972972973,18,111,12
prewhitened_ar,ex_games_12m_pct,jp_epi_electronics_gbp_12m_pct,full,5,0.12769199921708865,0.1100014426717084,0.40540540540540543,1.0,18,110,12
prewhitened_ar,ex_games_12m_pct,jp_epi_electronics_gbp_12m_pct,full,6,-0.11342506259762823,-0.15037558166614662,0.25675675675675674,1.0,18,109,12
prewhitened_ar,ex_games_12m_pct,jp_epi_electronics_gbp_12m_pct,full,7,0.026018483204602597,0.010282284315884167,0.8783783783783784,1.0,18,108,12
prewhitened_ar,ex_games_12m_pct,jp_epi_electronics_gbp_12m_pct,full,8,-0.024523115664651058,-0.018990322106366413,0.8108108108108109,1.0,18,107,12
prewhitened_ar,ex_games_12m_pct,jp_epi_electronics_gbp_12m_pct,full,9,0.1228667294160957,0.10242026140247408,0.40540540540540543,1.0,18,106,12
prewhitened_ar,ex_games_12m_pct,jp_epi_electronics_gbp_12m_pct,full,10,-0.04314022519457002,-0.08790665930219291,0.5,1.0,18,105,12
prewhitened_ar,ex_games_12m_pct,jp_epi_electronics_gbp_12m_pct,full,11,0.1404832528789869,0.1644526454496157,0.20270270270270271,0.972972972972973,18,104,12
prewhitened_ar,ex_games_12m_pct,jp_epi_electronics_gbp_12m_pct,full,12,0.0381531563017328,0.02565570632089474,0.7567567567567568,1.0,18,103,12
prewhitened_ar,ex_games_12m_pct,jp_epi_electronics_gbp_12m_pct,full,13,-0.07319707120005169,-0.056866520897473925,0.5540540540540541,1.0,18,102,12
prewhitened_ar,ex_games_12m_pct,jp_epi_electronics_gbp_12m_pct,full,14,-0.19744319383719205,-0.1964414689359939,0.10810810810810811,0.7972972972972973,18,101,12
prewhitened_ar,ex_games_12m_pct,jp_epi_electronics_gbp_12m_pct,full,15,0.1243199303621283,0.1351573189879786,0.3108108108108108,1.0,18,100,12
prewhitened_ar,ex_games_12m_pct,jp_epi_electronics_gbp_12m_pct,full,16,-0.03531282579014909,-0.02818984562189614,0.7567567567567568,1.0,18,99,12
prewhitened_ar,ex_games_12m_pct,jp_epi_electronics_gbp_12m_pct,full,17,-0.09568323962684351,-0.09527030166588508,0.40540540540540543,1.0,18,98,12
prewhitened_ar,ex_games_12m_pct,jp_epi_electronics_gbp_12m_pct,full,18,0.16233799897687332,0.16233799897687332,0.20270270270270271,0.9864864864864865,18,97,12
prewhitened_ar,ex_games_12m_pct,jp_epi_electronics_gbp_12m_pct,pre_2020,0,0.34016844873483254,0.3371243324905114,1.0,1.0,18,36,12
prewhitened_ar,ex_games_12m_pct,jp_epi_electronics_gbp_12m_pct,pre_2020,1,-0.1801122347221866,-0.34109561794548365,1.0,1.0,18,35,12
prewhitened_ar,ex_games_12m_pct,jp_epi_electronics_gbp_12m_pct,pre_2020,2,0.10663273493519318,0.028677938293952442,0.5,1.0,18,34,12
prewhitened_ar,ex_games_12m_pct,jp_epi_electronics_gbp_12m_pct,pre_2020,3,-0.03153189772590367,0.012955025417019417,1.0,1.0,18,33,12
prewhitened_ar,ex_games_12m_pct,jp_epi_electronics_gbp_12m_pct,pre_2020,4,-0.1839014989762621,-0.10085656357749301,1.0,1.0,18,32,12
prewhitened_ar,ex_games_12m_pct,jp_epi_electronics_gbp_12m_pct,pre_2020,5,0.11833017280983492,0.3616292221539242,1.0,1.0,18,31,12
prewhitened_ar,ex_games_12m_pct,jp_epi_electronics_gbp_12m_pct,pre_2020,6,0.047445561915174274,0.0029370674368182498,1.0,1.0,18,30,12
prewhitened_ar,ex_games_12m_pct,jp_epi_electronics_gbp_12m_pct,pre_2020,7,0.16153693294035326,0.29368836955284505,1.0,1.0,18,29,12
prewhitened_ar,ex_games_12m_pct,jp_epi_electronics_gbp_12m_pct,pre_2020,8,-0.14879952888754494,0.01734502854364187,1.0,1.0,18,28,12
prewhitened_ar,ex_games_12m_pct,jp_epi_electronics_gbp_12m_pct,pre_2020,9,-0.05860996676022103,-0.16182043121096676,0.5,1.0,18,27,12
prewhitened_ar,ex_games_12m_pct,jp_epi_electronics_gbp_12m_pct,pre_2020,10,-0.05621262866945566,-0.17050382551676416,0.5,1.0,18,26,12
prewhitened_ar,ex_games_12m_pct,jp_epi_electronics_gbp_12m_pct,pre_2020,11,-0.13117599767429486,-0.11421314065183585,1.0,1.0,18,25,12
prewhitened_ar,ex_games_12m_pct,jp_epi_electronics_gbp_12m_pct,pre_2020,12,-0.12914827748459262,0.06890010235109106,1.0,1.0,18,24,12
prewhitened_ar,ex_games_12m_pct,jp_epi_electronics_gbp_12m_pct,pre_2020,13,0.05121325086324246,0.09416241253227761,1.0,1.0,18,23,12
prewhitened_ar,ex_games_12m_pct,jp_epi_electronics_gbp_12m_pct,pre_2020,14,-0.1485867792756058,-0.1983620930008875,0.5,1.0,18,22,12
prewhitened_ar,ex_games_12m_pct,jp_epi_electronics_gbp_12m_pct,pre_2020,15,-0.1028226649762356,-0.07345461115059644,0.5,1.0,18,21,12
prewhitened_ar,ex_games_12m_pct,jp_epi_electronics_gbp_12m_pct,pre_2020,16,-0.23561043308012494,-0.28576805373689523,0.5,1.0,18,20,12
prewhitened_ar,ex_games_12m_pct,jp_epi_electronics_gbp_12m_pct,pre_2020,17,-0.2046616016694583,-0.2018246724120862,0.5,1.0,18,19,12
prewhitened_ar,ex_games_12m_pct,jp_epi_electronics_gbp_12m_pct,pre_2020,18,0.13975386249568356,0.13975386249568356,0.5,1.0,18,18,12
prewhitened_ar,ex_games_12m_pct,jp_epi_electronics_gbp_12m_pct,pandemic_2020_2022,0,-0.006699409687626713,0.1832362464442042,0.5,1.0,18,36,12
prewhitened_ar,ex_games_12m_pct,jp_epi_electronics_gbp_12m_pct,pandemic_2020_2022,1,-0.02570638236839877,-0.3310353447476627,0.5,1.0,18,35,12
prewhitened_ar,ex_games_12m_pct,jp_epi_electronics_gbp_12m_pct,pandemic_2020_2022,2,-0.03122112354864847,0.07080207733994354,1.0,1.0,18,34,12
prewhitened_ar,ex_games_12m_pct,jp_epi_electronics_gbp_12m_pct,pandemic_2020_2022,3,-0.03393257294895447,0.006053675337397751,1.0,1.0,18,33,12
prewhitened_ar,ex_games_12m_pct,jp_epi_electronics_gbp_12m_pct,pandemic_2020_2022,4,0.0190079206769712,0.10783702277311577,0.5,1.0,18,32,12
prewhitened_ar,ex_games_12m_pct,jp_epi_electronics_gbp_12m_pct,pandemic_2020_2022,5,0.10732829210190749,-0.014407127982673852,1.0,1.0,18,31,12
prewhitened_ar,ex_games_12m_pct,jp_epi_electronics_gbp_12m_pct,pandemic_2020_2022,6,-0.1629284052722494,-0.027689535091487423,1.0,1.0,18,30,12
prewhitened_ar,ex_games_12m_pct,jp_epi_electronics_gbp_12m_pct,pandemic_2020_2022,7,-0.30456782610928684,-0.3385031072705136,0.5,1.0,18,29,12
prewhitened_ar,ex_games_12m_pct,jp_epi_electronics_gbp_12m_pct,pandemic_2020_2022,8,-0.04407354077879097,-0.1554502436357568,1.0,1.0,18,28,12
prewhitened_ar,ex_games_12m_pct,jp_epi_electronics_gbp_12m_pct,pandemic_2020_2022,9,0.01839605853690145,0.2228780140998225,1.0,1.0,18,27,12
prewhitened_ar,ex_games_12m_pct,jp_epi_electronics_gbp_12m_pct,pandemic_2020_2022,10,-0.29956291531725365,-0.33174431025385726,0.5,1.0,18,26,12
prewhitened_ar,ex_games_12m_pct,jp_epi_electronics_gbp_12m_pct,pandemic_2020_2022,11,0.3659867962131423,0.38816135449942557,0.5,1.0,18,25,12
prewhitened_ar,ex_games_12m_pct,jp_epi_electronics_gbp_12m_pct,pandemic_2020_2022,12,0.07277642073978906,0.12906233540586876,1.0,1.0,18,24,12
prewhitened_ar,ex_games_12m_pct,jp_epi_electronics_gbp_12m_pct,pandemic_2020_2022,13,-0.26755818105209117,-0.15768669476066646,1.0,1.0,18,23,12
prewhitened_ar,ex_games_12m_pct,jp_epi_electronics_gbp_12m_pct,pandemic_2020_2022,14,0.15404908890817076,0.10883572983575142,1.0,1.0,18,22,12
prewhitened_ar,ex_games_12m_pct,jp_epi_electronics_gbp_12m_pct,pandemic_2020_2022,15,0.17105884201552132,0.1413432010856785,0.5,1.0,18,21,12
prewhitened_ar,ex_games_12m_pct,jp_epi_electronics_gbp_12m_pct,pandemic_2020_2022,16,-0.08840826747466735,-0.02080872218975885,1.0,1.0,18,20,12
prewhitened_ar,ex_games_12m_pct,jp_epi_electronics_gbp_12m_pct,pandemic_2020_2022,17,-0.3313330531880497,-0.3129206277002124,0.5,1.0,18,19,12
prewhitened_ar,ex_games_12m_pct,jp_epi_electronics_gbp_12m_pct,pandemic_2020_2022,18,0.2915989133167389,0.2915989133167389,0.5,1.0,18,18,12
prewhitened_ar,ex_games_12m_pct,jp_epi_electronics_gbp_12m_pct,post_2022,0,-0.15106857877141489,-0.2572983484208615,0.5,1.0,18,43,12
prewhitened_ar,ex_games_12m_pct,jp_epi_electronics_gbp_12m_pct,post_2022,1,0.2004784162269455,0.22744107838801753,0.5,1.0,18,42,12
prewhitened_ar,ex_games_12m_pct,jp_epi_electronics_gbp_12m_pct,post_2022,2,0.21337633461621636,0.2347567100081902,0.5,1.0,18,41,12
prewhitened_ar,ex_games_12m_pct,jp_epi_electronics_gbp_12m_pct,post_2022,3,0.19178375669103456,0.30685253137086954,0.5,1.0,18,40,12
prewhitened_ar,ex_games_12m_pct,jp_epi_electronics_gbp_12m_pct,post_2022,4,-0.032569615448445624,-0.2638534629958859,1.0,1.0,18,39,12
prewhitened_ar,ex_games_12m_pct,jp_epi_electronics_gbp_12m_pct,post_2022,5,0.2673887721810893,0.24641522372923427,0.5,1.0,18,38,12
prewhitened_ar,ex_games_12m_pct,jp_epi_electronics_gbp_12m_pct,post_2022,6,-0.19083322095390864,-0.387765274716701,0.5,1.0,18,37,12
prewhitened_ar,ex_games_12m_pct,jp_epi_electronics_gbp_12m_pct,post_2022,7,0.08532494619531117,0.04378552632033987,0.5,1.0,18,36,12
prewhitened_ar,ex_games_12m_pct,jp_epi_electronics_gbp_12m_pct,post_2022,8,-0.044046864791409714,-0.02441082992495988,1.0,1.0,18,35,12
prewhitened_ar,ex_games_12m_pct,jp_epi_electronics_gbp_12m_pct,post_2022,9,0.26900964075863265,0.2341614964082538,0.5,1.0,18,34,12
prewhitened_ar,ex_games_12m_pct,jp_epi_electronics_gbp_12m_pct,post_2022,10,0.06035484205860949,-0.06397759989887862,1.0,1.0,18,33,12
prewhitened_ar,ex_games_12m_pct,jp_epi_electronics_gbp_12m_pct,post_2022,11,0.14675617676153202,0.23772428829341652,0.5,1.0,18,32,12
prewhitened_ar,ex_games_12m_pct,jp_epi_electronics_gbp_12m_pct,post_2022,12,0.20890140163131274,0.19322093729189538,0.5,1.0,18,31,12
prewhitened_ar,ex_games_12m_pct,jp_epi_electronics_gbp_12m_pct,post_2022,13,-0.33160798299257205,-0.2909070593630792,0.5,1.0,18,30,12
prewhitened_ar,ex_games_12m_pct,jp_epi_electronics_gbp_12m_pct,post_2022,14,-0.37622900962156397,-0.381664275449998,0.5,1.0,18,29,12
prewhitened_ar,ex_games_12m_pct,jp_epi_electronics_gbp_12m_pct,post_2022,15,0.09204911696983581,0.14081257921362508,0.5,1.0,18,28,12
prewhitened_ar,ex_games_12m_pct,jp_epi_electronics_gbp_12m_pct,post_2022,16,0.008098889847909695,0.041788130423349806,1.0,1.0,18,27,12
prewhitened_ar,ex_games_12m_pct,jp_epi_electronics_gbp_12m_pct,post_2022,17,-0.01800091939803643,-0.015687046929166504,1.0,1.0,18,26,12
prewhitened_ar,ex_games_12m_pct,jp_epi_electronics_gbp_12m_pct,post_2022,18,0.16371451205262477,0.16371451205262477,1.0,1.0,18,25,12
prewhitened_ar,ex_games_12m_pct,kr_epi_tech_gbp_12m_pct,full,0,-0.12441866359244415,-0.20980621995640802,0.2777777777777778,1.0,18,59,12
prewhitened_ar,ex_games_12m_pct,kr_epi_tech_gbp_12m_pct,full,1,0.165858605791843,0.07817334567873692,0.7777777777777778,1.0,18,58,12
prewhitened_ar,ex_games_12m_pct,kr_epi_tech_gbp_12m_pct,full,2,-0.08094263237173265,-0.0041526649606485845,0.9444444444444444,1.0,18,57,12
prewhitened_ar,ex_games_12m_pct,kr_epi_tech_gbp_12m_pct,full,3,0.0061973941344004605,0.03315647668305563,0.9444444444444444,1.0,18,56,12
prewhitened_ar,ex_games_12m_pct,kr_epi_tech_gbp_12m_pct,full,4,-0.09858613985286628,0.014179560426578669,0.9444444444444444,1.0,18,55,12
prewhitened_ar,ex_games_12m_pct,kr_epi_tech_gbp_12m_pct,full,5,0.19766420602267853,0.17296641438055335,0.3888888888888889,1.0,18,54,12
prewhitened_ar,ex_games_12m_pct,kr_epi_tech_gbp_12m_pct,full,6,-0.14437610129794726,-0.2522088970052262,0.2222222222222222,1.0,18,53,12
prewhitened_ar,ex_games_12m_pct,kr_epi_tech_gbp_12m_pct,full,7,-0.03156997156206282,0.08395842173892538,0.6111111111111112,1.0,18,52,12
prewhitened_ar,ex_games_12m_pct,kr_epi_tech_gbp_12m_pct,full,8,0.018791117482707727,-0.0678542218567023,0.7777777777777778,1.0,18,51,12
prewhitened_ar,ex_games_12m_pct,kr_epi_tech_gbp_12m_pct,full,9,-0.07105762546089778,0.0003236918446835887,1.0,1.0,18,50,12
prewhitened_ar,ex_games_12m_pct,kr_epi_tech_gbp_12m_pct,full,10,-0.16338260679321392,-0.04762497263790111,0.6666666666666666,1.0,18,49,12
prewhitened_ar,ex_games_12m_pct,kr_epi_tech_gbp_12m_pct,full,11,0.16878906701917273,0.13733059338605894,0.2777777777777778,1.0,18,48,12
prewhitened_ar,ex_games_12m_pct,kr_epi_tech_gbp_12m_pct,full,12,-0.057962436473560267,0.02735598411512794,0.9444444444444444,1.0,18,47,12
prewhitened_ar,ex_games_12m_pct,kr_epi_tech_gbp_12m_pct,full,13,0.05641745219128762,-0.07415363260801287,0.6666666666666666,1.0,18,46,12
prewhitened_ar,ex_games_12m_pct,kr_epi_tech_gbp_12m_pct,full,14,-0.2267921664866894,-0.22782583729386352,0.2222222222222222,1.0,18,45,12
prewhitened_ar,ex_games_12m_pct,kr_epi_tech_gbp_12m_pct,full,15,0.02307544036269347,-0.010620905251226236,0.8333333333333334,1.0,18,44,12
prewhitened_ar,ex_games_12m_pct,kr_epi_tech_gbp_12m_pct,full,16,0.16937429967494377,0.16031095639783163,0.3333333333333333,1.0,18,43,12
prewhitened_ar,ex_games_12m_pct,kr_epi_tech_gbp_12m_pct,full,17,-0.18918634091211387,-0.1848850557570185,0.2222222222222222,1.0,18,42,12
prewhitened_ar,ex_games_12m_pct,kr_epi_tech_gbp_12m_pct,full,18,0.13099877190311798,0.13099877190311798,0.5555555555555556,1.0,18,41,12
prewhitened_ar,ex_games_12m_pct,kr_epi_tech_gbp_12m_pct,pandemic_2020_2022,0,-0.15178424034003782,0.11296327944672564,0.5,1.0,18,33,12
prewhitened_ar,ex_games_12m_pct,kr_epi_tech_gbp_12m_pct,pandemic_2020_2022,1,0.21986200489688676,-0.11026830958596226,1.0,1.0,18,32,12
prewhitened_ar,ex_games_12m_pct,kr_epi_tech_gbp_12m_pct,pandemic_2020_2022,2,0.13364727173968474,0.3633348120119952,0.5,1.0,18,31,12
prewhitened_ar,ex_games_12m_pct,kr_epi_tech_gbp_12m_pct,pandemic_2020_2022,3,-0.12095632716138022,-0.12408905462071346,0.5,1.0,18,30,12
prewhitened_ar,ex_games_12m_pct,kr_epi_tech_gbp_12m_pct,pandemic_2020_2022,4,0.103610034809275,0.11778355084467926,1.0,1.0,18,29,12
prewhitened_ar,ex_games_12m_pct,kr_epi_tech_gbp_12m_pct,pandemic_2020_2022,5,0.29760293324439563,0.09985816108005519,1.0,1.0,18,28,12
prewhitened_ar,ex_games_12m_pct,kr_epi_tech_gbp_12m_pct,pandemic_2020_2022,6,-0.21267172566042974,-0.06870199121491419,0.5,1.0,18,27,12
prewhitened_ar,ex_games_12m_pct,kr_epi_tech_gbp_12m_pct,pandemic_2020_2022,7,0.01370793814667144,-0.007319641215437841,1.0,1.0,18,26,12
prewhitened_ar,ex_games_12m_pct,kr_epi_tech_gbp_12m_pct,pandemic_2020_2022,8,0.05968070849745437,-0.19942013817027004,0.5,1.0,18,25,12
prewhitened_ar,ex_games_12m_pct,kr_epi_tech_gbp_12m_pct,pandemic_2020_2022,9,-0.16585501513826714,0.22066399748433813,0.5,1.0,18,24,12
prewhitened_ar,ex_games_12m_pct,kr_epi_tech_gbp_12m_pct,pandemic_2020_2022,10,-0.19202628299950986,-0.3230641588854762,0.5,1.0,18,23,12
prewhitened_ar,ex_games_12m_pct,kr_epi_tech_gbp_12m_pct,pandemic_2020_2022,11,0.2245698079306234,0.09500663654326467,1.0,1.0,18,22,12
prewhitened_ar,ex_games_12m_pct,kr_epi_tech_gbp_12m_pct,pandemic_2020_2022,12,0.23258224591633764,0.32699914703708666,0.5,1.0,18,21,12
prewhitened_ar,ex_games_12m_pct,kr_epi_tech_gbp_12m_pct,pandemic_2020_2022,13,-0.3933623071147517,-0.24538379225349868,0.5,1.0,18,20,12
prewhitened_ar,ex_games_12m_pct,kr_epi_tech_gbp_12m_pct,pandemic_2020_2022,14,0.14254751497098211,0.012803629328010232,1.0,1.0,18,19,12
prewhitened_ar,ex_games_12m_pct,kr_epi_tech_gbp_12m_pct,pandemic_2020_2022,15,-0.060244106721290484,-0.21108735514453975,1.0,1.0,18,18,12
prewhitened_ar,ex_games_12m_pct,kr_epi_tech_gbp_12m_pct,pandemic_2020_2022,16,-0.033043520626468204,0.08200622298398505,1.0,1.0,18,17,12
prewhitened_ar,ex_games_12m_pct,kr_epi_tech_gbp_12m_pct,pandemic_2020_2022,17,-0.772719768351444,-0.7665101230770054,0.5,0.5,18,16,12
prewhitened_ar,ex_games_12m_pct,kr_epi_tech_gbp_12m_pct,pandemic_2020_2022,18,0.085216025578226,0.085216025578226,1.0,1.0,18,15,12
prewhitened_ar,ex_games_12m_pct,kr_epi_tech_gbp_12m_pct,post_2022,0,-0.09973941572897443,-0.525735677742164,1.0,1.0,18,26,12
prewhitened_ar,ex_games_12m_pct,kr_epi_tech_gbp_12m_pct,post_2022,1,0.1768643291554783,-0.28825139851511317,1.0,1.0,18,25,12
prewhitened_ar,ex_games_12m_pct,kr_epi_tech_gbp_12m_pct,post_2022,2,-0.13899799595764478,-0.27381515226901226,0.5,1.0,18,24,12
prewhitened_ar,ex_games_12m_pct,kr_epi_tech_gbp_12m_pct,post_2022,3,0.17901635664439,0.5779913176161856,0.5,1.0,18,23,12
prewhitened_ar,ex_games_12m_pct,kr_epi_tech_gbp_12m_pct,post_2022,4,-0.018843809484840594,0.4544936027999829,0.5,1.0,18,22,12
prewhitened_ar,ex_games_12m_pct,kr_epi_tech_gbp_12m_pct,post_2022,5,0.41941128611978823,0.4953263889683183,0.5,1.0,18,21,12
prewhitened_ar,ex_games_12m_pct,kr_epi_tech_gbp_12m_pct,post_2022,6,-0.006100515275221059,-0.3885904169645714,0.5,1.0,18,20,12
prewhitened_ar,ex_games_12m_pct,kr_epi_tech_gbp_12m_pct,post_2022,7,-0.13089397134537586,0.022636822825108614,1.0,1.0,18,19,12
prewhitened_ar,ex_games_12m_pct,kr_epi_tech_gbp_12m_pct,post_2022,8,0.12194141557299304,-0.30727771546403854,1.0,1.0,18,18,12
prewhitened_ar,ex_games_12m_pct,kr_epi_tech_gbp_12m_pct,post_2022,9,-0.24593794003160052,-0.45897388213170065,0.5,1.0,18,17,12
prewhitened_ar,ex_games_12m_pct,kr_epi_tech_gbp_12m_pct,post_2022,10,-0.08940847345573853,0.5139606280805789,0.5,1.0,18,16,12
prewhitened_ar,ex_games_12m_pct,kr_epi_tech_gbp_12m_pct,post_2022,11,0.17700437513672101,-0.047739578266752285,1.0,1.0,18,15,12
prewhitened_ar,ex_games_12m_pct,kr_epi_tech_gbp_12m_pct,post_2022,12,-0.2020990779143438,0.010532077012244047,1.0,1.0,18,14,12
prewhitened_ar,ex_games_12m_pct,kr_epi_tech_gbp_12m_pct,post_2022,13,0.37392647957344183,-0.0034585031050396913,1.0,1.0,18,13,12
prewhitened_ar,ex_games_12m_pct,kr_epi_tech_gbp_12m_pct,post_2022,14,-0.31279745206113035,-0.3895291751727955,0.5,1.0,18,12,12
prewhitened_ar,ex_games_12m_pct,kr_epi_tech_gbp_12m_pct,post_2022,15,0.012918903946869306,-0.13537323595622164,1.0,1.0,18,11,12
prewhitened_ar,ex_games_12m_pct,kr_epi_tech_gbp_12m_pct,post_2022,16,0.5315269827282196,0.6784983279900108,0.5,0.5,18,10,12
prewhitened_ar,ex_games_12m_pct,kr_epi_tech_gbp_12m_pct,post_2022,17,0.3121130614837208,0.37571042830900897,0.5,1.0,18,9,12
prewhitened_ar,ex_games_12m_pct,kr_epi_tech_gbp_12m_pct,post_2022,18,0.15005763316383694,0.15005763316383694,1.0,1.0,18,8,12
prewhitened_ar,ex_games_12m_pct,cn_ppi_tech_gbp_12m_pct,full,0,-0.1224442201628506,-0.2596187215450679,0.2,1.0,18,46,12
prewhitened_ar,ex_games_12m_pct,cn_ppi_tech_gbp_12m_pct,full,1,0.35441928799517775,0.22384888262239216,0.2,1.0,18,45,12
prewhitened_ar,ex_games_12m_pct,cn_ppi_tech_gbp_12m_pct,full,2,0.037373501252872296,-0.023001612789417543,0.6,1.0,18,44,12
prewhitened_ar,ex_games_12m_pct,cn_ppi_tech_gbp_12m_pct,full,3,0.17551279194501293,0.23479713500503385,0.6,1.0,18,43,12
prewhitened_ar,ex_games_12m_pct,cn_ppi_tech_gbp_12m_pct,full,4,-0.11501815301324964,-0.17472283257455556,0.6,1.0,18,42,12
prewhitened_ar,ex_games_12m_pct,cn_ppi_tech_gbp_12m_pct,full,5,0.07393858167261291,0.13213590341826356,0.8,1.0,18,41,12
prewhitened_ar,ex_games_12m_pct,cn_ppi_tech_gbp_12m_pct,full,6,-0.151690461952774,-0.3793207537832688,0.2,0.2,18,40,12
prewhitened_ar,ex_games_12m_pct,cn_ppi_tech_gbp_12m_pct,full,7,0.04925571541571209,0.008318710589366198,1.0,1.0,18,39,12
prewhitened_ar,ex_games_12m_pct,cn_ppi_tech_gbp_12m_pct,full,8,0.12359556056555483,0.16316791931970095,0.6,1.0,18,38,12
prewhitened_ar,ex_games_12m_pct,cn_ppi_tech_gbp_12m_pct,full,9,0.18878548946974905,0.17531999462993625,0.2,1.0,18,37,12
prewhitened_ar,ex_games_12m_pct,cn_ppi_tech_gbp_12m_pct,full,10,0.3497538587506267,0.31826110900069815,0.2,0.8,18,36,12
prewhitened_ar,ex_games_12m_pct,cn_ppi_tech_gbp_12m_pct,full,11,0.09087360909036422,0.11596474741110635,0.8,1.0,18,35,12
prewhitened_ar,ex_games_12m_pct,cn_ppi_tech_gbp_12m_pct,full,12,0.15216066247431068,0.07395246826443536,0.8,1.0,18,34,12
prewhitened_ar,ex_games_12m_pct,cn_ppi_tech_gbp_12m_pct,full,13,-0.05988479085152387,-0.033914972679905245,0.8,1.0,18,33,12
prewhitened_ar,ex_games_12m_pct,cn_ppi_tech_gbp_12m_pct,full,14,-0.23731060758336633,-0.1905948363708597,0.2,1.0,18,32,12
prewhitened_ar,ex_games_12m_pct,cn_ppi_tech_gbp_12m_pct,full,15,0.16338209095002137,0.15710047416159947,0.4,1.0,18,31,12
prewhitened_ar,ex_games_12m_pct,cn_ppi_tech_gbp_12m_pct,full,16,0.08224584340926662,0.06820990281672207,0.8,1.0,18,30,12
prewhitened_ar,ex_games_12m_pct,cn_ppi_tech_gbp_12m_pct,full,17,-0.19751200987079404,-0.19985386074674966,0.4,1.0,18,29,12
prewhitened_ar,ex_games_12m_pct,cn_ppi_tech_gbp_12m_pct,full,18,0.10415634285384724,0.10415634285384724,0.8,1.0,18,28,12
prewhitened_ar,ex_games_12m_pct,cn_ppi_tech_gbp_12m_pct,post_2022,0,-0.10675974818721652,-0.24748082854553194,1.0,1.0,18,36,12
prewhitened_ar,ex_games_12m_pct,cn_ppi_tech_gbp_12m_pct,post_2022,1,0.34730296430201724,0.17658732977530406,0.5,1.0,18,35,12
prewhitened_ar,ex_games_12m_pct,cn_ppi_tech_gbp_12m_pct,post_2022,2,0.042328188170549126,-0.005868851883071117,1.0,1.0,18,34,12
prewhitened_ar,ex_games_12m_pct,cn_ppi_tech_gbp_12m_pct,post_2022,3,0.21223466906208746,0.3550966093294436,0.5,1.0,18,33,12
prewhitened_ar,ex_games_12m_pct,cn_ppi_tech_gbp_12m_pct,post_2022,4,-0.0851579549488363,-0.08337921630022059,1.0,1.0,18,32,12
prewhitened_ar,ex_games_12m_pct,cn_ppi_tech_gbp_12m_pct,post_2022,5,0.14996754524706887,0.3301006061638167,0.5,1.0,18,31,12
prewhitened_ar,ex_games_12m_pct,cn_ppi_tech_gbp_12m_pct,post_2022,6,-0.17842485949446457,-0.4636331064303557,0.5,0.5,18,30,12
prewhitened_ar,ex_games_12m_pct,cn_ppi_tech_gbp_12m_pct,post_2022,7,0.030837644768957968,0.01740779668824995,1.0,1.0,18,29,12
prewhitened_ar,ex_games_12m_pct,cn_ppi_tech_gbp_12m_pct,post_2022,8,-0.04856914822998179,-0.013533656272363718,0.5,1.0,18,28,12
prewhitened_ar,ex_games_12m_pct,cn_ppi_tech_gbp_12m_pct,post_2022,9,0.03719774102205256,-0.005737629979763233,1.0,1.0,18,27,12
prewhitened_ar,ex_games_12m_pct,cn_ppi_tech_gbp_12m_pct,post_2022,10,0.3939962034703413,0.3838406491078858,1.0,1.0,18,26,12
prewhitened_ar,ex_games_12m_pct,cn_ppi_tech_gbp_12m_pct,post_2022,11,-0.10041395103772531,-0.09182196197734227,1.0,1.0,18,25,12
prewhitened_ar,ex_games_12m_pct,cn_ppi_tech_gbp_12m_pct,post_2022,12,0.1727285728602252,0.07695612538779029,0.5,1.0,18,24,12
prewhitened_ar,ex_games_12m_pct,cn_ppi_tech_gbp_12m_pct,post_2022,13,-0.19573799377452103,-0.16008209332518267,1.0,1.0,18,23,12
prewhitened_ar,ex_games_12m_pct,cn_ppi_tech_gbp_12m_pct,post_2022,14,-0.17711981924945466,-0.08742313689680928,0.5,1.0,18,22,12
prewhitened_ar,ex_games_12m_pct,cn_ppi_tech_gbp_12m_pct,post_2022,15,0.06038987803368917,0.031186490525339484,1.0,1.0,18,21,12
prewhitened_ar,ex_games_12m_pct,cn_ppi_tech_gbp_12m_pct,post_2022,16,0.15834800427589715,0.139538633831721,0.5,1.0,18,20,12
prewhitened_ar,ex_games_12m_pct,cn_ppi_tech_gbp_12m_pct,post_2022,17,-0.33618257467207374,-0.33831591600548283,0.5,1.0,18,19,12
prewhitened_ar,ex_games_12m_pct,cn_ppi_tech_gbp_12m_pct,post_2022,18,0.0515826830055524,0.0515826830055524,0.5,1.0,18,18,12
prewhitened_ar,ex_games_12m_pct,tw_epi_integrated_circuits_gbp_12m_pct,full,0,0.05575589985433693,0.04853693132462179,0.6621621621621622,1.0,18,115,12
prewhitened_ar,ex_games_12m_pct,tw_epi_integrated_circuits_gbp_12m_pct,full,1,0.18735243070210647,0.11539874130274899,0.33783783783783783,1.0,18,114,12
prewhitened_ar,ex_games_12m_pct,tw_epi_integrated_circuits_gbp_12m_pct,full,2,0.14227086414381196,0.10937620716798283,0.4189189189189189,1.0,18,113,12
prewhitened_ar,ex_games_12m_pct,tw_epi_integrated_circuits_gbp_12m_pct,full,3,0.038131388976235754,0.0019690472249575238,0.9594594594594594,1.0,18,112,12
prewhitened_ar,ex_games_12m_pct,tw_epi_integrated_circuits_gbp_12m_pct,full,4,-0.050930160833381345,-0.11274963399068975,0.43243243243243246,1.0,18,111,12
prewhitened_ar,ex_games_12m_pct,tw_epi_integrated_circuits_gbp_12m_pct,full,5,0.11616663097106607,0.08350095401039286,0.5675675675675675,1.0,18,110,12
prewhitened_ar,ex_games_12m_pct,tw_epi_integrated_circuits_gbp_12m_pct,full,6,-0.02154798356956571,-0.04808398685001682,0.7027027027027027,1.0,18,109,12
prewhitened_ar,ex_games_12m_pct,tw_epi_integrated_circuits_gbp_12m_pct,full,7,0.09536338326717553,0.11157485163093413,0.3918918918918919,1.0,18,108,12
prewhitened_ar,ex_games_12m_pct,tw_epi_integrated_circuits_gbp_12m_pct,full,8,-0.04098296141119496,-0.02156793210514794,0.8783783783783784,1.0,18,107,12
prewhitened_ar,ex_games_12m_pct,tw_epi_integrated_circuits_gbp_12m_pct,full,9,0.12912080795306288,0.13152331633027461,0.2972972972972973,1.0,18,106,12
prewhitened_ar,ex_games_12m_pct,tw_epi_integrated_circuits_gbp_12m_pct,full,10,0.060780105232499104,0.029428032244661787,0.8783783783783784,1.0,18,105,12
prewhitened_ar,ex_games_12m_pct,tw_epi_integrated_circuits_gbp_12m_pct,full,11,0.1855973550427554,0.14647808733241627,0.20270270270270271,0.9054054054054054,18,104,12
prewhitened_ar,ex_games_12m_pct,tw_epi_integrated_circuits_gbp_12m_pct,full,12,0.07333261970837901,0.09286456471991389,0.44594594594594594,1.0,18,103,12
prewhitened_ar,ex_games_12m_pct,tw_epi_integrated_circuits_gbp_12m_pct,full,13,-0.023772726601397967,-0.03293500285485659,0.7162162162162162,1.0,18,102,12
prewhitened_ar,ex_games_12m_pct,tw_epi_integrated_circuits_gbp_12m_pct,full,14,-0.12147359559306234,-0.09248530619569761,0.4594594594594595,1.0,18,101,12
prewhitened_ar,ex_games_12m_pct,tw_epi_integrated_circuits_gbp_12m_pct,full,15,0.0545091482770429,0.06899951935466718,0.5675675675675675,1.0,18,100,12
prewhitened_ar,ex_games_12m_pct,tw_epi_integrated_circuits_gbp_12m_pct,full,16,0.05783439910119218,0.07901721513912689,0.4864864864864865,1.0,18,99,12
prewhitened_ar,ex_games_12m_pct,tw_epi_integrated_circuits_gbp_12m_pct,full,17,-0.02590854494773196,-0.015182317026839576,0.8783783783783784,1.0,18,98,12
prewhitened_ar,ex_games_12m_pct,tw_epi_integrated_circuits_gbp_12m_pct,full,18,0.17721769983193342,0.17721769983193342,0.16216216216216217,0.8513513513513513,18,97,12
prewhitened_ar,ex_games_12m_pct,tw_epi_integrated_circuits_gbp_12m_pct,pre_2020,0,0.2588997852657693,0.16534383201048325,1.0,1.0,18,36,12
prewhitened_ar,ex_games_12m_pct,tw_epi_integrated_circuits_gbp_12m_pct,pre_2020,1,0.059820106045235515,-0.11407381944554655,1.0,1.0,18,35,12
prewhitened_ar,ex_games_12m_pct,tw_epi_integrated_circuits_gbp_12m_pct,pre_2020,2,0.14619567574725584,0.09599268635184825,1.0,1.0,18,34,12
prewhitened_ar,ex_games_12m_pct,tw_epi_integrated_circuits_gbp_12m_pct,pre_2020,3,-0.0852207374127478,-0.1758718724703686,0.5,1.0,18,33,12
prewhitened_ar,ex_games_12m_pct,tw_epi_integrated_circuits_gbp_12m_pct,pre_2020,4,0.011102308304531173,0.04880158242494959,1.0,1.0,18,32,12
prewhitened_ar,ex_games_12m_pct,tw_epi_integrated_circuits_gbp_12m_pct,pre_2020,5,0.13849753068520362,0.3513933652746985,1.0,1.0,18,31,12
prewhitened_ar,ex_games_12m_pct,tw_epi_integrated_circuits_gbp_12m_pct,pre_2020,6,0.11742468553136955,-0.06446111765282461,1.0,1.0,18,30,12
prewhitened_ar,ex_games_12m_pct,tw_epi_integrated_circuits_gbp_12m_pct,pre_2020,7,0.32739803208559487,0.40856316819732535,0.5,1.0,18,29,12
prewhitened_ar,ex_games_12m_pct,tw_epi_integrated_circuits_gbp_12m_pct,pre_2020,8,-0.08124255262342639,-0.03827566693284052,1.0,1.0,18,28,12
prewhitened_ar,ex_games_12m_pct,tw_epi_integrated_circuits_gbp_12m_pct,pre_2020,9,-0.005027167847959795,-0.15153849449666293,0.5,1.0,18,27,12
prewhitened_ar,ex_games_12m_pct,tw_epi_integrated_circuits_gbp_12m_pct,pre_2020,10,-0.030053256126846905,-0.20147110054239137,0.5,1.0,18,26,12
prewhitened_ar,ex_games_12m_pct,tw_epi_integrated_circuits_gbp_12m_pct,pre_2020,11,-0.181081288198978,-0.36770254742101505,0.5,1.0,18,25,12
prewhitened_ar,ex_games_12m_pct,tw_epi_integrated_circuits_gbp_12m_pct,pre_2020,12,-0.04291468349279712,0.08384274590889526,1.0,1.0,18,24,12
prewhitened_ar,ex_games_12m_pct,tw_epi_integrated_circuits_gbp_12m_pct,pre_2020,13,0.08132272260562552,0.11806672349378608,1.0,1.0,18,23,12
prewhitened_ar,ex_games_12m_pct,tw_epi_integrated_circuits_gbp_12m_pct,pre_2020,14,-0.11724951633575567,-0.2910720979011753,0.5,1.0,18,22,12
prewhitened_ar,ex_games_12m_pct,tw_epi_integrated_circuits_gbp_12m_pct,pre_2020,15,0.004699445498320728,0.018895049885703605,1.0,1.0,18,21,12
prewhitened_ar,ex_games_12m_pct,tw_epi_integrated_circuits_gbp_12m_pct,pre_2020,16,-0.1734206042874723,-0.19552612832865063,1.0,1.0,18,20,12
prewhitened_ar,ex_games_12m_pct,tw_epi_integrated_circuits_gbp_12m_pct,pre_2020,17,-0.16386606499944617,-0.22248790879107214,1.0,1.0,18,19,12
prewhitened_ar,ex_games_12m_pct,tw_epi_integrated_circuits_gbp_12m_pct,pre_2020,18,-0.016822940270978536,-0.016822940270978536,0.5,1.0,18,18,12
prewhitened_ar,ex_games_12m_pct,tw_epi_integrated_circuits_gbp_12m_pct,pandemic_2020_2022,0,0.0549975612300794,0.14935476751817486,1.0,1.0,18,36,12
prewhitened_ar,ex_games_12m_pct,tw_epi_integrated_circuits_gbp_12m_pct,pandemic_2020_2022,1,-0.0013373734561307078,-0.34160681321400355,0.5,1.0,18,35,12
prewhitened_ar,ex_games_12m_pct,tw_epi_integrated_circuits_gbp_12m_pct,pandemic_2020_2022,2,-0.004663715342579371,0.06468979983287924,1.0,1.0,18,34,12
prewhitened_ar,ex_games_12m_pct,tw_epi_integrated_circuits_gbp_12m_pct,pandemic_2020_2022,3,-0.2255579912940778,-0.08231074825167606,0.5,1.0,18,33,12
prewhitened_ar,ex_games_12m_pct,tw_epi_integrated_circuits_gbp_12m_pct,pandemic_2020_2022,4,-0.07350879037429532,0.011702653861026535,1.0,1.0,18,32,12
prewhitened_ar,ex_games_12m_pct,tw_epi_integrated_circuits_gbp_12m_pct,pandemic_2020_2022,5,0.038937406582342446,0.016547976635639013,1.0,1.0,18,31,12
prewhitened_ar,ex_games_12m_pct,tw_epi_integrated_circuits_gbp_12m_pct,pandemic_2020_2022,6,-0.06542785117687469,0.13821168123607688,0.5,1.0,18,30,12
prewhitened_ar,ex_games_12m_pct,tw_epi_integrated_circuits_gbp_12m_pct,pandemic_2020_2022,7,-0.36172538767766454,-0.35066669834587155,0.5,1.0,18,29,12
prewhitened_ar,ex_games_12m_pct,tw_epi_integrated_circuits_gbp_12m_pct,pandemic_2020_2022,8,-0.12462797872432861,-0.13274499844321389,1.0,1.0,18,28,12
prewhitened_ar,ex_games_12m_pct,tw_epi_integrated_circuits_gbp_12m_pct,pandemic_2020_2022,9,-0.11618558118507394,0.050833196061436346,1.0,1.0,18,27,12
prewhitened_ar,ex_games_12m_pct,tw_epi_integrated_circuits_gbp_12m_pct,pandemic_2020_2022,10,-0.29997620596348507,-0.38180255707355915,0.5,1.0,18,26,12
prewhitened_ar,ex_games_12m_pct,tw_epi_integrated_circuits_gbp_12m_pct,pandemic_2020_2022,11,0.3985134716942633,0.45496863884352057,0.5,1.0,18,25,12
prewhitened_ar,ex_games_12m_pct,tw_epi_integrated_circuits_gbp_12m_pct,pandemic_2020_2022,12,0.042216498241822976,0.2045560064731231,0.5,1.0,18,24,12
prewhitened_ar,ex_games_12m_pct,tw_epi_integrated_circuits_gbp_12m_pct,pandemic_2020_2022,13,-0.29555761509646644,-0.17901010078528745,1.0,1.0,18,23,12
prewhitened_ar,ex_games_12m_pct,tw_epi_integrated_circuits_gbp_12m_pct,pandemic_2020_2022,14,-0.039170261210028416,-0.04767146716111208,1.0,1.0,18,22,12
prewhitened_ar,ex_games_12m_pct,tw_epi_integrated_circuits_gbp_12m_pct,pandemic_2020_2022,15,0.16679862751434504,0.1263937586273089,0.5,1.0,18,21,12
prewhitened_ar,ex_games_12m_pct,tw_epi_integrated_circuits_gbp_12m_pct,pandemic_2020_2022,16,-0.03300519117738853,0.02203092778976704,1.0,1.0,18,20,12
prewhitened_ar,ex_games_12m_pct,tw_epi_integrated_circuits_gbp_12m_pct,pandemic_2020_2022,17,-0.28761695044727126,-0.26338081765991445,0.5,1.0,18,19,12
prewhitened_ar,ex_games_12m_pct,tw_epi_integrated_circuits_gbp_12m_pct,pandemic_2020_2022,18,0.2119121222969596,0.2119121222969596,0.5,1.0,18,18,12
prewhitened_ar,ex_games_12m_pct,tw_epi_integrated_circuits_gbp_12m_pct,post_2022,0,-0.10396545551150983,-0.27635119399676455,0.5,1.0,18,43,12
prewhitened_ar,ex_games_12m_pct,tw_epi_integrated_circuits_gbp_12m_pct,post_2022,1,0.36678736426909203,0.2599263282146674,0.5,1.0,18,42,12
prewhitened_ar,ex_games_12m_pct,tw_epi_integrated_circuits_gbp_12m_pct,post_2022,2,0.2351336787842577,0.1874923515944498,0.5,1.0,18,41,12
prewhitened_ar,ex_games_12m_pct,tw_epi_integrated_circuits_gbp_12m_pct,post_2022,3,0.3097461164704095,0.3696271155110236,0.5,0.5,18,40,12
prewhitened_ar,ex_games_12m_pct,tw_epi_integrated_circuits_gbp_12m_pct,post_2022,4,-0.0032185996075849406,-0.18759500535412985,1.0,1.0,18,39,12
prewhitened_ar,ex_games_12m_pct,tw_epi_integrated_circuits_gbp_12m_pct,post_2022,5,0.195753025881302,0.13068598044771967,0.5,1.0,18,38,12
prewhitened_ar,ex_games_12m_pct,tw_epi_integrated_circuits_gbp_12m_pct,post_2022,6,-0.2535997319014601,-0.4036466890294476,0.5,0.5,18,37,12
prewhitened_ar,ex_games_12m_pct,tw_epi_integrated_circuits_gbp_12m_pct,post_2022,7,-0.071536254673191,-0.05955648736464507,1.0,1.0,18,36,12
prewhitened_ar,ex_games_12m_pct,tw_epi_integrated_circuits_gbp_12m_pct,post_2022,8,-0.21796511035009178,-0.18425888162662335,0.5,1.0,18,35,12
prewhitened_ar,ex_games_12m_pct,tw_epi_integrated_circuits_gbp_12m_pct,post_2022,9,0.20510741246237923,0.2585461454804402,0.5,1.0,18,34,12
prewhitened_ar,ex_games_12m_pct,tw_epi_integrated_circuits_gbp_12m_pct,post_2022,10,0.26884953567609265,0.2453586366397368,0.5,1.0,18,33,12
prewhitened_ar,ex_games_12m_pct,tw_epi_integrated_circuits_gbp_12m_pct,post_2022,11,0.2598778856085336,0.15082674252416167,0.5,1.0,18,32,12
prewhitened_ar,ex_games_12m_pct,tw_epi_integrated_circuits_gbp_12m_pct,post_2022,12,0.026600060328995583,0.1079580981489761,1.0,1.0,18,31,12
prewhitened_ar,ex_games_12m_pct,tw_epi_integrated_circuits_gbp_12m_pct,post_2022,13,-0.058654821787032144,-0.07377774354602967,1.0,1.0,18,30,12
prewhitened_ar,ex_games_12m_pct,tw_epi_integrated_circuits_gbp_12m_pct,post_2022,14,-0.27933072796301933,-0.18368904871134956,0.5,1.0,18,29,12
prewhitened_ar,ex_games_12m_pct,tw_epi_integrated_circuits_gbp_12m_pct,post_2022,15,-0.12054930014158603,-0.061407021140585404,0.5,1.0,18,28,12
prewhitened_ar,ex_games_12m_pct,tw_epi_integrated_circuits_gbp_12m_pct,post_2022,16,0.019376603257698237,0.10864615644792464,1.0,1.0,18,27,12
prewhitened_ar,ex_games_12m_pct,tw_epi_integrated_circuits_gbp_12m_pct,post_2022,17,-0.03709274046595892,0.011230296699278233,1.0,1.0,18,26,12
prewhitened_ar,ex_games_12m_pct,tw_epi_integrated_circuits_gbp_12m_pct,post_2022,18,0.438232034221357,0.438232034221357,0.5,0.5,18,25,12
prewhitened_ar,ex_games_12m_pct,hk_ppi_tech_gbp_12m_pct,full,0,-0.04652904686342058,-0.038759109115053626,0.7027027027027027,1.0,18,115,12
prewhitened_ar,ex_games_12m_pct,hk_ppi_tech_gbp_12m_pct,full,1,-0.18312627251379696,-0.13534958445832646,0.2972972972972973,0.9594594594594594,18,114,12
prewhitened_ar,ex_games_12m_pct,hk_ppi_tech_gbp_12m_pct,full,2,-0.07568195913875941,-0.049602010050828774,0.6891891891891891,1.0,18,113,12
prewhitened_ar,ex_games_12m_pct,hk_ppi_tech_gbp_12m_pct,full,3,0.0016147916240274152,0.044240206449895986,0.7162162162162162,1.0,18,112,12
prewhitened_ar,ex_games_12m_pct,hk_ppi_tech_gbp_12m_pct,full,4,0.2164967271188683,0.10631961132337939,0.4594594594594595,1.0,18,111,12
prewhitened_ar,ex_games_12m_pct,hk_ppi_tech_gbp_12m_pct,full,5,0.07218297062258118,0.13420131990824744,0.32432432432432434,0.9594594594594594,18,110,12
prewhitened_ar,ex_games_12m_pct,hk_ppi_tech_gbp_12m_pct,full,6,0.02654260033993977,-0.006578632921134063,0.9594594594594594,1.0,18,109,12
prewhitened_ar,ex_games_12m_pct,hk_ppi_tech_gbp_12m_pct,full,7,-0.000796045609105059,0.01663237461394934,0.9054054054054054,1.0,18,108,12
prewhitened_ar,ex_games_12m_pct,hk_ppi_tech_gbp_12m_pct,full,8,-0.0270842921935713,-0.07337246770872165,0.527027027027027,1.0,18,107,12
prewhitened_ar,ex_games_12m_pct,hk_ppi_tech_gbp_12m_pct,full,9,-0.08208619656378568,-0.028902792268423814,0.8378378378378378,1.0,18,106,12
prewhitened_ar,ex_games_12m_pct,hk_ppi_tech_gbp_12m_pct,full,10,-0.15325016564857513,-0.09457005132034885,0.43243243243243246,1.0,18,105,12
prewhitened_ar,ex_games_12m_pct,hk_ppi_tech_gbp_12m_pct,full,11,0.04230729666336646,0.025592808439261094,0.8108108108108109,1.0,18,104,12
prewhitened_ar,ex_games_12m_pct,hk_ppi_tech_gbp_12m_pct,full,12,-0.0876686523094919,-0.06528997228442984,0.5540540540540541,1.0,18,103,12
prewhitened_ar,ex_games_12m_pct,hk_ppi_tech_gbp_12m_pct,full,13,0.26056073226814624,0.22923859128160645,0.0945945945945946,0.6081081081081081,18,102,12
prewhitened_ar,ex_games_12m_pct,hk_ppi_tech_gbp_12m_pct,full,14,-0.02305237000468458,-0.017635692353097737,0.8243243243243243,1.0,18,101,12
prewhitened_ar,ex_games_12m_pct,hk_ppi_tech_gbp_12m_pct,full,15,0.01847322946468142,-0.00010521542484981066,1.0,1.0,18,100,12
prewhitened_ar,ex_games_12m_pct,hk_ppi_tech_gbp_12m_pct,full,16,-0.25991425445954475,-0.28187102107241946,0.08108108108108109,0.5135135135135135,18,99,12
prewhitened_ar,ex_games_12m_pct,hk_ppi_tech_gbp_12m_pct,full,17,-0.07150081722606053,-0.06991664229828291,0.5,1.0,18,98,12
prewhitened_ar,ex_games_12m_pct,hk_ppi_tech_gbp_12m_pct,full,18,0.010122906273753328,0.010122906273753328,0.918918918918919,1.0,18,97,12
prewhitened_ar,ex_games_12m_pct,hk_ppi_tech_gbp_12m_pct,pre_2020,0,0.12752464000178457,0.25119370991342943,1.0,1.0,18,36,12
prewhitened_ar,ex_games_12m_pct,hk_ppi_tech_gbp_12m_pct,pre_2020,1,0.05332411470419332,0.0017742667244391363,1.0,1.0,18,35,12
prewhitened_ar,ex_games_12m_pct,hk_ppi_tech_gbp_12m_pct,pre_2020,2,0.19912756053534447,0.1464755360287358,1.0,1.0,18,34,12
prewhitened_ar,ex_games_12m_pct,hk_ppi_tech_gbp_12m_pct,pre_2020,3,0.17669628052765096,0.002497906566128757,1.0,1.0,18,33,12
prewhitened_ar,ex_games_12m_pct,hk_ppi_tech_gbp_12m_pct,pre_2020,4,-0.05891157559790578,-0.18706766036969666,0.5,1.0,18,32,12
prewhitened_ar,ex_games_12m_pct,hk_ppi_tech_gbp_12m_pct,pre_2020,5,-0.008349364943594626,-0.001211432853105768,1.0,1.0,18,31,12
prewhitened_ar,ex_games_12m_pct,hk_ppi_tech_gbp_12m_pct,pre_2020,6,-0.10851990842274065,0.05368321869496582,1.0,1.0,18,30,12
prewhitened_ar,ex_games_12m_pct,hk_ppi_tech_gbp_12m_pct,pre_2020,7,-0.061580570564083684,0.013492777537597537,1.0,1.0,18,29,12
prewhitened_ar,ex_games_12m_pct,hk_ppi_tech_gbp_12m_pct,pre_2020,8,-0.1010948841251617,-0.12549417694248854,1.0,1.0,18,28,12
prewhitened_ar,ex_games_12m_pct,hk_ppi_tech_gbp_12m_pct,pre_2020,9,-0.018366375430553583,0.024154548248286944,0.5,1.0,18,27,12
prewhitened_ar,ex_games_12m_pct,hk_ppi_tech_gbp_12m_pct,pre_2020,10,0.09878660985017049,0.21462058518744867,1.0,1.0,18,26,12
prewhitened_ar,ex_games_12m_pct,hk_ppi_tech_gbp_12m_pct,pre_2020,11,-0.2042619645672548,-0.24807328071097234,0.5,1.0,18,25,12
prewhitened_ar,ex_games_12m_pct,hk_ppi_tech_gbp_12m_pct,pre_2020,12,-0.31554620656966526,-0.4062839439914101,0.5,1.0,18,24,12
prewhitened_ar,ex_games_12m_pct,hk_ppi_tech_gbp_12m_pct,pre_2020,13,0.12228788504384505,0.28861021990017216,0.5,1.0,18,23,12
prewhitened_ar,ex_games_12m_pct,hk_ppi_tech_gbp_12m_pct,pre_2020,14,-0.08652339448404205,0.1252316248322045,1.0,1.0,18,22,12
prewhitened_ar,ex_games_12m_pct,hk_ppi_tech_gbp_12m_pct,pre_2020,15,-0.09815891963786633,0.20278130128044033,0.5,1.0,18,21,12
prewhitened_ar,ex_games_12m_pct,hk_ppi_tech_gbp_12m_pct,pre_2020,16,0.20708676652021726,0.34533738327368035,0.5,1.0,18,20,12
prewhitened_ar,ex_games_12m_pct,hk_ppi_tech_gbp_12m_pct,pre_2020,17,0.15568176844200926,0.2316349984016277,1.0,1.0,18,19,12
prewhitened_ar,ex_games_12m_pct,hk_ppi_tech_gbp_12m_pct,pre_2020,18,0.2000308090644086,0.2000308090644086,1.0,1.0,18,18,12
prewhitened_ar,ex_games_12m_pct,hk_ppi_tech_gbp_12m_pct,pandemic_2020_2022,0,-0.3075747822487299,-0.33006198024013456,0.5,1.0,18,36,12
prewhitened_ar,ex_games_12m_pct,hk_ppi_tech_gbp_12m_pct,pandemic_2020_2022,1,0.22822919623241741,0.3104765843422389,0.5,1.0,18,35,12
prewhitened_ar,ex_games_12m_pct,hk_ppi_tech_gbp_12m_pct,pandemic_2020_2022,2,-0.08275695184119776,0.01413552498949723,1.0,1.0,18,34,12
prewhitened_ar,ex_games_12m_pct,hk_ppi_tech_gbp_12m_pct,pandemic_2020_2022,3,-0.0018049310208619574,0.019882597068428983,1.0,1.0,18,33,12
prewhitened_ar,ex_games_12m_pct,hk_ppi_tech_gbp_12m_pct,pandemic_2020_2022,4,-0.20340683658614564,-0.3490382680893537,0.5,1.0,18,32,12
prewhitened_ar,ex_games_12m_pct,hk_ppi_tech_gbp_12m_pct,pandemic_2020_2022,5,-0.11317471519661626,-0.13071057926235186,1.0,1.0,18,31,12
prewhitened_ar,ex_games_12m_pct,hk_ppi_tech_gbp_12m_pct,pandemic_2020_2022,6,-0.09293840240557338,0.025545108683996974,1.0,1.0,18,30,12
prewhitened_ar,ex_games_12m_pct,hk_ppi_tech_gbp_12m_pct,pandemic_2020_2022,7,0.3354921330128099,0.30144532876338476,0.5,1.0,18,29,12
prewhitened_ar,ex_games_12m_pct,hk_ppi_tech_gbp_12m_pct,pandemic_2020_2022,8,0.21540536090422308,0.4081982416514816,0.5,1.0,18,28,12
prewhitened_ar,ex_games_12m_pct,hk_ppi_tech_gbp_12m_pct,pandemic_2020_2022,9,-0.3435761125332993,-0.3910490891522415,0.5,1.0,18,27,12
prewhitened_ar,ex_games_12m_pct,hk_ppi_tech_gbp_12m_pct,pandemic_2020_2022,10,-0.08959028992625291,-0.05065511513439163,1.0,1.0,18,26,12
prewhitened_ar,ex_games_12m_pct,hk_ppi_tech_gbp_12m_pct,pandemic_2020_2022,11,0.0715389358466423,0.05696838292506743,1.0,1.0,18,25,12
prewhitened_ar,ex_games_12m_pct,hk_ppi_tech_gbp_12m_pct,pandemic_2020_2022,12,0.12947005442661277,0.1519718158214119,0.5,1.0,18,24,12
prewhitened_ar,ex_games_12m_pct,hk_ppi_tech_gbp_12m_pct,pandemic_2020_2022,13,0.060058301497627364,0.027309825240872308,1.0,1.0,18,23,12
prewhitened_ar,ex_games_12m_pct,hk_ppi_tech_gbp_12m_pct,pandemic_2020_2022,14,-0.022439465532897156,-0.009054032841959886,1.0,1.0,18,22,12
prewhitened_ar,ex_games_12m_pct,hk_ppi_tech_gbp_12m_pct,pandemic_2020_2022,15,0.07362611300599113,0.10918969675653166,1.0,1.0,18,21,12
prewhitened_ar,ex_games_12m_pct,hk_ppi_tech_gbp_12m_pct,pandemic_2020_2022,16,-0.020609535607451483,-0.013176946339753113,1.0,1.0,18,20,12
prewhitened_ar,ex_games_12m_pct,hk_ppi_tech_gbp_12m_pct,pandemic_2020_2022,17,0.32126302839719056,0.33737170003180594,0.5,1.0,18,19,12
prewhitened_ar,ex_games_12m_pct,hk_ppi_tech_gbp_12m_pct,pandemic_2020_2022,18,0.13009705946868955,0.13009705946868955,1.0,1.0,18,18,12
prewhitened_ar,ex_games_12m_pct,hk_ppi_tech_gbp_12m_pct,post_2022,0,-0.01321086224010829,0.05557972038375409,1.0,1.0,18,43,12
prewhitened_ar,ex_games_12m_pct,hk_ppi_tech_gbp_12m_pct,post_2022,1,-0.4023274608838033,-0.5374141063449726,0.5,0.5,18,42,12
prewhitened_ar,ex_games_12m_pct,hk_ppi_tech_gbp_12m_pct,post_2022,2,-0.21135717696209425,-0.25174100051744625,0.5,1.0,18,41,12
prewhitened_ar,ex_games_12m_pct,hk_ppi_tech_gbp_12m_pct,post_2022,3,-0.12701367373760197,-0.12047299584160549,1.0,1.0,18,40,12
prewhitened_ar,ex_games_12m_pct,hk_ppi_tech_gbp_12m_pct,post_2022,4,0.46053293091834396,0.33462910565526205,0.5,1.0,18,39,12
prewhitened_ar,ex_games_12m_pct,hk_ppi_tech_gbp_12m_pct,post_2022,5,0.16466091377737888,0.3998384695732769,0.5,1.0,18,38,12
prewhitened_ar,ex_games_12m_pct,hk_ppi_tech_gbp_12m_pct,post_2022,6,0.07392202107262494,-0.01587672783122009,1.0,1.0,18,37,12
prewhitened_ar,ex_games_12m_pct,hk_ppi_tech_gbp_12m_pct,post_2022,7,0.004487905520377034,0.032994138072576694,1.0,1.0,18,36,12
prewhitened_ar,ex_games_12m_pct,hk_ppi_tech_gbp_12m_pct,post_2022,8,-0.11664701876814507,-0.31761450096325733,0.5,1.0,18,35,12
prewhitened_ar,ex_games_12m_pct,hk_ppi_tech_gbp_12m_pct,post_2022,9,-0.04957930416976356,0.1269248410818808,0.5,1.0,18,34,12
prewhitened_ar,ex_games_12m_pct,hk_ppi_tech_gbp_12m_pct,post_2022,10,-0.3298943540697598,-0.23190342403368192,1.0,1.0,18,33,12
prewhitened_ar,ex_games_12m_pct,hk_ppi_tech_gbp_12m_pct,post_2022,11,0.142263131797016,0.10474329226503941,1.0,1.0,18,32,12
prewhitened_ar,ex_games_12m_pct,hk_ppi_tech_gbp_12m_pct,post_2022,12,-0.2364813535691313,-0.2394450851508619,1.0,1.0,18,31,12
prewhitened_ar,ex_games_12m_pct,hk_ppi_tech_gbp_12m_pct,post_2022,13,0.5068045497844729,0.4395499194264781,0.5,0.5,18,30,12
prewhitened_ar,ex_games_12m_pct,hk_ppi_tech_gbp_12m_pct,post_2022,14,0.12118185753395447,0.12890500292643792,1.0,1.0,18,29,12
prewhitened_ar,ex_games_12m_pct,hk_ppi_tech_gbp_12m_pct,post_2022,15,0.07695103735277901,0.006892945893567924,1.0,1.0,18,28,12
prewhitened_ar,ex_games_12m_pct,hk_ppi_tech_gbp_12m_pct,post_2022,16,-0.44812399852704726,-0.5637546238529448,0.5,0.5,18,27,12
prewhitened_ar,ex_games_12m_pct,hk_ppi_tech_gbp_12m_pct,post_2022,17,-0.32006974132070987,-0.3211424776304049,0.5,1.0,18,26,12
prewhitened_ar,ex_games_12m_pct,hk_ppi_tech_gbp_12m_pct,post_2022,18,-0.04488822031514565,-0.04488822031514565,1.0,1.0,18,25,12
prewhitened_ar,ex_games_12m_pct,oecd_asia_c26_targeted_gbp_12m_pct,full,0,-0.06684726575747214,-0.16799583991620615,0.5,1.0,18,35,12
prewhitened_ar,ex_games_12m_pct,oecd_asia_c26_targeted_gbp_12m_pct,full,1,0.17832237647310387,0.40692423297049923,0.5,1.0,18,34,12
prewhitened_ar,ex_games_12m_pct,oecd_asia_c26_targeted_gbp_12m_pct,full,2,-0.015015159735703611,0.07200159087720527,1.0,1.0,18,33,12
prewhitened_ar,ex_games_12m_pct,oecd_asia_c26_targeted_gbp_12m_pct,full,3,0.24012384096595413,0.32330005564506764,0.5,1.0,18,32,12
prewhitened_ar,ex_games_12m_pct,oecd_asia_c26_targeted_gbp_12m_pct,full,4,-0.17951018330367097,-0.2677741955885466,1.0,1.0,18,31,12
prewhitened_ar,ex_games_12m_pct,oecd_asia_c26_targeted_gbp_12m_pct,full,5,0.25254782105538875,-0.0465984762321685,1.0,1.0,18,30,12
prewhitened_ar,ex_games_12m_pct,oecd_asia_c26_targeted_gbp_12m_pct,full,6,-0.4103873981161891,-0.3912343105487462,1.0,1.0,18,29,12
prewhitened_ar,ex_games_12m_pct,oecd_asia_c26_targeted_gbp_12m_pct,full,7,0.09008023167378001,0.19710141707907902,0.5,1.0,18,28,12
prewhitened_ar,ex_games_12m_pct,oecd_asia_c26_targeted_gbp_12m_pct,full,8,0.21470134861629186,0.41021834730903467,0.5,1.0,18,27,12
prewhitened_ar,ex_games_12m_pct,oecd_asia_c26_targeted_gbp_12m_pct,full,9,0.0046847977158244606,0.3210572891259288,1.0,1.0,18,26,12
prewhitened_ar,ex_games_12m_pct,oecd_asia_c26_targeted_gbp_12m_pct,full,10,0.11278552530606895,0.29630010085705716,0.5,1.0,18,25,12
prewhitened_ar,ex_games_12m_pct,oecd_asia_c26_targeted_gbp_12m_pct,full,11,0.029531523291454743,0.020428878221595705,1.0,1.0,18,24,12
prewhitened_ar,ex_games_12m_pct,oecd_asia_c26_targeted_gbp_12m_pct,full,12,-0.1950383208555355,-0.05556714498603822,1.0,1.0,18,23,12
prewhitened_ar,ex_games_12m_pct,oecd_asia_c26_targeted_gbp_12m_pct,full,13,0.16844111306303225,0.005776711581962091,1.0,1.0,18,22,12
prewhitened_ar,ex_games_12m_pct,oecd_asia_c26_targeted_gbp_12m_pct,full,14,-0.2648336560047907,-0.2380392074365612,0.5,1.0,18,21,12
prewhitened_ar,ex_games_12m_pct,oecd_asia_c26_targeted_gbp_12m_pct,full,15,0.26137545265345685,0.1378006023529039,0.5,1.0,18,20,12
prewhitened_ar,ex_games_12m_pct,oecd_asia_c26_targeted_gbp_12m_pct,full,16,0.2903712083391993,0.33140516035533635,0.5,1.0,18,19,12
prewhitened_ar,ex_games_12m_pct,oecd_asia_c26_targeted_gbp_12m_pct,full,17,0.029248427857112846,-0.02095271779108635,1.0,1.0,18,18,12
prewhitened_ar,ex_games_12m_pct,oecd_asia_c26_targeted_gbp_12m_pct,full,18,-0.059652645650877904,-0.059652645650877904,1.0,1.0,18,17,12
prewhitened_ar,ex_games_12m_pct,oecd_asia_c26_targeted_gbp_12m_pct,post_2022,0,-0.024041707197904633,-0.06972770686019045,1.0,1.0,18,25,12
prewhitened_ar,ex_games_12m_pct,oecd_asia_c26_targeted_gbp_12m_pct,post_2022,1,0.10645119796169789,0.4448695304706037,1.0,1.0,18,24,12
prewhitened_ar,ex_games_12m_pct,oecd_asia_c26_targeted_gbp_12m_pct,post_2022,2,-0.0009441254565420533,0.21276231110812763,0.5,1.0,18,23,12
prewhitened_ar,ex_games_12m_pct,oecd_asia_c26_targeted_gbp_12m_pct,post_2022,3,0.4210595177138089,0.8713758722780162,0.5,0.5,18,22,12
prewhitened_ar,ex_games_12m_pct,oecd_asia_c26_targeted_gbp_12m_pct,post_2022,4,0.011214570412162367,0.2216702999089765,1.0,1.0,18,21,12
prewhitened_ar,ex_games_12m_pct,oecd_asia_c26_targeted_gbp_12m_pct,post_2022,5,0.4969842735597064,0.21651265561763405,1.0,1.0,18,20,12
prewhitened_ar,ex_games_12m_pct,oecd_asia_c26_targeted_gbp_12m_pct,post_2022,6,-0.5301113952506294,-0.7173362695417811,0.5,1.0,18,19,12
prewhitened_ar,ex_games_12m_pct,oecd_asia_c26_targeted_gbp_12m_pct,post_2022,7,-0.018391400793544826,0.007151249722491126,1.0,1.0,18,18,12
prewhitened_ar,ex_games_12m_pct,oecd_asia_c26_targeted_gbp_12m_pct,post_2022,8,-0.02101392208932956,0.001335828859988515,1.0,1.0,18,17,12
prewhitened_ar,ex_games_12m_pct,oecd_asia_c26_targeted_gbp_12m_pct,post_2022,9,-0.3878247091285225,-0.26055542126598674,0.5,1.0,18,16,12
prewhitened_ar,ex_games_12m_pct,oecd_asia_c26_targeted_gbp_12m_pct,post_2022,10,0.12286534638814811,0.5935694411580391,0.5,1.0,18,15,12
prewhitened_ar,ex_games_12m_pct,oecd_asia_c26_targeted_gbp_12m_pct,post_2022,11,-0.044480111282509456,-0.24892036960500177,0.5,1.0,18,14,12
prewhitened_ar,ex_games_12m_pct,oecd_asia_c26_targeted_gbp_12m_pct,post_2022,12,-0.07652439447275966,0.3097386713709113,1.0,1.0,18,13,12
prewhitened_ar,ex_games_12m_pct,oecd_asia_c26_targeted_gbp_12m_pct,post_2022,13,0.3931221684493559,0.06640424594858782,1.0,1.0,18,12,12
prewhitened_ar,ex_games_12m_pct,oecd_asia_c26_targeted_gbp_12m_pct,post_2022,14,-0.1152582084902373,0.004471466243178845,1.0,1.0,18,11,12
prewhitened_ar,ex_games_12m_pct,oecd_asia_c26_targeted_gbp_12m_pct,post_2022,15,0.17654026033739215,-0.18608419533606954,1.0,1.0,18,10,12
prewhitened_ar,ex_games_12m_pct,oecd_asia_c26_targeted_gbp_12m_pct,post_2022,16,0.3567462826596157,0.45590391091874627,0.5,1.0,18,9,12
prewhitened_ar,ex_games_12m_pct,oecd_asia_c26_targeted_gbp_12m_pct,post_2022,17,0.02736416746937655,-0.08132432886511953,1.0,1.0,18,8,12
prewhitened_ar,ex_games_12m_pct,oecd_asia_c26_targeted_gbp_12m_pct,post_2022,18,-0.20567992101411836,-0.20567992101411836,1.0,1.0,18,7,12
prewhitened_ar,ex_games_12m_pct,oecd_asia_c26_bls_gbp_12m_pct,full,0,0.10098193815836579,0.19516399842110965,0.140625,1.0,18,105,12
prewhitened_ar,ex_games_12m_pct,oecd_asia_c26_bls_gbp_12m_pct,full,1,0.06695034294022595,-0.07170137752205401,0.515625,1.0,18,104,12
prewhitened_ar,ex_games_12m_pct,oecd_asia_c26_bls_gbp_12m_pct,full,2,0.1540565704288433,0.09036772901634016,0.4375,1.0,18,103,12
prewhitened_ar,ex_games_12m_pct,oecd_asia_c26_bls_gbp_12m_pct,full,3,0.08902676132900621,0.034914685689196534,0.765625,1.0,18,102,12
prewhitened_ar,ex_games_12m_pct,oecd_asia_c26_bls_gbp_12m_pct,full,4,-0.08921347851921953,-0.07364028164959723,0.515625,1.0,18,101,12
prewhitened_ar,ex_games_12m_pct,oecd_asia_c26_bls_gbp_12m_pct,full,5,0.07999418533284841,0.0882533427345987,0.5625,1.0,18,100,12
prewhitened_ar,ex_games_12m_pct,oecd_asia_c26_bls_gbp_12m_pct,full,6,-0.03305590540382393,-0.07215903364683135,0.625,1.0,18,99,12
prewhitened_ar,ex_games_12m_pct,oecd_asia_c26_bls_gbp_12m_pct,full,7,0.10115920907412501,0.11560184933239719,0.40625,1.0,18,98,12
prewhitened_ar,ex_games_12m_pct,oecd_asia_c26_bls_gbp_12m_pct,full,8,0.04427590389977424,0.017280285342241106,0.875,1.0,18,97,12
prewhitened_ar,ex_games_12m_pct,oecd_asia_c26_bls_gbp_12m_pct,full,9,0.14459825282940983,0.13618818978735736,0.328125,1.0,18,96,12
prewhitened_ar,ex_games_12m_pct,oecd_asia_c26_bls_gbp_12m_pct,full,10,-0.07083006146700604,-0.11790100360386414,0.359375,1.0,18,95,12
prewhitened_ar,ex_games_12m_pct,oecd_asia_c26_bls_gbp_12m_pct,full,11,0.18941106739245414,0.19484348021816936,0.15625,1.0,18,94,12
prewhitened_ar,ex_games_12m_pct,oecd_asia_c26_bls_gbp_12m_pct,full,12,-0.001591761048666941,-0.06455557781910402,0.625,1.0,18,93,12
prewhitened_ar,ex_games_12m_pct,oecd_asia_c26_bls_gbp_12m_pct,full,13,0.0879631649015499,0.07863680038667807,0.5625,1.0,18,92,12
prewhitened_ar,ex_games_12m_pct,oecd_asia_c26_bls_gbp_12m_pct,full,14,-0.12099370383256777,-0.11624269112580055,0.421875,1.0,18,91,12
prewhitened_ar,ex_games_12m_pct,oecd_asia_c26_bls_gbp_12m_pct,full,15,0.05019600878843918,0.03615255377248379,0.734375,1.0,18,90,12
prewhitened_ar,ex_games_12m_pct,oecd_asia_c26_bls_gbp_12m_pct,full,16,-0.06466634197583447,-0.06530014728887082,0.609375,1.0,18,89,12
prewhitened_ar,ex_games_12m_pct,oecd_asia_c26_bls_gbp_12m_pct,full,17,-0.11949442214097548,-0.10256434877634539,0.46875,1.0,18,88,12
prewhitened_ar,ex_games_12m_pct,oecd_asia_c26_bls_gbp_12m_pct,full,18,0.19543992765134358,0.19543992765134358,0.140625,1.0,18,87,12
prewhitened_ar,ex_games_12m_pct,oecd_asia_c26_bls_gbp_12m_pct,pre_2020,0,0.38724784858600886,0.4197361350014727,1.0,1.0,18,36,12
prewhitened_ar,ex_games_12m_pct,oecd_asia_c26_bls_gbp_12m_pct,pre_2020,1,-0.1789043205141496,-0.38485241687177374,1.0,1.0,18,35,12
prewhitened_ar,ex_games_12m_pct,oecd_asia_c26_bls_gbp_12m_pct,pre_2020,2,0.11538610856172513,0.06920651192234913,1.0,1.0,18,34,12
prewhitened_ar,ex_games_12m_pct,oecd_asia_c26_bls_gbp_12m_pct,pre_2020,3,0.09844762939490653,0.13365692716695074,1.0,1.0,18,33,12
prewhitened_ar,ex_games_12m_pct,oecd_asia_c26_bls_gbp_12m_pct,pre_2020,4,-0.15208876893039447,-0.20217733341355348,1.0,1.0,18,32,12
prewhitened_ar,ex_games_12m_pct,oecd_asia_c26_bls_gbp_12m_pct,pre_2020,5,0.21311633814962502,0.41707978385969097,1.0,1.0,18,31,12
prewhitened_ar,ex_games_12m_pct,oecd_asia_c26_bls_gbp_12m_pct,pre_2020,6,0.12869408466719243,-0.00898960163672781,1.0,1.0,18,30,12
prewhitened_ar,ex_games_12m_pct,oecd_asia_c26_bls_gbp_12m_pct,pre_2020,7,0.16216581300369562,0.15153699113961985,1.0,1.0,18,29,12
prewhitened_ar,ex_games_12m_pct,oecd_asia_c26_bls_gbp_12m_pct,pre_2020,8,-0.11155344741556578,-0.029437709473292578,1.0,1.0,18,28,12
prewhitened_ar,ex_games_12m_pct,oecd_asia_c26_bls_gbp_12m_pct,pre_2020,9,-0.05855061720508129,-0.21743796066107648,0.5,1.0,18,27,12
prewhitened_ar,ex_games_12m_pct,oecd_asia_c26_bls_gbp_12m_pct,pre_2020,10,-0.07726044093313349,-0.23185980831119057,0.5,1.0,18,26,12
prewhitened_ar,ex_games_12m_pct,oecd_asia_c26_bls_gbp_12m_pct,pre_2020,11,-0.08316193596311322,-0.1711178679111969,0.5,1.0,18,25,12
prewhitened_ar,ex_games_12m_pct,oecd_asia_c26_bls_gbp_12m_pct,pre_2020,12,-0.14265968144069396,-0.051194948777829305,1.0,1.0,18,24,12
prewhitened_ar,ex_games_12m_pct,oecd_asia_c26_bls_gbp_12m_pct,pre_2020,13,0.1537670860843055,0.1781100838325665,1.0,1.0,18,23,12
prewhitened_ar,ex_games_12m_pct,oecd_asia_c26_bls_gbp_12m_pct,pre_2020,14,-0.06648432094443472,-0.1975585877783794,0.5,1.0,18,22,12
prewhitened_ar,ex_games_12m_pct,oecd_asia_c26_bls_gbp_12m_pct,pre_2020,15,-0.07418162197188867,-0.04166158959440981,1.0,1.0,18,21,12
prewhitened_ar,ex_games_12m_pct,oecd_asia_c26_bls_gbp_12m_pct,pre_2020,16,-0.1285553019063972,-0.1319856304115032,1.0,1.0,18,20,12
prewhitened_ar,ex_games_12m_pct,oecd_asia_c26_bls_gbp_12m_pct,pre_2020,17,-0.0855836299473559,-0.060207964266125506,1.0,1.0,18,19,12
prewhitened_ar,ex_games_12m_pct,oecd_asia_c26_bls_gbp_12m_pct,pre_2020,18,0.21178218002353455,0.21178218002353455,1.0,1.0,18,18,12
prewhitened_ar,ex_games_12m_pct,oecd_asia_c26_bls_gbp_12m_pct,pandemic_2020_2022,0,0.02541603401810585,0.187442084909419,0.5,1.0,18,36,12
prewhitened_ar,ex_games_12m_pct,oecd_asia_c26_bls_gbp_12m_pct,pandemic_2020_2022,1,0.0232708458271601,-0.34696714611650753,0.5,1.0,18,35,12
prewhitened_ar,ex_games_12m_pct,oecd_asia_c26_bls_gbp_12m_pct,pandemic_2020_2022,2,-0.1114444859335087,0.041998430497942704,1.0,1.0,18,34,12
prewhitened_ar,ex_games_12m_pct,oecd_asia_c26_bls_gbp_12m_pct,pandemic_2020_2022,3,-0.0758782073830652,0.02417310582613227,1.0,1.0,18,33,12
prewhitened_ar,ex_games_12m_pct,oecd_asia_c26_bls_gbp_12m_pct,pandemic_2020_2022,4,-0.025202308273924497,0.022949887419779134,1.0,1.0,18,32,12
prewhitened_ar,ex_games_12m_pct,oecd_asia_c26_bls_gbp_12m_pct,pandemic_2020_2022,5,-0.023570712294935233,-0.11955135759271804,1.0,1.0,18,31,12
prewhitened_ar,ex_games_12m_pct,oecd_asia_c26_bls_gbp_12m_pct,pandemic_2020_2022,6,-0.22605990229137274,-0.07968475861033301,1.0,1.0,18,30,12
prewhitened_ar,ex_games_12m_pct,oecd_asia_c26_bls_gbp_12m_pct,pandemic_2020_2022,7,-0.34123260341735295,-0.39559778475795887,0.5,1.0,18,29,12
prewhitened_ar,ex_games_12m_pct,oecd_asia_c26_bls_gbp_12m_pct,pandemic_2020_2022,8,-0.024369653438350562,-0.018501105361215277,1.0,1.0,18,28,12
prewhitened_ar,ex_games_12m_pct,oecd_asia_c26_bls_gbp_12m_pct,pandemic_2020_2022,9,-0.009072402392379619,0.24294879299753744,1.0,1.0,18,27,12
prewhitened_ar,ex_games_12m_pct,oecd_asia_c26_bls_gbp_12m_pct,pandemic_2020_2022,10,-0.2052801595519901,-0.23733763921315326,0.5,1.0,18,26,12
prewhitened_ar,ex_games_12m_pct,oecd_asia_c26_bls_gbp_12m_pct,pandemic_2020_2022,11,0.41316567441689506,0.44935119050085437,0.5,1.0,18,25,12
prewhitened_ar,ex_games_12m_pct,oecd_asia_c26_bls_gbp_12m_pct,pandemic_2020_2022,12,0.08175300677605854,0.16904088009908252,1.0,1.0,18,24,12
prewhitened_ar,ex_games_12m_pct,oecd_asia_c26_bls_gbp_12m_pct,pandemic_2020_2022,13,-0.2847813381352788,-0.1515549718596262,1.0,1.0,18,23,12
prewhitened_ar,ex_games_12m_pct,oecd_asia_c26_bls_gbp_12m_pct,pandemic_2020_2022,14,0.12058731848887595,0.03161041679358253,1.0,1.0,18,22,12
prewhitened_ar,ex_games_12m_pct,oecd_asia_c26_bls_gbp_12m_pct,pandemic_2020_2022,15,0.04702025596409879,0.03384962155561706,1.0,1.0,18,21,12
prewhitened_ar,ex_games_12m_pct,oecd_asia_c26_bls_gbp_12m_pct,pandemic_2020_2022,16,-0.16027094065705122,-0.08301445412239339,1.0,1.0,18,20,12
prewhitened_ar,ex_games_12m_pct,oecd_asia_c26_bls_gbp_12m_pct,pandemic_2020_2022,17,-0.2733309078986967,-0.25837227775729127,0.5,1.0,18,19,12
prewhitened_ar,ex_games_12m_pct,oecd_asia_c26_bls_gbp_12m_pct,pandemic_2020_2022,18,0.2966829661866831,0.2966829661866831,0.5,1.0,18,18,12
prewhitened_ar,ex_games_12m_pct,oecd_asia_c26_bls_gbp_12m_pct,post_2022,0,-0.10982221034682768,0.08926197641076374,1.0,1.0,18,33,12
prewhitened_ar,ex_games_12m_pct,oecd_asia_c26_bls_gbp_12m_pct,post_2022,1,0.27197992857520575,-0.12139821103728816,0.5,1.0,18,32,12
prewhitened_ar,ex_games_12m_pct,oecd_asia_c26_bls_gbp_12m_pct,post_2022,2,0.34802266566024703,0.3038544793551508,1.0,1.0,18,31,12
prewhitened_ar,ex_games_12m_pct,oecd_asia_c26_bls_gbp_12m_pct,post_2022,3,0.2716890948929371,0.282843439171182,0.5,1.0,18,30,12
prewhitened_ar,ex_games_12m_pct,oecd_asia_c26_bls_gbp_12m_pct,post_2022,4,-0.040643016255391066,0.21517294007626064,1.0,1.0,18,29,12
prewhitened_ar,ex_games_12m_pct,oecd_asia_c26_bls_gbp_12m_pct,post_2022,5,0.028667271549221655,0.10016004853418883,0.5,1.0,18,28,12
prewhitened_ar,ex_games_12m_pct,oecd_asia_c26_bls_gbp_12m_pct,post_2022,6,-0.2259142680118106,-0.5554705441688833,0.5,1.0,18,27,12
prewhitened_ar,ex_games_12m_pct,oecd_asia_c26_bls_gbp_12m_pct,post_2022,7,0.08971204146813685,0.20655179272849747,0.5,1.0,18,26,12
prewhitened_ar,ex_games_12m_pct,oecd_asia_c26_bls_gbp_12m_pct,post_2022,8,-0.055249087254932966,-0.26250712912409263,0.5,1.0,18,25,12
prewhitened_ar,ex_games_12m_pct,oecd_asia_c26_bls_gbp_12m_pct,post_2022,9,0.30915263144925775,0.40958941270320504,1.0,1.0,18,24,12
prewhitened_ar,ex_games_12m_pct,oecd_asia_c26_bls_gbp_12m_pct,post_2022,10,-0.04079827340460089,-0.23423930917575847,0.5,1.0,18,23,12
prewhitened_ar,ex_games_12m_pct,oecd_asia_c26_bls_gbp_12m_pct,post_2022,11,0.217005726579999,0.2995522200949672,0.5,1.0,18,22,12
prewhitened_ar,ex_games_12m_pct,oecd_asia_c26_bls_gbp_12m_pct,post_2022,12,0.030110086139046015,-0.2084150300858218,1.0,1.0,18,21,12
prewhitened_ar,ex_games_12m_pct,oecd_asia_c26_bls_gbp_12m_pct,post_2022,13,0.33868631695491597,0.3632765256861376,0.5,1.0,18,20,12
prewhitened_ar,ex_games_12m_pct,oecd_asia_c26_bls_gbp_12m_pct,post_2022,14,-0.1775451358807407,-0.15783161123215253,0.5,1.0,18,19,12
prewhitened_ar,ex_games_12m_pct,oecd_asia_c26_bls_gbp_12m_pct,post_2022,15,-0.036069201575118254,-0.1308309023340689,1.0,1.0,18,18,12
prewhitened_ar,ex_games_12m_pct,oecd_asia_c26_bls_gbp_12m_pct,post_2022,16,-0.10498291227931826,-0.1226686646595295,1.0,1.0,18,17,12
prewhitened_ar,ex_games_12m_pct,oecd_asia_c26_bls_gbp_12m_pct,post_2022,17,-0.22081331501434906,-0.15964686964411282,0.5,1.0,18,16,12
prewhitened_ar,ex_games_12m_pct,oecd_asia_c26_bls_gbp_12m_pct,post_2022,18,0.3959460552620361,0.3959460552620361,0.5,1.0,18,15,12
prewhitened_ar,ex_games_12m_pct,fred_china_computer_electronics_gbp_12m_pct,full,0,0.10018226119553801,0.19123830394079958,0.15625,1.0,18,105,12
prewhitened_ar,ex_games_12m_pct,fred_china_computer_electronics_gbp_12m_pct,full,1,0.0704538870939231,-0.069824413897167,0.5,1.0,18,104,12
prewhitened_ar,ex_games_12m_pct,fred_china_computer_electronics_gbp_12m_pct,full,2,0.15606123187337842,0.08856966886216251,0.421875,1.0,18,103,12
prewhitened_ar,ex_games_12m_pct,fred_china_computer_electronics_gbp_12m_pct,full,3,0.09041399470149078,0.033856275547711964,0.765625,1.0,18,102,12
prewhitened_ar,ex_games_12m_pct,fred_china_computer_electronics_gbp_12m_pct,full,4,-0.09168369452453523,-0.07996376380487906,0.484375,1.0,18,101,12
prewhitened_ar,ex_games_12m_pct,fred_china_computer_electronics_gbp_12m_pct,full,5,0.08498930430398335,0.09870360214371796,0.546875,1.0,18,100,12
prewhitened_ar,ex_games_12m_pct,fred_china_computer_electronics_gbp_12m_pct,full,6,-0.02474305082037691,-0.06255470094686875,0.65625,1.0,18,99,12
prewhitened_ar,ex_games_12m_pct,fred_china_computer_electronics_gbp_12m_pct,full,7,0.1072767874508424,0.11495802958534894,0.46875,1.0,18,98,12
prewhitened_ar,ex_games_12m_pct,fred_china_computer_electronics_gbp_12m_pct,full,8,0.050499513051779556,0.02075500280071459,0.84375,1.0,18,97,12
prewhitened_ar,ex_games_12m_pct,fred_china_computer_electronics_gbp_12m_pct,full,9,0.1488573875858164,0.14123809356528727,0.34375,1.0,18,96,12
prewhitened_ar,ex_games_12m_pct,fred_china_computer_electronics_gbp_12m_pct,full,10,-0.08166683338379496,-0.1277552904947307,0.3125,1.0,18,95,12
prewhitened_ar,ex_games_12m_pct,fred_china_computer_electronics_gbp_12m_pct,full,11,0.18352765179042757,0.18895053236300546,0.15625,1.0,18,94,12
prewhitened_ar,ex_games_12m_pct,fred_china_computer_electronics_gbp_12m_pct,full,12,0.0017433500667369285,-0.05790779914131089,0.640625,1.0,18,93,12
prewhitened_ar,ex_games_12m_pct,fred_china_computer_electronics_gbp_12m_pct,full,13,0.09015136028469463,0.08115724564904121,0.5625,1.0,18,92,12
prewhitened_ar,ex_games_12m_pct,fred_china_computer_electronics_gbp_12m_pct,full,14,-0.11753083682787795,-0.11180700093520662,0.4375,1.0,18,91,12
prewhitened_ar,ex_games_12m_pct,fred_china_computer_electronics_gbp_12m_pct,full,15,0.02909963285508938,0.017535615288525153,0.890625,1.0,18,90,12
prewhitened_ar,ex_games_12m_pct,fred_china_computer_electronics_gbp_12m_pct,full,16,-0.06653943694427665,-0.06573884010717129,0.609375,1.0,18,89,12
prewhitened_ar,ex_games_12m_pct,fred_china_computer_electronics_gbp_12m_pct,full,17,-0.13136915353840078,-0.11534508149568902,0.40625,1.0,18,88,12
prewhitened_ar,ex_games_12m_pct,fred_china_computer_electronics_gbp_12m_pct,full,18,0.1852912655418456,0.1852912655418456,0.1875,1.0,18,87,12
prewhitened_ar,ex_games_12m_pct,fred_china_computer_electronics_gbp_12m_pct,pre_2020,0,0.3888035147695462,0.4192195965992752,1.0,1.0,18,36,12
prewhitened_ar,ex_games_12m_pct,fred_china_computer_electronics_gbp_12m_pct,pre_2020,1,-0.17949649798690837,-0.3791632740921503,1.0,1.0,18,35,12
prewhitened_ar,ex_games_12m_pct,fred_china_computer_electronics_gbp_12m_pct,pre_2020,2,0.10932443178441645,0.05705397696141955,1.0,1.0,18,34,12
prewhitened_ar,ex_games_12m_pct,fred_china_computer_electronics_gbp_12m_pct,pre_2020,3,0.10895945802275044,0.13940033840206875,1.0,1.0,18,33,12
prewhitened_ar,ex_games_12m_pct,fred_china_computer_electronics_gbp_12m_pct,pre_2020,4,-0.16218426397646515,-0.20111082750465023,1.0,1.0,18,32,12
prewhitened_ar,ex_games_12m_pct,fred_china_computer_electronics_gbp_12m_pct,pre_2020,5,0.22109118808354972,0.4327141211093222,0.5,1.0,18,31,12
prewhitened_ar,ex_games_12m_pct,fred_china_computer_electronics_gbp_12m_pct,pre_2020,6,0.13607555256536769,0.006162022311676522,1.0,1.0,18,30,12
prewhitened_ar,ex_games_12m_pct,fred_china_computer_electronics_gbp_12m_pct,pre_2020,7,0.12883311760749178,0.12055341051986916,1.0,1.0,18,29,12
prewhitened_ar,ex_games_12m_pct,fred_china_computer_electronics_gbp_12m_pct,pre_2020,8,-0.12560425605839856,-0.03561115520815559,1.0,1.0,18,28,12
prewhitened_ar,ex_games_12m_pct,fred_china_computer_electronics_gbp_12m_pct,pre_2020,9,-0.04217663451757677,-0.1955143339241362,0.5,1.0,18,27,12
prewhitened_ar,ex_games_12m_pct,fred_china_computer_electronics_gbp_12m_pct,pre_2020,10,-0.08343642374102336,-0.23959666962011256,0.5,1.0,18,26,12
prewhitened_ar,ex_games_12m_pct,fred_china_computer_electronics_gbp_12m_pct,pre_2020,11,-0.10024801236760483,-0.17309468983128037,0.5,1.0,18,25,12
prewhitened_ar,ex_games_12m_pct,fred_china_computer_electronics_gbp_12m_pct,pre_2020,12,-0.15017677139012933,-0.043737003260901935,1.0,1.0,18,24,12
prewhitened_ar,ex_games_12m_pct,fred_china_computer_electronics_gbp_12m_pct,pre_2020,13,0.1591381002048608,0.1805323154957465,0.5,1.0,18,23,12
prewhitened_ar,ex_games_12m_pct,fred_china_computer_electronics_gbp_12m_pct,pre_2020,14,-0.07555312031006309,-0.20493554334652156,0.5,1.0,18,22,12
prewhitened_ar,ex_games_12m_pct,fred_china_computer_electronics_gbp_12m_pct,pre_2020,15,-0.10299857877789646,-0.052711205265729845,1.0,1.0,18,21,12
prewhitened_ar,ex_games_12m_pct,fred_china_computer_electronics_gbp_12m_pct,pre_2020,16,-0.1419474703067476,-0.14666141015895143,1.0,1.0,18,20,12
prewhitened_ar,ex_games_12m_pct,fred_china_computer_electronics_gbp_12m_pct,pre_2020,17,-0.09516455078639859,-0.07432103496432607,1.0,1.0,18,19,12
prewhitened_ar,ex_games_12m_pct,fred_china_computer_electronics_gbp_12m_pct,pre_2020,18,0.2102484999049123,0.2102484999049123,0.5,1.0,18,18,12
prewhitened_ar,ex_games_12m_pct,fred_china_computer_electronics_gbp_12m_pct,pandemic_2020_2022,0,0.021048664316116666,0.18751341712837236,0.5,1.0,18,36,12
prewhitened_ar,ex_games_12m_pct,fred_china_computer_electronics_gbp_12m_pct,pandemic_2020_2022,1,0.016905267947821347,-0.34823948784534897,0.5,1.0,18,35,12
prewhitened_ar,ex_games_12m_pct,fred_china_computer_electronics_gbp_12m_pct,pandemic_2020_2022,2,-0.09002414825134947,0.07287900040227971,1.0,1.0,18,34,12
prewhitened_ar,ex_games_12m_pct,fred_china_computer_electronics_gbp_12m_pct,pandemic_2020_2022,3,-0.0818395130831413,0.02447574497875242,1.0,1.0,18,33,12
prewhitened_ar,ex_games_12m_pct,fred_china_computer_electronics_gbp_12m_pct,pandemic_2020_2022,4,-0.020891101892673927,0.021274260110664703,1.0,1.0,18,32,12
prewhitened_ar,ex_games_12m_pct,fred_china_computer_electronics_gbp_12m_pct,pandemic_2020_2022,5,-0.026543195927364927,-0.14049915906923927,1.0,1.0,18,31,12
prewhitened_ar,ex_games_12m_pct,fred_china_computer_electronics_gbp_12m_pct,pandemic_2020_2022,6,-0.2125300518607875,-0.0663006466126869,1.0,1.0,18,30,12
prewhitened_ar,ex_games_12m_pct,fred_china_computer_electronics_gbp_12m_pct,pandemic_2020_2022,7,-0.3373859637268538,-0.3912914257866262,0.5,1.0,18,29,12
prewhitened_ar,ex_games_12m_pct,fred_china_computer_electronics_gbp_12m_pct,pandemic_2020_2022,8,-0.01498504252935396,-0.021330701935761462,1.0,1.0,18,28,12
prewhitened_ar,ex_games_12m_pct,fred_china_computer_electronics_gbp_12m_pct,pandemic_2020_2022,9,-0.00416139012281801,0.24263844629059855,1.0,1.0,18,27,12
prewhitened_ar,ex_games_12m_pct,fred_china_computer_electronics_gbp_12m_pct,pandemic_2020_2022,10,-0.2130366564641829,-0.24260951419362153,0.5,1.0,18,26,12
prewhitened_ar,ex_games_12m_pct,fred_china_computer_electronics_gbp_12m_pct,pandemic_2020_2022,11,0.41787838305715636,0.44968438716330533,0.5,1.0,18,25,12
prewhitened_ar,ex_games_12m_pct,fred_china_computer_electronics_gbp_12m_pct,pandemic_2020_2022,12,0.09382457157307647,0.17347057138387104,1.0,1.0,18,24,12
prewhitened_ar,ex_games_12m_pct,fred_china_computer_electronics_gbp_12m_pct,pandemic_2020_2022,13,-0.2607870188937409,-0.12601868735628582,1.0,1.0,18,23,12
prewhitened_ar,ex_games_12m_pct,fred_china_computer_electronics_gbp_12m_pct,pandemic_2020_2022,14,0.12093331586655758,0.028191584620927797,1.0,1.0,18,22,12
prewhitened_ar,ex_games_12m_pct,fred_china_computer_electronics_gbp_12m_pct,pandemic_2020_2022,15,0.02668710831778283,0.008431185738166059,1.0,1.0,18,21,12
prewhitened_ar,ex_games_12m_pct,fred_china_computer_electronics_gbp_12m_pct,pandemic_2020_2022,16,-0.15565364962893613,-0.07941862942967681,1.0,1.0,18,20,12
prewhitened_ar,ex_games_12m_pct,fred_china_computer_electronics_gbp_12m_pct,pandemic_2020_2022,17,-0.2940614803921153,-0.2807757076856118,0.5,1.0,18,19,12
prewhitened_ar,ex_games_12m_pct,fred_china_computer_electronics_gbp_12m_pct,pandemic_2020_2022,18,0.2764701733811343,0.2764701733811343,0.5,1.0,18,18,12
prewhitened_ar,ex_games_12m_pct,fred_china_computer_electronics_gbp_12m_pct,post_2022,0,-0.11131471230895984,0.07496771357091227,1.0,1.0,18,33,12
prewhitened_ar,ex_games_12m_pct,fred_china_computer_electronics_gbp_12m_pct,post_2022,1,0.28610532009279743,-0.11542051922563697,0.5,1.0,18,32,12
prewhitened_ar,ex_games_12m_pct,fred_china_computer_electronics_gbp_12m_pct,post_2022,2,0.35086828325491065,0.2834356876226402,1.0,1.0,18,31,12
prewhitened_ar,ex_games_12m_pct,fred_china_computer_electronics_gbp_12m_pct,post_2022,3,0.2754231402949404,0.27416249806302695,0.5,1.0,18,30,12
prewhitened_ar,ex_games_12m_pct,fred_china_computer_electronics_gbp_12m_pct,post_2022,4,-0.04310548548855372,0.197093437494349,1.0,1.0,18,29,12
prewhitened_ar,ex_games_12m_pct,fred_china_computer_electronics_gbp_12m_pct,post_2022,5,0.03221221697121126,0.1325038617185119,0.5,1.0,18,28,12
prewhitened_ar,ex_games_12m_pct,fred_china_computer_electronics_gbp_12m_pct,post_2022,6,-0.22715674687367243,-0.5690915559839677,0.5,1.0,18,27,12
prewhitened_ar,ex_games_12m_pct,fred_china_computer_electronics_gbp_12m_pct,post_2022,7,0.1244631261896146,0.23227865440947007,0.5,1.0,18,26,12
prewhitened_ar,ex_games_12m_pct,fred_china_computer_electronics_gbp_12m_pct,post_2022,8,-0.04146206538821239,-0.26303969349436235,1.0,1.0,18,25,12
prewhitened_ar,ex_games_12m_pct,fred_china_computer_electronics_gbp_12m_pct,post_2022,9,0.3150464688167174,0.4161911284661935,1.0,1.0,18,24,12
prewhitened_ar,ex_games_12m_pct,fred_china_computer_electronics_gbp_12m_pct,post_2022,10,-0.060346537263989336,-0.26314755405729223,0.5,1.0,18,23,12
prewhitened_ar,ex_games_12m_pct,fred_china_computer_electronics_gbp_12m_pct,post_2022,11,0.2164724374078672,0.2980032729135917,0.5,1.0,18,22,12
prewhitened_ar,ex_games_12m_pct,fred_china_computer_electronics_gbp_12m_pct,post_2022,12,0.04522124724908821,-0.183192283613809,1.0,1.0,18,21,12
prewhitened_ar,ex_games_12m_pct,fred_china_computer_electronics_gbp_12m_pct,post_2022,13,0.3478225590965865,0.3684505377024842,0.5,1.0,18,20,12
prewhitened_ar,ex_games_12m_pct,fred_china_computer_electronics_gbp_12m_pct,post_2022,14,-0.17139594666140678,-0.14960139694026803,0.5,1.0,18,19,12
prewhitened_ar,ex_games_12m_pct,fred_china_computer_electronics_gbp_12m_pct,post_2022,15,-0.0794894617444051,-0.16894619639848876,0.5,1.0,18,18,12
prewhitened_ar,ex_games_12m_pct,fred_china_computer_electronics_gbp_12m_pct,post_2022,16,-0.1099956069011972,-0.12242429224436932,1.0,1.0,18,17,12
prewhitened_ar,ex_games_12m_pct,fred_china_computer_electronics_gbp_12m_pct,post_2022,17,-0.21853257884938362,-0.15870885094002837,0.5,1.0,18,16,12
prewhitened_ar,ex_games_12m_pct,fred_china_computer_electronics_gbp_12m_pct,post_2022,18,0.38443367470971257,0.38443367470971257,0.5,1.0,18,15,12
prewhitened_ar,ex_games_12m_pct,fred_japan_computer_electronics_gbp_12m_pct,full,0,0.11469349655749536,0.16410223548821495,0.15625,1.0,18,105,12
prewhitened_ar,ex_games_12m_pct,fred_japan_computer_electronics_gbp_12m_pct,full,1,0.05558956365325175,-0.09154196402691374,0.328125,1.0,18,104,12
prewhitened_ar,ex_games_12m_pct,fred_japan_computer_electronics_gbp_12m_pct,full,2,0.10650023509893207,0.06902211854433586,0.46875,1.0,18,103,12
prewhitened_ar,ex_games_12m_pct,fred_japan_computer_electronics_gbp_12m_pct,full,3,0.0576812838860897,0.027889340336250342,0.796875,1.0,18,102,12
prewhitened_ar,ex_games_12m_pct,fred_japan_computer_electronics_gbp_12m_pct,full,4,-0.10035596864963746,-0.1038896979554073,0.359375,1.0,18,101,12
prewhitened_ar,ex_games_12m_pct,fred_japan_computer_electronics_gbp_12m_pct,full,5,0.07736843418220549,0.060316470926362775,0.65625,1.0,18,100,12
prewhitened_ar,ex_games_12m_pct,fred_japan_computer_electronics_gbp_12m_pct,full,6,-0.0375764193913651,-0.09606452409792247,0.375,1.0,18,99,12
prewhitened_ar,ex_games_12m_pct,fred_japan_computer_electronics_gbp_12m_pct,full,7,0.06022237046257723,0.09209717157718487,0.46875,1.0,18,98,12
prewhitened_ar,ex_games_12m_pct,fred_japan_computer_electronics_gbp_12m_pct,full,8,0.023074124667177225,0.003499884802818744,0.96875,1.0,18,97,12
prewhitened_ar,ex_games_12m_pct,fred_japan_computer_electronics_gbp_12m_pct,full,9,0.12112005787581902,0.10597055760282907,0.34375,1.0,18,96,12
prewhitened_ar,ex_games_12m_pct,fred_japan_computer_electronics_gbp_12m_pct,full,10,-0.07061352669737556,-0.10145545023418934,0.40625,1.0,18,95,12
prewhitened_ar,ex_games_12m_pct,fred_japan_computer_electronics_gbp_12m_pct,full,11,0.2391703991139463,0.22978110121139791,0.078125,0.859375,18,94,12
prewhitened_ar,ex_games_12m_pct,fred_japan_computer_electronics_gbp_12m_pct,full,12,-0.025113004556382885,-0.07967793056080014,0.546875,1.0,18,93,12
prewhitened_ar,ex_games_12m_pct,fred_japan_computer_electronics_gbp_12m_pct,full,13,0.020505654136107044,0.019404237725293032,0.84375,1.0,18,92,12
prewhitened_ar,ex_games_12m_pct,fred_japan_computer_electronics_gbp_12m_pct,full,14,-0.08155987748332838,-0.0870777788769543,0.5,1.0,18,91,12
prewhitened_ar,ex_games_12m_pct,fred_japan_computer_electronics_gbp_12m_pct,full,15,0.07416572578261549,0.05686920002014866,0.6875,1.0,18,90,12
prewhitened_ar,ex_games_12m_pct,fred_japan_computer_electronics_gbp_12m_pct,full,16,-0.06419064296097032,-0.06502221918537902,0.640625,1.0,18,89,12
prewhitened_ar,ex_games_12m_pct,fred_japan_computer_electronics_gbp_12m_pct,full,17,-0.14140994143231286,-0.1301252567304928,0.25,1.0,18,88,12
prewhitened_ar,ex_games_12m_pct,fred_japan_computer_electronics_gbp_12m_pct,full,18,0.18476537816785224,0.18476537816785224,0.140625,1.0,18,87,12
prewhitened_ar,ex_games_12m_pct,fred_japan_computer_electronics_gbp_12m_pct,pre_2020,0,0.3763289932030121,0.4393896044842024,0.5,1.0,18,36,12
prewhitened_ar,ex_games_12m_pct,fred_japan_computer_electronics_gbp_12m_pct,pre_2020,1,-0.28929222467699534,-0.5216551369381901,0.5,1.0,18,35,12
prewhitened_ar,ex_games_12m_pct,fred_japan_computer_electronics_gbp_12m_pct,pre_2020,2,0.07522098968823017,0.06678475055342482,0.5,1.0,18,34,12
prewhitened_ar,ex_games_12m_pct,fred_japan_computer_electronics_gbp_12m_pct,pre_2020,3,0.08272171156721171,0.17784038884574943,1.0,1.0,18,33,12
prewhitened_ar,ex_games_12m_pct,fred_japan_computer_electronics_gbp_12m_pct,pre_2020,4,-0.15335831533541786,-0.23875318008586438,1.0,1.0,18,32,12
prewhitened_ar,ex_games_12m_pct,fred_japan_computer_electronics_gbp_12m_pct,pre_2020,5,0.1728855304600431,0.3651152506522944,1.0,1.0,18,31,12
prewhitened_ar,ex_games_12m_pct,fred_japan_computer_electronics_gbp_12m_pct,pre_2020,6,0.0977752934163672,-0.010731798310903092,1.0,1.0,18,30,12
prewhitened_ar,ex_games_12m_pct,fred_japan_computer_electronics_gbp_12m_pct,pre_2020,7,0.21977797280739167,0.22566489676201806,1.0,1.0,18,29,12
prewhitened_ar,ex_games_12m_pct,fred_japan_computer_electronics_gbp_12m_pct,pre_2020,8,-0.062135337531064525,0.040379828654703374,1.0,1.0,18,28,12
prewhitened_ar,ex_games_12m_pct,fred_japan_computer_electronics_gbp_12m_pct,pre_2020,9,-0.17459977724683803,-0.31036631207373033,0.5,1.0,18,27,12
prewhitened_ar,ex_games_12m_pct,fred_japan_computer_electronics_gbp_12m_pct,pre_2020,10,-0.0398852736069875,-0.1648168058576983,1.0,1.0,18,26,12
prewhitened_ar,ex_games_12m_pct,fred_japan_computer_electronics_gbp_12m_pct,pre_2020,11,0.07664411128130372,-0.011623477138120595,1.0,1.0,18,25,12
prewhitened_ar,ex_games_12m_pct,fred_japan_computer_electronics_gbp_12m_pct,pre_2020,12,-0.12192659925361946,-0.0750148546377181,1.0,1.0,18,24,12
prewhitened_ar,ex_games_12m_pct,fred_japan_computer_electronics_gbp_12m_pct,pre_2020,13,0.09577102527376445,0.1354949449268011,1.0,1.0,18,23,12
prewhitened_ar,ex_games_12m_pct,fred_japan_computer_electronics_gbp_12m_pct,pre_2020,14,-0.08938599537876259,-0.2179779269969455,0.5,1.0,18,22,12
prewhitened_ar,ex_games_12m_pct,fred_japan_computer_electronics_gbp_12m_pct,pre_2020,15,-0.030931217760721653,-0.08299451458891659,1.0,1.0,18,21,12
prewhitened_ar,ex_games_12m_pct,fred_japan_computer_electronics_gbp_12m_pct,pre_2020,16,-0.1749531143138834,-0.16817209712343367,1.0,1.0,18,20,12
prewhitened_ar,ex_games_12m_pct,fred_japan_computer_electronics_gbp_12m_pct,pre_2020,17,-0.1362799651291181,-0.07846277754002652,1.0,1.0,18,19,12
prewhitened_ar,ex_games_12m_pct,fred_japan_computer_electronics_gbp_12m_pct,pre_2020,18,0.17522384079456385,0.17522384079456385,1.0,1.0,18,18,12
prewhitened_ar,ex_games_12m_pct,fred_japan_computer_electronics_gbp_12m_pct,pandemic_2020_2022,0,-0.023317389197073813,0.1346739936339857,0.5,1.0,18,36,12
prewhitened_ar,ex_games_12m_pct,fred_japan_computer_electronics_gbp_12m_pct,pandemic_2020_2022,1,0.06789183921126489,-0.27999402161908,0.5,1.0,18,35,12
prewhitened_ar,ex_games_12m_pct,fred_japan_computer_electronics_gbp_12m_pct,pandemic_2020_2022,2,-0.13909913740750784,-0.031380005526598205,1.0,1.0,18,34,12
prewhitened_ar,ex_games_12m_pct,fred_japan_computer_electronics_gbp_12m_pct,pandemic_2020_2022,3,-0.10295723409345023,0.031911036122855174,1.0,1.0,18,33,12
prewhitened_ar,ex_games_12m_pct,fred_japan_computer_electronics_gbp_12m_pct,pandemic_2020_2022,4,-0.03546159943336184,-0.05048143166190488,0.5,1.0,18,32,12
prewhitened_ar,ex_games_12m_pct,fred_japan_computer_electronics_gbp_12m_pct,pandemic_2020_2022,5,-0.02767062328228222,-0.12155772750183524,1.0,1.0,18,31,12
prewhitened_ar,ex_games_12m_pct,fred_japan_computer_electronics_gbp_12m_pct,pandemic_2020_2022,6,-0.14033901896955023,0.021309785268480787,1.0,1.0,18,30,12
prewhitened_ar,ex_games_12m_pct,fred_japan_computer_electronics_gbp_12m_pct,pandemic_2020_2022,7,-0.3934985889826958,-0.4635776431735137,0.5,1.0,18,29,12
prewhitened_ar,ex_games_12m_pct,fred_japan_computer_electronics_gbp_12m_pct,pandemic_2020_2022,8,0.007836797708932173,0.038837372167017964,1.0,1.0,18,28,12
prewhitened_ar,ex_games_12m_pct,fred_japan_computer_electronics_gbp_12m_pct,pandemic_2020_2022,9,-0.06801271933028159,0.14561830227785894,1.0,1.0,18,27,12
prewhitened_ar,ex_games_12m_pct,fred_japan_computer_electronics_gbp_12m_pct,pandemic_2020_2022,10,-0.22133383022278943,-0.24197727837325547,0.5,1.0,18,26,12
prewhitened_ar,ex_games_12m_pct,fred_japan_computer_electronics_gbp_12m_pct,pandemic_2020_2022,11,0.49375450625537276,0.5370099650919313,0.5,0.5,18,25,12
prewhitened_ar,ex_games_12m_pct,fred_japan_computer_electronics_gbp_12m_pct,pandemic_2020_2022,12,0.054932989442692204,0.18684900040074798,1.0,1.0,18,24,12
prewhitened_ar,ex_games_12m_pct,fred_japan_computer_electronics_gbp_12m_pct,pandemic_2020_2022,13,-0.3011545671354366,-0.21882445385893437,1.0,1.0,18,23,12
prewhitened_ar,ex_games_12m_pct,fred_japan_computer_electronics_gbp_12m_pct,pandemic_2020_2022,14,0.08126023224162501,0.013760497598225452,1.0,1.0,18,22,12
prewhitened_ar,ex_games_12m_pct,fred_japan_computer_electronics_gbp_12m_pct,pandemic_2020_2022,15,0.16844043133394832,0.14939991525218088,0.5,1.0,18,21,12
prewhitened_ar,ex_games_12m_pct,fred_japan_computer_electronics_gbp_12m_pct,pandemic_2020_2022,16,-0.23645611782533185,-0.16553274416786126,1.0,1.0,18,20,12
prewhitened_ar,ex_games_12m_pct,fred_japan_computer_electronics_gbp_12m_pct,pandemic_2020_2022,17,-0.21928000432348796,-0.18735170822002434,0.5,1.0,18,19,12
prewhitened_ar,ex_games_12m_pct,fred_japan_computer_electronics_gbp_12m_pct,pandemic_2020_2022,18,0.36716242823703094,0.36716242823703094,0.5,1.0,18,18,12
prewhitened_ar,ex_games_12m_pct,fred_japan_computer_electronics_gbp_12m_pct,post_2022,0,-0.030640502414861416,0.047875113156927246,1.0,1.0,18,33,12
prewhitened_ar,ex_games_12m_pct,fred_japan_computer_electronics_gbp_12m_pct,post_2022,1,0.34734017720444693,0.009819361011160781,1.0,1.0,18,32,12
prewhitened_ar,ex_games_12m_pct,fred_japan_computer_electronics_gbp_12m_pct,post_2022,2,0.2943369371816703,0.35810030879391314,1.0,1.0,18,31,12
prewhitened_ar,ex_games_12m_pct,fred_japan_computer_electronics_gbp_12m_pct,post_2022,3,0.2407838133466097,0.35933591890418537,0.5,1.0,18,30,12
prewhitened_ar,ex_games_12m_pct,fred_japan_computer_electronics_gbp_12m_pct,post_2022,4,-0.014974474769179845,0.17725568592371238,1.0,1.0,18,29,12
prewhitened_ar,ex_games_12m_pct,fred_japan_computer_electronics_gbp_12m_pct,post_2022,5,0.10415472496284642,0.13699188493871592,0.5,1.0,18,28,12
prewhitened_ar,ex_games_12m_pct,fred_japan_computer_electronics_gbp_12m_pct,post_2022,6,-0.22454887774394655,-0.6214887007979695,0.5,1.0,18,27,12
prewhitened_ar,ex_games_12m_pct,fred_japan_computer_electronics_gbp_12m_pct,post_2022,7,-0.026689459604310902,0.12281778982090075,1.0,1.0,18,26,12
prewhitened_ar,ex_games_12m_pct,fred_japan_computer_electronics_gbp_12m_pct,post_2022,8,-0.09602065851371663,-0.26422990282825987,1.0,1.0,18,25,12
prewhitened_ar,ex_games_12m_pct,fred_japan_computer_electronics_gbp_12m_pct,post_2022,9,0.38411804677171796,0.4975979358369693,1.0,1.0,18,24,12
prewhitened_ar,ex_games_12m_pct,fred_japan_computer_electronics_gbp_12m_pct,post_2022,10,-0.026961867625680324,-0.11898509350155449,0.5,1.0,18,23,12
prewhitened_ar,ex_games_12m_pct,fred_japan_computer_electronics_gbp_12m_pct,post_2022,11,0.2687553405757073,0.2695268068694787,0.5,1.0,18,22,12
prewhitened_ar,ex_games_12m_pct,fred_japan_computer_electronics_gbp_12m_pct,post_2022,12,-0.08418678873129545,-0.3107082619639714,1.0,1.0,18,21,12
prewhitened_ar,ex_games_12m_pct,fred_japan_computer_electronics_gbp_12m_pct,post_2022,13,0.1829643700228165,0.21937079942673157,0.5,1.0,18,20,12
prewhitened_ar,ex_games_12m_pct,fred_japan_computer_electronics_gbp_12m_pct,post_2022,14,-0.014070550892364668,-0.01427393800273341,1.0,1.0,18,19,12
prewhitened_ar,ex_games_12m_pct,fred_japan_computer_electronics_gbp_12m_pct,post_2022,15,-0.00707146397153085,-0.10110386887921174,1.0,1.0,18,18,12
prewhitened_ar,ex_games_12m_pct,fred_japan_computer_electronics_gbp_12m_pct,post_2022,16,-0.04400655903438681,-0.04792791540288874,0.5,1.0,18,17,12
prewhitened_ar,ex_games_12m_pct,fred_japan_computer_electronics_gbp_12m_pct,post_2022,17,-0.24326959328193726,-0.20038974463642847,0.5,1.0,18,16,12
prewhitened_ar,ex_games_12m_pct,fred_japan_computer_electronics_gbp_12m_pct,post_2022,18,0.3528544479379823,0.3528544479379823,0.5,1.0,18,15,12
prewhitened_ar,ex_games_12m_pct,fred_asian_nie_computer_electronics_gbp_12m_pct,full,0,0.09024047122438526,0.20390543469761227,0.140625,0.96875,18,105,12
prewhitened_ar,ex_games_12m_pct,fred_asian_nie_computer_electronics_gbp_12m_pct,full,1,0.053347300301396804,-0.06880937833064346,0.59375,1.0,18,104,12
prewhitened_ar,ex_games_12m_pct,fred_asian_nie_computer_electronics_gbp_12m_pct,full,2,0.14737527264668657,0.09785551984921396,0.359375,1.0,18,103,12
prewhitened_ar,ex_games_12m_pct,fred_asian_nie_computer_electronics_gbp_12m_pct,full,3,0.0838170942106091,0.03548848162610423,0.78125,1.0,18,102,12
prewhitened_ar,ex_games_12m_pct,fred_asian_nie_computer_electronics_gbp_12m_pct,full,4,-0.07007041014340924,-0.033472978203350094,0.78125,1.0,18,101,12
prewhitened_ar,ex_games_12m_pct,fred_asian_nie_computer_electronics_gbp_12m_pct,full,5,0.0639682141072325,0.05607842093717598,0.65625,1.0,18,100,12
prewhitened_ar,ex_games_12m_pct,fred_asian_nie_computer_electronics_gbp_12m_pct,full,6,-0.0659355624105252,-0.10237085006421202,0.4375,1.0,18,99,12
prewhitened_ar,ex_games_12m_pct,fred_asian_nie_computer_electronics_gbp_12m_pct,full,7,0.08600578605628822,0.12386384971693111,0.375,1.0,18,98,12
prewhitened_ar,ex_games_12m_pct,fred_asian_nie_computer_electronics_gbp_12m_pct,full,8,0.017284305354857966,-0.00023273379092045613,1.0,1.0,18,97,12
prewhitened_ar,ex_games_12m_pct,fred_asian_nie_computer_electronics_gbp_12m_pct,full,9,0.12224599687249045,0.11340013319158446,0.375,1.0,18,96,12
prewhitened_ar,ex_games_12m_pct,fred_asian_nie_computer_electronics_gbp_12m_pct,full,10,-0.014563293787543452,-0.06911944284742508,0.546875,1.0,18,95,12
prewhitened_ar,ex_games_12m_pct,fred_asian_nie_computer_electronics_gbp_12m_pct,full,11,0.18784809113183307,0.19705063166891024,0.15625,1.0,18,94,12
prewhitened_ar,ex_games_12m_pct,fred_asian_nie_computer_electronics_gbp_12m_pct,full,12,-0.0011301381369797701,-0.07650353846843924,0.546875,1.0,18,93,12
prewhitened_ar,ex_games_12m_pct,fred_asian_nie_computer_electronics_gbp_12m_pct,full,13,0.09428383913110866,0.08182301365472246,0.546875,1.0,18,92,12
prewhitened_ar,ex_games_12m_pct,fred_asian_nie_computer_electronics_gbp_12m_pct,full,14,-0.138286966015718,-0.13527214574780536,0.34375,1.0,18,91,12
prewhitened_ar,ex_games_12m_pct,fred_asian_nie_computer_electronics_gbp_12m_pct,full,15,0.1312307036761042,0.10927586138897571,0.40625,1.0,18,90,12
prewhitened_ar,ex_games_12m_pct,fred_asian_nie_computer_electronics_gbp_12m_pct,full,16,-0.05491118661468809,-0.061845592405979685,0.578125,1.0,18,89,12
prewhitened_ar,ex_games_12m_pct,fred_asian_nie_computer_electronics_gbp_12m_pct,full,17,-0.06368315696862745,-0.04150005694284713,0.6875,1.0,18,88,12
prewhitened_ar,ex_games_12m_pct,fred_asian_nie_computer_electronics_gbp_12m_pct,full,18,0.22745615287795776,0.22745615287795776,0.125,0.90625,18,87,12
prewhitened_ar,ex_games_12m_pct,fred_asian_nie_computer_electronics_gbp_12m_pct,pre_2020,0,0.35309614147006374,0.380622954250821,1.0,1.0,18,36,12
prewhitened_ar,ex_games_12m_pct,fred_asian_nie_computer_electronics_gbp_12m_pct,pre_2020,1,-0.12353056386382996,-0.34389872959931533,0.5,1.0,18,35,12
prewhitened_ar,ex_games_12m_pct,fred_asian_nie_computer_electronics_gbp_12m_pct,pre_2020,2,0.1571657717632587,0.12179061776720657,0.5,1.0,18,34,12
prewhitened_ar,ex_games_12m_pct,fred_asian_nie_computer_electronics_gbp_12m_pct,pre_2020,3,0.04684435188929015,0.07984501859521304,1.0,1.0,18,33,12
prewhitened_ar,ex_games_12m_pct,fred_asian_nie_computer_electronics_gbp_12m_pct,pre_2020,4,-0.10001960964881168,-0.18039426693729757,1.0,1.0,18,32,12
prewhitened_ar,ex_games_12m_pct,fred_asian_nie_computer_electronics_gbp_12m_pct,pre_2020,5,0.1908278960135319,0.3574124015150844,1.0,1.0,18,31,12
prewhitened_ar,ex_games_12m_pct,fred_asian_nie_computer_electronics_gbp_12m_pct,pre_2020,6,0.10323200045661451,-0.06903222596849531,1.0,1.0,18,30,12
prewhitened_ar,ex_games_12m_pct,fred_asian_nie_computer_electronics_gbp_12m_pct,pre_2020,7,0.27555902006852895,0.2534256832307851,1.0,1.0,18,29,12
prewhitened_ar,ex_games_12m_pct,fred_asian_nie_computer_electronics_gbp_12m_pct,pre_2020,8,-0.08140222773810671,-0.04185661191955721,0.5,1.0,18,28,12
prewhitened_ar,ex_games_12m_pct,fred_asian_nie_computer_electronics_gbp_12m_pct,pre_2020,9,-0.08701084847575051,-0.26916750275943757,0.5,1.0,18,27,12
prewhitened_ar,ex_games_12m_pct,fred_asian_nie_computer_electronics_gbp_12m_pct,pre_2020,10,-0.0501037779824021,-0.2047954293940237,0.5,1.0,18,26,12
prewhitened_ar,ex_games_12m_pct,fred_asian_nie_computer_electronics_gbp_12m_pct,pre_2020,11,-0.06749207514798354,-0.2087867469068376,0.5,1.0,18,25,12
prewhitened_ar,ex_games_12m_pct,fred_asian_nie_computer_electronics_gbp_12m_pct,pre_2020,12,-0.10188384261966592,-0.05860049928072669,1.0,1.0,18,24,12
prewhitened_ar,ex_games_12m_pct,fred_asian_nie_computer_electronics_gbp_12m_pct,pre_2020,13,0.133284051878451,0.16981980018980267,1.0,1.0,18,23,12
prewhitened_ar,ex_games_12m_pct,fred_asian_nie_computer_electronics_gbp_12m_pct,pre_2020,14,-0.02854124282258552,-0.16165970470620328,0.5,1.0,18,22,12
prewhitened_ar,ex_games_12m_pct,fred_asian_nie_computer_electronics_gbp_12m_pct,pre_2020,15,0.03383424964804188,0.01902785572264072,1.0,1.0,18,21,12
prewhitened_ar,ex_games_12m_pct,fred_asian_nie_computer_electronics_gbp_12m_pct,pre_2020,16,-0.06535221482337078,-0.06114214736923191,1.0,1.0,18,20,12
prewhitened_ar,ex_games_12m_pct,fred_asian_nie_computer_electronics_gbp_12m_pct,pre_2020,17,-0.033175117127394516,0.003596313710453032,1.0,1.0,18,19,12
prewhitened_ar,ex_games_12m_pct,fred_asian_nie_computer_electronics_gbp_12m_pct,pre_2020,18,0.21980125873070672,0.21980125873070672,1.0,1.0,18,18,12
prewhitened_ar,ex_games_12m_pct,fred_asian_nie_computer_electronics_gbp_12m_pct,pandemic_2020_2022,0,0.06038658216423398,0.2002051631747096,0.5,1.0,18,36,12
prewhitened_ar,ex_games_12m_pct,fred_asian_nie_computer_electronics_gbp_12m_pct,pandemic_2020_2022,1,0.028479128770670794,-0.34884646146620474,0.5,1.0,18,35,12
prewhitened_ar,ex_games_12m_pct,fred_asian_nie_computer_electronics_gbp_12m_pct,pandemic_2020_2022,2,-0.1910153302639774,-0.07065237451656063,1.0,1.0,18,34,12
prewhitened_ar,ex_games_12m_pct,fred_asian_nie_computer_electronics_gbp_12m_pct,pandemic_2020_2022,3,-0.037413860234472913,0.022474664776428312,0.5,1.0,18,33,12
prewhitened_ar,ex_games_12m_pct,fred_asian_nie_computer_electronics_gbp_12m_pct,pandemic_2020_2022,4,-0.03397222120866906,0.061443001672306756,0.5,1.0,18,32,12
prewhitened_ar,ex_games_12m_pct,fred_asian_nie_computer_electronics_gbp_12m_pct,pandemic_2020_2022,5,0.004655862454747373,-0.0008322582009059605,1.0,1.0,18,31,12
prewhitened_ar,ex_games_12m_pct,fred_asian_nie_computer_electronics_gbp_12m_pct,pandemic_2020_2022,6,-0.31097336810148857,-0.1881612165812065,1.0,1.0,18,30,12
prewhitened_ar,ex_games_12m_pct,fred_asian_nie_computer_electronics_gbp_12m_pct,pandemic_2020_2022,7,-0.31894191882868966,-0.36672491206617297,0.5,1.0,18,29,12
prewhitened_ar,ex_games_12m_pct,fred_asian_nie_computer_electronics_gbp_12m_pct,pandemic_2020_2022,8,-0.08374012054428688,-0.04135424140082775,1.0,1.0,18,28,12
prewhitened_ar,ex_games_12m_pct,fred_asian_nie_computer_electronics_gbp_12m_pct,pandemic_2020_2022,9,-0.01614838651624734,0.2553577969650371,1.0,1.0,18,27,12
prewhitened_ar,ex_games_12m_pct,fred_asian_nie_computer_electronics_gbp_12m_pct,pandemic_2020_2022,10,-0.14333424580132179,-0.18074137852062136,0.5,1.0,18,26,12
prewhitened_ar,ex_games_12m_pct,fred_asian_nie_computer_electronics_gbp_12m_pct,pandemic_2020_2022,11,0.33604738943963214,0.3825310926245077,0.5,1.0,18,25,12
prewhitened_ar,ex_games_12m_pct,fred_asian_nie_computer_electronics_gbp_12m_pct,pandemic_2020_2022,12,0.038758509991887354,0.13521999207705612,1.0,1.0,18,24,12
prewhitened_ar,ex_games_12m_pct,fred_asian_nie_computer_electronics_gbp_12m_pct,pandemic_2020_2022,13,-0.35912688467405646,-0.22222614107229618,1.0,1.0,18,23,12
prewhitened_ar,ex_games_12m_pct,fred_asian_nie_computer_electronics_gbp_12m_pct,pandemic_2020_2022,14,0.13040669866611504,0.06008540050800615,1.0,1.0,18,22,12
prewhitened_ar,ex_games_12m_pct,fred_asian_nie_computer_electronics_gbp_12m_pct,pandemic_2020_2022,15,0.09812295100796957,0.10516047212182143,0.5,1.0,18,21,12
prewhitened_ar,ex_games_12m_pct,fred_asian_nie_computer_electronics_gbp_12m_pct,pandemic_2020_2022,16,-0.1380008407092721,-0.058413029278693254,1.0,1.0,18,20,12
prewhitened_ar,ex_games_12m_pct,fred_asian_nie_computer_electronics_gbp_12m_pct,pandemic_2020_2022,17,-0.1894755048711617,-0.1732524683892286,0.5,1.0,18,19,12
prewhitened_ar,ex_games_12m_pct,fred_asian_nie_computer_electronics_gbp_12m_pct,pandemic_2020_2022,18,0.32789815655842985,0.32789815655842985,0.5,1.0,18,18,12
prewhitened_ar,ex_games_12m_pct,fred_asian_nie_computer_electronics_gbp_12m_pct,post_2022,0,-0.12329360862080534,0.14154613364812682,1.0,1.0,18,33,12
prewhitened_ar,ex_games_12m_pct,fred_asian_nie_computer_electronics_gbp_12m_pct,post_2022,1,0.18032109300660504,-0.1776496926990306,0.5,1.0,18,32,12
prewhitened_ar,ex_games_12m_pct,fred_asian_nie_computer_electronics_gbp_12m_pct,post_2022,2,0.3158702216057583,0.32804191994427306,1.0,1.0,18,31,12
prewhitened_ar,ex_games_12m_pct,fred_asian_nie_computer_electronics_gbp_12m_pct,post_2022,3,0.2464251312372123,0.27219077769864297,0.5,1.0,18,30,12
prewhitened_ar,ex_games_12m_pct,fred_asian_nie_computer_electronics_gbp_12m_pct,post_2022,4,-0.04218819684803989,0.26926169779601855,1.0,1.0,18,29,12
prewhitened_ar,ex_games_12m_pct,fred_asian_nie_computer_electronics_gbp_12m_pct,post_2022,5,0.0005089544912001293,-0.028186610058724956,1.0,1.0,18,28,12
prewhitened_ar,ex_games_12m_pct,fred_asian_nie_computer_electronics_gbp_12m_pct,post_2022,6,-0.2096943798695076,-0.44798865310900027,0.5,1.0,18,27,12
prewhitened_ar,ex_games_12m_pct,fred_asian_nie_computer_electronics_gbp_12m_pct,post_2022,7,-0.0165697421604938,0.12777127473893532,1.0,1.0,18,26,12
prewhitened_ar,ex_games_12m_pct,fred_asian_nie_computer_electronics_gbp_12m_pct,post_2022,8,-0.09099495980571806,-0.24182170863415606,0.5,1.0,18,25,12
prewhitened_ar,ex_games_12m_pct,fred_asian_nie_computer_electronics_gbp_12m_pct,post_2022,9,0.24125577836034517,0.32451791015512854,1.0,1.0,18,24,12
prewhitened_ar,ex_games_12m_pct,fred_asian_nie_computer_electronics_gbp_12m_pct,post_2022,10,0.03968952988768206,-0.1390333566525724,0.5,1.0,18,23,12
prewhitened_ar,ex_games_12m_pct,fred_asian_nie_computer_electronics_gbp_12m_pct,post_2022,11,0.19138724873650048,0.2966960177133554,0.5,1.0,18,22,12
prewhitened_ar,ex_games_12m_pct,fred_asian_nie_computer_electronics_gbp_12m_pct,post_2022,12,0.0008261818741646063,-0.2626412804329263,1.0,1.0,18,21,12
prewhitened_ar,ex_games_12m_pct,fred_asian_nie_computer_electronics_gbp_12m_pct,post_2022,13,0.3184045982013924,0.359481716147496,0.5,1.0,18,20,12
prewhitened_ar,ex_games_12m_pct,fred_asian_nie_computer_electronics_gbp_12m_pct,post_2022,14,-0.22732394606783346,-0.21283226711559836,0.5,1.0,18,19,12
prewhitened_ar,ex_games_12m_pct,fred_asian_nie_computer_electronics_gbp_12m_pct,post_2022,15,0.11710815401067949,0.015480236663337277,1.0,1.0,18,18,12
prewhitened_ar,ex_games_12m_pct,fred_asian_nie_computer_electronics_gbp_12m_pct,post_2022,16,-0.09430039547186378,-0.13429175638243152,0.5,1.0,18,17,12
prewhitened_ar,ex_games_12m_pct,fred_asian_nie_computer_electronics_gbp_12m_pct,post_2022,17,-0.22996656755329734,-0.16053627128657733,0.5,1.0,18,16,12
prewhitened_ar,ex_games_12m_pct,fred_asian_nie_computer_electronics_gbp_12m_pct,post_2022,18,0.41514365622179394,0.41514365622179394,0.5,1.0,18,15,12
