method,target,candidate,period,lead_months,correlation,common_sample_correlation,circular_shift_p,familywise_p_0_12,n,ar_lags
prewhitened_ar,headline_12m_pct,jp_epi_electronics_gbp_12m_pct,full,0,-0.08774806717484444,-0.04590376027318416,0.7215189873417721,1.0,114,12
prewhitened_ar,headline_12m_pct,jp_epi_electronics_gbp_12m_pct,full,1,0.03911121524301038,0.05067589314322713,0.6835443037974683,1.0,113,12
prewhitened_ar,headline_12m_pct,jp_epi_electronics_gbp_12m_pct,full,2,-0.0048765500505324345,-0.032832950182926035,0.7848101265822784,1.0,112,12
prewhitened_ar,headline_12m_pct,jp_epi_electronics_gbp_12m_pct,full,3,0.049282158886426196,0.07894410901337257,0.4810126582278481,1.0,111,12
prewhitened_ar,headline_12m_pct,jp_epi_electronics_gbp_12m_pct,full,4,-0.04014452545743669,-0.044589441727219965,0.7341772151898734,1.0,110,12
prewhitened_ar,headline_12m_pct,jp_epi_electronics_gbp_12m_pct,full,5,0.12014143171657637,0.10707785883101859,0.3291139240506329,1.0,109,12
prewhitened_ar,headline_12m_pct,jp_epi_electronics_gbp_12m_pct,full,6,-0.28980555707334527,-0.31164103424686457,0.012658227848101266,0.012658227848101266,108,12
prewhitened_ar,headline_12m_pct,jp_epi_electronics_gbp_12m_pct,full,7,-0.02715252460884096,-0.023950358653241327,0.7974683544303798,1.0,107,12
prewhitened_ar,headline_12m_pct,jp_epi_electronics_gbp_12m_pct,full,8,0.044618535061508584,0.045795947426655055,0.620253164556962,1.0,106,12
prewhitened_ar,headline_12m_pct,jp_epi_electronics_gbp_12m_pct,full,9,0.1262286562791768,0.11450531508500401,0.26582278481012656,1.0,105,12
prewhitened_ar,headline_12m_pct,jp_epi_electronics_gbp_12m_pct,full,10,0.03698689879815205,0.04639772006989034,0.6075949367088608,1.0,104,12
prewhitened_ar,headline_12m_pct,jp_epi_electronics_gbp_12m_pct,full,11,0.19664143617819463,0.1929913585178048,0.012658227848101266,0.379746835443038,103,12
prewhitened_ar,headline_12m_pct,jp_epi_electronics_gbp_12m_pct,full,12,0.11018329110214166,0.11018329110214166,0.21518987341772153,1.0,102,12
prewhitened_ar,headline_12m_pct,jp_epi_electronics_gbp_12m_pct,pre_2020,0,0.12015016041888171,0.1652016225836085,0.5,1.0,36,12
prewhitened_ar,headline_12m_pct,jp_epi_electronics_gbp_12m_pct,pre_2020,1,0.02449985181203083,-0.154660452613181,1.0,1.0,35,12
prewhitened_ar,headline_12m_pct,jp_epi_electronics_gbp_12m_pct,pre_2020,2,-0.2023375410416541,-0.14138036783142363,0.5,1.0,34,12
prewhitened_ar,headline_12m_pct,jp_epi_electronics_gbp_12m_pct,pre_2020,3,0.18553040409342544,0.12989142788992122,1.0,1.0,33,12
prewhitened_ar,headline_12m_pct,jp_epi_electronics_gbp_12m_pct,pre_2020,4,-0.2165388962463318,-0.138266237335259,1.0,1.0,32,12
prewhitened_ar,headline_12m_pct,jp_epi_electronics_gbp_12m_pct,pre_2020,5,0.19009609358096938,0.2939859175636211,0.5,1.0,31,12
prewhitened_ar,headline_12m_pct,jp_epi_electronics_gbp_12m_pct,pre_2020,6,-0.14592136519254412,-0.22250623998576768,0.5,1.0,30,12
prewhitened_ar,headline_12m_pct,jp_epi_electronics_gbp_12m_pct,pre_2020,7,0.19253457088269924,0.18283285047954612,0.5,1.0,29,12
prewhitened_ar,headline_12m_pct,jp_epi_electronics_gbp_12m_pct,pre_2020,8,-0.035340240844278725,-0.021110301824646575,1.0,1.0,28,12
prewhitened_ar,headline_12m_pct,jp_epi_electronics_gbp_12m_pct,pre_2020,9,-0.05007775929068955,-0.106020804482856,0.5,1.0,27,12
prewhitened_ar,headline_12m_pct,jp_epi_electronics_gbp_12m_pct,pre_2020,10,-0.0018763548279304638,-0.03191953271511155,1.0,1.0,26,12
prewhitened_ar,headline_12m_pct,jp_epi_electronics_gbp_12m_pct,pre_2020,11,0.10124942320068575,0.09553010031979985,1.0,1.0,25,12
prewhitened_ar,headline_12m_pct,jp_epi_electronics_gbp_12m_pct,pre_2020,12,0.046979656911585455,0.046979656911585455,1.0,1.0,24,12
prewhitened_ar,headline_12m_pct,jp_epi_electronics_gbp_12m_pct,pandemic_2020_2022,0,-0.17364108338822815,-0.2872474351899927,0.5,1.0,36,12
prewhitened_ar,headline_12m_pct,jp_epi_electronics_gbp_12m_pct,pandemic_2020_2022,1,0.14083411921465805,0.05962075189201069,1.0,1.0,35,12
prewhitened_ar,headline_12m_pct,jp_epi_electronics_gbp_12m_pct,pandemic_2020_2022,2,0.04862092760960029,0.09142197213668111,0.5,1.0,34,12
prewhitened_ar,headline_12m_pct,jp_epi_electronics_gbp_12m_pct,pandemic_2020_2022,3,0.011023652190195911,0.1700621549816901,0.5,1.0,33,12
prewhitened_ar,headline_12m_pct,jp_epi_electronics_gbp_12m_pct,pandemic_2020_2022,4,0.22184031484933758,0.2560234818614398,1.0,1.0,32,12
prewhitened_ar,headline_12m_pct,jp_epi_electronics_gbp_12m_pct,pandemic_2020_2022,5,0.020638030180847845,0.058387386963354666,1.0,1.0,31,12
prewhitened_ar,headline_12m_pct,jp_epi_electronics_gbp_12m_pct,pandemic_2020_2022,6,-0.38762197461844566,-0.37203123104973385,0.5,0.5,30,12
prewhitened_ar,headline_12m_pct,jp_epi_electronics_gbp_12m_pct,pandemic_2020_2022,7,-0.3675584269856205,-0.4098219054284112,0.5,0.5,29,12
prewhitened_ar,headline_12m_pct,jp_epi_electronics_gbp_12m_pct,pandemic_2020_2022,8,0.11892261757217264,0.13118332223301893,1.0,1.0,28,12
prewhitened_ar,headline_12m_pct,jp_epi_electronics_gbp_12m_pct,pandemic_2020_2022,9,-0.050566378161436956,0.004807532539542851,1.0,1.0,27,12
prewhitened_ar,headline_12m_pct,jp_epi_electronics_gbp_12m_pct,pandemic_2020_2022,10,0.19282548083165435,0.2176606923354621,1.0,1.0,26,12
prewhitened_ar,headline_12m_pct,jp_epi_electronics_gbp_12m_pct,pandemic_2020_2022,11,0.3636986108892544,0.35527073018912,0.5,1.0,25,12
prewhitened_ar,headline_12m_pct,jp_epi_electronics_gbp_12m_pct,pandemic_2020_2022,12,0.05684452184749723,0.05684452184749723,1.0,1.0,24,12
prewhitened_ar,headline_12m_pct,jp_epi_electronics_gbp_12m_pct,post_2022,0,-0.16837493886385377,-0.07200055660048453,0.7142857142857143,1.0,42,12
prewhitened_ar,headline_12m_pct,jp_epi_electronics_gbp_12m_pct,post_2022,1,-0.03268566273488827,-0.056417168018252334,0.7142857142857143,1.0,41,12
prewhitened_ar,headline_12m_pct,jp_epi_electronics_gbp_12m_pct,post_2022,2,0.0896911462621825,-0.01760907598385138,0.8571428571428571,1.0,40,12
prewhitened_ar,headline_12m_pct,jp_epi_electronics_gbp_12m_pct,post_2022,3,0.031326484539890856,0.1286393632808762,0.2857142857142857,1.0,39,12
prewhitened_ar,headline_12m_pct,jp_epi_electronics_gbp_12m_pct,post_2022,4,-0.19431899075141282,-0.3232911727292665,0.14285714285714285,0.5714285714285714,38,12
prewhitened_ar,headline_12m_pct,jp_epi_electronics_gbp_12m_pct,post_2022,5,0.279940604886103,0.23332736574654298,0.2857142857142857,1.0,37,12
prewhitened_ar,headline_12m_pct,jp_epi_electronics_gbp_12m_pct,post_2022,6,-0.19020313632492522,-0.30566025492988913,0.14285714285714285,0.5714285714285714,36,12
prewhitened_ar,headline_12m_pct,jp_epi_electronics_gbp_12m_pct,post_2022,7,0.17170386196267015,0.19175867779905076,0.42857142857142855,1.0,35,12
prewhitened_ar,headline_12m_pct,jp_epi_electronics_gbp_12m_pct,post_2022,8,0.09517435908199103,0.08221226606605808,0.7142857142857143,1.0,34,12
prewhitened_ar,headline_12m_pct,jp_epi_electronics_gbp_12m_pct,post_2022,9,0.3805472995653492,0.33990041316667735,0.2857142857142857,0.5714285714285714,33,12
prewhitened_ar,headline_12m_pct,jp_epi_electronics_gbp_12m_pct,post_2022,10,0.04760190601013017,0.09406459914025478,0.7142857142857143,1.0,32,12
prewhitened_ar,headline_12m_pct,jp_epi_electronics_gbp_12m_pct,post_2022,11,0.0862832689507748,0.055068292273049886,0.7142857142857143,1.0,31,12
prewhitened_ar,headline_12m_pct,jp_epi_electronics_gbp_12m_pct,post_2022,12,0.1311849773664047,0.1311849773664047,0.42857142857142855,1.0,30,12
prewhitened_ar,headline_12m_pct,kr_epi_tech_gbp_12m_pct,full,0,-0.049714526394634986,-0.04557121654230857,0.6521739130434783,1.0,58,12
prewhitened_ar,headline_12m_pct,kr_epi_tech_gbp_12m_pct,full,1,0.06902504030522517,0.05336130110610203,0.782608695652174,1.0,57,12
prewhitened_ar,headline_12m_pct,kr_epi_tech_gbp_12m_pct,full,2,-0.1049850398593157,-0.08640467898788257,0.6086956521739131,1.0,56,12
prewhitened_ar,headline_12m_pct,kr_epi_tech_gbp_12m_pct,full,3,-0.18159595139182236,-0.1600633447022863,0.2608695652173913,1.0,55,12
prewhitened_ar,headline_12m_pct,kr_epi_tech_gbp_12m_pct,full,4,0.044946480556111994,0.07272240477278273,0.6521739130434783,1.0,54,12
prewhitened_ar,headline_12m_pct,kr_epi_tech_gbp_12m_pct,full,5,0.06378126415334169,-0.018172842849153516,1.0,1.0,53,12
prewhitened_ar,headline_12m_pct,kr_epi_tech_gbp_12m_pct,full,6,-0.31941417348391404,-0.45120952323557423,0.043478260869565216,0.043478260869565216,52,12
prewhitened_ar,headline_12m_pct,kr_epi_tech_gbp_12m_pct,full,7,-0.31037997060567474,-0.3011036423777182,0.043478260869565216,0.2608695652173913,51,12
prewhitened_ar,headline_12m_pct,kr_epi_tech_gbp_12m_pct,full,8,0.0905612022187765,0.07785508929814697,0.6521739130434783,1.0,50,12
prewhitened_ar,headline_12m_pct,kr_epi_tech_gbp_12m_pct,full,9,-0.03851670625658209,-0.04093798270986737,0.7391304347826086,1.0,49,12
prewhitened_ar,headline_12m_pct,kr_epi_tech_gbp_12m_pct,full,10,-0.07648373114745541,-0.0795932018298094,0.6956521739130435,1.0,48,12
prewhitened_ar,headline_12m_pct,kr_epi_tech_gbp_12m_pct,full,11,0.11315804978151367,0.12646027272240534,0.5217391304347826,1.0,47,12
prewhitened_ar,headline_12m_pct,kr_epi_tech_gbp_12m_pct,full,12,0.010447793454098278,0.010447793454098278,0.9565217391304348,1.0,46,12
prewhitened_ar,headline_12m_pct,kr_epi_tech_gbp_12m_pct,pandemic_2020_2022,0,-0.09083164219421865,-0.22092597230981936,0.5,1.0,33,12
prewhitened_ar,headline_12m_pct,kr_epi_tech_gbp_12m_pct,pandemic_2020_2022,1,0.2422156823864415,0.15754705954499443,0.5,1.0,32,12
prewhitened_ar,headline_12m_pct,kr_epi_tech_gbp_12m_pct,pandemic_2020_2022,2,0.09636477343480332,0.2903249813084979,0.5,1.0,31,12
prewhitened_ar,headline_12m_pct,kr_epi_tech_gbp_12m_pct,pandemic_2020_2022,3,-0.29475891720304165,-0.12792670034074213,1.0,1.0,30,12
prewhitened_ar,headline_12m_pct,kr_epi_tech_gbp_12m_pct,pandemic_2020_2022,4,0.29997443862187306,0.27158882080747626,0.5,1.0,29,12
prewhitened_ar,headline_12m_pct,kr_epi_tech_gbp_12m_pct,pandemic_2020_2022,5,-0.008736375495206518,-0.039112470505449984,0.5,1.0,28,12
prewhitened_ar,headline_12m_pct,kr_epi_tech_gbp_12m_pct,pandemic_2020_2022,6,-0.3136788441227065,-0.403152597065269,0.5,1.0,27,12
prewhitened_ar,headline_12m_pct,kr_epi_tech_gbp_12m_pct,pandemic_2020_2022,7,-0.2606888702321629,-0.43441224032402836,0.5,0.5,26,12
prewhitened_ar,headline_12m_pct,kr_epi_tech_gbp_12m_pct,pandemic_2020_2022,8,0.1411262651068604,0.15931003849072287,1.0,1.0,25,12
prewhitened_ar,headline_12m_pct,kr_epi_tech_gbp_12m_pct,pandemic_2020_2022,9,-0.11662180179136146,-0.09104447011724004,1.0,1.0,24,12
prewhitened_ar,headline_12m_pct,kr_epi_tech_gbp_12m_pct,pandemic_2020_2022,10,0.32171187384512023,0.26036747718023384,0.5,1.0,23,12
prewhitened_ar,headline_12m_pct,kr_epi_tech_gbp_12m_pct,pandemic_2020_2022,11,0.15126010363075804,0.08193034254976445,1.0,1.0,22,12
prewhitened_ar,headline_12m_pct,kr_epi_tech_gbp_12m_pct,pandemic_2020_2022,12,0.16407731482333554,0.16407731482333554,1.0,1.0,21,12
prewhitened_ar,headline_12m_pct,kr_epi_tech_gbp_12m_pct,post_2022,0,0.0403424525732301,-0.027420977780054326,1.0,1.0,25,12
prewhitened_ar,headline_12m_pct,kr_epi_tech_gbp_12m_pct,post_2022,1,-0.04277358334305922,-0.47323362916561745,0.5,1.0,24,12
prewhitened_ar,headline_12m_pct,kr_epi_tech_gbp_12m_pct,post_2022,2,-0.22575415011166522,-0.5167897471703938,1.0,1.0,23,12
prewhitened_ar,headline_12m_pct,kr_epi_tech_gbp_12m_pct,post_2022,3,0.006403228481730968,0.17310691664742078,1.0,1.0,22,12
prewhitened_ar,headline_12m_pct,kr_epi_tech_gbp_12m_pct,post_2022,4,-0.09326044363483442,-0.21905159240084285,0.5,1.0,21,12
prewhitened_ar,headline_12m_pct,kr_epi_tech_gbp_12m_pct,post_2022,5,0.4101679501712016,0.2650913830134589,1.0,1.0,20,12
prewhitened_ar,headline_12m_pct,kr_epi_tech_gbp_12m_pct,post_2022,6,-0.07288641738898555,-0.5644552631879779,0.5,0.5,19,12
prewhitened_ar,headline_12m_pct,kr_epi_tech_gbp_12m_pct,post_2022,7,-0.41094743142523743,-0.39197059883756563,1.0,1.0,18,12
prewhitened_ar,headline_12m_pct,kr_epi_tech_gbp_12m_pct,post_2022,8,0.1985551066717364,0.21605586001572052,1.0,1.0,17,12
prewhitened_ar,headline_12m_pct,kr_epi_tech_gbp_12m_pct,post_2022,9,-0.025729480018414002,0.06525844603440985,1.0,1.0,16,12
prewhitened_ar,headline_12m_pct,kr_epi_tech_gbp_12m_pct,post_2022,10,-0.26088091672815056,-0.21931594365654408,0.5,1.0,15,12
prewhitened_ar,headline_12m_pct,kr_epi_tech_gbp_12m_pct,post_2022,11,0.1771873880341775,0.3180838181815095,0.5,1.0,14,12
prewhitened_ar,headline_12m_pct,kr_epi_tech_gbp_12m_pct,post_2022,12,-0.06792333456715524,-0.06792333456715524,1.0,1.0,13,12
prewhitened_ar,headline_12m_pct,cn_ppi_tech_gbp_12m_pct,full,0,0.011240577766831293,-0.09269661121450924,0.8181818181818182,1.0,46,12
prewhitened_ar,headline_12m_pct,cn_ppi_tech_gbp_12m_pct,full,1,0.20130824753354312,0.14814793443599436,0.45454545454545453,1.0,45,12
prewhitened_ar,headline_12m_pct,cn_ppi_tech_gbp_12m_pct,full,2,-0.22276012843444185,-0.23500792061366085,0.2727272727272727,1.0,44,12
prewhitened_ar,headline_12m_pct,cn_ppi_tech_gbp_12m_pct,full,3,-0.06419473487974806,-0.09478867846848689,0.6363636363636364,1.0,43,12
prewhitened_ar,headline_12m_pct,cn_ppi_tech_gbp_12m_pct,full,4,-0.10142621103899821,-0.12870449967842518,0.5454545454545454,1.0,42,12
prewhitened_ar,headline_12m_pct,cn_ppi_tech_gbp_12m_pct,full,5,-0.019473020386998188,-0.004542921270113738,1.0,1.0,41,12
prewhitened_ar,headline_12m_pct,cn_ppi_tech_gbp_12m_pct,full,6,-0.2815919598474178,-0.37321854235981744,0.09090909090909091,0.6363636363636364,40,12
prewhitened_ar,headline_12m_pct,cn_ppi_tech_gbp_12m_pct,full,7,0.06266695204148047,0.06089227639756141,0.7272727272727273,1.0,39,12
prewhitened_ar,headline_12m_pct,cn_ppi_tech_gbp_12m_pct,full,8,0.09458507607506894,0.07480134589495017,0.7272727272727273,1.0,38,12
prewhitened_ar,headline_12m_pct,cn_ppi_tech_gbp_12m_pct,full,9,0.34163650834193415,0.3637606009286601,0.18181818181818182,0.6363636363636364,37,12
prewhitened_ar,headline_12m_pct,cn_ppi_tech_gbp_12m_pct,full,10,0.28312283368303853,0.25244566882274705,0.18181818181818182,1.0,36,12
prewhitened_ar,headline_12m_pct,cn_ppi_tech_gbp_12m_pct,full,11,-0.030722447477187723,0.0068117285123514126,1.0,1.0,35,12
prewhitened_ar,headline_12m_pct,cn_ppi_tech_gbp_12m_pct,full,12,0.3960358913039147,0.3960358913039147,0.09090909090909091,0.45454545454545453,34,12
prewhitened_ar,headline_12m_pct,cn_ppi_tech_gbp_12m_pct,post_2022,0,-0.08031643640934598,-0.24845121326181271,0.5,1.0,36,12
prewhitened_ar,headline_12m_pct,cn_ppi_tech_gbp_12m_pct,post_2022,1,0.08592928562199599,-0.006940136347461108,1.0,1.0,35,12
prewhitened_ar,headline_12m_pct,cn_ppi_tech_gbp_12m_pct,post_2022,2,-0.20639553833117638,-0.19909596958814402,1.0,1.0,34,12
prewhitened_ar,headline_12m_pct,cn_ppi_tech_gbp_12m_pct,post_2022,3,0.04374145427157189,0.03755140595502478,0.5,1.0,33,12
prewhitened_ar,headline_12m_pct,cn_ppi_tech_gbp_12m_pct,post_2022,4,-0.1191967514990135,-0.14115984933629563,0.5,1.0,32,12
prewhitened_ar,headline_12m_pct,cn_ppi_tech_gbp_12m_pct,post_2022,5,0.08291270405112834,0.13835586468768976,1.0,1.0,31,12
prewhitened_ar,headline_12m_pct,cn_ppi_tech_gbp_12m_pct,post_2022,6,-0.24277826326934654,-0.3538924373151742,0.5,0.5,30,12
prewhitened_ar,headline_12m_pct,cn_ppi_tech_gbp_12m_pct,post_2022,7,0.18267927845658538,0.22092716244453742,0.5,1.0,29,12
prewhitened_ar,headline_12m_pct,cn_ppi_tech_gbp_12m_pct,post_2022,8,0.009930179891021691,-0.01446181164485965,1.0,1.0,28,12
prewhitened_ar,headline_12m_pct,cn_ppi_tech_gbp_12m_pct,post_2022,9,0.2745921920465093,0.3126112183557099,0.5,1.0,27,12
prewhitened_ar,headline_12m_pct,cn_ppi_tech_gbp_12m_pct,post_2022,10,0.3213933789661735,0.2730326944107467,1.0,1.0,26,12
prewhitened_ar,headline_12m_pct,cn_ppi_tech_gbp_12m_pct,post_2022,11,-0.2303427054390547,-0.19186903695737445,1.0,1.0,25,12
prewhitened_ar,headline_12m_pct,cn_ppi_tech_gbp_12m_pct,post_2022,12,0.45363244110533324,0.45363244110533324,0.5,0.5,24,12
prewhitened_ar,headline_12m_pct,tw_epi_integrated_circuits_gbp_12m_pct,full,0,0.027653324457549675,0.00039758246413414746,1.0,1.0,114,12
prewhitened_ar,headline_12m_pct,tw_epi_integrated_circuits_gbp_12m_pct,full,1,0.09395497597387639,0.056743579028509496,0.6075949367088608,1.0,113,12
prewhitened_ar,headline_12m_pct,tw_epi_integrated_circuits_gbp_12m_pct,full,2,-0.05730690753816732,-0.05933421720285679,0.569620253164557,1.0,112,12
prewhitened_ar,headline_12m_pct,tw_epi_integrated_circuits_gbp_12m_pct,full,3,0.10309371847846184,0.1019374136410086,0.26582278481012656,1.0,111,12
prewhitened_ar,headline_12m_pct,tw_epi_integrated_circuits_gbp_12m_pct,full,4,0.01421359808923996,-0.0011785305860825,0.9873417721518988,1.0,110,12
prewhitened_ar,headline_12m_pct,tw_epi_integrated_circuits_gbp_12m_pct,full,5,0.16343255981829788,0.1596807587421033,0.13924050632911392,0.7848101265822784,109,12
prewhitened_ar,headline_12m_pct,tw_epi_integrated_circuits_gbp_12m_pct,full,6,-0.2194251408038254,-0.2250782020260198,0.0379746835443038,0.31645569620253167,108,12
prewhitened_ar,headline_12m_pct,tw_epi_integrated_circuits_gbp_12m_pct,full,7,-0.022337932281823954,-0.02239612336015736,0.8227848101265823,1.0,107,12
prewhitened_ar,headline_12m_pct,tw_epi_integrated_circuits_gbp_12m_pct,full,8,0.05450282459340621,0.05922248732229943,0.5316455696202531,1.0,106,12
prewhitened_ar,headline_12m_pct,tw_epi_integrated_circuits_gbp_12m_pct,full,9,0.11599966663131638,0.11565033277638086,0.24050632911392406,1.0,105,12
prewhitened_ar,headline_12m_pct,tw_epi_integrated_circuits_gbp_12m_pct,full,10,0.032686004276522934,0.03637243419576919,0.6835443037974683,1.0,104,12
prewhitened_ar,headline_12m_pct,tw_epi_integrated_circuits_gbp_12m_pct,full,11,0.20360201653975132,0.20489068329192794,0.05063291139240506,0.4050632911392405,103,12
prewhitened_ar,headline_12m_pct,tw_epi_integrated_circuits_gbp_12m_pct,full,12,0.13200061217989553,0.13200061217989553,0.1518987341772152,0.8734177215189873,102,12
prewhitened_ar,headline_12m_pct,tw_epi_integrated_circuits_gbp_12m_pct,pre_2020,0,0.011976030659991357,-0.009483262320859024,1.0,1.0,36,12
prewhitened_ar,headline_12m_pct,tw_epi_integrated_circuits_gbp_12m_pct,pre_2020,1,0.04205881890973117,-0.12523151191069562,1.0,1.0,35,12
prewhitened_ar,headline_12m_pct,tw_epi_integrated_circuits_gbp_12m_pct,pre_2020,2,-0.12243474540976312,-0.06856568200229295,1.0,1.0,34,12
prewhitened_ar,headline_12m_pct,tw_epi_integrated_circuits_gbp_12m_pct,pre_2020,3,0.16519749861854985,0.0673599511554556,0.5,1.0,33,12
prewhitened_ar,headline_12m_pct,tw_epi_integrated_circuits_gbp_12m_pct,pre_2020,4,-0.19807652236440687,-0.12507481349884197,1.0,1.0,32,12
prewhitened_ar,headline_12m_pct,tw_epi_integrated_circuits_gbp_12m_pct,pre_2020,5,0.3162950949384019,0.3832534255629145,0.5,0.5,31,12
prewhitened_ar,headline_12m_pct,tw_epi_integrated_circuits_gbp_12m_pct,pre_2020,6,-0.0445012190399415,-0.0746010807069633,0.5,1.0,30,12
prewhitened_ar,headline_12m_pct,tw_epi_integrated_circuits_gbp_12m_pct,pre_2020,7,0.1084873943096548,0.03022425231451574,1.0,1.0,29,12
prewhitened_ar,headline_12m_pct,tw_epi_integrated_circuits_gbp_12m_pct,pre_2020,8,0.05749041955936287,0.04380789961420159,1.0,1.0,28,12
prewhitened_ar,headline_12m_pct,tw_epi_integrated_circuits_gbp_12m_pct,pre_2020,9,-0.06775717777268331,-0.12775072524356762,0.5,1.0,27,12
prewhitened_ar,headline_12m_pct,tw_epi_integrated_circuits_gbp_12m_pct,pre_2020,10,-0.06108756770403078,-0.10031477522366992,1.0,1.0,26,12
prewhitened_ar,headline_12m_pct,tw_epi_integrated_circuits_gbp_12m_pct,pre_2020,11,0.13701192538920529,0.10935983950077076,1.0,1.0,25,12
prewhitened_ar,headline_12m_pct,tw_epi_integrated_circuits_gbp_12m_pct,pre_2020,12,0.06758082655663225,0.06758082655663225,1.0,1.0,24,12
prewhitened_ar,headline_12m_pct,tw_epi_integrated_circuits_gbp_12m_pct,pandemic_2020_2022,0,-0.020408729559630506,-0.26740714274684296,1.0,1.0,36,12
prewhitened_ar,headline_12m_pct,tw_epi_integrated_circuits_gbp_12m_pct,pandemic_2020_2022,1,-0.03133553284214061,-0.1346272106369107,0.5,1.0,35,12
prewhitened_ar,headline_12m_pct,tw_epi_integrated_circuits_gbp_12m_pct,pandemic_2020_2022,2,-0.14635363325353817,-0.03049005734548745,1.0,1.0,34,12
prewhitened_ar,headline_12m_pct,tw_epi_integrated_circuits_gbp_12m_pct,pandemic_2020_2022,3,-0.11965286602513885,0.09038092521422589,0.5,1.0,33,12
prewhitened_ar,headline_12m_pct,tw_epi_integrated_circuits_gbp_12m_pct,pandemic_2020_2022,4,0.22263677606416254,0.26493673455258715,1.0,1.0,32,12
prewhitened_ar,headline_12m_pct,tw_epi_integrated_circuits_gbp_12m_pct,pandemic_2020_2022,5,0.24001426417235971,0.30059155640098756,0.5,1.0,31,12
prewhitened_ar,headline_12m_pct,tw_epi_integrated_circuits_gbp_12m_pct,pandemic_2020_2022,6,-0.3887364786697008,-0.32966581667064765,0.5,1.0,30,12
prewhitened_ar,headline_12m_pct,tw_epi_integrated_circuits_gbp_12m_pct,pandemic_2020_2022,7,-0.44801132923283926,-0.41516310581430615,0.5,1.0,29,12
prewhitened_ar,headline_12m_pct,tw_epi_integrated_circuits_gbp_12m_pct,pandemic_2020_2022,8,-0.06964862283000756,-0.033013545633518444,1.0,1.0,28,12
prewhitened_ar,headline_12m_pct,tw_epi_integrated_circuits_gbp_12m_pct,pandemic_2020_2022,9,-0.16125745579000275,-0.14530542748879818,0.5,1.0,27,12
prewhitened_ar,headline_12m_pct,tw_epi_integrated_circuits_gbp_12m_pct,pandemic_2020_2022,10,0.12878057994715184,0.1357416231181892,1.0,1.0,26,12
prewhitened_ar,headline_12m_pct,tw_epi_integrated_circuits_gbp_12m_pct,pandemic_2020_2022,11,0.2566640338808811,0.24918812932024137,0.5,1.0,25,12
prewhitened_ar,headline_12m_pct,tw_epi_integrated_circuits_gbp_12m_pct,pandemic_2020_2022,12,0.056589617062086345,0.056589617062086345,1.0,1.0,24,12
prewhitened_ar,headline_12m_pct,tw_epi_integrated_circuits_gbp_12m_pct,post_2022,0,0.026668364195076424,-0.09014094765766913,0.7142857142857143,1.0,42,12
prewhitened_ar,headline_12m_pct,tw_epi_integrated_circuits_gbp_12m_pct,post_2022,1,0.25192436256278167,0.1658324627661013,0.7142857142857143,1.0,41,12
prewhitened_ar,headline_12m_pct,tw_epi_integrated_circuits_gbp_12m_pct,post_2022,2,0.024054067069115396,0.04355797256470488,1.0,1.0,40,12
prewhitened_ar,headline_12m_pct,tw_epi_integrated_circuits_gbp_12m_pct,post_2022,3,0.2470075503491209,0.2919448121129501,0.14285714285714285,1.0,39,12
prewhitened_ar,headline_12m_pct,tw_epi_integrated_circuits_gbp_12m_pct,post_2022,4,-0.06509287034021526,-0.14479430348842603,0.2857142857142857,1.0,38,12
prewhitened_ar,headline_12m_pct,tw_epi_integrated_circuits_gbp_12m_pct,post_2022,5,0.010929158834971819,-0.028236367957108446,1.0,1.0,37,12
prewhitened_ar,headline_12m_pct,tw_epi_integrated_circuits_gbp_12m_pct,post_2022,6,-0.24965475088159683,-0.26912850571422375,0.42857142857142855,1.0,36,12
prewhitened_ar,headline_12m_pct,tw_epi_integrated_circuits_gbp_12m_pct,post_2022,7,0.17591910565501692,0.184456149652513,0.42857142857142855,1.0,35,12
prewhitened_ar,headline_12m_pct,tw_epi_integrated_circuits_gbp_12m_pct,post_2022,8,-0.04059766829105933,-0.02577725617248685,0.8571428571428571,1.0,34,12
prewhitened_ar,headline_12m_pct,tw_epi_integrated_circuits_gbp_12m_pct,post_2022,9,0.3143622989755497,0.3274786484152318,0.2857142857142857,0.5714285714285714,33,12
prewhitened_ar,headline_12m_pct,tw_epi_integrated_circuits_gbp_12m_pct,post_2022,10,0.1255272331535306,0.15072618668560794,0.2857142857142857,1.0,32,12
prewhitened_ar,headline_12m_pct,tw_epi_integrated_circuits_gbp_12m_pct,post_2022,11,0.1374495101407719,0.14009274466607152,0.42857142857142855,1.0,31,12
prewhitened_ar,headline_12m_pct,tw_epi_integrated_circuits_gbp_12m_pct,post_2022,12,-0.060388845074072106,-0.060388845074072106,0.5714285714285714,1.0,30,12
prewhitened_ar,headline_12m_pct,hk_ppi_tech_gbp_12m_pct,full,0,0.02749847478695731,0.037448040512878686,0.6708860759493671,1.0,114,12
prewhitened_ar,headline_12m_pct,hk_ppi_tech_gbp_12m_pct,full,1,-0.1597334721363374,-0.09036677741046606,0.3924050632911392,1.0,113,12
prewhitened_ar,headline_12m_pct,hk_ppi_tech_gbp_12m_pct,full,2,-0.13780547291281303,-0.18340817258717534,0.06329113924050633,0.5316455696202531,112,12
prewhitened_ar,headline_12m_pct,hk_ppi_tech_gbp_12m_pct,full,3,-0.07696745550232713,-0.12636945995925208,0.21518987341772153,1.0,111,12
prewhitened_ar,headline_12m_pct,hk_ppi_tech_gbp_12m_pct,full,4,0.1622317482193572,0.07745045744872427,0.5063291139240507,1.0,110,12
prewhitened_ar,headline_12m_pct,hk_ppi_tech_gbp_12m_pct,full,5,0.05603395603459126,0.09968368309412733,0.3924050632911392,1.0,109,12
prewhitened_ar,headline_12m_pct,hk_ppi_tech_gbp_12m_pct,full,6,0.08847504879724799,0.07196258566531465,0.4936708860759494,1.0,108,12
prewhitened_ar,headline_12m_pct,hk_ppi_tech_gbp_12m_pct,full,7,0.02939144054571426,0.05484249174396376,0.5949367088607594,1.0,107,12
prewhitened_ar,headline_12m_pct,hk_ppi_tech_gbp_12m_pct,full,8,-0.026708465794012332,-0.044319541969036834,0.6455696202531646,1.0,106,12
prewhitened_ar,headline_12m_pct,hk_ppi_tech_gbp_12m_pct,full,9,-0.019197234255468973,0.002700155061931934,0.9746835443037974,1.0,105,12
prewhitened_ar,headline_12m_pct,hk_ppi_tech_gbp_12m_pct,full,10,-0.13157616898640614,-0.13223568105042735,0.189873417721519,1.0,104,12
prewhitened_ar,headline_12m_pct,hk_ppi_tech_gbp_12m_pct,full,11,-0.037001844081382275,-0.036980818134262176,0.7088607594936709,1.0,103,12
prewhitened_ar,headline_12m_pct,hk_ppi_tech_gbp_12m_pct,full,12,-0.024839084851390452,-0.024839084851390452,0.810126582278481,1.0,102,12
prewhitened_ar,headline_12m_pct,hk_ppi_tech_gbp_12m_pct,pre_2020,0,0.05214480205252558,0.138656267669957,0.5,1.0,36,12
prewhitened_ar,headline_12m_pct,hk_ppi_tech_gbp_12m_pct,pre_2020,1,-0.05867952770926043,-0.09860157549869424,1.0,1.0,35,12
prewhitened_ar,headline_12m_pct,hk_ppi_tech_gbp_12m_pct,pre_2020,2,-0.07819416794301665,-0.1600552231457829,0.5,1.0,34,12
prewhitened_ar,headline_12m_pct,hk_ppi_tech_gbp_12m_pct,pre_2020,3,0.1301247984837378,0.15819018037048518,0.5,1.0,33,12
prewhitened_ar,headline_12m_pct,hk_ppi_tech_gbp_12m_pct,pre_2020,4,-0.007689341596447126,-0.10329389996165203,1.0,1.0,32,12
prewhitened_ar,headline_12m_pct,hk_ppi_tech_gbp_12m_pct,pre_2020,5,0.10053349206484559,0.15607834716499777,1.0,1.0,31,12
prewhitened_ar,headline_12m_pct,hk_ppi_tech_gbp_12m_pct,pre_2020,6,0.06507723786682441,0.10034674182011193,1.0,1.0,30,12
prewhitened_ar,headline_12m_pct,hk_ppi_tech_gbp_12m_pct,pre_2020,7,-0.24326673771570315,-0.3014982385718222,0.5,1.0,29,12
prewhitened_ar,headline_12m_pct,hk_ppi_tech_gbp_12m_pct,pre_2020,8,-0.04656468232077022,-0.045268962718055986,1.0,1.0,28,12
prewhitened_ar,headline_12m_pct,hk_ppi_tech_gbp_12m_pct,pre_2020,9,0.16766797231833777,0.20132745851984385,0.5,1.0,27,12
prewhitened_ar,headline_12m_pct,hk_ppi_tech_gbp_12m_pct,pre_2020,10,0.11009465731615282,0.10003500865439242,0.5,1.0,26,12
prewhitened_ar,headline_12m_pct,hk_ppi_tech_gbp_12m_pct,pre_2020,11,-0.23050238788680164,-0.24307949815402022,1.0,1.0,25,12
prewhitened_ar,headline_12m_pct,hk_ppi_tech_gbp_12m_pct,pre_2020,12,-0.1825534299482109,-0.1825534299482109,1.0,1.0,24,12
prewhitened_ar,headline_12m_pct,hk_ppi_tech_gbp_12m_pct,pandemic_2020_2022,0,0.14148227936943766,0.27743815497320823,1.0,1.0,36,12
prewhitened_ar,headline_12m_pct,hk_ppi_tech_gbp_12m_pct,pandemic_2020_2022,1,0.19959921559552468,0.1368638779957835,0.5,1.0,35,12
prewhitened_ar,headline_12m_pct,hk_ppi_tech_gbp_12m_pct,pandemic_2020_2022,2,-0.30025830080818683,-0.22601781962181533,1.0,1.0,34,12
prewhitened_ar,headline_12m_pct,hk_ppi_tech_gbp_12m_pct,pandemic_2020_2022,3,-0.3568634531255634,-0.4227562497446087,0.5,1.0,33,12
prewhitened_ar,headline_12m_pct,hk_ppi_tech_gbp_12m_pct,pandemic_2020_2022,4,-0.10230210234643188,-0.05619487068385958,1.0,1.0,32,12
prewhitened_ar,headline_12m_pct,hk_ppi_tech_gbp_12m_pct,pandemic_2020_2022,5,-0.001678138824769736,0.14760103176207626,1.0,1.0,31,12
prewhitened_ar,headline_12m_pct,hk_ppi_tech_gbp_12m_pct,pandemic_2020_2022,6,0.14878147399982575,0.22515532696689156,0.5,1.0,30,12
prewhitened_ar,headline_12m_pct,hk_ppi_tech_gbp_12m_pct,pandemic_2020_2022,7,0.43380558743354647,0.5302198354496059,0.5,1.0,29,12
prewhitened_ar,headline_12m_pct,hk_ppi_tech_gbp_12m_pct,pandemic_2020_2022,8,-0.09074524470606529,0.020444856660677902,1.0,1.0,28,12
prewhitened_ar,headline_12m_pct,hk_ppi_tech_gbp_12m_pct,pandemic_2020_2022,9,-0.20955862274065692,-0.15653942550123623,0.5,1.0,27,12
prewhitened_ar,headline_12m_pct,hk_ppi_tech_gbp_12m_pct,pandemic_2020_2022,10,-0.39628657260959543,-0.43551941710347997,1.0,1.0,26,12
prewhitened_ar,headline_12m_pct,hk_ppi_tech_gbp_12m_pct,pandemic_2020_2022,11,-0.17003595393132093,-0.17777347272031083,0.5,1.0,25,12
prewhitened_ar,headline_12m_pct,hk_ppi_tech_gbp_12m_pct,pandemic_2020_2022,12,0.007455998768568728,0.007455998768568728,1.0,1.0,24,12
prewhitened_ar,headline_12m_pct,hk_ppi_tech_gbp_12m_pct,post_2022,0,-0.051559783258938584,-0.09249453359027306,1.0,1.0,42,12
prewhitened_ar,headline_12m_pct,hk_ppi_tech_gbp_12m_pct,post_2022,1,-0.5325030327680121,-0.5121958884790397,0.14285714285714285,0.14285714285714285,41,12
prewhitened_ar,headline_12m_pct,hk_ppi_tech_gbp_12m_pct,post_2022,2,-0.07777622687407637,-0.1910484801487401,0.42857142857142855,1.0,40,12
prewhitened_ar,headline_12m_pct,hk_ppi_tech_gbp_12m_pct,post_2022,3,0.025765753511338967,-0.07789704854300046,1.0,1.0,39,12
prewhitened_ar,headline_12m_pct,hk_ppi_tech_gbp_12m_pct,post_2022,4,0.4113628801835096,0.24766017786731737,0.14285714285714285,1.0,38,12
prewhitened_ar,headline_12m_pct,hk_ppi_tech_gbp_12m_pct,post_2022,5,0.01331798229780859,0.13795665870136956,0.5714285714285714,1.0,37,12
prewhitened_ar,headline_12m_pct,hk_ppi_tech_gbp_12m_pct,post_2022,6,-0.03344128736713697,-0.20116325542944713,0.42857142857142855,1.0,36,12
prewhitened_ar,headline_12m_pct,hk_ppi_tech_gbp_12m_pct,post_2022,7,-0.17059581972839125,-0.09255409908360872,0.8571428571428571,1.0,35,12
prewhitened_ar,headline_12m_pct,hk_ppi_tech_gbp_12m_pct,post_2022,8,-0.030131092985977683,-0.07178646789562415,1.0,1.0,34,12
prewhitened_ar,headline_12m_pct,hk_ppi_tech_gbp_12m_pct,post_2022,9,0.006537942469012341,0.11504987442168292,0.7142857142857143,1.0,33,12
prewhitened_ar,headline_12m_pct,hk_ppi_tech_gbp_12m_pct,post_2022,10,-0.26282207352554304,-0.27385636188130685,0.2857142857142857,1.0,32,12
prewhitened_ar,headline_12m_pct,hk_ppi_tech_gbp_12m_pct,post_2022,11,0.2004199001698996,0.20347797793310074,0.42857142857142855,1.0,31,12
prewhitened_ar,headline_12m_pct,hk_ppi_tech_gbp_12m_pct,post_2022,12,-0.002245132148196518,-0.002245132148196518,1.0,1.0,30,12
prewhitened_ar,headline_12m_pct,oecd_asia_c26_targeted_gbp_12m_pct,full,0,0.013038632369803151,-0.013866106707761514,1.0,1.0,35,12
prewhitened_ar,headline_12m_pct,oecd_asia_c26_targeted_gbp_12m_pct,full,1,0.032302653062468094,-0.06376437132981169,0.5,1.0,34,12
prewhitened_ar,headline_12m_pct,oecd_asia_c26_targeted_gbp_12m_pct,full,2,-0.16110732296113242,-0.24458405360590632,0.5,1.0,33,12
prewhitened_ar,headline_12m_pct,oecd_asia_c26_targeted_gbp_12m_pct,full,3,0.054358576805034815,-0.10418401772066212,1.0,1.0,32,12
prewhitened_ar,headline_12m_pct,oecd_asia_c26_targeted_gbp_12m_pct,full,4,-0.06001978523355147,-0.19646516873549974,1.0,1.0,31,12
prewhitened_ar,headline_12m_pct,oecd_asia_c26_targeted_gbp_12m_pct,full,5,0.1586802804089764,0.017754366251589854,1.0,1.0,30,12
prewhitened_ar,headline_12m_pct,oecd_asia_c26_targeted_gbp_12m_pct,full,6,-0.48123468891918275,-0.5963435264767304,0.5,0.5,29,12
prewhitened_ar,headline_12m_pct,oecd_asia_c26_targeted_gbp_12m_pct,full,7,-0.13505505645244376,-0.11915493795875179,0.5,1.0,28,12
prewhitened_ar,headline_12m_pct,oecd_asia_c26_targeted_gbp_12m_pct,full,8,0.3022007468438258,0.37946005775186936,0.5,0.5,27,12
prewhitened_ar,headline_12m_pct,oecd_asia_c26_targeted_gbp_12m_pct,full,9,0.1716653318957913,0.19403704663119692,0.5,1.0,26,12
prewhitened_ar,headline_12m_pct,oecd_asia_c26_targeted_gbp_12m_pct,full,10,-0.12349220214609494,-0.10017670622795678,1.0,1.0,25,12
prewhitened_ar,headline_12m_pct,oecd_asia_c26_targeted_gbp_12m_pct,full,11,0.08861343755097133,0.100856935906363,1.0,1.0,24,12
prewhitened_ar,headline_12m_pct,oecd_asia_c26_targeted_gbp_12m_pct,full,12,0.06479240298540082,0.06479240298540082,1.0,1.0,23,12
prewhitened_ar,headline_12m_pct,oecd_asia_c26_targeted_gbp_12m_pct,post_2022,0,0.022947559718634204,-0.06286282976993389,1.0,1.0,25,12
prewhitened_ar,headline_12m_pct,oecd_asia_c26_targeted_gbp_12m_pct,post_2022,1,-0.05322545890313193,-0.3053852959648789,0.5,1.0,24,12
prewhitened_ar,headline_12m_pct,oecd_asia_c26_targeted_gbp_12m_pct,post_2022,2,-0.07391058787249093,-0.19294078135843412,1.0,1.0,23,12
prewhitened_ar,headline_12m_pct,oecd_asia_c26_targeted_gbp_12m_pct,post_2022,3,0.31750472038928096,0.18002174092586107,1.0,1.0,22,12
prewhitened_ar,headline_12m_pct,oecd_asia_c26_targeted_gbp_12m_pct,post_2022,4,0.03633517464146065,-0.1452512490523688,0.5,1.0,21,12
prewhitened_ar,headline_12m_pct,oecd_asia_c26_targeted_gbp_12m_pct,post_2022,5,0.4831006535126038,0.4542003385497539,0.5,1.0,20,12
prewhitened_ar,headline_12m_pct,oecd_asia_c26_targeted_gbp_12m_pct,post_2022,6,-0.4456613351268364,-0.6221123696283682,0.5,1.0,19,12
prewhitened_ar,headline_12m_pct,oecd_asia_c26_targeted_gbp_12m_pct,post_2022,7,-0.21664616994098987,-0.1376390698863593,1.0,1.0,18,12
prewhitened_ar,headline_12m_pct,oecd_asia_c26_targeted_gbp_12m_pct,post_2022,8,0.19136497213714113,0.41617709247590823,0.5,1.0,17,12
prewhitened_ar,headline_12m_pct,oecd_asia_c26_targeted_gbp_12m_pct,post_2022,9,-0.14334691474744,-0.08230927436305262,1.0,1.0,16,12
prewhitened_ar,headline_12m_pct,oecd_asia_c26_targeted_gbp_12m_pct,post_2022,10,-0.17262518512765032,-0.0666479958900623,1.0,1.0,15,12
prewhitened_ar,headline_12m_pct,oecd_asia_c26_targeted_gbp_12m_pct,post_2022,11,0.11434315248863175,0.16512090466889257,0.5,1.0,14,12
prewhitened_ar,headline_12m_pct,oecd_asia_c26_targeted_gbp_12m_pct,post_2022,12,0.05493367580736415,0.05493367580736415,1.0,1.0,13,12
prewhitened_ar,headline_12m_pct,oecd_asia_c26_bls_gbp_12m_pct,full,0,0.0648794004490816,0.036497823080468755,0.7714285714285715,1.0,105,12
prewhitened_ar,headline_12m_pct,oecd_asia_c26_bls_gbp_12m_pct,full,1,0.0636262149265683,0.018639806851837054,0.9,1.0,104,12
prewhitened_ar,headline_12m_pct,oecd_asia_c26_bls_gbp_12m_pct,full,2,-0.0657808185044229,-0.1042055599621101,0.37142857142857144,1.0,103,12
prewhitened_ar,headline_12m_pct,oecd_asia_c26_bls_gbp_12m_pct,full,3,0.07789171327124207,0.07049860900726941,0.6,1.0,102,12
prewhitened_ar,headline_12m_pct,oecd_asia_c26_bls_gbp_12m_pct,full,4,-0.05163875333966444,-0.035328610455878186,0.7714285714285715,1.0,101,12
prewhitened_ar,headline_12m_pct,oecd_asia_c26_bls_gbp_12m_pct,full,5,0.02410152937047776,0.023437955185304032,0.8571428571428571,1.0,100,12
prewhitened_ar,headline_12m_pct,oecd_asia_c26_bls_gbp_12m_pct,full,6,-0.2529782655060139,-0.26391220299143886,0.02857142857142857,0.2571428571428571,99,12
prewhitened_ar,headline_12m_pct,oecd_asia_c26_bls_gbp_12m_pct,full,7,0.0495196610550072,0.0525236871293669,0.6571428571428571,1.0,98,12
prewhitened_ar,headline_12m_pct,oecd_asia_c26_bls_gbp_12m_pct,full,8,0.12950573606084184,0.13025445290982463,0.22857142857142856,0.9,97,12
prewhitened_ar,headline_12m_pct,oecd_asia_c26_bls_gbp_12m_pct,full,9,0.16185394045393917,0.17853783279922664,0.12857142857142856,0.7428571428571429,96,12
prewhitened_ar,headline_12m_pct,oecd_asia_c26_bls_gbp_12m_pct,full,10,0.00716061646847457,0.009884959463946576,0.9428571428571428,1.0,95,12
prewhitened_ar,headline_12m_pct,oecd_asia_c26_bls_gbp_12m_pct,full,11,0.20880599640185002,0.20798951966553697,0.07142857142857142,0.7,94,12
prewhitened_ar,headline_12m_pct,oecd_asia_c26_bls_gbp_12m_pct,full,12,0.07774965708958782,0.07774965708958782,0.45714285714285713,1.0,93,12
prewhitened_ar,headline_12m_pct,oecd_asia_c26_bls_gbp_12m_pct,pre_2020,0,0.07721475685174199,0.09166922446696761,0.5,1.0,36,12
prewhitened_ar,headline_12m_pct,oecd_asia_c26_bls_gbp_12m_pct,pre_2020,1,-0.03717462114348546,-0.19294399773447965,1.0,1.0,35,12
prewhitened_ar,headline_12m_pct,oecd_asia_c26_bls_gbp_12m_pct,pre_2020,2,-0.26583418162301437,-0.21781587450233308,0.5,1.0,34,12
prewhitened_ar,headline_12m_pct,oecd_asia_c26_bls_gbp_12m_pct,pre_2020,3,0.33118167666477216,0.28725276209157025,0.5,0.5,33,12
prewhitened_ar,headline_12m_pct,oecd_asia_c26_bls_gbp_12m_pct,pre_2020,4,-0.19310376330859658,-0.1420662972257582,1.0,1.0,32,12
prewhitened_ar,headline_12m_pct,oecd_asia_c26_bls_gbp_12m_pct,pre_2020,5,0.26080541028995796,0.3257425570139025,0.5,0.5,31,12
prewhitened_ar,headline_12m_pct,oecd_asia_c26_bls_gbp_12m_pct,pre_2020,6,-0.06173600536590075,-0.11945171581621704,1.0,1.0,30,12
prewhitened_ar,headline_12m_pct,oecd_asia_c26_bls_gbp_12m_pct,pre_2020,7,0.16820180098386506,0.12790865954056427,0.5,1.0,29,12
prewhitened_ar,headline_12m_pct,oecd_asia_c26_bls_gbp_12m_pct,pre_2020,8,0.021818752641061034,0.021998148824698416,1.0,1.0,28,12
prewhitened_ar,headline_12m_pct,oecd_asia_c26_bls_gbp_12m_pct,pre_2020,9,-0.08103401495021094,-0.13102733342334677,0.5,1.0,27,12
prewhitened_ar,headline_12m_pct,oecd_asia_c26_bls_gbp_12m_pct,pre_2020,10,-0.09398048555835085,-0.11658862456787673,1.0,1.0,26,12
prewhitened_ar,headline_12m_pct,oecd_asia_c26_bls_gbp_12m_pct,pre_2020,11,0.11398153911936457,0.1035079442451789,1.0,1.0,25,12
prewhitened_ar,headline_12m_pct,oecd_asia_c26_bls_gbp_12m_pct,pre_2020,12,-0.006274595188989483,-0.006274595188989483,1.0,1.0,24,12
prewhitened_ar,headline_12m_pct,oecd_asia_c26_bls_gbp_12m_pct,pandemic_2020_2022,0,0.039204916689418605,-0.10057871187987295,1.0,1.0,36,12
prewhitened_ar,headline_12m_pct,oecd_asia_c26_bls_gbp_12m_pct,pandemic_2020_2022,1,0.10247468471384058,0.10429934686870804,1.0,1.0,35,12
prewhitened_ar,headline_12m_pct,oecd_asia_c26_bls_gbp_12m_pct,pandemic_2020_2022,2,-0.11184716753141612,0.1192113025144921,0.5,1.0,34,12
prewhitened_ar,headline_12m_pct,oecd_asia_c26_bls_gbp_12m_pct,pandemic_2020_2022,3,-0.1199916826888115,0.11959251730272649,1.0,1.0,33,12
prewhitened_ar,headline_12m_pct,oecd_asia_c26_bls_gbp_12m_pct,pandemic_2020_2022,4,0.043987570140322105,0.09678636794709496,1.0,1.0,32,12
prewhitened_ar,headline_12m_pct,oecd_asia_c26_bls_gbp_12m_pct,pandemic_2020_2022,5,-0.09352576627008308,-0.03307251604659882,1.0,1.0,31,12
prewhitened_ar,headline_12m_pct,oecd_asia_c26_bls_gbp_12m_pct,pandemic_2020_2022,6,-0.4431705400061975,-0.4105179302480184,0.5,0.5,30,12
prewhitened_ar,headline_12m_pct,oecd_asia_c26_bls_gbp_12m_pct,pandemic_2020_2022,7,-0.3461523379515157,-0.3243150691396294,0.5,1.0,29,12
prewhitened_ar,headline_12m_pct,oecd_asia_c26_bls_gbp_12m_pct,pandemic_2020_2022,8,0.195371905251066,0.27101199253219427,1.0,1.0,28,12
prewhitened_ar,headline_12m_pct,oecd_asia_c26_bls_gbp_12m_pct,pandemic_2020_2022,9,0.01777310350353778,0.06889497797134622,1.0,1.0,27,12
prewhitened_ar,headline_12m_pct,oecd_asia_c26_bls_gbp_12m_pct,pandemic_2020_2022,10,0.2731066098790786,0.2766462928185614,1.0,1.0,26,12
prewhitened_ar,headline_12m_pct,oecd_asia_c26_bls_gbp_12m_pct,pandemic_2020_2022,11,0.2792202086683172,0.26350879560207247,0.5,1.0,25,12
prewhitened_ar,headline_12m_pct,oecd_asia_c26_bls_gbp_12m_pct,pandemic_2020_2022,12,-0.0897754024107849,-0.0897754024107849,1.0,1.0,24,12
prewhitened_ar,headline_12m_pct,oecd_asia_c26_bls_gbp_12m_pct,post_2022,0,0.031128061063784476,-0.09869427498442059,0.5,1.0,33,12
prewhitened_ar,headline_12m_pct,oecd_asia_c26_bls_gbp_12m_pct,post_2022,1,0.09187669654350207,-0.0903566773639683,1.0,1.0,32,12
prewhitened_ar,headline_12m_pct,oecd_asia_c26_bls_gbp_12m_pct,post_2022,2,0.11378542212783767,0.022860479750497032,1.0,1.0,31,12
prewhitened_ar,headline_12m_pct,oecd_asia_c26_bls_gbp_12m_pct,post_2022,3,0.08161144213771053,0.06907149446535618,1.0,1.0,30,12
prewhitened_ar,headline_12m_pct,oecd_asia_c26_bls_gbp_12m_pct,post_2022,4,-0.13827865075844703,-0.05349323507313238,1.0,1.0,29,12
prewhitened_ar,headline_12m_pct,oecd_asia_c26_bls_gbp_12m_pct,post_2022,5,-0.07472533871610051,-0.07315073289032022,1.0,1.0,28,12
prewhitened_ar,headline_12m_pct,oecd_asia_c26_bls_gbp_12m_pct,post_2022,6,-0.24986599233681103,-0.28979948965432706,1.0,1.0,27,12
prewhitened_ar,headline_12m_pct,oecd_asia_c26_bls_gbp_12m_pct,post_2022,7,0.24454286713411347,0.28909526986629536,0.5,1.0,26,12
prewhitened_ar,headline_12m_pct,oecd_asia_c26_bls_gbp_12m_pct,post_2022,8,0.02745100927825625,-0.01897119236475038,1.0,1.0,25,12
prewhitened_ar,headline_12m_pct,oecd_asia_c26_bls_gbp_12m_pct,post_2022,9,0.33871449469067233,0.41283428198866967,0.5,0.5,24,12
prewhitened_ar,headline_12m_pct,oecd_asia_c26_bls_gbp_12m_pct,post_2022,10,-0.09678911185044903,-0.11545653103088473,0.5,1.0,23,12
prewhitened_ar,headline_12m_pct,oecd_asia_c26_bls_gbp_12m_pct,post_2022,11,0.14862643230388156,0.1497516648266431,0.5,1.0,22,12
prewhitened_ar,headline_12m_pct,oecd_asia_c26_bls_gbp_12m_pct,post_2022,12,0.07463774966149277,0.07463774966149277,1.0,1.0,21,12
prewhitened_ar,headline_12m_pct,fred_china_computer_electronics_gbp_12m_pct,full,0,0.0637766335477765,0.03473299766096155,0.7857142857142857,1.0,105,12
prewhitened_ar,headline_12m_pct,fred_china_computer_electronics_gbp_12m_pct,full,1,0.06873556816691573,0.02168245756492801,0.8857142857142857,1.0,104,12
prewhitened_ar,headline_12m_pct,fred_china_computer_electronics_gbp_12m_pct,full,2,-0.0643829533541311,-0.10311802699725817,0.4,1.0,103,12
prewhitened_ar,headline_12m_pct,fred_china_computer_electronics_gbp_12m_pct,full,3,0.07668335334455523,0.06871649167548582,0.6142857142857143,1.0,102,12
prewhitened_ar,headline_12m_pct,fred_china_computer_electronics_gbp_12m_pct,full,4,-0.05706077474063959,-0.04341589346184003,0.7142857142857143,1.0,101,12
prewhitened_ar,headline_12m_pct,fred_china_computer_electronics_gbp_12m_pct,full,5,0.025924981419058506,0.02500020233901659,0.8285714285714286,1.0,100,12
prewhitened_ar,headline_12m_pct,fred_china_computer_electronics_gbp_12m_pct,full,6,-0.2552229886747194,-0.2674115178252878,0.02857142857142857,0.22857142857142856,99,12
prewhitened_ar,headline_12m_pct,fred_china_computer_electronics_gbp_12m_pct,full,7,0.043263468978717225,0.04461563468020343,0.6714285714285714,1.0,98,12
prewhitened_ar,headline_12m_pct,fred_china_computer_electronics_gbp_12m_pct,full,8,0.14059141631694344,0.14150651039681147,0.18571428571428572,0.8428571428571429,97,12
prewhitened_ar,headline_12m_pct,fred_china_computer_electronics_gbp_12m_pct,full,9,0.16618700127813318,0.18252984674226316,0.12857142857142856,0.7428571428571429,96,12
prewhitened_ar,headline_12m_pct,fred_china_computer_electronics_gbp_12m_pct,full,10,0.012495076140836205,0.014922194398095136,0.9285714285714286,1.0,95,12
prewhitened_ar,headline_12m_pct,fred_china_computer_electronics_gbp_12m_pct,full,11,0.20432618832766833,0.20344871765561695,0.08571428571428572,0.7,94,12
prewhitened_ar,headline_12m_pct,fred_china_computer_electronics_gbp_12m_pct,full,12,0.08246098810309328,0.08246098810309328,0.38571428571428573,1.0,93,12
prewhitened_ar,headline_12m_pct,fred_china_computer_electronics_gbp_12m_pct,pre_2020,0,0.08115497120437076,0.0943422601953929,0.5,1.0,36,12
prewhitened_ar,headline_12m_pct,fred_china_computer_electronics_gbp_12m_pct,pre_2020,1,-0.03839251666942346,-0.18902155075783084,1.0,1.0,35,12
prewhitened_ar,headline_12m_pct,fred_china_computer_electronics_gbp_12m_pct,pre_2020,2,-0.2713106190844038,-0.22664326678842295,0.5,1.0,34,12
prewhitened_ar,headline_12m_pct,fred_china_computer_electronics_gbp_12m_pct,pre_2020,3,0.33498632265957046,0.29224667027992396,0.5,0.5,33,12
prewhitened_ar,headline_12m_pct,fred_china_computer_electronics_gbp_12m_pct,pre_2020,4,-0.18356093679585803,-0.13032150959359237,1.0,1.0,32,12
prewhitened_ar,headline_12m_pct,fred_china_computer_electronics_gbp_12m_pct,pre_2020,5,0.2661962759129594,0.33584180358669463,0.5,0.5,31,12
prewhitened_ar,headline_12m_pct,fred_china_computer_electronics_gbp_12m_pct,pre_2020,6,-0.07961860408545154,-0.14797506458881163,0.5,1.0,30,12
prewhitened_ar,headline_12m_pct,fred_china_computer_electronics_gbp_12m_pct,pre_2020,7,0.14416841205176098,0.10461435409496508,1.0,1.0,29,12
prewhitened_ar,headline_12m_pct,fred_china_computer_electronics_gbp_12m_pct,pre_2020,8,0.034169757592351004,0.03882309046661073,1.0,1.0,28,12
prewhitened_ar,headline_12m_pct,fred_china_computer_electronics_gbp_12m_pct,pre_2020,9,-0.06362142262773425,-0.11192786701065677,0.5,1.0,27,12
prewhitened_ar,headline_12m_pct,fred_china_computer_electronics_gbp_12m_pct,pre_2020,10,-0.08620969547452394,-0.10758757487136188,1.0,1.0,26,12
prewhitened_ar,headline_12m_pct,fred_china_computer_electronics_gbp_12m_pct,pre_2020,11,0.09406270363955262,0.08578685470063326,1.0,1.0,25,12
prewhitened_ar,headline_12m_pct,fred_china_computer_electronics_gbp_12m_pct,pre_2020,12,-0.021903981902029638,-0.021903981902029638,1.0,1.0,24,12
prewhitened_ar,headline_12m_pct,fred_china_computer_electronics_gbp_12m_pct,pandemic_2020_2022,0,0.0375958682068305,-0.09926627867830279,1.0,1.0,36,12
prewhitened_ar,headline_12m_pct,fred_china_computer_electronics_gbp_12m_pct,pandemic_2020_2022,1,0.10594736631550836,0.11294208261240646,1.0,1.0,35,12
prewhitened_ar,headline_12m_pct,fred_china_computer_electronics_gbp_12m_pct,pandemic_2020_2022,2,-0.10026620723486492,0.137982748855051,0.5,1.0,34,12
prewhitened_ar,headline_12m_pct,fred_china_computer_electronics_gbp_12m_pct,pandemic_2020_2022,3,-0.12066844582086506,0.12732462568945227,1.0,1.0,33,12
prewhitened_ar,headline_12m_pct,fred_china_computer_electronics_gbp_12m_pct,pandemic_2020_2022,4,0.032204997620792694,0.07936755788124818,1.0,1.0,32,12
prewhitened_ar,headline_12m_pct,fred_china_computer_electronics_gbp_12m_pct,pandemic_2020_2022,5,-0.10110185238328792,-0.04324339105044661,1.0,1.0,31,12
prewhitened_ar,headline_12m_pct,fred_china_computer_electronics_gbp_12m_pct,pandemic_2020_2022,6,-0.444580546510401,-0.4100834894682174,0.5,0.5,30,12
prewhitened_ar,headline_12m_pct,fred_china_computer_electronics_gbp_12m_pct,pandemic_2020_2022,7,-0.3564174624208367,-0.340622573963086,0.5,1.0,29,12
prewhitened_ar,headline_12m_pct,fred_china_computer_electronics_gbp_12m_pct,pandemic_2020_2022,8,0.19856448070432234,0.27206654232332633,1.0,1.0,28,12
prewhitened_ar,headline_12m_pct,fred_china_computer_electronics_gbp_12m_pct,pandemic_2020_2022,9,0.019162000046260376,0.07334913637141637,1.0,1.0,27,12
prewhitened_ar,headline_12m_pct,fred_china_computer_electronics_gbp_12m_pct,pandemic_2020_2022,10,0.28843277751385216,0.29544075703592193,1.0,1.0,26,12
prewhitened_ar,headline_12m_pct,fred_china_computer_electronics_gbp_12m_pct,pandemic_2020_2022,11,0.2762927600754908,0.25980405199556406,0.5,1.0,25,12
prewhitened_ar,headline_12m_pct,fred_china_computer_electronics_gbp_12m_pct,pandemic_2020_2022,12,-0.06401806779601592,-0.06401806779601592,1.0,1.0,24,12
prewhitened_ar,headline_12m_pct,fred_china_computer_electronics_gbp_12m_pct,post_2022,0,0.022169597005576133,-0.11754212994435172,0.5,1.0,33,12
prewhitened_ar,headline_12m_pct,fred_china_computer_electronics_gbp_12m_pct,post_2022,1,0.10330772276221746,-0.08981465891870978,1.0,1.0,32,12
prewhitened_ar,headline_12m_pct,fred_china_computer_electronics_gbp_12m_pct,post_2022,2,0.10712264291063017,0.009713968129902247,1.0,1.0,31,12
prewhitened_ar,headline_12m_pct,fred_china_computer_electronics_gbp_12m_pct,post_2022,3,0.07340556854287755,0.05523848846951398,1.0,1.0,30,12
prewhitened_ar,headline_12m_pct,fred_china_computer_electronics_gbp_12m_pct,post_2022,4,-0.15695977988160545,-0.08729187624010633,1.0,1.0,29,12
prewhitened_ar,headline_12m_pct,fred_china_computer_electronics_gbp_12m_pct,post_2022,5,-0.06818337450756697,-0.06561181130697623,1.0,1.0,28,12
prewhitened_ar,headline_12m_pct,fred_china_computer_electronics_gbp_12m_pct,post_2022,6,-0.24072855756961292,-0.2823712881687356,1.0,1.0,27,12
prewhitened_ar,headline_12m_pct,fred_china_computer_electronics_gbp_12m_pct,post_2022,7,0.25957771918351785,0.3033581371123752,0.5,1.0,26,12
prewhitened_ar,headline_12m_pct,fred_china_computer_electronics_gbp_12m_pct,post_2022,8,0.02826396420574147,-0.016223004325736593,1.0,1.0,25,12
prewhitened_ar,headline_12m_pct,fred_china_computer_electronics_gbp_12m_pct,post_2022,9,0.351212311879175,0.4261354612456779,0.5,0.5,24,12
prewhitened_ar,headline_12m_pct,fred_china_computer_electronics_gbp_12m_pct,post_2022,10,-0.10618720843760891,-0.12580070880553554,0.5,1.0,23,12
prewhitened_ar,headline_12m_pct,fred_china_computer_electronics_gbp_12m_pct,post_2022,11,0.15915453487753053,0.16054111942178229,0.5,1.0,22,12
prewhitened_ar,headline_12m_pct,fred_china_computer_electronics_gbp_12m_pct,post_2022,12,0.08114663377397674,0.08114663377397674,1.0,1.0,21,12
prewhitened_ar,headline_12m_pct,fred_japan_computer_electronics_gbp_12m_pct,full,0,0.0974022359650021,0.05972559134583274,0.6714285714285714,1.0,105,12
prewhitened_ar,headline_12m_pct,fred_japan_computer_electronics_gbp_12m_pct,full,1,0.04383213586777704,0.0013579339232434658,1.0,1.0,104,12
prewhitened_ar,headline_12m_pct,fred_japan_computer_electronics_gbp_12m_pct,full,2,-0.09553871253106916,-0.1275483767974793,0.24285714285714285,0.8428571428571429,103,12
prewhitened_ar,headline_12m_pct,fred_japan_computer_electronics_gbp_12m_pct,full,3,0.0952628099275593,0.09318746054673477,0.4857142857142857,1.0,102,12
prewhitened_ar,headline_12m_pct,fred_japan_computer_electronics_gbp_12m_pct,full,4,-0.05385169062472548,-0.03844466451493994,0.7285714285714285,1.0,101,12
prewhitened_ar,headline_12m_pct,fred_japan_computer_electronics_gbp_12m_pct,full,5,0.035101590206359626,0.027991644972160258,0.7571428571428571,1.0,100,12
prewhitened_ar,headline_12m_pct,fred_japan_computer_electronics_gbp_12m_pct,full,6,-0.2631534072022307,-0.2772307420686228,0.02857142857142857,0.17142857142857143,99,12
prewhitened_ar,headline_12m_pct,fred_japan_computer_electronics_gbp_12m_pct,full,7,0.04462043956434056,0.04914711997471419,0.6285714285714286,1.0,98,12
prewhitened_ar,headline_12m_pct,fred_japan_computer_electronics_gbp_12m_pct,full,8,0.09267967496451737,0.09220475825085686,0.38571428571428573,1.0,97,12
prewhitened_ar,headline_12m_pct,fred_japan_computer_electronics_gbp_12m_pct,full,9,0.1473533365014795,0.16122630596624443,0.12857142857142856,0.8285714285714286,96,12
prewhitened_ar,headline_12m_pct,fred_japan_computer_electronics_gbp_12m_pct,full,10,-0.036260154218561956,-0.035990861673023566,0.7,1.0,95,12
prewhitened_ar,headline_12m_pct,fred_japan_computer_electronics_gbp_12m_pct,full,11,0.2805249776473574,0.27946320959318655,0.014285714285714285,0.17142857142857143,94,12
prewhitened_ar,headline_12m_pct,fred_japan_computer_electronics_gbp_12m_pct,full,12,0.07867246592042687,0.07867246592042687,0.4142857142857143,1.0,93,12
prewhitened_ar,headline_12m_pct,fred_japan_computer_electronics_gbp_12m_pct,pre_2020,0,0.121871573821021,0.14457183916994976,0.5,1.0,36,12
prewhitened_ar,headline_12m_pct,fred_japan_computer_electronics_gbp_12m_pct,pre_2020,1,-0.0516590636750589,-0.18042086713655262,1.0,1.0,35,12
prewhitened_ar,headline_12m_pct,fred_japan_computer_electronics_gbp_12m_pct,pre_2020,2,-0.23202667311853234,-0.17373282666451742,0.5,1.0,34,12
prewhitened_ar,headline_12m_pct,fred_japan_computer_electronics_gbp_12m_pct,pre_2020,3,0.31735761537337964,0.2803342590969458,0.5,1.0,33,12
prewhitened_ar,headline_12m_pct,fred_japan_computer_electronics_gbp_12m_pct,pre_2020,4,-0.2135334546502386,-0.15619141923214908,1.0,1.0,32,12
prewhitened_ar,headline_12m_pct,fred_japan_computer_electronics_gbp_12m_pct,pre_2020,5,0.18381500055826974,0.22582209044568105,0.5,1.0,31,12
prewhitened_ar,headline_12m_pct,fred_japan_computer_electronics_gbp_12m_pct,pre_2020,6,-0.0067804336306276775,-0.0033368597581976216,1.0,1.0,30,12
prewhitened_ar,headline_12m_pct,fred_japan_computer_electronics_gbp_12m_pct,pre_2020,7,0.2687022673832116,0.24370920420754424,0.5,1.0,29,12
prewhitened_ar,headline_12m_pct,fred_japan_computer_electronics_gbp_12m_pct,pre_2020,8,-0.05643850943329273,-0.06775180768993659,1.0,1.0,28,12
prewhitened_ar,headline_12m_pct,fred_japan_computer_electronics_gbp_12m_pct,pre_2020,9,-0.13946013380236205,-0.1819381393456579,0.5,1.0,27,12
prewhitened_ar,headline_12m_pct,fred_japan_computer_electronics_gbp_12m_pct,pre_2020,10,-0.10372512908661218,-0.12502264173874897,1.0,1.0,26,12
prewhitened_ar,headline_12m_pct,fred_japan_computer_electronics_gbp_12m_pct,pre_2020,11,0.2825221589455506,0.2671582067220159,0.5,1.0,25,12
prewhitened_ar,headline_12m_pct,fred_japan_computer_electronics_gbp_12m_pct,pre_2020,12,-0.002880888454213855,-0.002880888454213855,1.0,1.0,24,12
prewhitened_ar,headline_12m_pct,fred_japan_computer_electronics_gbp_12m_pct,pandemic_2020_2022,0,0.04563785834039913,-0.12358331379854533,1.0,1.0,36,12
prewhitened_ar,headline_12m_pct,fred_japan_computer_electronics_gbp_12m_pct,pandemic_2020_2022,1,0.09901660775435929,0.07119557670289185,1.0,1.0,35,12
prewhitened_ar,headline_12m_pct,fred_japan_computer_electronics_gbp_12m_pct,pandemic_2020_2022,2,-0.15301268246417227,0.047686848486128516,1.0,1.0,34,12
prewhitened_ar,headline_12m_pct,fred_japan_computer_electronics_gbp_12m_pct,pandemic_2020_2022,3,-0.09869752971837104,0.14542315473744746,1.0,1.0,33,12
prewhitened_ar,headline_12m_pct,fred_japan_computer_electronics_gbp_12m_pct,pandemic_2020_2022,4,0.10914475526212772,0.14557756691463083,1.0,1.0,32,12
prewhitened_ar,headline_12m_pct,fred_japan_computer_electronics_gbp_12m_pct,pandemic_2020_2022,5,-0.038324639943633707,0.028393446123744694,1.0,1.0,31,12
prewhitened_ar,headline_12m_pct,fred_japan_computer_electronics_gbp_12m_pct,pandemic_2020_2022,6,-0.49697166561021344,-0.4618363071237482,0.5,0.5,30,12
prewhitened_ar,headline_12m_pct,fred_japan_computer_electronics_gbp_12m_pct,pandemic_2020_2022,7,-0.34390038453343347,-0.3162759269906612,0.5,1.0,29,12
prewhitened_ar,headline_12m_pct,fred_japan_computer_electronics_gbp_12m_pct,pandemic_2020_2022,8,0.16600004605439783,0.23782801575129572,1.0,1.0,28,12
prewhitened_ar,headline_12m_pct,fred_japan_computer_electronics_gbp_12m_pct,pandemic_2020_2022,9,0.03285651943705883,0.0841363239986386,1.0,1.0,27,12
prewhitened_ar,headline_12m_pct,fred_japan_computer_electronics_gbp_12m_pct,pandemic_2020_2022,10,0.22037620035290192,0.22307961905050583,1.0,1.0,26,12
prewhitened_ar,headline_12m_pct,fred_japan_computer_electronics_gbp_12m_pct,pandemic_2020_2022,11,0.3806686795911743,0.36885252683317843,0.5,0.5,25,12
prewhitened_ar,headline_12m_pct,fred_japan_computer_electronics_gbp_12m_pct,pandemic_2020_2022,12,-0.01572261709516855,-0.01572261709516855,1.0,1.0,24,12
prewhitened_ar,headline_12m_pct,fred_japan_computer_electronics_gbp_12m_pct,post_2022,0,0.1235410535884754,-0.028850274097887575,0.5,1.0,33,12
prewhitened_ar,headline_12m_pct,fred_japan_computer_electronics_gbp_12m_pct,post_2022,1,0.08684978693367307,-0.08154412284199081,0.5,1.0,32,12
prewhitened_ar,headline_12m_pct,fred_japan_computer_electronics_gbp_12m_pct,post_2022,2,0.08074889743607135,0.019034636977127393,1.0,1.0,31,12
prewhitened_ar,headline_12m_pct,fred_japan_computer_electronics_gbp_12m_pct,post_2022,3,0.1542623053237784,0.19102755440882618,1.0,1.0,30,12
prewhitened_ar,headline_12m_pct,fred_japan_computer_electronics_gbp_12m_pct,post_2022,4,-0.12952695082694884,-0.038425210299465974,1.0,1.0,29,12
prewhitened_ar,headline_12m_pct,fred_japan_computer_electronics_gbp_12m_pct,post_2022,5,0.02131869624498229,0.0241753684713287,1.0,1.0,28,12
prewhitened_ar,headline_12m_pct,fred_japan_computer_electronics_gbp_12m_pct,post_2022,6,-0.22393490882264924,-0.27496709416011145,1.0,1.0,27,12
prewhitened_ar,headline_12m_pct,fred_japan_computer_electronics_gbp_12m_pct,post_2022,7,0.11947412397487397,0.15174884580316514,0.5,1.0,26,12
prewhitened_ar,headline_12m_pct,fred_japan_computer_electronics_gbp_12m_pct,post_2022,8,0.07859594438440666,0.037374749236469454,0.5,1.0,25,12
prewhitened_ar,headline_12m_pct,fred_japan_computer_electronics_gbp_12m_pct,post_2022,9,0.3857792285794576,0.46138216739671895,0.5,0.5,24,12
prewhitened_ar,headline_12m_pct,fred_japan_computer_electronics_gbp_12m_pct,post_2022,10,-0.1150058605083875,-0.1360169020440138,0.5,1.0,23,12
prewhitened_ar,headline_12m_pct,fred_japan_computer_electronics_gbp_12m_pct,post_2022,11,0.2063650722412097,0.20861562171739326,0.5,1.0,22,12
prewhitened_ar,headline_12m_pct,fred_japan_computer_electronics_gbp_12m_pct,post_2022,12,-0.026815992240311046,-0.026815992240311046,1.0,1.0,21,12
prewhitened_ar,headline_12m_pct,fred_asian_nie_computer_electronics_gbp_12m_pct,full,0,0.051901505444192295,0.029546722543225525,0.7714285714285715,1.0,105,12
prewhitened_ar,headline_12m_pct,fred_asian_nie_computer_electronics_gbp_12m_pct,full,1,0.04995541221804998,0.01549676789598869,0.9142857142857143,1.0,104,12
prewhitened_ar,headline_12m_pct,fred_asian_nie_computer_electronics_gbp_12m_pct,full,2,-0.057647490555437206,-0.09369838103322291,0.4857142857142857,1.0,103,12
prewhitened_ar,headline_12m_pct,fred_asian_nie_computer_electronics_gbp_12m_pct,full,3,0.07173607046794041,0.0665106200706909,0.5714285714285714,1.0,102,12
prewhitened_ar,headline_12m_pct,fred_asian_nie_computer_electronics_gbp_12m_pct,full,4,-0.024518402680372576,0.002255354909601526,1.0,1.0,101,12
prewhitened_ar,headline_12m_pct,fred_asian_nie_computer_electronics_gbp_12m_pct,full,5,0.01125060762471351,0.012972848600058843,0.9428571428571428,1.0,100,12
prewhitened_ar,headline_12m_pct,fred_asian_nie_computer_electronics_gbp_12m_pct,full,6,-0.22729344016073239,-0.23152383247501093,0.04285714285714286,0.42857142857142855,99,12
prewhitened_ar,headline_12m_pct,fred_asian_nie_computer_electronics_gbp_12m_pct,full,7,0.06814452296714238,0.07627053354328585,0.44285714285714284,1.0,98,12
prewhitened_ar,headline_12m_pct,fred_asian_nie_computer_electronics_gbp_12m_pct,full,8,0.0832183810204867,0.08340800443047809,0.4,1.0,97,12
prewhitened_ar,headline_12m_pct,fred_asian_nie_computer_electronics_gbp_12m_pct,full,9,0.13959775123261836,0.15773161590227064,0.14285714285714285,0.8571428571428571,96,12
prewhitened_ar,headline_12m_pct,fred_asian_nie_computer_electronics_gbp_12m_pct,full,10,0.010517032958789273,0.014783560776435506,0.8571428571428571,1.0,95,12
prewhitened_ar,headline_12m_pct,fred_asian_nie_computer_electronics_gbp_12m_pct,full,11,0.1980502333132981,0.19747028501821628,0.07142857142857142,0.6571428571428571,94,12
prewhitened_ar,headline_12m_pct,fred_asian_nie_computer_electronics_gbp_12m_pct,full,12,0.05584189801237044,0.05584189801237044,0.6142857142857143,1.0,93,12
prewhitened_ar,headline_12m_pct,fred_asian_nie_computer_electronics_gbp_12m_pct,pre_2020,0,0.03854547628169023,0.057674378349469736,0.5,1.0,36,12
prewhitened_ar,headline_12m_pct,fred_asian_nie_computer_electronics_gbp_12m_pct,pre_2020,1,-0.015261595383582748,-0.19573591496360382,1.0,1.0,35,12
prewhitened_ar,headline_12m_pct,fred_asian_nie_computer_electronics_gbp_12m_pct,pre_2020,2,-0.23391851063772048,-0.17752848116420042,0.5,1.0,34,12
prewhitened_ar,headline_12m_pct,fred_asian_nie_computer_electronics_gbp_12m_pct,pre_2020,3,0.2949396531743739,0.24833615854654773,0.5,1.0,33,12
prewhitened_ar,headline_12m_pct,fred_asian_nie_computer_electronics_gbp_12m_pct,pre_2020,4,-0.21643975711522115,-0.18410967275147358,1.0,1.0,32,12
prewhitened_ar,headline_12m_pct,fred_asian_nie_computer_electronics_gbp_12m_pct,pre_2020,5,0.25152991565543703,0.308065798904077,0.5,1.0,31,12
prewhitened_ar,headline_12m_pct,fred_asian_nie_computer_electronics_gbp_12m_pct,pre_2020,6,0.0052176727704448134,-0.03222295064953156,1.0,1.0,30,12
prewhitened_ar,headline_12m_pct,fred_asian_nie_computer_electronics_gbp_12m_pct,pre_2020,7,0.21995614941425431,0.1736932067040491,0.5,1.0,29,12
prewhitened_ar,headline_12m_pct,fred_asian_nie_computer_electronics_gbp_12m_pct,pre_2020,8,-0.012032145393002628,-0.024416599266382177,1.0,1.0,28,12
prewhitened_ar,headline_12m_pct,fred_asian_nie_computer_electronics_gbp_12m_pct,pre_2020,9,-0.1306665917720923,-0.18860719579848853,0.5,1.0,27,12
prewhitened_ar,headline_12m_pct,fred_asian_nie_computer_electronics_gbp_12m_pct,pre_2020,10,-0.10262053997484091,-0.13105065670421498,1.0,1.0,26,12
prewhitened_ar,headline_12m_pct,fred_asian_nie_computer_electronics_gbp_12m_pct,pre_2020,11,0.13599950292240007,0.12165984004500925,1.0,1.0,25,12
prewhitened_ar,headline_12m_pct,fred_asian_nie_computer_electronics_gbp_12m_pct,pre_2020,12,0.056891259380814456,0.056891259380814456,1.0,1.0,24,12
prewhitened_ar,headline_12m_pct,fred_asian_nie_computer_electronics_gbp_12m_pct,pandemic_2020_2022,0,0.03658602630812893,-0.10674002774993746,1.0,1.0,36,12
prewhitened_ar,headline_12m_pct,fred_asian_nie_computer_electronics_gbp_12m_pct,pandemic_2020_2022,1,0.08900808782621823,0.0730611681762808,1.0,1.0,35,12
prewhitened_ar,headline_12m_pct,fred_asian_nie_computer_electronics_gbp_12m_pct,pandemic_2020_2022,2,-0.1324132517313637,0.06938663881414162,0.5,1.0,34,12
prewhitened_ar,headline_12m_pct,fred_asian_nie_computer_electronics_gbp_12m_pct,pandemic_2020_2022,3,-0.10826477266673552,0.08493636065803084,1.0,1.0,33,12
prewhitened_ar,headline_12m_pct,fred_asian_nie_computer_electronics_gbp_12m_pct,pandemic_2020_2022,4,0.07946811047862314,0.16100493091954493,1.0,1.0,32,12
prewhitened_ar,headline_12m_pct,fred_asian_nie_computer_electronics_gbp_12m_pct,pandemic_2020_2022,5,-0.08043977770897458,-0.014524247191913444,1.0,1.0,31,12
prewhitened_ar,headline_12m_pct,fred_asian_nie_computer_electronics_gbp_12m_pct,pandemic_2020_2022,6,-0.40063663054666343,-0.3762465364379302,0.5,1.0,30,12
prewhitened_ar,headline_12m_pct,fred_asian_nie_computer_electronics_gbp_12m_pct,pandemic_2020_2022,7,-0.29976452352716226,-0.25459547453528786,0.5,1.0,29,12
prewhitened_ar,headline_12m_pct,fred_asian_nie_computer_electronics_gbp_12m_pct,pandemic_2020_2022,8,0.16601763091381969,0.25150896452178845,1.0,1.0,28,12
prewhitened_ar,headline_12m_pct,fred_asian_nie_computer_electronics_gbp_12m_pct,pandemic_2020_2022,9,0.00836105942286429,0.047490131279191335,1.0,1.0,27,12
prewhitened_ar,headline_12m_pct,fred_asian_nie_computer_electronics_gbp_12m_pct,pandemic_2020_2022,10,0.21736256827720932,0.2089540992896526,1.0,1.0,26,12
prewhitened_ar,headline_12m_pct,fred_asian_nie_computer_electronics_gbp_12m_pct,pandemic_2020_2022,11,0.25381381019251764,0.24154731887457687,0.5,1.0,25,12
prewhitened_ar,headline_12m_pct,fred_asian_nie_computer_electronics_gbp_12m_pct,pandemic_2020_2022,12,-0.22363123376470628,-0.22363123376470628,1.0,1.0,24,12
prewhitened_ar,headline_12m_pct,fred_asian_nie_computer_electronics_gbp_12m_pct,post_2022,0,0.034486346934186236,-0.04939109937203108,0.5,1.0,33,12
prewhitened_ar,headline_12m_pct,fred_asian_nie_computer_electronics_gbp_12m_pct,post_2022,1,0.0408200780607152,-0.09529226880061016,0.5,1.0,32,12
prewhitened_ar,headline_12m_pct,fred_asian_nie_computer_electronics_gbp_12m_pct,post_2022,2,0.12753965401429945,0.05462785870512471,0.5,1.0,31,12
prewhitened_ar,headline_12m_pct,fred_asian_nie_computer_electronics_gbp_12m_pct,post_2022,3,0.07817867118148174,0.07651180038216246,1.0,1.0,30,12
prewhitened_ar,headline_12m_pct,fred_asian_nie_computer_electronics_gbp_12m_pct,post_2022,4,-0.07050730271091431,0.06146479913430558,1.0,1.0,29,12
prewhitened_ar,headline_12m_pct,fred_asian_nie_computer_electronics_gbp_12m_pct,post_2022,5,-0.11751262126835996,-0.11726572609102083,1.0,1.0,28,12
prewhitened_ar,headline_12m_pct,fred_asian_nie_computer_electronics_gbp_12m_pct,post_2022,6,-0.287302982433869,-0.31650559824649255,1.0,1.0,27,12
prewhitened_ar,headline_12m_pct,fred_asian_nie_computer_electronics_gbp_12m_pct,post_2022,7,0.20825582739233392,0.25449755868362084,0.5,1.0,26,12
prewhitened_ar,headline_12m_pct,fred_asian_nie_computer_electronics_gbp_12m_pct,post_2022,8,0.007401053754402576,-0.0448079895775208,1.0,1.0,25,12
prewhitened_ar,headline_12m_pct,fred_asian_nie_computer_electronics_gbp_12m_pct,post_2022,9,0.2601539646780106,0.32665054292105783,0.5,1.0,24,12
prewhitened_ar,headline_12m_pct,fred_asian_nie_computer_electronics_gbp_12m_pct,post_2022,10,-0.03865461054868538,-0.051202577936076375,0.5,1.0,23,12
prewhitened_ar,headline_12m_pct,fred_asian_nie_computer_electronics_gbp_12m_pct,post_2022,11,0.07748490192298862,0.07776095895848308,1.0,1.0,22,12
prewhitened_ar,headline_12m_pct,fred_asian_nie_computer_electronics_gbp_12m_pct,post_2022,12,0.08015935753461398,0.08015935753461398,0.5,1.0,21,12
prewhitened_ar,ex_games_12m_pct,jp_epi_electronics_gbp_12m_pct,full,0,0.023526783869605414,0.06779567720969196,0.6075949367088608,1.0,114,12
prewhitened_ar,ex_games_12m_pct,jp_epi_electronics_gbp_12m_pct,full,1,0.017476791015021156,0.010744399191571675,0.9367088607594937,1.0,113,12
prewhitened_ar,ex_games_12m_pct,jp_epi_electronics_gbp_12m_pct,full,2,0.10138619120958564,0.11437700583260649,0.3924050632911392,1.0,112,12
prewhitened_ar,ex_games_12m_pct,jp_epi_electronics_gbp_12m_pct,full,3,0.02646322713294256,0.05776409454055562,0.6075949367088608,1.0,111,12
prewhitened_ar,ex_games_12m_pct,jp_epi_electronics_gbp_12m_pct,full,4,-0.09355448527544485,-0.1433712653639535,0.2911392405063291,1.0,110,12
prewhitened_ar,ex_games_12m_pct,jp_epi_electronics_gbp_12m_pct,full,5,0.12341030688340611,0.12402816223120584,0.379746835443038,1.0,109,12
prewhitened_ar,ex_games_12m_pct,jp_epi_electronics_gbp_12m_pct,full,6,-0.1312092512479487,-0.1432477834245802,0.3037974683544304,1.0,108,12
prewhitened_ar,ex_games_12m_pct,jp_epi_electronics_gbp_12m_pct,full,7,0.016162740623147678,0.0002640551512598149,1.0,1.0,107,12
prewhitened_ar,ex_games_12m_pct,jp_epi_electronics_gbp_12m_pct,full,8,-0.019622209802371053,-0.009633857941453784,0.9746835443037974,1.0,106,12
prewhitened_ar,ex_games_12m_pct,jp_epi_electronics_gbp_12m_pct,full,9,0.11474808382878315,0.10247939570188218,0.379746835443038,1.0,105,12
prewhitened_ar,ex_games_12m_pct,jp_epi_electronics_gbp_12m_pct,full,10,-0.04246058458417455,-0.03645000256507753,0.759493670886076,1.0,104,12
prewhitened_ar,ex_games_12m_pct,jp_epi_electronics_gbp_12m_pct,full,11,0.14704007611383424,0.14302517853568042,0.17721518987341772,1.0,103,12
prewhitened_ar,ex_games_12m_pct,jp_epi_electronics_gbp_12m_pct,full,12,0.0354611512598974,0.0354611512598974,0.7215189873417721,1.0,102,12
prewhitened_ar,ex_games_12m_pct,jp_epi_electronics_gbp_12m_pct,pre_2020,0,0.34003786205885356,0.3834741666019748,0.5,0.5,36,12
prewhitened_ar,ex_games_12m_pct,jp_epi_electronics_gbp_12m_pct,pre_2020,1,-0.17924040691937693,-0.34141606471668245,0.5,1.0,35,12
prewhitened_ar,ex_games_12m_pct,jp_epi_electronics_gbp_12m_pct,pre_2020,2,0.11494898379271105,0.011417876079429283,1.0,1.0,34,12
prewhitened_ar,ex_games_12m_pct,jp_epi_electronics_gbp_12m_pct,pre_2020,3,-0.036002963205341014,-0.03571689479813814,1.0,1.0,33,12
prewhitened_ar,ex_games_12m_pct,jp_epi_electronics_gbp_12m_pct,pre_2020,4,-0.18394913152930328,-0.1796751379821431,0.5,1.0,32,12
prewhitened_ar,ex_games_12m_pct,jp_epi_electronics_gbp_12m_pct,pre_2020,5,0.12331174825925142,0.2893832864148848,0.5,1.0,31,12
prewhitened_ar,ex_games_12m_pct,jp_epi_electronics_gbp_12m_pct,pre_2020,6,0.03727530950726075,-0.0029413423212248393,1.0,1.0,30,12
prewhitened_ar,ex_games_12m_pct,jp_epi_electronics_gbp_12m_pct,pre_2020,7,0.16736403093606786,0.1591533040173612,0.5,1.0,29,12
prewhitened_ar,ex_games_12m_pct,jp_epi_electronics_gbp_12m_pct,pre_2020,8,-0.13630555698513377,-0.09149009231512714,1.0,1.0,28,12
prewhitened_ar,ex_games_12m_pct,jp_epi_electronics_gbp_12m_pct,pre_2020,9,-0.0609244232572116,-0.2293770793069033,0.5,1.0,27,12
prewhitened_ar,ex_games_12m_pct,jp_epi_electronics_gbp_12m_pct,pre_2020,10,-0.05116642896391646,-0.15354508879314652,0.5,1.0,26,12
prewhitened_ar,ex_games_12m_pct,jp_epi_electronics_gbp_12m_pct,pre_2020,11,-0.1320616399341184,-0.17614958343162065,0.5,1.0,25,12
prewhitened_ar,ex_games_12m_pct,jp_epi_electronics_gbp_12m_pct,pre_2020,12,-0.13401132370127464,-0.13401132370127464,0.5,1.0,24,12
prewhitened_ar,ex_games_12m_pct,jp_epi_electronics_gbp_12m_pct,pandemic_2020_2022,0,-0.009576194263393881,0.14979899119539894,0.5,1.0,36,12
prewhitened_ar,ex_games_12m_pct,jp_epi_electronics_gbp_12m_pct,pandemic_2020_2022,1,-0.02382411955737264,-0.2268785171179327,0.5,1.0,35,12
prewhitened_ar,ex_games_12m_pct,jp_epi_electronics_gbp_12m_pct,pandemic_2020_2022,2,-0.03468383308353333,0.0679071528082548,0.5,1.0,34,12
prewhitened_ar,ex_games_12m_pct,jp_epi_electronics_gbp_12m_pct,pandemic_2020_2022,3,-0.02601833864006091,-0.023333119120363222,1.0,1.0,33,12
prewhitened_ar,ex_games_12m_pct,jp_epi_electronics_gbp_12m_pct,pandemic_2020_2022,4,0.02112958791472123,0.11217520835277,1.0,1.0,32,12
prewhitened_ar,ex_games_12m_pct,jp_epi_electronics_gbp_12m_pct,pandemic_2020_2022,5,0.10482653661152103,-0.00706147988993719,1.0,1.0,31,12
prewhitened_ar,ex_games_12m_pct,jp_epi_electronics_gbp_12m_pct,pandemic_2020_2022,6,-0.15787643879773247,-0.09822075028126544,0.5,1.0,30,12
prewhitened_ar,ex_games_12m_pct,jp_epi_electronics_gbp_12m_pct,pandemic_2020_2022,7,-0.2995756005842402,-0.3032613912370155,0.5,1.0,29,12
prewhitened_ar,ex_games_12m_pct,jp_epi_electronics_gbp_12m_pct,pandemic_2020_2022,8,-0.04290371796953482,-0.1267012090860121,0.5,1.0,28,12
prewhitened_ar,ex_games_12m_pct,jp_epi_electronics_gbp_12m_pct,pandemic_2020_2022,9,0.014458463423986089,0.0860854531994689,1.0,1.0,27,12
prewhitened_ar,ex_games_12m_pct,jp_epi_electronics_gbp_12m_pct,pandemic_2020_2022,10,-0.30062232460811217,-0.3010335023385586,0.5,1.0,26,12
prewhitened_ar,ex_games_12m_pct,jp_epi_electronics_gbp_12m_pct,pandemic_2020_2022,11,0.36711407294545656,0.3587327797147063,0.5,1.0,25,12
prewhitened_ar,ex_games_12m_pct,jp_epi_electronics_gbp_12m_pct,pandemic_2020_2022,12,0.08158337327118652,0.08158337327118652,1.0,1.0,24,12
prewhitened_ar,ex_games_12m_pct,jp_epi_electronics_gbp_12m_pct,post_2022,0,-0.1531019757175482,-0.1570851375179356,0.2857142857142857,1.0,42,12
prewhitened_ar,ex_games_12m_pct,jp_epi_electronics_gbp_12m_pct,post_2022,1,0.1813208476706367,0.24289373787567578,0.42857142857142855,1.0,41,12
prewhitened_ar,ex_games_12m_pct,jp_epi_electronics_gbp_12m_pct,post_2022,2,0.18955804850486135,0.24895994847811317,0.42857142857142855,1.0,40,12
prewhitened_ar,ex_games_12m_pct,jp_epi_electronics_gbp_12m_pct,post_2022,3,0.17717442889394722,0.3206139506584903,0.14285714285714285,1.0,39,12
prewhitened_ar,ex_games_12m_pct,jp_epi_electronics_gbp_12m_pct,post_2022,4,-0.021257899165070145,-0.20273556061223327,0.42857142857142855,1.0,38,12
prewhitened_ar,ex_games_12m_pct,jp_epi_electronics_gbp_12m_pct,post_2022,5,0.25637853742884564,0.27294635983750803,0.2857142857142857,1.0,37,12
prewhitened_ar,ex_games_12m_pct,jp_epi_electronics_gbp_12m_pct,post_2022,6,-0.262495864898786,-0.3515888060168725,0.2857142857142857,1.0,36,12
prewhitened_ar,ex_games_12m_pct,jp_epi_electronics_gbp_12m_pct,post_2022,7,0.04629403505756637,-0.01805822408522159,1.0,1.0,35,12
prewhitened_ar,ex_games_12m_pct,jp_epi_electronics_gbp_12m_pct,post_2022,8,-0.03653350884738158,-0.018712016368445952,0.7142857142857143,1.0,34,12
prewhitened_ar,ex_games_12m_pct,jp_epi_electronics_gbp_12m_pct,post_2022,9,0.24944383332217937,0.211149721432589,0.42857142857142855,1.0,33,12
prewhitened_ar,ex_games_12m_pct,jp_epi_electronics_gbp_12m_pct,post_2022,10,0.05101836309260475,0.07280292695845227,0.42857142857142855,1.0,32,12
prewhitened_ar,ex_games_12m_pct,jp_epi_electronics_gbp_12m_pct,post_2022,11,0.1737637761376347,0.1558257552899824,0.42857142857142855,1.0,31,12
prewhitened_ar,ex_games_12m_pct,jp_epi_electronics_gbp_12m_pct,post_2022,12,0.19961721203093877,0.19961721203093877,0.5714285714285714,1.0,30,12
prewhitened_ar,ex_games_12m_pct,kr_epi_tech_gbp_12m_pct,full,0,-0.1253122213932429,-0.17106149411263932,0.34782608695652173,1.0,58,12
prewhitened_ar,ex_games_12m_pct,kr_epi_tech_gbp_12m_pct,full,1,0.1680331598534926,0.019271996641217058,0.9130434782608695,1.0,57,12
prewhitened_ar,ex_games_12m_pct,kr_epi_tech_gbp_12m_pct,full,2,-0.08308329452988678,-0.06077017299413206,0.6086956521739131,1.0,56,12
prewhitened_ar,ex_games_12m_pct,kr_epi_tech_gbp_12m_pct,full,3,-0.019417095384674,0.06139359006941905,0.7391304347826086,1.0,55,12
prewhitened_ar,ex_games_12m_pct,kr_epi_tech_gbp_12m_pct,full,4,-0.13657958724267888,-0.157114774486342,0.5217391304347826,1.0,54,12
prewhitened_ar,ex_games_12m_pct,kr_epi_tech_gbp_12m_pct,full,5,0.18881303037007097,0.2300166494329403,0.21739130434782608,1.0,53,12
prewhitened_ar,ex_games_12m_pct,kr_epi_tech_gbp_12m_pct,full,6,-0.16249384642275494,-0.32933766293122213,0.043478260869565216,0.5217391304347826,52,12
prewhitened_ar,ex_games_12m_pct,kr_epi_tech_gbp_12m_pct,full,7,-0.0338458646564193,-0.04440077898088618,0.8260869565217391,1.0,51,12
prewhitened_ar,ex_games_12m_pct,kr_epi_tech_gbp_12m_pct,full,8,0.011624869867462655,-0.021741810088166422,0.9565217391304348,1.0,50,12
prewhitened_ar,ex_games_12m_pct,kr_epi_tech_gbp_12m_pct,full,9,-0.10428376021109764,-0.09103373010453153,0.6521739130434783,1.0,49,12
prewhitened_ar,ex_games_12m_pct,kr_epi_tech_gbp_12m_pct,full,10,-0.1661447273856813,-0.16396863065951892,0.30434782608695654,1.0,48,12
prewhitened_ar,ex_games_12m_pct,kr_epi_tech_gbp_12m_pct,full,11,0.16480516795989364,0.17765552958830583,0.17391304347826086,1.0,47,12
prewhitened_ar,ex_games_12m_pct,kr_epi_tech_gbp_12m_pct,full,12,-0.0649334203144724,-0.0649334203144724,0.7391304347826086,1.0,46,12
prewhitened_ar,ex_games_12m_pct,kr_epi_tech_gbp_12m_pct,pandemic_2020_2022,0,-0.16043216682050648,0.00618299703323538,1.0,1.0,33,12
prewhitened_ar,ex_games_12m_pct,kr_epi_tech_gbp_12m_pct,pandemic_2020_2022,1,0.21190521884280777,-0.04682524509183796,1.0,1.0,32,12
prewhitened_ar,ex_games_12m_pct,kr_epi_tech_gbp_12m_pct,pandemic_2020_2022,2,0.12688945190165268,0.30100213330982806,0.5,1.0,31,12
prewhitened_ar,ex_games_12m_pct,kr_epi_tech_gbp_12m_pct,pandemic_2020_2022,3,-0.10805741334076412,-0.15236647246227975,1.0,1.0,30,12
prewhitened_ar,ex_games_12m_pct,kr_epi_tech_gbp_12m_pct,pandemic_2020_2022,4,0.11506701761767471,0.16553871884716184,1.0,1.0,29,12
prewhitened_ar,ex_games_12m_pct,kr_epi_tech_gbp_12m_pct,pandemic_2020_2022,5,0.2908589444414734,0.150915215286439,0.5,1.0,28,12
prewhitened_ar,ex_games_12m_pct,kr_epi_tech_gbp_12m_pct,pandemic_2020_2022,6,-0.21641452735474714,-0.13969968394621032,1.0,1.0,27,12
prewhitened_ar,ex_games_12m_pct,kr_epi_tech_gbp_12m_pct,pandemic_2020_2022,7,0.014005550856414061,0.01467253111757958,1.0,1.0,26,12
prewhitened_ar,ex_games_12m_pct,kr_epi_tech_gbp_12m_pct,pandemic_2020_2022,8,0.0541303229596863,-0.11012614481907014,1.0,1.0,25,12
prewhitened_ar,ex_games_12m_pct,kr_epi_tech_gbp_12m_pct,pandemic_2020_2022,9,-0.16329497655039085,0.03153564344599829,1.0,1.0,24,12
prewhitened_ar,ex_games_12m_pct,kr_epi_tech_gbp_12m_pct,pandemic_2020_2022,10,-0.18415298761085594,-0.276363075649658,0.5,1.0,23,12
prewhitened_ar,ex_games_12m_pct,kr_epi_tech_gbp_12m_pct,pandemic_2020_2022,11,0.20320226703597438,0.13149795873971723,1.0,1.0,22,12
prewhitened_ar,ex_games_12m_pct,kr_epi_tech_gbp_12m_pct,pandemic_2020_2022,12,0.22979519907718693,0.22979519907718693,0.5,1.0,21,12
prewhitened_ar,ex_games_12m_pct,kr_epi_tech_gbp_12m_pct,post_2022,0,-0.09087039654907765,-0.29293111402740807,1.0,1.0,25,12
prewhitened_ar,ex_games_12m_pct,kr_epi_tech_gbp_12m_pct,post_2022,1,0.194435356474371,-0.2504038529032372,1.0,1.0,24,12
prewhitened_ar,ex_games_12m_pct,kr_epi_tech_gbp_12m_pct,post_2022,2,-0.13143297873072818,-0.2683634800781358,1.0,1.0,23,12
prewhitened_ar,ex_games_12m_pct,kr_epi_tech_gbp_12m_pct,post_2022,3,0.14223642660405744,0.4621270418332016,0.5,1.0,22,12
prewhitened_ar,ex_games_12m_pct,kr_epi_tech_gbp_12m_pct,post_2022,4,-0.1077779296326948,-0.17995757305072613,1.0,1.0,21,12
prewhitened_ar,ex_games_12m_pct,kr_epi_tech_gbp_12m_pct,post_2022,5,0.41770945945790994,0.6228154777938821,0.5,0.5,20,12
prewhitened_ar,ex_games_12m_pct,kr_epi_tech_gbp_12m_pct,post_2022,6,-0.03906456466159692,-0.43516376662854866,1.0,1.0,19,12
prewhitened_ar,ex_games_12m_pct,kr_epi_tech_gbp_12m_pct,post_2022,7,-0.10861244174898797,-0.1441738491607369,1.0,1.0,18,12
prewhitened_ar,ex_games_12m_pct,kr_epi_tech_gbp_12m_pct,post_2022,8,0.13137446994481405,0.09664817399386018,1.0,1.0,17,12
prewhitened_ar,ex_games_12m_pct,kr_epi_tech_gbp_12m_pct,post_2022,9,-0.3712759083939645,-0.3077910026615196,0.5,1.0,16,12
prewhitened_ar,ex_games_12m_pct,kr_epi_tech_gbp_12m_pct,post_2022,10,-0.09959089304518826,-0.055596472680230324,1.0,1.0,15,12
prewhitened_ar,ex_games_12m_pct,kr_epi_tech_gbp_12m_pct,post_2022,11,0.2159042694145536,0.29438552602922313,0.5,1.0,14,12
prewhitened_ar,ex_games_12m_pct,kr_epi_tech_gbp_12m_pct,post_2022,12,-0.18264976343623576,-0.18264976343623576,1.0,1.0,13,12
prewhitened_ar,ex_games_12m_pct,cn_ppi_tech_gbp_12m_pct,full,0,-0.12657980287206266,-0.27096691598081646,0.09090909090909091,1.0,46,12
prewhitened_ar,ex_games_12m_pct,cn_ppi_tech_gbp_12m_pct,full,1,0.3497228417233406,0.25369644595704505,0.18181818181818182,1.0,45,12
prewhitened_ar,ex_games_12m_pct,cn_ppi_tech_gbp_12m_pct,full,2,0.038117378324070965,0.06197846717118146,0.7272727272727273,1.0,44,12
prewhitened_ar,ex_games_12m_pct,cn_ppi_tech_gbp_12m_pct,full,3,0.17865580700280867,0.20786787683752037,0.2727272727272727,1.0,43,12
prewhitened_ar,ex_games_12m_pct,cn_ppi_tech_gbp_12m_pct,full,4,-0.10823908253119402,-0.218714487578253,0.18181818181818182,1.0,42,12
prewhitened_ar,ex_games_12m_pct,cn_ppi_tech_gbp_12m_pct,full,5,0.074018909347328,0.09220734250561098,0.5454545454545454,1.0,41,12
prewhitened_ar,ex_games_12m_pct,cn_ppi_tech_gbp_12m_pct,full,6,-0.1499408016189686,-0.2348533202623219,0.18181818181818182,1.0,40,12
prewhitened_ar,ex_games_12m_pct,cn_ppi_tech_gbp_12m_pct,full,7,0.03967171104427526,0.048707024480365395,0.7272727272727273,1.0,39,12
prewhitened_ar,ex_games_12m_pct,cn_ppi_tech_gbp_12m_pct,full,8,0.12173084209040602,0.22224393891101765,0.18181818181818182,1.0,38,12
prewhitened_ar,ex_games_12m_pct,cn_ppi_tech_gbp_12m_pct,full,9,0.19378945943943232,0.23236830572342365,0.18181818181818182,1.0,37,12
prewhitened_ar,ex_games_12m_pct,cn_ppi_tech_gbp_12m_pct,full,10,0.35684004018926696,0.2943392405013762,0.18181818181818182,1.0,36,12
prewhitened_ar,ex_games_12m_pct,cn_ppi_tech_gbp_12m_pct,full,11,0.09683702802729544,0.13921405489458116,0.2727272727272727,1.0,35,12
prewhitened_ar,ex_games_12m_pct,cn_ppi_tech_gbp_12m_pct,full,12,0.15343449860307923,0.15343449860307923,0.36363636363636365,1.0,34,12
prewhitened_ar,ex_games_12m_pct,cn_ppi_tech_gbp_12m_pct,post_2022,0,-0.1109824164650189,-0.2690240539830855,0.5,1.0,36,12
prewhitened_ar,ex_games_12m_pct,cn_ppi_tech_gbp_12m_pct,post_2022,1,0.3428071291260918,0.23392857089795505,0.5,1.0,35,12
prewhitened_ar,ex_games_12m_pct,cn_ppi_tech_gbp_12m_pct,post_2022,2,0.043435387919386864,0.09870155841564612,1.0,1.0,34,12
prewhitened_ar,ex_games_12m_pct,cn_ppi_tech_gbp_12m_pct,post_2022,3,0.21556952779021127,0.28158126776164066,0.5,1.0,33,12
prewhitened_ar,ex_games_12m_pct,cn_ppi_tech_gbp_12m_pct,post_2022,4,-0.07605989413589927,-0.18503675077151507,1.0,1.0,32,12
prewhitened_ar,ex_games_12m_pct,cn_ppi_tech_gbp_12m_pct,post_2022,5,0.15097462331981756,0.21313232977370355,0.5,1.0,31,12
prewhitened_ar,ex_games_12m_pct,cn_ppi_tech_gbp_12m_pct,post_2022,6,-0.17825897724737022,-0.2835729910685482,0.5,1.0,30,12
prewhitened_ar,ex_games_12m_pct,cn_ppi_tech_gbp_12m_pct,post_2022,7,0.019076686946035457,0.0480743673194459,1.0,1.0,29,12
prewhitened_ar,ex_games_12m_pct,cn_ppi_tech_gbp_12m_pct,post_2022,8,-0.050311662174414046,0.07744623389703927,0.5,1.0,28,12
prewhitened_ar,ex_games_12m_pct,cn_ppi_tech_gbp_12m_pct,post_2022,9,0.04046658647197203,0.07423907225348159,0.5,1.0,27,12
prewhitened_ar,ex_games_12m_pct,cn_ppi_tech_gbp_12m_pct,post_2022,10,0.39983954489485135,0.31189252432094683,1.0,1.0,26,12
prewhitened_ar,ex_games_12m_pct,cn_ppi_tech_gbp_12m_pct,post_2022,11,-0.09674362365911145,-0.04855259608114975,1.0,1.0,25,12
prewhitened_ar,ex_games_12m_pct,cn_ppi_tech_gbp_12m_pct,post_2022,12,0.1728079888567029,0.1728079888567029,0.5,1.0,24,12
prewhitened_ar,ex_games_12m_pct,tw_epi_integrated_circuits_gbp_12m_pct,full,0,0.049352516595993386,0.03875707999232599,0.810126582278481,1.0,114,12
prewhitened_ar,ex_games_12m_pct,tw_epi_integrated_circuits_gbp_12m_pct,full,1,0.17941571930060438,0.15203161780448496,0.21518987341772153,0.9493670886075949,113,12
prewhitened_ar,ex_games_12m_pct,tw_epi_integrated_circuits_gbp_12m_pct,full,2,0.13290195619763417,0.13336172422016823,0.22784810126582278,1.0,112,12
prewhitened_ar,ex_games_12m_pct,tw_epi_integrated_circuits_gbp_12m_pct,full,3,0.035159743393558145,0.02810164970744844,0.8860759493670886,1.0,111,12
prewhitened_ar,ex_games_12m_pct,tw_epi_integrated_circuits_gbp_12m_pct,full,4,-0.06179871700543943,-0.0761198152986158,0.5316455696202531,1.0,110,12
prewhitened_ar,ex_games_12m_pct,tw_epi_integrated_circuits_gbp_12m_pct,full,5,0.1116278525131552,0.10770179075733392,0.379746835443038,1.0,109,12
prewhitened_ar,ex_games_12m_pct,tw_epi_integrated_circuits_gbp_12m_pct,full,6,-0.02081883197074639,-0.01717873069073845,0.9493670886075949,1.0,108,12
prewhitened_ar,ex_games_12m_pct,tw_epi_integrated_circuits_gbp_12m_pct,full,7,0.09563691093204561,0.09336736766005506,0.45569620253164556,1.0,107,12
prewhitened_ar,ex_games_12m_pct,tw_epi_integrated_circuits_gbp_12m_pct,full,8,-0.04029164062762335,-0.03341793908278701,0.7974683544303798,1.0,106,12
prewhitened_ar,ex_games_12m_pct,tw_epi_integrated_circuits_gbp_12m_pct,full,9,0.13212494899702107,0.13640721565783964,0.26582278481012656,1.0,105,12
prewhitened_ar,ex_games_12m_pct,tw_epi_integrated_circuits_gbp_12m_pct,full,10,0.06742346927914677,0.07170343024051004,0.6075949367088608,1.0,104,12
prewhitened_ar,ex_games_12m_pct,tw_epi_integrated_circuits_gbp_12m_pct,full,11,0.18809823731701497,0.1893938090149324,0.10126582278481013,0.7468354430379747,103,12
prewhitened_ar,ex_games_12m_pct,tw_epi_integrated_circuits_gbp_12m_pct,full,12,0.07363658692067541,0.07363658692067541,0.569620253164557,1.0,102,12
prewhitened_ar,ex_games_12m_pct,tw_epi_integrated_circuits_gbp_12m_pct,pre_2020,0,0.25959338148763345,0.20071813465888078,1.0,1.0,36,12
prewhitened_ar,ex_games_12m_pct,tw_epi_integrated_circuits_gbp_12m_pct,pre_2020,1,0.06054482026748694,-0.13025833925711744,1.0,1.0,35,12
prewhitened_ar,ex_games_12m_pct,tw_epi_integrated_circuits_gbp_12m_pct,pre_2020,2,0.15354551134437733,0.02972310251427581,1.0,1.0,34,12
prewhitened_ar,ex_games_12m_pct,tw_epi_integrated_circuits_gbp_12m_pct,pre_2020,3,-0.0883996681702717,-0.1752256850665334,1.0,1.0,33,12
prewhitened_ar,ex_games_12m_pct,tw_epi_integrated_circuits_gbp_12m_pct,pre_2020,4,0.013864806659575837,0.00037683434864821776,1.0,1.0,32,12
prewhitened_ar,ex_games_12m_pct,tw_epi_integrated_circuits_gbp_12m_pct,pre_2020,5,0.14068308081666206,0.2612669572843207,0.5,1.0,31,12
prewhitened_ar,ex_games_12m_pct,tw_epi_integrated_circuits_gbp_12m_pct,pre_2020,6,0.10797254770557817,0.001353503775886566,1.0,1.0,30,12
prewhitened_ar,ex_games_12m_pct,tw_epi_integrated_circuits_gbp_12m_pct,pre_2020,7,0.3332186484422462,0.31644396600923635,0.5,1.0,29,12
prewhitened_ar,ex_games_12m_pct,tw_epi_integrated_circuits_gbp_12m_pct,pre_2020,8,-0.07421886673977046,-0.10120894802999687,1.0,1.0,28,12
prewhitened_ar,ex_games_12m_pct,tw_epi_integrated_circuits_gbp_12m_pct,pre_2020,9,-0.006715376865845266,-0.15795136160021725,0.5,1.0,27,12
prewhitened_ar,ex_games_12m_pct,tw_epi_integrated_circuits_gbp_12m_pct,pre_2020,10,-0.026458727640460436,-0.13531700134522473,0.5,1.0,26,12
prewhitened_ar,ex_games_12m_pct,tw_epi_integrated_circuits_gbp_12m_pct,pre_2020,11,-0.1866149430186802,-0.3147473967899106,0.5,1.0,25,12
prewhitened_ar,ex_games_12m_pct,tw_epi_integrated_circuits_gbp_12m_pct,pre_2020,12,-0.046938192486723485,-0.046938192486723485,0.5,1.0,24,12
prewhitened_ar,ex_games_12m_pct,tw_epi_integrated_circuits_gbp_12m_pct,pandemic_2020_2022,0,0.04761232986070685,0.1837795295758925,0.5,1.0,36,12
prewhitened_ar,ex_games_12m_pct,tw_epi_integrated_circuits_gbp_12m_pct,pandemic_2020_2022,1,-0.005272653588457269,-0.16102095745465933,0.5,1.0,35,12
prewhitened_ar,ex_games_12m_pct,tw_epi_integrated_circuits_gbp_12m_pct,pandemic_2020_2022,2,-0.00763615084740867,0.04674062971883423,0.5,1.0,34,12
prewhitened_ar,ex_games_12m_pct,tw_epi_integrated_circuits_gbp_12m_pct,pandemic_2020_2022,3,-0.21802096525389295,-0.13946340635413032,1.0,1.0,33,12
prewhitened_ar,ex_games_12m_pct,tw_epi_integrated_circuits_gbp_12m_pct,pandemic_2020_2022,4,-0.07206465932440352,-0.03168593445298224,1.0,1.0,32,12
prewhitened_ar,ex_games_12m_pct,tw_epi_integrated_circuits_gbp_12m_pct,pandemic_2020_2022,5,0.03581236440727254,-0.09701416289082634,0.5,1.0,31,12
prewhitened_ar,ex_games_12m_pct,tw_epi_integrated_circuits_gbp_12m_pct,pandemic_2020_2022,6,-0.06813663776862766,-0.03942814052668397,1.0,1.0,30,12
prewhitened_ar,ex_games_12m_pct,tw_epi_integrated_circuits_gbp_12m_pct,pandemic_2020_2022,7,-0.35879344830787097,-0.32649217016942556,0.5,1.0,29,12
prewhitened_ar,ex_games_12m_pct,tw_epi_integrated_circuits_gbp_12m_pct,pandemic_2020_2022,8,-0.12087822505084297,-0.1395212030000965,0.5,1.0,28,12
prewhitened_ar,ex_games_12m_pct,tw_epi_integrated_circuits_gbp_12m_pct,pandemic_2020_2022,9,-0.11434461915523128,-0.0824525533928024,1.0,1.0,27,12
prewhitened_ar,ex_games_12m_pct,tw_epi_integrated_circuits_gbp_12m_pct,pandemic_2020_2022,10,-0.2998885025035327,-0.30940329483908097,1.0,1.0,26,12
prewhitened_ar,ex_games_12m_pct,tw_epi_integrated_circuits_gbp_12m_pct,pandemic_2020_2022,11,0.3975400779005779,0.3937336300739896,0.5,1.0,25,12
prewhitened_ar,ex_games_12m_pct,tw_epi_integrated_circuits_gbp_12m_pct,pandemic_2020_2022,12,0.048431972331170935,0.048431972331170935,1.0,1.0,24,12
prewhitened_ar,ex_games_12m_pct,tw_epi_integrated_circuits_gbp_12m_pct,post_2022,0,-0.12243459984021225,-0.24837670576152382,0.42857142857142855,1.0,42,12
prewhitened_ar,ex_games_12m_pct,tw_epi_integrated_circuits_gbp_12m_pct,post_2022,1,0.35323061182340415,0.3434307108189424,0.42857142857142855,1.0,41,12
prewhitened_ar,ex_games_12m_pct,tw_epi_integrated_circuits_gbp_12m_pct,post_2022,2,0.21046143923912586,0.233525374952956,0.42857142857142855,1.0,40,12
prewhitened_ar,ex_games_12m_pct,tw_epi_integrated_circuits_gbp_12m_pct,post_2022,3,0.3027459177257116,0.3753414180543302,0.2857142857142857,1.0,39,12
prewhitened_ar,ex_games_12m_pct,tw_epi_integrated_circuits_gbp_12m_pct,post_2022,4,-0.047912763120536654,-0.08622672553147245,0.7142857142857143,1.0,38,12
prewhitened_ar,ex_games_12m_pct,tw_epi_integrated_circuits_gbp_12m_pct,post_2022,5,0.1784696899762648,0.1814542691307605,0.5714285714285714,1.0,37,12
prewhitened_ar,ex_games_12m_pct,tw_epi_integrated_circuits_gbp_12m_pct,post_2022,6,-0.2457244485603371,-0.2627989726288809,0.42857142857142855,1.0,36,12
prewhitened_ar,ex_games_12m_pct,tw_epi_integrated_circuits_gbp_12m_pct,post_2022,7,-0.07603938914731685,-0.10448173737748424,0.7142857142857143,1.0,35,12
prewhitened_ar,ex_games_12m_pct,tw_epi_integrated_circuits_gbp_12m_pct,post_2022,8,-0.23316200205110613,-0.22588101081807174,0.2857142857142857,1.0,34,12
prewhitened_ar,ex_games_12m_pct,tw_epi_integrated_circuits_gbp_12m_pct,post_2022,9,0.2069366990053978,0.21839768514876004,0.2857142857142857,1.0,33,12
prewhitened_ar,ex_games_12m_pct,tw_epi_integrated_circuits_gbp_12m_pct,post_2022,10,0.278519464029959,0.29512481602324775,0.14285714285714285,1.0,32,12
prewhitened_ar,ex_games_12m_pct,tw_epi_integrated_circuits_gbp_12m_pct,post_2022,11,0.2771229183934056,0.27951170013878296,0.14285714285714285,1.0,31,12
prewhitened_ar,ex_games_12m_pct,tw_epi_integrated_circuits_gbp_12m_pct,post_2022,12,0.02729409879556278,0.02729409879556278,1.0,1.0,30,12
prewhitened_ar,ex_games_12m_pct,hk_ppi_tech_gbp_12m_pct,full,0,-0.047247424021538295,-0.08403528482385622,0.5063291139240507,1.0,114,12
prewhitened_ar,ex_games_12m_pct,hk_ppi_tech_gbp_12m_pct,full,1,-0.21914398037657856,-0.12765070945033744,0.34177215189873417,1.0,113,12
prewhitened_ar,ex_games_12m_pct,hk_ppi_tech_gbp_12m_pct,full,2,-0.07787233669858107,-0.08215697794170704,0.4430379746835443,1.0,112,12
prewhitened_ar,ex_games_12m_pct,hk_ppi_tech_gbp_12m_pct,full,3,-0.0004604397145972919,0.013132911076938293,0.8607594936708861,1.0,111,12
prewhitened_ar,ex_games_12m_pct,hk_ppi_tech_gbp_12m_pct,full,4,0.21471224056645483,0.10274903689978629,0.34177215189873417,1.0,110,12
prewhitened_ar,ex_games_12m_pct,hk_ppi_tech_gbp_12m_pct,full,5,0.07112476502356062,0.10504209076945223,0.3291139240506329,1.0,109,12
prewhitened_ar,ex_games_12m_pct,hk_ppi_tech_gbp_12m_pct,full,6,0.03248916935524649,-0.03245769009623028,0.6962025316455697,1.0,108,12
prewhitened_ar,ex_games_12m_pct,hk_ppi_tech_gbp_12m_pct,full,7,-0.024619980861409763,0.022016393144517483,0.759493670886076,1.0,107,12
prewhitened_ar,ex_games_12m_pct,hk_ppi_tech_gbp_12m_pct,full,8,-0.026841747527321123,-0.030650878914762616,0.7088607594936709,1.0,106,12
prewhitened_ar,ex_games_12m_pct,hk_ppi_tech_gbp_12m_pct,full,9,-0.08572219105755309,-0.06658290397065847,0.5316455696202531,1.0,105,12
prewhitened_ar,ex_games_12m_pct,hk_ppi_tech_gbp_12m_pct,full,10,-0.14208101776894067,-0.14246994017540218,0.26582278481012656,1.0,104,12
prewhitened_ar,ex_games_12m_pct,hk_ppi_tech_gbp_12m_pct,full,11,0.041386988074270194,0.04169450999070721,0.6455696202531646,1.0,103,12
prewhitened_ar,ex_games_12m_pct,hk_ppi_tech_gbp_12m_pct,full,12,-0.08596542557606772,-0.08596542557606772,0.35443037974683544,1.0,102,12
prewhitened_ar,ex_games_12m_pct,hk_ppi_tech_gbp_12m_pct,pre_2020,0,0.1321696423991585,0.25178612224579644,0.5,1.0,36,12
prewhitened_ar,ex_games_12m_pct,hk_ppi_tech_gbp_12m_pct,pre_2020,1,0.044648991489736944,0.03703034837417336,1.0,1.0,35,12
prewhitened_ar,ex_games_12m_pct,hk_ppi_tech_gbp_12m_pct,pre_2020,2,0.20209240778634618,0.21910771630226025,0.5,1.0,34,12
prewhitened_ar,ex_games_12m_pct,hk_ppi_tech_gbp_12m_pct,pre_2020,3,0.1887409991500039,0.16733237411022056,0.5,1.0,33,12
prewhitened_ar,ex_games_12m_pct,hk_ppi_tech_gbp_12m_pct,pre_2020,4,-0.06044917329714337,-0.13749306877057096,1.0,1.0,32,12
prewhitened_ar,ex_games_12m_pct,hk_ppi_tech_gbp_12m_pct,pre_2020,5,-0.010252119867329827,-0.022896459012637396,1.0,1.0,31,12
prewhitened_ar,ex_games_12m_pct,hk_ppi_tech_gbp_12m_pct,pre_2020,6,-0.1106973979971892,-0.12700192044489256,1.0,1.0,30,12
prewhitened_ar,ex_games_12m_pct,hk_ppi_tech_gbp_12m_pct,pre_2020,7,-0.06277441246027278,-0.15733321446067688,1.0,1.0,29,12
prewhitened_ar,ex_games_12m_pct,hk_ppi_tech_gbp_12m_pct,pre_2020,8,-0.09795805167089763,-0.11322289118285114,1.0,1.0,28,12
prewhitened_ar,ex_games_12m_pct,hk_ppi_tech_gbp_12m_pct,pre_2020,9,-0.026478310474060476,0.05406081964847424,1.0,1.0,27,12
prewhitened_ar,ex_games_12m_pct,hk_ppi_tech_gbp_12m_pct,pre_2020,10,0.10156204089711335,0.08632899132723251,1.0,1.0,26,12
prewhitened_ar,ex_games_12m_pct,hk_ppi_tech_gbp_12m_pct,pre_2020,11,-0.19875389208760083,-0.25421566832263387,1.0,1.0,25,12
prewhitened_ar,ex_games_12m_pct,hk_ppi_tech_gbp_12m_pct,pre_2020,12,-0.3217077816170715,-0.3217077816170715,1.0,1.0,24,12
prewhitened_ar,ex_games_12m_pct,hk_ppi_tech_gbp_12m_pct,pandemic_2020_2022,0,-0.2975088047565602,-0.294628046988342,0.5,1.0,36,12
prewhitened_ar,ex_games_12m_pct,hk_ppi_tech_gbp_12m_pct,pandemic_2020_2022,1,0.23201329110301872,0.29923004901976896,0.5,1.0,35,12
prewhitened_ar,ex_games_12m_pct,hk_ppi_tech_gbp_12m_pct,pandemic_2020_2022,2,-0.08822392272343658,0.04675118103038172,1.0,1.0,34,12
prewhitened_ar,ex_games_12m_pct,hk_ppi_tech_gbp_12m_pct,pandemic_2020_2022,3,-0.009064246375055056,0.03988518644550882,1.0,1.0,33,12
prewhitened_ar,ex_games_12m_pct,hk_ppi_tech_gbp_12m_pct,pandemic_2020_2022,4,-0.19973900597138272,-0.2939527075269997,1.0,1.0,32,12
prewhitened_ar,ex_games_12m_pct,hk_ppi_tech_gbp_12m_pct,pandemic_2020_2022,5,-0.10706677314243525,-0.0795986165588864,1.0,1.0,31,12
prewhitened_ar,ex_games_12m_pct,hk_ppi_tech_gbp_12m_pct,pandemic_2020_2022,6,-0.08534589190142278,0.019932937086969256,1.0,1.0,30,12
prewhitened_ar,ex_games_12m_pct,hk_ppi_tech_gbp_12m_pct,pandemic_2020_2022,7,0.32766650404945097,0.2585978729734401,0.5,1.0,29,12
prewhitened_ar,ex_games_12m_pct,hk_ppi_tech_gbp_12m_pct,pandemic_2020_2022,8,0.21039818851191716,0.3274850247027886,0.5,1.0,28,12
prewhitened_ar,ex_games_12m_pct,hk_ppi_tech_gbp_12m_pct,pandemic_2020_2022,9,-0.3385416442407617,-0.3124429649287387,0.5,1.0,27,12
prewhitened_ar,ex_games_12m_pct,hk_ppi_tech_gbp_12m_pct,pandemic_2020_2022,10,-0.08449230381541309,-0.0949463437317113,0.5,1.0,26,12
prewhitened_ar,ex_games_12m_pct,hk_ppi_tech_gbp_12m_pct,pandemic_2020_2022,11,0.07877114465938578,0.0767215772885736,1.0,1.0,25,12
prewhitened_ar,ex_games_12m_pct,hk_ppi_tech_gbp_12m_pct,pandemic_2020_2022,12,0.11959791343008389,0.11959791343008389,0.5,1.0,24,12
prewhitened_ar,ex_games_12m_pct,hk_ppi_tech_gbp_12m_pct,post_2022,0,-0.01963307998097922,-0.09726846765337609,0.7142857142857143,1.0,42,12
prewhitened_ar,ex_games_12m_pct,hk_ppi_tech_gbp_12m_pct,post_2022,1,-0.5106766685712949,-0.4639181091822201,0.2857142857142857,0.42857142857142855,41,12
prewhitened_ar,ex_games_12m_pct,hk_ppi_tech_gbp_12m_pct,post_2022,2,-0.217338457542638,-0.3146873201373537,0.42857142857142855,1.0,40,12
prewhitened_ar,ex_games_12m_pct,hk_ppi_tech_gbp_12m_pct,post_2022,3,-0.13690010677846556,-0.18893328099840023,0.5714285714285714,1.0,39,12
prewhitened_ar,ex_games_12m_pct,hk_ppi_tech_gbp_12m_pct,post_2022,4,0.46053054281189687,0.299902761547597,0.5714285714285714,1.0,38,12
prewhitened_ar,ex_games_12m_pct,hk_ppi_tech_gbp_12m_pct,post_2022,5,0.16146446041602558,0.29524602237140357,0.42857142857142855,1.0,37,12
prewhitened_ar,ex_games_12m_pct,hk_ppi_tech_gbp_12m_pct,post_2022,6,0.08118600609042406,-0.07407471031313659,0.7142857142857143,1.0,36,12
prewhitened_ar,ex_games_12m_pct,hk_ppi_tech_gbp_12m_pct,post_2022,7,-0.07042175320105808,0.05412380760917484,1.0,1.0,35,12
prewhitened_ar,ex_games_12m_pct,hk_ppi_tech_gbp_12m_pct,post_2022,8,-0.11597191857824087,-0.13078924145290963,0.7142857142857143,1.0,34,12
prewhitened_ar,ex_games_12m_pct,hk_ppi_tech_gbp_12m_pct,post_2022,9,-0.05956985667354371,0.000132218636707473,1.0,1.0,33,12
prewhitened_ar,ex_games_12m_pct,hk_ppi_tech_gbp_12m_pct,post_2022,10,-0.3156713511065492,-0.3216350597724123,0.14285714285714285,1.0,32,12
prewhitened_ar,ex_games_12m_pct,hk_ppi_tech_gbp_12m_pct,post_2022,11,0.13546310726021604,0.1351514122949388,0.7142857142857143,1.0,31,12
prewhitened_ar,ex_games_12m_pct,hk_ppi_tech_gbp_12m_pct,post_2022,12,-0.23182825840697577,-0.23182825840697577,0.42857142857142855,1.0,30,12
prewhitened_ar,ex_games_12m_pct,oecd_asia_c26_targeted_gbp_12m_pct,full,0,-0.0738799205773473,-0.09477929616952799,1.0,1.0,35,12
prewhitened_ar,ex_games_12m_pct,oecd_asia_c26_targeted_gbp_12m_pct,full,1,0.17670503572542376,0.15270895695239434,0.5,1.0,34,12
prewhitened_ar,ex_games_12m_pct,oecd_asia_c26_targeted_gbp_12m_pct,full,2,-0.016453644307639223,0.07123763907534582,1.0,1.0,33,12
prewhitened_ar,ex_games_12m_pct,oecd_asia_c26_targeted_gbp_12m_pct,full,3,0.24496161157923038,0.2239909024490758,0.5,1.0,32,12
prewhitened_ar,ex_games_12m_pct,oecd_asia_c26_targeted_gbp_12m_pct,full,4,-0.17561285317533432,-0.3563714983761659,0.5,0.5,31,12
prewhitened_ar,ex_games_12m_pct,oecd_asia_c26_targeted_gbp_12m_pct,full,5,0.25245358146610497,0.13333511661891553,0.5,1.0,30,12
prewhitened_ar,ex_games_12m_pct,oecd_asia_c26_targeted_gbp_12m_pct,full,6,-0.40476606036646035,-0.5328347289147557,0.5,0.5,29,12
prewhitened_ar,ex_games_12m_pct,oecd_asia_c26_targeted_gbp_12m_pct,full,7,0.08471099323845835,0.08959447507468724,1.0,1.0,28,12
prewhitened_ar,ex_games_12m_pct,oecd_asia_c26_targeted_gbp_12m_pct,full,8,0.21425676375573513,0.3102603385497199,0.5,1.0,27,12
prewhitened_ar,ex_games_12m_pct,oecd_asia_c26_targeted_gbp_12m_pct,full,9,0.012734766086827469,0.048134863886909775,0.5,1.0,26,12
prewhitened_ar,ex_games_12m_pct,oecd_asia_c26_targeted_gbp_12m_pct,full,10,0.11598076162195747,0.14921302616666912,0.5,1.0,25,12
prewhitened_ar,ex_games_12m_pct,oecd_asia_c26_targeted_gbp_12m_pct,full,11,0.035817431089006715,0.04435035704775729,1.0,1.0,24,12
prewhitened_ar,ex_games_12m_pct,oecd_asia_c26_targeted_gbp_12m_pct,full,12,-0.19202771794182188,-0.19202771794182188,0.5,1.0,23,12
prewhitened_ar,ex_games_12m_pct,oecd_asia_c26_targeted_gbp_12m_pct,post_2022,0,-0.032898112445279376,-0.04527743893202128,1.0,1.0,25,12
prewhitened_ar,ex_games_12m_pct,oecd_asia_c26_targeted_gbp_12m_pct,post_2022,1,0.1056419210235849,-0.0022983670443738093,1.0,1.0,24,12
prewhitened_ar,ex_games_12m_pct,oecd_asia_c26_targeted_gbp_12m_pct,post_2022,2,-0.003052327192798648,0.12947313926886958,0.5,1.0,23,12
prewhitened_ar,ex_games_12m_pct,oecd_asia_c26_targeted_gbp_12m_pct,post_2022,3,0.4269762007441708,0.5049544007693952,0.5,1.0,22,12
prewhitened_ar,ex_games_12m_pct,oecd_asia_c26_targeted_gbp_12m_pct,post_2022,4,0.017215167791295446,-0.10311590568191219,1.0,1.0,21,12
prewhitened_ar,ex_games_12m_pct,oecd_asia_c26_targeted_gbp_12m_pct,post_2022,5,0.4996895525134204,0.4688378425367583,0.5,1.0,20,12
prewhitened_ar,ex_games_12m_pct,oecd_asia_c26_targeted_gbp_12m_pct,post_2022,6,-0.523396704753484,-0.7160619048227617,0.5,1.0,19,12
prewhitened_ar,ex_games_12m_pct,oecd_asia_c26_targeted_gbp_12m_pct,post_2022,7,-0.025384297326489055,0.016126378499524037,1.0,1.0,18,12
prewhitened_ar,ex_games_12m_pct,oecd_asia_c26_targeted_gbp_12m_pct,post_2022,8,-0.021696037531034915,0.1504497859312792,0.5,1.0,17,12
prewhitened_ar,ex_games_12m_pct,oecd_asia_c26_targeted_gbp_12m_pct,post_2022,9,-0.3851659515748497,-0.3649496444397933,0.5,1.0,16,12
prewhitened_ar,ex_games_12m_pct,oecd_asia_c26_targeted_gbp_12m_pct,post_2022,10,0.11395015614460842,0.19456383238246475,0.5,1.0,15,12
prewhitened_ar,ex_games_12m_pct,oecd_asia_c26_targeted_gbp_12m_pct,post_2022,11,-0.04281849293475436,-0.021609631324138484,1.0,1.0,14,12
prewhitened_ar,ex_games_12m_pct,oecd_asia_c26_targeted_gbp_12m_pct,post_2022,12,-0.07345750018589432,-0.07345750018589432,0.5,1.0,13,12
prewhitened_ar,ex_games_12m_pct,oecd_asia_c26_bls_gbp_12m_pct,full,0,0.09952824776389288,0.11314844935954668,0.34285714285714286,1.0,105,12
prewhitened_ar,ex_games_12m_pct,oecd_asia_c26_bls_gbp_12m_pct,full,1,0.0658519878795729,-0.019192350127097843,0.9428571428571428,1.0,104,12
prewhitened_ar,ex_games_12m_pct,oecd_asia_c26_bls_gbp_12m_pct,full,2,0.15523250884047776,0.11896349853194167,0.35714285714285715,1.0,103,12
prewhitened_ar,ex_games_12m_pct,oecd_asia_c26_bls_gbp_12m_pct,full,3,0.08889316201330519,0.04234725307162463,0.7571428571428571,1.0,102,12
prewhitened_ar,ex_games_12m_pct,oecd_asia_c26_bls_gbp_12m_pct,full,4,-0.0859466552130937,-0.09544251215815987,0.42857142857142855,1.0,101,12
prewhitened_ar,ex_games_12m_pct,oecd_asia_c26_bls_gbp_12m_pct,full,5,0.08395329937903208,0.0701511204849188,0.5714285714285714,1.0,100,12
prewhitened_ar,ex_games_12m_pct,oecd_asia_c26_bls_gbp_12m_pct,full,6,-0.03520678325858293,-0.04681929604918304,0.6857142857142857,1.0,99,12
prewhitened_ar,ex_games_12m_pct,oecd_asia_c26_bls_gbp_12m_pct,full,7,0.09588878856303207,0.10013099966267845,0.4,1.0,98,12
prewhitened_ar,ex_games_12m_pct,oecd_asia_c26_bls_gbp_12m_pct,full,8,0.04673130239865725,0.05704658477071199,0.6714285714285714,1.0,97,12
prewhitened_ar,ex_games_12m_pct,oecd_asia_c26_bls_gbp_12m_pct,full,9,0.1443504547590083,0.1736746344575753,0.15714285714285714,0.8571428571428571,96,12
prewhitened_ar,ex_games_12m_pct,oecd_asia_c26_bls_gbp_12m_pct,full,10,-0.06515531036963444,-0.04870593314374427,0.7428571428571429,1.0,95,12
prewhitened_ar,ex_games_12m_pct,oecd_asia_c26_bls_gbp_12m_pct,full,11,0.18979048066161538,0.1873872482070775,0.11428571428571428,0.8142857142857143,94,12
prewhitened_ar,ex_games_12m_pct,oecd_asia_c26_bls_gbp_12m_pct,full,12,-0.0007854405819181709,-0.0007854405819181709,0.9857142857142858,1.0,93,12
prewhitened_ar,ex_games_12m_pct,oecd_asia_c26_bls_gbp_12m_pct,pre_2020,0,0.3897668958570846,0.4334788667211871,0.5,0.5,36,12
prewhitened_ar,ex_games_12m_pct,oecd_asia_c26_bls_gbp_12m_pct,pre_2020,1,-0.17689520249513935,-0.38380568300853796,0.5,0.5,35,12
prewhitened_ar,ex_games_12m_pct,oecd_asia_c26_bls_gbp_12m_pct,pre_2020,2,0.12000124744569374,0.01922023004820699,1.0,1.0,34,12
prewhitened_ar,ex_games_12m_pct,oecd_asia_c26_bls_gbp_12m_pct,pre_2020,3,0.09179120591035048,0.1188616743019807,1.0,1.0,33,12
prewhitened_ar,ex_games_12m_pct,oecd_asia_c26_bls_gbp_12m_pct,pre_2020,4,-0.15020377966372234,-0.20046491939631897,0.5,1.0,32,12
prewhitened_ar,ex_games_12m_pct,oecd_asia_c26_bls_gbp_12m_pct,pre_2020,5,0.2181836893817385,0.3868795915299378,0.5,0.5,31,12
prewhitened_ar,ex_games_12m_pct,oecd_asia_c26_bls_gbp_12m_pct,pre_2020,6,0.11740316141345634,0.03885144806227226,1.0,1.0,30,12
prewhitened_ar,ex_games_12m_pct,oecd_asia_c26_bls_gbp_12m_pct,pre_2020,7,0.16587977076621946,0.08318792543009981,0.5,1.0,29,12
prewhitened_ar,ex_games_12m_pct,oecd_asia_c26_bls_gbp_12m_pct,pre_2020,8,-0.09775191612200745,-0.10149668990606517,0.5,1.0,28,12
prewhitened_ar,ex_games_12m_pct,oecd_asia_c26_bls_gbp_12m_pct,pre_2020,9,-0.06639729715182999,-0.21483629010552496,0.5,1.0,27,12
prewhitened_ar,ex_games_12m_pct,oecd_asia_c26_bls_gbp_12m_pct,pre_2020,10,-0.07800825010476949,-0.15252672923551666,0.5,1.0,26,12
prewhitened_ar,ex_games_12m_pct,oecd_asia_c26_bls_gbp_12m_pct,pre_2020,11,-0.08243002655169614,-0.13412793812487203,0.5,1.0,25,12
prewhitened_ar,ex_games_12m_pct,oecd_asia_c26_bls_gbp_12m_pct,pre_2020,12,-0.1476273664386402,-0.1476273664386402,0.5,1.0,24,12
prewhitened_ar,ex_games_12m_pct,oecd_asia_c26_bls_gbp_12m_pct,pandemic_2020_2022,0,0.021126752094147116,0.1796079400196302,0.5,1.0,36,12
prewhitened_ar,ex_games_12m_pct,oecd_asia_c26_bls_gbp_12m_pct,pandemic_2020_2022,1,0.021212702949795756,-0.1993128137077161,0.5,1.0,35,12
prewhitened_ar,ex_games_12m_pct,oecd_asia_c26_bls_gbp_12m_pct,pandemic_2020_2022,2,-0.11073580226312105,0.054207426414184766,1.0,1.0,34,12
prewhitened_ar,ex_games_12m_pct,oecd_asia_c26_bls_gbp_12m_pct,pandemic_2020_2022,3,-0.0669648827590103,-0.007194842475706046,1.0,1.0,33,12
prewhitened_ar,ex_games_12m_pct,oecd_asia_c26_bls_gbp_12m_pct,pandemic_2020_2022,4,-0.025525563090765317,0.035797298182333556,1.0,1.0,32,12
prewhitened_ar,ex_games_12m_pct,oecd_asia_c26_bls_gbp_12m_pct,pandemic_2020_2022,5,-0.024906812692621804,-0.11975312000920489,0.5,1.0,31,12
prewhitened_ar,ex_games_12m_pct,oecd_asia_c26_bls_gbp_12m_pct,pandemic_2020_2022,6,-0.2222515676090222,-0.1864469938267308,0.5,1.0,30,12
prewhitened_ar,ex_games_12m_pct,oecd_asia_c26_bls_gbp_12m_pct,pandemic_2020_2022,7,-0.3391019214805312,-0.35449734065388755,0.5,1.0,29,12
prewhitened_ar,ex_games_12m_pct,oecd_asia_c26_bls_gbp_12m_pct,pandemic_2020_2022,8,-0.02147083398598319,-0.033758087323310385,1.0,1.0,28,12
prewhitened_ar,ex_games_12m_pct,oecd_asia_c26_bls_gbp_12m_pct,pandemic_2020_2022,9,-0.010090079583160739,0.06815421285658643,1.0,1.0,27,12
prewhitened_ar,ex_games_12m_pct,oecd_asia_c26_bls_gbp_12m_pct,pandemic_2020_2022,10,-0.20635151626767936,-0.22231150035212088,1.0,1.0,26,12
prewhitened_ar,ex_games_12m_pct,oecd_asia_c26_bls_gbp_12m_pct,pandemic_2020_2022,11,0.4170547611762332,0.4051683234215592,0.5,0.5,25,12
prewhitened_ar,ex_games_12m_pct,oecd_asia_c26_bls_gbp_12m_pct,pandemic_2020_2022,12,0.09277631296956652,0.09277631296956652,0.5,1.0,24,12
prewhitened_ar,ex_games_12m_pct,oecd_asia_c26_bls_gbp_12m_pct,post_2022,0,-0.11492389124656444,-0.16397472965228177,0.5,1.0,33,12
prewhitened_ar,ex_games_12m_pct,oecd_asia_c26_bls_gbp_12m_pct,post_2022,1,0.2691550544589686,0.09046431039664822,1.0,1.0,32,12
prewhitened_ar,ex_games_12m_pct,oecd_asia_c26_bls_gbp_12m_pct,post_2022,2,0.34826439942952053,0.3212021677290879,0.5,1.0,31,12
prewhitened_ar,ex_games_12m_pct,oecd_asia_c26_bls_gbp_12m_pct,post_2022,3,0.2720494787893314,0.20956747560392083,0.5,1.0,30,12
prewhitened_ar,ex_games_12m_pct,oecd_asia_c26_bls_gbp_12m_pct,post_2022,4,-0.030017370261078282,-0.0002113287409450859,1.0,1.0,29,12
prewhitened_ar,ex_games_12m_pct,oecd_asia_c26_bls_gbp_12m_pct,post_2022,5,0.037567372020232,0.009043520754167684,1.0,1.0,28,12
prewhitened_ar,ex_games_12m_pct,oecd_asia_c26_bls_gbp_12m_pct,post_2022,6,-0.22620382646517845,-0.29075563738109345,1.0,1.0,27,12
prewhitened_ar,ex_games_12m_pct,oecd_asia_c26_bls_gbp_12m_pct,post_2022,7,0.07151316075684643,0.08820624560603052,1.0,1.0,26,12
prewhitened_ar,ex_games_12m_pct,oecd_asia_c26_bls_gbp_12m_pct,post_2022,8,-0.06373591923742566,-0.05524014392091374,0.5,1.0,25,12
prewhitened_ar,ex_games_12m_pct,oecd_asia_c26_bls_gbp_12m_pct,post_2022,9,0.3109849552193268,0.4296995137429308,1.0,1.0,24,12
prewhitened_ar,ex_games_12m_pct,oecd_asia_c26_bls_gbp_12m_pct,post_2022,10,-0.029812955859842255,0.03327237641091246,1.0,1.0,23,12
prewhitened_ar,ex_games_12m_pct,oecd_asia_c26_bls_gbp_12m_pct,post_2022,11,0.22090699133051664,0.2161274429142697,1.0,1.0,22,12
prewhitened_ar,ex_games_12m_pct,oecd_asia_c26_bls_gbp_12m_pct,post_2022,12,0.03671706430608655,0.03671706430608655,1.0,1.0,21,12
prewhitened_ar,ex_games_12m_pct,fred_china_computer_electronics_gbp_12m_pct,full,0,0.09869576232257608,0.11012794187890497,0.37142857142857144,1.0,105,12
prewhitened_ar,ex_games_12m_pct,fred_china_computer_electronics_gbp_12m_pct,full,1,0.06924515103451873,-0.019058303815246577,0.9285714285714286,1.0,104,12
prewhitened_ar,ex_games_12m_pct,fred_china_computer_electronics_gbp_12m_pct,full,2,0.15719380585854678,0.1203285704803521,0.37142857142857144,1.0,103,12
prewhitened_ar,ex_games_12m_pct,fred_china_computer_electronics_gbp_12m_pct,full,3,0.09044771084271283,0.043985468386249164,0.7285714285714285,1.0,102,12
prewhitened_ar,ex_games_12m_pct,fred_china_computer_electronics_gbp_12m_pct,full,4,-0.08857816606483059,-0.10237748951939006,0.38571428571428573,1.0,101,12
prewhitened_ar,ex_games_12m_pct,fred_china_computer_electronics_gbp_12m_pct,full,5,0.08894527380416599,0.07443034899932528,0.5571428571428572,1.0,100,12
prewhitened_ar,ex_games_12m_pct,fred_china_computer_electronics_gbp_12m_pct,full,6,-0.026579403964617977,-0.03958920249224325,0.8,1.0,99,12
prewhitened_ar,ex_games_12m_pct,fred_china_computer_electronics_gbp_12m_pct,full,7,0.10198367319757398,0.10339837213248819,0.37142857142857144,1.0,98,12
prewhitened_ar,ex_games_12m_pct,fred_china_computer_electronics_gbp_12m_pct,full,8,0.05282673061286813,0.062429688070142805,0.6285714285714286,1.0,97,12
prewhitened_ar,ex_games_12m_pct,fred_china_computer_electronics_gbp_12m_pct,full,9,0.1487158920150844,0.17776191868406238,0.15714285714285714,0.8428571428571429,96,12
prewhitened_ar,ex_games_12m_pct,fred_china_computer_electronics_gbp_12m_pct,full,10,-0.07576184585029866,-0.06075929912618521,0.6571428571428571,1.0,95,12
prewhitened_ar,ex_games_12m_pct,fred_china_computer_electronics_gbp_12m_pct,full,11,0.18385890357386803,0.18108679944022948,0.12857142857142856,0.8428571428571429,94,12
prewhitened_ar,ex_games_12m_pct,fred_china_computer_electronics_gbp_12m_pct,full,12,0.002228066224079501,0.002228066224079501,0.9571428571428572,1.0,93,12
prewhitened_ar,ex_games_12m_pct,fred_china_computer_electronics_gbp_12m_pct,pre_2020,0,0.3914134791429539,0.4369460497768319,0.5,0.5,36,12
prewhitened_ar,ex_games_12m_pct,fred_china_computer_electronics_gbp_12m_pct,pre_2020,1,-0.17763763893630416,-0.3806111141533895,0.5,0.5,35,12
prewhitened_ar,ex_games_12m_pct,fred_china_computer_electronics_gbp_12m_pct,pre_2020,2,0.1140585498516469,0.011019723429189894,1.0,1.0,34,12
prewhitened_ar,ex_games_12m_pct,fred_china_computer_electronics_gbp_12m_pct,pre_2020,3,0.10276270047798448,0.1323885408898729,0.5,1.0,33,12
prewhitened_ar,ex_games_12m_pct,fred_china_computer_electronics_gbp_12m_pct,pre_2020,4,-0.16062530786963017,-0.20390981837513034,0.5,1.0,32,12
prewhitened_ar,ex_games_12m_pct,fred_china_computer_electronics_gbp_12m_pct,pre_2020,5,0.2258348233072059,0.39580255303539374,0.5,0.5,31,12
prewhitened_ar,ex_games_12m_pct,fred_china_computer_electronics_gbp_12m_pct,pre_2020,6,0.12552563465894134,0.04694103387820347,1.0,1.0,30,12
prewhitened_ar,ex_games_12m_pct,fred_china_computer_electronics_gbp_12m_pct,pre_2020,7,0.13273633428640333,0.042547090223555996,1.0,1.0,29,12
prewhitened_ar,ex_games_12m_pct,fred_china_computer_electronics_gbp_12m_pct,pre_2020,8,-0.11199123176038628,-0.11290361295046399,0.5,1.0,28,12
prewhitened_ar,ex_games_12m_pct,fred_china_computer_electronics_gbp_12m_pct,pre_2020,9,-0.05018791548129604,-0.19334032459245806,0.5,1.0,27,12
prewhitened_ar,ex_games_12m_pct,fred_china_computer_electronics_gbp_12m_pct,pre_2020,10,-0.0843012821812976,-0.15825634326921983,0.5,1.0,26,12
prewhitened_ar,ex_games_12m_pct,fred_china_computer_electronics_gbp_12m_pct,pre_2020,11,-0.09940652745021535,-0.1457057952951551,0.5,1.0,25,12
prewhitened_ar,ex_games_12m_pct,fred_china_computer_electronics_gbp_12m_pct,pre_2020,12,-0.15512497057796779,-0.15512497057796779,0.5,1.0,24,12
prewhitened_ar,ex_games_12m_pct,fred_china_computer_electronics_gbp_12m_pct,pandemic_2020_2022,0,0.016676276356906432,0.17180165553228485,0.5,1.0,36,12
prewhitened_ar,ex_games_12m_pct,fred_china_computer_electronics_gbp_12m_pct,pandemic_2020_2022,1,0.01507361895052371,-0.2095552301497406,0.5,1.0,35,12
prewhitened_ar,ex_games_12m_pct,fred_china_computer_electronics_gbp_12m_pct,pandemic_2020_2022,2,-0.08964103978214785,0.08123957705682526,1.0,1.0,34,12
prewhitened_ar,ex_games_12m_pct,fred_china_computer_electronics_gbp_12m_pct,pandemic_2020_2022,3,-0.07300401403052081,-0.0041046697539025775,1.0,1.0,33,12
prewhitened_ar,ex_games_12m_pct,fred_china_computer_electronics_gbp_12m_pct,pandemic_2020_2022,4,-0.02150033548714286,0.038767742370315265,1.0,1.0,32,12
prewhitened_ar,ex_games_12m_pct,fred_china_computer_electronics_gbp_12m_pct,pandemic_2020_2022,5,-0.02729449677880416,-0.1251314742825896,0.5,1.0,31,12
prewhitened_ar,ex_games_12m_pct,fred_china_computer_electronics_gbp_12m_pct,pandemic_2020_2022,6,-0.20848248023596933,-0.16746247961936153,0.5,1.0,30,12
prewhitened_ar,ex_games_12m_pct,fred_china_computer_electronics_gbp_12m_pct,pandemic_2020_2022,7,-0.33555404074283995,-0.3479435739368426,0.5,1.0,29,12
prewhitened_ar,ex_games_12m_pct,fred_china_computer_electronics_gbp_12m_pct,pandemic_2020_2022,8,-0.012924140021914348,-0.031427427818785436,1.0,1.0,28,12
prewhitened_ar,ex_games_12m_pct,fred_china_computer_electronics_gbp_12m_pct,pandemic_2020_2022,9,-0.005224090458383672,0.07624145756581731,0.5,1.0,27,12
prewhitened_ar,ex_games_12m_pct,fred_china_computer_electronics_gbp_12m_pct,pandemic_2020_2022,10,-0.213712076352138,-0.22829716903588437,1.0,1.0,26,12
prewhitened_ar,ex_games_12m_pct,fred_china_computer_electronics_gbp_12m_pct,pandemic_2020_2022,11,0.4217531381921833,0.4093516341136717,0.5,0.5,25,12
prewhitened_ar,ex_games_12m_pct,fred_china_computer_electronics_gbp_12m_pct,pandemic_2020_2022,12,0.10459145936579585,0.10459145936579585,0.5,1.0,24,12
prewhitened_ar,ex_games_12m_pct,fred_china_computer_electronics_gbp_12m_pct,post_2022,0,-0.11655253777997213,-0.1776209362065234,0.5,1.0,33,12
prewhitened_ar,ex_games_12m_pct,fred_china_computer_electronics_gbp_12m_pct,post_2022,1,0.28294759035739947,0.09244988812179566,1.0,1.0,32,12
prewhitened_ar,ex_games_12m_pct,fred_china_computer_electronics_gbp_12m_pct,post_2022,2,0.35106877126163216,0.3211968589074273,0.5,1.0,31,12
prewhitened_ar,ex_games_12m_pct,fred_china_computer_electronics_gbp_12m_pct,post_2022,3,0.2758631860641627,0.21327904091636737,0.5,1.0,30,12
prewhitened_ar,ex_games_12m_pct,fred_china_computer_electronics_gbp_12m_pct,post_2022,4,-0.03245418123315063,-0.017575131636982187,1.0,1.0,29,12
prewhitened_ar,ex_games_12m_pct,fred_china_computer_electronics_gbp_12m_pct,post_2022,5,0.04119032162496994,0.008187723486111728,1.0,1.0,28,12
prewhitened_ar,ex_games_12m_pct,fred_china_computer_electronics_gbp_12m_pct,post_2022,6,-0.2273264151607541,-0.30006493221903463,1.0,1.0,27,12
prewhitened_ar,ex_games_12m_pct,fred_china_computer_electronics_gbp_12m_pct,post_2022,7,0.10626994884935041,0.1186853007608867,1.0,1.0,26,12
prewhitened_ar,ex_games_12m_pct,fred_china_computer_electronics_gbp_12m_pct,post_2022,8,-0.04992871413825025,-0.04269617061176737,1.0,1.0,25,12
prewhitened_ar,ex_games_12m_pct,fred_china_computer_electronics_gbp_12m_pct,post_2022,9,0.31710348431594826,0.4357377280322172,1.0,1.0,24,12
prewhitened_ar,ex_games_12m_pct,fred_china_computer_electronics_gbp_12m_pct,post_2022,10,-0.04873666419725627,0.008962300839209396,1.0,1.0,23,12
prewhitened_ar,ex_games_12m_pct,fred_china_computer_electronics_gbp_12m_pct,post_2022,11,0.2203257227949324,0.21384875071083348,1.0,1.0,22,12
prewhitened_ar,ex_games_12m_pct,fred_china_computer_electronics_gbp_12m_pct,post_2022,12,0.05168897844577353,0.05168897844577353,1.0,1.0,21,12
prewhitened_ar,ex_games_12m_pct,fred_japan_computer_electronics_gbp_12m_pct,full,0,0.1134852306416139,0.10718581424633475,0.37142857142857144,1.0,105,12
prewhitened_ar,ex_games_12m_pct,fred_japan_computer_electronics_gbp_12m_pct,full,1,0.054340498836397404,-0.036722328957882036,0.8142857142857143,1.0,104,12
prewhitened_ar,ex_games_12m_pct,fred_japan_computer_electronics_gbp_12m_pct,full,2,0.10741477184034119,0.0804496979945045,0.5428571428571428,1.0,103,12
prewhitened_ar,ex_games_12m_pct,fred_japan_computer_electronics_gbp_12m_pct,full,3,0.05737921018132115,0.014041976037513459,0.9,1.0,102,12
prewhitened_ar,ex_games_12m_pct,fred_japan_computer_electronics_gbp_12m_pct,full,4,-0.09648485828705297,-0.10374518484103458,0.4,1.0,101,12
prewhitened_ar,ex_games_12m_pct,fred_japan_computer_electronics_gbp_12m_pct,full,5,0.0811714291190008,0.05796232078519838,0.6142857142857143,1.0,100,12
prewhitened_ar,ex_games_12m_pct,fred_japan_computer_electronics_gbp_12m_pct,full,6,-0.040953989187391134,-0.05882849580547106,0.6142857142857143,1.0,99,12
prewhitened_ar,ex_games_12m_pct,fred_japan_computer_electronics_gbp_12m_pct,full,7,0.05521906947471261,0.060119378066220155,0.6142857142857143,1.0,98,12
prewhitened_ar,ex_games_12m_pct,fred_japan_computer_electronics_gbp_12m_pct,full,8,0.026808154772203694,0.03691722567580174,0.7285714285714285,1.0,97,12
prewhitened_ar,ex_games_12m_pct,fred_japan_computer_electronics_gbp_12m_pct,full,9,0.12124013957388116,0.1430463672279832,0.2714285714285714,1.0,96,12
prewhitened_ar,ex_games_12m_pct,fred_japan_computer_electronics_gbp_12m_pct,full,10,-0.06609831553072958,-0.05480317900241339,0.6285714285714286,1.0,95,12
prewhitened_ar,ex_games_12m_pct,fred_japan_computer_electronics_gbp_12m_pct,full,11,0.2397609052990132,0.23598131231040778,0.014285714285714285,0.21428571428571427,94,12
prewhitened_ar,ex_games_12m_pct,fred_japan_computer_electronics_gbp_12m_pct,full,12,-0.02348978339454777,-0.02348978339454777,0.8142857142857143,1.0,93,12
prewhitened_ar,ex_games_12m_pct,fred_japan_computer_electronics_gbp_12m_pct,pre_2020,0,0.37822723818485743,0.4334515080160294,0.5,0.5,36,12
prewhitened_ar,ex_games_12m_pct,fred_japan_computer_electronics_gbp_12m_pct,pre_2020,1,-0.2859797275866,-0.4894156424727294,0.5,0.5,35,12
prewhitened_ar,ex_games_12m_pct,fred_japan_computer_electronics_gbp_12m_pct,pre_2020,2,0.07773199654753842,0.018682962077115717,1.0,1.0,34,12
prewhitened_ar,ex_games_12m_pct,fred_japan_computer_electronics_gbp_12m_pct,pre_2020,3,0.07305514492345809,0.11429414800586839,1.0,1.0,33,12
prewhitened_ar,ex_games_12m_pct,fred_japan_computer_electronics_gbp_12m_pct,pre_2020,4,-0.1503189202945006,-0.2007850646519167,0.5,1.0,32,12
prewhitened_ar,ex_games_12m_pct,fred_japan_computer_electronics_gbp_12m_pct,pre_2020,5,0.18118147517189567,0.36903226531362177,0.5,0.5,31,12
prewhitened_ar,ex_games_12m_pct,fred_japan_computer_electronics_gbp_12m_pct,pre_2020,6,0.08429982232352994,0.04082953660850625,1.0,1.0,30,12
prewhitened_ar,ex_games_12m_pct,fred_japan_computer_electronics_gbp_12m_pct,pre_2020,7,0.2222661433782597,0.18790710300984068,0.5,1.0,29,12
prewhitened_ar,ex_games_12m_pct,fred_japan_computer_electronics_gbp_12m_pct,pre_2020,8,-0.045700232521947666,-0.04189418469417015,0.5,1.0,28,12
prewhitened_ar,ex_games_12m_pct,fred_japan_computer_electronics_gbp_12m_pct,pre_2020,9,-0.1820822980270195,-0.3255860897461381,0.5,1.0,27,12
prewhitened_ar,ex_games_12m_pct,fred_japan_computer_electronics_gbp_12m_pct,pre_2020,10,-0.04181083002367595,-0.09874119204105906,1.0,1.0,26,12
prewhitened_ar,ex_games_12m_pct,fred_japan_computer_electronics_gbp_12m_pct,pre_2020,11,0.07860477917365576,0.024142294216161053,1.0,1.0,25,12
prewhitened_ar,ex_games_12m_pct,fred_japan_computer_electronics_gbp_12m_pct,pre_2020,12,-0.12563813718007497,-0.12563813718007497,0.5,1.0,24,12
prewhitened_ar,ex_games_12m_pct,fred_japan_computer_electronics_gbp_12m_pct,pandemic_2020_2022,0,-0.024282426694308062,0.1317579738772771,0.5,1.0,36,12
prewhitened_ar,ex_games_12m_pct,fred_japan_computer_electronics_gbp_12m_pct,pandemic_2020_2022,1,0.06517727926511555,-0.15467996628961944,0.5,1.0,35,12
prewhitened_ar,ex_games_12m_pct,fred_japan_computer_electronics_gbp_12m_pct,pandemic_2020_2022,2,-0.1402620279115574,-0.018760496647797113,1.0,1.0,34,12
prewhitened_ar,ex_games_12m_pct,fred_japan_computer_electronics_gbp_12m_pct,pandemic_2020_2022,3,-0.09306302594746517,0.005768796956673206,1.0,1.0,33,12
prewhitened_ar,ex_games_12m_pct,fred_japan_computer_electronics_gbp_12m_pct,pandemic_2020_2022,4,-0.03531089289518483,-0.017628663911406734,1.0,1.0,32,12
prewhitened_ar,ex_games_12m_pct,fred_japan_computer_electronics_gbp_12m_pct,pandemic_2020_2022,5,-0.027912878467580483,-0.12384820091402605,0.5,1.0,31,12
prewhitened_ar,ex_games_12m_pct,fred_japan_computer_electronics_gbp_12m_pct,pandemic_2020_2022,6,-0.13554018127362466,-0.07899190960378191,1.0,1.0,30,12
prewhitened_ar,ex_games_12m_pct,fred_japan_computer_electronics_gbp_12m_pct,pandemic_2020_2022,7,-0.39211689529775406,-0.40881963242096864,0.5,0.5,29,12
prewhitened_ar,ex_games_12m_pct,fred_japan_computer_electronics_gbp_12m_pct,pandemic_2020_2022,8,0.010874557017081383,0.0020678625074771343,1.0,1.0,28,12
prewhitened_ar,ex_games_12m_pct,fred_japan_computer_electronics_gbp_12m_pct,pandemic_2020_2022,9,-0.06629292545448136,0.0019251820764127263,1.0,1.0,27,12
prewhitened_ar,ex_games_12m_pct,fred_japan_computer_electronics_gbp_12m_pct,pandemic_2020_2022,10,-0.22415782053464203,-0.23825298206976772,1.0,1.0,26,12
prewhitened_ar,ex_games_12m_pct,fred_japan_computer_electronics_gbp_12m_pct,pandemic_2020_2022,11,0.5001184993695937,0.49171108343966097,0.5,0.5,25,12
prewhitened_ar,ex_games_12m_pct,fred_japan_computer_electronics_gbp_12m_pct,pandemic_2020_2022,12,0.0631808814356581,0.0631808814356581,0.5,1.0,24,12
prewhitened_ar,ex_games_12m_pct,fred_japan_computer_electronics_gbp_12m_pct,post_2022,0,-0.036567356929847264,-0.12369618549443595,1.0,1.0,33,12
prewhitened_ar,ex_games_12m_pct,fred_japan_computer_electronics_gbp_12m_pct,post_2022,1,0.34392535648048567,0.18979902015778521,0.5,1.0,32,12
prewhitened_ar,ex_games_12m_pct,fred_japan_computer_electronics_gbp_12m_pct,post_2022,2,0.2968375497862191,0.30642766173343533,0.5,1.0,31,12
prewhitened_ar,ex_games_12m_pct,fred_japan_computer_electronics_gbp_12m_pct,post_2022,3,0.243632308350329,0.19685428520900516,0.5,1.0,30,12
prewhitened_ar,ex_games_12m_pct,fred_japan_computer_electronics_gbp_12m_pct,post_2022,4,-0.003376567459703217,0.0578531163425234,1.0,1.0,29,12
prewhitened_ar,ex_games_12m_pct,fred_japan_computer_electronics_gbp_12m_pct,post_2022,5,0.10989350386071399,0.07899039508675634,0.5,1.0,28,12
prewhitened_ar,ex_games_12m_pct,fred_japan_computer_electronics_gbp_12m_pct,post_2022,6,-0.22599647516376783,-0.30945174087597377,0.5,1.0,27,12
prewhitened_ar,ex_games_12m_pct,fred_japan_computer_electronics_gbp_12m_pct,post_2022,7,-0.044410457634216326,-0.03664094237572915,1.0,1.0,26,12
prewhitened_ar,ex_games_12m_pct,fred_japan_computer_electronics_gbp_12m_pct,post_2022,8,-0.1033624238966101,-0.09274792863847146,0.5,1.0,25,12
prewhitened_ar,ex_games_12m_pct,fred_japan_computer_electronics_gbp_12m_pct,post_2022,9,0.38699396272694886,0.4948110676830484,0.5,0.5,24,12
prewhitened_ar,ex_games_12m_pct,fred_japan_computer_electronics_gbp_12m_pct,post_2022,10,-0.017736299917680443,0.03373180760321047,1.0,1.0,23,12
prewhitened_ar,ex_games_12m_pct,fred_japan_computer_electronics_gbp_12m_pct,post_2022,11,0.2705436375197387,0.260909615406198,1.0,1.0,22,12
prewhitened_ar,ex_games_12m_pct,fred_japan_computer_electronics_gbp_12m_pct,post_2022,12,-0.07659104292548397,-0.07659104292548397,1.0,1.0,21,12
prewhitened_ar,ex_games_12m_pct,fred_asian_nie_computer_electronics_gbp_12m_pct,full,0,0.08879921877748172,0.11444613811127735,0.4,1.0,105,12
prewhitened_ar,ex_games_12m_pct,fred_asian_nie_computer_electronics_gbp_12m_pct,full,1,0.05268733426263406,-0.012909181207671731,0.9142857142857143,1.0,104,12
prewhitened_ar,ex_games_12m_pct,fred_asian_nie_computer_electronics_gbp_12m_pct,full,2,0.14892965886026172,0.1153333933156944,0.37142857142857144,1.0,103,12
prewhitened_ar,ex_games_12m_pct,fred_asian_nie_computer_electronics_gbp_12m_pct,full,3,0.0830228545735191,0.03870476958967589,0.8142857142857143,1.0,102,12
prewhitened_ar,ex_games_12m_pct,fred_asian_nie_computer_electronics_gbp_12m_pct,full,4,-0.06643092354405614,-0.05813563606429662,0.6285714285714286,1.0,101,12
prewhitened_ar,ex_games_12m_pct,fred_asian_nie_computer_electronics_gbp_12m_pct,full,5,0.06766714494894042,0.060624938635353474,0.6142857142857143,1.0,100,12
prewhitened_ar,ex_games_12m_pct,fred_asian_nie_computer_electronics_gbp_12m_pct,full,6,-0.06895895317816106,-0.0722722812469324,0.5285714285714286,1.0,99,12
prewhitened_ar,ex_games_12m_pct,fred_asian_nie_computer_electronics_gbp_12m_pct,full,7,0.08118480200734206,0.09585686054030985,0.4142857142857143,1.0,98,12
prewhitened_ar,ex_games_12m_pct,fred_asian_nie_computer_electronics_gbp_12m_pct,full,8,0.0198486974578149,0.03219721550731042,0.8142857142857143,1.0,97,12
prewhitened_ar,ex_games_12m_pct,fred_asian_nie_computer_electronics_gbp_12m_pct,full,9,0.12144515948115363,0.15286403202047716,0.2,0.9571428571428572,96,12
prewhitened_ar,ex_games_12m_pct,fred_asian_nie_computer_electronics_gbp_12m_pct,full,10,-0.009755944082139879,0.012930587915459157,0.9,1.0,95,12
prewhitened_ar,ex_games_12m_pct,fred_asian_nie_computer_electronics_gbp_12m_pct,full,11,0.18813343635376548,0.18697736529772171,0.1,0.7571428571428571,94,12
prewhitened_ar,ex_games_12m_pct,fred_asian_nie_computer_electronics_gbp_12m_pct,full,12,0.0006909373634495635,0.0006909373634495635,1.0,1.0,93,12
prewhitened_ar,ex_games_12m_pct,fred_asian_nie_computer_electronics_gbp_12m_pct,pre_2020,0,0.3553525405914599,0.3803032565794326,0.5,1.0,36,12
prewhitened_ar,ex_games_12m_pct,fred_asian_nie_computer_electronics_gbp_12m_pct,pre_2020,1,-0.12156079262920802,-0.3357459781559915,0.5,1.0,35,12
prewhitened_ar,ex_games_12m_pct,fred_asian_nie_computer_electronics_gbp_12m_pct,pre_2020,2,0.1619076179343577,0.05968102965903281,1.0,1.0,34,12
prewhitened_ar,ex_games_12m_pct,fred_asian_nie_computer_electronics_gbp_12m_pct,pre_2020,3,0.039429480458414476,0.048766324058260646,1.0,1.0,33,12
prewhitened_ar,ex_games_12m_pct,fred_asian_nie_computer_electronics_gbp_12m_pct,pre_2020,4,-0.09704387025456783,-0.16574034275743885,0.5,1.0,32,12
prewhitened_ar,ex_games_12m_pct,fred_asian_nie_computer_electronics_gbp_12m_pct,pre_2020,5,0.19591423051631468,0.34031069348758713,0.5,1.0,31,12
prewhitened_ar,ex_games_12m_pct,fred_asian_nie_computer_electronics_gbp_12m_pct,pre_2020,6,0.0900228238354401,0.0001556362936696456,1.0,1.0,30,12
prewhitened_ar,ex_games_12m_pct,fred_asian_nie_computer_electronics_gbp_12m_pct,pre_2020,7,0.2791376590750154,0.21749103790420088,0.5,1.0,29,12
prewhitened_ar,ex_games_12m_pct,fred_asian_nie_computer_electronics_gbp_12m_pct,pre_2020,8,-0.06860711082240485,-0.0843032966761289,1.0,1.0,28,12
prewhitened_ar,ex_games_12m_pct,fred_asian_nie_computer_electronics_gbp_12m_pct,pre_2020,9,-0.09397517533574316,-0.2617889382325123,0.5,1.0,27,12
prewhitened_ar,ex_games_12m_pct,fred_asian_nie_computer_electronics_gbp_12m_pct,pre_2020,10,-0.049606628608438424,-0.13239168707064072,1.0,1.0,26,12
prewhitened_ar,ex_games_12m_pct,fred_asian_nie_computer_electronics_gbp_12m_pct,pre_2020,11,-0.06814303164515717,-0.1313362652477949,0.5,1.0,25,12
prewhitened_ar,ex_games_12m_pct,fred_asian_nie_computer_electronics_gbp_12m_pct,pre_2020,12,-0.10701711469689469,-0.10701711469689469,0.5,1.0,24,12
prewhitened_ar,ex_games_12m_pct,fred_asian_nie_computer_electronics_gbp_12m_pct,pandemic_2020_2022,0,0.05549135487676868,0.21941065135346946,0.5,1.0,36,12
prewhitened_ar,ex_games_12m_pct,fred_asian_nie_computer_electronics_gbp_12m_pct,pandemic_2020_2022,1,0.025313575507182787,-0.1656643974984977,0.5,1.0,35,12
prewhitened_ar,ex_games_12m_pct,fred_asian_nie_computer_electronics_gbp_12m_pct,pandemic_2020_2022,2,-0.1881142341658175,-0.0384957325898163,0.5,1.0,34,12
prewhitened_ar,ex_games_12m_pct,fred_asian_nie_computer_electronics_gbp_12m_pct,pandemic_2020_2022,3,-0.028786204549150013,-0.02234435965300666,1.0,1.0,33,12
prewhitened_ar,ex_games_12m_pct,fred_asian_nie_computer_electronics_gbp_12m_pct,pandemic_2020_2022,4,-0.03320307400334475,0.04358057619816707,1.0,1.0,32,12
prewhitened_ar,ex_games_12m_pct,fred_asian_nie_computer_electronics_gbp_12m_pct,pandemic_2020_2022,5,0.0005301847971687761,-0.07155643223508365,0.5,1.0,31,12
prewhitened_ar,ex_games_12m_pct,fred_asian_nie_computer_electronics_gbp_12m_pct,pandemic_2020_2022,6,-0.30889797736562336,-0.303887740835792,0.5,1.0,30,12
prewhitened_ar,ex_games_12m_pct,fred_asian_nie_computer_electronics_gbp_12m_pct,pandemic_2020_2022,7,-0.3152867559253552,-0.34102721930088137,0.5,1.0,29,12
prewhitened_ar,ex_games_12m_pct,fred_asian_nie_computer_electronics_gbp_12m_pct,pandemic_2020_2022,8,-0.07713860175030389,-0.06267558694502454,1.0,1.0,28,12
prewhitened_ar,ex_games_12m_pct,fred_asian_nie_computer_electronics_gbp_12m_pct,pandemic_2020_2022,9,-0.01823837323200365,0.046823871803955294,1.0,1.0,27,12
prewhitened_ar,ex_games_12m_pct,fred_asian_nie_computer_electronics_gbp_12m_pct,pandemic_2020_2022,10,-0.14549448918436023,-0.16600849187933467,1.0,1.0,26,12
prewhitened_ar,ex_games_12m_pct,fred_asian_nie_computer_electronics_gbp_12m_pct,pandemic_2020_2022,11,0.33867661921271053,0.32854862184150085,0.5,1.0,25,12
prewhitened_ar,ex_games_12m_pct,fred_asian_nie_computer_electronics_gbp_12m_pct,pandemic_2020_2022,12,0.05105475624977111,0.05105475624977111,1.0,1.0,24,12
prewhitened_ar,ex_games_12m_pct,fred_asian_nie_computer_electronics_gbp_12m_pct,post_2022,0,-0.12757521948685055,-0.12437559172585085,1.0,1.0,33,12
prewhitened_ar,ex_games_12m_pct,fred_asian_nie_computer_electronics_gbp_12m_pct,post_2022,1,0.17912054896155538,0.0501467469936612,1.0,1.0,32,12
prewhitened_ar,ex_games_12m_pct,fred_asian_nie_computer_electronics_gbp_12m_pct,post_2022,2,0.3157268182478321,0.28986323096147365,0.5,1.0,31,12
prewhitened_ar,ex_games_12m_pct,fred_asian_nie_computer_electronics_gbp_12m_pct,post_2022,3,0.245732335248984,0.18695704633704116,0.5,1.0,30,12
prewhitened_ar,ex_games_12m_pct,fred_asian_nie_computer_electronics_gbp_12m_pct,post_2022,4,-0.03250389084515197,0.043564892732116375,1.0,1.0,29,12
prewhitened_ar,ex_games_12m_pct,fred_asian_nie_computer_electronics_gbp_12m_pct,post_2022,5,0.009348525868908938,0.003908957849032274,1.0,1.0,28,12
prewhitened_ar,ex_games_12m_pct,fred_asian_nie_computer_electronics_gbp_12m_pct,post_2022,6,-0.21012888827992154,-0.23456366961415512,1.0,1.0,27,12
prewhitened_ar,ex_games_12m_pct,fred_asian_nie_computer_electronics_gbp_12m_pct,post_2022,7,-0.03397420355054676,0.0005707116138260822,1.0,1.0,26,12
prewhitened_ar,ex_games_12m_pct,fred_asian_nie_computer_electronics_gbp_12m_pct,post_2022,8,-0.09906715608040746,-0.08600332354530354,0.5,1.0,25,12
prewhitened_ar,ex_games_12m_pct,fred_asian_nie_computer_electronics_gbp_12m_pct,post_2022,9,0.24204081024137397,0.35807215513657953,1.0,1.0,24,12
prewhitened_ar,ex_games_12m_pct,fred_asian_nie_computer_electronics_gbp_12m_pct,post_2022,10,0.04813760253185355,0.13157274291327117,0.5,1.0,23,12
prewhitened_ar,ex_games_12m_pct,fred_asian_nie_computer_electronics_gbp_12m_pct,post_2022,11,0.1957352625933087,0.19711748067164428,1.0,1.0,22,12
prewhitened_ar,ex_games_12m_pct,fred_asian_nie_computer_electronics_gbp_12m_pct,post_2022,12,0.007259353695307709,0.007259353695307709,1.0,1.0,21,12
