method,target,candidate,period,lead_months,correlation,common_sample_correlation,circular_shift_p,familywise_p_0_12,n,ar_lags
raw_annual_rates,headline_12m_pct,jp_epi_electronics_gbp_12m_pct,full,0,-0.3404906727517885,-0.3810375548244884,0.08695652173913043,0.2608695652173913,127,0
raw_annual_rates,headline_12m_pct,jp_epi_electronics_gbp_12m_pct,full,1,-0.2770527402639064,-0.31079770937005086,0.10869565217391304,0.29347826086956524,126,0
raw_annual_rates,headline_12m_pct,jp_epi_electronics_gbp_12m_pct,full,2,-0.23649940569027156,-0.26272601123641387,0.11956521739130435,0.31521739130434784,125,0
raw_annual_rates,headline_12m_pct,jp_epi_electronics_gbp_12m_pct,full,3,-0.1863480543513555,-0.2083957229414992,0.1956521739130435,0.5869565217391305,124,0
raw_annual_rates,headline_12m_pct,jp_epi_electronics_gbp_12m_pct,full,4,-0.12803452813477992,-0.15518328391228237,0.34782608695652173,0.782608695652174,123,0
raw_annual_rates,headline_12m_pct,jp_epi_electronics_gbp_12m_pct,full,5,-0.06349431195642377,-0.09060385218911203,0.5869565217391305,1.0,122,0
raw_annual_rates,headline_12m_pct,jp_epi_electronics_gbp_12m_pct,full,6,-0.022994239356820257,-0.03690707564576066,0.7717391304347826,1.0,121,0
raw_annual_rates,headline_12m_pct,jp_epi_electronics_gbp_12m_pct,full,7,0.09897976844534168,0.09487532637066168,0.5652173913043478,1.0,120,0
raw_annual_rates,headline_12m_pct,jp_epi_electronics_gbp_12m_pct,full,8,0.15550024455340875,0.15265196901217218,0.40217391304347827,0.8043478260869565,119,0
raw_annual_rates,headline_12m_pct,jp_epi_electronics_gbp_12m_pct,full,9,0.18808863577026763,0.18870383083557757,0.29347826086956524,0.6956521739130435,118,0
raw_annual_rates,headline_12m_pct,jp_epi_electronics_gbp_12m_pct,full,10,0.2199873519226234,0.2236080038369909,0.22826086956521738,0.44565217391304346,117,0
raw_annual_rates,headline_12m_pct,jp_epi_electronics_gbp_12m_pct,full,11,0.21893069244590535,0.21809612254388372,0.22826086956521738,0.5217391304347826,116,0
raw_annual_rates,headline_12m_pct,jp_epi_electronics_gbp_12m_pct,full,12,0.1827200734538157,0.1827200734538157,0.391304347826087,0.6956521739130435,115,0
raw_annual_rates,headline_12m_pct,jp_epi_electronics_gbp_12m_pct,pre_2020,0,-0.26619723109420274,-0.2971824374433245,0.6923076923076923,0.8461538461538461,48,0
raw_annual_rates,headline_12m_pct,jp_epi_electronics_gbp_12m_pct,pre_2020,1,-0.21922580611944753,-0.2401082792730602,0.6923076923076923,0.9230769230769231,47,0
raw_annual_rates,headline_12m_pct,jp_epi_electronics_gbp_12m_pct,pre_2020,2,-0.17843515415233419,-0.18859585373345555,0.6923076923076923,1.0,46,0
raw_annual_rates,headline_12m_pct,jp_epi_electronics_gbp_12m_pct,pre_2020,3,-0.12188456000967471,-0.13483466608742156,0.7692307692307693,1.0,45,0
raw_annual_rates,headline_12m_pct,jp_epi_electronics_gbp_12m_pct,pre_2020,4,-0.042085803933959116,-0.04009661165990948,0.9230769230769231,1.0,44,0
raw_annual_rates,headline_12m_pct,jp_epi_electronics_gbp_12m_pct,pre_2020,5,0.021503462736327722,0.0030242976295954444,1.0,1.0,43,0
raw_annual_rates,headline_12m_pct,jp_epi_electronics_gbp_12m_pct,pre_2020,6,0.0547274085563598,0.02586078735956446,1.0,1.0,42,0
raw_annual_rates,headline_12m_pct,jp_epi_electronics_gbp_12m_pct,pre_2020,7,0.14790247512995405,0.11654489192445332,0.8461538461538461,1.0,41,0
raw_annual_rates,headline_12m_pct,jp_epi_electronics_gbp_12m_pct,pre_2020,8,0.08020196651426484,0.05357128690885397,0.9230769230769231,1.0,40,0
raw_annual_rates,headline_12m_pct,jp_epi_electronics_gbp_12m_pct,pre_2020,9,0.07616682611983429,0.046868979318659874,0.9230769230769231,1.0,39,0
raw_annual_rates,headline_12m_pct,jp_epi_electronics_gbp_12m_pct,pre_2020,10,0.09736649553570491,0.08602329457566789,0.8461538461538461,1.0,38,0
raw_annual_rates,headline_12m_pct,jp_epi_electronics_gbp_12m_pct,pre_2020,11,0.08252840256196657,0.07983852438958766,0.8461538461538461,1.0,37,0
raw_annual_rates,headline_12m_pct,jp_epi_electronics_gbp_12m_pct,pre_2020,12,0.060285041645050524,0.060285041645050524,0.9230769230769231,1.0,36,0
raw_annual_rates,headline_12m_pct,jp_epi_electronics_gbp_12m_pct,pandemic_2020_2022,0,-0.4604132801891932,-0.49890851919226864,1.0,1.0,36,0
raw_annual_rates,headline_12m_pct,jp_epi_electronics_gbp_12m_pct,pandemic_2020_2022,1,-0.36480893468263925,-0.23073282551435664,1.0,1.0,35,0
raw_annual_rates,headline_12m_pct,jp_epi_electronics_gbp_12m_pct,pandemic_2020_2022,2,-0.4040053048846259,-0.13897616670913465,1.0,1.0,34,0
raw_annual_rates,headline_12m_pct,jp_epi_electronics_gbp_12m_pct,pandemic_2020_2022,3,-0.4087705042899671,-0.02836242292487352,1.0,1.0,33,0
raw_annual_rates,headline_12m_pct,jp_epi_electronics_gbp_12m_pct,pandemic_2020_2022,4,-0.40976198097067584,-0.02382775409281162,0.5,1.0,32,0
raw_annual_rates,headline_12m_pct,jp_epi_electronics_gbp_12m_pct,pandemic_2020_2022,5,-0.43516032912198815,-0.038276208718156075,0.5,1.0,31,0
raw_annual_rates,headline_12m_pct,jp_epi_electronics_gbp_12m_pct,pandemic_2020_2022,6,-0.40651334368722336,-0.032238015493373795,1.0,1.0,30,0
raw_annual_rates,headline_12m_pct,jp_epi_electronics_gbp_12m_pct,pandemic_2020_2022,7,-0.19912095269974367,0.217200003548127,1.0,1.0,29,0
raw_annual_rates,headline_12m_pct,jp_epi_electronics_gbp_12m_pct,pandemic_2020_2022,8,0.09709533347484266,0.467142565823898,1.0,1.0,28,0
raw_annual_rates,headline_12m_pct,jp_epi_electronics_gbp_12m_pct,pandemic_2020_2022,9,0.18729326163049748,0.5169416294759414,1.0,1.0,27,0
raw_annual_rates,headline_12m_pct,jp_epi_electronics_gbp_12m_pct,pandemic_2020_2022,10,0.3313936828611745,0.56862745611934,1.0,1.0,26,0
raw_annual_rates,headline_12m_pct,jp_epi_electronics_gbp_12m_pct,pandemic_2020_2022,11,0.34283676208045677,0.4349047395965401,0.5,1.0,25,0
raw_annual_rates,headline_12m_pct,jp_epi_electronics_gbp_12m_pct,pandemic_2020_2022,12,0.2346369834703847,0.2346369834703847,1.0,1.0,24,0
raw_annual_rates,headline_12m_pct,jp_epi_electronics_gbp_12m_pct,post_2022,0,-0.24801765533723447,-0.48889864782345005,0.125,0.125,43,0
raw_annual_rates,headline_12m_pct,jp_epi_electronics_gbp_12m_pct,post_2022,1,-0.1751422862803754,-0.34428222157917077,0.125,0.25,42,0
raw_annual_rates,headline_12m_pct,jp_epi_electronics_gbp_12m_pct,post_2022,2,-0.08825891934750626,-0.16096339633749318,0.875,1.0,41,0
raw_annual_rates,headline_12m_pct,jp_epi_electronics_gbp_12m_pct,post_2022,3,0.020136184870276616,0.013532788427590136,1.0,1.0,40,0
raw_annual_rates,headline_12m_pct,jp_epi_electronics_gbp_12m_pct,post_2022,4,0.15023058596093045,0.144218264158938,0.625,1.0,39,0
raw_annual_rates,headline_12m_pct,jp_epi_electronics_gbp_12m_pct,post_2022,5,0.32761709305882014,0.3257983127189155,0.125,0.25,38,0
raw_annual_rates,headline_12m_pct,jp_epi_electronics_gbp_12m_pct,post_2022,6,0.4203437209063621,0.40823390553849986,0.125,0.125,37,0
raw_annual_rates,headline_12m_pct,jp_epi_electronics_gbp_12m_pct,post_2022,7,0.5980546743339756,0.601840084529733,0.125,0.125,36,0
raw_annual_rates,headline_12m_pct,jp_epi_electronics_gbp_12m_pct,post_2022,8,0.6459535946687067,0.6506397310435477,0.125,0.125,35,0
raw_annual_rates,headline_12m_pct,jp_epi_electronics_gbp_12m_pct,post_2022,9,0.6193799919660534,0.6507773323034955,0.125,0.125,34,0
raw_annual_rates,headline_12m_pct,jp_epi_electronics_gbp_12m_pct,post_2022,10,0.5094498682829085,0.5674449536716626,0.125,0.125,33,0
raw_annual_rates,headline_12m_pct,jp_epi_electronics_gbp_12m_pct,post_2022,11,0.4158951880582761,0.4311389136511005,0.125,0.125,32,0
raw_annual_rates,headline_12m_pct,jp_epi_electronics_gbp_12m_pct,post_2022,12,0.23573762985373625,0.23573762985373625,0.125,0.625,31,0
raw_annual_rates,headline_12m_pct,kr_epi_tech_gbp_12m_pct,full,0,-0.15870347674319205,-0.14529301899802924,0.5490196078431373,0.9607843137254902,86,0
raw_annual_rates,headline_12m_pct,kr_epi_tech_gbp_12m_pct,full,1,-0.13245286505187553,-0.1142590024528027,0.6470588235294118,1.0,85,0
raw_annual_rates,headline_12m_pct,kr_epi_tech_gbp_12m_pct,full,2,-0.11637769179395176,-0.10016323019602758,0.7450980392156863,1.0,84,0
raw_annual_rates,headline_12m_pct,kr_epi_tech_gbp_12m_pct,full,3,-0.10961558391381988,-0.08992912400123404,0.7843137254901961,1.0,83,0
raw_annual_rates,headline_12m_pct,kr_epi_tech_gbp_12m_pct,full,4,-0.08479184335896092,-0.06966276530632713,0.8823529411764706,1.0,82,0
raw_annual_rates,headline_12m_pct,kr_epi_tech_gbp_12m_pct,full,5,-0.059836680114946354,-0.055844842399626254,0.9019607843137255,1.0,81,0
raw_annual_rates,headline_12m_pct,kr_epi_tech_gbp_12m_pct,full,6,-0.06761921410412008,-0.06441348013939104,0.8823529411764706,1.0,80,0
raw_annual_rates,headline_12m_pct,kr_epi_tech_gbp_12m_pct,full,7,0.003956137232157763,0.005346614544928234,0.9803921568627451,1.0,79,0
raw_annual_rates,headline_12m_pct,kr_epi_tech_gbp_12m_pct,full,8,0.054770955291959786,0.0548285305686179,0.9215686274509803,1.0,78,0
raw_annual_rates,headline_12m_pct,kr_epi_tech_gbp_12m_pct,full,9,0.03957462622627505,0.04190583241284007,0.9411764705882353,1.0,77,0
raw_annual_rates,headline_12m_pct,kr_epi_tech_gbp_12m_pct,full,10,0.04302363244919869,0.04422687797211214,0.9019607843137255,1.0,76,0
raw_annual_rates,headline_12m_pct,kr_epi_tech_gbp_12m_pct,full,11,0.003509337555256618,0.0028383125325823345,1.0,1.0,75,0
raw_annual_rates,headline_12m_pct,kr_epi_tech_gbp_12m_pct,full,12,-0.052828016766419524,-0.052828016766419524,0.9019607843137255,1.0,74,0
raw_annual_rates,headline_12m_pct,kr_epi_tech_gbp_12m_pct,pandemic_2020_2022,0,0.4314353987195572,0.38648153698278537,0.5,1.0,36,0
raw_annual_rates,headline_12m_pct,kr_epi_tech_gbp_12m_pct,pandemic_2020_2022,1,0.5837959396143746,0.5595207398648336,0.5,1.0,35,0
raw_annual_rates,headline_12m_pct,kr_epi_tech_gbp_12m_pct,pandemic_2020_2022,2,0.3979867102524434,0.45098234588756186,0.5,1.0,34,0
raw_annual_rates,headline_12m_pct,kr_epi_tech_gbp_12m_pct,pandemic_2020_2022,3,0.19888255434592358,0.2722168087013606,0.5,1.0,33,0
raw_annual_rates,headline_12m_pct,kr_epi_tech_gbp_12m_pct,pandemic_2020_2022,4,0.15166474299457205,0.17910396060875472,1.0,1.0,32,0
raw_annual_rates,headline_12m_pct,kr_epi_tech_gbp_12m_pct,pandemic_2020_2022,5,-0.22875633838746143,-0.23853430050922778,1.0,1.0,31,0
raw_annual_rates,headline_12m_pct,kr_epi_tech_gbp_12m_pct,pandemic_2020_2022,6,-0.3263549378927767,-0.24176415362157885,1.0,1.0,30,0
raw_annual_rates,headline_12m_pct,kr_epi_tech_gbp_12m_pct,pandemic_2020_2022,7,-0.2776302318865758,-0.19600008472181496,0.5,1.0,29,0
raw_annual_rates,headline_12m_pct,kr_epi_tech_gbp_12m_pct,pandemic_2020_2022,8,-0.18543298005769995,-0.1030522178142547,0.5,1.0,28,0
raw_annual_rates,headline_12m_pct,kr_epi_tech_gbp_12m_pct,pandemic_2020_2022,9,-0.336498319943328,-0.23048967205016313,0.5,1.0,27,0
raw_annual_rates,headline_12m_pct,kr_epi_tech_gbp_12m_pct,pandemic_2020_2022,10,-0.40035248849348143,-0.36243332726472094,0.5,1.0,26,0
raw_annual_rates,headline_12m_pct,kr_epi_tech_gbp_12m_pct,pandemic_2020_2022,11,-0.5516118892514282,-0.5629599293591623,0.5,1.0,25,0
raw_annual_rates,headline_12m_pct,kr_epi_tech_gbp_12m_pct,pandemic_2020_2022,12,-0.7053882261590748,-0.7053882261590748,0.5,0.5,24,0
raw_annual_rates,headline_12m_pct,kr_epi_tech_gbp_12m_pct,post_2022,0,-0.3331154195720994,-0.7976857367907433,0.16666666666666666,0.16666666666666666,41,0
raw_annual_rates,headline_12m_pct,kr_epi_tech_gbp_12m_pct,post_2022,1,-0.3545257639905907,-0.8249812898851654,0.16666666666666666,0.16666666666666666,40,0
raw_annual_rates,headline_12m_pct,kr_epi_tech_gbp_12m_pct,post_2022,2,-0.35364488086760876,-0.7490433581871367,0.16666666666666666,0.16666666666666666,39,0
raw_annual_rates,headline_12m_pct,kr_epi_tech_gbp_12m_pct,post_2022,3,-0.3725040870571284,-0.6764673560778762,0.5,0.6666666666666666,38,0
raw_annual_rates,headline_12m_pct,kr_epi_tech_gbp_12m_pct,post_2022,4,-0.3739667739895824,-0.5842344094708842,0.8333333333333334,1.0,37,0
raw_annual_rates,headline_12m_pct,kr_epi_tech_gbp_12m_pct,post_2022,5,-0.27185870197071427,-0.40990999271404094,1.0,1.0,36,0
raw_annual_rates,headline_12m_pct,kr_epi_tech_gbp_12m_pct,post_2022,6,-0.18857377286365323,-0.27158792953956884,1.0,1.0,35,0
raw_annual_rates,headline_12m_pct,kr_epi_tech_gbp_12m_pct,post_2022,7,-0.07810095003755176,-0.1339699427715121,1.0,1.0,34,0
raw_annual_rates,headline_12m_pct,kr_epi_tech_gbp_12m_pct,post_2022,8,0.04250053229553899,0.0019920089439610976,1.0,1.0,33,0
raw_annual_rates,headline_12m_pct,kr_epi_tech_gbp_12m_pct,post_2022,9,0.061829499247053485,0.050031114185362685,1.0,1.0,32,0
raw_annual_rates,headline_12m_pct,kr_epi_tech_gbp_12m_pct,post_2022,10,0.1866953352032388,0.19894608585398438,0.16666666666666666,1.0,31,0
raw_annual_rates,headline_12m_pct,kr_epi_tech_gbp_12m_pct,post_2022,11,0.19279710457496577,0.19574253126935337,0.16666666666666666,1.0,30,0
raw_annual_rates,headline_12m_pct,kr_epi_tech_gbp_12m_pct,post_2022,12,0.18158873707478465,0.18158873707478465,0.16666666666666666,1.0,29,0
raw_annual_rates,headline_12m_pct,cn_ppi_tech_gbp_12m_pct,full,0,-0.0024863519961368335,-0.07257480123261649,0.9130434782608695,1.0,58,0
raw_annual_rates,headline_12m_pct,cn_ppi_tech_gbp_12m_pct,full,1,0.0526459835855237,-0.00469762497566052,1.0,1.0,57,0
raw_annual_rates,headline_12m_pct,cn_ppi_tech_gbp_12m_pct,full,2,0.03865393099645088,-0.0052519344831912645,1.0,1.0,56,0
raw_annual_rates,headline_12m_pct,cn_ppi_tech_gbp_12m_pct,full,3,0.09915170924598475,0.06716489641362818,0.8260869565217391,1.0,55,0
raw_annual_rates,headline_12m_pct,cn_ppi_tech_gbp_12m_pct,full,4,0.1739890339241857,0.1495302475917722,0.6086956521739131,1.0,54,0
raw_annual_rates,headline_12m_pct,cn_ppi_tech_gbp_12m_pct,full,5,0.22506450808065204,0.20280854709506316,0.5652173913043478,1.0,53,0
raw_annual_rates,headline_12m_pct,cn_ppi_tech_gbp_12m_pct,full,6,0.29835816850508395,0.2813749543677486,0.4782608695652174,0.782608695652174,52,0
raw_annual_rates,headline_12m_pct,cn_ppi_tech_gbp_12m_pct,full,7,0.4219977627027309,0.4173553538280543,0.30434782608695654,0.5652173913043478,51,0
raw_annual_rates,headline_12m_pct,cn_ppi_tech_gbp_12m_pct,full,8,0.5212484497210206,0.5188772600221333,0.08695652173913043,0.2608695652173913,50,0
raw_annual_rates,headline_12m_pct,cn_ppi_tech_gbp_12m_pct,full,9,0.5609887656107153,0.560985110522379,0.043478260869565216,0.043478260869565216,49,0
raw_annual_rates,headline_12m_pct,cn_ppi_tech_gbp_12m_pct,full,10,0.6052286413082989,0.6070584473743917,0.043478260869565216,0.043478260869565216,48,0
raw_annual_rates,headline_12m_pct,cn_ppi_tech_gbp_12m_pct,full,11,0.6151038428813644,0.6196387883790704,0.043478260869565216,0.043478260869565216,47,0
raw_annual_rates,headline_12m_pct,cn_ppi_tech_gbp_12m_pct,full,12,0.619433694645182,0.619433694645182,0.043478260869565216,0.043478260869565216,46,0
raw_annual_rates,headline_12m_pct,cn_ppi_tech_gbp_12m_pct,pandemic_2020_2022,0,-0.3004083507721263,-0.35374804480024963,0.5,1.0,22,0
raw_annual_rates,headline_12m_pct,cn_ppi_tech_gbp_12m_pct,pandemic_2020_2022,1,-0.29727239583425047,-0.17992019557231467,1.0,1.0,21,0
raw_annual_rates,headline_12m_pct,cn_ppi_tech_gbp_12m_pct,pandemic_2020_2022,2,-0.5169311150641192,-0.286443291527541,0.5,1.0,20,0
raw_annual_rates,headline_12m_pct,cn_ppi_tech_gbp_12m_pct,pandemic_2020_2022,3,-0.5310542586931687,-0.2231580274216894,1.0,1.0,19,0
raw_annual_rates,headline_12m_pct,cn_ppi_tech_gbp_12m_pct,pandemic_2020_2022,4,-0.47403747029464266,0.2146135033977587,0.5,1.0,18,0
raw_annual_rates,headline_12m_pct,cn_ppi_tech_gbp_12m_pct,pandemic_2020_2022,5,-0.729081929835399,-0.31616759997398247,1.0,1.0,17,0
raw_annual_rates,headline_12m_pct,cn_ppi_tech_gbp_12m_pct,pandemic_2020_2022,6,-0.7297040276843729,-0.3940581255546475,0.5,1.0,16,0
raw_annual_rates,headline_12m_pct,cn_ppi_tech_gbp_12m_pct,pandemic_2020_2022,7,-0.628576708799999,-0.1324482004396867,1.0,1.0,15,0
raw_annual_rates,headline_12m_pct,cn_ppi_tech_gbp_12m_pct,pandemic_2020_2022,8,-0.5867102288744012,-0.08831404443172855,1.0,1.0,14,0
raw_annual_rates,headline_12m_pct,cn_ppi_tech_gbp_12m_pct,pandemic_2020_2022,9,-0.6284423075857754,-0.2557918477113595,1.0,1.0,13,0
raw_annual_rates,headline_12m_pct,cn_ppi_tech_gbp_12m_pct,pandemic_2020_2022,10,-0.5140326682466462,-0.20802422072248547,1.0,1.0,12,0
raw_annual_rates,headline_12m_pct,cn_ppi_tech_gbp_12m_pct,pandemic_2020_2022,11,-0.691297998624007,-0.6483810708633116,0.5,1.0,11,0
raw_annual_rates,headline_12m_pct,cn_ppi_tech_gbp_12m_pct,pandemic_2020_2022,12,-0.7791683786169115,-0.7791683786169115,0.5,1.0,10,0
raw_annual_rates,headline_12m_pct,cn_ppi_tech_gbp_12m_pct,post_2022,0,-0.3654745277107543,-0.4146556797445056,0.5,1.0,36,0
raw_annual_rates,headline_12m_pct,cn_ppi_tech_gbp_12m_pct,post_2022,1,-0.14494092364099287,-0.14532313850569242,0.5,1.0,35,0
raw_annual_rates,headline_12m_pct,cn_ppi_tech_gbp_12m_pct,post_2022,2,-0.022037875319167895,0.05318671201544734,1.0,1.0,34,0
raw_annual_rates,headline_12m_pct,cn_ppi_tech_gbp_12m_pct,post_2022,3,0.1783456444686065,0.23786755883492805,1.0,1.0,33,0
raw_annual_rates,headline_12m_pct,cn_ppi_tech_gbp_12m_pct,post_2022,4,0.31437086021315996,0.38268713440908114,0.5,1.0,32,0
raw_annual_rates,headline_12m_pct,cn_ppi_tech_gbp_12m_pct,post_2022,5,0.4488088060121165,0.4801991680716682,0.5,0.5,31,0
raw_annual_rates,headline_12m_pct,cn_ppi_tech_gbp_12m_pct,post_2022,6,0.5134872005445323,0.5318694496164387,0.5,0.5,30,0
raw_annual_rates,headline_12m_pct,cn_ppi_tech_gbp_12m_pct,post_2022,7,0.6402372769338349,0.6909899102697613,0.5,0.5,29,0
raw_annual_rates,headline_12m_pct,cn_ppi_tech_gbp_12m_pct,post_2022,8,0.7129721388726998,0.7496257653288714,0.5,0.5,28,0
raw_annual_rates,headline_12m_pct,cn_ppi_tech_gbp_12m_pct,post_2022,9,0.6981397458950674,0.7207743360459667,0.5,0.5,27,0
raw_annual_rates,headline_12m_pct,cn_ppi_tech_gbp_12m_pct,post_2022,10,0.6347040481960905,0.6465640479613487,0.5,0.5,26,0
raw_annual_rates,headline_12m_pct,cn_ppi_tech_gbp_12m_pct,post_2022,11,0.512975161861895,0.5362173631684007,0.5,0.5,25,0
raw_annual_rates,headline_12m_pct,cn_ppi_tech_gbp_12m_pct,post_2022,12,0.3901974377127953,0.3901974377127953,0.5,1.0,24,0
raw_annual_rates,headline_12m_pct,tw_epi_integrated_circuits_gbp_12m_pct,full,0,-0.10403518196010496,-0.1335287348860161,0.6086956521739131,1.0,127,0
raw_annual_rates,headline_12m_pct,tw_epi_integrated_circuits_gbp_12m_pct,full,1,-0.06633990131273189,-0.09492376158751333,0.6847826086956522,1.0,126,0
raw_annual_rates,headline_12m_pct,tw_epi_integrated_circuits_gbp_12m_pct,full,2,-0.05119025270173475,-0.07451654900161964,0.7391304347826086,1.0,125,0
raw_annual_rates,headline_12m_pct,tw_epi_integrated_circuits_gbp_12m_pct,full,3,-0.013401010424880141,-0.034179578531574564,0.8913043478260869,1.0,124,0
raw_annual_rates,headline_12m_pct,tw_epi_integrated_circuits_gbp_12m_pct,full,4,0.020433036134797335,0.0029432040574820266,0.9891304347826086,1.0,123,0
raw_annual_rates,headline_12m_pct,tw_epi_integrated_circuits_gbp_12m_pct,full,5,0.055294162566975294,0.0409052238395956,0.8260869565217391,1.0,122,0
raw_annual_rates,headline_12m_pct,tw_epi_integrated_circuits_gbp_12m_pct,full,6,0.07325369085639112,0.06505824012036505,0.782608695652174,1.0,121,0
raw_annual_rates,headline_12m_pct,tw_epi_integrated_circuits_gbp_12m_pct,full,7,0.17080765887593136,0.16784837468094616,0.4782608695652174,0.9565217391304348,120,0
raw_annual_rates,headline_12m_pct,tw_epi_integrated_circuits_gbp_12m_pct,full,8,0.217481608211194,0.21683595355162763,0.391304347826087,0.8152173913043478,119,0
raw_annual_rates,headline_12m_pct,tw_epi_integrated_circuits_gbp_12m_pct,full,9,0.2496876739044683,0.2501658529100234,0.2608695652173913,0.75,118,0
raw_annual_rates,headline_12m_pct,tw_epi_integrated_circuits_gbp_12m_pct,full,10,0.2773689201524295,0.2799972125447234,0.18478260869565216,0.5543478260869565,117,0
raw_annual_rates,headline_12m_pct,tw_epi_integrated_circuits_gbp_12m_pct,full,11,0.280619987701401,0.2800217439578574,0.18478260869565216,0.5543478260869565,116,0
raw_annual_rates,headline_12m_pct,tw_epi_integrated_circuits_gbp_12m_pct,full,12,0.2544982726956596,0.2544982726956596,0.25,0.7282608695652174,115,0
raw_annual_rates,headline_12m_pct,tw_epi_integrated_circuits_gbp_12m_pct,pre_2020,0,-0.1601511015571114,-0.196803815420888,0.7692307692307693,1.0,48,0
raw_annual_rates,headline_12m_pct,tw_epi_integrated_circuits_gbp_12m_pct,pre_2020,1,-0.10555257472356488,-0.1296698018883025,0.7692307692307693,1.0,47,0
raw_annual_rates,headline_12m_pct,tw_epi_integrated_circuits_gbp_12m_pct,pre_2020,2,-0.052446106378914364,-0.06785959638877742,0.8461538461538461,1.0,46,0
raw_annual_rates,headline_12m_pct,tw_epi_integrated_circuits_gbp_12m_pct,pre_2020,3,0.002197610051939244,-0.021490135105972884,0.9230769230769231,1.0,45,0
raw_annual_rates,headline_12m_pct,tw_epi_integrated_circuits_gbp_12m_pct,pre_2020,4,0.06648264313967041,0.05943528506104134,0.8461538461538461,1.0,44,0
raw_annual_rates,headline_12m_pct,tw_epi_integrated_circuits_gbp_12m_pct,pre_2020,5,0.11170128006235537,0.09567774266933027,0.9230769230769231,1.0,43,0
raw_annual_rates,headline_12m_pct,tw_epi_integrated_circuits_gbp_12m_pct,pre_2020,6,0.09752248303084443,0.07663403703762842,0.9230769230769231,1.0,42,0
raw_annual_rates,headline_12m_pct,tw_epi_integrated_circuits_gbp_12m_pct,pre_2020,7,0.14889685138004682,0.13216011343629191,0.8461538461538461,1.0,41,0
raw_annual_rates,headline_12m_pct,tw_epi_integrated_circuits_gbp_12m_pct,pre_2020,8,0.0698154783792283,0.0625626900081758,0.9230769230769231,1.0,40,0
raw_annual_rates,headline_12m_pct,tw_epi_integrated_circuits_gbp_12m_pct,pre_2020,9,0.037746899074843465,0.02163874664367553,1.0,1.0,39,0
raw_annual_rates,headline_12m_pct,tw_epi_integrated_circuits_gbp_12m_pct,pre_2020,10,0.05223664437163914,0.04788967531230478,0.9230769230769231,1.0,38,0
raw_annual_rates,headline_12m_pct,tw_epi_integrated_circuits_gbp_12m_pct,pre_2020,11,0.03990788942498105,0.038675790889347736,0.9230769230769231,1.0,37,0
raw_annual_rates,headline_12m_pct,tw_epi_integrated_circuits_gbp_12m_pct,pre_2020,12,0.01883038160203462,0.01883038160203462,0.9230769230769231,1.0,36,0
raw_annual_rates,headline_12m_pct,tw_epi_integrated_circuits_gbp_12m_pct,pandemic_2020_2022,0,-0.2719799182896745,-0.2718520177558229,1.0,1.0,36,0
raw_annual_rates,headline_12m_pct,tw_epi_integrated_circuits_gbp_12m_pct,pandemic_2020_2022,1,-0.2879298262939709,-0.10427701148075877,1.0,1.0,35,0
raw_annual_rates,headline_12m_pct,tw_epi_integrated_circuits_gbp_12m_pct,pandemic_2020_2022,2,-0.3908993585752023,-0.09665542352652426,1.0,1.0,34,0
raw_annual_rates,headline_12m_pct,tw_epi_integrated_circuits_gbp_12m_pct,pandemic_2020_2022,3,-0.4447128311578238,-0.07943310964023448,1.0,1.0,33,0
raw_annual_rates,headline_12m_pct,tw_epi_integrated_circuits_gbp_12m_pct,pandemic_2020_2022,4,-0.4727202282269412,0.05145429294745931,1.0,1.0,32,0
raw_annual_rates,headline_12m_pct,tw_epi_integrated_circuits_gbp_12m_pct,pandemic_2020_2022,5,-0.5952493253015386,-0.16066034988976105,1.0,1.0,31,0
raw_annual_rates,headline_12m_pct,tw_epi_integrated_circuits_gbp_12m_pct,pandemic_2020_2022,6,-0.6347456490012613,-0.2625671195615066,0.5,1.0,30,0
raw_annual_rates,headline_12m_pct,tw_epi_integrated_circuits_gbp_12m_pct,pandemic_2020_2022,7,-0.568309923945991,-0.0726819954942084,1.0,1.0,29,0
raw_annual_rates,headline_12m_pct,tw_epi_integrated_circuits_gbp_12m_pct,pandemic_2020_2022,8,-0.4320035380449354,0.0652992428693628,1.0,1.0,28,0
raw_annual_rates,headline_12m_pct,tw_epi_integrated_circuits_gbp_12m_pct,pandemic_2020_2022,9,-0.3885301413373797,0.05716446183653503,1.0,1.0,27,0
raw_annual_rates,headline_12m_pct,tw_epi_integrated_circuits_gbp_12m_pct,pandemic_2020_2022,10,-0.2942574755430751,0.12236923421277922,1.0,1.0,26,0
raw_annual_rates,headline_12m_pct,tw_epi_integrated_circuits_gbp_12m_pct,pandemic_2020_2022,11,-0.28422886731889113,-0.0838781549970218,1.0,1.0,25,0
raw_annual_rates,headline_12m_pct,tw_epi_integrated_circuits_gbp_12m_pct,pandemic_2020_2022,12,-0.3373625710529899,-0.3373625710529899,0.5,1.0,24,0
raw_annual_rates,headline_12m_pct,tw_epi_integrated_circuits_gbp_12m_pct,post_2022,0,-0.18926959505800522,-0.4132338849134073,0.25,0.25,43,0
raw_annual_rates,headline_12m_pct,tw_epi_integrated_circuits_gbp_12m_pct,post_2022,1,-0.10947557415862806,-0.2465130807221775,0.125,0.25,42,0
raw_annual_rates,headline_12m_pct,tw_epi_integrated_circuits_gbp_12m_pct,post_2022,2,-0.08098438936982857,-0.14166538821955277,0.125,0.375,41,0
raw_annual_rates,headline_12m_pct,tw_epi_integrated_circuits_gbp_12m_pct,post_2022,3,0.038269159431739905,0.040690672840554186,0.25,1.0,40,0
raw_annual_rates,headline_12m_pct,tw_epi_integrated_circuits_gbp_12m_pct,post_2022,4,0.13027252223112817,0.17128104216982074,0.125,0.375,39,0
raw_annual_rates,headline_12m_pct,tw_epi_integrated_circuits_gbp_12m_pct,post_2022,5,0.2686902018100433,0.31938138772932406,0.125,0.25,38,0
raw_annual_rates,headline_12m_pct,tw_epi_integrated_circuits_gbp_12m_pct,post_2022,6,0.3696981976366884,0.3899281856111792,0.125,0.25,37,0
raw_annual_rates,headline_12m_pct,tw_epi_integrated_circuits_gbp_12m_pct,post_2022,7,0.5853492079115188,0.5832639279007977,0.125,0.125,36,0
raw_annual_rates,headline_12m_pct,tw_epi_integrated_circuits_gbp_12m_pct,post_2022,8,0.6476142434288787,0.6460042478415198,0.125,0.125,35,0
raw_annual_rates,headline_12m_pct,tw_epi_integrated_circuits_gbp_12m_pct,post_2022,9,0.6802079660823219,0.6837713270001219,0.125,0.125,34,0
raw_annual_rates,headline_12m_pct,tw_epi_integrated_circuits_gbp_12m_pct,post_2022,10,0.5635210210567878,0.5762870043059694,0.125,0.125,33,0
raw_annual_rates,headline_12m_pct,tw_epi_integrated_circuits_gbp_12m_pct,post_2022,11,0.42700768870131545,0.42658454535747015,0.125,0.25,32,0
raw_annual_rates,headline_12m_pct,tw_epi_integrated_circuits_gbp_12m_pct,post_2022,12,0.23744260082366417,0.23744260082366417,0.125,0.25,31,0
raw_annual_rates,headline_12m_pct,hk_ppi_tech_gbp_12m_pct,full,0,0.03053042747368829,0.050259445688094644,0.7065217391304348,1.0,127,0
raw_annual_rates,headline_12m_pct,hk_ppi_tech_gbp_12m_pct,full,1,0.04774150382648359,0.0735593469689093,0.6413043478260869,1.0,126,0
raw_annual_rates,headline_12m_pct,hk_ppi_tech_gbp_12m_pct,full,2,0.10236744897168676,0.11151292785560636,0.5543478260869565,0.9782608695652174,125,0
raw_annual_rates,headline_12m_pct,hk_ppi_tech_gbp_12m_pct,full,3,0.15418873537411298,0.15065943783522168,0.45652173913043476,0.9130434782608695,124,0
raw_annual_rates,headline_12m_pct,hk_ppi_tech_gbp_12m_pct,full,4,0.20385878843331626,0.20117181874395335,0.31521739130434784,0.75,123,0
raw_annual_rates,headline_12m_pct,hk_ppi_tech_gbp_12m_pct,full,5,0.2311106335420819,0.2387053404374526,0.2608695652173913,0.5978260869565217,122,0
raw_annual_rates,headline_12m_pct,hk_ppi_tech_gbp_12m_pct,full,6,0.20373272748678922,0.2057238304931058,0.32608695652173914,0.7282608695652174,121,0
raw_annual_rates,headline_12m_pct,hk_ppi_tech_gbp_12m_pct,full,7,0.17401491373104563,0.1785283878884571,0.391304347826087,0.8695652173913043,120,0
raw_annual_rates,headline_12m_pct,hk_ppi_tech_gbp_12m_pct,full,8,0.17858197238503257,0.18069683305446946,0.40217391304347827,0.8478260869565217,119,0
raw_annual_rates,headline_12m_pct,hk_ppi_tech_gbp_12m_pct,full,9,0.16476929087569842,0.1687440236636809,0.43478260869565216,0.9130434782608695,118,0
raw_annual_rates,headline_12m_pct,hk_ppi_tech_gbp_12m_pct,full,10,0.11941553696135859,0.11692767438894666,0.6413043478260869,0.9782608695652174,117,0
raw_annual_rates,headline_12m_pct,hk_ppi_tech_gbp_12m_pct,full,11,0.12207201109046908,0.12301673365991954,0.6195652173913043,0.9782608695652174,116,0
raw_annual_rates,headline_12m_pct,hk_ppi_tech_gbp_12m_pct,full,12,0.11356070706863475,0.11356070706863475,0.6521739130434783,0.9782608695652174,115,0
raw_annual_rates,headline_12m_pct,hk_ppi_tech_gbp_12m_pct,pre_2020,0,0.34881649683141647,0.4117519613360318,0.3076923076923077,0.38461538461538464,48,0
raw_annual_rates,headline_12m_pct,hk_ppi_tech_gbp_12m_pct,pre_2020,1,0.35092963660646315,0.39882141106334557,0.38461538461538464,0.38461538461538464,47,0
raw_annual_rates,headline_12m_pct,hk_ppi_tech_gbp_12m_pct,pre_2020,2,0.40121251518841716,0.42871438599269324,0.23076923076923078,0.38461538461538464,46,0
raw_annual_rates,headline_12m_pct,hk_ppi_tech_gbp_12m_pct,pre_2020,3,0.3783779606108592,0.40239827444753884,0.23076923076923078,0.38461538461538464,45,0
raw_annual_rates,headline_12m_pct,hk_ppi_tech_gbp_12m_pct,pre_2020,4,0.3204761479421629,0.3496857390889053,0.3076923076923077,0.6153846153846154,44,0
raw_annual_rates,headline_12m_pct,hk_ppi_tech_gbp_12m_pct,pre_2020,5,0.3639658436079254,0.4157424300575375,0.3076923076923077,0.38461538461538464,43,0
raw_annual_rates,headline_12m_pct,hk_ppi_tech_gbp_12m_pct,pre_2020,6,0.2636900911754265,0.29520729370202264,0.46153846153846156,0.8461538461538461,42,0
raw_annual_rates,headline_12m_pct,hk_ppi_tech_gbp_12m_pct,pre_2020,7,0.17396374488018032,0.15159789246656216,0.6923076923076923,1.0,41,0
raw_annual_rates,headline_12m_pct,hk_ppi_tech_gbp_12m_pct,pre_2020,8,0.23485187118394557,0.21777145315635182,0.5384615384615384,1.0,40,0
raw_annual_rates,headline_12m_pct,hk_ppi_tech_gbp_12m_pct,pre_2020,9,0.22533582034809202,0.20799919596201716,0.6153846153846154,1.0,39,0
raw_annual_rates,headline_12m_pct,hk_ppi_tech_gbp_12m_pct,pre_2020,10,0.13672494368026047,0.10289487407906758,0.7692307692307693,1.0,38,0
raw_annual_rates,headline_12m_pct,hk_ppi_tech_gbp_12m_pct,pre_2020,11,0.08535736304485504,0.06079085639901035,0.9230769230769231,1.0,37,0
raw_annual_rates,headline_12m_pct,hk_ppi_tech_gbp_12m_pct,pre_2020,12,0.07063091880803857,0.07063091880803857,0.9230769230769231,1.0,36,0
raw_annual_rates,headline_12m_pct,hk_ppi_tech_gbp_12m_pct,pandemic_2020_2022,0,-0.27685230420179074,-0.057774293451086485,0.5,1.0,36,0
raw_annual_rates,headline_12m_pct,hk_ppi_tech_gbp_12m_pct,pandemic_2020_2022,1,-0.28022137983362555,-0.12391268839800118,0.5,1.0,35,0
raw_annual_rates,headline_12m_pct,hk_ppi_tech_gbp_12m_pct,pandemic_2020_2022,2,-0.35141739552958406,-0.08971929715897653,1.0,1.0,34,0
raw_annual_rates,headline_12m_pct,hk_ppi_tech_gbp_12m_pct,pandemic_2020_2022,3,-0.24918420541523298,0.03434795910052011,1.0,1.0,33,0
raw_annual_rates,headline_12m_pct,hk_ppi_tech_gbp_12m_pct,pandemic_2020_2022,4,0.02638648051816019,0.2204904748704939,1.0,1.0,32,0
raw_annual_rates,headline_12m_pct,hk_ppi_tech_gbp_12m_pct,pandemic_2020_2022,5,0.16091382771021154,0.42296257810573595,1.0,1.0,31,0
raw_annual_rates,headline_12m_pct,hk_ppi_tech_gbp_12m_pct,pandemic_2020_2022,6,0.29383843848536045,0.47492797467185555,1.0,1.0,30,0
raw_annual_rates,headline_12m_pct,hk_ppi_tech_gbp_12m_pct,pandemic_2020_2022,7,0.408857808543932,0.46494121901812757,0.5,1.0,29,0
raw_annual_rates,headline_12m_pct,hk_ppi_tech_gbp_12m_pct,pandemic_2020_2022,8,0.27736777446874655,0.29139297125267727,0.5,1.0,28,0
raw_annual_rates,headline_12m_pct,hk_ppi_tech_gbp_12m_pct,pandemic_2020_2022,9,0.30267545409953733,0.24185130008810965,0.5,1.0,27,0
raw_annual_rates,headline_12m_pct,hk_ppi_tech_gbp_12m_pct,pandemic_2020_2022,10,0.3832337336833995,0.20644783967537944,0.5,1.0,26,0
raw_annual_rates,headline_12m_pct,hk_ppi_tech_gbp_12m_pct,pandemic_2020_2022,11,0.501044507643899,0.42832887597430847,0.5,1.0,25,0
raw_annual_rates,headline_12m_pct,hk_ppi_tech_gbp_12m_pct,pandemic_2020_2022,12,0.523925301906819,0.523925301906819,0.5,1.0,24,0
raw_annual_rates,headline_12m_pct,hk_ppi_tech_gbp_12m_pct,post_2022,0,0.024517585144235802,0.10669370884825394,0.75,1.0,43,0
raw_annual_rates,headline_12m_pct,hk_ppi_tech_gbp_12m_pct,post_2022,1,0.1271136555728298,0.28360047783980735,0.75,1.0,42,0
raw_annual_rates,headline_12m_pct,hk_ppi_tech_gbp_12m_pct,post_2022,2,0.3748755855633322,0.47800647867255813,0.25,0.5,41,0
raw_annual_rates,headline_12m_pct,hk_ppi_tech_gbp_12m_pct,post_2022,3,0.5796585650759971,0.6420656633919158,0.125,0.125,40,0
raw_annual_rates,headline_12m_pct,hk_ppi_tech_gbp_12m_pct,post_2022,4,0.6927079249818092,0.7615301302209815,0.125,0.125,39,0
raw_annual_rates,headline_12m_pct,hk_ppi_tech_gbp_12m_pct,post_2022,5,0.6372314529980527,0.7308735694667371,0.125,0.125,38,0
raw_annual_rates,headline_12m_pct,hk_ppi_tech_gbp_12m_pct,post_2022,6,0.5151933748508627,0.5475956875630665,0.125,0.125,37,0
raw_annual_rates,headline_12m_pct,hk_ppi_tech_gbp_12m_pct,post_2022,7,0.5165530266649566,0.5675078978063125,0.125,0.125,36,0
raw_annual_rates,headline_12m_pct,hk_ppi_tech_gbp_12m_pct,post_2022,8,0.4538931378986856,0.5015841750234865,0.125,0.125,35,0
raw_annual_rates,headline_12m_pct,hk_ppi_tech_gbp_12m_pct,post_2022,9,0.3808865238702275,0.4307203775907744,0.125,0.875,34,0
raw_annual_rates,headline_12m_pct,hk_ppi_tech_gbp_12m_pct,post_2022,10,0.2217828153879302,0.20655613515806878,0.125,1.0,33,0
raw_annual_rates,headline_12m_pct,hk_ppi_tech_gbp_12m_pct,post_2022,11,0.2249405067861286,0.21272174211032574,0.125,1.0,32,0
raw_annual_rates,headline_12m_pct,hk_ppi_tech_gbp_12m_pct,post_2022,12,0.08770691387378282,0.08770691387378282,0.625,1.0,31,0
raw_annual_rates,headline_12m_pct,oecd_asia_c26_targeted_gbp_12m_pct,full,0,-0.12055304446628044,-0.13984931011219617,0.7407407407407407,1.0,62,0
raw_annual_rates,headline_12m_pct,oecd_asia_c26_targeted_gbp_12m_pct,full,1,-0.0662883683892086,-0.10065438329400125,0.8518518518518519,1.0,61,0
raw_annual_rates,headline_12m_pct,oecd_asia_c26_targeted_gbp_12m_pct,full,2,-0.060119541319232556,-0.0971750518773972,0.8888888888888888,1.0,60,0
raw_annual_rates,headline_12m_pct,oecd_asia_c26_targeted_gbp_12m_pct,full,3,-0.00785477456662706,-0.04175200574600547,0.9629629629629629,1.0,59,0
raw_annual_rates,headline_12m_pct,oecd_asia_c26_targeted_gbp_12m_pct,full,4,0.08774615976272832,0.0551421554440657,0.8888888888888888,1.0,58,0
raw_annual_rates,headline_12m_pct,oecd_asia_c26_targeted_gbp_12m_pct,full,5,0.15196081851334126,0.11370822500268499,0.8148148148148148,1.0,57,0
raw_annual_rates,headline_12m_pct,oecd_asia_c26_targeted_gbp_12m_pct,full,6,0.22540857078056176,0.1971812113436385,0.5555555555555556,1.0,56,0
raw_annual_rates,headline_12m_pct,oecd_asia_c26_targeted_gbp_12m_pct,full,7,0.36242084150966347,0.3507775750114343,0.3333333333333333,0.5185185185185185,55,0
raw_annual_rates,headline_12m_pct,oecd_asia_c26_targeted_gbp_12m_pct,full,8,0.4637702665873568,0.463526043032497,0.037037037037037035,0.4074074074074074,54,0
raw_annual_rates,headline_12m_pct,oecd_asia_c26_targeted_gbp_12m_pct,full,9,0.4920396056582974,0.4988481716071059,0.037037037037037035,0.37037037037037035,53,0
raw_annual_rates,headline_12m_pct,oecd_asia_c26_targeted_gbp_12m_pct,full,10,0.552744617114844,0.5652331615735735,0.037037037037037035,0.25925925925925924,52,0
raw_annual_rates,headline_12m_pct,oecd_asia_c26_targeted_gbp_12m_pct,full,11,0.5596580408999652,0.5723105298031249,0.037037037037037035,0.25925925925925924,51,0
raw_annual_rates,headline_12m_pct,oecd_asia_c26_targeted_gbp_12m_pct,full,12,0.5419958342898069,0.5419958342898069,0.037037037037037035,0.2962962962962963,50,0
raw_annual_rates,headline_12m_pct,oecd_asia_c26_targeted_gbp_12m_pct,pandemic_2020_2022,0,-0.3150094869001673,-0.36006062722051674,0.5,1.0,22,0
raw_annual_rates,headline_12m_pct,oecd_asia_c26_targeted_gbp_12m_pct,pandemic_2020_2022,1,-0.3037220812028611,-0.16612768499059483,1.0,1.0,21,0
raw_annual_rates,headline_12m_pct,oecd_asia_c26_targeted_gbp_12m_pct,pandemic_2020_2022,2,-0.5101594034032985,-0.2874235381971237,0.5,1.0,20,0
raw_annual_rates,headline_12m_pct,oecd_asia_c26_targeted_gbp_12m_pct,pandemic_2020_2022,3,-0.5282821633563619,-0.24924938182444575,1.0,1.0,19,0
raw_annual_rates,headline_12m_pct,oecd_asia_c26_targeted_gbp_12m_pct,pandemic_2020_2022,4,-0.45252968904024177,0.22364016831436168,0.5,1.0,18,0
raw_annual_rates,headline_12m_pct,oecd_asia_c26_targeted_gbp_12m_pct,pandemic_2020_2022,5,-0.7089126418190181,-0.2977710221747262,1.0,1.0,17,0
raw_annual_rates,headline_12m_pct,oecd_asia_c26_targeted_gbp_12m_pct,pandemic_2020_2022,6,-0.739996553601663,-0.4063486571326229,0.5,1.0,16,0
raw_annual_rates,headline_12m_pct,oecd_asia_c26_targeted_gbp_12m_pct,pandemic_2020_2022,7,-0.6281217513939008,-0.1204606013630738,1.0,1.0,15,0
raw_annual_rates,headline_12m_pct,oecd_asia_c26_targeted_gbp_12m_pct,pandemic_2020_2022,8,-0.5706280445997612,-0.0971289262834684,1.0,1.0,14,0
raw_annual_rates,headline_12m_pct,oecd_asia_c26_targeted_gbp_12m_pct,pandemic_2020_2022,9,-0.6188193564080231,-0.25435541024572766,1.0,1.0,13,0
raw_annual_rates,headline_12m_pct,oecd_asia_c26_targeted_gbp_12m_pct,pandemic_2020_2022,10,-0.5312405858056866,-0.2259079774609128,1.0,1.0,12,0
raw_annual_rates,headline_12m_pct,oecd_asia_c26_targeted_gbp_12m_pct,pandemic_2020_2022,11,-0.7101679754012541,-0.6620586785019811,0.5,1.0,11,0
raw_annual_rates,headline_12m_pct,oecd_asia_c26_targeted_gbp_12m_pct,pandemic_2020_2022,12,-0.7720741857974492,-0.7720741857974492,0.5,1.0,10,0
raw_annual_rates,headline_12m_pct,oecd_asia_c26_targeted_gbp_12m_pct,post_2022,0,-0.43366681707448307,-0.531115296920656,0.2,0.2,40,0
raw_annual_rates,headline_12m_pct,oecd_asia_c26_targeted_gbp_12m_pct,post_2022,1,-0.3104185559320688,-0.3478134235033102,0.4,0.4,39,0
raw_annual_rates,headline_12m_pct,oecd_asia_c26_targeted_gbp_12m_pct,post_2022,2,-0.19165516796763687,-0.17836372349607174,0.4,1.0,38,0
raw_annual_rates,headline_12m_pct,oecd_asia_c26_targeted_gbp_12m_pct,post_2022,3,-0.04220003847976429,0.001901258648617854,1.0,1.0,37,0
raw_annual_rates,headline_12m_pct,oecd_asia_c26_targeted_gbp_12m_pct,post_2022,4,0.11643892333369876,0.15986018807340113,0.4,1.0,36,0
raw_annual_rates,headline_12m_pct,oecd_asia_c26_targeted_gbp_12m_pct,post_2022,5,0.2848218658123003,0.31876220692466706,0.2,0.6,35,0
raw_annual_rates,headline_12m_pct,oecd_asia_c26_targeted_gbp_12m_pct,post_2022,6,0.35685132444680456,0.3873899775469749,0.2,0.4,34,0
raw_annual_rates,headline_12m_pct,oecd_asia_c26_targeted_gbp_12m_pct,post_2022,7,0.49979349527159744,0.5042328893493565,0.2,0.2,33,0
raw_annual_rates,headline_12m_pct,oecd_asia_c26_targeted_gbp_12m_pct,post_2022,8,0.5691754466395742,0.5646647117308818,0.2,0.2,32,0
raw_annual_rates,headline_12m_pct,oecd_asia_c26_targeted_gbp_12m_pct,post_2022,9,0.5140175447232512,0.5188240143522058,0.2,0.2,31,0
raw_annual_rates,headline_12m_pct,oecd_asia_c26_targeted_gbp_12m_pct,post_2022,10,0.505955535247619,0.5289541889236973,0.2,0.2,30,0
raw_annual_rates,headline_12m_pct,oecd_asia_c26_targeted_gbp_12m_pct,post_2022,11,0.379891427093931,0.39470291050811374,0.2,0.4,29,0
raw_annual_rates,headline_12m_pct,oecd_asia_c26_targeted_gbp_12m_pct,post_2022,12,0.17641911692484136,0.17641911692484136,0.2,1.0,28,0
raw_annual_rates,headline_12m_pct,oecd_asia_c26_bls_gbp_12m_pct,full,0,-0.21033787095625017,-0.26528767272174725,0.23076923076923078,0.4835164835164835,126,0
raw_annual_rates,headline_12m_pct,oecd_asia_c26_bls_gbp_12m_pct,full,1,-0.163961553000714,-0.22094646711892266,0.2857142857142857,0.5934065934065934,125,0
raw_annual_rates,headline_12m_pct,oecd_asia_c26_bls_gbp_12m_pct,full,2,-0.13430813468756117,-0.18399072321137228,0.32967032967032966,0.6923076923076923,124,0
raw_annual_rates,headline_12m_pct,oecd_asia_c26_bls_gbp_12m_pct,full,3,-0.08538085733682985,-0.12776054727700892,0.4725274725274725,0.9010989010989011,123,0
raw_annual_rates,headline_12m_pct,oecd_asia_c26_bls_gbp_12m_pct,full,4,-0.03720343622414647,-0.07615764850662006,0.5934065934065934,0.9120879120879121,122,0
raw_annual_rates,headline_12m_pct,oecd_asia_c26_bls_gbp_12m_pct,full,5,0.015883174433050647,-0.016878058894210356,0.8681318681318682,1.0,121,0
raw_annual_rates,headline_12m_pct,oecd_asia_c26_bls_gbp_12m_pct,full,6,0.060815124497748875,0.04384540751757052,0.6813186813186813,1.0,120,0
raw_annual_rates,headline_12m_pct,oecd_asia_c26_bls_gbp_12m_pct,full,7,0.16796091233868649,0.16328666159755217,0.3516483516483517,0.7362637362637363,119,0
raw_annual_rates,headline_12m_pct,oecd_asia_c26_bls_gbp_12m_pct,full,8,0.2122705793892867,0.21108255837303067,0.2967032967032967,0.6263736263736264,118,0
raw_annual_rates,headline_12m_pct,oecd_asia_c26_bls_gbp_12m_pct,full,9,0.21912164747840912,0.2208493490526368,0.27472527472527475,0.5934065934065934,117,0
raw_annual_rates,headline_12m_pct,oecd_asia_c26_bls_gbp_12m_pct,full,10,0.2379870988918987,0.2432308661264118,0.24175824175824176,0.5054945054945055,116,0
raw_annual_rates,headline_12m_pct,oecd_asia_c26_bls_gbp_12m_pct,full,11,0.22467404555397608,0.22377725608124946,0.26373626373626374,0.5824175824175825,115,0
raw_annual_rates,headline_12m_pct,oecd_asia_c26_bls_gbp_12m_pct,full,12,0.18619664687275655,0.18619664687275655,0.32967032967032966,0.6703296703296703,114,0
raw_annual_rates,headline_12m_pct,oecd_asia_c26_bls_gbp_12m_pct,pre_2020,0,-0.29909948765260796,-0.361375631345319,0.6923076923076923,0.6923076923076923,48,0
raw_annual_rates,headline_12m_pct,oecd_asia_c26_bls_gbp_12m_pct,pre_2020,1,-0.2620652806862419,-0.30273110608473697,0.6923076923076923,0.7692307692307693,47,0
raw_annual_rates,headline_12m_pct,oecd_asia_c26_bls_gbp_12m_pct,pre_2020,2,-0.20814248016971326,-0.2288113546464602,0.7692307692307693,1.0,46,0
raw_annual_rates,headline_12m_pct,oecd_asia_c26_bls_gbp_12m_pct,pre_2020,3,-0.1517623156363733,-0.17288310455105624,0.6923076923076923,1.0,45,0
raw_annual_rates,headline_12m_pct,oecd_asia_c26_bls_gbp_12m_pct,pre_2020,4,-0.09093620543707617,-0.10061717023771405,0.7692307692307693,1.0,44,0
raw_annual_rates,headline_12m_pct,oecd_asia_c26_bls_gbp_12m_pct,pre_2020,5,-0.04192083810563868,-0.056371874201713454,0.9230769230769231,1.0,43,0
raw_annual_rates,headline_12m_pct,oecd_asia_c26_bls_gbp_12m_pct,pre_2020,6,-0.047818528885546885,-0.06311439873697569,0.9230769230769231,1.0,42,0
raw_annual_rates,headline_12m_pct,oecd_asia_c26_bls_gbp_12m_pct,pre_2020,7,0.020366013635061336,0.025405842654625813,1.0,1.0,41,0
raw_annual_rates,headline_12m_pct,oecd_asia_c26_bls_gbp_12m_pct,pre_2020,8,-0.046268410631426775,-0.03606101267443465,0.9230769230769231,1.0,40,0
raw_annual_rates,headline_12m_pct,oecd_asia_c26_bls_gbp_12m_pct,pre_2020,9,-0.07594487862111915,-0.07567738364282442,0.9230769230769231,1.0,39,0
raw_annual_rates,headline_12m_pct,oecd_asia_c26_bls_gbp_12m_pct,pre_2020,10,-0.019248582192035554,-0.009285542771527894,0.9230769230769231,1.0,38,0
raw_annual_rates,headline_12m_pct,oecd_asia_c26_bls_gbp_12m_pct,pre_2020,11,-0.016886134838633795,-0.009686790583682476,0.9230769230769231,1.0,37,0
raw_annual_rates,headline_12m_pct,oecd_asia_c26_bls_gbp_12m_pct,pre_2020,12,-0.015338412065679433,-0.015338412065679433,0.9230769230769231,1.0,36,0
raw_annual_rates,headline_12m_pct,oecd_asia_c26_bls_gbp_12m_pct,pandemic_2020_2022,0,-0.3969424263248258,-0.41146848007303377,1.0,1.0,36,0
raw_annual_rates,headline_12m_pct,oecd_asia_c26_bls_gbp_12m_pct,pandemic_2020_2022,1,-0.3915521684690795,-0.2041318873428072,1.0,1.0,35,0
raw_annual_rates,headline_12m_pct,oecd_asia_c26_bls_gbp_12m_pct,pandemic_2020_2022,2,-0.47581446773948183,-0.1568082503729767,1.0,1.0,34,0
raw_annual_rates,headline_12m_pct,oecd_asia_c26_bls_gbp_12m_pct,pandemic_2020_2022,3,-0.508648536230901,-0.12095645122431985,1.0,1.0,33,0
raw_annual_rates,headline_12m_pct,oecd_asia_c26_bls_gbp_12m_pct,pandemic_2020_2022,4,-0.5206028963167025,-0.07906514839030063,1.0,1.0,32,0
raw_annual_rates,headline_12m_pct,oecd_asia_c26_bls_gbp_12m_pct,pandemic_2020_2022,5,-0.5875995030829146,-0.15105546607952203,1.0,1.0,31,0
raw_annual_rates,headline_12m_pct,oecd_asia_c26_bls_gbp_12m_pct,pandemic_2020_2022,6,-0.565128119624911,-0.13297953744540686,0.5,1.0,30,0
raw_annual_rates,headline_12m_pct,oecd_asia_c26_bls_gbp_12m_pct,pandemic_2020_2022,7,-0.4038792557876172,0.14316553711553098,1.0,1.0,29,0
raw_annual_rates,headline_12m_pct,oecd_asia_c26_bls_gbp_12m_pct,pandemic_2020_2022,8,-0.14673420398537168,0.3833875713283103,1.0,1.0,28,0
raw_annual_rates,headline_12m_pct,oecd_asia_c26_bls_gbp_12m_pct,pandemic_2020_2022,9,-0.043224033077703485,0.3943284835051924,1.0,1.0,27,0
raw_annual_rates,headline_12m_pct,oecd_asia_c26_bls_gbp_12m_pct,pandemic_2020_2022,10,0.10243220172009533,0.438510047226358,1.0,1.0,26,0
raw_annual_rates,headline_12m_pct,oecd_asia_c26_bls_gbp_12m_pct,pandemic_2020_2022,11,0.10945846904995574,0.2582978216243029,1.0,1.0,25,0
raw_annual_rates,headline_12m_pct,oecd_asia_c26_bls_gbp_12m_pct,pandemic_2020_2022,12,0.006234125355312017,0.006234125355312017,1.0,1.0,24,0
raw_annual_rates,headline_12m_pct,oecd_asia_c26_bls_gbp_12m_pct,post_2022,0,-0.00206520415228997,-0.13946173673028134,0.42857142857142855,1.0,42,0
raw_annual_rates,headline_12m_pct,oecd_asia_c26_bls_gbp_12m_pct,post_2022,1,0.15133153696692248,0.042045543904759154,0.8571428571428571,1.0,41,0
raw_annual_rates,headline_12m_pct,oecd_asia_c26_bls_gbp_12m_pct,post_2022,2,0.23433739056167474,0.17575930215255145,0.2857142857142857,0.7142857142857143,40,0
raw_annual_rates,headline_12m_pct,oecd_asia_c26_bls_gbp_12m_pct,post_2022,3,0.3461558718149198,0.3301332475548283,0.14285714285714285,0.14285714285714285,39,0
raw_annual_rates,headline_12m_pct,oecd_asia_c26_bls_gbp_12m_pct,post_2022,4,0.42700863258352856,0.4347768235706759,0.14285714285714285,0.14285714285714285,38,0
raw_annual_rates,headline_12m_pct,oecd_asia_c26_bls_gbp_12m_pct,post_2022,5,0.505591439725431,0.5409686622032236,0.14285714285714285,0.14285714285714285,37,0
raw_annual_rates,headline_12m_pct,oecd_asia_c26_bls_gbp_12m_pct,post_2022,6,0.5839471376251285,0.6418290177962037,0.14285714285714285,0.14285714285714285,36,0
raw_annual_rates,headline_12m_pct,oecd_asia_c26_bls_gbp_12m_pct,post_2022,7,0.7337194005339894,0.7952623151139512,0.14285714285714285,0.14285714285714285,35,0
raw_annual_rates,headline_12m_pct,oecd_asia_c26_bls_gbp_12m_pct,post_2022,8,0.719023364437239,0.7790181698934471,0.14285714285714285,0.14285714285714285,34,0
raw_annual_rates,headline_12m_pct,oecd_asia_c26_bls_gbp_12m_pct,post_2022,9,0.6171397440074595,0.6873837113304793,0.14285714285714285,0.14285714285714285,33,0
raw_annual_rates,headline_12m_pct,oecd_asia_c26_bls_gbp_12m_pct,post_2022,10,0.41273166957538143,0.49369954178946196,0.14285714285714285,0.14285714285714285,32,0
raw_annual_rates,headline_12m_pct,oecd_asia_c26_bls_gbp_12m_pct,post_2022,11,0.24431178091069466,0.26502090579381465,0.14285714285714285,0.14285714285714285,31,0
raw_annual_rates,headline_12m_pct,oecd_asia_c26_bls_gbp_12m_pct,post_2022,12,0.08295512262718938,0.08295512262718938,0.7142857142857143,1.0,30,0
raw_annual_rates,headline_12m_pct,fred_china_computer_electronics_gbp_12m_pct,full,0,-0.20209466891623032,-0.2629528662454143,0.23076923076923078,0.4725274725274725,126,0
raw_annual_rates,headline_12m_pct,fred_china_computer_electronics_gbp_12m_pct,full,1,-0.1561288236034703,-0.2186044682052153,0.2967032967032967,0.5824175824175825,125,0
raw_annual_rates,headline_12m_pct,fred_china_computer_electronics_gbp_12m_pct,full,2,-0.12614326617378405,-0.18145360489828782,0.34065934065934067,0.6703296703296703,124,0
raw_annual_rates,headline_12m_pct,fred_china_computer_electronics_gbp_12m_pct,full,3,-0.07776311578939597,-0.1258917740723,0.43956043956043955,0.8241758241758241,123,0
raw_annual_rates,headline_12m_pct,fred_china_computer_electronics_gbp_12m_pct,full,4,-0.03023096703369466,-0.07441455188410925,0.5714285714285714,0.9120879120879121,122,0
raw_annual_rates,headline_12m_pct,fred_china_computer_electronics_gbp_12m_pct,full,5,0.02268715252436755,-0.014215237025705246,0.9010989010989011,1.0,121,0
raw_annual_rates,headline_12m_pct,fred_china_computer_electronics_gbp_12m_pct,full,6,0.06395638704802774,0.04502563203616593,0.6813186813186813,1.0,120,0
raw_annual_rates,headline_12m_pct,fred_china_computer_electronics_gbp_12m_pct,full,7,0.16895413693225342,0.16409834328929718,0.3516483516483517,0.7032967032967034,119,0
raw_annual_rates,headline_12m_pct,fred_china_computer_electronics_gbp_12m_pct,full,8,0.2126481584268742,0.21193917343433072,0.2967032967032967,0.5934065934065934,118,0
raw_annual_rates,headline_12m_pct,fred_china_computer_electronics_gbp_12m_pct,full,9,0.2162103601324425,0.2185841499326002,0.26373626373626374,0.5824175824175825,117,0
raw_annual_rates,headline_12m_pct,fred_china_computer_electronics_gbp_12m_pct,full,10,0.2319083362827439,0.23780149482886292,0.24175824175824176,0.5054945054945055,116,0
raw_annual_rates,headline_12m_pct,fred_china_computer_electronics_gbp_12m_pct,full,11,0.21565455369062614,0.21472377300992568,0.26373626373626374,0.5934065934065934,115,0
raw_annual_rates,headline_12m_pct,fred_china_computer_electronics_gbp_12m_pct,full,12,0.17522604256223864,0.17522604256223864,0.3516483516483517,0.6813186813186813,114,0
raw_annual_rates,headline_12m_pct,fred_china_computer_electronics_gbp_12m_pct,pre_2020,0,-0.30361949081775164,-0.3697052970511377,0.6923076923076923,0.6923076923076923,48,0
raw_annual_rates,headline_12m_pct,fred_china_computer_electronics_gbp_12m_pct,pre_2020,1,-0.2674680392804678,-0.3109456916003358,0.6923076923076923,0.6923076923076923,47,0
raw_annual_rates,headline_12m_pct,fred_china_computer_electronics_gbp_12m_pct,pre_2020,2,-0.21458579006753992,-0.23699188593873802,0.7692307692307693,1.0,46,0
raw_annual_rates,headline_12m_pct,fred_china_computer_electronics_gbp_12m_pct,pre_2020,3,-0.1607652350709098,-0.1819133472814547,0.6923076923076923,1.0,45,0
raw_annual_rates,headline_12m_pct,fred_china_computer_electronics_gbp_12m_pct,pre_2020,4,-0.10108214759345795,-0.11057115979438423,0.7692307692307693,1.0,44,0
raw_annual_rates,headline_12m_pct,fred_china_computer_electronics_gbp_12m_pct,pre_2020,5,-0.053295288771347975,-0.06662013192281456,0.9230769230769231,1.0,43,0
raw_annual_rates,headline_12m_pct,fred_china_computer_electronics_gbp_12m_pct,pre_2020,6,-0.0621572905547045,-0.07620771622505824,0.9230769230769231,1.0,42,0
raw_annual_rates,headline_12m_pct,fred_china_computer_electronics_gbp_12m_pct,pre_2020,7,0.006244163442126884,0.015753763206514598,1.0,1.0,41,0
raw_annual_rates,headline_12m_pct,fred_china_computer_electronics_gbp_12m_pct,pre_2020,8,-0.052342429268558574,-0.03809908451054532,0.9230769230769231,1.0,40,0
raw_annual_rates,headline_12m_pct,fred_china_computer_electronics_gbp_12m_pct,pre_2020,9,-0.08093970359542495,-0.07707237557741455,0.9230769230769231,1.0,39,0
raw_annual_rates,headline_12m_pct,fred_china_computer_electronics_gbp_12m_pct,pre_2020,10,-0.026165227105030175,-0.013668819086206868,0.9230769230769231,1.0,38,0
raw_annual_rates,headline_12m_pct,fred_china_computer_electronics_gbp_12m_pct,pre_2020,11,-0.024204577635815416,-0.015259953645701535,0.9230769230769231,1.0,37,0
raw_annual_rates,headline_12m_pct,fred_china_computer_electronics_gbp_12m_pct,pre_2020,12,-0.018865688561165505,-0.018865688561165505,0.9230769230769231,1.0,36,0
raw_annual_rates,headline_12m_pct,fred_china_computer_electronics_gbp_12m_pct,pandemic_2020_2022,0,-0.3955755061606038,-0.40022247582858206,1.0,1.0,36,0
raw_annual_rates,headline_12m_pct,fred_china_computer_electronics_gbp_12m_pct,pandemic_2020_2022,1,-0.3913165431618474,-0.1843342158076565,1.0,1.0,35,0
raw_annual_rates,headline_12m_pct,fred_china_computer_electronics_gbp_12m_pct,pandemic_2020_2022,2,-0.47909730361402936,-0.14659750594614424,1.0,1.0,34,0
raw_annual_rates,headline_12m_pct,fred_china_computer_electronics_gbp_12m_pct,pandemic_2020_2022,3,-0.5158564906081625,-0.11986002928537592,1.0,1.0,33,0
raw_annual_rates,headline_12m_pct,fred_china_computer_electronics_gbp_12m_pct,pandemic_2020_2022,4,-0.532083297645843,-0.10047182483518659,1.0,1.0,32,0
raw_annual_rates,headline_12m_pct,fred_china_computer_electronics_gbp_12m_pct,pandemic_2020_2022,5,-0.6046057721832111,-0.18827004424273766,1.0,1.0,31,0
raw_annual_rates,headline_12m_pct,fred_china_computer_electronics_gbp_12m_pct,pandemic_2020_2022,6,-0.5898466447644939,-0.17833544687335276,0.5,1.0,30,0
raw_annual_rates,headline_12m_pct,fred_china_computer_electronics_gbp_12m_pct,pandemic_2020_2022,7,-0.4284306104216694,0.10310482358737162,1.0,1.0,29,0
raw_annual_rates,headline_12m_pct,fred_china_computer_electronics_gbp_12m_pct,pandemic_2020_2022,8,-0.15968673753145157,0.3667021639934138,1.0,1.0,28,0
raw_annual_rates,headline_12m_pct,fred_china_computer_electronics_gbp_12m_pct,pandemic_2020_2022,9,-0.052673248145865416,0.3844902799808581,1.0,1.0,27,0
raw_annual_rates,headline_12m_pct,fred_china_computer_electronics_gbp_12m_pct,pandemic_2020_2022,10,0.09895215759296366,0.4329918585917108,1.0,1.0,26,0
raw_annual_rates,headline_12m_pct,fred_china_computer_electronics_gbp_12m_pct,pandemic_2020_2022,11,0.10588288800053025,0.24986596896620258,1.0,1.0,25,0
raw_annual_rates,headline_12m_pct,fred_china_computer_electronics_gbp_12m_pct,pandemic_2020_2022,12,-0.005627622338025768,-0.005627622338025768,1.0,1.0,24,0
raw_annual_rates,headline_12m_pct,fred_china_computer_electronics_gbp_12m_pct,post_2022,0,0.02546728972436276,-0.12160367678393469,0.5714285714285714,1.0,42,0
raw_annual_rates,headline_12m_pct,fred_china_computer_electronics_gbp_12m_pct,post_2022,1,0.1802919652923818,0.05861107303501368,0.8571428571428571,1.0,41,0
raw_annual_rates,headline_12m_pct,fred_china_computer_electronics_gbp_12m_pct,post_2022,2,0.25958812061074626,0.1914465482555679,0.2857142857142857,0.7142857142857143,40,0
raw_annual_rates,headline_12m_pct,fred_china_computer_electronics_gbp_12m_pct,post_2022,3,0.36403722437503083,0.34081595827563416,0.14285714285714285,0.14285714285714285,39,0
raw_annual_rates,headline_12m_pct,fred_china_computer_electronics_gbp_12m_pct,post_2022,4,0.4370053310604768,0.4414391072812833,0.14285714285714285,0.14285714285714285,38,0
raw_annual_rates,headline_12m_pct,fred_china_computer_electronics_gbp_12m_pct,post_2022,5,0.5096043321518483,0.548752237365017,0.14285714285714285,0.14285714285714285,37,0
raw_annual_rates,headline_12m_pct,fred_china_computer_electronics_gbp_12m_pct,post_2022,6,0.5816822987904419,0.6546003554576162,0.14285714285714285,0.14285714285714285,36,0
raw_annual_rates,headline_12m_pct,fred_china_computer_electronics_gbp_12m_pct,post_2022,7,0.7242387628752363,0.8086670994795843,0.14285714285714285,0.14285714285714285,35,0
raw_annual_rates,headline_12m_pct,fred_china_computer_electronics_gbp_12m_pct,post_2022,8,0.7059216172489863,0.7895393200368146,0.14285714285714285,0.14285714285714285,34,0
raw_annual_rates,headline_12m_pct,fred_china_computer_electronics_gbp_12m_pct,post_2022,9,0.60250212594994,0.6940368166952269,0.14285714285714285,0.14285714285714285,33,0
raw_annual_rates,headline_12m_pct,fred_china_computer_electronics_gbp_12m_pct,post_2022,10,0.39993604512437414,0.49691576112513286,0.14285714285714285,0.14285714285714285,32,0
raw_annual_rates,headline_12m_pct,fred_china_computer_electronics_gbp_12m_pct,post_2022,11,0.23113469620424426,0.2560587422062941,0.14285714285714285,0.14285714285714285,31,0
raw_annual_rates,headline_12m_pct,fred_china_computer_electronics_gbp_12m_pct,post_2022,12,0.06542408627340879,0.06542408627340879,0.8571428571428571,1.0,30,0
raw_annual_rates,headline_12m_pct,fred_japan_computer_electronics_gbp_12m_pct,full,0,-0.26407747395030856,-0.32168600294168365,0.18681318681318682,0.34065934065934067,126,0
raw_annual_rates,headline_12m_pct,fred_japan_computer_electronics_gbp_12m_pct,full,1,-0.22287860392321718,-0.2774619402784199,0.2087912087912088,0.4725274725274725,125,0
raw_annual_rates,headline_12m_pct,fred_japan_computer_electronics_gbp_12m_pct,full,2,-0.18644821287094934,-0.23258928792739503,0.26373626373626374,0.5824175824175825,124,0
raw_annual_rates,headline_12m_pct,fred_japan_computer_electronics_gbp_12m_pct,full,3,-0.13108913766322686,-0.16783820483601236,0.37362637362637363,0.7472527472527473,123,0
raw_annual_rates,headline_12m_pct,fred_japan_computer_electronics_gbp_12m_pct,full,4,-0.08448733529234086,-0.11514701718367977,0.4725274725274725,0.9010989010989011,122,0
raw_annual_rates,headline_12m_pct,fred_japan_computer_electronics_gbp_12m_pct,full,5,-0.030440133568108745,-0.05363065702848025,0.7362637362637363,1.0,121,0
raw_annual_rates,headline_12m_pct,fred_japan_computer_electronics_gbp_12m_pct,full,6,0.017184384033345514,0.005764731640089298,1.0,1.0,120,0
raw_annual_rates,headline_12m_pct,fred_japan_computer_electronics_gbp_12m_pct,full,7,0.12302135225565058,0.11977639579349895,0.4945054945054945,0.9010989010989011,119,0
raw_annual_rates,headline_12m_pct,fred_japan_computer_electronics_gbp_12m_pct,full,8,0.16708266045685388,0.1655805115663016,0.37362637362637363,0.7472527472527473,118,0
raw_annual_rates,headline_12m_pct,fred_japan_computer_electronics_gbp_12m_pct,full,9,0.185285202504423,0.18630049011898236,0.32967032967032966,0.7362637362637363,117,0
raw_annual_rates,headline_12m_pct,fred_japan_computer_electronics_gbp_12m_pct,full,10,0.21384292696976254,0.2164158932175942,0.26373626373626374,0.6263736263736264,116,0
raw_annual_rates,headline_12m_pct,fred_japan_computer_electronics_gbp_12m_pct,full,11,0.21860253019311723,0.21783569408663545,0.26373626373626374,0.6153846153846154,115,0
raw_annual_rates,headline_12m_pct,fred_japan_computer_electronics_gbp_12m_pct,full,12,0.18580473918916274,0.18580473918916274,0.34065934065934067,0.7362637362637363,114,0
raw_annual_rates,headline_12m_pct,fred_japan_computer_electronics_gbp_12m_pct,pre_2020,0,-0.30824708550265095,-0.37126643012194255,0.6923076923076923,0.6923076923076923,48,0
raw_annual_rates,headline_12m_pct,fred_japan_computer_electronics_gbp_12m_pct,pre_2020,1,-0.27506062717386254,-0.3140896366521888,0.7692307692307693,0.8461538461538461,47,0
raw_annual_rates,headline_12m_pct,fred_japan_computer_electronics_gbp_12m_pct,pre_2020,2,-0.22069716547851626,-0.23528724502961548,0.7692307692307693,1.0,46,0
raw_annual_rates,headline_12m_pct,fred_japan_computer_electronics_gbp_12m_pct,pre_2020,3,-0.16112021353802744,-0.1739933970008309,0.8461538461538461,1.0,45,0
raw_annual_rates,headline_12m_pct,fred_japan_computer_electronics_gbp_12m_pct,pre_2020,4,-0.11001616091596744,-0.11148296845516582,0.8461538461538461,1.0,44,0
raw_annual_rates,headline_12m_pct,fred_japan_computer_electronics_gbp_12m_pct,pre_2020,5,-0.058990633304058265,-0.06104600274265557,0.9230769230769231,1.0,43,0
raw_annual_rates,headline_12m_pct,fred_japan_computer_electronics_gbp_12m_pct,pre_2020,6,-0.04590598302552918,-0.04135187212534001,1.0,1.0,42,0
raw_annual_rates,headline_12m_pct,fred_japan_computer_electronics_gbp_12m_pct,pre_2020,7,0.026593883273808443,0.05195581193108473,0.9230769230769231,1.0,41,0
raw_annual_rates,headline_12m_pct,fred_japan_computer_electronics_gbp_12m_pct,pre_2020,8,-0.05795688517443684,-0.03234786857929638,1.0,1.0,40,0
raw_annual_rates,headline_12m_pct,fred_japan_computer_electronics_gbp_12m_pct,pre_2020,9,-0.08354982194044794,-0.07161346096610215,0.8461538461538461,1.0,39,0
raw_annual_rates,headline_12m_pct,fred_japan_computer_electronics_gbp_12m_pct,pre_2020,10,-0.022046448169637273,-0.003145612863960776,1.0,1.0,38,0
raw_annual_rates,headline_12m_pct,fred_japan_computer_electronics_gbp_12m_pct,pre_2020,11,-0.014956102672058448,-0.004095980522347912,1.0,1.0,37,0
raw_annual_rates,headline_12m_pct,fred_japan_computer_electronics_gbp_12m_pct,pre_2020,12,-0.03745524529363317,-0.03745524529363317,0.9230769230769231,1.0,36,0
raw_annual_rates,headline_12m_pct,fred_japan_computer_electronics_gbp_12m_pct,pandemic_2020_2022,0,-0.4653696372191961,-0.5663332694468387,1.0,1.0,36,0
raw_annual_rates,headline_12m_pct,fred_japan_computer_electronics_gbp_12m_pct,pandemic_2020_2022,1,-0.4631449596377847,-0.4050482545335523,1.0,1.0,35,0
raw_annual_rates,headline_12m_pct,fred_japan_computer_electronics_gbp_12m_pct,pandemic_2020_2022,2,-0.5223552515126985,-0.3074446742721431,1.0,1.0,34,0
raw_annual_rates,headline_12m_pct,fred_japan_computer_electronics_gbp_12m_pct,pandemic_2020_2022,3,-0.5275218385912451,-0.2054053859387596,0.5,1.0,33,0
raw_annual_rates,headline_12m_pct,fred_japan_computer_electronics_gbp_12m_pct,pandemic_2020_2022,4,-0.5154930136449342,-0.11921755667033018,0.5,1.0,32,0
raw_annual_rates,headline_12m_pct,fred_japan_computer_electronics_gbp_12m_pct,pandemic_2020_2022,5,-0.5407790920994097,-0.09662395967884843,0.5,1.0,31,0
raw_annual_rates,headline_12m_pct,fred_japan_computer_electronics_gbp_12m_pct,pandemic_2020_2022,6,-0.5189938600836401,-0.09243462540360711,1.0,1.0,30,0
raw_annual_rates,headline_12m_pct,fred_japan_computer_electronics_gbp_12m_pct,pandemic_2020_2022,7,-0.3404994978405802,0.1770532058758938,1.0,1.0,29,0
raw_annual_rates,headline_12m_pct,fred_japan_computer_electronics_gbp_12m_pct,pandemic_2020_2022,8,-0.09133665351141905,0.38889018928408103,1.0,1.0,28,0
raw_annual_rates,headline_12m_pct,fred_japan_computer_electronics_gbp_12m_pct,pandemic_2020_2022,9,0.05442486250935041,0.45541802088064404,1.0,1.0,27,0
raw_annual_rates,headline_12m_pct,fred_japan_computer_electronics_gbp_12m_pct,pandemic_2020_2022,10,0.21833999670343535,0.5301943334812966,0.5,1.0,26,0
raw_annual_rates,headline_12m_pct,fred_japan_computer_electronics_gbp_12m_pct,pandemic_2020_2022,11,0.277874504726878,0.42591437343717464,0.5,1.0,25,0
raw_annual_rates,headline_12m_pct,fred_japan_computer_electronics_gbp_12m_pct,pandemic_2020_2022,12,0.1997452696983632,0.1997452696983632,1.0,1.0,24,0
raw_annual_rates,headline_12m_pct,fred_japan_computer_electronics_gbp_12m_pct,post_2022,0,-0.004641981924879923,-0.13405813784456885,0.42857142857142855,1.0,42,0
raw_annual_rates,headline_12m_pct,fred_japan_computer_electronics_gbp_12m_pct,post_2022,1,0.14387104750215124,0.058981742870001644,0.8571428571428571,1.0,41,0
raw_annual_rates,headline_12m_pct,fred_japan_computer_electronics_gbp_12m_pct,post_2022,2,0.23864636501262546,0.2117098175119871,0.42857142857142855,0.8571428571428571,40,0
raw_annual_rates,headline_12m_pct,fred_japan_computer_electronics_gbp_12m_pct,post_2022,3,0.3608085707012133,0.3844783962484768,0.14285714285714285,0.14285714285714285,39,0
raw_annual_rates,headline_12m_pct,fred_japan_computer_electronics_gbp_12m_pct,post_2022,4,0.4344005659741279,0.49337953012932706,0.14285714285714285,0.14285714285714285,38,0
raw_annual_rates,headline_12m_pct,fred_japan_computer_electronics_gbp_12m_pct,post_2022,5,0.5040405719515599,0.5914685750826503,0.14285714285714285,0.14285714285714285,37,0
raw_annual_rates,headline_12m_pct,fred_japan_computer_electronics_gbp_12m_pct,post_2022,6,0.5696084515547944,0.6390821876613421,0.14285714285714285,0.14285714285714285,36,0
raw_annual_rates,headline_12m_pct,fred_japan_computer_electronics_gbp_12m_pct,post_2022,7,0.6963930297634364,0.7354547847736338,0.14285714285714285,0.14285714285714285,35,0
raw_annual_rates,headline_12m_pct,fred_japan_computer_electronics_gbp_12m_pct,post_2022,8,0.7033645820794224,0.7286070684056174,0.14285714285714285,0.14285714285714285,34,0
raw_annual_rates,headline_12m_pct,fred_japan_computer_electronics_gbp_12m_pct,post_2022,9,0.6051902641605946,0.6370876770178677,0.14285714285714285,0.14285714285714285,33,0
raw_annual_rates,headline_12m_pct,fred_japan_computer_electronics_gbp_12m_pct,post_2022,10,0.4137623387415456,0.4452486784826774,0.14285714285714285,0.14285714285714285,32,0
raw_annual_rates,headline_12m_pct,fred_japan_computer_electronics_gbp_12m_pct,post_2022,11,0.25872476518795745,0.2632733324988513,0.14285714285714285,0.5714285714285714,31,0
raw_annual_rates,headline_12m_pct,fred_japan_computer_electronics_gbp_12m_pct,post_2022,12,0.08615414794995377,0.08615414794995377,0.42857142857142855,1.0,30,0
raw_annual_rates,headline_12m_pct,fred_asian_nie_computer_electronics_gbp_12m_pct,full,0,-0.20160525415832356,-0.2468642535273403,0.27472527472527475,0.5824175824175825,126,0
raw_annual_rates,headline_12m_pct,fred_asian_nie_computer_electronics_gbp_12m_pct,full,1,-0.1600836272411025,-0.20379874025840533,0.3516483516483517,0.8571428571428571,125,0
raw_annual_rates,headline_12m_pct,fred_asian_nie_computer_electronics_gbp_12m_pct,full,2,-0.13999155916117717,-0.17160952573356997,0.45054945054945056,0.8901098901098901,124,0
raw_annual_rates,headline_12m_pct,fred_asian_nie_computer_electronics_gbp_12m_pct,full,3,-0.09646756725817782,-0.11731100012772604,0.5274725274725275,0.9120879120879121,123,0
raw_annual_rates,headline_12m_pct,fred_asian_nie_computer_electronics_gbp_12m_pct,full,4,-0.0480757842974804,-0.06707652834421902,0.6813186813186813,1.0,122,0
raw_annual_rates,headline_12m_pct,fred_asian_nie_computer_electronics_gbp_12m_pct,full,5,0.003053171872169278,-0.014181416172346516,0.8901098901098901,1.0,121,0
raw_annual_rates,headline_12m_pct,fred_asian_nie_computer_electronics_gbp_12m_pct,full,6,0.06117683140279859,0.051466265254272524,0.7472527472527473,1.0,120,0
raw_annual_rates,headline_12m_pct,fred_asian_nie_computer_electronics_gbp_12m_pct,full,7,0.17425153160930065,0.1709528644004526,0.42857142857142855,0.8901098901098901,119,0
raw_annual_rates,headline_12m_pct,fred_asian_nie_computer_electronics_gbp_12m_pct,full,8,0.219896177806579,0.21789579017313518,0.3076923076923077,0.8131868131868132,118,0
raw_annual_rates,headline_12m_pct,fred_asian_nie_computer_electronics_gbp_12m_pct,full,9,0.23653946630028783,0.23646669104226162,0.24175824175824176,0.6373626373626373,117,0
raw_annual_rates,headline_12m_pct,fred_asian_nie_computer_electronics_gbp_12m_pct,full,10,0.2649588167587828,0.26863272509242997,0.13186813186813187,0.4835164835164835,116,0
raw_annual_rates,headline_12m_pct,fred_asian_nie_computer_electronics_gbp_12m_pct,full,11,0.2580758712020464,0.25733057120222586,0.18681318681318682,0.5054945054945055,115,0
raw_annual_rates,headline_12m_pct,fred_asian_nie_computer_electronics_gbp_12m_pct,full,12,0.22685010897241703,0.22685010897241703,0.2857142857142857,0.7582417582417582,114,0
raw_annual_rates,headline_12m_pct,fred_asian_nie_computer_electronics_gbp_12m_pct,pre_2020,0,-0.2690449311923242,-0.3141577879179513,0.6153846153846154,0.8461538461538461,48,0
raw_annual_rates,headline_12m_pct,fred_asian_nie_computer_electronics_gbp_12m_pct,pre_2020,1,-0.22708213548117984,-0.25625147425520256,0.6923076923076923,0.9230769230769231,47,0
raw_annual_rates,headline_12m_pct,fred_asian_nie_computer_electronics_gbp_12m_pct,pre_2020,2,-0.169572353450434,-0.18538370241802304,0.6923076923076923,1.0,46,0
raw_annual_rates,headline_12m_pct,fred_asian_nie_computer_electronics_gbp_12m_pct,pre_2020,3,-0.10372501594630858,-0.12836816294950668,0.6923076923076923,1.0,45,0
raw_annual_rates,headline_12m_pct,fred_asian_nie_computer_electronics_gbp_12m_pct,pre_2020,4,-0.034998041883462776,-0.048971612915386376,0.9230769230769231,1.0,44,0
raw_annual_rates,headline_12m_pct,fred_asian_nie_computer_electronics_gbp_12m_pct,pre_2020,5,0.01796450129270332,-0.006376782666455588,1.0,1.0,43,0
raw_annual_rates,headline_12m_pct,fred_asian_nie_computer_electronics_gbp_12m_pct,pre_2020,6,0.018431210776051237,-0.010213191512162923,1.0,1.0,42,0
raw_annual_rates,headline_12m_pct,fred_asian_nie_computer_electronics_gbp_12m_pct,pre_2020,7,0.08279203022726374,0.059334023602330734,0.9230769230769231,1.0,41,0
raw_annual_rates,headline_12m_pct,fred_asian_nie_computer_electronics_gbp_12m_pct,pre_2020,8,-0.012832910888925938,-0.027604942661007697,1.0,1.0,40,0
raw_annual_rates,headline_12m_pct,fred_asian_nie_computer_electronics_gbp_12m_pct,pre_2020,9,-0.04869035122114715,-0.06980688684417898,1.0,1.0,39,0
raw_annual_rates,headline_12m_pct,fred_asian_nie_computer_electronics_gbp_12m_pct,pre_2020,10,0.01414996789640503,0.008715086031532161,1.0,1.0,38,0
raw_annual_rates,headline_12m_pct,fred_asian_nie_computer_electronics_gbp_12m_pct,pre_2020,11,0.016466757368952492,0.014039356125585671,1.0,1.0,37,0
raw_annual_rates,headline_12m_pct,fred_asian_nie_computer_electronics_gbp_12m_pct,pre_2020,12,0.009841499834684183,0.009841499834684183,1.0,1.0,36,0
raw_annual_rates,headline_12m_pct,fred_asian_nie_computer_electronics_gbp_12m_pct,pandemic_2020_2022,0,-0.37175324799588605,-0.3781576983638871,1.0,1.0,36,0
raw_annual_rates,headline_12m_pct,fred_asian_nie_computer_electronics_gbp_12m_pct,pandemic_2020_2022,1,-0.3614099916034696,-0.18980202901057452,1.0,1.0,35,0
raw_annual_rates,headline_12m_pct,fred_asian_nie_computer_electronics_gbp_12m_pct,pandemic_2020_2022,2,-0.440327051783942,-0.1310897172672945,1.0,1.0,34,0
raw_annual_rates,headline_12m_pct,fred_asian_nie_computer_electronics_gbp_12m_pct,pandemic_2020_2022,3,-0.4691373224419456,-0.09049376863017393,1.0,1.0,33,0
raw_annual_rates,headline_12m_pct,fred_asian_nie_computer_electronics_gbp_12m_pct,pandemic_2020_2022,4,-0.4753670027085846,0.00644093124069342,1.0,1.0,32,0
raw_annual_rates,headline_12m_pct,fred_asian_nie_computer_electronics_gbp_12m_pct,pandemic_2020_2022,5,-0.5359240011895542,-0.04529316732640565,1.0,1.0,31,0
raw_annual_rates,headline_12m_pct,fred_asian_nie_computer_electronics_gbp_12m_pct,pandemic_2020_2022,6,-0.4863654915975685,0.0030358264577945303,1.0,1.0,30,0
raw_annual_rates,headline_12m_pct,fred_asian_nie_computer_electronics_gbp_12m_pct,pandemic_2020_2022,7,-0.3348224667642289,0.2543217415259768,1.0,1.0,29,0
raw_annual_rates,headline_12m_pct,fred_asian_nie_computer_electronics_gbp_12m_pct,pandemic_2020_2022,8,-0.11970330915076946,0.4207023966247351,1.0,1.0,28,0
raw_annual_rates,headline_12m_pct,fred_asian_nie_computer_electronics_gbp_12m_pct,pandemic_2020_2022,9,-0.04421391021617223,0.3898958585886329,1.0,1.0,27,0
raw_annual_rates,headline_12m_pct,fred_asian_nie_computer_electronics_gbp_12m_pct,pandemic_2020_2022,10,0.07102402068427516,0.40792098498543455,1.0,1.0,26,0
raw_annual_rates,headline_12m_pct,fred_asian_nie_computer_electronics_gbp_12m_pct,pandemic_2020_2022,11,0.059224560916430115,0.21719348660062168,1.0,1.0,25,0
raw_annual_rates,headline_12m_pct,fred_asian_nie_computer_electronics_gbp_12m_pct,pandemic_2020_2022,12,-0.023595266971021073,-0.023595266971021073,1.0,1.0,24,0
raw_annual_rates,headline_12m_pct,fred_asian_nie_computer_electronics_gbp_12m_pct,post_2022,0,-0.073649805126122,-0.2125361478789872,0.2857142857142857,0.7142857142857143,42,0
raw_annual_rates,headline_12m_pct,fred_asian_nie_computer_electronics_gbp_12m_pct,post_2022,1,0.021882185915246283,-0.04346802023626446,0.8571428571428571,1.0,41,0
raw_annual_rates,headline_12m_pct,fred_asian_nie_computer_electronics_gbp_12m_pct,post_2022,2,0.07516041990896985,0.07672172640122142,0.8571428571428571,1.0,40,0
raw_annual_rates,headline_12m_pct,fred_asian_nie_computer_electronics_gbp_12m_pct,post_2022,3,0.17888370612308901,0.23510400633966158,0.14285714285714285,0.42857142857142855,39,0
raw_annual_rates,headline_12m_pct,fred_asian_nie_computer_electronics_gbp_12m_pct,post_2022,4,0.2886004457692088,0.34847870817213916,0.14285714285714285,0.14285714285714285,38,0
raw_annual_rates,headline_12m_pct,fred_asian_nie_computer_electronics_gbp_12m_pct,post_2022,5,0.3970311527123602,0.4444795334594185,0.14285714285714285,0.14285714285714285,37,0
raw_annual_rates,headline_12m_pct,fred_asian_nie_computer_electronics_gbp_12m_pct,post_2022,6,0.5144126725581575,0.5351269519751789,0.14285714285714285,0.14285714285714285,36,0
raw_annual_rates,headline_12m_pct,fred_asian_nie_computer_electronics_gbp_12m_pct,post_2022,7,0.6904174416370543,0.6956930836963218,0.14285714285714285,0.14285714285714285,35,0
raw_annual_rates,headline_12m_pct,fred_asian_nie_computer_electronics_gbp_12m_pct,post_2022,8,0.6924243983654134,0.6902999656435543,0.14285714285714285,0.14285714285714285,34,0
raw_annual_rates,headline_12m_pct,fred_asian_nie_computer_electronics_gbp_12m_pct,post_2022,9,0.6170013493687786,0.6233622472863196,0.14285714285714285,0.14285714285714285,33,0
raw_annual_rates,headline_12m_pct,fred_asian_nie_computer_electronics_gbp_12m_pct,post_2022,10,0.43034829435680494,0.4595800847709052,0.14285714285714285,0.14285714285714285,32,0
raw_annual_rates,headline_12m_pct,fred_asian_nie_computer_electronics_gbp_12m_pct,post_2022,11,0.27910245996380423,0.286341830102151,0.14285714285714285,0.2857142857142857,31,0
raw_annual_rates,headline_12m_pct,fred_asian_nie_computer_electronics_gbp_12m_pct,post_2022,12,0.15558459295247895,0.15558459295247895,0.2857142857142857,1.0,30,0
raw_annual_rates,ex_games_12m_pct,jp_epi_electronics_gbp_12m_pct,full,0,-0.2163801235261499,-0.26098122180571115,0.32608695652173914,0.6630434782608695,127,0
raw_annual_rates,ex_games_12m_pct,jp_epi_electronics_gbp_12m_pct,full,1,-0.11689285273174078,-0.15023422896174088,0.4673913043478261,0.9565217391304348,126,0
raw_annual_rates,ex_games_12m_pct,jp_epi_electronics_gbp_12m_pct,full,2,-0.015102871505764575,-0.03190636792767515,0.9130434782608695,1.0,125,0
raw_annual_rates,ex_games_12m_pct,jp_epi_electronics_gbp_12m_pct,full,3,0.09131873314915286,0.08203032772064611,0.7717391304347826,1.0,124,0
raw_annual_rates,ex_games_12m_pct,jp_epi_electronics_gbp_12m_pct,full,4,0.20705122495365608,0.19275488275463526,0.41304347826086957,0.8478260869565217,123,0
raw_annual_rates,ex_games_12m_pct,jp_epi_electronics_gbp_12m_pct,full,5,0.3225465853837081,0.3094167333389755,0.2608695652173913,0.6195652173913043,122,0
raw_annual_rates,ex_games_12m_pct,jp_epi_electronics_gbp_12m_pct,full,6,0.41274839165661986,0.40422805442736115,0.14130434782608695,0.42391304347826086,121,0
raw_annual_rates,ex_games_12m_pct,jp_epi_electronics_gbp_12m_pct,full,7,0.5020106547923094,0.5000714753582478,0.08695652173913043,0.21739130434782608,120,0
raw_annual_rates,ex_games_12m_pct,jp_epi_electronics_gbp_12m_pct,full,8,0.5367689707479939,0.5394718568717098,0.07608695652173914,0.21739130434782608,119,0
raw_annual_rates,ex_games_12m_pct,jp_epi_electronics_gbp_12m_pct,full,9,0.5693080402908375,0.5740308545151566,0.07608695652173914,0.20652173913043478,118,0
raw_annual_rates,ex_games_12m_pct,jp_epi_electronics_gbp_12m_pct,full,10,0.5568823092438484,0.5653644371235714,0.07608695652173914,0.21739130434782608,117,0
raw_annual_rates,ex_games_12m_pct,jp_epi_electronics_gbp_12m_pct,full,11,0.5204308982168041,0.525368231385704,0.07608695652173914,0.21739130434782608,116,0
raw_annual_rates,ex_games_12m_pct,jp_epi_electronics_gbp_12m_pct,full,12,0.45505330282165285,0.45505330282165285,0.09782608695652174,0.2717391304347826,115,0
raw_annual_rates,ex_games_12m_pct,jp_epi_electronics_gbp_12m_pct,pre_2020,0,0.028261768992968263,0.00047679324997002703,1.0,1.0,48,0
raw_annual_rates,ex_games_12m_pct,jp_epi_electronics_gbp_12m_pct,pre_2020,1,0.15282332448786579,0.14066076239455155,0.7692307692307693,1.0,47,0
raw_annual_rates,ex_games_12m_pct,jp_epi_electronics_gbp_12m_pct,pre_2020,2,0.289694524039616,0.28738517670745994,0.46153846153846156,1.0,46,0
raw_annual_rates,ex_games_12m_pct,jp_epi_electronics_gbp_12m_pct,pre_2020,3,0.4260533704165354,0.43770408446380255,0.38461538461538464,1.0,45,0
raw_annual_rates,ex_games_12m_pct,jp_epi_electronics_gbp_12m_pct,pre_2020,4,0.5745186317411891,0.593689824310164,0.07692307692307693,0.15384615384615385,44,0
raw_annual_rates,ex_games_12m_pct,jp_epi_electronics_gbp_12m_pct,pre_2020,5,0.6995242516267514,0.7220849208193906,0.07692307692307693,0.07692307692307693,43,0
raw_annual_rates,ex_games_12m_pct,jp_epi_electronics_gbp_12m_pct,pre_2020,6,0.797325346987387,0.8263959978834348,0.07692307692307693,0.07692307692307693,42,0
raw_annual_rates,ex_games_12m_pct,jp_epi_electronics_gbp_12m_pct,pre_2020,7,0.8462324901588297,0.8844571620489117,0.07692307692307693,0.07692307692307693,41,0
raw_annual_rates,ex_games_12m_pct,jp_epi_electronics_gbp_12m_pct,pre_2020,8,0.8071377579043633,0.8502012894087364,0.07692307692307693,0.07692307692307693,40,0
raw_annual_rates,ex_games_12m_pct,jp_epi_electronics_gbp_12m_pct,pre_2020,9,0.7814442021500319,0.8116929942980068,0.07692307692307693,0.07692307692307693,39,0
raw_annual_rates,ex_games_12m_pct,jp_epi_electronics_gbp_12m_pct,pre_2020,10,0.7071400234998906,0.7432079823532126,0.07692307692307693,0.07692307692307693,38,0
raw_annual_rates,ex_games_12m_pct,jp_epi_electronics_gbp_12m_pct,pre_2020,11,0.5818236746852092,0.6060652421847229,0.07692307692307693,0.15384615384615385,37,0
raw_annual_rates,ex_games_12m_pct,jp_epi_electronics_gbp_12m_pct,pre_2020,12,0.4673649085769697,0.4673649085769697,0.3076923076923077,1.0,36,0
raw_annual_rates,ex_games_12m_pct,jp_epi_electronics_gbp_12m_pct,pandemic_2020_2022,0,-0.7651392015988769,-0.7048674632181257,1.0,1.0,36,0
raw_annual_rates,ex_games_12m_pct,jp_epi_electronics_gbp_12m_pct,pandemic_2020_2022,1,-0.7429162112345512,-0.6328731183713101,1.0,1.0,35,0
raw_annual_rates,ex_games_12m_pct,jp_epi_electronics_gbp_12m_pct,pandemic_2020_2022,2,-0.700507654752069,-0.5095225878690243,1.0,1.0,34,0
raw_annual_rates,ex_games_12m_pct,jp_epi_electronics_gbp_12m_pct,pandemic_2020_2022,3,-0.6257867508550011,-0.3732597451463244,0.5,1.0,33,0
raw_annual_rates,ex_games_12m_pct,jp_epi_electronics_gbp_12m_pct,pandemic_2020_2022,4,-0.5283523769477921,-0.21138349857043462,0.5,1.0,32,0
raw_annual_rates,ex_games_12m_pct,jp_epi_electronics_gbp_12m_pct,pandemic_2020_2022,5,-0.4077602591934365,-0.0609318040294763,1.0,1.0,31,0
raw_annual_rates,ex_games_12m_pct,jp_epi_electronics_gbp_12m_pct,pandemic_2020_2022,6,-0.27947945429994714,0.0870792897891626,1.0,1.0,30,0
raw_annual_rates,ex_games_12m_pct,jp_epi_electronics_gbp_12m_pct,pandemic_2020_2022,7,-0.08654537036591636,0.24282391616608118,1.0,1.0,29,0
raw_annual_rates,ex_games_12m_pct,jp_epi_electronics_gbp_12m_pct,pandemic_2020_2022,8,0.14417183014096707,0.4020041083833574,1.0,1.0,28,0
raw_annual_rates,ex_games_12m_pct,jp_epi_electronics_gbp_12m_pct,pandemic_2020_2022,9,0.34922278917323635,0.5290161433901409,1.0,1.0,27,0
raw_annual_rates,ex_games_12m_pct,jp_epi_electronics_gbp_12m_pct,pandemic_2020_2022,10,0.5120387096493005,0.6171248368491704,0.5,1.0,26,0
raw_annual_rates,ex_games_12m_pct,jp_epi_electronics_gbp_12m_pct,pandemic_2020_2022,11,0.6770766921417515,0.7135422899113091,0.5,1.0,25,0
raw_annual_rates,ex_games_12m_pct,jp_epi_electronics_gbp_12m_pct,pandemic_2020_2022,12,0.7195158204474617,0.7195158204474617,0.5,1.0,24,0
raw_annual_rates,ex_games_12m_pct,jp_epi_electronics_gbp_12m_pct,post_2022,0,-0.16747657592223728,-0.41921024304549825,0.125,0.125,43,0
raw_annual_rates,ex_games_12m_pct,jp_epi_electronics_gbp_12m_pct,post_2022,1,-0.04952200935563091,-0.18058456929528532,0.875,1.0,42,0
raw_annual_rates,ex_games_12m_pct,jp_epi_electronics_gbp_12m_pct,post_2022,2,0.030170847513421393,-0.016314577398697672,1.0,1.0,41,0
raw_annual_rates,ex_games_12m_pct,jp_epi_electronics_gbp_12m_pct,post_2022,3,0.12052065405455219,0.11006710764464094,0.875,1.0,40,0
raw_annual_rates,ex_games_12m_pct,jp_epi_electronics_gbp_12m_pct,post_2022,4,0.2038492734376787,0.15240631842257132,0.75,1.0,39,0
raw_annual_rates,ex_games_12m_pct,jp_epi_electronics_gbp_12m_pct,post_2022,5,0.3248789040550169,0.2645121510415007,0.125,1.0,38,0
raw_annual_rates,ex_games_12m_pct,jp_epi_electronics_gbp_12m_pct,post_2022,6,0.37648350779231116,0.303102143103521,0.125,0.75,37,0
raw_annual_rates,ex_games_12m_pct,jp_epi_electronics_gbp_12m_pct,post_2022,7,0.5213367607740977,0.4966631008424394,0.125,0.125,36,0
raw_annual_rates,ex_games_12m_pct,jp_epi_electronics_gbp_12m_pct,post_2022,8,0.5630257135453658,0.5716395219709701,0.125,0.125,35,0
raw_annual_rates,ex_games_12m_pct,jp_epi_electronics_gbp_12m_pct,post_2022,9,0.590707655186389,0.6261330898211511,0.125,0.125,34,0
raw_annual_rates,ex_games_12m_pct,jp_epi_electronics_gbp_12m_pct,post_2022,10,0.4758060027521975,0.551734337847588,0.125,0.125,33,0
raw_annual_rates,ex_games_12m_pct,jp_epi_electronics_gbp_12m_pct,post_2022,11,0.3842430165684123,0.43104930728859236,0.125,0.125,32,0
raw_annual_rates,ex_games_12m_pct,jp_epi_electronics_gbp_12m_pct,post_2022,12,0.23035343270583722,0.23035343270583722,0.375,1.0,31,0
raw_annual_rates,ex_games_12m_pct,kr_epi_tech_gbp_12m_pct,full,0,-0.08173749334187322,-0.14235665106852796,0.7647058823529411,1.0,86,0
raw_annual_rates,ex_games_12m_pct,kr_epi_tech_gbp_12m_pct,full,1,-0.06399146079083716,-0.13446624938047233,0.803921568627451,1.0,85,0
raw_annual_rates,ex_games_12m_pct,kr_epi_tech_gbp_12m_pct,full,2,-0.05237907785337668,-0.11525689051207058,0.8431372549019608,1.0,84,0
raw_annual_rates,ex_games_12m_pct,kr_epi_tech_gbp_12m_pct,full,3,-0.05443153874686069,-0.11305650689927849,0.8823529411764706,1.0,83,0
raw_annual_rates,ex_games_12m_pct,kr_epi_tech_gbp_12m_pct,full,4,-0.06270988442522991,-0.10625902077509933,0.8823529411764706,1.0,82,0
raw_annual_rates,ex_games_12m_pct,kr_epi_tech_gbp_12m_pct,full,5,-0.02956299798274108,-0.058948669259773816,0.9411764705882353,1.0,81,0
raw_annual_rates,ex_games_12m_pct,kr_epi_tech_gbp_12m_pct,full,6,-0.012410990845367603,-0.03615659787223753,0.9607843137254902,1.0,80,0
raw_annual_rates,ex_games_12m_pct,kr_epi_tech_gbp_12m_pct,full,7,-0.00034778515557850947,-0.01967098434860695,0.9607843137254902,1.0,79,0
raw_annual_rates,ex_games_12m_pct,kr_epi_tech_gbp_12m_pct,full,8,0.016675858938187377,0.0003754778620592264,1.0,1.0,78,0
raw_annual_rates,ex_games_12m_pct,kr_epi_tech_gbp_12m_pct,full,9,-0.008076919037846618,-0.015959777476337186,0.9607843137254902,1.0,77,0
raw_annual_rates,ex_games_12m_pct,kr_epi_tech_gbp_12m_pct,full,10,-0.017044896151963296,-0.016485520115960512,0.9411764705882353,1.0,76,0
raw_annual_rates,ex_games_12m_pct,kr_epi_tech_gbp_12m_pct,full,11,-0.019667252504445277,-0.01859340388424832,0.9803921568627451,1.0,75,0
raw_annual_rates,ex_games_12m_pct,kr_epi_tech_gbp_12m_pct,full,12,-0.04836507493508046,-0.04836507493508046,0.9019607843137255,1.0,74,0
raw_annual_rates,ex_games_12m_pct,kr_epi_tech_gbp_12m_pct,pandemic_2020_2022,0,0.4713882889119069,0.5630118548953207,0.5,0.5,36,0
raw_annual_rates,ex_games_12m_pct,kr_epi_tech_gbp_12m_pct,pandemic_2020_2022,1,0.426302443661725,0.5596243905904188,0.5,0.5,35,0
raw_annual_rates,ex_games_12m_pct,kr_epi_tech_gbp_12m_pct,pandemic_2020_2022,2,0.2782432695844245,0.4699668456025542,0.5,0.5,34,0
raw_annual_rates,ex_games_12m_pct,kr_epi_tech_gbp_12m_pct,pandemic_2020_2022,3,0.14063181508089895,0.3623692613004784,0.5,0.5,33,0
raw_annual_rates,ex_games_12m_pct,kr_epi_tech_gbp_12m_pct,pandemic_2020_2022,4,0.026573742158104412,0.2122601251285938,0.5,1.0,32,0
raw_annual_rates,ex_games_12m_pct,kr_epi_tech_gbp_12m_pct,pandemic_2020_2022,5,-0.17628958760609417,-0.05675676194753831,1.0,1.0,31,0
raw_annual_rates,ex_games_12m_pct,kr_epi_tech_gbp_12m_pct,pandemic_2020_2022,6,-0.40617596581971976,-0.3060887505581749,0.5,0.5,30,0
raw_annual_rates,ex_games_12m_pct,kr_epi_tech_gbp_12m_pct,pandemic_2020_2022,7,-0.4992092266176438,-0.45807971822507415,0.5,0.5,29,0
raw_annual_rates,ex_games_12m_pct,kr_epi_tech_gbp_12m_pct,pandemic_2020_2022,8,-0.6007641944748847,-0.5885407338127603,0.5,0.5,28,0
raw_annual_rates,ex_games_12m_pct,kr_epi_tech_gbp_12m_pct,pandemic_2020_2022,9,-0.6020564311268273,-0.5648941230410427,0.5,0.5,27,0
raw_annual_rates,ex_games_12m_pct,kr_epi_tech_gbp_12m_pct,pandemic_2020_2022,10,-0.6573865620132322,-0.6424663660573219,0.5,0.5,26,0
raw_annual_rates,ex_games_12m_pct,kr_epi_tech_gbp_12m_pct,pandemic_2020_2022,11,-0.6989911417889515,-0.6943557400487742,0.5,0.5,25,0
raw_annual_rates,ex_games_12m_pct,kr_epi_tech_gbp_12m_pct,pandemic_2020_2022,12,-0.7120156710224179,-0.7120156710224179,0.5,0.5,24,0
raw_annual_rates,ex_games_12m_pct,kr_epi_tech_gbp_12m_pct,post_2022,0,-0.28001452506104324,-0.7977178417948514,0.16666666666666666,0.16666666666666666,41,0
raw_annual_rates,ex_games_12m_pct,kr_epi_tech_gbp_12m_pct,post_2022,1,-0.2847686029046269,-0.7901533853560057,0.16666666666666666,0.16666666666666666,40,0
raw_annual_rates,ex_games_12m_pct,kr_epi_tech_gbp_12m_pct,post_2022,2,-0.2822474205843405,-0.7062294722110606,0.5,0.6666666666666666,39,0
raw_annual_rates,ex_games_12m_pct,kr_epi_tech_gbp_12m_pct,post_2022,3,-0.2949203259832609,-0.6431092334567535,0.5,0.8333333333333334,38,0
raw_annual_rates,ex_games_12m_pct,kr_epi_tech_gbp_12m_pct,post_2022,4,-0.3291357139246376,-0.5884701834039499,0.8333333333333334,1.0,37,0
raw_annual_rates,ex_games_12m_pct,kr_epi_tech_gbp_12m_pct,post_2022,5,-0.25974672116011444,-0.4397647161264268,1.0,1.0,36,0
raw_annual_rates,ex_games_12m_pct,kr_epi_tech_gbp_12m_pct,post_2022,6,-0.16807987300175978,-0.3096537426781181,1.0,1.0,35,0
raw_annual_rates,ex_games_12m_pct,kr_epi_tech_gbp_12m_pct,post_2022,7,-0.0973631031224434,-0.20029437779666784,1.0,1.0,34,0
raw_annual_rates,ex_games_12m_pct,kr_epi_tech_gbp_12m_pct,post_2022,8,0.03805614615142914,-0.04021574284295915,1.0,1.0,33,0
raw_annual_rates,ex_games_12m_pct,kr_epi_tech_gbp_12m_pct,post_2022,9,0.04316667191486382,0.00585782122587779,1.0,1.0,32,0
raw_annual_rates,ex_games_12m_pct,kr_epi_tech_gbp_12m_pct,post_2022,10,0.10574205854237224,0.11403786158487865,0.8333333333333334,1.0,31,0
raw_annual_rates,ex_games_12m_pct,kr_epi_tech_gbp_12m_pct,post_2022,11,0.14183156175567893,0.15313254421125375,0.5,1.0,30,0
raw_annual_rates,ex_games_12m_pct,kr_epi_tech_gbp_12m_pct,post_2022,12,0.13731504431818942,0.13731504431818942,0.5,1.0,29,0
raw_annual_rates,ex_games_12m_pct,cn_ppi_tech_gbp_12m_pct,full,0,-0.22154121018425202,-0.30627664088975975,0.30434782608695654,0.8260869565217391,58,0
raw_annual_rates,ex_games_12m_pct,cn_ppi_tech_gbp_12m_pct,full,1,-0.1287616093548963,-0.2067197886292263,0.5652173913043478,1.0,57,0
raw_annual_rates,ex_games_12m_pct,cn_ppi_tech_gbp_12m_pct,full,2,-0.09526168571675019,-0.15871126173184708,0.6521739130434783,1.0,56,0
raw_annual_rates,ex_games_12m_pct,cn_ppi_tech_gbp_12m_pct,full,3,-0.024497240167056743,-0.07479516680538627,0.782608695652174,1.0,55,0
raw_annual_rates,ex_games_12m_pct,cn_ppi_tech_gbp_12m_pct,full,4,0.04297894725600602,0.0021636422539098622,0.9565217391304348,1.0,54,0
raw_annual_rates,ex_games_12m_pct,cn_ppi_tech_gbp_12m_pct,full,5,0.1440273236812045,0.1172413425095054,0.6086956521739131,1.0,53,0
raw_annual_rates,ex_games_12m_pct,cn_ppi_tech_gbp_12m_pct,full,6,0.24241704751507623,0.23048491744490698,0.30434782608695654,1.0,52,0
raw_annual_rates,ex_games_12m_pct,cn_ppi_tech_gbp_12m_pct,full,7,0.37304798740157263,0.38262452908117855,0.08695652173913043,0.5652173913043478,51,0
raw_annual_rates,ex_games_12m_pct,cn_ppi_tech_gbp_12m_pct,full,8,0.4984293754542423,0.5129240576465284,0.043478260869565216,0.21739130434782608,50,0
raw_annual_rates,ex_games_12m_pct,cn_ppi_tech_gbp_12m_pct,full,9,0.5875109979239878,0.5939911160568551,0.043478260869565216,0.043478260869565216,49,0
raw_annual_rates,ex_games_12m_pct,cn_ppi_tech_gbp_12m_pct,full,10,0.6595697512245355,0.6606993478981592,0.043478260869565216,0.043478260869565216,48,0
raw_annual_rates,ex_games_12m_pct,cn_ppi_tech_gbp_12m_pct,full,11,0.6902935841744112,0.6924841173608498,0.043478260869565216,0.043478260869565216,47,0
raw_annual_rates,ex_games_12m_pct,cn_ppi_tech_gbp_12m_pct,full,12,0.6928280329804821,0.6928280329804821,0.043478260869565216,0.043478260869565216,46,0
raw_annual_rates,ex_games_12m_pct,cn_ppi_tech_gbp_12m_pct,pandemic_2020_2022,0,-0.8711595056075403,-0.8619533022285633,0.5,0.5,22,0
raw_annual_rates,ex_games_12m_pct,cn_ppi_tech_gbp_12m_pct,pandemic_2020_2022,1,-0.9137770511331916,-0.8929307785303242,0.5,0.5,21,0
raw_annual_rates,ex_games_12m_pct,cn_ppi_tech_gbp_12m_pct,pandemic_2020_2022,2,-0.9605857472887331,-0.894208198441897,0.5,0.5,20,0
raw_annual_rates,ex_games_12m_pct,cn_ppi_tech_gbp_12m_pct,pandemic_2020_2022,3,-0.9286977151018269,-0.9032388591358795,0.5,0.5,19,0
raw_annual_rates,ex_games_12m_pct,cn_ppi_tech_gbp_12m_pct,pandemic_2020_2022,4,-0.8849721867813147,-0.8280257429911764,0.5,0.5,18,0
raw_annual_rates,ex_games_12m_pct,cn_ppi_tech_gbp_12m_pct,pandemic_2020_2022,5,-0.8515285263694274,-0.8420334996606477,0.5,0.5,17,0
raw_annual_rates,ex_games_12m_pct,cn_ppi_tech_gbp_12m_pct,pandemic_2020_2022,6,-0.8384181174900576,-0.907503683433213,0.5,0.5,16,0
raw_annual_rates,ex_games_12m_pct,cn_ppi_tech_gbp_12m_pct,pandemic_2020_2022,7,-0.7759145856826424,-0.9080577705930588,0.5,0.5,15,0
raw_annual_rates,ex_games_12m_pct,cn_ppi_tech_gbp_12m_pct,pandemic_2020_2022,8,-0.7494521295005955,-0.9248921857882095,0.5,0.5,14,0
raw_annual_rates,ex_games_12m_pct,cn_ppi_tech_gbp_12m_pct,pandemic_2020_2022,9,-0.7313629344372412,-0.9232984003216981,0.5,0.5,13,0
raw_annual_rates,ex_games_12m_pct,cn_ppi_tech_gbp_12m_pct,pandemic_2020_2022,10,-0.6411563696014376,-0.7155069894240633,0.5,0.5,12,0
raw_annual_rates,ex_games_12m_pct,cn_ppi_tech_gbp_12m_pct,pandemic_2020_2022,11,-0.46687541308331026,-0.5218525385780822,0.5,1.0,11,0
raw_annual_rates,ex_games_12m_pct,cn_ppi_tech_gbp_12m_pct,pandemic_2020_2022,12,-0.2899561461418898,-0.2899561461418898,1.0,1.0,10,0
raw_annual_rates,ex_games_12m_pct,cn_ppi_tech_gbp_12m_pct,post_2022,0,-0.3128255973140571,-0.34161156542130183,1.0,1.0,36,0
raw_annual_rates,ex_games_12m_pct,cn_ppi_tech_gbp_12m_pct,post_2022,1,-0.00603478432191142,-0.014829455591265566,1.0,1.0,35,0
raw_annual_rates,ex_games_12m_pct,cn_ppi_tech_gbp_12m_pct,post_2022,2,0.1277604166031274,0.18689714873116475,0.5,1.0,34,0
raw_annual_rates,ex_games_12m_pct,cn_ppi_tech_gbp_12m_pct,post_2022,3,0.27249721124432774,0.32790568775296997,0.5,1.0,33,0
raw_annual_rates,ex_games_12m_pct,cn_ppi_tech_gbp_12m_pct,post_2022,4,0.31787099960735427,0.3862209065111493,0.5,1.0,32,0
raw_annual_rates,ex_games_12m_pct,cn_ppi_tech_gbp_12m_pct,post_2022,5,0.39534910314579147,0.44543623517555053,0.5,1.0,31,0
raw_annual_rates,ex_games_12m_pct,cn_ppi_tech_gbp_12m_pct,post_2022,6,0.4185584084550364,0.4751867837564412,0.5,0.5,30,0
raw_annual_rates,ex_games_12m_pct,cn_ppi_tech_gbp_12m_pct,post_2022,7,0.5162892759010119,0.6224625904520511,0.5,0.5,29,0
raw_annual_rates,ex_games_12m_pct,cn_ppi_tech_gbp_12m_pct,post_2022,8,0.6146676118972783,0.7179982944165352,0.5,0.5,28,0
raw_annual_rates,ex_games_12m_pct,cn_ppi_tech_gbp_12m_pct,post_2022,9,0.6576035021153004,0.6916713244655737,0.5,0.5,27,0
raw_annual_rates,ex_games_12m_pct,cn_ppi_tech_gbp_12m_pct,post_2022,10,0.6586826548623151,0.6478243110828821,0.5,0.5,26,0
raw_annual_rates,ex_games_12m_pct,cn_ppi_tech_gbp_12m_pct,post_2022,11,0.4823977851648086,0.4940947481149871,0.5,0.5,25,0
raw_annual_rates,ex_games_12m_pct,cn_ppi_tech_gbp_12m_pct,post_2022,12,0.3370649735671932,0.3370649735671932,0.5,1.0,24,0
raw_annual_rates,ex_games_12m_pct,tw_epi_integrated_circuits_gbp_12m_pct,full,0,-0.0673056096851445,-0.09733545026533458,0.75,1.0,127,0
raw_annual_rates,ex_games_12m_pct,tw_epi_integrated_circuits_gbp_12m_pct,full,1,0.019625446391344944,-0.00962635476259575,0.9891304347826086,1.0,126,0
raw_annual_rates,ex_games_12m_pct,tw_epi_integrated_circuits_gbp_12m_pct,full,2,0.09393996868212712,0.07321848853044427,0.8369565217391305,1.0,125,0
raw_annual_rates,ex_games_12m_pct,tw_epi_integrated_circuits_gbp_12m_pct,full,3,0.16961895187620807,0.1566533221912392,0.5978260869565217,1.0,124,0
raw_annual_rates,ex_games_12m_pct,tw_epi_integrated_circuits_gbp_12m_pct,full,4,0.250239727033528,0.2410204299385133,0.44565217391304346,0.9347826086956522,123,0
raw_annual_rates,ex_games_12m_pct,tw_epi_integrated_circuits_gbp_12m_pct,full,5,0.3334145455206025,0.3310943622029487,0.25,0.5869565217391305,122,0
raw_annual_rates,ex_games_12m_pct,tw_epi_integrated_circuits_gbp_12m_pct,full,6,0.40162245553827425,0.4037821295133363,0.20652173913043478,0.42391304347826086,121,0
raw_annual_rates,ex_games_12m_pct,tw_epi_integrated_circuits_gbp_12m_pct,full,7,0.4701164972976212,0.4727232183632469,0.14130434782608695,0.3695652173913043,120,0
raw_annual_rates,ex_games_12m_pct,tw_epi_integrated_circuits_gbp_12m_pct,full,8,0.4934866897523318,0.49731697654707246,0.09782608695652174,0.2826086956521739,119,0
raw_annual_rates,ex_games_12m_pct,tw_epi_integrated_circuits_gbp_12m_pct,full,9,0.5118210405301987,0.5162128570074944,0.08695652173913043,0.2608695652173913,118,0
raw_annual_rates,ex_games_12m_pct,tw_epi_integrated_circuits_gbp_12m_pct,full,10,0.5024384480158082,0.5081188344927714,0.10869565217391304,0.2717391304347826,117,0
raw_annual_rates,ex_games_12m_pct,tw_epi_integrated_circuits_gbp_12m_pct,full,11,0.4682378449528007,0.47146263008023864,0.14130434782608695,0.3695652173913043,116,0
raw_annual_rates,ex_games_12m_pct,tw_epi_integrated_circuits_gbp_12m_pct,full,12,0.4082096219738297,0.4082096219738297,0.1956521739130435,0.42391304347826086,115,0
raw_annual_rates,ex_games_12m_pct,tw_epi_integrated_circuits_gbp_12m_pct,pre_2020,0,0.1536806632696472,0.11585386983314971,0.7692307692307693,1.0,48,0
raw_annual_rates,ex_games_12m_pct,tw_epi_integrated_circuits_gbp_12m_pct,pre_2020,1,0.28812572659093344,0.2659276369083709,0.46153846153846156,1.0,47,0
raw_annual_rates,ex_games_12m_pct,tw_epi_integrated_circuits_gbp_12m_pct,pre_2020,2,0.42801990327289535,0.4189996271333489,0.3076923076923077,1.0,46,0
raw_annual_rates,ex_games_12m_pct,tw_epi_integrated_circuits_gbp_12m_pct,pre_2020,3,0.5574076370162069,0.5624487352336964,0.15384615384615385,0.6153846153846154,45,0
raw_annual_rates,ex_games_12m_pct,tw_epi_integrated_circuits_gbp_12m_pct,pre_2020,4,0.6932200339619792,0.7094397908277934,0.07692307692307693,0.07692307692307693,44,0
raw_annual_rates,ex_games_12m_pct,tw_epi_integrated_circuits_gbp_12m_pct,pre_2020,5,0.7913338218928914,0.8174907212095127,0.07692307692307693,0.07692307692307693,43,0
raw_annual_rates,ex_games_12m_pct,tw_epi_integrated_circuits_gbp_12m_pct,pre_2020,6,0.8507445950854068,0.8865794849146293,0.07692307692307693,0.07692307692307693,42,0
raw_annual_rates,ex_games_12m_pct,tw_epi_integrated_circuits_gbp_12m_pct,pre_2020,7,0.8517367155603814,0.9016398840048213,0.07692307692307693,0.07692307692307693,41,0
raw_annual_rates,ex_games_12m_pct,tw_epi_integrated_circuits_gbp_12m_pct,pre_2020,8,0.7660795081443815,0.822872328891645,0.07692307692307693,0.07692307692307693,40,0
raw_annual_rates,ex_games_12m_pct,tw_epi_integrated_circuits_gbp_12m_pct,pre_2020,9,0.6907563685672682,0.7280700683519031,0.07692307692307693,0.07692307692307693,39,0
raw_annual_rates,ex_games_12m_pct,tw_epi_integrated_circuits_gbp_12m_pct,pre_2020,10,0.5848349207435369,0.6212799935522021,0.07692307692307693,0.15384615384615385,38,0
raw_annual_rates,ex_games_12m_pct,tw_epi_integrated_circuits_gbp_12m_pct,pre_2020,11,0.4364735574301665,0.45658773869803954,0.6153846153846154,1.0,37,0
raw_annual_rates,ex_games_12m_pct,tw_epi_integrated_circuits_gbp_12m_pct,pre_2020,12,0.30337209884289706,0.30337209884289706,0.8461538461538461,1.0,36,0
raw_annual_rates,ex_games_12m_pct,tw_epi_integrated_circuits_gbp_12m_pct,pandemic_2020_2022,0,-0.539942984358567,-0.33010524250472395,1.0,1.0,36,0
raw_annual_rates,ex_games_12m_pct,tw_epi_integrated_circuits_gbp_12m_pct,pandemic_2020_2022,1,-0.5989157190138201,-0.30519989714064233,1.0,1.0,35,0
raw_annual_rates,ex_games_12m_pct,tw_epi_integrated_circuits_gbp_12m_pct,pandemic_2020_2022,2,-0.6654036328998706,-0.3433992481468781,1.0,1.0,34,0
raw_annual_rates,ex_games_12m_pct,tw_epi_integrated_circuits_gbp_12m_pct,pandemic_2020_2022,3,-0.6964637670193462,-0.3644914956808768,1.0,1.0,33,0
raw_annual_rates,ex_games_12m_pct,tw_epi_integrated_circuits_gbp_12m_pct,pandemic_2020_2022,4,-0.6986105606537198,-0.3555523566439683,0.5,1.0,32,0
raw_annual_rates,ex_games_12m_pct,tw_epi_integrated_circuits_gbp_12m_pct,pandemic_2020_2022,5,-0.7041459976481002,-0.430815298740538,0.5,1.0,31,0
raw_annual_rates,ex_games_12m_pct,tw_epi_integrated_circuits_gbp_12m_pct,pandemic_2020_2022,6,-0.6766557313396209,-0.4225106955037995,0.5,1.0,30,0
raw_annual_rates,ex_games_12m_pct,tw_epi_integrated_circuits_gbp_12m_pct,pandemic_2020_2022,7,-0.6030934956774812,-0.35031988769470396,0.5,1.0,29,0
raw_annual_rates,ex_games_12m_pct,tw_epi_integrated_circuits_gbp_12m_pct,pandemic_2020_2022,8,-0.5157498304465719,-0.2724089350807317,0.5,1.0,28,0
raw_annual_rates,ex_games_12m_pct,tw_epi_integrated_circuits_gbp_12m_pct,pandemic_2020_2022,9,-0.3534591464711113,-0.14994566387380118,1.0,1.0,27,0
raw_annual_rates,ex_games_12m_pct,tw_epi_integrated_circuits_gbp_12m_pct,pandemic_2020_2022,10,-0.21959062408605914,-0.03513659503506245,1.0,1.0,26,0
raw_annual_rates,ex_games_12m_pct,tw_epi_integrated_circuits_gbp_12m_pct,pandemic_2020_2022,11,-0.044271239731152746,0.060102491031989946,1.0,1.0,25,0
raw_annual_rates,ex_games_12m_pct,tw_epi_integrated_circuits_gbp_12m_pct,pandemic_2020_2022,12,0.09018847351874669,0.09018847351874669,1.0,1.0,24,0
raw_annual_rates,ex_games_12m_pct,tw_epi_integrated_circuits_gbp_12m_pct,post_2022,0,-0.14316666148123633,-0.36757909618066553,0.25,0.25,43,0
raw_annual_rates,ex_games_12m_pct,tw_epi_integrated_circuits_gbp_12m_pct,post_2022,1,0.02606760454484007,-0.08337679448902208,0.5,1.0,42,0
raw_annual_rates,ex_games_12m_pct,tw_epi_integrated_circuits_gbp_12m_pct,post_2022,2,0.10719717246348923,0.05065199327386584,0.625,1.0,41,0
raw_annual_rates,ex_games_12m_pct,tw_epi_integrated_circuits_gbp_12m_pct,post_2022,3,0.2004998309528572,0.18095421815391272,0.125,0.875,40,0
raw_annual_rates,ex_games_12m_pct,tw_epi_integrated_circuits_gbp_12m_pct,post_2022,4,0.20705968407497372,0.2067323504178469,0.125,0.875,39,0
raw_annual_rates,ex_games_12m_pct,tw_epi_integrated_circuits_gbp_12m_pct,post_2022,5,0.26439511642661107,0.2932523440650327,0.125,0.25,38,0
raw_annual_rates,ex_games_12m_pct,tw_epi_integrated_circuits_gbp_12m_pct,post_2022,6,0.25725497566087996,0.28145700675594776,0.125,0.25,37,0
raw_annual_rates,ex_games_12m_pct,tw_epi_integrated_circuits_gbp_12m_pct,post_2022,7,0.43831048386282767,0.44238283360450864,0.125,0.125,36,0
raw_annual_rates,ex_games_12m_pct,tw_epi_integrated_circuits_gbp_12m_pct,post_2022,8,0.5322985297304602,0.5244302469820195,0.125,0.125,35,0
raw_annual_rates,ex_games_12m_pct,tw_epi_integrated_circuits_gbp_12m_pct,post_2022,9,0.626216933016036,0.632828205640718,0.125,0.125,34,0
raw_annual_rates,ex_games_12m_pct,tw_epi_integrated_circuits_gbp_12m_pct,post_2022,10,0.5969117629225025,0.6181528581194061,0.125,0.125,33,0
raw_annual_rates,ex_games_12m_pct,tw_epi_integrated_circuits_gbp_12m_pct,post_2022,11,0.47280351144955707,0.48516309172507405,0.125,0.125,32,0
raw_annual_rates,ex_games_12m_pct,tw_epi_integrated_circuits_gbp_12m_pct,post_2022,12,0.2843025238324518,0.2843025238324518,0.125,0.25,31,0
raw_annual_rates,ex_games_12m_pct,hk_ppi_tech_gbp_12m_pct,full,0,0.3762365468113879,0.4022803212686282,0.14130434782608695,0.32608695652173914,127,0
raw_annual_rates,ex_games_12m_pct,hk_ppi_tech_gbp_12m_pct,full,1,0.43666007641659765,0.46860554332884247,0.10869565217391304,0.25,126,0
raw_annual_rates,ex_games_12m_pct,hk_ppi_tech_gbp_12m_pct,full,2,0.5054262673802018,0.5274141719997528,0.08695652173913043,0.21739130434782608,125,0
raw_annual_rates,ex_games_12m_pct,hk_ppi_tech_gbp_12m_pct,full,3,0.5477627885161765,0.5566987586355435,0.07608695652173914,0.20652173913043478,124,0
raw_annual_rates,ex_games_12m_pct,hk_ppi_tech_gbp_12m_pct,full,4,0.5587443148219191,0.5612688767648154,0.06521739130434782,0.20652173913043478,123,0
raw_annual_rates,ex_games_12m_pct,hk_ppi_tech_gbp_12m_pct,full,5,0.5389929992688101,0.5449544895810059,0.07608695652173914,0.21739130434782608,122,0
raw_annual_rates,ex_games_12m_pct,hk_ppi_tech_gbp_12m_pct,full,6,0.45250092878570536,0.4519805396271065,0.09782608695652174,0.25,121,0
raw_annual_rates,ex_games_12m_pct,hk_ppi_tech_gbp_12m_pct,full,7,0.3764166371004369,0.3820377597952353,0.20652173913043478,0.391304347826087,120,0
raw_annual_rates,ex_games_12m_pct,hk_ppi_tech_gbp_12m_pct,full,8,0.292180112520281,0.29740673104147014,0.33695652173913043,0.6413043478260869,119,0
raw_annual_rates,ex_games_12m_pct,hk_ppi_tech_gbp_12m_pct,full,9,0.17904660516589865,0.18482656311299056,0.5869565217391305,0.9565217391304348,118,0
raw_annual_rates,ex_games_12m_pct,hk_ppi_tech_gbp_12m_pct,full,10,0.07520783846040191,0.07579409346757982,0.8913043478260869,1.0,117,0
raw_annual_rates,ex_games_12m_pct,hk_ppi_tech_gbp_12m_pct,full,11,0.0009273465156490782,-0.0008623231944075074,1.0,1.0,116,0
raw_annual_rates,ex_games_12m_pct,hk_ppi_tech_gbp_12m_pct,full,12,-0.08484913241520167,-0.08484913241520167,0.8478260869565217,1.0,115,0
raw_annual_rates,ex_games_12m_pct,hk_ppi_tech_gbp_12m_pct,pre_2020,0,0.8190201150957759,0.851241511550149,0.07692307692307693,0.07692307692307693,48,0
raw_annual_rates,ex_games_12m_pct,hk_ppi_tech_gbp_12m_pct,pre_2020,1,0.8657328101749605,0.8977142459999622,0.07692307692307693,0.07692307692307693,47,0
raw_annual_rates,ex_games_12m_pct,hk_ppi_tech_gbp_12m_pct,pre_2020,2,0.8949016278847018,0.9254459188848955,0.07692307692307693,0.07692307692307693,46,0
raw_annual_rates,ex_games_12m_pct,hk_ppi_tech_gbp_12m_pct,pre_2020,3,0.8495499590351613,0.8787543535820511,0.07692307692307693,0.07692307692307693,45,0
raw_annual_rates,ex_games_12m_pct,hk_ppi_tech_gbp_12m_pct,pre_2020,4,0.7816500484554791,0.8150787094854657,0.07692307692307693,0.07692307692307693,44,0
raw_annual_rates,ex_games_12m_pct,hk_ppi_tech_gbp_12m_pct,pre_2020,5,0.7061356594792048,0.7415080979529176,0.07692307692307693,0.07692307692307693,43,0
raw_annual_rates,ex_games_12m_pct,hk_ppi_tech_gbp_12m_pct,pre_2020,6,0.5353682339440815,0.5570207247900412,0.07692307692307693,0.6153846153846154,42,0
raw_annual_rates,ex_games_12m_pct,hk_ppi_tech_gbp_12m_pct,pre_2020,7,0.38098001514730556,0.38178831233195254,0.38461538461538464,1.0,41,0
raw_annual_rates,ex_games_12m_pct,hk_ppi_tech_gbp_12m_pct,pre_2020,8,0.23280828611909368,0.2192476334284985,0.6923076923076923,1.0,40,0
raw_annual_rates,ex_games_12m_pct,hk_ppi_tech_gbp_12m_pct,pre_2020,9,0.04047563348274241,0.00874955565166124,1.0,1.0,39,0
raw_annual_rates,ex_games_12m_pct,hk_ppi_tech_gbp_12m_pct,pre_2020,10,-0.12552672865986766,-0.18157853379222644,0.6923076923076923,1.0,38,0
raw_annual_rates,ex_games_12m_pct,hk_ppi_tech_gbp_12m_pct,pre_2020,11,-0.2806846275374694,-0.3249653519396048,0.3076923076923077,1.0,37,0
raw_annual_rates,ex_games_12m_pct,hk_ppi_tech_gbp_12m_pct,pre_2020,12,-0.4100413589047817,-0.4100413589047817,0.23076923076923078,1.0,36,0
raw_annual_rates,ex_games_12m_pct,hk_ppi_tech_gbp_12m_pct,pandemic_2020_2022,0,-0.42604838600412737,-0.3091012296149441,0.5,1.0,36,0
raw_annual_rates,ex_games_12m_pct,hk_ppi_tech_gbp_12m_pct,pandemic_2020_2022,1,-0.28461713737567146,-0.17178449191444953,0.5,1.0,35,0
raw_annual_rates,ex_games_12m_pct,hk_ppi_tech_gbp_12m_pct,pandemic_2020_2022,2,-0.16703073288059328,-0.0366423453482836,1.0,1.0,34,0
raw_annual_rates,ex_games_12m_pct,hk_ppi_tech_gbp_12m_pct,pandemic_2020_2022,3,-0.0020339739534908346,0.11224603041726351,1.0,1.0,33,0
raw_annual_rates,ex_games_12m_pct,hk_ppi_tech_gbp_12m_pct,pandemic_2020_2022,4,0.16191191520613987,0.23726758040049092,1.0,1.0,32,0
raw_annual_rates,ex_games_12m_pct,hk_ppi_tech_gbp_12m_pct,pandemic_2020_2022,5,0.3472355034169005,0.4663334121031201,1.0,1.0,31,0
raw_annual_rates,ex_games_12m_pct,hk_ppi_tech_gbp_12m_pct,pandemic_2020_2022,6,0.5564274245900133,0.6708531835320777,0.5,0.5,30,0
raw_annual_rates,ex_games_12m_pct,hk_ppi_tech_gbp_12m_pct,pandemic_2020_2022,7,0.7309892239235344,0.765173392337464,0.5,0.5,29,0
raw_annual_rates,ex_games_12m_pct,hk_ppi_tech_gbp_12m_pct,pandemic_2020_2022,8,0.7788220974923659,0.8138656231256357,0.5,0.5,28,0
raw_annual_rates,ex_games_12m_pct,hk_ppi_tech_gbp_12m_pct,pandemic_2020_2022,9,0.7048429240771097,0.6981793828561409,0.5,0.5,27,0
raw_annual_rates,ex_games_12m_pct,hk_ppi_tech_gbp_12m_pct,pandemic_2020_2022,10,0.7447491189033681,0.7143868390351213,0.5,0.5,26,0
raw_annual_rates,ex_games_12m_pct,hk_ppi_tech_gbp_12m_pct,pandemic_2020_2022,11,0.731650985869935,0.7193083321962427,0.5,0.5,25,0
raw_annual_rates,ex_games_12m_pct,hk_ppi_tech_gbp_12m_pct,pandemic_2020_2022,12,0.713722013942006,0.713722013942006,0.5,0.5,24,0
raw_annual_rates,ex_games_12m_pct,hk_ppi_tech_gbp_12m_pct,post_2022,0,0.12167650230589815,0.1686341604977794,0.625,1.0,43,0
raw_annual_rates,ex_games_12m_pct,hk_ppi_tech_gbp_12m_pct,post_2022,1,0.18822753215978572,0.30656748184554605,0.625,1.0,42,0
raw_annual_rates,ex_games_12m_pct,hk_ppi_tech_gbp_12m_pct,post_2022,2,0.34382190847089295,0.4480688833861343,0.25,0.625,41,0
raw_annual_rates,ex_games_12m_pct,hk_ppi_tech_gbp_12m_pct,post_2022,3,0.5611754019183688,0.6164319793376339,0.125,0.125,40,0
raw_annual_rates,ex_games_12m_pct,hk_ppi_tech_gbp_12m_pct,post_2022,4,0.7014879457398793,0.7319790219155838,0.125,0.125,39,0
raw_annual_rates,ex_games_12m_pct,hk_ppi_tech_gbp_12m_pct,post_2022,5,0.7013003018727557,0.7461441588544255,0.125,0.125,38,0
raw_annual_rates,ex_games_12m_pct,hk_ppi_tech_gbp_12m_pct,post_2022,6,0.5863290413588945,0.5841153781508726,0.125,0.125,37,0
raw_annual_rates,ex_games_12m_pct,hk_ppi_tech_gbp_12m_pct,post_2022,7,0.5400752635061333,0.5984394049761113,0.125,0.125,36,0
raw_annual_rates,ex_games_12m_pct,hk_ppi_tech_gbp_12m_pct,post_2022,8,0.40126958755403114,0.4755852704301017,0.125,0.375,35,0
raw_annual_rates,ex_games_12m_pct,hk_ppi_tech_gbp_12m_pct,post_2022,9,0.37462728147135693,0.4508129366400072,0.125,0.625,34,0
raw_annual_rates,ex_games_12m_pct,hk_ppi_tech_gbp_12m_pct,post_2022,10,0.24958098267859596,0.2636252100762238,0.125,1.0,33,0
raw_annual_rates,ex_games_12m_pct,hk_ppi_tech_gbp_12m_pct,post_2022,11,0.2841516938956419,0.2583977467099129,0.125,1.0,32,0
raw_annual_rates,ex_games_12m_pct,hk_ppi_tech_gbp_12m_pct,post_2022,12,0.14402388986386047,0.14402388986386047,0.125,1.0,31,0
raw_annual_rates,ex_games_12m_pct,oecd_asia_c26_targeted_gbp_12m_pct,full,0,-0.329796641594293,-0.3872771026171741,0.48148148148148145,0.7407407407407407,62,0
raw_annual_rates,ex_games_12m_pct,oecd_asia_c26_targeted_gbp_12m_pct,full,1,-0.24317714485704822,-0.3042755668480646,0.5925925925925926,0.8888888888888888,61,0
raw_annual_rates,ex_games_12m_pct,oecd_asia_c26_targeted_gbp_12m_pct,full,2,-0.19566370160505597,-0.2501788397319538,0.6296296296296297,0.9629629629629629,60,0
raw_annual_rates,ex_games_12m_pct,oecd_asia_c26_targeted_gbp_12m_pct,full,3,-0.13504569787549106,-0.1706553529172302,0.7037037037037037,1.0,59,0
raw_annual_rates,ex_games_12m_pct,oecd_asia_c26_targeted_gbp_12m_pct,full,4,-0.055692046944191484,-0.08154098146902308,0.8888888888888888,1.0,58,0
raw_annual_rates,ex_games_12m_pct,oecd_asia_c26_targeted_gbp_12m_pct,full,5,0.07201087305913431,0.039575890910279056,0.9629629629629629,1.0,57,0
raw_annual_rates,ex_games_12m_pct,oecd_asia_c26_targeted_gbp_12m_pct,full,6,0.1925859609932408,0.16808038432794048,0.48148148148148145,1.0,56,0
raw_annual_rates,ex_games_12m_pct,oecd_asia_c26_targeted_gbp_12m_pct,full,7,0.3365142049233611,0.3241967634189839,0.2222222222222222,0.8518518518518519,55,0
raw_annual_rates,ex_games_12m_pct,oecd_asia_c26_targeted_gbp_12m_pct,full,8,0.451673395818406,0.453001315027393,0.037037037037037035,0.5925925925925926,54,0
raw_annual_rates,ex_games_12m_pct,oecd_asia_c26_targeted_gbp_12m_pct,full,9,0.5197453999128704,0.5319742665054278,0.037037037037037035,0.37037037037037035,53,0
raw_annual_rates,ex_games_12m_pct,oecd_asia_c26_targeted_gbp_12m_pct,full,10,0.5997306329048746,0.6159530942168185,0.037037037037037035,0.037037037037037035,52,0
raw_annual_rates,ex_games_12m_pct,oecd_asia_c26_targeted_gbp_12m_pct,full,11,0.6553601532816293,0.670692476983301,0.037037037037037035,0.037037037037037035,51,0
raw_annual_rates,ex_games_12m_pct,oecd_asia_c26_targeted_gbp_12m_pct,full,12,0.6542434748882047,0.6542434748882047,0.037037037037037035,0.037037037037037035,50,0
raw_annual_rates,ex_games_12m_pct,oecd_asia_c26_targeted_gbp_12m_pct,pandemic_2020_2022,0,-0.8692783873220402,-0.8698292316913319,0.5,0.5,22,0
raw_annual_rates,ex_games_12m_pct,oecd_asia_c26_targeted_gbp_12m_pct,pandemic_2020_2022,1,-0.9136713396894417,-0.8860244591785331,0.5,0.5,21,0
raw_annual_rates,ex_games_12m_pct,oecd_asia_c26_targeted_gbp_12m_pct,pandemic_2020_2022,2,-0.9591713052551802,-0.8918976578650303,0.5,0.5,20,0
raw_annual_rates,ex_games_12m_pct,oecd_asia_c26_targeted_gbp_12m_pct,pandemic_2020_2022,3,-0.9377217186982735,-0.9094902511579962,0.5,0.5,19,0
raw_annual_rates,ex_games_12m_pct,oecd_asia_c26_targeted_gbp_12m_pct,pandemic_2020_2022,4,-0.8933593040398219,-0.8278449010153424,0.5,0.5,18,0
raw_annual_rates,ex_games_12m_pct,oecd_asia_c26_targeted_gbp_12m_pct,pandemic_2020_2022,5,-0.8565275003102466,-0.8483234949317486,0.5,0.5,17,0
raw_annual_rates,ex_games_12m_pct,oecd_asia_c26_targeted_gbp_12m_pct,pandemic_2020_2022,6,-0.8476768442913539,-0.9083197357213916,0.5,0.5,16,0
raw_annual_rates,ex_games_12m_pct,oecd_asia_c26_targeted_gbp_12m_pct,pandemic_2020_2022,7,-0.7895196739127206,-0.9109758276697928,0.5,0.5,15,0
raw_annual_rates,ex_games_12m_pct,oecd_asia_c26_targeted_gbp_12m_pct,pandemic_2020_2022,8,-0.7650721514268511,-0.9187844184616056,0.5,0.5,14,0
raw_annual_rates,ex_games_12m_pct,oecd_asia_c26_targeted_gbp_12m_pct,pandemic_2020_2022,9,-0.7294547832652648,-0.9127060954514175,0.5,0.5,13,0
raw_annual_rates,ex_games_12m_pct,oecd_asia_c26_targeted_gbp_12m_pct,pandemic_2020_2022,10,-0.630641209809474,-0.7066013383516356,0.5,0.5,12,0
raw_annual_rates,ex_games_12m_pct,oecd_asia_c26_targeted_gbp_12m_pct,pandemic_2020_2022,11,-0.4403653204221399,-0.4993409272196037,0.5,1.0,11,0
raw_annual_rates,ex_games_12m_pct,oecd_asia_c26_targeted_gbp_12m_pct,pandemic_2020_2022,12,-0.2755238239580836,-0.2755238239580836,1.0,1.0,10,0
raw_annual_rates,ex_games_12m_pct,oecd_asia_c26_targeted_gbp_12m_pct,post_2022,0,-0.3997202855494112,-0.4800331377830466,0.4,0.4,40,0
raw_annual_rates,ex_games_12m_pct,oecd_asia_c26_targeted_gbp_12m_pct,post_2022,1,-0.19741516905958337,-0.19926291400447746,0.8,1.0,39,0
raw_annual_rates,ex_games_12m_pct,oecd_asia_c26_targeted_gbp_12m_pct,post_2022,2,-0.06236881137420723,-0.0237041800165693,1.0,1.0,38,0
raw_annual_rates,ex_games_12m_pct,oecd_asia_c26_targeted_gbp_12m_pct,post_2022,3,0.049464730583752746,0.09966612053048478,0.8,1.0,37,0
raw_annual_rates,ex_games_12m_pct,oecd_asia_c26_targeted_gbp_12m_pct,post_2022,4,0.1152953425885367,0.15202402800299367,0.6,1.0,36,0
raw_annual_rates,ex_games_12m_pct,oecd_asia_c26_targeted_gbp_12m_pct,post_2022,5,0.2434036131451259,0.26557726089747224,0.2,0.8,35,0
raw_annual_rates,ex_games_12m_pct,oecd_asia_c26_targeted_gbp_12m_pct,post_2022,6,0.3190368417897402,0.3311621306811457,0.2,0.8,34,0
raw_annual_rates,ex_games_12m_pct,oecd_asia_c26_targeted_gbp_12m_pct,post_2022,7,0.4431515158249004,0.43784297134522887,0.2,0.4,33,0
raw_annual_rates,ex_games_12m_pct,oecd_asia_c26_targeted_gbp_12m_pct,post_2022,8,0.5069434638923705,0.5092037089274168,0.2,0.2,32,0
raw_annual_rates,ex_games_12m_pct,oecd_asia_c26_targeted_gbp_12m_pct,post_2022,9,0.4645617003968393,0.4692180931660695,0.2,0.4,31,0
raw_annual_rates,ex_games_12m_pct,oecd_asia_c26_targeted_gbp_12m_pct,post_2022,10,0.4791918170179141,0.49959824079114157,0.2,0.2,30,0
raw_annual_rates,ex_games_12m_pct,oecd_asia_c26_targeted_gbp_12m_pct,post_2022,11,0.3803018122646809,0.394508006741721,0.2,0.6,29,0
raw_annual_rates,ex_games_12m_pct,oecd_asia_c26_targeted_gbp_12m_pct,post_2022,12,0.22658795728914624,0.22658795728914624,0.4,1.0,28,0
raw_annual_rates,ex_games_12m_pct,oecd_asia_c26_bls_gbp_12m_pct,full,0,-0.17478065772190107,-0.21662469815125807,0.4725274725274725,0.8571428571428571,126,0
raw_annual_rates,ex_games_12m_pct,oecd_asia_c26_bls_gbp_12m_pct,full,1,-0.06501168510808383,-0.10744987613356904,0.6263736263736264,1.0,125,0
raw_annual_rates,ex_games_12m_pct,oecd_asia_c26_bls_gbp_12m_pct,full,2,0.03441220565518071,0.0018447528494764237,1.0,1.0,124,0
raw_annual_rates,ex_games_12m_pct,oecd_asia_c26_bls_gbp_12m_pct,full,3,0.12836614803125204,0.11136971186080663,0.6263736263736264,1.0,123,0
raw_annual_rates,ex_games_12m_pct,oecd_asia_c26_bls_gbp_12m_pct,full,4,0.2239452450041035,0.2105321260337196,0.46153846153846156,0.8681318681318682,122,0
raw_annual_rates,ex_games_12m_pct,oecd_asia_c26_bls_gbp_12m_pct,full,5,0.3233200916267256,0.3201648925900432,0.2967032967032967,0.6263736263736264,121,0
raw_annual_rates,ex_games_12m_pct,oecd_asia_c26_bls_gbp_12m_pct,full,6,0.40888601845585665,0.4138195084613258,0.1978021978021978,0.46153846153846156,120,0
raw_annual_rates,ex_games_12m_pct,oecd_asia_c26_bls_gbp_12m_pct,full,7,0.49136626188601307,0.49868268564540663,0.10989010989010989,0.31868131868131866,119,0
raw_annual_rates,ex_games_12m_pct,oecd_asia_c26_bls_gbp_12m_pct,full,8,0.5211223951063919,0.5311733080715967,0.0989010989010989,0.27472527472527475,118,0
raw_annual_rates,ex_games_12m_pct,oecd_asia_c26_bls_gbp_12m_pct,full,9,0.5349801213204436,0.5454583319031299,0.0989010989010989,0.26373626373626374,117,0
raw_annual_rates,ex_games_12m_pct,oecd_asia_c26_bls_gbp_12m_pct,full,10,0.5201829744825258,0.532882649492563,0.0989010989010989,0.26373626373626374,116,0
raw_annual_rates,ex_games_12m_pct,oecd_asia_c26_bls_gbp_12m_pct,full,11,0.47758491443875406,0.484368381741044,0.10989010989010989,0.3516483516483517,115,0
raw_annual_rates,ex_games_12m_pct,oecd_asia_c26_bls_gbp_12m_pct,full,12,0.4152711379070594,0.4152711379070594,0.1978021978021978,0.45054945054945056,114,0
raw_annual_rates,ex_games_12m_pct,oecd_asia_c26_bls_gbp_12m_pct,pre_2020,0,-0.025520472916404975,-0.06327444887408534,0.9230769230769231,1.0,48,0
raw_annual_rates,ex_games_12m_pct,oecd_asia_c26_bls_gbp_12m_pct,pre_2020,1,0.10209837432726601,0.08350452889746923,0.8461538461538461,1.0,47,0
raw_annual_rates,ex_games_12m_pct,oecd_asia_c26_bls_gbp_12m_pct,pre_2020,2,0.24464861132241666,0.2439673598921842,0.6153846153846154,1.0,46,0
raw_annual_rates,ex_games_12m_pct,oecd_asia_c26_bls_gbp_12m_pct,pre_2020,3,0.3765611763220753,0.3937405948470157,0.38461538461538464,1.0,45,0
raw_annual_rates,ex_games_12m_pct,oecd_asia_c26_bls_gbp_12m_pct,pre_2020,4,0.5204983986720412,0.5498780546081491,0.3076923076923077,1.0,44,0
raw_annual_rates,ex_games_12m_pct,oecd_asia_c26_bls_gbp_12m_pct,pre_2020,5,0.6375570926016547,0.6792621443304698,0.15384615384615385,0.3076923076923077,43,0
raw_annual_rates,ex_games_12m_pct,oecd_asia_c26_bls_gbp_12m_pct,pre_2020,6,0.7221397541900867,0.7777675023956698,0.07692307692307693,0.07692307692307693,42,0
raw_annual_rates,ex_games_12m_pct,oecd_asia_c26_bls_gbp_12m_pct,pre_2020,7,0.7586749495890983,0.8305619848145204,0.07692307692307693,0.07692307692307693,41,0
raw_annual_rates,ex_games_12m_pct,oecd_asia_c26_bls_gbp_12m_pct,pre_2020,8,0.711469618849641,0.7904180707107304,0.07692307692307693,0.07692307692307693,40,0
raw_annual_rates,ex_games_12m_pct,oecd_asia_c26_bls_gbp_12m_pct,pre_2020,9,0.6814613544753256,0.7427479494200159,0.07692307692307693,0.07692307692307693,39,0
raw_annual_rates,ex_games_12m_pct,oecd_asia_c26_bls_gbp_12m_pct,pre_2020,10,0.6311116468721975,0.6911016416390788,0.07692307692307693,0.23076923076923078,38,0
raw_annual_rates,ex_games_12m_pct,oecd_asia_c26_bls_gbp_12m_pct,pre_2020,11,0.52320743154348,0.5592535824295498,0.5384615384615384,0.9230769230769231,37,0
raw_annual_rates,ex_games_12m_pct,oecd_asia_c26_bls_gbp_12m_pct,pre_2020,12,0.4353588794630457,0.4353588794630457,0.7692307692307693,1.0,36,0
raw_annual_rates,ex_games_12m_pct,oecd_asia_c26_bls_gbp_12m_pct,pandemic_2020_2022,0,-0.6575687042358419,-0.6201010694304988,1.0,1.0,36,0
raw_annual_rates,ex_games_12m_pct,oecd_asia_c26_bls_gbp_12m_pct,pandemic_2020_2022,1,-0.6682635297518267,-0.571221583945133,1.0,1.0,35,0
raw_annual_rates,ex_games_12m_pct,oecd_asia_c26_bls_gbp_12m_pct,pandemic_2020_2022,2,-0.6841447563413049,-0.5072298335627349,1.0,1.0,34,0
raw_annual_rates,ex_games_12m_pct,oecd_asia_c26_bls_gbp_12m_pct,pandemic_2020_2022,3,-0.6716330247675729,-0.4226887381336115,1.0,1.0,33,0
raw_annual_rates,ex_games_12m_pct,oecd_asia_c26_bls_gbp_12m_pct,pandemic_2020_2022,4,-0.6409359212676644,-0.32469657652982636,0.5,1.0,32,0
raw_annual_rates,ex_games_12m_pct,oecd_asia_c26_bls_gbp_12m_pct,pandemic_2020_2022,5,-0.5857821665065961,-0.24876701038942706,0.5,1.0,31,0
raw_annual_rates,ex_games_12m_pct,oecd_asia_c26_bls_gbp_12m_pct,pandemic_2020_2022,6,-0.5092687304293524,-0.1472111387273251,0.5,1.0,30,0
raw_annual_rates,ex_games_12m_pct,oecd_asia_c26_bls_gbp_12m_pct,pandemic_2020_2022,7,-0.36083369502891577,0.00736951134407111,1.0,1.0,29,0
raw_annual_rates,ex_games_12m_pct,oecd_asia_c26_bls_gbp_12m_pct,pandemic_2020_2022,8,-0.1722863102027283,0.1654901182002061,1.0,1.0,28,0
raw_annual_rates,ex_games_12m_pct,oecd_asia_c26_bls_gbp_12m_pct,pandemic_2020_2022,9,0.050946093339695644,0.2979042563364821,1.0,1.0,27,0
raw_annual_rates,ex_games_12m_pct,oecd_asia_c26_bls_gbp_12m_pct,pandemic_2020_2022,10,0.2428604859832359,0.41271626699152514,1.0,1.0,26,0
raw_annual_rates,ex_games_12m_pct,oecd_asia_c26_bls_gbp_12m_pct,pandemic_2020_2022,11,0.4320514176108292,0.5080087680168824,1.0,1.0,25,0
raw_annual_rates,ex_games_12m_pct,oecd_asia_c26_bls_gbp_12m_pct,pandemic_2020_2022,12,0.5251077377446588,0.5251077377446588,1.0,1.0,24,0
raw_annual_rates,ex_games_12m_pct,oecd_asia_c26_bls_gbp_12m_pct,post_2022,0,0.04326069718779108,-0.08495894222684063,0.42857142857142855,1.0,42,0
raw_annual_rates,ex_games_12m_pct,oecd_asia_c26_bls_gbp_12m_pct,post_2022,1,0.3036756162721445,0.20309502029909277,0.14285714285714285,1.0,41,0
raw_annual_rates,ex_games_12m_pct,oecd_asia_c26_bls_gbp_12m_pct,post_2022,2,0.4231218404114956,0.3634553626115485,0.14285714285714285,0.14285714285714285,40,0
raw_annual_rates,ex_games_12m_pct,oecd_asia_c26_bls_gbp_12m_pct,post_2022,3,0.4858726946349751,0.47875788382236445,0.14285714285714285,0.14285714285714285,39,0
raw_annual_rates,ex_games_12m_pct,oecd_asia_c26_bls_gbp_12m_pct,post_2022,4,0.453883707255431,0.46042303858660055,0.14285714285714285,0.14285714285714285,38,0
raw_annual_rates,ex_games_12m_pct,oecd_asia_c26_bls_gbp_12m_pct,post_2022,5,0.4548129765951036,0.5075309185839582,0.14285714285714285,0.14285714285714285,37,0
raw_annual_rates,ex_games_12m_pct,oecd_asia_c26_bls_gbp_12m_pct,post_2022,6,0.4479310433612908,0.5298315427920564,0.14285714285714285,0.14285714285714285,36,0
raw_annual_rates,ex_games_12m_pct,oecd_asia_c26_bls_gbp_12m_pct,post_2022,7,0.5844234396151827,0.6657901998436576,0.14285714285714285,0.14285714285714285,35,0
raw_annual_rates,ex_games_12m_pct,oecd_asia_c26_bls_gbp_12m_pct,post_2022,8,0.6205393624147271,0.7143733966864727,0.14285714285714285,0.14285714285714285,34,0
raw_annual_rates,ex_games_12m_pct,oecd_asia_c26_bls_gbp_12m_pct,post_2022,9,0.5953726865965554,0.6963305808439323,0.14285714285714285,0.14285714285714285,33,0
raw_annual_rates,ex_games_12m_pct,oecd_asia_c26_bls_gbp_12m_pct,post_2022,10,0.4415408101542075,0.5549393201089561,0.14285714285714285,0.14285714285714285,32,0
raw_annual_rates,ex_games_12m_pct,oecd_asia_c26_bls_gbp_12m_pct,post_2022,11,0.2680766692213645,0.3252245946763068,0.14285714285714285,0.14285714285714285,31,0
raw_annual_rates,ex_games_12m_pct,oecd_asia_c26_bls_gbp_12m_pct,post_2022,12,0.08132683059631647,0.08132683059631647,0.7142857142857143,1.0,30,0
raw_annual_rates,ex_games_12m_pct,fred_china_computer_electronics_gbp_12m_pct,full,0,-0.16914444034496004,-0.2130987475216285,0.4725274725274725,0.8351648351648352,126,0
raw_annual_rates,ex_games_12m_pct,fred_china_computer_electronics_gbp_12m_pct,full,1,-0.05892590423261663,-0.10261344013701922,0.6263736263736264,0.978021978021978,125,0
raw_annual_rates,ex_games_12m_pct,fred_china_computer_electronics_gbp_12m_pct,full,2,0.0409368149074836,0.008000492984651796,0.9560439560439561,1.0,124,0
raw_annual_rates,ex_games_12m_pct,fred_china_computer_electronics_gbp_12m_pct,full,3,0.13495744851105024,0.11789655170940624,0.6043956043956044,0.9120879120879121,123,0
raw_annual_rates,ex_games_12m_pct,fred_china_computer_electronics_gbp_12m_pct,full,4,0.23037381295745205,0.21669631538541292,0.46153846153846156,0.8241758241758241,122,0
raw_annual_rates,ex_games_12m_pct,fred_china_computer_electronics_gbp_12m_pct,full,5,0.3293953838168226,0.32666086519441573,0.2857142857142857,0.6153846153846154,121,0
raw_annual_rates,ex_games_12m_pct,fred_china_computer_electronics_gbp_12m_pct,full,6,0.41348769209370156,0.4196122735321437,0.1978021978021978,0.42857142857142855,120,0
raw_annual_rates,ex_games_12m_pct,fred_china_computer_electronics_gbp_12m_pct,full,7,0.4933535075869151,0.5027073268573653,0.12087912087912088,0.32967032967032966,119,0
raw_annual_rates,ex_games_12m_pct,fred_china_computer_electronics_gbp_12m_pct,full,8,0.5203184161463059,0.5329923711682352,0.0989010989010989,0.27472527472527475,118,0
raw_annual_rates,ex_games_12m_pct,fred_china_computer_electronics_gbp_12m_pct,full,9,0.5304482509941393,0.5434047984374826,0.0989010989010989,0.27472527472527475,117,0
raw_annual_rates,ex_games_12m_pct,fred_china_computer_electronics_gbp_12m_pct,full,10,0.5127444962173563,0.5274481364397451,0.0989010989010989,0.2857142857142857,116,0
raw_annual_rates,ex_games_12m_pct,fred_china_computer_electronics_gbp_12m_pct,full,11,0.46827145646785334,0.47587285197977974,0.13186813186813187,0.3516483516483517,115,0
raw_annual_rates,ex_games_12m_pct,fred_china_computer_electronics_gbp_12m_pct,full,12,0.4047965163814042,0.4047965163814042,0.2087912087912088,0.46153846153846156,114,0
raw_annual_rates,ex_games_12m_pct,fred_china_computer_electronics_gbp_12m_pct,pre_2020,0,-0.03931438644049755,-0.07802390281060288,0.9230769230769231,1.0,48,0
raw_annual_rates,ex_games_12m_pct,fred_china_computer_electronics_gbp_12m_pct,pre_2020,1,0.08820740237989644,0.06924565376011943,0.8461538461538461,1.0,47,0
raw_annual_rates,ex_games_12m_pct,fred_china_computer_electronics_gbp_12m_pct,pre_2020,2,0.23103015590780157,0.23087670376415545,0.6923076923076923,1.0,46,0
raw_annual_rates,ex_games_12m_pct,fred_china_computer_electronics_gbp_12m_pct,pre_2020,3,0.36243350540202035,0.3810083959590217,0.38461538461538464,1.0,45,0
raw_annual_rates,ex_games_12m_pct,fred_china_computer_electronics_gbp_12m_pct,pre_2020,4,0.5061643925927358,0.5381889798200865,0.3076923076923077,1.0,44,0
raw_annual_rates,ex_games_12m_pct,fred_china_computer_electronics_gbp_12m_pct,pre_2020,5,0.6250328059900525,0.6698227352107897,0.15384615384615385,0.6153846153846154,43,0
raw_annual_rates,ex_games_12m_pct,fred_china_computer_electronics_gbp_12m_pct,pre_2020,6,0.7096263511001195,0.7692832615845691,0.07692307692307693,0.07692307692307693,42,0
raw_annual_rates,ex_games_12m_pct,fred_china_computer_electronics_gbp_12m_pct,pre_2020,7,0.7479176670246142,0.8245839897682925,0.07692307692307693,0.07692307692307693,41,0
raw_annual_rates,ex_games_12m_pct,fred_china_computer_electronics_gbp_12m_pct,pre_2020,8,0.7057975430139695,0.7890716202945652,0.07692307692307693,0.07692307692307693,40,0
raw_annual_rates,ex_games_12m_pct,fred_china_computer_electronics_gbp_12m_pct,pre_2020,9,0.6788611016098272,0.7439927842893654,0.07692307692307693,0.07692307692307693,39,0
raw_annual_rates,ex_games_12m_pct,fred_china_computer_electronics_gbp_12m_pct,pre_2020,10,0.6315381659106707,0.6948460296876324,0.07692307692307693,0.23076923076923078,38,0
raw_annual_rates,ex_games_12m_pct,fred_china_computer_electronics_gbp_12m_pct,pre_2020,11,0.5266238979762468,0.5649972475985044,0.5384615384615384,1.0,37,0
raw_annual_rates,ex_games_12m_pct,fred_china_computer_electronics_gbp_12m_pct,pre_2020,12,0.44260285307959263,0.44260285307959263,0.7692307692307693,1.0,36,0
raw_annual_rates,ex_games_12m_pct,fred_china_computer_electronics_gbp_12m_pct,pandemic_2020_2022,0,-0.6434061854127269,-0.6003448265258075,1.0,1.0,36,0
raw_annual_rates,ex_games_12m_pct,fred_china_computer_electronics_gbp_12m_pct,pandemic_2020_2022,1,-0.6549136461351918,-0.5588233007081825,1.0,1.0,35,0
raw_annual_rates,ex_games_12m_pct,fred_china_computer_electronics_gbp_12m_pct,pandemic_2020_2022,2,-0.6730414811975179,-0.4980851898416798,1.0,1.0,34,0
raw_annual_rates,ex_games_12m_pct,fred_china_computer_electronics_gbp_12m_pct,pandemic_2020_2022,3,-0.6672681208880622,-0.4241826697826616,1.0,1.0,33,0
raw_annual_rates,ex_games_12m_pct,fred_china_computer_electronics_gbp_12m_pct,pandemic_2020_2022,4,-0.6431762009830563,-0.33741885146175005,0.5,1.0,32,0
raw_annual_rates,ex_games_12m_pct,fred_china_computer_electronics_gbp_12m_pct,pandemic_2020_2022,5,-0.5940001605644007,-0.2750334401774955,0.5,1.0,31,0
raw_annual_rates,ex_games_12m_pct,fred_china_computer_electronics_gbp_12m_pct,pandemic_2020_2022,6,-0.5239772135415086,-0.18172823851036723,0.5,1.0,30,0
raw_annual_rates,ex_games_12m_pct,fred_china_computer_electronics_gbp_12m_pct,pandemic_2020_2022,7,-0.38212183614861284,-0.031300513056195245,1.0,1.0,29,0
raw_annual_rates,ex_games_12m_pct,fred_china_computer_electronics_gbp_12m_pct,pandemic_2020_2022,8,-0.19892134109457305,0.12567535079717732,1.0,1.0,28,0
raw_annual_rates,ex_games_12m_pct,fred_china_computer_electronics_gbp_12m_pct,pandemic_2020_2022,9,0.02231675914610749,0.26273184577124337,1.0,1.0,27,0
raw_annual_rates,ex_games_12m_pct,fred_china_computer_electronics_gbp_12m_pct,pandemic_2020_2022,10,0.21044312776149887,0.3745924797183746,1.0,1.0,26,0
raw_annual_rates,ex_games_12m_pct,fred_china_computer_electronics_gbp_12m_pct,pandemic_2020_2022,11,0.40332903267700254,0.47528051805517707,1.0,1.0,25,0
raw_annual_rates,ex_games_12m_pct,fred_china_computer_electronics_gbp_12m_pct,pandemic_2020_2022,12,0.4913259167683079,0.4913259167683079,1.0,1.0,24,0
raw_annual_rates,ex_games_12m_pct,fred_china_computer_electronics_gbp_12m_pct,post_2022,0,0.06847950815368918,-0.06497128366844249,0.8571428571428571,1.0,42,0
raw_annual_rates,ex_games_12m_pct,fred_china_computer_electronics_gbp_12m_pct,post_2022,1,0.3268924607919402,0.21838372265264722,0.14285714285714285,1.0,41,0
raw_annual_rates,ex_games_12m_pct,fred_china_computer_electronics_gbp_12m_pct,post_2022,2,0.43446550757152136,0.37663725002989035,0.14285714285714285,0.14285714285714285,40,0
raw_annual_rates,ex_games_12m_pct,fred_china_computer_electronics_gbp_12m_pct,post_2022,3,0.4908183336263481,0.4917850065248059,0.14285714285714285,0.14285714285714285,39,0
raw_annual_rates,ex_games_12m_pct,fred_china_computer_electronics_gbp_12m_pct,post_2022,4,0.4556744822397508,0.46857526610645944,0.14285714285714285,0.14285714285714285,38,0
raw_annual_rates,ex_games_12m_pct,fred_china_computer_electronics_gbp_12m_pct,post_2022,5,0.4523805884353573,0.5139682633918838,0.14285714285714285,0.14285714285714285,37,0
raw_annual_rates,ex_games_12m_pct,fred_china_computer_electronics_gbp_12m_pct,post_2022,6,0.4457943141439468,0.541831071496174,0.14285714285714285,0.14285714285714285,36,0
raw_annual_rates,ex_games_12m_pct,fred_china_computer_electronics_gbp_12m_pct,post_2022,7,0.5735965297536239,0.6773369565812813,0.14285714285714285,0.14285714285714285,35,0
raw_annual_rates,ex_games_12m_pct,fred_china_computer_electronics_gbp_12m_pct,post_2022,8,0.6007676872211271,0.723805709427854,0.14285714285714285,0.14285714285714285,34,0
raw_annual_rates,ex_games_12m_pct,fred_china_computer_electronics_gbp_12m_pct,post_2022,9,0.5700986914395462,0.6987021166843908,0.14285714285714285,0.14285714285714285,33,0
raw_annual_rates,ex_games_12m_pct,fred_china_computer_electronics_gbp_12m_pct,post_2022,10,0.4177230471742816,0.5525718820073162,0.14285714285714285,0.14285714285714285,32,0
raw_annual_rates,ex_games_12m_pct,fred_china_computer_electronics_gbp_12m_pct,post_2022,11,0.24754544169214251,0.31343011306750906,0.2857142857142857,0.7142857142857143,31,0
raw_annual_rates,ex_games_12m_pct,fred_china_computer_electronics_gbp_12m_pct,post_2022,12,0.0631355954168141,0.0631355954168141,0.7142857142857143,1.0,30,0
raw_annual_rates,ex_games_12m_pct,fred_japan_computer_electronics_gbp_12m_pct,full,0,-0.26643136797573536,-0.3061930726215394,0.37362637362637363,0.7252747252747253,126,0
raw_annual_rates,ex_games_12m_pct,fred_japan_computer_electronics_gbp_12m_pct,full,1,-0.15874046504509956,-0.19644497859698895,0.5274725274725275,0.9010989010989011,125,0
raw_annual_rates,ex_games_12m_pct,fred_japan_computer_electronics_gbp_12m_pct,full,2,-0.056305412543836406,-0.08328099405803943,0.6813186813186813,0.9560439560439561,124,0
raw_annual_rates,ex_games_12m_pct,fred_japan_computer_electronics_gbp_12m_pct,full,3,0.048857773594282276,0.034971983412788184,0.8681318681318682,1.0,123,0
raw_annual_rates,ex_games_12m_pct,fred_japan_computer_electronics_gbp_12m_pct,full,4,0.15312655672791095,0.14528834620853798,0.5824175824175825,0.9230769230769231,122,0
raw_annual_rates,ex_games_12m_pct,fred_japan_computer_electronics_gbp_12m_pct,full,5,0.26190434716385946,0.264076280970284,0.4065934065934066,0.8241758241758241,121,0
raw_annual_rates,ex_games_12m_pct,fred_japan_computer_electronics_gbp_12m_pct,full,6,0.3605973067972796,0.36749978755602725,0.26373626373626374,0.6043956043956044,120,0
raw_annual_rates,ex_games_12m_pct,fred_japan_computer_electronics_gbp_12m_pct,full,7,0.4519309099731512,0.4591068374448535,0.15384615384615385,0.43956043956043955,119,0
raw_annual_rates,ex_games_12m_pct,fred_japan_computer_electronics_gbp_12m_pct,full,8,0.4964597138610781,0.5030394851157879,0.10989010989010989,0.31868131868131866,118,0
raw_annual_rates,ex_games_12m_pct,fred_japan_computer_electronics_gbp_12m_pct,full,9,0.5253914300948579,0.5319133766935099,0.0989010989010989,0.26373626373626374,117,0
raw_annual_rates,ex_games_12m_pct,fred_japan_computer_electronics_gbp_12m_pct,full,10,0.5246013959655892,0.5322108427070826,0.0989010989010989,0.26373626373626374,116,0
raw_annual_rates,ex_games_12m_pct,fred_japan_computer_electronics_gbp_12m_pct,full,11,0.4945897832340902,0.49829260433110756,0.10989010989010989,0.3516483516483517,115,0
raw_annual_rates,ex_games_12m_pct,fred_japan_computer_electronics_gbp_12m_pct,full,12,0.4367778439274728,0.4367778439274728,0.21978021978021978,0.45054945054945056,114,0
raw_annual_rates,ex_games_12m_pct,fred_japan_computer_electronics_gbp_12m_pct,pre_2020,0,-0.12219241220354488,-0.15101566240148148,0.7692307692307693,1.0,48,0
raw_annual_rates,ex_games_12m_pct,fred_japan_computer_electronics_gbp_12m_pct,pre_2020,1,0.0051999926941158035,-0.0023536936589055573,1.0,1.0,47,0
raw_annual_rates,ex_games_12m_pct,fred_japan_computer_electronics_gbp_12m_pct,pre_2020,2,0.15677960237413716,0.1685674346889386,0.7692307692307693,1.0,46,0
raw_annual_rates,ex_games_12m_pct,fred_japan_computer_electronics_gbp_12m_pct,pre_2020,3,0.3033593390411388,0.3343780008513324,0.38461538461538464,1.0,45,0
raw_annual_rates,ex_games_12m_pct,fred_japan_computer_electronics_gbp_12m_pct,pre_2020,4,0.4571191879334481,0.5009425120985538,0.23076923076923078,1.0,44,0
raw_annual_rates,ex_games_12m_pct,fred_japan_computer_electronics_gbp_12m_pct,pre_2020,5,0.5875300661104568,0.6469976008349245,0.07692307692307693,0.6923076923076923,43,0
raw_annual_rates,ex_games_12m_pct,fred_japan_computer_electronics_gbp_12m_pct,pre_2020,6,0.6935999070028404,0.7702460117248134,0.07692307692307693,0.07692307692307693,42,0
raw_annual_rates,ex_games_12m_pct,fred_japan_computer_electronics_gbp_12m_pct,pre_2020,7,0.7522620316617089,0.8446041500871257,0.07692307692307693,0.07692307692307693,41,0
raw_annual_rates,ex_games_12m_pct,fred_japan_computer_electronics_gbp_12m_pct,pre_2020,8,0.7227453716168647,0.8204407514257815,0.07692307692307693,0.07692307692307693,40,0
raw_annual_rates,ex_games_12m_pct,fred_japan_computer_electronics_gbp_12m_pct,pre_2020,9,0.7071866536928137,0.7838913212323949,0.07692307692307693,0.07692307692307693,39,0
raw_annual_rates,ex_games_12m_pct,fred_japan_computer_electronics_gbp_12m_pct,pre_2020,10,0.6694379010309787,0.741970830486717,0.07692307692307693,0.07692307692307693,38,0
raw_annual_rates,ex_games_12m_pct,fred_japan_computer_electronics_gbp_12m_pct,pre_2020,11,0.5683135679717981,0.61027057395232,0.38461538461538464,0.7692307692307693,37,0
raw_annual_rates,ex_games_12m_pct,fred_japan_computer_electronics_gbp_12m_pct,pre_2020,12,0.47069419371476673,0.47069419371476673,0.6153846153846154,1.0,36,0
raw_annual_rates,ex_games_12m_pct,fred_japan_computer_electronics_gbp_12m_pct,pandemic_2020_2022,0,-0.751836964012416,-0.7949642567784592,1.0,1.0,36,0
raw_annual_rates,ex_games_12m_pct,fred_japan_computer_electronics_gbp_12m_pct,pandemic_2020_2022,1,-0.7540709899033639,-0.7428487498185348,0.5,1.0,35,0
raw_annual_rates,ex_games_12m_pct,fred_japan_computer_electronics_gbp_12m_pct,pandemic_2020_2022,2,-0.7567968715363305,-0.6665940448971777,1.0,1.0,34,0
raw_annual_rates,ex_games_12m_pct,fred_japan_computer_electronics_gbp_12m_pct,pandemic_2020_2022,3,-0.72438630588647,-0.5550597804371968,0.5,1.0,33,0
raw_annual_rates,ex_games_12m_pct,fred_japan_computer_electronics_gbp_12m_pct,pandemic_2020_2022,4,-0.6697177250972421,-0.41803720094630586,0.5,1.0,32,0
raw_annual_rates,ex_games_12m_pct,fred_japan_computer_electronics_gbp_12m_pct,pandemic_2020_2022,5,-0.5776911689165215,-0.2624773612674701,0.5,1.0,31,0
raw_annual_rates,ex_games_12m_pct,fred_japan_computer_electronics_gbp_12m_pct,pandemic_2020_2022,6,-0.4538029391048076,-0.08331207989146151,0.5,1.0,30,0
raw_annual_rates,ex_games_12m_pct,fred_japan_computer_electronics_gbp_12m_pct,pandemic_2020_2022,7,-0.2814446339367433,0.08846438975884345,1.0,1.0,29,0
raw_annual_rates,ex_games_12m_pct,fred_japan_computer_electronics_gbp_12m_pct,pandemic_2020_2022,8,-0.05277974739254544,0.28070643212399216,1.0,1.0,28,0
raw_annual_rates,ex_games_12m_pct,fred_japan_computer_electronics_gbp_12m_pct,pandemic_2020_2022,9,0.16870432876397795,0.3966186762135166,1.0,1.0,27,0
raw_annual_rates,ex_games_12m_pct,fred_japan_computer_electronics_gbp_12m_pct,pandemic_2020_2022,10,0.3842355769521256,0.5384805321945673,0.5,1.0,26,0
raw_annual_rates,ex_games_12m_pct,fred_japan_computer_electronics_gbp_12m_pct,pandemic_2020_2022,11,0.5848319837271359,0.6530360757707803,0.5,1.0,25,0
raw_annual_rates,ex_games_12m_pct,fred_japan_computer_electronics_gbp_12m_pct,pandemic_2020_2022,12,0.6795415038471313,0.6795415038471313,0.5,1.0,24,0
raw_annual_rates,ex_games_12m_pct,fred_japan_computer_electronics_gbp_12m_pct,post_2022,0,0.019029063604096515,-0.08198705354423275,0.5714285714285714,1.0,42,0
raw_annual_rates,ex_games_12m_pct,fred_japan_computer_electronics_gbp_12m_pct,post_2022,1,0.2780235740940024,0.20508793865345976,0.14285714285714285,1.0,41,0
raw_annual_rates,ex_games_12m_pct,fred_japan_computer_electronics_gbp_12m_pct,post_2022,2,0.3816219204682047,0.3622535307711539,0.14285714285714285,0.42857142857142855,40,0
raw_annual_rates,ex_games_12m_pct,fred_japan_computer_electronics_gbp_12m_pct,post_2022,3,0.4591651226169547,0.4812976347387754,0.14285714285714285,0.14285714285714285,39,0
raw_annual_rates,ex_games_12m_pct,fred_japan_computer_electronics_gbp_12m_pct,post_2022,4,0.44614880056832806,0.5024408218254708,0.14285714285714285,0.14285714285714285,38,0
raw_annual_rates,ex_games_12m_pct,fred_japan_computer_electronics_gbp_12m_pct,post_2022,5,0.45750427769780555,0.5587346323357,0.14285714285714285,0.14285714285714285,37,0
raw_annual_rates,ex_games_12m_pct,fred_japan_computer_electronics_gbp_12m_pct,post_2022,6,0.4591085281461291,0.5580776848842717,0.14285714285714285,0.14285714285714285,36,0
raw_annual_rates,ex_games_12m_pct,fred_japan_computer_electronics_gbp_12m_pct,post_2022,7,0.5776188848016364,0.6505233603783361,0.14285714285714285,0.14285714285714285,35,0
raw_annual_rates,ex_games_12m_pct,fred_japan_computer_electronics_gbp_12m_pct,post_2022,8,0.6256723784213883,0.6766839250058718,0.14285714285714285,0.14285714285714285,34,0
raw_annual_rates,ex_games_12m_pct,fred_japan_computer_electronics_gbp_12m_pct,post_2022,9,0.6164057668673173,0.6679819159862387,0.14285714285714285,0.14285714285714285,33,0
raw_annual_rates,ex_games_12m_pct,fred_japan_computer_electronics_gbp_12m_pct,post_2022,10,0.46393260466518815,0.5176608122739601,0.14285714285714285,0.14285714285714285,32,0
raw_annual_rates,ex_games_12m_pct,fred_japan_computer_electronics_gbp_12m_pct,post_2022,11,0.3006720804715241,0.32101035530391847,0.14285714285714285,0.42857142857142855,31,0
raw_annual_rates,ex_games_12m_pct,fred_japan_computer_electronics_gbp_12m_pct,post_2022,12,0.09706565822213839,0.09706565822213839,0.5714285714285714,1.0,30,0
raw_annual_rates,ex_games_12m_pct,fred_asian_nie_computer_electronics_gbp_12m_pct,full,0,-0.14684857137270405,-0.192550116630984,0.5054945054945055,0.9560439560439561,126,0
raw_annual_rates,ex_games_12m_pct,fred_asian_nie_computer_electronics_gbp_12m_pct,full,1,-0.05106086964993296,-0.09224054056464924,0.7582417582417582,1.0,125,0
raw_annual_rates,ex_games_12m_pct,fred_asian_nie_computer_electronics_gbp_12m_pct,full,2,0.03723674207555919,0.006950980171834653,0.967032967032967,1.0,124,0
raw_annual_rates,ex_games_12m_pct,fred_asian_nie_computer_electronics_gbp_12m_pct,full,3,0.12234538528093815,0.10856993407266678,0.7142857142857143,1.0,123,0
raw_annual_rates,ex_games_12m_pct,fred_asian_nie_computer_electronics_gbp_12m_pct,full,4,0.21240963972930935,0.2023173377610681,0.5054945054945055,0.9010989010989011,122,0
raw_annual_rates,ex_games_12m_pct,fred_asian_nie_computer_electronics_gbp_12m_pct,full,5,0.3069764203359012,0.30405035258877633,0.3076923076923077,0.6593406593406593,121,0
raw_annual_rates,ex_games_12m_pct,fred_asian_nie_computer_electronics_gbp_12m_pct,full,6,0.39210920797378856,0.3943786431010408,0.18681318681318682,0.43956043956043955,120,0
raw_annual_rates,ex_games_12m_pct,fred_asian_nie_computer_electronics_gbp_12m_pct,full,7,0.48004837483427315,0.4817273589661976,0.10989010989010989,0.27472527472527475,119,0
raw_annual_rates,ex_games_12m_pct,fred_asian_nie_computer_electronics_gbp_12m_pct,full,8,0.5157450659471968,0.5183492155526248,0.08791208791208792,0.25274725274725274,118,0
raw_annual_rates,ex_games_12m_pct,fred_asian_nie_computer_electronics_gbp_12m_pct,full,9,0.5400407956902358,0.5431288364855392,0.08791208791208792,0.24175824175824176,117,0
raw_annual_rates,ex_games_12m_pct,fred_asian_nie_computer_electronics_gbp_12m_pct,full,10,0.5336866827129256,0.540393609203239,0.08791208791208792,0.24175824175824176,116,0
raw_annual_rates,ex_games_12m_pct,fred_asian_nie_computer_electronics_gbp_12m_pct,full,11,0.4963235856607901,0.5007986301818615,0.0989010989010989,0.26373626373626374,115,0
raw_annual_rates,ex_games_12m_pct,fred_asian_nie_computer_electronics_gbp_12m_pct,full,12,0.4392379802965504,0.4392379802965504,0.12087912087912088,0.37362637362637363,114,0
raw_annual_rates,ex_games_12m_pct,fred_asian_nie_computer_electronics_gbp_12m_pct,pre_2020,0,0.07574238699299682,0.04014926807670864,1.0,1.0,48,0
raw_annual_rates,ex_games_12m_pct,fred_asian_nie_computer_electronics_gbp_12m_pct,pre_2020,1,0.20172071446657341,0.18196874220815573,0.6923076923076923,1.0,47,0
raw_annual_rates,ex_games_12m_pct,fred_asian_nie_computer_electronics_gbp_12m_pct,pre_2020,2,0.33699075957645175,0.3307985416583694,0.5384615384615384,1.0,46,0
raw_annual_rates,ex_games_12m_pct,fred_asian_nie_computer_electronics_gbp_12m_pct,pre_2020,3,0.4631667561663923,0.4706439557856139,0.3076923076923077,1.0,45,0
raw_annual_rates,ex_games_12m_pct,fred_asian_nie_computer_electronics_gbp_12m_pct,pre_2020,4,0.6015668199240488,0.615796936519972,0.23076923076923078,0.7692307692307693,44,0
raw_annual_rates,ex_games_12m_pct,fred_asian_nie_computer_electronics_gbp_12m_pct,pre_2020,5,0.7030823344032262,0.7265263813447628,0.07692307692307693,0.07692307692307693,43,0
raw_annual_rates,ex_games_12m_pct,fred_asian_nie_computer_electronics_gbp_12m_pct,pre_2020,6,0.7780134690458514,0.8096179101555298,0.07692307692307693,0.07692307692307693,42,0
raw_annual_rates,ex_games_12m_pct,fred_asian_nie_computer_electronics_gbp_12m_pct,pre_2020,7,0.7977288178597449,0.8416746799100322,0.07692307692307693,0.07692307692307693,41,0
raw_annual_rates,ex_games_12m_pct,fred_asian_nie_computer_electronics_gbp_12m_pct,pre_2020,8,0.7218379160340253,0.7743815180834491,0.07692307692307693,0.07692307692307693,40,0
raw_annual_rates,ex_games_12m_pct,fred_asian_nie_computer_electronics_gbp_12m_pct,pre_2020,9,0.6729105157576395,0.7110040244348486,0.07692307692307693,0.07692307692307693,39,0
raw_annual_rates,ex_games_12m_pct,fred_asian_nie_computer_electronics_gbp_12m_pct,pre_2020,10,0.6048904534048638,0.6446735921682754,0.15384615384615385,0.6153846153846154,38,0
raw_annual_rates,ex_games_12m_pct,fred_asian_nie_computer_electronics_gbp_12m_pct,pre_2020,11,0.4824372567945646,0.505271728926514,0.6923076923076923,1.0,37,0
raw_annual_rates,ex_games_12m_pct,fred_asian_nie_computer_electronics_gbp_12m_pct,pre_2020,12,0.38222138489445,0.38222138489445,0.7692307692307693,1.0,36,0
raw_annual_rates,ex_games_12m_pct,fred_asian_nie_computer_electronics_gbp_12m_pct,pandemic_2020_2022,0,-0.6683129803124926,-0.5993332283357972,1.0,1.0,36,0
raw_annual_rates,ex_games_12m_pct,fred_asian_nie_computer_electronics_gbp_12m_pct,pandemic_2020_2022,1,-0.678819487496124,-0.5298303903992955,1.0,1.0,35,0
raw_annual_rates,ex_games_12m_pct,fred_asian_nie_computer_electronics_gbp_12m_pct,pandemic_2020_2022,2,-0.6907597769588453,-0.4620716842996567,1.0,1.0,34,0
raw_annual_rates,ex_games_12m_pct,fred_asian_nie_computer_electronics_gbp_12m_pct,pandemic_2020_2022,3,-0.6605205722447889,-0.35601918964345725,1.0,1.0,33,0
raw_annual_rates,ex_games_12m_pct,fred_asian_nie_computer_electronics_gbp_12m_pct,pandemic_2020_2022,4,-0.6152705420730146,-0.23932916231806126,0.5,1.0,32,0
raw_annual_rates,ex_games_12m_pct,fred_asian_nie_computer_electronics_gbp_12m_pct,pandemic_2020_2022,5,-0.5517272350772905,-0.1506482145243363,0.5,1.0,31,0
raw_annual_rates,ex_games_12m_pct,fred_asian_nie_computer_electronics_gbp_12m_pct,pandemic_2020_2022,6,-0.46873068853033345,-0.053536457666844714,1.0,1.0,30,0
raw_annual_rates,ex_games_12m_pct,fred_asian_nie_computer_electronics_gbp_12m_pct,pandemic_2020_2022,7,-0.3087726101075519,0.10261345679537562,1.0,1.0,29,0
raw_annual_rates,ex_games_12m_pct,fred_asian_nie_computer_electronics_gbp_12m_pct,pandemic_2020_2022,8,-0.12163189675128064,0.24662716431669182,1.0,1.0,28,0
raw_annual_rates,ex_games_12m_pct,fred_asian_nie_computer_electronics_gbp_12m_pct,pandemic_2020_2022,9,0.10210272501518522,0.3650339805436577,1.0,1.0,27,0
raw_annual_rates,ex_games_12m_pct,fred_asian_nie_computer_electronics_gbp_12m_pct,pandemic_2020_2022,10,0.2904096906038065,0.47559846876556017,1.0,1.0,26,0
raw_annual_rates,ex_games_12m_pct,fred_asian_nie_computer_electronics_gbp_12m_pct,pandemic_2020_2022,11,0.45549985264591186,0.5433550998057542,1.0,1.0,25,0
raw_annual_rates,ex_games_12m_pct,fred_asian_nie_computer_electronics_gbp_12m_pct,pandemic_2020_2022,12,0.5599095908242676,0.5599095908242676,1.0,1.0,24,0
raw_annual_rates,ex_games_12m_pct,fred_asian_nie_computer_electronics_gbp_12m_pct,post_2022,0,-0.03134386446096651,-0.17103613972694579,0.2857142857142857,1.0,42,0
raw_annual_rates,ex_games_12m_pct,fred_asian_nie_computer_electronics_gbp_12m_pct,post_2022,1,0.1490545499071965,0.11676601708935665,0.14285714285714285,1.0,41,0
raw_annual_rates,ex_games_12m_pct,fred_asian_nie_computer_electronics_gbp_12m_pct,post_2022,2,0.2679922605660226,0.2756696262382621,0.14285714285714285,1.0,40,0
raw_annual_rates,ex_games_12m_pct,fred_asian_nie_computer_electronics_gbp_12m_pct,post_2022,3,0.3491261516579758,0.3813916263625371,0.14285714285714285,0.42857142857142855,39,0
raw_annual_rates,ex_games_12m_pct,fred_asian_nie_computer_electronics_gbp_12m_pct,post_2022,4,0.3528873353280604,0.3716781642339408,0.2857142857142857,0.42857142857142855,38,0
raw_annual_rates,ex_games_12m_pct,fred_asian_nie_computer_electronics_gbp_12m_pct,post_2022,5,0.3848547738339812,0.41950213315158946,0.14285714285714285,0.14285714285714285,37,0
raw_annual_rates,ex_games_12m_pct,fred_asian_nie_computer_electronics_gbp_12m_pct,post_2022,6,0.38788826607981486,0.423414388620585,0.14285714285714285,0.14285714285714285,36,0
raw_annual_rates,ex_games_12m_pct,fred_asian_nie_computer_electronics_gbp_12m_pct,post_2022,7,0.5567243445831928,0.5676387072445324,0.14285714285714285,0.14285714285714285,35,0
raw_annual_rates,ex_games_12m_pct,fred_asian_nie_computer_electronics_gbp_12m_pct,post_2022,8,0.6301600270196258,0.6307396999023113,0.14285714285714285,0.14285714285714285,34,0
raw_annual_rates,ex_games_12m_pct,fred_asian_nie_computer_electronics_gbp_12m_pct,post_2022,9,0.6349601286617231,0.6428228418088713,0.14285714285714285,0.14285714285714285,33,0
raw_annual_rates,ex_games_12m_pct,fred_asian_nie_computer_electronics_gbp_12m_pct,post_2022,10,0.4996621596046256,0.5373950271512306,0.14285714285714285,0.14285714285714285,32,0
raw_annual_rates,ex_games_12m_pct,fred_asian_nie_computer_electronics_gbp_12m_pct,post_2022,11,0.32799939242621606,0.35582490173511006,0.14285714285714285,0.5714285714285714,31,0
raw_annual_rates,ex_games_12m_pct,fred_asian_nie_computer_electronics_gbp_12m_pct,post_2022,12,0.1523075966914473,0.1523075966914473,0.5714285714285714,1.0,30,0
