method,target,candidate,period,lead_months,correlation,common_sample_correlation,circular_shift_p,familywise_p_0_18,search_max_lead,n,ar_lags
raw_annual_rates,headline_12m_pct,jp_epi_electronics_gbp_12m_pct,full,0,-0.3404906727517885,-0.40244447020143215,0.09302325581395349,0.37209302325581395,18,127,0
raw_annual_rates,headline_12m_pct,jp_epi_electronics_gbp_12m_pct,full,1,-0.27705274026390636,-0.328077954995315,0.12790697674418605,0.4186046511627907,18,126,0
raw_annual_rates,headline_12m_pct,jp_epi_electronics_gbp_12m_pct,full,2,-0.23649940569027156,-0.2792251125643357,0.1744186046511628,0.46511627906976744,18,125,0
raw_annual_rates,headline_12m_pct,jp_epi_electronics_gbp_12m_pct,full,3,-0.1863480543513555,-0.2245432670449911,0.2558139534883721,0.6511627906976745,18,124,0
raw_annual_rates,headline_12m_pct,jp_epi_electronics_gbp_12m_pct,full,4,-0.12803452813477992,-0.16817254102544277,0.37209302325581395,0.7441860465116279,18,123,0
raw_annual_rates,headline_12m_pct,jp_epi_electronics_gbp_12m_pct,full,5,-0.06349431195642377,-0.10565466751382878,0.5,0.9883720930232558,18,122,0
raw_annual_rates,headline_12m_pct,jp_epi_electronics_gbp_12m_pct,full,6,-0.02299423935682024,-0.06134704118645229,0.6627906976744186,1.0,18,121,0
raw_annual_rates,headline_12m_pct,jp_epi_electronics_gbp_12m_pct,full,7,0.09897976844534165,0.06675581860824692,0.6511627906976745,1.0,18,120,0
raw_annual_rates,headline_12m_pct,jp_epi_electronics_gbp_12m_pct,full,8,0.15550024455340875,0.12526249078102045,0.43023255813953487,0.9651162790697675,18,119,0
raw_annual_rates,headline_12m_pct,jp_epi_electronics_gbp_12m_pct,full,9,0.18808863577026763,0.16675846998316896,0.37209302325581395,0.7441860465116279,18,118,0
raw_annual_rates,headline_12m_pct,jp_epi_electronics_gbp_12m_pct,full,10,0.2199873519226234,0.20823291104162042,0.27906976744186046,0.6627906976744186,18,117,0
raw_annual_rates,headline_12m_pct,jp_epi_electronics_gbp_12m_pct,full,11,0.21893069244590535,0.21411678890712896,0.27906976744186046,0.6627906976744186,18,116,0
raw_annual_rates,headline_12m_pct,jp_epi_electronics_gbp_12m_pct,full,12,0.1827200734538157,0.18125172072340195,0.3953488372093023,0.7209302325581395,18,115,0
raw_annual_rates,headline_12m_pct,jp_epi_electronics_gbp_12m_pct,full,13,0.14769020218981693,0.14714759010289702,0.43023255813953487,0.7906976744186046,18,114,0
raw_annual_rates,headline_12m_pct,jp_epi_electronics_gbp_12m_pct,full,14,0.1635697163015697,0.16360208841903562,0.4186046511627907,0.7441860465116279,18,113,0
raw_annual_rates,headline_12m_pct,jp_epi_electronics_gbp_12m_pct,full,15,0.16801697382643777,0.16926559502923866,0.4186046511627907,0.7441860465116279,18,112,0
raw_annual_rates,headline_12m_pct,jp_epi_electronics_gbp_12m_pct,full,16,0.16583217197048142,0.16571827302304892,0.43023255813953487,0.7441860465116279,18,111,0
raw_annual_rates,headline_12m_pct,jp_epi_electronics_gbp_12m_pct,full,17,0.15565529803478054,0.1555274679455247,0.46511627906976744,0.7558139534883721,18,110,0
raw_annual_rates,headline_12m_pct,jp_epi_electronics_gbp_12m_pct,full,18,0.1354360063556493,0.1354360063556493,0.5,0.9186046511627907,18,109,0
raw_annual_rates,headline_12m_pct,jp_epi_electronics_gbp_12m_pct,pre_2020,0,-0.26619723109420274,-0.23529361991105938,0.7142857142857143,1.0,18,48,0
raw_annual_rates,headline_12m_pct,jp_epi_electronics_gbp_12m_pct,pre_2020,1,-0.21922580611944759,-0.15396031030243246,0.7142857142857143,1.0,18,47,0
raw_annual_rates,headline_12m_pct,jp_epi_electronics_gbp_12m_pct,pre_2020,2,-0.17843515415233419,-0.10883419593378996,0.7142857142857143,1.0,18,46,0
raw_annual_rates,headline_12m_pct,jp_epi_electronics_gbp_12m_pct,pre_2020,3,-0.12188456000967467,-0.04750535578975084,1.0,1.0,18,45,0
raw_annual_rates,headline_12m_pct,jp_epi_electronics_gbp_12m_pct,pre_2020,4,-0.042085803933959096,0.036505607027069516,1.0,1.0,18,44,0
raw_annual_rates,headline_12m_pct,jp_epi_electronics_gbp_12m_pct,pre_2020,5,0.021503462736327705,0.07843945206569744,0.8571428571428571,1.0,18,43,0
raw_annual_rates,headline_12m_pct,jp_epi_electronics_gbp_12m_pct,pre_2020,6,0.05472740855635981,0.058679053509843856,0.7142857142857143,1.0,18,42,0
raw_annual_rates,headline_12m_pct,jp_epi_electronics_gbp_12m_pct,pre_2020,7,0.1479024751299541,0.15422798300107865,0.2857142857142857,1.0,18,41,0
raw_annual_rates,headline_12m_pct,jp_epi_electronics_gbp_12m_pct,pre_2020,8,0.08020196651426487,0.05393520432786862,0.5714285714285714,1.0,18,40,0
raw_annual_rates,headline_12m_pct,jp_epi_electronics_gbp_12m_pct,pre_2020,9,0.07616682611983429,0.018799953022629035,0.7142857142857143,1.0,18,39,0
raw_annual_rates,headline_12m_pct,jp_epi_electronics_gbp_12m_pct,pre_2020,10,0.09736649553570491,0.06731390028685813,0.2857142857142857,1.0,18,38,0
raw_annual_rates,headline_12m_pct,jp_epi_electronics_gbp_12m_pct,pre_2020,11,0.08252840256196659,0.043307455463660154,0.8571428571428571,1.0,18,37,0
raw_annual_rates,headline_12m_pct,jp_epi_electronics_gbp_12m_pct,pre_2020,12,0.06028504164505055,-0.00817441608757699,0.8571428571428571,1.0,18,36,0
raw_annual_rates,headline_12m_pct,jp_epi_electronics_gbp_12m_pct,pre_2020,13,0.06648025464078268,-0.0941131452722814,0.5714285714285714,1.0,18,35,0
raw_annual_rates,headline_12m_pct,jp_epi_electronics_gbp_12m_pct,pre_2020,14,0.10287424275648747,-0.022767262874519075,0.5714285714285714,1.0,18,34,0
raw_annual_rates,headline_12m_pct,jp_epi_electronics_gbp_12m_pct,pre_2020,15,0.12926405429456594,0.03558068823947664,0.7142857142857143,1.0,18,33,0
raw_annual_rates,headline_12m_pct,jp_epi_electronics_gbp_12m_pct,pre_2020,16,0.13215159487755532,0.058167003306762805,0.5714285714285714,1.0,18,32,0
raw_annual_rates,headline_12m_pct,jp_epi_electronics_gbp_12m_pct,pre_2020,17,0.17365512946738457,0.12668593570942407,0.5714285714285714,1.0,18,31,0
raw_annual_rates,headline_12m_pct,jp_epi_electronics_gbp_12m_pct,pre_2020,18,0.19732356420940791,0.19732356420940791,0.5714285714285714,1.0,18,30,0
raw_annual_rates,headline_12m_pct,jp_epi_electronics_gbp_12m_pct,pandemic_2020_2022,0,-0.46041328018919314,-0.5611147394036788,0.5,1.0,18,36,0
raw_annual_rates,headline_12m_pct,jp_epi_electronics_gbp_12m_pct,pandemic_2020_2022,1,-0.3648089346826392,-0.18890617671830143,0.5,1.0,18,35,0
raw_annual_rates,headline_12m_pct,jp_epi_electronics_gbp_12m_pct,pandemic_2020_2022,2,-0.4040053048846259,-0.11333934674109812,1.0,1.0,18,34,0
raw_annual_rates,headline_12m_pct,jp_epi_electronics_gbp_12m_pct,pandemic_2020_2022,3,-0.4087705042899671,-0.05493297072254825,1.0,1.0,18,33,0
raw_annual_rates,headline_12m_pct,jp_epi_electronics_gbp_12m_pct,pandemic_2020_2022,4,-0.40976198097067584,-0.10675313468667638,1.0,1.0,18,32,0
raw_annual_rates,headline_12m_pct,jp_epi_electronics_gbp_12m_pct,pandemic_2020_2022,5,-0.43516032912198815,-0.11714932433832183,1.0,1.0,18,31,0
raw_annual_rates,headline_12m_pct,jp_epi_electronics_gbp_12m_pct,pandemic_2020_2022,6,-0.40651334368722336,-0.09387557467287497,1.0,1.0,18,30,0
raw_annual_rates,headline_12m_pct,jp_epi_electronics_gbp_12m_pct,pandemic_2020_2022,7,-0.19912095269974367,0.22986954411469215,0.5,1.0,18,29,0
raw_annual_rates,headline_12m_pct,jp_epi_electronics_gbp_12m_pct,pandemic_2020_2022,8,0.09709533347484266,0.547367039262089,0.5,1.0,18,28,0
raw_annual_rates,headline_12m_pct,jp_epi_electronics_gbp_12m_pct,pandemic_2020_2022,9,0.18729326163049748,0.6843945974681919,0.5,0.5,18,27,0
raw_annual_rates,headline_12m_pct,jp_epi_electronics_gbp_12m_pct,pandemic_2020_2022,10,0.3313936828611745,0.620953053589114,0.5,0.5,18,26,0
raw_annual_rates,headline_12m_pct,jp_epi_electronics_gbp_12m_pct,pandemic_2020_2022,11,0.34283676208045677,0.5046877839731746,0.5,1.0,18,25,0
raw_annual_rates,headline_12m_pct,jp_epi_electronics_gbp_12m_pct,pandemic_2020_2022,12,0.23463698347038467,0.31331103247049374,0.5,1.0,18,24,0
raw_annual_rates,headline_12m_pct,jp_epi_electronics_gbp_12m_pct,pandemic_2020_2022,13,0.16484426637531113,0.08493698549828212,0.5,1.0,18,23,0
raw_annual_rates,headline_12m_pct,jp_epi_electronics_gbp_12m_pct,pandemic_2020_2022,14,0.298703974059893,0.22967193013164147,0.5,1.0,18,22,0
raw_annual_rates,headline_12m_pct,jp_epi_electronics_gbp_12m_pct,pandemic_2020_2022,15,0.3400405895469016,0.3184353898624496,0.5,1.0,18,21,0
raw_annual_rates,headline_12m_pct,jp_epi_electronics_gbp_12m_pct,pandemic_2020_2022,16,0.4215038592906463,0.4084643851479413,0.5,1.0,18,20,0
raw_annual_rates,headline_12m_pct,jp_epi_electronics_gbp_12m_pct,pandemic_2020_2022,17,0.6803083442461817,0.6917458541025991,0.5,0.5,18,19,0
raw_annual_rates,headline_12m_pct,jp_epi_electronics_gbp_12m_pct,pandemic_2020_2022,18,0.6865655601887533,0.6865655601887533,0.5,0.5,18,18,0
raw_annual_rates,headline_12m_pct,jp_epi_electronics_gbp_12m_pct,post_2022,0,-0.2480176553372345,-0.5617933303090598,1.0,1.0,18,43,0
raw_annual_rates,headline_12m_pct,jp_epi_electronics_gbp_12m_pct,post_2022,1,-0.17514228628037537,-0.34856795712964933,1.0,1.0,18,42,0
raw_annual_rates,headline_12m_pct,jp_epi_electronics_gbp_12m_pct,post_2022,2,-0.08825891934750622,-0.1722223681205032,1.0,1.0,18,41,0
raw_annual_rates,headline_12m_pct,jp_epi_electronics_gbp_12m_pct,post_2022,3,0.020136184870276633,0.023041639887384443,1.0,1.0,18,40,0
raw_annual_rates,headline_12m_pct,jp_epi_electronics_gbp_12m_pct,post_2022,4,0.15023058596093045,0.1416670072366574,0.5,1.0,18,39,0
raw_annual_rates,headline_12m_pct,jp_epi_electronics_gbp_12m_pct,post_2022,5,0.32761709305882014,0.3233356071836668,0.5,1.0,18,38,0
raw_annual_rates,headline_12m_pct,jp_epi_electronics_gbp_12m_pct,post_2022,6,0.42034372090636213,0.4273656839489287,0.5,1.0,18,37,0
raw_annual_rates,headline_12m_pct,jp_epi_electronics_gbp_12m_pct,post_2022,7,0.5980546743339756,0.6137961311984605,0.5,0.5,18,36,0
raw_annual_rates,headline_12m_pct,jp_epi_electronics_gbp_12m_pct,post_2022,8,0.6459535946687067,0.656688241934935,0.5,0.5,18,35,0
raw_annual_rates,headline_12m_pct,jp_epi_electronics_gbp_12m_pct,post_2022,9,0.6193799919660534,0.6895768896465697,0.5,0.5,18,34,0
raw_annual_rates,headline_12m_pct,jp_epi_electronics_gbp_12m_pct,post_2022,10,0.5094498682829085,0.663009444509004,0.5,0.5,18,33,0
raw_annual_rates,headline_12m_pct,jp_epi_electronics_gbp_12m_pct,post_2022,11,0.4158951880582761,0.6018882006261597,0.5,0.5,18,32,0
raw_annual_rates,headline_12m_pct,jp_epi_electronics_gbp_12m_pct,post_2022,12,0.23573762985373625,0.3520933175117353,0.5,1.0,18,31,0
raw_annual_rates,headline_12m_pct,jp_epi_electronics_gbp_12m_pct,post_2022,13,-0.0035280235884702685,0.0460111713287022,1.0,1.0,18,30,0
raw_annual_rates,headline_12m_pct,jp_epi_electronics_gbp_12m_pct,post_2022,14,-0.08036820270938907,-0.08790853563198013,0.5,1.0,18,29,0
raw_annual_rates,headline_12m_pct,jp_epi_electronics_gbp_12m_pct,post_2022,15,-0.1727942304841511,-0.21218918166960238,0.5,1.0,18,28,0
raw_annual_rates,headline_12m_pct,jp_epi_electronics_gbp_12m_pct,post_2022,16,-0.24915403620431797,-0.3329135213785248,0.5,1.0,18,27,0
raw_annual_rates,headline_12m_pct,jp_epi_electronics_gbp_12m_pct,post_2022,17,-0.4320808002681172,-0.46161205928251614,0.5,1.0,18,26,0
raw_annual_rates,headline_12m_pct,jp_epi_electronics_gbp_12m_pct,post_2022,18,-0.41546709557386124,-0.41546709557386124,0.5,1.0,18,25,0
raw_annual_rates,headline_12m_pct,kr_epi_tech_gbp_12m_pct,full,0,-0.15870347674319205,-0.1623434625409507,0.5777777777777777,1.0,18,86,0
raw_annual_rates,headline_12m_pct,kr_epi_tech_gbp_12m_pct,full,1,-0.13245286505187553,-0.12063635898486434,0.7777777777777778,1.0,18,85,0
raw_annual_rates,headline_12m_pct,kr_epi_tech_gbp_12m_pct,full,2,-0.11637769179395178,-0.10692563605714918,0.7777777777777778,1.0,18,84,0
raw_annual_rates,headline_12m_pct,kr_epi_tech_gbp_12m_pct,full,3,-0.10961558391381988,-0.09225282417312339,0.8,1.0,18,83,0
raw_annual_rates,headline_12m_pct,kr_epi_tech_gbp_12m_pct,full,4,-0.08479184335896092,-0.07762354578112991,0.8222222222222222,1.0,18,82,0
raw_annual_rates,headline_12m_pct,kr_epi_tech_gbp_12m_pct,full,5,-0.05983668011494639,-0.06594824335260353,0.8666666666666667,1.0,18,81,0
raw_annual_rates,headline_12m_pct,kr_epi_tech_gbp_12m_pct,full,6,-0.06761921410412007,-0.07800209338868694,0.8444444444444444,1.0,18,80,0
raw_annual_rates,headline_12m_pct,kr_epi_tech_gbp_12m_pct,full,7,0.003956137232157757,-0.011432750396041875,1.0,1.0,18,79,0
raw_annual_rates,headline_12m_pct,kr_epi_tech_gbp_12m_pct,full,8,0.0547709552919598,0.03624049886433329,0.9555555555555556,1.0,18,78,0
raw_annual_rates,headline_12m_pct,kr_epi_tech_gbp_12m_pct,full,9,0.039574626226275056,0.02450867436915832,0.9555555555555556,1.0,18,77,0
raw_annual_rates,headline_12m_pct,kr_epi_tech_gbp_12m_pct,full,10,0.04302363244919867,0.0425001437470235,0.9333333333333333,1.0,18,76,0
raw_annual_rates,headline_12m_pct,kr_epi_tech_gbp_12m_pct,full,11,0.0035093375552566067,0.014333533263081405,0.9333333333333333,1.0,18,75,0
raw_annual_rates,headline_12m_pct,kr_epi_tech_gbp_12m_pct,full,12,-0.05282801676641951,-0.04608738567637475,0.9333333333333333,1.0,18,74,0
raw_annual_rates,headline_12m_pct,kr_epi_tech_gbp_12m_pct,full,13,-0.12143086320255986,-0.11927720523172829,0.8,1.0,18,73,0
raw_annual_rates,headline_12m_pct,kr_epi_tech_gbp_12m_pct,full,14,-0.144258362173814,-0.14093158224039717,0.7777777777777778,1.0,18,72,0
raw_annual_rates,headline_12m_pct,kr_epi_tech_gbp_12m_pct,full,15,-0.1304248348425774,-0.12980929370264702,0.7333333333333333,1.0,18,71,0
raw_annual_rates,headline_12m_pct,kr_epi_tech_gbp_12m_pct,full,16,-0.12122486045222212,-0.12342157512073117,0.8,1.0,18,70,0
raw_annual_rates,headline_12m_pct,kr_epi_tech_gbp_12m_pct,full,17,-0.11373303925333587,-0.1117472996060842,0.8,1.0,18,69,0
raw_annual_rates,headline_12m_pct,kr_epi_tech_gbp_12m_pct,full,18,-0.0841941118799722,-0.0841941118799722,0.8222222222222222,1.0,18,68,0
raw_annual_rates,headline_12m_pct,kr_epi_tech_gbp_12m_pct,pandemic_2020_2022,0,0.4314353987195572,0.5053402446511035,0.5,0.5,18,36,0
raw_annual_rates,headline_12m_pct,kr_epi_tech_gbp_12m_pct,pandemic_2020_2022,1,0.5837959396143746,0.7446689225154807,0.5,0.5,18,35,0
raw_annual_rates,headline_12m_pct,kr_epi_tech_gbp_12m_pct,pandemic_2020_2022,2,0.3979867102524434,0.7352706896320099,0.5,0.5,18,34,0
raw_annual_rates,headline_12m_pct,kr_epi_tech_gbp_12m_pct,pandemic_2020_2022,3,0.19888255434592358,0.6276328306700978,0.5,0.5,18,33,0
raw_annual_rates,headline_12m_pct,kr_epi_tech_gbp_12m_pct,pandemic_2020_2022,4,0.15166474299457205,0.39854418589157914,0.5,0.5,18,32,0
raw_annual_rates,headline_12m_pct,kr_epi_tech_gbp_12m_pct,pandemic_2020_2022,5,-0.2287563383874614,-0.05015536502057225,1.0,1.0,18,31,0
raw_annual_rates,headline_12m_pct,kr_epi_tech_gbp_12m_pct,pandemic_2020_2022,6,-0.32635493789277675,0.01329757061883825,1.0,1.0,18,30,0
raw_annual_rates,headline_12m_pct,kr_epi_tech_gbp_12m_pct,pandemic_2020_2022,7,-0.2776302318865758,-0.019552607444340966,1.0,1.0,18,29,0
raw_annual_rates,headline_12m_pct,kr_epi_tech_gbp_12m_pct,pandemic_2020_2022,8,-0.18543298005769995,0.11268049161547607,1.0,1.0,18,28,0
raw_annual_rates,headline_12m_pct,kr_epi_tech_gbp_12m_pct,pandemic_2020_2022,9,-0.336498319943328,-0.027511324676204672,1.0,1.0,18,27,0
raw_annual_rates,headline_12m_pct,kr_epi_tech_gbp_12m_pct,pandemic_2020_2022,10,-0.40035248849348143,-0.032560257057881396,1.0,1.0,18,26,0
raw_annual_rates,headline_12m_pct,kr_epi_tech_gbp_12m_pct,pandemic_2020_2022,11,-0.5516118892514283,-0.3289694236520362,0.5,1.0,18,25,0
raw_annual_rates,headline_12m_pct,kr_epi_tech_gbp_12m_pct,pandemic_2020_2022,12,-0.705388226159075,-0.5426701328038264,0.5,0.5,18,24,0
raw_annual_rates,headline_12m_pct,kr_epi_tech_gbp_12m_pct,pandemic_2020_2022,13,-0.8076940124437163,-0.7780386793557892,0.5,0.5,18,23,0
raw_annual_rates,headline_12m_pct,kr_epi_tech_gbp_12m_pct,pandemic_2020_2022,14,-0.645828429075796,-0.5582788275960046,0.5,0.5,18,22,0
raw_annual_rates,headline_12m_pct,kr_epi_tech_gbp_12m_pct,pandemic_2020_2022,15,-0.5120862598730763,-0.24734500256847716,1.0,1.0,18,21,0
raw_annual_rates,headline_12m_pct,kr_epi_tech_gbp_12m_pct,pandemic_2020_2022,16,-0.5307859061429703,-0.23092428510051588,1.0,1.0,18,20,0
raw_annual_rates,headline_12m_pct,kr_epi_tech_gbp_12m_pct,pandemic_2020_2022,17,-0.13730456591427118,0.12588726815049583,1.0,1.0,18,19,0
raw_annual_rates,headline_12m_pct,kr_epi_tech_gbp_12m_pct,pandemic_2020_2022,18,-0.051976064091360845,-0.051976064091360845,1.0,1.0,18,18,0
raw_annual_rates,headline_12m_pct,kr_epi_tech_gbp_12m_pct,post_2022,0,-0.3331154195720994,-0.8762292652697465,1.0,1.0,18,41,0
raw_annual_rates,headline_12m_pct,kr_epi_tech_gbp_12m_pct,post_2022,1,-0.35452576399059066,-0.8857225131598645,0.5,1.0,18,40,0
raw_annual_rates,headline_12m_pct,kr_epi_tech_gbp_12m_pct,post_2022,2,-0.35364488086760876,-0.7859035430294677,0.5,1.0,18,39,0
raw_annual_rates,headline_12m_pct,kr_epi_tech_gbp_12m_pct,post_2022,3,-0.3725040870571285,-0.7006954952352451,0.5,1.0,18,38,0
raw_annual_rates,headline_12m_pct,kr_epi_tech_gbp_12m_pct,post_2022,4,-0.3739667739895824,-0.6042116091152225,0.5,1.0,18,37,0
raw_annual_rates,headline_12m_pct,kr_epi_tech_gbp_12m_pct,post_2022,5,-0.27185870197071427,-0.4302159619189143,0.5,1.0,18,36,0
raw_annual_rates,headline_12m_pct,kr_epi_tech_gbp_12m_pct,post_2022,6,-0.18857377286365315,-0.30562249703784905,0.5,1.0,18,35,0
raw_annual_rates,headline_12m_pct,kr_epi_tech_gbp_12m_pct,post_2022,7,-0.07810095003755176,-0.17388228661846777,0.5,1.0,18,34,0
raw_annual_rates,headline_12m_pct,kr_epi_tech_gbp_12m_pct,post_2022,8,0.042500532295539004,-0.036504315499517014,1.0,1.0,18,33,0
raw_annual_rates,headline_12m_pct,kr_epi_tech_gbp_12m_pct,post_2022,9,0.061829499247053485,0.021224071108073648,1.0,1.0,18,32,0
raw_annual_rates,headline_12m_pct,kr_epi_tech_gbp_12m_pct,post_2022,10,0.1866953352032388,0.2372157464206105,1.0,1.0,18,31,0
raw_annual_rates,headline_12m_pct,kr_epi_tech_gbp_12m_pct,post_2022,11,0.19279710457496577,0.2963351073624701,1.0,1.0,18,30,0
raw_annual_rates,headline_12m_pct,kr_epi_tech_gbp_12m_pct,post_2022,12,0.18158873707478465,0.2527861266176969,1.0,1.0,18,29,0
raw_annual_rates,headline_12m_pct,kr_epi_tech_gbp_12m_pct,post_2022,13,0.1780221819474387,0.224974093928342,0.5,1.0,18,28,0
raw_annual_rates,headline_12m_pct,kr_epi_tech_gbp_12m_pct,post_2022,14,0.05911164032128687,0.07976911438819652,0.5,1.0,18,27,0
raw_annual_rates,headline_12m_pct,kr_epi_tech_gbp_12m_pct,post_2022,15,0.06018139465949674,0.05349810143656737,0.5,1.0,18,26,0
raw_annual_rates,headline_12m_pct,kr_epi_tech_gbp_12m_pct,post_2022,16,0.02032127449757051,-0.014448114254673966,1.0,1.0,18,25,0
raw_annual_rates,headline_12m_pct,kr_epi_tech_gbp_12m_pct,post_2022,17,-0.15832382618564506,-0.17198735370153154,1.0,1.0,18,24,0
raw_annual_rates,headline_12m_pct,kr_epi_tech_gbp_12m_pct,post_2022,18,-0.18349611649823927,-0.18349611649823927,1.0,1.0,18,23,0
raw_annual_rates,headline_12m_pct,cn_ppi_tech_gbp_12m_pct,full,0,-0.0024863519961367863,-0.16319342722958557,0.058823529411764705,1.0,18,58,0
raw_annual_rates,headline_12m_pct,cn_ppi_tech_gbp_12m_pct,full,1,0.05264598358552374,-0.06925600492257933,0.6470588235294118,1.0,18,57,0
raw_annual_rates,headline_12m_pct,cn_ppi_tech_gbp_12m_pct,full,2,0.03865393099645089,-0.04394863048040809,0.7647058823529411,1.0,18,56,0
raw_annual_rates,headline_12m_pct,cn_ppi_tech_gbp_12m_pct,full,3,0.09915170924598476,0.042608879041057444,0.8823529411764706,1.0,18,55,0
raw_annual_rates,headline_12m_pct,cn_ppi_tech_gbp_12m_pct,full,4,0.1739890339241857,0.14069468256212028,0.7058823529411765,1.0,18,54,0
raw_annual_rates,headline_12m_pct,cn_ppi_tech_gbp_12m_pct,full,5,0.22506450808065204,0.18503912016006796,0.6470588235294118,1.0,18,53,0
raw_annual_rates,headline_12m_pct,cn_ppi_tech_gbp_12m_pct,full,6,0.29835816850508395,0.26129195478680806,0.5294117647058824,1.0,18,52,0
raw_annual_rates,headline_12m_pct,cn_ppi_tech_gbp_12m_pct,full,7,0.421997762702731,0.4130422842592422,0.058823529411764705,0.7647058823529411,18,51,0
raw_annual_rates,headline_12m_pct,cn_ppi_tech_gbp_12m_pct,full,8,0.5212484497210205,0.5113143469413869,0.058823529411764705,0.29411764705882354,18,50,0
raw_annual_rates,headline_12m_pct,cn_ppi_tech_gbp_12m_pct,full,9,0.5609887656107152,0.5632458943941948,0.058823529411764705,0.058823529411764705,18,49,0
raw_annual_rates,headline_12m_pct,cn_ppi_tech_gbp_12m_pct,full,10,0.6052286413082989,0.607843642351835,0.058823529411764705,0.058823529411764705,18,48,0
raw_annual_rates,headline_12m_pct,cn_ppi_tech_gbp_12m_pct,full,11,0.6151038428813644,0.6134070931227883,0.058823529411764705,0.058823529411764705,18,47,0
raw_annual_rates,headline_12m_pct,cn_ppi_tech_gbp_12m_pct,full,12,0.619433694645182,0.6168222339816001,0.058823529411764705,0.058823529411764705,18,46,0
raw_annual_rates,headline_12m_pct,cn_ppi_tech_gbp_12m_pct,full,13,0.5725020234911858,0.5690895289557054,0.058823529411764705,0.058823529411764705,18,45,0
raw_annual_rates,headline_12m_pct,cn_ppi_tech_gbp_12m_pct,full,14,0.601011549310691,0.5982911609942946,0.058823529411764705,0.058823529411764705,18,44,0
raw_annual_rates,headline_12m_pct,cn_ppi_tech_gbp_12m_pct,full,15,0.5376971624847263,0.5330851601767113,0.058823529411764705,0.11764705882352941,18,43,0
raw_annual_rates,headline_12m_pct,cn_ppi_tech_gbp_12m_pct,full,16,0.42681915784985786,0.42650902501182036,0.5294117647058824,0.7058823529411765,18,42,0
raw_annual_rates,headline_12m_pct,cn_ppi_tech_gbp_12m_pct,full,17,0.34876204351015966,0.3465087966181021,0.7647058823529411,0.8823529411764706,18,41,0
raw_annual_rates,headline_12m_pct,cn_ppi_tech_gbp_12m_pct,full,18,0.291851650431012,0.291851650431012,0.7058823529411765,1.0,18,40,0
raw_annual_rates,headline_12m_pct,cn_ppi_tech_gbp_12m_pct,post_2022,0,-0.3654745277107543,-0.36014464149649,0.5,1.0,18,36,0
raw_annual_rates,headline_12m_pct,cn_ppi_tech_gbp_12m_pct,post_2022,1,-0.1449409236409928,-0.056818889143645905,1.0,1.0,18,35,0
raw_annual_rates,headline_12m_pct,cn_ppi_tech_gbp_12m_pct,post_2022,2,-0.022037875319167833,0.15133093965682728,1.0,1.0,18,34,0
raw_annual_rates,headline_12m_pct,cn_ppi_tech_gbp_12m_pct,post_2022,3,0.1783456444686066,0.37209533981990295,1.0,1.0,18,33,0
raw_annual_rates,headline_12m_pct,cn_ppi_tech_gbp_12m_pct,post_2022,4,0.31437086021315996,0.47326622397219087,1.0,1.0,18,32,0
raw_annual_rates,headline_12m_pct,cn_ppi_tech_gbp_12m_pct,post_2022,5,0.4488088060121165,0.5536883549187522,1.0,1.0,18,31,0
raw_annual_rates,headline_12m_pct,cn_ppi_tech_gbp_12m_pct,post_2022,6,0.5134872005445325,0.5734346667868554,1.0,1.0,18,30,0
raw_annual_rates,headline_12m_pct,cn_ppi_tech_gbp_12m_pct,post_2022,7,0.6402372769338349,0.7664048502925476,0.5,1.0,18,29,0
raw_annual_rates,headline_12m_pct,cn_ppi_tech_gbp_12m_pct,post_2022,8,0.7129721388726998,0.8419793801203079,0.5,0.5,18,28,0
raw_annual_rates,headline_12m_pct,cn_ppi_tech_gbp_12m_pct,post_2022,9,0.6981397458950674,0.7901948596742109,0.5,1.0,18,27,0
raw_annual_rates,headline_12m_pct,cn_ppi_tech_gbp_12m_pct,post_2022,10,0.6347040481960906,0.7004915070799814,0.5,1.0,18,26,0
raw_annual_rates,headline_12m_pct,cn_ppi_tech_gbp_12m_pct,post_2022,11,0.512975161861895,0.5022951920972726,0.5,1.0,18,25,0
raw_annual_rates,headline_12m_pct,cn_ppi_tech_gbp_12m_pct,post_2022,12,0.3901974377127954,0.3573753021997033,0.5,1.0,18,24,0
raw_annual_rates,headline_12m_pct,cn_ppi_tech_gbp_12m_pct,post_2022,13,0.04081567868586543,0.005656902742836592,1.0,1.0,18,23,0
raw_annual_rates,headline_12m_pct,cn_ppi_tech_gbp_12m_pct,post_2022,14,-0.07396009519765012,-0.12092417172446482,1.0,1.0,18,22,0
raw_annual_rates,headline_12m_pct,cn_ppi_tech_gbp_12m_pct,post_2022,15,-0.33705812259532797,-0.41904697569290356,1.0,1.0,18,21,0
raw_annual_rates,headline_12m_pct,cn_ppi_tech_gbp_12m_pct,post_2022,16,-0.48127161560412257,-0.5397154067691383,0.5,1.0,18,20,0
raw_annual_rates,headline_12m_pct,cn_ppi_tech_gbp_12m_pct,post_2022,17,-0.6551440093938766,-0.6622245304336347,0.5,1.0,18,19,0
raw_annual_rates,headline_12m_pct,cn_ppi_tech_gbp_12m_pct,post_2022,18,-0.5793875392734515,-0.5793875392734515,0.5,1.0,18,18,0
raw_annual_rates,headline_12m_pct,tw_epi_integrated_circuits_gbp_12m_pct,full,0,-0.10403518196010496,-0.14875108103530513,0.5,0.8372093023255814,18,127,0
raw_annual_rates,headline_12m_pct,tw_epi_integrated_circuits_gbp_12m_pct,full,1,-0.06633990131273189,-0.11088708125539627,0.5697674418604651,0.872093023255814,18,126,0
raw_annual_rates,headline_12m_pct,tw_epi_integrated_circuits_gbp_12m_pct,full,2,-0.05119025270173477,-0.08798596971106692,0.6162790697674418,0.9534883720930233,18,125,0
raw_annual_rates,headline_12m_pct,tw_epi_integrated_circuits_gbp_12m_pct,full,3,-0.013401010424880141,-0.047481239041376445,0.8023255813953488,1.0,18,124,0
raw_annual_rates,headline_12m_pct,tw_epi_integrated_circuits_gbp_12m_pct,full,4,0.020433036134797335,-0.008921423749830765,0.9651162790697675,1.0,18,123,0
raw_annual_rates,headline_12m_pct,tw_epi_integrated_circuits_gbp_12m_pct,full,5,0.0552941625669753,0.027130081232651516,0.8837209302325582,1.0,18,122,0
raw_annual_rates,headline_12m_pct,tw_epi_integrated_circuits_gbp_12m_pct,full,6,0.07325369085639112,0.043487188107485863,0.8372093023255814,1.0,18,121,0
raw_annual_rates,headline_12m_pct,tw_epi_integrated_circuits_gbp_12m_pct,full,7,0.17080765887593136,0.14407650823911078,0.43023255813953487,0.8488372093023255,18,120,0
raw_annual_rates,headline_12m_pct,tw_epi_integrated_circuits_gbp_12m_pct,full,8,0.217481608211194,0.19177869073208142,0.313953488372093,0.7209302325581395,18,119,0
raw_annual_rates,headline_12m_pct,tw_epi_integrated_circuits_gbp_12m_pct,full,9,0.2496876739044683,0.2275348572404774,0.2558139534883721,0.5348837209302325,18,118,0
raw_annual_rates,headline_12m_pct,tw_epi_integrated_circuits_gbp_12m_pct,full,10,0.2773689201524295,0.26426037943421216,0.20930232558139536,0.5232558139534884,18,117,0
raw_annual_rates,headline_12m_pct,tw_epi_integrated_circuits_gbp_12m_pct,full,11,0.280619987701401,0.2762585537918704,0.19767441860465115,0.5232558139534884,18,116,0
raw_annual_rates,headline_12m_pct,tw_epi_integrated_circuits_gbp_12m_pct,full,12,0.25449827269565967,0.2521103340926226,0.23255813953488372,0.5348837209302325,18,115,0
raw_annual_rates,headline_12m_pct,tw_epi_integrated_circuits_gbp_12m_pct,full,13,0.22402394786230936,0.2233083113369762,0.2441860465116279,0.5348837209302325,18,114,0
raw_annual_rates,headline_12m_pct,tw_epi_integrated_circuits_gbp_12m_pct,full,14,0.24021809845579026,0.24180182683908727,0.22093023255813954,0.5348837209302325,18,113,0
raw_annual_rates,headline_12m_pct,tw_epi_integrated_circuits_gbp_12m_pct,full,15,0.2387654258596301,0.23959462207308094,0.23255813953488372,0.5348837209302325,18,112,0
raw_annual_rates,headline_12m_pct,tw_epi_integrated_circuits_gbp_12m_pct,full,16,0.225344589833102,0.22596722410597084,0.2558139534883721,0.5348837209302325,18,111,0
raw_annual_rates,headline_12m_pct,tw_epi_integrated_circuits_gbp_12m_pct,full,17,0.19450846216724585,0.19417988833110508,0.32558139534883723,0.7093023255813954,18,110,0
raw_annual_rates,headline_12m_pct,tw_epi_integrated_circuits_gbp_12m_pct,full,18,0.1683348834062539,0.1683348834062539,0.4186046511627907,0.7906976744186046,18,109,0
raw_annual_rates,headline_12m_pct,tw_epi_integrated_circuits_gbp_12m_pct,pre_2020,0,-0.1601511015571114,-0.15670794385852166,0.8571428571428571,1.0,18,48,0
raw_annual_rates,headline_12m_pct,tw_epi_integrated_circuits_gbp_12m_pct,pre_2020,1,-0.10555257472356488,-0.06679440486148404,0.8571428571428571,1.0,18,47,0
raw_annual_rates,headline_12m_pct,tw_epi_integrated_circuits_gbp_12m_pct,pre_2020,2,-0.052446106378914364,-0.006948677012400789,0.8571428571428571,1.0,18,46,0
raw_annual_rates,headline_12m_pct,tw_epi_integrated_circuits_gbp_12m_pct,pre_2020,3,0.002197610051939219,0.04555579514087415,0.8571428571428571,1.0,18,45,0
raw_annual_rates,headline_12m_pct,tw_epi_integrated_circuits_gbp_12m_pct,pre_2020,4,0.06648264313967041,0.12364262216219023,0.7142857142857143,1.0,18,44,0
raw_annual_rates,headline_12m_pct,tw_epi_integrated_circuits_gbp_12m_pct,pre_2020,5,0.11170128006235537,0.15605448480449635,0.5714285714285714,1.0,18,43,0
raw_annual_rates,headline_12m_pct,tw_epi_integrated_circuits_gbp_12m_pct,pre_2020,6,0.09752248303084443,0.09971796956505133,0.5714285714285714,1.0,18,42,0
raw_annual_rates,headline_12m_pct,tw_epi_integrated_circuits_gbp_12m_pct,pre_2020,7,0.14889685138004682,0.15699236056331706,0.42857142857142855,1.0,18,41,0
raw_annual_rates,headline_12m_pct,tw_epi_integrated_circuits_gbp_12m_pct,pre_2020,8,0.06981547837922832,0.07087664093578801,0.7142857142857143,1.0,18,40,0
raw_annual_rates,headline_12m_pct,tw_epi_integrated_circuits_gbp_12m_pct,pre_2020,9,0.03774689907484345,0.007003846850376315,0.8571428571428571,1.0,18,39,0
raw_annual_rates,headline_12m_pct,tw_epi_integrated_circuits_gbp_12m_pct,pre_2020,10,0.05223664437163914,0.032853791653884815,0.5714285714285714,1.0,18,38,0
raw_annual_rates,headline_12m_pct,tw_epi_integrated_circuits_gbp_12m_pct,pre_2020,11,0.03990788942498104,0.013460232895122017,0.8571428571428571,1.0,18,37,0
raw_annual_rates,headline_12m_pct,tw_epi_integrated_circuits_gbp_12m_pct,pre_2020,12,0.018830381602034606,-0.020470771271723757,0.8571428571428571,1.0,18,36,0
raw_annual_rates,headline_12m_pct,tw_epi_integrated_circuits_gbp_12m_pct,pre_2020,13,0.018274867098272685,-0.09823764101267467,0.5714285714285714,1.0,18,35,0
raw_annual_rates,headline_12m_pct,tw_epi_integrated_circuits_gbp_12m_pct,pre_2020,14,0.05694652402926067,-0.03428978084369321,0.7142857142857143,1.0,18,34,0
raw_annual_rates,headline_12m_pct,tw_epi_integrated_circuits_gbp_12m_pct,pre_2020,15,0.07374658639167828,0.009891245751206722,1.0,1.0,18,33,0
raw_annual_rates,headline_12m_pct,tw_epi_integrated_circuits_gbp_12m_pct,pre_2020,16,0.07560551162523764,0.023162885100338215,1.0,1.0,18,32,0
raw_annual_rates,headline_12m_pct,tw_epi_integrated_circuits_gbp_12m_pct,pre_2020,17,0.11165432563692214,0.07562976826453127,1.0,1.0,18,31,0
raw_annual_rates,headline_12m_pct,tw_epi_integrated_circuits_gbp_12m_pct,pre_2020,18,0.18429552549146863,0.18429552549146863,1.0,1.0,18,30,0
raw_annual_rates,headline_12m_pct,tw_epi_integrated_circuits_gbp_12m_pct,pandemic_2020_2022,0,-0.2719799182896745,-0.48444012645455115,0.5,1.0,18,36,0
raw_annual_rates,headline_12m_pct,tw_epi_integrated_circuits_gbp_12m_pct,pandemic_2020_2022,1,-0.2879298262939709,-0.04884856850258317,1.0,1.0,18,35,0
raw_annual_rates,headline_12m_pct,tw_epi_integrated_circuits_gbp_12m_pct,pandemic_2020_2022,2,-0.3908993585752023,0.04765944213556183,1.0,1.0,18,34,0
raw_annual_rates,headline_12m_pct,tw_epi_integrated_circuits_gbp_12m_pct,pandemic_2020_2022,3,-0.4447128311578238,0.11547794790799085,1.0,1.0,18,33,0
raw_annual_rates,headline_12m_pct,tw_epi_integrated_circuits_gbp_12m_pct,pandemic_2020_2022,4,-0.4727202282269412,0.01599568212715443,1.0,1.0,18,32,0
raw_annual_rates,headline_12m_pct,tw_epi_integrated_circuits_gbp_12m_pct,pandemic_2020_2022,5,-0.5952493253015386,-0.15828256479605368,1.0,1.0,18,31,0
raw_annual_rates,headline_12m_pct,tw_epi_integrated_circuits_gbp_12m_pct,pandemic_2020_2022,6,-0.6347456490012613,-0.161053658527245,0.5,1.0,18,30,0
raw_annual_rates,headline_12m_pct,tw_epi_integrated_circuits_gbp_12m_pct,pandemic_2020_2022,7,-0.568309923945991,0.1422571172583231,0.5,1.0,18,29,0
raw_annual_rates,headline_12m_pct,tw_epi_integrated_circuits_gbp_12m_pct,pandemic_2020_2022,8,-0.4320035380449354,0.4966550230536204,0.5,1.0,18,28,0
raw_annual_rates,headline_12m_pct,tw_epi_integrated_circuits_gbp_12m_pct,pandemic_2020_2022,9,-0.3885301413373797,0.6180931667743103,0.5,0.5,18,27,0
raw_annual_rates,headline_12m_pct,tw_epi_integrated_circuits_gbp_12m_pct,pandemic_2020_2022,10,-0.2942574755430751,0.6584757606493297,0.5,0.5,18,26,0
raw_annual_rates,headline_12m_pct,tw_epi_integrated_circuits_gbp_12m_pct,pandemic_2020_2022,11,-0.28422886731889113,0.4735493614024561,0.5,1.0,18,25,0
raw_annual_rates,headline_12m_pct,tw_epi_integrated_circuits_gbp_12m_pct,pandemic_2020_2022,12,-0.3373625710529899,0.22198756208778436,0.5,1.0,18,24,0
raw_annual_rates,headline_12m_pct,tw_epi_integrated_circuits_gbp_12m_pct,pandemic_2020_2022,13,-0.3720926947629732,-0.11366728959112658,0.5,1.0,18,23,0
raw_annual_rates,headline_12m_pct,tw_epi_integrated_circuits_gbp_12m_pct,pandemic_2020_2022,14,-0.10366638072159072,0.050924272203566434,0.5,1.0,18,22,0
raw_annual_rates,headline_12m_pct,tw_epi_integrated_circuits_gbp_12m_pct,pandemic_2020_2022,15,0.038944765305562706,0.22132518599147796,1.0,1.0,18,21,0
raw_annual_rates,headline_12m_pct,tw_epi_integrated_circuits_gbp_12m_pct,pandemic_2020_2022,16,0.10821611661201726,0.249216960430594,0.5,1.0,18,20,0
raw_annual_rates,headline_12m_pct,tw_epi_integrated_circuits_gbp_12m_pct,pandemic_2020_2022,17,0.558658247655083,0.6630336641445509,0.5,0.5,18,19,0
raw_annual_rates,headline_12m_pct,tw_epi_integrated_circuits_gbp_12m_pct,pandemic_2020_2022,18,0.6841869156730879,0.6841869156730879,0.5,0.5,18,18,0
raw_annual_rates,headline_12m_pct,tw_epi_integrated_circuits_gbp_12m_pct,post_2022,0,-0.18926959505800522,-0.45554009283793634,0.5,0.5,18,43,0
raw_annual_rates,headline_12m_pct,tw_epi_integrated_circuits_gbp_12m_pct,post_2022,1,-0.10947557415862806,-0.23462523864791532,1.0,1.0,18,42,0
raw_annual_rates,headline_12m_pct,tw_epi_integrated_circuits_gbp_12m_pct,post_2022,2,-0.08098438936982853,-0.13016288770473639,0.5,1.0,18,41,0
raw_annual_rates,headline_12m_pct,tw_epi_integrated_circuits_gbp_12m_pct,post_2022,3,0.03826915943173992,0.07434056555361926,0.5,1.0,18,40,0
raw_annual_rates,headline_12m_pct,tw_epi_integrated_circuits_gbp_12m_pct,post_2022,4,0.13027252223112815,0.17400846971500375,1.0,1.0,18,39,0
raw_annual_rates,headline_12m_pct,tw_epi_integrated_circuits_gbp_12m_pct,post_2022,5,0.2686902018100433,0.32153880702989934,0.5,1.0,18,38,0
raw_annual_rates,headline_12m_pct,tw_epi_integrated_circuits_gbp_12m_pct,post_2022,6,0.36969819763668843,0.43204412451720403,0.5,1.0,18,37,0
raw_annual_rates,headline_12m_pct,tw_epi_integrated_circuits_gbp_12m_pct,post_2022,7,0.5853492079115189,0.6374408152237221,0.5,0.5,18,36,0
raw_annual_rates,headline_12m_pct,tw_epi_integrated_circuits_gbp_12m_pct,post_2022,8,0.6476142434288787,0.6783068704519161,0.5,0.5,18,35,0
raw_annual_rates,headline_12m_pct,tw_epi_integrated_circuits_gbp_12m_pct,post_2022,9,0.6802079660823219,0.7243630269840269,0.5,0.5,18,34,0
raw_annual_rates,headline_12m_pct,tw_epi_integrated_circuits_gbp_12m_pct,post_2022,10,0.5635210210567878,0.6825997270010948,0.5,0.5,18,33,0
raw_annual_rates,headline_12m_pct,tw_epi_integrated_circuits_gbp_12m_pct,post_2022,11,0.42700768870131545,0.5958453824423838,0.5,0.5,18,32,0
raw_annual_rates,headline_12m_pct,tw_epi_integrated_circuits_gbp_12m_pct,post_2022,12,0.23744260082366417,0.31820495623049705,0.5,1.0,18,31,0
raw_annual_rates,headline_12m_pct,tw_epi_integrated_circuits_gbp_12m_pct,post_2022,13,-0.016394344121518,-0.009608137236038925,1.0,1.0,18,30,0
raw_annual_rates,headline_12m_pct,tw_epi_integrated_circuits_gbp_12m_pct,post_2022,14,-0.057895929012670655,-0.07347466617975697,0.5,1.0,18,29,0
raw_annual_rates,headline_12m_pct,tw_epi_integrated_circuits_gbp_12m_pct,post_2022,15,-0.13193015279765435,-0.19602411922284457,0.5,1.0,18,28,0
raw_annual_rates,headline_12m_pct,tw_epi_integrated_circuits_gbp_12m_pct,post_2022,16,-0.15349180944249097,-0.2530603998450846,0.5,1.0,18,27,0
raw_annual_rates,headline_12m_pct,tw_epi_integrated_circuits_gbp_12m_pct,post_2022,17,-0.323576855831662,-0.35704434992338546,0.5,1.0,18,26,0
raw_annual_rates,headline_12m_pct,tw_epi_integrated_circuits_gbp_12m_pct,post_2022,18,-0.3117594736718462,-0.3117594736718462,0.5,1.0,18,25,0
raw_annual_rates,headline_12m_pct,hk_ppi_tech_gbp_12m_pct,full,0,0.03053042747368829,0.061955793799309565,0.7558139534883721,1.0,18,127,0
raw_annual_rates,headline_12m_pct,hk_ppi_tech_gbp_12m_pct,full,1,0.04774150382648359,0.07666652166759236,0.7093023255813954,1.0,18,126,0
raw_annual_rates,headline_12m_pct,hk_ppi_tech_gbp_12m_pct,full,2,0.10236744897168676,0.12095267215839536,0.46511627906976744,1.0,18,125,0
raw_annual_rates,headline_12m_pct,hk_ppi_tech_gbp_12m_pct,full,3,0.154188735374113,0.15507451127430197,0.37209302325581395,0.6976744186046512,18,124,0
raw_annual_rates,headline_12m_pct,hk_ppi_tech_gbp_12m_pct,full,4,0.20385878843331626,0.2070276329052053,0.313953488372093,0.6744186046511628,18,123,0
raw_annual_rates,headline_12m_pct,hk_ppi_tech_gbp_12m_pct,full,5,0.2311106335420819,0.2506038680560772,0.2558139534883721,0.6395348837209303,18,122,0
raw_annual_rates,headline_12m_pct,hk_ppi_tech_gbp_12m_pct,full,6,0.20373272748678922,0.22482951721634334,0.27906976744186046,0.6511627906976745,18,121,0
raw_annual_rates,headline_12m_pct,hk_ppi_tech_gbp_12m_pct,full,7,0.17401491373104563,0.20199069190259938,0.313953488372093,0.6744186046511628,18,120,0
raw_annual_rates,headline_12m_pct,hk_ppi_tech_gbp_12m_pct,full,8,0.17858197238503257,0.20478807690313452,0.32558139534883723,0.6744186046511628,18,119,0
raw_annual_rates,headline_12m_pct,hk_ppi_tech_gbp_12m_pct,full,9,0.16476929087569844,0.1935128368056855,0.3372093023255814,0.686046511627907,18,118,0
raw_annual_rates,headline_12m_pct,hk_ppi_tech_gbp_12m_pct,full,10,0.11941553696135859,0.13677349185501103,0.4069767441860465,0.7558139534883721,18,117,0
raw_annual_rates,headline_12m_pct,hk_ppi_tech_gbp_12m_pct,full,11,0.12207201109046908,0.12821479672757852,0.47674418604651164,0.9534883720930233,18,116,0
raw_annual_rates,headline_12m_pct,hk_ppi_tech_gbp_12m_pct,full,12,0.11356070706863478,0.11355843637590758,0.5581395348837209,1.0,18,115,0
raw_annual_rates,headline_12m_pct,hk_ppi_tech_gbp_12m_pct,full,13,0.10503038068188768,0.10543573549754966,0.6046511627906976,1.0,18,114,0
raw_annual_rates,headline_12m_pct,hk_ppi_tech_gbp_12m_pct,full,14,0.07001303856575818,0.06955226078158165,0.7906976744186046,1.0,18,113,0
raw_annual_rates,headline_12m_pct,hk_ppi_tech_gbp_12m_pct,full,15,0.04511463463609196,0.04236883270013313,0.872093023255814,1.0,18,112,0
raw_annual_rates,headline_12m_pct,hk_ppi_tech_gbp_12m_pct,full,16,-0.019474819158995165,-0.016695311732873093,0.9418604651162791,1.0,18,111,0
raw_annual_rates,headline_12m_pct,hk_ppi_tech_gbp_12m_pct,full,17,-0.0420405401434608,-0.042994361654265734,0.872093023255814,1.0,18,110,0
raw_annual_rates,headline_12m_pct,hk_ppi_tech_gbp_12m_pct,full,18,-0.02667775191481147,-0.02667775191481147,0.9302325581395349,1.0,18,109,0
raw_annual_rates,headline_12m_pct,hk_ppi_tech_gbp_12m_pct,pre_2020,0,0.34881649683141647,0.6195757865309817,0.5714285714285714,0.5714285714285714,18,48,0
raw_annual_rates,headline_12m_pct,hk_ppi_tech_gbp_12m_pct,pre_2020,1,0.35092963660646315,0.6200928004115324,0.5714285714285714,0.5714285714285714,18,47,0
raw_annual_rates,headline_12m_pct,hk_ppi_tech_gbp_12m_pct,pre_2020,2,0.40121251518841716,0.6263578527296693,0.5714285714285714,0.5714285714285714,18,46,0
raw_annual_rates,headline_12m_pct,hk_ppi_tech_gbp_12m_pct,pre_2020,3,0.3783779606108592,0.5777564080293326,0.42857142857142855,0.5714285714285714,18,45,0
raw_annual_rates,headline_12m_pct,hk_ppi_tech_gbp_12m_pct,pre_2020,4,0.3204761479421629,0.49436455185302586,0.42857142857142855,0.7142857142857143,18,44,0
raw_annual_rates,headline_12m_pct,hk_ppi_tech_gbp_12m_pct,pre_2020,5,0.3639658436079254,0.5830171184379668,0.14285714285714285,0.5714285714285714,18,43,0
raw_annual_rates,headline_12m_pct,hk_ppi_tech_gbp_12m_pct,pre_2020,6,0.2636900911754265,0.3846653330533358,0.2857142857142857,0.8571428571428571,18,42,0
raw_annual_rates,headline_12m_pct,hk_ppi_tech_gbp_12m_pct,pre_2020,7,0.17396374488018032,0.22823779313810513,0.7142857142857143,1.0,18,41,0
raw_annual_rates,headline_12m_pct,hk_ppi_tech_gbp_12m_pct,pre_2020,8,0.23485187118394557,0.2162184405300837,0.14285714285714285,1.0,18,40,0
raw_annual_rates,headline_12m_pct,hk_ppi_tech_gbp_12m_pct,pre_2020,9,0.22533582034809202,0.18095888942786223,0.2857142857142857,1.0,18,39,0
raw_annual_rates,headline_12m_pct,hk_ppi_tech_gbp_12m_pct,pre_2020,10,0.13672494368026047,0.0745607498353608,0.7142857142857143,1.0,18,38,0
raw_annual_rates,headline_12m_pct,hk_ppi_tech_gbp_12m_pct,pre_2020,11,0.08535736304485504,0.041735060965411096,0.8571428571428571,1.0,18,37,0
raw_annual_rates,headline_12m_pct,hk_ppi_tech_gbp_12m_pct,pre_2020,12,0.07063091880803857,-0.005749010653649901,1.0,1.0,18,36,0
raw_annual_rates,headline_12m_pct,hk_ppi_tech_gbp_12m_pct,pre_2020,13,0.06970587233746123,-0.11392143483372873,0.14285714285714285,1.0,18,35,0
raw_annual_rates,headline_12m_pct,hk_ppi_tech_gbp_12m_pct,pre_2020,14,0.12208419187014803,-0.02308761093671463,0.7142857142857143,1.0,18,34,0
raw_annual_rates,headline_12m_pct,hk_ppi_tech_gbp_12m_pct,pre_2020,15,0.1609985398184282,0.048636919596617666,1.0,1.0,18,33,0
raw_annual_rates,headline_12m_pct,hk_ppi_tech_gbp_12m_pct,pre_2020,16,0.181293821961689,0.07282761611020164,0.8571428571428571,1.0,18,32,0
raw_annual_rates,headline_12m_pct,hk_ppi_tech_gbp_12m_pct,pre_2020,17,0.14810167073276104,0.07616046983948495,1.0,1.0,18,31,0
raw_annual_rates,headline_12m_pct,hk_ppi_tech_gbp_12m_pct,pre_2020,18,0.18290836650545722,0.18290836650545722,0.8571428571428571,1.0,18,30,0
raw_annual_rates,headline_12m_pct,hk_ppi_tech_gbp_12m_pct,pandemic_2020_2022,0,-0.27685230420179074,-0.03549713589173725,1.0,1.0,18,36,0
raw_annual_rates,headline_12m_pct,hk_ppi_tech_gbp_12m_pct,pandemic_2020_2022,1,-0.28022137983362555,-0.12659668455161976,1.0,1.0,18,35,0
raw_annual_rates,headline_12m_pct,hk_ppi_tech_gbp_12m_pct,pandemic_2020_2022,2,-0.3514173955295841,-0.2325518881116258,1.0,1.0,18,34,0
raw_annual_rates,headline_12m_pct,hk_ppi_tech_gbp_12m_pct,pandemic_2020_2022,3,-0.24918420541523298,-0.24494487930535194,1.0,1.0,18,33,0
raw_annual_rates,headline_12m_pct,hk_ppi_tech_gbp_12m_pct,pandemic_2020_2022,4,0.026386480518160196,0.225775957062337,0.5,1.0,18,32,0
raw_annual_rates,headline_12m_pct,hk_ppi_tech_gbp_12m_pct,pandemic_2020_2022,5,0.16091382771021154,0.36917077913583024,1.0,1.0,18,31,0
raw_annual_rates,headline_12m_pct,hk_ppi_tech_gbp_12m_pct,pandemic_2020_2022,6,0.2938384384853604,0.416767030273682,0.5,1.0,18,30,0
raw_annual_rates,headline_12m_pct,hk_ppi_tech_gbp_12m_pct,pandemic_2020_2022,7,0.408857808543932,0.470170932971908,0.5,1.0,18,29,0
raw_annual_rates,headline_12m_pct,hk_ppi_tech_gbp_12m_pct,pandemic_2020_2022,8,0.27736777446874655,0.11503830474847233,1.0,1.0,18,28,0
raw_annual_rates,headline_12m_pct,hk_ppi_tech_gbp_12m_pct,pandemic_2020_2022,9,0.3026754540995373,0.011221045596322315,1.0,1.0,18,27,0
raw_annual_rates,headline_12m_pct,hk_ppi_tech_gbp_12m_pct,pandemic_2020_2022,10,0.38323373368339947,-0.3360367341170236,1.0,1.0,18,26,0
raw_annual_rates,headline_12m_pct,hk_ppi_tech_gbp_12m_pct,pandemic_2020_2022,11,0.501044507643899,-0.0050935285660836035,1.0,1.0,18,25,0
raw_annual_rates,headline_12m_pct,hk_ppi_tech_gbp_12m_pct,pandemic_2020_2022,12,0.523925301906819,0.12203462437990978,1.0,1.0,18,24,0
raw_annual_rates,headline_12m_pct,hk_ppi_tech_gbp_12m_pct,pandemic_2020_2022,13,0.5893717458771228,0.28591014358029265,1.0,1.0,18,23,0
raw_annual_rates,headline_12m_pct,hk_ppi_tech_gbp_12m_pct,pandemic_2020_2022,14,0.6510539173796306,0.47593586796543297,0.5,1.0,18,22,0
raw_annual_rates,headline_12m_pct,hk_ppi_tech_gbp_12m_pct,pandemic_2020_2022,15,0.6032015369679228,0.38461720587843956,0.5,1.0,18,21,0
raw_annual_rates,headline_12m_pct,hk_ppi_tech_gbp_12m_pct,pandemic_2020_2022,16,0.5319436673510218,0.21533879323617713,0.5,1.0,18,20,0
raw_annual_rates,headline_12m_pct,hk_ppi_tech_gbp_12m_pct,pandemic_2020_2022,17,0.38168495024718196,0.1515298867160566,0.5,1.0,18,19,0
raw_annual_rates,headline_12m_pct,hk_ppi_tech_gbp_12m_pct,pandemic_2020_2022,18,0.27635443387531594,0.27635443387531594,0.5,1.0,18,18,0
raw_annual_rates,headline_12m_pct,hk_ppi_tech_gbp_12m_pct,post_2022,0,0.024517585144235788,0.1961224240221117,1.0,1.0,18,43,0
raw_annual_rates,headline_12m_pct,hk_ppi_tech_gbp_12m_pct,post_2022,1,0.12711365557282983,0.34466990023384064,1.0,1.0,18,42,0
raw_annual_rates,headline_12m_pct,hk_ppi_tech_gbp_12m_pct,post_2022,2,0.3748755855633322,0.5727490315360939,0.5,1.0,18,41,0
raw_annual_rates,headline_12m_pct,hk_ppi_tech_gbp_12m_pct,post_2022,3,0.5796585650759971,0.7151979057711688,0.5,0.5,18,40,0
raw_annual_rates,headline_12m_pct,hk_ppi_tech_gbp_12m_pct,post_2022,4,0.6927079249818092,0.8260174363176829,0.5,0.5,18,39,0
raw_annual_rates,headline_12m_pct,hk_ppi_tech_gbp_12m_pct,post_2022,5,0.6372314529980527,0.8152773310086908,0.5,0.5,18,38,0
raw_annual_rates,headline_12m_pct,hk_ppi_tech_gbp_12m_pct,post_2022,6,0.5151933748508627,0.6752132714378186,0.5,0.5,18,37,0
raw_annual_rates,headline_12m_pct,hk_ppi_tech_gbp_12m_pct,post_2022,7,0.5165530266649566,0.731217529751585,0.5,0.5,18,36,0
raw_annual_rates,headline_12m_pct,hk_ppi_tech_gbp_12m_pct,post_2022,8,0.4538931378986856,0.6540307121564292,0.5,0.5,18,35,0
raw_annual_rates,headline_12m_pct,hk_ppi_tech_gbp_12m_pct,post_2022,9,0.3808865238702275,0.5813818782801462,0.5,0.5,18,34,0
raw_annual_rates,headline_12m_pct,hk_ppi_tech_gbp_12m_pct,post_2022,10,0.22178281538793024,0.29907666542916694,0.5,1.0,18,33,0
raw_annual_rates,headline_12m_pct,hk_ppi_tech_gbp_12m_pct,post_2022,11,0.2249405067861286,0.17957767844878827,0.5,1.0,18,32,0
raw_annual_rates,headline_12m_pct,hk_ppi_tech_gbp_12m_pct,post_2022,12,0.08770691387378282,-0.025511080763736378,1.0,1.0,18,31,0
raw_annual_rates,headline_12m_pct,hk_ppi_tech_gbp_12m_pct,post_2022,13,-0.06671615012631765,-0.1895444870549945,1.0,1.0,18,30,0
raw_annual_rates,headline_12m_pct,hk_ppi_tech_gbp_12m_pct,post_2022,14,-0.3225513914513003,-0.4530865443030128,0.5,1.0,18,29,0
raw_annual_rates,headline_12m_pct,hk_ppi_tech_gbp_12m_pct,post_2022,15,-0.45006515002540604,-0.5816295841431329,0.5,0.5,18,28,0
raw_annual_rates,headline_12m_pct,hk_ppi_tech_gbp_12m_pct,post_2022,16,-0.5398563882104876,-0.590431116816693,0.5,0.5,18,27,0
raw_annual_rates,headline_12m_pct,hk_ppi_tech_gbp_12m_pct,post_2022,17,-0.4406509247787406,-0.43506679386662606,0.5,1.0,18,26,0
raw_annual_rates,headline_12m_pct,hk_ppi_tech_gbp_12m_pct,post_2022,18,-0.0870453851687646,-0.0870453851687646,0.5,1.0,18,25,0
raw_annual_rates,headline_12m_pct,oecd_asia_c26_targeted_gbp_12m_pct,full,0,-0.12055304446628044,-0.20429727766888267,0.5238095238095238,1.0,18,62,0
raw_annual_rates,headline_12m_pct,oecd_asia_c26_targeted_gbp_12m_pct,full,1,-0.06628836838920857,-0.15305866440749327,0.7142857142857143,1.0,18,61,0
raw_annual_rates,headline_12m_pct,oecd_asia_c26_targeted_gbp_12m_pct,full,2,-0.060119541319232576,-0.13582046858312424,0.7142857142857143,1.0,18,60,0
raw_annual_rates,headline_12m_pct,oecd_asia_c26_targeted_gbp_12m_pct,full,3,-0.00785477456662706,-0.07345012004973749,0.8571428571428571,1.0,18,59,0
raw_annual_rates,headline_12m_pct,oecd_asia_c26_targeted_gbp_12m_pct,full,4,0.08774615976272832,0.029922648820184656,0.9523809523809523,1.0,18,58,0
raw_annual_rates,headline_12m_pct,oecd_asia_c26_targeted_gbp_12m_pct,full,5,0.15196081851334126,0.08977621432437588,0.8095238095238095,1.0,18,57,0
raw_annual_rates,headline_12m_pct,oecd_asia_c26_targeted_gbp_12m_pct,full,6,0.22540857078056173,0.17276671008469582,0.5238095238095238,1.0,18,56,0
raw_annual_rates,headline_12m_pct,oecd_asia_c26_targeted_gbp_12m_pct,full,7,0.3624208415096635,0.32602937688705386,0.42857142857142855,0.9523809523809523,18,55,0
raw_annual_rates,headline_12m_pct,oecd_asia_c26_targeted_gbp_12m_pct,full,8,0.46377026658735687,0.43767199945282825,0.23809523809523808,0.7142857142857143,18,54,0
raw_annual_rates,headline_12m_pct,oecd_asia_c26_targeted_gbp_12m_pct,full,9,0.49203960565829735,0.47466501545687995,0.09523809523809523,0.6190476190476191,18,53,0
raw_annual_rates,headline_12m_pct,oecd_asia_c26_targeted_gbp_12m_pct,full,10,0.552744617114844,0.5658644718080345,0.047619047619047616,0.23809523809523808,18,52,0
raw_annual_rates,headline_12m_pct,oecd_asia_c26_targeted_gbp_12m_pct,full,11,0.5596580408999651,0.5992416498578254,0.047619047619047616,0.14285714285714285,18,51,0
raw_annual_rates,headline_12m_pct,oecd_asia_c26_targeted_gbp_12m_pct,full,12,0.5419958342898069,0.6001921862212753,0.047619047619047616,0.14285714285714285,18,50,0
raw_annual_rates,headline_12m_pct,oecd_asia_c26_targeted_gbp_12m_pct,full,13,0.5070737402859058,0.5401772912613922,0.047619047619047616,0.3333333333333333,18,49,0
raw_annual_rates,headline_12m_pct,oecd_asia_c26_targeted_gbp_12m_pct,full,14,0.5197481418339586,0.542709200975663,0.047619047619047616,0.3333333333333333,18,48,0
raw_annual_rates,headline_12m_pct,oecd_asia_c26_targeted_gbp_12m_pct,full,15,0.48937939550309695,0.5006471635404516,0.19047619047619047,0.38095238095238093,18,47,0
raw_annual_rates,headline_12m_pct,oecd_asia_c26_targeted_gbp_12m_pct,full,16,0.42457917459703876,0.42987942696648684,0.3333333333333333,0.7142857142857143,18,46,0
raw_annual_rates,headline_12m_pct,oecd_asia_c26_targeted_gbp_12m_pct,full,17,0.3738913039387787,0.37384046757276396,0.38095238095238093,0.8095238095238095,18,45,0
raw_annual_rates,headline_12m_pct,oecd_asia_c26_targeted_gbp_12m_pct,full,18,0.3263111668485386,0.3263111668485386,0.42857142857142855,0.9523809523809523,18,44,0
raw_annual_rates,headline_12m_pct,oecd_asia_c26_targeted_gbp_12m_pct,post_2022,0,-0.43366681707448307,-0.6116026517023843,0.5,0.5,18,40,0
raw_annual_rates,headline_12m_pct,oecd_asia_c26_targeted_gbp_12m_pct,post_2022,1,-0.3104185559320688,-0.38180005000097156,0.5,1.0,18,39,0
raw_annual_rates,headline_12m_pct,oecd_asia_c26_targeted_gbp_12m_pct,post_2022,2,-0.19165516796763687,-0.11361557014324886,0.5,1.0,18,38,0
raw_annual_rates,headline_12m_pct,oecd_asia_c26_targeted_gbp_12m_pct,post_2022,3,-0.0422000384797643,0.052370600603564,1.0,1.0,18,37,0
raw_annual_rates,headline_12m_pct,oecd_asia_c26_targeted_gbp_12m_pct,post_2022,4,0.11643892333369876,0.23172653557431228,1.0,1.0,18,36,0
raw_annual_rates,headline_12m_pct,oecd_asia_c26_targeted_gbp_12m_pct,post_2022,5,0.2848218658123003,0.35044218468280713,1.0,1.0,18,35,0
raw_annual_rates,headline_12m_pct,oecd_asia_c26_targeted_gbp_12m_pct,post_2022,6,0.35685132444680445,0.40854019286456017,0.5,1.0,18,34,0
raw_annual_rates,headline_12m_pct,oecd_asia_c26_targeted_gbp_12m_pct,post_2022,7,0.4997934952715975,0.5777184345558826,0.5,0.5,18,33,0
raw_annual_rates,headline_12m_pct,oecd_asia_c26_targeted_gbp_12m_pct,post_2022,8,0.5691754466395742,0.6329657097803302,0.5,0.5,18,32,0
raw_annual_rates,headline_12m_pct,oecd_asia_c26_targeted_gbp_12m_pct,post_2022,9,0.5140175447232512,0.5663907015508162,0.5,0.5,18,31,0
raw_annual_rates,headline_12m_pct,oecd_asia_c26_targeted_gbp_12m_pct,post_2022,10,0.505955535247619,0.6402725012055279,0.5,0.5,18,30,0
raw_annual_rates,headline_12m_pct,oecd_asia_c26_targeted_gbp_12m_pct,post_2022,11,0.37989142709393103,0.5938090672156114,0.5,0.5,18,29,0
raw_annual_rates,headline_12m_pct,oecd_asia_c26_targeted_gbp_12m_pct,post_2022,12,0.17641911692484136,0.41465490319315407,0.5,1.0,18,28,0
raw_annual_rates,headline_12m_pct,oecd_asia_c26_targeted_gbp_12m_pct,post_2022,13,-0.06414851146372409,-0.007448456953567524,1.0,1.0,18,27,0
raw_annual_rates,headline_12m_pct,oecd_asia_c26_targeted_gbp_12m_pct,post_2022,14,-0.22445968693326376,-0.2825077979332005,0.5,1.0,18,26,0
raw_annual_rates,headline_12m_pct,oecd_asia_c26_targeted_gbp_12m_pct,post_2022,15,-0.33572880940820315,-0.4775771687010641,1.0,1.0,18,25,0
raw_annual_rates,headline_12m_pct,oecd_asia_c26_targeted_gbp_12m_pct,post_2022,16,-0.3605026436727672,-0.5102788974888463,1.0,1.0,18,24,0
raw_annual_rates,headline_12m_pct,oecd_asia_c26_targeted_gbp_12m_pct,post_2022,17,-0.36264001917288363,-0.5222631199381098,0.5,1.0,18,23,0
raw_annual_rates,headline_12m_pct,oecd_asia_c26_targeted_gbp_12m_pct,post_2022,18,-0.3224892997588924,-0.3224892997588924,0.5,1.0,18,22,0
raw_annual_rates,headline_12m_pct,oecd_asia_c26_bls_gbp_12m_pct,full,0,-0.21033787095625017,-0.2927506637230006,0.3058823529411765,0.6352941176470588,18,126,0
raw_annual_rates,headline_12m_pct,oecd_asia_c26_bls_gbp_12m_pct,full,1,-0.16396155300071394,-0.24384914810550082,0.38823529411764707,0.7411764705882353,18,125,0
raw_annual_rates,headline_12m_pct,oecd_asia_c26_bls_gbp_12m_pct,full,2,-0.13430813468756117,-0.20365079393583027,0.4235294117647059,0.9294117647058824,18,124,0
raw_annual_rates,headline_12m_pct,oecd_asia_c26_bls_gbp_12m_pct,full,3,-0.08538085733682985,-0.14667702220904236,0.611764705882353,1.0,18,123,0
raw_annual_rates,headline_12m_pct,oecd_asia_c26_bls_gbp_12m_pct,full,4,-0.03720343622414646,-0.09063453395390654,0.7176470588235294,1.0,18,122,0
raw_annual_rates,headline_12m_pct,oecd_asia_c26_bls_gbp_12m_pct,full,5,0.01588317443305062,-0.03529968968269644,0.8941176470588236,1.0,18,121,0
raw_annual_rates,headline_12m_pct,oecd_asia_c26_bls_gbp_12m_pct,full,6,0.06081512449774889,0.009554310124286284,0.9764705882352941,1.0,18,120,0
raw_annual_rates,headline_12m_pct,oecd_asia_c26_bls_gbp_12m_pct,full,7,0.16796091233868649,0.12598489752868058,0.6352941176470588,1.0,18,119,0
raw_annual_rates,headline_12m_pct,oecd_asia_c26_bls_gbp_12m_pct,full,8,0.21227057938928667,0.1774373986047583,0.47058823529411764,1.0,18,118,0
raw_annual_rates,headline_12m_pct,oecd_asia_c26_bls_gbp_12m_pct,full,9,0.21912164747840912,0.19552082091324535,0.4235294117647059,1.0,18,117,0
raw_annual_rates,headline_12m_pct,oecd_asia_c26_bls_gbp_12m_pct,full,10,0.2379870988918987,0.2288260520831084,0.3058823529411765,0.8823529411764706,18,116,0
raw_annual_rates,headline_12m_pct,oecd_asia_c26_bls_gbp_12m_pct,full,11,0.2246740455539761,0.22754620576913204,0.3176470588235294,0.8823529411764706,18,115,0
raw_annual_rates,headline_12m_pct,oecd_asia_c26_bls_gbp_12m_pct,full,12,0.18619664687275655,0.18811470306482536,0.4588235294117647,1.0,18,114,0
raw_annual_rates,headline_12m_pct,oecd_asia_c26_bls_gbp_12m_pct,full,13,0.1597391550154283,0.16149920505880952,0.5764705882352941,1.0,18,113,0
raw_annual_rates,headline_12m_pct,oecd_asia_c26_bls_gbp_12m_pct,full,14,0.16463021206543046,0.1659233274095711,0.5647058823529412,1.0,18,112,0
raw_annual_rates,headline_12m_pct,oecd_asia_c26_bls_gbp_12m_pct,full,15,0.15414112466850424,0.1551614295984102,0.6235294117647059,1.0,18,111,0
raw_annual_rates,headline_12m_pct,oecd_asia_c26_bls_gbp_12m_pct,full,16,0.1376431445844693,0.13698200893697854,0.7176470588235294,1.0,18,110,0
raw_annual_rates,headline_12m_pct,oecd_asia_c26_bls_gbp_12m_pct,full,17,0.1120608269068207,0.11223761490669222,0.7529411764705882,1.0,18,109,0
raw_annual_rates,headline_12m_pct,oecd_asia_c26_bls_gbp_12m_pct,full,18,0.09106058065950522,0.09106058065950522,0.8235294117647058,1.0,18,108,0
raw_annual_rates,headline_12m_pct,oecd_asia_c26_bls_gbp_12m_pct,pre_2020,0,-0.29909948765260796,-0.3426758916036983,0.5714285714285714,0.5714285714285714,18,48,0
raw_annual_rates,headline_12m_pct,oecd_asia_c26_bls_gbp_12m_pct,pre_2020,1,-0.2620652806862419,-0.2623585533971651,0.5714285714285714,0.5714285714285714,18,47,0
raw_annual_rates,headline_12m_pct,oecd_asia_c26_bls_gbp_12m_pct,pre_2020,2,-0.20814248016971326,-0.18913740565263804,0.5714285714285714,1.0,18,46,0
raw_annual_rates,headline_12m_pct,oecd_asia_c26_bls_gbp_12m_pct,pre_2020,3,-0.1517623156363733,-0.12499977332571449,0.7142857142857143,1.0,18,45,0
raw_annual_rates,headline_12m_pct,oecd_asia_c26_bls_gbp_12m_pct,pre_2020,4,-0.09093620543707617,-0.049690753449233224,1.0,1.0,18,44,0
raw_annual_rates,headline_12m_pct,oecd_asia_c26_bls_gbp_12m_pct,pre_2020,5,-0.0419208381056387,-0.002174485224990628,1.0,1.0,18,43,0
raw_annual_rates,headline_12m_pct,oecd_asia_c26_bls_gbp_12m_pct,pre_2020,6,-0.047818528885546885,-0.040939454328589864,0.7142857142857143,1.0,18,42,0
raw_annual_rates,headline_12m_pct,oecd_asia_c26_bls_gbp_12m_pct,pre_2020,7,0.020366013635061336,0.041509581158404946,1.0,1.0,18,41,0
raw_annual_rates,headline_12m_pct,oecd_asia_c26_bls_gbp_12m_pct,pre_2020,8,-0.046268410631426775,-0.04506317070396213,0.7142857142857143,1.0,18,40,0
raw_annual_rates,headline_12m_pct,oecd_asia_c26_bls_gbp_12m_pct,pre_2020,9,-0.07594487862111915,-0.10730675796878018,0.2857142857142857,1.0,18,39,0
raw_annual_rates,headline_12m_pct,oecd_asia_c26_bls_gbp_12m_pct,pre_2020,10,-0.019248582192035554,-0.025750565876263693,0.42857142857142855,1.0,18,38,0
raw_annual_rates,headline_12m_pct,oecd_asia_c26_bls_gbp_12m_pct,pre_2020,11,-0.016886134838633805,-0.027651085574991102,0.7142857142857143,1.0,18,37,0
raw_annual_rates,headline_12m_pct,oecd_asia_c26_bls_gbp_12m_pct,pre_2020,12,-0.015338412065679425,-0.047252925138828256,0.7142857142857143,1.0,18,36,0
raw_annual_rates,headline_12m_pct,oecd_asia_c26_bls_gbp_12m_pct,pre_2020,13,0.029608876529715545,-0.08193646105021564,0.42857142857142855,1.0,18,35,0
raw_annual_rates,headline_12m_pct,oecd_asia_c26_bls_gbp_12m_pct,pre_2020,14,0.0701450829352777,-0.02129583015610077,0.8571428571428571,1.0,18,34,0
raw_annual_rates,headline_12m_pct,oecd_asia_c26_bls_gbp_12m_pct,pre_2020,15,0.09434597199088635,0.026693834700808047,0.8571428571428571,1.0,18,33,0
raw_annual_rates,headline_12m_pct,oecd_asia_c26_bls_gbp_12m_pct,pre_2020,16,0.15000524804725215,0.09526771643961737,0.2857142857142857,1.0,18,32,0
raw_annual_rates,headline_12m_pct,oecd_asia_c26_bls_gbp_12m_pct,pre_2020,17,0.17384226243477968,0.13485371851094752,0.2857142857142857,1.0,18,31,0
raw_annual_rates,headline_12m_pct,oecd_asia_c26_bls_gbp_12m_pct,pre_2020,18,0.2238069906645943,0.2238069906645943,0.14285714285714285,0.8571428571428571,18,30,0
raw_annual_rates,headline_12m_pct,oecd_asia_c26_bls_gbp_12m_pct,pandemic_2020_2022,0,-0.39694242632482574,-0.5114137996231464,0.5,1.0,18,36,0
raw_annual_rates,headline_12m_pct,oecd_asia_c26_bls_gbp_12m_pct,pandemic_2020_2022,1,-0.39155216846907953,-0.15467385841664366,0.5,1.0,18,35,0
raw_annual_rates,headline_12m_pct,oecd_asia_c26_bls_gbp_12m_pct,pandemic_2020_2022,2,-0.47581446773948183,-0.08807348695526411,1.0,1.0,18,34,0
raw_annual_rates,headline_12m_pct,oecd_asia_c26_bls_gbp_12m_pct,pandemic_2020_2022,3,-0.5086485362309009,-0.08244507067386043,1.0,1.0,18,33,0
raw_annual_rates,headline_12m_pct,oecd_asia_c26_bls_gbp_12m_pct,pandemic_2020_2022,4,-0.5206028963167025,-0.15935908210683947,1.0,1.0,18,32,0
raw_annual_rates,headline_12m_pct,oecd_asia_c26_bls_gbp_12m_pct,pandemic_2020_2022,5,-0.5875995030829146,-0.2027190926758243,1.0,1.0,18,31,0
raw_annual_rates,headline_12m_pct,oecd_asia_c26_bls_gbp_12m_pct,pandemic_2020_2022,6,-0.565128119624911,-0.13480394031566864,1.0,1.0,18,30,0
raw_annual_rates,headline_12m_pct,oecd_asia_c26_bls_gbp_12m_pct,pandemic_2020_2022,7,-0.4038792557876172,0.23191373470667126,0.5,1.0,18,29,0
raw_annual_rates,headline_12m_pct,oecd_asia_c26_bls_gbp_12m_pct,pandemic_2020_2022,8,-0.14673420398537168,0.5792058158106621,0.5,0.5,18,28,0
raw_annual_rates,headline_12m_pct,oecd_asia_c26_bls_gbp_12m_pct,pandemic_2020_2022,9,-0.043224033077703485,0.710247497982347,0.5,0.5,18,27,0
raw_annual_rates,headline_12m_pct,oecd_asia_c26_bls_gbp_12m_pct,pandemic_2020_2022,10,0.10243220172009536,0.6460769313643798,0.5,0.5,18,26,0
raw_annual_rates,headline_12m_pct,oecd_asia_c26_bls_gbp_12m_pct,pandemic_2020_2022,11,0.10945846904995574,0.49371624431249345,0.5,1.0,18,25,0
raw_annual_rates,headline_12m_pct,oecd_asia_c26_bls_gbp_12m_pct,pandemic_2020_2022,12,0.006234125355311996,0.2627573395232797,0.5,1.0,18,24,0
raw_annual_rates,headline_12m_pct,oecd_asia_c26_bls_gbp_12m_pct,pandemic_2020_2022,13,0.0012503424537594972,0.049476563330186955,0.5,1.0,18,23,0
raw_annual_rates,headline_12m_pct,oecd_asia_c26_bls_gbp_12m_pct,pandemic_2020_2022,14,0.19305955778228315,0.20360916203985405,0.5,1.0,18,22,0
raw_annual_rates,headline_12m_pct,oecd_asia_c26_bls_gbp_12m_pct,pandemic_2020_2022,15,0.26276272172725657,0.3134674352753853,0.5,1.0,18,21,0
raw_annual_rates,headline_12m_pct,oecd_asia_c26_bls_gbp_12m_pct,pandemic_2020_2022,16,0.3567518707190676,0.39106660688001327,0.5,1.0,18,20,0
raw_annual_rates,headline_12m_pct,oecd_asia_c26_bls_gbp_12m_pct,pandemic_2020_2022,17,0.6592792269071068,0.682335364101663,0.5,0.5,18,19,0
raw_annual_rates,headline_12m_pct,oecd_asia_c26_bls_gbp_12m_pct,pandemic_2020_2022,18,0.6763538433456835,0.6763538433456835,0.5,0.5,18,18,0
raw_annual_rates,headline_12m_pct,oecd_asia_c26_bls_gbp_12m_pct,post_2022,0,-0.0020652041522899694,-0.2231550846886283,0.5,1.0,18,42,0
raw_annual_rates,headline_12m_pct,oecd_asia_c26_bls_gbp_12m_pct,post_2022,1,0.15133153696692248,0.005951253490612439,1.0,1.0,18,41,0
raw_annual_rates,headline_12m_pct,oecd_asia_c26_bls_gbp_12m_pct,post_2022,2,0.23433739056167474,0.20642807299604227,1.0,1.0,18,40,0
raw_annual_rates,headline_12m_pct,oecd_asia_c26_bls_gbp_12m_pct,post_2022,3,0.3461558718149198,0.3489747259996946,1.0,1.0,18,39,0
raw_annual_rates,headline_12m_pct,oecd_asia_c26_bls_gbp_12m_pct,post_2022,4,0.4270086325835285,0.4858493849680972,0.5,0.5,18,38,0
raw_annual_rates,headline_12m_pct,oecd_asia_c26_bls_gbp_12m_pct,post_2022,5,0.505591439725431,0.5576362759639929,0.5,0.5,18,37,0
raw_annual_rates,headline_12m_pct,oecd_asia_c26_bls_gbp_12m_pct,post_2022,6,0.5839471376251285,0.634093219102821,0.5,0.5,18,36,0
raw_annual_rates,headline_12m_pct,oecd_asia_c26_bls_gbp_12m_pct,post_2022,7,0.7337194005339894,0.8077009804301841,0.5,0.5,18,35,0
raw_annual_rates,headline_12m_pct,oecd_asia_c26_bls_gbp_12m_pct,post_2022,8,0.719023364437239,0.8019018509967326,0.5,0.5,18,34,0
raw_annual_rates,headline_12m_pct,oecd_asia_c26_bls_gbp_12m_pct,post_2022,9,0.6171397440074595,0.7535127966276775,0.5,0.5,18,33,0
raw_annual_rates,headline_12m_pct,oecd_asia_c26_bls_gbp_12m_pct,post_2022,10,0.41273166957538143,0.6305607387086545,0.5,0.5,18,32,0
raw_annual_rates,headline_12m_pct,oecd_asia_c26_bls_gbp_12m_pct,post_2022,11,0.24431178091069475,0.5064456079737786,0.5,0.5,18,31,0
raw_annual_rates,headline_12m_pct,oecd_asia_c26_bls_gbp_12m_pct,post_2022,12,0.08295512262718947,0.2387625801159484,0.5,1.0,18,30,0
raw_annual_rates,headline_12m_pct,oecd_asia_c26_bls_gbp_12m_pct,post_2022,13,-0.12702031616495585,-0.07207599643609375,1.0,1.0,18,29,0
raw_annual_rates,headline_12m_pct,oecd_asia_c26_bls_gbp_12m_pct,post_2022,14,-0.15601248824757014,-0.1681565155974513,0.5,1.0,18,28,0
raw_annual_rates,headline_12m_pct,oecd_asia_c26_bls_gbp_12m_pct,post_2022,15,-0.26750493551600574,-0.3368439919446815,0.5,1.0,18,27,0
raw_annual_rates,headline_12m_pct,oecd_asia_c26_bls_gbp_12m_pct,post_2022,16,-0.3716443142971699,-0.49069766307431173,0.5,0.5,18,26,0
raw_annual_rates,headline_12m_pct,oecd_asia_c26_bls_gbp_12m_pct,post_2022,17,-0.48962540122257664,-0.527670805740409,0.5,0.5,18,25,0
raw_annual_rates,headline_12m_pct,oecd_asia_c26_bls_gbp_12m_pct,post_2022,18,-0.4008667145721793,-0.4008667145721793,0.5,1.0,18,24,0
raw_annual_rates,headline_12m_pct,fred_china_computer_electronics_gbp_12m_pct,full,0,-0.20209466891623035,-0.29346291098268773,0.3176470588235294,0.6470588235294118,18,126,0
raw_annual_rates,headline_12m_pct,fred_china_computer_electronics_gbp_12m_pct,full,1,-0.15612882360347027,-0.24436253516462994,0.4,0.788235294117647,18,125,0
raw_annual_rates,headline_12m_pct,fred_china_computer_electronics_gbp_12m_pct,full,2,-0.12614326617378405,-0.2041298869355189,0.43529411764705883,0.9411764705882353,18,124,0
raw_annual_rates,headline_12m_pct,fred_china_computer_electronics_gbp_12m_pct,full,3,-0.07776311578939597,-0.147579135121657,0.5764705882352941,1.0,18,123,0
raw_annual_rates,headline_12m_pct,fred_china_computer_electronics_gbp_12m_pct,full,4,-0.03023096703369466,-0.09108731288002249,0.7176470588235294,1.0,18,122,0
raw_annual_rates,headline_12m_pct,fred_china_computer_electronics_gbp_12m_pct,full,5,0.02268715252436754,-0.034735732174714505,0.8823529411764706,1.0,18,121,0
raw_annual_rates,headline_12m_pct,fred_china_computer_electronics_gbp_12m_pct,full,6,0.06395638704802774,0.0071652895126359745,0.9764705882352941,1.0,18,120,0
raw_annual_rates,headline_12m_pct,fred_china_computer_electronics_gbp_12m_pct,full,7,0.16895413693225336,0.12246608331411314,0.6352941176470588,1.0,18,119,0
raw_annual_rates,headline_12m_pct,fred_china_computer_electronics_gbp_12m_pct,full,8,0.21264815842687423,0.17399136063048518,0.4823529411764706,1.0,18,118,0
raw_annual_rates,headline_12m_pct,fred_china_computer_electronics_gbp_12m_pct,full,9,0.2162103601324425,0.18888189012358628,0.4470588235294118,1.0,18,117,0
raw_annual_rates,headline_12m_pct,fred_china_computer_electronics_gbp_12m_pct,full,10,0.2319083362827439,0.21914422114004656,0.35294117647058826,0.9058823529411765,18,116,0
raw_annual_rates,headline_12m_pct,fred_china_computer_electronics_gbp_12m_pct,full,11,0.21565455369062606,0.21585068880916305,0.38823529411764707,0.9176470588235294,18,115,0
raw_annual_rates,headline_12m_pct,fred_china_computer_electronics_gbp_12m_pct,full,12,0.17522604256223856,0.17588790272680233,0.5176470588235295,1.0,18,114,0
raw_annual_rates,headline_12m_pct,fred_china_computer_electronics_gbp_12m_pct,full,13,0.14500502791969958,0.14613523122256072,0.6470588235294118,1.0,18,113,0
raw_annual_rates,headline_12m_pct,fred_china_computer_electronics_gbp_12m_pct,full,14,0.1452403880957719,0.14638289999212983,0.6470588235294118,1.0,18,112,0
raw_annual_rates,headline_12m_pct,fred_china_computer_electronics_gbp_12m_pct,full,15,0.13351451141914422,0.13454676094963144,0.6823529411764706,1.0,18,111,0
raw_annual_rates,headline_12m_pct,fred_china_computer_electronics_gbp_12m_pct,full,16,0.11882481759318703,0.11815877036350415,0.7529411764705882,1.0,18,110,0
raw_annual_rates,headline_12m_pct,fred_china_computer_electronics_gbp_12m_pct,full,17,0.0936367257496588,0.09372476527612919,0.8235294117647058,1.0,18,109,0
raw_annual_rates,headline_12m_pct,fred_china_computer_electronics_gbp_12m_pct,full,18,0.0762708296843354,0.0762708296843354,0.8705882352941177,1.0,18,108,0
raw_annual_rates,headline_12m_pct,fred_china_computer_electronics_gbp_12m_pct,pre_2020,0,-0.30361949081775164,-0.3550354161484472,0.5714285714285714,0.5714285714285714,18,48,0
raw_annual_rates,headline_12m_pct,fred_china_computer_electronics_gbp_12m_pct,pre_2020,1,-0.2674680392804678,-0.27442938222075386,0.5714285714285714,0.5714285714285714,18,47,0
raw_annual_rates,headline_12m_pct,fred_china_computer_electronics_gbp_12m_pct,pre_2020,2,-0.21458579006753992,-0.20156712769412216,0.5714285714285714,0.8571428571428571,18,46,0
raw_annual_rates,headline_12m_pct,fred_china_computer_electronics_gbp_12m_pct,pre_2020,3,-0.1607652350709098,-0.13858544780657694,0.7142857142857143,1.0,18,45,0
raw_annual_rates,headline_12m_pct,fred_china_computer_electronics_gbp_12m_pct,pre_2020,4,-0.10108214759345792,-0.06204899442510212,0.8571428571428571,1.0,18,44,0
raw_annual_rates,headline_12m_pct,fred_china_computer_electronics_gbp_12m_pct,pre_2020,5,-0.05329528877134794,-0.014115768506098693,1.0,1.0,18,43,0
raw_annual_rates,headline_12m_pct,fred_china_computer_electronics_gbp_12m_pct,pre_2020,6,-0.0621572905547045,-0.05354734751496917,0.7142857142857143,1.0,18,42,0
raw_annual_rates,headline_12m_pct,fred_china_computer_electronics_gbp_12m_pct,pre_2020,7,0.0062441634421269146,0.03083943045869247,1.0,1.0,18,41,0
raw_annual_rates,headline_12m_pct,fred_china_computer_electronics_gbp_12m_pct,pre_2020,8,-0.052342429268558574,-0.04778860206819037,0.7142857142857143,1.0,18,40,0
raw_annual_rates,headline_12m_pct,fred_china_computer_electronics_gbp_12m_pct,pre_2020,9,-0.08093970359542495,-0.10932649513378877,0.2857142857142857,1.0,18,39,0
raw_annual_rates,headline_12m_pct,fred_china_computer_electronics_gbp_12m_pct,pre_2020,10,-0.026165227105030175,-0.02921272408785661,0.2857142857142857,1.0,18,38,0
raw_annual_rates,headline_12m_pct,fred_china_computer_electronics_gbp_12m_pct,pre_2020,11,-0.024204577635815416,-0.02856594686453621,0.7142857142857143,1.0,18,37,0
raw_annual_rates,headline_12m_pct,fred_china_computer_electronics_gbp_12m_pct,pre_2020,12,-0.018865688561165505,-0.04534168593313026,0.7142857142857143,1.0,18,36,0
raw_annual_rates,headline_12m_pct,fred_china_computer_electronics_gbp_12m_pct,pre_2020,13,0.02753079904274632,-0.07978653120187357,0.42857142857142855,1.0,18,35,0
raw_annual_rates,headline_12m_pct,fred_china_computer_electronics_gbp_12m_pct,pre_2020,14,0.06437317869933601,-0.024235254983806576,0.8571428571428571,1.0,18,34,0
raw_annual_rates,headline_12m_pct,fred_china_computer_electronics_gbp_12m_pct,pre_2020,15,0.09004504096759698,0.023947456667805306,0.8571428571428571,1.0,18,33,0
raw_annual_rates,headline_12m_pct,fred_china_computer_electronics_gbp_12m_pct,pre_2020,16,0.14998160323759502,0.09471690564074065,0.2857142857142857,1.0,18,32,0
raw_annual_rates,headline_12m_pct,fred_china_computer_electronics_gbp_12m_pct,pre_2020,17,0.17395807557177365,0.13477915570272128,0.2857142857142857,1.0,18,31,0
raw_annual_rates,headline_12m_pct,fred_china_computer_electronics_gbp_12m_pct,pre_2020,18,0.22683818590945165,0.22683818590945165,0.14285714285714285,0.8571428571428571,18,30,0
raw_annual_rates,headline_12m_pct,fred_china_computer_electronics_gbp_12m_pct,pandemic_2020_2022,0,-0.3955755061606038,-0.5002570328827683,0.5,1.0,18,36,0
raw_annual_rates,headline_12m_pct,fred_china_computer_electronics_gbp_12m_pct,pandemic_2020_2022,1,-0.3913165431618474,-0.13839477990982563,0.5,1.0,18,35,0
raw_annual_rates,headline_12m_pct,fred_china_computer_electronics_gbp_12m_pct,pandemic_2020_2022,2,-0.47909730361402925,-0.07635528477751223,1.0,1.0,18,34,0
raw_annual_rates,headline_12m_pct,fred_china_computer_electronics_gbp_12m_pct,pandemic_2020_2022,3,-0.5158564906081626,-0.07610384307307978,1.0,1.0,18,33,0
raw_annual_rates,headline_12m_pct,fred_china_computer_electronics_gbp_12m_pct,pandemic_2020_2022,4,-0.5320832976458431,-0.1773108940980259,1.0,1.0,18,32,0
raw_annual_rates,headline_12m_pct,fred_china_computer_electronics_gbp_12m_pct,pandemic_2020_2022,5,-0.6046057721832111,-0.23428757922150834,1.0,1.0,18,31,0
raw_annual_rates,headline_12m_pct,fred_china_computer_electronics_gbp_12m_pct,pandemic_2020_2022,6,-0.5898466447644941,-0.17696170993832494,0.5,1.0,18,30,0
raw_annual_rates,headline_12m_pct,fred_china_computer_electronics_gbp_12m_pct,pandemic_2020_2022,7,-0.4284306104216694,0.19182849981175382,0.5,1.0,18,29,0
raw_annual_rates,headline_12m_pct,fred_china_computer_electronics_gbp_12m_pct,pandemic_2020_2022,8,-0.15968673753145154,0.5603366126198716,0.5,0.5,18,28,0
raw_annual_rates,headline_12m_pct,fred_china_computer_electronics_gbp_12m_pct,pandemic_2020_2022,9,-0.052673248145865416,0.703947628952756,0.5,0.5,18,27,0
raw_annual_rates,headline_12m_pct,fred_china_computer_electronics_gbp_12m_pct,pandemic_2020_2022,10,0.09895215759296366,0.6559201505385818,0.5,0.5,18,26,0
raw_annual_rates,headline_12m_pct,fred_china_computer_electronics_gbp_12m_pct,pandemic_2020_2022,11,0.10588288800053025,0.5000621676491843,0.5,1.0,18,25,0
raw_annual_rates,headline_12m_pct,fred_china_computer_electronics_gbp_12m_pct,pandemic_2020_2022,12,-0.005627622338025745,0.2668634859044646,0.5,1.0,18,24,0
raw_annual_rates,headline_12m_pct,fred_china_computer_electronics_gbp_12m_pct,pandemic_2020_2022,13,-0.02579296272937498,0.035680659460305,0.5,1.0,18,23,0
raw_annual_rates,headline_12m_pct,fred_china_computer_electronics_gbp_12m_pct,pandemic_2020_2022,14,0.16761949507411958,0.1906518287123359,0.5,1.0,18,22,0
raw_annual_rates,headline_12m_pct,fred_china_computer_electronics_gbp_12m_pct,pandemic_2020_2022,15,0.23307893149947517,0.300874081903176,0.5,1.0,18,21,0
raw_annual_rates,headline_12m_pct,fred_china_computer_electronics_gbp_12m_pct,pandemic_2020_2022,16,0.33204224551983413,0.3871524531249475,0.5,1.0,18,20,0
raw_annual_rates,headline_12m_pct,fred_china_computer_electronics_gbp_12m_pct,pandemic_2020_2022,17,0.651942835872745,0.6844462911542701,0.5,0.5,18,19,0
raw_annual_rates,headline_12m_pct,fred_china_computer_electronics_gbp_12m_pct,pandemic_2020_2022,18,0.6666961726941484,0.6666961726941484,0.5,0.5,18,18,0
raw_annual_rates,headline_12m_pct,fred_china_computer_electronics_gbp_12m_pct,post_2022,0,0.025467289724362747,-0.21965635931880773,0.5,1.0,18,42,0
raw_annual_rates,headline_12m_pct,fred_china_computer_electronics_gbp_12m_pct,post_2022,1,0.18029196529238184,0.01077407446464259,1.0,1.0,18,41,0
raw_annual_rates,headline_12m_pct,fred_china_computer_electronics_gbp_12m_pct,post_2022,2,0.25958812061074626,0.20921328095095443,1.0,1.0,18,40,0
raw_annual_rates,headline_12m_pct,fred_china_computer_electronics_gbp_12m_pct,post_2022,3,0.36403722437503083,0.3526212602116366,1.0,1.0,18,39,0
raw_annual_rates,headline_12m_pct,fred_china_computer_electronics_gbp_12m_pct,post_2022,4,0.4370053310604768,0.4903459168676988,0.5,0.5,18,38,0
raw_annual_rates,headline_12m_pct,fred_china_computer_electronics_gbp_12m_pct,post_2022,5,0.5096043321518483,0.5689275966164816,0.5,0.5,18,37,0
raw_annual_rates,headline_12m_pct,fred_china_computer_electronics_gbp_12m_pct,post_2022,6,0.5816822987904419,0.6460101650878824,0.5,0.5,18,36,0
raw_annual_rates,headline_12m_pct,fred_china_computer_electronics_gbp_12m_pct,post_2022,7,0.7242387628752363,0.8151524700636192,0.5,0.5,18,35,0
raw_annual_rates,headline_12m_pct,fred_china_computer_electronics_gbp_12m_pct,post_2022,8,0.7059216172489863,0.8065132058476642,0.5,0.5,18,34,0
raw_annual_rates,headline_12m_pct,fred_china_computer_electronics_gbp_12m_pct,post_2022,9,0.6025021259499401,0.7540581424552335,0.5,0.5,18,33,0
raw_annual_rates,headline_12m_pct,fred_china_computer_electronics_gbp_12m_pct,post_2022,10,0.39993604512437414,0.6260249010142368,0.5,0.5,18,32,0
raw_annual_rates,headline_12m_pct,fred_china_computer_electronics_gbp_12m_pct,post_2022,11,0.23113469620424415,0.5017450370513344,0.5,0.5,18,31,0
raw_annual_rates,headline_12m_pct,fred_china_computer_electronics_gbp_12m_pct,post_2022,12,0.06542408627340879,0.24121184350526984,0.5,1.0,18,30,0
raw_annual_rates,headline_12m_pct,fred_china_computer_electronics_gbp_12m_pct,post_2022,13,-0.1503571653271239,-0.0693199196403634,1.0,1.0,18,29,0
raw_annual_rates,headline_12m_pct,fred_china_computer_electronics_gbp_12m_pct,post_2022,14,-0.18727168339688877,-0.17490527337713524,0.5,1.0,18,28,0
raw_annual_rates,headline_12m_pct,fred_china_computer_electronics_gbp_12m_pct,post_2022,15,-0.3009146686179231,-0.349029688014376,0.5,1.0,18,27,0
raw_annual_rates,headline_12m_pct,fred_china_computer_electronics_gbp_12m_pct,post_2022,16,-0.38988051710132293,-0.49256963963964373,0.5,0.5,18,26,0
raw_annual_rates,headline_12m_pct,fred_china_computer_electronics_gbp_12m_pct,post_2022,17,-0.5015498479775337,-0.5341473657429988,0.5,0.5,18,25,0
raw_annual_rates,headline_12m_pct,fred_china_computer_electronics_gbp_12m_pct,post_2022,18,-0.41026782344654456,-0.41026782344654456,0.5,0.5,18,24,0
raw_annual_rates,headline_12m_pct,fred_japan_computer_electronics_gbp_12m_pct,full,0,-0.26407747395030856,-0.3395898178991189,0.17647058823529413,0.4470588235294118,18,126,0
raw_annual_rates,headline_12m_pct,fred_japan_computer_electronics_gbp_12m_pct,full,1,-0.22287860392321718,-0.29181574563121593,0.2823529411764706,0.611764705882353,18,125,0
raw_annual_rates,headline_12m_pct,fred_japan_computer_electronics_gbp_12m_pct,full,2,-0.18644821287094934,-0.242241835162111,0.4117647058823529,0.9176470588235294,18,124,0
raw_annual_rates,headline_12m_pct,fred_japan_computer_electronics_gbp_12m_pct,full,3,-0.13108913766322686,-0.17745607634119312,0.5882352941176471,1.0,18,123,0
raw_annual_rates,headline_12m_pct,fred_japan_computer_electronics_gbp_12m_pct,full,4,-0.0844873352923409,-0.12188081980611339,0.6941176470588235,1.0,18,122,0
raw_annual_rates,headline_12m_pct,fred_japan_computer_electronics_gbp_12m_pct,full,5,-0.030440133568108745,-0.06422893892502975,0.8235294117647058,1.0,18,121,0
raw_annual_rates,headline_12m_pct,fred_japan_computer_electronics_gbp_12m_pct,full,6,0.017184384033345525,-0.015541174212902643,0.9411764705882353,1.0,18,120,0
raw_annual_rates,headline_12m_pct,fred_japan_computer_electronics_gbp_12m_pct,full,7,0.12302135225565061,0.09824082435682269,0.7176470588235294,1.0,18,119,0
raw_annual_rates,headline_12m_pct,fred_japan_computer_electronics_gbp_12m_pct,full,8,0.1670826604568539,0.1472803883793315,0.6352941176470588,1.0,18,118,0
raw_annual_rates,headline_12m_pct,fred_japan_computer_electronics_gbp_12m_pct,full,9,0.18528520250442304,0.17569529823675697,0.5647058823529412,1.0,18,117,0
raw_annual_rates,headline_12m_pct,fred_japan_computer_electronics_gbp_12m_pct,full,10,0.21384292696976254,0.2158743798694868,0.36470588235294116,1.0,18,116,0
raw_annual_rates,headline_12m_pct,fred_japan_computer_electronics_gbp_12m_pct,full,11,0.21860253019311723,0.2298940389577578,0.32941176470588235,0.9294117647058824,18,115,0
raw_annual_rates,headline_12m_pct,fred_japan_computer_electronics_gbp_12m_pct,full,12,0.18580473918916277,0.19172563345458718,0.5294117647058824,1.0,18,114,0
raw_annual_rates,headline_12m_pct,fred_japan_computer_electronics_gbp_12m_pct,full,13,0.17232006041851045,0.17594031957083373,0.5764705882352941,1.0,18,113,0
raw_annual_rates,headline_12m_pct,fred_japan_computer_electronics_gbp_12m_pct,full,14,0.18298696934992736,0.18465466532469435,0.5529411764705883,1.0,18,112,0
raw_annual_rates,headline_12m_pct,fred_japan_computer_electronics_gbp_12m_pct,full,15,0.16886833438667684,0.16992112602816384,0.611764705882353,1.0,18,111,0
raw_annual_rates,headline_12m_pct,fred_japan_computer_electronics_gbp_12m_pct,full,16,0.16292856153336985,0.16211730432353028,0.6823529411764706,1.0,18,110,0
raw_annual_rates,headline_12m_pct,fred_japan_computer_electronics_gbp_12m_pct,full,17,0.14285235776808658,0.14343623289220642,0.7176470588235294,1.0,18,109,0
raw_annual_rates,headline_12m_pct,fred_japan_computer_electronics_gbp_12m_pct,full,18,0.130249098564297,0.130249098564297,0.7529411764705882,1.0,18,108,0
raw_annual_rates,headline_12m_pct,fred_japan_computer_electronics_gbp_12m_pct,pre_2020,0,-0.3082470855026509,-0.3804441147066754,0.5714285714285714,0.5714285714285714,18,48,0
raw_annual_rates,headline_12m_pct,fred_japan_computer_electronics_gbp_12m_pct,pre_2020,1,-0.2750606271738626,-0.3052896884864923,0.5714285714285714,0.7142857142857143,18,47,0
raw_annual_rates,headline_12m_pct,fred_japan_computer_electronics_gbp_12m_pct,pre_2020,2,-0.22069716547851626,-0.22377342214373835,0.5714285714285714,0.7142857142857143,18,46,0
raw_annual_rates,headline_12m_pct,fred_japan_computer_electronics_gbp_12m_pct,pre_2020,3,-0.16112021353802747,-0.15084047654591168,0.5714285714285714,1.0,18,45,0
raw_annual_rates,headline_12m_pct,fred_japan_computer_electronics_gbp_12m_pct,pre_2020,4,-0.11001616091596744,-0.08215363926285926,0.7142857142857143,1.0,18,44,0
raw_annual_rates,headline_12m_pct,fred_japan_computer_electronics_gbp_12m_pct,pre_2020,5,-0.05899063330405829,-0.02619361264659514,0.8571428571428571,1.0,18,43,0
raw_annual_rates,headline_12m_pct,fred_japan_computer_electronics_gbp_12m_pct,pre_2020,6,-0.04590598302552918,-0.02766700320330671,1.0,1.0,18,42,0
raw_annual_rates,headline_12m_pct,fred_japan_computer_electronics_gbp_12m_pct,pre_2020,7,0.026593883273808443,0.05997631859915994,0.8571428571428571,1.0,18,41,0
raw_annual_rates,headline_12m_pct,fred_japan_computer_electronics_gbp_12m_pct,pre_2020,8,-0.05795688517443684,-0.035530519124581585,0.7142857142857143,1.0,18,40,0
raw_annual_rates,headline_12m_pct,fred_japan_computer_electronics_gbp_12m_pct,pre_2020,9,-0.08354982194044794,-0.0895527899433842,0.2857142857142857,1.0,18,39,0
raw_annual_rates,headline_12m_pct,fred_japan_computer_electronics_gbp_12m_pct,pre_2020,10,-0.022046448169637287,-0.005380934617149733,1.0,1.0,18,38,0
raw_annual_rates,headline_12m_pct,fred_japan_computer_electronics_gbp_12m_pct,pre_2020,11,-0.014956102672058432,-0.009884781368297896,1.0,1.0,18,37,0
raw_annual_rates,headline_12m_pct,fred_japan_computer_electronics_gbp_12m_pct,pre_2020,12,-0.03745524529363318,-0.04715808215118033,0.8571428571428571,1.0,18,36,0
raw_annual_rates,headline_12m_pct,fred_japan_computer_electronics_gbp_12m_pct,pre_2020,13,-0.0013175529860387828,-0.07191546393768797,0.5714285714285714,1.0,18,35,0
raw_annual_rates,headline_12m_pct,fred_japan_computer_electronics_gbp_12m_pct,pre_2020,14,0.03683246197252146,-0.02229104892795807,0.7142857142857143,1.0,18,34,0
raw_annual_rates,headline_12m_pct,fred_japan_computer_electronics_gbp_12m_pct,pre_2020,15,0.05543420036620905,0.011366839695435352,1.0,1.0,18,33,0
raw_annual_rates,headline_12m_pct,fred_japan_computer_electronics_gbp_12m_pct,pre_2020,16,0.11071437858512125,0.07833562834645061,0.14285714285714285,1.0,18,32,0
raw_annual_rates,headline_12m_pct,fred_japan_computer_electronics_gbp_12m_pct,pre_2020,17,0.1423201187616699,0.1162391807305213,0.2857142857142857,1.0,18,31,0
raw_annual_rates,headline_12m_pct,fred_japan_computer_electronics_gbp_12m_pct,pre_2020,18,0.1816115832712079,0.1816115832712079,0.42857142857142855,1.0,18,30,0
raw_annual_rates,headline_12m_pct,fred_japan_computer_electronics_gbp_12m_pct,pandemic_2020_2022,0,-0.46536963721919616,-0.6536543837674736,0.5,0.5,18,36,0
raw_annual_rates,headline_12m_pct,fred_japan_computer_electronics_gbp_12m_pct,pandemic_2020_2022,1,-0.4631449596377848,-0.36884521326794456,0.5,1.0,18,35,0
raw_annual_rates,headline_12m_pct,fred_japan_computer_electronics_gbp_12m_pct,pandemic_2020_2022,2,-0.5223552515126985,-0.27475729174579805,0.5,1.0,18,34,0
raw_annual_rates,headline_12m_pct,fred_japan_computer_electronics_gbp_12m_pct,pandemic_2020_2022,3,-0.5275218385912451,-0.21241574222713436,1.0,1.0,18,33,0
raw_annual_rates,headline_12m_pct,fred_japan_computer_electronics_gbp_12m_pct,pandemic_2020_2022,4,-0.5154930136449342,-0.21095218047023395,1.0,1.0,18,32,0
raw_annual_rates,headline_12m_pct,fred_japan_computer_electronics_gbp_12m_pct,pandemic_2020_2022,5,-0.5407790920994097,-0.16396853434942837,1.0,1.0,18,31,0
raw_annual_rates,headline_12m_pct,fred_japan_computer_electronics_gbp_12m_pct,pandemic_2020_2022,6,-0.5189938600836401,-0.13030019728015943,1.0,1.0,18,30,0
raw_annual_rates,headline_12m_pct,fred_japan_computer_electronics_gbp_12m_pct,pandemic_2020_2022,7,-0.3404994978405802,0.21525568861392716,0.5,1.0,18,29,0
raw_annual_rates,headline_12m_pct,fred_japan_computer_electronics_gbp_12m_pct,pandemic_2020_2022,8,-0.09133665351141905,0.5230458969127946,0.5,1.0,18,28,0
raw_annual_rates,headline_12m_pct,fred_japan_computer_electronics_gbp_12m_pct,pandemic_2020_2022,9,0.054424862509350434,0.6915580594750069,0.5,0.5,18,27,0
raw_annual_rates,headline_12m_pct,fred_japan_computer_electronics_gbp_12m_pct,pandemic_2020_2022,10,0.21833999670343535,0.6565482253030667,0.5,0.5,18,26,0
raw_annual_rates,headline_12m_pct,fred_japan_computer_electronics_gbp_12m_pct,pandemic_2020_2022,11,0.277874504726878,0.6018782035964173,0.5,0.5,18,25,0
raw_annual_rates,headline_12m_pct,fred_japan_computer_electronics_gbp_12m_pct,pandemic_2020_2022,12,0.19974526969836326,0.39616054520158206,0.5,1.0,18,24,0
raw_annual_rates,headline_12m_pct,fred_japan_computer_electronics_gbp_12m_pct,pandemic_2020_2022,13,0.19003028476746947,0.2061419811584496,0.5,1.0,18,23,0
raw_annual_rates,headline_12m_pct,fred_japan_computer_electronics_gbp_12m_pct,pandemic_2020_2022,14,0.3140912123576565,0.3094272967514768,0.5,1.0,18,22,0
raw_annual_rates,headline_12m_pct,fred_japan_computer_electronics_gbp_12m_pct,pandemic_2020_2022,15,0.3106226295228428,0.3215472538761175,0.5,1.0,18,21,0
raw_annual_rates,headline_12m_pct,fred_japan_computer_electronics_gbp_12m_pct,pandemic_2020_2022,16,0.41466152918276566,0.41396981650651793,0.5,1.0,18,20,0
raw_annual_rates,headline_12m_pct,fred_japan_computer_electronics_gbp_12m_pct,pandemic_2020_2022,17,0.6312903474279505,0.636493276232728,0.5,0.5,18,19,0
raw_annual_rates,headline_12m_pct,fred_japan_computer_electronics_gbp_12m_pct,pandemic_2020_2022,18,0.6581146546377376,0.6581146546377376,0.5,0.5,18,18,0
raw_annual_rates,headline_12m_pct,fred_japan_computer_electronics_gbp_12m_pct,post_2022,0,-0.004641981924879932,-0.16357711210834674,0.5,1.0,18,42,0
raw_annual_rates,headline_12m_pct,fred_japan_computer_electronics_gbp_12m_pct,post_2022,1,0.14387104750215124,0.072473294683259,1.0,1.0,18,41,0
raw_annual_rates,headline_12m_pct,fred_japan_computer_electronics_gbp_12m_pct,post_2022,2,0.23864636501262546,0.3016699237551841,1.0,1.0,18,40,0
raw_annual_rates,headline_12m_pct,fred_japan_computer_electronics_gbp_12m_pct,post_2022,3,0.3608085707012133,0.44723733796435744,1.0,1.0,18,39,0
raw_annual_rates,headline_12m_pct,fred_japan_computer_electronics_gbp_12m_pct,post_2022,4,0.4344005659741279,0.575232744315631,0.5,0.5,18,38,0
raw_annual_rates,headline_12m_pct,fred_japan_computer_electronics_gbp_12m_pct,post_2022,5,0.5040405719515599,0.6253004075998335,0.5,0.5,18,37,0
raw_annual_rates,headline_12m_pct,fred_japan_computer_electronics_gbp_12m_pct,post_2022,6,0.5696084515547944,0.6738976013056202,0.5,0.5,18,36,0
raw_annual_rates,headline_12m_pct,fred_japan_computer_electronics_gbp_12m_pct,post_2022,7,0.6963930297634365,0.8087865021419858,0.5,0.5,18,35,0
raw_annual_rates,headline_12m_pct,fred_japan_computer_electronics_gbp_12m_pct,post_2022,8,0.7033645820794224,0.8085019501827602,0.5,0.5,18,34,0
raw_annual_rates,headline_12m_pct,fred_japan_computer_electronics_gbp_12m_pct,post_2022,9,0.6051902641605947,0.7477289748137628,0.5,0.5,18,33,0
raw_annual_rates,headline_12m_pct,fred_japan_computer_electronics_gbp_12m_pct,post_2022,10,0.4137623387415456,0.6151708931270803,0.5,0.5,18,32,0
raw_annual_rates,headline_12m_pct,fred_japan_computer_electronics_gbp_12m_pct,post_2022,11,0.25872476518795756,0.48083220728359527,0.5,1.0,18,31,0
raw_annual_rates,headline_12m_pct,fred_japan_computer_electronics_gbp_12m_pct,post_2022,12,0.08615414794995378,0.16082403928615188,1.0,1.0,18,30,0
raw_annual_rates,headline_12m_pct,fred_japan_computer_electronics_gbp_12m_pct,post_2022,13,-0.08546846097266549,-0.13052126958170177,1.0,1.0,18,29,0
raw_annual_rates,headline_12m_pct,fred_japan_computer_electronics_gbp_12m_pct,post_2022,14,-0.12613458886042783,-0.23094226559293413,0.5,1.0,18,28,0
raw_annual_rates,headline_12m_pct,fred_japan_computer_electronics_gbp_12m_pct,post_2022,15,-0.26446385364551966,-0.4156539222065552,0.5,1.0,18,27,0
raw_annual_rates,headline_12m_pct,fred_japan_computer_electronics_gbp_12m_pct,post_2022,16,-0.36925802302845007,-0.5474038452253458,0.5,0.5,18,26,0
raw_annual_rates,headline_12m_pct,fred_japan_computer_electronics_gbp_12m_pct,post_2022,17,-0.46971647142884154,-0.5260523075918125,0.5,1.0,18,25,0
raw_annual_rates,headline_12m_pct,fred_japan_computer_electronics_gbp_12m_pct,post_2022,18,-0.33147963249686974,-0.33147963249686974,0.5,1.0,18,24,0
raw_annual_rates,headline_12m_pct,fred_asian_nie_computer_electronics_gbp_12m_pct,full,0,-0.20160525415832356,-0.26526242261950855,0.36470588235294116,0.6588235294117647,18,126,0
raw_annual_rates,headline_12m_pct,fred_asian_nie_computer_electronics_gbp_12m_pct,full,1,-0.16008362724110248,-0.21802444695575224,0.4588235294117647,0.8352941176470589,18,125,0
raw_annual_rates,headline_12m_pct,fred_asian_nie_computer_electronics_gbp_12m_pct,full,2,-0.1399915591611772,-0.18240974950707428,0.49411764705882355,0.8941176470588236,18,124,0
raw_annual_rates,headline_12m_pct,fred_asian_nie_computer_electronics_gbp_12m_pct,full,3,-0.0964675672581778,-0.12799088438733922,0.611764705882353,1.0,18,123,0
raw_annual_rates,headline_12m_pct,fred_asian_nie_computer_electronics_gbp_12m_pct,full,4,-0.0480757842974804,-0.07506988137707304,0.7647058823529411,1.0,18,122,0
raw_annual_rates,headline_12m_pct,fred_asian_nie_computer_electronics_gbp_12m_pct,full,5,0.0030531718721692586,-0.026195876364378527,0.9176470588235294,1.0,18,121,0
raw_annual_rates,headline_12m_pct,fred_asian_nie_computer_electronics_gbp_12m_pct,full,6,0.0611768314027986,0.028313401802034916,0.9058823529411765,1.0,18,120,0
raw_annual_rates,headline_12m_pct,fred_asian_nie_computer_electronics_gbp_12m_pct,full,7,0.17425153160930065,0.14739365021466957,0.5411764705882353,1.0,18,119,0
raw_annual_rates,headline_12m_pct,fred_asian_nie_computer_electronics_gbp_12m_pct,full,8,0.219896177806579,0.19810605269925802,0.36470588235294116,0.8588235294117647,18,118,0
raw_annual_rates,headline_12m_pct,fred_asian_nie_computer_electronics_gbp_12m_pct,full,9,0.23653946630028783,0.2251564591044624,0.2823529411764706,0.7764705882352941,18,117,0
raw_annual_rates,headline_12m_pct,fred_asian_nie_computer_electronics_gbp_12m_pct,full,10,0.26495881675878274,0.2676776955391131,0.16470588235294117,0.6588235294117647,18,116,0
raw_annual_rates,headline_12m_pct,fred_asian_nie_computer_electronics_gbp_12m_pct,full,11,0.2580758712020464,0.26918091566997493,0.17647058823529413,0.6470588235294118,18,115,0
raw_annual_rates,headline_12m_pct,fred_asian_nie_computer_electronics_gbp_12m_pct,full,12,0.22685010897241703,0.23249436327316558,0.3058823529411765,0.7058823529411765,18,114,0
raw_annual_rates,headline_12m_pct,fred_asian_nie_computer_electronics_gbp_12m_pct,full,13,0.21204600446312882,0.21557888719000765,0.3764705882352941,0.8470588235294118,18,113,0
raw_annual_rates,headline_12m_pct,fred_asian_nie_computer_electronics_gbp_12m_pct,full,14,0.2339277229145991,0.2355820024651115,0.32941176470588235,0.7058823529411765,18,112,0
raw_annual_rates,headline_12m_pct,fred_asian_nie_computer_electronics_gbp_12m_pct,full,15,0.23000916366684204,0.2309792340138494,0.35294117647058826,0.7058823529411765,18,111,0
raw_annual_rates,headline_12m_pct,fred_asian_nie_computer_electronics_gbp_12m_pct,full,16,0.20259905090847577,0.20208810696330184,0.4235294117647059,0.8588235294117647,18,110,0
raw_annual_rates,headline_12m_pct,fred_asian_nie_computer_electronics_gbp_12m_pct,full,17,0.17407258203768655,0.17448821553894997,0.4823529411764706,0.9411764705882353,18,109,0
raw_annual_rates,headline_12m_pct,fred_asian_nie_computer_electronics_gbp_12m_pct,full,18,0.135564441240746,0.135564441240746,0.6352941176470588,1.0,18,108,0
raw_annual_rates,headline_12m_pct,fred_asian_nie_computer_electronics_gbp_12m_pct,pre_2020,0,-0.2690449311923242,-0.26625855229758827,0.5714285714285714,0.7142857142857143,18,48,0
raw_annual_rates,headline_12m_pct,fred_asian_nie_computer_electronics_gbp_12m_pct,pre_2020,1,-0.22708213548117984,-0.18601464407023177,0.7142857142857143,0.8571428571428571,18,47,0
raw_annual_rates,headline_12m_pct,fred_asian_nie_computer_electronics_gbp_12m_pct,pre_2020,2,-0.16957235345043403,-0.11515491247972139,0.7142857142857143,1.0,18,46,0
raw_annual_rates,headline_12m_pct,fred_asian_nie_computer_electronics_gbp_12m_pct,pre_2020,3,-0.10372501594630855,-0.04975481195156445,0.8571428571428571,1.0,18,45,0
raw_annual_rates,headline_12m_pct,fred_asian_nie_computer_electronics_gbp_12m_pct,pre_2020,4,-0.034998041883462776,0.021715742069123457,1.0,1.0,18,44,0
raw_annual_rates,headline_12m_pct,fred_asian_nie_computer_electronics_gbp_12m_pct,pre_2020,5,0.017964501292703303,0.0634279762297562,1.0,1.0,18,43,0
raw_annual_rates,headline_12m_pct,fred_asian_nie_computer_electronics_gbp_12m_pct,pre_2020,6,0.018431210776051248,0.013225776664026394,1.0,1.0,18,42,0
raw_annual_rates,headline_12m_pct,fred_asian_nie_computer_electronics_gbp_12m_pct,pre_2020,7,0.08279203022726377,0.08370305774094854,0.5714285714285714,1.0,18,41,0
raw_annual_rates,headline_12m_pct,fred_asian_nie_computer_electronics_gbp_12m_pct,pre_2020,8,-0.012832910888925938,-0.03566842869052342,1.0,1.0,18,40,0
raw_annual_rates,headline_12m_pct,fred_asian_nie_computer_electronics_gbp_12m_pct,pre_2020,9,-0.04869035122114715,-0.10390136440461266,0.2857142857142857,1.0,18,39,0
raw_annual_rates,headline_12m_pct,fred_asian_nie_computer_electronics_gbp_12m_pct,pre_2020,10,0.01414996789640503,-0.01743542315240582,0.7142857142857143,1.0,18,38,0
raw_annual_rates,headline_12m_pct,fred_asian_nie_computer_electronics_gbp_12m_pct,pre_2020,11,0.01646675736895251,-0.030210869076156534,0.7142857142857143,1.0,18,37,0
raw_annual_rates,headline_12m_pct,fred_asian_nie_computer_electronics_gbp_12m_pct,pre_2020,12,0.009841499834684218,-0.05578269860575274,0.7142857142857143,1.0,18,36,0
raw_annual_rates,headline_12m_pct,fred_asian_nie_computer_electronics_gbp_12m_pct,pre_2020,13,0.05094943279660419,-0.09522110963892419,0.5714285714285714,1.0,18,35,0
raw_annual_rates,headline_12m_pct,fred_asian_nie_computer_electronics_gbp_12m_pct,pre_2020,14,0.10912581802927002,-0.006913579248148957,1.0,1.0,18,34,0
raw_annual_rates,headline_12m_pct,fred_asian_nie_computer_electronics_gbp_12m_pct,pre_2020,15,0.12866841680664962,0.045442307820749914,0.5714285714285714,1.0,18,33,0
raw_annual_rates,headline_12m_pct,fred_asian_nie_computer_electronics_gbp_12m_pct,pre_2020,16,0.16412591480188454,0.1036969716057033,0.2857142857142857,1.0,18,32,0
raw_annual_rates,headline_12m_pct,fred_asian_nie_computer_electronics_gbp_12m_pct,pre_2020,17,0.18410612894395764,0.14133638164441625,0.42857142857142855,1.0,18,31,0
raw_annual_rates,headline_12m_pct,fred_asian_nie_computer_electronics_gbp_12m_pct,pre_2020,18,0.22431020557333647,0.22431020557333647,0.14285714285714285,0.7142857142857143,18,30,0
raw_annual_rates,headline_12m_pct,fred_asian_nie_computer_electronics_gbp_12m_pct,pandemic_2020_2022,0,-0.37175324799588605,-0.479179033589214,0.5,1.0,18,36,0
raw_annual_rates,headline_12m_pct,fred_asian_nie_computer_electronics_gbp_12m_pct,pandemic_2020_2022,1,-0.3614099916034696,-0.12460876426636167,1.0,1.0,18,35,0
raw_annual_rates,headline_12m_pct,fred_asian_nie_computer_electronics_gbp_12m_pct,pandemic_2020_2022,2,-0.440327051783942,-0.05531736986697883,1.0,1.0,18,34,0
raw_annual_rates,headline_12m_pct,fred_asian_nie_computer_electronics_gbp_12m_pct,pandemic_2020_2022,3,-0.4691373224419456,-0.053005673405284184,1.0,1.0,18,33,0
raw_annual_rates,headline_12m_pct,fred_asian_nie_computer_electronics_gbp_12m_pct,pandemic_2020_2022,4,-0.4753670027085846,-0.07658843418221355,1.0,1.0,18,32,0
raw_annual_rates,headline_12m_pct,fred_asian_nie_computer_electronics_gbp_12m_pct,pandemic_2020_2022,5,-0.5359240011895542,-0.10699945010693254,1.0,1.0,18,31,0
raw_annual_rates,headline_12m_pct,fred_asian_nie_computer_electronics_gbp_12m_pct,pandemic_2020_2022,6,-0.4863654915975685,0.005825525142051309,1.0,1.0,18,30,0
raw_annual_rates,headline_12m_pct,fred_asian_nie_computer_electronics_gbp_12m_pct,pandemic_2020_2022,7,-0.3348224667642289,0.36147546110122114,0.5,1.0,18,29,0
raw_annual_rates,headline_12m_pct,fred_asian_nie_computer_electronics_gbp_12m_pct,pandemic_2020_2022,8,-0.11970330915076949,0.6424361321413702,0.5,0.5,18,28,0
raw_annual_rates,headline_12m_pct,fred_asian_nie_computer_electronics_gbp_12m_pct,pandemic_2020_2022,9,-0.044213910216172256,0.7143944536739586,0.5,0.5,18,27,0
raw_annual_rates,headline_12m_pct,fred_asian_nie_computer_electronics_gbp_12m_pct,pandemic_2020_2022,10,0.07102402068427516,0.5888881101217512,0.5,0.5,18,26,0
raw_annual_rates,headline_12m_pct,fred_asian_nie_computer_electronics_gbp_12m_pct,pandemic_2020_2022,11,0.059224560916430115,0.417275242093761,0.5,1.0,18,25,0
raw_annual_rates,headline_12m_pct,fred_asian_nie_computer_electronics_gbp_12m_pct,pandemic_2020_2022,12,-0.023595266971021035,0.19199107670365845,0.5,1.0,18,24,0
raw_annual_rates,headline_12m_pct,fred_asian_nie_computer_electronics_gbp_12m_pct,pandemic_2020_2022,13,0.020414067323565963,0.0357441108075335,1.0,1.0,18,23,0
raw_annual_rates,headline_12m_pct,fred_asian_nie_computer_electronics_gbp_12m_pct,pandemic_2020_2022,14,0.22332965079349143,0.200654907657453,0.5,1.0,18,22,0
raw_annual_rates,headline_12m_pct,fred_asian_nie_computer_electronics_gbp_12m_pct,pandemic_2020_2022,15,0.3306391877547104,0.3414218347080198,0.5,1.0,18,21,0
raw_annual_rates,headline_12m_pct,fred_asian_nie_computer_electronics_gbp_12m_pct,pandemic_2020_2022,16,0.40186663263173517,0.3826821401927648,0.5,1.0,18,20,0
raw_annual_rates,headline_12m_pct,fred_asian_nie_computer_electronics_gbp_12m_pct,pandemic_2020_2022,17,0.670976069206782,0.6698116268447982,0.5,0.5,18,19,0
raw_annual_rates,headline_12m_pct,fred_asian_nie_computer_electronics_gbp_12m_pct,pandemic_2020_2022,18,0.6924273050449641,0.6924273050449641,0.5,0.5,18,18,0
raw_annual_rates,headline_12m_pct,fred_asian_nie_computer_electronics_gbp_12m_pct,post_2022,0,-0.073649805126122,-0.2571610515843582,0.5,1.0,18,42,0
raw_annual_rates,headline_12m_pct,fred_asian_nie_computer_electronics_gbp_12m_pct,post_2022,1,0.02188218591524629,-0.04140448841493957,0.5,1.0,18,41,0
raw_annual_rates,headline_12m_pct,fred_asian_nie_computer_electronics_gbp_12m_pct,post_2022,2,0.07516041990896985,0.15301375440728918,1.0,1.0,18,40,0
raw_annual_rates,headline_12m_pct,fred_asian_nie_computer_electronics_gbp_12m_pct,post_2022,3,0.17888370612308901,0.2875863723681637,1.0,1.0,18,39,0
raw_annual_rates,headline_12m_pct,fred_asian_nie_computer_electronics_gbp_12m_pct,post_2022,4,0.2886004457692088,0.4212346035136036,0.5,0.5,18,38,0
raw_annual_rates,headline_12m_pct,fred_asian_nie_computer_electronics_gbp_12m_pct,post_2022,5,0.39703115271236017,0.4694167862406846,0.5,0.5,18,37,0
raw_annual_rates,headline_12m_pct,fred_asian_nie_computer_electronics_gbp_12m_pct,post_2022,6,0.5144126725581575,0.5522075203840324,0.5,0.5,18,36,0
raw_annual_rates,headline_12m_pct,fred_asian_nie_computer_electronics_gbp_12m_pct,post_2022,7,0.6904174416370542,0.7571550348580599,0.5,0.5,18,35,0
raw_annual_rates,headline_12m_pct,fred_asian_nie_computer_electronics_gbp_12m_pct,post_2022,8,0.6924243983654134,0.762093195448782,0.5,0.5,18,34,0
raw_annual_rates,headline_12m_pct,fred_asian_nie_computer_electronics_gbp_12m_pct,post_2022,9,0.6170013493687786,0.7377088386145542,0.5,0.5,18,33,0
raw_annual_rates,headline_12m_pct,fred_asian_nie_computer_electronics_gbp_12m_pct,post_2022,10,0.43034829435680494,0.6437881185232065,0.5,0.5,18,32,0
raw_annual_rates,headline_12m_pct,fred_asian_nie_computer_electronics_gbp_12m_pct,post_2022,11,0.27910245996380423,0.5269130960525985,0.5,0.5,18,31,0
raw_annual_rates,headline_12m_pct,fred_asian_nie_computer_electronics_gbp_12m_pct,post_2022,12,0.1555845929524789,0.2528315378168644,0.5,1.0,18,30,0
raw_annual_rates,headline_12m_pct,fred_asian_nie_computer_electronics_gbp_12m_pct,post_2022,13,-0.02928495105217568,-0.0604563392991094,1.0,1.0,18,29,0
raw_annual_rates,headline_12m_pct,fred_asian_nie_computer_electronics_gbp_12m_pct,post_2022,14,-0.020589063979420605,-0.1102451424135845,0.5,1.0,18,28,0
raw_annual_rates,headline_12m_pct,fred_asian_nie_computer_electronics_gbp_12m_pct,post_2022,15,-0.1108242104075529,-0.24488976139152757,0.5,1.0,18,27,0
raw_annual_rates,headline_12m_pct,fred_asian_nie_computer_electronics_gbp_12m_pct,post_2022,16,-0.280393533476536,-0.4503303332202788,0.5,0.5,18,26,0
raw_annual_rates,headline_12m_pct,fred_asian_nie_computer_electronics_gbp_12m_pct,post_2022,17,-0.4325643195362485,-0.4883299055857825,0.5,0.5,18,25,0
raw_annual_rates,headline_12m_pct,fred_asian_nie_computer_electronics_gbp_12m_pct,post_2022,18,-0.37710952303747414,-0.37710952303747414,0.5,1.0,18,24,0
raw_annual_rates,ex_games_12m_pct,jp_epi_electronics_gbp_12m_pct,full,0,-0.2163801235261499,-0.2739466542165517,0.32558139534883723,0.6744186046511628,18,127,0
raw_annual_rates,ex_games_12m_pct,jp_epi_electronics_gbp_12m_pct,full,1,-0.11689285273174074,-0.16161825295450094,0.6046511627906976,0.8837209302325582,18,126,0
raw_annual_rates,ex_games_12m_pct,jp_epi_electronics_gbp_12m_pct,full,2,-0.015102871505764568,-0.04631793335110811,0.872093023255814,1.0,18,125,0
raw_annual_rates,ex_games_12m_pct,jp_epi_electronics_gbp_12m_pct,full,3,0.09131873314915286,0.0667645534356454,0.8372093023255814,1.0,18,124,0
raw_annual_rates,ex_games_12m_pct,jp_epi_electronics_gbp_12m_pct,full,4,0.20705122495365608,0.1823770794573017,0.45348837209302323,0.8488372093023255,18,123,0
raw_annual_rates,ex_games_12m_pct,jp_epi_electronics_gbp_12m_pct,full,5,0.3225465853837081,0.30278445191156006,0.26744186046511625,0.6627906976744186,18,122,0
raw_annual_rates,ex_games_12m_pct,jp_epi_electronics_gbp_12m_pct,full,6,0.41274839165661986,0.3983001745143827,0.18604651162790697,0.5813953488372093,18,121,0
raw_annual_rates,ex_games_12m_pct,jp_epi_electronics_gbp_12m_pct,full,7,0.5020106547923094,0.4946205547683261,0.06976744186046512,0.3372093023255814,18,120,0
raw_annual_rates,ex_games_12m_pct,jp_epi_electronics_gbp_12m_pct,full,8,0.5367689707479941,0.5320157400102422,0.05813953488372093,0.29069767441860467,18,119,0
raw_annual_rates,ex_games_12m_pct,jp_epi_electronics_gbp_12m_pct,full,9,0.5693080402908375,0.5663422277745842,0.023255813953488372,0.23255813953488372,18,118,0
raw_annual_rates,ex_games_12m_pct,jp_epi_electronics_gbp_12m_pct,full,10,0.5568823092438484,0.560853575931595,0.023255813953488372,0.2441860465116279,18,117,0
raw_annual_rates,ex_games_12m_pct,jp_epi_electronics_gbp_12m_pct,full,11,0.5204308982168041,0.5287577291891729,0.046511627906976744,0.3023255813953488,18,116,0
raw_annual_rates,ex_games_12m_pct,jp_epi_electronics_gbp_12m_pct,full,12,0.45505330282165285,0.4625528620782096,0.09302325581395349,0.45348837209302323,18,115,0
raw_annual_rates,ex_games_12m_pct,jp_epi_electronics_gbp_12m_pct,full,13,0.3745527951171846,0.3837704450768462,0.22093023255813954,0.6046511627906976,18,114,0
raw_annual_rates,ex_games_12m_pct,jp_epi_electronics_gbp_12m_pct,full,14,0.3000538405235427,0.3063597267228768,0.313953488372093,0.6627906976744186,18,113,0
raw_annual_rates,ex_games_12m_pct,jp_epi_electronics_gbp_12m_pct,full,15,0.23668697163514388,0.2415405676623882,0.38372093023255816,0.7441860465116279,18,112,0
raw_annual_rates,ex_games_12m_pct,jp_epi_electronics_gbp_12m_pct,full,16,0.14335431582537522,0.14603988160375544,0.5930232558139535,1.0,18,111,0
raw_annual_rates,ex_games_12m_pct,jp_epi_electronics_gbp_12m_pct,full,17,0.07466986540348462,0.07519362134208311,0.872093023255814,1.0,18,110,0
raw_annual_rates,ex_games_12m_pct,jp_epi_electronics_gbp_12m_pct,full,18,0.015369314558615869,0.015369314558615869,0.9651162790697675,1.0,18,109,0
raw_annual_rates,ex_games_12m_pct,jp_epi_electronics_gbp_12m_pct,pre_2020,0,0.028261768992968273,-0.040362998366565046,0.8571428571428571,1.0,18,48,0
raw_annual_rates,ex_games_12m_pct,jp_epi_electronics_gbp_12m_pct,pre_2020,1,0.15282332448786584,0.11843047836787063,0.8571428571428571,1.0,18,47,0
raw_annual_rates,ex_games_12m_pct,jp_epi_electronics_gbp_12m_pct,pre_2020,2,0.289694524039616,0.27946850006586965,0.7142857142857143,1.0,18,46,0
raw_annual_rates,ex_games_12m_pct,jp_epi_electronics_gbp_12m_pct,pre_2020,3,0.4260533704165354,0.4421816536017742,0.5714285714285714,1.0,18,45,0
raw_annual_rates,ex_games_12m_pct,jp_epi_electronics_gbp_12m_pct,pre_2020,4,0.5745186317411892,0.609807756217495,0.5714285714285714,1.0,18,44,0
raw_annual_rates,ex_games_12m_pct,jp_epi_electronics_gbp_12m_pct,pre_2020,5,0.6995242516267512,0.7391095322042205,0.42857142857142855,1.0,18,43,0
raw_annual_rates,ex_games_12m_pct,jp_epi_electronics_gbp_12m_pct,pre_2020,6,0.7973253469873869,0.8340980807556099,0.42857142857142855,1.0,18,42,0
raw_annual_rates,ex_games_12m_pct,jp_epi_electronics_gbp_12m_pct,pre_2020,7,0.8462324901588297,0.895959273367872,0.14285714285714285,0.14285714285714285,18,41,0
raw_annual_rates,ex_games_12m_pct,jp_epi_electronics_gbp_12m_pct,pre_2020,8,0.8071377579043633,0.8543441098583487,0.14285714285714285,0.14285714285714285,18,40,0
raw_annual_rates,ex_games_12m_pct,jp_epi_electronics_gbp_12m_pct,pre_2020,9,0.7814442021500319,0.8122775691233456,0.42857142857142855,1.0,18,39,0
raw_annual_rates,ex_games_12m_pct,jp_epi_electronics_gbp_12m_pct,pre_2020,10,0.7071400234998906,0.7353576823837825,0.5714285714285714,1.0,18,38,0
raw_annual_rates,ex_games_12m_pct,jp_epi_electronics_gbp_12m_pct,pre_2020,11,0.5818236746852092,0.5903846268319843,0.5714285714285714,1.0,18,37,0
raw_annual_rates,ex_games_12m_pct,jp_epi_electronics_gbp_12m_pct,pre_2020,12,0.4673649085769697,0.43735224413235707,0.5714285714285714,1.0,18,36,0
raw_annual_rates,ex_games_12m_pct,jp_epi_electronics_gbp_12m_pct,pre_2020,13,0.34104993251933724,0.2688822149025267,0.5714285714285714,1.0,18,35,0
raw_annual_rates,ex_games_12m_pct,jp_epi_electronics_gbp_12m_pct,pre_2020,14,0.20702425564710378,0.12250507984252884,0.8571428571428571,1.0,18,34,0
raw_annual_rates,ex_games_12m_pct,jp_epi_electronics_gbp_12m_pct,pre_2020,15,0.09063671493114078,0.012270293489297975,1.0,1.0,18,33,0
raw_annual_rates,ex_games_12m_pct,jp_epi_electronics_gbp_12m_pct,pre_2020,16,-0.03108776106485892,-0.11264158949898832,0.7142857142857143,1.0,18,32,0
raw_annual_rates,ex_games_12m_pct,jp_epi_electronics_gbp_12m_pct,pre_2020,17,-0.08569864432509199,-0.14756505128676495,0.7142857142857143,1.0,18,31,0
raw_annual_rates,ex_games_12m_pct,jp_epi_electronics_gbp_12m_pct,pre_2020,18,-0.13696538624528845,-0.13696538624528845,0.5714285714285714,1.0,18,30,0
raw_annual_rates,ex_games_12m_pct,jp_epi_electronics_gbp_12m_pct,pandemic_2020_2022,0,-0.7651392015988767,-0.7079339623921254,0.5,0.5,18,36,0
raw_annual_rates,ex_games_12m_pct,jp_epi_electronics_gbp_12m_pct,pandemic_2020_2022,1,-0.7429162112345512,-0.6330820966381726,0.5,0.5,18,35,0
raw_annual_rates,ex_games_12m_pct,jp_epi_electronics_gbp_12m_pct,pandemic_2020_2022,2,-0.700507654752069,-0.5117869587158885,0.5,0.5,18,34,0
raw_annual_rates,ex_games_12m_pct,jp_epi_electronics_gbp_12m_pct,pandemic_2020_2022,3,-0.6257867508550011,-0.38977816320315284,0.5,1.0,18,33,0
raw_annual_rates,ex_games_12m_pct,jp_epi_electronics_gbp_12m_pct,pandemic_2020_2022,4,-0.5283523769477921,-0.24703174020484803,1.0,1.0,18,32,0
raw_annual_rates,ex_games_12m_pct,jp_epi_electronics_gbp_12m_pct,pandemic_2020_2022,5,-0.4077602591934365,-0.11643616877855134,1.0,1.0,18,31,0
raw_annual_rates,ex_games_12m_pct,jp_epi_electronics_gbp_12m_pct,pandemic_2020_2022,6,-0.27947945429994714,0.06841010503157868,1.0,1.0,18,30,0
raw_annual_rates,ex_games_12m_pct,jp_epi_electronics_gbp_12m_pct,pandemic_2020_2022,7,-0.08654537036591638,0.28230026328093627,1.0,1.0,18,29,0
raw_annual_rates,ex_games_12m_pct,jp_epi_electronics_gbp_12m_pct,pandemic_2020_2022,8,0.14417183014096707,0.5856319397836969,0.5,0.5,18,28,0
raw_annual_rates,ex_games_12m_pct,jp_epi_electronics_gbp_12m_pct,pandemic_2020_2022,9,0.34922278917323635,0.7953963378631336,0.5,0.5,18,27,0
raw_annual_rates,ex_games_12m_pct,jp_epi_electronics_gbp_12m_pct,pandemic_2020_2022,10,0.5120387096493004,0.8213735313406739,0.5,0.5,18,26,0
raw_annual_rates,ex_games_12m_pct,jp_epi_electronics_gbp_12m_pct,pandemic_2020_2022,11,0.6770766921417515,0.8864177243222316,0.5,0.5,18,25,0
raw_annual_rates,ex_games_12m_pct,jp_epi_electronics_gbp_12m_pct,pandemic_2020_2022,12,0.7195158204474617,0.839160762116351,0.5,0.5,18,24,0
raw_annual_rates,ex_games_12m_pct,jp_epi_electronics_gbp_12m_pct,pandemic_2020_2022,13,0.779350345233654,0.8279857750410812,0.5,0.5,18,23,0
raw_annual_rates,ex_games_12m_pct,jp_epi_electronics_gbp_12m_pct,pandemic_2020_2022,14,0.8487593657999483,0.8584413229880778,0.5,0.5,18,22,0
raw_annual_rates,ex_games_12m_pct,jp_epi_electronics_gbp_12m_pct,pandemic_2020_2022,15,0.8213864452187334,0.8213036970105925,0.5,0.5,18,21,0
raw_annual_rates,ex_games_12m_pct,jp_epi_electronics_gbp_12m_pct,pandemic_2020_2022,16,0.7361988812400431,0.7236795773460333,0.5,0.5,18,20,0
raw_annual_rates,ex_games_12m_pct,jp_epi_electronics_gbp_12m_pct,pandemic_2020_2022,17,0.6677726608611787,0.656392463498143,0.5,0.5,18,19,0
raw_annual_rates,ex_games_12m_pct,jp_epi_electronics_gbp_12m_pct,pandemic_2020_2022,18,0.6707148469500182,0.6707148469500182,0.5,0.5,18,18,0
raw_annual_rates,ex_games_12m_pct,jp_epi_electronics_gbp_12m_pct,post_2022,0,-0.1674765759222373,-0.48759585153644475,1.0,1.0,18,43,0
raw_annual_rates,ex_games_12m_pct,jp_epi_electronics_gbp_12m_pct,post_2022,1,-0.049522009355630905,-0.19328973325093518,1.0,1.0,18,42,0
raw_annual_rates,ex_games_12m_pct,jp_epi_electronics_gbp_12m_pct,post_2022,2,0.030170847513421414,-0.039171939437702086,1.0,1.0,18,41,0
raw_annual_rates,ex_games_12m_pct,jp_epi_electronics_gbp_12m_pct,post_2022,3,0.12052065405455216,0.10470887785848979,0.5,1.0,18,40,0
raw_annual_rates,ex_games_12m_pct,jp_epi_electronics_gbp_12m_pct,post_2022,4,0.2038492734376787,0.14204272766953985,0.5,1.0,18,39,0
raw_annual_rates,ex_games_12m_pct,jp_epi_electronics_gbp_12m_pct,post_2022,5,0.3248789040550169,0.2784442257566677,0.5,1.0,18,38,0
raw_annual_rates,ex_games_12m_pct,jp_epi_electronics_gbp_12m_pct,post_2022,6,0.37648350779231116,0.3373764301514808,0.5,1.0,18,37,0
raw_annual_rates,ex_games_12m_pct,jp_epi_electronics_gbp_12m_pct,post_2022,7,0.5213367607740977,0.5371805681412184,0.5,1.0,18,36,0
raw_annual_rates,ex_games_12m_pct,jp_epi_electronics_gbp_12m_pct,post_2022,8,0.5630257135453658,0.5874397902619429,0.5,0.5,18,35,0
raw_annual_rates,ex_games_12m_pct,jp_epi_electronics_gbp_12m_pct,post_2022,9,0.5907076551863891,0.6241429351091197,0.5,0.5,18,34,0
raw_annual_rates,ex_games_12m_pct,jp_epi_electronics_gbp_12m_pct,post_2022,10,0.47580600275219737,0.5956060175770673,0.5,0.5,18,33,0
raw_annual_rates,ex_games_12m_pct,jp_epi_electronics_gbp_12m_pct,post_2022,11,0.3842430165684123,0.5526042963172713,0.5,1.0,18,32,0
raw_annual_rates,ex_games_12m_pct,jp_epi_electronics_gbp_12m_pct,post_2022,12,0.23035343270583716,0.3553238643587496,0.5,1.0,18,31,0
raw_annual_rates,ex_games_12m_pct,jp_epi_electronics_gbp_12m_pct,post_2022,13,-0.062047358571799625,0.03145572550584745,1.0,1.0,18,30,0
raw_annual_rates,ex_games_12m_pct,jp_epi_electronics_gbp_12m_pct,post_2022,14,-0.0472349593552752,-0.03568799926686116,1.0,1.0,18,29,0
raw_annual_rates,ex_games_12m_pct,jp_epi_electronics_gbp_12m_pct,post_2022,15,-0.06672588288407953,-0.09993685583667891,0.5,1.0,18,28,0
raw_annual_rates,ex_games_12m_pct,jp_epi_electronics_gbp_12m_pct,post_2022,16,-0.07848094401106319,-0.1544019363332007,0.5,1.0,18,27,0
raw_annual_rates,ex_games_12m_pct,jp_epi_electronics_gbp_12m_pct,post_2022,17,-0.18732544528715273,-0.25246908121959927,0.5,1.0,18,26,0
raw_annual_rates,ex_games_12m_pct,jp_epi_electronics_gbp_12m_pct,post_2022,18,-0.18276818477774182,-0.18276818477774182,0.5,1.0,18,25,0
raw_annual_rates,ex_games_12m_pct,kr_epi_tech_gbp_12m_pct,full,0,-0.08173749334187319,-0.15790590791114287,0.7555555555555555,1.0,18,86,0
raw_annual_rates,ex_games_12m_pct,kr_epi_tech_gbp_12m_pct,full,1,-0.06399146079083719,-0.1433633061341826,0.8222222222222222,1.0,18,85,0
raw_annual_rates,ex_games_12m_pct,kr_epi_tech_gbp_12m_pct,full,2,-0.0523790778533767,-0.1276845640866818,0.8444444444444444,1.0,18,84,0
raw_annual_rates,ex_games_12m_pct,kr_epi_tech_gbp_12m_pct,full,3,-0.05443153874686069,-0.12239296928855549,0.8444444444444444,1.0,18,83,0
raw_annual_rates,ex_games_12m_pct,kr_epi_tech_gbp_12m_pct,full,4,-0.06270988442522986,-0.11695414082355624,0.8444444444444444,1.0,18,82,0
raw_annual_rates,ex_games_12m_pct,kr_epi_tech_gbp_12m_pct,full,5,-0.02956299798274112,-0.06773871898326106,0.9555555555555556,1.0,18,81,0
raw_annual_rates,ex_games_12m_pct,kr_epi_tech_gbp_12m_pct,full,6,-0.012410990845367582,-0.04088452092021455,0.9555555555555556,1.0,18,80,0
raw_annual_rates,ex_games_12m_pct,kr_epi_tech_gbp_12m_pct,full,7,-0.00034778515557853305,-0.022746834306573805,0.9555555555555556,1.0,18,79,0
raw_annual_rates,ex_games_12m_pct,kr_epi_tech_gbp_12m_pct,full,8,0.016675858938187384,-0.01432057223765777,0.9555555555555556,1.0,18,78,0
raw_annual_rates,ex_games_12m_pct,kr_epi_tech_gbp_12m_pct,full,9,-0.008076919037846632,-0.03680570991747748,0.9777777777777777,1.0,18,77,0
raw_annual_rates,ex_games_12m_pct,kr_epi_tech_gbp_12m_pct,full,10,-0.017044896151963296,-0.023751925218038723,0.9555555555555556,1.0,18,76,0
raw_annual_rates,ex_games_12m_pct,kr_epi_tech_gbp_12m_pct,full,11,-0.019667252504445287,-0.014332762478521239,0.9555555555555556,1.0,18,75,0
raw_annual_rates,ex_games_12m_pct,kr_epi_tech_gbp_12m_pct,full,12,-0.04836507493508046,-0.0380022109462245,0.9555555555555556,1.0,18,74,0
raw_annual_rates,ex_games_12m_pct,kr_epi_tech_gbp_12m_pct,full,13,-0.09077213100416695,-0.07962539554496398,0.9333333333333333,1.0,18,73,0
raw_annual_rates,ex_games_12m_pct,kr_epi_tech_gbp_12m_pct,full,14,-0.11580616564500709,-0.10881323588041579,0.8666666666666667,1.0,18,72,0
raw_annual_rates,ex_games_12m_pct,kr_epi_tech_gbp_12m_pct,full,15,-0.10434991802229848,-0.10091977871928277,0.9111111111111111,1.0,18,71,0
raw_annual_rates,ex_games_12m_pct,kr_epi_tech_gbp_12m_pct,full,16,-0.09782852715346092,-0.10223015771208878,0.8666666666666667,1.0,18,70,0
raw_annual_rates,ex_games_12m_pct,kr_epi_tech_gbp_12m_pct,full,17,-0.09837358780278221,-0.10180697343325054,0.9111111111111111,1.0,18,69,0
raw_annual_rates,ex_games_12m_pct,kr_epi_tech_gbp_12m_pct,full,18,-0.09163505117894287,-0.09163505117894287,0.9333333333333333,1.0,18,68,0
raw_annual_rates,ex_games_12m_pct,kr_epi_tech_gbp_12m_pct,pandemic_2020_2022,0,0.4713882889119069,0.6258464219685219,0.5,0.5,18,36,0
raw_annual_rates,ex_games_12m_pct,kr_epi_tech_gbp_12m_pct,pandemic_2020_2022,1,0.426302443661725,0.6847763102762048,0.5,0.5,18,35,0
raw_annual_rates,ex_games_12m_pct,kr_epi_tech_gbp_12m_pct,pandemic_2020_2022,2,0.2782432695844245,0.7320375465459182,0.5,0.5,18,34,0
raw_annual_rates,ex_games_12m_pct,kr_epi_tech_gbp_12m_pct,pandemic_2020_2022,3,0.14063181508089895,0.7369809040685908,0.5,0.5,18,33,0
raw_annual_rates,ex_games_12m_pct,kr_epi_tech_gbp_12m_pct,pandemic_2020_2022,4,0.026573742158104402,0.7107885074573286,0.5,0.5,18,32,0
raw_annual_rates,ex_games_12m_pct,kr_epi_tech_gbp_12m_pct,pandemic_2020_2022,5,-0.17628958760609423,0.596396157411665,0.5,0.5,18,31,0
raw_annual_rates,ex_games_12m_pct,kr_epi_tech_gbp_12m_pct,pandemic_2020_2022,6,-0.4061759658197198,0.40811690876425816,0.5,1.0,18,30,0
raw_annual_rates,ex_games_12m_pct,kr_epi_tech_gbp_12m_pct,pandemic_2020_2022,7,-0.4992092266176438,0.25664724952604323,1.0,1.0,18,29,0
raw_annual_rates,ex_games_12m_pct,kr_epi_tech_gbp_12m_pct,pandemic_2020_2022,8,-0.6007641944748847,-0.04911021554327781,1.0,1.0,18,28,0
raw_annual_rates,ex_games_12m_pct,kr_epi_tech_gbp_12m_pct,pandemic_2020_2022,9,-0.6020564311268273,0.017467968735225735,1.0,1.0,18,27,0
raw_annual_rates,ex_games_12m_pct,kr_epi_tech_gbp_12m_pct,pandemic_2020_2022,10,-0.6573865620132322,-0.2511751586743056,0.5,1.0,18,26,0
raw_annual_rates,ex_games_12m_pct,kr_epi_tech_gbp_12m_pct,pandemic_2020_2022,11,-0.6989911417889515,-0.4180491120747592,0.5,1.0,18,25,0
raw_annual_rates,ex_games_12m_pct,kr_epi_tech_gbp_12m_pct,pandemic_2020_2022,12,-0.7120156710224181,-0.4842205247577557,0.5,1.0,18,24,0
raw_annual_rates,ex_games_12m_pct,kr_epi_tech_gbp_12m_pct,pandemic_2020_2022,13,-0.712734249357758,-0.5485091277465697,0.5,0.5,18,23,0
raw_annual_rates,ex_games_12m_pct,kr_epi_tech_gbp_12m_pct,pandemic_2020_2022,14,-0.6132544674230569,-0.48024487775513736,0.5,1.0,18,22,0
raw_annual_rates,ex_games_12m_pct,kr_epi_tech_gbp_12m_pct,pandemic_2020_2022,15,-0.5980038638009855,-0.540609157497879,0.5,0.5,18,21,0
raw_annual_rates,ex_games_12m_pct,kr_epi_tech_gbp_12m_pct,pandemic_2020_2022,16,-0.6433087025465923,-0.6230380509456198,0.5,0.5,18,20,0
raw_annual_rates,ex_games_12m_pct,kr_epi_tech_gbp_12m_pct,pandemic_2020_2022,17,-0.6849814801075848,-0.6880297761496306,0.5,0.5,18,19,0
raw_annual_rates,ex_games_12m_pct,kr_epi_tech_gbp_12m_pct,pandemic_2020_2022,18,-0.6201493162224238,-0.6201493162224238,0.5,0.5,18,18,0
raw_annual_rates,ex_games_12m_pct,kr_epi_tech_gbp_12m_pct,post_2022,0,-0.28001452506104324,-0.863946712744135,1.0,1.0,18,41,0
raw_annual_rates,ex_games_12m_pct,kr_epi_tech_gbp_12m_pct,post_2022,1,-0.2847686029046269,-0.8442815539136338,0.5,1.0,18,40,0
raw_annual_rates,ex_games_12m_pct,kr_epi_tech_gbp_12m_pct,post_2022,2,-0.2822474205843405,-0.7663867528380073,0.5,1.0,18,39,0
raw_annual_rates,ex_games_12m_pct,kr_epi_tech_gbp_12m_pct,post_2022,3,-0.294920325983261,-0.6952017006374218,0.5,1.0,18,38,0
raw_annual_rates,ex_games_12m_pct,kr_epi_tech_gbp_12m_pct,post_2022,4,-0.3291357139246376,-0.6308662953992804,0.5,1.0,18,37,0
raw_annual_rates,ex_games_12m_pct,kr_epi_tech_gbp_12m_pct,post_2022,5,-0.25974672116011444,-0.4713309333767152,0.5,1.0,18,36,0
raw_annual_rates,ex_games_12m_pct,kr_epi_tech_gbp_12m_pct,post_2022,6,-0.16807987300175978,-0.33209778027119485,0.5,1.0,18,35,0
raw_annual_rates,ex_games_12m_pct,kr_epi_tech_gbp_12m_pct,post_2022,7,-0.0973631031224434,-0.21044772264619122,0.5,1.0,18,34,0
raw_annual_rates,ex_games_12m_pct,kr_epi_tech_gbp_12m_pct,post_2022,8,0.03805614615142916,-0.06925191743605301,0.5,1.0,18,33,0
raw_annual_rates,ex_games_12m_pct,kr_epi_tech_gbp_12m_pct,post_2022,9,0.04316667191486382,-0.035129174313440654,1.0,1.0,18,32,0
raw_annual_rates,ex_games_12m_pct,kr_epi_tech_gbp_12m_pct,post_2022,10,0.10574205854237224,0.12235573069092202,1.0,1.0,18,31,0
raw_annual_rates,ex_games_12m_pct,kr_epi_tech_gbp_12m_pct,post_2022,11,0.14183156175567893,0.20789323442151109,1.0,1.0,18,30,0
raw_annual_rates,ex_games_12m_pct,kr_epi_tech_gbp_12m_pct,post_2022,12,0.13731504431818942,0.2140694931377224,1.0,1.0,18,29,0
raw_annual_rates,ex_games_12m_pct,kr_epi_tech_gbp_12m_pct,post_2022,13,0.11600209181759477,0.1953439770691657,0.5,1.0,18,28,0
raw_annual_rates,ex_games_12m_pct,kr_epi_tech_gbp_12m_pct,post_2022,14,0.04097492681807751,0.0716761906126509,1.0,1.0,18,27,0
raw_annual_rates,ex_games_12m_pct,kr_epi_tech_gbp_12m_pct,post_2022,15,0.05762896535488441,0.06296737457339516,0.5,1.0,18,26,0
raw_annual_rates,ex_games_12m_pct,kr_epi_tech_gbp_12m_pct,post_2022,16,0.09418501781050419,0.0645929254318957,1.0,1.0,18,25,0
raw_annual_rates,ex_games_12m_pct,kr_epi_tech_gbp_12m_pct,post_2022,17,0.012055562346975362,-0.017836892639563416,1.0,1.0,18,24,0
raw_annual_rates,ex_games_12m_pct,kr_epi_tech_gbp_12m_pct,post_2022,18,-0.05329559402315323,-0.05329559402315323,1.0,1.0,18,23,0
raw_annual_rates,ex_games_12m_pct,cn_ppi_tech_gbp_12m_pct,full,0,-0.22154121018425202,-0.4283997804633238,0.058823529411764705,0.9411764705882353,18,58,0
raw_annual_rates,ex_games_12m_pct,cn_ppi_tech_gbp_12m_pct,full,1,-0.1287616093548963,-0.3123600165129872,0.058823529411764705,1.0,18,57,0
raw_annual_rates,ex_games_12m_pct,cn_ppi_tech_gbp_12m_pct,full,2,-0.09526168571675016,-0.2297252210074057,0.058823529411764705,1.0,18,56,0
raw_annual_rates,ex_games_12m_pct,cn_ppi_tech_gbp_12m_pct,full,3,-0.024497240167056716,-0.12151149570415237,0.11764705882352941,1.0,18,55,0
raw_annual_rates,ex_games_12m_pct,cn_ppi_tech_gbp_12m_pct,full,4,0.042978947256006046,-0.016193938155101496,0.7647058823529411,1.0,18,54,0
raw_annual_rates,ex_games_12m_pct,cn_ppi_tech_gbp_12m_pct,full,5,0.1440273236812045,0.10902671468731705,0.5294117647058824,1.0,18,53,0
raw_annual_rates,ex_games_12m_pct,cn_ppi_tech_gbp_12m_pct,full,6,0.24241704751507623,0.21953623240453513,0.29411764705882354,1.0,18,52,0
raw_annual_rates,ex_games_12m_pct,cn_ppi_tech_gbp_12m_pct,full,7,0.3730479874015727,0.38216641707195487,0.11764705882352941,1.0,18,51,0
raw_annual_rates,ex_games_12m_pct,cn_ppi_tech_gbp_12m_pct,full,8,0.4984293754542423,0.5015896837900143,0.058823529411764705,0.8823529411764706,18,50,0
raw_annual_rates,ex_games_12m_pct,cn_ppi_tech_gbp_12m_pct,full,9,0.5875109979239876,0.5961903928934139,0.058823529411764705,0.5882352941176471,18,49,0
raw_annual_rates,ex_games_12m_pct,cn_ppi_tech_gbp_12m_pct,full,10,0.6595697512245355,0.6599537213400837,0.058823529411764705,0.058823529411764705,18,48,0
raw_annual_rates,ex_games_12m_pct,cn_ppi_tech_gbp_12m_pct,full,11,0.6902935841744112,0.6913200876555209,0.058823529411764705,0.058823529411764705,18,47,0
raw_annual_rates,ex_games_12m_pct,cn_ppi_tech_gbp_12m_pct,full,12,0.6928280329804821,0.694784257195616,0.058823529411764705,0.058823529411764705,18,46,0
raw_annual_rates,ex_games_12m_pct,cn_ppi_tech_gbp_12m_pct,full,13,0.6509654910419514,0.6640295019785776,0.058823529411764705,0.058823529411764705,18,45,0
raw_annual_rates,ex_games_12m_pct,cn_ppi_tech_gbp_12m_pct,full,14,0.6446554265418672,0.6586418569629954,0.058823529411764705,0.058823529411764705,18,44,0
raw_annual_rates,ex_games_12m_pct,cn_ppi_tech_gbp_12m_pct,full,15,0.6038100615123996,0.6058505228037803,0.23529411764705882,0.5882352941176471,18,43,0
raw_annual_rates,ex_games_12m_pct,cn_ppi_tech_gbp_12m_pct,full,16,0.5336019861745536,0.5388021868351143,0.4117647058823529,0.7058823529411765,18,42,0
raw_annual_rates,ex_games_12m_pct,cn_ppi_tech_gbp_12m_pct,full,17,0.42609868727252015,0.42451616340393694,0.6470588235294118,1.0,18,41,0
raw_annual_rates,ex_games_12m_pct,cn_ppi_tech_gbp_12m_pct,full,18,0.35355615953400843,0.35355615953400843,0.7058823529411765,1.0,18,40,0
raw_annual_rates,ex_games_12m_pct,cn_ppi_tech_gbp_12m_pct,post_2022,0,-0.3128255973140571,-0.26378422756778097,0.5,1.0,18,36,0
raw_annual_rates,ex_games_12m_pct,cn_ppi_tech_gbp_12m_pct,post_2022,1,-0.006034784321911338,0.10432554047520294,1.0,1.0,18,35,0
raw_annual_rates,ex_games_12m_pct,cn_ppi_tech_gbp_12m_pct,post_2022,2,0.12776041660312742,0.3229870469467088,1.0,1.0,18,34,0
raw_annual_rates,ex_games_12m_pct,cn_ppi_tech_gbp_12m_pct,post_2022,3,0.27249721124432785,0.5358064040290814,1.0,1.0,18,33,0
raw_annual_rates,ex_games_12m_pct,cn_ppi_tech_gbp_12m_pct,post_2022,4,0.3178709996073543,0.5363827276796009,1.0,1.0,18,32,0
raw_annual_rates,ex_games_12m_pct,cn_ppi_tech_gbp_12m_pct,post_2022,5,0.39534910314579147,0.5269849176009892,1.0,1.0,18,31,0
raw_annual_rates,ex_games_12m_pct,cn_ppi_tech_gbp_12m_pct,post_2022,6,0.4185584084550364,0.5092613040812864,1.0,1.0,18,30,0
raw_annual_rates,ex_games_12m_pct,cn_ppi_tech_gbp_12m_pct,post_2022,7,0.516289275901012,0.664666228448669,0.5,1.0,18,29,0
raw_annual_rates,ex_games_12m_pct,cn_ppi_tech_gbp_12m_pct,post_2022,8,0.6146676118972783,0.7680936030514163,0.5,1.0,18,28,0
raw_annual_rates,ex_games_12m_pct,cn_ppi_tech_gbp_12m_pct,post_2022,9,0.6576035021153004,0.7798718504844256,0.5,1.0,18,27,0
raw_annual_rates,ex_games_12m_pct,cn_ppi_tech_gbp_12m_pct,post_2022,10,0.6586826548623154,0.7435250192551603,0.5,1.0,18,26,0
raw_annual_rates,ex_games_12m_pct,cn_ppi_tech_gbp_12m_pct,post_2022,11,0.4823977851648086,0.494208847799881,0.5,1.0,18,25,0
raw_annual_rates,ex_games_12m_pct,cn_ppi_tech_gbp_12m_pct,post_2022,12,0.3370649735671932,0.32334256143691453,0.5,1.0,18,24,0
raw_annual_rates,ex_games_12m_pct,cn_ppi_tech_gbp_12m_pct,post_2022,13,-0.011466861146287184,-0.002550798924969109,1.0,1.0,18,23,0
raw_annual_rates,ex_games_12m_pct,cn_ppi_tech_gbp_12m_pct,post_2022,14,-0.03386161444309521,-0.02059972166535899,1.0,1.0,18,22,0
raw_annual_rates,ex_games_12m_pct,cn_ppi_tech_gbp_12m_pct,post_2022,15,-0.19229810794015376,-0.2923140414890225,1.0,1.0,18,21,0
raw_annual_rates,ex_games_12m_pct,cn_ppi_tech_gbp_12m_pct,post_2022,16,-0.20190070699444007,-0.3044579396522221,1.0,1.0,18,20,0
raw_annual_rates,ex_games_12m_pct,cn_ppi_tech_gbp_12m_pct,post_2022,17,-0.3928673893043276,-0.40686092356290127,0.5,1.0,18,19,0
raw_annual_rates,ex_games_12m_pct,cn_ppi_tech_gbp_12m_pct,post_2022,18,-0.3335496646778512,-0.3335496646778512,0.5,1.0,18,18,0
raw_annual_rates,ex_games_12m_pct,tw_epi_integrated_circuits_gbp_12m_pct,full,0,-0.06730560968514447,-0.10650730707244913,0.7093023255813954,1.0,18,127,0
raw_annual_rates,ex_games_12m_pct,tw_epi_integrated_circuits_gbp_12m_pct,full,1,0.019625446391344944,-0.020859490923815744,0.9302325581395349,1.0,18,126,0
raw_annual_rates,ex_games_12m_pct,tw_epi_integrated_circuits_gbp_12m_pct,full,2,0.09393996868212712,0.06053025804388628,0.8604651162790697,1.0,18,125,0
raw_annual_rates,ex_games_12m_pct,tw_epi_integrated_circuits_gbp_12m_pct,full,3,0.16961895187620807,0.14280571564247185,0.5930232558139535,0.9767441860465116,18,124,0
raw_annual_rates,ex_games_12m_pct,tw_epi_integrated_circuits_gbp_12m_pct,full,4,0.250239727033528,0.2309658562273623,0.4186046511627907,0.8488372093023255,18,123,0
raw_annual_rates,ex_games_12m_pct,tw_epi_integrated_circuits_gbp_12m_pct,full,5,0.3334145455206025,0.3225097514817804,0.26744186046511625,0.5930232558139535,18,122,0
raw_annual_rates,ex_games_12m_pct,tw_epi_integrated_circuits_gbp_12m_pct,full,6,0.40162245553827425,0.39678525075096094,0.23255813953488372,0.4883720930232558,18,121,0
raw_annual_rates,ex_games_12m_pct,tw_epi_integrated_circuits_gbp_12m_pct,full,7,0.4701164972976212,0.46736878804845516,0.16279069767441862,0.4418604651162791,18,120,0
raw_annual_rates,ex_games_12m_pct,tw_epi_integrated_circuits_gbp_12m_pct,full,8,0.4934866897523318,0.48772409737976613,0.1511627906976744,0.4186046511627907,18,119,0
raw_annual_rates,ex_games_12m_pct,tw_epi_integrated_circuits_gbp_12m_pct,full,9,0.5118210405301987,0.506233036740106,0.11627906976744186,0.3953488372093023,18,118,0
raw_annual_rates,ex_games_12m_pct,tw_epi_integrated_circuits_gbp_12m_pct,full,10,0.5024384480158082,0.5002139142487074,0.12790697674418605,0.4069767441860465,18,117,0
raw_annual_rates,ex_games_12m_pct,tw_epi_integrated_circuits_gbp_12m_pct,full,11,0.4682378449528007,0.47066039862699705,0.1511627906976744,0.4418604651162791,18,116,0
raw_annual_rates,ex_games_12m_pct,tw_epi_integrated_circuits_gbp_12m_pct,full,12,0.4082096219738297,0.41323577450003374,0.19767441860465115,0.4883720930232558,18,115,0
raw_annual_rates,ex_games_12m_pct,tw_epi_integrated_circuits_gbp_12m_pct,full,13,0.3408556506727514,0.34760061934523323,0.2441860465116279,0.5697674418604651,18,114,0
raw_annual_rates,ex_games_12m_pct,tw_epi_integrated_circuits_gbp_12m_pct,full,14,0.282587302880489,0.28987576911053964,0.3023255813953488,0.7093023255813954,18,113,0
raw_annual_rates,ex_games_12m_pct,tw_epi_integrated_circuits_gbp_12m_pct,full,15,0.23552727143093335,0.2412382493157292,0.46511627906976744,0.8255813953488372,18,112,0
raw_annual_rates,ex_games_12m_pct,tw_epi_integrated_circuits_gbp_12m_pct,full,16,0.1699650712090159,0.1731537783107014,0.6162790697674418,0.9534883720930233,18,111,0
raw_annual_rates,ex_games_12m_pct,tw_epi_integrated_circuits_gbp_12m_pct,full,17,0.11158778335912826,0.11278114224517556,0.7325581395348837,1.0,18,110,0
raw_annual_rates,ex_games_12m_pct,tw_epi_integrated_circuits_gbp_12m_pct,full,18,0.06493037165424359,0.06493037165424359,0.8372093023255814,1.0,18,109,0
raw_annual_rates,ex_games_12m_pct,tw_epi_integrated_circuits_gbp_12m_pct,pre_2020,0,0.1536806632696472,0.09029914169256525,0.8571428571428571,1.0,18,48,0
raw_annual_rates,ex_games_12m_pct,tw_epi_integrated_circuits_gbp_12m_pct,pre_2020,1,0.28812572659093344,0.25412217924344005,0.7142857142857143,1.0,18,47,0
raw_annual_rates,ex_games_12m_pct,tw_epi_integrated_circuits_gbp_12m_pct,pre_2020,2,0.42801990327289535,0.41518916887503277,0.5714285714285714,1.0,18,46,0
raw_annual_rates,ex_games_12m_pct,tw_epi_integrated_circuits_gbp_12m_pct,pre_2020,3,0.5574076370162069,0.5646267118347563,0.42857142857142855,1.0,18,45,0
raw_annual_rates,ex_games_12m_pct,tw_epi_integrated_circuits_gbp_12m_pct,pre_2020,4,0.6932200339619792,0.7201686643496649,0.42857142857142855,1.0,18,44,0
raw_annual_rates,ex_games_12m_pct,tw_epi_integrated_circuits_gbp_12m_pct,pre_2020,5,0.7913338218928914,0.828226218472411,0.42857142857142855,0.5714285714285714,18,43,0
raw_annual_rates,ex_games_12m_pct,tw_epi_integrated_circuits_gbp_12m_pct,pre_2020,6,0.8507445950854068,0.8886041534008534,0.14285714285714285,0.14285714285714285,18,42,0
raw_annual_rates,ex_games_12m_pct,tw_epi_integrated_circuits_gbp_12m_pct,pre_2020,7,0.8517367155603814,0.90700791709707,0.14285714285714285,0.14285714285714285,18,41,0
raw_annual_rates,ex_games_12m_pct,tw_epi_integrated_circuits_gbp_12m_pct,pre_2020,8,0.7660795081443815,0.8268983833632472,0.14285714285714285,0.5714285714285714,18,40,0
raw_annual_rates,ex_games_12m_pct,tw_epi_integrated_circuits_gbp_12m_pct,pre_2020,9,0.6907563685672682,0.7314339798103254,0.5714285714285714,1.0,18,39,0
raw_annual_rates,ex_games_12m_pct,tw_epi_integrated_circuits_gbp_12m_pct,pre_2020,10,0.5848349207435369,0.615345680545121,0.7142857142857143,1.0,18,38,0
raw_annual_rates,ex_games_12m_pct,tw_epi_integrated_circuits_gbp_12m_pct,pre_2020,11,0.4364735574301665,0.4456725393832863,0.7142857142857143,1.0,18,37,0
raw_annual_rates,ex_games_12m_pct,tw_epi_integrated_circuits_gbp_12m_pct,pre_2020,12,0.30337209884289706,0.28299800293010857,0.7142857142857143,1.0,18,36,0
raw_annual_rates,ex_games_12m_pct,tw_epi_integrated_circuits_gbp_12m_pct,pre_2020,13,0.1780168237966,0.11527797660232311,0.8571428571428571,1.0,18,35,0
raw_annual_rates,ex_games_12m_pct,tw_epi_integrated_circuits_gbp_12m_pct,pre_2020,14,0.05101099539312363,-0.022511205259114993,1.0,1.0,18,34,0
raw_annual_rates,ex_games_12m_pct,tw_epi_integrated_circuits_gbp_12m_pct,pre_2020,15,-0.051852937350202716,-0.11406295425547587,0.8571428571428571,1.0,18,33,0
raw_annual_rates,ex_games_12m_pct,tw_epi_integrated_circuits_gbp_12m_pct,pre_2020,16,-0.14954096028323077,-0.215655394592211,0.5714285714285714,1.0,18,32,0
raw_annual_rates,ex_games_12m_pct,tw_epi_integrated_circuits_gbp_12m_pct,pre_2020,17,-0.18987671543284046,-0.24301298138431796,0.5714285714285714,1.0,18,31,0
raw_annual_rates,ex_games_12m_pct,tw_epi_integrated_circuits_gbp_12m_pct,pre_2020,18,-0.19912270386472503,-0.19912270386472503,0.5714285714285714,1.0,18,30,0
raw_annual_rates,ex_games_12m_pct,tw_epi_integrated_circuits_gbp_12m_pct,pandemic_2020_2022,0,-0.539942984358567,-0.5562384400695182,0.5,0.5,18,36,0
raw_annual_rates,ex_games_12m_pct,tw_epi_integrated_circuits_gbp_12m_pct,pandemic_2020_2022,1,-0.5989157190138201,-0.4736745455039823,0.5,0.5,18,35,0
raw_annual_rates,ex_games_12m_pct,tw_epi_integrated_circuits_gbp_12m_pct,pandemic_2020_2022,2,-0.6654036328998706,-0.35102616165953443,0.5,1.0,18,34,0
raw_annual_rates,ex_games_12m_pct,tw_epi_integrated_circuits_gbp_12m_pct,pandemic_2020_2022,3,-0.6964637670193462,-0.23720964798355398,0.5,1.0,18,33,0
raw_annual_rates,ex_games_12m_pct,tw_epi_integrated_circuits_gbp_12m_pct,pandemic_2020_2022,4,-0.6986105606537198,-0.09090663840719186,1.0,1.0,18,32,0
raw_annual_rates,ex_games_12m_pct,tw_epi_integrated_circuits_gbp_12m_pct,pandemic_2020_2022,5,-0.7041459976481,-0.022498653863070348,1.0,1.0,18,31,0
raw_annual_rates,ex_games_12m_pct,tw_epi_integrated_circuits_gbp_12m_pct,pandemic_2020_2022,6,-0.6766557313396209,0.1138311261807221,1.0,1.0,18,30,0
raw_annual_rates,ex_games_12m_pct,tw_epi_integrated_circuits_gbp_12m_pct,pandemic_2020_2022,7,-0.6030934956774812,0.28696983234740076,1.0,1.0,18,29,0
raw_annual_rates,ex_games_12m_pct,tw_epi_integrated_circuits_gbp_12m_pct,pandemic_2020_2022,8,-0.5157498304465719,0.46495479535091655,0.5,0.5,18,28,0
raw_annual_rates,ex_games_12m_pct,tw_epi_integrated_circuits_gbp_12m_pct,pandemic_2020_2022,9,-0.3534591464711113,0.7289895403248027,0.5,0.5,18,27,0
raw_annual_rates,ex_games_12m_pct,tw_epi_integrated_circuits_gbp_12m_pct,pandemic_2020_2022,10,-0.21959062408605914,0.7044785094201389,0.5,0.5,18,26,0
raw_annual_rates,ex_games_12m_pct,tw_epi_integrated_circuits_gbp_12m_pct,pandemic_2020_2022,11,-0.044271239731152746,0.7334677294424291,0.5,0.5,18,25,0
raw_annual_rates,ex_games_12m_pct,tw_epi_integrated_circuits_gbp_12m_pct,pandemic_2020_2022,12,0.09018847351874669,0.6822891821591113,0.5,0.5,18,24,0
raw_annual_rates,ex_games_12m_pct,tw_epi_integrated_circuits_gbp_12m_pct,pandemic_2020_2022,13,0.2783383359999952,0.6419908365178152,0.5,0.5,18,23,0
raw_annual_rates,ex_games_12m_pct,tw_epi_integrated_circuits_gbp_12m_pct,pandemic_2020_2022,14,0.5211560551469024,0.7066366255608219,0.5,0.5,18,22,0
raw_annual_rates,ex_games_12m_pct,tw_epi_integrated_circuits_gbp_12m_pct,pandemic_2020_2022,15,0.5693134199557767,0.6685430204423964,0.5,0.5,18,21,0
raw_annual_rates,ex_games_12m_pct,tw_epi_integrated_circuits_gbp_12m_pct,pandemic_2020_2022,16,0.4998817775909827,0.551271211349307,0.5,0.5,18,20,0
raw_annual_rates,ex_games_12m_pct,tw_epi_integrated_circuits_gbp_12m_pct,pandemic_2020_2022,17,0.46532436826261325,0.47088147916234296,0.5,0.5,18,19,0
raw_annual_rates,ex_games_12m_pct,tw_epi_integrated_circuits_gbp_12m_pct,pandemic_2020_2022,18,0.5122091498326359,0.5122091498326359,0.5,0.5,18,18,0
raw_annual_rates,ex_games_12m_pct,tw_epi_integrated_circuits_gbp_12m_pct,post_2022,0,-0.14316666148123633,-0.4088254124971036,1.0,1.0,18,43,0
raw_annual_rates,ex_games_12m_pct,tw_epi_integrated_circuits_gbp_12m_pct,post_2022,1,0.02606760454484008,-0.07759849388653155,1.0,1.0,18,42,0
raw_annual_rates,ex_games_12m_pct,tw_epi_integrated_circuits_gbp_12m_pct,post_2022,2,0.10719717246348923,0.06058857176363945,1.0,1.0,18,41,0
raw_annual_rates,ex_games_12m_pct,tw_epi_integrated_circuits_gbp_12m_pct,post_2022,3,0.2004998309528572,0.2168982255520769,0.5,1.0,18,40,0
raw_annual_rates,ex_games_12m_pct,tw_epi_integrated_circuits_gbp_12m_pct,post_2022,4,0.20705968407497366,0.21565293873062996,0.5,1.0,18,39,0
raw_annual_rates,ex_games_12m_pct,tw_epi_integrated_circuits_gbp_12m_pct,post_2022,5,0.26439511642661107,0.30727170997163294,0.5,1.0,18,38,0
raw_annual_rates,ex_games_12m_pct,tw_epi_integrated_circuits_gbp_12m_pct,post_2022,6,0.25725497566087996,0.3343048076870044,0.5,1.0,18,37,0
raw_annual_rates,ex_games_12m_pct,tw_epi_integrated_circuits_gbp_12m_pct,post_2022,7,0.4383104838628276,0.5203082199650924,0.5,0.5,18,36,0
raw_annual_rates,ex_games_12m_pct,tw_epi_integrated_circuits_gbp_12m_pct,post_2022,8,0.5322985297304602,0.5511808380514168,0.5,0.5,18,35,0
raw_annual_rates,ex_games_12m_pct,tw_epi_integrated_circuits_gbp_12m_pct,post_2022,9,0.626216933016036,0.6340846226890199,0.5,0.5,18,34,0
raw_annual_rates,ex_games_12m_pct,tw_epi_integrated_circuits_gbp_12m_pct,post_2022,10,0.5969117629225025,0.6708476374467061,0.5,0.5,18,33,0
raw_annual_rates,ex_games_12m_pct,tw_epi_integrated_circuits_gbp_12m_pct,post_2022,11,0.47280351144955707,0.5926280408238435,0.5,0.5,18,32,0
raw_annual_rates,ex_games_12m_pct,tw_epi_integrated_circuits_gbp_12m_pct,post_2022,12,0.2843025238324518,0.38197047476466656,0.5,1.0,18,31,0
raw_annual_rates,ex_games_12m_pct,tw_epi_integrated_circuits_gbp_12m_pct,post_2022,13,-0.0014981604114748766,0.047265583489744516,1.0,1.0,18,30,0
raw_annual_rates,ex_games_12m_pct,tw_epi_integrated_circuits_gbp_12m_pct,post_2022,14,-0.03951942364546774,-0.05033754972411081,1.0,1.0,18,29,0
raw_annual_rates,ex_games_12m_pct,tw_epi_integrated_circuits_gbp_12m_pct,post_2022,15,-0.0858617377486065,-0.14727486795865702,0.5,1.0,18,28,0
raw_annual_rates,ex_games_12m_pct,tw_epi_integrated_circuits_gbp_12m_pct,post_2022,16,-0.009345093658320359,-0.1148534691489646,0.5,1.0,18,27,0
raw_annual_rates,ex_games_12m_pct,tw_epi_integrated_circuits_gbp_12m_pct,post_2022,17,-0.13680417909601822,-0.21023222928380328,0.5,1.0,18,26,0
raw_annual_rates,ex_games_12m_pct,tw_epi_integrated_circuits_gbp_12m_pct,post_2022,18,-0.06018232686811126,-0.06018232686811126,0.5,1.0,18,25,0
raw_annual_rates,ex_games_12m_pct,hk_ppi_tech_gbp_12m_pct,full,0,0.3762365468113879,0.4147471797417769,0.1744186046511628,0.36046511627906974,18,127,0
raw_annual_rates,ex_games_12m_pct,hk_ppi_tech_gbp_12m_pct,full,1,0.43666007641659765,0.47626162571994574,0.10465116279069768,0.3023255813953488,18,126,0
raw_annual_rates,ex_games_12m_pct,hk_ppi_tech_gbp_12m_pct,full,2,0.5054262673802018,0.5440670130287586,0.09302325581395349,0.26744186046511625,18,125,0
raw_annual_rates,ex_games_12m_pct,hk_ppi_tech_gbp_12m_pct,full,3,0.5477627885161767,0.5720291741948085,0.06976744186046512,0.26744186046511625,18,124,0
raw_annual_rates,ex_games_12m_pct,hk_ppi_tech_gbp_12m_pct,full,4,0.5587443148219191,0.5744961022005025,0.06976744186046512,0.26744186046511625,18,123,0
raw_annual_rates,ex_games_12m_pct,hk_ppi_tech_gbp_12m_pct,full,5,0.5389929992688101,0.5606071645936277,0.08139534883720931,0.26744186046511625,18,122,0
raw_annual_rates,ex_games_12m_pct,hk_ppi_tech_gbp_12m_pct,full,6,0.45250092878570536,0.4719951812597326,0.09302325581395349,0.3023255813953488,18,121,0
raw_annual_rates,ex_games_12m_pct,hk_ppi_tech_gbp_12m_pct,full,7,0.3764166371004369,0.398976260064794,0.11627906976744186,0.37209302325581395,18,120,0
raw_annual_rates,ex_games_12m_pct,hk_ppi_tech_gbp_12m_pct,full,8,0.292180112520281,0.31439647923095687,0.32558139534883723,0.7674418604651163,18,119,0
raw_annual_rates,ex_games_12m_pct,hk_ppi_tech_gbp_12m_pct,full,9,0.17904660516589868,0.20424503511935926,0.5581395348837209,0.8953488372093024,18,118,0
raw_annual_rates,ex_games_12m_pct,hk_ppi_tech_gbp_12m_pct,full,10,0.07520783846040191,0.08839455250811244,0.7558139534883721,1.0,18,117,0
raw_annual_rates,ex_games_12m_pct,hk_ppi_tech_gbp_12m_pct,full,11,0.000927346515649082,0.0011525491975962127,1.0,1.0,18,116,0
raw_annual_rates,ex_games_12m_pct,hk_ppi_tech_gbp_12m_pct,full,12,-0.08484913241520169,-0.08807581120567073,0.7441860465116279,1.0,18,115,0
raw_annual_rates,ex_games_12m_pct,hk_ppi_tech_gbp_12m_pct,full,13,-0.13507927199565425,-0.1425236541443333,0.6395348837209303,1.0,18,114,0
raw_annual_rates,ex_games_12m_pct,hk_ppi_tech_gbp_12m_pct,full,14,-0.219422445073685,-0.22355131312504892,0.46511627906976744,0.8255813953488372,18,113,0
raw_annual_rates,ex_games_12m_pct,hk_ppi_tech_gbp_12m_pct,full,15,-0.26535035380899724,-0.27092028214702096,0.38372093023255816,0.8023255813953488,18,112,0
raw_annual_rates,ex_games_12m_pct,hk_ppi_tech_gbp_12m_pct,full,16,-0.30065289375831267,-0.3016150873135257,0.32558139534883723,0.7674418604651163,18,111,0
raw_annual_rates,ex_games_12m_pct,hk_ppi_tech_gbp_12m_pct,full,17,-0.3018387669518203,-0.3002779081452714,0.3488372093023256,0.7674418604651163,18,110,0
raw_annual_rates,ex_games_12m_pct,hk_ppi_tech_gbp_12m_pct,full,18,-0.269766217987757,-0.269766217987757,0.4069767441860465,0.8023255813953488,18,109,0
raw_annual_rates,ex_games_12m_pct,hk_ppi_tech_gbp_12m_pct,pre_2020,0,0.8190201150957759,0.8679293591754063,0.42857142857142855,1.0,18,48,0
raw_annual_rates,ex_games_12m_pct,hk_ppi_tech_gbp_12m_pct,pre_2020,1,0.8657328101749605,0.9239299499003911,0.2857142857142857,0.5714285714285714,18,47,0
raw_annual_rates,ex_games_12m_pct,hk_ppi_tech_gbp_12m_pct,pre_2020,2,0.8949016278847018,0.9598625989293083,0.14285714285714285,0.14285714285714285,18,46,0
raw_annual_rates,ex_games_12m_pct,hk_ppi_tech_gbp_12m_pct,pre_2020,3,0.8495499590351613,0.9154603004137477,0.14285714285714285,0.5714285714285714,18,45,0
raw_annual_rates,ex_games_12m_pct,hk_ppi_tech_gbp_12m_pct,pre_2020,4,0.7816500484554791,0.8561387293919819,0.42857142857142855,1.0,18,44,0
raw_annual_rates,ex_games_12m_pct,hk_ppi_tech_gbp_12m_pct,pre_2020,5,0.7061356594792048,0.7718497695482304,0.42857142857142855,1.0,18,43,0
raw_annual_rates,ex_games_12m_pct,hk_ppi_tech_gbp_12m_pct,pre_2020,6,0.5353682339440815,0.5612687319816557,0.5714285714285714,1.0,18,42,0
raw_annual_rates,ex_games_12m_pct,hk_ppi_tech_gbp_12m_pct,pre_2020,7,0.38098001514730556,0.3730785909488064,0.5714285714285714,1.0,18,41,0
raw_annual_rates,ex_games_12m_pct,hk_ppi_tech_gbp_12m_pct,pre_2020,8,0.23280828611909368,0.17462155432455873,0.5714285714285714,1.0,18,40,0
raw_annual_rates,ex_games_12m_pct,hk_ppi_tech_gbp_12m_pct,pre_2020,9,0.04047563348274241,-0.07896340268501896,0.8571428571428571,1.0,18,39,0
raw_annual_rates,ex_games_12m_pct,hk_ppi_tech_gbp_12m_pct,pre_2020,10,-0.12552672865986766,-0.29179672823192415,0.42857142857142855,1.0,18,38,0
raw_annual_rates,ex_games_12m_pct,hk_ppi_tech_gbp_12m_pct,pre_2020,11,-0.2806846275374694,-0.4672527814864759,0.42857142857142855,1.0,18,37,0
raw_annual_rates,ex_games_12m_pct,hk_ppi_tech_gbp_12m_pct,pre_2020,12,-0.4100413589047817,-0.6295611022867104,0.2857142857142857,1.0,18,36,0
raw_annual_rates,ex_games_12m_pct,hk_ppi_tech_gbp_12m_pct,pre_2020,13,-0.47845358094572943,-0.7149999566964043,0.42857142857142855,1.0,18,35,0
raw_annual_rates,ex_games_12m_pct,hk_ppi_tech_gbp_12m_pct,pre_2020,14,-0.534215303017077,-0.7557978780781069,0.2857142857142857,1.0,18,34,0
raw_annual_rates,ex_games_12m_pct,hk_ppi_tech_gbp_12m_pct,pre_2020,15,-0.5280820937596388,-0.7127485521440367,0.2857142857142857,1.0,18,33,0
raw_annual_rates,ex_games_12m_pct,hk_ppi_tech_gbp_12m_pct,pre_2020,16,-0.4818501250229924,-0.6599213121291205,0.42857142857142855,1.0,18,32,0
raw_annual_rates,ex_games_12m_pct,hk_ppi_tech_gbp_12m_pct,pre_2020,17,-0.48517340897549666,-0.6040621077351767,0.14285714285714285,1.0,18,31,0
raw_annual_rates,ex_games_12m_pct,hk_ppi_tech_gbp_12m_pct,pre_2020,18,-0.4308890979762686,-0.4308890979762686,0.2857142857142857,1.0,18,30,0
raw_annual_rates,ex_games_12m_pct,hk_ppi_tech_gbp_12m_pct,pandemic_2020_2022,0,-0.4260483860041273,-0.2764905878103829,1.0,1.0,18,36,0
raw_annual_rates,ex_games_12m_pct,hk_ppi_tech_gbp_12m_pct,pandemic_2020_2022,1,-0.28461713737567146,-0.13237492912149407,1.0,1.0,18,35,0
raw_annual_rates,ex_games_12m_pct,hk_ppi_tech_gbp_12m_pct,pandemic_2020_2022,2,-0.1670307328805933,-0.13008672938124738,1.0,1.0,18,34,0
raw_annual_rates,ex_games_12m_pct,hk_ppi_tech_gbp_12m_pct,pandemic_2020_2022,3,-0.0020339739534907977,-0.06566535890622877,1.0,1.0,18,33,0
raw_annual_rates,ex_games_12m_pct,hk_ppi_tech_gbp_12m_pct,pandemic_2020_2022,4,0.16191191520613984,-0.06522962447176717,1.0,1.0,18,32,0
raw_annual_rates,ex_games_12m_pct,hk_ppi_tech_gbp_12m_pct,pandemic_2020_2022,5,0.34723550341690046,0.070461905663396,1.0,1.0,18,31,0
raw_annual_rates,ex_games_12m_pct,hk_ppi_tech_gbp_12m_pct,pandemic_2020_2022,6,0.5564274245900133,0.31719583099304294,1.0,1.0,18,30,0
raw_annual_rates,ex_games_12m_pct,hk_ppi_tech_gbp_12m_pct,pandemic_2020_2022,7,0.7309892239235344,0.40170264782065823,0.5,1.0,18,29,0
raw_annual_rates,ex_games_12m_pct,hk_ppi_tech_gbp_12m_pct,pandemic_2020_2022,8,0.7788220974923659,0.5270039579698245,0.5,0.5,18,28,0
raw_annual_rates,ex_games_12m_pct,hk_ppi_tech_gbp_12m_pct,pandemic_2020_2022,9,0.7048429240771097,0.18697156613518157,0.5,1.0,18,27,0
raw_annual_rates,ex_games_12m_pct,hk_ppi_tech_gbp_12m_pct,pandemic_2020_2022,10,0.7447491189033681,0.320566530840853,0.5,1.0,18,26,0
raw_annual_rates,ex_games_12m_pct,hk_ppi_tech_gbp_12m_pct,pandemic_2020_2022,11,0.731650985869935,0.3975097448575007,0.5,1.0,18,25,0
raw_annual_rates,ex_games_12m_pct,hk_ppi_tech_gbp_12m_pct,pandemic_2020_2022,12,0.713722013942006,0.4587174876576535,0.5,1.0,18,24,0
raw_annual_rates,ex_games_12m_pct,hk_ppi_tech_gbp_12m_pct,pandemic_2020_2022,13,0.6400128691660155,0.4081786170345128,0.5,1.0,18,23,0
raw_annual_rates,ex_games_12m_pct,hk_ppi_tech_gbp_12m_pct,pandemic_2020_2022,14,0.570746456089553,0.3843420928494108,0.5,1.0,18,22,0
raw_annual_rates,ex_games_12m_pct,hk_ppi_tech_gbp_12m_pct,pandemic_2020_2022,15,0.4854273382805455,0.38853195768117677,0.5,1.0,18,21,0
raw_annual_rates,ex_games_12m_pct,hk_ppi_tech_gbp_12m_pct,pandemic_2020_2022,16,0.4178178123841026,0.3282446871991004,1.0,1.0,18,20,0
raw_annual_rates,ex_games_12m_pct,hk_ppi_tech_gbp_12m_pct,pandemic_2020_2022,17,0.3980270990763963,0.3681309163258356,1.0,1.0,18,19,0
raw_annual_rates,ex_games_12m_pct,hk_ppi_tech_gbp_12m_pct,pandemic_2020_2022,18,0.2759811175499118,0.2759811175499118,1.0,1.0,18,18,0
raw_annual_rates,ex_games_12m_pct,hk_ppi_tech_gbp_12m_pct,post_2022,0,0.12167650230589816,0.2580774383169192,0.5,1.0,18,43,0
raw_annual_rates,ex_games_12m_pct,hk_ppi_tech_gbp_12m_pct,post_2022,1,0.18822753215978572,0.38141754896396074,0.5,1.0,18,42,0
raw_annual_rates,ex_games_12m_pct,hk_ppi_tech_gbp_12m_pct,post_2022,2,0.34382190847089295,0.5799445192990701,0.5,0.5,18,41,0
raw_annual_rates,ex_games_12m_pct,hk_ppi_tech_gbp_12m_pct,post_2022,3,0.5611754019183688,0.7460652107168623,0.5,0.5,18,40,0
raw_annual_rates,ex_games_12m_pct,hk_ppi_tech_gbp_12m_pct,post_2022,4,0.7014879457398793,0.8383134784992144,0.5,0.5,18,39,0
raw_annual_rates,ex_games_12m_pct,hk_ppi_tech_gbp_12m_pct,post_2022,5,0.7013003018727557,0.8572101259519386,0.5,0.5,18,38,0
raw_annual_rates,ex_games_12m_pct,hk_ppi_tech_gbp_12m_pct,post_2022,6,0.5863290413588945,0.7124593869665858,0.5,0.5,18,37,0
raw_annual_rates,ex_games_12m_pct,hk_ppi_tech_gbp_12m_pct,post_2022,7,0.5400752635061333,0.7077093849354467,0.5,0.5,18,36,0
raw_annual_rates,ex_games_12m_pct,hk_ppi_tech_gbp_12m_pct,post_2022,8,0.40126958755403114,0.5747284567843312,0.5,0.5,18,35,0
raw_annual_rates,ex_games_12m_pct,hk_ppi_tech_gbp_12m_pct,post_2022,9,0.37462728147135693,0.5863877552419001,0.5,0.5,18,34,0
raw_annual_rates,ex_games_12m_pct,hk_ppi_tech_gbp_12m_pct,post_2022,10,0.24958098267859596,0.33013139117593393,0.5,1.0,18,33,0
raw_annual_rates,ex_games_12m_pct,hk_ppi_tech_gbp_12m_pct,post_2022,11,0.2841516938956419,0.2377905599077898,0.5,1.0,18,32,0
raw_annual_rates,ex_games_12m_pct,hk_ppi_tech_gbp_12m_pct,post_2022,12,0.14402388986386044,0.04583041583819459,1.0,1.0,18,31,0
raw_annual_rates,ex_games_12m_pct,hk_ppi_tech_gbp_12m_pct,post_2022,13,0.1217169340932553,-0.025584209254136653,1.0,1.0,18,30,0
raw_annual_rates,ex_games_12m_pct,hk_ppi_tech_gbp_12m_pct,post_2022,14,-0.0681075276116796,-0.20211883255598187,0.5,1.0,18,29,0
raw_annual_rates,ex_games_12m_pct,hk_ppi_tech_gbp_12m_pct,post_2022,15,-0.3271357026497342,-0.4975475688165738,0.5,1.0,18,28,0
raw_annual_rates,ex_games_12m_pct,hk_ppi_tech_gbp_12m_pct,post_2022,16,-0.47580739595141264,-0.5841032482365508,0.5,0.5,18,27,0
raw_annual_rates,ex_games_12m_pct,hk_ppi_tech_gbp_12m_pct,post_2022,17,-0.49042034111294147,-0.4954988298786673,0.5,1.0,18,26,0
raw_annual_rates,ex_games_12m_pct,hk_ppi_tech_gbp_12m_pct,post_2022,18,-0.15783617045302478,-0.15783617045302478,0.5,1.0,18,25,0
raw_annual_rates,ex_games_12m_pct,oecd_asia_c26_targeted_gbp_12m_pct,full,0,-0.32979664159429306,-0.4484945991819223,0.047619047619047616,0.5714285714285714,18,62,0
raw_annual_rates,ex_games_12m_pct,oecd_asia_c26_targeted_gbp_12m_pct,full,1,-0.24317714485704822,-0.3635775223892624,0.14285714285714285,0.8095238095238095,18,61,0
raw_annual_rates,ex_games_12m_pct,oecd_asia_c26_targeted_gbp_12m_pct,full,2,-0.19566370160505597,-0.2985885423639567,0.19047619047619047,0.9047619047619048,18,60,0
raw_annual_rates,ex_games_12m_pct,oecd_asia_c26_targeted_gbp_12m_pct,full,3,-0.13504569787549106,-0.2258990427922621,0.42857142857142855,1.0,18,59,0
raw_annual_rates,ex_games_12m_pct,oecd_asia_c26_targeted_gbp_12m_pct,full,4,-0.055692046944191484,-0.13395384714813294,0.5714285714285714,1.0,18,58,0
raw_annual_rates,ex_games_12m_pct,oecd_asia_c26_targeted_gbp_12m_pct,full,5,0.07201087305913431,0.008912017868933336,0.9523809523809523,1.0,18,57,0
raw_annual_rates,ex_games_12m_pct,oecd_asia_c26_targeted_gbp_12m_pct,full,6,0.19258596099324085,0.15088624326874175,0.47619047619047616,1.0,18,56,0
raw_annual_rates,ex_games_12m_pct,oecd_asia_c26_targeted_gbp_12m_pct,full,7,0.3365142049233611,0.3177876127195988,0.19047619047619047,0.9047619047619048,18,55,0
raw_annual_rates,ex_games_12m_pct,oecd_asia_c26_targeted_gbp_12m_pct,full,8,0.451673395818406,0.44822773429922713,0.047619047619047616,0.5714285714285714,18,54,0
raw_annual_rates,ex_games_12m_pct,oecd_asia_c26_targeted_gbp_12m_pct,full,9,0.5197453999128704,0.5141204895508414,0.047619047619047616,0.5238095238095238,18,53,0
raw_annual_rates,ex_games_12m_pct,oecd_asia_c26_targeted_gbp_12m_pct,full,10,0.5997306329048746,0.6098172340097348,0.047619047619047616,0.38095238095238093,18,52,0
raw_annual_rates,ex_games_12m_pct,oecd_asia_c26_targeted_gbp_12m_pct,full,11,0.6553601532816293,0.685207218959534,0.047619047619047616,0.047619047619047616,18,51,0
raw_annual_rates,ex_games_12m_pct,oecd_asia_c26_targeted_gbp_12m_pct,full,12,0.6542434748882047,0.704599015666937,0.047619047619047616,0.047619047619047616,18,50,0
raw_annual_rates,ex_games_12m_pct,oecd_asia_c26_targeted_gbp_12m_pct,full,13,0.6286539335948114,0.66841490522594,0.047619047619047616,0.09523809523809523,18,49,0
raw_annual_rates,ex_games_12m_pct,oecd_asia_c26_targeted_gbp_12m_pct,full,14,0.6101443549520014,0.6430482598795322,0.14285714285714285,0.19047619047619047,18,48,0
raw_annual_rates,ex_games_12m_pct,oecd_asia_c26_targeted_gbp_12m_pct,full,15,0.5765068995455312,0.5872827882422472,0.23809523809523808,0.42857142857142855,18,47,0
raw_annual_rates,ex_games_12m_pct,oecd_asia_c26_targeted_gbp_12m_pct,full,16,0.5196048080108201,0.5244147665772998,0.3333333333333333,0.5238095238095238,18,46,0
raw_annual_rates,ex_games_12m_pct,oecd_asia_c26_targeted_gbp_12m_pct,full,17,0.4366852509964318,0.43677227847437605,0.38095238095238093,0.6190476190476191,18,45,0
raw_annual_rates,ex_games_12m_pct,oecd_asia_c26_targeted_gbp_12m_pct,full,18,0.3498232343744399,0.3498232343744399,0.47619047619047616,0.8095238095238095,18,44,0
raw_annual_rates,ex_games_12m_pct,oecd_asia_c26_targeted_gbp_12m_pct,post_2022,0,-0.3997202855494112,-0.5296416289565395,0.5,0.5,18,40,0
raw_annual_rates,ex_games_12m_pct,oecd_asia_c26_targeted_gbp_12m_pct,post_2022,1,-0.1974151690595833,-0.2364603704511021,0.5,1.0,18,39,0
raw_annual_rates,ex_games_12m_pct,oecd_asia_c26_targeted_gbp_12m_pct,post_2022,2,-0.062368811374207224,0.022674249897036418,1.0,1.0,18,38,0
raw_annual_rates,ex_games_12m_pct,oecd_asia_c26_targeted_gbp_12m_pct,post_2022,3,0.04946473058375271,0.13789946624106417,1.0,1.0,18,37,0
raw_annual_rates,ex_games_12m_pct,oecd_asia_c26_targeted_gbp_12m_pct,post_2022,4,0.11529534258853674,0.21790189350908104,1.0,1.0,18,36,0
raw_annual_rates,ex_games_12m_pct,oecd_asia_c26_targeted_gbp_12m_pct,post_2022,5,0.2434036131451259,0.31574812784133527,1.0,1.0,18,35,0
raw_annual_rates,ex_games_12m_pct,oecd_asia_c26_targeted_gbp_12m_pct,post_2022,6,0.3190368417897402,0.39625253672464933,0.5,1.0,18,34,0
raw_annual_rates,ex_games_12m_pct,oecd_asia_c26_targeted_gbp_12m_pct,post_2022,7,0.4431515158249004,0.5562890347116088,0.5,0.5,18,33,0
raw_annual_rates,ex_games_12m_pct,oecd_asia_c26_targeted_gbp_12m_pct,post_2022,8,0.5069434638923704,0.6235402357562871,0.5,0.5,18,32,0
raw_annual_rates,ex_games_12m_pct,oecd_asia_c26_targeted_gbp_12m_pct,post_2022,9,0.4645617003968393,0.4958070717928612,0.5,0.5,18,31,0
raw_annual_rates,ex_games_12m_pct,oecd_asia_c26_targeted_gbp_12m_pct,post_2022,10,0.479191817017914,0.5203596646456101,0.5,0.5,18,30,0
raw_annual_rates,ex_games_12m_pct,oecd_asia_c26_targeted_gbp_12m_pct,post_2022,11,0.3803018122646809,0.49633218333218554,0.5,0.5,18,29,0
raw_annual_rates,ex_games_12m_pct,oecd_asia_c26_targeted_gbp_12m_pct,post_2022,12,0.22658795728914624,0.39381503201415496,0.5,1.0,18,28,0
raw_annual_rates,ex_games_12m_pct,oecd_asia_c26_targeted_gbp_12m_pct,post_2022,13,-0.00920131329050479,0.058242106702552573,0.5,1.0,18,27,0
raw_annual_rates,ex_games_12m_pct,oecd_asia_c26_targeted_gbp_12m_pct,post_2022,14,-0.08778822208560057,-0.08165487184659197,0.5,1.0,18,26,0
raw_annual_rates,ex_games_12m_pct,oecd_asia_c26_targeted_gbp_12m_pct,post_2022,15,-0.19516952936144646,-0.3356457262418748,0.5,1.0,18,25,0
raw_annual_rates,ex_games_12m_pct,oecd_asia_c26_targeted_gbp_12m_pct,post_2022,16,-0.21023227877928427,-0.3513514592714602,1.0,1.0,18,24,0
raw_annual_rates,ex_games_12m_pct,oecd_asia_c26_targeted_gbp_12m_pct,post_2022,17,-0.19792741407430842,-0.3329561310756498,0.5,1.0,18,23,0
raw_annual_rates,ex_games_12m_pct,oecd_asia_c26_targeted_gbp_12m_pct,post_2022,18,-0.30587826076194086,-0.30587826076194086,0.5,1.0,18,22,0
raw_annual_rates,ex_games_12m_pct,oecd_asia_c26_bls_gbp_12m_pct,full,0,-0.17478065772190116,-0.23254413194354626,0.5764705882352941,1.0,18,126,0
raw_annual_rates,ex_games_12m_pct,oecd_asia_c26_bls_gbp_12m_pct,full,1,-0.0650116851080838,-0.12320856653845191,0.7764705882352941,1.0,18,125,0
raw_annual_rates,ex_games_12m_pct,oecd_asia_c26_bls_gbp_12m_pct,full,2,0.03441220565518069,-0.01134371224707515,0.9764705882352941,1.0,18,124,0
raw_annual_rates,ex_games_12m_pct,oecd_asia_c26_bls_gbp_12m_pct,full,3,0.12836614803125201,0.09359386717551473,0.8235294117647058,1.0,18,123,0
raw_annual_rates,ex_games_12m_pct,oecd_asia_c26_bls_gbp_12m_pct,full,4,0.2239452450041035,0.20377874992187472,0.5882352941176471,1.0,18,122,0
raw_annual_rates,ex_games_12m_pct,oecd_asia_c26_bls_gbp_12m_pct,full,5,0.3233200916267256,0.3136806638258455,0.3176470588235294,0.8235294117647058,18,121,0
raw_annual_rates,ex_games_12m_pct,oecd_asia_c26_bls_gbp_12m_pct,full,6,0.40888601845585665,0.40460431453761914,0.18823529411764706,0.611764705882353,18,120,0
raw_annual_rates,ex_games_12m_pct,oecd_asia_c26_bls_gbp_12m_pct,full,7,0.49136626188601307,0.4894567137668998,0.08235294117647059,0.3176470588235294,18,119,0
raw_annual_rates,ex_games_12m_pct,oecd_asia_c26_bls_gbp_12m_pct,full,8,0.521122395106392,0.5197022519824342,0.058823529411764705,0.29411764705882354,18,118,0
raw_annual_rates,ex_games_12m_pct,oecd_asia_c26_bls_gbp_12m_pct,full,9,0.5349801213204437,0.5356885009210818,0.058823529411764705,0.2823529411764706,18,117,0
raw_annual_rates,ex_games_12m_pct,oecd_asia_c26_bls_gbp_12m_pct,full,10,0.5201829744825258,0.5295000935779891,0.058823529411764705,0.2823529411764706,18,116,0
raw_annual_rates,ex_games_12m_pct,oecd_asia_c26_bls_gbp_12m_pct,full,11,0.47758491443875406,0.4943063382100566,0.07058823529411765,0.3176470588235294,18,115,0
raw_annual_rates,ex_games_12m_pct,oecd_asia_c26_bls_gbp_12m_pct,full,12,0.4152711379070594,0.43096476486973806,0.15294117647058825,0.5882352941176471,18,114,0
raw_annual_rates,ex_games_12m_pct,oecd_asia_c26_bls_gbp_12m_pct,full,13,0.35465389038158185,0.3684494029347971,0.25882352941176473,0.6588235294117647,18,113,0
raw_annual_rates,ex_games_12m_pct,oecd_asia_c26_bls_gbp_12m_pct,full,14,0.28935896074282924,0.2979650339352039,0.4117647058823529,0.9294117647058824,18,112,0
raw_annual_rates,ex_games_12m_pct,oecd_asia_c26_bls_gbp_12m_pct,full,15,0.23499638167227785,0.23992960404815813,0.6,1.0,18,111,0
raw_annual_rates,ex_games_12m_pct,oecd_asia_c26_bls_gbp_12m_pct,full,16,0.15748581563022324,0.15881431490891137,0.7529411764705882,1.0,18,110,0
raw_annual_rates,ex_games_12m_pct,oecd_asia_c26_bls_gbp_12m_pct,full,17,0.09349943336891903,0.09327243265977005,0.8470588235294118,1.0,18,109,0
raw_annual_rates,ex_games_12m_pct,oecd_asia_c26_bls_gbp_12m_pct,full,18,0.04795828270042999,0.04795828270042999,0.9058823529411765,1.0,18,108,0
raw_annual_rates,ex_games_12m_pct,oecd_asia_c26_bls_gbp_12m_pct,pre_2020,0,-0.02552047291640496,-0.0982597423336489,0.8571428571428571,1.0,18,48,0
raw_annual_rates,ex_games_12m_pct,oecd_asia_c26_bls_gbp_12m_pct,pre_2020,1,0.10209837432726601,0.06294371279908606,1.0,1.0,18,47,0
raw_annual_rates,ex_games_12m_pct,oecd_asia_c26_bls_gbp_12m_pct,pre_2020,2,0.24464861132241666,0.23229973371315304,0.7142857142857143,1.0,18,46,0
raw_annual_rates,ex_games_12m_pct,oecd_asia_c26_bls_gbp_12m_pct,pre_2020,3,0.3765611763220753,0.3896312424411514,0.5714285714285714,1.0,18,45,0
raw_annual_rates,ex_games_12m_pct,oecd_asia_c26_bls_gbp_12m_pct,pre_2020,4,0.5204983986720412,0.5581311114707811,0.5714285714285714,1.0,18,44,0
raw_annual_rates,ex_games_12m_pct,oecd_asia_c26_bls_gbp_12m_pct,pre_2020,5,0.6375570926016547,0.6895194571006614,0.5714285714285714,1.0,18,43,0
raw_annual_rates,ex_games_12m_pct,oecd_asia_c26_bls_gbp_12m_pct,pre_2020,6,0.7221397541900867,0.7795404849312773,0.5714285714285714,1.0,18,42,0
raw_annual_rates,ex_games_12m_pct,oecd_asia_c26_bls_gbp_12m_pct,pre_2020,7,0.7586749495890983,0.837013685398847,0.5714285714285714,1.0,18,41,0
raw_annual_rates,ex_games_12m_pct,oecd_asia_c26_bls_gbp_12m_pct,pre_2020,8,0.711469618849641,0.7950980860436939,0.5714285714285714,1.0,18,40,0
raw_annual_rates,ex_games_12m_pct,oecd_asia_c26_bls_gbp_12m_pct,pre_2020,9,0.6814613544753256,0.7496782852824629,0.8571428571428571,1.0,18,39,0
raw_annual_rates,ex_games_12m_pct,oecd_asia_c26_bls_gbp_12m_pct,pre_2020,10,0.6311116468721975,0.6953483188584882,0.7142857142857143,1.0,18,38,0
raw_annual_rates,ex_games_12m_pct,oecd_asia_c26_bls_gbp_12m_pct,pre_2020,11,0.52320743154348,0.5644344009423226,0.7142857142857143,1.0,18,37,0
raw_annual_rates,ex_games_12m_pct,oecd_asia_c26_bls_gbp_12m_pct,pre_2020,12,0.4353588794630457,0.44211589997861095,0.7142857142857143,1.0,18,36,0
raw_annual_rates,ex_games_12m_pct,oecd_asia_c26_bls_gbp_12m_pct,pre_2020,13,0.34613320560310973,0.31189178768933606,0.5714285714285714,1.0,18,35,0
raw_annual_rates,ex_games_12m_pct,oecd_asia_c26_bls_gbp_12m_pct,pre_2020,14,0.23469770057657835,0.18458405817825396,0.5714285714285714,1.0,18,34,0
raw_annual_rates,ex_games_12m_pct,oecd_asia_c26_bls_gbp_12m_pct,pre_2020,15,0.15052812822654071,0.1046410219271189,0.7142857142857143,1.0,18,33,0
raw_annual_rates,ex_games_12m_pct,oecd_asia_c26_bls_gbp_12m_pct,pre_2020,16,0.06731302390983014,0.010578481613917208,1.0,1.0,18,32,0
raw_annual_rates,ex_games_12m_pct,oecd_asia_c26_bls_gbp_12m_pct,pre_2020,17,0.02543449824343069,-0.020722605506667543,1.0,1.0,18,31,0
raw_annual_rates,ex_games_12m_pct,oecd_asia_c26_bls_gbp_12m_pct,pre_2020,18,0.004239315268638795,0.004239315268638795,1.0,1.0,18,30,0
raw_annual_rates,ex_games_12m_pct,oecd_asia_c26_bls_gbp_12m_pct,pandemic_2020_2022,0,-0.6575687042358419,-0.6786282802976392,0.5,0.5,18,36,0
raw_annual_rates,ex_games_12m_pct,oecd_asia_c26_bls_gbp_12m_pct,pandemic_2020_2022,1,-0.6682635297518267,-0.609499236875423,0.5,0.5,18,35,0
raw_annual_rates,ex_games_12m_pct,oecd_asia_c26_bls_gbp_12m_pct,pandemic_2020_2022,2,-0.6841447563413049,-0.49517497387174214,0.5,1.0,18,34,0
raw_annual_rates,ex_games_12m_pct,oecd_asia_c26_bls_gbp_12m_pct,pandemic_2020_2022,3,-0.6716330247675727,-0.3752273716697911,0.5,1.0,18,33,0
raw_annual_rates,ex_games_12m_pct,oecd_asia_c26_bls_gbp_12m_pct,pandemic_2020_2022,4,-0.6409359212676644,-0.24747155407040322,1.0,1.0,18,32,0
raw_annual_rates,ex_games_12m_pct,oecd_asia_c26_bls_gbp_12m_pct,pandemic_2020_2022,5,-0.585782166506596,-0.13686311198207257,1.0,1.0,18,31,0
raw_annual_rates,ex_games_12m_pct,oecd_asia_c26_bls_gbp_12m_pct,pandemic_2020_2022,6,-0.5092687304293524,0.02866741446138366,1.0,1.0,18,30,0
raw_annual_rates,ex_games_12m_pct,oecd_asia_c26_bls_gbp_12m_pct,pandemic_2020_2022,7,-0.36083369502891577,0.2561133902879923,1.0,1.0,18,29,0
raw_annual_rates,ex_games_12m_pct,oecd_asia_c26_bls_gbp_12m_pct,pandemic_2020_2022,8,-0.1722863102027283,0.5642213643827377,0.5,0.5,18,28,0
raw_annual_rates,ex_games_12m_pct,oecd_asia_c26_bls_gbp_12m_pct,pandemic_2020_2022,9,0.05094609333969562,0.7840829202035293,0.5,0.5,18,27,0
raw_annual_rates,ex_games_12m_pct,oecd_asia_c26_bls_gbp_12m_pct,pandemic_2020_2022,10,0.2428604859832359,0.8108172429107701,0.5,0.5,18,26,0
raw_annual_rates,ex_games_12m_pct,oecd_asia_c26_bls_gbp_12m_pct,pandemic_2020_2022,11,0.4320514176108292,0.8499297711924668,0.5,0.5,18,25,0
raw_annual_rates,ex_games_12m_pct,oecd_asia_c26_bls_gbp_12m_pct,pandemic_2020_2022,12,0.5251077377446588,0.7999684429910875,0.5,0.5,18,24,0
raw_annual_rates,ex_games_12m_pct,oecd_asia_c26_bls_gbp_12m_pct,pandemic_2020_2022,13,0.639930984313695,0.774748947178413,0.5,0.5,18,23,0
raw_annual_rates,ex_games_12m_pct,oecd_asia_c26_bls_gbp_12m_pct,pandemic_2020_2022,14,0.7628309008031766,0.8088789155190392,0.5,0.5,18,22,0
raw_annual_rates,ex_games_12m_pct,oecd_asia_c26_bls_gbp_12m_pct,pandemic_2020_2022,15,0.7461987069475722,0.767485288644413,0.5,0.5,18,21,0
raw_annual_rates,ex_games_12m_pct,oecd_asia_c26_bls_gbp_12m_pct,pandemic_2020_2022,16,0.6713782447232715,0.6701002020089016,0.5,0.5,18,20,0
raw_annual_rates,ex_games_12m_pct,oecd_asia_c26_bls_gbp_12m_pct,pandemic_2020_2022,17,0.6221700258353777,0.6106556229384154,0.5,0.5,18,19,0
raw_annual_rates,ex_games_12m_pct,oecd_asia_c26_bls_gbp_12m_pct,pandemic_2020_2022,18,0.6417986662635661,0.6417986662635661,0.5,0.5,18,18,0
raw_annual_rates,ex_games_12m_pct,oecd_asia_c26_bls_gbp_12m_pct,post_2022,0,0.043260697187791075,-0.14165334155147144,1.0,1.0,18,42,0
raw_annual_rates,ex_games_12m_pct,oecd_asia_c26_bls_gbp_12m_pct,post_2022,1,0.3036756162721445,0.1608387314733415,0.5,1.0,18,41,0
raw_annual_rates,ex_games_12m_pct,oecd_asia_c26_bls_gbp_12m_pct,post_2022,2,0.4231218404114956,0.37633655212225064,0.5,0.5,18,40,0
raw_annual_rates,ex_games_12m_pct,oecd_asia_c26_bls_gbp_12m_pct,post_2022,3,0.48587269463497507,0.47433361116881045,0.5,0.5,18,39,0
raw_annual_rates,ex_games_12m_pct,oecd_asia_c26_bls_gbp_12m_pct,post_2022,4,0.4538837072554309,0.5127326410520251,0.5,0.5,18,38,0
raw_annual_rates,ex_games_12m_pct,oecd_asia_c26_bls_gbp_12m_pct,post_2022,5,0.45481297659510356,0.5421408199635004,0.5,0.5,18,37,0
raw_annual_rates,ex_games_12m_pct,oecd_asia_c26_bls_gbp_12m_pct,post_2022,6,0.4479310433612908,0.5555708349229864,0.5,0.5,18,36,0
raw_annual_rates,ex_games_12m_pct,oecd_asia_c26_bls_gbp_12m_pct,post_2022,7,0.5844234396151827,0.7047576327806772,0.5,0.5,18,35,0
raw_annual_rates,ex_games_12m_pct,oecd_asia_c26_bls_gbp_12m_pct,post_2022,8,0.6205393624147271,0.7478827298882956,0.5,0.5,18,34,0
raw_annual_rates,ex_games_12m_pct,oecd_asia_c26_bls_gbp_12m_pct,post_2022,9,0.5953726865965554,0.7212634607709713,0.5,0.5,18,33,0
raw_annual_rates,ex_games_12m_pct,oecd_asia_c26_bls_gbp_12m_pct,post_2022,10,0.4415408101542075,0.6406780579767836,0.5,0.5,18,32,0
raw_annual_rates,ex_games_12m_pct,oecd_asia_c26_bls_gbp_12m_pct,post_2022,11,0.26807666922136464,0.5214696518823102,0.5,0.5,18,31,0
raw_annual_rates,ex_games_12m_pct,oecd_asia_c26_bls_gbp_12m_pct,post_2022,12,0.0813268305963165,0.2776169753909029,0.5,1.0,18,30,0
raw_annual_rates,ex_games_12m_pct,oecd_asia_c26_bls_gbp_12m_pct,post_2022,13,-0.12941183101382916,-0.010421057779919526,1.0,1.0,18,29,0
raw_annual_rates,ex_games_12m_pct,oecd_asia_c26_bls_gbp_12m_pct,post_2022,14,-0.10830181365874171,-0.09234920315240835,1.0,1.0,18,28,0
raw_annual_rates,ex_games_12m_pct,oecd_asia_c26_bls_gbp_12m_pct,post_2022,15,-0.17876982115542267,-0.24515204891361994,0.5,1.0,18,27,0
raw_annual_rates,ex_games_12m_pct,oecd_asia_c26_bls_gbp_12m_pct,post_2022,16,-0.17950535601706538,-0.3000270702598054,0.5,1.0,18,26,0
raw_annual_rates,ex_games_12m_pct,oecd_asia_c26_bls_gbp_12m_pct,post_2022,17,-0.3008917380447313,-0.38655743930750397,0.5,0.5,18,25,0
raw_annual_rates,ex_games_12m_pct,oecd_asia_c26_bls_gbp_12m_pct,post_2022,18,-0.22421624740351218,-0.22421624740351218,0.5,1.0,18,24,0
raw_annual_rates,ex_games_12m_pct,fred_china_computer_electronics_gbp_12m_pct,full,0,-0.16914444034496004,-0.2308083881977378,0.5764705882352941,1.0,18,126,0
raw_annual_rates,ex_games_12m_pct,fred_china_computer_electronics_gbp_12m_pct,full,1,-0.058925904232616615,-0.11993526805830244,0.8,1.0,18,125,0
raw_annual_rates,ex_games_12m_pct,fred_china_computer_electronics_gbp_12m_pct,full,2,0.04093681490748358,-0.006804899724889117,0.9882352941176471,1.0,18,124,0
raw_annual_rates,ex_games_12m_pct,fred_china_computer_electronics_gbp_12m_pct,full,3,0.13495744851105024,0.0982970570601307,0.8117647058823529,1.0,18,123,0
raw_annual_rates,ex_games_12m_pct,fred_china_computer_electronics_gbp_12m_pct,full,4,0.23037381295745205,0.20893125211077293,0.5882352941176471,1.0,18,122,0
raw_annual_rates,ex_games_12m_pct,fred_china_computer_electronics_gbp_12m_pct,full,5,0.3293953838168226,0.31969474928197317,0.29411764705882354,0.8117647058823529,18,121,0
raw_annual_rates,ex_games_12m_pct,fred_china_computer_electronics_gbp_12m_pct,full,6,0.41348769209370156,0.4093419680524484,0.17647058823529413,0.6,18,120,0
raw_annual_rates,ex_games_12m_pct,fred_china_computer_electronics_gbp_12m_pct,full,7,0.493353507586915,0.4923345537412072,0.07058823529411765,0.3058823529411765,18,119,0
raw_annual_rates,ex_games_12m_pct,fred_china_computer_electronics_gbp_12m_pct,full,8,0.520318416146306,0.5199739749785616,0.058823529411764705,0.29411764705882354,18,118,0
raw_annual_rates,ex_games_12m_pct,fred_china_computer_electronics_gbp_12m_pct,full,9,0.5304482509941393,0.5320468984681993,0.03529411764705882,0.2823529411764706,18,117,0
raw_annual_rates,ex_games_12m_pct,fred_china_computer_electronics_gbp_12m_pct,full,10,0.5127444962173563,0.5224051968503869,0.058823529411764705,0.29411764705882354,18,116,0
raw_annual_rates,ex_games_12m_pct,fred_china_computer_electronics_gbp_12m_pct,full,11,0.46827145646785334,0.48503688164784187,0.07058823529411765,0.32941176470588235,18,115,0
raw_annual_rates,ex_games_12m_pct,fred_china_computer_electronics_gbp_12m_pct,full,12,0.40479651638140407,0.42097679313520114,0.17647058823529413,0.5882352941176471,18,114,0
raw_annual_rates,ex_games_12m_pct,fred_china_computer_electronics_gbp_12m_pct,full,13,0.3424211763021037,0.35697409173145567,0.29411764705882354,0.6705882352941176,18,113,0
raw_annual_rates,ex_games_12m_pct,fred_china_computer_electronics_gbp_12m_pct,full,14,0.274489937996611,0.28400861127614824,0.4470588235294118,0.9764705882352941,18,112,0
raw_annual_rates,ex_games_12m_pct,fred_china_computer_electronics_gbp_12m_pct,full,15,0.21930305259945207,0.22507360465880588,0.6235294117647059,1.0,18,111,0
raw_annual_rates,ex_games_12m_pct,fred_china_computer_electronics_gbp_12m_pct,full,16,0.1437122642913943,0.14559085542875214,0.7764705882352941,1.0,18,110,0
raw_annual_rates,ex_games_12m_pct,fred_china_computer_electronics_gbp_12m_pct,full,17,0.08074086059076006,0.08069295923016341,0.8588235294117647,1.0,18,109,0
raw_annual_rates,ex_games_12m_pct,fred_china_computer_electronics_gbp_12m_pct,full,18,0.03910699886890317,0.03910699886890317,0.9176470588235294,1.0,18,108,0
raw_annual_rates,ex_games_12m_pct,fred_china_computer_electronics_gbp_12m_pct,pre_2020,0,-0.03931438644049755,-0.11306952009502041,0.7142857142857143,1.0,18,48,0
raw_annual_rates,ex_games_12m_pct,fred_china_computer_electronics_gbp_12m_pct,pre_2020,1,0.08820740237989644,0.04842455214523624,1.0,1.0,18,47,0
raw_annual_rates,ex_games_12m_pct,fred_china_computer_electronics_gbp_12m_pct,pre_2020,2,0.23103015590780157,0.2182967036611227,0.7142857142857143,1.0,18,46,0
raw_annual_rates,ex_games_12m_pct,fred_china_computer_electronics_gbp_12m_pct,pre_2020,3,0.36243350540202035,0.37600478077542043,0.5714285714285714,1.0,18,45,0
raw_annual_rates,ex_games_12m_pct,fred_china_computer_electronics_gbp_12m_pct,pre_2020,4,0.5061643925927358,0.5461463845221508,0.5714285714285714,1.0,18,44,0
raw_annual_rates,ex_games_12m_pct,fred_china_computer_electronics_gbp_12m_pct,pre_2020,5,0.6250328059900525,0.6799069178005948,0.5714285714285714,1.0,18,43,0
raw_annual_rates,ex_games_12m_pct,fred_china_computer_electronics_gbp_12m_pct,pre_2020,6,0.7096263511001195,0.7713421116795807,0.5714285714285714,1.0,18,42,0
raw_annual_rates,ex_games_12m_pct,fred_china_computer_electronics_gbp_12m_pct,pre_2020,7,0.7479176670246142,0.8316673831804695,0.5714285714285714,1.0,18,41,0
raw_annual_rates,ex_games_12m_pct,fred_china_computer_electronics_gbp_12m_pct,pre_2020,8,0.7057975430139695,0.7945616013033149,0.5714285714285714,1.0,18,40,0
raw_annual_rates,ex_games_12m_pct,fred_china_computer_electronics_gbp_12m_pct,pre_2020,9,0.6788611016098273,0.7523795882398018,0.8571428571428571,1.0,18,39,0
raw_annual_rates,ex_games_12m_pct,fred_china_computer_electronics_gbp_12m_pct,pre_2020,10,0.6315381659106708,0.7015791018456173,0.7142857142857143,1.0,18,38,0
raw_annual_rates,ex_games_12m_pct,fred_china_computer_electronics_gbp_12m_pct,pre_2020,11,0.5266238979762468,0.5740473803309558,0.7142857142857143,1.0,18,37,0
raw_annual_rates,ex_games_12m_pct,fred_china_computer_electronics_gbp_12m_pct,pre_2020,12,0.44260285307959263,0.45475369038583086,0.7142857142857143,1.0,18,36,0
raw_annual_rates,ex_games_12m_pct,fred_china_computer_electronics_gbp_12m_pct,pre_2020,13,0.3554318445083853,0.3258540770012065,0.5714285714285714,1.0,18,35,0
raw_annual_rates,ex_games_12m_pct,fred_china_computer_electronics_gbp_12m_pct,pre_2020,14,0.24388583633227656,0.19839224795736804,0.5714285714285714,1.0,18,34,0
raw_annual_rates,ex_games_12m_pct,fred_china_computer_electronics_gbp_12m_pct,pre_2020,15,0.161862296527853,0.11905812113667716,0.7142857142857143,1.0,18,33,0
raw_annual_rates,ex_games_12m_pct,fred_china_computer_electronics_gbp_12m_pct,pre_2020,16,0.0807596207421833,0.024813115536280843,1.0,1.0,18,32,0
raw_annual_rates,ex_games_12m_pct,fred_china_computer_electronics_gbp_12m_pct,pre_2020,17,0.03742712868749649,-0.00806894879547508,1.0,1.0,18,31,0
raw_annual_rates,ex_games_12m_pct,fred_china_computer_electronics_gbp_12m_pct,pre_2020,18,0.01667627197642316,0.01667627197642316,0.8571428571428571,1.0,18,30,0
raw_annual_rates,ex_games_12m_pct,fred_china_computer_electronics_gbp_12m_pct,pandemic_2020_2022,0,-0.6434061854127266,-0.6633519984373822,0.5,0.5,18,36,0
raw_annual_rates,ex_games_12m_pct,fred_china_computer_electronics_gbp_12m_pct,pandemic_2020_2022,1,-0.6549136461351918,-0.5996601727694483,0.5,0.5,18,35,0
raw_annual_rates,ex_games_12m_pct,fred_china_computer_electronics_gbp_12m_pct,pandemic_2020_2022,2,-0.6730414811975179,-0.48473955592838786,0.5,1.0,18,34,0
raw_annual_rates,ex_games_12m_pct,fred_china_computer_electronics_gbp_12m_pct,pandemic_2020_2022,3,-0.6672681208880621,-0.37314238009167167,0.5,1.0,18,33,0
raw_annual_rates,ex_games_12m_pct,fred_china_computer_electronics_gbp_12m_pct,pandemic_2020_2022,4,-0.6431762009830563,-0.2550282964444549,0.5,1.0,18,32,0
raw_annual_rates,ex_games_12m_pct,fred_china_computer_electronics_gbp_12m_pct,pandemic_2020_2022,5,-0.5940001605644009,-0.157913658508654,1.0,1.0,18,31,0
raw_annual_rates,ex_games_12m_pct,fred_china_computer_electronics_gbp_12m_pct,pandemic_2020_2022,6,-0.5239772135415086,-1.9618001354845226e-05,1.0,1.0,18,30,0
raw_annual_rates,ex_games_12m_pct,fred_china_computer_electronics_gbp_12m_pct,pandemic_2020_2022,7,-0.3821218361486129,0.22266722598054542,1.0,1.0,18,29,0
raw_annual_rates,ex_games_12m_pct,fred_china_computer_electronics_gbp_12m_pct,pandemic_2020_2022,8,-0.19892134109457305,0.530248598361711,0.5,1.0,18,28,0
raw_annual_rates,ex_games_12m_pct,fred_china_computer_electronics_gbp_12m_pct,pandemic_2020_2022,9,0.0223167591461075,0.7614313191387937,0.5,0.5,18,27,0
raw_annual_rates,ex_games_12m_pct,fred_china_computer_electronics_gbp_12m_pct,pandemic_2020_2022,10,0.21044312776149887,0.7853115264122508,0.5,0.5,18,26,0
raw_annual_rates,ex_games_12m_pct,fred_china_computer_electronics_gbp_12m_pct,pandemic_2020_2022,11,0.40332903267700254,0.8326949857493068,0.5,0.5,18,25,0
raw_annual_rates,ex_games_12m_pct,fred_china_computer_electronics_gbp_12m_pct,pandemic_2020_2022,12,0.4913259167683079,0.7809207042962554,0.5,0.5,18,24,0
raw_annual_rates,ex_games_12m_pct,fred_china_computer_electronics_gbp_12m_pct,pandemic_2020_2022,13,0.6069225294151667,0.7570365693840917,0.5,0.5,18,23,0
raw_annual_rates,ex_games_12m_pct,fred_china_computer_electronics_gbp_12m_pct,pandemic_2020_2022,14,0.7305502160435694,0.7874491885669421,0.5,0.5,18,22,0
raw_annual_rates,ex_games_12m_pct,fred_china_computer_electronics_gbp_12m_pct,pandemic_2020_2022,15,0.7145898512768859,0.74364062513567,0.5,0.5,18,21,0
raw_annual_rates,ex_games_12m_pct,fred_china_computer_electronics_gbp_12m_pct,pandemic_2020_2022,16,0.6409116972832702,0.6455605438780491,0.5,0.5,18,20,0
raw_annual_rates,ex_games_12m_pct,fred_china_computer_electronics_gbp_12m_pct,pandemic_2020_2022,17,0.5964430105911531,0.5855788199132466,0.5,0.5,18,19,0
raw_annual_rates,ex_games_12m_pct,fred_china_computer_electronics_gbp_12m_pct,pandemic_2020_2022,18,0.6242284625155642,0.6242284625155642,0.5,0.5,18,18,0
raw_annual_rates,ex_games_12m_pct,fred_china_computer_electronics_gbp_12m_pct,post_2022,0,0.06847950815368917,-0.13270291113234917,1.0,1.0,18,42,0
raw_annual_rates,ex_games_12m_pct,fred_china_computer_electronics_gbp_12m_pct,post_2022,1,0.3268924607919402,0.16832844564564978,0.5,1.0,18,41,0
raw_annual_rates,ex_games_12m_pct,fred_china_computer_electronics_gbp_12m_pct,post_2022,2,0.43446550757152136,0.37909106798680536,0.5,0.5,18,40,0
raw_annual_rates,ex_games_12m_pct,fred_china_computer_electronics_gbp_12m_pct,post_2022,3,0.490818333626348,0.4774026235399214,0.5,0.5,18,39,0
raw_annual_rates,ex_games_12m_pct,fred_china_computer_electronics_gbp_12m_pct,post_2022,4,0.4556744822397508,0.5147051662647906,0.5,0.5,18,38,0
raw_annual_rates,ex_games_12m_pct,fred_china_computer_electronics_gbp_12m_pct,post_2022,5,0.4523805884353573,0.5482178865218946,0.5,0.5,18,37,0
raw_annual_rates,ex_games_12m_pct,fred_china_computer_electronics_gbp_12m_pct,post_2022,6,0.44579431414394693,0.5649242119967376,0.5,0.5,18,36,0
raw_annual_rates,ex_games_12m_pct,fred_china_computer_electronics_gbp_12m_pct,post_2022,7,0.5735965297536239,0.7142285694498008,0.5,0.5,18,35,0
raw_annual_rates,ex_games_12m_pct,fred_china_computer_electronics_gbp_12m_pct,post_2022,8,0.6007676872211272,0.7543605125878436,0.5,0.5,18,34,0
raw_annual_rates,ex_games_12m_pct,fred_china_computer_electronics_gbp_12m_pct,post_2022,9,0.5700986914395461,0.724572002154251,0.5,0.5,18,33,0
raw_annual_rates,ex_games_12m_pct,fred_china_computer_electronics_gbp_12m_pct,post_2022,10,0.4177230471742816,0.6362062423855109,0.5,0.5,18,32,0
raw_annual_rates,ex_games_12m_pct,fred_china_computer_electronics_gbp_12m_pct,post_2022,11,0.24754544169214246,0.5163470294062773,0.5,0.5,18,31,0
raw_annual_rates,ex_games_12m_pct,fred_china_computer_electronics_gbp_12m_pct,post_2022,12,0.06313559541681411,0.28201744120533445,0.5,1.0,18,30,0
raw_annual_rates,ex_games_12m_pct,fred_china_computer_electronics_gbp_12m_pct,post_2022,13,-0.15394801197377433,-0.005692449035831126,1.0,1.0,18,29,0
raw_annual_rates,ex_games_12m_pct,fred_china_computer_electronics_gbp_12m_pct,post_2022,14,-0.14200782584671393,-0.09485189037443581,1.0,1.0,18,28,0
raw_annual_rates,ex_games_12m_pct,fred_china_computer_electronics_gbp_12m_pct,post_2022,15,-0.21952396965973245,-0.25863368083797167,0.5,1.0,18,27,0
raw_annual_rates,ex_games_12m_pct,fred_china_computer_electronics_gbp_12m_pct,post_2022,16,-0.20690553188473657,-0.30671799386613474,0.5,1.0,18,26,0
raw_annual_rates,ex_games_12m_pct,fred_china_computer_electronics_gbp_12m_pct,post_2022,17,-0.3184199001464158,-0.3949961162289685,0.5,0.5,18,25,0
raw_annual_rates,ex_games_12m_pct,fred_china_computer_electronics_gbp_12m_pct,post_2022,18,-0.23875864147109707,-0.23875864147109707,0.5,1.0,18,24,0
raw_annual_rates,ex_games_12m_pct,fred_japan_computer_electronics_gbp_12m_pct,full,0,-0.2664313679757353,-0.3168563519262179,0.4588235294117647,1.0,18,126,0
raw_annual_rates,ex_games_12m_pct,fred_japan_computer_electronics_gbp_12m_pct,full,1,-0.15874046504509956,-0.2076371553548364,0.6941176470588235,1.0,18,125,0
raw_annual_rates,ex_games_12m_pct,fred_japan_computer_electronics_gbp_12m_pct,full,2,-0.056305412543836406,-0.09075557550822794,0.8588235294117647,1.0,18,124,0
raw_annual_rates,ex_games_12m_pct,fred_japan_computer_electronics_gbp_12m_pct,full,3,0.048857773594282276,0.024036328412757373,0.9529411764705882,1.0,18,123,0
raw_annual_rates,ex_games_12m_pct,fred_japan_computer_electronics_gbp_12m_pct,full,4,0.15312655672791095,0.1427454850186991,0.7647058823529411,1.0,18,122,0
raw_annual_rates,ex_games_12m_pct,fred_japan_computer_electronics_gbp_12m_pct,full,5,0.26190434716385946,0.2606113905220804,0.5294117647058824,1.0,18,121,0
raw_annual_rates,ex_games_12m_pct,fred_japan_computer_electronics_gbp_12m_pct,full,6,0.3605973067972796,0.36371869907195703,0.24705882352941178,0.7647058823529411,18,120,0
raw_annual_rates,ex_games_12m_pct,fred_japan_computer_electronics_gbp_12m_pct,full,7,0.4519309099731513,0.45605094036635224,0.09411764705882353,0.4823529411764706,18,119,0
raw_annual_rates,ex_games_12m_pct,fred_japan_computer_electronics_gbp_12m_pct,full,8,0.4964597138610781,0.4995263155106937,0.07058823529411765,0.4235294117647059,18,118,0
raw_annual_rates,ex_games_12m_pct,fred_japan_computer_electronics_gbp_12m_pct,full,9,0.5253914300948579,0.5291762836193281,0.047058823529411764,0.32941176470588235,18,117,0
raw_annual_rates,ex_games_12m_pct,fred_japan_computer_electronics_gbp_12m_pct,full,10,0.5246013959655892,0.5359918956529107,0.023529411764705882,0.3058823529411765,18,116,0
raw_annual_rates,ex_games_12m_pct,fred_japan_computer_electronics_gbp_12m_pct,full,11,0.4945897832340902,0.5117290349075629,0.058823529411764705,0.36470588235294116,18,115,0
raw_annual_rates,ex_games_12m_pct,fred_japan_computer_electronics_gbp_12m_pct,full,12,0.4367778439274729,0.4510657674028595,0.1411764705882353,0.4823529411764706,18,114,0
raw_annual_rates,ex_games_12m_pct,fred_japan_computer_electronics_gbp_12m_pct,full,13,0.38595130353414886,0.39758024778082246,0.2235294117647059,0.6470588235294118,18,113,0
raw_annual_rates,ex_games_12m_pct,fred_japan_computer_electronics_gbp_12m_pct,full,14,0.32912940512088557,0.3347346159688682,0.36470588235294116,0.9882352941176471,18,112,0
raw_annual_rates,ex_games_12m_pct,fred_japan_computer_electronics_gbp_12m_pct,full,15,0.27063404118170725,0.2729514339830585,0.5529411764705883,1.0,18,111,0
raw_annual_rates,ex_games_12m_pct,fred_japan_computer_electronics_gbp_12m_pct,full,16,0.19274375958684842,0.1920822793490687,0.7411764705882353,1.0,18,110,0
raw_annual_rates,ex_games_12m_pct,fred_japan_computer_electronics_gbp_12m_pct,full,17,0.13019557166815582,0.12917797537623057,0.8235294117647058,1.0,18,109,0
raw_annual_rates,ex_games_12m_pct,fred_japan_computer_electronics_gbp_12m_pct,full,18,0.08286333418265647,0.08286333418265647,0.8823529411764706,1.0,18,108,0
raw_annual_rates,ex_games_12m_pct,fred_japan_computer_electronics_gbp_12m_pct,pre_2020,0,-0.12219241220354488,-0.17663124656257778,0.7142857142857143,1.0,18,48,0
raw_annual_rates,ex_games_12m_pct,fred_japan_computer_electronics_gbp_12m_pct,pre_2020,1,0.005199992694115795,-0.017648195680941312,0.8571428571428571,1.0,18,47,0
raw_annual_rates,ex_games_12m_pct,fred_japan_computer_electronics_gbp_12m_pct,pre_2020,2,0.15677960237413716,0.15898087678428527,0.8571428571428571,1.0,18,46,0
raw_annual_rates,ex_games_12m_pct,fred_japan_computer_electronics_gbp_12m_pct,pre_2020,3,0.3033593390411387,0.32926258157070226,0.5714285714285714,1.0,18,45,0
raw_annual_rates,ex_games_12m_pct,fred_japan_computer_electronics_gbp_12m_pct,pre_2020,4,0.45711918793344813,0.504743075477166,0.5714285714285714,1.0,18,44,0
raw_annual_rates,ex_games_12m_pct,fred_japan_computer_electronics_gbp_12m_pct,pre_2020,5,0.5875300661104568,0.654077969696913,0.5714285714285714,1.0,18,43,0
raw_annual_rates,ex_games_12m_pct,fred_japan_computer_electronics_gbp_12m_pct,pre_2020,6,0.6935999070028404,0.7713758468746768,0.42857142857142855,1.0,18,42,0
raw_annual_rates,ex_games_12m_pct,fred_japan_computer_electronics_gbp_12m_pct,pre_2020,7,0.7522620316617089,0.8503511242192365,0.2857142857142857,1.0,18,41,0
raw_annual_rates,ex_games_12m_pct,fred_japan_computer_electronics_gbp_12m_pct,pre_2020,8,0.7227453716168647,0.8308527589789608,0.5714285714285714,1.0,18,40,0
raw_annual_rates,ex_games_12m_pct,fred_japan_computer_electronics_gbp_12m_pct,pre_2020,9,0.7071866536928137,0.8039185997230455,0.5714285714285714,1.0,18,39,0
raw_annual_rates,ex_games_12m_pct,fred_japan_computer_electronics_gbp_12m_pct,pre_2020,10,0.6694379010309786,0.7620780998664719,0.7142857142857143,1.0,18,38,0
raw_annual_rates,ex_games_12m_pct,fred_japan_computer_electronics_gbp_12m_pct,pre_2020,11,0.5683135679717981,0.6360966929383808,0.5714285714285714,1.0,18,37,0
raw_annual_rates,ex_games_12m_pct,fred_japan_computer_electronics_gbp_12m_pct,pre_2020,12,0.47069419371476673,0.5091611677552483,0.5714285714285714,1.0,18,36,0
raw_annual_rates,ex_games_12m_pct,fred_japan_computer_electronics_gbp_12m_pct,pre_2020,13,0.37644858849758195,0.3769772804097795,0.7142857142857143,1.0,18,35,0
raw_annual_rates,ex_games_12m_pct,fred_japan_computer_electronics_gbp_12m_pct,pre_2020,14,0.25904188900463737,0.23863993040107342,0.7142857142857143,1.0,18,34,0
raw_annual_rates,ex_games_12m_pct,fred_japan_computer_electronics_gbp_12m_pct,pre_2020,15,0.1615636146913766,0.13868014000330395,0.8571428571428571,1.0,18,33,0
raw_annual_rates,ex_games_12m_pct,fred_japan_computer_electronics_gbp_12m_pct,pre_2020,16,0.06735594385061705,0.03417247038540695,1.0,1.0,18,32,0
raw_annual_rates,ex_games_12m_pct,fred_japan_computer_electronics_gbp_12m_pct,pre_2020,17,0.02149991874305212,-0.010536449122088544,1.0,1.0,18,31,0
raw_annual_rates,ex_games_12m_pct,fred_japan_computer_electronics_gbp_12m_pct,pre_2020,18,-0.012580456887566972,-0.012580456887566972,1.0,1.0,18,30,0
raw_annual_rates,ex_games_12m_pct,fred_japan_computer_electronics_gbp_12m_pct,pandemic_2020_2022,0,-0.7518369640124162,-0.8269980026548428,0.5,0.5,18,36,0
raw_annual_rates,ex_games_12m_pct,fred_japan_computer_electronics_gbp_12m_pct,pandemic_2020_2022,1,-0.7540709899033639,-0.7645495585376033,0.5,0.5,18,35,0
raw_annual_rates,ex_games_12m_pct,fred_japan_computer_electronics_gbp_12m_pct,pandemic_2020_2022,2,-0.7567968715363305,-0.6676255722939611,0.5,0.5,18,34,0
raw_annual_rates,ex_games_12m_pct,fred_japan_computer_electronics_gbp_12m_pct,pandemic_2020_2022,3,-0.72438630588647,-0.5526599823686913,0.5,1.0,18,33,0
raw_annual_rates,ex_games_12m_pct,fred_japan_computer_electronics_gbp_12m_pct,pandemic_2020_2022,4,-0.6697177250972421,-0.42321766991282406,0.5,1.0,18,32,0
raw_annual_rates,ex_games_12m_pct,fred_japan_computer_electronics_gbp_12m_pct,pandemic_2020_2022,5,-0.5776911689165215,-0.2736640325939989,1.0,1.0,18,31,0
raw_annual_rates,ex_games_12m_pct,fred_japan_computer_electronics_gbp_12m_pct,pandemic_2020_2022,6,-0.4538029391048076,-0.04664566646574356,1.0,1.0,18,30,0
raw_annual_rates,ex_games_12m_pct,fred_japan_computer_electronics_gbp_12m_pct,pandemic_2020_2022,7,-0.2814446339367433,0.18842006512137857,1.0,1.0,18,29,0
raw_annual_rates,ex_games_12m_pct,fred_japan_computer_electronics_gbp_12m_pct,pandemic_2020_2022,8,-0.052779747392545456,0.5560631170948704,0.5,0.5,18,28,0
raw_annual_rates,ex_games_12m_pct,fred_japan_computer_electronics_gbp_12m_pct,pandemic_2020_2022,9,0.16870432876397795,0.7411450390814017,0.5,0.5,18,27,0
raw_annual_rates,ex_games_12m_pct,fred_japan_computer_electronics_gbp_12m_pct,pandemic_2020_2022,10,0.3842355769521256,0.8381367026669317,0.5,0.5,18,26,0
raw_annual_rates,ex_games_12m_pct,fred_japan_computer_electronics_gbp_12m_pct,pandemic_2020_2022,11,0.5848319837271359,0.9178096158945838,0.5,0.5,18,25,0
raw_annual_rates,ex_games_12m_pct,fred_japan_computer_electronics_gbp_12m_pct,pandemic_2020_2022,12,0.6795415038471314,0.8859764392049563,0.5,0.5,18,24,0
raw_annual_rates,ex_games_12m_pct,fred_japan_computer_electronics_gbp_12m_pct,pandemic_2020_2022,13,0.7825394074105028,0.8761831099732553,0.5,0.5,18,23,0
raw_annual_rates,ex_games_12m_pct,fred_japan_computer_electronics_gbp_12m_pct,pandemic_2020_2022,14,0.8748259418566177,0.9092362729845959,0.5,0.5,18,22,0
raw_annual_rates,ex_games_12m_pct,fred_japan_computer_electronics_gbp_12m_pct,pandemic_2020_2022,15,0.8720916842878853,0.8850471398395432,0.5,0.5,18,21,0
raw_annual_rates,ex_games_12m_pct,fred_japan_computer_electronics_gbp_12m_pct,pandemic_2020_2022,16,0.818297322142894,0.8136961110000838,0.5,0.5,18,20,0
raw_annual_rates,ex_games_12m_pct,fred_japan_computer_electronics_gbp_12m_pct,pandemic_2020_2022,17,0.7866979439690973,0.7797784020224943,0.5,0.5,18,19,0
raw_annual_rates,ex_games_12m_pct,fred_japan_computer_electronics_gbp_12m_pct,pandemic_2020_2022,18,0.7928381903219178,0.7928381903219178,0.5,0.5,18,18,0
raw_annual_rates,ex_games_12m_pct,fred_japan_computer_electronics_gbp_12m_pct,post_2022,0,0.01902906360409652,-0.09340687654341306,1.0,1.0,18,42,0
raw_annual_rates,ex_games_12m_pct,fred_japan_computer_electronics_gbp_12m_pct,post_2022,1,0.27802357409400247,0.20565781986823342,0.5,1.0,18,41,0
raw_annual_rates,ex_games_12m_pct,fred_japan_computer_electronics_gbp_12m_pct,post_2022,2,0.3816219204682047,0.43048957625999257,0.5,1.0,18,40,0
raw_annual_rates,ex_games_12m_pct,fred_japan_computer_electronics_gbp_12m_pct,post_2022,3,0.4591651226169547,0.5376270988051024,0.5,0.5,18,39,0
raw_annual_rates,ex_games_12m_pct,fred_japan_computer_electronics_gbp_12m_pct,post_2022,4,0.44614880056832806,0.599914259098133,0.5,0.5,18,38,0
raw_annual_rates,ex_games_12m_pct,fred_japan_computer_electronics_gbp_12m_pct,post_2022,5,0.45750427769780555,0.6220280115873097,0.5,0.5,18,37,0
raw_annual_rates,ex_games_12m_pct,fred_japan_computer_electronics_gbp_12m_pct,post_2022,6,0.4591085281461291,0.6252777310446324,0.5,0.5,18,36,0
raw_annual_rates,ex_games_12m_pct,fred_japan_computer_electronics_gbp_12m_pct,post_2022,7,0.5776188848016364,0.7318009108424751,0.5,0.5,18,35,0
raw_annual_rates,ex_games_12m_pct,fred_japan_computer_electronics_gbp_12m_pct,post_2022,8,0.6256723784213883,0.7576652822647355,0.5,0.5,18,34,0
raw_annual_rates,ex_games_12m_pct,fred_japan_computer_electronics_gbp_12m_pct,post_2022,9,0.6164057668673174,0.7177006017668688,0.5,0.5,18,33,0
raw_annual_rates,ex_games_12m_pct,fred_japan_computer_electronics_gbp_12m_pct,post_2022,10,0.46393260466518804,0.6235364651820544,0.5,0.5,18,32,0
raw_annual_rates,ex_games_12m_pct,fred_japan_computer_electronics_gbp_12m_pct,post_2022,11,0.3006720804715241,0.48876323915909303,0.5,0.5,18,31,0
raw_annual_rates,ex_games_12m_pct,fred_japan_computer_electronics_gbp_12m_pct,post_2022,12,0.09706565822213842,0.19781017215215718,0.5,1.0,18,30,0
raw_annual_rates,ex_games_12m_pct,fred_japan_computer_electronics_gbp_12m_pct,post_2022,13,-0.06866581994110522,-0.06332064678935297,1.0,1.0,18,29,0
raw_annual_rates,ex_games_12m_pct,fred_japan_computer_electronics_gbp_12m_pct,post_2022,14,-0.018914753591411364,-0.11091977916684724,1.0,1.0,18,28,0
raw_annual_rates,ex_games_12m_pct,fred_japan_computer_electronics_gbp_12m_pct,post_2022,15,-0.12228556220856276,-0.2870274447227325,0.5,1.0,18,27,0
raw_annual_rates,ex_games_12m_pct,fred_japan_computer_electronics_gbp_12m_pct,post_2022,16,-0.15734871504946676,-0.3512203649328297,0.5,1.0,18,26,0
raw_annual_rates,ex_games_12m_pct,fred_japan_computer_electronics_gbp_12m_pct,post_2022,17,-0.2781224017679476,-0.3944072527291844,0.5,1.0,18,25,0
raw_annual_rates,ex_games_12m_pct,fred_japan_computer_electronics_gbp_12m_pct,post_2022,18,-0.19715065720493224,-0.19715065720493224,0.5,1.0,18,24,0
raw_annual_rates,ex_games_12m_pct,fred_asian_nie_computer_electronics_gbp_12m_pct,full,0,-0.14684857137270396,-0.20307158654494314,0.5882352941176471,0.9882352941176471,18,126,0
raw_annual_rates,ex_games_12m_pct,fred_asian_nie_computer_electronics_gbp_12m_pct,full,1,-0.05106086964993296,-0.10284572869056469,0.8117647058823529,1.0,18,125,0
raw_annual_rates,ex_games_12m_pct,fred_asian_nie_computer_electronics_gbp_12m_pct,full,2,0.03723674207555921,-0.0008998324554006929,1.0,1.0,18,124,0
raw_annual_rates,ex_games_12m_pct,fred_asian_nie_computer_electronics_gbp_12m_pct,full,3,0.12234538528093818,0.09708445215758475,0.8235294117647058,1.0,18,123,0
raw_annual_rates,ex_games_12m_pct,fred_asian_nie_computer_electronics_gbp_12m_pct,full,4,0.21240963972930935,0.19948863743325884,0.5764705882352941,0.9882352941176471,18,122,0
raw_annual_rates,ex_games_12m_pct,fred_asian_nie_computer_electronics_gbp_12m_pct,full,5,0.3069764203359013,0.3001178497845359,0.3058823529411765,0.7294117647058823,18,121,0
raw_annual_rates,ex_games_12m_pct,fred_asian_nie_computer_electronics_gbp_12m_pct,full,6,0.39210920797378856,0.3895515745429784,0.21176470588235294,0.6,18,120,0
raw_annual_rates,ex_games_12m_pct,fred_asian_nie_computer_electronics_gbp_12m_pct,full,7,0.48004837483427315,0.4771916965901294,0.09411764705882353,0.3411764705882353,18,119,0
raw_annual_rates,ex_games_12m_pct,fred_asian_nie_computer_electronics_gbp_12m_pct,full,8,0.5157450659471968,0.512613711061112,0.08235294117647059,0.3058823529411765,18,118,0
raw_annual_rates,ex_games_12m_pct,fred_asian_nie_computer_electronics_gbp_12m_pct,full,9,0.5400407956902358,0.5393840575924397,0.058823529411764705,0.2823529411764706,18,117,0
raw_annual_rates,ex_games_12m_pct,fred_asian_nie_computer_electronics_gbp_12m_pct,full,10,0.5336866827129256,0.5428872687446554,0.058823529411764705,0.2823529411764706,18,116,0
raw_annual_rates,ex_games_12m_pct,fred_asian_nie_computer_electronics_gbp_12m_pct,full,11,0.4963235856607901,0.5135998008491194,0.08235294117647059,0.3058823529411765,18,115,0
raw_annual_rates,ex_games_12m_pct,fred_asian_nie_computer_electronics_gbp_12m_pct,full,12,0.4392379802965504,0.4538739060056044,0.09411764705882353,0.43529411764705883,18,114,0
raw_annual_rates,ex_games_12m_pct,fred_asian_nie_computer_electronics_gbp_12m_pct,full,13,0.38415478153922566,0.3958174231896613,0.2,0.5647058823529412,18,113,0
raw_annual_rates,ex_games_12m_pct,fred_asian_nie_computer_electronics_gbp_12m_pct,full,14,0.32861925457275154,0.33460784137096233,0.2823529411764706,0.6470588235294118,18,112,0
raw_annual_rates,ex_games_12m_pct,fred_asian_nie_computer_electronics_gbp_12m_pct,full,15,0.28062961948849535,0.2831391498692284,0.36470588235294116,0.788235294117647,18,111,0
raw_annual_rates,ex_games_12m_pct,fred_asian_nie_computer_electronics_gbp_12m_pct,full,16,0.19743990722950533,0.19726725972271902,0.6235294117647059,1.0,18,110,0
raw_annual_rates,ex_games_12m_pct,fred_asian_nie_computer_electronics_gbp_12m_pct,full,17,0.13043677636763842,0.1297834394192919,0.7058823529411765,1.0,18,109,0
raw_annual_rates,ex_games_12m_pct,fred_asian_nie_computer_electronics_gbp_12m_pct,full,18,0.07059197732943996,0.07059197732943996,0.8470588235294118,1.0,18,108,0
raw_annual_rates,ex_games_12m_pct,fred_asian_nie_computer_electronics_gbp_12m_pct,pre_2020,0,0.07574238699299682,0.003506567264013281,1.0,1.0,18,48,0
raw_annual_rates,ex_games_12m_pct,fred_asian_nie_computer_electronics_gbp_12m_pct,pre_2020,1,0.20172071446657341,0.1626537414960934,0.8571428571428571,1.0,18,47,0
raw_annual_rates,ex_games_12m_pct,fred_asian_nie_computer_electronics_gbp_12m_pct,pre_2020,2,0.33699075957645175,0.32501278712093296,0.5714285714285714,1.0,18,46,0
raw_annual_rates,ex_games_12m_pct,fred_asian_nie_computer_electronics_gbp_12m_pct,pre_2020,3,0.4631667561663923,0.4738447677302073,0.5714285714285714,1.0,18,45,0
raw_annual_rates,ex_games_12m_pct,fred_asian_nie_computer_electronics_gbp_12m_pct,pre_2020,4,0.6015668199240488,0.6301986341263013,0.5714285714285714,1.0,18,44,0
raw_annual_rates,ex_games_12m_pct,fred_asian_nie_computer_electronics_gbp_12m_pct,pre_2020,5,0.7030823344032262,0.7419889378696375,0.5714285714285714,1.0,18,43,0
raw_annual_rates,ex_games_12m_pct,fred_asian_nie_computer_electronics_gbp_12m_pct,pre_2020,6,0.7780134690458514,0.8135692979939279,0.5714285714285714,1.0,18,42,0
raw_annual_rates,ex_games_12m_pct,fred_asian_nie_computer_electronics_gbp_12m_pct,pre_2020,7,0.7977288178597449,0.8484974357809929,0.42857142857142855,1.0,18,41,0
raw_annual_rates,ex_games_12m_pct,fred_asian_nie_computer_electronics_gbp_12m_pct,pre_2020,8,0.7218379160340253,0.775472711421744,0.7142857142857143,1.0,18,40,0
raw_annual_rates,ex_games_12m_pct,fred_asian_nie_computer_electronics_gbp_12m_pct,pre_2020,9,0.6729105157576395,0.7079200948651707,0.7142857142857143,1.0,18,39,0
raw_annual_rates,ex_games_12m_pct,fred_asian_nie_computer_electronics_gbp_12m_pct,pre_2020,10,0.6048904534048638,0.6325805285817933,0.7142857142857143,1.0,18,38,0
raw_annual_rates,ex_games_12m_pct,fred_asian_nie_computer_electronics_gbp_12m_pct,pre_2020,11,0.4824372567945646,0.48512766432184606,0.7142857142857143,1.0,18,37,0
raw_annual_rates,ex_games_12m_pct,fred_asian_nie_computer_electronics_gbp_12m_pct,pre_2020,12,0.38222138489445,0.35168675767178714,0.7142857142857143,1.0,18,36,0
raw_annual_rates,ex_games_12m_pct,fred_asian_nie_computer_electronics_gbp_12m_pct,pre_2020,13,0.2868198367724768,0.2173209307532994,0.7142857142857143,1.0,18,35,0
raw_annual_rates,ex_games_12m_pct,fred_asian_nie_computer_electronics_gbp_12m_pct,pre_2020,14,0.17966648367618893,0.0964056655438517,0.7142857142857143,1.0,18,34,0
raw_annual_rates,ex_games_12m_pct,fred_asian_nie_computer_electronics_gbp_12m_pct,pre_2020,15,0.09170117392129865,0.022415119254351017,0.8571428571428571,1.0,18,33,0
raw_annual_rates,ex_games_12m_pct,fred_asian_nie_computer_electronics_gbp_12m_pct,pre_2020,16,0.0037639893011740763,-0.06568291963846652,0.8571428571428571,1.0,18,32,0
raw_annual_rates,ex_games_12m_pct,fred_asian_nie_computer_electronics_gbp_12m_pct,pre_2020,17,-0.02935823928064474,-0.08389569515071947,0.8571428571428571,1.0,18,31,0
raw_annual_rates,ex_games_12m_pct,fred_asian_nie_computer_electronics_gbp_12m_pct,pre_2020,18,-0.0473429257372733,-0.0473429257372733,1.0,1.0,18,30,0
raw_annual_rates,ex_games_12m_pct,fred_asian_nie_computer_electronics_gbp_12m_pct,pandemic_2020_2022,0,-0.6683129803124926,-0.6521447514711031,0.5,0.5,18,36,0
raw_annual_rates,ex_games_12m_pct,fred_asian_nie_computer_electronics_gbp_12m_pct,pandemic_2020_2022,1,-0.678819487496124,-0.5650617267088668,0.5,0.5,18,35,0
raw_annual_rates,ex_games_12m_pct,fred_asian_nie_computer_electronics_gbp_12m_pct,pandemic_2020_2022,2,-0.6907597769588453,-0.45007920154014847,0.5,1.0,18,34,0
raw_annual_rates,ex_games_12m_pct,fred_asian_nie_computer_electronics_gbp_12m_pct,pandemic_2020_2022,3,-0.6605205722447889,-0.3049375475264639,1.0,1.0,18,33,0
raw_annual_rates,ex_games_12m_pct,fred_asian_nie_computer_electronics_gbp_12m_pct,pandemic_2020_2022,4,-0.6152705420730146,-0.15045676219042853,1.0,1.0,18,32,0
raw_annual_rates,ex_games_12m_pct,fred_asian_nie_computer_electronics_gbp_12m_pct,pandemic_2020_2022,5,-0.5517272350772905,-0.013574084025853878,1.0,1.0,18,31,0
raw_annual_rates,ex_games_12m_pct,fred_asian_nie_computer_electronics_gbp_12m_pct,pandemic_2020_2022,6,-0.46873068853033334,0.1490431433052113,1.0,1.0,18,30,0
raw_annual_rates,ex_games_12m_pct,fred_asian_nie_computer_electronics_gbp_12m_pct,pandemic_2020_2022,7,-0.3087726101075519,0.38181320869681323,1.0,1.0,18,29,0
raw_annual_rates,ex_games_12m_pct,fred_asian_nie_computer_electronics_gbp_12m_pct,pandemic_2020_2022,8,-0.12163189675128064,0.6597984901384978,0.5,0.5,18,28,0
raw_annual_rates,ex_games_12m_pct,fred_asian_nie_computer_electronics_gbp_12m_pct,pandemic_2020_2022,9,0.10210272501518523,0.8481368739605438,0.5,0.5,18,27,0
raw_annual_rates,ex_games_12m_pct,fred_asian_nie_computer_electronics_gbp_12m_pct,pandemic_2020_2022,10,0.2904096906038065,0.8576657903145679,0.5,0.5,18,26,0
raw_annual_rates,ex_games_12m_pct,fred_asian_nie_computer_electronics_gbp_12m_pct,pandemic_2020_2022,11,0.45549985264591186,0.8536353315350926,0.5,0.5,18,25,0
raw_annual_rates,ex_games_12m_pct,fred_asian_nie_computer_electronics_gbp_12m_pct,pandemic_2020_2022,12,0.5599095908242676,0.8046185079211637,0.5,0.5,18,24,0
raw_annual_rates,ex_games_12m_pct,fred_asian_nie_computer_electronics_gbp_12m_pct,pandemic_2020_2022,13,0.6698203356756529,0.770224473586787,0.5,0.5,18,23,0
raw_annual_rates,ex_games_12m_pct,fred_asian_nie_computer_electronics_gbp_12m_pct,pandemic_2020_2022,14,0.7961508174087346,0.8157847979320123,0.5,0.5,18,22,0
raw_annual_rates,ex_games_12m_pct,fred_asian_nie_computer_electronics_gbp_12m_pct,pandemic_2020_2022,15,0.773312644421072,0.7773607083091841,0.5,0.5,18,21,0
raw_annual_rates,ex_games_12m_pct,fred_asian_nie_computer_electronics_gbp_12m_pct,pandemic_2020_2022,16,0.6909059245674923,0.675931130876385,0.5,0.5,18,20,0
raw_annual_rates,ex_games_12m_pct,fred_asian_nie_computer_electronics_gbp_12m_pct,pandemic_2020_2022,17,0.6245336014356289,0.6108675537781066,0.5,0.5,18,19,0
raw_annual_rates,ex_games_12m_pct,fred_asian_nie_computer_electronics_gbp_12m_pct,pandemic_2020_2022,18,0.6230482784457402,0.6230482784457402,0.5,0.5,18,18,0
raw_annual_rates,ex_games_12m_pct,fred_asian_nie_computer_electronics_gbp_12m_pct,post_2022,0,-0.03134386446096651,-0.19743798975677712,1.0,1.0,18,42,0
raw_annual_rates,ex_games_12m_pct,fred_asian_nie_computer_electronics_gbp_12m_pct,post_2022,1,0.1490545499071965,0.10666923041967949,0.5,1.0,18,41,0
raw_annual_rates,ex_games_12m_pct,fred_asian_nie_computer_electronics_gbp_12m_pct,post_2022,2,0.2679922605660227,0.3353582208403344,0.5,0.5,18,40,0
raw_annual_rates,ex_games_12m_pct,fred_asian_nie_computer_electronics_gbp_12m_pct,post_2022,3,0.3491261516579758,0.42640036347409377,0.5,0.5,18,39,0
raw_annual_rates,ex_games_12m_pct,fred_asian_nie_computer_electronics_gbp_12m_pct,post_2022,4,0.3528873353280605,0.4597307075591889,0.5,0.5,18,38,0
raw_annual_rates,ex_games_12m_pct,fred_asian_nie_computer_electronics_gbp_12m_pct,post_2022,5,0.3848547738339811,0.47292672760337606,0.5,0.5,18,37,0
raw_annual_rates,ex_games_12m_pct,fred_asian_nie_computer_electronics_gbp_12m_pct,post_2022,6,0.38788826607981486,0.47530066394705583,0.5,0.5,18,36,0
raw_annual_rates,ex_games_12m_pct,fred_asian_nie_computer_electronics_gbp_12m_pct,post_2022,7,0.5567243445831925,0.6372930383277904,0.5,0.5,18,35,0
raw_annual_rates,ex_games_12m_pct,fred_asian_nie_computer_electronics_gbp_12m_pct,post_2022,8,0.6301600270196258,0.6995946172097752,0.5,0.5,18,34,0
raw_annual_rates,ex_games_12m_pct,fred_asian_nie_computer_electronics_gbp_12m_pct,post_2022,9,0.6349601286617231,0.6928773440214456,0.5,0.5,18,33,0
raw_annual_rates,ex_games_12m_pct,fred_asian_nie_computer_electronics_gbp_12m_pct,post_2022,10,0.4996621596046256,0.6540831512602305,0.5,0.5,18,32,0
raw_annual_rates,ex_games_12m_pct,fred_asian_nie_computer_electronics_gbp_12m_pct,post_2022,11,0.3279993924262161,0.5462491602603196,0.5,0.5,18,31,0
raw_annual_rates,ex_games_12m_pct,fred_asian_nie_computer_electronics_gbp_12m_pct,post_2022,12,0.1523075966914473,0.2828491463378783,0.5,1.0,18,30,0
raw_annual_rates,ex_games_12m_pct,fred_asian_nie_computer_electronics_gbp_12m_pct,post_2022,13,-0.033482983074159256,-0.01105851828964541,1.0,1.0,18,29,0
raw_annual_rates,ex_games_12m_pct,fred_asian_nie_computer_electronics_gbp_12m_pct,post_2022,14,0.012238405338981838,-0.0720668819930312,1.0,1.0,18,28,0
raw_annual_rates,ex_games_12m_pct,fred_asian_nie_computer_electronics_gbp_12m_pct,post_2022,15,-0.015102796535898374,-0.16349468742381487,0.5,1.0,18,27,0
raw_annual_rates,ex_games_12m_pct,fred_asian_nie_computer_electronics_gbp_12m_pct,post_2022,16,-0.06283341648191218,-0.24410899855250548,0.5,1.0,18,26,0
raw_annual_rates,ex_games_12m_pct,fred_asian_nie_computer_electronics_gbp_12m_pct,post_2022,17,-0.22499534346850059,-0.3376900918227626,0.5,0.5,18,25,0
raw_annual_rates,ex_games_12m_pct,fred_asian_nie_computer_electronics_gbp_12m_pct,post_2022,18,-0.16476437066119973,-0.16476437066119973,0.5,1.0,18,24,0
