method,target,candidate,period,lead_months,correlation,common_sample_correlation,circular_shift_p,familywise_p_0_12,n,ar_lags
raw_annual_rates,uk_ipi_c26_12m_pct,jp_epi_electronics_gbp_12m_pct,full,0,0.47180217932148083,0.5491307947912298,0.006097560975609756,0.006097560975609756,199,0
raw_annual_rates,uk_ipi_c26_12m_pct,jp_epi_electronics_gbp_12m_pct,full,1,0.4774532120723772,0.5288883980924319,0.006097560975609756,0.006097560975609756,198,0
raw_annual_rates,uk_ipi_c26_12m_pct,jp_epi_electronics_gbp_12m_pct,full,2,0.4619982091904258,0.4936145766542475,0.006097560975609756,0.006097560975609756,197,0
raw_annual_rates,uk_ipi_c26_12m_pct,jp_epi_electronics_gbp_12m_pct,full,3,0.4237508901600434,0.44328785602029697,0.006097560975609756,0.012195121951219513,196,0
raw_annual_rates,uk_ipi_c26_12m_pct,jp_epi_electronics_gbp_12m_pct,full,4,0.38009001210601584,0.39005836180093867,0.03048780487804878,0.1524390243902439,195,0
raw_annual_rates,uk_ipi_c26_12m_pct,jp_epi_electronics_gbp_12m_pct,full,5,0.3261810292759709,0.32840686436249533,0.14634146341463414,0.40853658536585363,194,0
raw_annual_rates,uk_ipi_c26_12m_pct,jp_epi_electronics_gbp_12m_pct,full,6,0.2698670858690094,0.26813648424650416,0.21951219512195122,0.573170731707317,193,0
raw_annual_rates,uk_ipi_c26_12m_pct,jp_epi_electronics_gbp_12m_pct,full,7,0.19813444375063333,0.1954091891397327,0.3353658536585366,0.6524390243902439,192,0
raw_annual_rates,uk_ipi_c26_12m_pct,jp_epi_electronics_gbp_12m_pct,full,8,0.10316107098898361,0.10031366630208495,0.5792682926829268,0.9390243902439024,191,0
raw_annual_rates,uk_ipi_c26_12m_pct,jp_epi_electronics_gbp_12m_pct,full,9,0.003101092250992971,0.0003715151181532429,1.0,1.0,190,0
raw_annual_rates,uk_ipi_c26_12m_pct,jp_epi_electronics_gbp_12m_pct,full,10,-0.0832378429125621,-0.08511141186204774,0.6280487804878049,0.9939024390243902,189,0
raw_annual_rates,uk_ipi_c26_12m_pct,jp_epi_electronics_gbp_12m_pct,full,11,-0.16702942466865753,-0.16775782123876062,0.3902439024390244,0.7134146341463414,188,0
raw_annual_rates,uk_ipi_c26_12m_pct,jp_epi_electronics_gbp_12m_pct,full,12,-0.24079193220597866,-0.24079193220597866,0.2621951219512195,0.5975609756097561,187,0
raw_annual_rates,uk_ipi_c26_12m_pct,jp_epi_electronics_gbp_12m_pct,pre_2020,0,0.5069976741810736,0.5103822732934923,0.05813953488372093,0.19767441860465115,121,0
raw_annual_rates,uk_ipi_c26_12m_pct,jp_epi_electronics_gbp_12m_pct,pre_2020,1,0.4562503141646118,0.4648564047888392,0.10465116279069768,0.2558139534883721,120,0
raw_annual_rates,uk_ipi_c26_12m_pct,jp_epi_electronics_gbp_12m_pct,pre_2020,2,0.39414221970434726,0.4050780251652132,0.2441860465116279,0.5116279069767442,119,0
raw_annual_rates,uk_ipi_c26_12m_pct,jp_epi_electronics_gbp_12m_pct,pre_2020,3,0.32280020739675175,0.3349676655484209,0.3488372093023256,0.6046511627906976,118,0
raw_annual_rates,uk_ipi_c26_12m_pct,jp_epi_electronics_gbp_12m_pct,pre_2020,4,0.2408223043108255,0.2517833282208103,0.47674418604651164,0.8023255813953488,117,0
raw_annual_rates,uk_ipi_c26_12m_pct,jp_epi_electronics_gbp_12m_pct,pre_2020,5,0.1618273678378355,0.16783182479688355,0.6511627906976745,0.8837209302325582,116,0
raw_annual_rates,uk_ipi_c26_12m_pct,jp_epi_electronics_gbp_12m_pct,pre_2020,6,0.08079280885127894,0.08432403957381865,0.8488372093023255,1.0,115,0
raw_annual_rates,uk_ipi_c26_12m_pct,jp_epi_electronics_gbp_12m_pct,pre_2020,7,-0.002732620657945516,9.665400620245967e-05,1.0,1.0,114,0
raw_annual_rates,uk_ipi_c26_12m_pct,jp_epi_electronics_gbp_12m_pct,pre_2020,8,-0.09083207411471522,-0.08681609658104548,0.8372093023255814,1.0,113,0
raw_annual_rates,uk_ipi_c26_12m_pct,jp_epi_electronics_gbp_12m_pct,pre_2020,9,-0.1739896930995249,-0.17081464723397083,0.6511627906976745,0.8837209302325582,112,0
raw_annual_rates,uk_ipi_c26_12m_pct,jp_epi_electronics_gbp_12m_pct,pre_2020,10,-0.23090246782802404,-0.22619908252210022,0.4883720930232558,0.8023255813953488,111,0
raw_annual_rates,uk_ipi_c26_12m_pct,jp_epi_electronics_gbp_12m_pct,pre_2020,11,-0.27536832929317767,-0.2720301838972521,0.3953488372093023,0.6976744186046512,110,0
raw_annual_rates,uk_ipi_c26_12m_pct,jp_epi_electronics_gbp_12m_pct,pre_2020,12,-0.3142259599048463,-0.3142259599048463,0.36046511627906974,0.6162790697674418,109,0
raw_annual_rates,uk_ipi_c26_12m_pct,jp_epi_electronics_gbp_12m_pct,pandemic_2020_2022,0,0.8181940677537074,0.8829465892602332,0.5,0.5,36,0
raw_annual_rates,uk_ipi_c26_12m_pct,jp_epi_electronics_gbp_12m_pct,pandemic_2020_2022,1,0.8286528300812127,0.6831590987253748,0.5,1.0,35,0
raw_annual_rates,uk_ipi_c26_12m_pct,jp_epi_electronics_gbp_12m_pct,pandemic_2020_2022,2,0.8060020864475563,0.5181958280258797,0.5,1.0,34,0
raw_annual_rates,uk_ipi_c26_12m_pct,jp_epi_electronics_gbp_12m_pct,pandemic_2020_2022,3,0.7607078017605301,0.36292888365882164,0.5,1.0,33,0
raw_annual_rates,uk_ipi_c26_12m_pct,jp_epi_electronics_gbp_12m_pct,pandemic_2020_2022,4,0.7190406945990241,0.2370270964606003,1.0,1.0,32,0
raw_annual_rates,uk_ipi_c26_12m_pct,jp_epi_electronics_gbp_12m_pct,pandemic_2020_2022,5,0.6501561425306773,0.1863382686771795,1.0,1.0,31,0
raw_annual_rates,uk_ipi_c26_12m_pct,jp_epi_electronics_gbp_12m_pct,pandemic_2020_2022,6,0.6019209448261622,0.24130316888321546,0.5,1.0,30,0
raw_annual_rates,uk_ipi_c26_12m_pct,jp_epi_electronics_gbp_12m_pct,pandemic_2020_2022,7,0.5149474644896134,0.2003003154207726,0.5,1.0,29,0
raw_annual_rates,uk_ipi_c26_12m_pct,jp_epi_electronics_gbp_12m_pct,pandemic_2020_2022,8,0.33612341919123556,0.040570316135229934,1.0,1.0,28,0
raw_annual_rates,uk_ipi_c26_12m_pct,jp_epi_electronics_gbp_12m_pct,pandemic_2020_2022,9,0.16696819056632217,-0.06813530744833325,1.0,1.0,27,0
raw_annual_rates,uk_ipi_c26_12m_pct,jp_epi_electronics_gbp_12m_pct,pandemic_2020_2022,10,-0.042899558432715756,-0.17719844224638953,1.0,1.0,26,0
raw_annual_rates,uk_ipi_c26_12m_pct,jp_epi_electronics_gbp_12m_pct,pandemic_2020_2022,11,-0.2622520823129009,-0.3138334530808195,1.0,1.0,25,0
raw_annual_rates,uk_ipi_c26_12m_pct,jp_epi_electronics_gbp_12m_pct,pandemic_2020_2022,12,-0.42829950264514033,-0.42829950264514033,1.0,1.0,24,0
raw_annual_rates,uk_ipi_c26_12m_pct,jp_epi_electronics_gbp_12m_pct,post_2022,0,0.06821563617102284,0.4437800223179618,0.14285714285714285,0.14285714285714285,42,0
raw_annual_rates,uk_ipi_c26_12m_pct,jp_epi_electronics_gbp_12m_pct,post_2022,1,0.17616291622268404,0.516047433499829,0.14285714285714285,0.14285714285714285,41,0
raw_annual_rates,uk_ipi_c26_12m_pct,jp_epi_electronics_gbp_12m_pct,post_2022,2,0.2945699979755074,0.5714147396675769,0.14285714285714285,0.14285714285714285,40,0
raw_annual_rates,uk_ipi_c26_12m_pct,jp_epi_electronics_gbp_12m_pct,post_2022,3,0.35910749525677743,0.5560635795903592,0.14285714285714285,0.14285714285714285,39,0
raw_annual_rates,uk_ipi_c26_12m_pct,jp_epi_electronics_gbp_12m_pct,post_2022,4,0.43484586336628,0.5481925799775477,0.14285714285714285,0.14285714285714285,38,0
raw_annual_rates,uk_ipi_c26_12m_pct,jp_epi_electronics_gbp_12m_pct,post_2022,5,0.45753472510830573,0.48090468326089,0.14285714285714285,0.14285714285714285,37,0
raw_annual_rates,uk_ipi_c26_12m_pct,jp_epi_electronics_gbp_12m_pct,post_2022,6,0.3744809044720747,0.35890400056192273,0.14285714285714285,0.7142857142857143,36,0
raw_annual_rates,uk_ipi_c26_12m_pct,jp_epi_electronics_gbp_12m_pct,post_2022,7,0.2326487196813592,0.2157992392565762,0.14285714285714285,1.0,35,0
raw_annual_rates,uk_ipi_c26_12m_pct,jp_epi_electronics_gbp_12m_pct,post_2022,8,-0.14781653918561583,-0.16550255932718885,0.7142857142857143,1.0,34,0
raw_annual_rates,uk_ipi_c26_12m_pct,jp_epi_electronics_gbp_12m_pct,post_2022,9,-0.33522954664687465,-0.32817500214503714,0.14285714285714285,0.7142857142857143,33,0
raw_annual_rates,uk_ipi_c26_12m_pct,jp_epi_electronics_gbp_12m_pct,post_2022,10,-0.4934662572811965,-0.48553634828497644,0.14285714285714285,0.14285714285714285,32,0
raw_annual_rates,uk_ipi_c26_12m_pct,jp_epi_electronics_gbp_12m_pct,post_2022,11,-0.6112024255919896,-0.613798063697161,0.14285714285714285,0.14285714285714285,31,0
raw_annual_rates,uk_ipi_c26_12m_pct,jp_epi_electronics_gbp_12m_pct,post_2022,12,-0.6343909725926508,-0.6343909725926508,0.14285714285714285,0.14285714285714285,30,0
raw_annual_rates,uk_ipi_c26_12m_pct,kr_epi_tech_gbp_12m_pct,full,0,-0.2506697781301573,-0.3360097760261206,0.6,0.98,85,0
raw_annual_rates,uk_ipi_c26_12m_pct,kr_epi_tech_gbp_12m_pct,full,1,-0.22693461249961555,-0.27541867782796,0.66,1.0,84,0
raw_annual_rates,uk_ipi_c26_12m_pct,kr_epi_tech_gbp_12m_pct,full,2,-0.2056703978076357,-0.2193226859197274,0.72,1.0,83,0
raw_annual_rates,uk_ipi_c26_12m_pct,kr_epi_tech_gbp_12m_pct,full,3,-0.168081751859052,-0.1512886724582622,0.8,1.0,82,0
raw_annual_rates,uk_ipi_c26_12m_pct,kr_epi_tech_gbp_12m_pct,full,4,-0.09038752671611411,-0.0632618217417273,0.94,1.0,81,0
raw_annual_rates,uk_ipi_c26_12m_pct,kr_epi_tech_gbp_12m_pct,full,5,-0.006507902809900178,0.015674253685463112,0.98,1.0,80,0
raw_annual_rates,uk_ipi_c26_12m_pct,kr_epi_tech_gbp_12m_pct,full,6,0.08829658050902969,0.10249557297718548,0.86,1.0,79,0
raw_annual_rates,uk_ipi_c26_12m_pct,kr_epi_tech_gbp_12m_pct,full,7,0.1661259314466053,0.1746655518244558,0.82,1.0,78,0
raw_annual_rates,uk_ipi_c26_12m_pct,kr_epi_tech_gbp_12m_pct,full,8,0.20998250251537043,0.21203663809081774,0.7,1.0,77,0
raw_annual_rates,uk_ipi_c26_12m_pct,kr_epi_tech_gbp_12m_pct,full,9,0.2452762458097235,0.24394825010351953,0.7,1.0,76,0
raw_annual_rates,uk_ipi_c26_12m_pct,kr_epi_tech_gbp_12m_pct,full,10,0.27118048721148685,0.27004630648863126,0.66,1.0,75,0
raw_annual_rates,uk_ipi_c26_12m_pct,kr_epi_tech_gbp_12m_pct,full,11,0.28170482283619525,0.2812009339070521,0.64,1.0,74,0
raw_annual_rates,uk_ipi_c26_12m_pct,kr_epi_tech_gbp_12m_pct,full,12,0.29146931770405154,0.29146931770405154,0.62,1.0,73,0
raw_annual_rates,uk_ipi_c26_12m_pct,kr_epi_tech_gbp_12m_pct,pandemic_2020_2022,0,-0.34940131105289246,-0.28735726507722986,0.5,1.0,36,0
raw_annual_rates,uk_ipi_c26_12m_pct,kr_epi_tech_gbp_12m_pct,pandemic_2020_2022,1,-0.2983497222330085,-0.48550404191610447,0.5,0.5,35,0
raw_annual_rates,uk_ipi_c26_12m_pct,kr_epi_tech_gbp_12m_pct,pandemic_2020_2022,2,-0.2551082646352711,-0.5591252833692424,0.5,0.5,34,0
raw_annual_rates,uk_ipi_c26_12m_pct,kr_epi_tech_gbp_12m_pct,pandemic_2020_2022,3,-0.11154750163972613,-0.4381568559056304,0.5,1.0,33,0
raw_annual_rates,uk_ipi_c26_12m_pct,kr_epi_tech_gbp_12m_pct,pandemic_2020_2022,4,0.01083474632268557,-0.25855640462363444,1.0,1.0,32,0
raw_annual_rates,uk_ipi_c26_12m_pct,kr_epi_tech_gbp_12m_pct,pandemic_2020_2022,5,0.17581101732989166,0.09094313017270372,1.0,1.0,31,0
raw_annual_rates,uk_ipi_c26_12m_pct,kr_epi_tech_gbp_12m_pct,pandemic_2020_2022,6,0.38411790751535607,0.4260335236734144,0.5,1.0,30,0
raw_annual_rates,uk_ipi_c26_12m_pct,kr_epi_tech_gbp_12m_pct,pandemic_2020_2022,7,0.480751257949544,0.566560801954651,0.5,0.5,29,0
raw_annual_rates,uk_ipi_c26_12m_pct,kr_epi_tech_gbp_12m_pct,pandemic_2020_2022,8,0.4455132902591617,0.48785599205000985,0.5,0.5,28,0
raw_annual_rates,uk_ipi_c26_12m_pct,kr_epi_tech_gbp_12m_pct,pandemic_2020_2022,9,0.506664434294295,0.48061235993297086,0.5,0.5,27,0
raw_annual_rates,uk_ipi_c26_12m_pct,kr_epi_tech_gbp_12m_pct,pandemic_2020_2022,10,0.5245530752766625,0.5105973637555594,0.5,0.5,26,0
raw_annual_rates,uk_ipi_c26_12m_pct,kr_epi_tech_gbp_12m_pct,pandemic_2020_2022,11,0.5344632880418582,0.529381329032082,0.5,0.5,25,0
raw_annual_rates,uk_ipi_c26_12m_pct,kr_epi_tech_gbp_12m_pct,pandemic_2020_2022,12,0.5942482581721026,0.5942482581721026,0.5,0.5,24,0
raw_annual_rates,uk_ipi_c26_12m_pct,kr_epi_tech_gbp_12m_pct,post_2022,0,-0.32365934274648256,-0.4530036241985226,1.0,1.0,40,0
raw_annual_rates,uk_ipi_c26_12m_pct,kr_epi_tech_gbp_12m_pct,post_2022,1,-0.28190208462769273,-0.3720076440275434,1.0,1.0,39,0
raw_annual_rates,uk_ipi_c26_12m_pct,kr_epi_tech_gbp_12m_pct,post_2022,2,-0.23975464475885824,-0.2862905729976313,1.0,1.0,38,0
raw_annual_rates,uk_ipi_c26_12m_pct,kr_epi_tech_gbp_12m_pct,post_2022,3,-0.20095967968720116,-0.21338679573501185,1.0,1.0,37,0
raw_annual_rates,uk_ipi_c26_12m_pct,kr_epi_tech_gbp_12m_pct,post_2022,4,-0.12475574371066553,-0.1279520317568547,1.0,1.0,36,0
raw_annual_rates,uk_ipi_c26_12m_pct,kr_epi_tech_gbp_12m_pct,post_2022,5,-0.0010717842373831677,-0.012563124637103126,1.0,1.0,35,0
raw_annual_rates,uk_ipi_c26_12m_pct,kr_epi_tech_gbp_12m_pct,post_2022,6,0.08461060246754047,0.057545437313671406,0.8,1.0,34,0
raw_annual_rates,uk_ipi_c26_12m_pct,kr_epi_tech_gbp_12m_pct,post_2022,7,0.12540042729176307,0.09174903383221117,0.2,1.0,33,0
raw_annual_rates,uk_ipi_c26_12m_pct,kr_epi_tech_gbp_12m_pct,post_2022,8,0.13558919039533476,0.10986172349829355,0.8,1.0,32,0
raw_annual_rates,uk_ipi_c26_12m_pct,kr_epi_tech_gbp_12m_pct,post_2022,9,-0.026677460151230216,-0.02750628606687524,1.0,1.0,31,0
raw_annual_rates,uk_ipi_c26_12m_pct,kr_epi_tech_gbp_12m_pct,post_2022,10,-0.1356900278550339,-0.1323315636440282,0.2,1.0,30,0
raw_annual_rates,uk_ipi_c26_12m_pct,kr_epi_tech_gbp_12m_pct,post_2022,11,-0.23129395709659656,-0.22930173420511196,0.2,1.0,29,0
raw_annual_rates,uk_ipi_c26_12m_pct,kr_epi_tech_gbp_12m_pct,post_2022,12,-0.2494132828782213,-0.2494132828782213,0.2,1.0,28,0
raw_annual_rates,uk_ipi_c26_12m_pct,cn_ppi_tech_gbp_12m_pct,full,0,0.42702243703877524,0.3961582870731228,0.43478260869565216,0.9565217391304348,58,0
raw_annual_rates,uk_ipi_c26_12m_pct,cn_ppi_tech_gbp_12m_pct,full,1,0.5353527178715779,0.5120528445639932,0.2608695652173913,0.782608695652174,57,0
raw_annual_rates,uk_ipi_c26_12m_pct,cn_ppi_tech_gbp_12m_pct,full,2,0.6281235519310784,0.6142837533039813,0.2608695652173913,0.6521739130434783,56,0
raw_annual_rates,uk_ipi_c26_12m_pct,cn_ppi_tech_gbp_12m_pct,full,3,0.703027029773819,0.7013306599679509,0.17391304347826086,0.5652173913043478,55,0
raw_annual_rates,uk_ipi_c26_12m_pct,cn_ppi_tech_gbp_12m_pct,full,4,0.7562226416498744,0.7622924259838244,0.13043478260869565,0.21739130434782608,54,0
raw_annual_rates,uk_ipi_c26_12m_pct,cn_ppi_tech_gbp_12m_pct,full,5,0.7944108494882012,0.8011722236939461,0.043478260869565216,0.043478260869565216,53,0
raw_annual_rates,uk_ipi_c26_12m_pct,cn_ppi_tech_gbp_12m_pct,full,6,0.8242393376582117,0.8290410872982281,0.043478260869565216,0.043478260869565216,52,0
raw_annual_rates,uk_ipi_c26_12m_pct,cn_ppi_tech_gbp_12m_pct,full,7,0.8170370610104211,0.8217757923406341,0.043478260869565216,0.043478260869565216,51,0
raw_annual_rates,uk_ipi_c26_12m_pct,cn_ppi_tech_gbp_12m_pct,full,8,0.7699030018817735,0.772749812448503,0.043478260869565216,0.17391304347826086,50,0
raw_annual_rates,uk_ipi_c26_12m_pct,cn_ppi_tech_gbp_12m_pct,full,9,0.7177122060768654,0.7220581863841109,0.17391304347826086,0.5217391304347826,49,0
raw_annual_rates,uk_ipi_c26_12m_pct,cn_ppi_tech_gbp_12m_pct,full,10,0.6539761164784881,0.6590543446581226,0.2608695652173913,0.6086956521739131,48,0
raw_annual_rates,uk_ipi_c26_12m_pct,cn_ppi_tech_gbp_12m_pct,full,11,0.5624000449069769,0.5665756882668198,0.391304347826087,0.6956521739130435,47,0
raw_annual_rates,uk_ipi_c26_12m_pct,cn_ppi_tech_gbp_12m_pct,full,12,0.4658484022710621,0.4658484022710621,0.5217391304347826,0.8260869565217391,46,0
raw_annual_rates,uk_ipi_c26_12m_pct,cn_ppi_tech_gbp_12m_pct,pandemic_2020_2022,0,0.6093837431939572,0.7778137733931446,0.5,0.5,22,0
raw_annual_rates,uk_ipi_c26_12m_pct,cn_ppi_tech_gbp_12m_pct,pandemic_2020_2022,1,0.7405307361443676,0.6549562509827779,0.5,0.5,21,0
raw_annual_rates,uk_ipi_c26_12m_pct,cn_ppi_tech_gbp_12m_pct,pandemic_2020_2022,2,0.8543103331754301,0.7609795951074712,0.5,0.5,20,0
raw_annual_rates,uk_ipi_c26_12m_pct,cn_ppi_tech_gbp_12m_pct,pandemic_2020_2022,3,0.9010969812072924,0.8353205642355703,0.5,0.5,19,0
raw_annual_rates,uk_ipi_c26_12m_pct,cn_ppi_tech_gbp_12m_pct,pandemic_2020_2022,4,0.9147024252496787,0.8400993300206109,0.5,0.5,18,0
raw_annual_rates,uk_ipi_c26_12m_pct,cn_ppi_tech_gbp_12m_pct,pandemic_2020_2022,5,0.9165728304728203,0.8406086484148187,0.5,0.5,17,0
raw_annual_rates,uk_ipi_c26_12m_pct,cn_ppi_tech_gbp_12m_pct,pandemic_2020_2022,6,0.9514454911927024,0.9306483407117467,0.5,0.5,16,0
raw_annual_rates,uk_ipi_c26_12m_pct,cn_ppi_tech_gbp_12m_pct,pandemic_2020_2022,7,0.9499283894658309,0.9575073070130068,0.5,0.5,15,0
raw_annual_rates,uk_ipi_c26_12m_pct,cn_ppi_tech_gbp_12m_pct,pandemic_2020_2022,8,0.8908815270753622,0.9276607313233621,0.5,0.5,14,0
raw_annual_rates,uk_ipi_c26_12m_pct,cn_ppi_tech_gbp_12m_pct,pandemic_2020_2022,9,0.8802581816864253,0.8907841784462054,0.5,0.5,13,0
raw_annual_rates,uk_ipi_c26_12m_pct,cn_ppi_tech_gbp_12m_pct,pandemic_2020_2022,10,0.9217311628815338,0.9192671793237835,0.5,0.5,12,0
raw_annual_rates,uk_ipi_c26_12m_pct,cn_ppi_tech_gbp_12m_pct,pandemic_2020_2022,11,0.8743089118475791,0.8646309333346098,0.5,0.5,11,0
raw_annual_rates,uk_ipi_c26_12m_pct,cn_ppi_tech_gbp_12m_pct,pandemic_2020_2022,12,0.7994683529037555,0.7994683529037555,0.5,0.5,10,0
raw_annual_rates,uk_ipi_c26_12m_pct,cn_ppi_tech_gbp_12m_pct,post_2022,0,0.5214076031692035,0.6275600144940299,0.5,0.5,36,0
raw_annual_rates,uk_ipi_c26_12m_pct,cn_ppi_tech_gbp_12m_pct,post_2022,1,0.5956407865580388,0.7025215634049347,0.5,0.5,35,0
raw_annual_rates,uk_ipi_c26_12m_pct,cn_ppi_tech_gbp_12m_pct,post_2022,2,0.6424488515483737,0.7509368767756794,0.5,0.5,34,0
raw_annual_rates,uk_ipi_c26_12m_pct,cn_ppi_tech_gbp_12m_pct,post_2022,3,0.6253528745180665,0.756110225992792,0.5,0.5,33,0
raw_annual_rates,uk_ipi_c26_12m_pct,cn_ppi_tech_gbp_12m_pct,post_2022,4,0.5525221560017228,0.691302716375345,0.5,0.5,32,0
raw_annual_rates,uk_ipi_c26_12m_pct,cn_ppi_tech_gbp_12m_pct,post_2022,5,0.4968802215690762,0.597854148146128,0.5,0.5,31,0
raw_annual_rates,uk_ipi_c26_12m_pct,cn_ppi_tech_gbp_12m_pct,post_2022,6,0.4159189563023529,0.45907131961332026,0.5,1.0,30,0
raw_annual_rates,uk_ipi_c26_12m_pct,cn_ppi_tech_gbp_12m_pct,post_2022,7,0.217076639949002,0.23222267640298944,0.5,1.0,29,0
raw_annual_rates,uk_ipi_c26_12m_pct,cn_ppi_tech_gbp_12m_pct,post_2022,8,-0.21709268421009909,-0.2775055487703067,0.5,1.0,28,0
raw_annual_rates,uk_ipi_c26_12m_pct,cn_ppi_tech_gbp_12m_pct,post_2022,9,-0.33232349475212913,-0.38682977965965687,0.5,1.0,27,0
raw_annual_rates,uk_ipi_c26_12m_pct,cn_ppi_tech_gbp_12m_pct,post_2022,10,-0.4917026045671905,-0.5445577234002086,0.5,0.5,26,0
raw_annual_rates,uk_ipi_c26_12m_pct,cn_ppi_tech_gbp_12m_pct,post_2022,11,-0.5910009439152241,-0.6125081597374412,0.5,0.5,25,0
raw_annual_rates,uk_ipi_c26_12m_pct,cn_ppi_tech_gbp_12m_pct,post_2022,12,-0.6328040660169748,-0.6328040660169748,0.5,0.5,24,0
raw_annual_rates,uk_ipi_c26_12m_pct,tw_epi_integrated_circuits_gbp_12m_pct,full,0,0.5815234063624696,0.6060812866235401,0.006097560975609756,0.006097560975609756,199,0
raw_annual_rates,uk_ipi_c26_12m_pct,tw_epi_integrated_circuits_gbp_12m_pct,full,1,0.6018981239300888,0.6150707544280976,0.006097560975609756,0.006097560975609756,198,0
raw_annual_rates,uk_ipi_c26_12m_pct,tw_epi_integrated_circuits_gbp_12m_pct,full,2,0.5953339490308673,0.6001432245482704,0.006097560975609756,0.006097560975609756,197,0
raw_annual_rates,uk_ipi_c26_12m_pct,tw_epi_integrated_circuits_gbp_12m_pct,full,3,0.5754239277504447,0.5758388171463432,0.006097560975609756,0.006097560975609756,196,0
raw_annual_rates,uk_ipi_c26_12m_pct,tw_epi_integrated_circuits_gbp_12m_pct,full,4,0.5478431517173711,0.5457498989469673,0.006097560975609756,0.006097560975609756,195,0
raw_annual_rates,uk_ipi_c26_12m_pct,tw_epi_integrated_circuits_gbp_12m_pct,full,5,0.5076694118999363,0.5050933370538541,0.006097560975609756,0.012195121951219513,194,0
raw_annual_rates,uk_ipi_c26_12m_pct,tw_epi_integrated_circuits_gbp_12m_pct,full,6,0.46251324820504436,0.45978682002930515,0.006097560975609756,0.012195121951219513,193,0
raw_annual_rates,uk_ipi_c26_12m_pct,tw_epi_integrated_circuits_gbp_12m_pct,full,7,0.40117020465000786,0.39864271195608325,0.006097560975609756,0.018292682926829267,192,0
raw_annual_rates,uk_ipi_c26_12m_pct,tw_epi_integrated_circuits_gbp_12m_pct,full,8,0.32789511296948753,0.32551200859406315,0.04878048780487805,0.13414634146341464,191,0
raw_annual_rates,uk_ipi_c26_12m_pct,tw_epi_integrated_circuits_gbp_12m_pct,full,9,0.24894225107796342,0.24696083536367763,0.1524390243902439,0.4695121951219512,190,0
raw_annual_rates,uk_ipi_c26_12m_pct,tw_epi_integrated_circuits_gbp_12m_pct,full,10,0.1721443478275872,0.17069759829141976,0.38414634146341464,0.725609756097561,189,0
raw_annual_rates,uk_ipi_c26_12m_pct,tw_epi_integrated_circuits_gbp_12m_pct,full,11,0.09175948089642351,0.09102007750809514,0.6890243902439024,0.9817073170731707,188,0
raw_annual_rates,uk_ipi_c26_12m_pct,tw_epi_integrated_circuits_gbp_12m_pct,full,12,0.014164846464880755,0.014164846464880755,0.9573170731707317,1.0,187,0
raw_annual_rates,uk_ipi_c26_12m_pct,tw_epi_integrated_circuits_gbp_12m_pct,pre_2020,0,0.7102602966611139,0.7099461533897514,0.011627906976744186,0.011627906976744186,121,0
raw_annual_rates,uk_ipi_c26_12m_pct,tw_epi_integrated_circuits_gbp_12m_pct,pre_2020,1,0.6516835728168745,0.6547351918261688,0.011627906976744186,0.03488372093023256,120,0
raw_annual_rates,uk_ipi_c26_12m_pct,tw_epi_integrated_circuits_gbp_12m_pct,pre_2020,2,0.564965886785905,0.570164415789246,0.011627906976744186,0.05813953488372093,119,0
raw_annual_rates,uk_ipi_c26_12m_pct,tw_epi_integrated_circuits_gbp_12m_pct,pre_2020,3,0.47203908423483304,0.4781655191436184,0.12790697674418605,0.46511627906976744,118,0
raw_annual_rates,uk_ipi_c26_12m_pct,tw_epi_integrated_circuits_gbp_12m_pct,pre_2020,4,0.3719383345439801,0.37665390057878495,0.27906976744186046,0.7558139534883721,117,0
raw_annual_rates,uk_ipi_c26_12m_pct,tw_epi_integrated_circuits_gbp_12m_pct,pre_2020,5,0.27187607027668337,0.2730186499976363,0.4186046511627907,0.8372093023255814,116,0
raw_annual_rates,uk_ipi_c26_12m_pct,tw_epi_integrated_circuits_gbp_12m_pct,pre_2020,6,0.16896648447314958,0.1688528847567189,0.5348837209302325,0.8837209302325582,115,0
raw_annual_rates,uk_ipi_c26_12m_pct,tw_epi_integrated_circuits_gbp_12m_pct,pre_2020,7,0.06065298975023516,0.06207193768171734,0.7325581395348837,1.0,114,0
raw_annual_rates,uk_ipi_c26_12m_pct,tw_epi_integrated_circuits_gbp_12m_pct,pre_2020,8,-0.036574784753028756,-0.0325386968357141,0.8372093023255814,1.0,113,0
raw_annual_rates,uk_ipi_c26_12m_pct,tw_epi_integrated_circuits_gbp_12m_pct,pre_2020,9,-0.11906126580013007,-0.11634718945989828,0.6395348837209303,0.9186046511627907,112,0
raw_annual_rates,uk_ipi_c26_12m_pct,tw_epi_integrated_circuits_gbp_12m_pct,pre_2020,10,-0.17184250660220193,-0.1680796568473609,0.5697674418604651,0.8837209302325582,111,0
raw_annual_rates,uk_ipi_c26_12m_pct,tw_epi_integrated_circuits_gbp_12m_pct,pre_2020,11,-0.20923047886002216,-0.2067888103946473,0.5581395348837209,0.872093023255814,110,0
raw_annual_rates,uk_ipi_c26_12m_pct,tw_epi_integrated_circuits_gbp_12m_pct,pre_2020,12,-0.2447889793174265,-0.2447889793174265,0.5116279069767442,0.872093023255814,109,0
raw_annual_rates,uk_ipi_c26_12m_pct,tw_epi_integrated_circuits_gbp_12m_pct,pandemic_2020_2022,0,0.6976209198810329,0.45702954816717695,0.5,0.5,36,0
raw_annual_rates,uk_ipi_c26_12m_pct,tw_epi_integrated_circuits_gbp_12m_pct,pandemic_2020_2022,1,0.7798866250060561,0.30383048965786524,0.5,1.0,35,0
raw_annual_rates,uk_ipi_c26_12m_pct,tw_epi_integrated_circuits_gbp_12m_pct,pandemic_2020_2022,2,0.8175127046988226,0.2742073316097855,0.5,1.0,34,0
raw_annual_rates,uk_ipi_c26_12m_pct,tw_epi_integrated_circuits_gbp_12m_pct,pandemic_2020_2022,3,0.8611603223579951,0.3351709921210548,0.5,1.0,33,0
raw_annual_rates,uk_ipi_c26_12m_pct,tw_epi_integrated_circuits_gbp_12m_pct,pandemic_2020_2022,4,0.8893544255407404,0.3567633072310072,0.5,1.0,32,0
raw_annual_rates,uk_ipi_c26_12m_pct,tw_epi_integrated_circuits_gbp_12m_pct,pandemic_2020_2022,5,0.9025996596673116,0.4765804005304221,0.5,0.5,31,0
raw_annual_rates,uk_ipi_c26_12m_pct,tw_epi_integrated_circuits_gbp_12m_pct,pandemic_2020_2022,6,0.9155217808642659,0.7007703860209095,0.5,0.5,30,0
raw_annual_rates,uk_ipi_c26_12m_pct,tw_epi_integrated_circuits_gbp_12m_pct,pandemic_2020_2022,7,0.912077147779729,0.7621525692052078,0.5,0.5,29,0
raw_annual_rates,uk_ipi_c26_12m_pct,tw_epi_integrated_circuits_gbp_12m_pct,pandemic_2020_2022,8,0.8598898416525707,0.6268422757003184,0.5,0.5,28,0
raw_annual_rates,uk_ipi_c26_12m_pct,tw_epi_integrated_circuits_gbp_12m_pct,pandemic_2020_2022,9,0.785457006212385,0.5825822414246762,0.5,0.5,27,0
raw_annual_rates,uk_ipi_c26_12m_pct,tw_epi_integrated_circuits_gbp_12m_pct,pandemic_2020_2022,10,0.6699674882199386,0.5196344546118018,0.5,0.5,26,0
raw_annual_rates,uk_ipi_c26_12m_pct,tw_epi_integrated_circuits_gbp_12m_pct,pandemic_2020_2022,11,0.46972936945686755,0.37404713154034686,0.5,1.0,25,0
raw_annual_rates,uk_ipi_c26_12m_pct,tw_epi_integrated_circuits_gbp_12m_pct,pandemic_2020_2022,12,0.24798582595017402,0.24798582595017402,0.5,1.0,24,0
raw_annual_rates,uk_ipi_c26_12m_pct,tw_epi_integrated_circuits_gbp_12m_pct,post_2022,0,0.21222879817796939,0.5001558850350873,0.14285714285714285,0.42857142857142855,42,0
raw_annual_rates,uk_ipi_c26_12m_pct,tw_epi_integrated_circuits_gbp_12m_pct,post_2022,1,0.35136614339350325,0.5824720575706388,0.14285714285714285,0.14285714285714285,41,0
raw_annual_rates,uk_ipi_c26_12m_pct,tw_epi_integrated_circuits_gbp_12m_pct,post_2022,2,0.4762033377466612,0.627047110681954,0.14285714285714285,0.14285714285714285,40,0
raw_annual_rates,uk_ipi_c26_12m_pct,tw_epi_integrated_circuits_gbp_12m_pct,post_2022,3,0.5364433093570121,0.621593252232982,0.14285714285714285,0.14285714285714285,39,0
raw_annual_rates,uk_ipi_c26_12m_pct,tw_epi_integrated_circuits_gbp_12m_pct,post_2022,4,0.5467491165220468,0.589707881314076,0.14285714285714285,0.14285714285714285,38,0
raw_annual_rates,uk_ipi_c26_12m_pct,tw_epi_integrated_circuits_gbp_12m_pct,post_2022,5,0.5067322641404588,0.543079528730593,0.14285714285714285,0.2857142857142857,37,0
raw_annual_rates,uk_ipi_c26_12m_pct,tw_epi_integrated_circuits_gbp_12m_pct,post_2022,6,0.4207311592559137,0.4394562102798124,0.14285714285714285,0.7142857142857143,36,0
raw_annual_rates,uk_ipi_c26_12m_pct,tw_epi_integrated_circuits_gbp_12m_pct,post_2022,7,0.24406498516813147,0.23648303946327895,0.42857142857142855,1.0,35,0
raw_annual_rates,uk_ipi_c26_12m_pct,tw_epi_integrated_circuits_gbp_12m_pct,post_2022,8,-0.10778350546043935,-0.13333188298444357,0.7142857142857143,1.0,34,0
raw_annual_rates,uk_ipi_c26_12m_pct,tw_epi_integrated_circuits_gbp_12m_pct,post_2022,9,-0.15882466275851512,-0.17822188624603486,0.5714285714285714,1.0,33,0
raw_annual_rates,uk_ipi_c26_12m_pct,tw_epi_integrated_circuits_gbp_12m_pct,post_2022,10,-0.33080616389666534,-0.343690484691748,0.5714285714285714,0.8571428571428571,32,0
raw_annual_rates,uk_ipi_c26_12m_pct,tw_epi_integrated_circuits_gbp_12m_pct,post_2022,11,-0.5303710560576794,-0.539529814634658,0.2857142857142857,0.2857142857142857,31,0
raw_annual_rates,uk_ipi_c26_12m_pct,tw_epi_integrated_circuits_gbp_12m_pct,post_2022,12,-0.6977729920572323,-0.6977729920572323,0.14285714285714285,0.14285714285714285,30,0
raw_annual_rates,uk_ipi_c26_12m_pct,hk_ppi_tech_gbp_12m_pct,full,0,0.1404002417165465,0.1652144207706622,0.4268292682926829,0.6890243902439024,199,0
raw_annual_rates,uk_ipi_c26_12m_pct,hk_ppi_tech_gbp_12m_pct,full,1,0.07303044007817985,0.08979071548994924,0.7012195121951219,0.9634146341463414,198,0
raw_annual_rates,uk_ipi_c26_12m_pct,hk_ppi_tech_gbp_12m_pct,full,2,-0.01860782052224009,-0.008065083013789187,0.975609756097561,1.0,197,0
raw_annual_rates,uk_ipi_c26_12m_pct,hk_ppi_tech_gbp_12m_pct,full,3,-0.09472164701850477,-0.08863072593141882,0.6707317073170732,0.9634146341463414,196,0
raw_annual_rates,uk_ipi_c26_12m_pct,hk_ppi_tech_gbp_12m_pct,full,4,-0.18511936353953118,-0.182898823033096,0.3597560975609756,0.6463414634146342,195,0
raw_annual_rates,uk_ipi_c26_12m_pct,hk_ppi_tech_gbp_12m_pct,full,5,-0.27958650829124343,-0.2787119405035009,0.18902439024390244,0.4573170731707317,194,0
raw_annual_rates,uk_ipi_c26_12m_pct,hk_ppi_tech_gbp_12m_pct,full,6,-0.3590234887765642,-0.3592714552994072,0.07926829268292683,0.2804878048780488,193,0
raw_annual_rates,uk_ipi_c26_12m_pct,hk_ppi_tech_gbp_12m_pct,full,7,-0.43658365347135825,-0.43748515962639717,0.036585365853658534,0.10975609756097561,192,0
raw_annual_rates,uk_ipi_c26_12m_pct,hk_ppi_tech_gbp_12m_pct,full,8,-0.4919868002501954,-0.49213689628051643,0.006097560975609756,0.006097560975609756,191,0
raw_annual_rates,uk_ipi_c26_12m_pct,hk_ppi_tech_gbp_12m_pct,full,9,-0.5160782636891791,-0.5155690294493939,0.006097560975609756,0.006097560975609756,190,0
raw_annual_rates,uk_ipi_c26_12m_pct,hk_ppi_tech_gbp_12m_pct,full,10,-0.49590045748496503,-0.4948858002994976,0.006097560975609756,0.006097560975609756,189,0
raw_annual_rates,uk_ipi_c26_12m_pct,hk_ppi_tech_gbp_12m_pct,full,11,-0.46461676423500936,-0.46417356467899,0.018292682926829267,0.09146341463414634,188,0
raw_annual_rates,uk_ipi_c26_12m_pct,hk_ppi_tech_gbp_12m_pct,full,12,-0.43904871712925453,-0.43904871712925453,0.036585365853658534,0.10365853658536585,187,0
raw_annual_rates,uk_ipi_c26_12m_pct,hk_ppi_tech_gbp_12m_pct,pre_2020,0,-0.007018669777275908,-0.004626684492190977,1.0,1.0,121,0
raw_annual_rates,uk_ipi_c26_12m_pct,hk_ppi_tech_gbp_12m_pct,pre_2020,1,-0.09759995897452092,-0.09742643533852095,0.8023255813953488,1.0,120,0
raw_annual_rates,uk_ipi_c26_12m_pct,hk_ppi_tech_gbp_12m_pct,pre_2020,2,-0.21426896452010025,-0.21457815364716246,0.5465116279069767,0.9418604651162791,119,0
raw_annual_rates,uk_ipi_c26_12m_pct,hk_ppi_tech_gbp_12m_pct,pre_2020,3,-0.3128820934881383,-0.3143016924331913,0.29069767441860467,0.5813953488372093,118,0
raw_annual_rates,uk_ipi_c26_12m_pct,hk_ppi_tech_gbp_12m_pct,pre_2020,4,-0.40988907376893,-0.4114549338956388,0.11627906976744186,0.2558139534883721,117,0
raw_annual_rates,uk_ipi_c26_12m_pct,hk_ppi_tech_gbp_12m_pct,pre_2020,5,-0.4954261207652202,-0.49576032532089126,0.05813953488372093,0.19767441860465115,116,0
raw_annual_rates,uk_ipi_c26_12m_pct,hk_ppi_tech_gbp_12m_pct,pre_2020,6,-0.555728538176321,-0.5555741518703752,0.011627906976744186,0.011627906976744186,115,0
raw_annual_rates,uk_ipi_c26_12m_pct,hk_ppi_tech_gbp_12m_pct,pre_2020,7,-0.5949318533102731,-0.5949917680817621,0.011627906976744186,0.011627906976744186,114,0
raw_annual_rates,uk_ipi_c26_12m_pct,hk_ppi_tech_gbp_12m_pct,pre_2020,8,-0.6160816224764525,-0.6170088209797543,0.011627906976744186,0.011627906976744186,113,0
raw_annual_rates,uk_ipi_c26_12m_pct,hk_ppi_tech_gbp_12m_pct,pre_2020,9,-0.6126814993831763,-0.6155299250053123,0.011627906976744186,0.011627906976744186,112,0
raw_annual_rates,uk_ipi_c26_12m_pct,hk_ppi_tech_gbp_12m_pct,pre_2020,10,-0.5688129835715611,-0.5741606756022946,0.011627906976744186,0.011627906976744186,111,0
raw_annual_rates,uk_ipi_c26_12m_pct,hk_ppi_tech_gbp_12m_pct,pre_2020,11,-0.5040965323554181,-0.5074796153815645,0.046511627906976744,0.18604651162790697,110,0
raw_annual_rates,uk_ipi_c26_12m_pct,hk_ppi_tech_gbp_12m_pct,pre_2020,12,-0.4434535696062863,-0.4434535696062863,0.10465116279069768,0.2441860465116279,109,0
raw_annual_rates,uk_ipi_c26_12m_pct,hk_ppi_tech_gbp_12m_pct,pandemic_2020_2022,0,0.6304702365037217,0.24659424797912413,0.5,1.0,36,0
raw_annual_rates,uk_ipi_c26_12m_pct,hk_ppi_tech_gbp_12m_pct,pandemic_2020_2022,1,0.5461249847272149,0.3060439023046618,0.5,1.0,35,0
raw_annual_rates,uk_ipi_c26_12m_pct,hk_ppi_tech_gbp_12m_pct,pandemic_2020_2022,2,0.4653655275746181,0.2763669984107718,0.5,1.0,34,0
raw_annual_rates,uk_ipi_c26_12m_pct,hk_ppi_tech_gbp_12m_pct,pandemic_2020_2022,3,0.3943617470277418,0.28478537468878296,0.5,1.0,33,0
raw_annual_rates,uk_ipi_c26_12m_pct,hk_ppi_tech_gbp_12m_pct,pandemic_2020_2022,4,0.21257149108216492,0.1080964408488084,1.0,1.0,32,0
raw_annual_rates,uk_ipi_c26_12m_pct,hk_ppi_tech_gbp_12m_pct,pandemic_2020_2022,5,0.009979346096818512,-0.20511638940168606,0.5,1.0,31,0
raw_annual_rates,uk_ipi_c26_12m_pct,hk_ppi_tech_gbp_12m_pct,pandemic_2020_2022,6,-0.19967971813140178,-0.5308946163771183,0.5,0.5,30,0
raw_annual_rates,uk_ipi_c26_12m_pct,hk_ppi_tech_gbp_12m_pct,pandemic_2020_2022,7,-0.46295628306570663,-0.7195833377351547,0.5,0.5,29,0
raw_annual_rates,uk_ipi_c26_12m_pct,hk_ppi_tech_gbp_12m_pct,pandemic_2020_2022,8,-0.6208843179887321,-0.7909655842159464,0.5,0.5,28,0
raw_annual_rates,uk_ipi_c26_12m_pct,hk_ppi_tech_gbp_12m_pct,pandemic_2020_2022,9,-0.7250974345178406,-0.7536141943301419,0.5,0.5,27,0
raw_annual_rates,uk_ipi_c26_12m_pct,hk_ppi_tech_gbp_12m_pct,pandemic_2020_2022,10,-0.7662884912218851,-0.7123530159688872,0.5,0.5,26,0
raw_annual_rates,uk_ipi_c26_12m_pct,hk_ppi_tech_gbp_12m_pct,pandemic_2020_2022,11,-0.7625901575495863,-0.7363472273582214,0.5,0.5,25,0
raw_annual_rates,uk_ipi_c26_12m_pct,hk_ppi_tech_gbp_12m_pct,pandemic_2020_2022,12,-0.7709624399080623,-0.7709624399080623,0.5,0.5,24,0
raw_annual_rates,uk_ipi_c26_12m_pct,hk_ppi_tech_gbp_12m_pct,post_2022,0,0.43775140331081425,0.731155958454554,0.14285714285714285,0.14285714285714285,42,0
raw_annual_rates,uk_ipi_c26_12m_pct,hk_ppi_tech_gbp_12m_pct,post_2022,1,0.49663531833509156,0.6944356291923252,0.14285714285714285,0.14285714285714285,41,0
raw_annual_rates,uk_ipi_c26_12m_pct,hk_ppi_tech_gbp_12m_pct,post_2022,2,0.5083850297229519,0.6493526885796228,0.14285714285714285,0.14285714285714285,40,0
raw_annual_rates,uk_ipi_c26_12m_pct,hk_ppi_tech_gbp_12m_pct,post_2022,3,0.5292447757555386,0.6249197024553294,0.14285714285714285,0.14285714285714285,39,0
raw_annual_rates,uk_ipi_c26_12m_pct,hk_ppi_tech_gbp_12m_pct,post_2022,4,0.5479253460841458,0.6003009494305741,0.14285714285714285,0.14285714285714285,38,0
raw_annual_rates,uk_ipi_c26_12m_pct,hk_ppi_tech_gbp_12m_pct,post_2022,5,0.4280218995893945,0.4668273511604891,0.14285714285714285,0.14285714285714285,37,0
raw_annual_rates,uk_ipi_c26_12m_pct,hk_ppi_tech_gbp_12m_pct,post_2022,6,0.25914687554717647,0.29472890805441426,0.14285714285714285,0.42857142857142855,36,0
raw_annual_rates,uk_ipi_c26_12m_pct,hk_ppi_tech_gbp_12m_pct,post_2022,7,-0.19530863815497232,-0.16661133062987177,0.42857142857142855,1.0,35,0
raw_annual_rates,uk_ipi_c26_12m_pct,hk_ppi_tech_gbp_12m_pct,post_2022,8,-0.674338338330448,-0.6800695247493538,0.14285714285714285,0.14285714285714285,34,0
raw_annual_rates,uk_ipi_c26_12m_pct,hk_ppi_tech_gbp_12m_pct,post_2022,9,-0.4021359123541475,-0.4200970724862501,0.14285714285714285,0.2857142857142857,33,0
raw_annual_rates,uk_ipi_c26_12m_pct,hk_ppi_tech_gbp_12m_pct,post_2022,10,-0.09274525197196842,-0.13498315525311463,0.5714285714285714,1.0,32,0
raw_annual_rates,uk_ipi_c26_12m_pct,hk_ppi_tech_gbp_12m_pct,post_2022,11,-0.001830156189864384,-0.027262636993749666,0.8571428571428571,1.0,31,0
raw_annual_rates,uk_ipi_c26_12m_pct,hk_ppi_tech_gbp_12m_pct,post_2022,12,-0.05526720104100812,-0.05526720104100812,0.8571428571428571,1.0,30,0
raw_annual_rates,uk_ipi_c26_12m_pct,oecd_asia_c26_targeted_gbp_12m_pct,full,0,0.34283234854775385,0.37676146688064555,0.25925925925925924,0.7037037037037037,62,0
raw_annual_rates,uk_ipi_c26_12m_pct,oecd_asia_c26_targeted_gbp_12m_pct,full,1,0.46795567958452683,0.4941471932715467,0.18518518518518517,0.5555555555555556,61,0
raw_annual_rates,uk_ipi_c26_12m_pct,oecd_asia_c26_targeted_gbp_12m_pct,full,2,0.5817206665616641,0.5994085605898074,0.14814814814814814,0.48148148148148145,60,0
raw_annual_rates,uk_ipi_c26_12m_pct,oecd_asia_c26_targeted_gbp_12m_pct,full,3,0.6788055908015439,0.6879340835376804,0.14814814814814814,0.4074074074074074,59,0
raw_annual_rates,uk_ipi_c26_12m_pct,oecd_asia_c26_targeted_gbp_12m_pct,full,4,0.7565866768562721,0.7601134969870695,0.037037037037037035,0.07407407407407407,58,0
raw_annual_rates,uk_ipi_c26_12m_pct,oecd_asia_c26_targeted_gbp_12m_pct,full,5,0.8051816548138179,0.8051030528521224,0.037037037037037035,0.037037037037037035,57,0
raw_annual_rates,uk_ipi_c26_12m_pct,oecd_asia_c26_targeted_gbp_12m_pct,full,6,0.8358882862023642,0.8345767755849169,0.037037037037037035,0.037037037037037035,56,0
raw_annual_rates,uk_ipi_c26_12m_pct,oecd_asia_c26_targeted_gbp_12m_pct,full,7,0.8294325037036165,0.8269406500764953,0.037037037037037035,0.037037037037037035,55,0
raw_annual_rates,uk_ipi_c26_12m_pct,oecd_asia_c26_targeted_gbp_12m_pct,full,8,0.7844376938396829,0.7804818741915157,0.037037037037037035,0.037037037037037035,54,0
raw_annual_rates,uk_ipi_c26_12m_pct,oecd_asia_c26_targeted_gbp_12m_pct,full,9,0.7329730057249974,0.7289641270931687,0.037037037037037035,0.14814814814814814,53,0
raw_annual_rates,uk_ipi_c26_12m_pct,oecd_asia_c26_targeted_gbp_12m_pct,full,10,0.672296815259332,0.6692042269562677,0.14814814814814814,0.4444444444444444,52,0
raw_annual_rates,uk_ipi_c26_12m_pct,oecd_asia_c26_targeted_gbp_12m_pct,full,11,0.5774062358409573,0.5755598316828723,0.2962962962962963,0.5185185185185185,51,0
raw_annual_rates,uk_ipi_c26_12m_pct,oecd_asia_c26_targeted_gbp_12m_pct,full,12,0.4726687188447891,0.4726687188447891,0.37037037037037035,0.5555555555555556,50,0
raw_annual_rates,uk_ipi_c26_12m_pct,oecd_asia_c26_targeted_gbp_12m_pct,pandemic_2020_2022,0,0.6060425335013174,0.7899029139780734,0.5,0.5,22,0
raw_annual_rates,uk_ipi_c26_12m_pct,oecd_asia_c26_targeted_gbp_12m_pct,pandemic_2020_2022,1,0.7407761682307062,0.668814066884166,0.5,0.5,21,0
raw_annual_rates,uk_ipi_c26_12m_pct,oecd_asia_c26_targeted_gbp_12m_pct,pandemic_2020_2022,2,0.8418600968452784,0.7644711046167221,0.5,0.5,20,0
raw_annual_rates,uk_ipi_c26_12m_pct,oecd_asia_c26_targeted_gbp_12m_pct,pandemic_2020_2022,3,0.8903433139713783,0.8416647934726413,0.5,0.5,19,0
raw_annual_rates,uk_ipi_c26_12m_pct,oecd_asia_c26_targeted_gbp_12m_pct,pandemic_2020_2022,4,0.915247971898352,0.8495390391182099,0.5,0.5,18,0
raw_annual_rates,uk_ipi_c26_12m_pct,oecd_asia_c26_targeted_gbp_12m_pct,pandemic_2020_2022,5,0.915227509081874,0.8456965586359334,0.5,0.5,17,0
raw_annual_rates,uk_ipi_c26_12m_pct,oecd_asia_c26_targeted_gbp_12m_pct,pandemic_2020_2022,6,0.9441215075431366,0.9305969344713348,0.5,0.5,16,0
raw_annual_rates,uk_ipi_c26_12m_pct,oecd_asia_c26_targeted_gbp_12m_pct,pandemic_2020_2022,7,0.9478249708264641,0.9627934318911607,0.5,0.5,15,0
raw_annual_rates,uk_ipi_c26_12m_pct,oecd_asia_c26_targeted_gbp_12m_pct,pandemic_2020_2022,8,0.9018142776294816,0.9280191654979523,0.5,0.5,14,0
raw_annual_rates,uk_ipi_c26_12m_pct,oecd_asia_c26_targeted_gbp_12m_pct,pandemic_2020_2022,9,0.8921471468001388,0.892843796596588,0.5,0.5,13,0
raw_annual_rates,uk_ipi_c26_12m_pct,oecd_asia_c26_targeted_gbp_12m_pct,pandemic_2020_2022,10,0.9266446717524816,0.923795311436017,0.5,0.5,12,0
raw_annual_rates,uk_ipi_c26_12m_pct,oecd_asia_c26_targeted_gbp_12m_pct,pandemic_2020_2022,11,0.8744732971194402,0.8658856199451979,0.5,0.5,11,0
raw_annual_rates,uk_ipi_c26_12m_pct,oecd_asia_c26_targeted_gbp_12m_pct,pandemic_2020_2022,12,0.7956154373508851,0.7956154373508851,0.5,0.5,10,0
raw_annual_rates,uk_ipi_c26_12m_pct,oecd_asia_c26_targeted_gbp_12m_pct,post_2022,0,0.173028302130759,0.40717248158770963,0.2,0.2,40,0
raw_annual_rates,uk_ipi_c26_12m_pct,oecd_asia_c26_targeted_gbp_12m_pct,post_2022,1,0.2797715572659251,0.47567467133827873,0.2,0.2,39,0
raw_annual_rates,uk_ipi_c26_12m_pct,oecd_asia_c26_targeted_gbp_12m_pct,post_2022,2,0.377279884153584,0.5285553806575639,0.2,0.2,38,0
raw_annual_rates,uk_ipi_c26_12m_pct,oecd_asia_c26_targeted_gbp_12m_pct,post_2022,3,0.4245507640026805,0.5267430766336125,0.2,0.2,37,0
raw_annual_rates,uk_ipi_c26_12m_pct,oecd_asia_c26_targeted_gbp_12m_pct,post_2022,4,0.4439622132829496,0.5051938195539819,0.2,0.2,36,0
raw_annual_rates,uk_ipi_c26_12m_pct,oecd_asia_c26_targeted_gbp_12m_pct,post_2022,5,0.4657269536053024,0.49629576191149766,0.2,0.2,35,0
raw_annual_rates,uk_ipi_c26_12m_pct,oecd_asia_c26_targeted_gbp_12m_pct,post_2022,6,0.4129575181369149,0.42217348015262823,0.2,0.2,34,0
raw_annual_rates,uk_ipi_c26_12m_pct,oecd_asia_c26_targeted_gbp_12m_pct,post_2022,7,0.22560572234267617,0.2080785317207499,0.2,1.0,33,0
raw_annual_rates,uk_ipi_c26_12m_pct,oecd_asia_c26_targeted_gbp_12m_pct,post_2022,8,-0.18578017355184245,-0.21743477568482483,0.6,1.0,32,0
raw_annual_rates,uk_ipi_c26_12m_pct,oecd_asia_c26_targeted_gbp_12m_pct,post_2022,9,-0.33215338677971246,-0.3508982078544435,0.4,0.8,31,0
raw_annual_rates,uk_ipi_c26_12m_pct,oecd_asia_c26_targeted_gbp_12m_pct,post_2022,10,-0.407319089768406,-0.417940251811933,0.2,0.2,30,0
raw_annual_rates,uk_ipi_c26_12m_pct,oecd_asia_c26_targeted_gbp_12m_pct,post_2022,11,-0.429726794570351,-0.4400929933531647,0.2,0.2,29,0
raw_annual_rates,uk_ipi_c26_12m_pct,oecd_asia_c26_targeted_gbp_12m_pct,post_2022,12,-0.4254670763371277,-0.4254670763371277,0.2,0.2,28,0
raw_annual_rates,uk_ipi_c26_12m_pct,oecd_asia_c26_bls_gbp_12m_pct,full,0,0.7099026900358674,0.7068770808606748,0.008264462809917356,0.008264462809917356,156,0
raw_annual_rates,uk_ipi_c26_12m_pct,oecd_asia_c26_bls_gbp_12m_pct,full,1,0.6971153584297917,0.6897749729251926,0.008264462809917356,0.008264462809917356,155,0
raw_annual_rates,uk_ipi_c26_12m_pct,oecd_asia_c26_bls_gbp_12m_pct,full,2,0.662165813914493,0.6520576317486184,0.008264462809917356,0.008264462809917356,154,0
raw_annual_rates,uk_ipi_c26_12m_pct,oecd_asia_c26_bls_gbp_12m_pct,full,3,0.6139906950423124,0.6027874266764565,0.008264462809917356,0.01652892561983471,153,0
raw_annual_rates,uk_ipi_c26_12m_pct,oecd_asia_c26_bls_gbp_12m_pct,full,4,0.557075854439457,0.5442398020641472,0.008264462809917356,0.024793388429752067,152,0
raw_annual_rates,uk_ipi_c26_12m_pct,oecd_asia_c26_bls_gbp_12m_pct,full,5,0.49757387088115623,0.4835467353643579,0.024793388429752067,0.14049586776859505,151,0
raw_annual_rates,uk_ipi_c26_12m_pct,oecd_asia_c26_bls_gbp_12m_pct,full,6,0.4397092166759988,0.42488301293742564,0.05785123966942149,0.18181818181818182,150,0
raw_annual_rates,uk_ipi_c26_12m_pct,oecd_asia_c26_bls_gbp_12m_pct,full,7,0.3566552743705131,0.3433572384786219,0.09917355371900827,0.4049586776859504,149,0
raw_annual_rates,uk_ipi_c26_12m_pct,oecd_asia_c26_bls_gbp_12m_pct,full,8,0.26369027339554446,0.2518198626943007,0.3305785123966942,0.743801652892562,148,0
raw_annual_rates,uk_ipi_c26_12m_pct,oecd_asia_c26_bls_gbp_12m_pct,full,9,0.16764781075496296,0.1577077116144815,0.628099173553719,0.9752066115702479,147,0
raw_annual_rates,uk_ipi_c26_12m_pct,oecd_asia_c26_bls_gbp_12m_pct,full,10,0.07826270619380134,0.07098614509062584,0.8099173553719008,1.0,146,0
raw_annual_rates,uk_ipi_c26_12m_pct,oecd_asia_c26_bls_gbp_12m_pct,full,11,-0.006645380985596094,-0.010648226578591243,0.9752066115702479,1.0,145,0
raw_annual_rates,uk_ipi_c26_12m_pct,oecd_asia_c26_bls_gbp_12m_pct,full,12,-0.08602106602514162,-0.08602106602514162,0.7933884297520661,1.0,144,0
raw_annual_rates,uk_ipi_c26_12m_pct,oecd_asia_c26_bls_gbp_12m_pct,pre_2020,0,0.6528525822183164,0.6652112047938186,0.13636363636363635,0.36363636363636365,79,0
raw_annual_rates,uk_ipi_c26_12m_pct,oecd_asia_c26_bls_gbp_12m_pct,pre_2020,1,0.5703569891762792,0.5897119953301636,0.18181818181818182,0.5,78,0
raw_annual_rates,uk_ipi_c26_12m_pct,oecd_asia_c26_bls_gbp_12m_pct,pre_2020,2,0.4692214705294721,0.49214040467499537,0.22727272727272727,0.75,77,0
raw_annual_rates,uk_ipi_c26_12m_pct,oecd_asia_c26_bls_gbp_12m_pct,pre_2020,3,0.36132627529949696,0.38462893172252327,0.38636363636363635,0.8863636363636364,76,0
raw_annual_rates,uk_ipi_c26_12m_pct,oecd_asia_c26_bls_gbp_12m_pct,pre_2020,4,0.24385337859786846,0.2623381699724319,0.5,1.0,75,0
raw_annual_rates,uk_ipi_c26_12m_pct,oecd_asia_c26_bls_gbp_12m_pct,pre_2020,5,0.14815697271510753,0.15935828148032122,0.6136363636363636,1.0,74,0
raw_annual_rates,uk_ipi_c26_12m_pct,oecd_asia_c26_bls_gbp_12m_pct,pre_2020,6,0.058018195997042374,0.06568727482078308,0.9090909090909091,1.0,73,0
raw_annual_rates,uk_ipi_c26_12m_pct,oecd_asia_c26_bls_gbp_12m_pct,pre_2020,7,-0.050070723110505345,-0.04215935133778751,0.9090909090909091,1.0,72,0
raw_annual_rates,uk_ipi_c26_12m_pct,oecd_asia_c26_bls_gbp_12m_pct,pre_2020,8,-0.14337450176407535,-0.13383635833591576,0.75,1.0,71,0
raw_annual_rates,uk_ipi_c26_12m_pct,oecd_asia_c26_bls_gbp_12m_pct,pre_2020,9,-0.21947579484001195,-0.21395673594821818,0.6590909090909091,1.0,70,0
raw_annual_rates,uk_ipi_c26_12m_pct,oecd_asia_c26_bls_gbp_12m_pct,pre_2020,10,-0.26430200827806927,-0.25870945450847177,0.5909090909090909,1.0,69,0
raw_annual_rates,uk_ipi_c26_12m_pct,oecd_asia_c26_bls_gbp_12m_pct,pre_2020,11,-0.2799781490264395,-0.27703929371888586,0.6136363636363636,0.9772727272727273,68,0
raw_annual_rates,uk_ipi_c26_12m_pct,oecd_asia_c26_bls_gbp_12m_pct,pre_2020,12,-0.30337132090350455,-0.30337132090350455,0.5909090909090909,0.9545454545454546,67,0
raw_annual_rates,uk_ipi_c26_12m_pct,oecd_asia_c26_bls_gbp_12m_pct,pandemic_2020_2022,0,0.8852316425864024,0.7747631698170349,0.5,0.5,36,0
raw_annual_rates,uk_ipi_c26_12m_pct,oecd_asia_c26_bls_gbp_12m_pct,pandemic_2020_2022,1,0.8904228182244014,0.5591447397349655,0.5,1.0,35,0
raw_annual_rates,uk_ipi_c26_12m_pct,oecd_asia_c26_bls_gbp_12m_pct,pandemic_2020_2022,2,0.8729117922982805,0.41981748719251444,0.5,1.0,34,0
raw_annual_rates,uk_ipi_c26_12m_pct,oecd_asia_c26_bls_gbp_12m_pct,pandemic_2020_2022,3,0.868506924848881,0.34687498665742694,0.5,1.0,33,0
raw_annual_rates,uk_ipi_c26_12m_pct,oecd_asia_c26_bls_gbp_12m_pct,pandemic_2020_2022,4,0.861701148331144,0.291987100018372,1.0,1.0,32,0
raw_annual_rates,uk_ipi_c26_12m_pct,oecd_asia_c26_bls_gbp_12m_pct,pandemic_2020_2022,5,0.8345006170022423,0.343555112001371,0.5,1.0,31,0
raw_annual_rates,uk_ipi_c26_12m_pct,oecd_asia_c26_bls_gbp_12m_pct,pandemic_2020_2022,6,0.8118764766742154,0.47780695439141413,0.5,1.0,30,0
raw_annual_rates,uk_ipi_c26_12m_pct,oecd_asia_c26_bls_gbp_12m_pct,pandemic_2020_2022,7,0.7519376938930903,0.46186402838420026,0.5,1.0,29,0
raw_annual_rates,uk_ipi_c26_12m_pct,oecd_asia_c26_bls_gbp_12m_pct,pandemic_2020_2022,8,0.6215191661593085,0.2935913220218576,0.5,1.0,28,0
raw_annual_rates,uk_ipi_c26_12m_pct,oecd_asia_c26_bls_gbp_12m_pct,pandemic_2020_2022,9,0.46679926546138445,0.1904136730906021,0.5,1.0,27,0
raw_annual_rates,uk_ipi_c26_12m_pct,oecd_asia_c26_bls_gbp_12m_pct,pandemic_2020_2022,10,0.2732388746747575,0.09140900997408305,1.0,1.0,26,0
raw_annual_rates,uk_ipi_c26_12m_pct,oecd_asia_c26_bls_gbp_12m_pct,pandemic_2020_2022,11,0.03410575046252005,-0.05470339536586345,1.0,1.0,25,0
raw_annual_rates,uk_ipi_c26_12m_pct,oecd_asia_c26_bls_gbp_12m_pct,pandemic_2020_2022,12,-0.17771845312277507,-0.17771845312277507,1.0,1.0,24,0
raw_annual_rates,uk_ipi_c26_12m_pct,oecd_asia_c26_bls_gbp_12m_pct,post_2022,0,0.6941352562103511,0.7682956978478074,0.16666666666666666,0.16666666666666666,41,0
raw_annual_rates,uk_ipi_c26_12m_pct,oecd_asia_c26_bls_gbp_12m_pct,post_2022,1,0.7797807198766524,0.8154485822644207,0.16666666666666666,0.16666666666666666,40,0
raw_annual_rates,uk_ipi_c26_12m_pct,oecd_asia_c26_bls_gbp_12m_pct,post_2022,2,0.8111362211376489,0.8286625171429486,0.16666666666666666,0.16666666666666666,39,0
raw_annual_rates,uk_ipi_c26_12m_pct,oecd_asia_c26_bls_gbp_12m_pct,post_2022,3,0.7681368639951904,0.7883591293473338,0.16666666666666666,0.16666666666666666,38,0
raw_annual_rates,uk_ipi_c26_12m_pct,oecd_asia_c26_bls_gbp_12m_pct,post_2022,4,0.6862034488350314,0.7116678128276851,0.16666666666666666,0.16666666666666666,37,0
raw_annual_rates,uk_ipi_c26_12m_pct,oecd_asia_c26_bls_gbp_12m_pct,post_2022,5,0.5624893013158331,0.5828441634958802,0.16666666666666666,0.16666666666666666,36,0
raw_annual_rates,uk_ipi_c26_12m_pct,oecd_asia_c26_bls_gbp_12m_pct,post_2022,6,0.41387070941912024,0.4058864835144895,0.16666666666666666,0.5,35,0
raw_annual_rates,uk_ipi_c26_12m_pct,oecd_asia_c26_bls_gbp_12m_pct,post_2022,7,0.16351075541146382,0.16112582698972247,0.6666666666666666,1.0,34,0
raw_annual_rates,uk_ipi_c26_12m_pct,oecd_asia_c26_bls_gbp_12m_pct,post_2022,8,-0.24338191493437508,-0.2399534698513025,0.6666666666666666,1.0,33,0
raw_annual_rates,uk_ipi_c26_12m_pct,oecd_asia_c26_bls_gbp_12m_pct,post_2022,9,-0.27448120591106734,-0.24938250344174537,0.6666666666666666,1.0,32,0
raw_annual_rates,uk_ipi_c26_12m_pct,oecd_asia_c26_bls_gbp_12m_pct,post_2022,10,-0.40285819200277817,-0.3779307358928487,0.5,0.8333333333333334,31,0
raw_annual_rates,uk_ipi_c26_12m_pct,oecd_asia_c26_bls_gbp_12m_pct,post_2022,11,-0.5586787379804158,-0.5428716526781701,0.16666666666666666,0.16666666666666666,30,0
raw_annual_rates,uk_ipi_c26_12m_pct,oecd_asia_c26_bls_gbp_12m_pct,post_2022,12,-0.6369137339276394,-0.6369137339276394,0.16666666666666666,0.16666666666666666,29,0
raw_annual_rates,uk_ipi_c26_12m_pct,fred_china_computer_electronics_gbp_12m_pct,full,0,0.7372545047298006,0.7297462263280516,0.008264462809917356,0.008264462809917356,156,0
raw_annual_rates,uk_ipi_c26_12m_pct,fred_china_computer_electronics_gbp_12m_pct,full,1,0.7219480657835129,0.7131478187984015,0.008264462809917356,0.008264462809917356,155,0
raw_annual_rates,uk_ipi_c26_12m_pct,fred_china_computer_electronics_gbp_12m_pct,full,2,0.6835581797771845,0.6733556237200181,0.008264462809917356,0.008264462809917356,154,0
raw_annual_rates,uk_ipi_c26_12m_pct,fred_china_computer_electronics_gbp_12m_pct,full,3,0.6336944269091309,0.6227913464731571,0.008264462809917356,0.01652892561983471,153,0
raw_annual_rates,uk_ipi_c26_12m_pct,fred_china_computer_electronics_gbp_12m_pct,full,4,0.5751865226019517,0.5625313150681793,0.008264462809917356,0.024793388429752067,152,0
raw_annual_rates,uk_ipi_c26_12m_pct,fred_china_computer_electronics_gbp_12m_pct,full,5,0.5135973806840464,0.49912874736487733,0.008264462809917356,0.024793388429752067,151,0
raw_annual_rates,uk_ipi_c26_12m_pct,fred_china_computer_electronics_gbp_12m_pct,full,6,0.45404236018304833,0.43826016422424224,0.04132231404958678,0.1652892561983471,150,0
raw_annual_rates,uk_ipi_c26_12m_pct,fred_china_computer_electronics_gbp_12m_pct,full,7,0.36828961232532015,0.353874081059986,0.08264462809917356,0.35537190082644626,149,0
raw_annual_rates,uk_ipi_c26_12m_pct,fred_china_computer_electronics_gbp_12m_pct,full,8,0.27430034216245214,0.26136121659480493,0.2809917355371901,0.71900826446281,148,0
raw_annual_rates,uk_ipi_c26_12m_pct,fred_china_computer_electronics_gbp_12m_pct,full,9,0.17748634113397552,0.16668270375414576,0.5867768595041323,0.9669421487603306,147,0
raw_annual_rates,uk_ipi_c26_12m_pct,fred_china_computer_electronics_gbp_12m_pct,full,10,0.08737561839243309,0.07949543173758698,0.7933884297520661,1.0,146,0
raw_annual_rates,uk_ipi_c26_12m_pct,fred_china_computer_electronics_gbp_12m_pct,full,11,0.0017308583886322623,-0.002604884730725563,0.9834710743801653,1.0,145,0
raw_annual_rates,uk_ipi_c26_12m_pct,fred_china_computer_electronics_gbp_12m_pct,full,12,-0.07920149649266921,-0.07920149649266921,0.8016528925619835,1.0,144,0
raw_annual_rates,uk_ipi_c26_12m_pct,fred_china_computer_electronics_gbp_12m_pct,pre_2020,0,0.6804407180985036,0.692908091738637,0.11363636363636363,0.36363636363636365,79,0
raw_annual_rates,uk_ipi_c26_12m_pct,fred_china_computer_electronics_gbp_12m_pct,pre_2020,1,0.6037925865047384,0.6230263323028528,0.1590909090909091,0.4772727272727273,78,0
raw_annual_rates,uk_ipi_c26_12m_pct,fred_china_computer_electronics_gbp_12m_pct,pre_2020,2,0.5041588245510947,0.5270429617697502,0.20454545454545456,0.5454545454545454,77,0
raw_annual_rates,uk_ipi_c26_12m_pct,fred_china_computer_electronics_gbp_12m_pct,pre_2020,3,0.39840652104485336,0.42189435927294094,0.3409090909090909,0.8409090909090909,76,0
raw_annual_rates,uk_ipi_c26_12m_pct,fred_china_computer_electronics_gbp_12m_pct,pre_2020,4,0.2816385749462935,0.300847710445791,0.45454545454545453,0.9545454545454546,75,0
raw_annual_rates,uk_ipi_c26_12m_pct,fred_china_computer_electronics_gbp_12m_pct,pre_2020,5,0.18617038181109413,0.19811162761972792,0.5454545454545454,1.0,74,0
raw_annual_rates,uk_ipi_c26_12m_pct,fred_china_computer_electronics_gbp_12m_pct,pre_2020,6,0.09578882687725769,0.10440910331034674,0.75,1.0,73,0
raw_annual_rates,uk_ipi_c26_12m_pct,fred_china_computer_electronics_gbp_12m_pct,pre_2020,7,-0.01718314311187755,-0.00820760703271226,0.9772727272727273,1.0,72,0
raw_annual_rates,uk_ipi_c26_12m_pct,fred_china_computer_electronics_gbp_12m_pct,pre_2020,8,-0.1120288750758914,-0.1016860123581054,0.8181818181818182,1.0,71,0
raw_annual_rates,uk_ipi_c26_12m_pct,fred_china_computer_electronics_gbp_12m_pct,pre_2020,9,-0.19041593345625285,-0.18415080358231112,0.6818181818181818,1.0,70,0
raw_annual_rates,uk_ipi_c26_12m_pct,fred_china_computer_electronics_gbp_12m_pct,pre_2020,10,-0.23805483893048052,-0.23186371141890827,0.6136363636363636,1.0,69,0
raw_annual_rates,uk_ipi_c26_12m_pct,fred_china_computer_electronics_gbp_12m_pct,pre_2020,11,-0.2575322143987697,-0.25420989628355983,0.6363636363636364,0.9772727272727273,68,0
raw_annual_rates,uk_ipi_c26_12m_pct,fred_china_computer_electronics_gbp_12m_pct,pre_2020,12,-0.2868864621995483,-0.2868864621995483,0.6136363636363636,0.9545454545454546,67,0
raw_annual_rates,uk_ipi_c26_12m_pct,fred_china_computer_electronics_gbp_12m_pct,pandemic_2020_2022,0,0.8966808211779732,0.7749885998363029,0.5,0.5,36,0
raw_annual_rates,uk_ipi_c26_12m_pct,fred_china_computer_electronics_gbp_12m_pct,pandemic_2020_2022,1,0.8964339745551195,0.5500802075536738,0.5,1.0,35,0
raw_annual_rates,uk_ipi_c26_12m_pct,fred_china_computer_electronics_gbp_12m_pct,pandemic_2020_2022,2,0.8733871846471117,0.40179671324416705,0.5,1.0,34,0
raw_annual_rates,uk_ipi_c26_12m_pct,fred_china_computer_electronics_gbp_12m_pct,pandemic_2020_2022,3,0.8675698195083222,0.31661329736337346,0.5,1.0,33,0
raw_annual_rates,uk_ipi_c26_12m_pct,fred_china_computer_electronics_gbp_12m_pct,pandemic_2020_2022,4,0.8628759095658232,0.26589220111408735,1.0,1.0,32,0
raw_annual_rates,uk_ipi_c26_12m_pct,fred_china_computer_electronics_gbp_12m_pct,pandemic_2020_2022,5,0.8353583036765734,0.3291800365509678,0.5,1.0,31,0
raw_annual_rates,uk_ipi_c26_12m_pct,fred_china_computer_electronics_gbp_12m_pct,pandemic_2020_2022,6,0.8147752179995993,0.4853495127169101,0.5,1.0,30,0
raw_annual_rates,uk_ipi_c26_12m_pct,fred_china_computer_electronics_gbp_12m_pct,pandemic_2020_2022,7,0.7597031568717694,0.4839101640497544,0.5,1.0,29,0
raw_annual_rates,uk_ipi_c26_12m_pct,fred_china_computer_electronics_gbp_12m_pct,pandemic_2020_2022,8,0.6331844445428888,0.32189734927416813,0.5,1.0,28,0
raw_annual_rates,uk_ipi_c26_12m_pct,fred_china_computer_electronics_gbp_12m_pct,pandemic_2020_2022,9,0.48205742753794567,0.21702526397169256,0.5,1.0,27,0
raw_annual_rates,uk_ipi_c26_12m_pct,fred_china_computer_electronics_gbp_12m_pct,pandemic_2020_2022,10,0.29340413490765077,0.11889489971013477,0.5,1.0,26,0
raw_annual_rates,uk_ipi_c26_12m_pct,fred_china_computer_electronics_gbp_12m_pct,pandemic_2020_2022,11,0.05819856377222541,-0.025591485812907603,1.0,1.0,25,0
raw_annual_rates,uk_ipi_c26_12m_pct,fred_china_computer_electronics_gbp_12m_pct,pandemic_2020_2022,12,-0.1462189951353968,-0.1462189951353968,1.0,1.0,24,0
raw_annual_rates,uk_ipi_c26_12m_pct,fred_china_computer_electronics_gbp_12m_pct,post_2022,0,0.7611014975783759,0.787234793956474,0.16666666666666666,0.16666666666666666,41,0
raw_annual_rates,uk_ipi_c26_12m_pct,fred_china_computer_electronics_gbp_12m_pct,post_2022,1,0.8163455619993959,0.8324386131550503,0.16666666666666666,0.16666666666666666,40,0
raw_annual_rates,uk_ipi_c26_12m_pct,fred_china_computer_electronics_gbp_12m_pct,post_2022,2,0.8253017809566314,0.8431577187299509,0.16666666666666666,0.16666666666666666,39,0
raw_annual_rates,uk_ipi_c26_12m_pct,fred_china_computer_electronics_gbp_12m_pct,post_2022,3,0.7745471952735388,0.8043458039182778,0.16666666666666666,0.16666666666666666,38,0
raw_annual_rates,uk_ipi_c26_12m_pct,fred_china_computer_electronics_gbp_12m_pct,post_2022,4,0.6883120753741049,0.7251034708303592,0.16666666666666666,0.16666666666666666,37,0
raw_annual_rates,uk_ipi_c26_12m_pct,fred_china_computer_electronics_gbp_12m_pct,post_2022,5,0.560111533292522,0.5864299540525832,0.16666666666666666,0.16666666666666666,36,0
raw_annual_rates,uk_ipi_c26_12m_pct,fred_china_computer_electronics_gbp_12m_pct,post_2022,6,0.40503329185864967,0.40032472108965406,0.16666666666666666,0.16666666666666666,35,0
raw_annual_rates,uk_ipi_c26_12m_pct,fred_china_computer_electronics_gbp_12m_pct,post_2022,7,0.15645261637145008,0.16009166272032313,0.5,1.0,34,0
raw_annual_rates,uk_ipi_c26_12m_pct,fred_china_computer_electronics_gbp_12m_pct,post_2022,8,-0.2506247794365429,-0.24021155485558132,0.6666666666666666,1.0,33,0
raw_annual_rates,uk_ipi_c26_12m_pct,fred_china_computer_electronics_gbp_12m_pct,post_2022,9,-0.27383744736128396,-0.2414410288346685,0.5,1.0,32,0
raw_annual_rates,uk_ipi_c26_12m_pct,fred_china_computer_electronics_gbp_12m_pct,post_2022,10,-0.3951973488010561,-0.3657777388696821,0.5,0.6666666666666666,31,0
raw_annual_rates,uk_ipi_c26_12m_pct,fred_china_computer_electronics_gbp_12m_pct,post_2022,11,-0.5494324230334309,-0.5315105577908097,0.16666666666666666,0.16666666666666666,30,0
raw_annual_rates,uk_ipi_c26_12m_pct,fred_china_computer_electronics_gbp_12m_pct,post_2022,12,-0.627988714772802,-0.627988714772802,0.16666666666666666,0.16666666666666666,29,0
raw_annual_rates,uk_ipi_c26_12m_pct,fred_japan_computer_electronics_gbp_12m_pct,full,0,0.6909439317040589,0.6801080228208286,0.008264462809917356,0.008264462809917356,156,0
raw_annual_rates,uk_ipi_c26_12m_pct,fred_japan_computer_electronics_gbp_12m_pct,full,1,0.6828554578877114,0.6720184972322587,0.008264462809917356,0.008264462809917356,155,0
raw_annual_rates,uk_ipi_c26_12m_pct,fred_japan_computer_electronics_gbp_12m_pct,full,2,0.6550144319615487,0.6446544838140794,0.008264462809917356,0.008264462809917356,154,0
raw_annual_rates,uk_ipi_c26_12m_pct,fred_japan_computer_electronics_gbp_12m_pct,full,3,0.6110322653709725,0.6013898563147693,0.008264462809917356,0.01652892561983471,153,0
raw_annual_rates,uk_ipi_c26_12m_pct,fred_japan_computer_electronics_gbp_12m_pct,full,4,0.5567971647767941,0.547182147261092,0.008264462809917356,0.01652892561983471,152,0
raw_annual_rates,uk_ipi_c26_12m_pct,fred_japan_computer_electronics_gbp_12m_pct,full,5,0.49636879657315336,0.486670391864276,0.03305785123966942,0.1487603305785124,151,0
raw_annual_rates,uk_ipi_c26_12m_pct,fred_japan_computer_electronics_gbp_12m_pct,full,6,0.4358313516327479,0.4258902465791151,0.06611570247933884,0.2396694214876033,150,0
raw_annual_rates,uk_ipi_c26_12m_pct,fred_japan_computer_electronics_gbp_12m_pct,full,7,0.3450438015141851,0.3362187912652129,0.12396694214876033,0.34710743801652894,149,0
raw_annual_rates,uk_ipi_c26_12m_pct,fred_japan_computer_electronics_gbp_12m_pct,full,8,0.24566108652740937,0.23793797957815555,0.47107438016528924,0.9338842975206612,148,0
raw_annual_rates,uk_ipi_c26_12m_pct,fred_japan_computer_electronics_gbp_12m_pct,full,9,0.14137212826972184,0.13491548696366026,0.7024793388429752,0.9834710743801653,147,0
raw_annual_rates,uk_ipi_c26_12m_pct,fred_japan_computer_electronics_gbp_12m_pct,full,10,0.04182297297843658,0.03724017239181576,0.9338842975206612,1.0,146,0
raw_annual_rates,uk_ipi_c26_12m_pct,fred_japan_computer_electronics_gbp_12m_pct,full,11,-0.051831397532047734,-0.05446408164235471,0.8925619834710744,1.0,145,0
raw_annual_rates,uk_ipi_c26_12m_pct,fred_japan_computer_electronics_gbp_12m_pct,full,12,-0.14149884366946047,-0.14149884366946047,0.6859504132231405,0.9834710743801653,144,0
raw_annual_rates,uk_ipi_c26_12m_pct,fred_japan_computer_electronics_gbp_12m_pct,pre_2020,0,0.591587257655434,0.6303331481298473,0.13636363636363635,0.38636363636363635,79,0
raw_annual_rates,uk_ipi_c26_12m_pct,fred_japan_computer_electronics_gbp_12m_pct,pre_2020,1,0.529033395049795,0.5752567683355532,0.20454545454545456,0.6818181818181818,78,0
raw_annual_rates,uk_ipi_c26_12m_pct,fred_japan_computer_electronics_gbp_12m_pct,pre_2020,2,0.45465489124078085,0.5023195760201322,0.3181818181818182,0.7727272727272727,77,0
raw_annual_rates,uk_ipi_c26_12m_pct,fred_japan_computer_electronics_gbp_12m_pct,pre_2020,3,0.3652447740661305,0.41046956238476345,0.4090909090909091,0.8636363636363636,76,0
raw_annual_rates,uk_ipi_c26_12m_pct,fred_japan_computer_electronics_gbp_12m_pct,pre_2020,4,0.261833361591382,0.29935573896923434,0.5,0.9772727272727273,75,0
raw_annual_rates,uk_ipi_c26_12m_pct,fred_japan_computer_electronics_gbp_12m_pct,pre_2020,5,0.16977531542592006,0.19766799510846542,0.6136363636363636,1.0,74,0
raw_annual_rates,uk_ipi_c26_12m_pct,fred_japan_computer_electronics_gbp_12m_pct,pre_2020,6,0.08268542428062202,0.10569613115587413,0.8636363636363636,1.0,73,0
raw_annual_rates,uk_ipi_c26_12m_pct,fred_japan_computer_electronics_gbp_12m_pct,pre_2020,7,-0.028467231714930517,-0.007258158317840177,1.0,1.0,72,0
raw_annual_rates,uk_ipi_c26_12m_pct,fred_japan_computer_electronics_gbp_12m_pct,pre_2020,8,-0.12713206260136706,-0.10634663275736786,0.8636363636363636,1.0,71,0
raw_annual_rates,uk_ipi_c26_12m_pct,fred_japan_computer_electronics_gbp_12m_pct,pre_2020,9,-0.21697401269478533,-0.20240343780330886,0.6590909090909091,1.0,70,0
raw_annual_rates,uk_ipi_c26_12m_pct,fred_japan_computer_electronics_gbp_12m_pct,pre_2020,10,-0.28220794511653297,-0.27050448627783696,0.5681818181818182,1.0,69,0
raw_annual_rates,uk_ipi_c26_12m_pct,fred_japan_computer_electronics_gbp_12m_pct,pre_2020,11,-0.31654163343831654,-0.311001894791729,0.5681818181818182,0.9772727272727273,68,0
raw_annual_rates,uk_ipi_c26_12m_pct,fred_japan_computer_electronics_gbp_12m_pct,pre_2020,12,-0.3584025997256042,-0.3584025997256042,0.5454545454545454,0.9090909090909091,67,0
raw_annual_rates,uk_ipi_c26_12m_pct,fred_japan_computer_electronics_gbp_12m_pct,pandemic_2020_2022,0,0.8774258838199964,0.827243133126864,0.5,0.5,36,0
raw_annual_rates,uk_ipi_c26_12m_pct,fred_japan_computer_electronics_gbp_12m_pct,pandemic_2020_2022,1,0.8936579551867794,0.6883746465953318,0.5,0.5,35,0
raw_annual_rates,uk_ipi_c26_12m_pct,fred_japan_computer_electronics_gbp_12m_pct,pandemic_2020_2022,2,0.8803304347659895,0.5794696236738969,0.5,1.0,34,0
raw_annual_rates,uk_ipi_c26_12m_pct,fred_japan_computer_electronics_gbp_12m_pct,pandemic_2020_2022,3,0.8663679621554216,0.48748647817398344,0.5,1.0,33,0
raw_annual_rates,uk_ipi_c26_12m_pct,fred_japan_computer_electronics_gbp_12m_pct,pandemic_2020_2022,4,0.8440070191002873,0.3811038674802742,1.0,1.0,32,0
raw_annual_rates,uk_ipi_c26_12m_pct,fred_japan_computer_electronics_gbp_12m_pct,pandemic_2020_2022,5,0.7996236536230126,0.33702979912055153,1.0,1.0,31,0
raw_annual_rates,uk_ipi_c26_12m_pct,fred_japan_computer_electronics_gbp_12m_pct,pandemic_2020_2022,6,0.7564018291443937,0.3875196664360636,0.5,1.0,30,0
raw_annual_rates,uk_ipi_c26_12m_pct,fred_japan_computer_electronics_gbp_12m_pct,pandemic_2020_2022,7,0.6743319928584356,0.34041231104581515,0.5,1.0,29,0
raw_annual_rates,uk_ipi_c26_12m_pct,fred_japan_computer_electronics_gbp_12m_pct,pandemic_2020_2022,8,0.5360692753976918,0.20487016514811507,0.5,1.0,28,0
raw_annual_rates,uk_ipi_c26_12m_pct,fred_japan_computer_electronics_gbp_12m_pct,pandemic_2020_2022,9,0.3708978504700765,0.10430707691185123,0.5,1.0,27,0
raw_annual_rates,uk_ipi_c26_12m_pct,fred_japan_computer_electronics_gbp_12m_pct,pandemic_2020_2022,10,0.16490970497401636,-0.005948913305915896,1.0,1.0,26,0
raw_annual_rates,uk_ipi_c26_12m_pct,fred_japan_computer_electronics_gbp_12m_pct,pandemic_2020_2022,11,-0.07904916145689626,-0.16111253204144899,1.0,1.0,25,0
raw_annual_rates,uk_ipi_c26_12m_pct,fred_japan_computer_electronics_gbp_12m_pct,pandemic_2020_2022,12,-0.2942700783138902,-0.2942700783138902,0.5,1.0,24,0
raw_annual_rates,uk_ipi_c26_12m_pct,fred_japan_computer_electronics_gbp_12m_pct,post_2022,0,0.7251883595469338,0.7291244574847642,0.16666666666666666,0.16666666666666666,41,0
raw_annual_rates,uk_ipi_c26_12m_pct,fred_japan_computer_electronics_gbp_12m_pct,post_2022,1,0.7696093673785125,0.7664518490523203,0.16666666666666666,0.16666666666666666,40,0
raw_annual_rates,uk_ipi_c26_12m_pct,fred_japan_computer_electronics_gbp_12m_pct,post_2022,2,0.7622950039335216,0.7649335623306265,0.16666666666666666,0.16666666666666666,39,0
raw_annual_rates,uk_ipi_c26_12m_pct,fred_japan_computer_electronics_gbp_12m_pct,post_2022,3,0.6938700165875248,0.7097475379174492,0.16666666666666666,0.16666666666666666,38,0
raw_annual_rates,uk_ipi_c26_12m_pct,fred_japan_computer_electronics_gbp_12m_pct,post_2022,4,0.6082036137941116,0.637946662463499,0.16666666666666666,0.16666666666666666,37,0
raw_annual_rates,uk_ipi_c26_12m_pct,fred_japan_computer_electronics_gbp_12m_pct,post_2022,5,0.503979529593432,0.537339456231572,0.16666666666666666,0.16666666666666666,36,0
raw_annual_rates,uk_ipi_c26_12m_pct,fred_japan_computer_electronics_gbp_12m_pct,post_2022,6,0.36984829092859717,0.37965226485874953,0.16666666666666666,0.8333333333333334,35,0
raw_annual_rates,uk_ipi_c26_12m_pct,fred_japan_computer_electronics_gbp_12m_pct,post_2022,7,0.0975108425206846,0.09719300625689402,0.6666666666666666,1.0,34,0
raw_annual_rates,uk_ipi_c26_12m_pct,fred_japan_computer_electronics_gbp_12m_pct,post_2022,8,-0.332093187518531,-0.3411790024414252,0.6666666666666666,1.0,33,0
raw_annual_rates,uk_ipi_c26_12m_pct,fred_japan_computer_electronics_gbp_12m_pct,post_2022,9,-0.37123373909296137,-0.3697844999841984,0.5,1.0,32,0
raw_annual_rates,uk_ipi_c26_12m_pct,fred_japan_computer_electronics_gbp_12m_pct,post_2022,10,-0.43398829668699207,-0.4327451294481054,0.5,0.8333333333333334,31,0
raw_annual_rates,uk_ipi_c26_12m_pct,fred_japan_computer_electronics_gbp_12m_pct,post_2022,11,-0.5377398797809253,-0.5336319506528661,0.16666666666666666,0.16666666666666666,30,0
raw_annual_rates,uk_ipi_c26_12m_pct,fred_japan_computer_electronics_gbp_12m_pct,post_2022,12,-0.5686110134319746,-0.5686110134319746,0.16666666666666666,0.16666666666666666,29,0
raw_annual_rates,uk_ipi_c26_12m_pct,fred_asian_nie_computer_electronics_gbp_12m_pct,full,0,0.5409830983299287,0.5961773280671002,0.008264462809917356,0.008264462809917356,156,0
raw_annual_rates,uk_ipi_c26_12m_pct,fred_asian_nie_computer_electronics_gbp_12m_pct,full,1,0.5460842026506196,0.5745345066980603,0.008264462809917356,0.008264462809917356,155,0
raw_annual_rates,uk_ipi_c26_12m_pct,fred_asian_nie_computer_electronics_gbp_12m_pct,full,2,0.5337664658768984,0.5430526419756154,0.008264462809917356,0.01652892561983471,154,0
raw_annual_rates,uk_ipi_c26_12m_pct,fred_asian_nie_computer_electronics_gbp_12m_pct,full,3,0.4990591040895516,0.49882982242823226,0.04132231404958678,0.1487603305785124,153,0
raw_annual_rates,uk_ipi_c26_12m_pct,fred_asian_nie_computer_electronics_gbp_12m_pct,full,4,0.45338623709794773,0.4479694140556226,0.06611570247933884,0.18181818181818182,152,0
raw_annual_rates,uk_ipi_c26_12m_pct,fred_asian_nie_computer_electronics_gbp_12m_pct,full,5,0.407944751534651,0.4005463894853421,0.06611570247933884,0.19008264462809918,151,0
raw_annual_rates,uk_ipi_c26_12m_pct,fred_asian_nie_computer_electronics_gbp_12m_pct,full,6,0.36160465969491545,0.3538361835664867,0.08264462809917356,0.2066115702479339,150,0
raw_annual_rates,uk_ipi_c26_12m_pct,fred_asian_nie_computer_electronics_gbp_12m_pct,full,7,0.29684647031129924,0.2899238790243404,0.19834710743801653,0.5785123966942148,149,0
raw_annual_rates,uk_ipi_c26_12m_pct,fred_asian_nie_computer_electronics_gbp_12m_pct,full,8,0.21499147414243852,0.20826054349088866,0.48760330578512395,0.9173553719008265,148,0
raw_annual_rates,uk_ipi_c26_12m_pct,fred_asian_nie_computer_electronics_gbp_12m_pct,full,9,0.12957906032724054,0.12322570988461042,0.7107438016528925,1.0,147,0
raw_annual_rates,uk_ipi_c26_12m_pct,fred_asian_nie_computer_electronics_gbp_12m_pct,full,10,0.050724218214110384,0.045604100436501586,0.9090909090909091,1.0,146,0
raw_annual_rates,uk_ipi_c26_12m_pct,fred_asian_nie_computer_electronics_gbp_12m_pct,full,11,-0.02458609284377948,-0.02743720283459652,0.9421487603305785,1.0,145,0
raw_annual_rates,uk_ipi_c26_12m_pct,fred_asian_nie_computer_electronics_gbp_12m_pct,full,12,-0.09083102269412727,-0.09083102269412727,0.7768595041322314,1.0,144,0
raw_annual_rates,uk_ipi_c26_12m_pct,fred_asian_nie_computer_electronics_gbp_12m_pct,pre_2020,0,0.5303507101204873,0.5345218892944912,0.2727272727272727,0.7727272727272727,79,0
raw_annual_rates,uk_ipi_c26_12m_pct,fred_asian_nie_computer_electronics_gbp_12m_pct,pre_2020,1,0.4204291066116345,0.43168413918002546,0.38636363636363635,0.8863636363636364,78,0
raw_annual_rates,uk_ipi_c26_12m_pct,fred_asian_nie_computer_electronics_gbp_12m_pct,pre_2020,2,0.3082771245523152,0.32291515364411055,0.5,1.0,77,0
raw_annual_rates,uk_ipi_c26_12m_pct,fred_asian_nie_computer_electronics_gbp_12m_pct,pre_2020,3,0.18981761846372294,0.20461099688542067,0.5909090909090909,1.0,76,0
raw_annual_rates,uk_ipi_c26_12m_pct,fred_asian_nie_computer_electronics_gbp_12m_pct,pre_2020,4,0.06964678639314462,0.07838905377382337,0.8409090909090909,1.0,75,0
raw_annual_rates,uk_ipi_c26_12m_pct,fred_asian_nie_computer_electronics_gbp_12m_pct,pre_2020,5,-0.023994080033257578,-0.02168023215275978,0.9545454545454546,1.0,74,0
raw_annual_rates,uk_ipi_c26_12m_pct,fred_asian_nie_computer_electronics_gbp_12m_pct,pre_2020,6,-0.11018150292802907,-0.1118402815951195,0.75,1.0,73,0
raw_annual_rates,uk_ipi_c26_12m_pct,fred_asian_nie_computer_electronics_gbp_12m_pct,pre_2020,7,-0.1921423945698316,-0.19351014457803006,0.6363636363636364,1.0,72,0
raw_annual_rates,uk_ipi_c26_12m_pct,fred_asian_nie_computer_electronics_gbp_12m_pct,pre_2020,8,-0.27310792879867773,-0.27118339890046234,0.5681818181818182,1.0,71,0
raw_annual_rates,uk_ipi_c26_12m_pct,fred_asian_nie_computer_electronics_gbp_12m_pct,pre_2020,9,-0.33148583115791297,-0.3325076317939441,0.5227272727272727,0.9545454545454546,70,0
raw_annual_rates,uk_ipi_c26_12m_pct,fred_asian_nie_computer_electronics_gbp_12m_pct,pre_2020,10,-0.35546889397959097,-0.3547792257735347,0.5454545454545454,0.9545454545454546,69,0
raw_annual_rates,uk_ipi_c26_12m_pct,fred_asian_nie_computer_electronics_gbp_12m_pct,pre_2020,11,-0.3480851580650891,-0.3477944926215145,0.5681818181818182,0.9545454545454546,68,0
raw_annual_rates,uk_ipi_c26_12m_pct,fred_asian_nie_computer_electronics_gbp_12m_pct,pre_2020,12,-0.33921243502146375,-0.33921243502146375,0.5909090909090909,0.9545454545454546,67,0
raw_annual_rates,uk_ipi_c26_12m_pct,fred_asian_nie_computer_electronics_gbp_12m_pct,pandemic_2020_2022,0,0.8275131920719742,0.7270202620568748,0.5,0.5,36,0
raw_annual_rates,uk_ipi_c26_12m_pct,fred_asian_nie_computer_electronics_gbp_12m_pct,pandemic_2020_2022,1,0.8507708444886438,0.5223321473091628,0.5,1.0,35,0
raw_annual_rates,uk_ipi_c26_12m_pct,fred_asian_nie_computer_electronics_gbp_12m_pct,pandemic_2020_2022,2,0.8548545691531526,0.40622155735520343,0.5,1.0,34,0
raw_annual_rates,uk_ipi_c26_12m_pct,fred_asian_nie_computer_electronics_gbp_12m_pct,pandemic_2020_2022,3,0.8604619231722656,0.3818317509120029,0.5,1.0,33,0
raw_annual_rates,uk_ipi_c26_12m_pct,fred_asian_nie_computer_electronics_gbp_12m_pct,pandemic_2020_2022,4,0.8520214413261932,0.33361747093305033,0.5,1.0,32,0
raw_annual_rates,uk_ipi_c26_12m_pct,fred_asian_nie_computer_electronics_gbp_12m_pct,pandemic_2020_2022,5,0.8309838898281124,0.37914712851097393,0.5,1.0,31,0
raw_annual_rates,uk_ipi_c26_12m_pct,fred_asian_nie_computer_electronics_gbp_12m_pct,pandemic_2020_2022,6,0.8065825025002349,0.46749105835459054,0.5,1.0,30,0
raw_annual_rates,uk_ipi_c26_12m_pct,fred_asian_nie_computer_electronics_gbp_12m_pct,pandemic_2020_2022,7,0.7366631887119314,0.416575590093665,0.5,1.0,29,0
raw_annual_rates,uk_ipi_c26_12m_pct,fred_asian_nie_computer_electronics_gbp_12m_pct,pandemic_2020_2022,8,0.5972397942403519,0.22305591368863106,0.5,1.0,28,0
raw_annual_rates,uk_ipi_c26_12m_pct,fred_asian_nie_computer_electronics_gbp_12m_pct,pandemic_2020_2022,9,0.4367254758707218,0.1282124905450481,0.5,1.0,27,0
raw_annual_rates,uk_ipi_c26_12m_pct,fred_asian_nie_computer_electronics_gbp_12m_pct,pandemic_2020_2022,10,0.23685593925505766,0.03400397897643613,1.0,1.0,26,0
raw_annual_rates,uk_ipi_c26_12m_pct,fred_asian_nie_computer_electronics_gbp_12m_pct,pandemic_2020_2022,11,-0.004683874183210074,-0.10874351141712767,1.0,1.0,25,0
raw_annual_rates,uk_ipi_c26_12m_pct,fred_asian_nie_computer_electronics_gbp_12m_pct,pandemic_2020_2022,12,-0.2313066626587427,-0.2313066626587427,1.0,1.0,24,0
raw_annual_rates,uk_ipi_c26_12m_pct,fred_asian_nie_computer_electronics_gbp_12m_pct,post_2022,0,0.2781909231286446,0.6443100949859438,0.16666666666666666,0.16666666666666666,41,0
raw_annual_rates,uk_ipi_c26_12m_pct,fred_asian_nie_computer_electronics_gbp_12m_pct,post_2022,1,0.4212937412078145,0.7006620342385188,0.16666666666666666,0.16666666666666666,40,0
raw_annual_rates,uk_ipi_c26_12m_pct,fred_asian_nie_computer_electronics_gbp_12m_pct,post_2022,2,0.5595840418977341,0.7297906566042262,0.16666666666666666,0.16666666666666666,39,0
raw_annual_rates,uk_ipi_c26_12m_pct,fred_asian_nie_computer_electronics_gbp_12m_pct,post_2022,3,0.6043005721589175,0.691331048193596,0.16666666666666666,0.16666666666666666,38,0
raw_annual_rates,uk_ipi_c26_12m_pct,fred_asian_nie_computer_electronics_gbp_12m_pct,post_2022,4,0.5846948158587286,0.629604549924968,0.16666666666666666,0.16666666666666666,37,0
raw_annual_rates,uk_ipi_c26_12m_pct,fred_asian_nie_computer_electronics_gbp_12m_pct,post_2022,5,0.5138768718572668,0.5432258911973532,0.16666666666666666,0.3333333333333333,36,0
raw_annual_rates,uk_ipi_c26_12m_pct,fred_asian_nie_computer_electronics_gbp_12m_pct,post_2022,6,0.41478377672652905,0.41237354196559706,0.16666666666666666,0.8333333333333334,35,0
raw_annual_rates,uk_ipi_c26_12m_pct,fred_asian_nie_computer_electronics_gbp_12m_pct,post_2022,7,0.20022101486460828,0.17894720200261446,0.6666666666666666,1.0,34,0
raw_annual_rates,uk_ipi_c26_12m_pct,fred_asian_nie_computer_electronics_gbp_12m_pct,post_2022,8,-0.1471063859851148,-0.18312934470495176,0.8333333333333334,1.0,33,0
raw_annual_rates,uk_ipi_c26_12m_pct,fred_asian_nie_computer_electronics_gbp_12m_pct,post_2022,9,-0.21269988971924914,-0.2213443050189639,0.8333333333333334,1.0,32,0
raw_annual_rates,uk_ipi_c26_12m_pct,fred_asian_nie_computer_electronics_gbp_12m_pct,post_2022,10,-0.3921752352778992,-0.3848977882034647,0.5,0.8333333333333334,31,0
raw_annual_rates,uk_ipi_c26_12m_pct,fred_asian_nie_computer_electronics_gbp_12m_pct,post_2022,11,-0.5660783471410876,-0.5592431523030571,0.16666666666666666,0.16666666666666666,30,0
raw_annual_rates,uk_ipi_c26_12m_pct,fred_asian_nie_computer_electronics_gbp_12m_pct,post_2022,12,-0.6583810681785717,-0.6583810681785717,0.16666666666666666,0.16666666666666666,29,0
raw_annual_rates,uk_ipi_c26_12m_pct,asia_bls_common_factor_z,full,0,0.6767458097483654,0.678270784680564,0.008264462809917356,0.008264462809917356,156,0
raw_annual_rates,uk_ipi_c26_12m_pct,asia_bls_common_factor_z,full,1,0.6678141227704785,0.6627764320243864,0.008264462809917356,0.008264462809917356,155,0
raw_annual_rates,uk_ipi_c26_12m_pct,asia_bls_common_factor_z,full,2,0.6381678766635728,0.6294878834567049,0.008264462809917356,0.008264462809917356,154,0
raw_annual_rates,uk_ipi_c26_12m_pct,asia_bls_common_factor_z,full,3,0.5929135576780917,0.5828814805745649,0.008264462809917356,0.01652892561983471,153,0
raw_annual_rates,uk_ipi_c26_12m_pct,asia_bls_common_factor_z,full,4,0.5383639659548694,0.5270195586488862,0.008264462809917356,0.024793388429752067,152,0
raw_annual_rates,uk_ipi_c26_12m_pct,asia_bls_common_factor_z,full,5,0.48091940748440415,0.46901559183756736,0.04132231404958678,0.15702479338842976,151,0
raw_annual_rates,uk_ipi_c26_12m_pct,asia_bls_common_factor_z,full,6,0.4242469125466662,0.4120167793863631,0.06611570247933884,0.19008264462809918,150,0
raw_annual_rates,uk_ipi_c26_12m_pct,asia_bls_common_factor_z,full,7,0.3422147757989141,0.3313983310052644,0.10743801652892562,0.34710743801652894,149,0
raw_annual_rates,uk_ipi_c26_12m_pct,asia_bls_common_factor_z,full,8,0.24891330290939512,0.23926568710253238,0.371900826446281,0.8760330578512396,148,0
raw_annual_rates,uk_ipi_c26_12m_pct,asia_bls_common_factor_z,full,9,0.15184272842430593,0.14365838662171468,0.6942148760330579,0.9917355371900827,147,0
raw_annual_rates,uk_ipi_c26_12m_pct,asia_bls_common_factor_z,full,10,0.060898293120386277,0.054867571416653896,0.8760330578512396,1.0,146,0
raw_annual_rates,uk_ipi_c26_12m_pct,asia_bls_common_factor_z,full,11,-0.02527851418179388,-0.028631866987562204,0.9504132231404959,1.0,145,0
raw_annual_rates,uk_ipi_c26_12m_pct,asia_bls_common_factor_z,full,12,-0.10550494374785639,-0.10550494374785639,0.743801652892562,1.0,144,0
raw_annual_rates,uk_ipi_c26_12m_pct,asia_bls_common_factor_z,pre_2020,0,0.6113295340614491,0.6291283839307905,0.1590909090909091,0.4090909090909091,79,0
raw_annual_rates,uk_ipi_c26_12m_pct,asia_bls_common_factor_z,pre_2020,1,0.5277643606932382,0.5529514979539801,0.18181818181818182,0.7045454545454546,78,0
raw_annual_rates,uk_ipi_c26_12m_pct,asia_bls_common_factor_z,pre_2020,2,0.4314315293547237,0.45966267154902674,0.3409090909090909,0.8181818181818182,77,0
raw_annual_rates,uk_ipi_c26_12m_pct,asia_bls_common_factor_z,pre_2020,3,0.3257851168577218,0.3535994048317262,0.45454545454545453,0.9318181818181818,76,0
raw_annual_rates,uk_ipi_c26_12m_pct,asia_bls_common_factor_z,pre_2020,4,0.21093163091155123,0.23283007498313713,0.5454545454545454,1.0,75,0
raw_annual_rates,uk_ipi_c26_12m_pct,asia_bls_common_factor_z,pre_2020,5,0.11587992999967593,0.1300329245180472,0.7045454545454546,1.0,74,0
raw_annual_rates,uk_ipi_c26_12m_pct,asia_bls_common_factor_z,pre_2020,6,0.026718297792248543,0.03689853987597669,0.9318181818181818,1.0,73,0
raw_annual_rates,uk_ipi_c26_12m_pct,asia_bls_common_factor_z,pre_2020,7,-0.07723583981640934,-0.06732537630717443,0.9090909090909091,1.0,72,0
raw_annual_rates,uk_ipi_c26_12m_pct,asia_bls_common_factor_z,pre_2020,8,-0.17019939506475734,-0.15884856430368494,0.6818181818181818,1.0,71,0
raw_annual_rates,uk_ipi_c26_12m_pct,asia_bls_common_factor_z,pre_2020,9,-0.24719282249984562,-0.24027744887572325,0.6136363636363636,1.0,70,0
raw_annual_rates,uk_ipi_c26_12m_pct,asia_bls_common_factor_z,pre_2020,10,-0.2939521608961272,-0.2874989706221909,0.5909090909090909,0.9772727272727273,69,0
raw_annual_rates,uk_ipi_c26_12m_pct,asia_bls_common_factor_z,pre_2020,11,-0.3101999111833932,-0.3070175721730214,0.5681818181818182,0.9772727272727273,68,0
raw_annual_rates,uk_ipi_c26_12m_pct,asia_bls_common_factor_z,pre_2020,12,-0.3319879638145914,-0.3319879638145914,0.5681818181818182,0.9318181818181818,67,0
raw_annual_rates,uk_ipi_c26_12m_pct,asia_bls_common_factor_z,pandemic_2020_2022,0,0.8720879623759519,0.7896126043896694,0.5,0.5,36,0
raw_annual_rates,uk_ipi_c26_12m_pct,asia_bls_common_factor_z,pandemic_2020_2022,1,0.8850778693460352,0.6003481733058851,0.5,1.0,35,0
raw_annual_rates,uk_ipi_c26_12m_pct,asia_bls_common_factor_z,pandemic_2020_2022,2,0.8740013141732119,0.47571300473392053,0.5,1.0,34,0
raw_annual_rates,uk_ipi_c26_12m_pct,asia_bls_common_factor_z,pandemic_2020_2022,3,0.8691193689734833,0.4079976770489714,0.5,1.0,33,0
raw_annual_rates,uk_ipi_c26_12m_pct,asia_bls_common_factor_z,pandemic_2020_2022,4,0.8572404226208538,0.33664782073231736,1.0,1.0,32,0
raw_annual_rates,uk_ipi_c26_12m_pct,asia_bls_common_factor_z,pandemic_2020_2022,5,0.8264234131636405,0.3547163540273899,0.5,1.0,31,0
raw_annual_rates,uk_ipi_c26_12m_pct,asia_bls_common_factor_z,pandemic_2020_2022,6,0.797185609096723,0.450173485337927,0.5,1.0,30,0
raw_annual_rates,uk_ipi_c26_12m_pct,asia_bls_common_factor_z,pandemic_2020_2022,7,0.7279951377558181,0.4143604219138031,0.5,1.0,29,0
raw_annual_rates,uk_ipi_c26_12m_pct,asia_bls_common_factor_z,pandemic_2020_2022,8,0.5924379405043155,0.24864832692354938,0.5,1.0,28,0
raw_annual_rates,uk_ipi_c26_12m_pct,asia_bls_common_factor_z,pandemic_2020_2022,9,0.4318691831884187,0.14727464765447024,0.5,1.0,27,0
raw_annual_rates,uk_ipi_c26_12m_pct,asia_bls_common_factor_z,pandemic_2020_2022,10,0.23056061092200064,0.04448691033431052,1.0,1.0,26,0
raw_annual_rates,uk_ipi_c26_12m_pct,asia_bls_common_factor_z,pandemic_2020_2022,11,-0.013798683257801508,-0.10560022716484065,1.0,1.0,25,0
raw_annual_rates,uk_ipi_c26_12m_pct,asia_bls_common_factor_z,pandemic_2020_2022,12,-0.23343767425229317,-0.23343767425229317,1.0,1.0,24,0
raw_annual_rates,uk_ipi_c26_12m_pct,asia_bls_common_factor_z,post_2022,0,0.6233726150444432,0.7382902168983843,0.16666666666666666,0.16666666666666666,41,0
raw_annual_rates,uk_ipi_c26_12m_pct,asia_bls_common_factor_z,post_2022,1,0.7288106388548361,0.7849848879778499,0.16666666666666666,0.16666666666666666,40,0
raw_annual_rates,uk_ipi_c26_12m_pct,asia_bls_common_factor_z,post_2022,2,0.7746960034585035,0.7971837908297736,0.16666666666666666,0.16666666666666666,39,0
raw_annual_rates,uk_ipi_c26_12m_pct,asia_bls_common_factor_z,post_2022,3,0.7358294764120628,0.7518821388224489,0.16666666666666666,0.16666666666666666,38,0
raw_annual_rates,uk_ipi_c26_12m_pct,asia_bls_common_factor_z,post_2022,4,0.6588673478792358,0.6790907933531155,0.16666666666666666,0.16666666666666666,37,0
raw_annual_rates,uk_ipi_c26_12m_pct,asia_bls_common_factor_z,post_2022,5,0.5464896422661322,0.567249027965412,0.16666666666666666,0.16666666666666666,36,0
raw_annual_rates,uk_ipi_c26_12m_pct,asia_bls_common_factor_z,post_2022,6,0.40956763930183876,0.40450996377767273,0.16666666666666666,0.8333333333333334,35,0
raw_annual_rates,uk_ipi_c26_12m_pct,asia_bls_common_factor_z,post_2022,7,0.1541800096307034,0.14659060099873136,0.6666666666666666,1.0,34,0
raw_annual_rates,uk_ipi_c26_12m_pct,asia_bls_common_factor_z,post_2022,8,-0.2552424430353941,-0.26345453896630905,0.8333333333333334,1.0,33,0
raw_annual_rates,uk_ipi_c26_12m_pct,asia_bls_common_factor_z,post_2022,9,-0.296891507084885,-0.2857739257480206,0.6666666666666666,1.0,32,0
raw_annual_rates,uk_ipi_c26_12m_pct,asia_bls_common_factor_z,post_2022,10,-0.41720690430823015,-0.40267617386558047,0.5,0.8333333333333334,31,0
raw_annual_rates,uk_ipi_c26_12m_pct,asia_bls_common_factor_z,post_2022,11,-0.5620751469510736,-0.5511924533937254,0.16666666666666666,0.16666666666666666,30,0
raw_annual_rates,uk_ipi_c26_12m_pct,asia_bls_common_factor_z,post_2022,12,-0.6284653176607412,-0.6284653176607412,0.16666666666666666,0.16666666666666666,29,0
raw_annual_rates,uk_ipi_c261_12m_pct,jp_epi_electronics_gbp_12m_pct,full,0,0.5321986924435888,0.6222790854667094,0.006097560975609756,0.006097560975609756,199,0
raw_annual_rates,uk_ipi_c261_12m_pct,jp_epi_electronics_gbp_12m_pct,full,1,0.5532868555192104,0.6121261639634132,0.006097560975609756,0.006097560975609756,198,0
raw_annual_rates,uk_ipi_c261_12m_pct,jp_epi_electronics_gbp_12m_pct,full,2,0.5419908467389317,0.5772012076456023,0.006097560975609756,0.006097560975609756,197,0
raw_annual_rates,uk_ipi_c261_12m_pct,jp_epi_electronics_gbp_12m_pct,full,3,0.5118094423372613,0.5330261454592258,0.006097560975609756,0.012195121951219513,196,0
raw_annual_rates,uk_ipi_c261_12m_pct,jp_epi_electronics_gbp_12m_pct,full,4,0.474177668373519,0.48393590914869367,0.006097560975609756,0.024390243902439025,195,0
raw_annual_rates,uk_ipi_c261_12m_pct,jp_epi_electronics_gbp_12m_pct,full,5,0.44406713948180343,0.4454367685291105,0.03048780487804878,0.11585365853658537,194,0
raw_annual_rates,uk_ipi_c261_12m_pct,jp_epi_electronics_gbp_12m_pct,full,6,0.41469088836908763,0.4131335479779616,0.06707317073170732,0.21341463414634146,193,0
raw_annual_rates,uk_ipi_c261_12m_pct,jp_epi_electronics_gbp_12m_pct,full,7,0.3662876497811948,0.364037009848936,0.0975609756097561,0.25609756097560976,192,0
raw_annual_rates,uk_ipi_c261_12m_pct,jp_epi_electronics_gbp_12m_pct,full,8,0.29445740761039996,0.292365752629422,0.1951219512195122,0.4878048780487805,191,0
raw_annual_rates,uk_ipi_c261_12m_pct,jp_epi_electronics_gbp_12m_pct,full,9,0.2068646569705951,0.20547897817816183,0.39634146341463417,0.7682926829268293,190,0
raw_annual_rates,uk_ipi_c261_12m_pct,jp_epi_electronics_gbp_12m_pct,full,10,0.11572503232213782,0.11512843822427428,0.6036585365853658,0.9146341463414634,189,0
raw_annual_rates,uk_ipi_c261_12m_pct,jp_epi_electronics_gbp_12m_pct,full,11,0.02138472440745877,0.02127124606048404,0.8902439024390244,1.0,188,0
raw_annual_rates,uk_ipi_c261_12m_pct,jp_epi_electronics_gbp_12m_pct,full,12,-0.06202614776940283,-0.06202614776940283,0.7195121951219512,0.9878048780487805,187,0
raw_annual_rates,uk_ipi_c261_12m_pct,jp_epi_electronics_gbp_12m_pct,pre_2020,0,0.5872334180195034,0.5887305509177728,0.046511627906976744,0.13953488372093023,121,0
raw_annual_rates,uk_ipi_c261_12m_pct,jp_epi_electronics_gbp_12m_pct,pre_2020,1,0.5699780766480265,0.5795335521135375,0.05813953488372093,0.1511627906976744,120,0
raw_annual_rates,uk_ipi_c261_12m_pct,jp_epi_electronics_gbp_12m_pct,pre_2020,2,0.5356814638778702,0.5492120580667039,0.06976744186046512,0.18604651162790697,119,0
raw_annual_rates,uk_ipi_c261_12m_pct,jp_epi_electronics_gbp_12m_pct,pre_2020,3,0.4987414837594942,0.5157795610089569,0.09302325581395349,0.20930232558139536,118,0
raw_annual_rates,uk_ipi_c261_12m_pct,jp_epi_electronics_gbp_12m_pct,pre_2020,4,0.4466296018613166,0.46395550179223277,0.11627906976744186,0.2441860465116279,117,0
raw_annual_rates,uk_ipi_c261_12m_pct,jp_epi_electronics_gbp_12m_pct,pre_2020,5,0.4131238673921713,0.4264017107133694,0.12790697674418605,0.32558139534883723,116,0
raw_annual_rates,uk_ipi_c261_12m_pct,jp_epi_electronics_gbp_12m_pct,pre_2020,6,0.3843003701844625,0.39508749801224047,0.1511627906976744,0.4186046511627907,115,0
raw_annual_rates,uk_ipi_c261_12m_pct,jp_epi_electronics_gbp_12m_pct,pre_2020,7,0.3412406429812078,0.3504357459717731,0.20930232558139536,0.5,114,0
raw_annual_rates,uk_ipi_c261_12m_pct,jp_epi_electronics_gbp_12m_pct,pre_2020,8,0.28942368697222254,0.29981106148627845,0.2441860465116279,0.5581395348837209,113,0
raw_annual_rates,uk_ipi_c261_12m_pct,jp_epi_electronics_gbp_12m_pct,pre_2020,9,0.23412245858660244,0.24264835687770045,0.32558139534883723,0.6162790697674418,112,0
raw_annual_rates,uk_ipi_c261_12m_pct,jp_epi_electronics_gbp_12m_pct,pre_2020,10,0.1749191887262075,0.18508632879092204,0.4186046511627907,0.8255813953488372,111,0
raw_annual_rates,uk_ipi_c261_12m_pct,jp_epi_electronics_gbp_12m_pct,pre_2020,11,0.1077353397085425,0.11517736399773813,0.5697674418604651,0.9418604651162791,110,0
raw_annual_rates,uk_ipi_c261_12m_pct,jp_epi_electronics_gbp_12m_pct,pre_2020,12,0.04825618079184877,0.04825618079184877,0.7325581395348837,1.0,109,0
raw_annual_rates,uk_ipi_c261_12m_pct,jp_epi_electronics_gbp_12m_pct,pandemic_2020_2022,0,0.8841433416364783,0.8981373251669658,0.5,0.5,36,0
raw_annual_rates,uk_ipi_c261_12m_pct,jp_epi_electronics_gbp_12m_pct,pandemic_2020_2022,1,0.8595555617276813,0.6860105848600776,0.5,1.0,35,0
raw_annual_rates,uk_ipi_c261_12m_pct,jp_epi_electronics_gbp_12m_pct,pandemic_2020_2022,2,0.7888415418478723,0.39735526917337216,0.5,1.0,34,0
raw_annual_rates,uk_ipi_c261_12m_pct,jp_epi_electronics_gbp_12m_pct,pandemic_2020_2022,3,0.6866739028892642,0.11372472084690187,0.5,1.0,33,0
raw_annual_rates,uk_ipi_c261_12m_pct,jp_epi_electronics_gbp_12m_pct,pandemic_2020_2022,4,0.5882257857060754,-0.06054918431162932,0.5,1.0,32,0
raw_annual_rates,uk_ipi_c261_12m_pct,jp_epi_electronics_gbp_12m_pct,pandemic_2020_2022,5,0.48612099407837916,-0.13249380533007052,0.5,1.0,31,0
raw_annual_rates,uk_ipi_c261_12m_pct,jp_epi_electronics_gbp_12m_pct,pandemic_2020_2022,6,0.4005822201156862,-0.09739799812211579,1.0,1.0,30,0
raw_annual_rates,uk_ipi_c261_12m_pct,jp_epi_electronics_gbp_12m_pct,pandemic_2020_2022,7,0.297736007722702,-0.10583451748175733,1.0,1.0,29,0
raw_annual_rates,uk_ipi_c261_12m_pct,jp_epi_electronics_gbp_12m_pct,pandemic_2020_2022,8,0.1179932520177329,-0.20861934745707306,1.0,1.0,28,0
raw_annual_rates,uk_ipi_c261_12m_pct,jp_epi_electronics_gbp_12m_pct,pandemic_2020_2022,9,-0.06378409395989729,-0.30536091926425973,1.0,1.0,27,0
raw_annual_rates,uk_ipi_c261_12m_pct,jp_epi_electronics_gbp_12m_pct,pandemic_2020_2022,10,-0.2878876268840229,-0.41320682548495496,1.0,1.0,26,0
raw_annual_rates,uk_ipi_c261_12m_pct,jp_epi_electronics_gbp_12m_pct,pandemic_2020_2022,11,-0.5021313892187569,-0.5449646652166015,1.0,1.0,25,0
raw_annual_rates,uk_ipi_c261_12m_pct,jp_epi_electronics_gbp_12m_pct,pandemic_2020_2022,12,-0.660359552207721,-0.660359552207721,0.5,1.0,24,0
raw_annual_rates,uk_ipi_c261_12m_pct,jp_epi_electronics_gbp_12m_pct,post_2022,0,0.15779825302096528,0.4101028461278809,0.42857142857142855,0.7142857142857143,42,0
raw_annual_rates,uk_ipi_c261_12m_pct,jp_epi_electronics_gbp_12m_pct,post_2022,1,0.25322565750114384,0.4384677225778179,0.2857142857142857,0.7142857142857143,41,0
raw_annual_rates,uk_ipi_c261_12m_pct,jp_epi_electronics_gbp_12m_pct,post_2022,2,0.3249902852647354,0.4149148641063897,0.2857142857142857,0.7142857142857143,40,0
raw_annual_rates,uk_ipi_c261_12m_pct,jp_epi_electronics_gbp_12m_pct,post_2022,3,0.3481197750029886,0.3483134293421744,0.42857142857142855,1.0,39,0
raw_annual_rates,uk_ipi_c261_12m_pct,jp_epi_electronics_gbp_12m_pct,post_2022,4,0.3904934477863621,0.3107175901474411,0.2857142857142857,1.0,38,0
raw_annual_rates,uk_ipi_c261_12m_pct,jp_epi_electronics_gbp_12m_pct,post_2022,5,0.43194986750201436,0.3157812688912602,0.14285714285714285,1.0,37,0
raw_annual_rates,uk_ipi_c261_12m_pct,jp_epi_electronics_gbp_12m_pct,post_2022,6,0.3876837919770215,0.33976832052112593,0.2857142857142857,1.0,36,0
raw_annual_rates,uk_ipi_c261_12m_pct,jp_epi_electronics_gbp_12m_pct,post_2022,7,0.32666771841511444,0.33509881216139126,0.42857142857142855,1.0,35,0
raw_annual_rates,uk_ipi_c261_12m_pct,jp_epi_electronics_gbp_12m_pct,post_2022,8,0.15760184042000164,0.18442972468833246,0.7142857142857143,1.0,34,0
raw_annual_rates,uk_ipi_c261_12m_pct,jp_epi_electronics_gbp_12m_pct,post_2022,9,-0.11221400040432694,-0.07532388787383368,1.0,1.0,33,0
raw_annual_rates,uk_ipi_c261_12m_pct,jp_epi_electronics_gbp_12m_pct,post_2022,10,-0.24955136567965416,-0.23280068058859943,0.8571428571428571,1.0,32,0
raw_annual_rates,uk_ipi_c261_12m_pct,jp_epi_electronics_gbp_12m_pct,post_2022,11,-0.2912110458429818,-0.30224765495686245,0.5714285714285714,1.0,31,0
raw_annual_rates,uk_ipi_c261_12m_pct,jp_epi_electronics_gbp_12m_pct,post_2022,12,-0.2528476678808532,-0.2528476678808532,0.5714285714285714,1.0,30,0
raw_annual_rates,uk_ipi_c261_12m_pct,kr_epi_tech_gbp_12m_pct,full,0,-0.18603542176641466,-0.21128881009005873,0.72,1.0,85,0
raw_annual_rates,uk_ipi_c261_12m_pct,kr_epi_tech_gbp_12m_pct,full,1,-0.14143218781446007,-0.13890246707623985,0.82,1.0,84,0
raw_annual_rates,uk_ipi_c261_12m_pct,kr_epi_tech_gbp_12m_pct,full,2,-0.1073841742690312,-0.08686025687950054,0.92,1.0,83,0
raw_annual_rates,uk_ipi_c261_12m_pct,kr_epi_tech_gbp_12m_pct,full,3,-0.07096772127648822,-0.039355000667257826,0.94,1.0,82,0
raw_annual_rates,uk_ipi_c261_12m_pct,kr_epi_tech_gbp_12m_pct,full,4,0.0035934899015427285,0.0318682438385118,0.98,1.0,81,0
raw_annual_rates,uk_ipi_c261_12m_pct,kr_epi_tech_gbp_12m_pct,full,5,0.08967586689065497,0.1071995561926161,0.86,1.0,80,0
raw_annual_rates,uk_ipi_c261_12m_pct,kr_epi_tech_gbp_12m_pct,full,6,0.1727597885323245,0.1816633139862683,0.78,1.0,79,0
raw_annual_rates,uk_ipi_c261_12m_pct,kr_epi_tech_gbp_12m_pct,full,7,0.2430529706279765,0.24670354406807118,0.68,1.0,78,0
raw_annual_rates,uk_ipi_c261_12m_pct,kr_epi_tech_gbp_12m_pct,full,8,0.27417369374140615,0.2736318799781591,0.58,1.0,77,0
raw_annual_rates,uk_ipi_c261_12m_pct,kr_epi_tech_gbp_12m_pct,full,9,0.2892120700696757,0.2880235603036574,0.58,1.0,76,0
raw_annual_rates,uk_ipi_c261_12m_pct,kr_epi_tech_gbp_12m_pct,full,10,0.29938044679482223,0.29905953344934466,0.58,1.0,75,0
raw_annual_rates,uk_ipi_c261_12m_pct,kr_epi_tech_gbp_12m_pct,full,11,0.30250664453636983,0.30280725122832847,0.6,1.0,74,0
raw_annual_rates,uk_ipi_c261_12m_pct,kr_epi_tech_gbp_12m_pct,full,12,0.3011738839920868,0.3011738839920868,0.6,1.0,73,0
raw_annual_rates,uk_ipi_c261_12m_pct,kr_epi_tech_gbp_12m_pct,pandemic_2020_2022,0,-0.11123642089276556,0.21440832187559233,0.5,1.0,36,0
raw_annual_rates,uk_ipi_c261_12m_pct,kr_epi_tech_gbp_12m_pct,pandemic_2020_2022,1,-0.03295356012701427,0.04412949042681395,1.0,1.0,35,0
raw_annual_rates,uk_ipi_c261_12m_pct,kr_epi_tech_gbp_12m_pct,pandemic_2020_2022,2,0.0166797800213063,-0.037214130529776054,1.0,1.0,34,0
raw_annual_rates,uk_ipi_c261_12m_pct,kr_epi_tech_gbp_12m_pct,pandemic_2020_2022,3,0.10079594756218549,0.047467788638271724,1.0,1.0,33,0
raw_annual_rates,uk_ipi_c261_12m_pct,kr_epi_tech_gbp_12m_pct,pandemic_2020_2022,4,0.19002635485360006,0.15260147203169652,1.0,1.0,32,0
raw_annual_rates,uk_ipi_c261_12m_pct,kr_epi_tech_gbp_12m_pct,pandemic_2020_2022,5,0.3406928713526947,0.3521851511411115,0.5,1.0,31,0
raw_annual_rates,uk_ipi_c261_12m_pct,kr_epi_tech_gbp_12m_pct,pandemic_2020_2022,6,0.5134677222942214,0.5543523932864374,0.5,0.5,30,0
raw_annual_rates,uk_ipi_c261_12m_pct,kr_epi_tech_gbp_12m_pct,pandemic_2020_2022,7,0.6263340326898358,0.677587400070365,0.5,0.5,29,0
raw_annual_rates,uk_ipi_c261_12m_pct,kr_epi_tech_gbp_12m_pct,pandemic_2020_2022,8,0.6069409930325317,0.6346532785711445,0.5,0.5,28,0
raw_annual_rates,uk_ipi_c261_12m_pct,kr_epi_tech_gbp_12m_pct,pandemic_2020_2022,9,0.6190088406944332,0.6074633101099107,0.5,0.5,27,0
raw_annual_rates,uk_ipi_c261_12m_pct,kr_epi_tech_gbp_12m_pct,pandemic_2020_2022,10,0.6256793144650074,0.6145778371169138,0.5,0.5,26,0
raw_annual_rates,uk_ipi_c261_12m_pct,kr_epi_tech_gbp_12m_pct,pandemic_2020_2022,11,0.6054701008053063,0.5992368313211949,0.5,0.5,25,0
raw_annual_rates,uk_ipi_c261_12m_pct,kr_epi_tech_gbp_12m_pct,pandemic_2020_2022,12,0.6144630098619772,0.6144630098619772,0.5,0.5,24,0
raw_annual_rates,uk_ipi_c261_12m_pct,kr_epi_tech_gbp_12m_pct,post_2022,0,-0.22036384960262279,-0.48657602483591134,1.0,1.0,40,0
raw_annual_rates,uk_ipi_c261_12m_pct,kr_epi_tech_gbp_12m_pct,post_2022,1,-0.17710091658951674,-0.42698453321294255,1.0,1.0,39,0
raw_annual_rates,uk_ipi_c261_12m_pct,kr_epi_tech_gbp_12m_pct,post_2022,2,-0.15500453216591656,-0.39294780269401747,1.0,1.0,38,0
raw_annual_rates,uk_ipi_c261_12m_pct,kr_epi_tech_gbp_12m_pct,post_2022,3,-0.16382185391106924,-0.37817783155196727,1.0,1.0,37,0
raw_annual_rates,uk_ipi_c261_12m_pct,kr_epi_tech_gbp_12m_pct,post_2022,4,-0.12819223931012844,-0.3374214150319465,1.0,1.0,36,0
raw_annual_rates,uk_ipi_c261_12m_pct,kr_epi_tech_gbp_12m_pct,post_2022,5,-0.03375308624134543,-0.25201677314609644,1.0,1.0,35,0
raw_annual_rates,uk_ipi_c261_12m_pct,kr_epi_tech_gbp_12m_pct,post_2022,6,0.0046715108902198,-0.17923842033677514,1.0,1.0,34,0
raw_annual_rates,uk_ipi_c261_12m_pct,kr_epi_tech_gbp_12m_pct,post_2022,7,0.01180471296937865,-0.12070592831635839,1.0,1.0,33,0
raw_annual_rates,uk_ipi_c261_12m_pct,kr_epi_tech_gbp_12m_pct,post_2022,8,-0.058571170511240576,-0.13838928018570607,1.0,1.0,32,0
raw_annual_rates,uk_ipi_c261_12m_pct,kr_epi_tech_gbp_12m_pct,post_2022,9,-0.1346151791454543,-0.15753525593750983,0.8,1.0,31,0
raw_annual_rates,uk_ipi_c261_12m_pct,kr_epi_tech_gbp_12m_pct,post_2022,10,-0.17649843948538718,-0.187372006212374,0.6,1.0,30,0
raw_annual_rates,uk_ipi_c261_12m_pct,kr_epi_tech_gbp_12m_pct,post_2022,11,-0.1778106345826253,-0.181455245091458,0.4,1.0,29,0
raw_annual_rates,uk_ipi_c261_12m_pct,kr_epi_tech_gbp_12m_pct,post_2022,12,-0.15046421491921108,-0.15046421491921108,0.4,1.0,28,0
raw_annual_rates,uk_ipi_c261_12m_pct,cn_ppi_tech_gbp_12m_pct,full,0,0.6976276062762176,0.67834327736478,0.30434782608695654,0.7391304347826086,58,0
raw_annual_rates,uk_ipi_c261_12m_pct,cn_ppi_tech_gbp_12m_pct,full,1,0.766024867817195,0.7617752020474351,0.21739130434782608,0.6521739130434783,57,0
raw_annual_rates,uk_ipi_c261_12m_pct,cn_ppi_tech_gbp_12m_pct,full,2,0.8087234561447565,0.8166695845659075,0.043478260869565216,0.043478260869565216,56,0
raw_annual_rates,uk_ipi_c261_12m_pct,cn_ppi_tech_gbp_12m_pct,full,3,0.8399428814811424,0.8604610908886305,0.043478260869565216,0.043478260869565216,55,0
raw_annual_rates,uk_ipi_c261_12m_pct,cn_ppi_tech_gbp_12m_pct,full,4,0.8597681902432582,0.8821963704766197,0.043478260869565216,0.043478260869565216,54,0
raw_annual_rates,uk_ipi_c261_12m_pct,cn_ppi_tech_gbp_12m_pct,full,5,0.8697247195922156,0.8886179737192998,0.043478260869565216,0.043478260869565216,53,0
raw_annual_rates,uk_ipi_c261_12m_pct,cn_ppi_tech_gbp_12m_pct,full,6,0.8734091173902361,0.8845293722143494,0.043478260869565216,0.043478260869565216,52,0
raw_annual_rates,uk_ipi_c261_12m_pct,cn_ppi_tech_gbp_12m_pct,full,7,0.8473103661073031,0.855412852210242,0.043478260869565216,0.043478260869565216,51,0
raw_annual_rates,uk_ipi_c261_12m_pct,cn_ppi_tech_gbp_12m_pct,full,8,0.7779132238655811,0.7839436669922144,0.13043478260869565,0.4782608695652174,50,0
raw_annual_rates,uk_ipi_c261_12m_pct,cn_ppi_tech_gbp_12m_pct,full,9,0.6920570921510416,0.6975676967152344,0.34782608695652173,0.7391304347826086,49,0
raw_annual_rates,uk_ipi_c261_12m_pct,cn_ppi_tech_gbp_12m_pct,full,10,0.6122863666153681,0.6179621880811725,0.43478260869565216,0.782608695652174,48,0
raw_annual_rates,uk_ipi_c261_12m_pct,cn_ppi_tech_gbp_12m_pct,full,11,0.5289080552793691,0.5336745585310749,0.5217391304347826,0.8695652173913043,47,0
raw_annual_rates,uk_ipi_c261_12m_pct,cn_ppi_tech_gbp_12m_pct,full,12,0.446705768883536,0.446705768883536,0.6086956521739131,0.9565217391304348,46,0
raw_annual_rates,uk_ipi_c261_12m_pct,cn_ppi_tech_gbp_12m_pct,pandemic_2020_2022,0,0.801897562787585,0.9789115609367935,0.5,0.5,22,0
raw_annual_rates,uk_ipi_c261_12m_pct,cn_ppi_tech_gbp_12m_pct,pandemic_2020_2022,1,0.8979877412126601,0.9032920128964399,0.5,0.5,21,0
raw_annual_rates,uk_ipi_c261_12m_pct,cn_ppi_tech_gbp_12m_pct,pandemic_2020_2022,2,0.9522502432960236,0.8968359711580146,0.5,0.5,20,0
raw_annual_rates,uk_ipi_c261_12m_pct,cn_ppi_tech_gbp_12m_pct,pandemic_2020_2022,3,0.9598556612382081,0.9018656616402181,0.5,0.5,19,0
raw_annual_rates,uk_ipi_c261_12m_pct,cn_ppi_tech_gbp_12m_pct,pandemic_2020_2022,4,0.9597940295137346,0.9028827191625188,0.5,0.5,18,0
raw_annual_rates,uk_ipi_c261_12m_pct,cn_ppi_tech_gbp_12m_pct,pandemic_2020_2022,5,0.9406426854854248,0.8916333341039332,0.5,0.5,17,0
raw_annual_rates,uk_ipi_c261_12m_pct,cn_ppi_tech_gbp_12m_pct,pandemic_2020_2022,6,0.9517164084783529,0.9425903576812327,0.5,0.5,16,0
raw_annual_rates,uk_ipi_c261_12m_pct,cn_ppi_tech_gbp_12m_pct,pandemic_2020_2022,7,0.9458882107709581,0.9471569944543433,0.5,0.5,15,0
raw_annual_rates,uk_ipi_c261_12m_pct,cn_ppi_tech_gbp_12m_pct,pandemic_2020_2022,8,0.8926314109490658,0.929252589689082,0.5,0.5,14,0
raw_annual_rates,uk_ipi_c261_12m_pct,cn_ppi_tech_gbp_12m_pct,pandemic_2020_2022,9,0.8628616846007988,0.945189613797248,0.5,0.5,13,0
raw_annual_rates,uk_ipi_c261_12m_pct,cn_ppi_tech_gbp_12m_pct,pandemic_2020_2022,10,0.9244940918213735,0.9707137211530693,0.5,0.5,12,0
raw_annual_rates,uk_ipi_c261_12m_pct,cn_ppi_tech_gbp_12m_pct,pandemic_2020_2022,11,0.8893787530099938,0.9123413375251922,0.5,0.5,11,0
raw_annual_rates,uk_ipi_c261_12m_pct,cn_ppi_tech_gbp_12m_pct,pandemic_2020_2022,12,0.7177316083561475,0.7177316083561475,0.5,0.5,10,0
raw_annual_rates,uk_ipi_c261_12m_pct,cn_ppi_tech_gbp_12m_pct,post_2022,0,0.5095576782392581,0.6017141943746598,0.5,0.5,36,0
raw_annual_rates,uk_ipi_c261_12m_pct,cn_ppi_tech_gbp_12m_pct,post_2022,1,0.5388765367366498,0.6529231054038407,0.5,0.5,35,0
raw_annual_rates,uk_ipi_c261_12m_pct,cn_ppi_tech_gbp_12m_pct,post_2022,2,0.5140423597868607,0.6444152876778152,0.5,0.5,34,0
raw_annual_rates,uk_ipi_c261_12m_pct,cn_ppi_tech_gbp_12m_pct,post_2022,3,0.4455672197001789,0.6098515371514149,0.5,0.5,33,0
raw_annual_rates,uk_ipi_c261_12m_pct,cn_ppi_tech_gbp_12m_pct,post_2022,4,0.374914185113573,0.5392639306340191,0.5,0.5,32,0
raw_annual_rates,uk_ipi_c261_12m_pct,cn_ppi_tech_gbp_12m_pct,post_2022,5,0.3614359422481016,0.5012641544565815,0.5,0.5,31,0
raw_annual_rates,uk_ipi_c261_12m_pct,cn_ppi_tech_gbp_12m_pct,post_2022,6,0.4257239413192329,0.4854707481612903,0.5,0.5,30,0
raw_annual_rates,uk_ipi_c261_12m_pct,cn_ppi_tech_gbp_12m_pct,post_2022,7,0.4443971153405467,0.4668896465159574,0.5,0.5,29,0
raw_annual_rates,uk_ipi_c261_12m_pct,cn_ppi_tech_gbp_12m_pct,post_2022,8,0.26004468656856317,0.24266510367530095,0.5,1.0,28,0
raw_annual_rates,uk_ipi_c261_12m_pct,cn_ppi_tech_gbp_12m_pct,post_2022,9,0.0061945049550489045,-0.06037617360973108,1.0,1.0,27,0
raw_annual_rates,uk_ipi_c261_12m_pct,cn_ppi_tech_gbp_12m_pct,post_2022,10,-0.150638435542764,-0.2168290049738206,1.0,1.0,26,0
raw_annual_rates,uk_ipi_c261_12m_pct,cn_ppi_tech_gbp_12m_pct,post_2022,11,-0.22587366854939575,-0.24557849812721486,1.0,1.0,25,0
raw_annual_rates,uk_ipi_c261_12m_pct,cn_ppi_tech_gbp_12m_pct,post_2022,12,-0.2148145863866207,-0.2148145863866207,1.0,1.0,24,0
raw_annual_rates,uk_ipi_c261_12m_pct,tw_epi_integrated_circuits_gbp_12m_pct,full,0,0.7017538358383459,0.7298895875131275,0.006097560975609756,0.006097560975609756,199,0
raw_annual_rates,uk_ipi_c261_12m_pct,tw_epi_integrated_circuits_gbp_12m_pct,full,1,0.7293607918912167,0.7447392306028113,0.006097560975609756,0.006097560975609756,198,0
raw_annual_rates,uk_ipi_c261_12m_pct,tw_epi_integrated_circuits_gbp_12m_pct,full,2,0.7202282556360838,0.7275384225200321,0.006097560975609756,0.006097560975609756,197,0
raw_annual_rates,uk_ipi_c261_12m_pct,tw_epi_integrated_circuits_gbp_12m_pct,full,3,0.6961362052318943,0.6994390532067887,0.006097560975609756,0.006097560975609756,196,0
raw_annual_rates,uk_ipi_c261_12m_pct,tw_epi_integrated_circuits_gbp_12m_pct,full,4,0.6597557257395443,0.6610323519421002,0.006097560975609756,0.006097560975609756,195,0
raw_annual_rates,uk_ipi_c261_12m_pct,tw_epi_integrated_circuits_gbp_12m_pct,full,5,0.6223828793354274,0.6229425398997869,0.006097560975609756,0.012195121951219513,194,0
raw_annual_rates,uk_ipi_c261_12m_pct,tw_epi_integrated_circuits_gbp_12m_pct,full,6,0.5899292021852605,0.5893924715907498,0.006097560975609756,0.012195121951219513,193,0
raw_annual_rates,uk_ipi_c261_12m_pct,tw_epi_integrated_circuits_gbp_12m_pct,full,7,0.5391744836893081,0.5374806863398642,0.006097560975609756,0.012195121951219513,192,0
raw_annual_rates,uk_ipi_c261_12m_pct,tw_epi_integrated_circuits_gbp_12m_pct,full,8,0.469918090977506,0.4683634414085808,0.006097560975609756,0.018292682926829267,191,0
raw_annual_rates,uk_ipi_c261_12m_pct,tw_epi_integrated_circuits_gbp_12m_pct,full,9,0.3867867359972029,0.38567880389248876,0.006097560975609756,0.024390243902439025,190,0
raw_annual_rates,uk_ipi_c261_12m_pct,tw_epi_integrated_circuits_gbp_12m_pct,full,10,0.29584903289387227,0.29532450679400335,0.13414634146341464,0.32926829268292684,189,0
raw_annual_rates,uk_ipi_c261_12m_pct,tw_epi_integrated_circuits_gbp_12m_pct,full,11,0.1966121145732088,0.19657462744921053,0.3902439024390244,0.7987804878048781,188,0
raw_annual_rates,uk_ipi_c261_12m_pct,tw_epi_integrated_circuits_gbp_12m_pct,full,12,0.10706827278900667,0.10706827278900667,0.7195121951219512,0.9695121951219512,187,0
raw_annual_rates,uk_ipi_c261_12m_pct,tw_epi_integrated_circuits_gbp_12m_pct,pre_2020,0,0.719593080099677,0.7147969818296376,0.011627906976744186,0.011627906976744186,121,0
raw_annual_rates,uk_ipi_c261_12m_pct,tw_epi_integrated_circuits_gbp_12m_pct,pre_2020,1,0.6906887086323124,0.691200059807425,0.011627906976744186,0.011627906976744186,120,0
raw_annual_rates,uk_ipi_c261_12m_pct,tw_epi_integrated_circuits_gbp_12m_pct,pre_2020,2,0.6326039159370124,0.6370447982073179,0.011627906976744186,0.023255813953488372,119,0
raw_annual_rates,uk_ipi_c261_12m_pct,tw_epi_integrated_circuits_gbp_12m_pct,pre_2020,3,0.571308068546355,0.5788438757837497,0.011627906976744186,0.03488372093023256,118,0
raw_annual_rates,uk_ipi_c261_12m_pct,tw_epi_integrated_circuits_gbp_12m_pct,pre_2020,4,0.4919231500473218,0.49914519153104986,0.023255813953488372,0.12790697674418605,117,0
raw_annual_rates,uk_ipi_c261_12m_pct,tw_epi_integrated_circuits_gbp_12m_pct,pre_2020,5,0.42175812637185683,0.4264394361704187,0.06976744186046512,0.23255813953488372,116,0
raw_annual_rates,uk_ipi_c261_12m_pct,tw_epi_integrated_circuits_gbp_12m_pct,pre_2020,6,0.3638946800044101,0.36758227609192623,0.09302325581395349,0.2558139534883721,115,0
raw_annual_rates,uk_ipi_c261_12m_pct,tw_epi_integrated_circuits_gbp_12m_pct,pre_2020,7,0.2938445207197475,0.29905547960135115,0.13953488372093023,0.4186046511627907,114,0
raw_annual_rates,uk_ipi_c261_12m_pct,tw_epi_integrated_circuits_gbp_12m_pct,pre_2020,8,0.2227243096328931,0.23120143613412886,0.2441860465116279,0.47674418604651164,113,0
raw_annual_rates,uk_ipi_c261_12m_pct,tw_epi_integrated_circuits_gbp_12m_pct,pre_2020,9,0.15738159726596118,0.16349758555352537,0.4069767441860465,0.8372093023255814,112,0
raw_annual_rates,uk_ipi_c261_12m_pct,tw_epi_integrated_circuits_gbp_12m_pct,pre_2020,10,0.09263255896193871,0.0997880037276572,0.686046511627907,1.0,111,0
raw_annual_rates,uk_ipi_c261_12m_pct,tw_epi_integrated_circuits_gbp_12m_pct,pre_2020,11,0.023095938538347398,0.027876045804664993,0.9302325581395349,1.0,110,0
raw_annual_rates,uk_ipi_c261_12m_pct,tw_epi_integrated_circuits_gbp_12m_pct,pre_2020,12,-0.029180388658826148,-0.029180388658826148,0.9302325581395349,1.0,109,0
raw_annual_rates,uk_ipi_c261_12m_pct,tw_epi_integrated_circuits_gbp_12m_pct,pandemic_2020_2022,0,0.8968019625158202,0.8376984253397644,0.5,0.5,36,0
raw_annual_rates,uk_ipi_c261_12m_pct,tw_epi_integrated_circuits_gbp_12m_pct,pandemic_2020_2022,1,0.9394587709335439,0.7082429136674944,0.5,0.5,35,0
raw_annual_rates,uk_ipi_c261_12m_pct,tw_epi_integrated_circuits_gbp_12m_pct,pandemic_2020_2022,2,0.9276442207614933,0.5911444967201004,0.5,0.5,34,0
raw_annual_rates,uk_ipi_c261_12m_pct,tw_epi_integrated_circuits_gbp_12m_pct,pandemic_2020_2022,3,0.9098702891913482,0.5004107397151748,0.5,0.5,33,0
raw_annual_rates,uk_ipi_c261_12m_pct,tw_epi_integrated_circuits_gbp_12m_pct,pandemic_2020_2022,4,0.8894162483676505,0.41351069097311904,0.5,0.5,32,0
raw_annual_rates,uk_ipi_c261_12m_pct,tw_epi_integrated_circuits_gbp_12m_pct,pandemic_2020_2022,5,0.8595804195779972,0.4292237218075932,0.5,0.5,31,0
raw_annual_rates,uk_ipi_c261_12m_pct,tw_epi_integrated_circuits_gbp_12m_pct,pandemic_2020_2022,6,0.8320601496852551,0.5184965005693684,0.5,0.5,30,0
raw_annual_rates,uk_ipi_c261_12m_pct,tw_epi_integrated_circuits_gbp_12m_pct,pandemic_2020_2022,7,0.8006530515091915,0.550979605644351,0.5,0.5,29,0
raw_annual_rates,uk_ipi_c261_12m_pct,tw_epi_integrated_circuits_gbp_12m_pct,pandemic_2020_2022,8,0.7317941471868092,0.4567623016246808,0.5,0.5,28,0
raw_annual_rates,uk_ipi_c261_12m_pct,tw_epi_integrated_circuits_gbp_12m_pct,pandemic_2020_2022,9,0.620096529117513,0.3796858372039847,0.5,1.0,27,0
raw_annual_rates,uk_ipi_c261_12m_pct,tw_epi_integrated_circuits_gbp_12m_pct,pandemic_2020_2022,10,0.47326690069681704,0.3100324868271561,0.5,1.0,26,0
raw_annual_rates,uk_ipi_c261_12m_pct,tw_epi_integrated_circuits_gbp_12m_pct,pandemic_2020_2022,11,0.25831425377279443,0.1646757852633973,1.0,1.0,25,0
raw_annual_rates,uk_ipi_c261_12m_pct,tw_epi_integrated_circuits_gbp_12m_pct,pandemic_2020_2022,12,0.014170885443524364,0.014170885443524364,1.0,1.0,24,0
raw_annual_rates,uk_ipi_c261_12m_pct,tw_epi_integrated_circuits_gbp_12m_pct,post_2022,0,0.3229740592944181,0.5025164616065753,0.14285714285714285,1.0,42,0
raw_annual_rates,uk_ipi_c261_12m_pct,tw_epi_integrated_circuits_gbp_12m_pct,post_2022,1,0.43103227221650386,0.5461389934788391,0.14285714285714285,0.7142857142857143,41,0
raw_annual_rates,uk_ipi_c261_12m_pct,tw_epi_integrated_circuits_gbp_12m_pct,post_2022,2,0.4650894843514708,0.5140879878254966,0.14285714285714285,0.7142857142857143,40,0
raw_annual_rates,uk_ipi_c261_12m_pct,tw_epi_integrated_circuits_gbp_12m_pct,post_2022,3,0.41253877145202267,0.42497143450955727,0.14285714285714285,1.0,39,0
raw_annual_rates,uk_ipi_c261_12m_pct,tw_epi_integrated_circuits_gbp_12m_pct,post_2022,4,0.30463198218665033,0.3325444277325647,0.14285714285714285,1.0,38,0
raw_annual_rates,uk_ipi_c261_12m_pct,tw_epi_integrated_circuits_gbp_12m_pct,post_2022,5,0.26639464340924346,0.3079546432286736,0.14285714285714285,1.0,37,0
raw_annual_rates,uk_ipi_c261_12m_pct,tw_epi_integrated_circuits_gbp_12m_pct,post_2022,6,0.3610994021004855,0.38549419382057076,0.42857142857142855,1.0,36,0
raw_annual_rates,uk_ipi_c261_12m_pct,tw_epi_integrated_circuits_gbp_12m_pct,post_2022,7,0.40963240484299734,0.4020871883491897,0.42857142857142855,1.0,35,0
raw_annual_rates,uk_ipi_c261_12m_pct,tw_epi_integrated_circuits_gbp_12m_pct,post_2022,8,0.3127743459930001,0.307954051480322,0.5714285714285714,1.0,34,0
raw_annual_rates,uk_ipi_c261_12m_pct,tw_epi_integrated_circuits_gbp_12m_pct,post_2022,9,0.1398882204052227,0.12331212303799977,0.7142857142857143,1.0,33,0
raw_annual_rates,uk_ipi_c261_12m_pct,tw_epi_integrated_circuits_gbp_12m_pct,post_2022,10,-0.03482543986342443,-0.05713778778381627,1.0,1.0,32,0
raw_annual_rates,uk_ipi_c261_12m_pct,tw_epi_integrated_circuits_gbp_12m_pct,post_2022,11,-0.2029291370342748,-0.2265560342122126,0.8571428571428571,1.0,31,0
raw_annual_rates,uk_ipi_c261_12m_pct,tw_epi_integrated_circuits_gbp_12m_pct,post_2022,12,-0.29122944813960466,-0.29122944813960466,0.7142857142857143,1.0,30,0
raw_annual_rates,uk_ipi_c261_12m_pct,hk_ppi_tech_gbp_12m_pct,full,0,0.2542291186970181,0.29029185575764327,0.22560975609756098,0.5304878048780488,199,0
raw_annual_rates,uk_ipi_c261_12m_pct,hk_ppi_tech_gbp_12m_pct,full,1,0.2112744127254261,0.23750672492192182,0.31097560975609756,0.6829268292682927,198,0
raw_annual_rates,uk_ipi_c261_12m_pct,hk_ppi_tech_gbp_12m_pct,full,2,0.15184936116421177,0.16786041176850786,0.4817073170731707,0.8597560975609756,197,0
raw_annual_rates,uk_ipi_c261_12m_pct,hk_ppi_tech_gbp_12m_pct,full,3,0.10859374152424225,0.11661429215577308,0.6646341463414634,0.9695121951219512,196,0
raw_annual_rates,uk_ipi_c261_12m_pct,hk_ppi_tech_gbp_12m_pct,full,4,0.05586757212090851,0.05993122612442972,0.8414634146341463,1.0,195,0
raw_annual_rates,uk_ipi_c261_12m_pct,hk_ppi_tech_gbp_12m_pct,full,5,-0.022347694779763665,-0.018080841671290974,0.9573170731707317,1.0,194,0
raw_annual_rates,uk_ipi_c261_12m_pct,hk_ppi_tech_gbp_12m_pct,full,6,-0.0847990539409846,-0.08071823984099379,0.7621951219512195,1.0,193,0
raw_annual_rates,uk_ipi_c261_12m_pct,hk_ppi_tech_gbp_12m_pct,full,7,-0.1449523083800692,-0.14228658855221513,0.5792682926829268,0.9329268292682927,192,0
raw_annual_rates,uk_ipi_c261_12m_pct,hk_ppi_tech_gbp_12m_pct,full,8,-0.2025121601311355,-0.2006337243871023,0.4146341463414634,0.8170731707317073,191,0
raw_annual_rates,uk_ipi_c261_12m_pct,hk_ppi_tech_gbp_12m_pct,full,9,-0.23246563067923773,-0.2308855728521675,0.34146341463414637,0.6890243902439024,190,0
raw_annual_rates,uk_ipi_c261_12m_pct,hk_ppi_tech_gbp_12m_pct,full,10,-0.24100548647462738,-0.24038317645122076,0.34146341463414637,0.676829268292683,189,0
raw_annual_rates,uk_ipi_c261_12m_pct,hk_ppi_tech_gbp_12m_pct,full,11,-0.23787914813082675,-0.2378930956260777,0.34146341463414637,0.6829268292682927,188,0
raw_annual_rates,uk_ipi_c261_12m_pct,hk_ppi_tech_gbp_12m_pct,full,12,-0.24854638968234843,-0.24854638968234843,0.3353658536585366,0.676829268292683,187,0
raw_annual_rates,uk_ipi_c261_12m_pct,hk_ppi_tech_gbp_12m_pct,pre_2020,0,0.23011617505726173,0.2370515494834473,0.4186046511627907,0.7325581395348837,121,0
raw_annual_rates,uk_ipi_c261_12m_pct,hk_ppi_tech_gbp_12m_pct,pre_2020,1,0.17412090459145851,0.17899036345229455,0.5232558139534884,0.872093023255814,120,0
raw_annual_rates,uk_ipi_c261_12m_pct,hk_ppi_tech_gbp_12m_pct,pre_2020,2,0.09629843796277977,0.10174467876170767,0.6627906976744186,1.0,119,0
raw_annual_rates,uk_ipi_c261_12m_pct,hk_ppi_tech_gbp_12m_pct,pre_2020,3,0.04463502832888279,0.04900992568298134,0.8023255813953488,1.0,118,0
raw_annual_rates,uk_ipi_c261_12m_pct,hk_ppi_tech_gbp_12m_pct,pre_2020,4,0.004211675313749521,0.007469781846231081,0.9883720930232558,1.0,117,0
raw_annual_rates,uk_ipi_c261_12m_pct,hk_ppi_tech_gbp_12m_pct,pre_2020,5,-0.04926378546147759,-0.045937154589364926,0.872093023255814,1.0,116,0
raw_annual_rates,uk_ipi_c261_12m_pct,hk_ppi_tech_gbp_12m_pct,pre_2020,6,-0.08000480582517257,-0.0765374838892141,0.7558139534883721,1.0,115,0
raw_annual_rates,uk_ipi_c261_12m_pct,hk_ppi_tech_gbp_12m_pct,pre_2020,7,-0.112957351641112,-0.1100678752050527,0.6395348837209303,0.9767441860465116,114,0
raw_annual_rates,uk_ipi_c261_12m_pct,hk_ppi_tech_gbp_12m_pct,pre_2020,8,-0.15433890089271113,-0.15295073367344258,0.5348837209302325,0.9186046511627907,113,0
raw_annual_rates,uk_ipi_c261_12m_pct,hk_ppi_tech_gbp_12m_pct,pre_2020,9,-0.1697255824542271,-0.1707694865750606,0.5232558139534884,0.8837209302325582,112,0
raw_annual_rates,uk_ipi_c261_12m_pct,hk_ppi_tech_gbp_12m_pct,pre_2020,10,-0.17410833953736585,-0.1789194984863229,0.5116279069767442,0.872093023255814,111,0
raw_annual_rates,uk_ipi_c261_12m_pct,hk_ppi_tech_gbp_12m_pct,pre_2020,11,-0.1651536215634146,-0.16847146794246187,0.5348837209302325,0.8953488372093024,110,0
raw_annual_rates,uk_ipi_c261_12m_pct,hk_ppi_tech_gbp_12m_pct,pre_2020,12,-0.174636477416796,-0.174636477416796,0.5348837209302325,0.872093023255814,109,0
raw_annual_rates,uk_ipi_c261_12m_pct,hk_ppi_tech_gbp_12m_pct,pandemic_2020_2022,0,0.4599016959031352,-0.14649512497345815,0.5,1.0,36,0
raw_annual_rates,uk_ipi_c261_12m_pct,hk_ppi_tech_gbp_12m_pct,pandemic_2020_2022,1,0.3386666259103563,-0.17689681650113817,0.5,1.0,35,0
raw_annual_rates,uk_ipi_c261_12m_pct,hk_ppi_tech_gbp_12m_pct,pandemic_2020_2022,2,0.22591625073101,-0.2396088943784796,0.5,1.0,34,0
raw_annual_rates,uk_ipi_c261_12m_pct,hk_ppi_tech_gbp_12m_pct,pandemic_2020_2022,3,0.12048345333587845,-0.24458353179137246,0.5,1.0,33,0
raw_annual_rates,uk_ipi_c261_12m_pct,hk_ppi_tech_gbp_12m_pct,pandemic_2020_2022,4,-0.04275152925237743,-0.3401969422187033,0.5,1.0,32,0
raw_annual_rates,uk_ipi_c261_12m_pct,hk_ppi_tech_gbp_12m_pct,pandemic_2020_2022,5,-0.23895066624245886,-0.5298424135673636,0.5,1.0,31,0
raw_annual_rates,uk_ipi_c261_12m_pct,hk_ppi_tech_gbp_12m_pct,pandemic_2020_2022,6,-0.44089800855545463,-0.7076034788785589,0.5,0.5,30,0
raw_annual_rates,uk_ipi_c261_12m_pct,hk_ppi_tech_gbp_12m_pct,pandemic_2020_2022,7,-0.6489045694385904,-0.8257273337327304,0.5,0.5,29,0
raw_annual_rates,uk_ipi_c261_12m_pct,hk_ppi_tech_gbp_12m_pct,pandemic_2020_2022,8,-0.7752634547222592,-0.8703292244937929,0.5,0.5,28,0
raw_annual_rates,uk_ipi_c261_12m_pct,hk_ppi_tech_gbp_12m_pct,pandemic_2020_2022,9,-0.8414135740526156,-0.8615378791624628,0.5,0.5,27,0
raw_annual_rates,uk_ipi_c261_12m_pct,hk_ppi_tech_gbp_12m_pct,pandemic_2020_2022,10,-0.8408306640432383,-0.8108515613625216,0.5,0.5,26,0
raw_annual_rates,uk_ipi_c261_12m_pct,hk_ppi_tech_gbp_12m_pct,pandemic_2020_2022,11,-0.7966642593207515,-0.7820227679835386,0.5,0.5,25,0
raw_annual_rates,uk_ipi_c261_12m_pct,hk_ppi_tech_gbp_12m_pct,pandemic_2020_2022,12,-0.7292205812176725,-0.7292205812176725,0.5,0.5,24,0
raw_annual_rates,uk_ipi_c261_12m_pct,hk_ppi_tech_gbp_12m_pct,post_2022,0,0.4255586412850309,0.6329552249878234,0.14285714285714285,0.14285714285714285,42,0
raw_annual_rates,uk_ipi_c261_12m_pct,hk_ppi_tech_gbp_12m_pct,post_2022,1,0.5028475109066979,0.6566323417193061,0.14285714285714285,0.14285714285714285,41,0
raw_annual_rates,uk_ipi_c261_12m_pct,hk_ppi_tech_gbp_12m_pct,post_2022,2,0.5936498304028921,0.6797183955924597,0.14285714285714285,0.14285714285714285,40,0
raw_annual_rates,uk_ipi_c261_12m_pct,hk_ppi_tech_gbp_12m_pct,post_2022,3,0.6874144267025427,0.7074608400782257,0.14285714285714285,0.14285714285714285,39,0
raw_annual_rates,uk_ipi_c261_12m_pct,hk_ppi_tech_gbp_12m_pct,post_2022,4,0.6955706131956012,0.6891337965858434,0.14285714285714285,0.14285714285714285,38,0
raw_annual_rates,uk_ipi_c261_12m_pct,hk_ppi_tech_gbp_12m_pct,post_2022,5,0.490982892376812,0.5319968498616835,0.14285714285714285,0.14285714285714285,37,0
raw_annual_rates,uk_ipi_c261_12m_pct,hk_ppi_tech_gbp_12m_pct,post_2022,6,0.2694148848696282,0.36825877029126713,0.2857142857142857,0.42857142857142855,36,0
raw_annual_rates,uk_ipi_c261_12m_pct,hk_ppi_tech_gbp_12m_pct,post_2022,7,0.05995372785559958,0.16331794526498736,0.42857142857142855,1.0,35,0
raw_annual_rates,uk_ipi_c261_12m_pct,hk_ppi_tech_gbp_12m_pct,post_2022,8,-0.0017737160834719937,0.026272530327225693,0.7142857142857143,1.0,34,0
raw_annual_rates,uk_ipi_c261_12m_pct,hk_ppi_tech_gbp_12m_pct,post_2022,9,0.06587652572504578,0.04702146728382685,0.8571428571428571,1.0,33,0
raw_annual_rates,uk_ipi_c261_12m_pct,hk_ppi_tech_gbp_12m_pct,post_2022,10,0.3015581766384274,0.24173458074124377,0.2857142857142857,1.0,32,0
raw_annual_rates,uk_ipi_c261_12m_pct,hk_ppi_tech_gbp_12m_pct,post_2022,11,0.35194260214738154,0.3260814811698586,0.14285714285714285,0.42857142857142855,31,0
raw_annual_rates,uk_ipi_c261_12m_pct,hk_ppi_tech_gbp_12m_pct,post_2022,12,0.2705014548138319,0.2705014548138319,0.42857142857142855,0.8571428571428571,30,0
raw_annual_rates,uk_ipi_c261_12m_pct,oecd_asia_c26_targeted_gbp_12m_pct,full,0,0.5994837077902749,0.6499870147018153,0.14814814814814814,0.5555555555555556,62,0
raw_annual_rates,uk_ipi_c261_12m_pct,oecd_asia_c26_targeted_gbp_12m_pct,full,1,0.6922006243743888,0.7287427345842642,0.037037037037037035,0.037037037037037035,61,0
raw_annual_rates,uk_ipi_c261_12m_pct,oecd_asia_c26_targeted_gbp_12m_pct,full,2,0.753696880159423,0.77835945702841,0.037037037037037035,0.037037037037037035,60,0
raw_annual_rates,uk_ipi_c261_12m_pct,oecd_asia_c26_targeted_gbp_12m_pct,full,3,0.8020182433576808,0.8173759717636266,0.037037037037037035,0.037037037037037035,59,0
raw_annual_rates,uk_ipi_c261_12m_pct,oecd_asia_c26_targeted_gbp_12m_pct,full,4,0.8427346930941166,0.8505249453625474,0.037037037037037035,0.037037037037037035,58,0
raw_annual_rates,uk_ipi_c261_12m_pct,oecd_asia_c26_targeted_gbp_12m_pct,full,5,0.8648485096895061,0.8675221880182468,0.037037037037037035,0.037037037037037035,57,0
raw_annual_rates,uk_ipi_c261_12m_pct,oecd_asia_c26_targeted_gbp_12m_pct,full,6,0.8676843242267949,0.8685678530617135,0.037037037037037035,0.037037037037037035,56,0
raw_annual_rates,uk_ipi_c261_12m_pct,oecd_asia_c26_targeted_gbp_12m_pct,full,7,0.8366087377642134,0.8340784737263801,0.037037037037037035,0.037037037037037035,55,0
raw_annual_rates,uk_ipi_c261_12m_pct,oecd_asia_c26_targeted_gbp_12m_pct,full,8,0.7625840280086748,0.7597662033580775,0.037037037037037035,0.037037037037037035,54,0
raw_annual_rates,uk_ipi_c261_12m_pct,oecd_asia_c26_targeted_gbp_12m_pct,full,9,0.67988707933242,0.6785848236311062,0.1111111111111111,0.4074074074074074,53,0
raw_annual_rates,uk_ipi_c261_12m_pct,oecd_asia_c26_targeted_gbp_12m_pct,full,10,0.604682563793838,0.6051011254598965,0.2962962962962963,0.5925925925925926,52,0
raw_annual_rates,uk_ipi_c261_12m_pct,oecd_asia_c26_targeted_gbp_12m_pct,full,11,0.517037406329565,0.5177330954339865,0.37037037037037035,0.6666666666666666,51,0
raw_annual_rates,uk_ipi_c261_12m_pct,oecd_asia_c26_targeted_gbp_12m_pct,full,12,0.42332321576013887,0.42332321576013887,0.48148148148148145,0.7037037037037037,50,0
raw_annual_rates,uk_ipi_c261_12m_pct,oecd_asia_c26_targeted_gbp_12m_pct,pandemic_2020_2022,0,0.8013231077589906,0.9818949130921029,0.5,0.5,22,0
raw_annual_rates,uk_ipi_c261_12m_pct,oecd_asia_c26_targeted_gbp_12m_pct,pandemic_2020_2022,1,0.8988285843540487,0.9003732290961703,0.5,0.5,21,0
raw_annual_rates,uk_ipi_c261_12m_pct,oecd_asia_c26_targeted_gbp_12m_pct,pandemic_2020_2022,2,0.9463494059873535,0.8961618589817116,0.5,0.5,20,0
raw_annual_rates,uk_ipi_c261_12m_pct,oecd_asia_c26_targeted_gbp_12m_pct,pandemic_2020_2022,3,0.954846687464919,0.9047101409799835,0.5,0.5,19,0
raw_annual_rates,uk_ipi_c261_12m_pct,oecd_asia_c26_targeted_gbp_12m_pct,pandemic_2020_2022,4,0.9647762080071759,0.9085293954366441,0.5,0.5,18,0
raw_annual_rates,uk_ipi_c261_12m_pct,oecd_asia_c26_targeted_gbp_12m_pct,pandemic_2020_2022,5,0.9490236029168899,0.8963440739595245,0.5,0.5,17,0
raw_annual_rates,uk_ipi_c261_12m_pct,oecd_asia_c26_targeted_gbp_12m_pct,pandemic_2020_2022,6,0.9488562916160067,0.9412128874858281,0.5,0.5,16,0
raw_annual_rates,uk_ipi_c261_12m_pct,oecd_asia_c26_targeted_gbp_12m_pct,pandemic_2020_2022,7,0.9456171520557537,0.9486922252974904,0.5,0.5,15,0
raw_annual_rates,uk_ipi_c261_12m_pct,oecd_asia_c26_targeted_gbp_12m_pct,pandemic_2020_2022,8,0.9078978401305466,0.9269177098718582,0.5,0.5,14,0
raw_annual_rates,uk_ipi_c261_12m_pct,oecd_asia_c26_targeted_gbp_12m_pct,pandemic_2020_2022,9,0.8734757963206056,0.9389423534866146,0.5,0.5,13,0
raw_annual_rates,uk_ipi_c261_12m_pct,oecd_asia_c26_targeted_gbp_12m_pct,pandemic_2020_2022,10,0.9245512713208526,0.9715306283495125,0.5,0.5,12,0
raw_annual_rates,uk_ipi_c261_12m_pct,oecd_asia_c26_targeted_gbp_12m_pct,pandemic_2020_2022,11,0.8806066850843387,0.9082128204781496,0.5,0.5,11,0
raw_annual_rates,uk_ipi_c261_12m_pct,oecd_asia_c26_targeted_gbp_12m_pct,pandemic_2020_2022,12,0.7055618577549062,0.7055618577549062,0.5,0.5,10,0
raw_annual_rates,uk_ipi_c261_12m_pct,oecd_asia_c26_targeted_gbp_12m_pct,post_2022,0,0.24465775725667385,0.392937582456922,0.2,1.0,40,0
raw_annual_rates,uk_ipi_c261_12m_pct,oecd_asia_c26_targeted_gbp_12m_pct,post_2022,1,0.32450128058044664,0.4245859802378779,0.2,1.0,39,0
raw_annual_rates,uk_ipi_c261_12m_pct,oecd_asia_c26_targeted_gbp_12m_pct,post_2022,2,0.3448224904266076,0.3975381223727972,0.2,1.0,38,0
raw_annual_rates,uk_ipi_c261_12m_pct,oecd_asia_c26_targeted_gbp_12m_pct,post_2022,3,0.3257018865625946,0.3376748730358485,0.4,1.0,37,0
raw_annual_rates,uk_ipi_c261_12m_pct,oecd_asia_c26_targeted_gbp_12m_pct,post_2022,4,0.32837610745993745,0.3106383283758691,0.2,1.0,36,0
raw_annual_rates,uk_ipi_c261_12m_pct,oecd_asia_c26_targeted_gbp_12m_pct,post_2022,5,0.38051614759952335,0.34766527176129475,0.2,1.0,35,0
raw_annual_rates,uk_ipi_c261_12m_pct,oecd_asia_c26_targeted_gbp_12m_pct,post_2022,6,0.4260891557721544,0.41279323217151875,0.2,1.0,34,0
raw_annual_rates,uk_ipi_c261_12m_pct,oecd_asia_c26_targeted_gbp_12m_pct,post_2022,7,0.38363268632511466,0.3531316117039729,0.4,1.0,33,0
raw_annual_rates,uk_ipi_c261_12m_pct,oecd_asia_c26_targeted_gbp_12m_pct,post_2022,8,0.15284584626875938,0.11768700506375093,0.8,1.0,32,0
raw_annual_rates,uk_ipi_c261_12m_pct,oecd_asia_c26_targeted_gbp_12m_pct,post_2022,9,-0.04258823809500515,-0.07890579626685355,0.8,1.0,31,0
raw_annual_rates,uk_ipi_c261_12m_pct,oecd_asia_c26_targeted_gbp_12m_pct,post_2022,10,-0.10559237504112473,-0.126480346813456,0.8,1.0,30,0
raw_annual_rates,uk_ipi_c261_12m_pct,oecd_asia_c26_targeted_gbp_12m_pct,post_2022,11,-0.11112489250766641,-0.12930542365706543,0.8,1.0,29,0
raw_annual_rates,uk_ipi_c261_12m_pct,oecd_asia_c26_targeted_gbp_12m_pct,post_2022,12,-0.09297862743001131,-0.09297862743001131,0.8,1.0,28,0
raw_annual_rates,uk_ipi_c261_12m_pct,oecd_asia_c26_bls_gbp_12m_pct,full,0,0.8677455946579306,0.8652385322522678,0.008264462809917356,0.008264462809917356,156,0
raw_annual_rates,uk_ipi_c261_12m_pct,oecd_asia_c26_bls_gbp_12m_pct,full,1,0.8804207475524468,0.875956853076541,0.008264462809917356,0.008264462809917356,155,0
raw_annual_rates,uk_ipi_c261_12m_pct,oecd_asia_c26_bls_gbp_12m_pct,full,2,0.8548629409724986,0.8516712178141278,0.008264462809917356,0.008264462809917356,154,0
raw_annual_rates,uk_ipi_c261_12m_pct,oecd_asia_c26_bls_gbp_12m_pct,full,3,0.816756329271669,0.8148518782711298,0.008264462809917356,0.008264462809917356,153,0
raw_annual_rates,uk_ipi_c261_12m_pct,oecd_asia_c26_bls_gbp_12m_pct,full,4,0.7609562583262169,0.759385267641613,0.008264462809917356,0.008264462809917356,152,0
raw_annual_rates,uk_ipi_c261_12m_pct,oecd_asia_c26_bls_gbp_12m_pct,full,5,0.7089606709906381,0.7051012739620329,0.008264462809917356,0.01652892561983471,151,0
raw_annual_rates,uk_ipi_c261_12m_pct,oecd_asia_c26_bls_gbp_12m_pct,full,6,0.6548521597890248,0.6477974463888273,0.008264462809917356,0.01652892561983471,150,0
raw_annual_rates,uk_ipi_c261_12m_pct,oecd_asia_c26_bls_gbp_12m_pct,full,7,0.5643123905819659,0.5578519742402731,0.04132231404958678,0.1652892561983471,149,0
raw_annual_rates,uk_ipi_c261_12m_pct,oecd_asia_c26_bls_gbp_12m_pct,full,8,0.4541741881405508,0.4499059065099538,0.09090909090909091,0.21487603305785125,148,0
raw_annual_rates,uk_ipi_c261_12m_pct,oecd_asia_c26_bls_gbp_12m_pct,full,9,0.33053913139074,0.32762104459004054,0.1652892561983471,0.4380165289256198,147,0
raw_annual_rates,uk_ipi_c261_12m_pct,oecd_asia_c26_bls_gbp_12m_pct,full,10,0.2038479429781139,0.20212600845671297,0.49586776859504134,0.8677685950413223,146,0
raw_annual_rates,uk_ipi_c261_12m_pct,oecd_asia_c26_bls_gbp_12m_pct,full,11,0.08646171433692788,0.08604998786386463,0.9008264462809917,1.0,145,0
raw_annual_rates,uk_ipi_c261_12m_pct,oecd_asia_c26_bls_gbp_12m_pct,full,12,-0.016558365778501668,-0.016558365778501668,0.9917355371900827,1.0,144,0
raw_annual_rates,uk_ipi_c261_12m_pct,oecd_asia_c26_bls_gbp_12m_pct,pre_2020,0,0.8334983074941673,0.8331662888143964,0.022727272727272728,0.022727272727272728,79,0
raw_annual_rates,uk_ipi_c261_12m_pct,oecd_asia_c26_bls_gbp_12m_pct,pre_2020,1,0.8519456046913849,0.8620826733679042,0.022727272727272728,0.022727272727272728,78,0
raw_annual_rates,uk_ipi_c261_12m_pct,oecd_asia_c26_bls_gbp_12m_pct,pre_2020,2,0.8394289533211886,0.8570032917423605,0.022727272727272728,0.022727272727272728,77,0
raw_annual_rates,uk_ipi_c261_12m_pct,oecd_asia_c26_bls_gbp_12m_pct,pre_2020,3,0.8172811561191908,0.8410731753943621,0.022727272727272728,0.022727272727272728,76,0
raw_annual_rates,uk_ipi_c261_12m_pct,oecd_asia_c26_bls_gbp_12m_pct,pre_2020,4,0.7530364548598768,0.7759737671070057,0.022727272727272728,0.022727272727272728,75,0
raw_annual_rates,uk_ipi_c261_12m_pct,oecd_asia_c26_bls_gbp_12m_pct,pre_2020,5,0.6949805321774604,0.7139260759988979,0.022727272727272728,0.022727272727272728,74,0
raw_annual_rates,uk_ipi_c261_12m_pct,oecd_asia_c26_bls_gbp_12m_pct,pre_2020,6,0.6262690330970653,0.6426287798427833,0.11363636363636363,0.2727272727272727,73,0
raw_annual_rates,uk_ipi_c261_12m_pct,oecd_asia_c26_bls_gbp_12m_pct,pre_2020,7,0.5082560826600078,0.5249787115169062,0.1590909090909091,0.4772727272727273,72,0
raw_annual_rates,uk_ipi_c261_12m_pct,oecd_asia_c26_bls_gbp_12m_pct,pre_2020,8,0.39339606856970183,0.4128781314201156,0.25,0.75,71,0
raw_annual_rates,uk_ipi_c261_12m_pct,oecd_asia_c26_bls_gbp_12m_pct,pre_2020,9,0.2798683513734617,0.29513008040917543,0.38636363636363635,0.8409090909090909,70,0
raw_annual_rates,uk_ipi_c261_12m_pct,oecd_asia_c26_bls_gbp_12m_pct,pre_2020,10,0.16604068958276275,0.18053506011201406,0.6363636363636364,1.0,69,0
raw_annual_rates,uk_ipi_c261_12m_pct,oecd_asia_c26_bls_gbp_12m_pct,pre_2020,11,0.07535900443258149,0.0838272707808992,0.8181818181818182,1.0,68,0
raw_annual_rates,uk_ipi_c261_12m_pct,oecd_asia_c26_bls_gbp_12m_pct,pre_2020,12,-0.004387145724569519,-0.004387145724569519,0.9772727272727273,1.0,67,0
raw_annual_rates,uk_ipi_c261_12m_pct,oecd_asia_c26_bls_gbp_12m_pct,pandemic_2020_2022,0,0.9784450014803365,0.9392296035628827,0.5,0.5,36,0
raw_annual_rates,uk_ipi_c261_12m_pct,oecd_asia_c26_bls_gbp_12m_pct,pandemic_2020_2022,1,0.9504540460706719,0.7104917985691253,0.5,0.5,35,0
raw_annual_rates,uk_ipi_c261_12m_pct,oecd_asia_c26_bls_gbp_12m_pct,pandemic_2020_2022,2,0.886104385520222,0.44625334880229073,0.5,1.0,34,0
raw_annual_rates,uk_ipi_c261_12m_pct,oecd_asia_c26_bls_gbp_12m_pct,pandemic_2020_2022,3,0.8302174217860923,0.24060812365926385,0.5,1.0,33,0
raw_annual_rates,uk_ipi_c261_12m_pct,oecd_asia_c26_bls_gbp_12m_pct,pandemic_2020_2022,4,0.7784380618067023,0.1177155416106673,0.5,1.0,32,0
raw_annual_rates,uk_ipi_c261_12m_pct,oecd_asia_c26_bls_gbp_12m_pct,pandemic_2020_2022,5,0.715791226459965,0.1071330894651195,0.5,1.0,31,0
raw_annual_rates,uk_ipi_c261_12m_pct,oecd_asia_c26_bls_gbp_12m_pct,pandemic_2020_2022,6,0.660018894988938,0.17624973758766277,0.5,1.0,30,0
raw_annual_rates,uk_ipi_c261_12m_pct,oecd_asia_c26_bls_gbp_12m_pct,pandemic_2020_2022,7,0.5801108879535128,0.17395301575785607,0.5,1.0,29,0
raw_annual_rates,uk_ipi_c261_12m_pct,oecd_asia_c26_bls_gbp_12m_pct,pandemic_2020_2022,8,0.43740386359575406,0.06113376956212333,1.0,1.0,28,0
raw_annual_rates,uk_ipi_c261_12m_pct,oecd_asia_c26_bls_gbp_12m_pct,pandemic_2020_2022,9,0.2533707102035969,-0.04488377528270205,1.0,1.0,27,0
raw_annual_rates,uk_ipi_c261_12m_pct,oecd_asia_c26_bls_gbp_12m_pct,pandemic_2020_2022,10,0.025571354551504274,-0.15564856675980196,1.0,1.0,26,0
raw_annual_rates,uk_ipi_c261_12m_pct,oecd_asia_c26_bls_gbp_12m_pct,pandemic_2020_2022,11,-0.22211430087747372,-0.30265271556489665,1.0,1.0,25,0
raw_annual_rates,uk_ipi_c261_12m_pct,oecd_asia_c26_bls_gbp_12m_pct,pandemic_2020_2022,12,-0.43516461736488243,-0.43516461736488243,1.0,1.0,24,0
raw_annual_rates,uk_ipi_c261_12m_pct,oecd_asia_c26_bls_gbp_12m_pct,post_2022,0,0.7578960496150483,0.7748130700593966,0.16666666666666666,0.16666666666666666,41,0
raw_annual_rates,uk_ipi_c261_12m_pct,oecd_asia_c26_bls_gbp_12m_pct,post_2022,1,0.7992278647512321,0.7984300307952011,0.16666666666666666,0.16666666666666666,40,0
raw_annual_rates,uk_ipi_c261_12m_pct,oecd_asia_c26_bls_gbp_12m_pct,post_2022,2,0.7340586514529464,0.7519023299778915,0.16666666666666666,0.16666666666666666,39,0
raw_annual_rates,uk_ipi_c261_12m_pct,oecd_asia_c26_bls_gbp_12m_pct,post_2022,3,0.593768836984088,0.6484640733183046,0.16666666666666666,0.16666666666666666,38,0
raw_annual_rates,uk_ipi_c261_12m_pct,oecd_asia_c26_bls_gbp_12m_pct,post_2022,4,0.4189045422866835,0.5273440658090275,0.16666666666666666,0.16666666666666666,37,0
raw_annual_rates,uk_ipi_c261_12m_pct,oecd_asia_c26_bls_gbp_12m_pct,post_2022,5,0.3261495744843434,0.4522637841342418,0.16666666666666666,1.0,36,0
raw_annual_rates,uk_ipi_c261_12m_pct,oecd_asia_c26_bls_gbp_12m_pct,post_2022,6,0.3598899371294295,0.4657551477817905,0.16666666666666666,0.6666666666666666,35,0
raw_annual_rates,uk_ipi_c261_12m_pct,oecd_asia_c26_bls_gbp_12m_pct,post_2022,7,0.3536560108539577,0.48654059696496293,0.16666666666666666,0.16666666666666666,34,0
raw_annual_rates,uk_ipi_c261_12m_pct,oecd_asia_c26_bls_gbp_12m_pct,post_2022,8,0.17957813948395268,0.35307556351323066,0.5,1.0,33,0
raw_annual_rates,uk_ipi_c261_12m_pct,oecd_asia_c26_bls_gbp_12m_pct,post_2022,9,-0.042316893981905405,0.11040012926116798,1.0,1.0,32,0
raw_annual_rates,uk_ipi_c261_12m_pct,oecd_asia_c26_bls_gbp_12m_pct,post_2022,10,-0.18850849431155473,-0.08517655388024081,1.0,1.0,31,0
raw_annual_rates,uk_ipi_c261_12m_pct,oecd_asia_c26_bls_gbp_12m_pct,post_2022,11,-0.31217948352439895,-0.25751587334967435,0.8333333333333334,1.0,30,0
raw_annual_rates,uk_ipi_c261_12m_pct,oecd_asia_c26_bls_gbp_12m_pct,post_2022,12,-0.29133760462680175,-0.29133760462680175,0.5,1.0,29,0
raw_annual_rates,uk_ipi_c261_12m_pct,fred_china_computer_electronics_gbp_12m_pct,full,0,0.8704384085856091,0.8625660151261532,0.008264462809917356,0.008264462809917356,156,0
raw_annual_rates,uk_ipi_c261_12m_pct,fred_china_computer_electronics_gbp_12m_pct,full,1,0.8794693183595566,0.8736286861362187,0.008264462809917356,0.008264462809917356,155,0
raw_annual_rates,uk_ipi_c261_12m_pct,fred_china_computer_electronics_gbp_12m_pct,full,2,0.8514753801030072,0.8485253606517689,0.008264462809917356,0.008264462809917356,154,0
raw_annual_rates,uk_ipi_c261_12m_pct,fred_china_computer_electronics_gbp_12m_pct,full,3,0.8132064898765657,0.8118843438747264,0.008264462809917356,0.008264462809917356,153,0
raw_annual_rates,uk_ipi_c261_12m_pct,fred_china_computer_electronics_gbp_12m_pct,full,4,0.757591669293428,0.7566731312227736,0.008264462809917356,0.01652892561983471,152,0
raw_annual_rates,uk_ipi_c261_12m_pct,fred_china_computer_electronics_gbp_12m_pct,full,5,0.705526909106747,0.7017561978260245,0.008264462809917356,0.01652892561983471,151,0
raw_annual_rates,uk_ipi_c261_12m_pct,fred_china_computer_electronics_gbp_12m_pct,full,6,0.6516057379024116,0.6444478118293021,0.008264462809917356,0.01652892561983471,150,0
raw_annual_rates,uk_ipi_c261_12m_pct,fred_china_computer_electronics_gbp_12m_pct,full,7,0.5619730128667509,0.5557139222137304,0.04132231404958678,0.1652892561983471,149,0
raw_annual_rates,uk_ipi_c261_12m_pct,fred_china_computer_electronics_gbp_12m_pct,full,8,0.45345028303269874,0.4495539649801386,0.09090909090909091,0.21487603305785125,148,0
raw_annual_rates,uk_ipi_c261_12m_pct,fred_china_computer_electronics_gbp_12m_pct,full,9,0.3312567466843128,0.32857954982622406,0.18181818181818182,0.4628099173553719,147,0
raw_annual_rates,uk_ipi_c261_12m_pct,fred_china_computer_electronics_gbp_12m_pct,full,10,0.206356321034176,0.20470253721517898,0.512396694214876,0.9008264462809917,146,0
raw_annual_rates,uk_ipi_c261_12m_pct,fred_china_computer_electronics_gbp_12m_pct,full,11,0.09045792783582685,0.09007830577020998,0.8925619834710744,1.0,145,0
raw_annual_rates,uk_ipi_c261_12m_pct,fred_china_computer_electronics_gbp_12m_pct,full,12,-0.011643386236789557,-0.011643386236789557,0.9834710743801653,1.0,144,0
raw_annual_rates,uk_ipi_c261_12m_pct,fred_china_computer_electronics_gbp_12m_pct,pre_2020,0,0.8175381362613153,0.8157867565408154,0.022727272727272728,0.022727272727272728,79,0
raw_annual_rates,uk_ipi_c261_12m_pct,fred_china_computer_electronics_gbp_12m_pct,pre_2020,1,0.8404060765256189,0.8490659996171556,0.022727272727272728,0.022727272727272728,78,0
raw_annual_rates,uk_ipi_c261_12m_pct,fred_china_computer_electronics_gbp_12m_pct,pre_2020,2,0.8310736492966928,0.8473303726895337,0.022727272727272728,0.022727272727272728,77,0
raw_annual_rates,uk_ipi_c261_12m_pct,fred_china_computer_electronics_gbp_12m_pct,pre_2020,3,0.8140228308213872,0.8367787229452999,0.022727272727272728,0.022727272727272728,76,0
raw_annual_rates,uk_ipi_c261_12m_pct,fred_china_computer_electronics_gbp_12m_pct,pre_2020,4,0.7532959763459431,0.775909223554725,0.022727272727272728,0.022727272727272728,75,0
raw_annual_rates,uk_ipi_c261_12m_pct,fred_china_computer_electronics_gbp_12m_pct,pre_2020,5,0.6983463139549684,0.7172049695163631,0.022727272727272728,0.022727272727272728,74,0
raw_annual_rates,uk_ipi_c261_12m_pct,fred_china_computer_electronics_gbp_12m_pct,pre_2020,6,0.6323520874120097,0.648915136487021,0.06818181818181818,0.25,73,0
raw_annual_rates,uk_ipi_c261_12m_pct,fred_china_computer_electronics_gbp_12m_pct,pre_2020,7,0.5158679031692772,0.5330723631840745,0.1590909090909091,0.45454545454545453,72,0
raw_annual_rates,uk_ipi_c261_12m_pct,fred_china_computer_electronics_gbp_12m_pct,pre_2020,8,0.4035145703527474,0.4232911914072307,0.2727272727272727,0.75,71,0
raw_annual_rates,uk_ipi_c261_12m_pct,fred_china_computer_electronics_gbp_12m_pct,pre_2020,9,0.290954243327454,0.3065740782613884,0.4318181818181818,0.8409090909090909,70,0
raw_annual_rates,uk_ipi_c261_12m_pct,fred_china_computer_electronics_gbp_12m_pct,pre_2020,10,0.17806851387397873,0.19290638350650105,0.6590909090909091,1.0,69,0
raw_annual_rates,uk_ipi_c261_12m_pct,fred_china_computer_electronics_gbp_12m_pct,pre_2020,11,0.08801692909017478,0.09680713523634614,0.7954545454545454,1.0,68,0
raw_annual_rates,uk_ipi_c261_12m_pct,fred_china_computer_electronics_gbp_12m_pct,pre_2020,12,0.00894975804905574,0.00894975804905574,1.0,1.0,67,0
raw_annual_rates,uk_ipi_c261_12m_pct,fred_china_computer_electronics_gbp_12m_pct,pandemic_2020_2022,0,0.9840994316262968,0.9505132979218082,0.5,0.5,36,0
raw_annual_rates,uk_ipi_c261_12m_pct,fred_china_computer_electronics_gbp_12m_pct,pandemic_2020_2022,1,0.9518592753651068,0.7149668350193493,0.5,0.5,35,0
raw_annual_rates,uk_ipi_c261_12m_pct,fred_china_computer_electronics_gbp_12m_pct,pandemic_2020_2022,2,0.88438142421492,0.4439569434631176,0.5,1.0,34,0
raw_annual_rates,uk_ipi_c261_12m_pct,fred_china_computer_electronics_gbp_12m_pct,pandemic_2020_2022,3,0.8289510952219405,0.23159127609389835,0.5,1.0,33,0
raw_annual_rates,uk_ipi_c261_12m_pct,fred_china_computer_electronics_gbp_12m_pct,pandemic_2020_2022,4,0.7803344718196068,0.11383288600103408,0.5,1.0,32,0
raw_annual_rates,uk_ipi_c261_12m_pct,fred_china_computer_electronics_gbp_12m_pct,pandemic_2020_2022,5,0.7190811686089771,0.11140576351825622,0.5,1.0,31,0
raw_annual_rates,uk_ipi_c261_12m_pct,fred_china_computer_electronics_gbp_12m_pct,pandemic_2020_2022,6,0.6672011509828091,0.19604228618305522,0.5,1.0,30,0
raw_annual_rates,uk_ipi_c261_12m_pct,fred_china_computer_electronics_gbp_12m_pct,pandemic_2020_2022,7,0.5946468905849881,0.2062727543783926,0.5,1.0,29,0
raw_annual_rates,uk_ipi_c261_12m_pct,fred_china_computer_electronics_gbp_12m_pct,pandemic_2020_2022,8,0.4596986926148319,0.10009875456672142,0.5,1.0,28,0
raw_annual_rates,uk_ipi_c261_12m_pct,fred_china_computer_electronics_gbp_12m_pct,pandemic_2020_2022,9,0.28031162663507103,-0.004627791573023695,1.0,1.0,27,0
raw_annual_rates,uk_ipi_c261_12m_pct,fred_china_computer_electronics_gbp_12m_pct,pandemic_2020_2022,10,0.05601942886291905,-0.11776604915331516,1.0,1.0,26,0
raw_annual_rates,uk_ipi_c261_12m_pct,fred_china_computer_electronics_gbp_12m_pct,pandemic_2020_2022,11,-0.19032029101715073,-0.2663366173927876,1.0,1.0,25,0
raw_annual_rates,uk_ipi_c261_12m_pct,fred_china_computer_electronics_gbp_12m_pct,pandemic_2020_2022,12,-0.40046309635635935,-0.40046309635635935,1.0,1.0,24,0
raw_annual_rates,uk_ipi_c261_12m_pct,fred_china_computer_electronics_gbp_12m_pct,post_2022,0,0.8038023329173396,0.7941155770675647,0.16666666666666666,0.16666666666666666,41,0
raw_annual_rates,uk_ipi_c261_12m_pct,fred_china_computer_electronics_gbp_12m_pct,post_2022,1,0.8170008570814227,0.8190174385671388,0.16666666666666666,0.16666666666666666,40,0
raw_annual_rates,uk_ipi_c261_12m_pct,fred_china_computer_electronics_gbp_12m_pct,post_2022,2,0.7353495130145995,0.7716324941651738,0.16666666666666666,0.16666666666666666,39,0
raw_annual_rates,uk_ipi_c261_12m_pct,fred_china_computer_electronics_gbp_12m_pct,post_2022,3,0.5930134456627916,0.6685697405007724,0.16666666666666666,0.16666666666666666,38,0
raw_annual_rates,uk_ipi_c261_12m_pct,fred_china_computer_electronics_gbp_12m_pct,post_2022,4,0.41968649926426416,0.5489680971169886,0.16666666666666666,0.16666666666666666,37,0
raw_annual_rates,uk_ipi_c261_12m_pct,fred_china_computer_electronics_gbp_12m_pct,post_2022,5,0.31910208815920194,0.4640789287277703,0.16666666666666666,1.0,36,0
raw_annual_rates,uk_ipi_c261_12m_pct,fred_china_computer_electronics_gbp_12m_pct,post_2022,6,0.3347513529872572,0.464924322031573,0.16666666666666666,1.0,35,0
raw_annual_rates,uk_ipi_c261_12m_pct,fred_china_computer_electronics_gbp_12m_pct,post_2022,7,0.32122389607832663,0.49048188106672075,0.16666666666666666,0.16666666666666666,34,0
raw_annual_rates,uk_ipi_c261_12m_pct,fred_china_computer_electronics_gbp_12m_pct,post_2022,8,0.1440874535835823,0.35810358665523895,0.5,1.0,33,0
raw_annual_rates,uk_ipi_c261_12m_pct,fred_china_computer_electronics_gbp_12m_pct,post_2022,9,-0.07089147630227383,0.11298792332057302,1.0,1.0,32,0
raw_annual_rates,uk_ipi_c261_12m_pct,fred_china_computer_electronics_gbp_12m_pct,post_2022,10,-0.20728175097369228,-0.08531827418036354,1.0,1.0,31,0
raw_annual_rates,uk_ipi_c261_12m_pct,fred_china_computer_electronics_gbp_12m_pct,post_2022,11,-0.33110517877724355,-0.26779125273803017,0.6666666666666666,1.0,30,0
raw_annual_rates,uk_ipi_c261_12m_pct,fred_china_computer_electronics_gbp_12m_pct,post_2022,12,-0.3174558641242139,-0.3174558641242139,0.5,1.0,29,0
raw_annual_rates,uk_ipi_c261_12m_pct,fred_japan_computer_electronics_gbp_12m_pct,full,0,0.8376915954894969,0.8319440308836537,0.008264462809917356,0.008264462809917356,156,0
raw_annual_rates,uk_ipi_c261_12m_pct,fred_japan_computer_electronics_gbp_12m_pct,full,1,0.855346073332768,0.851586794070164,0.008264462809917356,0.008264462809917356,155,0
raw_annual_rates,uk_ipi_c261_12m_pct,fred_japan_computer_electronics_gbp_12m_pct,full,2,0.8376815797423635,0.8371446717256279,0.008264462809917356,0.008264462809917356,154,0
raw_annual_rates,uk_ipi_c261_12m_pct,fred_japan_computer_electronics_gbp_12m_pct,full,3,0.8059024378214569,0.8077801958398051,0.008264462809917356,0.008264462809917356,153,0
raw_annual_rates,uk_ipi_c261_12m_pct,fred_japan_computer_electronics_gbp_12m_pct,full,4,0.7573759981021679,0.7600522981436144,0.008264462809917356,0.008264462809917356,152,0
raw_annual_rates,uk_ipi_c261_12m_pct,fred_japan_computer_electronics_gbp_12m_pct,full,5,0.7070972068906556,0.7080113960387348,0.008264462809917356,0.01652892561983471,151,0
raw_annual_rates,uk_ipi_c261_12m_pct,fred_japan_computer_electronics_gbp_12m_pct,full,6,0.6523955460909755,0.6497635550418854,0.008264462809917356,0.01652892561983471,150,0
raw_annual_rates,uk_ipi_c261_12m_pct,fred_japan_computer_electronics_gbp_12m_pct,full,7,0.5588777445804876,0.5545670032315168,0.01652892561983471,0.15702479338842976,149,0
raw_annual_rates,uk_ipi_c261_12m_pct,fred_japan_computer_electronics_gbp_12m_pct,full,8,0.4458238482993445,0.4422713504100859,0.08264462809917356,0.2066115702479339,148,0
raw_annual_rates,uk_ipi_c261_12m_pct,fred_japan_computer_electronics_gbp_12m_pct,full,9,0.31684769673651864,0.314309921345965,0.17355371900826447,0.5371900826446281,147,0
raw_annual_rates,uk_ipi_c261_12m_pct,fred_japan_computer_electronics_gbp_12m_pct,full,10,0.1830597854792318,0.1815029416593794,0.47107438016528924,0.7933884297520661,146,0
raw_annual_rates,uk_ipi_c261_12m_pct,fred_japan_computer_electronics_gbp_12m_pct,full,11,0.05875156553554061,0.05833244926215559,0.8429752066115702,0.9834710743801653,145,0
raw_annual_rates,uk_ipi_c261_12m_pct,fred_japan_computer_electronics_gbp_12m_pct,full,12,-0.05237453203417926,-0.05237453203417926,0.8760330578512396,1.0,144,0
raw_annual_rates,uk_ipi_c261_12m_pct,fred_japan_computer_electronics_gbp_12m_pct,pre_2020,0,0.80217013279434,0.8172887504743527,0.022727272727272728,0.022727272727272728,79,0
raw_annual_rates,uk_ipi_c261_12m_pct,fred_japan_computer_electronics_gbp_12m_pct,pre_2020,1,0.8409424244649751,0.8702987730413748,0.022727272727272728,0.022727272727272728,78,0
raw_annual_rates,uk_ipi_c261_12m_pct,fred_japan_computer_electronics_gbp_12m_pct,pre_2020,2,0.8501870707681236,0.8881437966571606,0.022727272727272728,0.022727272727272728,77,0
raw_annual_rates,uk_ipi_c261_12m_pct,fred_japan_computer_electronics_gbp_12m_pct,pre_2020,3,0.844034496823558,0.8886387469770138,0.022727272727272728,0.022727272727272728,76,0
raw_annual_rates,uk_ipi_c261_12m_pct,fred_japan_computer_electronics_gbp_12m_pct,pre_2020,4,0.7995001435956401,0.842786689382402,0.022727272727272728,0.022727272727272728,75,0
raw_annual_rates,uk_ipi_c261_12m_pct,fred_japan_computer_electronics_gbp_12m_pct,pre_2020,5,0.751987671445542,0.7904439415932211,0.022727272727272728,0.022727272727272728,74,0
raw_annual_rates,uk_ipi_c261_12m_pct,fred_japan_computer_electronics_gbp_12m_pct,pre_2020,6,0.6911657440404437,0.7259258422349162,0.022727272727272728,0.022727272727272728,73,0
raw_annual_rates,uk_ipi_c261_12m_pct,fred_japan_computer_electronics_gbp_12m_pct,pre_2020,7,0.5774931905956774,0.6105406210961772,0.11363636363636363,0.29545454545454547,72,0
raw_annual_rates,uk_ipi_c261_12m_pct,fred_japan_computer_electronics_gbp_12m_pct,pre_2020,8,0.46112836396230084,0.4952040670398804,0.18181818181818182,0.4772727272727273,71,0
raw_annual_rates,uk_ipi_c261_12m_pct,fred_japan_computer_electronics_gbp_12m_pct,pre_2020,9,0.3384773305140811,0.3658334428287809,0.22727272727272727,0.5454545454545454,70,0
raw_annual_rates,uk_ipi_c261_12m_pct,fred_japan_computer_electronics_gbp_12m_pct,pre_2020,10,0.20712069685441944,0.23064965316222022,0.45454545454545453,0.8636363636363636,69,0
raw_annual_rates,uk_ipi_c261_12m_pct,fred_japan_computer_electronics_gbp_12m_pct,pre_2020,11,0.09809320664737071,0.11090934421557551,0.6363636363636364,1.0,68,0
raw_annual_rates,uk_ipi_c261_12m_pct,fred_japan_computer_electronics_gbp_12m_pct,pre_2020,12,-0.005682841979805364,-0.005682841979805364,1.0,1.0,67,0
raw_annual_rates,uk_ipi_c261_12m_pct,fred_japan_computer_electronics_gbp_12m_pct,pandemic_2020_2022,0,0.951737235547465,0.8557459439246096,0.5,0.5,36,0
raw_annual_rates,uk_ipi_c261_12m_pct,fred_japan_computer_electronics_gbp_12m_pct,pandemic_2020_2022,1,0.9371152273134282,0.7193226909890317,0.5,0.5,35,0
raw_annual_rates,uk_ipi_c261_12m_pct,fred_japan_computer_electronics_gbp_12m_pct,pandemic_2020_2022,2,0.8789394256202682,0.5050732428733362,0.5,1.0,34,0
raw_annual_rates,uk_ipi_c261_12m_pct,fred_japan_computer_electronics_gbp_12m_pct,pandemic_2020_2022,3,0.8136830137697754,0.28770704243332035,1.0,1.0,33,0
raw_annual_rates,uk_ipi_c261_12m_pct,fred_japan_computer_electronics_gbp_12m_pct,pandemic_2020_2022,4,0.74663993003263,0.12369163960401369,1.0,1.0,32,0
raw_annual_rates,uk_ipi_c261_12m_pct,fred_japan_computer_electronics_gbp_12m_pct,pandemic_2020_2022,5,0.6622765879760272,0.043024004586718394,1.0,1.0,31,0
raw_annual_rates,uk_ipi_c261_12m_pct,fred_japan_computer_electronics_gbp_12m_pct,pandemic_2020_2022,6,0.5831068324525407,0.05955959359581624,1.0,1.0,30,0
raw_annual_rates,uk_ipi_c261_12m_pct,fred_japan_computer_electronics_gbp_12m_pct,pandemic_2020_2022,7,0.47649262712854934,0.03060442707226035,0.5,1.0,29,0
raw_annual_rates,uk_ipi_c261_12m_pct,fred_japan_computer_electronics_gbp_12m_pct,pandemic_2020_2022,8,0.320897921345594,-0.06389837043950347,1.0,1.0,28,0
raw_annual_rates,uk_ipi_c261_12m_pct,fred_japan_computer_electronics_gbp_12m_pct,pandemic_2020_2022,9,0.13103975488861103,-0.15964477056068407,1.0,1.0,27,0
raw_annual_rates,uk_ipi_c261_12m_pct,fred_japan_computer_electronics_gbp_12m_pct,pandemic_2020_2022,10,-0.10141171692506747,-0.2703874861765553,1.0,1.0,26,0
raw_annual_rates,uk_ipi_c261_12m_pct,fred_japan_computer_electronics_gbp_12m_pct,pandemic_2020_2022,11,-0.3481755396968756,-0.4211623347481262,1.0,1.0,25,0
raw_annual_rates,uk_ipi_c261_12m_pct,fred_japan_computer_electronics_gbp_12m_pct,pandemic_2020_2022,12,-0.5564748247930695,-0.5564748247930695,0.5,1.0,24,0
raw_annual_rates,uk_ipi_c261_12m_pct,fred_japan_computer_electronics_gbp_12m_pct,post_2022,0,0.7219122346211497,0.7081897847514146,0.16666666666666666,0.16666666666666666,41,0
raw_annual_rates,uk_ipi_c261_12m_pct,fred_japan_computer_electronics_gbp_12m_pct,post_2022,1,0.7228453415517101,0.7210332606855142,0.16666666666666666,0.16666666666666666,40,0
raw_annual_rates,uk_ipi_c261_12m_pct,fred_japan_computer_electronics_gbp_12m_pct,post_2022,2,0.6439354444360447,0.676772638603966,0.16666666666666666,0.16666666666666666,39,0
raw_annual_rates,uk_ipi_c261_12m_pct,fred_japan_computer_electronics_gbp_12m_pct,post_2022,3,0.5095435508142427,0.5868964410776297,0.16666666666666666,0.16666666666666666,38,0
raw_annual_rates,uk_ipi_c261_12m_pct,fred_japan_computer_electronics_gbp_12m_pct,post_2022,4,0.3629755115654591,0.4906526065038929,0.16666666666666666,0.16666666666666666,37,0
raw_annual_rates,uk_ipi_c261_12m_pct,fred_japan_computer_electronics_gbp_12m_pct,post_2022,5,0.2980156248196175,0.44777426832530537,0.16666666666666666,0.3333333333333333,36,0
raw_annual_rates,uk_ipi_c261_12m_pct,fred_japan_computer_electronics_gbp_12m_pct,post_2022,6,0.34393532068108856,0.454444247487192,0.16666666666666666,0.16666666666666666,35,0
raw_annual_rates,uk_ipi_c261_12m_pct,fred_japan_computer_electronics_gbp_12m_pct,post_2022,7,0.3391039829702408,0.4124087498297292,0.16666666666666666,0.6666666666666666,34,0
raw_annual_rates,uk_ipi_c261_12m_pct,fred_japan_computer_electronics_gbp_12m_pct,post_2022,8,0.18308119676697576,0.24918696529742454,0.5,1.0,33,0
raw_annual_rates,uk_ipi_c261_12m_pct,fred_japan_computer_electronics_gbp_12m_pct,post_2022,9,-0.009301108192542772,0.037398972781602036,1.0,1.0,32,0
raw_annual_rates,uk_ipi_c261_12m_pct,fred_japan_computer_electronics_gbp_12m_pct,post_2022,10,-0.10461046263987275,-0.08307901575282299,1.0,1.0,31,0
raw_annual_rates,uk_ipi_c261_12m_pct,fred_japan_computer_electronics_gbp_12m_pct,post_2022,11,-0.18511060174547103,-0.16722575133660134,0.8333333333333334,1.0,30,0
raw_annual_rates,uk_ipi_c261_12m_pct,fred_japan_computer_electronics_gbp_12m_pct,post_2022,12,-0.12084413864690507,-0.12084413864690507,0.8333333333333334,1.0,29,0
raw_annual_rates,uk_ipi_c261_12m_pct,fred_asian_nie_computer_electronics_gbp_12m_pct,full,0,0.7852464867657107,0.8541561320585345,0.008264462809917356,0.008264462809917356,156,0
raw_annual_rates,uk_ipi_c261_12m_pct,fred_asian_nie_computer_electronics_gbp_12m_pct,full,1,0.8233624720565974,0.8599299372881536,0.008264462809917356,0.008264462809917356,155,0
raw_annual_rates,uk_ipi_c261_12m_pct,fred_asian_nie_computer_electronics_gbp_12m_pct,full,2,0.8200932846254249,0.8364440998831326,0.008264462809917356,0.008264462809917356,154,0
raw_annual_rates,uk_ipi_c261_12m_pct,fred_asian_nie_computer_electronics_gbp_12m_pct,full,3,0.7902614936079996,0.7977147836428962,0.008264462809917356,0.008264462809917356,153,0
raw_annual_rates,uk_ipi_c261_12m_pct,fred_asian_nie_computer_electronics_gbp_12m_pct,full,4,0.7376775060294373,0.74065039502125,0.008264462809917356,0.008264462809917356,152,0
raw_annual_rates,uk_ipi_c261_12m_pct,fred_asian_nie_computer_electronics_gbp_12m_pct,full,5,0.6903992500348455,0.6902510235626499,0.008264462809917356,0.01652892561983471,151,0
raw_annual_rates,uk_ipi_c261_12m_pct,fred_asian_nie_computer_electronics_gbp_12m_pct,full,6,0.6389858901411157,0.6355223008500787,0.008264462809917356,0.01652892561983471,150,0
raw_annual_rates,uk_ipi_c261_12m_pct,fred_asian_nie_computer_electronics_gbp_12m_pct,full,7,0.5505248512290656,0.5460047213713799,0.024793388429752067,0.14049586776859505,149,0
raw_annual_rates,uk_ipi_c261_12m_pct,fred_asian_nie_computer_electronics_gbp_12m_pct,full,8,0.44029663233481525,0.4365414780969764,0.09090909090909091,0.21487603305785125,148,0
raw_annual_rates,uk_ipi_c261_12m_pct,fred_asian_nie_computer_electronics_gbp_12m_pct,full,9,0.3185743147807698,0.31568916211542014,0.17355371900826447,0.4628099173553719,147,0
raw_annual_rates,uk_ipi_c261_12m_pct,fred_asian_nie_computer_electronics_gbp_12m_pct,full,10,0.19270512650746777,0.19107941555887964,0.5371900826446281,0.8760330578512396,146,0
raw_annual_rates,uk_ipi_c261_12m_pct,fred_asian_nie_computer_electronics_gbp_12m_pct,full,11,0.07652624051315175,0.0761200343441867,0.9090909090909091,1.0,145,0
raw_annual_rates,uk_ipi_c261_12m_pct,fred_asian_nie_computer_electronics_gbp_12m_pct,full,12,-0.023252630847733206,-0.023252630847733206,0.9917355371900827,1.0,144,0
raw_annual_rates,uk_ipi_c261_12m_pct,fred_asian_nie_computer_electronics_gbp_12m_pct,pre_2020,0,0.8732324428477826,0.8754077780990676,0.022727272727272728,0.022727272727272728,79,0
raw_annual_rates,uk_ipi_c261_12m_pct,fred_asian_nie_computer_electronics_gbp_12m_pct,pre_2020,1,0.8651492738712044,0.876437647801887,0.022727272727272728,0.022727272727272728,78,0
raw_annual_rates,uk_ipi_c261_12m_pct,fred_asian_nie_computer_electronics_gbp_12m_pct,pre_2020,2,0.8324023013225661,0.8495580739774786,0.022727272727272728,0.022727272727272728,77,0
raw_annual_rates,uk_ipi_c261_12m_pct,fred_asian_nie_computer_electronics_gbp_12m_pct,pre_2020,3,0.7845757264037093,0.8061682781151707,0.022727272727272728,0.022727272727272728,76,0
raw_annual_rates,uk_ipi_c261_12m_pct,fred_asian_nie_computer_electronics_gbp_12m_pct,pre_2020,4,0.7017010042056497,0.7194573534385982,0.06818181818181818,0.25,75,0
raw_annual_rates,uk_ipi_c261_12m_pct,fred_asian_nie_computer_electronics_gbp_12m_pct,pre_2020,5,0.6296812919678375,0.6427379573425682,0.13636363636363635,0.38636363636363635,74,0
raw_annual_rates,uk_ipi_c261_12m_pct,fred_asian_nie_computer_electronics_gbp_12m_pct,pre_2020,6,0.5500808947875252,0.5595960392155411,0.1590909090909091,0.4772727272727273,73,0
raw_annual_rates,uk_ipi_c261_12m_pct,fred_asian_nie_computer_electronics_gbp_12m_pct,pre_2020,7,0.4295617751155187,0.4386540828516755,0.25,0.5681818181818182,72,0
raw_annual_rates,uk_ipi_c261_12m_pct,fred_asian_nie_computer_electronics_gbp_12m_pct,pre_2020,8,0.31004701575612637,0.322860146217993,0.36363636363636365,0.8181818181818182,71,0
raw_annual_rates,uk_ipi_c261_12m_pct,fred_asian_nie_computer_electronics_gbp_12m_pct,pre_2020,9,0.20083945359569527,0.20998361147642494,0.5227272727272727,0.8863636363636364,70,0
raw_annual_rates,uk_ipi_c261_12m_pct,fred_asian_nie_computer_electronics_gbp_12m_pct,pre_2020,10,0.09435304720027138,0.10374572423243214,0.7045454545454546,1.0,69,0
raw_annual_rates,uk_ipi_c261_12m_pct,fred_asian_nie_computer_electronics_gbp_12m_pct,pre_2020,11,0.011551214828629289,0.016824962563445168,0.9545454545454546,1.0,68,0
raw_annual_rates,uk_ipi_c261_12m_pct,fred_asian_nie_computer_electronics_gbp_12m_pct,pre_2020,12,-0.059019390998464934,-0.059019390998464934,0.8636363636363636,1.0,67,0
raw_annual_rates,uk_ipi_c261_12m_pct,fred_asian_nie_computer_electronics_gbp_12m_pct,pandemic_2020_2022,0,0.9478483391666354,0.8974686625248465,0.5,0.5,36,0
raw_annual_rates,uk_ipi_c261_12m_pct,fred_asian_nie_computer_electronics_gbp_12m_pct,pandemic_2020_2022,1,0.9330426202786397,0.6667646139797743,0.5,0.5,35,0
raw_annual_rates,uk_ipi_c261_12m_pct,fred_asian_nie_computer_electronics_gbp_12m_pct,pandemic_2020_2022,2,0.8810086513816142,0.41653802031863507,0.5,1.0,34,0
raw_annual_rates,uk_ipi_c261_12m_pct,fred_asian_nie_computer_electronics_gbp_12m_pct,pandemic_2020_2022,3,0.8286858098549237,0.24412421218466343,0.5,1.0,33,0
raw_annual_rates,uk_ipi_c261_12m_pct,fred_asian_nie_computer_electronics_gbp_12m_pct,pandemic_2020_2022,4,0.77194603670331,0.12370309364112861,0.5,1.0,32,0
raw_annual_rates,uk_ipi_c261_12m_pct,fred_asian_nie_computer_electronics_gbp_12m_pct,pandemic_2020_2022,5,0.7116979899307654,0.11187315099439761,0.5,1.0,31,0
raw_annual_rates,uk_ipi_c261_12m_pct,fred_asian_nie_computer_electronics_gbp_12m_pct,pandemic_2020_2022,6,0.6497311038448428,0.1470925209269528,0.5,1.0,30,0
raw_annual_rates,uk_ipi_c261_12m_pct,fred_asian_nie_computer_electronics_gbp_12m_pct,pandemic_2020_2022,7,0.5541965570907245,0.11407348085115608,0.5,1.0,29,0
raw_annual_rates,uk_ipi_c261_12m_pct,fred_asian_nie_computer_electronics_gbp_12m_pct,pandemic_2020_2022,8,0.3934487605396751,-0.022246178587665345,1.0,1.0,28,0
raw_annual_rates,uk_ipi_c261_12m_pct,fred_asian_nie_computer_electronics_gbp_12m_pct,pandemic_2020_2022,9,0.20062319469832346,-0.13205925632654927,1.0,1.0,27,0
raw_annual_rates,uk_ipi_c261_12m_pct,fred_asian_nie_computer_electronics_gbp_12m_pct,pandemic_2020_2022,10,-0.029239207039104546,-0.23112881844830765,1.0,1.0,26,0
raw_annual_rates,uk_ipi_c261_12m_pct,fred_asian_nie_computer_electronics_gbp_12m_pct,pandemic_2020_2022,11,-0.271855352082872,-0.3663555723606856,1.0,1.0,25,0
raw_annual_rates,uk_ipi_c261_12m_pct,fred_asian_nie_computer_electronics_gbp_12m_pct,pandemic_2020_2022,12,-0.4878113679370983,-0.4878113679370983,1.0,1.0,24,0
raw_annual_rates,uk_ipi_c261_12m_pct,fred_asian_nie_computer_electronics_gbp_12m_pct,post_2022,0,0.401120740308776,0.6592607874346765,0.16666666666666666,0.16666666666666666,41,0
raw_annual_rates,uk_ipi_c261_12m_pct,fred_asian_nie_computer_electronics_gbp_12m_pct,post_2022,1,0.5183721826415709,0.6795806776945592,0.16666666666666666,0.16666666666666666,40,0
raw_annual_rates,uk_ipi_c261_12m_pct,fred_asian_nie_computer_electronics_gbp_12m_pct,post_2022,2,0.5686220850615309,0.6393016329360004,0.16666666666666666,0.16666666666666666,39,0
raw_annual_rates,uk_ipi_c261_12m_pct,fred_asian_nie_computer_electronics_gbp_12m_pct,post_2022,3,0.5031006647409694,0.5362503645366758,0.16666666666666666,0.16666666666666666,38,0
raw_annual_rates,uk_ipi_c261_12m_pct,fred_asian_nie_computer_electronics_gbp_12m_pct,post_2022,4,0.36263422218860336,0.4072943932824176,0.16666666666666666,1.0,37,0
raw_annual_rates,uk_ipi_c261_12m_pct,fred_asian_nie_computer_electronics_gbp_12m_pct,post_2022,5,0.3231836558006698,0.36916997710217814,0.16666666666666666,1.0,36,0
raw_annual_rates,uk_ipi_c261_12m_pct,fred_asian_nie_computer_electronics_gbp_12m_pct,post_2022,6,0.43501264916686555,0.4410818872771159,0.16666666666666666,0.6666666666666666,35,0
raw_annual_rates,uk_ipi_c261_12m_pct,fred_asian_nie_computer_electronics_gbp_12m_pct,post_2022,7,0.46487751250766624,0.4630687630497086,0.16666666666666666,0.6666666666666666,34,0
raw_annual_rates,uk_ipi_c261_12m_pct,fred_asian_nie_computer_electronics_gbp_12m_pct,post_2022,8,0.3227189071697411,0.3455134104093849,0.5,1.0,33,0
raw_annual_rates,uk_ipi_c261_12m_pct,fred_asian_nie_computer_electronics_gbp_12m_pct,post_2022,9,0.0831006337322498,0.11900776821482457,1.0,1.0,32,0
raw_annual_rates,uk_ipi_c261_12m_pct,fred_asian_nie_computer_electronics_gbp_12m_pct,post_2022,10,-0.1174525528720189,-0.07935754399358397,1.0,1.0,31,0
raw_annual_rates,uk_ipi_c261_12m_pct,fred_asian_nie_computer_electronics_gbp_12m_pct,post_2022,11,-0.25017751075615063,-0.22790844908522276,0.8333333333333334,1.0,30,0
raw_annual_rates,uk_ipi_c261_12m_pct,fred_asian_nie_computer_electronics_gbp_12m_pct,post_2022,12,-0.21899316551562667,-0.21899316551562667,0.6666666666666666,1.0,29,0
raw_annual_rates,uk_ipi_c261_12m_pct,asia_bls_common_factor_z,full,0,0.855906784035528,0.8598855990874127,0.008264462809917356,0.008264462809917356,156,0
raw_annual_rates,uk_ipi_c261_12m_pct,asia_bls_common_factor_z,full,1,0.8737072621914299,0.8723389799544907,0.008264462809917356,0.008264462809917356,155,0
raw_annual_rates,uk_ipi_c261_12m_pct,asia_bls_common_factor_z,full,2,0.8527067205533096,0.8511393045346658,0.008264462809917356,0.008264462809917356,154,0
raw_annual_rates,uk_ipi_c261_12m_pct,asia_bls_common_factor_z,full,3,0.8165468292196815,0.815887025130409,0.008264462809917356,0.008264462809917356,153,0
raw_annual_rates,uk_ipi_c261_12m_pct,asia_bls_common_factor_z,full,4,0.7624323559824553,0.761983216188863,0.008264462809917356,0.008264462809917356,152,0
raw_annual_rates,uk_ipi_c261_12m_pct,asia_bls_common_factor_z,full,5,0.7111000959840981,0.708848498436769,0.008264462809917356,0.01652892561983471,151,0
raw_annual_rates,uk_ipi_c261_12m_pct,asia_bls_common_factor_z,full,6,0.6567930516717649,0.6513443308232781,0.008264462809917356,0.01652892561983471,150,0
raw_annual_rates,uk_ipi_c261_12m_pct,asia_bls_common_factor_z,full,7,0.5648342352651045,0.5590254238692001,0.024793388429752067,0.1652892561983471,149,0
raw_annual_rates,uk_ipi_c261_12m_pct,asia_bls_common_factor_z,full,8,0.45260409916116096,0.44836174300620024,0.09090909090909091,0.21487603305785125,148,0
raw_annual_rates,uk_ipi_c261_12m_pct,asia_bls_common_factor_z,full,9,0.32648302320684913,0.3235167664966645,0.12396694214876033,0.34710743801652894,147,0
raw_annual_rates,uk_ipi_c261_12m_pct,asia_bls_common_factor_z,full,10,0.19651167056688257,0.1947839485689753,0.49586776859504134,0.8347107438016529,146,0
raw_annual_rates,uk_ipi_c261_12m_pct,asia_bls_common_factor_z,full,11,0.07611876372265887,0.07567973284645212,0.9008264462809917,1.0,145,0
raw_annual_rates,uk_ipi_c261_12m_pct,asia_bls_common_factor_z,full,12,-0.02964446438866075,-0.02964446438866075,0.9421487603305785,1.0,144,0
raw_annual_rates,uk_ipi_c261_12m_pct,asia_bls_common_factor_z,pre_2020,0,0.8417651549255647,0.8455515362198426,0.022727272727272728,0.022727272727272728,79,0
raw_annual_rates,uk_ipi_c261_12m_pct,asia_bls_common_factor_z,pre_2020,1,0.8605288964048624,0.8757517515776667,0.022727272727272728,0.022727272727272728,78,0
raw_annual_rates,uk_ipi_c261_12m_pct,asia_bls_common_factor_z,pre_2020,2,0.8498969069248803,0.8727249865418725,0.022727272727272728,0.022727272727272728,77,0
raw_annual_rates,uk_ipi_c261_12m_pct,asia_bls_common_factor_z,pre_2020,3,0.8264456805101342,0.8553520713543856,0.022727272727272728,0.022727272727272728,76,0
raw_annual_rates,uk_ipi_c261_12m_pct,asia_bls_common_factor_z,pre_2020,4,0.763349934699375,0.7906515348608658,0.022727272727272728,0.022727272727272728,75,0
raw_annual_rates,uk_ipi_c261_12m_pct,asia_bls_common_factor_z,pre_2020,5,0.704683544242039,0.7276510802677955,0.022727272727272728,0.022727272727272728,74,0
raw_annual_rates,uk_ipi_c261_12m_pct,asia_bls_common_factor_z,pre_2020,6,0.635115186767657,0.6550616400402698,0.09090909090909091,0.2727272727272727,73,0
raw_annual_rates,uk_ipi_c261_12m_pct,asia_bls_common_factor_z,pre_2020,7,0.5166098587083413,0.536302949201024,0.1590909090909091,0.4772727272727273,72,0
raw_annual_rates,uk_ipi_c261_12m_pct,asia_bls_common_factor_z,pre_2020,8,0.39896199359471407,0.42130573906363356,0.22727272727272727,0.5454545454545454,71,0
raw_annual_rates,uk_ipi_c261_12m_pct,asia_bls_common_factor_z,pre_2020,9,0.282396188681087,0.29998300946133993,0.4090909090909091,0.8181818181818182,70,0
raw_annual_rates,uk_ipi_c261_12m_pct,asia_bls_common_factor_z,pre_2020,10,0.1636378991984963,0.17982700151873154,0.5454545454545454,0.9318181818181818,69,0
raw_annual_rates,uk_ipi_c261_12m_pct,asia_bls_common_factor_z,pre_2020,11,0.068140140588274,0.07728194590594697,0.7954545454545454,1.0,68,0
raw_annual_rates,uk_ipi_c261_12m_pct,asia_bls_common_factor_z,pre_2020,12,-0.017775449684571964,-0.017775449684571964,0.9545454545454546,1.0,67,0
raw_annual_rates,uk_ipi_c261_12m_pct,asia_bls_common_factor_z,pandemic_2020_2022,0,0.966391496685059,0.911335702498546,0.5,0.5,36,0
raw_annual_rates,uk_ipi_c261_12m_pct,asia_bls_common_factor_z,pandemic_2020_2022,1,0.9456199877297556,0.7107473021976978,0.5,0.5,35,0
raw_annual_rates,uk_ipi_c261_12m_pct,asia_bls_common_factor_z,pandemic_2020_2022,2,0.885896860213857,0.46396466617323645,0.5,1.0,34,0
raw_annual_rates,uk_ipi_c261_12m_pct,asia_bls_common_factor_z,pandemic_2020_2022,3,0.8277985093480782,0.26046109630831743,0.5,1.0,33,0
raw_annual_rates,uk_ipi_c261_12m_pct,asia_bls_common_factor_z,pandemic_2020_2022,4,0.7700108941662496,0.12272545850186929,0.5,1.0,32,0
raw_annual_rates,uk_ipi_c261_12m_pct,asia_bls_common_factor_z,pandemic_2020_2022,5,0.7011216519263996,0.08783427128719305,0.5,1.0,31,0
raw_annual_rates,uk_ipi_c261_12m_pct,asia_bls_common_factor_z,pandemic_2020_2022,6,0.6363766989944415,0.13109750794177027,0.5,1.0,30,0
raw_annual_rates,uk_ipi_c261_12m_pct,asia_bls_common_factor_z,pandemic_2020_2022,7,0.54391705182023,0.11173161056106606,0.5,1.0,29,0
raw_annual_rates,uk_ipi_c261_12m_pct,asia_bls_common_factor_z,pandemic_2020_2022,8,0.3915086275906121,-0.002310416060798088,1.0,1.0,28,0
raw_annual_rates,uk_ipi_c261_12m_pct,asia_bls_common_factor_z,pandemic_2020_2022,9,0.2017188464190563,-0.10709741090868909,1.0,1.0,27,0
raw_annual_rates,uk_ipi_c261_12m_pct,asia_bls_common_factor_z,pandemic_2020_2022,10,-0.0308819240475099,-0.21616088282174606,1.0,1.0,26,0
raw_annual_rates,uk_ipi_c261_12m_pct,asia_bls_common_factor_z,pandemic_2020_2022,11,-0.28025425435168205,-0.3631715507415056,1.0,1.0,25,0
raw_annual_rates,uk_ipi_c261_12m_pct,asia_bls_common_factor_z,pandemic_2020_2022,12,-0.4953715975340578,-0.4953715975340578,1.0,1.0,24,0
raw_annual_rates,uk_ipi_c261_12m_pct,asia_bls_common_factor_z,post_2022,0,0.6924434485992913,0.7378623073279037,0.16666666666666666,0.16666666666666666,41,0
raw_annual_rates,uk_ipi_c261_12m_pct,asia_bls_common_factor_z,post_2022,1,0.7522982650615834,0.7575554210465943,0.16666666666666666,0.16666666666666666,40,0
raw_annual_rates,uk_ipi_c261_12m_pct,asia_bls_common_factor_z,post_2022,2,0.7024988517549936,0.7125256710556224,0.16666666666666666,0.16666666666666666,39,0
raw_annual_rates,uk_ipi_c261_12m_pct,asia_bls_common_factor_z,post_2022,3,0.5685240946357516,0.612139987981123,0.16666666666666666,0.16666666666666666,38,0
raw_annual_rates,uk_ipi_c261_12m_pct,asia_bls_common_factor_z,post_2022,4,0.4007595889417068,0.49565066298294636,0.16666666666666666,0.16666666666666666,37,0
raw_annual_rates,uk_ipi_c261_12m_pct,asia_bls_common_factor_z,post_2022,5,0.3243644491689863,0.4383646204051421,0.16666666666666666,1.0,36,0
raw_annual_rates,uk_ipi_c261_12m_pct,asia_bls_common_factor_z,post_2022,6,0.38010264312790354,0.463035074503824,0.16666666666666666,0.3333333333333333,35,0
raw_annual_rates,uk_ipi_c261_12m_pct,asia_bls_common_factor_z,post_2022,7,0.3820327082168587,0.4639167749957993,0.16666666666666666,0.3333333333333333,34,0
raw_annual_rates,uk_ipi_c261_12m_pct,asia_bls_common_factor_z,post_2022,8,0.21677397969622147,0.3224792640529573,0.5,1.0,33,0
raw_annual_rates,uk_ipi_c261_12m_pct,asia_bls_common_factor_z,post_2022,9,-0.004288375367052014,0.09011383639759794,1.0,1.0,32,0
raw_annual_rates,uk_ipi_c261_12m_pct,asia_bls_common_factor_z,post_2022,10,-0.14862377000809252,-0.08437411957789362,1.0,1.0,31,0
raw_annual_rates,uk_ipi_c261_12m_pct,asia_bls_common_factor_z,post_2022,11,-0.2618530998225948,-0.22502161094123846,0.8333333333333334,1.0,30,0
raw_annual_rates,uk_ipi_c261_12m_pct,asia_bls_common_factor_z,post_2022,12,-0.22352267347325508,-0.22352267347325508,0.8333333333333334,1.0,29,0
raw_annual_rates,uk_ipi_c262_12m_pct,jp_epi_electronics_gbp_12m_pct,full,0,0.2980639259715626,0.29587996472587574,0.14193548387096774,0.21935483870967742,190,0
raw_annual_rates,uk_ipi_c262_12m_pct,jp_epi_electronics_gbp_12m_pct,full,1,0.25801693473856,0.256296369302641,0.16129032258064516,0.3032258064516129,189,0
raw_annual_rates,uk_ipi_c262_12m_pct,jp_epi_electronics_gbp_12m_pct,full,2,0.20379897107439013,0.20212451730975378,0.23870967741935484,0.5032258064516129,188,0
raw_annual_rates,uk_ipi_c262_12m_pct,jp_epi_electronics_gbp_12m_pct,full,3,0.1384298636536404,0.13757390037766348,0.432258064516129,0.7677419354838709,187,0
raw_annual_rates,uk_ipi_c262_12m_pct,jp_epi_electronics_gbp_12m_pct,full,4,0.07611583454009029,0.07599398109117544,0.5806451612903226,0.9096774193548387,186,0
raw_annual_rates,uk_ipi_c262_12m_pct,jp_epi_electronics_gbp_12m_pct,full,5,0.00084454448813632,0.001272518721007159,0.9935483870967742,1.0,185,0
raw_annual_rates,uk_ipi_c262_12m_pct,jp_epi_electronics_gbp_12m_pct,full,6,-0.06684835026449801,-0.06633299125016857,0.6,0.9225806451612903,184,0
raw_annual_rates,uk_ipi_c262_12m_pct,jp_epi_electronics_gbp_12m_pct,full,7,-0.13214280274605975,-0.13156915377801462,0.4258064516129032,0.7677419354838709,183,0
raw_annual_rates,uk_ipi_c262_12m_pct,jp_epi_electronics_gbp_12m_pct,full,8,-0.20444466770956787,-0.2047610002629011,0.1870967741935484,0.4967741935483871,182,0
raw_annual_rates,uk_ipi_c262_12m_pct,jp_epi_electronics_gbp_12m_pct,full,9,-0.2747796552174429,-0.2752346739306193,0.0967741935483871,0.23225806451612904,181,0
raw_annual_rates,uk_ipi_c262_12m_pct,jp_epi_electronics_gbp_12m_pct,full,10,-0.33080421914627867,-0.3314300058498465,0.08387096774193549,0.2,180,0
raw_annual_rates,uk_ipi_c262_12m_pct,jp_epi_electronics_gbp_12m_pct,full,11,-0.3699396017925111,-0.37057769104004673,0.07741935483870968,0.17419354838709677,179,0
raw_annual_rates,uk_ipi_c262_12m_pct,jp_epi_electronics_gbp_12m_pct,full,12,-0.400007381653009,-0.400007381653009,0.06451612903225806,0.14193548387096774,178,0
raw_annual_rates,uk_ipi_c262_12m_pct,jp_epi_electronics_gbp_12m_pct,pre_2020,0,0.19711172607641786,0.2063133989733303,0.4883720930232558,0.872093023255814,121,0
raw_annual_rates,uk_ipi_c262_12m_pct,jp_epi_electronics_gbp_12m_pct,pre_2020,1,0.1469780830300593,0.15905795461601985,0.6744186046511628,0.9767441860465116,120,0
raw_annual_rates,uk_ipi_c262_12m_pct,jp_epi_electronics_gbp_12m_pct,pre_2020,2,0.08472522812803611,0.09741863688364256,0.8255813953488372,1.0,119,0
raw_annual_rates,uk_ipi_c262_12m_pct,jp_epi_electronics_gbp_12m_pct,pre_2020,3,0.01733989972041006,0.029480371094077182,0.9767441860465116,1.0,118,0
raw_annual_rates,uk_ipi_c262_12m_pct,jp_epi_electronics_gbp_12m_pct,pre_2020,4,-0.04826426490220435,-0.03812992669037553,0.9767441860465116,1.0,117,0
raw_annual_rates,uk_ipi_c262_12m_pct,jp_epi_electronics_gbp_12m_pct,pre_2020,5,-0.121508270857882,-0.11487171058389889,0.7790697674418605,1.0,116,0
raw_annual_rates,uk_ipi_c262_12m_pct,jp_epi_electronics_gbp_12m_pct,pre_2020,6,-0.18708501080822085,-0.1826600033833116,0.47674418604651164,0.9534883720930233,115,0
raw_annual_rates,uk_ipi_c262_12m_pct,jp_epi_electronics_gbp_12m_pct,pre_2020,7,-0.24146475918159455,-0.23819538575709787,0.32558139534883723,0.6162790697674418,114,0
raw_annual_rates,uk_ipi_c262_12m_pct,jp_epi_electronics_gbp_12m_pct,pre_2020,8,-0.29823170241121755,-0.29490005041986195,0.22093023255813954,0.4883720930232558,113,0
raw_annual_rates,uk_ipi_c262_12m_pct,jp_epi_electronics_gbp_12m_pct,pre_2020,9,-0.34939515990883696,-0.34700616293502506,0.1744186046511628,0.3372093023255814,112,0
raw_annual_rates,uk_ipi_c262_12m_pct,jp_epi_electronics_gbp_12m_pct,pre_2020,10,-0.3805433287729188,-0.3775608356829212,0.16279069767441862,0.313953488372093,111,0
raw_annual_rates,uk_ipi_c262_12m_pct,jp_epi_electronics_gbp_12m_pct,pre_2020,11,-0.3888756164227826,-0.3868168770626412,0.16279069767441862,0.3023255813953488,110,0
raw_annual_rates,uk_ipi_c262_12m_pct,jp_epi_electronics_gbp_12m_pct,pre_2020,12,-0.39286498318946955,-0.39286498318946955,0.16279069767441862,0.3023255813953488,109,0
raw_annual_rates,uk_ipi_c262_12m_pct,jp_epi_electronics_gbp_12m_pct,pandemic_2020_2022,0,0.8555689718656585,0.9098807229926069,0.5,0.5,36,0
raw_annual_rates,uk_ipi_c262_12m_pct,jp_epi_electronics_gbp_12m_pct,pandemic_2020_2022,1,0.8478201280643197,0.7077231689219619,0.5,1.0,35,0
raw_annual_rates,uk_ipi_c262_12m_pct,jp_epi_electronics_gbp_12m_pct,pandemic_2020_2022,2,0.81123173243179,0.5213905442869596,0.5,1.0,34,0
raw_annual_rates,uk_ipi_c262_12m_pct,jp_epi_electronics_gbp_12m_pct,pandemic_2020_2022,3,0.7508870835046751,0.32767607060328374,1.0,1.0,33,0
raw_annual_rates,uk_ipi_c262_12m_pct,jp_epi_electronics_gbp_12m_pct,pandemic_2020_2022,4,0.695887712797697,0.1741407163865647,1.0,1.0,32,0
raw_annual_rates,uk_ipi_c262_12m_pct,jp_epi_electronics_gbp_12m_pct,pandemic_2020_2022,5,0.6115259008203758,0.08921161600667764,1.0,1.0,31,0
raw_annual_rates,uk_ipi_c262_12m_pct,jp_epi_electronics_gbp_12m_pct,pandemic_2020_2022,6,0.556759406249116,0.14425252648223463,0.5,1.0,30,0
raw_annual_rates,uk_ipi_c262_12m_pct,jp_epi_electronics_gbp_12m_pct,pandemic_2020_2022,7,0.4689031569258814,0.12269475434505273,0.5,1.0,29,0
raw_annual_rates,uk_ipi_c262_12m_pct,jp_epi_electronics_gbp_12m_pct,pandemic_2020_2022,8,0.29828234786378915,-0.0037372734485467346,1.0,1.0,28,0
raw_annual_rates,uk_ipi_c262_12m_pct,jp_epi_electronics_gbp_12m_pct,pandemic_2020_2022,9,0.1362789595425558,-0.08538178744720931,1.0,1.0,27,0
raw_annual_rates,uk_ipi_c262_12m_pct,jp_epi_electronics_gbp_12m_pct,pandemic_2020_2022,10,-0.0793024946909902,-0.20219472988153572,1.0,1.0,26,0
raw_annual_rates,uk_ipi_c262_12m_pct,jp_epi_electronics_gbp_12m_pct,pandemic_2020_2022,11,-0.30355638776269406,-0.3494821318165409,1.0,1.0,25,0
raw_annual_rates,uk_ipi_c262_12m_pct,jp_epi_electronics_gbp_12m_pct,pandemic_2020_2022,12,-0.4810664437269527,-0.4810664437269527,1.0,1.0,24,0
raw_annual_rates,uk_ipi_c262_12m_pct,jp_epi_electronics_gbp_12m_pct,post_2022,0,0.8772959578261217,0.8935099539483221,0.5,0.5,33,0
raw_annual_rates,uk_ipi_c262_12m_pct,jp_epi_electronics_gbp_12m_pct,post_2022,1,0.8610734182291601,0.8907078508749715,0.5,0.5,32,0
raw_annual_rates,uk_ipi_c262_12m_pct,jp_epi_electronics_gbp_12m_pct,post_2022,2,0.8299332594312018,0.8508298098864786,0.5,0.5,31,0
raw_annual_rates,uk_ipi_c262_12m_pct,jp_epi_electronics_gbp_12m_pct,post_2022,3,0.6614136656841513,0.6904230807051875,0.5,1.0,30,0
raw_annual_rates,uk_ipi_c262_12m_pct,jp_epi_electronics_gbp_12m_pct,post_2022,4,0.4659095498701313,0.4827698655983261,0.5,1.0,29,0
raw_annual_rates,uk_ipi_c262_12m_pct,jp_epi_electronics_gbp_12m_pct,post_2022,5,0.2408720219940346,0.24855719403545617,0.5,1.0,28,0
raw_annual_rates,uk_ipi_c262_12m_pct,jp_epi_electronics_gbp_12m_pct,post_2022,6,0.010080074852557712,0.009161237042844172,1.0,1.0,27,0
raw_annual_rates,uk_ipi_c262_12m_pct,jp_epi_electronics_gbp_12m_pct,post_2022,7,-0.2388494161426912,-0.24535798239845233,1.0,1.0,26,0
raw_annual_rates,uk_ipi_c262_12m_pct,jp_epi_electronics_gbp_12m_pct,post_2022,8,-0.45746529341717057,-0.4765463694006874,1.0,1.0,25,0
raw_annual_rates,uk_ipi_c262_12m_pct,jp_epi_electronics_gbp_12m_pct,post_2022,9,-0.6011189946564715,-0.6149590323516947,1.0,1.0,24,0
raw_annual_rates,uk_ipi_c262_12m_pct,jp_epi_electronics_gbp_12m_pct,post_2022,10,-0.7416639063527871,-0.7502635179564481,0.5,1.0,23,0
raw_annual_rates,uk_ipi_c262_12m_pct,jp_epi_electronics_gbp_12m_pct,post_2022,11,-0.8651082853356215,-0.8679499021083187,0.5,0.5,22,0
raw_annual_rates,uk_ipi_c262_12m_pct,jp_epi_electronics_gbp_12m_pct,post_2022,12,-0.8681608259718792,-0.8681608259718792,0.5,0.5,21,0
raw_annual_rates,uk_ipi_c262_12m_pct,kr_epi_tech_gbp_12m_pct,full,0,0.005640761571360834,-0.042881858271163115,0.9024390243902439,1.0,76,0
raw_annual_rates,uk_ipi_c262_12m_pct,kr_epi_tech_gbp_12m_pct,full,1,0.08198339510990188,0.043726117169819015,0.9024390243902439,1.0,75,0
raw_annual_rates,uk_ipi_c262_12m_pct,kr_epi_tech_gbp_12m_pct,full,2,0.14246856064648442,0.11906684551450307,0.5853658536585366,0.975609756097561,74,0
raw_annual_rates,uk_ipi_c262_12m_pct,kr_epi_tech_gbp_12m_pct,full,3,0.19979328247103462,0.18792570295984365,0.36585365853658536,0.7804878048780488,73,0
raw_annual_rates,uk_ipi_c262_12m_pct,kr_epi_tech_gbp_12m_pct,full,4,0.26626312439974864,0.2697958155816618,0.2926829268292683,0.6585365853658537,72,0
raw_annual_rates,uk_ipi_c262_12m_pct,kr_epi_tech_gbp_12m_pct,full,5,0.3065778658490817,0.32008122699589603,0.2926829268292683,0.5365853658536586,71,0
raw_annual_rates,uk_ipi_c262_12m_pct,kr_epi_tech_gbp_12m_pct,full,6,0.3376352912352724,0.35878158987122616,0.2926829268292683,0.5365853658536586,70,0
raw_annual_rates,uk_ipi_c262_12m_pct,kr_epi_tech_gbp_12m_pct,full,7,0.34700196907981407,0.3708624437865537,0.3170731707317073,0.5365853658536586,69,0
raw_annual_rates,uk_ipi_c262_12m_pct,kr_epi_tech_gbp_12m_pct,full,8,0.3325985044521122,0.356580543784893,0.34146341463414637,0.5365853658536586,68,0
raw_annual_rates,uk_ipi_c262_12m_pct,kr_epi_tech_gbp_12m_pct,full,9,0.3235101854702986,0.3404926369828254,0.3902439024390244,0.5365853658536586,67,0
raw_annual_rates,uk_ipi_c262_12m_pct,kr_epi_tech_gbp_12m_pct,full,10,0.29677217139241635,0.3061953398173296,0.4146341463414634,0.5609756097560976,66,0
raw_annual_rates,uk_ipi_c262_12m_pct,kr_epi_tech_gbp_12m_pct,full,11,0.25574271860666237,0.2586957380278317,0.4634146341463415,0.6585365853658537,65,0
raw_annual_rates,uk_ipi_c262_12m_pct,kr_epi_tech_gbp_12m_pct,full,12,0.2175768276653019,0.2175768276653019,0.4878048780487805,0.6585365853658537,64,0
raw_annual_rates,uk_ipi_c262_12m_pct,kr_epi_tech_gbp_12m_pct,pandemic_2020_2022,0,-0.31107213796648214,-0.22814892360837413,0.5,1.0,36,0
raw_annual_rates,uk_ipi_c262_12m_pct,kr_epi_tech_gbp_12m_pct,pandemic_2020_2022,1,-0.27213540180076784,-0.40980252579189774,0.5,1.0,35,0
raw_annual_rates,uk_ipi_c262_12m_pct,kr_epi_tech_gbp_12m_pct,pandemic_2020_2022,2,-0.2363771156821128,-0.5096694359581859,0.5,0.5,34,0
raw_annual_rates,uk_ipi_c262_12m_pct,kr_epi_tech_gbp_12m_pct,pandemic_2020_2022,3,-0.09334834626762009,-0.4030697346059722,0.5,1.0,33,0
raw_annual_rates,uk_ipi_c262_12m_pct,kr_epi_tech_gbp_12m_pct,pandemic_2020_2022,4,0.029558957273791712,-0.2365766145720535,1.0,1.0,32,0
raw_annual_rates,uk_ipi_c262_12m_pct,kr_epi_tech_gbp_12m_pct,pandemic_2020_2022,5,0.19022554945866535,0.10605947928119604,1.0,1.0,31,0
raw_annual_rates,uk_ipi_c262_12m_pct,kr_epi_tech_gbp_12m_pct,pandemic_2020_2022,6,0.39836131495051064,0.42555513022713276,0.5,1.0,30,0
raw_annual_rates,uk_ipi_c262_12m_pct,kr_epi_tech_gbp_12m_pct,pandemic_2020_2022,7,0.50388604983994,0.5778545160459793,0.5,0.5,29,0
raw_annual_rates,uk_ipi_c262_12m_pct,kr_epi_tech_gbp_12m_pct,pandemic_2020_2022,8,0.4751476352203858,0.519700393944673,0.5,0.5,28,0
raw_annual_rates,uk_ipi_c262_12m_pct,kr_epi_tech_gbp_12m_pct,pandemic_2020_2022,9,0.5398671698845272,0.5210519952766446,0.5,0.5,27,0
raw_annual_rates,uk_ipi_c262_12m_pct,kr_epi_tech_gbp_12m_pct,pandemic_2020_2022,10,0.5462294878686531,0.530620885550438,0.5,0.5,26,0
raw_annual_rates,uk_ipi_c262_12m_pct,kr_epi_tech_gbp_12m_pct,pandemic_2020_2022,11,0.5477784979684591,0.5411699976527542,0.5,0.5,25,0
raw_annual_rates,uk_ipi_c262_12m_pct,kr_epi_tech_gbp_12m_pct,pandemic_2020_2022,12,0.5952200118866477,0.5952200118866477,0.5,0.5,24,0
raw_annual_rates,uk_ipi_c262_12m_pct,kr_epi_tech_gbp_12m_pct,post_2022,0,0.21642958037005047,0.13469081305154362,1.0,1.0,31,0
raw_annual_rates,uk_ipi_c262_12m_pct,kr_epi_tech_gbp_12m_pct,post_2022,1,0.40141860032934606,0.3374291749540131,1.0,1.0,30,0
raw_annual_rates,uk_ipi_c262_12m_pct,kr_epi_tech_gbp_12m_pct,post_2022,2,0.6104921864852073,0.5764379365498736,1.0,1.0,29,0
raw_annual_rates,uk_ipi_c262_12m_pct,kr_epi_tech_gbp_12m_pct,post_2022,3,0.791346205035841,0.7855399129618997,0.5,0.5,28,0
raw_annual_rates,uk_ipi_c262_12m_pct,kr_epi_tech_gbp_12m_pct,post_2022,4,0.8234204042864686,0.8396163056528975,0.5,0.5,27,0
raw_annual_rates,uk_ipi_c262_12m_pct,kr_epi_tech_gbp_12m_pct,post_2022,5,0.7832178577188277,0.8118519861703681,0.5,0.5,26,0
raw_annual_rates,uk_ipi_c262_12m_pct,kr_epi_tech_gbp_12m_pct,post_2022,6,0.6685887945340667,0.70161809406569,0.5,1.0,25,0
raw_annual_rates,uk_ipi_c262_12m_pct,kr_epi_tech_gbp_12m_pct,post_2022,7,0.5187807597629078,0.5510907935107165,0.5,1.0,24,0
raw_annual_rates,uk_ipi_c262_12m_pct,kr_epi_tech_gbp_12m_pct,post_2022,8,0.35306354612690866,0.38079483318266444,0.5,1.0,23,0
raw_annual_rates,uk_ipi_c262_12m_pct,kr_epi_tech_gbp_12m_pct,post_2022,9,0.18778843596661202,0.2025127132856603,1.0,1.0,22,0
raw_annual_rates,uk_ipi_c262_12m_pct,kr_epi_tech_gbp_12m_pct,post_2022,10,0.016438178471753724,0.024685131736871202,1.0,1.0,21,0
raw_annual_rates,uk_ipi_c262_12m_pct,kr_epi_tech_gbp_12m_pct,post_2022,11,-0.19402768082080063,-0.19242485367774578,1.0,1.0,20,0
raw_annual_rates,uk_ipi_c262_12m_pct,kr_epi_tech_gbp_12m_pct,post_2022,12,-0.3722992578350151,-0.3722992578350151,1.0,1.0,19,0
raw_annual_rates,uk_ipi_c262_12m_pct,cn_ppi_tech_gbp_12m_pct,full,0,0.521978034748535,0.5511130237468722,0.15,0.2,55,0
raw_annual_rates,uk_ipi_c262_12m_pct,cn_ppi_tech_gbp_12m_pct,full,1,0.5895928966561468,0.6154771269479558,0.1,0.1,54,0
raw_annual_rates,uk_ipi_c262_12m_pct,cn_ppi_tech_gbp_12m_pct,full,2,0.635777111565065,0.6506816418798101,0.05,0.05,53,0
raw_annual_rates,uk_ipi_c262_12m_pct,cn_ppi_tech_gbp_12m_pct,full,3,0.6540869895089113,0.6691248923430569,0.05,0.05,52,0
raw_annual_rates,uk_ipi_c262_12m_pct,cn_ppi_tech_gbp_12m_pct,full,4,0.6594309266935426,0.6679585175924149,0.05,0.05,51,0
raw_annual_rates,uk_ipi_c262_12m_pct,cn_ppi_tech_gbp_12m_pct,full,5,0.6378388755332367,0.6438901980228466,0.05,0.05,50,0
raw_annual_rates,uk_ipi_c262_12m_pct,cn_ppi_tech_gbp_12m_pct,full,6,0.5858341870594581,0.5858034836893311,0.05,0.15,49,0
raw_annual_rates,uk_ipi_c262_12m_pct,cn_ppi_tech_gbp_12m_pct,full,7,0.4908576954077165,0.4878801137978061,0.05,0.25,48,0
raw_annual_rates,uk_ipi_c262_12m_pct,cn_ppi_tech_gbp_12m_pct,full,8,0.37395272457525425,0.36527698945853176,0.25,0.65,47,0
raw_annual_rates,uk_ipi_c262_12m_pct,cn_ppi_tech_gbp_12m_pct,full,9,0.27018622898352324,0.260650449667866,0.5,0.95,46,0
raw_annual_rates,uk_ipi_c262_12m_pct,cn_ppi_tech_gbp_12m_pct,full,10,0.15909973223236865,0.15089480601214664,0.85,1.0,45,0
raw_annual_rates,uk_ipi_c262_12m_pct,cn_ppi_tech_gbp_12m_pct,full,11,0.03751196986535387,0.03222500096579961,0.95,1.0,44,0
raw_annual_rates,uk_ipi_c262_12m_pct,cn_ppi_tech_gbp_12m_pct,full,12,-0.09643220305788856,-0.09643220305788856,0.95,1.0,43,0
raw_annual_rates,uk_ipi_c262_12m_pct,cn_ppi_tech_gbp_12m_pct,pandemic_2020_2022,0,0.6630895185161181,0.8722856291056424,0.5,0.5,22,0
raw_annual_rates,uk_ipi_c262_12m_pct,cn_ppi_tech_gbp_12m_pct,pandemic_2020_2022,1,0.7809396394879795,0.7518033250077282,0.5,0.5,21,0
raw_annual_rates,uk_ipi_c262_12m_pct,cn_ppi_tech_gbp_12m_pct,pandemic_2020_2022,2,0.878763183608957,0.8361416613238525,0.5,0.5,20,0
raw_annual_rates,uk_ipi_c262_12m_pct,cn_ppi_tech_gbp_12m_pct,pandemic_2020_2022,3,0.9131436994715293,0.8793844171116061,0.5,0.5,19,0
raw_annual_rates,uk_ipi_c262_12m_pct,cn_ppi_tech_gbp_12m_pct,pandemic_2020_2022,4,0.9237241425337442,0.9048654511759382,0.5,0.5,18,0
raw_annual_rates,uk_ipi_c262_12m_pct,cn_ppi_tech_gbp_12m_pct,pandemic_2020_2022,5,0.9204241395373849,0.872318148601454,0.5,0.5,17,0
raw_annual_rates,uk_ipi_c262_12m_pct,cn_ppi_tech_gbp_12m_pct,pandemic_2020_2022,6,0.9464830028892667,0.9181014116044325,0.5,0.5,16,0
raw_annual_rates,uk_ipi_c262_12m_pct,cn_ppi_tech_gbp_12m_pct,pandemic_2020_2022,7,0.933637270280464,0.9309003657491489,0.5,0.5,15,0
raw_annual_rates,uk_ipi_c262_12m_pct,cn_ppi_tech_gbp_12m_pct,pandemic_2020_2022,8,0.870557049458105,0.9193632991889426,0.5,0.5,14,0
raw_annual_rates,uk_ipi_c262_12m_pct,cn_ppi_tech_gbp_12m_pct,pandemic_2020_2022,9,0.878331336900762,0.921227117637259,0.5,0.5,13,0
raw_annual_rates,uk_ipi_c262_12m_pct,cn_ppi_tech_gbp_12m_pct,pandemic_2020_2022,10,0.9194389340962017,0.932484064833303,0.5,0.5,12,0
raw_annual_rates,uk_ipi_c262_12m_pct,cn_ppi_tech_gbp_12m_pct,pandemic_2020_2022,11,0.8598097365453793,0.8586513024102859,0.5,0.5,11,0
raw_annual_rates,uk_ipi_c262_12m_pct,cn_ppi_tech_gbp_12m_pct,pandemic_2020_2022,12,0.7551223664008166,0.7551223664008166,0.5,0.5,10,0
raw_annual_rates,uk_ipi_c262_12m_pct,cn_ppi_tech_gbp_12m_pct,post_2022,0,0.8865906130958695,0.9136557981722819,0.5,0.5,33,0
raw_annual_rates,uk_ipi_c262_12m_pct,cn_ppi_tech_gbp_12m_pct,post_2022,1,0.8485167052258512,0.8808130129284707,0.5,0.5,32,0
raw_annual_rates,uk_ipi_c262_12m_pct,cn_ppi_tech_gbp_12m_pct,post_2022,2,0.7434796105571965,0.7588350695805341,0.5,0.5,31,0
raw_annual_rates,uk_ipi_c262_12m_pct,cn_ppi_tech_gbp_12m_pct,post_2022,3,0.5054244121659859,0.516958770821192,0.5,1.0,30,0
raw_annual_rates,uk_ipi_c262_12m_pct,cn_ppi_tech_gbp_12m_pct,post_2022,4,0.2675407473069658,0.2689895695992685,0.5,1.0,29,0
raw_annual_rates,uk_ipi_c262_12m_pct,cn_ppi_tech_gbp_12m_pct,post_2022,5,0.05719932621913372,0.060590308518144155,1.0,1.0,28,0
raw_annual_rates,uk_ipi_c262_12m_pct,cn_ppi_tech_gbp_12m_pct,post_2022,6,-0.1529711295074123,-0.16718833818821544,1.0,1.0,27,0
raw_annual_rates,uk_ipi_c262_12m_pct,cn_ppi_tech_gbp_12m_pct,post_2022,7,-0.36791739880387775,-0.3934054650796796,1.0,1.0,26,0
raw_annual_rates,uk_ipi_c262_12m_pct,cn_ppi_tech_gbp_12m_pct,post_2022,8,-0.5957147238079205,-0.6282370086222361,0.5,1.0,25,0
raw_annual_rates,uk_ipi_c262_12m_pct,cn_ppi_tech_gbp_12m_pct,post_2022,9,-0.7437580888310804,-0.7531863048492621,0.5,0.5,24,0
raw_annual_rates,uk_ipi_c262_12m_pct,cn_ppi_tech_gbp_12m_pct,post_2022,10,-0.861003231895405,-0.8639965198782342,0.5,0.5,23,0
raw_annual_rates,uk_ipi_c262_12m_pct,cn_ppi_tech_gbp_12m_pct,post_2022,11,-0.8817525281260219,-0.8819761358940098,0.5,0.5,22,0
raw_annual_rates,uk_ipi_c262_12m_pct,cn_ppi_tech_gbp_12m_pct,post_2022,12,-0.881503458046702,-0.881503458046702,0.5,0.5,21,0
raw_annual_rates,uk_ipi_c262_12m_pct,tw_epi_integrated_circuits_gbp_12m_pct,full,0,0.3849204424255704,0.3849616433492099,0.07096774193548387,0.23225806451612904,190,0
raw_annual_rates,uk_ipi_c262_12m_pct,tw_epi_integrated_circuits_gbp_12m_pct,full,1,0.3645147052947336,0.36444861336972556,0.09032258064516129,0.24516129032258063,189,0
raw_annual_rates,uk_ipi_c262_12m_pct,tw_epi_integrated_circuits_gbp_12m_pct,full,2,0.318072803677738,0.31689018300686045,0.11612903225806452,0.2967741935483871,188,0
raw_annual_rates,uk_ipi_c262_12m_pct,tw_epi_integrated_circuits_gbp_12m_pct,full,3,0.26342778092127866,0.262791564135255,0.21935483870967742,0.5161290322580645,187,0
raw_annual_rates,uk_ipi_c262_12m_pct,tw_epi_integrated_circuits_gbp_12m_pct,full,4,0.21411016370590383,0.2131274918214251,0.3225806451612903,0.6967741935483871,186,0
raw_annual_rates,uk_ipi_c262_12m_pct,tw_epi_integrated_circuits_gbp_12m_pct,full,5,0.1532749476839417,0.15242434204562913,0.45806451612903226,0.8,185,0
raw_annual_rates,uk_ipi_c262_12m_pct,tw_epi_integrated_circuits_gbp_12m_pct,full,6,0.0906305673094109,0.08950671199193376,0.6258064516129033,0.967741935483871,184,0
raw_annual_rates,uk_ipi_c262_12m_pct,tw_epi_integrated_circuits_gbp_12m_pct,full,7,0.027452478808800664,0.02595812550792645,0.8903225806451613,1.0,183,0
raw_annual_rates,uk_ipi_c262_12m_pct,tw_epi_integrated_circuits_gbp_12m_pct,full,8,-0.03770526380462154,-0.040182853776378064,0.8129032258064516,1.0,182,0
raw_annual_rates,uk_ipi_c262_12m_pct,tw_epi_integrated_circuits_gbp_12m_pct,full,9,-0.10345796050488731,-0.1059571333691673,0.5483870967741935,0.9225806451612903,181,0
raw_annual_rates,uk_ipi_c262_12m_pct,tw_epi_integrated_circuits_gbp_12m_pct,full,10,-0.16566498084804848,-0.1679206812080221,0.4129032258064516,0.7806451612903226,180,0
raw_annual_rates,uk_ipi_c262_12m_pct,tw_epi_integrated_circuits_gbp_12m_pct,full,11,-0.21408308082266714,-0.21555877986362182,0.32903225806451614,0.6774193548387096,179,0
raw_annual_rates,uk_ipi_c262_12m_pct,tw_epi_integrated_circuits_gbp_12m_pct,full,12,-0.258933929471653,-0.258933929471653,0.23870967741935484,0.5935483870967742,178,0
raw_annual_rates,uk_ipi_c262_12m_pct,tw_epi_integrated_circuits_gbp_12m_pct,pre_2020,0,0.405858950671977,0.4063586786940297,0.26744186046511625,0.6395348837209303,121,0
raw_annual_rates,uk_ipi_c262_12m_pct,tw_epi_integrated_circuits_gbp_12m_pct,pre_2020,1,0.3518854114651619,0.35549635141571906,0.32558139534883723,0.7558139534883721,120,0
raw_annual_rates,uk_ipi_c262_12m_pct,tw_epi_integrated_circuits_gbp_12m_pct,pre_2020,2,0.2668113856834962,0.27246422397178355,0.4069767441860465,0.8372093023255814,119,0
raw_annual_rates,uk_ipi_c262_12m_pct,tw_epi_integrated_circuits_gbp_12m_pct,pre_2020,3,0.17615472376420466,0.18220441900592207,0.47674418604651164,0.8837209302325582,118,0
raw_annual_rates,uk_ipi_c262_12m_pct,tw_epi_integrated_circuits_gbp_12m_pct,pre_2020,4,0.09580013822740817,0.10052271609645044,0.6395348837209303,0.9534883720930233,117,0
raw_annual_rates,uk_ipi_c262_12m_pct,tw_epi_integrated_circuits_gbp_12m_pct,pre_2020,5,0.014221970620621492,0.01673148954083207,0.9767441860465116,1.0,116,0
raw_annual_rates,uk_ipi_c262_12m_pct,tw_epi_integrated_circuits_gbp_12m_pct,pre_2020,6,-0.06500728115604969,-0.06348747082228845,0.7209302325581395,1.0,115,0
raw_annual_rates,uk_ipi_c262_12m_pct,tw_epi_integrated_circuits_gbp_12m_pct,pre_2020,7,-0.1354353345717672,-0.13323397471660878,0.5813953488372093,0.9302325581395349,114,0
raw_annual_rates,uk_ipi_c262_12m_pct,tw_epi_integrated_circuits_gbp_12m_pct,pre_2020,8,-0.20085300966900582,-0.19741243211395293,0.5,0.872093023255814,113,0
raw_annual_rates,uk_ipi_c262_12m_pct,tw_epi_integrated_circuits_gbp_12m_pct,pre_2020,9,-0.2590020787549852,-0.2568249330407819,0.45348837209302323,0.8372093023255814,112,0
raw_annual_rates,uk_ipi_c262_12m_pct,tw_epi_integrated_circuits_gbp_12m_pct,pre_2020,10,-0.3002989773959942,-0.2977893287371897,0.4069767441860465,0.8023255813953488,111,0
raw_annual_rates,uk_ipi_c262_12m_pct,tw_epi_integrated_circuits_gbp_12m_pct,pre_2020,11,-0.31188952697256256,-0.31031212821399373,0.4069767441860465,0.8023255813953488,110,0
raw_annual_rates,uk_ipi_c262_12m_pct,tw_epi_integrated_circuits_gbp_12m_pct,pre_2020,12,-0.32423940792121336,-0.32423940792121336,0.4186046511627907,0.7674418604651163,109,0
raw_annual_rates,uk_ipi_c262_12m_pct,tw_epi_integrated_circuits_gbp_12m_pct,pandemic_2020_2022,0,0.7359389594435463,0.5335361337139343,0.5,0.5,36,0
raw_annual_rates,uk_ipi_c262_12m_pct,tw_epi_integrated_circuits_gbp_12m_pct,pandemic_2020_2022,1,0.8010381526323602,0.3934905765309716,0.5,1.0,35,0
raw_annual_rates,uk_ipi_c262_12m_pct,tw_epi_integrated_circuits_gbp_12m_pct,pandemic_2020_2022,2,0.8254858134821352,0.3020615234269793,0.5,1.0,34,0
raw_annual_rates,uk_ipi_c262_12m_pct,tw_epi_integrated_circuits_gbp_12m_pct,pandemic_2020_2022,3,0.8641729827759338,0.31810817760514665,0.5,1.0,33,0
raw_annual_rates,uk_ipi_c262_12m_pct,tw_epi_integrated_circuits_gbp_12m_pct,pandemic_2020_2022,4,0.8874758230209698,0.32566135555589754,0.5,1.0,32,0
raw_annual_rates,uk_ipi_c262_12m_pct,tw_epi_integrated_circuits_gbp_12m_pct,pandemic_2020_2022,5,0.8898863920298994,0.44459515081146816,0.5,0.5,31,0
raw_annual_rates,uk_ipi_c262_12m_pct,tw_epi_integrated_circuits_gbp_12m_pct,pandemic_2020_2022,6,0.894621470984542,0.643599456267696,0.5,0.5,30,0
raw_annual_rates,uk_ipi_c262_12m_pct,tw_epi_integrated_circuits_gbp_12m_pct,pandemic_2020_2022,7,0.8861603010309741,0.7019897248977495,0.5,0.5,29,0
raw_annual_rates,uk_ipi_c262_12m_pct,tw_epi_integrated_circuits_gbp_12m_pct,pandemic_2020_2022,8,0.8357541400109192,0.5937871382458428,0.5,0.5,28,0
raw_annual_rates,uk_ipi_c262_12m_pct,tw_epi_integrated_circuits_gbp_12m_pct,pandemic_2020_2022,9,0.7631139779241001,0.5749549186089551,0.5,0.5,27,0
raw_annual_rates,uk_ipi_c262_12m_pct,tw_epi_integrated_circuits_gbp_12m_pct,pandemic_2020_2022,10,0.6364252126526789,0.5002002134680668,0.5,0.5,26,0
raw_annual_rates,uk_ipi_c262_12m_pct,tw_epi_integrated_circuits_gbp_12m_pct,pandemic_2020_2022,11,0.4248852274228465,0.3370758025767447,0.5,1.0,25,0
raw_annual_rates,uk_ipi_c262_12m_pct,tw_epi_integrated_circuits_gbp_12m_pct,pandemic_2020_2022,12,0.18825064628707164,0.18825064628707164,0.5,1.0,24,0
raw_annual_rates,uk_ipi_c262_12m_pct,tw_epi_integrated_circuits_gbp_12m_pct,post_2022,0,0.8526406642681833,0.9074014609547196,0.5,0.5,33,0
raw_annual_rates,uk_ipi_c262_12m_pct,tw_epi_integrated_circuits_gbp_12m_pct,post_2022,1,0.8399396528803728,0.9026799404661776,0.5,0.5,32,0
raw_annual_rates,uk_ipi_c262_12m_pct,tw_epi_integrated_circuits_gbp_12m_pct,post_2022,2,0.7600362297346461,0.8049982796925482,0.5,0.5,31,0
raw_annual_rates,uk_ipi_c262_12m_pct,tw_epi_integrated_circuits_gbp_12m_pct,post_2022,3,0.5708593087609461,0.6247728752294306,0.5,1.0,30,0
raw_annual_rates,uk_ipi_c262_12m_pct,tw_epi_integrated_circuits_gbp_12m_pct,post_2022,4,0.38965060660911477,0.42613388252678264,0.5,1.0,29,0
raw_annual_rates,uk_ipi_c262_12m_pct,tw_epi_integrated_circuits_gbp_12m_pct,post_2022,5,0.18619377116513672,0.21451744013303792,0.5,1.0,28,0
raw_annual_rates,uk_ipi_c262_12m_pct,tw_epi_integrated_circuits_gbp_12m_pct,post_2022,6,-0.026551341725934863,-0.02389709024112835,1.0,1.0,27,0
raw_annual_rates,uk_ipi_c262_12m_pct,tw_epi_integrated_circuits_gbp_12m_pct,post_2022,7,-0.2733407947800521,-0.29280764560224826,0.5,1.0,26,0
raw_annual_rates,uk_ipi_c262_12m_pct,tw_epi_integrated_circuits_gbp_12m_pct,post_2022,8,-0.49851561965484154,-0.540170618904436,0.5,1.0,25,0
raw_annual_rates,uk_ipi_c262_12m_pct,tw_epi_integrated_circuits_gbp_12m_pct,post_2022,9,-0.6203581444762754,-0.6377851830790537,0.5,1.0,24,0
raw_annual_rates,uk_ipi_c262_12m_pct,tw_epi_integrated_circuits_gbp_12m_pct,post_2022,10,-0.7207842192480147,-0.7305796917259809,0.5,0.5,23,0
raw_annual_rates,uk_ipi_c262_12m_pct,tw_epi_integrated_circuits_gbp_12m_pct,post_2022,11,-0.8243468523924228,-0.8337211388115292,0.5,0.5,22,0
raw_annual_rates,uk_ipi_c262_12m_pct,tw_epi_integrated_circuits_gbp_12m_pct,post_2022,12,-0.907105005779376,-0.907105005779376,0.5,0.5,21,0
raw_annual_rates,uk_ipi_c262_12m_pct,hk_ppi_tech_gbp_12m_pct,full,0,-0.027256632554730896,-0.023949863467339582,0.8838709677419355,1.0,190,0
raw_annual_rates,uk_ipi_c262_12m_pct,hk_ppi_tech_gbp_12m_pct,full,1,-0.09517052416954623,-0.09167690530172883,0.4774193548387097,0.8387096774193549,189,0
raw_annual_rates,uk_ipi_c262_12m_pct,hk_ppi_tech_gbp_12m_pct,full,2,-0.17961079225167026,-0.17747577718635704,0.14838709677419354,0.45806451612903226,188,0
raw_annual_rates,uk_ipi_c262_12m_pct,hk_ppi_tech_gbp_12m_pct,full,3,-0.2573118254053594,-0.2562290047760307,0.09032258064516129,0.1935483870967742,187,0
raw_annual_rates,uk_ipi_c262_12m_pct,hk_ppi_tech_gbp_12m_pct,full,4,-0.3374233947509743,-0.33778878527018524,0.07096774193548387,0.15483870967741936,186,0
raw_annual_rates,uk_ipi_c262_12m_pct,hk_ppi_tech_gbp_12m_pct,full,5,-0.4231117289999382,-0.4243723307612184,0.05161290322580645,0.12903225806451613,185,0
raw_annual_rates,uk_ipi_c262_12m_pct,hk_ppi_tech_gbp_12m_pct,full,6,-0.5011025644093137,-0.5030722359376396,0.025806451612903226,0.1032258064516129,184,0
raw_annual_rates,uk_ipi_c262_12m_pct,hk_ppi_tech_gbp_12m_pct,full,7,-0.555942677757319,-0.5577671250597506,0.0064516129032258064,0.01935483870967742,183,0
raw_annual_rates,uk_ipi_c262_12m_pct,hk_ppi_tech_gbp_12m_pct,full,8,-0.5819460622335229,-0.5830047282450183,0.0064516129032258064,0.0064516129032258064,182,0
raw_annual_rates,uk_ipi_c262_12m_pct,hk_ppi_tech_gbp_12m_pct,full,9,-0.5912388535499961,-0.5916056296114501,0.0064516129032258064,0.0064516129032258064,181,0
raw_annual_rates,uk_ipi_c262_12m_pct,hk_ppi_tech_gbp_12m_pct,full,10,-0.5302226768385374,-0.5300034885393099,0.025806451612903226,0.1032258064516129,180,0
raw_annual_rates,uk_ipi_c262_12m_pct,hk_ppi_tech_gbp_12m_pct,full,11,-0.4636039079090074,-0.4634880915552803,0.03870967741935484,0.11612903225806452,179,0
raw_annual_rates,uk_ipi_c262_12m_pct,hk_ppi_tech_gbp_12m_pct,full,12,-0.4010750877606711,-0.4010750877606711,0.05806451612903226,0.12903225806451613,178,0
raw_annual_rates,uk_ipi_c262_12m_pct,hk_ppi_tech_gbp_12m_pct,pre_2020,0,-0.13589264723717112,-0.13198355232447448,0.6395348837209303,0.9418604651162791,121,0
raw_annual_rates,uk_ipi_c262_12m_pct,hk_ppi_tech_gbp_12m_pct,pre_2020,1,-0.20268781907988706,-0.20065258573170708,0.46511627906976744,0.813953488372093,120,0
raw_annual_rates,uk_ipi_c262_12m_pct,hk_ppi_tech_gbp_12m_pct,pre_2020,2,-0.28272247718376786,-0.28140713618627067,0.2441860465116279,0.5348837209302325,119,0
raw_annual_rates,uk_ipi_c262_12m_pct,hk_ppi_tech_gbp_12m_pct,pre_2020,3,-0.3547334871961132,-0.35425401002441725,0.16279069767441862,0.46511627906976744,118,0
raw_annual_rates,uk_ipi_c262_12m_pct,hk_ppi_tech_gbp_12m_pct,pre_2020,4,-0.4254864640848952,-0.42550894302296743,0.10465116279069768,0.2441860465116279,117,0
raw_annual_rates,uk_ipi_c262_12m_pct,hk_ppi_tech_gbp_12m_pct,pre_2020,5,-0.5013974146417429,-0.5012744413355227,0.08139534883720931,0.22093023255813954,116,0
raw_annual_rates,uk_ipi_c262_12m_pct,hk_ppi_tech_gbp_12m_pct,pre_2020,6,-0.5682756912988293,-0.5682889493110317,0.03488372093023256,0.1744186046511628,115,0
raw_annual_rates,uk_ipi_c262_12m_pct,hk_ppi_tech_gbp_12m_pct,pre_2020,7,-0.598513918467474,-0.5989222802852416,0.023255813953488372,0.16279069767441862,114,0
raw_annual_rates,uk_ipi_c262_12m_pct,hk_ppi_tech_gbp_12m_pct,pre_2020,8,-0.605146991270565,-0.6062821879127404,0.023255813953488372,0.13953488372093023,113,0
raw_annual_rates,uk_ipi_c262_12m_pct,hk_ppi_tech_gbp_12m_pct,pre_2020,9,-0.59931939408216,-0.6016456754835642,0.023255813953488372,0.16279069767441862,112,0
raw_annual_rates,uk_ipi_c262_12m_pct,hk_ppi_tech_gbp_12m_pct,pre_2020,10,-0.5257087741900747,-0.529245810428816,0.06976744186046512,0.19767441860465115,111,0
raw_annual_rates,uk_ipi_c262_12m_pct,hk_ppi_tech_gbp_12m_pct,pre_2020,11,-0.44721109094918504,-0.4491988177427463,0.10465116279069768,0.2441860465116279,110,0
raw_annual_rates,uk_ipi_c262_12m_pct,hk_ppi_tech_gbp_12m_pct,pre_2020,12,-0.3735048021442633,-0.3735048021442633,0.13953488372093023,0.43023255813953487,109,0
raw_annual_rates,uk_ipi_c262_12m_pct,hk_ppi_tech_gbp_12m_pct,pandemic_2020_2022,0,0.5997942967297318,0.1872885916045794,0.5,1.0,36,0
raw_annual_rates,uk_ipi_c262_12m_pct,hk_ppi_tech_gbp_12m_pct,pandemic_2020_2022,1,0.5149025100867308,0.21678450944253036,0.5,1.0,35,0
raw_annual_rates,uk_ipi_c262_12m_pct,hk_ppi_tech_gbp_12m_pct,pandemic_2020_2022,2,0.42717331936174435,0.19224298845017887,0.5,1.0,34,0
raw_annual_rates,uk_ipi_c262_12m_pct,hk_ppi_tech_gbp_12m_pct,pandemic_2020_2022,3,0.3501963956962971,0.2167207971243688,0.5,1.0,33,0
raw_annual_rates,uk_ipi_c262_12m_pct,hk_ppi_tech_gbp_12m_pct,pandemic_2020_2022,4,0.16795197791400357,0.05209762444324114,1.0,1.0,32,0
raw_annual_rates,uk_ipi_c262_12m_pct,hk_ppi_tech_gbp_12m_pct,pandemic_2020_2022,5,-0.030557159815731358,-0.25174075826939835,0.5,1.0,31,0
raw_annual_rates,uk_ipi_c262_12m_pct,hk_ppi_tech_gbp_12m_pct,pandemic_2020_2022,6,-0.2379125190074058,-0.5465201412730337,0.5,0.5,30,0
raw_annual_rates,uk_ipi_c262_12m_pct,hk_ppi_tech_gbp_12m_pct,pandemic_2020_2022,7,-0.5031112318953229,-0.7339435757890806,0.5,0.5,29,0
raw_annual_rates,uk_ipi_c262_12m_pct,hk_ppi_tech_gbp_12m_pct,pandemic_2020_2022,8,-0.6589038472473346,-0.8041704768061224,0.5,0.5,28,0
raw_annual_rates,uk_ipi_c262_12m_pct,hk_ppi_tech_gbp_12m_pct,pandemic_2020_2022,9,-0.7611296939352693,-0.7833252310710034,0.5,0.5,27,0
raw_annual_rates,uk_ipi_c262_12m_pct,hk_ppi_tech_gbp_12m_pct,pandemic_2020_2022,10,-0.7840776075622986,-0.7366354151368693,0.5,0.5,26,0
raw_annual_rates,uk_ipi_c262_12m_pct,hk_ppi_tech_gbp_12m_pct,pandemic_2020_2022,11,-0.7754202868659806,-0.7533711369882692,0.5,0.5,25,0
raw_annual_rates,uk_ipi_c262_12m_pct,hk_ppi_tech_gbp_12m_pct,pandemic_2020_2022,12,-0.7588613786074724,-0.7588613786074724,0.5,0.5,24,0
raw_annual_rates,uk_ipi_c262_12m_pct,hk_ppi_tech_gbp_12m_pct,post_2022,0,0.592119806819782,0.6878412982640965,0.5,1.0,33,0
raw_annual_rates,uk_ipi_c262_12m_pct,hk_ppi_tech_gbp_12m_pct,post_2022,1,0.46813819127974404,0.5477028531825981,0.5,1.0,32,0
raw_annual_rates,uk_ipi_c262_12m_pct,hk_ppi_tech_gbp_12m_pct,post_2022,2,0.199457159135021,0.22872509750764755,0.5,1.0,31,0
raw_annual_rates,uk_ipi_c262_12m_pct,hk_ppi_tech_gbp_12m_pct,post_2022,3,-0.16744469405208712,-0.18290025772510482,1.0,1.0,30,0
raw_annual_rates,uk_ipi_c262_12m_pct,hk_ppi_tech_gbp_12m_pct,post_2022,4,-0.32941154787919485,-0.3648986209680527,1.0,1.0,29,0
raw_annual_rates,uk_ipi_c262_12m_pct,hk_ppi_tech_gbp_12m_pct,post_2022,5,-0.48070350478787394,-0.5171797628560728,1.0,1.0,28,0
raw_annual_rates,uk_ipi_c262_12m_pct,hk_ppi_tech_gbp_12m_pct,post_2022,6,-0.6094948722771862,-0.641227502198955,1.0,1.0,27,0
raw_annual_rates,uk_ipi_c262_12m_pct,hk_ppi_tech_gbp_12m_pct,post_2022,7,-0.8184954998517251,-0.8295429211343708,0.5,0.5,26,0
raw_annual_rates,uk_ipi_c262_12m_pct,hk_ppi_tech_gbp_12m_pct,post_2022,8,-0.8923675382603046,-0.8969270181202311,0.5,0.5,25,0
raw_annual_rates,uk_ipi_c262_12m_pct,hk_ppi_tech_gbp_12m_pct,post_2022,9,-0.8630855211529298,-0.8657219376057511,0.5,0.5,24,0
raw_annual_rates,uk_ipi_c262_12m_pct,hk_ppi_tech_gbp_12m_pct,post_2022,10,-0.7038973263804572,-0.7035180541400317,0.5,1.0,23,0
raw_annual_rates,uk_ipi_c262_12m_pct,hk_ppi_tech_gbp_12m_pct,post_2022,11,-0.5654032476693185,-0.5644171725297139,0.5,1.0,22,0
raw_annual_rates,uk_ipi_c262_12m_pct,hk_ppi_tech_gbp_12m_pct,post_2022,12,-0.4875930449034351,-0.4875930449034351,0.5,1.0,21,0
raw_annual_rates,uk_ipi_c262_12m_pct,oecd_asia_c26_targeted_gbp_12m_pct,full,0,0.5418084615034103,0.5674828701859665,0.16666666666666666,0.2222222222222222,53,0
raw_annual_rates,uk_ipi_c262_12m_pct,oecd_asia_c26_targeted_gbp_12m_pct,full,1,0.621432253263314,0.6445528759871398,0.1111111111111111,0.1111111111111111,52,0
raw_annual_rates,uk_ipi_c262_12m_pct,oecd_asia_c26_targeted_gbp_12m_pct,full,2,0.6786414288223888,0.6921711888527421,0.05555555555555555,0.05555555555555555,51,0
raw_annual_rates,uk_ipi_c262_12m_pct,oecd_asia_c26_targeted_gbp_12m_pct,full,3,0.7122604955853846,0.727051953678707,0.05555555555555555,0.05555555555555555,50,0
raw_annual_rates,uk_ipi_c262_12m_pct,oecd_asia_c26_targeted_gbp_12m_pct,full,4,0.7339760073076531,0.7436301554145501,0.05555555555555555,0.05555555555555555,49,0
raw_annual_rates,uk_ipi_c262_12m_pct,oecd_asia_c26_targeted_gbp_12m_pct,full,5,0.7104482984458176,0.7179847710540733,0.05555555555555555,0.05555555555555555,48,0
raw_annual_rates,uk_ipi_c262_12m_pct,oecd_asia_c26_targeted_gbp_12m_pct,full,6,0.6485089761782069,0.65087004215499,0.05555555555555555,0.1111111111111111,47,0
raw_annual_rates,uk_ipi_c262_12m_pct,oecd_asia_c26_targeted_gbp_12m_pct,full,7,0.5445332878784699,0.5448456954856877,0.05555555555555555,0.2222222222222222,46,0
raw_annual_rates,uk_ipi_c262_12m_pct,oecd_asia_c26_targeted_gbp_12m_pct,full,8,0.4223139515980185,0.4175357307896525,0.2222222222222222,0.6111111111111112,45,0
raw_annual_rates,uk_ipi_c262_12m_pct,oecd_asia_c26_targeted_gbp_12m_pct,full,9,0.3152536816017995,0.3088663298307119,0.5,0.8333333333333334,44,0
raw_annual_rates,uk_ipi_c262_12m_pct,oecd_asia_c26_targeted_gbp_12m_pct,full,10,0.19562153177767183,0.18949178357810073,0.8333333333333334,1.0,43,0
raw_annual_rates,uk_ipi_c262_12m_pct,oecd_asia_c26_targeted_gbp_12m_pct,full,11,0.0529431420350848,0.04857859491510759,0.9444444444444444,1.0,42,0
raw_annual_rates,uk_ipi_c262_12m_pct,oecd_asia_c26_targeted_gbp_12m_pct,full,12,-0.09060861054741377,-0.09060861054741377,0.8888888888888888,1.0,41,0
raw_annual_rates,uk_ipi_c262_12m_pct,oecd_asia_c26_targeted_gbp_12m_pct,pandemic_2020_2022,0,0.6610328132219067,0.880148346096107,0.5,0.5,22,0
raw_annual_rates,uk_ipi_c262_12m_pct,oecd_asia_c26_targeted_gbp_12m_pct,pandemic_2020_2022,1,0.7795466262247768,0.7631439258551345,0.5,0.5,21,0
raw_annual_rates,uk_ipi_c262_12m_pct,oecd_asia_c26_targeted_gbp_12m_pct,pandemic_2020_2022,2,0.8653951313537952,0.8318485202162605,0.5,0.5,20,0
raw_annual_rates,uk_ipi_c262_12m_pct,oecd_asia_c26_targeted_gbp_12m_pct,pandemic_2020_2022,3,0.903573814033317,0.8814084887230984,0.5,0.5,19,0
raw_annual_rates,uk_ipi_c262_12m_pct,oecd_asia_c26_targeted_gbp_12m_pct,pandemic_2020_2022,4,0.9273257794463031,0.9154385443547366,0.5,0.5,18,0
raw_annual_rates,uk_ipi_c262_12m_pct,oecd_asia_c26_targeted_gbp_12m_pct,pandemic_2020_2022,5,0.9203203309714361,0.8769814656473752,0.5,0.5,17,0
raw_annual_rates,uk_ipi_c262_12m_pct,oecd_asia_c26_targeted_gbp_12m_pct,pandemic_2020_2022,6,0.9389394572861087,0.9197861129085828,0.5,0.5,16,0
raw_annual_rates,uk_ipi_c262_12m_pct,oecd_asia_c26_targeted_gbp_12m_pct,pandemic_2020_2022,7,0.9318094778422852,0.9344219939881429,0.5,0.5,15,0
raw_annual_rates,uk_ipi_c262_12m_pct,oecd_asia_c26_targeted_gbp_12m_pct,pandemic_2020_2022,8,0.8851190977517793,0.9212430306823645,0.5,0.5,14,0
raw_annual_rates,uk_ipi_c262_12m_pct,oecd_asia_c26_targeted_gbp_12m_pct,pandemic_2020_2022,9,0.8918643810114919,0.9235437589752582,0.5,0.5,13,0
raw_annual_rates,uk_ipi_c262_12m_pct,oecd_asia_c26_targeted_gbp_12m_pct,pandemic_2020_2022,10,0.9231615254894572,0.9367608177797557,0.5,0.5,12,0
raw_annual_rates,uk_ipi_c262_12m_pct,oecd_asia_c26_targeted_gbp_12m_pct,pandemic_2020_2022,11,0.8555346520667405,0.8565500234554523,0.5,0.5,11,0
raw_annual_rates,uk_ipi_c262_12m_pct,oecd_asia_c26_targeted_gbp_12m_pct,pandemic_2020_2022,12,0.7485574949901587,0.7485574949901587,0.5,0.5,10,0
raw_annual_rates,uk_ipi_c262_12m_pct,oecd_asia_c26_targeted_gbp_12m_pct,post_2022,0,0.8598673905920178,0.8817770120240874,0.5,0.5,31,0
raw_annual_rates,uk_ipi_c262_12m_pct,oecd_asia_c26_targeted_gbp_12m_pct,post_2022,1,0.8686190315566833,0.8987614736054007,0.5,0.5,30,0
raw_annual_rates,uk_ipi_c262_12m_pct,oecd_asia_c26_targeted_gbp_12m_pct,post_2022,2,0.8184093663140228,0.8355410806703499,0.5,0.5,29,0
raw_annual_rates,uk_ipi_c262_12m_pct,oecd_asia_c26_targeted_gbp_12m_pct,post_2022,3,0.6455629217374712,0.6601480133793846,0.5,1.0,28,0
raw_annual_rates,uk_ipi_c262_12m_pct,oecd_asia_c26_targeted_gbp_12m_pct,post_2022,4,0.4466489313495651,0.4496551451788871,0.5,1.0,27,0
raw_annual_rates,uk_ipi_c262_12m_pct,oecd_asia_c26_targeted_gbp_12m_pct,post_2022,5,0.23307103562471654,0.23332774515586202,1.0,1.0,26,0
raw_annual_rates,uk_ipi_c262_12m_pct,oecd_asia_c26_targeted_gbp_12m_pct,post_2022,6,-0.007932143611434912,-0.030027194359080647,1.0,1.0,25,0
raw_annual_rates,uk_ipi_c262_12m_pct,oecd_asia_c26_targeted_gbp_12m_pct,post_2022,7,-0.256927112634426,-0.2942346638019339,1.0,1.0,24,0
raw_annual_rates,uk_ipi_c262_12m_pct,oecd_asia_c26_targeted_gbp_12m_pct,post_2022,8,-0.5045007369372274,-0.5516169860023032,1.0,1.0,23,0
raw_annual_rates,uk_ipi_c262_12m_pct,oecd_asia_c26_targeted_gbp_12m_pct,post_2022,9,-0.6616836241557875,-0.6847154757107233,1.0,1.0,22,0
raw_annual_rates,uk_ipi_c262_12m_pct,oecd_asia_c26_targeted_gbp_12m_pct,post_2022,10,-0.7807001186181397,-0.7895050522494743,0.5,0.5,21,0
raw_annual_rates,uk_ipi_c262_12m_pct,oecd_asia_c26_targeted_gbp_12m_pct,post_2022,11,-0.8475930261831591,-0.8477426692050265,0.5,0.5,20,0
raw_annual_rates,uk_ipi_c262_12m_pct,oecd_asia_c26_targeted_gbp_12m_pct,post_2022,12,-0.851165593897107,-0.851165593897107,0.5,0.5,19,0
raw_annual_rates,uk_ipi_c262_12m_pct,oecd_asia_c26_bls_gbp_12m_pct,full,0,0.4233885971751526,0.4208659035351354,0.07079646017699115,0.2831858407079646,148,0
raw_annual_rates,uk_ipi_c262_12m_pct,oecd_asia_c26_bls_gbp_12m_pct,full,1,0.3667459917728624,0.3626493891029495,0.168141592920354,0.46017699115044247,147,0
raw_annual_rates,uk_ipi_c262_12m_pct,oecd_asia_c26_bls_gbp_12m_pct,full,2,0.2890346408070664,0.28203432006353707,0.30973451327433627,0.6548672566371682,146,0
raw_annual_rates,uk_ipi_c262_12m_pct,oecd_asia_c26_bls_gbp_12m_pct,full,3,0.20323243418966772,0.1960832544724246,0.45132743362831856,0.8672566371681416,145,0
raw_annual_rates,uk_ipi_c262_12m_pct,oecd_asia_c26_bls_gbp_12m_pct,full,4,0.12394435247278177,0.11660436821808727,0.6902654867256637,0.9734513274336283,144,0
raw_annual_rates,uk_ipi_c262_12m_pct,oecd_asia_c26_bls_gbp_12m_pct,full,5,0.042690684902707415,0.036346196399717534,0.8761061946902655,1.0,143,0
raw_annual_rates,uk_ipi_c262_12m_pct,oecd_asia_c26_bls_gbp_12m_pct,full,6,-0.032440780518680774,-0.037873303346035996,0.8761061946902655,1.0,142,0
raw_annual_rates,uk_ipi_c262_12m_pct,oecd_asia_c26_bls_gbp_12m_pct,full,7,-0.10425836406035735,-0.10913810690534688,0.6991150442477876,0.9734513274336283,141,0
raw_annual_rates,uk_ipi_c262_12m_pct,oecd_asia_c26_bls_gbp_12m_pct,full,8,-0.17204409875452306,-0.17780781956195899,0.48672566371681414,0.8849557522123894,140,0
raw_annual_rates,uk_ipi_c262_12m_pct,oecd_asia_c26_bls_gbp_12m_pct,full,9,-0.22669681875324285,-0.2323447222306253,0.3805309734513274,0.7876106194690266,139,0
raw_annual_rates,uk_ipi_c262_12m_pct,oecd_asia_c26_bls_gbp_12m_pct,full,10,-0.2680316416683822,-0.27316800639695554,0.2831858407079646,0.7079646017699115,138,0
raw_annual_rates,uk_ipi_c262_12m_pct,oecd_asia_c26_bls_gbp_12m_pct,full,11,-0.2946484808683705,-0.2982141031833921,0.23893805309734514,0.5398230088495575,137,0
raw_annual_rates,uk_ipi_c262_12m_pct,oecd_asia_c26_bls_gbp_12m_pct,full,12,-0.3217320644279041,-0.3217320644279041,0.23008849557522124,0.48672566371681414,136,0
raw_annual_rates,uk_ipi_c262_12m_pct,oecd_asia_c26_bls_gbp_12m_pct,pre_2020,0,0.30748961636664085,0.3120511701243478,0.5227272727272727,1.0,79,0
raw_annual_rates,uk_ipi_c262_12m_pct,oecd_asia_c26_bls_gbp_12m_pct,pre_2020,1,0.21580800812628145,0.22539820568218324,0.6136363636363636,1.0,78,0
raw_annual_rates,uk_ipi_c262_12m_pct,oecd_asia_c26_bls_gbp_12m_pct,pre_2020,2,0.10038915225750293,0.1127379097005568,0.7727272727272727,1.0,77,0
raw_annual_rates,uk_ipi_c262_12m_pct,oecd_asia_c26_bls_gbp_12m_pct,pre_2020,3,-0.020346384041968934,-0.007785089346665151,1.0,1.0,76,0
raw_annual_rates,uk_ipi_c262_12m_pct,oecd_asia_c26_bls_gbp_12m_pct,pre_2020,4,-0.12533986330005223,-0.11596671258763407,0.7727272727272727,1.0,75,0
raw_annual_rates,uk_ipi_c262_12m_pct,oecd_asia_c26_bls_gbp_12m_pct,pre_2020,5,-0.21600969208958623,-0.21049207762747563,0.6136363636363636,1.0,74,0
raw_annual_rates,uk_ipi_c262_12m_pct,oecd_asia_c26_bls_gbp_12m_pct,pre_2020,6,-0.2919714003800643,-0.2887377134352718,0.5454545454545454,1.0,73,0
raw_annual_rates,uk_ipi_c262_12m_pct,oecd_asia_c26_bls_gbp_12m_pct,pre_2020,7,-0.3527364265711633,-0.3492585042818556,0.4772727272727273,0.9772727272727273,72,0
raw_annual_rates,uk_ipi_c262_12m_pct,oecd_asia_c26_bls_gbp_12m_pct,pre_2020,8,-0.40669783546690613,-0.40213141892280274,0.4318181818181818,0.9090909090909091,71,0
raw_annual_rates,uk_ipi_c262_12m_pct,oecd_asia_c26_bls_gbp_12m_pct,pre_2020,9,-0.4364580663051134,-0.4339624215804128,0.38636363636363635,0.8181818181818182,70,0
raw_annual_rates,uk_ipi_c262_12m_pct,oecd_asia_c26_bls_gbp_12m_pct,pre_2020,10,-0.44015972931742303,-0.43718074516078453,0.38636363636363635,0.8181818181818182,69,0
raw_annual_rates,uk_ipi_c262_12m_pct,oecd_asia_c26_bls_gbp_12m_pct,pre_2020,11,-0.4125752155693131,-0.4107868451246811,0.4318181818181818,0.8181818181818182,68,0
raw_annual_rates,uk_ipi_c262_12m_pct,oecd_asia_c26_bls_gbp_12m_pct,pre_2020,12,-0.3967956613971831,-0.3967956613971831,0.4772727272727273,0.9090909090909091,67,0
raw_annual_rates,uk_ipi_c262_12m_pct,oecd_asia_c26_bls_gbp_12m_pct,pandemic_2020_2022,0,0.9121339262355932,0.829676930320718,0.5,0.5,36,0
raw_annual_rates,uk_ipi_c262_12m_pct,oecd_asia_c26_bls_gbp_12m_pct,pandemic_2020_2022,1,0.8996785462996097,0.6149096098424414,0.5,1.0,35,0
raw_annual_rates,uk_ipi_c262_12m_pct,oecd_asia_c26_bls_gbp_12m_pct,pandemic_2020_2022,2,0.8688889078016387,0.4342822919369233,0.5,1.0,34,0
raw_annual_rates,uk_ipi_c262_12m_pct,oecd_asia_c26_bls_gbp_12m_pct,pandemic_2020_2022,3,0.856902435861808,0.31303577745267347,1.0,1.0,33,0
raw_annual_rates,uk_ipi_c262_12m_pct,oecd_asia_c26_bls_gbp_12m_pct,pandemic_2020_2022,4,0.8426602354998789,0.23005669065375858,1.0,1.0,32,0
raw_annual_rates,uk_ipi_c262_12m_pct,oecd_asia_c26_bls_gbp_12m_pct,pandemic_2020_2022,5,0.8043091232760143,0.2621931139448599,0.5,1.0,31,0
raw_annual_rates,uk_ipi_c262_12m_pct,oecd_asia_c26_bls_gbp_12m_pct,pandemic_2020_2022,6,0.7747676693239723,0.38863448193086964,0.5,1.0,30,0
raw_annual_rates,uk_ipi_c262_12m_pct,oecd_asia_c26_bls_gbp_12m_pct,pandemic_2020_2022,7,0.7133493812271897,0.39128494722932994,0.5,1.0,29,0
raw_annual_rates,uk_ipi_c262_12m_pct,oecd_asia_c26_bls_gbp_12m_pct,pandemic_2020_2022,8,0.5892511341355576,0.2564372452402198,0.5,1.0,28,0
raw_annual_rates,uk_ipi_c262_12m_pct,oecd_asia_c26_bls_gbp_12m_pct,pandemic_2020_2022,9,0.44136144863489124,0.17975150255634045,0.5,1.0,27,0
raw_annual_rates,uk_ipi_c262_12m_pct,oecd_asia_c26_bls_gbp_12m_pct,pandemic_2020_2022,10,0.23702660418860244,0.06741569545479163,1.0,1.0,26,0
raw_annual_rates,uk_ipi_c262_12m_pct,oecd_asia_c26_bls_gbp_12m_pct,pandemic_2020_2022,11,-0.014919938134061566,-0.09693474197205847,1.0,1.0,25,0
raw_annual_rates,uk_ipi_c262_12m_pct,oecd_asia_c26_bls_gbp_12m_pct,pandemic_2020_2022,12,-0.24097181798933126,-0.24097181798933126,1.0,1.0,24,0
raw_annual_rates,uk_ipi_c262_12m_pct,oecd_asia_c26_bls_gbp_12m_pct,post_2022,0,0.87577232903606,0.9436986122590435,0.5,0.5,33,0
raw_annual_rates,uk_ipi_c262_12m_pct,oecd_asia_c26_bls_gbp_12m_pct,post_2022,1,0.772388752924512,0.8466196925355065,0.5,0.5,32,0
raw_annual_rates,uk_ipi_c262_12m_pct,oecd_asia_c26_bls_gbp_12m_pct,post_2022,2,0.6009317641936011,0.6493274973747841,0.5,1.0,31,0
raw_annual_rates,uk_ipi_c262_12m_pct,oecd_asia_c26_bls_gbp_12m_pct,post_2022,3,0.34412506170757245,0.3933153303128763,0.5,1.0,30,0
raw_annual_rates,uk_ipi_c262_12m_pct,oecd_asia_c26_bls_gbp_12m_pct,post_2022,4,0.13607638317119616,0.15970444455837005,1.0,1.0,29,0
raw_annual_rates,uk_ipi_c262_12m_pct,oecd_asia_c26_bls_gbp_12m_pct,post_2022,5,-0.08876349520727361,-0.0730499938790659,1.0,1.0,28,0
raw_annual_rates,uk_ipi_c262_12m_pct,oecd_asia_c26_bls_gbp_12m_pct,post_2022,6,-0.31519679683725993,-0.31534114752365233,1.0,1.0,27,0
raw_annual_rates,uk_ipi_c262_12m_pct,oecd_asia_c26_bls_gbp_12m_pct,post_2022,7,-0.5464492405556475,-0.5597315647320666,0.5,1.0,26,0
raw_annual_rates,uk_ipi_c262_12m_pct,oecd_asia_c26_bls_gbp_12m_pct,post_2022,8,-0.7224541270795876,-0.7564606153592482,0.5,0.5,25,0
raw_annual_rates,uk_ipi_c262_12m_pct,oecd_asia_c26_bls_gbp_12m_pct,post_2022,9,-0.786211622701645,-0.8048587225991511,0.5,0.5,24,0
raw_annual_rates,uk_ipi_c262_12m_pct,oecd_asia_c26_bls_gbp_12m_pct,post_2022,10,-0.8193620940855809,-0.8343040771413666,0.5,0.5,23,0
raw_annual_rates,uk_ipi_c262_12m_pct,oecd_asia_c26_bls_gbp_12m_pct,post_2022,11,-0.8642988144660225,-0.8786740462913492,0.5,0.5,22,0
raw_annual_rates,uk_ipi_c262_12m_pct,oecd_asia_c26_bls_gbp_12m_pct,post_2022,12,-0.8767456587091945,-0.8767456587091945,0.5,0.5,21,0
raw_annual_rates,uk_ipi_c262_12m_pct,fred_china_computer_electronics_gbp_12m_pct,full,0,0.450811201245223,0.44995851797711045,0.05309734513274336,0.18584070796460178,148,0
raw_annual_rates,uk_ipi_c262_12m_pct,fred_china_computer_electronics_gbp_12m_pct,full,1,0.39638918780114757,0.3933156554366352,0.10619469026548672,0.415929203539823,147,0
raw_annual_rates,uk_ipi_c262_12m_pct,fred_china_computer_electronics_gbp_12m_pct,full,2,0.3184376748173271,0.3117462211376689,0.23008849557522124,0.5309734513274337,146,0
raw_annual_rates,uk_ipi_c262_12m_pct,fred_china_computer_electronics_gbp_12m_pct,full,3,0.23147132773909304,0.22400336457064637,0.40707964601769914,0.8053097345132744,145,0
raw_annual_rates,uk_ipi_c262_12m_pct,fred_china_computer_electronics_gbp_12m_pct,full,4,0.1510424238426129,0.1430052782313677,0.6106194690265486,0.9026548672566371,144,0
raw_annual_rates,uk_ipi_c262_12m_pct,fred_china_computer_electronics_gbp_12m_pct,full,5,0.06724618937446694,0.0600953363731866,0.8230088495575221,1.0,143,0
raw_annual_rates,uk_ipi_c262_12m_pct,fred_china_computer_electronics_gbp_12m_pct,full,6,-0.009942551464805669,-0.016055396608646754,0.9380530973451328,1.0,142,0
raw_annual_rates,uk_ipi_c262_12m_pct,fred_china_computer_electronics_gbp_12m_pct,full,7,-0.08583966500201991,-0.09112982434023031,0.7522123893805309,1.0,141,0
raw_annual_rates,uk_ipi_c262_12m_pct,fred_china_computer_electronics_gbp_12m_pct,full,8,-0.155483832008854,-0.16137354834495318,0.5398230088495575,0.8849557522123894,140,0
raw_annual_rates,uk_ipi_c262_12m_pct,fred_china_computer_electronics_gbp_12m_pct,full,9,-0.21180841972101752,-0.2174695666699608,0.415929203539823,0.8053097345132744,139,0
raw_annual_rates,uk_ipi_c262_12m_pct,fred_china_computer_electronics_gbp_12m_pct,full,10,-0.255457294970159,-0.26056663418953085,0.3274336283185841,0.7522123893805309,138,0
raw_annual_rates,uk_ipi_c262_12m_pct,fred_china_computer_electronics_gbp_12m_pct,full,11,-0.28467519338304986,-0.28817750234604317,0.2743362831858407,0.6371681415929203,137,0
raw_annual_rates,uk_ipi_c262_12m_pct,fred_china_computer_electronics_gbp_12m_pct,full,12,-0.3155061774714693,-0.3155061774714693,0.23893805309734514,0.5132743362831859,136,0
raw_annual_rates,uk_ipi_c262_12m_pct,fred_china_computer_electronics_gbp_12m_pct,pre_2020,0,0.34555605540827206,0.35024522314584394,0.5,0.9772727272727273,79,0
raw_annual_rates,uk_ipi_c262_12m_pct,fred_china_computer_electronics_gbp_12m_pct,pre_2020,1,0.2592401977644957,0.26888194916283376,0.5454545454545454,1.0,78,0
raw_annual_rates,uk_ipi_c262_12m_pct,fred_china_computer_electronics_gbp_12m_pct,pre_2020,2,0.14534636095431383,0.15790176585400578,0.6818181818181818,1.0,77,0
raw_annual_rates,uk_ipi_c262_12m_pct,fred_china_computer_electronics_gbp_12m_pct,pre_2020,3,0.02453922783860624,0.0375038313125117,0.9318181818181818,1.0,76,0
raw_annual_rates,uk_ipi_c262_12m_pct,fred_china_computer_electronics_gbp_12m_pct,pre_2020,4,-0.08108139317527213,-0.07100184023361988,0.8863636363636364,1.0,75,0
raw_annual_rates,uk_ipi_c262_12m_pct,fred_china_computer_electronics_gbp_12m_pct,pre_2020,5,-0.17321816765207068,-0.16700515853537587,0.6818181818181818,1.0,74,0
raw_annual_rates,uk_ipi_c262_12m_pct,fred_china_computer_electronics_gbp_12m_pct,pre_2020,6,-0.2500722981464604,-0.24607277489834728,0.6136363636363636,1.0,73,0
raw_annual_rates,uk_ipi_c262_12m_pct,fred_china_computer_electronics_gbp_12m_pct,pre_2020,7,-0.31636655676299125,-0.3121178784085861,0.5454545454545454,1.0,72,0
raw_annual_rates,uk_ipi_c262_12m_pct,fred_china_computer_electronics_gbp_12m_pct,pre_2020,8,-0.3732303910898971,-0.36810897458903336,0.4772727272727273,0.9545454545454546,71,0
raw_annual_rates,uk_ipi_c262_12m_pct,fred_china_computer_electronics_gbp_12m_pct,pre_2020,9,-0.40664657643674845,-0.4036885003637112,0.4772727272727273,0.9318181818181818,70,0
raw_annual_rates,uk_ipi_c262_12m_pct,fred_china_computer_electronics_gbp_12m_pct,pre_2020,10,-0.41545385648010985,-0.41215290767858515,0.5,0.9318181818181818,69,0
raw_annual_rates,uk_ipi_c262_12m_pct,fred_china_computer_electronics_gbp_12m_pct,pre_2020,11,-0.39417082608021936,-0.39220165529526274,0.5227272727272727,0.9318181818181818,68,0
raw_annual_rates,uk_ipi_c262_12m_pct,fred_china_computer_electronics_gbp_12m_pct,pre_2020,12,-0.38683637994657244,-0.38683637994657244,0.5227272727272727,0.9318181818181818,67,0
raw_annual_rates,uk_ipi_c262_12m_pct,fred_china_computer_electronics_gbp_12m_pct,pandemic_2020_2022,0,0.9216972048488129,0.8322201051742047,0.5,0.5,36,0
raw_annual_rates,uk_ipi_c262_12m_pct,fred_china_computer_electronics_gbp_12m_pct,pandemic_2020_2022,1,0.9038676167010321,0.609584641657014,0.5,1.0,35,0
raw_annual_rates,uk_ipi_c262_12m_pct,fred_china_computer_electronics_gbp_12m_pct,pandemic_2020_2022,2,0.8681677343133227,0.4214836376634087,0.5,1.0,34,0
raw_annual_rates,uk_ipi_c262_12m_pct,fred_china_computer_electronics_gbp_12m_pct,pandemic_2020_2022,3,0.855408637989237,0.2874015513446539,1.0,1.0,33,0
raw_annual_rates,uk_ipi_c262_12m_pct,fred_china_computer_electronics_gbp_12m_pct,pandemic_2020_2022,4,0.843658201155355,0.20831317995522391,1.0,1.0,32,0
raw_annual_rates,uk_ipi_c262_12m_pct,fred_china_computer_electronics_gbp_12m_pct,pandemic_2020_2022,5,0.8048376244110216,0.24983577587836425,0.5,1.0,31,0
raw_annual_rates,uk_ipi_c262_12m_pct,fred_china_computer_electronics_gbp_12m_pct,pandemic_2020_2022,6,0.777490371866222,0.39659470052104556,0.5,1.0,30,0
raw_annual_rates,uk_ipi_c262_12m_pct,fred_china_computer_electronics_gbp_12m_pct,pandemic_2020_2022,7,0.7215095552170382,0.4139894296002993,0.5,1.0,29,0
raw_annual_rates,uk_ipi_c262_12m_pct,fred_china_computer_electronics_gbp_12m_pct,pandemic_2020_2022,8,0.6025920629379335,0.2874581248034039,0.5,1.0,28,0
raw_annual_rates,uk_ipi_c262_12m_pct,fred_china_computer_electronics_gbp_12m_pct,pandemic_2020_2022,9,0.4595038328653617,0.2100591033724696,0.5,1.0,27,0
raw_annual_rates,uk_ipi_c262_12m_pct,fred_china_computer_electronics_gbp_12m_pct,pandemic_2020_2022,10,0.25987220622670865,0.09731915823266045,1.0,1.0,26,0
raw_annual_rates,uk_ipi_c262_12m_pct,fred_china_computer_electronics_gbp_12m_pct,pandemic_2020_2022,11,0.011674472243193396,-0.0657004862405528,1.0,1.0,25,0
raw_annual_rates,uk_ipi_c262_12m_pct,fred_china_computer_electronics_gbp_12m_pct,pandemic_2020_2022,12,-0.20858251587009843,-0.20858251587009843,1.0,1.0,24,0
raw_annual_rates,uk_ipi_c262_12m_pct,fred_china_computer_electronics_gbp_12m_pct,post_2022,0,0.856286635239231,0.9469652276374951,0.5,0.5,33,0
raw_annual_rates,uk_ipi_c262_12m_pct,fred_china_computer_electronics_gbp_12m_pct,post_2022,1,0.7533242739651683,0.8461367649828984,0.5,0.5,32,0
raw_annual_rates,uk_ipi_c262_12m_pct,fred_china_computer_electronics_gbp_12m_pct,post_2022,2,0.5846702603799747,0.646805568194378,0.5,1.0,31,0
raw_annual_rates,uk_ipi_c262_12m_pct,fred_china_computer_electronics_gbp_12m_pct,post_2022,3,0.33272289715504966,0.39081480700846655,0.5,1.0,30,0
raw_annual_rates,uk_ipi_c262_12m_pct,fred_china_computer_electronics_gbp_12m_pct,post_2022,4,0.1301095502391489,0.15823692821696633,1.0,1.0,29,0
raw_annual_rates,uk_ipi_c262_12m_pct,fred_china_computer_electronics_gbp_12m_pct,post_2022,5,-0.09603509582645983,-0.07843862762185463,1.0,1.0,28,0
raw_annual_rates,uk_ipi_c262_12m_pct,fred_china_computer_electronics_gbp_12m_pct,post_2022,6,-0.3276726495878591,-0.3247919562008933,1.0,1.0,27,0
raw_annual_rates,uk_ipi_c262_12m_pct,fred_china_computer_electronics_gbp_12m_pct,post_2022,7,-0.5581525780404338,-0.5673410344877429,0.5,1.0,26,0
raw_annual_rates,uk_ipi_c262_12m_pct,fred_china_computer_electronics_gbp_12m_pct,post_2022,8,-0.7300346980060127,-0.7601595124804091,0.5,0.5,25,0
raw_annual_rates,uk_ipi_c262_12m_pct,fred_china_computer_electronics_gbp_12m_pct,post_2022,9,-0.7890110869965633,-0.8069554104492814,0.5,0.5,24,0
raw_annual_rates,uk_ipi_c262_12m_pct,fred_china_computer_electronics_gbp_12m_pct,post_2022,10,-0.8214652319649369,-0.8370642849399247,0.5,0.5,23,0
raw_annual_rates,uk_ipi_c262_12m_pct,fred_china_computer_electronics_gbp_12m_pct,post_2022,11,-0.8647940504234389,-0.8798277950836098,0.5,0.5,22,0
raw_annual_rates,uk_ipi_c262_12m_pct,fred_china_computer_electronics_gbp_12m_pct,post_2022,12,-0.8759234342579997,-0.8759234342579997,0.5,0.5,21,0
raw_annual_rates,uk_ipi_c262_12m_pct,fred_japan_computer_electronics_gbp_12m_pct,full,0,0.3923306759441462,0.38913841291293316,0.1504424778761062,0.4336283185840708,148,0
raw_annual_rates,uk_ipi_c262_12m_pct,fred_japan_computer_electronics_gbp_12m_pct,full,1,0.343014262505215,0.34008684746931583,0.23008849557522124,0.5132743362831859,147,0
raw_annual_rates,uk_ipi_c262_12m_pct,fred_japan_computer_electronics_gbp_12m_pct,full,2,0.2775254379832905,0.2737035520726624,0.35398230088495575,0.6814159292035398,146,0
raw_annual_rates,uk_ipi_c262_12m_pct,fred_japan_computer_electronics_gbp_12m_pct,full,3,0.19731666133604225,0.1944414763077918,0.5398230088495575,0.8849557522123894,145,0
raw_annual_rates,uk_ipi_c262_12m_pct,fred_japan_computer_electronics_gbp_12m_pct,full,4,0.12108500723276609,0.11857484903158945,0.6991150442477876,0.9380530973451328,144,0
raw_annual_rates,uk_ipi_c262_12m_pct,fred_japan_computer_electronics_gbp_12m_pct,full,5,0.04191757847289069,0.04016867021132355,0.831858407079646,1.0,143,0
raw_annual_rates,uk_ipi_c262_12m_pct,fred_japan_computer_electronics_gbp_12m_pct,full,6,-0.03162439073031579,-0.033212588219332664,0.8672566371681416,1.0,142,0
raw_annual_rates,uk_ipi_c262_12m_pct,fred_japan_computer_electronics_gbp_12m_pct,full,7,-0.10816392485163834,-0.1102175743391958,0.6814159292035398,0.9380530973451328,141,0
raw_annual_rates,uk_ipi_c262_12m_pct,fred_japan_computer_electronics_gbp_12m_pct,full,8,-0.17904729522313959,-0.18263073000920668,0.5221238938053098,0.911504424778761,140,0
raw_annual_rates,uk_ipi_c262_12m_pct,fred_japan_computer_electronics_gbp_12m_pct,full,9,-0.23921335580044048,-0.24324213545700382,0.36283185840707965,0.6902654867256637,139,0
raw_annual_rates,uk_ipi_c262_12m_pct,fred_japan_computer_electronics_gbp_12m_pct,full,10,-0.2891341274336666,-0.29292430442631384,0.26548672566371684,0.672566371681416,138,0
raw_annual_rates,uk_ipi_c262_12m_pct,fred_japan_computer_electronics_gbp_12m_pct,full,11,-0.3226463773621423,-0.32534627422637047,0.22123893805309736,0.5309734513274337,137,0
raw_annual_rates,uk_ipi_c262_12m_pct,fred_japan_computer_electronics_gbp_12m_pct,full,12,-0.35600915817903417,-0.35600915817903417,0.19469026548672566,0.48672566371681414,136,0
raw_annual_rates,uk_ipi_c262_12m_pct,fred_japan_computer_electronics_gbp_12m_pct,pre_2020,0,0.2387509870619419,0.26510102243960654,0.6136363636363636,1.0,79,0
raw_annual_rates,uk_ipi_c262_12m_pct,fred_japan_computer_electronics_gbp_12m_pct,pre_2020,1,0.1606748146683002,0.19139396440790418,0.6818181818181818,1.0,78,0
raw_annual_rates,uk_ipi_c262_12m_pct,fred_japan_computer_electronics_gbp_12m_pct,pre_2020,2,0.07039915963451562,0.10167070623203281,0.7954545454545454,1.0,77,0
raw_annual_rates,uk_ipi_c262_12m_pct,fred_japan_computer_electronics_gbp_12m_pct,pre_2020,3,-0.03537361630433108,-0.006511002617682458,1.0,1.0,76,0
raw_annual_rates,uk_ipi_c262_12m_pct,fred_japan_computer_electronics_gbp_12m_pct,pre_2020,4,-0.13071878475370036,-0.10744684832497924,0.75,1.0,75,0
raw_annual_rates,uk_ipi_c262_12m_pct,fred_japan_computer_electronics_gbp_12m_pct,pre_2020,5,-0.21725636228821227,-0.19968180625093973,0.5909090909090909,1.0,74,0
raw_annual_rates,uk_ipi_c262_12m_pct,fred_japan_computer_electronics_gbp_12m_pct,pre_2020,6,-0.2901087135664142,-0.2764094158052733,0.5454545454545454,0.9772727272727273,73,0
raw_annual_rates,uk_ipi_c262_12m_pct,fred_japan_computer_electronics_gbp_12m_pct,pre_2020,7,-0.3552080157059585,-0.343319388077472,0.5,0.8863636363636364,72,0
raw_annual_rates,uk_ipi_c262_12m_pct,fred_japan_computer_electronics_gbp_12m_pct,pre_2020,8,-0.41253751197572214,-0.4013127591719197,0.4318181818181818,0.8181818181818182,71,0
raw_annual_rates,uk_ipi_c262_12m_pct,fred_japan_computer_electronics_gbp_12m_pct,pre_2020,9,-0.45008534245764553,-0.442178504148623,0.36363636363636365,0.7954545454545454,70,0
raw_annual_rates,uk_ipi_c262_12m_pct,fred_japan_computer_electronics_gbp_12m_pct,pre_2020,10,-0.46641145454051836,-0.4598916387141306,0.36363636363636365,0.7954545454545454,69,0
raw_annual_rates,uk_ipi_c262_12m_pct,fred_japan_computer_electronics_gbp_12m_pct,pre_2020,11,-0.4498799279283472,-0.4465045912222391,0.36363636363636365,0.7954545454545454,68,0
raw_annual_rates,uk_ipi_c262_12m_pct,fred_japan_computer_electronics_gbp_12m_pct,pre_2020,12,-0.44333766059232843,-0.44333766059232843,0.36363636363636365,0.7954545454545454,67,0
raw_annual_rates,uk_ipi_c262_12m_pct,fred_japan_computer_electronics_gbp_12m_pct,pandemic_2020_2022,0,0.9063776132616503,0.8655173427651441,0.5,0.5,36,0
raw_annual_rates,uk_ipi_c262_12m_pct,fred_japan_computer_electronics_gbp_12m_pct,pandemic_2020_2022,1,0.9065733653927283,0.7269920983611735,0.5,0.5,35,0
raw_annual_rates,uk_ipi_c262_12m_pct,fred_japan_computer_electronics_gbp_12m_pct,pandemic_2020_2022,2,0.8802195959848029,0.5864608905657873,0.5,1.0,34,0
raw_annual_rates,uk_ipi_c262_12m_pct,fred_japan_computer_electronics_gbp_12m_pct,pandemic_2020_2022,3,0.8585114684165636,0.46108206014912684,1.0,1.0,33,0
raw_annual_rates,uk_ipi_c262_12m_pct,fred_japan_computer_electronics_gbp_12m_pct,pandemic_2020_2022,4,0.827907639904716,0.32814386150156666,1.0,1.0,32,0
raw_annual_rates,uk_ipi_c262_12m_pct,fred_japan_computer_electronics_gbp_12m_pct,pandemic_2020_2022,5,0.7697822795612247,0.25672603147050604,1.0,1.0,31,0
raw_annual_rates,uk_ipi_c262_12m_pct,fred_japan_computer_electronics_gbp_12m_pct,pandemic_2020_2022,6,0.7169028545801799,0.2975882743206934,0.5,1.0,30,0
raw_annual_rates,uk_ipi_c262_12m_pct,fred_japan_computer_electronics_gbp_12m_pct,pandemic_2020_2022,7,0.6306811557397694,0.2632793209579974,0.5,1.0,29,0
raw_annual_rates,uk_ipi_c262_12m_pct,fred_japan_computer_electronics_gbp_12m_pct,pandemic_2020_2022,8,0.498464234938775,0.15836421243414153,0.5,1.0,28,0
raw_annual_rates,uk_ipi_c262_12m_pct,fred_japan_computer_electronics_gbp_12m_pct,pandemic_2020_2022,9,0.3367229233268177,0.07974738626024676,0.5,1.0,27,0
raw_annual_rates,uk_ipi_c262_12m_pct,fred_japan_computer_electronics_gbp_12m_pct,pandemic_2020_2022,10,0.12454696152371723,-0.03505405970503149,1.0,1.0,26,0
raw_annual_rates,uk_ipi_c262_12m_pct,fred_japan_computer_electronics_gbp_12m_pct,pandemic_2020_2022,11,-0.12942115429149267,-0.2046958964224196,1.0,1.0,25,0
raw_annual_rates,uk_ipi_c262_12m_pct,fred_japan_computer_electronics_gbp_12m_pct,pandemic_2020_2022,12,-0.352260137625637,-0.352260137625637,0.5,1.0,24,0
raw_annual_rates,uk_ipi_c262_12m_pct,fred_japan_computer_electronics_gbp_12m_pct,post_2022,0,0.903309789031959,0.9365596905555732,0.5,0.5,33,0
raw_annual_rates,uk_ipi_c262_12m_pct,fred_japan_computer_electronics_gbp_12m_pct,post_2022,1,0.7931034906716815,0.8318788516835912,0.5,0.5,32,0
raw_annual_rates,uk_ipi_c262_12m_pct,fred_japan_computer_electronics_gbp_12m_pct,post_2022,2,0.5957446308185064,0.6093252298610006,0.5,1.0,31,0
raw_annual_rates,uk_ipi_c262_12m_pct,fred_japan_computer_electronics_gbp_12m_pct,post_2022,3,0.29347862190613205,0.301099099206121,0.5,1.0,30,0
raw_annual_rates,uk_ipi_c262_12m_pct,fred_japan_computer_electronics_gbp_12m_pct,post_2022,4,0.05634095844663442,0.050416731689556134,1.0,1.0,29,0
raw_annual_rates,uk_ipi_c262_12m_pct,fred_japan_computer_electronics_gbp_12m_pct,post_2022,5,-0.16064183780209187,-0.16750418736649814,1.0,1.0,28,0
raw_annual_rates,uk_ipi_c262_12m_pct,fred_japan_computer_electronics_gbp_12m_pct,post_2022,6,-0.3694823832318746,-0.3937129476239486,1.0,1.0,27,0
raw_annual_rates,uk_ipi_c262_12m_pct,fred_japan_computer_electronics_gbp_12m_pct,post_2022,7,-0.6028771218747315,-0.6396422485353284,0.5,1.0,26,0
raw_annual_rates,uk_ipi_c262_12m_pct,fred_japan_computer_electronics_gbp_12m_pct,post_2022,8,-0.7823951038728987,-0.828357543499249,0.5,0.5,25,0
raw_annual_rates,uk_ipi_c262_12m_pct,fred_japan_computer_electronics_gbp_12m_pct,post_2022,9,-0.8604402105604385,-0.8772828890557182,0.5,0.5,24,0
raw_annual_rates,uk_ipi_c262_12m_pct,fred_japan_computer_electronics_gbp_12m_pct,post_2022,10,-0.8788344241934417,-0.885753151383214,0.5,0.5,23,0
raw_annual_rates,uk_ipi_c262_12m_pct,fred_japan_computer_electronics_gbp_12m_pct,post_2022,11,-0.8817153984425341,-0.8861946289544036,0.5,0.5,22,0
raw_annual_rates,uk_ipi_c262_12m_pct,fred_japan_computer_electronics_gbp_12m_pct,post_2022,12,-0.8380190197439111,-0.8380190197439111,0.5,0.5,21,0
raw_annual_rates,uk_ipi_c262_12m_pct,fred_asian_nie_computer_electronics_gbp_12m_pct,full,0,0.30330645812975054,0.3001493696361244,0.25663716814159293,0.5221238938053098,148,0
raw_annual_rates,uk_ipi_c262_12m_pct,fred_asian_nie_computer_electronics_gbp_12m_pct,full,1,0.238373085840977,0.23445612637933438,0.415929203539823,0.7699115044247787,147,0
raw_annual_rates,uk_ipi_c262_12m_pct,fred_asian_nie_computer_electronics_gbp_12m_pct,full,2,0.1615051423268725,0.15553680770476713,0.6194690265486725,0.9203539823008849,146,0
raw_annual_rates,uk_ipi_c262_12m_pct,fred_asian_nie_computer_electronics_gbp_12m_pct,full,3,0.08246847418844928,0.07749077182168697,0.7876106194690266,1.0,145,0
raw_annual_rates,uk_ipi_c262_12m_pct,fred_asian_nie_computer_electronics_gbp_12m_pct,full,4,0.0103540422582816,0.005673933298971641,0.9911504424778761,1.0,144,0
raw_annual_rates,uk_ipi_c262_12m_pct,fred_asian_nie_computer_electronics_gbp_12m_pct,full,5,-0.057777394925582204,-0.06172398995015742,0.831858407079646,1.0,143,0
raw_annual_rates,uk_ipi_c262_12m_pct,fred_asian_nie_computer_electronics_gbp_12m_pct,full,6,-0.12206176821485175,-0.12583675294942553,0.672566371681416,0.9380530973451328,142,0
raw_annual_rates,uk_ipi_c262_12m_pct,fred_asian_nie_computer_electronics_gbp_12m_pct,full,7,-0.17311252554202924,-0.17723703644253008,0.5309734513274337,0.9026548672566371,141,0
raw_annual_rates,uk_ipi_c262_12m_pct,fred_asian_nie_computer_electronics_gbp_12m_pct,full,8,-0.22996889960328237,-0.23582064194077731,0.34513274336283184,0.7699115044247787,140,0
raw_annual_rates,uk_ipi_c262_12m_pct,fred_asian_nie_computer_electronics_gbp_12m_pct,full,9,-0.2740777728138907,-0.2800139596936687,0.23008849557522124,0.5929203539823009,139,0
raw_annual_rates,uk_ipi_c262_12m_pct,fred_asian_nie_computer_electronics_gbp_12m_pct,full,10,-0.3016417788117948,-0.3071301215640574,0.20353982300884957,0.504424778761062,138,0
raw_annual_rates,uk_ipi_c262_12m_pct,fred_asian_nie_computer_electronics_gbp_12m_pct,full,11,-0.3144361170953216,-0.3183831904587112,0.20353982300884957,0.4690265486725664,137,0
raw_annual_rates,uk_ipi_c262_12m_pct,fred_asian_nie_computer_electronics_gbp_12m_pct,full,12,-0.32323719266908213,-0.32323719266908213,0.19469026548672566,0.4690265486725664,136,0
raw_annual_rates,uk_ipi_c262_12m_pct,fred_asian_nie_computer_electronics_gbp_12m_pct,pre_2020,0,0.15979060919017496,0.15717166611601333,0.7045454545454546,1.0,79,0
raw_annual_rates,uk_ipi_c262_12m_pct,fred_asian_nie_computer_electronics_gbp_12m_pct,pre_2020,1,0.045429233179144025,0.047673570048048175,0.9772727272727273,1.0,78,0
raw_annual_rates,uk_ipi_c262_12m_pct,fred_asian_nie_computer_electronics_gbp_12m_pct,pre_2020,2,-0.07996861093389687,-0.07531916661474851,0.8863636363636364,1.0,77,0
raw_annual_rates,uk_ipi_c262_12m_pct,fred_asian_nie_computer_electronics_gbp_12m_pct,pre_2020,3,-0.2003395779229798,-0.1956245170068169,0.5909090909090909,1.0,76,0
raw_annual_rates,uk_ipi_c262_12m_pct,fred_asian_nie_computer_electronics_gbp_12m_pct,pre_2020,4,-0.3015734184468817,-0.3004389408970509,0.5227272727272727,1.0,75,0
raw_annual_rates,uk_ipi_c262_12m_pct,fred_asian_nie_computer_electronics_gbp_12m_pct,pre_2020,5,-0.3836203374774581,-0.38563207628218044,0.4318181818181818,0.8181818181818182,74,0
raw_annual_rates,uk_ipi_c262_12m_pct,fred_asian_nie_computer_electronics_gbp_12m_pct,pre_2020,6,-0.4536753160358019,-0.45768215212331304,0.36363636363636365,0.7954545454545454,73,0
raw_annual_rates,uk_ipi_c262_12m_pct,fred_asian_nie_computer_electronics_gbp_12m_pct,pre_2020,7,-0.48737022979302447,-0.4904573181720975,0.29545454545454547,0.75,72,0
raw_annual_rates,uk_ipi_c262_12m_pct,fred_asian_nie_computer_electronics_gbp_12m_pct,pre_2020,8,-0.5259031954986486,-0.5263345206226646,0.20454545454545456,0.5681818181818182,71,0
raw_annual_rates,uk_ipi_c262_12m_pct,fred_asian_nie_computer_electronics_gbp_12m_pct,pre_2020,9,-0.53646109289444,-0.5380595174941223,0.20454545454545456,0.5,70,0
raw_annual_rates,uk_ipi_c262_12m_pct,fred_asian_nie_computer_electronics_gbp_12m_pct,pre_2020,10,-0.514414157226135,-0.5142390815661229,0.22727272727272727,0.6363636363636364,69,0
raw_annual_rates,uk_ipi_c262_12m_pct,fred_asian_nie_computer_electronics_gbp_12m_pct,pre_2020,11,-0.4580023226058773,-0.4576359856532332,0.36363636363636365,0.7954545454545454,68,0
raw_annual_rates,uk_ipi_c262_12m_pct,fred_asian_nie_computer_electronics_gbp_12m_pct,pre_2020,12,-0.4046352140392058,-0.4046352140392058,0.4090909090909091,0.8181818181818182,67,0
raw_annual_rates,uk_ipi_c262_12m_pct,fred_asian_nie_computer_electronics_gbp_12m_pct,pandemic_2020_2022,0,0.8605187690512576,0.778289380150082,0.5,0.5,36,0
raw_annual_rates,uk_ipi_c262_12m_pct,fred_asian_nie_computer_electronics_gbp_12m_pct,pandemic_2020_2022,1,0.8656186605157674,0.5700448853974778,0.5,1.0,35,0
raw_annual_rates,uk_ipi_c262_12m_pct,fred_asian_nie_computer_electronics_gbp_12m_pct,pandemic_2020_2022,2,0.8540865146300611,0.40603715222539893,0.5,1.0,34,0
raw_annual_rates,uk_ipi_c262_12m_pct,fred_asian_nie_computer_electronics_gbp_12m_pct,pandemic_2020_2022,3,0.8497915352872273,0.33182968366344595,1.0,1.0,33,0
raw_annual_rates,uk_ipi_c262_12m_pct,fred_asian_nie_computer_electronics_gbp_12m_pct,pandemic_2020_2022,4,0.8328874213109866,0.25691230522755837,1.0,1.0,32,0
raw_annual_rates,uk_ipi_c262_12m_pct,fred_asian_nie_computer_electronics_gbp_12m_pct,pandemic_2020_2022,5,0.8022445108272102,0.293966855032077,0.5,1.0,31,0
raw_annual_rates,uk_ipi_c262_12m_pct,fred_asian_nie_computer_electronics_gbp_12m_pct,pandemic_2020_2022,6,0.7714907488815841,0.3805484279992216,0.5,1.0,30,0
raw_annual_rates,uk_ipi_c262_12m_pct,fred_asian_nie_computer_electronics_gbp_12m_pct,pandemic_2020_2022,7,0.6991845861531688,0.34879093992089294,0.5,1.0,29,0
raw_annual_rates,uk_ipi_c262_12m_pct,fred_asian_nie_computer_electronics_gbp_12m_pct,pandemic_2020_2022,8,0.5620930250437582,0.18184973406301955,0.5,1.0,28,0
raw_annual_rates,uk_ipi_c262_12m_pct,fred_asian_nie_computer_electronics_gbp_12m_pct,pandemic_2020_2022,9,0.4056626309552018,0.11096261019534688,1.0,1.0,27,0
raw_annual_rates,uk_ipi_c262_12m_pct,fred_asian_nie_computer_electronics_gbp_12m_pct,pandemic_2020_2022,10,0.19468473616608623,0.004942334904759025,1.0,1.0,26,0
raw_annual_rates,uk_ipi_c262_12m_pct,fred_asian_nie_computer_electronics_gbp_12m_pct,pandemic_2020_2022,11,-0.059448112003525955,-0.15573546834180904,1.0,1.0,25,0
raw_annual_rates,uk_ipi_c262_12m_pct,fred_asian_nie_computer_electronics_gbp_12m_pct,pandemic_2020_2022,12,-0.2969055264813251,-0.2969055264813251,1.0,1.0,24,0
raw_annual_rates,uk_ipi_c262_12m_pct,fred_asian_nie_computer_electronics_gbp_12m_pct,post_2022,0,0.8526874077024028,0.9163346713496184,0.5,0.5,33,0
raw_annual_rates,uk_ipi_c262_12m_pct,fred_asian_nie_computer_electronics_gbp_12m_pct,post_2022,1,0.7753378775436275,0.8407912652835654,0.5,0.5,32,0
raw_annual_rates,uk_ipi_c262_12m_pct,fred_asian_nie_computer_electronics_gbp_12m_pct,post_2022,2,0.6271406318568091,0.6657623773754265,0.5,0.5,31,0
raw_annual_rates,uk_ipi_c262_12m_pct,fred_asian_nie_computer_electronics_gbp_12m_pct,post_2022,3,0.38923290305964486,0.4340904223161831,0.5,1.0,30,0
raw_annual_rates,uk_ipi_c262_12m_pct,fred_asian_nie_computer_electronics_gbp_12m_pct,post_2022,4,0.18385306139181695,0.2062176586965533,0.5,1.0,29,0
raw_annual_rates,uk_ipi_c262_12m_pct,fred_asian_nie_computer_electronics_gbp_12m_pct,post_2022,5,-0.023911470715019346,-0.010734846384723403,1.0,1.0,28,0
raw_annual_rates,uk_ipi_c262_12m_pct,fred_asian_nie_computer_electronics_gbp_12m_pct,post_2022,6,-0.22490763034792477,-0.23691454070255147,1.0,1.0,27,0
raw_annual_rates,uk_ipi_c262_12m_pct,fred_asian_nie_computer_electronics_gbp_12m_pct,post_2022,7,-0.4548264388180743,-0.485091373985888,0.5,1.0,26,0
raw_annual_rates,uk_ipi_c262_12m_pct,fred_asian_nie_computer_electronics_gbp_12m_pct,post_2022,8,-0.6479789011323092,-0.6994764400353238,0.5,0.5,25,0
raw_annual_rates,uk_ipi_c262_12m_pct,fred_asian_nie_computer_electronics_gbp_12m_pct,post_2022,9,-0.7288292587765536,-0.7541511425930437,0.5,0.5,24,0
raw_annual_rates,uk_ipi_c262_12m_pct,fred_asian_nie_computer_electronics_gbp_12m_pct,post_2022,10,-0.77141288548464,-0.7882561396751762,0.5,0.5,23,0
raw_annual_rates,uk_ipi_c262_12m_pct,fred_asian_nie_computer_electronics_gbp_12m_pct,post_2022,11,-0.8404717899481358,-0.8562549620225256,0.5,0.5,22,0
raw_annual_rates,uk_ipi_c262_12m_pct,fred_asian_nie_computer_electronics_gbp_12m_pct,post_2022,12,-0.8812837054689093,-0.8812837054689093,0.5,0.5,21,0
raw_annual_rates,uk_ipi_c262_12m_pct,asia_bls_common_factor_z,full,0,0.38899092713693983,0.38541363663087225,0.1415929203539823,0.4247787610619469,148,0
raw_annual_rates,uk_ipi_c262_12m_pct,asia_bls_common_factor_z,full,1,0.3320378173020814,0.3278146300749979,0.22123893805309736,0.504424778761062,147,0
raw_annual_rates,uk_ipi_c262_12m_pct,asia_bls_common_factor_z,full,2,0.25756011899287573,0.2514359809006325,0.37168141592920356,0.7079646017699115,146,0
raw_annual_rates,uk_ipi_c262_12m_pct,asia_bls_common_factor_z,full,3,0.17429672608281144,0.16877148376229553,0.6106194690265486,0.9203539823008849,145,0
raw_annual_rates,uk_ipi_c262_12m_pct,asia_bls_common_factor_z,full,4,0.09692906332126,0.09159934973200429,0.7433628318584071,0.9646017699115044,144,0
raw_annual_rates,uk_ipi_c262_12m_pct,asia_bls_common_factor_z,full,5,0.018717212750836626,0.014330165919442023,0.911504424778761,1.0,143,0
raw_annual_rates,uk_ipi_c262_12m_pct,asia_bls_common_factor_z,full,6,-0.05399162366545601,-0.05783152349273696,0.8230088495575221,0.9911504424778761,142,0
raw_annual_rates,uk_ipi_c262_12m_pct,asia_bls_common_factor_z,full,7,-0.12294306691008365,-0.1267595875068552,0.6460176991150443,0.9380530973451328,141,0
raw_annual_rates,uk_ipi_c262_12m_pct,asia_bls_common_factor_z,full,8,-0.18965752930708715,-0.19478361063707794,0.48672566371681414,0.8761061946902655,140,0
raw_annual_rates,uk_ipi_c262_12m_pct,asia_bls_common_factor_z,full,9,-0.24398608703806315,-0.2492323085445633,0.3185840707964602,0.7168141592920354,139,0
raw_annual_rates,uk_ipi_c262_12m_pct,asia_bls_common_factor_z,full,10,-0.2850874796608792,-0.2899268154902333,0.24778761061946902,0.5929203539823009,138,0
raw_annual_rates,uk_ipi_c262_12m_pct,asia_bls_common_factor_z,full,11,-0.3107979064786906,-0.3142178552274907,0.23008849557522124,0.5132743362831859,137,0
raw_annual_rates,uk_ipi_c262_12m_pct,asia_bls_common_factor_z,full,12,-0.33572518721345956,-0.33572518721345956,0.22123893805309736,0.49557522123893805,136,0
raw_annual_rates,uk_ipi_c262_12m_pct,asia_bls_common_factor_z,pre_2020,0,0.25395349162349823,0.26327477081611284,0.6136363636363636,1.0,79,0
raw_annual_rates,uk_ipi_c262_12m_pct,asia_bls_common_factor_z,pre_2020,1,0.1602349747184001,0.17454096273237882,0.7272727272727273,1.0,78,0
raw_annual_rates,uk_ipi_c262_12m_pct,asia_bls_common_factor_z,pre_2020,2,0.04926808403747711,0.06569648432802594,0.9090909090909091,1.0,77,0
raw_annual_rates,uk_ipi_c262_12m_pct,asia_bls_common_factor_z,pre_2020,3,-0.06783734327204605,-0.051937981251234,0.9090909090909091,1.0,76,0
raw_annual_rates,uk_ipi_c262_12m_pct,asia_bls_common_factor_z,pre_2020,4,-0.1699226641135626,-0.15798929030540476,0.6590909090909091,1.0,75,0
raw_annual_rates,uk_ipi_c262_12m_pct,asia_bls_common_factor_z,pre_2020,5,-0.2581431773429361,-0.25041967123496023,0.5454545454545454,1.0,74,0
raw_annual_rates,uk_ipi_c262_12m_pct,asia_bls_common_factor_z,pre_2020,6,-0.33244668370492364,-0.3274130519295708,0.5,0.9772727272727273,73,0
raw_annual_rates,uk_ipi_c262_12m_pct,asia_bls_common_factor_z,pre_2020,7,-0.3887257530562904,-0.38392456940889796,0.4318181818181818,0.8409090909090909,72,0
raw_annual_rates,uk_ipi_c262_12m_pct,asia_bls_common_factor_z,pre_2020,8,-0.440538830700677,-0.43486431887999666,0.38636363636363635,0.7954545454545454,71,0
raw_annual_rates,uk_ipi_c262_12m_pct,asia_bls_common_factor_z,pre_2020,9,-0.46846806110592965,-0.4650781631569076,0.38636363636363635,0.7954545454545454,70,0
raw_annual_rates,uk_ipi_c262_12m_pct,asia_bls_common_factor_z,pre_2020,10,-0.4700586814833427,-0.46651230370625707,0.38636363636363635,0.7954545454545454,69,0
raw_annual_rates,uk_ipi_c262_12m_pct,asia_bls_common_factor_z,pre_2020,11,-0.43885266191059813,-0.43684870490549693,0.38636363636363635,0.7954545454545454,68,0
raw_annual_rates,uk_ipi_c262_12m_pct,asia_bls_common_factor_z,pre_2020,12,-0.41692257795625387,-0.41692257795625387,0.4090909090909091,0.8181818181818182,67,0
raw_annual_rates,uk_ipi_c262_12m_pct,asia_bls_common_factor_z,pandemic_2020_2022,0,0.9012270862571751,0.8385808811192067,0.5,0.5,36,0
raw_annual_rates,uk_ipi_c262_12m_pct,asia_bls_common_factor_z,pandemic_2020_2022,1,0.8968843663177258,0.6488620398445457,0.5,1.0,35,0
raw_annual_rates,uk_ipi_c262_12m_pct,asia_bls_common_factor_z,pandemic_2020_2022,2,0.8719919912072833,0.4840098772058275,0.5,1.0,34,0
raw_annual_rates,uk_ipi_c262_12m_pct,asia_bls_common_factor_z,pandemic_2020_2022,3,0.8588835672739178,0.3720889815196371,1.0,1.0,33,0
raw_annual_rates,uk_ipi_c262_12m_pct,asia_bls_common_factor_z,pandemic_2020_2022,4,0.8390217533139074,0.27319103909993614,1.0,1.0,32,0
raw_annual_rates,uk_ipi_c262_12m_pct,asia_bls_common_factor_z,pandemic_2020_2022,5,0.7965766570734144,0.2717409300751979,0.5,1.0,31,0
raw_annual_rates,uk_ipi_c262_12m_pct,asia_bls_common_factor_z,pandemic_2020_2022,6,0.7596320969763929,0.3602429734255462,0.5,1.0,30,0
raw_annual_rates,uk_ipi_c262_12m_pct,asia_bls_common_factor_z,pandemic_2020_2022,7,0.6878156755343151,0.34142182636532753,0.5,1.0,29,0
raw_annual_rates,uk_ipi_c262_12m_pct,asia_bls_common_factor_z,pandemic_2020_2022,8,0.5574072622597196,0.20681093340430085,0.5,1.0,28,0
raw_annual_rates,uk_ipi_c262_12m_pct,asia_bls_common_factor_z,pandemic_2020_2022,9,0.40183222191283113,0.1300445198151727,0.5,1.0,27,0
raw_annual_rates,uk_ipi_c262_12m_pct,asia_bls_common_factor_z,pandemic_2020_2022,10,0.1910027653326034,0.017149176305402445,1.0,1.0,26,0
raw_annual_rates,uk_ipi_c262_12m_pct,asia_bls_common_factor_z,pandemic_2020_2022,11,-0.0653579121310184,-0.15003680323910254,1.0,1.0,25,0
raw_annual_rates,uk_ipi_c262_12m_pct,asia_bls_common_factor_z,pandemic_2020_2022,12,-0.29627222511666407,-0.29627222511666407,1.0,1.0,24,0
raw_annual_rates,uk_ipi_c262_12m_pct,asia_bls_common_factor_z,post_2022,0,0.8975158847876564,0.9411188819986476,0.5,0.5,33,0
raw_annual_rates,uk_ipi_c262_12m_pct,asia_bls_common_factor_z,post_2022,1,0.7940704010217009,0.8457567399913143,0.5,0.5,32,0
raw_annual_rates,uk_ipi_c262_12m_pct,asia_bls_common_factor_z,post_2022,2,0.6151482875089499,0.6440149718402185,0.5,1.0,31,0
raw_annual_rates,uk_ipi_c262_12m_pct,asia_bls_common_factor_z,post_2022,3,0.34313180370451474,0.3749344153729849,0.5,1.0,30,0
raw_annual_rates,uk_ipi_c262_12m_pct,asia_bls_common_factor_z,post_2022,4,0.12281501260304666,0.13563871943054678,1.0,1.0,29,0
raw_annual_rates,uk_ipi_c262_12m_pct,asia_bls_common_factor_z,post_2022,5,-0.09866104647578626,-0.0902448003660722,1.0,1.0,28,0
raw_annual_rates,uk_ipi_c262_12m_pct,asia_bls_common_factor_z,post_2022,6,-0.3158522754719435,-0.3252510077113866,1.0,1.0,27,0
raw_annual_rates,uk_ipi_c262_12m_pct,asia_bls_common_factor_z,post_2022,7,-0.5489812155486993,-0.5724783445466728,0.5,1.0,26,0
raw_annual_rates,uk_ipi_c262_12m_pct,asia_bls_common_factor_z,post_2022,8,-0.7307007577613336,-0.7717348407432213,0.5,0.5,25,0
raw_annual_rates,uk_ipi_c262_12m_pct,asia_bls_common_factor_z,post_2022,9,-0.803078041391048,-0.8219913196757624,0.5,0.5,24,0
raw_annual_rates,uk_ipi_c262_12m_pct,asia_bls_common_factor_z,post_2022,10,-0.8337014260627502,-0.8458648905405602,0.5,0.5,23,0
raw_annual_rates,uk_ipi_c262_12m_pct,asia_bls_common_factor_z,post_2022,11,-0.8704937642259963,-0.8815328656372134,0.5,0.5,22,0
raw_annual_rates,uk_ipi_c262_12m_pct,asia_bls_common_factor_z,post_2022,12,-0.8706056944094797,-0.8706056944094797,0.5,0.5,21,0
raw_annual_rates,historical_targeted_hardware_12m_pct,jp_epi_electronics_gbp_12m_pct,full,0,0.08787967033360647,0.061557834753448774,0.567398119122257,0.7304075235109718,354,0
raw_annual_rates,historical_targeted_hardware_12m_pct,jp_epi_electronics_gbp_12m_pct,full,1,0.12475371302100652,0.10587474488026104,0.45768025078369906,0.5924764890282131,353,0
raw_annual_rates,historical_targeted_hardware_12m_pct,jp_epi_electronics_gbp_12m_pct,full,2,0.1642467486504162,0.15182484148970743,0.39184952978056425,0.5141065830721003,352,0
raw_annual_rates,historical_targeted_hardware_12m_pct,jp_epi_electronics_gbp_12m_pct,full,3,0.20519971830098022,0.19739387499522848,0.29153605015673983,0.39184952978056425,351,0
raw_annual_rates,historical_targeted_hardware_12m_pct,jp_epi_electronics_gbp_12m_pct,full,4,0.24668928149891314,0.24213135612644202,0.20689655172413793,0.27899686520376177,350,0
raw_annual_rates,historical_targeted_hardware_12m_pct,jp_epi_electronics_gbp_12m_pct,full,5,0.2890172341133485,0.28722544139622086,0.12539184952978055,0.16614420062695925,349,0
raw_annual_rates,historical_targeted_hardware_12m_pct,jp_epi_electronics_gbp_12m_pct,full,6,0.3236973550238696,0.32438246703830365,0.10031347962382445,0.14420062695924765,348,0
raw_annual_rates,historical_targeted_hardware_12m_pct,jp_epi_electronics_gbp_12m_pct,full,7,0.3589049204147682,0.3611826680360113,0.009404388714733543,0.07210031347962383,347,0
raw_annual_rates,historical_targeted_hardware_12m_pct,jp_epi_electronics_gbp_12m_pct,full,8,0.3860408773249161,0.3888462380033674,0.003134796238244514,0.025078369905956112,346,0
raw_annual_rates,historical_targeted_hardware_12m_pct,jp_epi_electronics_gbp_12m_pct,full,9,0.4130163610475049,0.4167125364546837,0.003134796238244514,0.01567398119122257,345,0
raw_annual_rates,historical_targeted_hardware_12m_pct,jp_epi_electronics_gbp_12m_pct,full,10,0.4314515151891767,0.43442056616321106,0.003134796238244514,0.012539184952978056,344,0
raw_annual_rates,historical_targeted_hardware_12m_pct,jp_epi_electronics_gbp_12m_pct,full,11,0.4447318909703353,0.44628881397732495,0.003134796238244514,0.006269592476489028,343,0
raw_annual_rates,historical_targeted_hardware_12m_pct,jp_epi_electronics_gbp_12m_pct,full,12,0.44839756919185547,0.44839756919185547,0.003134796238244514,0.006269592476489028,342,0
raw_annual_rates,historical_targeted_hardware_12m_pct,jp_epi_electronics_gbp_12m_pct,pre_2020,0,0.08824733762828346,0.05960784917149505,0.7427385892116183,0.8796680497925311,276,0
raw_annual_rates,historical_targeted_hardware_12m_pct,jp_epi_electronics_gbp_12m_pct,pre_2020,1,0.1397867234230506,0.11509596539866536,0.49377593360995853,0.6473029045643154,275,0
raw_annual_rates,historical_targeted_hardware_12m_pct,jp_epi_electronics_gbp_12m_pct,pre_2020,2,0.19217476558954125,0.1723836705084753,0.34439834024896265,0.4896265560165975,274,0
raw_annual_rates,historical_targeted_hardware_12m_pct,jp_epi_electronics_gbp_12m_pct,pre_2020,3,0.24357626171456676,0.22873559968524265,0.2863070539419087,0.4107883817427386,273,0
raw_annual_rates,historical_targeted_hardware_12m_pct,jp_epi_electronics_gbp_12m_pct,pre_2020,4,0.29334735435551934,0.2826555308636868,0.22821576763485477,0.35684647302904565,272,0
raw_annual_rates,historical_targeted_hardware_12m_pct,jp_epi_electronics_gbp_12m_pct,pre_2020,5,0.3414112236402667,0.33388797968255424,0.12863070539419086,0.21161825726141079,271,0
raw_annual_rates,historical_targeted_hardware_12m_pct,jp_epi_electronics_gbp_12m_pct,pre_2020,6,0.3804835559160509,0.3747950491165201,0.05394190871369295,0.11618257261410789,270,0
raw_annual_rates,historical_targeted_hardware_12m_pct,jp_epi_electronics_gbp_12m_pct,pre_2020,7,0.4141724875336592,0.41005910730970135,0.02074688796680498,0.04149377593360996,269,0
raw_annual_rates,historical_targeted_hardware_12m_pct,jp_epi_electronics_gbp_12m_pct,pre_2020,8,0.4389193444631802,0.43582417739662604,0.004149377593360996,0.03734439834024896,268,0
raw_annual_rates,historical_targeted_hardware_12m_pct,jp_epi_electronics_gbp_12m_pct,pre_2020,9,0.4651049240999258,0.46267675652825496,0.004149377593360996,0.03319502074688797,267,0
raw_annual_rates,historical_targeted_hardware_12m_pct,jp_epi_electronics_gbp_12m_pct,pre_2020,10,0.48395429311173294,0.4822973163295875,0.004149377593360996,0.024896265560165973,266,0
raw_annual_rates,historical_targeted_hardware_12m_pct,jp_epi_electronics_gbp_12m_pct,pre_2020,11,0.49437532916933646,0.4937689018726488,0.004149377593360996,0.024896265560165973,265,0
raw_annual_rates,historical_targeted_hardware_12m_pct,jp_epi_electronics_gbp_12m_pct,pre_2020,12,0.4986715971517279,0.4986715971517279,0.004149377593360996,0.02074688796680498,264,0
raw_annual_rates,historical_targeted_hardware_12m_pct,jp_epi_electronics_gbp_12m_pct,pandemic_2020_2022,0,-0.7623116383732723,-0.6905273194058582,1.0,1.0,36,0
raw_annual_rates,historical_targeted_hardware_12m_pct,jp_epi_electronics_gbp_12m_pct,pandemic_2020_2022,1,-0.7315535693653503,-0.6066322699403186,1.0,1.0,35,0
raw_annual_rates,historical_targeted_hardware_12m_pct,jp_epi_electronics_gbp_12m_pct,pandemic_2020_2022,2,-0.6831718946469578,-0.4715850756429223,1.0,1.0,34,0
raw_annual_rates,historical_targeted_hardware_12m_pct,jp_epi_electronics_gbp_12m_pct,pandemic_2020_2022,3,-0.6083019910615041,-0.33793728694380615,0.5,1.0,33,0
raw_annual_rates,historical_targeted_hardware_12m_pct,jp_epi_electronics_gbp_12m_pct,pandemic_2020_2022,4,-0.5094884634028191,-0.17640292252646822,0.5,1.0,32,0
raw_annual_rates,historical_targeted_hardware_12m_pct,jp_epi_electronics_gbp_12m_pct,pandemic_2020_2022,5,-0.39143058495443706,-0.03596156278087914,1.0,1.0,31,0
raw_annual_rates,historical_targeted_hardware_12m_pct,jp_epi_electronics_gbp_12m_pct,pandemic_2020_2022,6,-0.2643443552662288,0.10801264223554571,1.0,1.0,30,0
raw_annual_rates,historical_targeted_hardware_12m_pct,jp_epi_electronics_gbp_12m_pct,pandemic_2020_2022,7,-0.06816684626624571,0.2642684690692468,1.0,1.0,29,0
raw_annual_rates,historical_targeted_hardware_12m_pct,jp_epi_electronics_gbp_12m_pct,pandemic_2020_2022,8,0.1694377125455849,0.4324412679511681,1.0,1.0,28,0
raw_annual_rates,historical_targeted_hardware_12m_pct,jp_epi_electronics_gbp_12m_pct,pandemic_2020_2022,9,0.3793035907494634,0.565861814799359,1.0,1.0,27,0
raw_annual_rates,historical_targeted_hardware_12m_pct,jp_epi_electronics_gbp_12m_pct,pandemic_2020_2022,10,0.5383288050213267,0.6480188461276596,0.5,1.0,26,0
raw_annual_rates,historical_targeted_hardware_12m_pct,jp_epi_electronics_gbp_12m_pct,pandemic_2020_2022,11,0.6940047363839482,0.7314491318783767,0.5,0.5,25,0
raw_annual_rates,historical_targeted_hardware_12m_pct,jp_epi_electronics_gbp_12m_pct,pandemic_2020_2022,12,0.7211580322902565,0.7211580322902565,0.5,0.5,24,0
raw_annual_rates,historical_targeted_hardware_12m_pct,jp_epi_electronics_gbp_12m_pct,post_2022,0,-0.3010277387396025,-0.4211576315094095,0.14285714285714285,0.14285714285714285,42,0
raw_annual_rates,historical_targeted_hardware_12m_pct,jp_epi_electronics_gbp_12m_pct,post_2022,1,-0.18417444565277963,-0.18707620041684161,1.0,1.0,41,0
raw_annual_rates,historical_targeted_hardware_12m_pct,jp_epi_electronics_gbp_12m_pct,post_2022,2,-0.08528796049336779,-0.030496623960265524,1.0,1.0,40,0
raw_annual_rates,historical_targeted_hardware_12m_pct,jp_epi_electronics_gbp_12m_pct,post_2022,3,0.028580137216434782,0.0970016092958402,0.8571428571428571,1.0,39,0
raw_annual_rates,historical_targeted_hardware_12m_pct,jp_epi_electronics_gbp_12m_pct,post_2022,4,0.12069086317010884,0.14643207840845263,0.7142857142857143,1.0,38,0
raw_annual_rates,historical_targeted_hardware_12m_pct,jp_epi_electronics_gbp_12m_pct,post_2022,5,0.25688636717623675,0.2524394098487504,0.14285714285714285,0.8571428571428571,37,0
raw_annual_rates,historical_targeted_hardware_12m_pct,jp_epi_electronics_gbp_12m_pct,post_2022,6,0.31749187289921377,0.29249927619975735,0.14285714285714285,0.8571428571428571,36,0
raw_annual_rates,historical_targeted_hardware_12m_pct,jp_epi_electronics_gbp_12m_pct,post_2022,7,0.49798502806855177,0.49056947479526464,0.14285714285714285,0.14285714285714285,35,0
raw_annual_rates,historical_targeted_hardware_12m_pct,jp_epi_electronics_gbp_12m_pct,post_2022,8,0.5720419137146008,0.5740734153558972,0.14285714285714285,0.14285714285714285,34,0
raw_annual_rates,historical_targeted_hardware_12m_pct,jp_epi_electronics_gbp_12m_pct,post_2022,9,0.6125942933986385,0.6371049784690712,0.14285714285714285,0.14285714285714285,33,0
raw_annual_rates,historical_targeted_hardware_12m_pct,jp_epi_electronics_gbp_12m_pct,post_2022,10,0.5385393356268795,0.5747446973904873,0.14285714285714285,0.14285714285714285,32,0
raw_annual_rates,historical_targeted_hardware_12m_pct,jp_epi_electronics_gbp_12m_pct,post_2022,11,0.46516301810546623,0.48913333359244104,0.14285714285714285,0.14285714285714285,31,0
raw_annual_rates,historical_targeted_hardware_12m_pct,jp_epi_electronics_gbp_12m_pct,post_2022,12,0.28549760198469615,0.28549760198469615,0.14285714285714285,0.8571428571428571,30,0
raw_annual_rates,historical_targeted_hardware_12m_pct,kr_epi_tech_gbp_12m_pct,full,0,-0.17733140335550052,-0.1499770066312089,0.76,1.0,85,0
raw_annual_rates,historical_targeted_hardware_12m_pct,kr_epi_tech_gbp_12m_pct,full,1,-0.15712635542930783,-0.1429416735571994,0.8,1.0,84,0
raw_annual_rates,historical_targeted_hardware_12m_pct,kr_epi_tech_gbp_12m_pct,full,2,-0.14469241904591587,-0.12753340180106162,0.82,1.0,83,0
raw_annual_rates,historical_targeted_hardware_12m_pct,kr_epi_tech_gbp_12m_pct,full,3,-0.14662609552645678,-0.12448734167402187,0.84,1.0,82,0
raw_annual_rates,historical_targeted_hardware_12m_pct,kr_epi_tech_gbp_12m_pct,full,4,-0.13664416261768397,-0.11450012383145763,0.86,1.0,81,0
raw_annual_rates,historical_targeted_hardware_12m_pct,kr_epi_tech_gbp_12m_pct,full,5,-0.082529912550161,-0.07271221659456055,0.94,1.0,80,0
raw_annual_rates,historical_targeted_hardware_12m_pct,kr_epi_tech_gbp_12m_pct,full,6,-0.05244532648340118,-0.05314994200930729,0.94,1.0,79,0
raw_annual_rates,historical_targeted_hardware_12m_pct,kr_epi_tech_gbp_12m_pct,full,7,-0.027927700474929682,-0.0337663232124685,0.98,1.0,78,0
raw_annual_rates,historical_targeted_hardware_12m_pct,kr_epi_tech_gbp_12m_pct,full,8,-0.0029721696590875937,-0.010864018390539206,1.0,1.0,77,0
raw_annual_rates,historical_targeted_hardware_12m_pct,kr_epi_tech_gbp_12m_pct,full,9,-0.01693269267703835,-0.019987806875410085,0.98,1.0,76,0
raw_annual_rates,historical_targeted_hardware_12m_pct,kr_epi_tech_gbp_12m_pct,full,10,-0.0166871006711828,-0.018384427990704773,0.96,1.0,75,0
raw_annual_rates,historical_targeted_hardware_12m_pct,kr_epi_tech_gbp_12m_pct,full,11,-0.018720530378540354,-0.01814498549544057,0.98,1.0,74,0
raw_annual_rates,historical_targeted_hardware_12m_pct,kr_epi_tech_gbp_12m_pct,full,12,-0.04963550836813053,-0.04963550836813053,0.9,1.0,73,0
raw_annual_rates,historical_targeted_hardware_12m_pct,kr_epi_tech_gbp_12m_pct,pandemic_2020_2022,0,0.4550016557054706,0.548012170726903,0.5,0.5,36,0
raw_annual_rates,historical_targeted_hardware_12m_pct,kr_epi_tech_gbp_12m_pct,pandemic_2020_2022,1,0.4118627260268618,0.550524144923134,0.5,0.5,35,0
raw_annual_rates,historical_targeted_hardware_12m_pct,kr_epi_tech_gbp_12m_pct,pandemic_2020_2022,2,0.2635151810303498,0.4567280603687877,0.5,0.5,34,0
raw_annual_rates,historical_targeted_hardware_12m_pct,kr_epi_tech_gbp_12m_pct,pandemic_2020_2022,3,0.12034304644057713,0.3313031295990586,0.5,0.5,33,0
raw_annual_rates,historical_targeted_hardware_12m_pct,kr_epi_tech_gbp_12m_pct,pandemic_2020_2022,4,0.003292380549510002,0.17107399221527747,0.5,1.0,32,0
raw_annual_rates,historical_targeted_hardware_12m_pct,kr_epi_tech_gbp_12m_pct,pandemic_2020_2022,5,-0.20339810731071525,-0.1002190910941941,1.0,1.0,31,0
raw_annual_rates,historical_targeted_hardware_12m_pct,kr_epi_tech_gbp_12m_pct,pandemic_2020_2022,6,-0.436338345049236,-0.34776906970429844,0.5,0.5,30,0
raw_annual_rates,historical_targeted_hardware_12m_pct,kr_epi_tech_gbp_12m_pct,pandemic_2020_2022,7,-0.516283002185564,-0.4799723789686387,0.5,0.5,29,0
raw_annual_rates,historical_targeted_hardware_12m_pct,kr_epi_tech_gbp_12m_pct,pandemic_2020_2022,8,-0.6073853336035538,-0.5950145227784734,0.5,0.5,28,0
raw_annual_rates,historical_targeted_hardware_12m_pct,kr_epi_tech_gbp_12m_pct,pandemic_2020_2022,9,-0.600837323541966,-0.5632515349742745,0.5,0.5,27,0
raw_annual_rates,historical_targeted_hardware_12m_pct,kr_epi_tech_gbp_12m_pct,pandemic_2020_2022,10,-0.6521589300691912,-0.6370767112544874,0.5,0.5,26,0
raw_annual_rates,historical_targeted_hardware_12m_pct,kr_epi_tech_gbp_12m_pct,pandemic_2020_2022,11,-0.692606547663361,-0.687850390226097,0.5,0.5,25,0
raw_annual_rates,historical_targeted_hardware_12m_pct,kr_epi_tech_gbp_12m_pct,pandemic_2020_2022,12,-0.7132882439282155,-0.7132882439282155,0.5,0.5,24,0
raw_annual_rates,historical_targeted_hardware_12m_pct,kr_epi_tech_gbp_12m_pct,post_2022,0,-0.43755832945382084,-0.8030837660093882,0.2,0.4,40,0
raw_annual_rates,historical_targeted_hardware_12m_pct,kr_epi_tech_gbp_12m_pct,post_2022,1,-0.4498278697521013,-0.8022392815412701,0.4,0.4,39,0
raw_annual_rates,historical_targeted_hardware_12m_pct,kr_epi_tech_gbp_12m_pct,post_2022,2,-0.46240364347294843,-0.734732700591045,0.6,0.8,38,0
raw_annual_rates,historical_targeted_hardware_12m_pct,kr_epi_tech_gbp_12m_pct,post_2022,3,-0.4996219990767851,-0.6609404524053557,0.6,1.0,37,0
raw_annual_rates,historical_targeted_hardware_12m_pct,kr_epi_tech_gbp_12m_pct,post_2022,4,-0.5040313259789913,-0.5945643653723298,0.8,1.0,36,0
raw_annual_rates,historical_targeted_hardware_12m_pct,kr_epi_tech_gbp_12m_pct,post_2022,5,-0.38359883216974777,-0.4498325514265006,1.0,1.0,35,0
raw_annual_rates,historical_targeted_hardware_12m_pct,kr_epi_tech_gbp_12m_pct,post_2022,6,-0.2676679440307723,-0.3293170693368975,1.0,1.0,34,0
raw_annual_rates,historical_targeted_hardware_12m_pct,kr_epi_tech_gbp_12m_pct,post_2022,7,-0.15943672903326092,-0.20759738430539945,1.0,1.0,33,0
raw_annual_rates,historical_targeted_hardware_12m_pct,kr_epi_tech_gbp_12m_pct,post_2022,8,-0.01251845068085983,-0.04340107484955569,1.0,1.0,32,0
raw_annual_rates,historical_targeted_hardware_12m_pct,kr_epi_tech_gbp_12m_pct,post_2022,9,0.01762196330942952,0.01594444268500599,1.0,1.0,31,0
raw_annual_rates,historical_targeted_hardware_12m_pct,kr_epi_tech_gbp_12m_pct,post_2022,10,0.12159275231282225,0.12841840485164477,0.6,1.0,30,0
raw_annual_rates,historical_targeted_hardware_12m_pct,kr_epi_tech_gbp_12m_pct,post_2022,11,0.17430164253094751,0.18700535883295102,0.2,1.0,29,0
raw_annual_rates,historical_targeted_hardware_12m_pct,kr_epi_tech_gbp_12m_pct,post_2022,12,0.17625348825101453,0.17625348825101453,0.2,1.0,28,0
raw_annual_rates,historical_targeted_hardware_12m_pct,cn_ppi_tech_gbp_12m_pct,full,0,-0.21325041888601565,-0.2967424343048654,0.391304347826087,0.9130434782608695,58,0
raw_annual_rates,historical_targeted_hardware_12m_pct,cn_ppi_tech_gbp_12m_pct,full,1,-0.12038306413635408,-0.1969110209546009,0.6086956521739131,1.0,57,0
raw_annual_rates,historical_targeted_hardware_12m_pct,cn_ppi_tech_gbp_12m_pct,full,2,-0.08699837852532329,-0.1491620485933074,0.6521739130434783,1.0,56,0
raw_annual_rates,historical_targeted_hardware_12m_pct,cn_ppi_tech_gbp_12m_pct,full,3,-0.017442737277759572,-0.066746173613426,0.8695652173913043,1.0,55,0
raw_annual_rates,historical_targeted_hardware_12m_pct,cn_ppi_tech_gbp_12m_pct,full,4,0.049501957330819635,0.009268342609658755,0.9565217391304348,1.0,54,0
raw_annual_rates,historical_targeted_hardware_12m_pct,cn_ppi_tech_gbp_12m_pct,full,5,0.14900928372874403,0.12244859996997506,0.6086956521739131,1.0,53,0
raw_annual_rates,historical_targeted_hardware_12m_pct,cn_ppi_tech_gbp_12m_pct,full,6,0.2477477950970939,0.2357376118223184,0.30434782608695654,0.9565217391304348,52,0
raw_annual_rates,historical_targeted_hardware_12m_pct,cn_ppi_tech_gbp_12m_pct,full,7,0.3784039404075074,0.38777618624582605,0.13043478260869565,0.5652173913043478,51,0
raw_annual_rates,historical_targeted_hardware_12m_pct,cn_ppi_tech_gbp_12m_pct,full,8,0.5059324153110963,0.5200387736167676,0.043478260869565216,0.13043478260869565,50,0
raw_annual_rates,historical_targeted_hardware_12m_pct,cn_ppi_tech_gbp_12m_pct,full,9,0.5973339199008645,0.6036423089098208,0.043478260869565216,0.043478260869565216,49,0
raw_annual_rates,historical_targeted_hardware_12m_pct,cn_ppi_tech_gbp_12m_pct,full,10,0.6700944366908728,0.6713237938581403,0.043478260869565216,0.043478260869565216,48,0
raw_annual_rates,historical_targeted_hardware_12m_pct,cn_ppi_tech_gbp_12m_pct,full,11,0.698867381459704,0.7012430685113944,0.043478260869565216,0.043478260869565216,47,0
raw_annual_rates,historical_targeted_hardware_12m_pct,cn_ppi_tech_gbp_12m_pct,full,12,0.7003923418938549,0.7003923418938549,0.043478260869565216,0.043478260869565216,46,0
raw_annual_rates,historical_targeted_hardware_12m_pct,cn_ppi_tech_gbp_12m_pct,pandemic_2020_2022,0,-0.8718659553321327,-0.8670262397444688,0.5,0.5,22,0
raw_annual_rates,historical_targeted_hardware_12m_pct,cn_ppi_tech_gbp_12m_pct,pandemic_2020_2022,1,-0.911596077597207,-0.9020904429389459,0.5,0.5,21,0
raw_annual_rates,historical_targeted_hardware_12m_pct,cn_ppi_tech_gbp_12m_pct,pandemic_2020_2022,2,-0.9560365701063801,-0.8711338306803061,0.5,0.5,20,0
raw_annual_rates,historical_targeted_hardware_12m_pct,cn_ppi_tech_gbp_12m_pct,pandemic_2020_2022,3,-0.9235126638063237,-0.8886845677955638,0.5,0.5,19,0
raw_annual_rates,historical_targeted_hardware_12m_pct,cn_ppi_tech_gbp_12m_pct,pandemic_2020_2022,4,-0.8811184675594709,-0.8183654467026517,0.5,0.5,18,0
raw_annual_rates,historical_targeted_hardware_12m_pct,cn_ppi_tech_gbp_12m_pct,pandemic_2020_2022,5,-0.8520935162201596,-0.8487816319845018,0.5,0.5,17,0
raw_annual_rates,historical_targeted_hardware_12m_pct,cn_ppi_tech_gbp_12m_pct,pandemic_2020_2022,6,-0.8415451720475664,-0.9155900628367684,0.5,0.5,16,0
raw_annual_rates,historical_targeted_hardware_12m_pct,cn_ppi_tech_gbp_12m_pct,pandemic_2020_2022,7,-0.7813472151702558,-0.9131259231638059,0.5,0.5,15,0
raw_annual_rates,historical_targeted_hardware_12m_pct,cn_ppi_tech_gbp_12m_pct,pandemic_2020_2022,8,-0.7529244329610265,-0.9179241877441077,0.5,0.5,14,0
raw_annual_rates,historical_targeted_hardware_12m_pct,cn_ppi_tech_gbp_12m_pct,pandemic_2020_2022,9,-0.7266854750727184,-0.9072303772108714,0.5,0.5,13,0
raw_annual_rates,historical_targeted_hardware_12m_pct,cn_ppi_tech_gbp_12m_pct,pandemic_2020_2022,10,-0.6220957666242338,-0.6796123049400312,0.5,1.0,12,0
raw_annual_rates,historical_targeted_hardware_12m_pct,cn_ppi_tech_gbp_12m_pct,pandemic_2020_2022,11,-0.44456792913212584,-0.4951788603037717,0.5,1.0,11,0
raw_annual_rates,historical_targeted_hardware_12m_pct,cn_ppi_tech_gbp_12m_pct,pandemic_2020_2022,12,-0.2688183104590278,-0.2688183104590278,1.0,1.0,10,0
raw_annual_rates,historical_targeted_hardware_12m_pct,cn_ppi_tech_gbp_12m_pct,post_2022,0,-0.311611816388265,-0.34023503324339927,1.0,1.0,36,0
raw_annual_rates,historical_targeted_hardware_12m_pct,cn_ppi_tech_gbp_12m_pct,post_2022,1,-0.006345003083496352,-0.015241591263123163,1.0,1.0,35,0
raw_annual_rates,historical_targeted_hardware_12m_pct,cn_ppi_tech_gbp_12m_pct,post_2022,2,0.12428917949872217,0.18245888674190303,0.5,1.0,34,0
raw_annual_rates,historical_targeted_hardware_12m_pct,cn_ppi_tech_gbp_12m_pct,post_2022,3,0.2660693108145885,0.3195405304444378,0.5,1.0,33,0
raw_annual_rates,historical_targeted_hardware_12m_pct,cn_ppi_tech_gbp_12m_pct,post_2022,4,0.31105006127757556,0.37669757331241044,0.5,1.0,32,0
raw_annual_rates,historical_targeted_hardware_12m_pct,cn_ppi_tech_gbp_12m_pct,post_2022,5,0.38704508473027055,0.43437465955258053,0.5,1.0,31,0
raw_annual_rates,historical_targeted_hardware_12m_pct,cn_ppi_tech_gbp_12m_pct,post_2022,6,0.41351361136863435,0.46683769298674344,0.5,1.0,30,0
raw_annual_rates,historical_targeted_hardware_12m_pct,cn_ppi_tech_gbp_12m_pct,post_2022,7,0.5127072393194452,0.6162491489535856,0.5,0.5,29,0
raw_annual_rates,historical_targeted_hardware_12m_pct,cn_ppi_tech_gbp_12m_pct,post_2022,8,0.6161754624670944,0.7156491010188386,0.5,0.5,28,0
raw_annual_rates,historical_targeted_hardware_12m_pct,cn_ppi_tech_gbp_12m_pct,post_2022,9,0.6636456316834652,0.6967941065605618,0.5,0.5,27,0
raw_annual_rates,historical_targeted_hardware_12m_pct,cn_ppi_tech_gbp_12m_pct,post_2022,10,0.6691467060176401,0.6603062771750131,0.5,0.5,26,0
raw_annual_rates,historical_targeted_hardware_12m_pct,cn_ppi_tech_gbp_12m_pct,post_2022,11,0.49496565154520866,0.5080651387620841,0.5,0.5,25,0
raw_annual_rates,historical_targeted_hardware_12m_pct,cn_ppi_tech_gbp_12m_pct,post_2022,12,0.3513749307448093,0.3513749307448093,0.5,1.0,24,0
raw_annual_rates,historical_targeted_hardware_12m_pct,tw_epi_integrated_circuits_gbp_12m_pct,full,0,0.1708911700978153,0.16341336713874585,0.4271186440677966,0.6711864406779661,330,0
raw_annual_rates,historical_targeted_hardware_12m_pct,tw_epi_integrated_circuits_gbp_12m_pct,full,1,0.19438198503461793,0.18959499000039373,0.3152542372881356,0.5389830508474577,329,0
raw_annual_rates,historical_targeted_hardware_12m_pct,tw_epi_integrated_circuits_gbp_12m_pct,full,2,0.21840333102316453,0.21664765435958083,0.22033898305084745,0.43389830508474575,328,0
raw_annual_rates,historical_targeted_hardware_12m_pct,tw_epi_integrated_circuits_gbp_12m_pct,full,3,0.24075765824952583,0.2415102078382783,0.15932203389830507,0.30847457627118646,327,0
raw_annual_rates,historical_targeted_hardware_12m_pct,tw_epi_integrated_circuits_gbp_12m_pct,full,4,0.26253914146098056,0.2654392851450064,0.1152542372881356,0.2677966101694915,326,0
raw_annual_rates,historical_targeted_hardware_12m_pct,tw_epi_integrated_circuits_gbp_12m_pct,full,5,0.2829050287509586,0.2855726508980015,0.08135593220338982,0.2271186440677966,325,0
raw_annual_rates,historical_targeted_hardware_12m_pct,tw_epi_integrated_circuits_gbp_12m_pct,full,6,0.3022445580633286,0.3041754766585843,0.061016949152542375,0.15593220338983052,324,0
raw_annual_rates,historical_targeted_hardware_12m_pct,tw_epi_integrated_circuits_gbp_12m_pct,full,7,0.3177663318991911,0.31944913291269333,0.04745762711864407,0.1288135593220339,323,0
raw_annual_rates,historical_targeted_hardware_12m_pct,tw_epi_integrated_circuits_gbp_12m_pct,full,8,0.33112318375220445,0.33289999110933727,0.03728813559322034,0.1016949152542373,322,0
raw_annual_rates,historical_targeted_hardware_12m_pct,tw_epi_integrated_circuits_gbp_12m_pct,full,9,0.34865729320892386,0.3506091216417719,0.02711864406779661,0.08135593220338982,321,0
raw_annual_rates,historical_targeted_hardware_12m_pct,tw_epi_integrated_circuits_gbp_12m_pct,full,10,0.3626253942564374,0.36427849419715286,0.020338983050847456,0.0711864406779661,320,0
raw_annual_rates,historical_targeted_hardware_12m_pct,tw_epi_integrated_circuits_gbp_12m_pct,full,11,0.3736906543580464,0.37487234696098354,0.010169491525423728,0.061016949152542375,319,0
raw_annual_rates,historical_targeted_hardware_12m_pct,tw_epi_integrated_circuits_gbp_12m_pct,full,12,0.37850666189506293,0.37850666189506293,0.003389830508474576,0.03728813559322034,318,0
raw_annual_rates,historical_targeted_hardware_12m_pct,tw_epi_integrated_circuits_gbp_12m_pct,pre_2020,0,0.1432454281236418,0.13508006135673997,0.4930875576036866,0.6774193548387096,252,0
raw_annual_rates,historical_targeted_hardware_12m_pct,tw_epi_integrated_circuits_gbp_12m_pct,pre_2020,1,0.17617234378200375,0.16845643643037483,0.43317972350230416,0.6129032258064516,251,0
raw_annual_rates,historical_targeted_hardware_12m_pct,tw_epi_integrated_circuits_gbp_12m_pct,pre_2020,2,0.21077223866974934,0.20414549491385922,0.3640552995391705,0.5622119815668203,250,0
raw_annual_rates,historical_targeted_hardware_12m_pct,tw_epi_integrated_circuits_gbp_12m_pct,pre_2020,3,0.23979566057655985,0.23448299624846763,0.28110599078341014,0.48847926267281105,249,0
raw_annual_rates,historical_targeted_hardware_12m_pct,tw_epi_integrated_circuits_gbp_12m_pct,pre_2020,4,0.2658908624977418,0.2619029789238107,0.17511520737327188,0.3686635944700461,248,0
raw_annual_rates,historical_targeted_hardware_12m_pct,tw_epi_integrated_circuits_gbp_12m_pct,pre_2020,5,0.2846185193150018,0.2814119379446825,0.15668202764976957,0.2995391705069124,247,0
raw_annual_rates,historical_targeted_hardware_12m_pct,tw_epi_integrated_circuits_gbp_12m_pct,pre_2020,6,0.30125984036673364,0.29815671926986664,0.12903225806451613,0.22580645161290322,246,0
raw_annual_rates,historical_targeted_hardware_12m_pct,tw_epi_integrated_circuits_gbp_12m_pct,pre_2020,7,0.3104987187867671,0.3076681885620831,0.12442396313364056,0.2073732718894009,245,0
raw_annual_rates,historical_targeted_hardware_12m_pct,tw_epi_integrated_circuits_gbp_12m_pct,pre_2020,8,0.31881327393815057,0.3165001369614465,0.11059907834101383,0.18433179723502305,244,0
raw_annual_rates,historical_targeted_hardware_12m_pct,tw_epi_integrated_circuits_gbp_12m_pct,pre_2020,9,0.333103751895586,0.3314027603568361,0.08755760368663594,0.15207373271889402,243,0
raw_annual_rates,historical_targeted_hardware_12m_pct,tw_epi_integrated_circuits_gbp_12m_pct,pre_2020,10,0.3462092740224082,0.3450834699363564,0.05069124423963134,0.1152073732718894,242,0
raw_annual_rates,historical_targeted_hardware_12m_pct,tw_epi_integrated_circuits_gbp_12m_pct,pre_2020,11,0.355898395149919,0.3554720046027513,0.013824884792626729,0.04608294930875576,241,0
raw_annual_rates,historical_targeted_hardware_12m_pct,tw_epi_integrated_circuits_gbp_12m_pct,pre_2020,12,0.36170317883803776,0.36170317883803776,0.009216589861751152,0.03686635944700461,240,0
raw_annual_rates,historical_targeted_hardware_12m_pct,tw_epi_integrated_circuits_gbp_12m_pct,pandemic_2020_2022,0,-0.5544148528234398,-0.33515277154886725,1.0,1.0,36,0
raw_annual_rates,historical_targeted_hardware_12m_pct,tw_epi_integrated_circuits_gbp_12m_pct,pandemic_2020_2022,1,-0.6078861151843137,-0.30277058403615126,1.0,1.0,35,0
raw_annual_rates,historical_targeted_hardware_12m_pct,tw_epi_integrated_circuits_gbp_12m_pct,pandemic_2020_2022,2,-0.669092326229023,-0.33848075041492875,1.0,1.0,34,0
raw_annual_rates,historical_targeted_hardware_12m_pct,tw_epi_integrated_circuits_gbp_12m_pct,pandemic_2020_2022,3,-0.6985111776112723,-0.3683286601531862,1.0,1.0,33,0
raw_annual_rates,historical_targeted_hardware_12m_pct,tw_epi_integrated_circuits_gbp_12m_pct,pandemic_2020_2022,4,-0.6955420144066218,-0.3554982296531639,0.5,1.0,32,0
raw_annual_rates,historical_targeted_hardware_12m_pct,tw_epi_integrated_circuits_gbp_12m_pct,pandemic_2020_2022,5,-0.6976876594667378,-0.42613746629245175,0.5,1.0,31,0
raw_annual_rates,historical_targeted_hardware_12m_pct,tw_epi_integrated_circuits_gbp_12m_pct,pandemic_2020_2022,6,-0.6703111172681905,-0.41456453524421544,0.5,1.0,30,0
raw_annual_rates,historical_targeted_hardware_12m_pct,tw_epi_integrated_circuits_gbp_12m_pct,pandemic_2020_2022,7,-0.5913887015593231,-0.33349402875926665,0.5,1.0,29,0
raw_annual_rates,historical_targeted_hardware_12m_pct,tw_epi_integrated_circuits_gbp_12m_pct,pandemic_2020_2022,8,-0.4975816005526919,-0.2411020820230907,0.5,1.0,28,0
raw_annual_rates,historical_targeted_hardware_12m_pct,tw_epi_integrated_circuits_gbp_12m_pct,pandemic_2020_2022,9,-0.3313785703537715,-0.11123795596390422,1.0,1.0,27,0
raw_annual_rates,historical_targeted_hardware_12m_pct,tw_epi_integrated_circuits_gbp_12m_pct,pandemic_2020_2022,10,-0.19889581916241114,-0.0011045532074071785,1.0,1.0,26,0
raw_annual_rates,historical_targeted_hardware_12m_pct,tw_epi_integrated_circuits_gbp_12m_pct,pandemic_2020_2022,11,-0.027834913391238458,0.08060393834178464,1.0,1.0,25,0
raw_annual_rates,historical_targeted_hardware_12m_pct,tw_epi_integrated_circuits_gbp_12m_pct,pandemic_2020_2022,12,0.09560016208524307,0.09560016208524307,1.0,1.0,24,0
raw_annual_rates,historical_targeted_hardware_12m_pct,tw_epi_integrated_circuits_gbp_12m_pct,post_2022,0,-0.2743395054037364,-0.36423933717162704,0.14285714285714285,0.2857142857142857,42,0
raw_annual_rates,historical_targeted_hardware_12m_pct,tw_epi_integrated_circuits_gbp_12m_pct,post_2022,1,-0.07725190857393299,-0.08095372964354644,0.8571428571428571,1.0,41,0
raw_annual_rates,historical_targeted_hardware_12m_pct,tw_epi_integrated_circuits_gbp_12m_pct,post_2022,2,0.027158493563644574,0.04989180992680593,0.8571428571428571,1.0,40,0
raw_annual_rates,historical_targeted_hardware_12m_pct,tw_epi_integrated_circuits_gbp_12m_pct,post_2022,3,0.14296884289932177,0.17698191568380106,0.14285714285714285,1.0,39,0
raw_annual_rates,historical_targeted_hardware_12m_pct,tw_epi_integrated_circuits_gbp_12m_pct,post_2022,4,0.15758225154046387,0.20016933555639133,0.2857142857142857,1.0,38,0
raw_annual_rates,historical_targeted_hardware_12m_pct,tw_epi_integrated_circuits_gbp_12m_pct,post_2022,5,0.2357171845128489,0.2839941848905757,0.14285714285714285,0.42857142857142855,37,0
raw_annual_rates,historical_targeted_hardware_12m_pct,tw_epi_integrated_circuits_gbp_12m_pct,post_2022,6,0.2468097824881675,0.2791441767144117,0.14285714285714285,0.42857142857142855,36,0
raw_annual_rates,historical_targeted_hardware_12m_pct,tw_epi_integrated_circuits_gbp_12m_pct,post_2022,7,0.42476898571692673,0.43740843078946334,0.14285714285714285,0.14285714285714285,35,0
raw_annual_rates,historical_targeted_hardware_12m_pct,tw_epi_integrated_circuits_gbp_12m_pct,post_2022,8,0.5223123284994785,0.5274037391142619,0.14285714285714285,0.14285714285714285,34,0
raw_annual_rates,historical_targeted_hardware_12m_pct,tw_epi_integrated_circuits_gbp_12m_pct,post_2022,9,0.6339810202437612,0.6343636869818003,0.14285714285714285,0.14285714285714285,33,0
raw_annual_rates,historical_targeted_hardware_12m_pct,tw_epi_integrated_circuits_gbp_12m_pct,post_2022,10,0.6206507928913052,0.6287433026796008,0.14285714285714285,0.14285714285714285,32,0
raw_annual_rates,historical_targeted_hardware_12m_pct,tw_epi_integrated_circuits_gbp_12m_pct,post_2022,11,0.504771144574583,0.5181327502968461,0.14285714285714285,0.14285714285714285,31,0
raw_annual_rates,historical_targeted_hardware_12m_pct,tw_epi_integrated_circuits_gbp_12m_pct,post_2022,12,0.3140448946622768,0.3140448946622768,0.14285714285714285,0.42857142857142855,30,0
raw_annual_rates,historical_targeted_hardware_12m_pct,hk_ppi_tech_gbp_12m_pct,full,0,-0.05942980986742547,-0.0730960494292976,0.5485436893203883,0.7961165048543689,241,0
raw_annual_rates,historical_targeted_hardware_12m_pct,hk_ppi_tech_gbp_12m_pct,full,1,-0.02905512178301993,-0.034279482672038175,0.8106796116504854,0.9660194174757282,240,0
raw_annual_rates,historical_targeted_hardware_12m_pct,hk_ppi_tech_gbp_12m_pct,full,2,0.0002138229536414776,-0.004455073735817384,0.9805825242718447,1.0,239,0
raw_annual_rates,historical_targeted_hardware_12m_pct,hk_ppi_tech_gbp_12m_pct,full,3,0.029242844126358514,0.02354471926732962,0.8640776699029126,0.9805825242718447,238,0
raw_annual_rates,historical_targeted_hardware_12m_pct,hk_ppi_tech_gbp_12m_pct,full,4,0.04570010986035411,0.039835612782011,0.7378640776699029,0.9563106796116505,237,0
raw_annual_rates,historical_targeted_hardware_12m_pct,hk_ppi_tech_gbp_12m_pct,full,5,0.05584021806680852,0.05334221558762706,0.6796116504854369,0.883495145631068,236,0
raw_annual_rates,historical_targeted_hardware_12m_pct,hk_ppi_tech_gbp_12m_pct,full,6,0.04720974499671174,0.046873120761438646,0.7135922330097088,0.9368932038834952,235,0
raw_annual_rates,historical_targeted_hardware_12m_pct,hk_ppi_tech_gbp_12m_pct,full,7,0.04029848550997177,0.04337911485318133,0.7427184466019418,0.9514563106796117,234,0
raw_annual_rates,historical_targeted_hardware_12m_pct,hk_ppi_tech_gbp_12m_pct,full,8,0.040445150247049096,0.04202994002585144,0.7572815533980582,0.9514563106796117,233,0
raw_annual_rates,historical_targeted_hardware_12m_pct,hk_ppi_tech_gbp_12m_pct,full,9,0.027000783850149063,0.027084839008896088,0.8592233009708737,0.9757281553398058,232,0
raw_annual_rates,historical_targeted_hardware_12m_pct,hk_ppi_tech_gbp_12m_pct,full,10,0.010173051847313786,0.008241261373213453,0.9563106796116505,1.0,231,0
raw_annual_rates,historical_targeted_hardware_12m_pct,hk_ppi_tech_gbp_12m_pct,full,11,-0.004987746486014293,-0.006205394524020459,0.9805825242718447,1.0,230,0
raw_annual_rates,historical_targeted_hardware_12m_pct,hk_ppi_tech_gbp_12m_pct,full,12,-0.029400288898084753,-0.029400288898084753,0.8689320388349514,0.970873786407767,229,0
raw_annual_rates,historical_targeted_hardware_12m_pct,hk_ppi_tech_gbp_12m_pct,pre_2020,0,0.0065790183054082,0.013610045797964793,0.96875,1.0,163,0
raw_annual_rates,historical_targeted_hardware_12m_pct,hk_ppi_tech_gbp_12m_pct,pre_2020,1,0.04440479189430894,0.05336447334646009,0.890625,1.0,162,0
raw_annual_rates,historical_targeted_hardware_12m_pct,hk_ppi_tech_gbp_12m_pct,pre_2020,2,0.07002390281985343,0.07874893098463087,0.8359375,0.984375,161,0
raw_annual_rates,historical_targeted_hardware_12m_pct,hk_ppi_tech_gbp_12m_pct,pre_2020,3,0.08998204473040038,0.09836373189618322,0.828125,0.953125,160,0
raw_annual_rates,historical_targeted_hardware_12m_pct,hk_ppi_tech_gbp_12m_pct,pre_2020,4,0.0992491389978733,0.10783816646170065,0.8203125,0.9453125,159,0
raw_annual_rates,historical_targeted_hardware_12m_pct,hk_ppi_tech_gbp_12m_pct,pre_2020,5,0.10822356303627427,0.11663829378743788,0.828125,0.9375,158,0
raw_annual_rates,historical_targeted_hardware_12m_pct,hk_ppi_tech_gbp_12m_pct,pre_2020,6,0.09755987408932612,0.1044078015860633,0.8515625,0.9453125,157,0
raw_annual_rates,historical_targeted_hardware_12m_pct,hk_ppi_tech_gbp_12m_pct,pre_2020,7,0.08927106511486285,0.09440959416824601,0.859375,0.953125,156,0
raw_annual_rates,historical_targeted_hardware_12m_pct,hk_ppi_tech_gbp_12m_pct,pre_2020,8,0.08894644323135772,0.09352036460972953,0.875,0.953125,155,0
raw_annual_rates,historical_targeted_hardware_12m_pct,hk_ppi_tech_gbp_12m_pct,pre_2020,9,0.07330109142353222,0.07725843187361627,0.9140625,0.984375,154,0
raw_annual_rates,historical_targeted_hardware_12m_pct,hk_ppi_tech_gbp_12m_pct,pre_2020,10,0.054573142201595336,0.05656861248111231,0.9296875,0.9921875,153,0
raw_annual_rates,historical_targeted_hardware_12m_pct,hk_ppi_tech_gbp_12m_pct,pre_2020,11,0.03796398782216829,0.038375856848629375,0.953125,1.0,152,0
raw_annual_rates,historical_targeted_hardware_12m_pct,hk_ppi_tech_gbp_12m_pct,pre_2020,12,0.014114518381048852,0.014114518381048852,0.984375,1.0,151,0
raw_annual_rates,historical_targeted_hardware_12m_pct,hk_ppi_tech_gbp_12m_pct,pandemic_2020_2022,0,-0.40881030572017163,-0.2868690251899158,0.5,1.0,36,0
raw_annual_rates,historical_targeted_hardware_12m_pct,hk_ppi_tech_gbp_12m_pct,pandemic_2020_2022,1,-0.26348805228184474,-0.1477946190955222,0.5,1.0,35,0
raw_annual_rates,historical_targeted_hardware_12m_pct,hk_ppi_tech_gbp_12m_pct,pandemic_2020_2022,2,-0.14754930731364965,-0.011882392582018501,1.0,1.0,34,0
raw_annual_rates,historical_targeted_hardware_12m_pct,hk_ppi_tech_gbp_12m_pct,pandemic_2020_2022,3,0.021170118725376903,0.1474826681384645,1.0,1.0,33,0
raw_annual_rates,historical_targeted_hardware_12m_pct,hk_ppi_tech_gbp_12m_pct,pandemic_2020_2022,4,0.18401803836680022,0.2751268024579963,1.0,1.0,32,0
raw_annual_rates,historical_targeted_hardware_12m_pct,hk_ppi_tech_gbp_12m_pct,pandemic_2020_2022,5,0.36931734702700036,0.5011795085867131,0.5,1.0,31,0
raw_annual_rates,historical_targeted_hardware_12m_pct,hk_ppi_tech_gbp_12m_pct,pandemic_2020_2022,6,0.5745414053652252,0.6972177278435597,0.5,0.5,30,0
raw_annual_rates,historical_targeted_hardware_12m_pct,hk_ppi_tech_gbp_12m_pct,pandemic_2020_2022,7,0.7373544188641712,0.7762344683028527,0.5,0.5,29,0
raw_annual_rates,historical_targeted_hardware_12m_pct,hk_ppi_tech_gbp_12m_pct,pandemic_2020_2022,8,0.7756334520591639,0.8132761514438798,0.5,0.5,28,0
raw_annual_rates,historical_targeted_hardware_12m_pct,hk_ppi_tech_gbp_12m_pct,pandemic_2020_2022,9,0.6946886214006252,0.686885489387623,0.5,0.5,27,0
raw_annual_rates,historical_targeted_hardware_12m_pct,hk_ppi_tech_gbp_12m_pct,pandemic_2020_2022,10,0.7277721274834706,0.6934841950524393,0.5,0.5,26,0
raw_annual_rates,historical_targeted_hardware_12m_pct,hk_ppi_tech_gbp_12m_pct,pandemic_2020_2022,11,0.7095912408496703,0.695287278345292,0.5,0.5,25,0
raw_annual_rates,historical_targeted_hardware_12m_pct,hk_ppi_tech_gbp_12m_pct,pandemic_2020_2022,12,0.6982991422865897,0.6982991422865897,0.5,0.5,24,0
raw_annual_rates,historical_targeted_hardware_12m_pct,hk_ppi_tech_gbp_12m_pct,post_2022,0,0.04801313085992758,0.1736383739073616,0.7142857142857143,1.0,42,0
raw_annual_rates,historical_targeted_hardware_12m_pct,hk_ppi_tech_gbp_12m_pct,post_2022,1,0.12998376798405586,0.3218830565104662,0.7142857142857143,1.0,41,0
raw_annual_rates,historical_targeted_hardware_12m_pct,hk_ppi_tech_gbp_12m_pct,post_2022,2,0.3036509627267789,0.48294964652852185,0.42857142857142855,0.7142857142857143,40,0
raw_annual_rates,historical_targeted_hardware_12m_pct,hk_ppi_tech_gbp_12m_pct,post_2022,3,0.5304129943895611,0.6437754737016419,0.14285714285714285,0.14285714285714285,39,0
raw_annual_rates,historical_targeted_hardware_12m_pct,hk_ppi_tech_gbp_12m_pct,post_2022,4,0.6761860533113573,0.7318440261501903,0.14285714285714285,0.14285714285714285,38,0
raw_annual_rates,historical_targeted_hardware_12m_pct,hk_ppi_tech_gbp_12m_pct,post_2022,5,0.6820520015432632,0.7651273933540469,0.14285714285714285,0.14285714285714285,37,0
raw_annual_rates,historical_targeted_hardware_12m_pct,hk_ppi_tech_gbp_12m_pct,post_2022,6,0.5644701651292029,0.6323858756718329,0.14285714285714285,0.14285714285714285,36,0
raw_annual_rates,historical_targeted_hardware_12m_pct,hk_ppi_tech_gbp_12m_pct,post_2022,7,0.5267287405880378,0.6245277669964368,0.14285714285714285,0.14285714285714285,35,0
raw_annual_rates,historical_targeted_hardware_12m_pct,hk_ppi_tech_gbp_12m_pct,post_2022,8,0.43682668132822655,0.5021289847831752,0.14285714285714285,0.5714285714285714,34,0
raw_annual_rates,historical_targeted_hardware_12m_pct,hk_ppi_tech_gbp_12m_pct,post_2022,9,0.4097584551761115,0.4398025170691973,0.14285714285714285,1.0,33,0
raw_annual_rates,historical_targeted_hardware_12m_pct,hk_ppi_tech_gbp_12m_pct,post_2022,10,0.27669483393327154,0.2551792308133672,0.14285714285714285,1.0,32,0
raw_annual_rates,historical_targeted_hardware_12m_pct,hk_ppi_tech_gbp_12m_pct,post_2022,11,0.24061315274378728,0.2158325814149603,0.14285714285714285,1.0,31,0
raw_annual_rates,historical_targeted_hardware_12m_pct,hk_ppi_tech_gbp_12m_pct,post_2022,12,0.09131841822334971,0.09131841822334971,0.7142857142857143,1.0,30,0
raw_annual_rates,historical_targeted_hardware_12m_pct,oecd_asia_c26_targeted_gbp_12m_pct,full,0,-0.3362844353124793,-0.3785254400262588,0.48148148148148145,0.7777777777777778,62,0
raw_annual_rates,historical_targeted_hardware_12m_pct,oecd_asia_c26_targeted_gbp_12m_pct,full,1,-0.24601498172692768,-0.29592493301043066,0.6296296296296297,0.8888888888888888,61,0
raw_annual_rates,historical_targeted_hardware_12m_pct,oecd_asia_c26_targeted_gbp_12m_pct,full,2,-0.19471016879587405,-0.24203059938567117,0.6666666666666666,0.9629629629629629,60,0
raw_annual_rates,historical_targeted_hardware_12m_pct,oecd_asia_c26_targeted_gbp_12m_pct,full,3,-0.13078996917406538,-0.1633337141855079,0.7037037037037037,1.0,59,0
raw_annual_rates,historical_targeted_hardware_12m_pct,oecd_asia_c26_targeted_gbp_12m_pct,full,4,-0.04874838338140704,-0.07498177930685755,0.9259259259259259,1.0,58,0
raw_annual_rates,historical_targeted_hardware_12m_pct,oecd_asia_c26_targeted_gbp_12m_pct,full,5,0.07954978719083744,0.044985939752486784,0.9259259259259259,1.0,57,0
raw_annual_rates,historical_targeted_hardware_12m_pct,oecd_asia_c26_targeted_gbp_12m_pct,full,6,0.20175105674301613,0.17370029716394222,0.48148148148148145,1.0,56,0
raw_annual_rates,historical_targeted_hardware_12m_pct,oecd_asia_c26_targeted_gbp_12m_pct,full,7,0.34690200860541487,0.33017891157096396,0.2222222222222222,0.8518518518518519,55,0
raw_annual_rates,historical_targeted_hardware_12m_pct,oecd_asia_c26_targeted_gbp_12m_pct,full,8,0.4667254621728358,0.4617699324592686,0.037037037037037035,0.6296296296296297,54,0
raw_annual_rates,historical_targeted_hardware_12m_pct,oecd_asia_c26_targeted_gbp_12m_pct,full,9,0.5394090459417257,0.5432786624094407,0.037037037037037035,0.3333333333333333,53,0
raw_annual_rates,historical_targeted_hardware_12m_pct,oecd_asia_c26_targeted_gbp_12m_pct,full,10,0.6217357699650001,0.6304527923351062,0.037037037037037035,0.037037037037037035,52,0
raw_annual_rates,historical_targeted_hardware_12m_pct,oecd_asia_c26_targeted_gbp_12m_pct,full,11,0.6755101921317717,0.6850943509121021,0.037037037037037035,0.037037037037037035,51,0
raw_annual_rates,historical_targeted_hardware_12m_pct,oecd_asia_c26_targeted_gbp_12m_pct,full,12,0.6722660674354735,0.6722660674354735,0.037037037037037035,0.037037037037037035,50,0
raw_annual_rates,historical_targeted_hardware_12m_pct,oecd_asia_c26_targeted_gbp_12m_pct,pandemic_2020_2022,0,-0.8705256452371042,-0.8736038038675841,0.5,0.5,22,0
raw_annual_rates,historical_targeted_hardware_12m_pct,oecd_asia_c26_targeted_gbp_12m_pct,pandemic_2020_2022,1,-0.9123943965567934,-0.895578463635661,0.5,0.5,21,0
raw_annual_rates,historical_targeted_hardware_12m_pct,oecd_asia_c26_targeted_gbp_12m_pct,pandemic_2020_2022,2,-0.9555366553262059,-0.8699040776924124,0.5,0.5,20,0
raw_annual_rates,historical_targeted_hardware_12m_pct,oecd_asia_c26_targeted_gbp_12m_pct,pandemic_2020_2022,3,-0.9330738407673176,-0.8960464070634178,0.5,0.5,19,0
raw_annual_rates,historical_targeted_hardware_12m_pct,oecd_asia_c26_targeted_gbp_12m_pct,pandemic_2020_2022,4,-0.8895471769603125,-0.8188029552489771,0.5,0.5,18,0
raw_annual_rates,historical_targeted_hardware_12m_pct,oecd_asia_c26_targeted_gbp_12m_pct,pandemic_2020_2022,5,-0.8574015649041523,-0.8548317557839203,0.5,0.5,17,0
raw_annual_rates,historical_targeted_hardware_12m_pct,oecd_asia_c26_targeted_gbp_12m_pct,pandemic_2020_2022,6,-0.8509880218276813,-0.915020677166791,0.5,0.5,16,0
raw_annual_rates,historical_targeted_hardware_12m_pct,oecd_asia_c26_targeted_gbp_12m_pct,pandemic_2020_2022,7,-0.7936496763465525,-0.9148706169095157,0.5,0.5,15,0
raw_annual_rates,historical_targeted_hardware_12m_pct,oecd_asia_c26_targeted_gbp_12m_pct,pandemic_2020_2022,8,-0.7665345934607608,-0.9104239226814995,0.5,0.5,14,0
raw_annual_rates,historical_targeted_hardware_12m_pct,oecd_asia_c26_targeted_gbp_12m_pct,pandemic_2020_2022,9,-0.7232943839246034,-0.8953029400228276,0.5,0.5,13,0
raw_annual_rates,historical_targeted_hardware_12m_pct,oecd_asia_c26_targeted_gbp_12m_pct,pandemic_2020_2022,10,-0.6125996680582277,-0.6709172304206988,0.5,1.0,12,0
raw_annual_rates,historical_targeted_hardware_12m_pct,oecd_asia_c26_targeted_gbp_12m_pct,pandemic_2020_2022,11,-0.41787982857105244,-0.4720934206145603,0.5,1.0,11,0
raw_annual_rates,historical_targeted_hardware_12m_pct,oecd_asia_c26_targeted_gbp_12m_pct,pandemic_2020_2022,12,-0.2571718437654616,-0.2571718437654616,1.0,1.0,10,0
raw_annual_rates,historical_targeted_hardware_12m_pct,oecd_asia_c26_targeted_gbp_12m_pct,post_2022,0,-0.4404262495692783,-0.47894214749284547,0.4,0.4,40,0
raw_annual_rates,historical_targeted_hardware_12m_pct,oecd_asia_c26_targeted_gbp_12m_pct,post_2022,1,-0.2347477143756641,-0.19988971834064184,0.8,1.0,39,0
raw_annual_rates,historical_targeted_hardware_12m_pct,oecd_asia_c26_targeted_gbp_12m_pct,post_2022,2,-0.09774480730973233,-0.028378130703126184,1.0,1.0,38,0
raw_annual_rates,historical_targeted_hardware_12m_pct,oecd_asia_c26_targeted_gbp_12m_pct,post_2022,3,0.017624308940155813,0.09351210442680154,0.8,1.0,37,0
raw_annual_rates,historical_targeted_hardware_12m_pct,oecd_asia_c26_targeted_gbp_12m_pct,post_2022,4,0.0875567155171208,0.14563368253790632,0.6,1.0,36,0
raw_annual_rates,historical_targeted_hardware_12m_pct,oecd_asia_c26_targeted_gbp_12m_pct,post_2022,5,0.21793215146511208,0.25896588335945525,0.2,0.8,35,0
raw_annual_rates,historical_targeted_hardware_12m_pct,oecd_asia_c26_targeted_gbp_12m_pct,post_2022,6,0.29846268421739586,0.3269923427377456,0.2,0.8,34,0
raw_annual_rates,historical_targeted_hardware_12m_pct,oecd_asia_c26_targeted_gbp_12m_pct,post_2022,7,0.4276670108597077,0.4350017429964164,0.2,0.4,33,0
raw_annual_rates,historical_targeted_hardware_12m_pct,oecd_asia_c26_targeted_gbp_12m_pct,post_2022,8,0.5049620847561463,0.5101776252887318,0.2,0.2,32,0
raw_annual_rates,historical_targeted_hardware_12m_pct,oecd_asia_c26_targeted_gbp_12m_pct,post_2022,9,0.4761764383166864,0.47591447053150376,0.2,0.4,31,0
raw_annual_rates,historical_targeted_hardware_12m_pct,oecd_asia_c26_targeted_gbp_12m_pct,post_2022,10,0.5030624003680884,0.5148000437889179,0.2,0.2,30,0
raw_annual_rates,historical_targeted_hardware_12m_pct,oecd_asia_c26_targeted_gbp_12m_pct,post_2022,11,0.40477899772997594,0.4129726627158798,0.2,0.4,29,0
raw_annual_rates,historical_targeted_hardware_12m_pct,oecd_asia_c26_targeted_gbp_12m_pct,post_2022,12,0.24619405065818442,0.24619405065818442,0.2,0.8,28,0
raw_annual_rates,historical_targeted_hardware_12m_pct,oecd_asia_c26_bls_gbp_12m_pct,full,0,-0.1789502677398246,-0.1937998985803772,0.39669421487603307,0.6859504132231405,156,0
raw_annual_rates,historical_targeted_hardware_12m_pct,oecd_asia_c26_bls_gbp_12m_pct,full,1,-0.09592479790435163,-0.10943689363567032,0.628099173553719,0.9752066115702479,155,0
raw_annual_rates,historical_targeted_hardware_12m_pct,oecd_asia_c26_bls_gbp_12m_pct,full,2,-0.017840567036216826,-0.02845137361670962,0.9256198347107438,1.0,154,0
raw_annual_rates,historical_targeted_hardware_12m_pct,oecd_asia_c26_bls_gbp_12m_pct,full,3,0.05346416900507578,0.047752657582521015,0.8181818181818182,1.0,153,0
raw_annual_rates,historical_targeted_hardware_12m_pct,oecd_asia_c26_bls_gbp_12m_pct,full,4,0.12610511331174296,0.12961045035086524,0.5206611570247934,0.9173553719008265,152,0
raw_annual_rates,historical_targeted_hardware_12m_pct,oecd_asia_c26_bls_gbp_12m_pct,full,5,0.20249357228527737,0.20294200939254708,0.2975206611570248,0.6446280991735537,151,0
raw_annual_rates,historical_targeted_hardware_12m_pct,oecd_asia_c26_bls_gbp_12m_pct,full,6,0.27044396639267804,0.2690676690710191,0.1487603305785124,0.4380165289256198,150,0
raw_annual_rates,historical_targeted_hardware_12m_pct,oecd_asia_c26_bls_gbp_12m_pct,full,7,0.3380280103780838,0.33961320088047575,0.10743801652892562,0.2644628099173554,149,0
raw_annual_rates,historical_targeted_hardware_12m_pct,oecd_asia_c26_bls_gbp_12m_pct,full,8,0.3684111514197343,0.37207241379463185,0.10743801652892562,0.2396694214876033,148,0
raw_annual_rates,historical_targeted_hardware_12m_pct,oecd_asia_c26_bls_gbp_12m_pct,full,9,0.3870584404787042,0.3952305407775205,0.09917355371900827,0.21487603305785125,147,0
raw_annual_rates,historical_targeted_hardware_12m_pct,oecd_asia_c26_bls_gbp_12m_pct,full,10,0.3904819275579025,0.39751665931885777,0.10743801652892562,0.21487603305785125,146,0
raw_annual_rates,historical_targeted_hardware_12m_pct,oecd_asia_c26_bls_gbp_12m_pct,full,11,0.3769099575173292,0.3832578558018755,0.11570247933884298,0.23140495867768596,145,0
raw_annual_rates,historical_targeted_hardware_12m_pct,oecd_asia_c26_bls_gbp_12m_pct,full,12,0.35244934294748864,0.35244934294748864,0.14049586776859505,0.256198347107438,144,0
raw_annual_rates,historical_targeted_hardware_12m_pct,oecd_asia_c26_bls_gbp_12m_pct,pre_2020,0,-0.05487334861259337,-0.07946451907543019,0.9318181818181818,1.0,79,0
raw_annual_rates,historical_targeted_hardware_12m_pct,oecd_asia_c26_bls_gbp_12m_pct,pre_2020,1,0.037289704721138794,0.020089077729126874,0.9772727272727273,1.0,78,0
raw_annual_rates,historical_targeted_hardware_12m_pct,oecd_asia_c26_bls_gbp_12m_pct,pre_2020,2,0.13733505644213811,0.12748110810854632,0.8863636363636364,1.0,77,0
raw_annual_rates,historical_targeted_hardware_12m_pct,oecd_asia_c26_bls_gbp_12m_pct,pre_2020,3,0.22335611682763692,0.2196967808510375,0.7727272727272727,1.0,76,0
raw_annual_rates,historical_targeted_hardware_12m_pct,oecd_asia_c26_bls_gbp_12m_pct,pre_2020,4,0.3121784636852694,0.3110108378127016,0.6363636363636364,0.8181818181818182,75,0
raw_annual_rates,historical_targeted_hardware_12m_pct,oecd_asia_c26_bls_gbp_12m_pct,pre_2020,5,0.382892246865373,0.38294172223247647,0.5,0.75,74,0
raw_annual_rates,historical_targeted_hardware_12m_pct,oecd_asia_c26_bls_gbp_12m_pct,pre_2020,6,0.4382036186014476,0.4378920246351469,0.4318181818181818,0.7045454545454546,73,0
raw_annual_rates,historical_targeted_hardware_12m_pct,oecd_asia_c26_bls_gbp_12m_pct,pre_2020,7,0.4783204388023796,0.48135473575565657,0.36363636363636365,0.6363636363636364,72,0
raw_annual_rates,historical_targeted_hardware_12m_pct,oecd_asia_c26_bls_gbp_12m_pct,pre_2020,8,0.47261612256014524,0.4792030479163227,0.4090909090909091,0.6363636363636364,71,0
raw_annual_rates,historical_targeted_hardware_12m_pct,oecd_asia_c26_bls_gbp_12m_pct,pre_2020,9,0.4695091485935161,0.4739026316759834,0.4318181818181818,0.6363636363636364,70,0
raw_annual_rates,historical_targeted_hardware_12m_pct,oecd_asia_c26_bls_gbp_12m_pct,pre_2020,10,0.463012864061564,0.4698956534915708,0.4318181818181818,0.6363636363636364,69,0
raw_annual_rates,historical_targeted_hardware_12m_pct,oecd_asia_c26_bls_gbp_12m_pct,pre_2020,11,0.4298898808818979,0.43564459181748905,0.5227272727272727,0.7045454545454546,68,0
raw_annual_rates,historical_targeted_hardware_12m_pct,oecd_asia_c26_bls_gbp_12m_pct,pre_2020,12,0.40744807566809227,0.40744807566809227,0.5,0.7045454545454546,67,0
raw_annual_rates,historical_targeted_hardware_12m_pct,oecd_asia_c26_bls_gbp_12m_pct,pandemic_2020_2022,0,-0.662603213283504,-0.6100070742990179,1.0,1.0,36,0
raw_annual_rates,historical_targeted_hardware_12m_pct,oecd_asia_c26_bls_gbp_12m_pct,pandemic_2020_2022,1,-0.6679065056966604,-0.5512616367598303,1.0,1.0,35,0
raw_annual_rates,historical_targeted_hardware_12m_pct,oecd_asia_c26_bls_gbp_12m_pct,pandemic_2020_2022,2,-0.6797306605300434,-0.48163622887087093,1.0,1.0,34,0
raw_annual_rates,historical_targeted_hardware_12m_pct,oecd_asia_c26_bls_gbp_12m_pct,pandemic_2020_2022,3,-0.666342453506839,-0.4037714762717959,1.0,1.0,33,0
raw_annual_rates,historical_targeted_hardware_12m_pct,oecd_asia_c26_bls_gbp_12m_pct,pandemic_2020_2022,4,-0.6328788097167175,-0.30565933931398737,0.5,1.0,32,0
raw_annual_rates,historical_targeted_hardware_12m_pct,oecd_asia_c26_bls_gbp_12m_pct,pandemic_2020_2022,5,-0.5765510814616173,-0.2322086777430923,0.5,1.0,31,0
raw_annual_rates,historical_targeted_hardware_12m_pct,oecd_asia_c26_bls_gbp_12m_pct,pandemic_2020_2022,6,-0.49943811951945205,-0.12928034069126149,0.5,1.0,30,0
raw_annual_rates,historical_targeted_hardware_12m_pct,oecd_asia_c26_bls_gbp_12m_pct,pandemic_2020_2022,7,-0.34448730077023804,0.031839107306276405,1.0,1.0,29,0
raw_annual_rates,historical_targeted_hardware_12m_pct,oecd_asia_c26_bls_gbp_12m_pct,pandemic_2020_2022,8,-0.14616425604335712,0.20285366898993562,1.0,1.0,28,0
raw_annual_rates,historical_targeted_hardware_12m_pct,oecd_asia_c26_bls_gbp_12m_pct,pandemic_2020_2022,9,0.08340860353488584,0.341938668776945,1.0,1.0,27,0
raw_annual_rates,historical_targeted_hardware_12m_pct,oecd_asia_c26_bls_gbp_12m_pct,pandemic_2020_2022,10,0.2714849211766284,0.4491135405175857,1.0,1.0,26,0
raw_annual_rates,historical_targeted_hardware_12m_pct,oecd_asia_c26_bls_gbp_12m_pct,pandemic_2020_2022,11,0.4497728691642151,0.5275306212885996,1.0,1.0,25,0
raw_annual_rates,historical_targeted_hardware_12m_pct,oecd_asia_c26_bls_gbp_12m_pct,pandemic_2020_2022,12,0.5262354231992419,0.5262354231992419,1.0,1.0,24,0
raw_annual_rates,historical_targeted_hardware_12m_pct,oecd_asia_c26_bls_gbp_12m_pct,post_2022,0,-0.003405369349011897,-0.10288324541998053,0.3333333333333333,1.0,41,0
raw_annual_rates,historical_targeted_hardware_12m_pct,oecd_asia_c26_bls_gbp_12m_pct,post_2022,1,0.2758191383516016,0.19941986193798217,0.16666666666666666,1.0,40,0
raw_annual_rates,historical_targeted_hardware_12m_pct,oecd_asia_c26_bls_gbp_12m_pct,post_2022,2,0.4074862472720432,0.3500894466889712,0.16666666666666666,0.16666666666666666,39,0
raw_annual_rates,historical_targeted_hardware_12m_pct,oecd_asia_c26_bls_gbp_12m_pct,post_2022,3,0.4799266433628036,0.45267454446797967,0.16666666666666666,0.16666666666666666,38,0
raw_annual_rates,historical_targeted_hardware_12m_pct,oecd_asia_c26_bls_gbp_12m_pct,post_2022,4,0.45889063886080933,0.4800055481904879,0.16666666666666666,0.16666666666666666,37,0
raw_annual_rates,historical_targeted_hardware_12m_pct,oecd_asia_c26_bls_gbp_12m_pct,post_2022,5,0.4880732583080188,0.4970519124999787,0.16666666666666666,0.16666666666666666,36,0
raw_annual_rates,historical_targeted_hardware_12m_pct,oecd_asia_c26_bls_gbp_12m_pct,post_2022,6,0.5118578086500764,0.5022190943909758,0.16666666666666666,0.16666666666666666,35,0
raw_annual_rates,historical_targeted_hardware_12m_pct,oecd_asia_c26_bls_gbp_12m_pct,post_2022,7,0.6458349134799041,0.6533015639081574,0.16666666666666666,0.16666666666666666,34,0
raw_annual_rates,historical_targeted_hardware_12m_pct,oecd_asia_c26_bls_gbp_12m_pct,post_2022,8,0.6822863009400283,0.706706649092167,0.16666666666666666,0.16666666666666666,33,0
raw_annual_rates,historical_targeted_hardware_12m_pct,oecd_asia_c26_bls_gbp_12m_pct,post_2022,9,0.6684146152932232,0.7354123552446845,0.16666666666666666,0.16666666666666666,32,0
raw_annual_rates,historical_targeted_hardware_12m_pct,oecd_asia_c26_bls_gbp_12m_pct,post_2022,10,0.5388760885135611,0.6032284528473395,0.16666666666666666,0.16666666666666666,31,0
raw_annual_rates,historical_targeted_hardware_12m_pct,oecd_asia_c26_bls_gbp_12m_pct,post_2022,11,0.36995906429070224,0.4354384334777854,0.16666666666666666,0.16666666666666666,30,0
raw_annual_rates,historical_targeted_hardware_12m_pct,oecd_asia_c26_bls_gbp_12m_pct,post_2022,12,0.18201702888970756,0.18201702888970756,0.5,1.0,29,0
raw_annual_rates,historical_targeted_hardware_12m_pct,fred_china_computer_electronics_gbp_12m_pct,full,0,-0.19209453645870767,-0.20850999951555008,0.3305785123966942,0.5950413223140496,156,0
raw_annual_rates,historical_targeted_hardware_12m_pct,fred_china_computer_electronics_gbp_12m_pct,full,1,-0.10942407835308748,-0.12405292054586958,0.5454545454545454,0.9008264462809917,155,0
raw_annual_rates,historical_targeted_hardware_12m_pct,fred_china_computer_electronics_gbp_12m_pct,full,2,-0.03240074074204451,-0.04378743699378132,0.8264462809917356,1.0,154,0
raw_annual_rates,historical_targeted_hardware_12m_pct,fred_china_computer_electronics_gbp_12m_pct,full,3,0.037058141703565695,0.03048971633244637,0.8677685950413223,1.0,153,0
raw_annual_rates,historical_targeted_hardware_12m_pct,fred_china_computer_electronics_gbp_12m_pct,full,4,0.10777615457214662,0.11112781637917442,0.5785123966942148,0.9338842975206612,152,0
raw_annual_rates,historical_targeted_hardware_12m_pct,fred_china_computer_electronics_gbp_12m_pct,full,5,0.18288032529562198,0.1829536209177127,0.34710743801652894,0.7024793388429752,151,0
raw_annual_rates,historical_targeted_hardware_12m_pct,fred_china_computer_electronics_gbp_12m_pct,full,6,0.24873416329133002,0.24740390507438953,0.19008264462809918,0.49586776859504134,150,0
raw_annual_rates,historical_targeted_hardware_12m_pct,fred_china_computer_electronics_gbp_12m_pct,full,7,0.3145299101263884,0.3169599175815206,0.1322314049586777,0.2892561983471074,149,0
raw_annual_rates,historical_targeted_hardware_12m_pct,fred_china_computer_electronics_gbp_12m_pct,full,8,0.3429186773430177,0.34773494815439887,0.11570247933884298,0.256198347107438,148,0
raw_annual_rates,historical_targeted_hardware_12m_pct,fred_china_computer_electronics_gbp_12m_pct,full,9,0.3595821049313457,0.3691294543383379,0.12396694214876033,0.24793388429752067,147,0
raw_annual_rates,historical_targeted_hardware_12m_pct,fred_china_computer_electronics_gbp_12m_pct,full,10,0.3620684756470308,0.36996522735257686,0.1322314049586777,0.24793388429752067,146,0
raw_annual_rates,historical_targeted_hardware_12m_pct,fred_china_computer_electronics_gbp_12m_pct,full,11,0.34784003154794013,0.35477609800957727,0.14049586776859505,0.24793388429752067,145,0
raw_annual_rates,historical_targeted_hardware_12m_pct,fred_china_computer_electronics_gbp_12m_pct,full,12,0.32373687707107446,0.32373687707107446,0.1652892561983471,0.2727272727272727,144,0
raw_annual_rates,historical_targeted_hardware_12m_pct,fred_china_computer_electronics_gbp_12m_pct,pre_2020,0,-0.0858252991786737,-0.11200925993630693,0.8863636363636364,1.0,79,0
raw_annual_rates,historical_targeted_hardware_12m_pct,fred_china_computer_electronics_gbp_12m_pct,pre_2020,1,0.005521231788447341,-0.013095999640601048,0.9772727272727273,1.0,78,0
raw_annual_rates,historical_targeted_hardware_12m_pct,fred_china_computer_electronics_gbp_12m_pct,pre_2020,2,0.10410189349171663,0.09296773274967493,0.9090909090909091,1.0,77,0
raw_annual_rates,historical_targeted_hardware_12m_pct,fred_china_computer_electronics_gbp_12m_pct,pre_2020,3,0.18730967600492318,0.18251781541648202,0.7954545454545454,1.0,76,0
raw_annual_rates,historical_targeted_hardware_12m_pct,fred_china_computer_electronics_gbp_12m_pct,pre_2020,4,0.27382502965149497,0.2718606406731297,0.7045454545454546,0.8863636363636364,75,0
raw_annual_rates,historical_targeted_hardware_12m_pct,fred_china_computer_electronics_gbp_12m_pct,pre_2020,5,0.34369089286215604,0.34298766319390767,0.5909090909090909,0.7954545454545454,74,0
raw_annual_rates,historical_targeted_hardware_12m_pct,fred_china_computer_electronics_gbp_12m_pct,pre_2020,6,0.3974377105450679,0.39665339769831887,0.5,0.7272727272727273,73,0
raw_annual_rates,historical_targeted_hardware_12m_pct,fred_china_computer_electronics_gbp_12m_pct,pre_2020,7,0.43772720140856564,0.4406010133211859,0.45454545454545453,0.7045454545454546,72,0
raw_annual_rates,historical_targeted_hardware_12m_pct,fred_china_computer_electronics_gbp_12m_pct,pre_2020,8,0.43284094265803985,0.43917929761988067,0.4772727272727273,0.7045454545454546,71,0
raw_annual_rates,historical_targeted_hardware_12m_pct,fred_china_computer_electronics_gbp_12m_pct,pre_2020,9,0.43045855596731114,0.43465122108892396,0.5,0.7272727272727273,70,0
raw_annual_rates,historical_targeted_hardware_12m_pct,fred_china_computer_electronics_gbp_12m_pct,pre_2020,10,0.4255645734103822,0.4322663692581551,0.5454545454545454,0.7272727272727273,69,0
raw_annual_rates,historical_targeted_hardware_12m_pct,fred_china_computer_electronics_gbp_12m_pct,pre_2020,11,0.3936964318336571,0.3993519128004916,0.5681818181818182,0.7272727272727273,68,0
raw_annual_rates,historical_targeted_hardware_12m_pct,fred_china_computer_electronics_gbp_12m_pct,pre_2020,12,0.37387591922780267,0.37387591922780267,0.5681818181818182,0.7727272727272727,67,0
raw_annual_rates,historical_targeted_hardware_12m_pct,fred_china_computer_electronics_gbp_12m_pct,pandemic_2020_2022,0,-0.6487825264567005,-0.5909574416213985,1.0,1.0,36,0
raw_annual_rates,historical_targeted_hardware_12m_pct,fred_china_computer_electronics_gbp_12m_pct,pandemic_2020_2022,1,-0.6551507901007434,-0.5394171501232085,1.0,1.0,35,0
raw_annual_rates,historical_targeted_hardware_12m_pct,fred_china_computer_electronics_gbp_12m_pct,pandemic_2020_2022,2,-0.6692609742569008,-0.47286509693962214,1.0,1.0,34,0
raw_annual_rates,historical_targeted_hardware_12m_pct,fred_china_computer_electronics_gbp_12m_pct,pandemic_2020_2022,3,-0.6627077848354341,-0.40664664818547464,1.0,1.0,33,0
raw_annual_rates,historical_targeted_hardware_12m_pct,fred_china_computer_electronics_gbp_12m_pct,pandemic_2020_2022,4,-0.6360636892122978,-0.3203587344919728,0.5,1.0,32,0
raw_annual_rates,historical_targeted_hardware_12m_pct,fred_china_computer_electronics_gbp_12m_pct,pandemic_2020_2022,5,-0.5863042214790232,-0.2612692739800991,0.5,1.0,31,0
raw_annual_rates,historical_targeted_hardware_12m_pct,fred_china_computer_electronics_gbp_12m_pct,pandemic_2020_2022,6,-0.5158912596845895,-0.16654930951053304,0.5,1.0,30,0
raw_annual_rates,historical_targeted_hardware_12m_pct,fred_china_computer_electronics_gbp_12m_pct,pandemic_2020_2022,7,-0.3672927265954947,-0.008660692570100987,1.0,1.0,29,0
raw_annual_rates,historical_targeted_hardware_12m_pct,fred_china_computer_electronics_gbp_12m_pct,pandemic_2020_2022,8,-0.1735156590389916,0.16244869151285965,1.0,1.0,28,0
raw_annual_rates,historical_targeted_hardware_12m_pct,fred_china_computer_electronics_gbp_12m_pct,pandemic_2020_2022,9,0.05519529673965697,0.3074173806946217,1.0,1.0,27,0
raw_annual_rates,historical_targeted_hardware_12m_pct,fred_china_computer_electronics_gbp_12m_pct,pandemic_2020_2022,10,0.24042115056280958,0.41240585334988494,1.0,1.0,26,0
raw_annual_rates,historical_targeted_hardware_12m_pct,fred_china_computer_electronics_gbp_12m_pct,pandemic_2020_2022,11,0.42277747720093795,0.49655057577487355,1.0,1.0,25,0
raw_annual_rates,historical_targeted_hardware_12m_pct,fred_china_computer_electronics_gbp_12m_pct,pandemic_2020_2022,12,0.493660426078219,0.493660426078219,1.0,1.0,24,0
raw_annual_rates,historical_targeted_hardware_12m_pct,fred_china_computer_electronics_gbp_12m_pct,post_2022,0,0.04288757765272651,-0.08556312647088479,0.5,1.0,41,0
raw_annual_rates,historical_targeted_hardware_12m_pct,fred_china_computer_electronics_gbp_12m_pct,post_2022,1,0.31202263133877345,0.21461732333984504,0.16666666666666666,1.0,40,0
raw_annual_rates,historical_targeted_hardware_12m_pct,fred_china_computer_electronics_gbp_12m_pct,post_2022,2,0.429711256436574,0.36270876583172995,0.16666666666666666,0.16666666666666666,39,0
raw_annual_rates,historical_targeted_hardware_12m_pct,fred_china_computer_electronics_gbp_12m_pct,post_2022,3,0.49523061476779207,0.46339759367881417,0.16666666666666666,0.16666666666666666,38,0
raw_annual_rates,historical_targeted_hardware_12m_pct,fred_china_computer_electronics_gbp_12m_pct,post_2022,4,0.4705818698806287,0.49280427845135594,0.16666666666666666,0.16666666666666666,37,0
raw_annual_rates,historical_targeted_hardware_12m_pct,fred_china_computer_electronics_gbp_12m_pct,post_2022,5,0.4981285840240036,0.5044248776973068,0.16666666666666666,0.16666666666666666,36,0
raw_annual_rates,historical_targeted_hardware_12m_pct,fred_china_computer_electronics_gbp_12m_pct,post_2022,6,0.5211037963519256,0.5118365512282814,0.16666666666666666,0.16666666666666666,35,0
raw_annual_rates,historical_targeted_hardware_12m_pct,fred_china_computer_electronics_gbp_12m_pct,post_2022,7,0.6483469598837133,0.6658808977063053,0.16666666666666666,0.16666666666666666,34,0
raw_annual_rates,historical_targeted_hardware_12m_pct,fred_china_computer_electronics_gbp_12m_pct,post_2022,8,0.6775873907743776,0.7175613872151956,0.16666666666666666,0.16666666666666666,33,0
raw_annual_rates,historical_targeted_hardware_12m_pct,fred_china_computer_electronics_gbp_12m_pct,post_2022,9,0.6601099816212886,0.7462285497602237,0.16666666666666666,0.16666666666666666,32,0
raw_annual_rates,historical_targeted_hardware_12m_pct,fred_china_computer_electronics_gbp_12m_pct,post_2022,10,0.5332359463212004,0.6101419182256665,0.16666666666666666,0.16666666666666666,31,0
raw_annual_rates,historical_targeted_hardware_12m_pct,fred_china_computer_electronics_gbp_12m_pct,post_2022,11,0.3653024609119637,0.4393308986317009,0.16666666666666666,0.16666666666666666,30,0
raw_annual_rates,historical_targeted_hardware_12m_pct,fred_china_computer_electronics_gbp_12m_pct,post_2022,12,0.17955308460861116,0.17955308460861116,0.5,1.0,29,0
raw_annual_rates,historical_targeted_hardware_12m_pct,fred_japan_computer_electronics_gbp_12m_pct,full,0,-0.1844475048058895,-0.19681665296584464,0.47107438016528924,0.7933884297520661,156,0
raw_annual_rates,historical_targeted_hardware_12m_pct,fred_japan_computer_electronics_gbp_12m_pct,full,1,-0.1001272540611865,-0.11081436732460563,0.7272727272727273,0.9917355371900827,155,0
raw_annual_rates,historical_targeted_hardware_12m_pct,fred_japan_computer_electronics_gbp_12m_pct,full,2,-0.01862501353908938,-0.025953160492380625,0.9173553719008265,1.0,154,0
raw_annual_rates,historical_targeted_hardware_12m_pct,fred_japan_computer_electronics_gbp_12m_pct,full,3,0.062425492598821644,0.05936027398549401,0.8181818181818182,1.0,153,0
raw_annual_rates,historical_targeted_hardware_12m_pct,fred_japan_computer_electronics_gbp_12m_pct,full,4,0.14301043438710453,0.14739524395303674,0.5702479338842975,0.9256198347107438,152,0
raw_annual_rates,historical_targeted_hardware_12m_pct,fred_japan_computer_electronics_gbp_12m_pct,full,5,0.22668645275798793,0.22957902580343212,0.23140495867768596,0.5950413223140496,151,0
raw_annual_rates,historical_targeted_hardware_12m_pct,fred_japan_computer_electronics_gbp_12m_pct,full,6,0.3036705308533458,0.3040796574817648,0.10743801652892562,0.2975206611570248,150,0
raw_annual_rates,historical_targeted_hardware_12m_pct,fred_japan_computer_electronics_gbp_12m_pct,full,7,0.3761594525433929,0.3775326593584182,0.09090909090909091,0.24793388429752067,149,0
raw_annual_rates,historical_targeted_hardware_12m_pct,fred_japan_computer_electronics_gbp_12m_pct,full,8,0.41507846516121993,0.4167034458876408,0.0743801652892562,0.21487603305785125,148,0
raw_annual_rates,historical_targeted_hardware_12m_pct,fred_japan_computer_electronics_gbp_12m_pct,full,9,0.4416985811868995,0.446171663464283,0.06611570247933884,0.18181818181818182,147,0
raw_annual_rates,historical_targeted_hardware_12m_pct,fred_japan_computer_electronics_gbp_12m_pct,full,10,0.4506825188207799,0.45418266837015514,0.06611570247933884,0.1652892561983471,146,0
raw_annual_rates,historical_targeted_hardware_12m_pct,fred_japan_computer_electronics_gbp_12m_pct,full,11,0.4397751433602796,0.44359667494073884,0.06611570247933884,0.18181818181818182,145,0
raw_annual_rates,historical_targeted_hardware_12m_pct,fred_japan_computer_electronics_gbp_12m_pct,full,12,0.41398994908003284,0.41398994908003284,0.09917355371900827,0.21487603305785125,144,0
raw_annual_rates,historical_targeted_hardware_12m_pct,fred_japan_computer_electronics_gbp_12m_pct,pre_2020,0,0.004302337346680003,-0.03429979526996132,0.9545454545454546,1.0,79,0
raw_annual_rates,historical_targeted_hardware_12m_pct,fred_japan_computer_electronics_gbp_12m_pct,pre_2020,1,0.09688869865212422,0.06958155329838572,0.9318181818181818,1.0,78,0
raw_annual_rates,historical_targeted_hardware_12m_pct,fred_japan_computer_electronics_gbp_12m_pct,pre_2020,2,0.20006247806030458,0.184565570196636,0.8409090909090909,1.0,77,0
raw_annual_rates,historical_targeted_hardware_12m_pct,fred_japan_computer_electronics_gbp_12m_pct,pre_2020,3,0.2950587836901132,0.2894118805284435,0.6818181818181818,0.9090909090909091,76,0
raw_annual_rates,historical_targeted_hardware_12m_pct,fred_japan_computer_electronics_gbp_12m_pct,pre_2020,4,0.39014377928245025,0.38927301993468777,0.25,0.6590909090909091,75,0
raw_annual_rates,historical_targeted_hardware_12m_pct,fred_japan_computer_electronics_gbp_12m_pct,pre_2020,5,0.46795684854279646,0.47127870434582053,0.20454545454545456,0.4772727272727273,74,0
raw_annual_rates,historical_targeted_hardware_12m_pct,fred_japan_computer_electronics_gbp_12m_pct,pre_2020,6,0.5339860153201804,0.5395391950017379,0.20454545454545456,0.38636363636363635,73,0
raw_annual_rates,historical_targeted_hardware_12m_pct,fred_japan_computer_electronics_gbp_12m_pct,pre_2020,7,0.5821596577719287,0.5923529723763183,0.18181818181818182,0.3409090909090909,72,0
raw_annual_rates,historical_targeted_hardware_12m_pct,fred_japan_computer_electronics_gbp_12m_pct,pre_2020,8,0.5824948760636035,0.5962888237082556,0.20454545454545456,0.3409090909090909,71,0
raw_annual_rates,historical_targeted_hardware_12m_pct,fred_japan_computer_electronics_gbp_12m_pct,pre_2020,9,0.5841781494705497,0.5945207879883333,0.20454545454545456,0.3409090909090909,70,0
raw_annual_rates,historical_targeted_hardware_12m_pct,fred_japan_computer_electronics_gbp_12m_pct,pre_2020,10,0.5781975338648297,0.5905632511272374,0.20454545454545456,0.3409090909090909,69,0
raw_annual_rates,historical_targeted_hardware_12m_pct,fred_japan_computer_electronics_gbp_12m_pct,pre_2020,11,0.5406090645999284,0.5495101254919221,0.22727272727272727,0.38636363636363635,68,0
raw_annual_rates,historical_targeted_hardware_12m_pct,fred_japan_computer_electronics_gbp_12m_pct,pre_2020,12,0.5074427285646209,0.5074427285646209,0.2727272727272727,0.4318181818181818,67,0
raw_annual_rates,historical_targeted_hardware_12m_pct,fred_japan_computer_electronics_gbp_12m_pct,pandemic_2020_2022,0,-0.7556117712781567,-0.7860833272374063,1.0,1.0,36,0
raw_annual_rates,historical_targeted_hardware_12m_pct,fred_japan_computer_electronics_gbp_12m_pct,pandemic_2020_2022,1,-0.7514125437308921,-0.7235037932591873,0.5,1.0,35,0
raw_annual_rates,historical_targeted_hardware_12m_pct,fred_japan_computer_electronics_gbp_12m_pct,pandemic_2020_2022,2,-0.7492027558508105,-0.6388555572906613,0.5,1.0,34,0
raw_annual_rates,historical_targeted_hardware_12m_pct,fred_japan_computer_electronics_gbp_12m_pct,pandemic_2020_2022,3,-0.7139690124656425,-0.5263487668769115,0.5,1.0,33,0
raw_annual_rates,historical_targeted_hardware_12m_pct,fred_japan_computer_electronics_gbp_12m_pct,pandemic_2020_2022,4,-0.6552816383369585,-0.38537437650952594,0.5,1.0,32,0
raw_annual_rates,historical_targeted_hardware_12m_pct,fred_japan_computer_electronics_gbp_12m_pct,pandemic_2020_2022,5,-0.5622849502388727,-0.23299775479878332,0.5,1.0,31,0
raw_annual_rates,historical_targeted_hardware_12m_pct,fred_japan_computer_electronics_gbp_12m_pct,pandemic_2020_2022,6,-0.43767618299672084,-0.05489135056507569,1.0,1.0,30,0
raw_annual_rates,historical_targeted_hardware_12m_pct,fred_japan_computer_electronics_gbp_12m_pct,pandemic_2020_2022,7,-0.26124993234978294,0.11711146086565566,1.0,1.0,29,0
raw_annual_rates,historical_targeted_hardware_12m_pct,fred_japan_computer_electronics_gbp_12m_pct,pandemic_2020_2022,8,-0.024791159727988347,0.318162820835893,1.0,1.0,28,0
raw_annual_rates,historical_targeted_hardware_12m_pct,fred_japan_computer_electronics_gbp_12m_pct,pandemic_2020_2022,9,0.20146451117109992,0.43882099992806234,1.0,1.0,27,0
raw_annual_rates,historical_targeted_hardware_12m_pct,fred_japan_computer_electronics_gbp_12m_pct,pandemic_2020_2022,10,0.41321275003280433,0.574189618301694,0.5,1.0,26,0
raw_annual_rates,historical_targeted_hardware_12m_pct,fred_japan_computer_electronics_gbp_12m_pct,pandemic_2020_2022,11,0.6043178076142237,0.6741592970518803,0.5,1.0,25,0
raw_annual_rates,historical_targeted_hardware_12m_pct,fred_japan_computer_electronics_gbp_12m_pct,pandemic_2020_2022,12,0.6862495885622008,0.6862495885622008,0.5,1.0,24,0
raw_annual_rates,historical_targeted_hardware_12m_pct,fred_japan_computer_electronics_gbp_12m_pct,post_2022,0,0.011060127747910905,-0.08844048779084278,0.6666666666666666,1.0,41,0
raw_annual_rates,historical_targeted_hardware_12m_pct,fred_japan_computer_electronics_gbp_12m_pct,post_2022,1,0.2757364962932674,0.20292559140369468,0.3333333333333333,1.0,40,0
raw_annual_rates,historical_targeted_hardware_12m_pct,fred_japan_computer_electronics_gbp_12m_pct,post_2022,2,0.38895827688931367,0.35408529324570476,0.16666666666666666,0.5,39,0
raw_annual_rates,historical_targeted_hardware_12m_pct,fred_japan_computer_electronics_gbp_12m_pct,post_2022,3,0.47070559811407325,0.47098527108464655,0.16666666666666666,0.3333333333333333,38,0
raw_annual_rates,historical_targeted_hardware_12m_pct,fred_japan_computer_electronics_gbp_12m_pct,post_2022,4,0.46562043220632127,0.5076224046724794,0.16666666666666666,0.16666666666666666,37,0
raw_annual_rates,historical_targeted_hardware_12m_pct,fred_japan_computer_electronics_gbp_12m_pct,post_2022,5,0.5022780516873888,0.5513788084982194,0.16666666666666666,0.16666666666666666,36,0
raw_annual_rates,historical_targeted_hardware_12m_pct,fred_japan_computer_electronics_gbp_12m_pct,post_2022,6,0.5226779972344133,0.5507713660305317,0.16666666666666666,0.16666666666666666,35,0
raw_annual_rates,historical_targeted_hardware_12m_pct,fred_japan_computer_electronics_gbp_12m_pct,post_2022,7,0.6252067409459712,0.6435042729003029,0.16666666666666666,0.16666666666666666,34,0
raw_annual_rates,historical_targeted_hardware_12m_pct,fred_japan_computer_electronics_gbp_12m_pct,post_2022,8,0.6644221078859622,0.6732937588384337,0.16666666666666666,0.16666666666666666,33,0
raw_annual_rates,historical_targeted_hardware_12m_pct,fred_japan_computer_electronics_gbp_12m_pct,post_2022,9,0.6548031222889431,0.6799154996966634,0.16666666666666666,0.16666666666666666,32,0
raw_annual_rates,historical_targeted_hardware_12m_pct,fred_japan_computer_electronics_gbp_12m_pct,post_2022,10,0.5146282596672089,0.5351426485552159,0.16666666666666666,0.16666666666666666,31,0
raw_annual_rates,historical_targeted_hardware_12m_pct,fred_japan_computer_electronics_gbp_12m_pct,post_2022,11,0.3387967149460448,0.36874039181540413,0.16666666666666666,0.5,30,0
raw_annual_rates,historical_targeted_hardware_12m_pct,fred_japan_computer_electronics_gbp_12m_pct,post_2022,12,0.13035884345313228,0.13035884345313228,0.3333333333333333,1.0,29,0
raw_annual_rates,historical_targeted_hardware_12m_pct,fred_asian_nie_computer_electronics_gbp_12m_pct,full,0,-0.1081667705239326,-0.12562079069355694,0.6033057851239669,0.9586776859504132,156,0
raw_annual_rates,historical_targeted_hardware_12m_pct,fred_asian_nie_computer_electronics_gbp_12m_pct,full,1,-0.032058310005791485,-0.04549039508150165,0.9090909090909091,1.0,155,0
raw_annual_rates,historical_targeted_hardware_12m_pct,fred_asian_nie_computer_electronics_gbp_12m_pct,full,2,0.04377968355975274,0.033906666234720925,0.9256198347107438,1.0,154,0
raw_annual_rates,historical_targeted_hardware_12m_pct,fred_asian_nie_computer_electronics_gbp_12m_pct,full,3,0.11564967573947699,0.11175964647075738,0.6363636363636364,1.0,153,0
raw_annual_rates,historical_targeted_hardware_12m_pct,fred_asian_nie_computer_electronics_gbp_12m_pct,full,4,0.19015350677991683,0.1932113209827847,0.3140495867768595,0.743801652892562,152,0
raw_annual_rates,historical_targeted_hardware_12m_pct,fred_asian_nie_computer_electronics_gbp_12m_pct,full,5,0.2658311396999642,0.2666875863684081,0.1487603305785124,0.45454545454545453,151,0
raw_annual_rates,historical_targeted_hardware_12m_pct,fred_asian_nie_computer_electronics_gbp_12m_pct,full,6,0.3359893958460357,0.33409250451622013,0.05785123966942149,0.2396694214876033,150,0
raw_annual_rates,historical_targeted_hardware_12m_pct,fred_asian_nie_computer_electronics_gbp_12m_pct,full,7,0.4061580640248577,0.40488665243317146,0.008264462809917356,0.024793388429752067,149,0
raw_annual_rates,historical_targeted_hardware_12m_pct,fred_asian_nie_computer_electronics_gbp_12m_pct,full,8,0.44059826493430126,0.44055212615593836,0.008264462809917356,0.01652892561983471,148,0
raw_annual_rates,historical_targeted_hardware_12m_pct,fred_asian_nie_computer_electronics_gbp_12m_pct,full,9,0.4641588712646428,0.467740472114984,0.008264462809917356,0.008264462809917356,147,0
raw_annual_rates,historical_targeted_hardware_12m_pct,fred_asian_nie_computer_electronics_gbp_12m_pct,full,10,0.469548928572019,0.47380360513582254,0.008264462809917356,0.008264462809917356,146,0
raw_annual_rates,historical_targeted_hardware_12m_pct,fred_asian_nie_computer_electronics_gbp_12m_pct,full,11,0.45818762107544253,0.4625780082346579,0.008264462809917356,0.008264462809917356,145,0
raw_annual_rates,historical_targeted_hardware_12m_pct,fred_asian_nie_computer_electronics_gbp_12m_pct,full,12,0.43347856915446,0.43347856915446,0.008264462809917356,0.01652892561983471,144,0
raw_annual_rates,historical_targeted_hardware_12m_pct,fred_asian_nie_computer_electronics_gbp_12m_pct,pre_2020,0,0.05515811525723277,0.04273995785167754,0.9545454545454546,1.0,79,0
raw_annual_rates,historical_targeted_hardware_12m_pct,fred_asian_nie_computer_electronics_gbp_12m_pct,pre_2020,1,0.14610840263124864,0.13917265250566407,0.8863636363636364,1.0,78,0
raw_annual_rates,historical_targeted_hardware_12m_pct,fred_asian_nie_computer_electronics_gbp_12m_pct,pre_2020,2,0.24650115655227722,0.24480038498083806,0.8181818181818182,1.0,77,0
raw_annual_rates,historical_targeted_hardware_12m_pct,fred_asian_nie_computer_electronics_gbp_12m_pct,pre_2020,3,0.33713922850036787,0.339647484754681,0.5909090909090909,0.7272727272727273,76,0
raw_annual_rates,historical_targeted_hardware_12m_pct,fred_asian_nie_computer_electronics_gbp_12m_pct,pre_2020,4,0.4294431570806821,0.43220627301209874,0.22727272727272727,0.6136363636363636,75,0
raw_annual_rates,historical_targeted_hardware_12m_pct,fred_asian_nie_computer_electronics_gbp_12m_pct,pre_2020,5,0.4980598815658411,0.5008242831176138,0.20454545454545456,0.45454545454545453,74,0
raw_annual_rates,historical_targeted_hardware_12m_pct,fred_asian_nie_computer_electronics_gbp_12m_pct,pre_2020,6,0.553691058343354,0.5540253658154862,0.20454545454545456,0.38636363636363635,73,0
raw_annual_rates,historical_targeted_hardware_12m_pct,fred_asian_nie_computer_electronics_gbp_12m_pct,pre_2020,7,0.588622284505235,0.5903020070452025,0.18181818181818182,0.3409090909090909,72,0
raw_annual_rates,historical_targeted_hardware_12m_pct,fred_asian_nie_computer_electronics_gbp_12m_pct,pre_2020,8,0.5778523646685926,0.5830501796182254,0.20454545454545456,0.36363636363636365,71,0
raw_annual_rates,historical_targeted_hardware_12m_pct,fred_asian_nie_computer_electronics_gbp_12m_pct,pre_2020,9,0.5702899489499712,0.5735171255035505,0.20454545454545456,0.38636363636363635,70,0
raw_annual_rates,historical_targeted_hardware_12m_pct,fred_asian_nie_computer_electronics_gbp_12m_pct,pre_2020,10,0.5573891631761101,0.5629394939545888,0.22727272727272727,0.38636363636363635,69,0
raw_annual_rates,historical_targeted_hardware_12m_pct,fred_asian_nie_computer_electronics_gbp_12m_pct,pre_2020,11,0.5221827387468695,0.5270257123196872,0.22727272727272727,0.4318181818181818,68,0
raw_annual_rates,historical_targeted_hardware_12m_pct,fred_asian_nie_computer_electronics_gbp_12m_pct,pre_2020,12,0.4936879094007692,0.4936879094007692,0.2727272727272727,0.45454545454545453,67,0
raw_annual_rates,historical_targeted_hardware_12m_pct,fred_asian_nie_computer_electronics_gbp_12m_pct,pandemic_2020_2022,0,-0.6723625253505648,-0.5869264653946737,1.0,1.0,36,0
raw_annual_rates,historical_targeted_hardware_12m_pct,fred_asian_nie_computer_electronics_gbp_12m_pct,pandemic_2020_2022,1,-0.6769677092559738,-0.508621307753278,1.0,1.0,35,0
raw_annual_rates,historical_targeted_hardware_12m_pct,fred_asian_nie_computer_electronics_gbp_12m_pct,pandemic_2020_2022,2,-0.6850975694065731,-0.4369788454333666,1.0,1.0,34,0
raw_annual_rates,historical_targeted_hardware_12m_pct,fred_asian_nie_computer_electronics_gbp_12m_pct,pandemic_2020_2022,3,-0.6543616197945132,-0.33679965489424263,1.0,1.0,33,0
raw_annual_rates,historical_targeted_hardware_12m_pct,fred_asian_nie_computer_electronics_gbp_12m_pct,pandemic_2020_2022,4,-0.6061086989840588,-0.21942410499222345,0.5,1.0,32,0
raw_annual_rates,historical_targeted_hardware_12m_pct,fred_asian_nie_computer_electronics_gbp_12m_pct,pandemic_2020_2022,5,-0.5393621111064059,-0.13026769809405872,0.5,1.0,31,0
raw_annual_rates,historical_targeted_hardware_12m_pct,fred_asian_nie_computer_electronics_gbp_12m_pct,pandemic_2020_2022,6,-0.4551839211004313,-0.031120590490916006,1.0,1.0,30,0
raw_annual_rates,historical_targeted_hardware_12m_pct,fred_asian_nie_computer_electronics_gbp_12m_pct,pandemic_2020_2022,7,-0.2889527351300954,0.13057766668777446,1.0,1.0,29,0
raw_annual_rates,historical_targeted_hardware_12m_pct,fred_asian_nie_computer_electronics_gbp_12m_pct,pandemic_2020_2022,8,-0.09443604969414558,0.28446473937880656,1.0,1.0,28,0
raw_annual_rates,historical_targeted_hardware_12m_pct,fred_asian_nie_computer_electronics_gbp_12m_pct,pandemic_2020_2022,9,0.13222354235471934,0.40599232996238255,1.0,1.0,27,0
raw_annual_rates,historical_targeted_hardware_12m_pct,fred_asian_nie_computer_electronics_gbp_12m_pct,pandemic_2020_2022,10,0.3136829320496955,0.5063531623378598,1.0,1.0,26,0
raw_annual_rates,historical_targeted_hardware_12m_pct,fred_asian_nie_computer_electronics_gbp_12m_pct,pandemic_2020_2022,11,0.46651842885847605,0.5559961161427183,1.0,1.0,25,0
raw_annual_rates,historical_targeted_hardware_12m_pct,fred_asian_nie_computer_electronics_gbp_12m_pct,pandemic_2020_2022,12,0.5551816796250302,0.5551816796250302,1.0,1.0,24,0
raw_annual_rates,historical_targeted_hardware_12m_pct,fred_asian_nie_computer_electronics_gbp_12m_pct,post_2022,0,-0.14344971573302667,-0.17891905092740856,0.3333333333333333,1.0,41,0
raw_annual_rates,historical_targeted_hardware_12m_pct,fred_asian_nie_computer_electronics_gbp_12m_pct,post_2022,1,0.06740797820062644,0.11585400320572323,0.3333333333333333,1.0,40,0
raw_annual_rates,historical_targeted_hardware_12m_pct,fred_asian_nie_computer_electronics_gbp_12m_pct,post_2022,2,0.21740168809173532,0.26731584162362143,0.16666666666666666,1.0,39,0
raw_annual_rates,historical_targeted_hardware_12m_pct,fred_asian_nie_computer_electronics_gbp_12m_pct,post_2022,3,0.3122280410856496,0.3657137675607753,0.16666666666666666,0.8333333333333334,38,0
raw_annual_rates,historical_targeted_hardware_12m_pct,fred_asian_nie_computer_electronics_gbp_12m_pct,post_2022,4,0.31815394178088474,0.37824115485688986,0.16666666666666666,0.5,37,0
raw_annual_rates,historical_targeted_hardware_12m_pct,fred_asian_nie_computer_electronics_gbp_12m_pct,post_2022,5,0.36183442306338875,0.40820181993755195,0.16666666666666666,0.16666666666666666,36,0
raw_annual_rates,historical_targeted_hardware_12m_pct,fred_asian_nie_computer_electronics_gbp_12m_pct,post_2022,6,0.3922813269138615,0.4051461062533632,0.16666666666666666,0.16666666666666666,35,0
raw_annual_rates,historical_targeted_hardware_12m_pct,fred_asian_nie_computer_electronics_gbp_12m_pct,post_2022,7,0.5575519842784403,0.5546818781415009,0.16666666666666666,0.16666666666666666,34,0
raw_annual_rates,historical_targeted_hardware_12m_pct,fred_asian_nie_computer_electronics_gbp_12m_pct,post_2022,8,0.630276845677155,0.621124908651895,0.16666666666666666,0.16666666666666666,33,0
raw_annual_rates,historical_targeted_hardware_12m_pct,fred_asian_nie_computer_electronics_gbp_12m_pct,post_2022,9,0.6446634673669617,0.6564506967714517,0.16666666666666666,0.16666666666666666,32,0
raw_annual_rates,historical_targeted_hardware_12m_pct,fred_asian_nie_computer_electronics_gbp_12m_pct,post_2022,10,0.52839848120232,0.5558983718331613,0.16666666666666666,0.16666666666666666,31,0
raw_annual_rates,historical_targeted_hardware_12m_pct,fred_asian_nie_computer_electronics_gbp_12m_pct,post_2022,11,0.37476274315005365,0.412928229658449,0.16666666666666666,0.16666666666666666,30,0
raw_annual_rates,historical_targeted_hardware_12m_pct,fred_asian_nie_computer_electronics_gbp_12m_pct,post_2022,12,0.20008186028220093,0.20008186028220093,0.5,1.0,29,0
raw_annual_rates,historical_targeted_hardware_12m_pct,asia_bls_common_factor_z,full,0,-0.16681832550192816,-0.18016377076833384,0.4297520661157025,0.7520661157024794,156,0
raw_annual_rates,historical_targeted_hardware_12m_pct,asia_bls_common_factor_z,full,1,-0.08336288359274822,-0.09553274645459327,0.7520661157024794,1.0,155,0
raw_annual_rates,historical_targeted_hardware_12m_pct,asia_bls_common_factor_z,full,2,-0.003586259287445967,-0.01296833179548825,0.9421487603305785,1.0,154,0
raw_annual_rates,historical_targeted_hardware_12m_pct,asia_bls_common_factor_z,full,3,0.07169874709467179,0.06720324413261063,0.8016528925619835,1.0,153,0
raw_annual_rates,historical_targeted_hardware_12m_pct,asia_bls_common_factor_z,full,4,0.14798259757883594,0.15165942206164304,0.49586776859504134,0.8842975206611571,152,0
raw_annual_rates,historical_targeted_hardware_12m_pct,asia_bls_common_factor_z,full,5,0.22721414467323187,0.22849049880142858,0.21487603305785125,0.5537190082644629,151,0
raw_annual_rates,historical_targeted_hardware_12m_pct,asia_bls_common_factor_z,full,6,0.29922036592470147,0.2981714262766981,0.11570247933884298,0.30578512396694213,150,0
raw_annual_rates,historical_targeted_hardware_12m_pct,asia_bls_common_factor_z,full,7,0.36962264603784684,0.37033541164740125,0.09090909090909091,0.2396694214876033,149,0
raw_annual_rates,historical_targeted_hardware_12m_pct,asia_bls_common_factor_z,full,8,0.4039259682669929,0.4059806883130666,0.0743801652892562,0.21487603305785125,148,0
raw_annual_rates,historical_targeted_hardware_12m_pct,asia_bls_common_factor_z,full,9,0.4263829788142542,0.4323111560819596,0.05785123966942149,0.19008264462809918,147,0
raw_annual_rates,historical_targeted_hardware_12m_pct,asia_bls_common_factor_z,full,10,0.4320252102100859,0.43733470670324076,0.049586776859504134,0.17355371900826447,146,0
raw_annual_rates,historical_targeted_hardware_12m_pct,asia_bls_common_factor_z,full,11,0.4196864090434864,0.4248359252772156,0.06611570247933884,0.19008264462809918,145,0
raw_annual_rates,historical_targeted_hardware_12m_pct,asia_bls_common_factor_z,full,12,0.3945383055667533,0.3945383055667533,0.09917355371900827,0.2231404958677686,144,0
raw_annual_rates,historical_targeted_hardware_12m_pct,asia_bls_common_factor_z,pre_2020,0,-0.010593585404551834,-0.03692372221125279,0.9545454545454546,1.0,79,0
raw_annual_rates,historical_targeted_hardware_12m_pct,asia_bls_common_factor_z,pre_2020,1,0.08242384053248887,0.0641468528391461,0.9318181818181818,1.0,78,0
raw_annual_rates,historical_targeted_hardware_12m_pct,asia_bls_common_factor_z,pre_2020,2,0.18458339829291132,0.17448075042029476,0.8409090909090909,1.0,77,0
raw_annual_rates,historical_targeted_hardware_12m_pct,asia_bls_common_factor_z,pre_2020,3,0.27541249071010976,0.27214028191638495,0.7272727272727273,0.9545454545454546,76,0
raw_annual_rates,historical_targeted_hardware_12m_pct,asia_bls_common_factor_z,pre_2020,4,0.36791072232162997,0.36726837101514426,0.5454545454545454,0.7272727272727273,75,0
raw_annual_rates,historical_targeted_hardware_12m_pct,asia_bls_common_factor_z,pre_2020,5,0.44105374868203534,0.44224537052087887,0.29545454545454547,0.6363636363636364,74,0
raw_annual_rates,historical_targeted_hardware_12m_pct,asia_bls_common_factor_z,pre_2020,6,0.5003272871771851,0.5014858473860512,0.22727272727272727,0.45454545454545453,73,0
raw_annual_rates,historical_targeted_hardware_12m_pct,asia_bls_common_factor_z,pre_2020,7,0.5420584111551796,0.5465949472519122,0.22727272727272727,0.38636363636363635,72,0
raw_annual_rates,historical_targeted_hardware_12m_pct,asia_bls_common_factor_z,pre_2020,8,0.5368918767326152,0.5451443367342759,0.25,0.38636363636363635,71,0
raw_annual_rates,historical_targeted_hardware_12m_pct,asia_bls_common_factor_z,pre_2020,9,0.5341183900436363,0.5399131525234476,0.25,0.38636363636363635,70,0
raw_annual_rates,historical_targeted_hardware_12m_pct,asia_bls_common_factor_z,pre_2020,10,0.5261134501645812,0.5343300282228503,0.25,0.4090909090909091,69,0
raw_annual_rates,historical_targeted_hardware_12m_pct,asia_bls_common_factor_z,pre_2020,11,0.4906905726413089,0.49722613545298755,0.3181818181818182,0.5227272727272727,68,0
raw_annual_rates,historical_targeted_hardware_12m_pct,asia_bls_common_factor_z,pre_2020,12,0.4631678711500973,0.4631678711500973,0.38636363636363635,0.5909090909090909,67,0
raw_annual_rates,historical_targeted_hardware_12m_pct,asia_bls_common_factor_z,pandemic_2020_2022,0,-0.6965955053506505,-0.6713329602024578,1.0,1.0,36,0
raw_annual_rates,historical_targeted_hardware_12m_pct,asia_bls_common_factor_z,pandemic_2020_2022,1,-0.6987445986957455,-0.6055001275997578,1.0,1.0,35,0
raw_annual_rates,historical_targeted_hardware_12m_pct,asia_bls_common_factor_z,pandemic_2020_2022,2,-0.7052926346305756,-0.5293961844525674,1.0,1.0,34,0
raw_annual_rates,historical_targeted_hardware_12m_pct,asia_bls_common_factor_z,pandemic_2020_2022,3,-0.6808345791511656,-0.4330114146236785,0.5,1.0,33,0
raw_annual_rates,historical_targeted_hardware_12m_pct,asia_bls_common_factor_z,pandemic_2020_2022,4,-0.6357001235724831,-0.3141274837336043,0.5,1.0,32,0
raw_annual_rates,historical_targeted_hardware_12m_pct,asia_bls_common_factor_z,pandemic_2020_2022,5,-0.5651366030800993,-0.20884944397624436,0.5,1.0,31,0
raw_annual_rates,historical_targeted_hardware_12m_pct,asia_bls_common_factor_z,pandemic_2020_2022,6,-0.47102550249844316,-0.08006646082865111,0.5,1.0,30,0
raw_annual_rates,historical_targeted_hardware_12m_pct,asia_bls_common_factor_z,pandemic_2020_2022,7,-0.3055842443653505,0.0868554655798117,1.0,1.0,29,0
raw_annual_rates,historical_targeted_hardware_12m_pct,asia_bls_common_factor_z,pandemic_2020_2022,8,-0.09423009838081074,0.26572053016819625,1.0,1.0,28,0
raw_annual_rates,historical_targeted_hardware_12m_pct,asia_bls_common_factor_z,pandemic_2020_2022,9,0.13588068173900084,0.3956613388797015,1.0,1.0,27,0
raw_annual_rates,historical_targeted_hardware_12m_pct,asia_bls_common_factor_z,pandemic_2020_2022,10,0.3328035237443803,0.5119620570648277,1.0,1.0,26,0
raw_annual_rates,historical_targeted_hardware_12m_pct,asia_bls_common_factor_z,pandemic_2020_2022,11,0.5115587806548878,0.5912021000558065,0.5,1.0,25,0
raw_annual_rates,historical_targeted_hardware_12m_pct,asia_bls_common_factor_z,pandemic_2020_2022,12,0.5945723965059918,0.5945723965059918,1.0,1.0,24,0
raw_annual_rates,historical_targeted_hardware_12m_pct,asia_bls_common_factor_z,post_2022,0,-0.045988952750759426,-0.11681915224418711,0.3333333333333333,1.0,41,0
raw_annual_rates,historical_targeted_hardware_12m_pct,asia_bls_common_factor_z,post_2022,1,0.23454306593668303,0.18446576316731894,0.3333333333333333,1.0,40,0
raw_annual_rates,historical_targeted_hardware_12m_pct,asia_bls_common_factor_z,post_2022,2,0.37452355713640667,0.3375914874700376,0.16666666666666666,0.5,39,0
raw_annual_rates,historical_targeted_hardware_12m_pct,asia_bls_common_factor_z,post_2022,3,0.4564660405154841,0.44533511979243506,0.16666666666666666,0.16666666666666666,38,0
raw_annual_rates,historical_targeted_hardware_12m_pct,asia_bls_common_factor_z,post_2022,4,0.4436588734183864,0.4727343233036725,0.16666666666666666,0.16666666666666666,37,0
raw_annual_rates,historical_targeted_hardware_12m_pct,asia_bls_common_factor_z,post_2022,5,0.4766566962394328,0.5016431692003942,0.16666666666666666,0.16666666666666666,36,0
raw_annual_rates,historical_targeted_hardware_12m_pct,asia_bls_common_factor_z,post_2022,6,0.5004534094454159,0.5031419167299517,0.16666666666666666,0.16666666666666666,35,0
raw_annual_rates,historical_targeted_hardware_12m_pct,asia_bls_common_factor_z,post_2022,7,0.6335730209683921,0.6369869527276956,0.16666666666666666,0.16666666666666666,34,0
raw_annual_rates,historical_targeted_hardware_12m_pct,asia_bls_common_factor_z,post_2022,8,0.6788591923791852,0.6863969374339041,0.16666666666666666,0.16666666666666666,33,0
raw_annual_rates,historical_targeted_hardware_12m_pct,asia_bls_common_factor_z,post_2022,9,0.671102421570054,0.7098080560383669,0.16666666666666666,0.16666666666666666,32,0
raw_annual_rates,historical_targeted_hardware_12m_pct,asia_bls_common_factor_z,post_2022,10,0.5376713537256975,0.5788186285231334,0.16666666666666666,0.16666666666666666,31,0
raw_annual_rates,historical_targeted_hardware_12m_pct,asia_bls_common_factor_z,post_2022,11,0.3665893510727522,0.41473596354872067,0.16666666666666666,0.16666666666666666,30,0
raw_annual_rates,historical_targeted_hardware_12m_pct,asia_bls_common_factor_z,post_2022,12,0.17182960448591428,0.17182960448591428,0.5,1.0,29,0
raw_annual_rates,historical_ex_games_12m_pct,jp_epi_electronics_gbp_12m_pct,full,0,-0.0003624887220618886,-0.030955300370555553,0.7931034482758621,0.9592476489028213,354,0
raw_annual_rates,historical_ex_games_12m_pct,jp_epi_electronics_gbp_12m_pct,full,1,0.03364724968352479,0.011207456366272276,0.9028213166144201,1.0,353,0
raw_annual_rates,historical_ex_games_12m_pct,jp_epi_electronics_gbp_12m_pct,full,2,0.0733769365067255,0.05819916130361533,0.6833855799373041,0.8589341692789969,352,0
raw_annual_rates,historical_ex_games_12m_pct,jp_epi_electronics_gbp_12m_pct,full,3,0.11901963861838144,0.10888840870902007,0.46394984326018807,0.6206896551724138,351,0
raw_annual_rates,historical_ex_games_12m_pct,jp_epi_electronics_gbp_12m_pct,full,4,0.16679630739628776,0.1602103937993791,0.3824451410658307,0.5297805642633229,350,0
raw_annual_rates,historical_ex_games_12m_pct,jp_epi_electronics_gbp_12m_pct,full,5,0.21942403402198246,0.21622025890474308,0.2601880877742947,0.4169278996865204,349,0
raw_annual_rates,historical_ex_games_12m_pct,jp_epi_electronics_gbp_12m_pct,full,6,0.26706432870145613,0.2668916478465934,0.14420062695924765,0.21003134796238246,348,0
raw_annual_rates,historical_ex_games_12m_pct,jp_epi_electronics_gbp_12m_pct,full,7,0.3154862538005014,0.3173349353803294,0.07210031347962383,0.1536050156739812,347,0
raw_annual_rates,historical_ex_games_12m_pct,jp_epi_electronics_gbp_12m_pct,full,8,0.35067414530104707,0.353320574776698,0.009404388714733543,0.05642633228840126,346,0
raw_annual_rates,historical_ex_games_12m_pct,jp_epi_electronics_gbp_12m_pct,full,9,0.38313641532296666,0.3870354444704293,0.003134796238244514,0.02821316614420063,345,0
raw_annual_rates,historical_ex_games_12m_pct,jp_epi_electronics_gbp_12m_pct,full,10,0.4078429344692115,0.41112116388779923,0.003134796238244514,0.0219435736677116,344,0
raw_annual_rates,historical_ex_games_12m_pct,jp_epi_electronics_gbp_12m_pct,full,11,0.42887287516324796,0.4307205302586456,0.003134796238244514,0.01567398119122257,343,0
raw_annual_rates,historical_ex_games_12m_pct,jp_epi_electronics_gbp_12m_pct,full,12,0.43828687916627085,0.43828687916627085,0.003134796238244514,0.012539184952978056,342,0
raw_annual_rates,historical_ex_games_12m_pct,jp_epi_electronics_gbp_12m_pct,pre_2020,0,-0.020524897978941463,-0.05106292956679115,0.7261410788381742,0.9336099585062241,276,0
raw_annual_rates,historical_ex_games_12m_pct,jp_epi_electronics_gbp_12m_pct,pre_2020,1,0.025421351301764563,-0.0008118797839008843,0.995850622406639,1.0,275,0
raw_annual_rates,historical_ex_games_12m_pct,jp_epi_electronics_gbp_12m_pct,pre_2020,2,0.07673473018794623,0.0558472345874609,0.6970954356846473,0.921161825726141,274,0
raw_annual_rates,historical_ex_games_12m_pct,jp_epi_electronics_gbp_12m_pct,pre_2020,3,0.13256652152566453,0.11717941846801243,0.4854771784232365,0.6431535269709544,273,0
raw_annual_rates,historical_ex_games_12m_pct,jp_epi_electronics_gbp_12m_pct,pre_2020,4,0.18897728029350228,0.17765413168886252,0.37344398340248963,0.5145228215767634,272,0
raw_annual_rates,historical_ex_games_12m_pct,jp_epi_electronics_gbp_12m_pct,pre_2020,5,0.2486023250818341,0.2404070527503535,0.2821576763485477,0.4024896265560166,271,0
raw_annual_rates,historical_ex_games_12m_pct,jp_epi_electronics_gbp_12m_pct,pre_2020,6,0.30352973558670676,0.29749168292954065,0.2157676348547718,0.3153526970954357,270,0
raw_annual_rates,historical_ex_games_12m_pct,jp_epi_electronics_gbp_12m_pct,pre_2020,7,0.35196451535008255,0.3479342064933121,0.0995850622406639,0.1908713692946058,269,0
raw_annual_rates,historical_ex_games_12m_pct,jp_epi_electronics_gbp_12m_pct,pre_2020,8,0.3852689373383582,0.3826478847342843,0.06224066390041494,0.14522821576763487,268,0
raw_annual_rates,historical_ex_games_12m_pct,jp_epi_electronics_gbp_12m_pct,pre_2020,9,0.4170789102787692,0.41491119090752954,0.012448132780082987,0.04564315352697095,267,0
raw_annual_rates,historical_ex_games_12m_pct,jp_epi_electronics_gbp_12m_pct,pre_2020,10,0.4434275726157239,0.44257471599029824,0.004149377593360996,0.03734439834024896,266,0
raw_annual_rates,historical_ex_games_12m_pct,jp_epi_electronics_gbp_12m_pct,pre_2020,11,0.463230778843173,0.4634535670719625,0.004149377593360996,0.03319502074688797,265,0
raw_annual_rates,historical_ex_games_12m_pct,jp_epi_electronics_gbp_12m_pct,pre_2020,12,0.47616603007529756,0.47616603007529756,0.004149377593360996,0.03319502074688797,264,0
raw_annual_rates,historical_ex_games_12m_pct,jp_epi_electronics_gbp_12m_pct,pandemic_2020_2022,0,-0.7651392015988767,-0.7048674632181257,1.0,1.0,36,0
raw_annual_rates,historical_ex_games_12m_pct,jp_epi_electronics_gbp_12m_pct,pandemic_2020_2022,1,-0.7429162112345512,-0.6328731183713101,1.0,1.0,35,0
raw_annual_rates,historical_ex_games_12m_pct,jp_epi_electronics_gbp_12m_pct,pandemic_2020_2022,2,-0.700507654752069,-0.5095225878690243,1.0,1.0,34,0
raw_annual_rates,historical_ex_games_12m_pct,jp_epi_electronics_gbp_12m_pct,pandemic_2020_2022,3,-0.6257867508550011,-0.3732597451463244,0.5,1.0,33,0
raw_annual_rates,historical_ex_games_12m_pct,jp_epi_electronics_gbp_12m_pct,pandemic_2020_2022,4,-0.5283523769477921,-0.21138349857043462,0.5,1.0,32,0
raw_annual_rates,historical_ex_games_12m_pct,jp_epi_electronics_gbp_12m_pct,pandemic_2020_2022,5,-0.4077602591934365,-0.0609318040294763,1.0,1.0,31,0
raw_annual_rates,historical_ex_games_12m_pct,jp_epi_electronics_gbp_12m_pct,pandemic_2020_2022,6,-0.27947945429994714,0.0870792897891626,1.0,1.0,30,0
raw_annual_rates,historical_ex_games_12m_pct,jp_epi_electronics_gbp_12m_pct,pandemic_2020_2022,7,-0.08654537036591638,0.24282391616608118,1.0,1.0,29,0
raw_annual_rates,historical_ex_games_12m_pct,jp_epi_electronics_gbp_12m_pct,pandemic_2020_2022,8,0.14417183014096707,0.4020041083833574,1.0,1.0,28,0
raw_annual_rates,historical_ex_games_12m_pct,jp_epi_electronics_gbp_12m_pct,pandemic_2020_2022,9,0.34922278917323635,0.5290161433901409,1.0,1.0,27,0
raw_annual_rates,historical_ex_games_12m_pct,jp_epi_electronics_gbp_12m_pct,pandemic_2020_2022,10,0.5120387096493004,0.6171248368491704,0.5,1.0,26,0
raw_annual_rates,historical_ex_games_12m_pct,jp_epi_electronics_gbp_12m_pct,pandemic_2020_2022,11,0.6770766921417515,0.7135422899113091,0.5,1.0,25,0
raw_annual_rates,historical_ex_games_12m_pct,jp_epi_electronics_gbp_12m_pct,pandemic_2020_2022,12,0.7195158204474617,0.7195158204474617,0.5,1.0,24,0
raw_annual_rates,historical_ex_games_12m_pct,jp_epi_electronics_gbp_12m_pct,post_2022,0,-0.24721323386494892,-0.4215729144553241,0.14285714285714285,0.14285714285714285,42,0
raw_annual_rates,historical_ex_games_12m_pct,jp_epi_electronics_gbp_12m_pct,post_2022,1,-0.1315818326058664,-0.18522693937376877,1.0,1.0,41,0
raw_annual_rates,historical_ex_games_12m_pct,jp_epi_electronics_gbp_12m_pct,post_2022,2,-0.034749784645842226,-0.02473870636511948,1.0,1.0,40,0
raw_annual_rates,historical_ex_games_12m_pct,jp_epi_electronics_gbp_12m_pct,post_2022,3,0.07712168384414063,0.10579051189626384,0.8571428571428571,1.0,39,0
raw_annual_rates,historical_ex_games_12m_pct,jp_epi_electronics_gbp_12m_pct,post_2022,4,0.16565558339722825,0.15682951498791448,0.7142857142857143,1.0,38,0
raw_annual_rates,historical_ex_games_12m_pct,jp_epi_electronics_gbp_12m_pct,post_2022,5,0.2912773553094296,0.2627155317679496,0.14285714285714285,0.8571428571428571,37,0
raw_annual_rates,historical_ex_games_12m_pct,jp_epi_electronics_gbp_12m_pct,post_2022,6,0.33740623484692334,0.3009285613714062,0.14285714285714285,0.8571428571428571,36,0
raw_annual_rates,historical_ex_games_12m_pct,jp_epi_electronics_gbp_12m_pct,post_2022,7,0.5038233092700231,0.4955564230505972,0.14285714285714285,0.14285714285714285,35,0
raw_annual_rates,historical_ex_games_12m_pct,jp_epi_electronics_gbp_12m_pct,post_2022,8,0.562626532668938,0.5722774090713828,0.14285714285714285,0.14285714285714285,34,0
raw_annual_rates,historical_ex_games_12m_pct,jp_epi_electronics_gbp_12m_pct,post_2022,9,0.5884650312328699,0.632941916505715,0.14285714285714285,0.14285714285714285,33,0
raw_annual_rates,historical_ex_games_12m_pct,jp_epi_electronics_gbp_12m_pct,post_2022,10,0.5031668403441695,0.5573924829732824,0.14285714285714285,0.14285714285714285,32,0
raw_annual_rates,historical_ex_games_12m_pct,jp_epi_electronics_gbp_12m_pct,post_2022,11,0.43104930728859236,0.46568995388981616,0.14285714285714285,0.14285714285714285,31,0
raw_annual_rates,historical_ex_games_12m_pct,jp_epi_electronics_gbp_12m_pct,post_2022,12,0.2559519683743522,0.2559519683743522,0.2857142857142857,0.8571428571428571,30,0
raw_annual_rates,historical_ex_games_12m_pct,kr_epi_tech_gbp_12m_pct,full,0,-0.1293484922342282,-0.14349175306975456,0.76,1.0,85,0
raw_annual_rates,historical_ex_games_12m_pct,kr_epi_tech_gbp_12m_pct,full,1,-0.11144428103904415,-0.13684554951640954,0.8,1.0,84,0
raw_annual_rates,historical_ex_games_12m_pct,kr_epi_tech_gbp_12m_pct,full,2,-0.10250183094230683,-0.12069627044327487,0.82,1.0,83,0
raw_annual_rates,historical_ex_games_12m_pct,kr_epi_tech_gbp_12m_pct,full,3,-0.10949005946814995,-0.1166257080063694,0.86,1.0,82,0
raw_annual_rates,historical_ex_games_12m_pct,kr_epi_tech_gbp_12m_pct,full,4,-0.10550249138519663,-0.1052346104503709,0.88,1.0,81,0
raw_annual_rates,historical_ex_games_12m_pct,kr_epi_tech_gbp_12m_pct,full,5,-0.05521540697451091,-0.0611143350856366,0.96,1.0,80,0
raw_annual_rates,historical_ex_games_12m_pct,kr_epi_tech_gbp_12m_pct,full,6,-0.03025443761959029,-0.04133558494336759,0.98,1.0,79,0
raw_annual_rates,historical_ex_games_12m_pct,kr_epi_tech_gbp_12m_pct,full,7,-0.010669438905912125,-0.023289477998649416,0.98,1.0,78,0
raw_annual_rates,historical_ex_games_12m_pct,kr_epi_tech_gbp_12m_pct,full,8,0.0068534168616489035,-0.0037619841674976806,0.98,1.0,77,0
raw_annual_rates,historical_ex_games_12m_pct,kr_epi_tech_gbp_12m_pct,full,9,-0.014833640394183948,-0.016815004686359436,0.98,1.0,76,0
raw_annual_rates,historical_ex_games_12m_pct,kr_epi_tech_gbp_12m_pct,full,10,-0.017502236805319274,-0.01773771017040244,0.96,1.0,75,0
raw_annual_rates,historical_ex_games_12m_pct,kr_epi_tech_gbp_12m_pct,full,11,-0.01859340388424831,-0.016933277190180267,0.96,1.0,74,0
raw_annual_rates,historical_ex_games_12m_pct,kr_epi_tech_gbp_12m_pct,full,12,-0.046654499331156354,-0.046654499331156354,0.9,1.0,73,0
raw_annual_rates,historical_ex_games_12m_pct,kr_epi_tech_gbp_12m_pct,pandemic_2020_2022,0,0.4713882889119069,0.5630118548953208,0.5,0.5,36,0
raw_annual_rates,historical_ex_games_12m_pct,kr_epi_tech_gbp_12m_pct,pandemic_2020_2022,1,0.426302443661725,0.5596243905904189,0.5,0.5,35,0
raw_annual_rates,historical_ex_games_12m_pct,kr_epi_tech_gbp_12m_pct,pandemic_2020_2022,2,0.2782432695844245,0.4699668456025543,0.5,0.5,34,0
raw_annual_rates,historical_ex_games_12m_pct,kr_epi_tech_gbp_12m_pct,pandemic_2020_2022,3,0.14063181508089895,0.3623692613004785,0.5,0.5,33,0
raw_annual_rates,historical_ex_games_12m_pct,kr_epi_tech_gbp_12m_pct,pandemic_2020_2022,4,0.026573742158104402,0.21226012512859382,0.5,1.0,32,0
raw_annual_rates,historical_ex_games_12m_pct,kr_epi_tech_gbp_12m_pct,pandemic_2020_2022,5,-0.17628958760609423,-0.05675676194753833,1.0,1.0,31,0
raw_annual_rates,historical_ex_games_12m_pct,kr_epi_tech_gbp_12m_pct,pandemic_2020_2022,6,-0.4061759658197198,-0.306088750558175,0.5,0.5,30,0
raw_annual_rates,historical_ex_games_12m_pct,kr_epi_tech_gbp_12m_pct,pandemic_2020_2022,7,-0.4992092266176438,-0.4580797182250743,0.5,0.5,29,0
raw_annual_rates,historical_ex_games_12m_pct,kr_epi_tech_gbp_12m_pct,pandemic_2020_2022,8,-0.6007641944748847,-0.5885407338127604,0.5,0.5,28,0
raw_annual_rates,historical_ex_games_12m_pct,kr_epi_tech_gbp_12m_pct,pandemic_2020_2022,9,-0.6020564311268273,-0.5648941230410428,0.5,0.5,27,0
raw_annual_rates,historical_ex_games_12m_pct,kr_epi_tech_gbp_12m_pct,pandemic_2020_2022,10,-0.6573865620132322,-0.6424663660573221,0.5,0.5,26,0
raw_annual_rates,historical_ex_games_12m_pct,kr_epi_tech_gbp_12m_pct,pandemic_2020_2022,11,-0.6989911417889515,-0.6943557400487744,0.5,0.5,25,0
raw_annual_rates,historical_ex_games_12m_pct,kr_epi_tech_gbp_12m_pct,pandemic_2020_2022,12,-0.7120156710224181,-0.7120156710224181,0.5,0.5,24,0
raw_annual_rates,historical_ex_games_12m_pct,kr_epi_tech_gbp_12m_pct,post_2022,0,-0.3806421678302552,-0.801132659017982,0.2,0.4,40,0
raw_annual_rates,historical_ex_games_12m_pct,kr_epi_tech_gbp_12m_pct,post_2022,1,-0.39405304824196746,-0.7985286014859964,0.4,0.4,39,0
raw_annual_rates,historical_ex_games_12m_pct,kr_epi_tech_gbp_12m_pct,post_2022,2,-0.40963654023767654,-0.729139131409192,0.6,0.8,38,0
raw_annual_rates,historical_ex_games_12m_pct,kr_epi_tech_gbp_12m_pct,post_2022,3,-0.4518664557563565,-0.654111066688874,0.6,1.0,37,0
raw_annual_rates,historical_ex_games_12m_pct,kr_epi_tech_gbp_12m_pct,post_2022,4,-0.4634905413647007,-0.5879890237378748,0.8,1.0,36,0
raw_annual_rates,historical_ex_games_12m_pct,kr_epi_tech_gbp_12m_pct,post_2022,5,-0.3490244331412727,-0.4435512793754113,1.0,1.0,35,0
raw_annual_rates,historical_ex_games_12m_pct,kr_epi_tech_gbp_12m_pct,post_2022,6,-0.24022950615868258,-0.32522028456667246,1.0,1.0,34,0
raw_annual_rates,historical_ex_games_12m_pct,kr_epi_tech_gbp_12m_pct,post_2022,7,-0.1415154145150698,-0.20679003711465502,1.0,1.0,33,0
raw_annual_rates,historical_ex_games_12m_pct,kr_epi_tech_gbp_12m_pct,post_2022,8,-0.007084757479719367,-0.04642007300859422,1.0,1.0,32,0
raw_annual_rates,historical_ex_games_12m_pct,kr_epi_tech_gbp_12m_pct,post_2022,9,0.008832064862122874,0.008527770106728092,1.0,1.0,31,0
raw_annual_rates,historical_ex_games_12m_pct,kr_epi_tech_gbp_12m_pct,post_2022,10,0.10519973033922565,0.11673341220557991,0.6,1.0,30,0
raw_annual_rates,historical_ex_games_12m_pct,kr_epi_tech_gbp_12m_pct,post_2022,11,0.15313254421125375,0.17083878921373075,0.2,1.0,29,0
raw_annual_rates,historical_ex_games_12m_pct,kr_epi_tech_gbp_12m_pct,post_2022,12,0.15480985584343912,0.15480985584343912,0.2,1.0,28,0
raw_annual_rates,historical_ex_games_12m_pct,cn_ppi_tech_gbp_12m_pct,full,0,-0.22154121018425202,-0.3062766408897597,0.30434782608695654,0.8260869565217391,58,0
raw_annual_rates,historical_ex_games_12m_pct,cn_ppi_tech_gbp_12m_pct,full,1,-0.1287616093548963,-0.2067197886292263,0.5652173913043478,1.0,57,0
raw_annual_rates,historical_ex_games_12m_pct,cn_ppi_tech_gbp_12m_pct,full,2,-0.09526168571675016,-0.15871126173184708,0.6521739130434783,1.0,56,0
raw_annual_rates,historical_ex_games_12m_pct,cn_ppi_tech_gbp_12m_pct,full,3,-0.024497240167056716,-0.07479516680538621,0.782608695652174,1.0,55,0
raw_annual_rates,historical_ex_games_12m_pct,cn_ppi_tech_gbp_12m_pct,full,4,0.042978947256006046,0.0021636422539099195,0.9565217391304348,1.0,54,0
raw_annual_rates,historical_ex_games_12m_pct,cn_ppi_tech_gbp_12m_pct,full,5,0.1440273236812045,0.11724134250950541,0.6086956521739131,1.0,53,0
raw_annual_rates,historical_ex_games_12m_pct,cn_ppi_tech_gbp_12m_pct,full,6,0.24241704751507623,0.23048491744490707,0.30434782608695654,1.0,52,0
raw_annual_rates,historical_ex_games_12m_pct,cn_ppi_tech_gbp_12m_pct,full,7,0.3730479874015727,0.38262452908117855,0.08695652173913043,0.5652173913043478,51,0
raw_annual_rates,historical_ex_games_12m_pct,cn_ppi_tech_gbp_12m_pct,full,8,0.4984293754542423,0.5129240576465284,0.043478260869565216,0.21739130434782608,50,0
raw_annual_rates,historical_ex_games_12m_pct,cn_ppi_tech_gbp_12m_pct,full,9,0.5875109979239876,0.5939911160568551,0.043478260869565216,0.043478260869565216,49,0
raw_annual_rates,historical_ex_games_12m_pct,cn_ppi_tech_gbp_12m_pct,full,10,0.6595697512245355,0.6606993478981592,0.043478260869565216,0.043478260869565216,48,0
raw_annual_rates,historical_ex_games_12m_pct,cn_ppi_tech_gbp_12m_pct,full,11,0.6902935841744112,0.6924841173608498,0.043478260869565216,0.043478260869565216,47,0
raw_annual_rates,historical_ex_games_12m_pct,cn_ppi_tech_gbp_12m_pct,full,12,0.6928280329804821,0.6928280329804821,0.043478260869565216,0.043478260869565216,46,0
raw_annual_rates,historical_ex_games_12m_pct,cn_ppi_tech_gbp_12m_pct,pandemic_2020_2022,0,-0.8711595056075403,-0.8619533022285633,0.5,0.5,22,0
raw_annual_rates,historical_ex_games_12m_pct,cn_ppi_tech_gbp_12m_pct,pandemic_2020_2022,1,-0.9137770511331916,-0.8929307785303242,0.5,0.5,21,0
raw_annual_rates,historical_ex_games_12m_pct,cn_ppi_tech_gbp_12m_pct,pandemic_2020_2022,2,-0.9605857472887331,-0.894208198441897,0.5,0.5,20,0
raw_annual_rates,historical_ex_games_12m_pct,cn_ppi_tech_gbp_12m_pct,pandemic_2020_2022,3,-0.9286977151018269,-0.9032388591358795,0.5,0.5,19,0
raw_annual_rates,historical_ex_games_12m_pct,cn_ppi_tech_gbp_12m_pct,pandemic_2020_2022,4,-0.8849721867813148,-0.8280257429911764,0.5,0.5,18,0
raw_annual_rates,historical_ex_games_12m_pct,cn_ppi_tech_gbp_12m_pct,pandemic_2020_2022,5,-0.8515285263694274,-0.8420334996606477,0.5,0.5,17,0
raw_annual_rates,historical_ex_games_12m_pct,cn_ppi_tech_gbp_12m_pct,pandemic_2020_2022,6,-0.8384181174900576,-0.907503683433213,0.5,0.5,16,0
raw_annual_rates,historical_ex_games_12m_pct,cn_ppi_tech_gbp_12m_pct,pandemic_2020_2022,7,-0.7759145856826424,-0.9080577705930588,0.5,0.5,15,0
raw_annual_rates,historical_ex_games_12m_pct,cn_ppi_tech_gbp_12m_pct,pandemic_2020_2022,8,-0.7494521295005955,-0.9248921857882095,0.5,0.5,14,0
raw_annual_rates,historical_ex_games_12m_pct,cn_ppi_tech_gbp_12m_pct,pandemic_2020_2022,9,-0.7313629344372412,-0.9232984003216981,0.5,0.5,13,0
raw_annual_rates,historical_ex_games_12m_pct,cn_ppi_tech_gbp_12m_pct,pandemic_2020_2022,10,-0.6411563696014376,-0.7155069894240633,0.5,0.5,12,0
raw_annual_rates,historical_ex_games_12m_pct,cn_ppi_tech_gbp_12m_pct,pandemic_2020_2022,11,-0.46687541308331026,-0.5218525385780822,0.5,1.0,11,0
raw_annual_rates,historical_ex_games_12m_pct,cn_ppi_tech_gbp_12m_pct,pandemic_2020_2022,12,-0.2899561461418898,-0.2899561461418898,1.0,1.0,10,0
raw_annual_rates,historical_ex_games_12m_pct,cn_ppi_tech_gbp_12m_pct,post_2022,0,-0.3128255973140571,-0.3416115654213017,1.0,1.0,36,0
raw_annual_rates,historical_ex_games_12m_pct,cn_ppi_tech_gbp_12m_pct,post_2022,1,-0.006034784321911338,-0.014829455591265521,1.0,1.0,35,0
raw_annual_rates,historical_ex_games_12m_pct,cn_ppi_tech_gbp_12m_pct,post_2022,2,0.12776041660312742,0.1868971487311648,0.5,1.0,34,0
raw_annual_rates,historical_ex_games_12m_pct,cn_ppi_tech_gbp_12m_pct,post_2022,3,0.27249721124432785,0.32790568775297013,0.5,1.0,33,0
raw_annual_rates,historical_ex_games_12m_pct,cn_ppi_tech_gbp_12m_pct,post_2022,4,0.3178709996073543,0.3862209065111495,0.5,1.0,32,0
raw_annual_rates,historical_ex_games_12m_pct,cn_ppi_tech_gbp_12m_pct,post_2022,5,0.39534910314579147,0.44543623517555064,0.5,1.0,31,0
raw_annual_rates,historical_ex_games_12m_pct,cn_ppi_tech_gbp_12m_pct,post_2022,6,0.4185584084550364,0.47518678375644124,0.5,0.5,30,0
raw_annual_rates,historical_ex_games_12m_pct,cn_ppi_tech_gbp_12m_pct,post_2022,7,0.516289275901012,0.6224625904520511,0.5,0.5,29,0
raw_annual_rates,historical_ex_games_12m_pct,cn_ppi_tech_gbp_12m_pct,post_2022,8,0.6146676118972783,0.7179982944165352,0.5,0.5,28,0
raw_annual_rates,historical_ex_games_12m_pct,cn_ppi_tech_gbp_12m_pct,post_2022,9,0.6576035021153004,0.6916713244655737,0.5,0.5,27,0
raw_annual_rates,historical_ex_games_12m_pct,cn_ppi_tech_gbp_12m_pct,post_2022,10,0.6586826548623154,0.6478243110828821,0.5,0.5,26,0
raw_annual_rates,historical_ex_games_12m_pct,cn_ppi_tech_gbp_12m_pct,post_2022,11,0.4823977851648086,0.494094748114987,0.5,0.5,25,0
raw_annual_rates,historical_ex_games_12m_pct,cn_ppi_tech_gbp_12m_pct,post_2022,12,0.3370649735671932,0.3370649735671932,0.5,1.0,24,0
raw_annual_rates,historical_ex_games_12m_pct,tw_epi_integrated_circuits_gbp_12m_pct,full,0,0.08620914784102235,0.07639705714003647,0.7254237288135593,0.9423728813559322,330,0
raw_annual_rates,historical_ex_games_12m_pct,tw_epi_integrated_circuits_gbp_12m_pct,full,1,0.11201374553645005,0.10511903823290838,0.5898305084745763,0.8440677966101695,329,0
raw_annual_rates,historical_ex_games_12m_pct,tw_epi_integrated_circuits_gbp_12m_pct,full,2,0.14081184828363974,0.13743189446097345,0.423728813559322,0.7254237288135593,328,0
raw_annual_rates,historical_ex_games_12m_pct,tw_epi_integrated_circuits_gbp_12m_pct,full,3,0.170725918996501,0.17029851370518717,0.3152542372881356,0.5694915254237288,327,0
raw_annual_rates,historical_ex_games_12m_pct,tw_epi_integrated_circuits_gbp_12m_pct,full,4,0.1988394648130861,0.20108161689416454,0.25084745762711863,0.4745762711864407,326,0
raw_annual_rates,historical_ex_games_12m_pct,tw_epi_integrated_circuits_gbp_12m_pct,full,5,0.2300754875582033,0.23233352761434806,0.16610169491525423,0.3728813559322034,325,0
raw_annual_rates,historical_ex_games_12m_pct,tw_epi_integrated_circuits_gbp_12m_pct,full,6,0.261550746987029,0.2631984850027255,0.09152542372881356,0.2576271186440678,324,0
raw_annual_rates,historical_ex_games_12m_pct,tw_epi_integrated_circuits_gbp_12m_pct,full,7,0.2879343809426994,0.2894474253149718,0.06440677966101695,0.1423728813559322,323,0
raw_annual_rates,historical_ex_games_12m_pct,tw_epi_integrated_circuits_gbp_12m_pct,full,8,0.31037750766279976,0.3121485357131919,0.05423728813559322,0.1288135593220339,322,0
raw_annual_rates,historical_ex_games_12m_pct,tw_epi_integrated_circuits_gbp_12m_pct,full,9,0.3358442172249351,0.33798776178988454,0.04406779661016949,0.10508474576271186,321,0
raw_annual_rates,historical_ex_games_12m_pct,tw_epi_integrated_circuits_gbp_12m_pct,full,10,0.35635055783436714,0.3582531882400413,0.04067796610169491,0.09830508474576272,320,0
raw_annual_rates,historical_ex_games_12m_pct,tw_epi_integrated_circuits_gbp_12m_pct,full,11,0.3743797587656715,0.3758538251874417,0.03728813559322034,0.0847457627118644,319,0
raw_annual_rates,historical_ex_games_12m_pct,tw_epi_integrated_circuits_gbp_12m_pct,full,12,0.3829408603899577,0.3829408603899577,0.03389830508474576,0.07796610169491526,318,0
raw_annual_rates,historical_ex_games_12m_pct,tw_epi_integrated_circuits_gbp_12m_pct,pre_2020,0,0.03848103774113178,0.025624947877912252,0.8433179723502304,1.0,252,0
raw_annual_rates,historical_ex_games_12m_pct,tw_epi_integrated_circuits_gbp_12m_pct,pre_2020,1,0.07303416115467685,0.061584019296626845,0.631336405529954,0.8525345622119815,251,0
raw_annual_rates,historical_ex_games_12m_pct,tw_epi_integrated_circuits_gbp_12m_pct,pre_2020,2,0.11364065190785089,0.10430662475060401,0.543778801843318,0.7465437788018433,250,0
raw_annual_rates,historical_ex_games_12m_pct,tw_epi_integrated_circuits_gbp_12m_pct,pre_2020,3,0.15207402119726296,0.14491297053006913,0.45161290322580644,0.6359447004608295,249,0
raw_annual_rates,historical_ex_games_12m_pct,tw_epi_integrated_circuits_gbp_12m_pct,pre_2020,4,0.18579526194707235,0.18028097542143326,0.3870967741935484,0.5668202764976958,248,0
raw_annual_rates,historical_ex_games_12m_pct,tw_epi_integrated_circuits_gbp_12m_pct,pre_2020,5,0.21695293195263918,0.21265697839201833,0.271889400921659,0.4608294930875576,247,0
raw_annual_rates,historical_ex_games_12m_pct,tw_epi_integrated_circuits_gbp_12m_pct,pre_2020,6,0.2478635647486311,0.24416372385327706,0.22119815668202766,0.3824884792626728,246,0
raw_annual_rates,historical_ex_games_12m_pct,tw_epi_integrated_circuits_gbp_12m_pct,pre_2020,7,0.268767772040232,0.26597570567028717,0.1935483870967742,0.35023041474654376,245,0
raw_annual_rates,historical_ex_games_12m_pct,tw_epi_integrated_circuits_gbp_12m_pct,pre_2020,8,0.2871388157256451,0.28535914812586877,0.16589861751152074,0.31797235023041476,244,0
raw_annual_rates,historical_ex_games_12m_pct,tw_epi_integrated_circuits_gbp_12m_pct,pre_2020,9,0.31040162153914574,0.3090721330384661,0.0967741935483871,0.271889400921659,243,0
raw_annual_rates,historical_ex_games_12m_pct,tw_epi_integrated_circuits_gbp_12m_pct,pre_2020,10,0.3310961621642245,0.3306164232915025,0.06451612903225806,0.22119815668202766,242,0
raw_annual_rates,historical_ex_games_12m_pct,tw_epi_integrated_circuits_gbp_12m_pct,pre_2020,11,0.34922716015399163,0.3493919456346658,0.055299539170506916,0.16129032258064516,241,0
raw_annual_rates,historical_ex_games_12m_pct,tw_epi_integrated_circuits_gbp_12m_pct,pre_2020,12,0.36065751881853847,0.36065751881853847,0.05069124423963134,0.1336405529953917,240,0
raw_annual_rates,historical_ex_games_12m_pct,tw_epi_integrated_circuits_gbp_12m_pct,pandemic_2020_2022,0,-0.539942984358567,-0.33010524250472395,1.0,1.0,36,0
raw_annual_rates,historical_ex_games_12m_pct,tw_epi_integrated_circuits_gbp_12m_pct,pandemic_2020_2022,1,-0.5989157190138201,-0.30519989714064233,1.0,1.0,35,0
raw_annual_rates,historical_ex_games_12m_pct,tw_epi_integrated_circuits_gbp_12m_pct,pandemic_2020_2022,2,-0.6654036328998706,-0.3433992481468781,1.0,1.0,34,0
raw_annual_rates,historical_ex_games_12m_pct,tw_epi_integrated_circuits_gbp_12m_pct,pandemic_2020_2022,3,-0.6964637670193462,-0.3644914956808769,1.0,1.0,33,0
raw_annual_rates,historical_ex_games_12m_pct,tw_epi_integrated_circuits_gbp_12m_pct,pandemic_2020_2022,4,-0.6986105606537198,-0.3555523566439683,0.5,1.0,32,0
raw_annual_rates,historical_ex_games_12m_pct,tw_epi_integrated_circuits_gbp_12m_pct,pandemic_2020_2022,5,-0.7041459976481,-0.430815298740538,0.5,1.0,31,0
raw_annual_rates,historical_ex_games_12m_pct,tw_epi_integrated_circuits_gbp_12m_pct,pandemic_2020_2022,6,-0.6766557313396209,-0.4225106955037995,0.5,1.0,30,0
raw_annual_rates,historical_ex_games_12m_pct,tw_epi_integrated_circuits_gbp_12m_pct,pandemic_2020_2022,7,-0.6030934956774812,-0.35031988769470396,0.5,1.0,29,0
raw_annual_rates,historical_ex_games_12m_pct,tw_epi_integrated_circuits_gbp_12m_pct,pandemic_2020_2022,8,-0.5157498304465719,-0.2724089350807317,0.5,1.0,28,0
raw_annual_rates,historical_ex_games_12m_pct,tw_epi_integrated_circuits_gbp_12m_pct,pandemic_2020_2022,9,-0.3534591464711113,-0.14994566387380115,1.0,1.0,27,0
raw_annual_rates,historical_ex_games_12m_pct,tw_epi_integrated_circuits_gbp_12m_pct,pandemic_2020_2022,10,-0.21959062408605914,-0.03513659503506245,1.0,1.0,26,0
raw_annual_rates,historical_ex_games_12m_pct,tw_epi_integrated_circuits_gbp_12m_pct,pandemic_2020_2022,11,-0.044271239731152746,0.060102491031989946,1.0,1.0,25,0
raw_annual_rates,historical_ex_games_12m_pct,tw_epi_integrated_circuits_gbp_12m_pct,pandemic_2020_2022,12,0.09018847351874669,0.09018847351874669,1.0,1.0,24,0
raw_annual_rates,historical_ex_games_12m_pct,tw_epi_integrated_circuits_gbp_12m_pct,post_2022,0,-0.23003424401686132,-0.36769687157098646,0.14285714285714285,0.2857142857142857,42,0
raw_annual_rates,historical_ex_games_12m_pct,tw_epi_integrated_circuits_gbp_12m_pct,post_2022,1,-0.03862418167242628,-0.0833332889420616,0.8571428571428571,1.0,41,0
raw_annual_rates,historical_ex_games_12m_pct,tw_epi_integrated_circuits_gbp_12m_pct,post_2022,2,0.0591124007016101,0.05234153500971226,0.8571428571428571,1.0,40,0
raw_annual_rates,historical_ex_games_12m_pct,tw_epi_integrated_circuits_gbp_12m_pct,post_2022,3,0.16834945256150657,0.18277386337387988,0.14285714285714285,1.0,39,0
raw_annual_rates,historical_ex_games_12m_pct,tw_epi_integrated_circuits_gbp_12m_pct,post_2022,4,0.17305806239029867,0.2071468055456202,0.2857142857142857,1.0,38,0
raw_annual_rates,historical_ex_games_12m_pct,tw_epi_integrated_circuits_gbp_12m_pct,post_2022,5,0.2514787301174836,0.29398766226135176,0.14285714285714285,0.42857142857142855,37,0
raw_annual_rates,historical_ex_games_12m_pct,tw_epi_integrated_circuits_gbp_12m_pct,post_2022,6,0.26469077221797277,0.28826234783578486,0.14285714285714285,0.42857142857142855,36,0
raw_annual_rates,historical_ex_games_12m_pct,tw_epi_integrated_circuits_gbp_12m_pct,post_2022,7,0.44219058384599785,0.4461149118162532,0.14285714285714285,0.14285714285714285,35,0
raw_annual_rates,historical_ex_games_12m_pct,tw_epi_integrated_circuits_gbp_12m_pct,post_2022,8,0.5286966851001725,0.5312032433415623,0.14285714285714285,0.14285714285714285,34,0
raw_annual_rates,historical_ex_games_12m_pct,tw_epi_integrated_circuits_gbp_12m_pct,post_2022,9,0.6284002988710221,0.6349327638344174,0.14285714285714285,0.14285714285714285,33,0
raw_annual_rates,historical_ex_games_12m_pct,tw_epi_integrated_circuits_gbp_12m_pct,post_2022,10,0.6023636753527641,0.6197773520425232,0.14285714285714285,0.14285714285714285,32,0
raw_annual_rates,historical_ex_games_12m_pct,tw_epi_integrated_circuits_gbp_12m_pct,post_2022,11,0.48516309172507394,0.5072239974967878,0.14285714285714285,0.14285714285714285,31,0
raw_annual_rates,historical_ex_games_12m_pct,tw_epi_integrated_circuits_gbp_12m_pct,post_2022,12,0.2972818445537822,0.2972818445537822,0.14285714285714285,0.42857142857142855,30,0
raw_annual_rates,historical_ex_games_12m_pct,hk_ppi_tech_gbp_12m_pct,full,0,-0.07799185333611369,-0.09218537666139025,0.5097087378640777,0.7572815533980582,241,0
raw_annual_rates,historical_ex_games_12m_pct,hk_ppi_tech_gbp_12m_pct,full,1,-0.04854449418305455,-0.05323154125814796,0.6553398058252428,0.9320388349514563,240,0
raw_annual_rates,historical_ex_games_12m_pct,hk_ppi_tech_gbp_12m_pct,full,2,-0.00789838193994468,-0.012452414094966384,0.8980582524271845,1.0,239,0
raw_annual_rates,historical_ex_games_12m_pct,hk_ppi_tech_gbp_12m_pct,full,3,0.03019484895983692,0.023859673865420067,0.8203883495145631,1.0,238,0
raw_annual_rates,historical_ex_games_12m_pct,hk_ppi_tech_gbp_12m_pct,full,4,0.05007623888796102,0.04302571886477793,0.7378640776699029,0.9563106796116505,237,0
raw_annual_rates,historical_ex_games_12m_pct,hk_ppi_tech_gbp_12m_pct,full,5,0.06513881779436953,0.062263619058810525,0.5970873786407767,0.8689320388349514,236,0
raw_annual_rates,historical_ex_games_12m_pct,hk_ppi_tech_gbp_12m_pct,full,6,0.0600723107219817,0.05967448906768093,0.6553398058252428,0.8980582524271845,235,0
raw_annual_rates,historical_ex_games_12m_pct,hk_ppi_tech_gbp_12m_pct,full,7,0.060447629444746395,0.06439833701473135,0.6262135922330098,0.8543689320388349,234,0
raw_annual_rates,historical_ex_games_12m_pct,hk_ppi_tech_gbp_12m_pct,full,8,0.06735902054802355,0.0695931227528177,0.6213592233009708,0.8446601941747572,233,0
raw_annual_rates,historical_ex_games_12m_pct,hk_ppi_tech_gbp_12m_pct,full,9,0.06205187883217246,0.06253978773747688,0.6553398058252428,0.8689320388349514,232,0
raw_annual_rates,historical_ex_games_12m_pct,hk_ppi_tech_gbp_12m_pct,full,10,0.06128690751407976,0.059286111043639095,0.6893203883495146,0.8980582524271845,231,0
raw_annual_rates,historical_ex_games_12m_pct,hk_ppi_tech_gbp_12m_pct,full,11,0.0487901932231805,0.0474792794223077,0.7669902912621359,0.9514563106796117,230,0
raw_annual_rates,historical_ex_games_12m_pct,hk_ppi_tech_gbp_12m_pct,full,12,0.03344611195583459,0.03344611195583459,0.8446601941747572,0.9805825242718447,229,0
raw_annual_rates,historical_ex_games_12m_pct,hk_ppi_tech_gbp_12m_pct,pre_2020,0,-0.017628705071189046,-0.011753711119089488,0.984375,1.0,163,0
raw_annual_rates,historical_ex_games_12m_pct,hk_ppi_tech_gbp_12m_pct,pre_2020,1,0.017090191797903848,0.024172401972751924,0.96875,1.0,162,0
raw_annual_rates,historical_ex_games_12m_pct,hk_ppi_tech_gbp_12m_pct,pre_2020,2,0.053266565906155625,0.06015011100893067,0.9296875,1.0,161,0
raw_annual_rates,historical_ex_games_12m_pct,hk_ppi_tech_gbp_12m_pct,pre_2020,3,0.07977555202729396,0.08630823927971205,0.890625,0.984375,160,0
raw_annual_rates,historical_ex_games_12m_pct,hk_ppi_tech_gbp_12m_pct,pre_2020,4,0.08944515335881068,0.09644735088146068,0.8515625,0.984375,159,0
raw_annual_rates,historical_ex_games_12m_pct,hk_ppi_tech_gbp_12m_pct,pre_2020,5,0.10392670401424063,0.11104291654373484,0.7890625,0.96875,158,0
raw_annual_rates,historical_ex_games_12m_pct,hk_ppi_tech_gbp_12m_pct,pre_2020,6,0.09783101985025659,0.10338729277245617,0.828125,0.9765625,157,0
raw_annual_rates,historical_ex_games_12m_pct,hk_ppi_tech_gbp_12m_pct,pre_2020,7,0.09958645778613669,0.10332594540025404,0.8125,0.9765625,156,0
raw_annual_rates,historical_ex_games_12m_pct,hk_ppi_tech_gbp_12m_pct,pre_2020,8,0.1083109001807394,0.11161341160868539,0.75,0.96875,155,0
raw_annual_rates,historical_ex_games_12m_pct,hk_ppi_tech_gbp_12m_pct,pre_2020,9,0.10453949315230084,0.10735430601305229,0.7578125,0.96875,154,0
raw_annual_rates,historical_ex_games_12m_pct,hk_ppi_tech_gbp_12m_pct,pre_2020,10,0.10879021703783791,0.10925623270013018,0.7421875,0.96875,153,0
raw_annual_rates,historical_ex_games_12m_pct,hk_ppi_tech_gbp_12m_pct,pre_2020,11,0.09538703868906655,0.09488942071737565,0.78125,0.984375,152,0
raw_annual_rates,historical_ex_games_12m_pct,hk_ppi_tech_gbp_12m_pct,pre_2020,12,0.08559617717259332,0.08559617717259332,0.8203125,0.984375,151,0
raw_annual_rates,historical_ex_games_12m_pct,hk_ppi_tech_gbp_12m_pct,pandemic_2020_2022,0,-0.4260483860041273,-0.3091012296149441,0.5,1.0,36,0
raw_annual_rates,historical_ex_games_12m_pct,hk_ppi_tech_gbp_12m_pct,pandemic_2020_2022,1,-0.28461713737567146,-0.17178449191444953,0.5,1.0,35,0
raw_annual_rates,historical_ex_games_12m_pct,hk_ppi_tech_gbp_12m_pct,pandemic_2020_2022,2,-0.1670307328805933,-0.03664234534828361,1.0,1.0,34,0
raw_annual_rates,historical_ex_games_12m_pct,hk_ppi_tech_gbp_12m_pct,pandemic_2020_2022,3,-0.0020339739534907977,0.11224603041726347,1.0,1.0,33,0
raw_annual_rates,historical_ex_games_12m_pct,hk_ppi_tech_gbp_12m_pct,pandemic_2020_2022,4,0.16191191520613984,0.23726758040049092,1.0,1.0,32,0
raw_annual_rates,historical_ex_games_12m_pct,hk_ppi_tech_gbp_12m_pct,pandemic_2020_2022,5,0.34723550341690046,0.4663334121031201,1.0,1.0,31,0
raw_annual_rates,historical_ex_games_12m_pct,hk_ppi_tech_gbp_12m_pct,pandemic_2020_2022,6,0.5564274245900133,0.6708531835320777,0.5,0.5,30,0
raw_annual_rates,historical_ex_games_12m_pct,hk_ppi_tech_gbp_12m_pct,pandemic_2020_2022,7,0.7309892239235344,0.765173392337464,0.5,0.5,29,0
raw_annual_rates,historical_ex_games_12m_pct,hk_ppi_tech_gbp_12m_pct,pandemic_2020_2022,8,0.7788220974923659,0.8138656231256357,0.5,0.5,28,0
raw_annual_rates,historical_ex_games_12m_pct,hk_ppi_tech_gbp_12m_pct,pandemic_2020_2022,9,0.7048429240771097,0.6981793828561409,0.5,0.5,27,0
raw_annual_rates,historical_ex_games_12m_pct,hk_ppi_tech_gbp_12m_pct,pandemic_2020_2022,10,0.7447491189033681,0.7143868390351213,0.5,0.5,26,0
raw_annual_rates,historical_ex_games_12m_pct,hk_ppi_tech_gbp_12m_pct,pandemic_2020_2022,11,0.731650985869935,0.7193083321962427,0.5,0.5,25,0
raw_annual_rates,historical_ex_games_12m_pct,hk_ppi_tech_gbp_12m_pct,pandemic_2020_2022,12,0.713722013942006,0.713722013942006,0.5,0.5,24,0
raw_annual_rates,historical_ex_games_12m_pct,hk_ppi_tech_gbp_12m_pct,post_2022,0,0.08409496826054251,0.1759583176671254,0.7142857142857143,1.0,42,0
raw_annual_rates,historical_ex_games_12m_pct,hk_ppi_tech_gbp_12m_pct,post_2022,1,0.15618216289591888,0.3233478350757467,0.7142857142857143,1.0,41,0
raw_annual_rates,historical_ex_games_12m_pct,hk_ppi_tech_gbp_12m_pct,post_2022,2,0.3320206935377277,0.4874913019818504,0.2857142857142857,0.7142857142857143,40,0
raw_annual_rates,historical_ex_games_12m_pct,hk_ppi_tech_gbp_12m_pct,post_2022,3,0.5530521164997083,0.6442868445221696,0.14285714285714285,0.14285714285714285,39,0
raw_annual_rates,historical_ex_games_12m_pct,hk_ppi_tech_gbp_12m_pct,post_2022,4,0.6952396836013766,0.729793110516945,0.14285714285714285,0.14285714285714285,38,0
raw_annual_rates,historical_ex_games_12m_pct,hk_ppi_tech_gbp_12m_pct,post_2022,5,0.6928959987168671,0.7631148160778206,0.14285714285714285,0.14285714285714285,37,0
raw_annual_rates,historical_ex_games_12m_pct,hk_ppi_tech_gbp_12m_pct,post_2022,6,0.5695243783715113,0.6317601005198297,0.14285714285714285,0.14285714285714285,36,0
raw_annual_rates,historical_ex_games_12m_pct,hk_ppi_tech_gbp_12m_pct,post_2022,7,0.5185140734615682,0.6260214534466333,0.14285714285714285,0.14285714285714285,35,0
raw_annual_rates,historical_ex_games_12m_pct,hk_ppi_tech_gbp_12m_pct,post_2022,8,0.4354228918530139,0.507742228845027,0.14285714285714285,0.5714285714285714,34,0
raw_annual_rates,historical_ex_games_12m_pct,hk_ppi_tech_gbp_12m_pct,post_2022,9,0.4128819697185422,0.4445592721828808,0.14285714285714285,1.0,33,0
raw_annual_rates,historical_ex_games_12m_pct,hk_ppi_tech_gbp_12m_pct,post_2022,10,0.28821273269670594,0.2558212718138258,0.14285714285714285,1.0,32,0
raw_annual_rates,historical_ex_games_12m_pct,hk_ppi_tech_gbp_12m_pct,post_2022,11,0.2583977467099129,0.2289641062701012,0.14285714285714285,1.0,31,0
raw_annual_rates,historical_ex_games_12m_pct,hk_ppi_tech_gbp_12m_pct,post_2022,12,0.10716983885215568,0.10716983885215568,0.5714285714285714,1.0,30,0
raw_annual_rates,historical_ex_games_12m_pct,oecd_asia_c26_targeted_gbp_12m_pct,full,0,-0.3303704314556989,-0.3872771026171741,0.48148148148148145,0.7407407407407407,62,0
raw_annual_rates,historical_ex_games_12m_pct,oecd_asia_c26_targeted_gbp_12m_pct,full,1,-0.24333103482894028,-0.3042755668480646,0.5925925925925926,0.8888888888888888,61,0
raw_annual_rates,historical_ex_games_12m_pct,oecd_asia_c26_targeted_gbp_12m_pct,full,2,-0.1957486107269921,-0.2501788397319538,0.6296296296296297,0.9629629629629629,60,0
raw_annual_rates,historical_ex_games_12m_pct,oecd_asia_c26_targeted_gbp_12m_pct,full,3,-0.13504569787549106,-0.17065535291723022,0.7037037037037037,1.0,59,0
raw_annual_rates,historical_ex_games_12m_pct,oecd_asia_c26_targeted_gbp_12m_pct,full,4,-0.055692046944191484,-0.08154098146902308,0.8888888888888888,1.0,58,0
raw_annual_rates,historical_ex_games_12m_pct,oecd_asia_c26_targeted_gbp_12m_pct,full,5,0.07201087305913431,0.039575890910279035,0.9629629629629629,1.0,57,0
raw_annual_rates,historical_ex_games_12m_pct,oecd_asia_c26_targeted_gbp_12m_pct,full,6,0.19258596099324085,0.16808038432794048,0.48148148148148145,1.0,56,0
raw_annual_rates,historical_ex_games_12m_pct,oecd_asia_c26_targeted_gbp_12m_pct,full,7,0.3365142049233611,0.3241967634189839,0.2222222222222222,0.8518518518518519,55,0
raw_annual_rates,historical_ex_games_12m_pct,oecd_asia_c26_targeted_gbp_12m_pct,full,8,0.451673395818406,0.4530013150273931,0.037037037037037035,0.5925925925925926,54,0
raw_annual_rates,historical_ex_games_12m_pct,oecd_asia_c26_targeted_gbp_12m_pct,full,9,0.5197453999128704,0.5319742665054278,0.037037037037037035,0.37037037037037035,53,0
raw_annual_rates,historical_ex_games_12m_pct,oecd_asia_c26_targeted_gbp_12m_pct,full,10,0.5997306329048746,0.6159530942168185,0.037037037037037035,0.037037037037037035,52,0
raw_annual_rates,historical_ex_games_12m_pct,oecd_asia_c26_targeted_gbp_12m_pct,full,11,0.6553601532816293,0.6706924769833011,0.037037037037037035,0.037037037037037035,51,0
raw_annual_rates,historical_ex_games_12m_pct,oecd_asia_c26_targeted_gbp_12m_pct,full,12,0.6542434748882047,0.6542434748882047,0.037037037037037035,0.037037037037037035,50,0
raw_annual_rates,historical_ex_games_12m_pct,oecd_asia_c26_targeted_gbp_12m_pct,pandemic_2020_2022,0,-0.8692783873220404,-0.8698292316913319,0.5,0.5,22,0
raw_annual_rates,historical_ex_games_12m_pct,oecd_asia_c26_targeted_gbp_12m_pct,pandemic_2020_2022,1,-0.913671339689442,-0.8860244591785331,0.5,0.5,21,0
raw_annual_rates,historical_ex_games_12m_pct,oecd_asia_c26_targeted_gbp_12m_pct,pandemic_2020_2022,2,-0.9591713052551807,-0.8918976578650303,0.5,0.5,20,0
raw_annual_rates,historical_ex_games_12m_pct,oecd_asia_c26_targeted_gbp_12m_pct,pandemic_2020_2022,3,-0.9377217186982735,-0.9094902511579962,0.5,0.5,19,0
raw_annual_rates,historical_ex_games_12m_pct,oecd_asia_c26_targeted_gbp_12m_pct,pandemic_2020_2022,4,-0.8933593040398219,-0.8278449010153424,0.5,0.5,18,0
raw_annual_rates,historical_ex_games_12m_pct,oecd_asia_c26_targeted_gbp_12m_pct,pandemic_2020_2022,5,-0.8565275003102466,-0.8483234949317486,0.5,0.5,17,0
raw_annual_rates,historical_ex_games_12m_pct,oecd_asia_c26_targeted_gbp_12m_pct,pandemic_2020_2022,6,-0.8476768442913539,-0.9083197357213916,0.5,0.5,16,0
raw_annual_rates,historical_ex_games_12m_pct,oecd_asia_c26_targeted_gbp_12m_pct,pandemic_2020_2022,7,-0.7895196739127206,-0.9109758276697928,0.5,0.5,15,0
raw_annual_rates,historical_ex_games_12m_pct,oecd_asia_c26_targeted_gbp_12m_pct,pandemic_2020_2022,8,-0.7650721514268511,-0.9187844184616056,0.5,0.5,14,0
raw_annual_rates,historical_ex_games_12m_pct,oecd_asia_c26_targeted_gbp_12m_pct,pandemic_2020_2022,9,-0.7294547832652648,-0.9127060954514175,0.5,0.5,13,0
raw_annual_rates,historical_ex_games_12m_pct,oecd_asia_c26_targeted_gbp_12m_pct,pandemic_2020_2022,10,-0.630641209809474,-0.7066013383516356,0.5,0.5,12,0
raw_annual_rates,historical_ex_games_12m_pct,oecd_asia_c26_targeted_gbp_12m_pct,pandemic_2020_2022,11,-0.4403653204221399,-0.4993409272196037,0.5,1.0,11,0
raw_annual_rates,historical_ex_games_12m_pct,oecd_asia_c26_targeted_gbp_12m_pct,pandemic_2020_2022,12,-0.2755238239580836,-0.2755238239580836,1.0,1.0,10,0
raw_annual_rates,historical_ex_games_12m_pct,oecd_asia_c26_targeted_gbp_12m_pct,post_2022,0,-0.40180141253826596,-0.4800331377830466,0.4,0.4,40,0
raw_annual_rates,historical_ex_games_12m_pct,oecd_asia_c26_targeted_gbp_12m_pct,post_2022,1,-0.19787416489639684,-0.19926291400447746,0.8,1.0,39,0
raw_annual_rates,historical_ex_games_12m_pct,oecd_asia_c26_targeted_gbp_12m_pct,post_2022,2,-0.06255050123391294,-0.023704180016569314,1.0,1.0,38,0
raw_annual_rates,historical_ex_games_12m_pct,oecd_asia_c26_targeted_gbp_12m_pct,post_2022,3,0.04946473058375271,0.09966612053048475,0.8,1.0,37,0
raw_annual_rates,historical_ex_games_12m_pct,oecd_asia_c26_targeted_gbp_12m_pct,post_2022,4,0.11529534258853674,0.15202402800299364,0.6,1.0,36,0
raw_annual_rates,historical_ex_games_12m_pct,oecd_asia_c26_targeted_gbp_12m_pct,post_2022,5,0.2434036131451259,0.26557726089747224,0.2,0.8,35,0
raw_annual_rates,historical_ex_games_12m_pct,oecd_asia_c26_targeted_gbp_12m_pct,post_2022,6,0.3190368417897402,0.3311621306811457,0.2,0.8,34,0
raw_annual_rates,historical_ex_games_12m_pct,oecd_asia_c26_targeted_gbp_12m_pct,post_2022,7,0.4431515158249004,0.43784297134522887,0.2,0.4,33,0
raw_annual_rates,historical_ex_games_12m_pct,oecd_asia_c26_targeted_gbp_12m_pct,post_2022,8,0.5069434638923704,0.5092037089274168,0.2,0.2,32,0
raw_annual_rates,historical_ex_games_12m_pct,oecd_asia_c26_targeted_gbp_12m_pct,post_2022,9,0.4645617003968393,0.4692180931660695,0.2,0.4,31,0
raw_annual_rates,historical_ex_games_12m_pct,oecd_asia_c26_targeted_gbp_12m_pct,post_2022,10,0.479191817017914,0.49959824079114157,0.2,0.2,30,0
raw_annual_rates,historical_ex_games_12m_pct,oecd_asia_c26_targeted_gbp_12m_pct,post_2022,11,0.3803018122646809,0.394508006741721,0.2,0.6,29,0
raw_annual_rates,historical_ex_games_12m_pct,oecd_asia_c26_targeted_gbp_12m_pct,post_2022,12,0.22658795728914624,0.22658795728914624,0.4,1.0,28,0
raw_annual_rates,historical_ex_games_12m_pct,oecd_asia_c26_bls_gbp_12m_pct,full,0,-0.2047520740799811,-0.2238613816914578,0.2644628099173554,0.5371900826446281,156,0
raw_annual_rates,historical_ex_games_12m_pct,oecd_asia_c26_bls_gbp_12m_pct,full,1,-0.12775194345269125,-0.14404101380464834,0.5702479338842975,0.8925619834710744,155,0
raw_annual_rates,historical_ex_games_12m_pct,oecd_asia_c26_bls_gbp_12m_pct,full,2,-0.054314493400720296,-0.0660220710840994,0.8099173553719008,1.0,154,0
raw_annual_rates,historical_ex_games_12m_pct,oecd_asia_c26_bls_gbp_12m_pct,full,3,0.015279706412714351,0.009784585039187674,0.9834710743801653,1.0,153,0
raw_annual_rates,historical_ex_games_12m_pct,oecd_asia_c26_bls_gbp_12m_pct,full,4,0.08661568984032511,0.09179973241458934,0.6859504132231405,0.9834710743801653,152,0
raw_annual_rates,historical_ex_games_12m_pct,oecd_asia_c26_bls_gbp_12m_pct,full,5,0.1640939430383158,0.16680466483535722,0.3884297520661157,0.8760330578512396,151,0
raw_annual_rates,historical_ex_games_12m_pct,oecd_asia_c26_bls_gbp_12m_pct,full,6,0.23361657223719895,0.23462475919715947,0.2231404958677686,0.48760330578512395,150,0
raw_annual_rates,historical_ex_games_12m_pct,oecd_asia_c26_bls_gbp_12m_pct,full,7,0.3050438221384478,0.30942450311160086,0.1487603305785124,0.4049586776859504,149,0
raw_annual_rates,historical_ex_games_12m_pct,oecd_asia_c26_bls_gbp_12m_pct,full,8,0.3380678964107001,0.34445846589635015,0.12396694214876033,0.2892561983471074,148,0
raw_annual_rates,historical_ex_games_12m_pct,oecd_asia_c26_bls_gbp_12m_pct,full,9,0.36244252997942217,0.37373340708959657,0.11570247933884298,0.23140495867768596,147,0
raw_annual_rates,historical_ex_games_12m_pct,oecd_asia_c26_bls_gbp_12m_pct,full,10,0.3723382202724192,0.3818360867472217,0.11570247933884298,0.23140495867768596,146,0
raw_annual_rates,historical_ex_games_12m_pct,oecd_asia_c26_bls_gbp_12m_pct,full,11,0.36581715278167937,0.3739096187890964,0.1322314049586777,0.23140495867768596,145,0
raw_annual_rates,historical_ex_games_12m_pct,oecd_asia_c26_bls_gbp_12m_pct,full,12,0.34865023408597867,0.34865023408597867,0.15702479338842976,0.2727272727272727,144,0
raw_annual_rates,historical_ex_games_12m_pct,oecd_asia_c26_bls_gbp_12m_pct,pre_2020,0,-0.10313892646909241,-0.12752931838231352,0.8181818181818182,1.0,79,0
raw_annual_rates,historical_ex_games_12m_pct,oecd_asia_c26_bls_gbp_12m_pct,pre_2020,1,-0.023523357261730625,-0.03971101962366212,0.9545454545454546,1.0,78,0
raw_annual_rates,historical_ex_games_12m_pct,oecd_asia_c26_bls_gbp_12m_pct,pre_2020,2,0.06684313196439538,0.05831849401362733,0.9318181818181818,1.0,77,0
raw_annual_rates,historical_ex_games_12m_pct,oecd_asia_c26_bls_gbp_12m_pct,pre_2020,3,0.1485600807339403,0.14644407645388222,0.7727272727272727,1.0,76,0
raw_annual_rates,historical_ex_games_12m_pct,oecd_asia_c26_bls_gbp_12m_pct,pre_2020,4,0.23438847887407946,0.23435525214236083,0.6818181818181818,0.8863636363636364,75,0
raw_annual_rates,historical_ex_games_12m_pct,oecd_asia_c26_bls_gbp_12m_pct,pre_2020,5,0.30539483705915543,0.306332501230408,0.6136363636363636,0.8181818181818182,74,0
raw_annual_rates,historical_ex_games_12m_pct,oecd_asia_c26_bls_gbp_12m_pct,pre_2020,6,0.3630747778880228,0.363823845069626,0.5,0.75,73,0
raw_annual_rates,historical_ex_games_12m_pct,oecd_asia_c26_bls_gbp_12m_pct,pre_2020,7,0.41125963705676166,0.41562476250028835,0.4090909090909091,0.7045454545454546,72,0
raw_annual_rates,historical_ex_games_12m_pct,oecd_asia_c26_bls_gbp_12m_pct,pre_2020,8,0.4119748813237086,0.42003997085609396,0.4318181818181818,0.6818181818181818,71,0
raw_annual_rates,historical_ex_games_12m_pct,oecd_asia_c26_bls_gbp_12m_pct,pre_2020,9,0.4213265396447597,0.42684583756969013,0.45454545454545453,0.6818181818181818,70,0
raw_annual_rates,historical_ex_games_12m_pct,oecd_asia_c26_bls_gbp_12m_pct,pre_2020,10,0.4257143484069397,0.4337484185929482,0.45454545454545453,0.6818181818181818,69,0
raw_annual_rates,historical_ex_games_12m_pct,oecd_asia_c26_bls_gbp_12m_pct,pre_2020,11,0.40404679069414956,0.41053025300107426,0.5,0.7045454545454546,68,0
raw_annual_rates,historical_ex_games_12m_pct,oecd_asia_c26_bls_gbp_12m_pct,pre_2020,12,0.3937844152770229,0.3937844152770229,0.4772727272727273,0.7045454545454546,67,0
raw_annual_rates,historical_ex_games_12m_pct,oecd_asia_c26_bls_gbp_12m_pct,pandemic_2020_2022,0,-0.6575687042358419,-0.6201010694304988,1.0,1.0,36,0
raw_annual_rates,historical_ex_games_12m_pct,oecd_asia_c26_bls_gbp_12m_pct,pandemic_2020_2022,1,-0.6682635297518267,-0.571221583945133,1.0,1.0,35,0
raw_annual_rates,historical_ex_games_12m_pct,oecd_asia_c26_bls_gbp_12m_pct,pandemic_2020_2022,2,-0.6841447563413049,-0.5072298335627349,1.0,1.0,34,0
raw_annual_rates,historical_ex_games_12m_pct,oecd_asia_c26_bls_gbp_12m_pct,pandemic_2020_2022,3,-0.6716330247675727,-0.4226887381336115,1.0,1.0,33,0
raw_annual_rates,historical_ex_games_12m_pct,oecd_asia_c26_bls_gbp_12m_pct,pandemic_2020_2022,4,-0.6409359212676644,-0.32469657652982636,0.5,1.0,32,0
raw_annual_rates,historical_ex_games_12m_pct,oecd_asia_c26_bls_gbp_12m_pct,pandemic_2020_2022,5,-0.585782166506596,-0.24876701038942706,0.5,1.0,31,0
raw_annual_rates,historical_ex_games_12m_pct,oecd_asia_c26_bls_gbp_12m_pct,pandemic_2020_2022,6,-0.5092687304293524,-0.1472111387273251,0.5,1.0,30,0
raw_annual_rates,historical_ex_games_12m_pct,oecd_asia_c26_bls_gbp_12m_pct,pandemic_2020_2022,7,-0.36083369502891577,0.00736951134407111,1.0,1.0,29,0
raw_annual_rates,historical_ex_games_12m_pct,oecd_asia_c26_bls_gbp_12m_pct,pandemic_2020_2022,8,-0.1722863102027283,0.1654901182002061,1.0,1.0,28,0
raw_annual_rates,historical_ex_games_12m_pct,oecd_asia_c26_bls_gbp_12m_pct,pandemic_2020_2022,9,0.05094609333969562,0.2979042563364821,1.0,1.0,27,0
raw_annual_rates,historical_ex_games_12m_pct,oecd_asia_c26_bls_gbp_12m_pct,pandemic_2020_2022,10,0.2428604859832359,0.41271626699152514,1.0,1.0,26,0
raw_annual_rates,historical_ex_games_12m_pct,oecd_asia_c26_bls_gbp_12m_pct,pandemic_2020_2022,11,0.4320514176108292,0.5080087680168824,1.0,1.0,25,0
raw_annual_rates,historical_ex_games_12m_pct,oecd_asia_c26_bls_gbp_12m_pct,pandemic_2020_2022,12,0.5251077377446588,0.5251077377446588,1.0,1.0,24,0
raw_annual_rates,historical_ex_games_12m_pct,oecd_asia_c26_bls_gbp_12m_pct,post_2022,0,0.015551048407037865,-0.1047915085400694,0.3333333333333333,1.0,41,0
raw_annual_rates,historical_ex_games_12m_pct,oecd_asia_c26_bls_gbp_12m_pct,post_2022,1,0.2864013937942236,0.1988920446463715,0.16666666666666666,1.0,40,0
raw_annual_rates,historical_ex_games_12m_pct,oecd_asia_c26_bls_gbp_12m_pct,post_2022,2,0.41199316302022093,0.3546785534060643,0.16666666666666666,0.16666666666666666,39,0
raw_annual_rates,historical_ex_games_12m_pct,oecd_asia_c26_bls_gbp_12m_pct,post_2022,3,0.47833515273813987,0.459436577312577,0.16666666666666666,0.16666666666666666,38,0
raw_annual_rates,historical_ex_games_12m_pct,oecd_asia_c26_bls_gbp_12m_pct,post_2022,4,0.4494857851330945,0.4877028591559129,0.16666666666666666,0.16666666666666666,37,0
raw_annual_rates,historical_ex_games_12m_pct,oecd_asia_c26_bls_gbp_12m_pct,post_2022,5,0.47692583220885126,0.5061392704869859,0.16666666666666666,0.16666666666666666,36,0
raw_annual_rates,historical_ex_games_12m_pct,oecd_asia_c26_bls_gbp_12m_pct,post_2022,6,0.49959599483210815,0.5100569500385046,0.16666666666666666,0.16666666666666666,35,0
raw_annual_rates,historical_ex_games_12m_pct,oecd_asia_c26_bls_gbp_12m_pct,post_2022,7,0.6304357232690022,0.6593010003177212,0.16666666666666666,0.16666666666666666,34,0
raw_annual_rates,historical_ex_games_12m_pct,oecd_asia_c26_bls_gbp_12m_pct,post_2022,8,0.6556122129331553,0.7060902169178513,0.16666666666666666,0.16666666666666666,33,0
raw_annual_rates,historical_ex_games_12m_pct,oecd_asia_c26_bls_gbp_12m_pct,post_2022,9,0.6280459952884435,0.7298518796898135,0.16666666666666666,0.16666666666666666,32,0
raw_annual_rates,historical_ex_games_12m_pct,oecd_asia_c26_bls_gbp_12m_pct,post_2022,10,0.4905207223972112,0.5829895379393929,0.16666666666666666,0.16666666666666666,31,0
raw_annual_rates,historical_ex_games_12m_pct,oecd_asia_c26_bls_gbp_12m_pct,post_2022,11,0.32522459467630677,0.4097228571688262,0.16666666666666666,0.16666666666666666,30,0
raw_annual_rates,historical_ex_games_12m_pct,oecd_asia_c26_bls_gbp_12m_pct,post_2022,12,0.15079433125337918,0.15079433125337918,0.5,1.0,29,0
raw_annual_rates,historical_ex_games_12m_pct,fred_china_computer_electronics_gbp_12m_pct,full,0,-0.21654474391870587,-0.23653529408026477,0.24793388429752067,0.5041322314049587,156,0
raw_annual_rates,historical_ex_games_12m_pct,fred_china_computer_electronics_gbp_12m_pct,full,1,-0.13974839120402238,-0.1566711138739948,0.4793388429752066,0.8264462809917356,155,0
raw_annual_rates,historical_ex_games_12m_pct,fred_china_computer_electronics_gbp_12m_pct,full,2,-0.06683740445525942,-0.07898081050038995,0.7272727272727273,0.9917355371900827,154,0
raw_annual_rates,historical_ex_games_12m_pct,fred_china_computer_electronics_gbp_12m_pct,full,3,0.0011126167569060254,-0.005017074096414087,1.0,1.0,153,0
raw_annual_rates,historical_ex_games_12m_pct,fred_china_computer_electronics_gbp_12m_pct,full,4,0.0705043288421959,0.07577560528698622,0.7355371900826446,1.0,152,0
raw_annual_rates,historical_ex_games_12m_pct,fred_china_computer_electronics_gbp_12m_pct,full,5,0.14662569547668747,0.1492221302870495,0.47107438016528924,0.8760330578512396,151,0
raw_annual_rates,historical_ex_games_12m_pct,fred_china_computer_electronics_gbp_12m_pct,full,6,0.2136870225579426,0.21508310924865723,0.2727272727272727,0.5785123966942148,150,0
raw_annual_rates,historical_ex_games_12m_pct,fred_china_computer_electronics_gbp_12m_pct,full,7,0.28302586482433084,0.2886789224836892,0.19008264462809918,0.4132231404958678,149,0
raw_annual_rates,historical_ex_games_12m_pct,fred_china_computer_electronics_gbp_12m_pct,full,8,0.31350609958224046,0.3214372766610687,0.15702479338842976,0.3884297520661157,148,0
raw_annual_rates,historical_ex_games_12m_pct,fred_china_computer_electronics_gbp_12m_pct,full,9,0.3350912710511907,0.3480860380178342,0.14049586776859505,0.256198347107438,147,0
raw_annual_rates,historical_ex_games_12m_pct,fred_china_computer_electronics_gbp_12m_pct,full,10,0.3432427679876068,0.35379979676097656,0.14049586776859505,0.256198347107438,146,0
raw_annual_rates,historical_ex_games_12m_pct,fred_china_computer_electronics_gbp_12m_pct,full,11,0.3354073585049875,0.3441949091619781,0.1487603305785124,0.2644628099173554,145,0
raw_annual_rates,historical_ex_games_12m_pct,fred_china_computer_electronics_gbp_12m_pct,full,12,0.31805708950432543,0.31805708950432543,0.19008264462809918,0.3884297520661157,144,0
raw_annual_rates,historical_ex_games_12m_pct,fred_china_computer_electronics_gbp_12m_pct,pre_2020,0,-0.130868872622528,-0.15685001897570644,0.7727272727272727,1.0,79,0
raw_annual_rates,historical_ex_games_12m_pct,fred_china_computer_electronics_gbp_12m_pct,pre_2020,1,-0.0523101125026005,-0.06986192883668217,0.8636363636363636,1.0,78,0
raw_annual_rates,historical_ex_games_12m_pct,fred_china_computer_electronics_gbp_12m_pct,pre_2020,2,0.03726589215585491,0.027558313181518645,0.9318181818181818,1.0,77,0
raw_annual_rates,historical_ex_games_12m_pct,fred_china_computer_electronics_gbp_12m_pct,pre_2020,3,0.11637186645748426,0.11323396780471649,0.7954545454545454,1.0,76,0
raw_annual_rates,historical_ex_games_12m_pct,fred_china_computer_electronics_gbp_12m_pct,pre_2020,4,0.1998640986672921,0.19916603540475258,0.7045454545454546,0.9545454545454546,75,0
raw_annual_rates,historical_ex_games_12m_pct,fred_china_computer_electronics_gbp_12m_pct,pre_2020,5,0.26993849914729,0.27022300909122227,0.6363636363636364,0.8636363636363636,74,0
raw_annual_rates,historical_ex_games_12m_pct,fred_china_computer_electronics_gbp_12m_pct,pre_2020,6,0.325645773211362,0.32597766037765497,0.5909090909090909,0.8181818181818182,73,0
raw_annual_rates,historical_ex_games_12m_pct,fred_china_computer_electronics_gbp_12m_pct,pre_2020,7,0.3737218046896229,0.37794806591773866,0.5,0.75,72,0
raw_annual_rates,historical_ex_games_12m_pct,fred_china_computer_electronics_gbp_12m_pct,pre_2020,8,0.3745187992457295,0.38232212416384387,0.5227272727272727,0.7272727272727273,71,0
raw_annual_rates,historical_ex_games_12m_pct,fred_china_computer_electronics_gbp_12m_pct,pre_2020,9,0.3833490749286958,0.38864620685246026,0.5227272727272727,0.7272727272727273,70,0
raw_annual_rates,historical_ex_games_12m_pct,fred_china_computer_electronics_gbp_12m_pct,pre_2020,10,0.38808625935158186,0.39589878736341183,0.5454545454545454,0.7272727272727273,69,0
raw_annual_rates,historical_ex_games_12m_pct,fred_china_computer_electronics_gbp_12m_pct,pre_2020,11,0.3666973356714976,0.37304559941683463,0.5681818181818182,0.7727272727272727,68,0
raw_annual_rates,historical_ex_games_12m_pct,fred_china_computer_electronics_gbp_12m_pct,pre_2020,12,0.35819285126276335,0.35819285126276335,0.5681818181818182,0.7954545454545454,67,0
raw_annual_rates,historical_ex_games_12m_pct,fred_china_computer_electronics_gbp_12m_pct,pandemic_2020_2022,0,-0.6434061854127266,-0.6003448265258076,1.0,1.0,36,0
raw_annual_rates,historical_ex_games_12m_pct,fred_china_computer_electronics_gbp_12m_pct,pandemic_2020_2022,1,-0.6549136461351918,-0.5588233007081825,1.0,1.0,35,0
raw_annual_rates,historical_ex_games_12m_pct,fred_china_computer_electronics_gbp_12m_pct,pandemic_2020_2022,2,-0.6730414811975179,-0.4980851898416798,1.0,1.0,34,0
raw_annual_rates,historical_ex_games_12m_pct,fred_china_computer_electronics_gbp_12m_pct,pandemic_2020_2022,3,-0.6672681208880621,-0.4241826697826616,1.0,1.0,33,0
raw_annual_rates,historical_ex_games_12m_pct,fred_china_computer_electronics_gbp_12m_pct,pandemic_2020_2022,4,-0.6431762009830563,-0.33741885146175005,0.5,1.0,32,0
raw_annual_rates,historical_ex_games_12m_pct,fred_china_computer_electronics_gbp_12m_pct,pandemic_2020_2022,5,-0.5940001605644009,-0.2750334401774955,0.5,1.0,31,0
raw_annual_rates,historical_ex_games_12m_pct,fred_china_computer_electronics_gbp_12m_pct,pandemic_2020_2022,6,-0.5239772135415086,-0.18172823851036723,0.5,1.0,30,0
raw_annual_rates,historical_ex_games_12m_pct,fred_china_computer_electronics_gbp_12m_pct,pandemic_2020_2022,7,-0.3821218361486129,-0.03130051305619522,1.0,1.0,29,0
raw_annual_rates,historical_ex_games_12m_pct,fred_china_computer_electronics_gbp_12m_pct,pandemic_2020_2022,8,-0.19892134109457305,0.12567535079717732,1.0,1.0,28,0
raw_annual_rates,historical_ex_games_12m_pct,fred_china_computer_electronics_gbp_12m_pct,pandemic_2020_2022,9,0.0223167591461075,0.26273184577124337,1.0,1.0,27,0
raw_annual_rates,historical_ex_games_12m_pct,fred_china_computer_electronics_gbp_12m_pct,pandemic_2020_2022,10,0.21044312776149887,0.3745924797183746,1.0,1.0,26,0
raw_annual_rates,historical_ex_games_12m_pct,fred_china_computer_electronics_gbp_12m_pct,pandemic_2020_2022,11,0.40332903267700254,0.47528051805517707,1.0,1.0,25,0
raw_annual_rates,historical_ex_games_12m_pct,fred_china_computer_electronics_gbp_12m_pct,pandemic_2020_2022,12,0.4913259167683079,0.4913259167683079,1.0,1.0,24,0
raw_annual_rates,historical_ex_games_12m_pct,fred_china_computer_electronics_gbp_12m_pct,post_2022,0,0.051825098208730734,-0.08717877505603588,0.5,1.0,41,0
raw_annual_rates,historical_ex_games_12m_pct,fred_china_computer_electronics_gbp_12m_pct,post_2022,1,0.3143326482529535,0.21459287321153195,0.16666666666666666,1.0,40,0
raw_annual_rates,historical_ex_games_12m_pct,fred_china_computer_electronics_gbp_12m_pct,post_2022,2,0.4279243454910593,0.36794666472479887,0.16666666666666666,0.16666666666666666,39,0
raw_annual_rates,historical_ex_games_12m_pct,fred_china_computer_electronics_gbp_12m_pct,post_2022,3,0.4888813230084112,0.4706788300742323,0.16666666666666666,0.16666666666666666,38,0
raw_annual_rates,historical_ex_games_12m_pct,fred_china_computer_electronics_gbp_12m_pct,post_2022,4,0.45700097274797874,0.501060932926703,0.16666666666666666,0.16666666666666666,37,0
raw_annual_rates,historical_ex_games_12m_pct,fred_china_computer_electronics_gbp_12m_pct,post_2022,5,0.48284719747131316,0.5139692476848675,0.16666666666666666,0.16666666666666666,36,0
raw_annual_rates,historical_ex_games_12m_pct,fred_china_computer_electronics_gbp_12m_pct,post_2022,6,0.5034722983834077,0.5199089477913608,0.16666666666666666,0.16666666666666666,35,0
raw_annual_rates,historical_ex_games_12m_pct,fred_china_computer_electronics_gbp_12m_pct,post_2022,7,0.6268001120567549,0.6716560160336092,0.16666666666666666,0.16666666666666666,34,0
raw_annual_rates,historical_ex_games_12m_pct,fred_china_computer_electronics_gbp_12m_pct,post_2022,8,0.6442311184695523,0.7157189303338425,0.16666666666666666,0.16666666666666666,33,0
raw_annual_rates,historical_ex_games_12m_pct,fred_china_computer_electronics_gbp_12m_pct,post_2022,9,0.6133575448764707,0.7387109810472097,0.16666666666666666,0.16666666666666666,32,0
raw_annual_rates,historical_ex_games_12m_pct,fred_china_computer_electronics_gbp_12m_pct,post_2022,10,0.47834638122896983,0.585908857539523,0.16666666666666666,0.16666666666666666,31,0
raw_annual_rates,historical_ex_games_12m_pct,fred_china_computer_electronics_gbp_12m_pct,post_2022,11,0.31343011306750906,0.40766421315372386,0.16666666666666666,0.16666666666666666,30,0
raw_annual_rates,historical_ex_games_12m_pct,fred_china_computer_electronics_gbp_12m_pct,post_2022,12,0.14054989607072535,0.14054989607072535,0.6666666666666666,1.0,29,0
raw_annual_rates,historical_ex_games_12m_pct,fred_japan_computer_electronics_gbp_12m_pct,full,0,-0.21908518621635567,-0.23320133249224206,0.32231404958677684,0.7024793388429752,156,0
raw_annual_rates,historical_ex_games_12m_pct,fred_japan_computer_electronics_gbp_12m_pct,full,1,-0.13826233694672166,-0.1495572571395876,0.6446280991735537,0.9669421487603306,155,0
raw_annual_rates,historical_ex_games_12m_pct,fred_japan_computer_electronics_gbp_12m_pct,full,2,-0.05855014858850113,-0.06540990572627646,0.8512396694214877,1.0,154,0
raw_annual_rates,historical_ex_games_12m_pct,fred_japan_computer_electronics_gbp_12m_pct,full,3,0.02166378202833318,0.01990605503304595,0.9669421487603306,1.0,153,0
raw_annual_rates,historical_ex_games_12m_pct,fred_japan_computer_electronics_gbp_12m_pct,full,4,0.10199024054412589,0.1085641632080314,0.7272727272727273,1.0,152,0
raw_annual_rates,historical_ex_games_12m_pct,fred_japan_computer_electronics_gbp_12m_pct,full,5,0.1870952498704885,0.19237022195384929,0.4462809917355372,0.859504132231405,151,0
raw_annual_rates,historical_ex_games_12m_pct,fred_japan_computer_electronics_gbp_12m_pct,full,6,0.2659075510731875,0.26838413118168664,0.18181818181818182,0.4628099173553719,150,0
raw_annual_rates,historical_ex_games_12m_pct,fred_japan_computer_electronics_gbp_12m_pct,full,7,0.3421371937330327,0.34560311083847467,0.11570247933884298,0.2809917355371901,149,0
raw_annual_rates,historical_ex_games_12m_pct,fred_japan_computer_electronics_gbp_12m_pct,full,8,0.3841191450115097,0.38760984195616954,0.10743801652892562,0.256198347107438,148,0
raw_annual_rates,historical_ex_games_12m_pct,fred_japan_computer_electronics_gbp_12m_pct,full,9,0.4163732164313503,0.4229808545745581,0.09090909090909091,0.2231404958677686,147,0
raw_annual_rates,historical_ex_games_12m_pct,fred_japan_computer_electronics_gbp_12m_pct,full,10,0.43196987298656564,0.4370842504329504,0.09917355371900827,0.2066115702479339,146,0
raw_annual_rates,historical_ex_games_12m_pct,fred_japan_computer_electronics_gbp_12m_pct,full,11,0.4283862632836785,0.43345554730276,0.09917355371900827,0.21487603305785125,145,0
raw_annual_rates,historical_ex_games_12m_pct,fred_japan_computer_electronics_gbp_12m_pct,full,12,0.40994452682389054,0.40994452682389054,0.12396694214876033,0.23140495867768596,144,0
raw_annual_rates,historical_ex_games_12m_pct,fred_japan_computer_electronics_gbp_12m_pct,pre_2020,0,-0.058300885374702884,-0.091195800976227,0.9090909090909091,1.0,79,0
raw_annual_rates,historical_ex_games_12m_pct,fred_japan_computer_electronics_gbp_12m_pct,pre_2020,1,0.02696197568430814,0.005295390576733967,1.0,1.0,78,0
raw_annual_rates,historical_ex_games_12m_pct,fred_japan_computer_electronics_gbp_12m_pct,pre_2020,2,0.12555367383703825,0.11514964431650146,0.8636363636363636,1.0,77,0
raw_annual_rates,historical_ex_games_12m_pct,fred_japan_computer_electronics_gbp_12m_pct,pre_2020,3,0.2179185747328141,0.2168778981245344,0.6590909090909091,0.8636363636363636,76,0
raw_annual_rates,historical_ex_games_12m_pct,fred_japan_computer_electronics_gbp_12m_pct,pre_2020,4,0.3116390989131843,0.31443523071387475,0.5227272727272727,0.7045454545454546,75,0
raw_annual_rates,historical_ex_games_12m_pct,fred_japan_computer_electronics_gbp_12m_pct,pre_2020,5,0.3901031469160792,0.39634870740787637,0.22727272727272727,0.5227272727272727,74,0
raw_annual_rates,historical_ex_games_12m_pct,fred_japan_computer_electronics_gbp_12m_pct,pre_2020,6,0.45851270546205036,0.4667454264697078,0.22727272727272727,0.45454545454545453,73,0
raw_annual_rates,historical_ex_games_12m_pct,fred_japan_computer_electronics_gbp_12m_pct,pre_2020,7,0.5139251521767173,0.526631499288991,0.22727272727272727,0.38636363636363635,72,0
raw_annual_rates,historical_ex_games_12m_pct,fred_japan_computer_electronics_gbp_12m_pct,pre_2020,8,0.5207549970118273,0.5369712928524999,0.22727272727272727,0.36363636363636365,71,0
raw_annual_rates,historical_ex_games_12m_pct,fred_japan_computer_electronics_gbp_12m_pct,pre_2020,9,0.5338398491482855,0.5460569353607376,0.22727272727272727,0.36363636363636365,70,0
raw_annual_rates,historical_ex_games_12m_pct,fred_japan_computer_electronics_gbp_12m_pct,pre_2020,10,0.5386778728330599,0.5527637115147994,0.22727272727272727,0.36363636363636365,69,0
raw_annual_rates,historical_ex_games_12m_pct,fred_japan_computer_electronics_gbp_12m_pct,pre_2020,11,0.5131824633045268,0.5231202432353373,0.2727272727272727,0.38636363636363635,68,0
raw_annual_rates,historical_ex_games_12m_pct,fred_japan_computer_electronics_gbp_12m_pct,pre_2020,12,0.4925636517921706,0.4925636517921706,0.2727272727272727,0.4090909090909091,67,0
raw_annual_rates,historical_ex_games_12m_pct,fred_japan_computer_electronics_gbp_12m_pct,pandemic_2020_2022,0,-0.7518369640124162,-0.7949642567784593,1.0,1.0,36,0
raw_annual_rates,historical_ex_games_12m_pct,fred_japan_computer_electronics_gbp_12m_pct,pandemic_2020_2022,1,-0.7540709899033639,-0.7428487498185349,0.5,1.0,35,0
raw_annual_rates,historical_ex_games_12m_pct,fred_japan_computer_electronics_gbp_12m_pct,pandemic_2020_2022,2,-0.7567968715363305,-0.6665940448971778,1.0,1.0,34,0
raw_annual_rates,historical_ex_games_12m_pct,fred_japan_computer_electronics_gbp_12m_pct,pandemic_2020_2022,3,-0.72438630588647,-0.555059780437197,0.5,1.0,33,0
raw_annual_rates,historical_ex_games_12m_pct,fred_japan_computer_electronics_gbp_12m_pct,pandemic_2020_2022,4,-0.6697177250972421,-0.4180372009463059,0.5,1.0,32,0
raw_annual_rates,historical_ex_games_12m_pct,fred_japan_computer_electronics_gbp_12m_pct,pandemic_2020_2022,5,-0.5776911689165215,-0.2624773612674702,0.5,1.0,31,0
raw_annual_rates,historical_ex_games_12m_pct,fred_japan_computer_electronics_gbp_12m_pct,pandemic_2020_2022,6,-0.4538029391048076,-0.08331207989146153,0.5,1.0,30,0
raw_annual_rates,historical_ex_games_12m_pct,fred_japan_computer_electronics_gbp_12m_pct,pandemic_2020_2022,7,-0.2814446339367433,0.08846438975884344,1.0,1.0,29,0
raw_annual_rates,historical_ex_games_12m_pct,fred_japan_computer_electronics_gbp_12m_pct,pandemic_2020_2022,8,-0.052779747392545456,0.2807064321239922,1.0,1.0,28,0
raw_annual_rates,historical_ex_games_12m_pct,fred_japan_computer_electronics_gbp_12m_pct,pandemic_2020_2022,9,0.16870432876397795,0.39661867621351665,1.0,1.0,27,0
raw_annual_rates,historical_ex_games_12m_pct,fred_japan_computer_electronics_gbp_12m_pct,pandemic_2020_2022,10,0.3842355769521256,0.5384805321945674,0.5,1.0,26,0
raw_annual_rates,historical_ex_games_12m_pct,fred_japan_computer_electronics_gbp_12m_pct,pandemic_2020_2022,11,0.5848319837271359,0.6530360757707804,0.5,1.0,25,0
raw_annual_rates,historical_ex_games_12m_pct,fred_japan_computer_electronics_gbp_12m_pct,pandemic_2020_2022,12,0.6795415038471314,0.6795415038471314,0.5,1.0,24,0
raw_annual_rates,historical_ex_games_12m_pct,fred_japan_computer_electronics_gbp_12m_pct,post_2022,0,0.01052720523194218,-0.08980098532025396,0.6666666666666666,1.0,41,0
raw_annual_rates,historical_ex_games_12m_pct,fred_japan_computer_electronics_gbp_12m_pct,post_2022,1,0.269927549178331,0.2025411645802109,0.3333333333333333,1.0,40,0
raw_annual_rates,historical_ex_games_12m_pct,fred_japan_computer_electronics_gbp_12m_pct,post_2022,2,0.38272316048738086,0.357782907979925,0.16666666666666666,0.5,39,0
raw_annual_rates,historical_ex_games_12m_pct,fred_japan_computer_electronics_gbp_12m_pct,post_2022,3,0.4622663646955373,0.47612411078821393,0.16666666666666666,0.16666666666666666,38,0
raw_annual_rates,historical_ex_games_12m_pct,fred_japan_computer_electronics_gbp_12m_pct,post_2022,4,0.453507086992289,0.5125459486222005,0.16666666666666666,0.16666666666666666,37,0
raw_annual_rates,historical_ex_games_12m_pct,fred_japan_computer_electronics_gbp_12m_pct,post_2022,5,0.49167224314103136,0.5566192135958983,0.16666666666666666,0.16666666666666666,36,0
raw_annual_rates,historical_ex_games_12m_pct,fred_japan_computer_electronics_gbp_12m_pct,post_2022,6,0.516016125638612,0.555191265264088,0.16666666666666666,0.16666666666666666,35,0
raw_annual_rates,historical_ex_games_12m_pct,fred_japan_computer_electronics_gbp_12m_pct,post_2022,7,0.6199483441309941,0.6476237623287266,0.16666666666666666,0.16666666666666666,34,0
raw_annual_rates,historical_ex_games_12m_pct,fred_japan_computer_electronics_gbp_12m_pct,post_2022,8,0.6536810873108174,0.6745115666342525,0.16666666666666666,0.16666666666666666,33,0
raw_annual_rates,historical_ex_games_12m_pct,fred_japan_computer_electronics_gbp_12m_pct,post_2022,9,0.6349813330548751,0.6796072183233763,0.16666666666666666,0.16666666666666666,32,0
raw_annual_rates,historical_ex_games_12m_pct,fred_japan_computer_electronics_gbp_12m_pct,post_2022,10,0.4916065995248694,0.5271567060787562,0.16666666666666666,0.16666666666666666,31,0
raw_annual_rates,historical_ex_games_12m_pct,fred_japan_computer_electronics_gbp_12m_pct,post_2022,11,0.3210103553039185,0.3626501155559408,0.16666666666666666,0.5,30,0
raw_annual_rates,historical_ex_games_12m_pct,fred_japan_computer_electronics_gbp_12m_pct,post_2022,12,0.1280623561306171,0.1280623561306171,0.5,1.0,29,0
raw_annual_rates,historical_ex_games_12m_pct,fred_asian_nie_computer_electronics_gbp_12m_pct,full,0,-0.13389563609417737,-0.16054406385340708,0.5041322314049587,0.9008264462809917,156,0
raw_annual_rates,historical_ex_games_12m_pct,fred_asian_nie_computer_electronics_gbp_12m_pct,full,1,-0.06528578256912941,-0.0853432072431422,0.7851239669421488,1.0,155,0
raw_annual_rates,historical_ex_games_12m_pct,fred_asian_nie_computer_electronics_gbp_12m_pct,full,2,0.002439412143006177,-0.011174076623751066,0.9669421487603306,1.0,154,0
raw_annual_rates,historical_ex_games_12m_pct,fred_asian_nie_computer_electronics_gbp_12m_pct,full,3,0.07116637907625302,0.06581642326224162,0.8181818181818182,1.0,153,0
raw_annual_rates,historical_ex_games_12m_pct,fred_asian_nie_computer_electronics_gbp_12m_pct,full,4,0.14396076190261722,0.14726705488087946,0.5289256198347108,0.9008264462809917,152,0
raw_annual_rates,historical_ex_games_12m_pct,fred_asian_nie_computer_electronics_gbp_12m_pct,full,5,0.22075741789131598,0.22258296339068517,0.2231404958677686,0.5950413223140496,151,0
raw_annual_rates,historical_ex_games_12m_pct,fred_asian_nie_computer_electronics_gbp_12m_pct,full,6,0.2938307780773871,0.29282962305473187,0.14049586776859505,0.4462809917355372,150,0
raw_annual_rates,historical_ex_games_12m_pct,fred_asian_nie_computer_electronics_gbp_12m_pct,full,7,0.36892735924151365,0.36875283258809527,0.049586776859504134,0.23140495867768596,149,0
raw_annual_rates,historical_ex_games_12m_pct,fred_asian_nie_computer_electronics_gbp_12m_pct,full,8,0.4079732876156246,0.4091973911675296,0.024793388429752067,0.1322314049586777,148,0
raw_annual_rates,historical_ex_games_12m_pct,fred_asian_nie_computer_electronics_gbp_12m_pct,full,9,0.4403102695288492,0.4458346113306602,0.008264462809917356,0.01652892561983471,147,0
raw_annual_rates,historical_ex_games_12m_pct,fred_asian_nie_computer_electronics_gbp_12m_pct,full,10,0.45511683665119224,0.46119400695155577,0.008264462809917356,0.008264462809917356,146,0
raw_annual_rates,historical_ex_games_12m_pct,fred_asian_nie_computer_electronics_gbp_12m_pct,full,11,0.4530843593423728,0.45886615598224456,0.008264462809917356,0.008264462809917356,145,0
raw_annual_rates,historical_ex_games_12m_pct,fred_asian_nie_computer_electronics_gbp_12m_pct,full,12,0.4375325738853311,0.4375325738853311,0.008264462809917356,0.01652892561983471,144,0
raw_annual_rates,historical_ex_games_12m_pct,fred_asian_nie_computer_electronics_gbp_12m_pct,pre_2020,0,0.0008344907424061112,-0.013501107473559273,1.0,1.0,79,0
raw_annual_rates,historical_ex_games_12m_pct,fred_asian_nie_computer_electronics_gbp_12m_pct,pre_2020,1,0.07895290129791184,0.07093646487388368,0.9545454545454546,1.0,78,0
raw_annual_rates,historical_ex_games_12m_pct,fred_asian_nie_computer_electronics_gbp_12m_pct,pre_2020,2,0.16545676392449152,0.16311362588328537,0.8636363636363636,1.0,77,0
raw_annual_rates,historical_ex_games_12m_pct,fred_asian_nie_computer_electronics_gbp_12m_pct,pre_2020,3,0.25052099481874146,0.2528048763880027,0.6136363636363636,0.8409090909090909,76,0
raw_annual_rates,historical_ex_games_12m_pct,fred_asian_nie_computer_electronics_gbp_12m_pct,pre_2020,4,0.33947680001429215,0.3417471283472079,0.5227272727272727,0.7272727272727273,75,0
raw_annual_rates,historical_ex_games_12m_pct,fred_asian_nie_computer_electronics_gbp_12m_pct,pre_2020,5,0.40858171458270637,0.41094135692859873,0.45454545454545453,0.6136363636363636,74,0
raw_annual_rates,historical_ex_games_12m_pct,fred_asian_nie_computer_electronics_gbp_12m_pct,pre_2020,6,0.4681500679053823,0.4685934231598271,0.25,0.45454545454545453,73,0
raw_annual_rates,historical_ex_games_12m_pct,fred_asian_nie_computer_electronics_gbp_12m_pct,pre_2020,7,0.5122368512573094,0.5146113433284034,0.25,0.4318181818181818,72,0
raw_annual_rates,historical_ex_games_12m_pct,fred_asian_nie_computer_electronics_gbp_12m_pct,pre_2020,8,0.5106074670611287,0.5169012397090106,0.25,0.4318181818181818,71,0
raw_annual_rates,historical_ex_games_12m_pct,fred_asian_nie_computer_electronics_gbp_12m_pct,pre_2020,9,0.520503401418282,0.5246033395010944,0.25,0.4090909090909091,70,0
raw_annual_rates,historical_ex_games_12m_pct,fred_asian_nie_computer_electronics_gbp_12m_pct,pre_2020,10,0.5232285069464134,0.5298312379320533,0.22727272727272727,0.38636363636363635,69,0
raw_annual_rates,historical_ex_games_12m_pct,fred_asian_nie_computer_electronics_gbp_12m_pct,pre_2020,11,0.5028001652728548,0.5083742233756098,0.2727272727272727,0.4318181818181818,68,0
raw_annual_rates,historical_ex_games_12m_pct,fred_asian_nie_computer_electronics_gbp_12m_pct,pre_2020,12,0.48940818982624146,0.48940818982624146,0.2727272727272727,0.45454545454545453,67,0
raw_annual_rates,historical_ex_games_12m_pct,fred_asian_nie_computer_electronics_gbp_12m_pct,pandemic_2020_2022,0,-0.6683129803124926,-0.5993332283357972,1.0,1.0,36,0
raw_annual_rates,historical_ex_games_12m_pct,fred_asian_nie_computer_electronics_gbp_12m_pct,pandemic_2020_2022,1,-0.678819487496124,-0.5298303903992955,1.0,1.0,35,0
raw_annual_rates,historical_ex_games_12m_pct,fred_asian_nie_computer_electronics_gbp_12m_pct,pandemic_2020_2022,2,-0.6907597769588453,-0.4620716842996567,1.0,1.0,34,0
raw_annual_rates,historical_ex_games_12m_pct,fred_asian_nie_computer_electronics_gbp_12m_pct,pandemic_2020_2022,3,-0.6605205722447889,-0.35601918964345725,1.0,1.0,33,0
raw_annual_rates,historical_ex_games_12m_pct,fred_asian_nie_computer_electronics_gbp_12m_pct,pandemic_2020_2022,4,-0.6152705420730146,-0.2393291623180612,0.5,1.0,32,0
raw_annual_rates,historical_ex_games_12m_pct,fred_asian_nie_computer_electronics_gbp_12m_pct,pandemic_2020_2022,5,-0.5517272350772905,-0.15064821452433627,0.5,1.0,31,0
raw_annual_rates,historical_ex_games_12m_pct,fred_asian_nie_computer_electronics_gbp_12m_pct,pandemic_2020_2022,6,-0.46873068853033334,-0.05353645766684469,1.0,1.0,30,0
raw_annual_rates,historical_ex_games_12m_pct,fred_asian_nie_computer_electronics_gbp_12m_pct,pandemic_2020_2022,7,-0.3087726101075519,0.10261345679537562,1.0,1.0,29,0
raw_annual_rates,historical_ex_games_12m_pct,fred_asian_nie_computer_electronics_gbp_12m_pct,pandemic_2020_2022,8,-0.12163189675128064,0.24662716431669185,1.0,1.0,28,0
raw_annual_rates,historical_ex_games_12m_pct,fred_asian_nie_computer_electronics_gbp_12m_pct,pandemic_2020_2022,9,0.10210272501518523,0.3650339805436577,1.0,1.0,27,0
raw_annual_rates,historical_ex_games_12m_pct,fred_asian_nie_computer_electronics_gbp_12m_pct,pandemic_2020_2022,10,0.2904096906038065,0.47559846876556017,1.0,1.0,26,0
raw_annual_rates,historical_ex_games_12m_pct,fred_asian_nie_computer_electronics_gbp_12m_pct,pandemic_2020_2022,11,0.45549985264591186,0.5433550998057542,1.0,1.0,25,0
raw_annual_rates,historical_ex_games_12m_pct,fred_asian_nie_computer_electronics_gbp_12m_pct,pandemic_2020_2022,12,0.5599095908242676,0.5599095908242676,1.0,1.0,24,0
raw_annual_rates,historical_ex_games_12m_pct,fred_asian_nie_computer_electronics_gbp_12m_pct,post_2022,0,-0.09583133629659948,-0.18221637597902887,0.3333333333333333,1.0,41,0
raw_annual_rates,historical_ex_games_12m_pct,fred_asian_nie_computer_electronics_gbp_12m_pct,post_2022,1,0.1080176282638791,0.11304924857178923,0.3333333333333333,1.0,40,0
raw_annual_rates,historical_ex_games_12m_pct,fred_asian_nie_computer_electronics_gbp_12m_pct,post_2022,2,0.2499941604604726,0.2690123619786424,0.16666666666666666,1.0,39,0
raw_annual_rates,historical_ex_games_12m_pct,fred_asian_nie_computer_electronics_gbp_12m_pct,post_2022,3,0.33523926267916404,0.370292527197797,0.16666666666666666,0.5,38,0
raw_annual_rates,historical_ex_games_12m_pct,fred_asian_nie_computer_electronics_gbp_12m_pct,post_2022,4,0.3317231815106807,0.383950323184244,0.16666666666666666,0.3333333333333333,37,0
raw_annual_rates,historical_ex_games_12m_pct,fred_asian_nie_computer_electronics_gbp_12m_pct,post_2022,5,0.37215786458523703,0.41607393943574583,0.16666666666666666,0.16666666666666666,36,0
raw_annual_rates,historical_ex_games_12m_pct,fred_asian_nie_computer_electronics_gbp_12m_pct,post_2022,6,0.40508543753232207,0.41269054915852876,0.16666666666666666,0.16666666666666666,35,0
raw_annual_rates,historical_ex_games_12m_pct,fred_asian_nie_computer_electronics_gbp_12m_pct,post_2022,7,0.5691126697820613,0.5619869285708159,0.16666666666666666,0.16666666666666666,34,0
raw_annual_rates,historical_ex_games_12m_pct,fred_asian_nie_computer_electronics_gbp_12m_pct,post_2022,8,0.6319147623762161,0.6253510500111317,0.16666666666666666,0.16666666666666666,33,0
raw_annual_rates,historical_ex_games_12m_pct,fred_asian_nie_computer_electronics_gbp_12m_pct,post_2022,9,0.6304213137734586,0.6580511850977024,0.16666666666666666,0.16666666666666666,32,0
raw_annual_rates,historical_ex_games_12m_pct,fred_asian_nie_computer_electronics_gbp_12m_pct,post_2022,10,0.5047829030241308,0.550310895611502,0.16666666666666666,0.16666666666666666,31,0
raw_annual_rates,historical_ex_games_12m_pct,fred_asian_nie_computer_electronics_gbp_12m_pct,post_2022,11,0.35582490173511,0.40820593423755847,0.16666666666666666,0.16666666666666666,30,0
raw_annual_rates,historical_ex_games_12m_pct,fred_asian_nie_computer_electronics_gbp_12m_pct,post_2022,12,0.19488462289343617,0.19488462289343617,0.5,1.0,29,0
raw_annual_rates,historical_ex_games_12m_pct,asia_bls_common_factor_z,full,0,-0.19593501280966127,-0.21366364252473327,0.32231404958677684,0.6033057851239669,156,0
raw_annual_rates,historical_ex_games_12m_pct,asia_bls_common_factor_z,full,1,-0.11807741689380614,-0.1330180765498434,0.628099173553719,0.9669421487603306,155,0
raw_annual_rates,historical_ex_games_12m_pct,asia_bls_common_factor_z,full,2,-0.0428149054790759,-0.05327657929443275,0.8512396694214877,1.0,154,0
raw_annual_rates,historical_ex_games_12m_pct,asia_bls_common_factor_z,full,3,0.03075595700527062,0.026509029364689112,0.9173553719008265,1.0,153,0
raw_annual_rates,historical_ex_games_12m_pct,asia_bls_common_factor_z,full,4,0.10599823019837604,0.11123337116463512,0.6942148760330579,0.9834710743801653,152,0
raw_annual_rates,historical_ex_games_12m_pct,asia_bls_common_factor_z,full,5,0.18646686351323077,0.18977667689042332,0.34710743801652894,0.7768595041322314,151,0
raw_annual_rates,historical_ex_games_12m_pct,asia_bls_common_factor_z,full,6,0.260462941997225,0.2613851427420599,0.19834710743801653,0.47107438016528924,150,0
raw_annual_rates,historical_ex_games_12m_pct,asia_bls_common_factor_z,full,7,0.3349748032562957,0.3378971588946843,0.12396694214876033,0.39669421487603307,149,0
raw_annual_rates,historical_ex_games_12m_pct,asia_bls_common_factor_z,full,8,0.3725508356015353,0.3767516334289248,0.09917355371900827,0.24793388429752067,148,0
raw_annual_rates,historical_ex_games_12m_pct,asia_bls_common_factor_z,full,9,0.4014940980990972,0.40998547775791994,0.09090909090909091,0.21487603305785125,147,0
raw_annual_rates,historical_ex_games_12m_pct,asia_bls_common_factor_z,full,10,0.4144220330890433,0.42179980273757195,0.08264462809917356,0.2066115702479339,146,0
raw_annual_rates,historical_ex_games_12m_pct,asia_bls_common_factor_z,full,11,0.4098332362386019,0.4165034924938032,0.09090909090909091,0.2066115702479339,145,0
raw_annual_rates,historical_ex_games_12m_pct,asia_bls_common_factor_z,full,12,0.39250964914027203,0.39250964914027203,0.11570247933884298,0.23140495867768596,144,0
raw_annual_rates,historical_ex_games_12m_pct,asia_bls_common_factor_z,pre_2020,0,-0.06537781738272666,-0.09014954261953682,0.9090909090909091,1.0,79,0
raw_annual_rates,historical_ex_games_12m_pct,asia_bls_common_factor_z,pre_2020,1,0.0165593269865475,0.0003960701342256765,1.0,1.0,78,0
raw_annual_rates,historical_ex_games_12m_pct,asia_bls_common_factor_z,pre_2020,2,0.10958677989246715,0.1016566286970596,0.8863636363636364,1.0,77,0
raw_annual_rates,historical_ex_games_12m_pct,asia_bls_common_factor_z,pre_2020,3,0.1963146320889754,0.1952451570369876,0.7045454545454546,0.9318181818181818,76,0
raw_annual_rates,historical_ex_games_12m_pct,asia_bls_common_factor_z,pre_2020,4,0.28623408982079585,0.287237610624559,0.5681818181818182,0.7954545454545454,75,0
raw_annual_rates,historical_ex_games_12m_pct,asia_bls_common_factor_z,pre_2020,5,0.3598404720715707,0.3623429856110946,0.5227272727272727,0.7272727272727273,74,0
raw_annual_rates,historical_ex_games_12m_pct,asia_bls_common_factor_z,pre_2020,6,0.42189055368407974,0.42447122972691365,0.29545454545454547,0.6136363636363636,73,0
raw_annual_rates,historical_ex_games_12m_pct,asia_bls_common_factor_z,pre_2020,7,0.4717754141683837,0.47792403790936966,0.25,0.4318181818181818,72,0
raw_annual_rates,historical_ex_games_12m_pct,asia_bls_common_factor_z,pre_2020,8,0.4737710692825799,0.48375166148495563,0.2727272727272727,0.4318181818181818,71,0
raw_annual_rates,historical_ex_games_12m_pct,asia_bls_common_factor_z,pre_2020,9,0.48442601341831415,0.4915523927457434,0.29545454545454547,0.4090909090909091,70,0
raw_annual_rates,historical_ex_games_12m_pct,asia_bls_common_factor_z,pre_2020,10,0.4885127281192144,0.4980577193650862,0.29545454545454547,0.4090909090909091,69,0
raw_annual_rates,historical_ex_games_12m_pct,asia_bls_common_factor_z,pre_2020,11,0.46564286696555834,0.473015073603385,0.29545454545454547,0.4318181818181818,68,0
raw_annual_rates,historical_ex_games_12m_pct,asia_bls_common_factor_z,pre_2020,12,0.45122018982060036,0.45122018982060036,0.3181818181818182,0.45454545454545453,67,0
raw_annual_rates,historical_ex_games_12m_pct,asia_bls_common_factor_z,pandemic_2020_2022,0,-0.6921759763615851,-0.6817357751614656,1.0,1.0,36,0
raw_annual_rates,historical_ex_games_12m_pct,asia_bls_common_factor_z,pandemic_2020_2022,1,-0.700188657119932,-0.6258159275711848,1.0,1.0,35,0
raw_annual_rates,historical_ex_games_12m_pct,asia_bls_common_factor_z,pandemic_2020_2022,2,-0.7110258739038571,-0.5558994407010017,1.0,1.0,34,0
raw_annual_rates,historical_ex_games_12m_pct,asia_bls_common_factor_z,pandemic_2020_2022,3,-0.6879749639738776,-0.4555695735025518,1.0,1.0,33,0
raw_annual_rates,historical_ex_games_12m_pct,asia_bls_common_factor_z,pandemic_2020_2022,4,-0.6460805178494972,-0.33825809757062036,0.5,1.0,32,0
raw_annual_rates,historical_ex_games_12m_pct,asia_bls_common_factor_z,pandemic_2020_2022,5,-0.5771699223950186,-0.23099754682814322,0.5,1.0,31,0
raw_annual_rates,historical_ex_games_12m_pct,asia_bls_common_factor_z,pandemic_2020_2022,6,-0.4838761209072164,-0.10294787547253681,0.5,1.0,30,0
raw_annual_rates,historical_ex_games_12m_pct,asia_bls_common_factor_z,pandemic_2020_2022,7,-0.32417730366297787,0.059761839991758874,1.0,1.0,29,0
raw_annual_rates,historical_ex_games_12m_pct,asia_bls_common_factor_z,pandemic_2020_2022,8,-0.12145874428221833,0.22775079884665686,1.0,1.0,28,0
raw_annual_rates,historical_ex_games_12m_pct,asia_bls_common_factor_z,pandemic_2020_2022,9,0.10362188952759495,0.35251595191061375,1.0,1.0,27,0
raw_annual_rates,historical_ex_games_12m_pct,asia_bls_common_factor_z,pandemic_2020_2022,10,0.30515208580662667,0.47682227473924693,1.0,1.0,26,0
raw_annual_rates,historical_ex_games_12m_pct,asia_bls_common_factor_z,pandemic_2020_2022,11,0.49478859616505577,0.5726834539783687,1.0,1.0,25,0
raw_annual_rates,historical_ex_games_12m_pct,asia_bls_common_factor_z,pandemic_2020_2022,12,0.5930499291733662,0.5930499291733662,1.0,1.0,24,0
raw_annual_rates,historical_ex_games_12m_pct,asia_bls_common_factor_z,post_2022,0,-0.02164404126162198,-0.11888990509906501,0.3333333333333333,1.0,41,0
raw_annual_rates,historical_ex_games_12m_pct,asia_bls_common_factor_z,post_2022,1,0.2497866503058781,0.18346231099131155,0.16666666666666666,1.0,40,0
raw_annual_rates,historical_ex_games_12m_pct,asia_bls_common_factor_z,post_2022,2,0.38313483599651293,0.34130046167909656,0.16666666666666666,0.3333333333333333,39,0
raw_annual_rates,historical_ex_games_12m_pct,asia_bls_common_factor_z,post_2022,3,0.4583837157572611,0.45116957444301764,0.16666666666666666,0.16666666666666666,38,0
raw_annual_rates,historical_ex_games_12m_pct,asia_bls_common_factor_z,post_2022,4,0.4382189648984443,0.4791864626570259,0.16666666666666666,0.16666666666666666,37,0
raw_annual_rates,historical_ex_games_12m_pct,asia_bls_common_factor_z,post_2022,5,0.4701838490069407,0.5093300314307073,0.16666666666666666,0.16666666666666666,36,0
raw_annual_rates,historical_ex_games_12m_pct,asia_bls_common_factor_z,post_2022,6,0.49535815574175657,0.5099099616373297,0.16666666666666666,0.16666666666666666,35,0
raw_annual_rates,historical_ex_games_12m_pct,asia_bls_common_factor_z,post_2022,7,0.6272081172032234,0.6427534633193961,0.16666666666666666,0.16666666666666666,34,0
raw_annual_rates,historical_ex_games_12m_pct,asia_bls_common_factor_z,post_2022,8,0.6631709595881428,0.6874646130504654,0.16666666666666666,0.16666666666666666,33,0
raw_annual_rates,historical_ex_games_12m_pct,asia_bls_common_factor_z,post_2022,9,0.6424765096677829,0.7075001176829286,0.16666666666666666,0.16666666666666666,32,0
raw_annual_rates,historical_ex_games_12m_pct,asia_bls_common_factor_z,post_2022,10,0.5022396535052658,0.5656008795207792,0.16666666666666666,0.16666666666666666,31,0
raw_annual_rates,historical_ex_games_12m_pct,asia_bls_common_factor_z,post_2022,11,0.33570244254408566,0.39980077719378226,0.16666666666666666,0.16666666666666666,30,0
raw_annual_rates,historical_ex_games_12m_pct,asia_bls_common_factor_z,post_2022,12,0.1554782559716412,0.1554782559716412,0.5,1.0,29,0
raw_annual_rates,expanded_consumer_tech_12m_pct,jp_epi_electronics_gbp_12m_pct,full,0,-0.21587277583023753,-0.21165546953422099,0.3956043956043956,0.967032967032967,126,0
raw_annual_rates,expanded_consumer_tech_12m_pct,jp_epi_electronics_gbp_12m_pct,full,1,-0.12418576872445447,-0.12047983535776494,0.6923076923076923,1.0,125,0
raw_annual_rates,expanded_consumer_tech_12m_pct,jp_epi_electronics_gbp_12m_pct,full,2,-0.025201173281023014,-0.02360405722846569,0.9010989010989011,1.0,124,0
raw_annual_rates,expanded_consumer_tech_12m_pct,jp_epi_electronics_gbp_12m_pct,full,3,0.07812068125639006,0.07916240863093488,0.7692307692307693,1.0,123,0
raw_annual_rates,expanded_consumer_tech_12m_pct,jp_epi_electronics_gbp_12m_pct,full,4,0.18797418553521036,0.18285213538000106,0.5384615384615384,0.989010989010989,122,0
raw_annual_rates,expanded_consumer_tech_12m_pct,jp_epi_electronics_gbp_12m_pct,full,5,0.2789586561605375,0.26915905425872566,0.25274725274725274,0.8131868131868132,121,0
raw_annual_rates,expanded_consumer_tech_12m_pct,jp_epi_electronics_gbp_12m_pct,full,6,0.36173051829233516,0.3511635527424609,0.0989010989010989,0.3956043956043956,120,0
raw_annual_rates,expanded_consumer_tech_12m_pct,jp_epi_electronics_gbp_12m_pct,full,7,0.43209139290371434,0.42554087139618535,0.04395604395604396,0.17582417582417584,119,0
raw_annual_rates,expanded_consumer_tech_12m_pct,jp_epi_electronics_gbp_12m_pct,full,8,0.4755895781837042,0.4716365732971581,0.01098901098901099,0.054945054945054944,118,0
raw_annual_rates,expanded_consumer_tech_12m_pct,jp_epi_electronics_gbp_12m_pct,full,9,0.5033889404966513,0.5019054380260918,0.01098901098901099,0.01098901098901099,117,0
raw_annual_rates,expanded_consumer_tech_12m_pct,jp_epi_electronics_gbp_12m_pct,full,10,0.49429100492555905,0.4933718122454685,0.01098901098901099,0.02197802197802198,116,0
raw_annual_rates,expanded_consumer_tech_12m_pct,jp_epi_electronics_gbp_12m_pct,full,11,0.4624438129388838,0.4627361821438203,0.01098901098901099,0.07692307692307693,115,0
raw_annual_rates,expanded_consumer_tech_12m_pct,jp_epi_electronics_gbp_12m_pct,full,12,0.40942725907095323,0.40942725907095323,0.04395604395604396,0.18681318681318682,114,0
raw_annual_rates,expanded_consumer_tech_12m_pct,jp_epi_electronics_gbp_12m_pct,pre_2020,0,-0.13185271590438838,-0.21076379550611293,0.7692307692307693,1.0,48,0
raw_annual_rates,expanded_consumer_tech_12m_pct,jp_epi_electronics_gbp_12m_pct,pre_2020,1,-0.02107612456959826,-0.07266644155386977,0.9230769230769231,1.0,47,0
raw_annual_rates,expanded_consumer_tech_12m_pct,jp_epi_electronics_gbp_12m_pct,pre_2020,2,0.1143808118727449,0.08401364175676183,0.9230769230769231,1.0,46,0
raw_annual_rates,expanded_consumer_tech_12m_pct,jp_epi_electronics_gbp_12m_pct,pre_2020,3,0.2546934659045893,0.24844361329286718,0.6153846153846154,1.0,45,0
raw_annual_rates,expanded_consumer_tech_12m_pct,jp_epi_electronics_gbp_12m_pct,pre_2020,4,0.40201485796286357,0.4138689518438056,0.38461538461538464,1.0,44,0
raw_annual_rates,expanded_consumer_tech_12m_pct,jp_epi_electronics_gbp_12m_pct,pre_2020,5,0.5383016726177289,0.5629907713276532,0.3076923076923077,1.0,43,0
raw_annual_rates,expanded_consumer_tech_12m_pct,jp_epi_electronics_gbp_12m_pct,pre_2020,6,0.6548712720353784,0.7003557849134521,0.23076923076923078,0.6923076923076923,42,0
raw_annual_rates,expanded_consumer_tech_12m_pct,jp_epi_electronics_gbp_12m_pct,pre_2020,7,0.7438934015203645,0.8056313269118114,0.07692307692307693,0.07692307692307693,41,0
raw_annual_rates,expanded_consumer_tech_12m_pct,jp_epi_electronics_gbp_12m_pct,pre_2020,8,0.784213903127416,0.8518214124498807,0.07692307692307693,0.07692307692307693,40,0
raw_annual_rates,expanded_consumer_tech_12m_pct,jp_epi_electronics_gbp_12m_pct,pre_2020,9,0.8266476763357353,0.8874162418571729,0.07692307692307693,0.07692307692307693,39,0
raw_annual_rates,expanded_consumer_tech_12m_pct,jp_epi_electronics_gbp_12m_pct,pre_2020,10,0.8093923157782498,0.8719708440410137,0.07692307692307693,0.07692307692307693,38,0
raw_annual_rates,expanded_consumer_tech_12m_pct,jp_epi_electronics_gbp_12m_pct,pre_2020,11,0.7520685073376077,0.7872547308463042,0.23076923076923078,0.46153846153846156,37,0
raw_annual_rates,expanded_consumer_tech_12m_pct,jp_epi_electronics_gbp_12m_pct,pre_2020,12,0.7080377070677139,0.7080377070677139,0.38461538461538464,0.6923076923076923,36,0
raw_annual_rates,expanded_consumer_tech_12m_pct,jp_epi_electronics_gbp_12m_pct,pandemic_2020_2022,0,-0.29313674878760576,-0.7325322649116113,1.0,1.0,36,0
raw_annual_rates,expanded_consumer_tech_12m_pct,jp_epi_electronics_gbp_12m_pct,pandemic_2020_2022,1,-0.3274068707966602,-0.7087522426504453,1.0,1.0,35,0
raw_annual_rates,expanded_consumer_tech_12m_pct,jp_epi_electronics_gbp_12m_pct,pandemic_2020_2022,2,-0.3466091605001388,-0.6663109957917347,1.0,1.0,34,0
raw_annual_rates,expanded_consumer_tech_12m_pct,jp_epi_electronics_gbp_12m_pct,pandemic_2020_2022,3,-0.34539701863321826,-0.5856241048151581,1.0,1.0,33,0
raw_annual_rates,expanded_consumer_tech_12m_pct,jp_epi_electronics_gbp_12m_pct,pandemic_2020_2022,4,-0.3079369196015172,-0.47142863162112764,0.5,1.0,32,0
raw_annual_rates,expanded_consumer_tech_12m_pct,jp_epi_electronics_gbp_12m_pct,pandemic_2020_2022,5,-0.3918198621863985,-0.5256165603259983,0.5,1.0,31,0
raw_annual_rates,expanded_consumer_tech_12m_pct,jp_epi_electronics_gbp_12m_pct,pandemic_2020_2022,6,-0.4283674735646796,-0.5137411273943433,0.5,1.0,30,0
raw_annual_rates,expanded_consumer_tech_12m_pct,jp_epi_electronics_gbp_12m_pct,pandemic_2020_2022,7,-0.4055610368592931,-0.4503314271425728,0.5,1.0,29,0
raw_annual_rates,expanded_consumer_tech_12m_pct,jp_epi_electronics_gbp_12m_pct,pandemic_2020_2022,8,-0.2374979914401743,-0.23250443228794407,0.5,1.0,28,0
raw_annual_rates,expanded_consumer_tech_12m_pct,jp_epi_electronics_gbp_12m_pct,pandemic_2020_2022,9,-0.10134633345969572,-0.052175962638001075,0.5,1.0,27,0
raw_annual_rates,expanded_consumer_tech_12m_pct,jp_epi_electronics_gbp_12m_pct,pandemic_2020_2022,10,0.10652539876757372,0.1742872757714939,0.5,1.0,26,0
raw_annual_rates,expanded_consumer_tech_12m_pct,jp_epi_electronics_gbp_12m_pct,pandemic_2020_2022,11,0.39218985351530894,0.4368758816244497,0.5,1.0,25,0
raw_annual_rates,expanded_consumer_tech_12m_pct,jp_epi_electronics_gbp_12m_pct,pandemic_2020_2022,12,0.48488462878289823,0.48488462878289823,0.5,1.0,24,0
raw_annual_rates,expanded_consumer_tech_12m_pct,jp_epi_electronics_gbp_12m_pct,post_2022,0,-0.2024389008655982,-0.23638405616408148,0.7142857142857143,1.0,42,0
raw_annual_rates,expanded_consumer_tech_12m_pct,jp_epi_electronics_gbp_12m_pct,post_2022,1,-0.09082230953210237,-0.04881751221757258,1.0,1.0,41,0
raw_annual_rates,expanded_consumer_tech_12m_pct,jp_epi_electronics_gbp_12m_pct,post_2022,2,0.007797026512517553,0.07493319161750259,0.8571428571428571,1.0,40,0
raw_annual_rates,expanded_consumer_tech_12m_pct,jp_epi_electronics_gbp_12m_pct,post_2022,3,0.1239710248486463,0.1980803445295662,0.42857142857142855,1.0,39,0
raw_annual_rates,expanded_consumer_tech_12m_pct,jp_epi_electronics_gbp_12m_pct,post_2022,4,0.24797422852997075,0.28945109778749195,0.14285714285714285,1.0,38,0
raw_annual_rates,expanded_consumer_tech_12m_pct,jp_epi_electronics_gbp_12m_pct,post_2022,5,0.3732477684128593,0.3851708977291616,0.14285714285714285,0.2857142857142857,37,0
raw_annual_rates,expanded_consumer_tech_12m_pct,jp_epi_electronics_gbp_12m_pct,post_2022,6,0.5226616305494375,0.5175257817345379,0.14285714285714285,0.14285714285714285,36,0
raw_annual_rates,expanded_consumer_tech_12m_pct,jp_epi_electronics_gbp_12m_pct,post_2022,7,0.6644262000290537,0.6699533322367577,0.14285714285714285,0.14285714285714285,35,0
raw_annual_rates,expanded_consumer_tech_12m_pct,jp_epi_electronics_gbp_12m_pct,post_2022,8,0.7285726805164182,0.7540934457095484,0.14285714285714285,0.14285714285714285,34,0
raw_annual_rates,expanded_consumer_tech_12m_pct,jp_epi_electronics_gbp_12m_pct,post_2022,9,0.7705980752612557,0.8123848416033178,0.14285714285714285,0.14285714285714285,33,0
raw_annual_rates,expanded_consumer_tech_12m_pct,jp_epi_electronics_gbp_12m_pct,post_2022,10,0.699536360363935,0.7361736777372957,0.14285714285714285,0.14285714285714285,32,0
raw_annual_rates,expanded_consumer_tech_12m_pct,jp_epi_electronics_gbp_12m_pct,post_2022,11,0.5943180116207121,0.6156975743389883,0.14285714285714285,0.14285714285714285,31,0
raw_annual_rates,expanded_consumer_tech_12m_pct,jp_epi_electronics_gbp_12m_pct,post_2022,12,0.3558367913858394,0.3558367913858394,0.14285714285714285,0.2857142857142857,30,0
raw_annual_rates,expanded_consumer_tech_12m_pct,kr_epi_tech_gbp_12m_pct,full,0,-0.21254067048658082,-0.219203471630294,0.32,0.68,85,0
raw_annual_rates,expanded_consumer_tech_12m_pct,kr_epi_tech_gbp_12m_pct,full,1,-0.1838875181528287,-0.1754024473512598,0.46,0.8,84,0
raw_annual_rates,expanded_consumer_tech_12m_pct,kr_epi_tech_gbp_12m_pct,full,2,-0.15203035066581363,-0.11751150912987425,0.64,1.0,83,0
raw_annual_rates,expanded_consumer_tech_12m_pct,kr_epi_tech_gbp_12m_pct,full,3,-0.10031299461614153,-0.05103894437331966,0.88,1.0,82,0
raw_annual_rates,expanded_consumer_tech_12m_pct,kr_epi_tech_gbp_12m_pct,full,4,-0.021840260043597265,0.026704249796081807,0.94,1.0,81,0
raw_annual_rates,expanded_consumer_tech_12m_pct,kr_epi_tech_gbp_12m_pct,full,5,0.08137089676593412,0.11628427637525339,0.66,1.0,80,0
raw_annual_rates,expanded_consumer_tech_12m_pct,kr_epi_tech_gbp_12m_pct,full,6,0.1682119706462532,0.18742393421912606,0.38,0.72,79,0
raw_annual_rates,expanded_consumer_tech_12m_pct,kr_epi_tech_gbp_12m_pct,full,7,0.22621039368057388,0.23832681895024765,0.3,0.66,78,0
raw_annual_rates,expanded_consumer_tech_12m_pct,kr_epi_tech_gbp_12m_pct,full,8,0.2836196034495685,0.2861361989639068,0.16,0.6,77,0
raw_annual_rates,expanded_consumer_tech_12m_pct,kr_epi_tech_gbp_12m_pct,full,9,0.31649280479307623,0.3156083439797241,0.12,0.44,76,0
raw_annual_rates,expanded_consumer_tech_12m_pct,kr_epi_tech_gbp_12m_pct,full,10,0.32655532549614846,0.3249994315378193,0.1,0.38,75,0
raw_annual_rates,expanded_consumer_tech_12m_pct,kr_epi_tech_gbp_12m_pct,full,11,0.3455683751419322,0.3451791641455122,0.04,0.28,74,0
raw_annual_rates,expanded_consumer_tech_12m_pct,kr_epi_tech_gbp_12m_pct,full,12,0.31794931922614744,0.31794931922614744,0.18,0.44,73,0
raw_annual_rates,expanded_consumer_tech_12m_pct,kr_epi_tech_gbp_12m_pct,pandemic_2020_2022,0,0.5631959903520819,0.6751467840899849,0.5,0.5,36,0
raw_annual_rates,expanded_consumer_tech_12m_pct,kr_epi_tech_gbp_12m_pct,pandemic_2020_2022,1,0.6092786148207757,0.6753634769569208,0.5,0.5,35,0
raw_annual_rates,expanded_consumer_tech_12m_pct,kr_epi_tech_gbp_12m_pct,pandemic_2020_2022,2,0.6005194099824462,0.6613786254606162,0.5,0.5,34,0
raw_annual_rates,expanded_consumer_tech_12m_pct,kr_epi_tech_gbp_12m_pct,pandemic_2020_2022,3,0.6222073959903115,0.6996048625876463,0.5,0.5,33,0
raw_annual_rates,expanded_consumer_tech_12m_pct,kr_epi_tech_gbp_12m_pct,pandemic_2020_2022,4,0.6849883028870904,0.7557933213803137,0.5,0.5,32,0
raw_annual_rates,expanded_consumer_tech_12m_pct,kr_epi_tech_gbp_12m_pct,pandemic_2020_2022,5,0.5601005850570281,0.6418325865580737,0.5,0.5,31,0
raw_annual_rates,expanded_consumer_tech_12m_pct,kr_epi_tech_gbp_12m_pct,pandemic_2020_2022,6,0.37915874415954226,0.4612675611630524,0.5,0.5,30,0
raw_annual_rates,expanded_consumer_tech_12m_pct,kr_epi_tech_gbp_12m_pct,pandemic_2020_2022,7,0.22490828492462014,0.2534402995079142,0.5,0.5,29,0
raw_annual_rates,expanded_consumer_tech_12m_pct,kr_epi_tech_gbp_12m_pct,pandemic_2020_2022,8,0.08464729918351625,0.07681974444034477,1.0,1.0,28,0
raw_annual_rates,expanded_consumer_tech_12m_pct,kr_epi_tech_gbp_12m_pct,pandemic_2020_2022,9,0.009049079404702816,0.04561007664802772,0.5,1.0,27,0
raw_annual_rates,expanded_consumer_tech_12m_pct,kr_epi_tech_gbp_12m_pct,pandemic_2020_2022,10,-0.21818389284071943,-0.1812968690992239,0.5,1.0,26,0
raw_annual_rates,expanded_consumer_tech_12m_pct,kr_epi_tech_gbp_12m_pct,pandemic_2020_2022,11,-0.2749788655269137,-0.2548168391584269,0.5,0.5,25,0
raw_annual_rates,expanded_consumer_tech_12m_pct,kr_epi_tech_gbp_12m_pct,pandemic_2020_2022,12,-0.42447954780659597,-0.42447954780659597,0.5,0.5,24,0
raw_annual_rates,expanded_consumer_tech_12m_pct,kr_epi_tech_gbp_12m_pct,post_2022,0,-0.4586704589241516,-0.8835853850841883,0.2,0.2,40,0
raw_annual_rates,expanded_consumer_tech_12m_pct,kr_epi_tech_gbp_12m_pct,post_2022,1,-0.45482270784864226,-0.8216433285930518,0.6,0.8,39,0
raw_annual_rates,expanded_consumer_tech_12m_pct,kr_epi_tech_gbp_12m_pct,post_2022,2,-0.4583516962709499,-0.7295818302366281,0.8,1.0,38,0
raw_annual_rates,expanded_consumer_tech_12m_pct,kr_epi_tech_gbp_12m_pct,post_2022,3,-0.465749638509268,-0.6260231694306179,0.8,1.0,37,0
raw_annual_rates,expanded_consumer_tech_12m_pct,kr_epi_tech_gbp_12m_pct,post_2022,4,-0.42937538565437033,-0.5178197579868484,0.8,1.0,36,0
raw_annual_rates,expanded_consumer_tech_12m_pct,kr_epi_tech_gbp_12m_pct,post_2022,5,-0.2882598864080159,-0.3484147830337988,0.8,1.0,35,0
raw_annual_rates,expanded_consumer_tech_12m_pct,kr_epi_tech_gbp_12m_pct,post_2022,6,-0.11306837863777955,-0.16354020517066042,1.0,1.0,34,0
raw_annual_rates,expanded_consumer_tech_12m_pct,kr_epi_tech_gbp_12m_pct,post_2022,7,0.04451473322862288,0.015422486616418927,1.0,1.0,33,0
raw_annual_rates,expanded_consumer_tech_12m_pct,kr_epi_tech_gbp_12m_pct,post_2022,8,0.20510340187193923,0.1891749049437027,0.2,1.0,32,0
raw_annual_rates,expanded_consumer_tech_12m_pct,kr_epi_tech_gbp_12m_pct,post_2022,9,0.30842866729777035,0.31913724058654425,0.2,1.0,31,0
raw_annual_rates,expanded_consumer_tech_12m_pct,kr_epi_tech_gbp_12m_pct,post_2022,10,0.40385743864708346,0.41566318332588903,0.2,1.0,30,0
raw_annual_rates,expanded_consumer_tech_12m_pct,kr_epi_tech_gbp_12m_pct,post_2022,11,0.48796750969011704,0.5041635051137855,0.2,1.0,29,0
raw_annual_rates,expanded_consumer_tech_12m_pct,kr_epi_tech_gbp_12m_pct,post_2022,12,0.5069968793676849,0.5069968793676849,0.2,1.0,28,0
raw_annual_rates,expanded_consumer_tech_12m_pct,cn_ppi_tech_gbp_12m_pct,full,0,0.25616731994836295,0.20500874623044235,0.8695652173913043,0.9565217391304348,58,0
raw_annual_rates,expanded_consumer_tech_12m_pct,cn_ppi_tech_gbp_12m_pct,full,1,0.3518029824890584,0.31339350903995794,0.6956521739130435,0.9130434782608695,57,0
raw_annual_rates,expanded_consumer_tech_12m_pct,cn_ppi_tech_gbp_12m_pct,full,2,0.40982646203172846,0.38646064190012497,0.5652173913043478,0.8695652173913043,56,0
raw_annual_rates,expanded_consumer_tech_12m_pct,cn_ppi_tech_gbp_12m_pct,full,3,0.47658357682063457,0.4629456334168912,0.4782608695652174,0.8260869565217391,55,0
raw_annual_rates,expanded_consumer_tech_12m_pct,cn_ppi_tech_gbp_12m_pct,full,4,0.5611921334771379,0.5490480449041449,0.43478260869565216,0.6956521739130435,54,0
raw_annual_rates,expanded_consumer_tech_12m_pct,cn_ppi_tech_gbp_12m_pct,full,5,0.6350630393935215,0.6250570286737505,0.30434782608695654,0.5217391304347826,53,0
raw_annual_rates,expanded_consumer_tech_12m_pct,cn_ppi_tech_gbp_12m_pct,full,6,0.7003848553652664,0.6981097808378185,0.21739130434782608,0.391304347826087,52,0
raw_annual_rates,expanded_consumer_tech_12m_pct,cn_ppi_tech_gbp_12m_pct,full,7,0.7711352190238158,0.7787477895516641,0.043478260869565216,0.043478260869565216,51,0
raw_annual_rates,expanded_consumer_tech_12m_pct,cn_ppi_tech_gbp_12m_pct,full,8,0.8262301823206144,0.8372647608808312,0.043478260869565216,0.043478260869565216,50,0
raw_annual_rates,expanded_consumer_tech_12m_pct,cn_ppi_tech_gbp_12m_pct,full,9,0.8572484423704653,0.8610531077996484,0.043478260869565216,0.043478260869565216,49,0
raw_annual_rates,expanded_consumer_tech_12m_pct,cn_ppi_tech_gbp_12m_pct,full,10,0.86525836704671,0.8685270557075875,0.043478260869565216,0.043478260869565216,48,0
raw_annual_rates,expanded_consumer_tech_12m_pct,cn_ppi_tech_gbp_12m_pct,full,11,0.8370732677971684,0.8421872823222922,0.043478260869565216,0.043478260869565216,47,0
raw_annual_rates,expanded_consumer_tech_12m_pct,cn_ppi_tech_gbp_12m_pct,full,12,0.7650367675147842,0.7650367675147842,0.043478260869565216,0.17391304347826086,46,0
raw_annual_rates,expanded_consumer_tech_12m_pct,cn_ppi_tech_gbp_12m_pct,pandemic_2020_2022,0,-0.4977850636008985,0.07558508504828781,1.0,1.0,22,0
raw_annual_rates,expanded_consumer_tech_12m_pct,cn_ppi_tech_gbp_12m_pct,pandemic_2020_2022,1,-0.5575756021703001,-0.020161264127555974,1.0,1.0,21,0
raw_annual_rates,expanded_consumer_tech_12m_pct,cn_ppi_tech_gbp_12m_pct,pandemic_2020_2022,2,-0.6907443010280344,-0.3645098505718149,1.0,1.0,20,0
raw_annual_rates,expanded_consumer_tech_12m_pct,cn_ppi_tech_gbp_12m_pct,pandemic_2020_2022,3,-0.6531355529795406,-0.35836465763330505,0.5,1.0,19,0
raw_annual_rates,expanded_consumer_tech_12m_pct,cn_ppi_tech_gbp_12m_pct,pandemic_2020_2022,4,-0.46173289154621083,0.04055875729288928,1.0,1.0,18,0
raw_annual_rates,expanded_consumer_tech_12m_pct,cn_ppi_tech_gbp_12m_pct,pandemic_2020_2022,5,-0.4736215200681941,-0.3210699104648541,1.0,1.0,17,0
raw_annual_rates,expanded_consumer_tech_12m_pct,cn_ppi_tech_gbp_12m_pct,pandemic_2020_2022,6,-0.4165081040835383,-0.5409143444680077,0.5,1.0,16,0
raw_annual_rates,expanded_consumer_tech_12m_pct,cn_ppi_tech_gbp_12m_pct,pandemic_2020_2022,7,-0.5350104282773621,-0.8536847672505805,0.5,0.5,15,0
raw_annual_rates,expanded_consumer_tech_12m_pct,cn_ppi_tech_gbp_12m_pct,pandemic_2020_2022,8,-0.5318632032737043,-0.8191051698563581,0.5,0.5,14,0
raw_annual_rates,expanded_consumer_tech_12m_pct,cn_ppi_tech_gbp_12m_pct,pandemic_2020_2022,9,-0.49853460046122716,-0.6355935754870962,0.5,1.0,13,0
raw_annual_rates,expanded_consumer_tech_12m_pct,cn_ppi_tech_gbp_12m_pct,pandemic_2020_2022,10,-0.37758252440300244,-0.33196717157611966,0.5,1.0,12,0
raw_annual_rates,expanded_consumer_tech_12m_pct,cn_ppi_tech_gbp_12m_pct,pandemic_2020_2022,11,-0.19291901549041124,-0.11431155978723596,1.0,1.0,11,0
raw_annual_rates,expanded_consumer_tech_12m_pct,cn_ppi_tech_gbp_12m_pct,pandemic_2020_2022,12,-0.19543115497998703,-0.19543115497998703,1.0,1.0,10,0
raw_annual_rates,expanded_consumer_tech_12m_pct,cn_ppi_tech_gbp_12m_pct,post_2022,0,-0.06485325999154407,-0.05640628332186151,1.0,1.0,36,0
raw_annual_rates,expanded_consumer_tech_12m_pct,cn_ppi_tech_gbp_12m_pct,post_2022,1,0.15356818439016892,0.1759113810215508,0.5,1.0,35,0
raw_annual_rates,expanded_consumer_tech_12m_pct,cn_ppi_tech_gbp_12m_pct,post_2022,2,0.27132602696751934,0.32499604449140423,0.5,1.0,34,0
raw_annual_rates,expanded_consumer_tech_12m_pct,cn_ppi_tech_gbp_12m_pct,post_2022,3,0.37812587734386666,0.4380557095338335,0.5,1.0,33,0
raw_annual_rates,expanded_consumer_tech_12m_pct,cn_ppi_tech_gbp_12m_pct,post_2022,4,0.465689872320053,0.4986396079920005,0.5,1.0,32,0
raw_annual_rates,expanded_consumer_tech_12m_pct,cn_ppi_tech_gbp_12m_pct,post_2022,5,0.5552552627804918,0.5678009852420299,0.5,1.0,31,0
raw_annual_rates,expanded_consumer_tech_12m_pct,cn_ppi_tech_gbp_12m_pct,post_2022,6,0.6135113987641534,0.6325380883924213,0.5,0.5,30,0
raw_annual_rates,expanded_consumer_tech_12m_pct,cn_ppi_tech_gbp_12m_pct,post_2022,7,0.713475343488012,0.7564518630289416,0.5,0.5,29,0
raw_annual_rates,expanded_consumer_tech_12m_pct,cn_ppi_tech_gbp_12m_pct,post_2022,8,0.7784530806229503,0.8248953508545983,0.5,0.5,28,0
raw_annual_rates,expanded_consumer_tech_12m_pct,cn_ppi_tech_gbp_12m_pct,post_2022,9,0.8151611859658177,0.8207990512670922,0.5,0.5,27,0
raw_annual_rates,expanded_consumer_tech_12m_pct,cn_ppi_tech_gbp_12m_pct,post_2022,10,0.7769494296930024,0.7741964573268555,0.5,0.5,26,0
raw_annual_rates,expanded_consumer_tech_12m_pct,cn_ppi_tech_gbp_12m_pct,post_2022,11,0.6247668289781395,0.633115390861733,0.5,0.5,25,0
raw_annual_rates,expanded_consumer_tech_12m_pct,cn_ppi_tech_gbp_12m_pct,post_2022,12,0.32531266762535166,0.32531266762535166,0.5,1.0,24,0
raw_annual_rates,expanded_consumer_tech_12m_pct,tw_epi_integrated_circuits_gbp_12m_pct,full,0,0.08048516063310013,0.07782516184158107,0.8241758241758241,1.0,126,0
raw_annual_rates,expanded_consumer_tech_12m_pct,tw_epi_integrated_circuits_gbp_12m_pct,full,1,0.1638810531963054,0.15362865479503615,0.6593406593406593,0.9120879120879121,125,0
raw_annual_rates,expanded_consumer_tech_12m_pct,tw_epi_integrated_circuits_gbp_12m_pct,full,2,0.245385319822109,0.2336608490475781,0.5274725274725275,0.8021978021978022,124,0
raw_annual_rates,expanded_consumer_tech_12m_pct,tw_epi_integrated_circuits_gbp_12m_pct,full,3,0.32845958968369093,0.31966781694533175,0.37362637362637363,0.7582417582417582,123,0
raw_annual_rates,expanded_consumer_tech_12m_pct,tw_epi_integrated_circuits_gbp_12m_pct,full,4,0.4213183141164113,0.4154290365153292,0.24175824175824176,0.6263736263736264,122,0
raw_annual_rates,expanded_consumer_tech_12m_pct,tw_epi_integrated_circuits_gbp_12m_pct,full,5,0.4997028998123637,0.4946135329593322,0.04395604395604396,0.3516483516483517,121,0
raw_annual_rates,expanded_consumer_tech_12m_pct,tw_epi_integrated_circuits_gbp_12m_pct,full,6,0.5633502950995533,0.5603540828305436,0.01098901098901099,0.054945054945054944,120,0
raw_annual_rates,expanded_consumer_tech_12m_pct,tw_epi_integrated_circuits_gbp_12m_pct,full,7,0.6213410103070062,0.6190000708635948,0.01098901098901099,0.01098901098901099,119,0
raw_annual_rates,expanded_consumer_tech_12m_pct,tw_epi_integrated_circuits_gbp_12m_pct,full,8,0.6553459353857444,0.654118381521106,0.01098901098901099,0.01098901098901099,118,0
raw_annual_rates,expanded_consumer_tech_12m_pct,tw_epi_integrated_circuits_gbp_12m_pct,full,9,0.6715086540750494,0.6712003680162023,0.01098901098901099,0.01098901098901099,117,0
raw_annual_rates,expanded_consumer_tech_12m_pct,tw_epi_integrated_circuits_gbp_12m_pct,full,10,0.6556765858284064,0.655013136117568,0.01098901098901099,0.01098901098901099,116,0
raw_annual_rates,expanded_consumer_tech_12m_pct,tw_epi_integrated_circuits_gbp_12m_pct,full,11,0.6157152890280291,0.6162638876677761,0.01098901098901099,0.01098901098901099,115,0
raw_annual_rates,expanded_consumer_tech_12m_pct,tw_epi_integrated_circuits_gbp_12m_pct,full,12,0.5527399618477562,0.5527399618477562,0.01098901098901099,0.07692307692307693,114,0
raw_annual_rates,expanded_consumer_tech_12m_pct,tw_epi_integrated_circuits_gbp_12m_pct,pre_2020,0,-0.006772630790454284,-0.10034358966402027,0.8461538461538461,1.0,48,0
raw_annual_rates,expanded_consumer_tech_12m_pct,tw_epi_integrated_circuits_gbp_12m_pct,pre_2020,1,0.10355170496520202,0.042669860211394656,0.9230769230769231,1.0,47,0
raw_annual_rates,expanded_consumer_tech_12m_pct,tw_epi_integrated_circuits_gbp_12m_pct,pre_2020,2,0.23753213450627875,0.20615756974641666,0.7692307692307693,1.0,46,0
raw_annual_rates,expanded_consumer_tech_12m_pct,tw_epi_integrated_circuits_gbp_12m_pct,pre_2020,3,0.3660799429878471,0.3630086416964594,0.38461538461538464,1.0,45,0
raw_annual_rates,expanded_consumer_tech_12m_pct,tw_epi_integrated_circuits_gbp_12m_pct,pre_2020,4,0.5025655248826968,0.5246085707640409,0.3076923076923077,1.0,44,0
raw_annual_rates,expanded_consumer_tech_12m_pct,tw_epi_integrated_circuits_gbp_12m_pct,pre_2020,5,0.6109724586099506,0.6507934908650972,0.23076923076923078,0.7692307692307693,43,0
raw_annual_rates,expanded_consumer_tech_12m_pct,tw_epi_integrated_circuits_gbp_12m_pct,pre_2020,6,0.6961473119810985,0.7587363291048485,0.23076923076923078,0.6153846153846154,42,0
raw_annual_rates,expanded_consumer_tech_12m_pct,tw_epi_integrated_circuits_gbp_12m_pct,pre_2020,7,0.7458893001653816,0.8272031280099734,0.15384615384615385,0.5384615384615384,41,0
raw_annual_rates,expanded_consumer_tech_12m_pct,tw_epi_integrated_circuits_gbp_12m_pct,pre_2020,8,0.7459828286651717,0.8318974969390602,0.15384615384615385,0.46153846153846156,40,0
raw_annual_rates,expanded_consumer_tech_12m_pct,tw_epi_integrated_circuits_gbp_12m_pct,pre_2020,9,0.7563662401098117,0.8265679331146005,0.23076923076923078,0.5384615384615384,39,0
raw_annual_rates,expanded_consumer_tech_12m_pct,tw_epi_integrated_circuits_gbp_12m_pct,pre_2020,10,0.7177966687322288,0.7819887038491207,0.38461538461538464,0.5384615384615384,38,0
raw_annual_rates,expanded_consumer_tech_12m_pct,tw_epi_integrated_circuits_gbp_12m_pct,pre_2020,11,0.6444264854788798,0.6773076960445038,0.6153846153846154,0.7692307692307693,37,0
raw_annual_rates,expanded_consumer_tech_12m_pct,tw_epi_integrated_circuits_gbp_12m_pct,pre_2020,12,0.5818597204394267,0.5818597204394267,0.6923076923076923,0.9230769230769231,36,0
raw_annual_rates,expanded_consumer_tech_12m_pct,tw_epi_integrated_circuits_gbp_12m_pct,pandemic_2020_2022,0,0.1485845341307721,-0.16025090849463677,1.0,1.0,36,0
raw_annual_rates,expanded_consumer_tech_12m_pct,tw_epi_integrated_circuits_gbp_12m_pct,pandemic_2020_2022,1,0.08949234312078504,-0.14718012350755652,1.0,1.0,35,0
raw_annual_rates,expanded_consumer_tech_12m_pct,tw_epi_integrated_circuits_gbp_12m_pct,pandemic_2020_2022,2,0.019661981767587024,-0.19076759850891162,1.0,1.0,34,0
raw_annual_rates,expanded_consumer_tech_12m_pct,tw_epi_integrated_circuits_gbp_12m_pct,pandemic_2020_2022,3,-0.01686296604456596,-0.15739455111177184,1.0,1.0,33,0
raw_annual_rates,expanded_consumer_tech_12m_pct,tw_epi_integrated_circuits_gbp_12m_pct,pandemic_2020_2022,4,-0.017214288641636856,-0.06392996904139595,1.0,1.0,32,0
raw_annual_rates,expanded_consumer_tech_12m_pct,tw_epi_integrated_circuits_gbp_12m_pct,pandemic_2020_2022,5,-0.13727057199441328,-0.20394177685821524,1.0,1.0,31,0
raw_annual_rates,expanded_consumer_tech_12m_pct,tw_epi_integrated_circuits_gbp_12m_pct,pandemic_2020_2022,6,-0.2450323596048937,-0.3602929294457928,1.0,1.0,30,0
raw_annual_rates,expanded_consumer_tech_12m_pct,tw_epi_integrated_circuits_gbp_12m_pct,pandemic_2020_2022,7,-0.3067898954842579,-0.45969641970048875,0.5,1.0,29,0
raw_annual_rates,expanded_consumer_tech_12m_pct,tw_epi_integrated_circuits_gbp_12m_pct,pandemic_2020_2022,8,-0.2947746625443535,-0.41537386794412196,0.5,1.0,28,0
raw_annual_rates,expanded_consumer_tech_12m_pct,tw_epi_integrated_circuits_gbp_12m_pct,pandemic_2020_2022,9,-0.20667727979554268,-0.20756147942515435,0.5,1.0,27,0
raw_annual_rates,expanded_consumer_tech_12m_pct,tw_epi_integrated_circuits_gbp_12m_pct,pandemic_2020_2022,10,-0.17544128343253743,-0.027332089855403106,1.0,1.0,26,0
raw_annual_rates,expanded_consumer_tech_12m_pct,tw_epi_integrated_circuits_gbp_12m_pct,pandemic_2020_2022,11,-0.020153697224575867,0.13263505490448602,0.5,1.0,25,0
raw_annual_rates,expanded_consumer_tech_12m_pct,tw_epi_integrated_circuits_gbp_12m_pct,pandemic_2020_2022,12,0.039318025615511086,0.039318025615511086,1.0,1.0,24,0
raw_annual_rates,expanded_consumer_tech_12m_pct,tw_epi_integrated_circuits_gbp_12m_pct,post_2022,0,-0.12462403400853886,-0.1254815076225014,0.42857142857142855,1.0,42,0
raw_annual_rates,expanded_consumer_tech_12m_pct,tw_epi_integrated_circuits_gbp_12m_pct,post_2022,1,0.01759752538908333,0.05042910507555162,0.7142857142857143,1.0,41,0
raw_annual_rates,expanded_consumer_tech_12m_pct,tw_epi_integrated_circuits_gbp_12m_pct,post_2022,2,0.12034816073249442,0.16336830897862564,0.14285714285714285,1.0,40,0
raw_annual_rates,expanded_consumer_tech_12m_pct,tw_epi_integrated_circuits_gbp_12m_pct,post_2022,3,0.22285870247765646,0.2625777182156566,0.14285714285714285,1.0,39,0
raw_annual_rates,expanded_consumer_tech_12m_pct,tw_epi_integrated_circuits_gbp_12m_pct,post_2022,4,0.31088635273898746,0.3476145967639624,0.14285714285714285,0.5714285714285714,38,0
raw_annual_rates,expanded_consumer_tech_12m_pct,tw_epi_integrated_circuits_gbp_12m_pct,post_2022,5,0.4077749239729818,0.44182565158122816,0.14285714285714285,0.2857142857142857,37,0
raw_annual_rates,expanded_consumer_tech_12m_pct,tw_epi_integrated_circuits_gbp_12m_pct,post_2022,6,0.47410720814033724,0.5004694423990236,0.14285714285714285,0.14285714285714285,36,0
raw_annual_rates,expanded_consumer_tech_12m_pct,tw_epi_integrated_circuits_gbp_12m_pct,post_2022,7,0.6077490388461647,0.6135343025649017,0.14285714285714285,0.14285714285714285,35,0
raw_annual_rates,expanded_consumer_tech_12m_pct,tw_epi_integrated_circuits_gbp_12m_pct,post_2022,8,0.6902739016226197,0.699500255297984,0.14285714285714285,0.14285714285714285,34,0
raw_annual_rates,expanded_consumer_tech_12m_pct,tw_epi_integrated_circuits_gbp_12m_pct,post_2022,9,0.7686460930767139,0.7784485124930043,0.14285714285714285,0.14285714285714285,33,0
raw_annual_rates,expanded_consumer_tech_12m_pct,tw_epi_integrated_circuits_gbp_12m_pct,post_2022,10,0.7287264348797743,0.7370519425480696,0.14285714285714285,0.14285714285714285,32,0
raw_annual_rates,expanded_consumer_tech_12m_pct,tw_epi_integrated_circuits_gbp_12m_pct,post_2022,11,0.6054918981360968,0.6169985571103058,0.14285714285714285,0.14285714285714285,31,0
raw_annual_rates,expanded_consumer_tech_12m_pct,tw_epi_integrated_circuits_gbp_12m_pct,post_2022,12,0.298769507661214,0.298769507661214,0.14285714285714285,0.5714285714285714,30,0
raw_annual_rates,expanded_consumer_tech_12m_pct,hk_ppi_tech_gbp_12m_pct,full,0,0.30163092111934714,0.34405833334186964,0.10989010989010989,0.37362637362637363,126,0
raw_annual_rates,expanded_consumer_tech_12m_pct,hk_ppi_tech_gbp_12m_pct,full,1,0.3592698530877706,0.39994379162701565,0.07692307692307693,0.2087912087912088,125,0
raw_annual_rates,expanded_consumer_tech_12m_pct,hk_ppi_tech_gbp_12m_pct,full,2,0.42790566340313074,0.4580000941068067,0.054945054945054944,0.17582417582417584,124,0
raw_annual_rates,expanded_consumer_tech_12m_pct,hk_ppi_tech_gbp_12m_pct,full,3,0.4652561328100415,0.4864103915199198,0.03296703296703297,0.07692307692307693,123,0
raw_annual_rates,expanded_consumer_tech_12m_pct,hk_ppi_tech_gbp_12m_pct,full,4,0.4886218995699148,0.4991814759957609,0.01098901098901099,0.04395604395604396,122,0
raw_annual_rates,expanded_consumer_tech_12m_pct,hk_ppi_tech_gbp_12m_pct,full,5,0.47102511701209315,0.49107751815613687,0.01098901098901099,0.06593406593406594,121,0
raw_annual_rates,expanded_consumer_tech_12m_pct,hk_ppi_tech_gbp_12m_pct,full,6,0.41634369274406857,0.429190268908374,0.054945054945054944,0.1978021978021978,120,0
raw_annual_rates,expanded_consumer_tech_12m_pct,hk_ppi_tech_gbp_12m_pct,full,7,0.3543591255709053,0.3640804478493647,0.0989010989010989,0.3076923076923077,119,0
raw_annual_rates,expanded_consumer_tech_12m_pct,hk_ppi_tech_gbp_12m_pct,full,8,0.28492451404775165,0.29166387034137625,0.1978021978021978,0.5054945054945055,118,0
raw_annual_rates,expanded_consumer_tech_12m_pct,hk_ppi_tech_gbp_12m_pct,full,9,0.18666699612929138,0.18999034207125,0.5934065934065934,0.978021978021978,117,0
raw_annual_rates,expanded_consumer_tech_12m_pct,hk_ppi_tech_gbp_12m_pct,full,10,0.10797866786054404,0.1109524938668146,0.6923076923076923,1.0,116,0
raw_annual_rates,expanded_consumer_tech_12m_pct,hk_ppi_tech_gbp_12m_pct,full,11,0.043822762465489926,0.04420264832997304,0.8461538461538461,1.0,115,0
raw_annual_rates,expanded_consumer_tech_12m_pct,hk_ppi_tech_gbp_12m_pct,full,12,-0.04753425884069477,-0.04753425884069477,0.8461538461538461,1.0,114,0
raw_annual_rates,expanded_consumer_tech_12m_pct,hk_ppi_tech_gbp_12m_pct,pre_2020,0,0.7104866010914754,0.7492820382257329,0.3076923076923077,0.3076923076923077,48,0
raw_annual_rates,expanded_consumer_tech_12m_pct,hk_ppi_tech_gbp_12m_pct,pre_2020,1,0.7789907974414453,0.8252217492970926,0.07692307692307693,0.07692307692307693,47,0
raw_annual_rates,expanded_consumer_tech_12m_pct,hk_ppi_tech_gbp_12m_pct,pre_2020,2,0.8367621076590543,0.8959319090029024,0.07692307692307693,0.07692307692307693,46,0
raw_annual_rates,expanded_consumer_tech_12m_pct,hk_ppi_tech_gbp_12m_pct,pre_2020,3,0.8419275395519261,0.9057521754698672,0.07692307692307693,0.07692307692307693,45,0
raw_annual_rates,expanded_consumer_tech_12m_pct,hk_ppi_tech_gbp_12m_pct,pre_2020,4,0.8313215422864974,0.9062210472449617,0.07692307692307693,0.07692307692307693,44,0
raw_annual_rates,expanded_consumer_tech_12m_pct,hk_ppi_tech_gbp_12m_pct,pre_2020,5,0.8026883845506192,0.8805914223513768,0.07692307692307693,0.07692307692307693,43,0
raw_annual_rates,expanded_consumer_tech_12m_pct,hk_ppi_tech_gbp_12m_pct,pre_2020,6,0.7185428770989503,0.7851847726678258,0.07692307692307693,0.23076923076923078,42,0
raw_annual_rates,expanded_consumer_tech_12m_pct,hk_ppi_tech_gbp_12m_pct,pre_2020,7,0.6342223911011886,0.6821875749612216,0.07692307692307693,0.5384615384615384,41,0
raw_annual_rates,expanded_consumer_tech_12m_pct,hk_ppi_tech_gbp_12m_pct,pre_2020,8,0.5239288744433024,0.5514775395145713,0.6923076923076923,1.0,40,0
raw_annual_rates,expanded_consumer_tech_12m_pct,hk_ppi_tech_gbp_12m_pct,pre_2020,9,0.3801706873362765,0.37877559762006463,0.7692307692307693,1.0,39,0
raw_annual_rates,expanded_consumer_tech_12m_pct,hk_ppi_tech_gbp_12m_pct,pre_2020,10,0.2541560499824632,0.22769121200859044,0.8461538461538461,1.0,38,0
raw_annual_rates,expanded_consumer_tech_12m_pct,hk_ppi_tech_gbp_12m_pct,pre_2020,11,0.12838174416177994,0.10735648441744343,0.9230769230769231,1.0,37,0
raw_annual_rates,expanded_consumer_tech_12m_pct,hk_ppi_tech_gbp_12m_pct,pre_2020,12,-0.00013433017238851288,-0.00013433017238851288,1.0,1.0,36,0
raw_annual_rates,expanded_consumer_tech_12m_pct,hk_ppi_tech_gbp_12m_pct,pandemic_2020_2022,0,-0.3119195566104715,-0.5168113309735223,0.5,1.0,36,0
raw_annual_rates,expanded_consumer_tech_12m_pct,hk_ppi_tech_gbp_12m_pct,pandemic_2020_2022,1,-0.2844751986681275,-0.4213575140215756,0.5,1.0,35,0
raw_annual_rates,expanded_consumer_tech_12m_pct,hk_ppi_tech_gbp_12m_pct,pandemic_2020_2022,2,-0.2924789555363947,-0.3859514958123708,0.5,1.0,34,0
raw_annual_rates,expanded_consumer_tech_12m_pct,hk_ppi_tech_gbp_12m_pct,pandemic_2020_2022,3,-0.28416939102995425,-0.3686105533793703,0.5,1.0,33,0
raw_annual_rates,expanded_consumer_tech_12m_pct,hk_ppi_tech_gbp_12m_pct,pandemic_2020_2022,4,-0.30028603813474797,-0.41017956963007546,0.5,1.0,32,0
raw_annual_rates,expanded_consumer_tech_12m_pct,hk_ppi_tech_gbp_12m_pct,pandemic_2020_2022,5,-0.16979385171848674,-0.2794382246089175,0.5,1.0,31,0
raw_annual_rates,expanded_consumer_tech_12m_pct,hk_ppi_tech_gbp_12m_pct,pandemic_2020_2022,6,-0.0037637102434584725,-0.0846686076286566,1.0,1.0,30,0
raw_annual_rates,expanded_consumer_tech_12m_pct,hk_ppi_tech_gbp_12m_pct,pandemic_2020_2022,7,0.20914118258398234,0.19078010728850558,1.0,1.0,29,0
raw_annual_rates,expanded_consumer_tech_12m_pct,hk_ppi_tech_gbp_12m_pct,pandemic_2020_2022,8,0.25794240067792396,0.339419219337896,1.0,1.0,28,0
raw_annual_rates,expanded_consumer_tech_12m_pct,hk_ppi_tech_gbp_12m_pct,pandemic_2020_2022,9,0.18663339850832528,0.24307176712371253,1.0,1.0,27,0
raw_annual_rates,expanded_consumer_tech_12m_pct,hk_ppi_tech_gbp_12m_pct,pandemic_2020_2022,10,0.3993477263123119,0.34814958959440234,1.0,1.0,26,0
raw_annual_rates,expanded_consumer_tech_12m_pct,hk_ppi_tech_gbp_12m_pct,pandemic_2020_2022,11,0.5305278851864863,0.4888569351501258,0.5,1.0,25,0
raw_annual_rates,expanded_consumer_tech_12m_pct,hk_ppi_tech_gbp_12m_pct,pandemic_2020_2022,12,0.6295069343898249,0.6295069343898249,0.5,0.5,24,0
raw_annual_rates,expanded_consumer_tech_12m_pct,hk_ppi_tech_gbp_12m_pct,post_2022,0,0.28304241965874427,0.4710051841492228,0.5714285714285714,1.0,42,0
raw_annual_rates,expanded_consumer_tech_12m_pct,hk_ppi_tech_gbp_12m_pct,post_2022,1,0.3573846993735419,0.53381909202118,0.5714285714285714,1.0,41,0
raw_annual_rates,expanded_consumer_tech_12m_pct,hk_ppi_tech_gbp_12m_pct,post_2022,2,0.5118163118022091,0.6482320556019553,0.14285714285714285,0.2857142857142857,40,0
raw_annual_rates,expanded_consumer_tech_12m_pct,hk_ppi_tech_gbp_12m_pct,post_2022,3,0.6504595862385872,0.7551711567369714,0.14285714285714285,0.14285714285714285,39,0
raw_annual_rates,expanded_consumer_tech_12m_pct,hk_ppi_tech_gbp_12m_pct,post_2022,4,0.794689194169706,0.8558533008132869,0.14285714285714285,0.14285714285714285,38,0
raw_annual_rates,expanded_consumer_tech_12m_pct,hk_ppi_tech_gbp_12m_pct,post_2022,5,0.7669863394713619,0.8709380115582741,0.14285714285714285,0.14285714285714285,37,0
raw_annual_rates,expanded_consumer_tech_12m_pct,hk_ppi_tech_gbp_12m_pct,post_2022,6,0.6846838836284057,0.7587455570088482,0.14285714285714285,0.14285714285714285,36,0
raw_annual_rates,expanded_consumer_tech_12m_pct,hk_ppi_tech_gbp_12m_pct,post_2022,7,0.5288379929378618,0.6072875301955826,0.14285714285714285,0.5714285714285714,35,0
raw_annual_rates,expanded_consumer_tech_12m_pct,hk_ppi_tech_gbp_12m_pct,post_2022,8,0.4887944543544417,0.5403573172083997,0.14285714285714285,1.0,34,0
raw_annual_rates,expanded_consumer_tech_12m_pct,hk_ppi_tech_gbp_12m_pct,post_2022,9,0.39827190557611436,0.4081154764941235,0.14285714285714285,1.0,33,0
raw_annual_rates,expanded_consumer_tech_12m_pct,hk_ppi_tech_gbp_12m_pct,post_2022,10,0.27394699652751375,0.25074289704384056,0.14285714285714285,1.0,32,0
raw_annual_rates,expanded_consumer_tech_12m_pct,hk_ppi_tech_gbp_12m_pct,post_2022,11,0.18922176749327801,0.16619625422146006,0.42857142857142855,1.0,31,0
raw_annual_rates,expanded_consumer_tech_12m_pct,hk_ppi_tech_gbp_12m_pct,post_2022,12,-0.13290015866040242,-0.13290015866040242,0.8571428571428571,1.0,30,0
raw_annual_rates,expanded_consumer_tech_12m_pct,oecd_asia_c26_targeted_gbp_12m_pct,full,0,0.07880974464420255,0.10968207497369713,0.8148148148148148,1.0,62,0
raw_annual_rates,expanded_consumer_tech_12m_pct,oecd_asia_c26_targeted_gbp_12m_pct,full,1,0.19424499598297987,0.21191676321510797,0.7407407407407407,1.0,61,0
raw_annual_rates,expanded_consumer_tech_12m_pct,oecd_asia_c26_targeted_gbp_12m_pct,full,2,0.2748581322405095,0.2850401845979894,0.5925925925925926,0.9629629629629629,60,0
raw_annual_rates,expanded_consumer_tech_12m_pct,oecd_asia_c26_targeted_gbp_12m_pct,full,3,0.35970348873592717,0.36432236748117214,0.5185185185185185,0.8148148148148148,59,0
raw_annual_rates,expanded_consumer_tech_12m_pct,oecd_asia_c26_targeted_gbp_12m_pct,full,4,0.46169107235071405,0.4640285347861485,0.4074074074074074,0.5925925925925926,58,0
raw_annual_rates,expanded_consumer_tech_12m_pct,oecd_asia_c26_targeted_gbp_12m_pct,full,5,0.5615367323678949,0.5582788628941727,0.25925925925925924,0.48148148148148145,57,0
raw_annual_rates,expanded_consumer_tech_12m_pct,oecd_asia_c26_targeted_gbp_12m_pct,full,6,0.651194280058852,0.652043851129786,0.1111111111111111,0.37037037037037035,56,0
raw_annual_rates,expanded_consumer_tech_12m_pct,oecd_asia_c26_targeted_gbp_12m_pct,full,7,0.7372429033122677,0.7349148906544335,0.037037037037037035,0.2222222222222222,55,0
raw_annual_rates,expanded_consumer_tech_12m_pct,oecd_asia_c26_targeted_gbp_12m_pct,full,8,0.7914086701942123,0.7928089885129971,0.037037037037037035,0.037037037037037035,54,0
raw_annual_rates,expanded_consumer_tech_12m_pct,oecd_asia_c26_targeted_gbp_12m_pct,full,9,0.8187087294056105,0.8193574701111087,0.037037037037037035,0.037037037037037035,53,0
raw_annual_rates,expanded_consumer_tech_12m_pct,oecd_asia_c26_targeted_gbp_12m_pct,full,10,0.818224636348141,0.8195162605769465,0.037037037037037035,0.037037037037037035,52,0
raw_annual_rates,expanded_consumer_tech_12m_pct,oecd_asia_c26_targeted_gbp_12m_pct,full,11,0.8006178046264807,0.8027768202114971,0.037037037037037035,0.037037037037037035,51,0
raw_annual_rates,expanded_consumer_tech_12m_pct,oecd_asia_c26_targeted_gbp_12m_pct,full,12,0.7185518213672197,0.7185518213672197,0.037037037037037035,0.2222222222222222,50,0
raw_annual_rates,expanded_consumer_tech_12m_pct,oecd_asia_c26_targeted_gbp_12m_pct,pandemic_2020_2022,0,-0.4898893936042523,0.055889569442306754,1.0,1.0,22,0
raw_annual_rates,expanded_consumer_tech_12m_pct,oecd_asia_c26_targeted_gbp_12m_pct,pandemic_2020_2022,1,-0.5610509468752867,-0.0019052563608739346,1.0,1.0,21,0
raw_annual_rates,expanded_consumer_tech_12m_pct,oecd_asia_c26_targeted_gbp_12m_pct,pandemic_2020_2022,2,-0.6972678793072392,-0.3685417249804753,1.0,1.0,20,0
raw_annual_rates,expanded_consumer_tech_12m_pct,oecd_asia_c26_targeted_gbp_12m_pct,pandemic_2020_2022,3,-0.6558805830317991,-0.354303965262628,0.5,1.0,19,0
raw_annual_rates,expanded_consumer_tech_12m_pct,oecd_asia_c26_targeted_gbp_12m_pct,pandemic_2020_2022,4,-0.4529877104840262,0.041338292938090174,1.0,1.0,18,0
raw_annual_rates,expanded_consumer_tech_12m_pct,oecd_asia_c26_targeted_gbp_12m_pct,pandemic_2020_2022,5,-0.47860104484001714,-0.33721922474023436,1.0,1.0,17,0
raw_annual_rates,expanded_consumer_tech_12m_pct,oecd_asia_c26_targeted_gbp_12m_pct,pandemic_2020_2022,6,-0.44386312621525914,-0.5528168659144318,0.5,1.0,16,0
raw_annual_rates,expanded_consumer_tech_12m_pct,oecd_asia_c26_targeted_gbp_12m_pct,pandemic_2020_2022,7,-0.5647025969470821,-0.8681294782215441,0.5,0.5,15,0
raw_annual_rates,expanded_consumer_tech_12m_pct,oecd_asia_c26_targeted_gbp_12m_pct,pandemic_2020_2022,8,-0.5274192920102568,-0.8124614048248714,0.5,0.5,14,0
raw_annual_rates,expanded_consumer_tech_12m_pct,oecd_asia_c26_targeted_gbp_12m_pct,pandemic_2020_2022,9,-0.47975494285305087,-0.6197754073611744,0.5,1.0,13,0
raw_annual_rates,expanded_consumer_tech_12m_pct,oecd_asia_c26_targeted_gbp_12m_pct,pandemic_2020_2022,10,-0.3626457155914483,-0.3170668753309261,0.5,1.0,12,0
raw_annual_rates,expanded_consumer_tech_12m_pct,oecd_asia_c26_targeted_gbp_12m_pct,pandemic_2020_2022,11,-0.1873756418205138,-0.10292887968199409,1.0,1.0,11,0
raw_annual_rates,expanded_consumer_tech_12m_pct,oecd_asia_c26_targeted_gbp_12m_pct,pandemic_2020_2022,12,-0.1859877840333137,-0.1859877840333137,1.0,1.0,10,0
raw_annual_rates,expanded_consumer_tech_12m_pct,oecd_asia_c26_targeted_gbp_12m_pct,post_2022,0,-0.272270750626479,-0.2481201884759479,0.6,1.0,40,0
raw_annual_rates,expanded_consumer_tech_12m_pct,oecd_asia_c26_targeted_gbp_12m_pct,post_2022,1,-0.08969719482488465,-0.02474800661223798,1.0,1.0,39,0
raw_annual_rates,expanded_consumer_tech_12m_pct,oecd_asia_c26_targeted_gbp_12m_pct,post_2022,2,0.03762370658245701,0.11778038524266328,0.6,1.0,38,0
raw_annual_rates,expanded_consumer_tech_12m_pct,oecd_asia_c26_targeted_gbp_12m_pct,post_2022,3,0.15437316674852283,0.2217754261729415,0.2,1.0,37,0
raw_annual_rates,expanded_consumer_tech_12m_pct,oecd_asia_c26_targeted_gbp_12m_pct,post_2022,4,0.2598634990911997,0.3124743487032977,0.2,0.6,36,0
raw_annual_rates,expanded_consumer_tech_12m_pct,oecd_asia_c26_targeted_gbp_12m_pct,post_2022,5,0.401638448241618,0.4343586633348804,0.2,0.4,35,0
raw_annual_rates,expanded_consumer_tech_12m_pct,oecd_asia_c26_targeted_gbp_12m_pct,post_2022,6,0.5215663195510672,0.5518745230238836,0.2,0.2,34,0
raw_annual_rates,expanded_consumer_tech_12m_pct,oecd_asia_c26_targeted_gbp_12m_pct,post_2022,7,0.66197623997438,0.6668979065270624,0.2,0.2,33,0
raw_annual_rates,expanded_consumer_tech_12m_pct,oecd_asia_c26_targeted_gbp_12m_pct,post_2022,8,0.7005019441833172,0.7156474606466613,0.2,0.2,32,0
raw_annual_rates,expanded_consumer_tech_12m_pct,oecd_asia_c26_targeted_gbp_12m_pct,post_2022,9,0.7054084956195887,0.7141661410982348,0.2,0.2,31,0
raw_annual_rates,expanded_consumer_tech_12m_pct,oecd_asia_c26_targeted_gbp_12m_pct,post_2022,10,0.6335935277067889,0.6448260396235945,0.2,0.2,30,0
raw_annual_rates,expanded_consumer_tech_12m_pct,oecd_asia_c26_targeted_gbp_12m_pct,post_2022,11,0.5286103405305291,0.5363539673498882,0.2,0.2,29,0
raw_annual_rates,expanded_consumer_tech_12m_pct,oecd_asia_c26_targeted_gbp_12m_pct,post_2022,12,0.22149876778048175,0.22149876778048175,0.6,1.0,28,0
raw_annual_rates,expanded_consumer_tech_12m_pct,oecd_asia_c26_bls_gbp_12m_pct,full,0,-0.011278373272453662,-0.04918283038666267,0.8111111111111111,1.0,125,0
raw_annual_rates,expanded_consumer_tech_12m_pct,oecd_asia_c26_bls_gbp_12m_pct,full,1,0.07318198307033495,0.033731962308833185,0.9,1.0,124,0
raw_annual_rates,expanded_consumer_tech_12m_pct,oecd_asia_c26_bls_gbp_12m_pct,full,2,0.15976192559772195,0.1238317912939096,0.5555555555555556,0.8444444444444444,123,0
raw_annual_rates,expanded_consumer_tech_12m_pct,oecd_asia_c26_bls_gbp_12m_pct,full,3,0.24089051557476818,0.2101082591170686,0.37777777777777777,0.6888888888888889,122,0
raw_annual_rates,expanded_consumer_tech_12m_pct,oecd_asia_c26_bls_gbp_12m_pct,full,4,0.3331524819083629,0.3134512031911312,0.24444444444444444,0.4888888888888889,121,0
raw_annual_rates,expanded_consumer_tech_12m_pct,oecd_asia_c26_bls_gbp_12m_pct,full,5,0.40887706679781755,0.39078783795475835,0.15555555555555556,0.3888888888888889,120,0
raw_annual_rates,expanded_consumer_tech_12m_pct,oecd_asia_c26_bls_gbp_12m_pct,full,6,0.47289260227398056,0.45645708740050345,0.05555555555555555,0.26666666666666666,119,0
raw_annual_rates,expanded_consumer_tech_12m_pct,oecd_asia_c26_bls_gbp_12m_pct,full,7,0.5263829378631798,0.5188464756163685,0.011111111111111112,0.044444444444444446,118,0
raw_annual_rates,expanded_consumer_tech_12m_pct,oecd_asia_c26_bls_gbp_12m_pct,full,8,0.5541892230488924,0.5480325612482516,0.011111111111111112,0.011111111111111112,117,0
raw_annual_rates,expanded_consumer_tech_12m_pct,oecd_asia_c26_bls_gbp_12m_pct,full,9,0.5539964758424377,0.5553487978919366,0.011111111111111112,0.011111111111111112,116,0
raw_annual_rates,expanded_consumer_tech_12m_pct,oecd_asia_c26_bls_gbp_12m_pct,full,10,0.5304703543821662,0.5299610978352066,0.011111111111111112,0.011111111111111112,115,0
raw_annual_rates,expanded_consumer_tech_12m_pct,oecd_asia_c26_bls_gbp_12m_pct,full,11,0.4806439045114024,0.48276633313423317,0.03333333333333333,0.23333333333333334,114,0
raw_annual_rates,expanded_consumer_tech_12m_pct,oecd_asia_c26_bls_gbp_12m_pct,full,12,0.4189973546918052,0.4189973546918052,0.07777777777777778,0.32222222222222224,113,0
raw_annual_rates,expanded_consumer_tech_12m_pct,oecd_asia_c26_bls_gbp_12m_pct,pre_2020,0,-0.21401451917268632,-0.28524257402275116,0.6923076923076923,1.0,48,0
raw_annual_rates,expanded_consumer_tech_12m_pct,oecd_asia_c26_bls_gbp_12m_pct,pre_2020,1,-0.1115819459804484,-0.15022213818696,0.8461538461538461,1.0,47,0
raw_annual_rates,expanded_consumer_tech_12m_pct,oecd_asia_c26_bls_gbp_12m_pct,pre_2020,2,0.021659022451609427,0.012466181064503656,0.9230769230769231,1.0,46,0
raw_annual_rates,expanded_consumer_tech_12m_pct,oecd_asia_c26_bls_gbp_12m_pct,pre_2020,3,0.1465837677621754,0.1652411362552994,0.7692307692307693,1.0,45,0
raw_annual_rates,expanded_consumer_tech_12m_pct,oecd_asia_c26_bls_gbp_12m_pct,pre_2020,4,0.2910936842823847,0.33381736188428507,0.6153846153846154,1.0,44,0
raw_annual_rates,expanded_consumer_tech_12m_pct,oecd_asia_c26_bls_gbp_12m_pct,pre_2020,5,0.4174521779314904,0.478800406428136,0.38461538461538464,1.0,43,0
raw_annual_rates,expanded_consumer_tech_12m_pct,oecd_asia_c26_bls_gbp_12m_pct,pre_2020,6,0.5260835560373897,0.6105687065681734,0.38461538461538464,1.0,42,0
raw_annual_rates,expanded_consumer_tech_12m_pct,oecd_asia_c26_bls_gbp_12m_pct,pre_2020,7,0.6080839766418773,0.7112681586128646,0.38461538461538464,0.9230769230769231,41,0
raw_annual_rates,expanded_consumer_tech_12m_pct,oecd_asia_c26_bls_gbp_12m_pct,pre_2020,8,0.650037605118983,0.7589081805398779,0.38461538461538464,0.7692307692307693,40,0
raw_annual_rates,expanded_consumer_tech_12m_pct,oecd_asia_c26_bls_gbp_12m_pct,pre_2020,9,0.70258901266817,0.7980365401350247,0.46153846153846156,0.6153846153846154,39,0
raw_annual_rates,expanded_consumer_tech_12m_pct,oecd_asia_c26_bls_gbp_12m_pct,pre_2020,10,0.7148576838217835,0.8023852608631257,0.46153846153846156,0.6153846153846154,38,0
raw_annual_rates,expanded_consumer_tech_12m_pct,oecd_asia_c26_bls_gbp_12m_pct,pre_2020,11,0.6859082827699654,0.7326827390544436,0.5384615384615384,0.7692307692307693,37,0
raw_annual_rates,expanded_consumer_tech_12m_pct,oecd_asia_c26_bls_gbp_12m_pct,pre_2020,12,0.6694892742417726,0.6694892742417726,0.5384615384615384,0.9230769230769231,36,0
raw_annual_rates,expanded_consumer_tech_12m_pct,oecd_asia_c26_bls_gbp_12m_pct,pandemic_2020_2022,0,-0.02601535022313566,-0.571414140418153,1.0,1.0,36,0
raw_annual_rates,expanded_consumer_tech_12m_pct,oecd_asia_c26_bls_gbp_12m_pct,pandemic_2020_2022,1,-0.08271201870728115,-0.5566298680732127,1.0,1.0,35,0
raw_annual_rates,expanded_consumer_tech_12m_pct,oecd_asia_c26_bls_gbp_12m_pct,pandemic_2020_2022,2,-0.13418775604578506,-0.5353871277404265,1.0,1.0,34,0
raw_annual_rates,expanded_consumer_tech_12m_pct,oecd_asia_c26_bls_gbp_12m_pct,pandemic_2020_2022,3,-0.16014863811891297,-0.4665962066985528,1.0,1.0,33,0
raw_annual_rates,expanded_consumer_tech_12m_pct,oecd_asia_c26_bls_gbp_12m_pct,pandemic_2020_2022,4,-0.15619348292203702,-0.3669337059576364,1.0,1.0,32,0
raw_annual_rates,expanded_consumer_tech_12m_pct,oecd_asia_c26_bls_gbp_12m_pct,pandemic_2020_2022,5,-0.26568381099198696,-0.465654766039952,0.5,1.0,31,0
raw_annual_rates,expanded_consumer_tech_12m_pct,oecd_asia_c26_bls_gbp_12m_pct,pandemic_2020_2022,6,-0.3678092070101377,-0.5466406246831996,0.5,1.0,30,0
raw_annual_rates,expanded_consumer_tech_12m_pct,oecd_asia_c26_bls_gbp_12m_pct,pandemic_2020_2022,7,-0.39857419568974395,-0.5183664211781015,0.5,1.0,29,0
raw_annual_rates,expanded_consumer_tech_12m_pct,oecd_asia_c26_bls_gbp_12m_pct,pandemic_2020_2022,8,-0.3150122284857269,-0.3435538673244928,0.5,1.0,28,0
raw_annual_rates,expanded_consumer_tech_12m_pct,oecd_asia_c26_bls_gbp_12m_pct,pandemic_2020_2022,9,-0.1702902336975825,-0.12578414582353092,0.5,1.0,27,0
raw_annual_rates,expanded_consumer_tech_12m_pct,oecd_asia_c26_bls_gbp_12m_pct,pandemic_2020_2022,10,0.004641505345039953,0.11593126810352425,0.5,1.0,26,0
raw_annual_rates,expanded_consumer_tech_12m_pct,oecd_asia_c26_bls_gbp_12m_pct,pandemic_2020_2022,11,0.26262823965285403,0.35552027417444154,0.5,1.0,25,0
raw_annual_rates,expanded_consumer_tech_12m_pct,oecd_asia_c26_bls_gbp_12m_pct,pandemic_2020_2022,12,0.36528491896268694,0.36528491896268694,0.5,1.0,24,0
raw_annual_rates,expanded_consumer_tech_12m_pct,oecd_asia_c26_bls_gbp_12m_pct,post_2022,0,0.19587512435546123,0.17665395397917735,0.3333333333333333,1.0,41,0
raw_annual_rates,expanded_consumer_tech_12m_pct,oecd_asia_c26_bls_gbp_12m_pct,post_2022,1,0.36819118495956876,0.3466075619831562,0.16666666666666666,0.16666666666666666,40,0
raw_annual_rates,expanded_consumer_tech_12m_pct,oecd_asia_c26_bls_gbp_12m_pct,post_2022,2,0.46102208186223187,0.44961760008649276,0.16666666666666666,0.16666666666666666,39,0
raw_annual_rates,expanded_consumer_tech_12m_pct,oecd_asia_c26_bls_gbp_12m_pct,post_2022,3,0.5206754691423915,0.5243214326920641,0.16666666666666666,0.16666666666666666,38,0
raw_annual_rates,expanded_consumer_tech_12m_pct,oecd_asia_c26_bls_gbp_12m_pct,post_2022,4,0.5538480884203032,0.5909667606900328,0.16666666666666666,0.16666666666666666,37,0
raw_annual_rates,expanded_consumer_tech_12m_pct,oecd_asia_c26_bls_gbp_12m_pct,post_2022,5,0.5925133662340811,0.6306930613120917,0.16666666666666666,0.16666666666666666,36,0
raw_annual_rates,expanded_consumer_tech_12m_pct,oecd_asia_c26_bls_gbp_12m_pct,post_2022,6,0.6460537295023943,0.6700843149698097,0.16666666666666666,0.16666666666666666,35,0
raw_annual_rates,expanded_consumer_tech_12m_pct,oecd_asia_c26_bls_gbp_12m_pct,post_2022,7,0.7110928752059509,0.7648063591552953,0.16666666666666666,0.16666666666666666,34,0
raw_annual_rates,expanded_consumer_tech_12m_pct,oecd_asia_c26_bls_gbp_12m_pct,post_2022,8,0.7239238194015878,0.7807807436956371,0.16666666666666666,0.16666666666666666,33,0
raw_annual_rates,expanded_consumer_tech_12m_pct,oecd_asia_c26_bls_gbp_12m_pct,post_2022,9,0.6638416473859543,0.7643328120649371,0.16666666666666666,0.16666666666666666,32,0
raw_annual_rates,expanded_consumer_tech_12m_pct,oecd_asia_c26_bls_gbp_12m_pct,post_2022,10,0.545809847396419,0.6122944111159975,0.16666666666666666,0.16666666666666666,31,0
raw_annual_rates,expanded_consumer_tech_12m_pct,oecd_asia_c26_bls_gbp_12m_pct,post_2022,11,0.3664605020903741,0.42274219226769755,0.16666666666666666,0.16666666666666666,30,0
raw_annual_rates,expanded_consumer_tech_12m_pct,oecd_asia_c26_bls_gbp_12m_pct,post_2022,12,0.08913309265846765,0.08913309265846765,0.6666666666666666,1.0,29,0
raw_annual_rates,expanded_consumer_tech_12m_pct,fred_china_computer_electronics_gbp_12m_pct,full,0,-0.002682422885449537,-0.04821802759149939,0.8444444444444444,1.0,125,0
raw_annual_rates,expanded_consumer_tech_12m_pct,fred_china_computer_electronics_gbp_12m_pct,full,1,0.08012367783336237,0.03453986611537636,0.8777777777777778,1.0,124,0
raw_annual_rates,expanded_consumer_tech_12m_pct,fred_china_computer_electronics_gbp_12m_pct,full,2,0.164680948307651,0.12444990420431391,0.5444444444444444,0.8444444444444444,123,0
raw_annual_rates,expanded_consumer_tech_12m_pct,fred_china_computer_electronics_gbp_12m_pct,full,3,0.24461665753619155,0.2101196419033679,0.36666666666666664,0.6333333333333333,122,0
raw_annual_rates,expanded_consumer_tech_12m_pct,fred_china_computer_electronics_gbp_12m_pct,full,4,0.33564617685601056,0.31374345990099944,0.23333333333333334,0.4666666666666667,121,0
raw_annual_rates,expanded_consumer_tech_12m_pct,fred_china_computer_electronics_gbp_12m_pct,full,5,0.41076829829182415,0.39078007784817514,0.15555555555555556,0.4,120,0
raw_annual_rates,expanded_consumer_tech_12m_pct,fred_china_computer_electronics_gbp_12m_pct,full,6,0.4738101749281102,0.45600418507713836,0.05555555555555555,0.26666666666666666,119,0
raw_annual_rates,expanded_consumer_tech_12m_pct,fred_china_computer_electronics_gbp_12m_pct,full,7,0.5252168124392279,0.5176610634981291,0.011111111111111112,0.044444444444444446,118,0
raw_annual_rates,expanded_consumer_tech_12m_pct,fred_china_computer_electronics_gbp_12m_pct,full,8,0.5509254620179522,0.5449281436587268,0.011111111111111112,0.011111111111111112,117,0
raw_annual_rates,expanded_consumer_tech_12m_pct,fred_china_computer_electronics_gbp_12m_pct,full,9,0.5477901439944791,0.5500368920439321,0.011111111111111112,0.011111111111111112,116,0
raw_annual_rates,expanded_consumer_tech_12m_pct,fred_china_computer_electronics_gbp_12m_pct,full,10,0.5213676348110201,0.5212118890477317,0.011111111111111112,0.022222222222222223,115,0
raw_annual_rates,expanded_consumer_tech_12m_pct,fred_china_computer_electronics_gbp_12m_pct,full,11,0.47053065430433866,0.4730036818016704,0.044444444444444446,0.25555555555555554,114,0
raw_annual_rates,expanded_consumer_tech_12m_pct,fred_china_computer_electronics_gbp_12m_pct,full,12,0.4086605923573297,0.4086605923573297,0.1111111111111111,0.36666666666666664,113,0
raw_annual_rates,expanded_consumer_tech_12m_pct,fred_china_computer_electronics_gbp_12m_pct,pre_2020,0,-0.23028196566915143,-0.30010797364904007,0.6923076923076923,1.0,48,0
raw_annual_rates,expanded_consumer_tech_12m_pct,fred_china_computer_electronics_gbp_12m_pct,pre_2020,1,-0.12874095419084175,-0.16536800229925205,0.7692307692307693,1.0,47,0
raw_annual_rates,expanded_consumer_tech_12m_pct,fred_china_computer_electronics_gbp_12m_pct,pre_2020,2,0.003590302465212616,-0.0029218678611044923,1.0,1.0,46,0
raw_annual_rates,expanded_consumer_tech_12m_pct,fred_china_computer_electronics_gbp_12m_pct,pre_2020,3,0.12725167973150397,0.14926492642964023,0.7692307692307693,1.0,45,0
raw_annual_rates,expanded_consumer_tech_12m_pct,fred_china_computer_electronics_gbp_12m_pct,pre_2020,4,0.2712016724654037,0.31829905721841834,0.6153846153846154,1.0,44,0
raw_annual_rates,expanded_consumer_tech_12m_pct,fred_china_computer_electronics_gbp_12m_pct,pre_2020,5,0.3987060141453937,0.46470184759998157,0.38461538461538464,1.0,43,0
raw_annual_rates,expanded_consumer_tech_12m_pct,fred_china_computer_electronics_gbp_12m_pct,pre_2020,6,0.5080150180943459,0.5976472266767925,0.38461538461538464,1.0,42,0
raw_annual_rates,expanded_consumer_tech_12m_pct,fred_china_computer_electronics_gbp_12m_pct,pre_2020,7,0.591451838600423,0.6999075270113497,0.38461538461538464,0.9230769230769231,41,0
raw_annual_rates,expanded_consumer_tech_12m_pct,fred_china_computer_electronics_gbp_12m_pct,pre_2020,8,0.6374576505586578,0.7508254725402624,0.38461538461538464,0.7692307692307693,40,0
raw_annual_rates,expanded_consumer_tech_12m_pct,fred_china_computer_electronics_gbp_12m_pct,pre_2020,9,0.6934039410323078,0.7929366290749814,0.46153846153846156,0.6153846153846154,39,0
raw_annual_rates,expanded_consumer_tech_12m_pct,fred_china_computer_electronics_gbp_12m_pct,pre_2020,10,0.7089331875156448,0.7998051566845269,0.46153846153846156,0.6153846153846154,38,0
raw_annual_rates,expanded_consumer_tech_12m_pct,fred_china_computer_electronics_gbp_12m_pct,pre_2020,11,0.6836077032678737,0.7324691465424468,0.5384615384615384,0.7692307692307693,37,0
raw_annual_rates,expanded_consumer_tech_12m_pct,fred_china_computer_electronics_gbp_12m_pct,pre_2020,12,0.6715302219184441,0.6715302219184441,0.5384615384615384,0.9230769230769231,36,0
raw_annual_rates,expanded_consumer_tech_12m_pct,fred_china_computer_electronics_gbp_12m_pct,pandemic_2020_2022,0,-0.006084400721419048,-0.5463446815879222,1.0,1.0,36,0
raw_annual_rates,expanded_consumer_tech_12m_pct,fred_china_computer_electronics_gbp_12m_pct,pandemic_2020_2022,1,-0.06455214101159637,-0.5358597811311436,1.0,1.0,35,0
raw_annual_rates,expanded_consumer_tech_12m_pct,fred_china_computer_electronics_gbp_12m_pct,pandemic_2020_2022,2,-0.11765311611355936,-0.5145339646173294,1.0,1.0,34,0
raw_annual_rates,expanded_consumer_tech_12m_pct,fred_china_computer_electronics_gbp_12m_pct,pandemic_2020_2022,3,-0.145904682902821,-0.4484910248056762,1.0,1.0,33,0
raw_annual_rates,expanded_consumer_tech_12m_pct,fred_china_computer_electronics_gbp_12m_pct,pandemic_2020_2022,4,-0.14258120802958504,-0.35000463769247936,1.0,1.0,32,0
raw_annual_rates,expanded_consumer_tech_12m_pct,fred_china_computer_electronics_gbp_12m_pct,pandemic_2020_2022,5,-0.25493608668950263,-0.45771000148394936,0.5,1.0,31,0
raw_annual_rates,expanded_consumer_tech_12m_pct,fred_china_computer_electronics_gbp_12m_pct,pandemic_2020_2022,6,-0.36051846230300205,-0.5436640446787715,0.5,1.0,30,0
raw_annual_rates,expanded_consumer_tech_12m_pct,fred_china_computer_electronics_gbp_12m_pct,pandemic_2020_2022,7,-0.4018995263467722,-0.5292018655397309,0.5,1.0,29,0
raw_annual_rates,expanded_consumer_tech_12m_pct,fred_china_computer_electronics_gbp_12m_pct,pandemic_2020_2022,8,-0.3253393974774305,-0.3579284347536475,0.5,1.0,28,0
raw_annual_rates,expanded_consumer_tech_12m_pct,fred_china_computer_electronics_gbp_12m_pct,pandemic_2020_2022,9,-0.19198387702839226,-0.15013616581194267,0.5,1.0,27,0
raw_annual_rates,expanded_consumer_tech_12m_pct,fred_china_computer_electronics_gbp_12m_pct,pandemic_2020_2022,10,-0.02709338154293229,0.08067044709887573,0.5,1.0,26,0
raw_annual_rates,expanded_consumer_tech_12m_pct,fred_china_computer_electronics_gbp_12m_pct,pandemic_2020_2022,11,0.2397799671285973,0.32822062351822084,0.5,1.0,25,0
raw_annual_rates,expanded_consumer_tech_12m_pct,fred_china_computer_electronics_gbp_12m_pct,pandemic_2020_2022,12,0.3424312752035782,0.3424312752035782,0.5,1.0,24,0
raw_annual_rates,expanded_consumer_tech_12m_pct,fred_china_computer_electronics_gbp_12m_pct,post_2022,0,0.2329291457519285,0.19027562733884146,0.16666666666666666,1.0,41,0
raw_annual_rates,expanded_consumer_tech_12m_pct,fred_china_computer_electronics_gbp_12m_pct,post_2022,1,0.39142424224811434,0.35575498914971276,0.16666666666666666,0.16666666666666666,40,0
raw_annual_rates,expanded_consumer_tech_12m_pct,fred_china_computer_electronics_gbp_12m_pct,post_2022,2,0.4682294137193961,0.45465832648708754,0.16666666666666666,0.16666666666666666,39,0
raw_annual_rates,expanded_consumer_tech_12m_pct,fred_china_computer_electronics_gbp_12m_pct,post_2022,3,0.5207417528660235,0.5262237367548587,0.16666666666666666,0.16666666666666666,38,0
raw_annual_rates,expanded_consumer_tech_12m_pct,fred_china_computer_electronics_gbp_12m_pct,post_2022,4,0.5466182373650902,0.5924442932832105,0.16666666666666666,0.16666666666666666,37,0
raw_annual_rates,expanded_consumer_tech_12m_pct,fred_china_computer_electronics_gbp_12m_pct,post_2022,5,0.5821072370770859,0.6280630031182864,0.16666666666666666,0.16666666666666666,36,0
raw_annual_rates,expanded_consumer_tech_12m_pct,fred_china_computer_electronics_gbp_12m_pct,post_2022,6,0.6326727766462372,0.6677360126475613,0.16666666666666666,0.16666666666666666,35,0
raw_annual_rates,expanded_consumer_tech_12m_pct,fred_china_computer_electronics_gbp_12m_pct,post_2022,7,0.6938549747532194,0.7677628931668223,0.16666666666666666,0.16666666666666666,34,0
raw_annual_rates,expanded_consumer_tech_12m_pct,fred_china_computer_electronics_gbp_12m_pct,post_2022,8,0.7032310097865057,0.7804147458495786,0.16666666666666666,0.16666666666666666,33,0
raw_annual_rates,expanded_consumer_tech_12m_pct,fred_china_computer_electronics_gbp_12m_pct,post_2022,9,0.6433792832276742,0.7656030711011471,0.16666666666666666,0.16666666666666666,32,0
raw_annual_rates,expanded_consumer_tech_12m_pct,fred_china_computer_electronics_gbp_12m_pct,post_2022,10,0.523237612758374,0.6015696659310993,0.16666666666666666,0.16666666666666666,31,0
raw_annual_rates,expanded_consumer_tech_12m_pct,fred_china_computer_electronics_gbp_12m_pct,post_2022,11,0.34809175729136443,0.4113839943525732,0.16666666666666666,0.16666666666666666,30,0
raw_annual_rates,expanded_consumer_tech_12m_pct,fred_china_computer_electronics_gbp_12m_pct,post_2022,12,0.07380777014384628,0.07380777014384628,0.6666666666666666,1.0,29,0
raw_annual_rates,expanded_consumer_tech_12m_pct,fred_japan_computer_electronics_gbp_12m_pct,full,0,-0.09667345914109099,-0.14320763990064186,0.43333333333333335,0.7777777777777778,125,0
raw_annual_rates,expanded_consumer_tech_12m_pct,fred_japan_computer_electronics_gbp_12m_pct,full,1,-0.01738358410923248,-0.06124639453754087,0.7333333333333333,1.0,124,0
raw_annual_rates,expanded_consumer_tech_12m_pct,fred_japan_computer_electronics_gbp_12m_pct,full,2,0.06369307388160954,0.0270413662399122,0.9,1.0,123,0
raw_annual_rates,expanded_consumer_tech_12m_pct,fred_japan_computer_electronics_gbp_12m_pct,full,3,0.1456342640240426,0.11638523195617143,0.5333333333333333,0.8666666666666667,122,0
raw_annual_rates,expanded_consumer_tech_12m_pct,fred_japan_computer_electronics_gbp_12m_pct,full,4,0.23826809192875625,0.21969284725002736,0.28888888888888886,0.6222222222222222,121,0
raw_annual_rates,expanded_consumer_tech_12m_pct,fred_japan_computer_electronics_gbp_12m_pct,full,5,0.31624975320821497,0.302213838651035,0.2222222222222222,0.4888888888888889,120,0
raw_annual_rates,expanded_consumer_tech_12m_pct,fred_japan_computer_electronics_gbp_12m_pct,full,6,0.3826764697405335,0.3697764363292685,0.1,0.3111111111111111,119,0
raw_annual_rates,expanded_consumer_tech_12m_pct,fred_japan_computer_electronics_gbp_12m_pct,full,7,0.43797957131953846,0.43179861987647045,0.06666666666666667,0.2222222222222222,118,0
raw_annual_rates,expanded_consumer_tech_12m_pct,fred_japan_computer_electronics_gbp_12m_pct,full,8,0.4734375196654256,0.467470019665505,0.03333333333333333,0.17777777777777778,117,0
raw_annual_rates,expanded_consumer_tech_12m_pct,fred_japan_computer_electronics_gbp_12m_pct,full,9,0.4833575755151588,0.48247132632391865,0.011111111111111112,0.1,116,0
raw_annual_rates,expanded_consumer_tech_12m_pct,fred_japan_computer_electronics_gbp_12m_pct,full,10,0.47061667266636187,0.4687272531655631,0.03333333333333333,0.17777777777777778,115,0
raw_annual_rates,expanded_consumer_tech_12m_pct,fred_japan_computer_electronics_gbp_12m_pct,full,11,0.42878780493452234,0.42937120807146467,0.06666666666666667,0.23333333333333334,114,0
raw_annual_rates,expanded_consumer_tech_12m_pct,fred_japan_computer_electronics_gbp_12m_pct,full,12,0.3736487353965611,0.3736487353965611,0.08888888888888889,0.3,113,0
raw_annual_rates,expanded_consumer_tech_12m_pct,fred_japan_computer_electronics_gbp_12m_pct,pre_2020,0,-0.3215206577963626,-0.36572538175879726,0.6153846153846154,1.0,48,0
raw_annual_rates,expanded_consumer_tech_12m_pct,fred_japan_computer_electronics_gbp_12m_pct,pre_2020,1,-0.22171633220075856,-0.23496172293009077,0.6923076923076923,1.0,47,0
raw_annual_rates,expanded_consumer_tech_12m_pct,fred_japan_computer_electronics_gbp_12m_pct,pre_2020,2,-0.08343806866923319,-0.069574509891204,0.9230769230769231,1.0,46,0
raw_annual_rates,expanded_consumer_tech_12m_pct,fred_japan_computer_electronics_gbp_12m_pct,pre_2020,3,0.05040534239339369,0.09066077536079428,0.9230769230769231,1.0,45,0
raw_annual_rates,expanded_consumer_tech_12m_pct,fred_japan_computer_electronics_gbp_12m_pct,pre_2020,4,0.19912576950173197,0.26230192214408843,0.6923076923076923,1.0,44,0
raw_annual_rates,expanded_consumer_tech_12m_pct,fred_japan_computer_electronics_gbp_12m_pct,pre_2020,5,0.3331781926906033,0.4162340332593766,0.46153846153846156,1.0,43,0
raw_annual_rates,expanded_consumer_tech_12m_pct,fred_japan_computer_electronics_gbp_12m_pct,pre_2020,6,0.45415389202295237,0.5602361598414409,0.3076923076923077,1.0,42,0
raw_annual_rates,expanded_consumer_tech_12m_pct,fred_japan_computer_electronics_gbp_12m_pct,pre_2020,7,0.5543153167895394,0.6765916711889307,0.3076923076923077,0.9230769230769231,41,0
raw_annual_rates,expanded_consumer_tech_12m_pct,fred_japan_computer_electronics_gbp_12m_pct,pre_2020,8,0.6098285576155429,0.7353392185809106,0.38461538461538464,0.7692307692307693,40,0
raw_annual_rates,expanded_consumer_tech_12m_pct,fred_japan_computer_electronics_gbp_12m_pct,pre_2020,9,0.673333117626212,0.781670010997365,0.38461538461538464,0.6153846153846154,39,0
raw_annual_rates,expanded_consumer_tech_12m_pct,fred_japan_computer_electronics_gbp_12m_pct,pre_2020,10,0.6976867306531088,0.7942915936710037,0.46153846153846156,0.5384615384615384,38,0
raw_annual_rates,expanded_consumer_tech_12m_pct,fred_japan_computer_electronics_gbp_12m_pct,pre_2020,11,0.6779152918933515,0.7278122416368541,0.46153846153846156,0.8461538461538461,37,0
raw_annual_rates,expanded_consumer_tech_12m_pct,fred_japan_computer_electronics_gbp_12m_pct,pre_2020,12,0.6590061473114786,0.6590061473114786,0.5384615384615384,0.9230769230769231,36,0
raw_annual_rates,expanded_consumer_tech_12m_pct,fred_japan_computer_electronics_gbp_12m_pct,pandemic_2020_2022,0,-0.15283648108191256,-0.7510716138457894,1.0,1.0,36,0
raw_annual_rates,expanded_consumer_tech_12m_pct,fred_japan_computer_electronics_gbp_12m_pct,pandemic_2020_2022,1,-0.20953204796801278,-0.7373761004610749,0.5,1.0,35,0
raw_annual_rates,expanded_consumer_tech_12m_pct,fred_japan_computer_electronics_gbp_12m_pct,pandemic_2020_2022,2,-0.2664629704339237,-0.7282023181782163,1.0,1.0,34,0
raw_annual_rates,expanded_consumer_tech_12m_pct,fred_japan_computer_electronics_gbp_12m_pct,pandemic_2020_2022,3,-0.2946629433138616,-0.6638594858084127,0.5,1.0,33,0
raw_annual_rates,expanded_consumer_tech_12m_pct,fred_japan_computer_electronics_gbp_12m_pct,pandemic_2020_2022,4,-0.3033062884930398,-0.5860794953552191,0.5,1.0,32,0
raw_annual_rates,expanded_consumer_tech_12m_pct,fred_japan_computer_electronics_gbp_12m_pct,pandemic_2020_2022,5,-0.39243210365323467,-0.6380368150999685,0.5,1.0,31,0
raw_annual_rates,expanded_consumer_tech_12m_pct,fred_japan_computer_electronics_gbp_12m_pct,pandemic_2020_2022,6,-0.46587970080854374,-0.6590533552361578,0.5,1.0,30,0
raw_annual_rates,expanded_consumer_tech_12m_pct,fred_japan_computer_electronics_gbp_12m_pct,pandemic_2020_2022,7,-0.47089574646061744,-0.585556100667691,0.5,1.0,29,0
raw_annual_rates,expanded_consumer_tech_12m_pct,fred_japan_computer_electronics_gbp_12m_pct,pandemic_2020_2022,8,-0.3591624959802219,-0.3821020738410064,0.5,1.0,28,0
raw_annual_rates,expanded_consumer_tech_12m_pct,fred_japan_computer_electronics_gbp_12m_pct,pandemic_2020_2022,9,-0.23063648927646505,-0.19961580375210455,0.5,1.0,27,0
raw_annual_rates,expanded_consumer_tech_12m_pct,fred_japan_computer_electronics_gbp_12m_pct,pandemic_2020_2022,10,0.0037963477818572064,0.09493238677534595,0.5,1.0,26,0
raw_annual_rates,expanded_consumer_tech_12m_pct,fred_japan_computer_electronics_gbp_12m_pct,pandemic_2020_2022,11,0.28017167307372465,0.3578560570120122,0.5,1.0,25,0
raw_annual_rates,expanded_consumer_tech_12m_pct,fred_japan_computer_electronics_gbp_12m_pct,pandemic_2020_2022,12,0.4285638866873031,0.4285638866873031,0.5,1.0,24,0
raw_annual_rates,expanded_consumer_tech_12m_pct,fred_japan_computer_electronics_gbp_12m_pct,post_2022,0,0.2494660525794453,0.2043476183096182,0.3333333333333333,1.0,41,0
raw_annual_rates,expanded_consumer_tech_12m_pct,fred_japan_computer_electronics_gbp_12m_pct,post_2022,1,0.4163076648451271,0.3854691514709316,0.16666666666666666,1.0,40,0
raw_annual_rates,expanded_consumer_tech_12m_pct,fred_japan_computer_electronics_gbp_12m_pct,post_2022,2,0.4939856316434906,0.49233249382711713,0.16666666666666666,0.3333333333333333,39,0
raw_annual_rates,expanded_consumer_tech_12m_pct,fred_japan_computer_electronics_gbp_12m_pct,post_2022,3,0.55573240238387,0.5791998196565432,0.16666666666666666,0.16666666666666666,38,0
raw_annual_rates,expanded_consumer_tech_12m_pct,fred_japan_computer_electronics_gbp_12m_pct,post_2022,4,0.6056843519810955,0.6562726298633401,0.16666666666666666,0.16666666666666666,37,0
raw_annual_rates,expanded_consumer_tech_12m_pct,fred_japan_computer_electronics_gbp_12m_pct,post_2022,5,0.6545666332116978,0.7143732109281717,0.16666666666666666,0.16666666666666666,36,0
raw_annual_rates,expanded_consumer_tech_12m_pct,fred_japan_computer_electronics_gbp_12m_pct,post_2022,6,0.7147327167498854,0.7478988274611484,0.16666666666666666,0.16666666666666666,35,0
raw_annual_rates,expanded_consumer_tech_12m_pct,fred_japan_computer_electronics_gbp_12m_pct,post_2022,7,0.7458706064340628,0.7780394046270238,0.16666666666666666,0.16666666666666666,34,0
raw_annual_rates,expanded_consumer_tech_12m_pct,fred_japan_computer_electronics_gbp_12m_pct,post_2022,8,0.7545611605392072,0.7759417729062338,0.16666666666666666,0.16666666666666666,33,0
raw_annual_rates,expanded_consumer_tech_12m_pct,fred_japan_computer_electronics_gbp_12m_pct,post_2022,9,0.7005714339373212,0.7434521108061162,0.16666666666666666,0.16666666666666666,32,0
raw_annual_rates,expanded_consumer_tech_12m_pct,fred_japan_computer_electronics_gbp_12m_pct,post_2022,10,0.5730036688342729,0.5955059786360022,0.16666666666666666,0.16666666666666666,31,0
raw_annual_rates,expanded_consumer_tech_12m_pct,fred_japan_computer_electronics_gbp_12m_pct,post_2022,11,0.3626527533444428,0.3882028503849552,0.16666666666666666,1.0,30,0
raw_annual_rates,expanded_consumer_tech_12m_pct,fred_japan_computer_electronics_gbp_12m_pct,post_2022,12,0.07221221634464477,0.07221221634464477,0.3333333333333333,1.0,29,0
raw_annual_rates,expanded_consumer_tech_12m_pct,fred_asian_nie_computer_electronics_gbp_12m_pct,full,0,-0.015369346100815633,-0.01761117207291744,0.8777777777777778,1.0,125,0
raw_annual_rates,expanded_consumer_tech_12m_pct,fred_asian_nie_computer_electronics_gbp_12m_pct,full,1,0.07140785942908962,0.06393585812404652,0.7555555555555555,1.0,124,0
raw_annual_rates,expanded_consumer_tech_12m_pct,fred_asian_nie_computer_electronics_gbp_12m_pct,full,2,0.16519758877645413,0.15291200388992549,0.5555555555555556,0.8888888888888888,123,0
raw_annual_rates,expanded_consumer_tech_12m_pct,fred_asian_nie_computer_electronics_gbp_12m_pct,full,3,0.24922975334586955,0.23813845730650765,0.4444444444444444,0.7222222222222222,122,0
raw_annual_rates,expanded_consumer_tech_12m_pct,fred_asian_nie_computer_electronics_gbp_12m_pct,full,4,0.3441925346606166,0.3373705035125371,0.24444444444444444,0.5333333333333333,121,0
raw_annual_rates,expanded_consumer_tech_12m_pct,fred_asian_nie_computer_electronics_gbp_12m_pct,full,5,0.4199951733187668,0.41186366662181073,0.1111111111111111,0.32222222222222224,120,0
raw_annual_rates,expanded_consumer_tech_12m_pct,fred_asian_nie_computer_electronics_gbp_12m_pct,full,6,0.4853399789024981,0.4768246858143166,0.05555555555555555,0.25555555555555554,119,0
raw_annual_rates,expanded_consumer_tech_12m_pct,fred_asian_nie_computer_electronics_gbp_12m_pct,full,7,0.5455930181634218,0.540619945893976,0.011111111111111112,0.011111111111111112,118,0
raw_annual_rates,expanded_consumer_tech_12m_pct,fred_asian_nie_computer_electronics_gbp_12m_pct,full,8,0.5791477174244047,0.5746167323633354,0.011111111111111112,0.011111111111111112,117,0
raw_annual_rates,expanded_consumer_tech_12m_pct,fred_asian_nie_computer_electronics_gbp_12m_pct,full,9,0.5885307967625968,0.5881352595202398,0.011111111111111112,0.011111111111111112,116,0
raw_annual_rates,expanded_consumer_tech_12m_pct,fred_asian_nie_computer_electronics_gbp_12m_pct,full,10,0.574656699483365,0.5735733890940722,0.011111111111111112,0.011111111111111112,115,0
raw_annual_rates,expanded_consumer_tech_12m_pct,fred_asian_nie_computer_electronics_gbp_12m_pct,full,11,0.5278517490640771,0.5291028906304023,0.011111111111111112,0.06666666666666667,114,0
raw_annual_rates,expanded_consumer_tech_12m_pct,fred_asian_nie_computer_electronics_gbp_12m_pct,full,12,0.4666240040645937,0.4666240040645937,0.06666666666666667,0.26666666666666666,113,0
raw_annual_rates,expanded_consumer_tech_12m_pct,fred_asian_nie_computer_electronics_gbp_12m_pct,pre_2020,0,-0.0935745425771943,-0.18117013538616844,0.7692307692307693,1.0,48,0
raw_annual_rates,expanded_consumer_tech_12m_pct,fred_asian_nie_computer_electronics_gbp_12m_pct,pre_2020,1,0.012357416555205074,-0.04498236931351691,0.9230769230769231,1.0,47,0
raw_annual_rates,expanded_consumer_tech_12m_pct,fred_asian_nie_computer_electronics_gbp_12m_pct,pre_2020,2,0.14549726746173378,0.11560574212750897,0.8461538461538461,1.0,46,0
raw_annual_rates,expanded_consumer_tech_12m_pct,fred_asian_nie_computer_electronics_gbp_12m_pct,pre_2020,3,0.2705194824806602,0.2661495641827546,0.6923076923076923,1.0,45,0
raw_annual_rates,expanded_consumer_tech_12m_pct,fred_asian_nie_computer_electronics_gbp_12m_pct,pre_2020,4,0.4132648826620917,0.4291648768722312,0.46153846153846156,1.0,44,0
raw_annual_rates,expanded_consumer_tech_12m_pct,fred_asian_nie_computer_electronics_gbp_12m_pct,pre_2020,5,0.5291030067849993,0.5621477800970577,0.38461538461538464,1.0,43,0
raw_annual_rates,expanded_consumer_tech_12m_pct,fred_asian_nie_computer_electronics_gbp_12m_pct,pre_2020,6,0.6280590092516125,0.6819288999056069,0.38461538461538464,0.9230769230769231,42,0
raw_annual_rates,expanded_consumer_tech_12m_pct,fred_asian_nie_computer_electronics_gbp_12m_pct,pre_2020,7,0.6953992523329393,0.7679395210304415,0.38461538461538464,0.6923076923076923,41,0
raw_annual_rates,expanded_consumer_tech_12m_pct,fred_asian_nie_computer_electronics_gbp_12m_pct,pre_2020,8,0.7135457251192939,0.7954324275011756,0.38461538461538464,0.6153846153846154,40,0
raw_annual_rates,expanded_consumer_tech_12m_pct,fred_asian_nie_computer_electronics_gbp_12m_pct,pre_2020,9,0.7457045044578093,0.8174207652498641,0.38461538461538464,0.5384615384615384,39,0
raw_annual_rates,expanded_consumer_tech_12m_pct,fred_asian_nie_computer_electronics_gbp_12m_pct,pre_2020,10,0.73856105784344,0.806815350640538,0.38461538461538464,0.6153846153846154,38,0
raw_annual_rates,expanded_consumer_tech_12m_pct,fred_asian_nie_computer_electronics_gbp_12m_pct,pre_2020,11,0.6901233566160988,0.725829497534438,0.5384615384615384,0.8461538461538461,37,0
raw_annual_rates,expanded_consumer_tech_12m_pct,fred_asian_nie_computer_electronics_gbp_12m_pct,pre_2020,12,0.6552423464684255,0.6552423464684255,0.6153846153846154,1.0,36,0
raw_annual_rates,expanded_consumer_tech_12m_pct,fred_asian_nie_computer_electronics_gbp_12m_pct,pandemic_2020_2022,0,-0.059495503828894104,-0.5677903469438436,1.0,1.0,36,0
raw_annual_rates,expanded_consumer_tech_12m_pct,fred_asian_nie_computer_electronics_gbp_12m_pct,pandemic_2020_2022,1,-0.108028827362856,-0.5394046692271608,1.0,1.0,35,0
raw_annual_rates,expanded_consumer_tech_12m_pct,fred_asian_nie_computer_electronics_gbp_12m_pct,pandemic_2020_2022,2,-0.14991847616373488,-0.5149994688870817,1.0,1.0,34,0
raw_annual_rates,expanded_consumer_tech_12m_pct,fred_asian_nie_computer_electronics_gbp_12m_pct,pandemic_2020_2022,3,-0.1648196127073488,-0.43840219626782206,1.0,1.0,33,0
raw_annual_rates,expanded_consumer_tech_12m_pct,fred_asian_nie_computer_electronics_gbp_12m_pct,pandemic_2020_2022,4,-0.15355899929526956,-0.3310213574135234,1.0,1.0,32,0
raw_annual_rates,expanded_consumer_tech_12m_pct,fred_asian_nie_computer_electronics_gbp_12m_pct,pandemic_2020_2022,5,-0.25742527128163534,-0.41364708141566625,1.0,1.0,31,0
raw_annual_rates,expanded_consumer_tech_12m_pct,fred_asian_nie_computer_electronics_gbp_12m_pct,pandemic_2020_2022,6,-0.3541307234693362,-0.4966681041865747,0.5,1.0,30,0
raw_annual_rates,expanded_consumer_tech_12m_pct,fred_asian_nie_computer_electronics_gbp_12m_pct,pandemic_2020_2022,7,-0.35584002647086904,-0.44100281045591944,0.5,1.0,29,0
raw_annual_rates,expanded_consumer_tech_12m_pct,fred_asian_nie_computer_electronics_gbp_12m_pct,pandemic_2020_2022,8,-0.2595967900726036,-0.27133342829991874,0.5,1.0,28,0
raw_annual_rates,expanded_consumer_tech_12m_pct,fred_asian_nie_computer_electronics_gbp_12m_pct,pandemic_2020_2022,9,-0.07591397818783327,-0.01735272760795636,1.0,1.0,27,0
raw_annual_rates,expanded_consumer_tech_12m_pct,fred_asian_nie_computer_electronics_gbp_12m_pct,pandemic_2020_2022,10,0.10577936921863443,0.2318941097449213,0.5,1.0,26,0
raw_annual_rates,expanded_consumer_tech_12m_pct,fred_asian_nie_computer_electronics_gbp_12m_pct,pandemic_2020_2022,11,0.3197714665975783,0.42896506180787264,0.5,1.0,25,0
raw_annual_rates,expanded_consumer_tech_12m_pct,fred_asian_nie_computer_electronics_gbp_12m_pct,pandemic_2020_2022,12,0.402844878159361,0.402844878159361,0.5,1.0,24,0
raw_annual_rates,expanded_consumer_tech_12m_pct,fred_asian_nie_computer_electronics_gbp_12m_pct,post_2022,0,0.0139511804491013,0.09248906254824225,0.6666666666666666,1.0,41,0
raw_annual_rates,expanded_consumer_tech_12m_pct,fred_asian_nie_computer_electronics_gbp_12m_pct,post_2022,1,0.16356439969454237,0.26629624003913954,0.16666666666666666,1.0,40,0
raw_annual_rates,expanded_consumer_tech_12m_pct,fred_asian_nie_computer_electronics_gbp_12m_pct,post_2022,2,0.30152559430031506,0.37901941802923284,0.16666666666666666,1.0,39,0
raw_annual_rates,expanded_consumer_tech_12m_pct,fred_asian_nie_computer_electronics_gbp_12m_pct,post_2022,3,0.3977222751498729,0.45789514006161264,0.16666666666666666,0.3333333333333333,38,0
raw_annual_rates,expanded_consumer_tech_12m_pct,fred_asian_nie_computer_electronics_gbp_12m_pct,post_2022,4,0.47037840274947035,0.5177655259745051,0.16666666666666666,0.16666666666666666,37,0
raw_annual_rates,expanded_consumer_tech_12m_pct,fred_asian_nie_computer_electronics_gbp_12m_pct,post_2022,5,0.5314132756970074,0.5660912088402176,0.16666666666666666,0.16666666666666666,36,0
raw_annual_rates,expanded_consumer_tech_12m_pct,fred_asian_nie_computer_electronics_gbp_12m_pct,post_2022,6,0.5930328686552253,0.603697495748165,0.16666666666666666,0.16666666666666666,35,0
raw_annual_rates,expanded_consumer_tech_12m_pct,fred_asian_nie_computer_electronics_gbp_12m_pct,post_2022,7,0.685790577336042,0.692708014456837,0.16666666666666666,0.16666666666666666,34,0
raw_annual_rates,expanded_consumer_tech_12m_pct,fred_asian_nie_computer_electronics_gbp_12m_pct,post_2022,8,0.7232659077877455,0.7293978714569068,0.16666666666666666,0.16666666666666666,33,0
raw_annual_rates,expanded_consumer_tech_12m_pct,fred_asian_nie_computer_electronics_gbp_12m_pct,post_2022,9,0.6782303192688616,0.7129114468393831,0.16666666666666666,0.16666666666666666,32,0
raw_annual_rates,expanded_consumer_tech_12m_pct,fred_asian_nie_computer_electronics_gbp_12m_pct,post_2022,10,0.5936055572726796,0.6238238013575075,0.16666666666666666,0.16666666666666666,31,0
raw_annual_rates,expanded_consumer_tech_12m_pct,fred_asian_nie_computer_electronics_gbp_12m_pct,post_2022,11,0.42382265845083145,0.45724182195062485,0.16666666666666666,0.3333333333333333,30,0
raw_annual_rates,expanded_consumer_tech_12m_pct,fred_asian_nie_computer_electronics_gbp_12m_pct,post_2022,12,0.1581327432630331,0.1581327432630331,0.16666666666666666,1.0,29,0
raw_annual_rates,expanded_consumer_tech_12m_pct,asia_bls_common_factor_z,full,0,-0.039831597205586794,-0.07223522668751434,0.6444444444444445,1.0,125,0
raw_annual_rates,expanded_consumer_tech_12m_pct,asia_bls_common_factor_z,full,1,0.044901555031305836,0.010679641184225099,0.9555555555555556,1.0,124,0
raw_annual_rates,expanded_consumer_tech_12m_pct,asia_bls_common_factor_z,full,2,0.1321689047493066,0.10061626837626912,0.5888888888888889,0.9666666666666667,123,0
raw_annual_rates,expanded_consumer_tech_12m_pct,asia_bls_common_factor_z,full,3,0.2147253482510063,0.18827840329048018,0.45555555555555555,0.7888888888888889,122,0
raw_annual_rates,expanded_consumer_tech_12m_pct,asia_bls_common_factor_z,full,4,0.3083452016321223,0.2914271972554534,0.25555555555555554,0.5333333333333333,121,0
raw_annual_rates,expanded_consumer_tech_12m_pct,asia_bls_common_factor_z,full,5,0.3853151561871753,0.37033945347289726,0.16666666666666666,0.3888888888888889,120,0
raw_annual_rates,expanded_consumer_tech_12m_pct,asia_bls_common_factor_z,full,6,0.45093828509702183,0.43694353301032723,0.07777777777777778,0.26666666666666666,119,0
raw_annual_rates,expanded_consumer_tech_12m_pct,asia_bls_common_factor_z,full,7,0.5069900048887414,0.5000147839429486,0.011111111111111112,0.08888888888888889,118,0
raw_annual_rates,expanded_consumer_tech_12m_pct,asia_bls_common_factor_z,full,8,0.538738921877572,0.5326205642437675,0.011111111111111112,0.03333333333333333,117,0
raw_annual_rates,expanded_consumer_tech_12m_pct,asia_bls_common_factor_z,full,9,0.5439059102635954,0.5439009297005296,0.011111111111111112,0.011111111111111112,116,0
raw_annual_rates,expanded_consumer_tech_12m_pct,asia_bls_common_factor_z,full,10,0.5258094504366312,0.5245786342344905,0.011111111111111112,0.044444444444444446,115,0
raw_annual_rates,expanded_consumer_tech_12m_pct,asia_bls_common_factor_z,full,11,0.4787853317572027,0.4801723655092571,0.03333333333333333,0.2111111111111111,114,0
raw_annual_rates,expanded_consumer_tech_12m_pct,asia_bls_common_factor_z,full,12,0.4187978002359794,0.4187978002359794,0.07777777777777778,0.28888888888888886,113,0
raw_annual_rates,expanded_consumer_tech_12m_pct,asia_bls_common_factor_z,pre_2020,0,-0.2233009290402837,-0.28964183625413287,0.6923076923076923,1.0,48,0
raw_annual_rates,expanded_consumer_tech_12m_pct,asia_bls_common_factor_z,pre_2020,1,-0.12044881089621871,-0.15513938958709853,0.8461538461538461,1.0,47,0
raw_annual_rates,expanded_consumer_tech_12m_pct,asia_bls_common_factor_z,pre_2020,2,0.015125715464994189,0.008678763029774585,0.9230769230769231,1.0,46,0
raw_annual_rates,expanded_consumer_tech_12m_pct,asia_bls_common_factor_z,pre_2020,3,0.1436627958317544,0.16404501779567301,0.7692307692307693,1.0,45,0
raw_annual_rates,expanded_consumer_tech_12m_pct,asia_bls_common_factor_z,pre_2020,4,0.290007551917407,0.3331371244501058,0.6153846153846154,1.0,44,0
raw_annual_rates,expanded_consumer_tech_12m_pct,asia_bls_common_factor_z,pre_2020,5,0.4172526520278459,0.47901704945543605,0.38461538461538464,1.0,43,0
raw_annual_rates,expanded_consumer_tech_12m_pct,asia_bls_common_factor_z,pre_2020,6,0.5282913754417127,0.6126848399947596,0.38461538461538464,1.0,42,0
raw_annual_rates,expanded_consumer_tech_12m_pct,asia_bls_common_factor_z,pre_2020,7,0.6132238714400141,0.7156570952229632,0.38461538461538464,0.8461538461538461,41,0
raw_annual_rates,expanded_consumer_tech_12m_pct,asia_bls_common_factor_z,pre_2020,8,0.654318164813008,0.7626741201206658,0.38461538461538464,0.7692307692307693,40,0
raw_annual_rates,expanded_consumer_tech_12m_pct,asia_bls_common_factor_z,pre_2020,9,0.7060755517759216,0.8005422610105462,0.46153846153846156,0.5384615384615384,39,0
raw_annual_rates,expanded_consumer_tech_12m_pct,asia_bls_common_factor_z,pre_2020,10,0.7178940436824823,0.8043003908194583,0.46153846153846156,0.5384615384615384,38,0
raw_annual_rates,expanded_consumer_tech_12m_pct,asia_bls_common_factor_z,pre_2020,11,0.6873767167247875,0.7328564842445363,0.5384615384615384,0.7692307692307693,37,0
raw_annual_rates,expanded_consumer_tech_12m_pct,asia_bls_common_factor_z,pre_2020,12,0.6659556412578933,0.6659556412578933,0.5384615384615384,0.9230769230769231,36,0
raw_annual_rates,expanded_consumer_tech_12m_pct,asia_bls_common_factor_z,pandemic_2020_2022,0,-0.0739164701701031,-0.6385380148795158,1.0,1.0,36,0
raw_annual_rates,expanded_consumer_tech_12m_pct,asia_bls_common_factor_z,pandemic_2020_2022,1,-0.12884777281858206,-0.6204185994693797,1.0,1.0,35,0
raw_annual_rates,expanded_consumer_tech_12m_pct,asia_bls_common_factor_z,pandemic_2020_2022,2,-0.17991181725067465,-0.602207329583949,1.0,1.0,34,0
raw_annual_rates,expanded_consumer_tech_12m_pct,asia_bls_common_factor_z,pandemic_2020_2022,3,-0.20420815495269176,-0.5320746996688966,1.0,1.0,33,0
raw_annual_rates,expanded_consumer_tech_12m_pct,asia_bls_common_factor_z,pandemic_2020_2022,4,-0.2024465703480925,-0.4366548903271666,1.0,1.0,32,0
raw_annual_rates,expanded_consumer_tech_12m_pct,asia_bls_common_factor_z,pandemic_2020_2022,5,-0.3048779119269073,-0.5164769526957594,0.5,1.0,31,0
raw_annual_rates,expanded_consumer_tech_12m_pct,asia_bls_common_factor_z,pandemic_2020_2022,6,-0.39759400694985153,-0.5785556966924981,0.5,1.0,30,0
raw_annual_rates,expanded_consumer_tech_12m_pct,asia_bls_common_factor_z,pandemic_2020_2022,7,-0.4133091822794752,-0.5274426570471149,0.5,1.0,29,0
raw_annual_rates,expanded_consumer_tech_12m_pct,asia_bls_common_factor_z,pandemic_2020_2022,8,-0.3174457516320678,-0.34210095274657787,0.5,1.0,28,0
raw_annual_rates,expanded_consumer_tech_12m_pct,asia_bls_common_factor_z,pandemic_2020_2022,9,-0.16696299820902208,-0.12431939983510501,0.5,1.0,27,0
raw_annual_rates,expanded_consumer_tech_12m_pct,asia_bls_common_factor_z,pandemic_2020_2022,10,0.03095883230588676,0.14025543967046433,0.5,1.0,26,0
raw_annual_rates,expanded_consumer_tech_12m_pct,asia_bls_common_factor_z,pandemic_2020_2022,11,0.28659562175234526,0.3796582982705127,0.5,1.0,25,0
raw_annual_rates,expanded_consumer_tech_12m_pct,asia_bls_common_factor_z,pandemic_2020_2022,12,0.4009808506034759,0.4009808506034759,0.5,1.0,24,0
raw_annual_rates,expanded_consumer_tech_12m_pct,asia_bls_common_factor_z,post_2022,0,0.16763646115739078,0.16912507739615612,0.3333333333333333,1.0,41,0
raw_annual_rates,expanded_consumer_tech_12m_pct,asia_bls_common_factor_z,post_2022,1,0.35003307638900943,0.34597704959931413,0.16666666666666666,0.8333333333333334,40,0
raw_annual_rates,expanded_consumer_tech_12m_pct,asia_bls_common_factor_z,post_2022,2,0.4555537699325684,0.4538867252242466,0.16666666666666666,0.16666666666666666,39,0
raw_annual_rates,expanded_consumer_tech_12m_pct,asia_bls_common_factor_z,post_2022,3,0.5238951961491012,0.5345467764347733,0.16666666666666666,0.16666666666666666,38,0
raw_annual_rates,expanded_consumer_tech_12m_pct,asia_bls_common_factor_z,post_2022,4,0.5691764289039667,0.6039938202073862,0.16666666666666666,0.16666666666666666,37,0
raw_annual_rates,expanded_consumer_tech_12m_pct,asia_bls_common_factor_z,post_2022,5,0.6137257560653688,0.6522096283935428,0.16666666666666666,0.16666666666666666,36,0
raw_annual_rates,expanded_consumer_tech_12m_pct,asia_bls_common_factor_z,post_2022,6,0.6714923953629858,0.6898396837674146,0.16666666666666666,0.16666666666666666,35,0
raw_annual_rates,expanded_consumer_tech_12m_pct,asia_bls_common_factor_z,post_2022,7,0.7324211652170859,0.7635600004361032,0.16666666666666666,0.16666666666666666,34,0
raw_annual_rates,expanded_consumer_tech_12m_pct,asia_bls_common_factor_z,post_2022,8,0.7486008837701368,0.7785557239755425,0.16666666666666666,0.16666666666666666,33,0
raw_annual_rates,expanded_consumer_tech_12m_pct,asia_bls_common_factor_z,post_2022,9,0.6912402557419286,0.7566414346077149,0.16666666666666666,0.16666666666666666,32,0
raw_annual_rates,expanded_consumer_tech_12m_pct,asia_bls_common_factor_z,post_2022,10,0.5744025530128185,0.6180362859415163,0.16666666666666666,0.16666666666666666,31,0
raw_annual_rates,expanded_consumer_tech_12m_pct,asia_bls_common_factor_z,post_2022,11,0.3837233607886898,0.42523178265017825,0.16666666666666666,0.16666666666666666,30,0
raw_annual_rates,expanded_consumer_tech_12m_pct,asia_bls_common_factor_z,post_2022,12,0.10047714031603594,0.10047714031603594,0.3333333333333333,1.0,29,0
prewhitened_ar,uk_ipi_c26_12m_pct,jp_epi_electronics_gbp_12m_pct,full,0,0.5360621757827049,0.5803081428705691,0.006578947368421052,0.006578947368421052,187,12
prewhitened_ar,uk_ipi_c26_12m_pct,jp_epi_electronics_gbp_12m_pct,full,1,0.025855003539383883,0.032534614206036934,0.7631578947368421,1.0,186,12
prewhitened_ar,uk_ipi_c26_12m_pct,jp_epi_electronics_gbp_12m_pct,full,2,0.09889447181240003,0.1009180561500258,0.21710526315789475,0.993421052631579,185,12
prewhitened_ar,uk_ipi_c26_12m_pct,jp_epi_electronics_gbp_12m_pct,full,3,-0.07354885986938535,-0.06564198586685747,0.45394736842105265,1.0,184,12
prewhitened_ar,uk_ipi_c26_12m_pct,jp_epi_electronics_gbp_12m_pct,full,4,0.06545825246308654,0.06681913575597985,0.45394736842105265,1.0,183,12
prewhitened_ar,uk_ipi_c26_12m_pct,jp_epi_electronics_gbp_12m_pct,full,5,-0.16015757118601232,-0.16707496392628127,0.05263157894736842,0.5657894736842105,182,12
prewhitened_ar,uk_ipi_c26_12m_pct,jp_epi_electronics_gbp_12m_pct,full,6,0.05437949370944405,0.05883914477962875,0.5460526315789473,1.0,181,12
prewhitened_ar,uk_ipi_c26_12m_pct,jp_epi_electronics_gbp_12m_pct,full,7,0.13269678762045423,0.1328302030556641,0.1118421052631579,0.7236842105263158,180,12
prewhitened_ar,uk_ipi_c26_12m_pct,jp_epi_electronics_gbp_12m_pct,full,8,0.08900477921984708,0.08975987838225706,0.3157894736842105,1.0,179,12
prewhitened_ar,uk_ipi_c26_12m_pct,jp_epi_electronics_gbp_12m_pct,full,9,-0.06783186759433436,-0.06857271574863649,0.45394736842105265,1.0,178,12
prewhitened_ar,uk_ipi_c26_12m_pct,jp_epi_electronics_gbp_12m_pct,full,10,0.05106392853737076,0.0516357537710112,0.5789473684210527,1.0,177,12
prewhitened_ar,uk_ipi_c26_12m_pct,jp_epi_electronics_gbp_12m_pct,full,11,0.03697465206392988,0.036726236689555054,0.6973684210526315,1.0,176,12
prewhitened_ar,uk_ipi_c26_12m_pct,jp_epi_electronics_gbp_12m_pct,full,12,-0.3582031432033525,-0.3582031432033525,0.006578947368421052,0.006578947368421052,175,12
prewhitened_ar,uk_ipi_c26_12m_pct,jp_epi_electronics_gbp_12m_pct,pre_2020,0,0.5528053627057108,0.535526101431456,0.013513513513513514,0.013513513513513514,109,12
prewhitened_ar,uk_ipi_c26_12m_pct,jp_epi_electronics_gbp_12m_pct,pre_2020,1,0.04093852899208148,0.0519111175411846,0.6216216216216216,1.0,108,12
prewhitened_ar,uk_ipi_c26_12m_pct,jp_epi_electronics_gbp_12m_pct,pre_2020,2,0.040845963546920515,0.01576427046675467,0.918918918918919,1.0,107,12
prewhitened_ar,uk_ipi_c26_12m_pct,jp_epi_electronics_gbp_12m_pct,pre_2020,3,0.05459105330167176,0.06690608496019428,0.5945945945945946,1.0,106,12
prewhitened_ar,uk_ipi_c26_12m_pct,jp_epi_electronics_gbp_12m_pct,pre_2020,4,-0.0393939094388337,-0.027594916804383494,0.7702702702702703,1.0,105,12
prewhitened_ar,uk_ipi_c26_12m_pct,jp_epi_electronics_gbp_12m_pct,pre_2020,5,-0.08599321081580376,-0.06936383570775066,0.5540540540540541,1.0,104,12
prewhitened_ar,uk_ipi_c26_12m_pct,jp_epi_electronics_gbp_12m_pct,pre_2020,6,0.048785726703241196,0.05335430225236478,0.6081081081081081,1.0,103,12
prewhitened_ar,uk_ipi_c26_12m_pct,jp_epi_electronics_gbp_12m_pct,pre_2020,7,0.055910680288031644,0.055421370476429185,0.5945945945945946,1.0,102,12
prewhitened_ar,uk_ipi_c26_12m_pct,jp_epi_electronics_gbp_12m_pct,pre_2020,8,0.03578865791927975,0.03620870513226372,0.7567567567567568,1.0,101,12
prewhitened_ar,uk_ipi_c26_12m_pct,jp_epi_electronics_gbp_12m_pct,pre_2020,9,-0.14369474515256622,-0.16394989961204143,0.06756756756756757,0.4864864864864865,100,12
prewhitened_ar,uk_ipi_c26_12m_pct,jp_epi_electronics_gbp_12m_pct,pre_2020,10,-0.018934249906699552,-0.02733924499067908,0.8243243243243243,1.0,99,12
prewhitened_ar,uk_ipi_c26_12m_pct,jp_epi_electronics_gbp_12m_pct,pre_2020,11,0.0857574255160368,0.08454898548691706,0.40540540540540543,1.0,98,12
prewhitened_ar,uk_ipi_c26_12m_pct,jp_epi_electronics_gbp_12m_pct,pre_2020,12,-0.3079362726155556,-0.3079362726155556,0.013513513513513514,0.013513513513513514,97,12
prewhitened_ar,uk_ipi_c26_12m_pct,jp_epi_electronics_gbp_12m_pct,pandemic_2020_2022,0,0.6817757883151254,0.8777686949883774,0.5,0.5,36,12
prewhitened_ar,uk_ipi_c26_12m_pct,jp_epi_electronics_gbp_12m_pct,pandemic_2020_2022,1,0.0586541198096523,0.0006012554995309214,1.0,1.0,35,12
prewhitened_ar,uk_ipi_c26_12m_pct,jp_epi_electronics_gbp_12m_pct,pandemic_2020_2022,2,0.20713289523696127,0.2737785774159454,0.5,1.0,34,12
prewhitened_ar,uk_ipi_c26_12m_pct,jp_epi_electronics_gbp_12m_pct,pandemic_2020_2022,3,-0.21945676452496357,-0.2418730350231555,0.5,1.0,33,12
prewhitened_ar,uk_ipi_c26_12m_pct,jp_epi_electronics_gbp_12m_pct,pandemic_2020_2022,4,0.23691232391018033,-0.057430815942883566,1.0,1.0,32,12
prewhitened_ar,uk_ipi_c26_12m_pct,jp_epi_electronics_gbp_12m_pct,pandemic_2020_2022,5,-0.39155907103025006,-0.5763814213759904,0.5,1.0,31,12
prewhitened_ar,uk_ipi_c26_12m_pct,jp_epi_electronics_gbp_12m_pct,pandemic_2020_2022,6,0.08086465753948267,0.13324799901261247,1.0,1.0,30,12
prewhitened_ar,uk_ipi_c26_12m_pct,jp_epi_electronics_gbp_12m_pct,pandemic_2020_2022,7,0.30049892747371254,0.37948671816586027,0.5,1.0,29,12
prewhitened_ar,uk_ipi_c26_12m_pct,jp_epi_electronics_gbp_12m_pct,pandemic_2020_2022,8,0.11986032646111716,0.25506671423070143,0.5,1.0,28,12
prewhitened_ar,uk_ipi_c26_12m_pct,jp_epi_electronics_gbp_12m_pct,pandemic_2020_2022,9,0.06636157219524472,0.11144085786354155,0.5,1.0,27,12
prewhitened_ar,uk_ipi_c26_12m_pct,jp_epi_electronics_gbp_12m_pct,pandemic_2020_2022,10,0.25199345973648163,0.2721341461328103,0.5,1.0,26,12
prewhitened_ar,uk_ipi_c26_12m_pct,jp_epi_electronics_gbp_12m_pct,pandemic_2020_2022,11,-0.01939423085345522,-0.03250984067219682,1.0,1.0,25,12
prewhitened_ar,uk_ipi_c26_12m_pct,jp_epi_electronics_gbp_12m_pct,pandemic_2020_2022,12,-0.41275262392258477,-0.41275262392258477,1.0,1.0,24,12
prewhitened_ar,uk_ipi_c26_12m_pct,jp_epi_electronics_gbp_12m_pct,post_2022,0,0.2973793419658446,0.4872510996290567,0.14285714285714285,0.14285714285714285,42,12
prewhitened_ar,uk_ipi_c26_12m_pct,jp_epi_electronics_gbp_12m_pct,post_2022,1,0.021297194426711772,0.016537332164530953,1.0,1.0,41,12
prewhitened_ar,uk_ipi_c26_12m_pct,jp_epi_electronics_gbp_12m_pct,post_2022,2,0.3339041231373427,0.36900885222892327,0.14285714285714285,1.0,40,12
prewhitened_ar,uk_ipi_c26_12m_pct,jp_epi_electronics_gbp_12m_pct,post_2022,3,-0.17979195527232786,-0.17186751129437045,0.7142857142857143,1.0,39,12
prewhitened_ar,uk_ipi_c26_12m_pct,jp_epi_electronics_gbp_12m_pct,post_2022,4,0.14655812222797326,0.1403308519543588,0.7142857142857143,1.0,38,12
prewhitened_ar,uk_ipi_c26_12m_pct,jp_epi_electronics_gbp_12m_pct,post_2022,5,-0.06486109751398048,-0.13318767645626223,0.7142857142857143,1.0,37,12
prewhitened_ar,uk_ipi_c26_12m_pct,jp_epi_electronics_gbp_12m_pct,post_2022,6,-0.16336989189103224,-0.16223078443804004,0.5714285714285714,1.0,36,12
prewhitened_ar,uk_ipi_c26_12m_pct,jp_epi_electronics_gbp_12m_pct,post_2022,7,0.08842487139831183,0.07926994902934266,0.8571428571428571,1.0,35,12
prewhitened_ar,uk_ipi_c26_12m_pct,jp_epi_electronics_gbp_12m_pct,post_2022,8,-0.05912856474592865,-0.07275784522783237,0.7142857142857143,1.0,34,12
prewhitened_ar,uk_ipi_c26_12m_pct,jp_epi_electronics_gbp_12m_pct,post_2022,9,0.026074182757557154,0.017957698617822742,1.0,1.0,33,12
prewhitened_ar,uk_ipi_c26_12m_pct,jp_epi_electronics_gbp_12m_pct,post_2022,10,0.01247295636610074,0.018298571187793874,1.0,1.0,32,12
prewhitened_ar,uk_ipi_c26_12m_pct,jp_epi_electronics_gbp_12m_pct,post_2022,11,-0.18024063479525884,-0.19211617750845686,0.5714285714285714,1.0,31,12
prewhitened_ar,uk_ipi_c26_12m_pct,jp_epi_electronics_gbp_12m_pct,post_2022,12,-0.27342671914276634,-0.27342671914276634,0.2857142857142857,1.0,30,12
prewhitened_ar,uk_ipi_c26_12m_pct,kr_epi_tech_gbp_12m_pct,full,0,0.3578915061638152,0.49124774141737554,0.043478260869565216,0.043478260869565216,58,12
prewhitened_ar,uk_ipi_c26_12m_pct,kr_epi_tech_gbp_12m_pct,full,1,-0.022350133643061175,-0.05082718180030516,0.8260869565217391,1.0,57,12
prewhitened_ar,uk_ipi_c26_12m_pct,kr_epi_tech_gbp_12m_pct,full,2,-0.019024007823524956,-0.004469992203361701,1.0,1.0,56,12
prewhitened_ar,uk_ipi_c26_12m_pct,kr_epi_tech_gbp_12m_pct,full,3,-0.14190957421124267,-0.13502829250683912,0.391304347826087,1.0,55,12
prewhitened_ar,uk_ipi_c26_12m_pct,kr_epi_tech_gbp_12m_pct,full,4,0.22501665868288193,0.24316304334672467,0.17391304347826086,0.8695652173913043,54,12
prewhitened_ar,uk_ipi_c26_12m_pct,kr_epi_tech_gbp_12m_pct,full,5,-0.18168903789104188,-0.22320867304437486,0.21739130434782608,0.9565217391304348,53,12
prewhitened_ar,uk_ipi_c26_12m_pct,kr_epi_tech_gbp_12m_pct,full,6,0.03688510053256496,0.024510791763035073,0.8695652173913043,1.0,52,12
prewhitened_ar,uk_ipi_c26_12m_pct,kr_epi_tech_gbp_12m_pct,full,7,0.018858831868848798,0.02043352745803107,0.8695652173913043,1.0,51,12
prewhitened_ar,uk_ipi_c26_12m_pct,kr_epi_tech_gbp_12m_pct,full,8,-0.09271030167441482,-0.10678021084461564,0.5652173913043478,1.0,50,12
prewhitened_ar,uk_ipi_c26_12m_pct,kr_epi_tech_gbp_12m_pct,full,9,-0.08018458225003991,-0.08012856260057949,0.6521739130434783,1.0,49,12
prewhitened_ar,uk_ipi_c26_12m_pct,kr_epi_tech_gbp_12m_pct,full,10,0.20123149707544985,0.20491700353685977,0.2608695652173913,1.0,48,12
prewhitened_ar,uk_ipi_c26_12m_pct,kr_epi_tech_gbp_12m_pct,full,11,0.1727092977426091,0.17523829801145208,0.34782608695652173,1.0,47,12
prewhitened_ar,uk_ipi_c26_12m_pct,kr_epi_tech_gbp_12m_pct,full,12,-0.3718669881693281,-0.3718669881693281,0.08695652173913043,0.2608695652173913,46,12
prewhitened_ar,uk_ipi_c26_12m_pct,kr_epi_tech_gbp_12m_pct,pandemic_2020_2022,0,0.5104443843706645,0.7089143303844213,0.5,0.5,33,12
prewhitened_ar,uk_ipi_c26_12m_pct,kr_epi_tech_gbp_12m_pct,pandemic_2020_2022,1,0.03164474877510766,-0.0038258845847363282,1.0,1.0,32,12
prewhitened_ar,uk_ipi_c26_12m_pct,kr_epi_tech_gbp_12m_pct,pandemic_2020_2022,2,-0.058160582196168514,0.07088747089970211,1.0,1.0,31,12
prewhitened_ar,uk_ipi_c26_12m_pct,kr_epi_tech_gbp_12m_pct,pandemic_2020_2022,3,-0.19204479564176716,-0.1279944092324721,0.5,1.0,30,12
prewhitened_ar,uk_ipi_c26_12m_pct,kr_epi_tech_gbp_12m_pct,pandemic_2020_2022,4,0.33707037147673685,0.049777638928894634,1.0,1.0,29,12
prewhitened_ar,uk_ipi_c26_12m_pct,kr_epi_tech_gbp_12m_pct,pandemic_2020_2022,5,-0.42325599151078697,-0.4749760242146777,0.5,1.0,28,12
prewhitened_ar,uk_ipi_c26_12m_pct,kr_epi_tech_gbp_12m_pct,pandemic_2020_2022,6,-0.028957182077792173,-0.08145425201051376,0.5,1.0,27,12
prewhitened_ar,uk_ipi_c26_12m_pct,kr_epi_tech_gbp_12m_pct,pandemic_2020_2022,7,0.18828555491295937,0.30925825652285677,0.5,1.0,26,12
prewhitened_ar,uk_ipi_c26_12m_pct,kr_epi_tech_gbp_12m_pct,pandemic_2020_2022,8,-0.14085095920491875,0.22804967143838087,1.0,1.0,25,12
prewhitened_ar,uk_ipi_c26_12m_pct,kr_epi_tech_gbp_12m_pct,pandemic_2020_2022,9,-0.1144794327554238,-0.058485250168253414,1.0,1.0,24,12
prewhitened_ar,uk_ipi_c26_12m_pct,kr_epi_tech_gbp_12m_pct,pandemic_2020_2022,10,0.3552670512104244,0.34135476458927716,0.5,1.0,23,12
prewhitened_ar,uk_ipi_c26_12m_pct,kr_epi_tech_gbp_12m_pct,pandemic_2020_2022,11,0.1838681664288571,0.12625051966932566,0.5,1.0,22,12
prewhitened_ar,uk_ipi_c26_12m_pct,kr_epi_tech_gbp_12m_pct,pandemic_2020_2022,12,-0.2569336460256705,-0.2569336460256705,0.5,1.0,21,12
prewhitened_ar,uk_ipi_c26_12m_pct,kr_epi_tech_gbp_12m_pct,post_2022,0,0.20564093187529467,0.48209252716297274,1.0,1.0,25,12
prewhitened_ar,uk_ipi_c26_12m_pct,kr_epi_tech_gbp_12m_pct,post_2022,1,0.009580662031675997,-0.12024119728783353,1.0,1.0,24,12
prewhitened_ar,uk_ipi_c26_12m_pct,kr_epi_tech_gbp_12m_pct,post_2022,2,0.13950753551696263,0.2668560930630734,0.5,1.0,23,12
prewhitened_ar,uk_ipi_c26_12m_pct,kr_epi_tech_gbp_12m_pct,post_2022,3,0.04386219760955927,0.14878894040214174,1.0,1.0,22,12
prewhitened_ar,uk_ipi_c26_12m_pct,kr_epi_tech_gbp_12m_pct,post_2022,4,-0.013144093512380063,-0.09465772750210871,1.0,1.0,21,12
prewhitened_ar,uk_ipi_c26_12m_pct,kr_epi_tech_gbp_12m_pct,post_2022,5,0.24992544256276183,0.23572466209920606,0.5,1.0,20,12
prewhitened_ar,uk_ipi_c26_12m_pct,kr_epi_tech_gbp_12m_pct,post_2022,6,0.16176746876102446,0.1459562664541218,1.0,1.0,19,12
prewhitened_ar,uk_ipi_c26_12m_pct,kr_epi_tech_gbp_12m_pct,post_2022,7,-0.16635178442420503,-0.1995002042156338,0.5,1.0,18,12
prewhitened_ar,uk_ipi_c26_12m_pct,kr_epi_tech_gbp_12m_pct,post_2022,8,-0.29210598949058847,-0.3901803062299183,0.5,1.0,17,12
prewhitened_ar,uk_ipi_c26_12m_pct,kr_epi_tech_gbp_12m_pct,post_2022,9,-0.07682302461224252,-0.09071677121408947,1.0,1.0,16,12
prewhitened_ar,uk_ipi_c26_12m_pct,kr_epi_tech_gbp_12m_pct,post_2022,10,-0.08159059685125646,-0.07637666519238981,1.0,1.0,15,12
prewhitened_ar,uk_ipi_c26_12m_pct,kr_epi_tech_gbp_12m_pct,post_2022,11,0.25551967797468844,0.30232616849268307,0.5,1.0,14,12
prewhitened_ar,uk_ipi_c26_12m_pct,kr_epi_tech_gbp_12m_pct,post_2022,12,-0.4853967673352072,-0.4853967673352072,0.5,1.0,13,12
prewhitened_ar,uk_ipi_c26_12m_pct,cn_ppi_tech_gbp_12m_pct,full,0,0.5461786211025208,0.5510966520505012,0.09090909090909091,0.09090909090909091,46,12
prewhitened_ar,uk_ipi_c26_12m_pct,cn_ppi_tech_gbp_12m_pct,full,1,0.14522791339353494,0.1644646030480612,0.36363636363636365,1.0,45,12
prewhitened_ar,uk_ipi_c26_12m_pct,cn_ppi_tech_gbp_12m_pct,full,2,0.16914354193856157,0.13758468089945575,0.5454545454545454,1.0,44,12
prewhitened_ar,uk_ipi_c26_12m_pct,cn_ppi_tech_gbp_12m_pct,full,3,0.11238704767538298,0.11469641551006575,0.6363636363636364,1.0,43,12
prewhitened_ar,uk_ipi_c26_12m_pct,cn_ppi_tech_gbp_12m_pct,full,4,0.13510685488136512,0.1812046615177205,0.45454545454545453,1.0,42,12
prewhitened_ar,uk_ipi_c26_12m_pct,cn_ppi_tech_gbp_12m_pct,full,5,0.021804344786484024,0.04816368904553928,1.0,1.0,41,12
prewhitened_ar,uk_ipi_c26_12m_pct,cn_ppi_tech_gbp_12m_pct,full,6,0.19090417627594028,0.18508557818145188,0.6363636363636364,1.0,40,12
prewhitened_ar,uk_ipi_c26_12m_pct,cn_ppi_tech_gbp_12m_pct,full,7,0.07958831282366126,0.10336629560609367,0.6363636363636364,1.0,39,12
prewhitened_ar,uk_ipi_c26_12m_pct,cn_ppi_tech_gbp_12m_pct,full,8,-0.0883175716488122,-0.1277931810546805,0.45454545454545453,1.0,38,12
prewhitened_ar,uk_ipi_c26_12m_pct,cn_ppi_tech_gbp_12m_pct,full,9,-0.07807271144058316,-0.08711015632855912,0.5454545454545454,1.0,37,12
prewhitened_ar,uk_ipi_c26_12m_pct,cn_ppi_tech_gbp_12m_pct,full,10,0.12346951449613873,0.09822760492305205,0.6363636363636364,1.0,36,12
prewhitened_ar,uk_ipi_c26_12m_pct,cn_ppi_tech_gbp_12m_pct,full,11,-0.03563005911936441,-0.015040204282163341,1.0,1.0,35,12
prewhitened_ar,uk_ipi_c26_12m_pct,cn_ppi_tech_gbp_12m_pct,full,12,-0.293640587327026,-0.293640587327026,0.18181818181818182,0.8181818181818182,34,12
prewhitened_ar,uk_ipi_c26_12m_pct,cn_ppi_tech_gbp_12m_pct,post_2022,0,0.5815600282747317,0.5946276790757341,0.5,0.5,36,12
prewhitened_ar,uk_ipi_c26_12m_pct,cn_ppi_tech_gbp_12m_pct,post_2022,1,-0.0013211502761284332,0.010119704202127088,1.0,1.0,35,12
prewhitened_ar,uk_ipi_c26_12m_pct,cn_ppi_tech_gbp_12m_pct,post_2022,2,0.23798361134455048,0.21019356786330542,0.5,1.0,34,12
prewhitened_ar,uk_ipi_c26_12m_pct,cn_ppi_tech_gbp_12m_pct,post_2022,3,0.10484145327336832,0.12828749308228984,0.5,1.0,33,12
prewhitened_ar,uk_ipi_c26_12m_pct,cn_ppi_tech_gbp_12m_pct,post_2022,4,-0.11017653618519399,-0.05592284290224745,1.0,1.0,32,12
prewhitened_ar,uk_ipi_c26_12m_pct,cn_ppi_tech_gbp_12m_pct,post_2022,5,-0.044078674370663824,0.0024952231860635304,1.0,1.0,31,12
prewhitened_ar,uk_ipi_c26_12m_pct,cn_ppi_tech_gbp_12m_pct,post_2022,6,0.11341456283883493,0.09678948546975644,0.5,1.0,30,12
prewhitened_ar,uk_ipi_c26_12m_pct,cn_ppi_tech_gbp_12m_pct,post_2022,7,0.06789592337901869,0.09855777248737614,1.0,1.0,29,12
prewhitened_ar,uk_ipi_c26_12m_pct,cn_ppi_tech_gbp_12m_pct,post_2022,8,-0.26335664928251556,-0.33769428248070815,0.5,1.0,28,12
prewhitened_ar,uk_ipi_c26_12m_pct,cn_ppi_tech_gbp_12m_pct,post_2022,9,0.14604764110455945,0.15605386019992665,0.5,1.0,27,12
prewhitened_ar,uk_ipi_c26_12m_pct,cn_ppi_tech_gbp_12m_pct,post_2022,10,-0.1608411098771779,-0.24032362286566328,0.5,1.0,26,12
prewhitened_ar,uk_ipi_c26_12m_pct,cn_ppi_tech_gbp_12m_pct,post_2022,11,-0.1797769164585462,-0.13839262602025285,1.0,1.0,25,12
prewhitened_ar,uk_ipi_c26_12m_pct,cn_ppi_tech_gbp_12m_pct,post_2022,12,-0.06117350329600366,-0.06117350329600366,1.0,1.0,24,12
prewhitened_ar,uk_ipi_c26_12m_pct,tw_epi_integrated_circuits_gbp_12m_pct,full,0,0.5894648568228238,0.605859609329468,0.006578947368421052,0.006578947368421052,187,12
prewhitened_ar,uk_ipi_c26_12m_pct,tw_epi_integrated_circuits_gbp_12m_pct,full,1,0.12287811932709361,0.12465330928454275,0.13815789473684212,1.0,186,12
prewhitened_ar,uk_ipi_c26_12m_pct,tw_epi_integrated_circuits_gbp_12m_pct,full,2,0.07231578924884698,0.07406144822958646,0.40789473684210525,1.0,185,12
prewhitened_ar,uk_ipi_c26_12m_pct,tw_epi_integrated_circuits_gbp_12m_pct,full,3,-0.04120338463569569,-0.044335021696294795,0.625,1.0,184,12
prewhitened_ar,uk_ipi_c26_12m_pct,tw_epi_integrated_circuits_gbp_12m_pct,full,4,0.09259975523085585,0.0912680008277745,0.2565789473684211,1.0,183,12
prewhitened_ar,uk_ipi_c26_12m_pct,tw_epi_integrated_circuits_gbp_12m_pct,full,5,-0.0335284076601669,-0.03653187866403032,0.7039473684210527,1.0,182,12
prewhitened_ar,uk_ipi_c26_12m_pct,tw_epi_integrated_circuits_gbp_12m_pct,full,6,0.03853147447537859,0.03901739339466991,0.6907894736842105,1.0,181,12
prewhitened_ar,uk_ipi_c26_12m_pct,tw_epi_integrated_circuits_gbp_12m_pct,full,7,0.003842285287729287,0.003406876621921821,0.9868421052631579,1.0,180,12
prewhitened_ar,uk_ipi_c26_12m_pct,tw_epi_integrated_circuits_gbp_12m_pct,full,8,0.0676690429176194,0.06779020319962033,0.4605263157894737,1.0,179,12
prewhitened_ar,uk_ipi_c26_12m_pct,tw_epi_integrated_circuits_gbp_12m_pct,full,9,0.044118093654681785,0.04410489500876153,0.6118421052631579,1.0,178,12
prewhitened_ar,uk_ipi_c26_12m_pct,tw_epi_integrated_circuits_gbp_12m_pct,full,10,0.13363757276253121,0.13393493251312338,0.10526315789473684,0.9210526315789473,177,12
prewhitened_ar,uk_ipi_c26_12m_pct,tw_epi_integrated_circuits_gbp_12m_pct,full,11,0.07204691164128142,0.07206728110431072,0.42105263157894735,1.0,176,12
prewhitened_ar,uk_ipi_c26_12m_pct,tw_epi_integrated_circuits_gbp_12m_pct,full,12,-0.4068289196588783,-0.4068289196588783,0.006578947368421052,0.006578947368421052,175,12
prewhitened_ar,uk_ipi_c26_12m_pct,tw_epi_integrated_circuits_gbp_12m_pct,pre_2020,0,0.6067413408313646,0.5872148232095801,0.013513513513513514,0.013513513513513514,109,12
prewhitened_ar,uk_ipi_c26_12m_pct,tw_epi_integrated_circuits_gbp_12m_pct,pre_2020,1,0.13636478363042978,0.14409261189124326,0.13513513513513514,0.8918918918918919,108,12
prewhitened_ar,uk_ipi_c26_12m_pct,tw_epi_integrated_circuits_gbp_12m_pct,pre_2020,2,0.06098800139782647,0.03797915369915645,0.7162162162162162,1.0,107,12
prewhitened_ar,uk_ipi_c26_12m_pct,tw_epi_integrated_circuits_gbp_12m_pct,pre_2020,3,-0.011338677839606926,0.0002876572485574171,1.0,1.0,106,12
prewhitened_ar,uk_ipi_c26_12m_pct,tw_epi_integrated_circuits_gbp_12m_pct,pre_2020,4,-0.012446944732863034,-0.017298771642852425,0.8648648648648649,1.0,105,12
prewhitened_ar,uk_ipi_c26_12m_pct,tw_epi_integrated_circuits_gbp_12m_pct,pre_2020,5,0.009508028047537448,0.023744713212938202,0.8243243243243243,1.0,104,12
prewhitened_ar,uk_ipi_c26_12m_pct,tw_epi_integrated_circuits_gbp_12m_pct,pre_2020,6,0.03120637912379669,0.024992965109630057,0.8378378378378378,1.0,103,12
prewhitened_ar,uk_ipi_c26_12m_pct,tw_epi_integrated_circuits_gbp_12m_pct,pre_2020,7,-0.0611242809122887,-0.07117429142555134,0.5,1.0,102,12
prewhitened_ar,uk_ipi_c26_12m_pct,tw_epi_integrated_circuits_gbp_12m_pct,pre_2020,8,-0.0072286896372838185,-0.014837644925939919,0.8783783783783784,1.0,101,12
prewhitened_ar,uk_ipi_c26_12m_pct,tw_epi_integrated_circuits_gbp_12m_pct,pre_2020,9,-0.1428585650228558,-0.1641141935410466,0.0945945945945946,0.6891891891891891,100,12
prewhitened_ar,uk_ipi_c26_12m_pct,tw_epi_integrated_circuits_gbp_12m_pct,pre_2020,10,0.07487627032897139,0.06403519409187919,0.5945945945945946,1.0,99,12
prewhitened_ar,uk_ipi_c26_12m_pct,tw_epi_integrated_circuits_gbp_12m_pct,pre_2020,11,0.1403775702744965,0.13383788764793578,0.22972972972972974,0.9054054054054054,98,12
prewhitened_ar,uk_ipi_c26_12m_pct,tw_epi_integrated_circuits_gbp_12m_pct,pre_2020,12,-0.3858465305887644,-0.3858465305887644,0.013513513513513514,0.013513513513513514,97,12
prewhitened_ar,uk_ipi_c26_12m_pct,tw_epi_integrated_circuits_gbp_12m_pct,pandemic_2020_2022,0,0.6482990799029492,0.7406233134064143,0.5,0.5,36,12
prewhitened_ar,uk_ipi_c26_12m_pct,tw_epi_integrated_circuits_gbp_12m_pct,pandemic_2020_2022,1,0.2163261707757044,0.11851364808649438,0.5,1.0,35,12
prewhitened_ar,uk_ipi_c26_12m_pct,tw_epi_integrated_circuits_gbp_12m_pct,pandemic_2020_2022,2,0.17179889485632546,0.3935824137562512,0.5,1.0,34,12
prewhitened_ar,uk_ipi_c26_12m_pct,tw_epi_integrated_circuits_gbp_12m_pct,pandemic_2020_2022,3,-0.06281035742994286,-0.03706212480996416,1.0,1.0,33,12
prewhitened_ar,uk_ipi_c26_12m_pct,tw_epi_integrated_circuits_gbp_12m_pct,pandemic_2020_2022,4,0.3608210475255419,0.08026304725665258,1.0,1.0,32,12
prewhitened_ar,uk_ipi_c26_12m_pct,tw_epi_integrated_circuits_gbp_12m_pct,pandemic_2020_2022,5,-0.19393494028135083,-0.5431808649569759,0.5,0.5,31,12
prewhitened_ar,uk_ipi_c26_12m_pct,tw_epi_integrated_circuits_gbp_12m_pct,pandemic_2020_2022,6,0.030553548070399537,0.09766472203075581,1.0,1.0,30,12
prewhitened_ar,uk_ipi_c26_12m_pct,tw_epi_integrated_circuits_gbp_12m_pct,pandemic_2020_2022,7,0.18003253282419268,0.3390313389843816,0.5,1.0,29,12
prewhitened_ar,uk_ipi_c26_12m_pct,tw_epi_integrated_circuits_gbp_12m_pct,pandemic_2020_2022,8,0.1711190756498416,0.37120608198342986,0.5,1.0,28,12
prewhitened_ar,uk_ipi_c26_12m_pct,tw_epi_integrated_circuits_gbp_12m_pct,pandemic_2020_2022,9,0.27346917825936506,0.30530530991160865,0.5,1.0,27,12
prewhitened_ar,uk_ipi_c26_12m_pct,tw_epi_integrated_circuits_gbp_12m_pct,pandemic_2020_2022,10,0.4932769039883764,0.5096193518203488,0.5,1.0,26,12
prewhitened_ar,uk_ipi_c26_12m_pct,tw_epi_integrated_circuits_gbp_12m_pct,pandemic_2020_2022,11,0.07634342779738229,0.06752061353266466,0.5,1.0,25,12
prewhitened_ar,uk_ipi_c26_12m_pct,tw_epi_integrated_circuits_gbp_12m_pct,pandemic_2020_2022,12,-0.4010091772645745,-0.4010091772645745,0.5,1.0,24,12
prewhitened_ar,uk_ipi_c26_12m_pct,tw_epi_integrated_circuits_gbp_12m_pct,post_2022,0,0.46477569717080736,0.5372094651547662,0.14285714285714285,0.14285714285714285,42,12
prewhitened_ar,uk_ipi_c26_12m_pct,tw_epi_integrated_circuits_gbp_12m_pct,post_2022,1,0.10832614089868713,0.08976191387241762,0.7142857142857143,1.0,41,12
prewhitened_ar,uk_ipi_c26_12m_pct,tw_epi_integrated_circuits_gbp_12m_pct,post_2022,2,0.14184078852800625,0.15420811434027307,0.5714285714285714,1.0,40,12
prewhitened_ar,uk_ipi_c26_12m_pct,tw_epi_integrated_circuits_gbp_12m_pct,post_2022,3,0.012641740174798731,-0.016200390275087153,1.0,1.0,39,12
prewhitened_ar,uk_ipi_c26_12m_pct,tw_epi_integrated_circuits_gbp_12m_pct,post_2022,4,0.05785446650329375,0.04577583852126006,1.0,1.0,38,12
prewhitened_ar,uk_ipi_c26_12m_pct,tw_epi_integrated_circuits_gbp_12m_pct,post_2022,5,-0.011476781859520733,-0.023636733843721155,1.0,1.0,37,12
prewhitened_ar,uk_ipi_c26_12m_pct,tw_epi_integrated_circuits_gbp_12m_pct,post_2022,6,-0.039091980504069986,-0.031453067780481014,0.8571428571428571,1.0,36,12
prewhitened_ar,uk_ipi_c26_12m_pct,tw_epi_integrated_circuits_gbp_12m_pct,post_2022,7,-0.2136656844502196,-0.21896518736009649,0.42857142857142855,1.0,35,12
prewhitened_ar,uk_ipi_c26_12m_pct,tw_epi_integrated_circuits_gbp_12m_pct,post_2022,8,-0.02013605473617528,-0.017319755415937367,1.0,1.0,34,12
prewhitened_ar,uk_ipi_c26_12m_pct,tw_epi_integrated_circuits_gbp_12m_pct,post_2022,9,0.4822170979644593,0.4849358221980928,0.14285714285714285,0.42857142857142855,33,12
prewhitened_ar,uk_ipi_c26_12m_pct,tw_epi_integrated_circuits_gbp_12m_pct,post_2022,10,0.23655488930588578,0.2420601285734785,0.42857142857142855,1.0,32,12
prewhitened_ar,uk_ipi_c26_12m_pct,tw_epi_integrated_circuits_gbp_12m_pct,post_2022,11,-0.01490269710669425,-0.015391635072632553,0.8571428571428571,1.0,31,12
prewhitened_ar,uk_ipi_c26_12m_pct,tw_epi_integrated_circuits_gbp_12m_pct,post_2022,12,-0.3433808366552324,-0.3433808366552324,0.2857142857142857,1.0,30,12
prewhitened_ar,uk_ipi_c26_12m_pct,hk_ppi_tech_gbp_12m_pct,full,0,-0.1908404792064909,-0.19508249934877744,0.013157894736842105,0.14473684210526316,187,12
prewhitened_ar,uk_ipi_c26_12m_pct,hk_ppi_tech_gbp_12m_pct,full,1,0.047186807605181125,0.06900217024166261,0.3684210526315789,1.0,186,12
prewhitened_ar,uk_ipi_c26_12m_pct,hk_ppi_tech_gbp_12m_pct,full,2,-0.11281664558520065,-0.12243956674995876,0.14473684210526316,0.881578947368421,185,12
prewhitened_ar,uk_ipi_c26_12m_pct,hk_ppi_tech_gbp_12m_pct,full,3,0.14492779426059557,0.14838524728414496,0.05921052631578947,0.631578947368421,184,12
prewhitened_ar,uk_ipi_c26_12m_pct,hk_ppi_tech_gbp_12m_pct,full,4,-0.0031433749869172116,-0.019259878126065184,0.7960526315789473,1.0,183,12
prewhitened_ar,uk_ipi_c26_12m_pct,hk_ppi_tech_gbp_12m_pct,full,5,5.9218449535112024e-05,0.0025342698807415067,0.9802631578947368,1.0,182,12
prewhitened_ar,uk_ipi_c26_12m_pct,hk_ppi_tech_gbp_12m_pct,full,6,-0.022149368517840492,-0.02716786853119259,0.7039473684210527,1.0,181,12
prewhitened_ar,uk_ipi_c26_12m_pct,hk_ppi_tech_gbp_12m_pct,full,7,-0.12026125078693836,-0.12161507691024108,0.14473684210526316,0.881578947368421,180,12
prewhitened_ar,uk_ipi_c26_12m_pct,hk_ppi_tech_gbp_12m_pct,full,8,-0.16120951777934897,-0.16410294656270075,0.039473684210526314,0.40789473684210525,179,12
prewhitened_ar,uk_ipi_c26_12m_pct,hk_ppi_tech_gbp_12m_pct,full,9,-0.3060008053860576,-0.30952373324130616,0.006578947368421052,0.02631578947368421,178,12
prewhitened_ar,uk_ipi_c26_12m_pct,hk_ppi_tech_gbp_12m_pct,full,10,-0.04459870531504248,-0.04461208027954688,0.5526315789473685,1.0,177,12
prewhitened_ar,uk_ipi_c26_12m_pct,hk_ppi_tech_gbp_12m_pct,full,11,0.050221684803957146,0.05020559736265849,0.4868421052631579,1.0,176,12
prewhitened_ar,uk_ipi_c26_12m_pct,hk_ppi_tech_gbp_12m_pct,full,12,0.13827012779124723,0.13827012779124723,0.07894736842105263,0.7236842105263158,175,12
prewhitened_ar,uk_ipi_c26_12m_pct,hk_ppi_tech_gbp_12m_pct,pre_2020,0,-0.2720310175406153,-0.2705044291881377,0.013513513513513514,0.02702702702702703,109,12
prewhitened_ar,uk_ipi_c26_12m_pct,hk_ppi_tech_gbp_12m_pct,pre_2020,1,0.09425250056014406,0.09455809118500486,0.35135135135135137,1.0,108,12
prewhitened_ar,uk_ipi_c26_12m_pct,hk_ppi_tech_gbp_12m_pct,pre_2020,2,-0.1005439987209145,-0.09702567007060699,0.32432432432432434,1.0,107,12
prewhitened_ar,uk_ipi_c26_12m_pct,hk_ppi_tech_gbp_12m_pct,pre_2020,3,0.0799253471106218,0.07460991907388112,0.4594594594594595,1.0,106,12
prewhitened_ar,uk_ipi_c26_12m_pct,hk_ppi_tech_gbp_12m_pct,pre_2020,4,-0.13094358482477259,-0.1387596361242585,0.1891891891891892,1.0,105,12
prewhitened_ar,uk_ipi_c26_12m_pct,hk_ppi_tech_gbp_12m_pct,pre_2020,5,-0.03987303835422289,-0.04104236040447121,0.7297297297297297,1.0,104,12
prewhitened_ar,uk_ipi_c26_12m_pct,hk_ppi_tech_gbp_12m_pct,pre_2020,6,-0.12736843423227617,-0.12387862556152092,0.24324324324324326,1.0,103,12
prewhitened_ar,uk_ipi_c26_12m_pct,hk_ppi_tech_gbp_12m_pct,pre_2020,7,-0.06343322594813813,-0.06035621506674688,0.5405405405405406,1.0,102,12
prewhitened_ar,uk_ipi_c26_12m_pct,hk_ppi_tech_gbp_12m_pct,pre_2020,8,-0.1092306889239971,-0.10277806964548457,0.28378378378378377,1.0,101,12
prewhitened_ar,uk_ipi_c26_12m_pct,hk_ppi_tech_gbp_12m_pct,pre_2020,9,-0.32882880880397236,-0.3270283792972214,0.013513513513513514,0.013513513513513514,100,12
prewhitened_ar,uk_ipi_c26_12m_pct,hk_ppi_tech_gbp_12m_pct,pre_2020,10,-0.1749244719770309,-0.1771883918251494,0.14864864864864866,0.9864864864864865,99,12
prewhitened_ar,uk_ipi_c26_12m_pct,hk_ppi_tech_gbp_12m_pct,pre_2020,11,0.012583092491761016,0.012654762287821497,0.9054054054054054,1.0,98,12
prewhitened_ar,uk_ipi_c26_12m_pct,hk_ppi_tech_gbp_12m_pct,pre_2020,12,0.17455121124287876,0.17455121124287876,0.16216216216216217,1.0,97,12
prewhitened_ar,uk_ipi_c26_12m_pct,hk_ppi_tech_gbp_12m_pct,pandemic_2020_2022,0,-0.23171684969787468,-0.5259530186116297,0.5,0.5,36,12
prewhitened_ar,uk_ipi_c26_12m_pct,hk_ppi_tech_gbp_12m_pct,pandemic_2020_2022,1,-0.01010712171442874,-0.04226073168981777,1.0,1.0,35,12
prewhitened_ar,uk_ipi_c26_12m_pct,hk_ppi_tech_gbp_12m_pct,pandemic_2020_2022,2,-0.2104105869735256,-0.3077656955048042,0.5,1.0,34,12
prewhitened_ar,uk_ipi_c26_12m_pct,hk_ppi_tech_gbp_12m_pct,pandemic_2020_2022,3,0.4797769733878871,0.45865625499032886,0.5,0.5,33,12
prewhitened_ar,uk_ipi_c26_12m_pct,hk_ppi_tech_gbp_12m_pct,pandemic_2020_2022,4,0.16563091752763281,0.18795725368379895,1.0,1.0,32,12
prewhitened_ar,uk_ipi_c26_12m_pct,hk_ppi_tech_gbp_12m_pct,pandemic_2020_2022,5,0.1676953123638004,0.32181159701189826,0.5,1.0,31,12
prewhitened_ar,uk_ipi_c26_12m_pct,hk_ppi_tech_gbp_12m_pct,pandemic_2020_2022,6,0.15403223779813963,-0.12274151362937989,0.5,1.0,30,12
prewhitened_ar,uk_ipi_c26_12m_pct,hk_ppi_tech_gbp_12m_pct,pandemic_2020_2022,7,-0.12145141656770933,-0.2115277182391528,0.5,1.0,29,12
prewhitened_ar,uk_ipi_c26_12m_pct,hk_ppi_tech_gbp_12m_pct,pandemic_2020_2022,8,-0.3516012809301892,-0.4583881142915043,0.5,0.5,28,12
prewhitened_ar,uk_ipi_c26_12m_pct,hk_ppi_tech_gbp_12m_pct,pandemic_2020_2022,9,-0.3037845360785305,-0.2734353808777582,0.5,1.0,27,12
prewhitened_ar,uk_ipi_c26_12m_pct,hk_ppi_tech_gbp_12m_pct,pandemic_2020_2022,10,0.09498392047222427,0.09179610007850778,0.5,1.0,26,12
prewhitened_ar,uk_ipi_c26_12m_pct,hk_ppi_tech_gbp_12m_pct,pandemic_2020_2022,11,0.04352572754155989,0.04129980464889654,0.5,1.0,25,12
prewhitened_ar,uk_ipi_c26_12m_pct,hk_ppi_tech_gbp_12m_pct,pandemic_2020_2022,12,0.07822393166923994,0.07822393166923994,0.5,1.0,24,12
prewhitened_ar,uk_ipi_c26_12m_pct,hk_ppi_tech_gbp_12m_pct,post_2022,0,0.08324817556337219,0.2147305103236271,0.14285714285714285,1.0,42,12
prewhitened_ar,uk_ipi_c26_12m_pct,hk_ppi_tech_gbp_12m_pct,post_2022,1,-0.17608264454907485,-0.10783494920144572,0.42857142857142855,1.0,41,12
prewhitened_ar,uk_ipi_c26_12m_pct,hk_ppi_tech_gbp_12m_pct,post_2022,2,-0.07904528578451189,-0.1437732865913324,0.42857142857142855,1.0,40,12
prewhitened_ar,uk_ipi_c26_12m_pct,hk_ppi_tech_gbp_12m_pct,post_2022,3,0.0004920405204987699,-0.04774425591073851,0.8571428571428571,1.0,39,12
prewhitened_ar,uk_ipi_c26_12m_pct,hk_ppi_tech_gbp_12m_pct,post_2022,4,0.3045054392574833,0.28558544034835737,0.2857142857142857,1.0,38,12
prewhitened_ar,uk_ipi_c26_12m_pct,hk_ppi_tech_gbp_12m_pct,post_2022,5,-0.036241225869620655,-0.040213722588762484,1.0,1.0,37,12
prewhitened_ar,uk_ipi_c26_12m_pct,hk_ppi_tech_gbp_12m_pct,post_2022,6,0.2860066535271537,0.3539098097458733,0.2857142857142857,1.0,36,12
prewhitened_ar,uk_ipi_c26_12m_pct,hk_ppi_tech_gbp_12m_pct,post_2022,7,-0.38786847935856433,-0.4127947025993504,0.14285714285714285,0.42857142857142855,35,12
prewhitened_ar,uk_ipi_c26_12m_pct,hk_ppi_tech_gbp_12m_pct,post_2022,8,-0.26727537181977706,-0.2836242123773651,0.42857142857142855,1.0,34,12
prewhitened_ar,uk_ipi_c26_12m_pct,hk_ppi_tech_gbp_12m_pct,post_2022,9,-0.17506446405968001,-0.172761949256049,0.7142857142857143,1.0,33,12
prewhitened_ar,uk_ipi_c26_12m_pct,hk_ppi_tech_gbp_12m_pct,post_2022,10,0.21861983971859245,0.21811298259372341,0.7142857142857143,1.0,32,12
prewhitened_ar,uk_ipi_c26_12m_pct,hk_ppi_tech_gbp_12m_pct,post_2022,11,0.14337968477102744,0.14285796266422404,0.7142857142857143,1.0,31,12
prewhitened_ar,uk_ipi_c26_12m_pct,hk_ppi_tech_gbp_12m_pct,post_2022,12,0.21181884457286626,0.21181884457286626,0.42857142857142855,1.0,30,12
prewhitened_ar,uk_ipi_c26_12m_pct,oecd_asia_c26_targeted_gbp_12m_pct,full,0,0.500063078195246,0.5616494436847149,0.5,0.5,35,12
prewhitened_ar,uk_ipi_c26_12m_pct,oecd_asia_c26_targeted_gbp_12m_pct,full,1,0.11154471303447566,0.09605324513590952,1.0,1.0,34,12
prewhitened_ar,uk_ipi_c26_12m_pct,oecd_asia_c26_targeted_gbp_12m_pct,full,2,0.1877726949174547,0.17829779230397297,0.5,1.0,33,12
prewhitened_ar,uk_ipi_c26_12m_pct,oecd_asia_c26_targeted_gbp_12m_pct,full,3,0.014624692469692628,-0.04531611220011695,1.0,1.0,32,12
prewhitened_ar,uk_ipi_c26_12m_pct,oecd_asia_c26_targeted_gbp_12m_pct,full,4,0.20094658054610434,0.15928360480608167,1.0,1.0,31,12
prewhitened_ar,uk_ipi_c26_12m_pct,oecd_asia_c26_targeted_gbp_12m_pct,full,5,0.04935785430781325,-0.005920131480764627,1.0,1.0,30,12
prewhitened_ar,uk_ipi_c26_12m_pct,oecd_asia_c26_targeted_gbp_12m_pct,full,6,-0.0422719865841443,-0.058200495137488026,1.0,1.0,29,12
prewhitened_ar,uk_ipi_c26_12m_pct,oecd_asia_c26_targeted_gbp_12m_pct,full,7,-0.09340587459261734,-0.08572089051563996,1.0,1.0,28,12
prewhitened_ar,uk_ipi_c26_12m_pct,oecd_asia_c26_targeted_gbp_12m_pct,full,8,-0.10087507283564205,-0.08235875138822196,0.5,1.0,27,12
prewhitened_ar,uk_ipi_c26_12m_pct,oecd_asia_c26_targeted_gbp_12m_pct,full,9,-0.09563903050711446,-0.08249760603245115,1.0,1.0,26,12
prewhitened_ar,uk_ipi_c26_12m_pct,oecd_asia_c26_targeted_gbp_12m_pct,full,10,0.16247646703746135,0.1810474822662301,1.0,1.0,25,12
prewhitened_ar,uk_ipi_c26_12m_pct,oecd_asia_c26_targeted_gbp_12m_pct,full,11,0.07962314926588629,0.08467031383661779,1.0,1.0,24,12
prewhitened_ar,uk_ipi_c26_12m_pct,oecd_asia_c26_targeted_gbp_12m_pct,full,12,-0.45741579530650667,-0.45741579530650667,0.5,0.5,23,12
prewhitened_ar,uk_ipi_c26_12m_pct,oecd_asia_c26_targeted_gbp_12m_pct,post_2022,0,0.4610889891033678,0.6134985594836141,0.5,0.5,25,12
prewhitened_ar,uk_ipi_c26_12m_pct,oecd_asia_c26_targeted_gbp_12m_pct,post_2022,1,-0.15334329634052793,-0.1646012624298296,1.0,1.0,24,12
prewhitened_ar,uk_ipi_c26_12m_pct,oecd_asia_c26_targeted_gbp_12m_pct,post_2022,2,0.3251477706412466,0.3942007104655919,0.5,1.0,23,12
prewhitened_ar,uk_ipi_c26_12m_pct,oecd_asia_c26_targeted_gbp_12m_pct,post_2022,3,0.22827820890519934,0.19695976564174375,1.0,1.0,22,12
prewhitened_ar,uk_ipi_c26_12m_pct,oecd_asia_c26_targeted_gbp_12m_pct,post_2022,4,-0.12350206771433703,-0.23116175626985944,1.0,1.0,21,12
prewhitened_ar,uk_ipi_c26_12m_pct,oecd_asia_c26_targeted_gbp_12m_pct,post_2022,5,0.14516932150494563,0.0786304118299488,1.0,1.0,20,12
prewhitened_ar,uk_ipi_c26_12m_pct,oecd_asia_c26_targeted_gbp_12m_pct,post_2022,6,-0.12202703494032177,-0.13212947572922135,0.5,1.0,19,12
prewhitened_ar,uk_ipi_c26_12m_pct,oecd_asia_c26_targeted_gbp_12m_pct,post_2022,7,-0.12615521617963973,-0.12398364157252692,1.0,1.0,18,12
prewhitened_ar,uk_ipi_c26_12m_pct,oecd_asia_c26_targeted_gbp_12m_pct,post_2022,8,-0.39833596194622756,-0.40048898811257516,0.5,1.0,17,12
prewhitened_ar,uk_ipi_c26_12m_pct,oecd_asia_c26_targeted_gbp_12m_pct,post_2022,9,-0.05405240650708535,-0.06409872477968387,1.0,1.0,16,12
prewhitened_ar,uk_ipi_c26_12m_pct,oecd_asia_c26_targeted_gbp_12m_pct,post_2022,10,0.059791576767347046,0.08195903307374819,1.0,1.0,15,12
prewhitened_ar,uk_ipi_c26_12m_pct,oecd_asia_c26_targeted_gbp_12m_pct,post_2022,11,0.3222493374517918,0.3376613082049023,0.5,1.0,14,12
prewhitened_ar,uk_ipi_c26_12m_pct,oecd_asia_c26_targeted_gbp_12m_pct,post_2022,12,-0.3579416106125799,-0.3579416106125799,0.5,1.0,13,12
prewhitened_ar,uk_ipi_c26_12m_pct,oecd_asia_c26_bls_gbp_12m_pct,full,0,0.6449530830586361,0.6509297005370328,0.009900990099009901,0.009900990099009901,136,12
prewhitened_ar,uk_ipi_c26_12m_pct,oecd_asia_c26_bls_gbp_12m_pct,full,1,0.0788622839508574,0.06465024053422899,0.5148514851485149,1.0,135,12
prewhitened_ar,uk_ipi_c26_12m_pct,oecd_asia_c26_bls_gbp_12m_pct,full,2,0.04244711451238407,0.019397537456198176,0.7920792079207921,1.0,134,12
prewhitened_ar,uk_ipi_c26_12m_pct,oecd_asia_c26_bls_gbp_12m_pct,full,3,0.007527245380404131,0.008183074348298073,0.9306930693069307,1.0,133,12
prewhitened_ar,uk_ipi_c26_12m_pct,oecd_asia_c26_bls_gbp_12m_pct,full,4,0.08194600426983957,0.09071342676426476,0.27722772277227725,0.9702970297029703,132,12
prewhitened_ar,uk_ipi_c26_12m_pct,oecd_asia_c26_bls_gbp_12m_pct,full,5,-0.12560023009792629,-0.11417102685641588,0.13861386138613863,0.9207920792079208,131,12
prewhitened_ar,uk_ipi_c26_12m_pct,oecd_asia_c26_bls_gbp_12m_pct,full,6,0.1978271889195211,0.21113791711767488,0.009900990099009901,0.0891089108910891,130,12
prewhitened_ar,uk_ipi_c26_12m_pct,oecd_asia_c26_bls_gbp_12m_pct,full,7,0.07205339222615507,0.07450908192245641,0.38613861386138615,1.0,129,12
prewhitened_ar,uk_ipi_c26_12m_pct,oecd_asia_c26_bls_gbp_12m_pct,full,8,0.10528653416561048,0.10086510373098331,0.18811881188118812,0.9603960396039604,128,12
prewhitened_ar,uk_ipi_c26_12m_pct,oecd_asia_c26_bls_gbp_12m_pct,full,9,-0.05246811878405713,-0.04941475853288332,0.6039603960396039,1.0,127,12
prewhitened_ar,uk_ipi_c26_12m_pct,oecd_asia_c26_bls_gbp_12m_pct,full,10,0.03442703855523844,0.0313453310771763,0.693069306930693,1.0,126,12
prewhitened_ar,uk_ipi_c26_12m_pct,oecd_asia_c26_bls_gbp_12m_pct,full,11,0.027176194525495682,0.02800918284526059,0.7227722772277227,1.0,125,12
prewhitened_ar,uk_ipi_c26_12m_pct,oecd_asia_c26_bls_gbp_12m_pct,full,12,-0.3521829424455683,-0.3521829424455683,0.009900990099009901,0.009900990099009901,124,12
prewhitened_ar,uk_ipi_c26_12m_pct,oecd_asia_c26_bls_gbp_12m_pct,pre_2020,0,0.5844234694714285,0.5477038834515272,0.03125,0.03125,67,12
prewhitened_ar,uk_ipi_c26_12m_pct,oecd_asia_c26_bls_gbp_12m_pct,pre_2020,1,0.12314537714500133,0.12660055544722051,0.28125,1.0,66,12
prewhitened_ar,uk_ipi_c26_12m_pct,oecd_asia_c26_bls_gbp_12m_pct,pre_2020,2,-0.02077942070490839,-0.07593520175491722,0.53125,1.0,65,12
prewhitened_ar,uk_ipi_c26_12m_pct,oecd_asia_c26_bls_gbp_12m_pct,pre_2020,3,0.15176200376195462,0.1735892519144805,0.15625,0.9375,64,12
prewhitened_ar,uk_ipi_c26_12m_pct,oecd_asia_c26_bls_gbp_12m_pct,pre_2020,4,-0.07310043759666246,-0.09056099210591079,0.46875,1.0,63,12
prewhitened_ar,uk_ipi_c26_12m_pct,oecd_asia_c26_bls_gbp_12m_pct,pre_2020,5,-0.07228966486193503,-0.07108429299944061,0.53125,1.0,62,12
prewhitened_ar,uk_ipi_c26_12m_pct,oecd_asia_c26_bls_gbp_12m_pct,pre_2020,6,0.1838786521774435,0.16684125973940134,0.28125,1.0,61,12
prewhitened_ar,uk_ipi_c26_12m_pct,oecd_asia_c26_bls_gbp_12m_pct,pre_2020,7,0.012519533210773814,-0.016369831689788276,0.78125,1.0,60,12
prewhitened_ar,uk_ipi_c26_12m_pct,oecd_asia_c26_bls_gbp_12m_pct,pre_2020,8,0.05133264664012994,0.0316474933450005,0.6875,1.0,59,12
prewhitened_ar,uk_ipi_c26_12m_pct,oecd_asia_c26_bls_gbp_12m_pct,pre_2020,9,-0.18503589268525092,-0.2277006285614499,0.03125,0.5625,58,12
prewhitened_ar,uk_ipi_c26_12m_pct,oecd_asia_c26_bls_gbp_12m_pct,pre_2020,10,-0.10049434122537551,-0.12253328175510413,0.3125,1.0,57,12
prewhitened_ar,uk_ipi_c26_12m_pct,oecd_asia_c26_bls_gbp_12m_pct,pre_2020,11,0.1773923262071364,0.17029450320363285,0.1875,0.9375,56,12
prewhitened_ar,uk_ipi_c26_12m_pct,oecd_asia_c26_bls_gbp_12m_pct,pre_2020,12,-0.247254454421079,-0.247254454421079,0.03125,0.5,55,12
prewhitened_ar,uk_ipi_c26_12m_pct,oecd_asia_c26_bls_gbp_12m_pct,pandemic_2020_2022,0,0.7923894288311655,0.833123789388115,0.5,0.5,36,12
prewhitened_ar,uk_ipi_c26_12m_pct,oecd_asia_c26_bls_gbp_12m_pct,pandemic_2020_2022,1,0.07670621082534732,-0.03838387771952564,1.0,1.0,35,12
prewhitened_ar,uk_ipi_c26_12m_pct,oecd_asia_c26_bls_gbp_12m_pct,pandemic_2020_2022,2,0.10427867217975344,0.13522159163489794,0.5,1.0,34,12
prewhitened_ar,uk_ipi_c26_12m_pct,oecd_asia_c26_bls_gbp_12m_pct,pandemic_2020_2022,3,-0.1633159101597142,-0.2945028044726883,0.5,1.0,33,12
prewhitened_ar,uk_ipi_c26_12m_pct,oecd_asia_c26_bls_gbp_12m_pct,pandemic_2020_2022,4,0.23421624652985232,-0.09580431460753944,0.5,1.0,32,12
prewhitened_ar,uk_ipi_c26_12m_pct,oecd_asia_c26_bls_gbp_12m_pct,pandemic_2020_2022,5,-0.2568589570469682,-0.49068240328600327,0.5,1.0,31,12
prewhitened_ar,uk_ipi_c26_12m_pct,oecd_asia_c26_bls_gbp_12m_pct,pandemic_2020_2022,6,0.21135221469839305,0.297744827735769,1.0,1.0,30,12
prewhitened_ar,uk_ipi_c26_12m_pct,oecd_asia_c26_bls_gbp_12m_pct,pandemic_2020_2022,7,0.26141892582640797,0.44363403785376476,0.5,1.0,29,12
prewhitened_ar,uk_ipi_c26_12m_pct,oecd_asia_c26_bls_gbp_12m_pct,pandemic_2020_2022,8,0.09520176352747198,0.31332772190569613,0.5,1.0,28,12
prewhitened_ar,uk_ipi_c26_12m_pct,oecd_asia_c26_bls_gbp_12m_pct,pandemic_2020_2022,9,0.05017447705784222,0.09462880919947904,0.5,1.0,27,12
prewhitened_ar,uk_ipi_c26_12m_pct,oecd_asia_c26_bls_gbp_12m_pct,pandemic_2020_2022,10,0.2966144706144676,0.29990756603946905,0.5,1.0,26,12
prewhitened_ar,uk_ipi_c26_12m_pct,oecd_asia_c26_bls_gbp_12m_pct,pandemic_2020_2022,11,-0.0532007391724732,-0.07110752573920151,0.5,1.0,25,12
prewhitened_ar,uk_ipi_c26_12m_pct,oecd_asia_c26_bls_gbp_12m_pct,pandemic_2020_2022,12,-0.41119818607554054,-0.41119818607554054,0.5,1.0,24,12
prewhitened_ar,uk_ipi_c26_12m_pct,oecd_asia_c26_bls_gbp_12m_pct,post_2022,0,0.5506679861806073,0.5813455037321164,0.5,0.5,33,12
prewhitened_ar,uk_ipi_c26_12m_pct,oecd_asia_c26_bls_gbp_12m_pct,post_2022,1,0.026157966258159974,-0.0575400287437637,0.5,1.0,32,12
prewhitened_ar,uk_ipi_c26_12m_pct,oecd_asia_c26_bls_gbp_12m_pct,post_2022,2,0.24660892811974505,0.17285431792527983,0.5,1.0,31,12
prewhitened_ar,uk_ipi_c26_12m_pct,oecd_asia_c26_bls_gbp_12m_pct,post_2022,3,-0.05068086365373937,-0.02259470033867364,1.0,1.0,30,12
prewhitened_ar,uk_ipi_c26_12m_pct,oecd_asia_c26_bls_gbp_12m_pct,post_2022,4,0.07749172033122742,0.17644024007363626,0.5,1.0,29,12
prewhitened_ar,uk_ipi_c26_12m_pct,oecd_asia_c26_bls_gbp_12m_pct,post_2022,5,-0.16922163039328011,-0.061932389648598776,0.5,1.0,28,12
prewhitened_ar,uk_ipi_c26_12m_pct,oecd_asia_c26_bls_gbp_12m_pct,post_2022,6,0.11572186161428735,0.21247635093096268,0.5,1.0,27,12
prewhitened_ar,uk_ipi_c26_12m_pct,oecd_asia_c26_bls_gbp_12m_pct,post_2022,7,-0.1786767683891678,-0.20313700028958792,0.5,1.0,26,12
prewhitened_ar,uk_ipi_c26_12m_pct,oecd_asia_c26_bls_gbp_12m_pct,post_2022,8,0.02278970479950584,-0.03693849517808652,1.0,1.0,25,12
prewhitened_ar,uk_ipi_c26_12m_pct,oecd_asia_c26_bls_gbp_12m_pct,post_2022,9,0.2499864578802096,0.2998827691995801,0.5,1.0,24,12
prewhitened_ar,uk_ipi_c26_12m_pct,oecd_asia_c26_bls_gbp_12m_pct,post_2022,10,0.05119758771185024,0.015172962158799753,1.0,1.0,23,12
prewhitened_ar,uk_ipi_c26_12m_pct,oecd_asia_c26_bls_gbp_12m_pct,post_2022,11,-0.16325488352821715,-0.15879633971046095,1.0,1.0,22,12
prewhitened_ar,uk_ipi_c26_12m_pct,oecd_asia_c26_bls_gbp_12m_pct,post_2022,12,-0.16784043484809447,-0.16784043484809447,0.5,1.0,21,12
prewhitened_ar,uk_ipi_c26_12m_pct,fred_china_computer_electronics_gbp_12m_pct,full,0,0.6478285068733435,0.6532036092965978,0.009900990099009901,0.009900990099009901,136,12
prewhitened_ar,uk_ipi_c26_12m_pct,fred_china_computer_electronics_gbp_12m_pct,full,1,0.08800892470847864,0.07338469972567928,0.38613861386138615,1.0,135,12
prewhitened_ar,uk_ipi_c26_12m_pct,fred_china_computer_electronics_gbp_12m_pct,full,2,0.03843768937253496,0.0150752558308176,0.8316831683168316,1.0,134,12
prewhitened_ar,uk_ipi_c26_12m_pct,fred_china_computer_electronics_gbp_12m_pct,full,3,0.003694761899310509,0.0026129570534737037,0.9900990099009901,1.0,133,12
prewhitened_ar,uk_ipi_c26_12m_pct,fred_china_computer_electronics_gbp_12m_pct,full,4,0.08926783079646952,0.09785238093259122,0.24752475247524752,0.9603960396039604,132,12
prewhitened_ar,uk_ipi_c26_12m_pct,fred_china_computer_electronics_gbp_12m_pct,full,5,-0.1306289213780805,-0.11946176663847614,0.13861386138613863,0.9207920792079208,131,12
prewhitened_ar,uk_ipi_c26_12m_pct,fred_china_computer_electronics_gbp_12m_pct,full,6,0.19977457049331668,0.2127349203447763,0.019801980198019802,0.1485148514851485,130,12
prewhitened_ar,uk_ipi_c26_12m_pct,fred_china_computer_electronics_gbp_12m_pct,full,7,0.07045705338491967,0.07256495878206333,0.39603960396039606,1.0,129,12
prewhitened_ar,uk_ipi_c26_12m_pct,fred_china_computer_electronics_gbp_12m_pct,full,8,0.10558760982630756,0.1014746353339635,0.19801980198019803,0.9603960396039604,128,12
prewhitened_ar,uk_ipi_c26_12m_pct,fred_china_computer_electronics_gbp_12m_pct,full,9,-0.05698447912589399,-0.054024681195016515,0.5544554455445545,1.0,127,12
prewhitened_ar,uk_ipi_c26_12m_pct,fred_china_computer_electronics_gbp_12m_pct,full,10,0.03447990017213545,0.031456735413075,0.7128712871287128,1.0,126,12
prewhitened_ar,uk_ipi_c26_12m_pct,fred_china_computer_electronics_gbp_12m_pct,full,11,0.028730146729631176,0.029614127057432528,0.7029702970297029,1.0,125,12
prewhitened_ar,uk_ipi_c26_12m_pct,fred_china_computer_electronics_gbp_12m_pct,full,12,-0.3475764151323211,-0.3475764151323211,0.009900990099009901,0.009900990099009901,124,12
prewhitened_ar,uk_ipi_c26_12m_pct,fred_china_computer_electronics_gbp_12m_pct,pre_2020,0,0.5775416940339188,0.5402556141602594,0.03125,0.03125,67,12
prewhitened_ar,uk_ipi_c26_12m_pct,fred_china_computer_electronics_gbp_12m_pct,pre_2020,1,0.13755215493775141,0.14151773073165796,0.21875,1.0,66,12
prewhitened_ar,uk_ipi_c26_12m_pct,fred_china_computer_electronics_gbp_12m_pct,pre_2020,2,-0.026410679888525464,-0.08179151036940815,0.53125,1.0,65,12
prewhitened_ar,uk_ipi_c26_12m_pct,fred_china_computer_electronics_gbp_12m_pct,pre_2020,3,0.15333370454615758,0.17267435970208242,0.15625,0.96875,64,12
prewhitened_ar,uk_ipi_c26_12m_pct,fred_china_computer_electronics_gbp_12m_pct,pre_2020,4,-0.0675921330718594,-0.08300125360674934,0.5,1.0,63,12
prewhitened_ar,uk_ipi_c26_12m_pct,fred_china_computer_electronics_gbp_12m_pct,pre_2020,5,-0.0725981802899233,-0.07309349326959064,0.53125,1.0,62,12
prewhitened_ar,uk_ipi_c26_12m_pct,fred_china_computer_electronics_gbp_12m_pct,pre_2020,6,0.20091606483128863,0.18382187046384624,0.21875,0.9375,61,12
prewhitened_ar,uk_ipi_c26_12m_pct,fred_china_computer_electronics_gbp_12m_pct,pre_2020,7,0.005246160617886981,-0.024251054598582206,0.75,1.0,60,12
prewhitened_ar,uk_ipi_c26_12m_pct,fred_china_computer_electronics_gbp_12m_pct,pre_2020,8,0.05427330800512455,0.03487986687193703,0.6875,1.0,59,12
prewhitened_ar,uk_ipi_c26_12m_pct,fred_china_computer_electronics_gbp_12m_pct,pre_2020,9,-0.18336216581056772,-0.2259422771220863,0.0625,0.59375,58,12
prewhitened_ar,uk_ipi_c26_12m_pct,fred_china_computer_electronics_gbp_12m_pct,pre_2020,10,-0.08670738678351311,-0.1079812310968534,0.34375,1.0,57,12
prewhitened_ar,uk_ipi_c26_12m_pct,fred_china_computer_electronics_gbp_12m_pct,pre_2020,11,0.18205760397712215,0.17579934199957875,0.1875,0.9375,56,12
prewhitened_ar,uk_ipi_c26_12m_pct,fred_china_computer_electronics_gbp_12m_pct,pre_2020,12,-0.23902756516598894,-0.23902756516598894,0.03125,0.5,55,12
prewhitened_ar,uk_ipi_c26_12m_pct,fred_china_computer_electronics_gbp_12m_pct,pandemic_2020_2022,0,0.8018361028984009,0.8415889406170729,0.5,0.5,36,12
prewhitened_ar,uk_ipi_c26_12m_pct,fred_china_computer_electronics_gbp_12m_pct,pandemic_2020_2022,1,0.08366443279282534,-0.03625406081043102,1.0,1.0,35,12
prewhitened_ar,uk_ipi_c26_12m_pct,fred_china_computer_electronics_gbp_12m_pct,pandemic_2020_2022,2,0.10082247874546121,0.14621109888804282,0.5,1.0,34,12
prewhitened_ar,uk_ipi_c26_12m_pct,fred_china_computer_electronics_gbp_12m_pct,pandemic_2020_2022,3,-0.1858013523144405,-0.3327870985006474,0.5,1.0,33,12
prewhitened_ar,uk_ipi_c26_12m_pct,fred_china_computer_electronics_gbp_12m_pct,pandemic_2020_2022,4,0.2384835353804938,-0.09226064082514944,0.5,1.0,32,12
prewhitened_ar,uk_ipi_c26_12m_pct,fred_china_computer_electronics_gbp_12m_pct,pandemic_2020_2022,5,-0.267108889328679,-0.5016603069558802,0.5,1.0,31,12
prewhitened_ar,uk_ipi_c26_12m_pct,fred_china_computer_electronics_gbp_12m_pct,pandemic_2020_2022,6,0.19877832243529042,0.2836020529520252,1.0,1.0,30,12
prewhitened_ar,uk_ipi_c26_12m_pct,fred_china_computer_electronics_gbp_12m_pct,pandemic_2020_2022,7,0.25066632678966533,0.4114736510565398,0.5,1.0,29,12
prewhitened_ar,uk_ipi_c26_12m_pct,fred_china_computer_electronics_gbp_12m_pct,pandemic_2020_2022,8,0.10281510933737437,0.3253464223146109,0.5,1.0,28,12
prewhitened_ar,uk_ipi_c26_12m_pct,fred_china_computer_electronics_gbp_12m_pct,pandemic_2020_2022,9,0.03184355869612638,0.07712217351685291,1.0,1.0,27,12
prewhitened_ar,uk_ipi_c26_12m_pct,fred_china_computer_electronics_gbp_12m_pct,pandemic_2020_2022,10,0.27794682190878867,0.28243736859132346,0.5,1.0,26,12
prewhitened_ar,uk_ipi_c26_12m_pct,fred_china_computer_electronics_gbp_12m_pct,pandemic_2020_2022,11,-0.04979889446611723,-0.06824512998410683,0.5,1.0,25,12
prewhitened_ar,uk_ipi_c26_12m_pct,fred_china_computer_electronics_gbp_12m_pct,pandemic_2020_2022,12,-0.3979859053257609,-0.3979859053257609,0.5,1.0,24,12
prewhitened_ar,uk_ipi_c26_12m_pct,fred_china_computer_electronics_gbp_12m_pct,post_2022,0,0.5675607807767842,0.5996787481884419,0.5,0.5,33,12
prewhitened_ar,uk_ipi_c26_12m_pct,fred_china_computer_electronics_gbp_12m_pct,post_2022,1,0.030161177421999436,-0.05705314161377418,0.5,1.0,32,12
prewhitened_ar,uk_ipi_c26_12m_pct,fred_china_computer_electronics_gbp_12m_pct,post_2022,2,0.24513992925325354,0.1713481375483154,0.5,1.0,31,12
prewhitened_ar,uk_ipi_c26_12m_pct,fred_china_computer_electronics_gbp_12m_pct,post_2022,3,-0.03753945048729202,-0.014668229386236655,1.0,1.0,30,12
prewhitened_ar,uk_ipi_c26_12m_pct,fred_china_computer_electronics_gbp_12m_pct,post_2022,4,0.09341179434753631,0.19673148692982678,0.5,1.0,29,12
prewhitened_ar,uk_ipi_c26_12m_pct,fred_china_computer_electronics_gbp_12m_pct,post_2022,5,-0.1875170044012985,-0.08221382198174527,0.5,1.0,28,12
prewhitened_ar,uk_ipi_c26_12m_pct,fred_china_computer_electronics_gbp_12m_pct,post_2022,6,0.10852138250211321,0.20302570818836174,1.0,1.0,27,12
prewhitened_ar,uk_ipi_c26_12m_pct,fred_china_computer_electronics_gbp_12m_pct,post_2022,7,-0.15991815364585307,-0.18314871020432416,0.5,1.0,26,12
prewhitened_ar,uk_ipi_c26_12m_pct,fred_china_computer_electronics_gbp_12m_pct,post_2022,8,0.014938228738084994,-0.04245119412206052,1.0,1.0,25,12
prewhitened_ar,uk_ipi_c26_12m_pct,fred_china_computer_electronics_gbp_12m_pct,post_2022,9,0.2334761481455983,0.28152687227815343,0.5,1.0,24,12
prewhitened_ar,uk_ipi_c26_12m_pct,fred_china_computer_electronics_gbp_12m_pct,post_2022,10,0.032834630937480555,-0.004210630580570627,1.0,1.0,23,12
prewhitened_ar,uk_ipi_c26_12m_pct,fred_china_computer_electronics_gbp_12m_pct,post_2022,11,-0.17556489218185292,-0.17018043034458985,1.0,1.0,22,12
prewhitened_ar,uk_ipi_c26_12m_pct,fred_china_computer_electronics_gbp_12m_pct,post_2022,12,-0.1683680362037033,-0.1683680362037033,0.5,1.0,21,12
prewhitened_ar,uk_ipi_c26_12m_pct,fred_japan_computer_electronics_gbp_12m_pct,full,0,0.6672517925540359,0.6725164999995628,0.009900990099009901,0.009900990099009901,136,12
prewhitened_ar,uk_ipi_c26_12m_pct,fred_japan_computer_electronics_gbp_12m_pct,full,1,0.08213606142695824,0.06898392045704037,0.46534653465346537,1.0,135,12
prewhitened_ar,uk_ipi_c26_12m_pct,fred_japan_computer_electronics_gbp_12m_pct,full,2,0.029118157074920326,0.0055774923119432185,0.9504950495049505,1.0,134,12
prewhitened_ar,uk_ipi_c26_12m_pct,fred_japan_computer_electronics_gbp_12m_pct,full,3,0.03308833417423887,0.03945859168120625,0.6633663366336634,1.0,133,12
prewhitened_ar,uk_ipi_c26_12m_pct,fred_japan_computer_electronics_gbp_12m_pct,full,4,0.07538228343820651,0.08477582337357548,0.3465346534653465,1.0,132,12
prewhitened_ar,uk_ipi_c26_12m_pct,fred_japan_computer_electronics_gbp_12m_pct,full,5,-0.1321077347240359,-0.12492848566416503,0.1485148514851485,0.9108910891089109,131,12
prewhitened_ar,uk_ipi_c26_12m_pct,fred_japan_computer_electronics_gbp_12m_pct,full,6,0.2150855082470739,0.22494087482823408,0.009900990099009901,0.0297029702970297,130,12
prewhitened_ar,uk_ipi_c26_12m_pct,fred_japan_computer_electronics_gbp_12m_pct,full,7,0.05241310244860604,0.0537597351219684,0.5544554455445545,1.0,129,12
prewhitened_ar,uk_ipi_c26_12m_pct,fred_japan_computer_electronics_gbp_12m_pct,full,8,0.11838979097523324,0.11371119782686667,0.18811881188118812,0.9504950495049505,128,12
prewhitened_ar,uk_ipi_c26_12m_pct,fred_japan_computer_electronics_gbp_12m_pct,full,9,-0.05412301463377687,-0.05061868268370965,0.5544554455445545,1.0,127,12
prewhitened_ar,uk_ipi_c26_12m_pct,fred_japan_computer_electronics_gbp_12m_pct,full,10,0.02141596019742583,0.018442545328497376,0.8415841584158416,1.0,126,12
prewhitened_ar,uk_ipi_c26_12m_pct,fred_japan_computer_electronics_gbp_12m_pct,full,11,0.024294953420261105,0.025365066913556496,0.801980198019802,1.0,125,12
prewhitened_ar,uk_ipi_c26_12m_pct,fred_japan_computer_electronics_gbp_12m_pct,full,12,-0.38131954739131796,-0.38131954739131796,0.009900990099009901,0.009900990099009901,124,12
prewhitened_ar,uk_ipi_c26_12m_pct,fred_japan_computer_electronics_gbp_12m_pct,pre_2020,0,0.5986581644452015,0.5708548616882261,0.03125,0.03125,67,12
prewhitened_ar,uk_ipi_c26_12m_pct,fred_japan_computer_electronics_gbp_12m_pct,pre_2020,1,0.08671614639353778,0.09535875033582966,0.59375,1.0,66,12
prewhitened_ar,uk_ipi_c26_12m_pct,fred_japan_computer_electronics_gbp_12m_pct,pre_2020,2,0.0010076643645688685,-0.04116091989157713,0.84375,1.0,65,12
prewhitened_ar,uk_ipi_c26_12m_pct,fred_japan_computer_electronics_gbp_12m_pct,pre_2020,3,0.17365784457387856,0.20719021907330643,0.125,0.8125,64,12
prewhitened_ar,uk_ipi_c26_12m_pct,fred_japan_computer_electronics_gbp_12m_pct,pre_2020,4,-0.07705699077096857,-0.09558809936635493,0.46875,1.0,63,12
prewhitened_ar,uk_ipi_c26_12m_pct,fred_japan_computer_electronics_gbp_12m_pct,pre_2020,5,-0.0934208154658444,-0.08169624728601829,0.65625,1.0,62,12
prewhitened_ar,uk_ipi_c26_12m_pct,fred_japan_computer_electronics_gbp_12m_pct,pre_2020,6,0.2245830651581881,0.22040767117302285,0.125,0.8125,61,12
prewhitened_ar,uk_ipi_c26_12m_pct,fred_japan_computer_electronics_gbp_12m_pct,pre_2020,7,-0.03738070605837242,-0.058881574881175694,0.6875,1.0,60,12
prewhitened_ar,uk_ipi_c26_12m_pct,fred_japan_computer_electronics_gbp_12m_pct,pre_2020,8,0.09845093158854326,0.08664846975452567,0.4375,1.0,59,12
prewhitened_ar,uk_ipi_c26_12m_pct,fred_japan_computer_electronics_gbp_12m_pct,pre_2020,9,-0.18325707007005876,-0.21851558031263216,0.09375,0.8125,58,12
prewhitened_ar,uk_ipi_c26_12m_pct,fred_japan_computer_electronics_gbp_12m_pct,pre_2020,10,-0.12963895374147894,-0.15151336998801887,0.25,0.96875,57,12
prewhitened_ar,uk_ipi_c26_12m_pct,fred_japan_computer_electronics_gbp_12m_pct,pre_2020,11,0.14964543562340696,0.13935824182115308,0.28125,1.0,56,12
prewhitened_ar,uk_ipi_c26_12m_pct,fred_japan_computer_electronics_gbp_12m_pct,pre_2020,12,-0.2757788916368141,-0.2757788916368141,0.03125,0.1875,55,12
prewhitened_ar,uk_ipi_c26_12m_pct,fred_japan_computer_electronics_gbp_12m_pct,pandemic_2020_2022,0,0.8084480272621599,0.8369893925517056,0.5,0.5,36,12
prewhitened_ar,uk_ipi_c26_12m_pct,fred_japan_computer_electronics_gbp_12m_pct,pandemic_2020_2022,1,0.124512598685085,0.048930098574518605,0.5,1.0,35,12
prewhitened_ar,uk_ipi_c26_12m_pct,fred_japan_computer_electronics_gbp_12m_pct,pandemic_2020_2022,2,0.04461621168690671,0.11366126866698066,0.5,1.0,34,12
prewhitened_ar,uk_ipi_c26_12m_pct,fred_japan_computer_electronics_gbp_12m_pct,pandemic_2020_2022,3,-0.09496280424165264,-0.20948864382150947,0.5,1.0,33,12
prewhitened_ar,uk_ipi_c26_12m_pct,fred_japan_computer_electronics_gbp_12m_pct,pandemic_2020_2022,4,0.21593061260928043,-0.14137837335777748,0.5,1.0,32,12
prewhitened_ar,uk_ipi_c26_12m_pct,fred_japan_computer_electronics_gbp_12m_pct,pandemic_2020_2022,5,-0.28524967454050054,-0.5623139281941556,0.5,1.0,31,12
prewhitened_ar,uk_ipi_c26_12m_pct,fred_japan_computer_electronics_gbp_12m_pct,pandemic_2020_2022,6,0.18093486731533617,0.26937746130031387,1.0,1.0,30,12
prewhitened_ar,uk_ipi_c26_12m_pct,fred_japan_computer_electronics_gbp_12m_pct,pandemic_2020_2022,7,0.2824933258814279,0.4678470041458972,0.5,1.0,29,12
prewhitened_ar,uk_ipi_c26_12m_pct,fred_japan_computer_electronics_gbp_12m_pct,pandemic_2020_2022,8,0.07739553330856815,0.2788302868724031,0.5,1.0,28,12
prewhitened_ar,uk_ipi_c26_12m_pct,fred_japan_computer_electronics_gbp_12m_pct,pandemic_2020_2022,9,0.08805094323655449,0.1321995746414667,0.5,1.0,27,12
prewhitened_ar,uk_ipi_c26_12m_pct,fred_japan_computer_electronics_gbp_12m_pct,pandemic_2020_2022,10,0.3422540947585484,0.34921732923877147,0.5,1.0,26,12
prewhitened_ar,uk_ipi_c26_12m_pct,fred_japan_computer_electronics_gbp_12m_pct,pandemic_2020_2022,11,-0.1334129690319166,-0.15182641050812298,0.5,1.0,25,12
prewhitened_ar,uk_ipi_c26_12m_pct,fred_japan_computer_electronics_gbp_12m_pct,pandemic_2020_2022,12,-0.4591397366153948,-0.4591397366153948,0.5,1.0,24,12
prewhitened_ar,uk_ipi_c26_12m_pct,fred_japan_computer_electronics_gbp_12m_pct,post_2022,0,0.6166749129565041,0.6605434160112073,0.5,0.5,33,12
prewhitened_ar,uk_ipi_c26_12m_pct,fred_japan_computer_electronics_gbp_12m_pct,post_2022,1,0.05996678092286908,-0.008460764906464226,0.5,1.0,32,12
prewhitened_ar,uk_ipi_c26_12m_pct,fred_japan_computer_electronics_gbp_12m_pct,post_2022,2,0.19774079741915607,0.10357184158963066,1.0,1.0,31,12
prewhitened_ar,uk_ipi_c26_12m_pct,fred_japan_computer_electronics_gbp_12m_pct,post_2022,3,-0.10493120966487682,-0.05589747871616093,0.5,1.0,30,12
prewhitened_ar,uk_ipi_c26_12m_pct,fred_japan_computer_electronics_gbp_12m_pct,post_2022,4,0.0493669103489894,0.1547098706157022,0.5,1.0,29,12
prewhitened_ar,uk_ipi_c26_12m_pct,fred_japan_computer_electronics_gbp_12m_pct,post_2022,5,-0.14183537911851918,-0.049885896327280306,0.5,1.0,28,12
prewhitened_ar,uk_ipi_c26_12m_pct,fred_japan_computer_electronics_gbp_12m_pct,post_2022,6,0.13419028199242677,0.21194582838667023,0.5,1.0,27,12
prewhitened_ar,uk_ipi_c26_12m_pct,fred_japan_computer_electronics_gbp_12m_pct,post_2022,7,-0.163911819897248,-0.18688467589383304,0.5,1.0,26,12
prewhitened_ar,uk_ipi_c26_12m_pct,fred_japan_computer_electronics_gbp_12m_pct,post_2022,8,-0.039446056983439844,-0.10950684970874056,1.0,1.0,25,12
prewhitened_ar,uk_ipi_c26_12m_pct,fred_japan_computer_electronics_gbp_12m_pct,post_2022,9,0.17817524060557424,0.22592227188577796,1.0,1.0,24,12
prewhitened_ar,uk_ipi_c26_12m_pct,fred_japan_computer_electronics_gbp_12m_pct,post_2022,10,0.10775020048103542,0.07607905922845425,1.0,1.0,23,12
prewhitened_ar,uk_ipi_c26_12m_pct,fred_japan_computer_electronics_gbp_12m_pct,post_2022,11,-0.1271137051260156,-0.11853801285892936,1.0,1.0,22,12
prewhitened_ar,uk_ipi_c26_12m_pct,fred_japan_computer_electronics_gbp_12m_pct,post_2022,12,-0.2300736278395251,-0.2300736278395251,0.5,1.0,21,12
prewhitened_ar,uk_ipi_c26_12m_pct,fred_asian_nie_computer_electronics_gbp_12m_pct,full,0,0.596758511348054,0.6053447050691831,0.009900990099009901,0.009900990099009901,136,12
prewhitened_ar,uk_ipi_c26_12m_pct,fred_asian_nie_computer_electronics_gbp_12m_pct,full,1,0.03447640000278723,0.022106714857880003,0.7920792079207921,1.0,135,12
prewhitened_ar,uk_ipi_c26_12m_pct,fred_asian_nie_computer_electronics_gbp_12m_pct,full,2,0.062434753975614904,0.04211970542645737,0.6237623762376238,1.0,134,12
prewhitened_ar,uk_ipi_c26_12m_pct,fred_asian_nie_computer_electronics_gbp_12m_pct,full,3,0.019302324075658,0.025704452956087205,0.7524752475247525,1.0,133,12
prewhitened_ar,uk_ipi_c26_12m_pct,fred_asian_nie_computer_electronics_gbp_12m_pct,full,4,0.04191954814300412,0.05087466858409489,0.5841584158415841,1.0,132,12
prewhitened_ar,uk_ipi_c26_12m_pct,fred_asian_nie_computer_electronics_gbp_12m_pct,full,5,-0.0944842538935295,-0.08073920725876771,0.33663366336633666,1.0,131,12
prewhitened_ar,uk_ipi_c26_12m_pct,fred_asian_nie_computer_electronics_gbp_12m_pct,full,6,0.16891169453967816,0.18360804272643313,0.019801980198019802,0.15841584158415842,130,12
prewhitened_ar,uk_ipi_c26_12m_pct,fred_asian_nie_computer_electronics_gbp_12m_pct,full,7,0.08719510172334875,0.09087877820213502,0.3069306930693069,0.9702970297029703,129,12
prewhitened_ar,uk_ipi_c26_12m_pct,fred_asian_nie_computer_electronics_gbp_12m_pct,full,8,0.09562551369517219,0.09023967265678942,0.3069306930693069,0.9702970297029703,128,12
prewhitened_ar,uk_ipi_c26_12m_pct,fred_asian_nie_computer_electronics_gbp_12m_pct,full,9,-0.03144116938161789,-0.02813765827399119,0.7128712871287128,1.0,127,12
prewhitened_ar,uk_ipi_c26_12m_pct,fred_asian_nie_computer_electronics_gbp_12m_pct,full,10,0.03996912781494806,0.03670554712655053,0.6534653465346535,1.0,126,12
prewhitened_ar,uk_ipi_c26_12m_pct,fred_asian_nie_computer_electronics_gbp_12m_pct,full,11,0.013807709253781903,0.014423292166963642,0.8712871287128713,1.0,125,12
prewhitened_ar,uk_ipi_c26_12m_pct,fred_asian_nie_computer_electronics_gbp_12m_pct,full,12,-0.3433055774922977,-0.3433055774922977,0.009900990099009901,0.009900990099009901,124,12
prewhitened_ar,uk_ipi_c26_12m_pct,fred_asian_nie_computer_electronics_gbp_12m_pct,pre_2020,0,0.5842369791633052,0.5479735234098605,0.03125,0.03125,67,12
prewhitened_ar,uk_ipi_c26_12m_pct,fred_asian_nie_computer_electronics_gbp_12m_pct,pre_2020,1,0.05981184399676652,0.05690673537438775,0.78125,1.0,66,12
prewhitened_ar,uk_ipi_c26_12m_pct,fred_asian_nie_computer_electronics_gbp_12m_pct,pre_2020,2,-0.0024515308607422487,-0.05709033374329729,0.75,1.0,65,12
prewhitened_ar,uk_ipi_c26_12m_pct,fred_asian_nie_computer_electronics_gbp_12m_pct,pre_2020,3,0.1387562144437298,0.16502736393593945,0.1875,1.0,64,12
prewhitened_ar,uk_ipi_c26_12m_pct,fred_asian_nie_computer_electronics_gbp_12m_pct,pre_2020,4,-0.10074889402041623,-0.12384368217129357,0.40625,1.0,63,12
prewhitened_ar,uk_ipi_c26_12m_pct,fred_asian_nie_computer_electronics_gbp_12m_pct,pre_2020,5,-0.057158227836436,-0.05251767646104026,0.71875,1.0,62,12
prewhitened_ar,uk_ipi_c26_12m_pct,fred_asian_nie_computer_electronics_gbp_12m_pct,pre_2020,6,0.07418533189449092,0.05220113687507233,0.65625,1.0,61,12
prewhitened_ar,uk_ipi_c26_12m_pct,fred_asian_nie_computer_electronics_gbp_12m_pct,pre_2020,7,0.06304757566260871,0.03597343784724289,0.75,1.0,60,12
prewhitened_ar,uk_ipi_c26_12m_pct,fred_asian_nie_computer_electronics_gbp_12m_pct,pre_2020,8,0.024086760134034806,0.0022886688544504546,1.0,1.0,59,12
prewhitened_ar,uk_ipi_c26_12m_pct,fred_asian_nie_computer_electronics_gbp_12m_pct,pre_2020,9,-0.19042205291288497,-0.23447026599295856,0.03125,0.53125,58,12
prewhitened_ar,uk_ipi_c26_12m_pct,fred_asian_nie_computer_electronics_gbp_12m_pct,pre_2020,10,-0.13603654864118017,-0.1602053743484632,0.34375,1.0,57,12
prewhitened_ar,uk_ipi_c26_12m_pct,fred_asian_nie_computer_electronics_gbp_12m_pct,pre_2020,11,0.14672734290592146,0.13834994526809255,0.3125,1.0,56,12
prewhitened_ar,uk_ipi_c26_12m_pct,fred_asian_nie_computer_electronics_gbp_12m_pct,pre_2020,12,-0.2539729393399067,-0.2539729393399067,0.0625,0.5,55,12
prewhitened_ar,uk_ipi_c26_12m_pct,fred_asian_nie_computer_electronics_gbp_12m_pct,pandemic_2020_2022,0,0.7094671399653789,0.7494502617804027,0.5,0.5,36,12
prewhitened_ar,uk_ipi_c26_12m_pct,fred_asian_nie_computer_electronics_gbp_12m_pct,pandemic_2020_2022,1,0.034721194569978735,-0.0566312616804937,1.0,1.0,35,12
prewhitened_ar,uk_ipi_c26_12m_pct,fred_asian_nie_computer_electronics_gbp_12m_pct,pandemic_2020_2022,2,0.1325373289097999,0.08825785652065539,0.5,1.0,34,12
prewhitened_ar,uk_ipi_c26_12m_pct,fred_asian_nie_computer_electronics_gbp_12m_pct,pandemic_2020_2022,3,-0.07739929498920908,-0.1434115096880096,0.5,1.0,33,12
prewhitened_ar,uk_ipi_c26_12m_pct,fred_asian_nie_computer_electronics_gbp_12m_pct,pandemic_2020_2022,4,0.1993843881943753,-0.10878202448616003,0.5,1.0,32,12
prewhitened_ar,uk_ipi_c26_12m_pct,fred_asian_nie_computer_electronics_gbp_12m_pct,pandemic_2020_2022,5,-0.18750474607715795,-0.39399079409136845,0.5,1.0,31,12
prewhitened_ar,uk_ipi_c26_12m_pct,fred_asian_nie_computer_electronics_gbp_12m_pct,pandemic_2020_2022,6,0.2639894490010574,0.3366614380909825,1.0,1.0,30,12
prewhitened_ar,uk_ipi_c26_12m_pct,fred_asian_nie_computer_electronics_gbp_12m_pct,pandemic_2020_2022,7,0.29329284979430936,0.5517822627508221,0.5,0.5,29,12
prewhitened_ar,uk_ipi_c26_12m_pct,fred_asian_nie_computer_electronics_gbp_12m_pct,pandemic_2020_2022,8,0.06340298204152503,0.25817487570784825,0.5,1.0,28,12
prewhitened_ar,uk_ipi_c26_12m_pct,fred_asian_nie_computer_electronics_gbp_12m_pct,pandemic_2020_2022,9,0.11456939433438133,0.15542010133940673,0.5,1.0,27,12
prewhitened_ar,uk_ipi_c26_12m_pct,fred_asian_nie_computer_electronics_gbp_12m_pct,pandemic_2020_2022,10,0.3341871807342609,0.3315984231030722,0.5,1.0,26,12
prewhitened_ar,uk_ipi_c26_12m_pct,fred_asian_nie_computer_electronics_gbp_12m_pct,pandemic_2020_2022,11,-0.040710323925732476,-0.05491777371024647,0.5,1.0,25,12
prewhitened_ar,uk_ipi_c26_12m_pct,fred_asian_nie_computer_electronics_gbp_12m_pct,pandemic_2020_2022,12,-0.4293483267204394,-0.4293483267204394,0.5,1.0,24,12
prewhitened_ar,uk_ipi_c26_12m_pct,fred_asian_nie_computer_electronics_gbp_12m_pct,post_2022,0,0.4424235917365422,0.46659356317910905,0.5,0.5,33,12
prewhitened_ar,uk_ipi_c26_12m_pct,fred_asian_nie_computer_electronics_gbp_12m_pct,post_2022,1,0.007236634455051086,-0.06341929995653679,1.0,1.0,32,12
prewhitened_ar,uk_ipi_c26_12m_pct,fred_asian_nie_computer_electronics_gbp_12m_pct,post_2022,2,0.2541053209022999,0.18972421101927206,1.0,1.0,31,12
prewhitened_ar,uk_ipi_c26_12m_pct,fred_asian_nie_computer_electronics_gbp_12m_pct,post_2022,3,-0.07752382856557766,-0.033202585881230214,0.5,1.0,30,12
prewhitened_ar,uk_ipi_c26_12m_pct,fred_asian_nie_computer_electronics_gbp_12m_pct,post_2022,4,0.012411030537613086,0.0912756466442055,0.5,1.0,29,12
prewhitened_ar,uk_ipi_c26_12m_pct,fred_asian_nie_computer_electronics_gbp_12m_pct,post_2022,5,-0.09816301296748024,0.01573034110082975,1.0,1.0,28,12
prewhitened_ar,uk_ipi_c26_12m_pct,fred_asian_nie_computer_electronics_gbp_12m_pct,post_2022,6,0.1383961323801179,0.24226092038598676,0.5,1.0,27,12
prewhitened_ar,uk_ipi_c26_12m_pct,fred_asian_nie_computer_electronics_gbp_12m_pct,post_2022,7,-0.236831399150634,-0.26629326646661505,0.5,1.0,26,12
prewhitened_ar,uk_ipi_c26_12m_pct,fred_asian_nie_computer_electronics_gbp_12m_pct,post_2022,8,0.05972258565357364,-0.0032996440577747095,1.0,1.0,25,12
prewhitened_ar,uk_ipi_c26_12m_pct,fred_asian_nie_computer_electronics_gbp_12m_pct,post_2022,9,0.3106709665032778,0.36554714184446757,0.5,0.5,24,12
prewhitened_ar,uk_ipi_c26_12m_pct,fred_asian_nie_computer_electronics_gbp_12m_pct,post_2022,10,0.09785377049258534,0.06549541473346378,1.0,1.0,23,12
prewhitened_ar,uk_ipi_c26_12m_pct,fred_asian_nie_computer_electronics_gbp_12m_pct,post_2022,11,-0.12049035604520858,-0.11983811640071011,1.0,1.0,22,12
prewhitened_ar,uk_ipi_c26_12m_pct,fred_asian_nie_computer_electronics_gbp_12m_pct,post_2022,12,-0.13643822611383938,-0.13643822611383938,0.5,1.0,21,12
prewhitened_ar,uk_ipi_c26_12m_pct,asia_bls_common_factor_z,full,0,0.6475672213023806,0.6540561002329867,0.009900990099009901,0.009900990099009901,136,12
prewhitened_ar,uk_ipi_c26_12m_pct,asia_bls_common_factor_z,full,1,0.06993984339456266,0.05639936633813675,0.5544554455445545,1.0,135,12
prewhitened_ar,uk_ipi_c26_12m_pct,asia_bls_common_factor_z,full,2,0.04451708955929219,0.02166482231813625,0.7920792079207921,1.0,134,12
prewhitened_ar,uk_ipi_c26_12m_pct,asia_bls_common_factor_z,full,3,0.016390047686867252,0.020138357724482494,0.7920792079207921,1.0,133,12
prewhitened_ar,uk_ipi_c26_12m_pct,asia_bls_common_factor_z,full,4,0.0743562461710851,0.08359189689950998,0.36633663366336633,1.0,132,12
prewhitened_ar,uk_ipi_c26_12m_pct,asia_bls_common_factor_z,full,5,-0.1225400310966751,-0.11172412517757109,0.1485148514851485,0.9306930693069307,131,12
prewhitened_ar,uk_ipi_c26_12m_pct,asia_bls_common_factor_z,full,6,0.19980092043616168,0.21269132348108574,0.009900990099009901,0.0297029702970297,130,12
prewhitened_ar,uk_ipi_c26_12m_pct,asia_bls_common_factor_z,full,7,0.06802478178478318,0.07049207755244564,0.46534653465346537,1.0,129,12
prewhitened_ar,uk_ipi_c26_12m_pct,asia_bls_common_factor_z,full,8,0.10849878329247438,0.10372646091262931,0.18811881188118812,0.9603960396039604,128,12
prewhitened_ar,uk_ipi_c26_12m_pct,asia_bls_common_factor_z,full,9,-0.04835431157152644,-0.045118625214200674,0.6336633663366337,1.0,127,12
prewhitened_ar,uk_ipi_c26_12m_pct,asia_bls_common_factor_z,full,10,0.0318701354673852,0.02874725847521306,0.7128712871287128,1.0,126,12
prewhitened_ar,uk_ipi_c26_12m_pct,asia_bls_common_factor_z,full,11,0.025537163508161573,0.026376503974321803,0.7524752475247525,1.0,125,12
prewhitened_ar,uk_ipi_c26_12m_pct,asia_bls_common_factor_z,full,12,-0.3634346696538494,-0.3634346696538494,0.009900990099009901,0.009900990099009901,124,12
prewhitened_ar,uk_ipi_c26_12m_pct,asia_bls_common_factor_z,pre_2020,0,0.594353126536517,0.5602784964110897,0.03125,0.03125,67,12
prewhitened_ar,uk_ipi_c26_12m_pct,asia_bls_common_factor_z,pre_2020,1,0.09951462095836157,0.10382138187028832,0.5,1.0,66,12
prewhitened_ar,uk_ipi_c26_12m_pct,asia_bls_common_factor_z,pre_2020,2,-0.00905209207916945,-0.06099909093773009,0.71875,1.0,65,12
prewhitened_ar,uk_ipi_c26_12m_pct,asia_bls_common_factor_z,pre_2020,3,0.15522830773393784,0.18227686233454563,0.1875,0.90625,64,12
prewhitened_ar,uk_ipi_c26_12m_pct,asia_bls_common_factor_z,pre_2020,4,-0.07813894974867101,-0.09786722204038552,0.4375,1.0,63,12
prewhitened_ar,uk_ipi_c26_12m_pct,asia_bls_common_factor_z,pre_2020,5,-0.07864704403393002,-0.07327246073588005,0.5625,1.0,62,12
prewhitened_ar,uk_ipi_c26_12m_pct,asia_bls_common_factor_z,pre_2020,6,0.17576645162320134,0.16202048236391828,0.28125,0.9375,61,12
prewhitened_ar,uk_ipi_c26_12m_pct,asia_bls_common_factor_z,pre_2020,7,0.00627203304936798,-0.020276013529113814,0.8125,1.0,60,12
prewhitened_ar,uk_ipi_c26_12m_pct,asia_bls_common_factor_z,pre_2020,8,0.06042422038927294,0.042636448183592524,0.5625,1.0,59,12
prewhitened_ar,uk_ipi_c26_12m_pct,asia_bls_common_factor_z,pre_2020,9,-0.18703175050961787,-0.22806309118493118,0.03125,0.5625,58,12
prewhitened_ar,uk_ipi_c26_12m_pct,asia_bls_common_factor_z,pre_2020,10,-0.12150502805303812,-0.14434340811437057,0.3125,1.0,57,12
prewhitened_ar,uk_ipi_c26_12m_pct,asia_bls_common_factor_z,pre_2020,11,0.16667663506787977,0.15799371696335576,0.1875,0.9375,56,12
prewhitened_ar,uk_ipi_c26_12m_pct,asia_bls_common_factor_z,pre_2020,12,-0.2626965152870046,-0.2626965152870046,0.03125,0.375,55,12
prewhitened_ar,uk_ipi_c26_12m_pct,asia_bls_common_factor_z,pandemic_2020_2022,0,0.7868537268727485,0.8261890747554029,0.5,0.5,36,12
prewhitened_ar,uk_ipi_c26_12m_pct,asia_bls_common_factor_z,pandemic_2020_2022,1,0.08088652128010239,-0.021071470827656893,1.0,1.0,35,12
prewhitened_ar,uk_ipi_c26_12m_pct,asia_bls_common_factor_z,pandemic_2020_2022,2,0.09522694057774445,0.12042029959346987,0.5,1.0,34,12
prewhitened_ar,uk_ipi_c26_12m_pct,asia_bls_common_factor_z,pandemic_2020_2022,3,-0.12607321027975044,-0.23754546404999913,0.5,1.0,33,12
prewhitened_ar,uk_ipi_c26_12m_pct,asia_bls_common_factor_z,pandemic_2020_2022,4,0.22802839099212724,-0.10774759032049373,0.5,1.0,32,12
prewhitened_ar,uk_ipi_c26_12m_pct,asia_bls_common_factor_z,pandemic_2020_2022,5,-0.2514151822454037,-0.4959306414370826,0.5,1.0,31,12
prewhitened_ar,uk_ipi_c26_12m_pct,asia_bls_common_factor_z,pandemic_2020_2022,6,0.21731861798290716,0.3063884531831178,1.0,1.0,30,12
prewhitened_ar,uk_ipi_c26_12m_pct,asia_bls_common_factor_z,pandemic_2020_2022,7,0.2762214323767316,0.4825963942511847,0.5,1.0,29,12
prewhitened_ar,uk_ipi_c26_12m_pct,asia_bls_common_factor_z,pandemic_2020_2022,8,0.08507267045969046,0.2954062550073594,0.5,1.0,28,12
prewhitened_ar,uk_ipi_c26_12m_pct,asia_bls_common_factor_z,pandemic_2020_2022,9,0.07720388054665,0.1204113205999047,0.5,1.0,27,12
prewhitened_ar,uk_ipi_c26_12m_pct,asia_bls_common_factor_z,pandemic_2020_2022,10,0.328507626738248,0.3314218385397956,0.5,1.0,26,12
prewhitened_ar,uk_ipi_c26_12m_pct,asia_bls_common_factor_z,pandemic_2020_2022,11,-0.07447029294132355,-0.09180734393176769,0.5,1.0,25,12
prewhitened_ar,uk_ipi_c26_12m_pct,asia_bls_common_factor_z,pandemic_2020_2022,12,-0.43450678419029853,-0.43450678419029853,0.5,1.0,24,12
prewhitened_ar,uk_ipi_c26_12m_pct,asia_bls_common_factor_z,post_2022,0,0.5499015830839774,0.5828907590034937,0.5,0.5,33,12
prewhitened_ar,uk_ipi_c26_12m_pct,asia_bls_common_factor_z,post_2022,1,0.028130663049286027,-0.04972091094213291,0.5,1.0,32,12
prewhitened_ar,uk_ipi_c26_12m_pct,asia_bls_common_factor_z,post_2022,2,0.24068022500440966,0.16294135524635042,1.0,1.0,31,12
prewhitened_ar,uk_ipi_c26_12m_pct,asia_bls_common_factor_z,post_2022,3,-0.07779001202728858,-0.0402220742472317,0.5,1.0,30,12
prewhitened_ar,uk_ipi_c26_12m_pct,asia_bls_common_factor_z,post_2022,4,0.0560654559427035,0.1530655919553625,0.5,1.0,29,12
prewhitened_ar,uk_ipi_c26_12m_pct,asia_bls_common_factor_z,post_2022,5,-0.14447101834413378,-0.037720575463353605,0.5,1.0,28,12
prewhitened_ar,uk_ipi_c26_12m_pct,asia_bls_common_factor_z,post_2022,6,0.12881754047472527,0.2243109875114272,0.5,1.0,27,12
prewhitened_ar,uk_ipi_c26_12m_pct,asia_bls_common_factor_z,post_2022,7,-0.19404375624696252,-0.21982235539013895,0.5,1.0,26,12
prewhitened_ar,uk_ipi_c26_12m_pct,asia_bls_common_factor_z,post_2022,8,0.014090873317352062,-0.05059399528019591,1.0,1.0,25,12
prewhitened_ar,uk_ipi_c26_12m_pct,asia_bls_common_factor_z,post_2022,9,0.2540952058126379,0.30544436667553493,0.5,0.5,24,12
prewhitened_ar,uk_ipi_c26_12m_pct,asia_bls_common_factor_z,post_2022,10,0.08275120724521562,0.04882911402015692,1.0,1.0,23,12
prewhitened_ar,uk_ipi_c26_12m_pct,asia_bls_common_factor_z,post_2022,11,-0.14111685544704808,-0.13664642523883144,1.0,1.0,22,12
prewhitened_ar,uk_ipi_c26_12m_pct,asia_bls_common_factor_z,post_2022,12,-0.17655589326645482,-0.17655589326645482,0.5,1.0,21,12
prewhitened_ar,uk_ipi_c261_12m_pct,jp_epi_electronics_gbp_12m_pct,full,0,0.5307203610339335,0.6011262110494684,0.006578947368421052,0.006578947368421052,187,12
prewhitened_ar,uk_ipi_c261_12m_pct,jp_epi_electronics_gbp_12m_pct,full,1,0.017850597253518268,0.019005606967632545,0.8157894736842105,1.0,186,12
prewhitened_ar,uk_ipi_c261_12m_pct,jp_epi_electronics_gbp_12m_pct,full,2,0.10546947548002024,0.09890454851995298,0.18421052631578946,0.9802631578947368,185,12
prewhitened_ar,uk_ipi_c261_12m_pct,jp_epi_electronics_gbp_12m_pct,full,3,-0.05127542067345652,-0.04032204121307398,0.5855263157894737,1.0,184,12
prewhitened_ar,uk_ipi_c261_12m_pct,jp_epi_electronics_gbp_12m_pct,full,4,-0.056114603842446396,-0.05760510167752893,0.4407894736842105,1.0,183,12
prewhitened_ar,uk_ipi_c261_12m_pct,jp_epi_electronics_gbp_12m_pct,full,5,-0.031846907144244416,-0.04498027397876683,0.5592105263157895,1.0,182,12
prewhitened_ar,uk_ipi_c261_12m_pct,jp_epi_electronics_gbp_12m_pct,full,6,0.1277237959000272,0.1363778439384307,0.09210526315789473,0.743421052631579,181,12
prewhitened_ar,uk_ipi_c261_12m_pct,jp_epi_electronics_gbp_12m_pct,full,7,-0.005131572742094615,-0.003862950039311216,0.9342105263157895,1.0,180,12
prewhitened_ar,uk_ipi_c261_12m_pct,jp_epi_electronics_gbp_12m_pct,full,8,0.06440312278302264,0.0637518374899832,0.3881578947368421,1.0,179,12
prewhitened_ar,uk_ipi_c261_12m_pct,jp_epi_electronics_gbp_12m_pct,full,9,0.04279378764533962,0.040914593362180125,0.5723684210526315,1.0,178,12
prewhitened_ar,uk_ipi_c261_12m_pct,jp_epi_electronics_gbp_12m_pct,full,10,0.0936738001543274,0.09500219929122584,0.20394736842105263,0.9802631578947368,177,12
prewhitened_ar,uk_ipi_c261_12m_pct,jp_epi_electronics_gbp_12m_pct,full,11,0.036683716115564105,0.036259449845785885,0.6118421052631579,1.0,176,12
prewhitened_ar,uk_ipi_c261_12m_pct,jp_epi_electronics_gbp_12m_pct,full,12,-0.24419873629791541,-0.24419873629791541,0.019736842105263157,0.16447368421052633,175,12
prewhitened_ar,uk_ipi_c261_12m_pct,jp_epi_electronics_gbp_12m_pct,pre_2020,0,0.5684864461542122,0.550664797613066,0.013513513513513514,0.013513513513513514,109,12
prewhitened_ar,uk_ipi_c261_12m_pct,jp_epi_electronics_gbp_12m_pct,pre_2020,1,-0.0075471302025205775,0.009716920433245456,0.9594594594594594,1.0,108,12
prewhitened_ar,uk_ipi_c261_12m_pct,jp_epi_electronics_gbp_12m_pct,pre_2020,2,0.004602195163444171,-0.024859094625840635,0.8513513513513513,1.0,107,12
prewhitened_ar,uk_ipi_c261_12m_pct,jp_epi_electronics_gbp_12m_pct,pre_2020,3,0.11920112388846034,0.13552498996480297,0.16216216216216217,0.918918918918919,106,12
prewhitened_ar,uk_ipi_c261_12m_pct,jp_epi_electronics_gbp_12m_pct,pre_2020,4,-0.1730922286144398,-0.17691974402036548,0.08108108108108109,0.7702702702702703,105,12
prewhitened_ar,uk_ipi_c261_12m_pct,jp_epi_electronics_gbp_12m_pct,pre_2020,5,0.01935699420834603,0.029712731707813016,0.7297297297297297,1.0,104,12
prewhitened_ar,uk_ipi_c261_12m_pct,jp_epi_electronics_gbp_12m_pct,pre_2020,6,0.17922485684134454,0.1957419898344837,0.06756756756756757,0.581081081081081,103,12
prewhitened_ar,uk_ipi_c261_12m_pct,jp_epi_electronics_gbp_12m_pct,pre_2020,7,-0.07624785830670738,-0.08370905459020729,0.32432432432432434,1.0,102,12
prewhitened_ar,uk_ipi_c261_12m_pct,jp_epi_electronics_gbp_12m_pct,pre_2020,8,0.020558110609241884,0.02145635754532835,0.7972972972972973,1.0,101,12
prewhitened_ar,uk_ipi_c261_12m_pct,jp_epi_electronics_gbp_12m_pct,pre_2020,9,0.008492371739696723,-0.0074240197517955716,0.9594594594594594,1.0,100,12
prewhitened_ar,uk_ipi_c261_12m_pct,jp_epi_electronics_gbp_12m_pct,pre_2020,10,0.12969711473767884,0.12364960967618266,0.17567567567567569,0.972972972972973,99,12
prewhitened_ar,uk_ipi_c261_12m_pct,jp_epi_electronics_gbp_12m_pct,pre_2020,11,0.010903737734699881,0.009301051901393274,0.9054054054054054,1.0,98,12
prewhitened_ar,uk_ipi_c261_12m_pct,jp_epi_electronics_gbp_12m_pct,pre_2020,12,-0.15961555159755636,-0.15961555159755636,0.0945945945945946,0.8783783783783784,97,12
prewhitened_ar,uk_ipi_c261_12m_pct,jp_epi_electronics_gbp_12m_pct,pandemic_2020_2022,0,0.7943929556741186,0.8942677089722172,0.5,0.5,36,12
prewhitened_ar,uk_ipi_c261_12m_pct,jp_epi_electronics_gbp_12m_pct,pandemic_2020_2022,1,-0.017687801535037823,-0.09393802749464465,0.5,1.0,35,12
prewhitened_ar,uk_ipi_c261_12m_pct,jp_epi_electronics_gbp_12m_pct,pandemic_2020_2022,2,0.38239329155232965,0.44934518869721224,0.5,1.0,34,12
prewhitened_ar,uk_ipi_c261_12m_pct,jp_epi_electronics_gbp_12m_pct,pandemic_2020_2022,3,-0.18257772186037058,-0.21178838383827914,1.0,1.0,33,12
prewhitened_ar,uk_ipi_c261_12m_pct,jp_epi_electronics_gbp_12m_pct,pandemic_2020_2022,4,0.2291618083257303,0.17975327735370172,1.0,1.0,32,12
prewhitened_ar,uk_ipi_c261_12m_pct,jp_epi_electronics_gbp_12m_pct,pandemic_2020_2022,5,-0.2912057084355854,-0.47625992419958446,0.5,1.0,31,12
prewhitened_ar,uk_ipi_c261_12m_pct,jp_epi_electronics_gbp_12m_pct,pandemic_2020_2022,6,-0.017882166917638186,0.07716197249748276,1.0,1.0,30,12
prewhitened_ar,uk_ipi_c261_12m_pct,jp_epi_electronics_gbp_12m_pct,pandemic_2020_2022,7,0.10061774341539595,0.08956905646924368,0.5,1.0,29,12
prewhitened_ar,uk_ipi_c261_12m_pct,jp_epi_electronics_gbp_12m_pct,pandemic_2020_2022,8,0.052475960777242835,0.04709877794781239,0.5,1.0,28,12
prewhitened_ar,uk_ipi_c261_12m_pct,jp_epi_electronics_gbp_12m_pct,pandemic_2020_2022,9,0.15911157872513795,0.26435786668461786,0.5,1.0,27,12
prewhitened_ar,uk_ipi_c261_12m_pct,jp_epi_electronics_gbp_12m_pct,pandemic_2020_2022,10,0.11539911507494738,0.1334876788526417,0.5,1.0,26,12
prewhitened_ar,uk_ipi_c261_12m_pct,jp_epi_electronics_gbp_12m_pct,pandemic_2020_2022,11,0.1215946721989884,0.10699015854900916,0.5,1.0,25,12
prewhitened_ar,uk_ipi_c261_12m_pct,jp_epi_electronics_gbp_12m_pct,pandemic_2020_2022,12,-0.5034494861459042,-0.5034494861459042,0.5,1.0,24,12
prewhitened_ar,uk_ipi_c261_12m_pct,jp_epi_electronics_gbp_12m_pct,post_2022,0,0.14978195220877583,0.38614277135267716,0.2857142857142857,1.0,42,12
prewhitened_ar,uk_ipi_c261_12m_pct,jp_epi_electronics_gbp_12m_pct,post_2022,1,0.2527195569474899,0.2983930126993643,0.2857142857142857,1.0,41,12
prewhitened_ar,uk_ipi_c261_12m_pct,jp_epi_electronics_gbp_12m_pct,post_2022,2,0.23735611598674364,0.15633518118277615,0.42857142857142855,1.0,40,12
prewhitened_ar,uk_ipi_c261_12m_pct,jp_epi_electronics_gbp_12m_pct,post_2022,3,-0.28316773632841846,-0.3500608040681028,0.42857142857142855,1.0,39,12
prewhitened_ar,uk_ipi_c261_12m_pct,jp_epi_electronics_gbp_12m_pct,post_2022,4,-0.09624716302076884,-0.1895830042795108,0.42857142857142855,1.0,38,12
prewhitened_ar,uk_ipi_c261_12m_pct,jp_epi_electronics_gbp_12m_pct,post_2022,5,0.09562538194683705,-0.018450730079784837,0.5714285714285714,1.0,37,12
prewhitened_ar,uk_ipi_c261_12m_pct,jp_epi_electronics_gbp_12m_pct,post_2022,6,-0.02358909812293203,-0.0063117731869752145,0.8571428571428571,1.0,36,12
prewhitened_ar,uk_ipi_c261_12m_pct,jp_epi_electronics_gbp_12m_pct,post_2022,7,0.014830008231406351,0.011354987557182587,1.0,1.0,35,12
prewhitened_ar,uk_ipi_c261_12m_pct,jp_epi_electronics_gbp_12m_pct,post_2022,8,0.05256157629517797,0.027065323223803832,1.0,1.0,34,12
prewhitened_ar,uk_ipi_c261_12m_pct,jp_epi_electronics_gbp_12m_pct,post_2022,9,0.020069416450566195,-0.0021244091258257568,1.0,1.0,33,12
prewhitened_ar,uk_ipi_c261_12m_pct,jp_epi_electronics_gbp_12m_pct,post_2022,10,-0.04347255851998668,-0.035138258952895685,1.0,1.0,32,12
prewhitened_ar,uk_ipi_c261_12m_pct,jp_epi_electronics_gbp_12m_pct,post_2022,11,-0.07441951599258145,-0.08716746865465563,0.8571428571428571,1.0,31,12
prewhitened_ar,uk_ipi_c261_12m_pct,jp_epi_electronics_gbp_12m_pct,post_2022,12,-0.11581651402846711,-0.11581651402846711,0.7142857142857143,1.0,30,12
prewhitened_ar,uk_ipi_c261_12m_pct,kr_epi_tech_gbp_12m_pct,full,0,0.3534054033921075,0.4552235538839534,0.043478260869565216,0.043478260869565216,58,12
prewhitened_ar,uk_ipi_c261_12m_pct,kr_epi_tech_gbp_12m_pct,full,1,0.038051344350973126,-0.05227427928880698,0.8695652173913043,1.0,57,12
prewhitened_ar,uk_ipi_c261_12m_pct,kr_epi_tech_gbp_12m_pct,full,2,0.057638482927755356,0.11025461110517272,0.6521739130434783,1.0,56,12
prewhitened_ar,uk_ipi_c261_12m_pct,kr_epi_tech_gbp_12m_pct,full,3,-0.27696637466672025,-0.2213454319116345,0.13043478260869565,0.9130434782608695,55,12
prewhitened_ar,uk_ipi_c261_12m_pct,kr_epi_tech_gbp_12m_pct,full,4,0.08716795131556213,0.09585471108948565,0.6956521739130435,1.0,54,12
prewhitened_ar,uk_ipi_c261_12m_pct,kr_epi_tech_gbp_12m_pct,full,5,0.01809960182682298,-0.07315889575821884,0.6956521739130435,1.0,53,12
prewhitened_ar,uk_ipi_c261_12m_pct,kr_epi_tech_gbp_12m_pct,full,6,0.028150719402323884,-0.01922076437203539,0.8695652173913043,1.0,52,12
prewhitened_ar,uk_ipi_c261_12m_pct,kr_epi_tech_gbp_12m_pct,full,7,-0.07161636665659221,-0.052956303694566706,0.7391304347826086,1.0,51,12
prewhitened_ar,uk_ipi_c261_12m_pct,kr_epi_tech_gbp_12m_pct,full,8,-0.024682853695462314,-0.01833903857629007,0.9130434782608695,1.0,50,12
prewhitened_ar,uk_ipi_c261_12m_pct,kr_epi_tech_gbp_12m_pct,full,9,-0.10691267530171174,-0.10743915159179267,0.5652173913043478,1.0,49,12
prewhitened_ar,uk_ipi_c261_12m_pct,kr_epi_tech_gbp_12m_pct,full,10,0.20730093829882096,0.20704611509651824,0.17391304347826086,0.9565217391304348,48,12
prewhitened_ar,uk_ipi_c261_12m_pct,kr_epi_tech_gbp_12m_pct,full,11,0.2400186559349192,0.24254805429960574,0.13043478260869565,0.782608695652174,47,12
prewhitened_ar,uk_ipi_c261_12m_pct,kr_epi_tech_gbp_12m_pct,full,12,-0.20102467487579628,-0.20102467487579628,0.30434782608695654,1.0,46,12
prewhitened_ar,uk_ipi_c261_12m_pct,kr_epi_tech_gbp_12m_pct,pandemic_2020_2022,0,0.5552249363020517,0.7254305559734574,0.5,0.5,33,12
prewhitened_ar,uk_ipi_c261_12m_pct,kr_epi_tech_gbp_12m_pct,pandemic_2020_2022,1,-0.14774404095038526,-0.269929554047654,0.5,1.0,32,12
prewhitened_ar,uk_ipi_c261_12m_pct,kr_epi_tech_gbp_12m_pct,pandemic_2020_2022,2,0.22223389148045458,0.37639111021661853,0.5,1.0,31,12
prewhitened_ar,uk_ipi_c261_12m_pct,kr_epi_tech_gbp_12m_pct,pandemic_2020_2022,3,-0.28134437664285433,-0.1916980021434773,0.5,1.0,30,12
prewhitened_ar,uk_ipi_c261_12m_pct,kr_epi_tech_gbp_12m_pct,pandemic_2020_2022,4,0.2288698576722299,0.23624468336930385,1.0,1.0,29,12
prewhitened_ar,uk_ipi_c261_12m_pct,kr_epi_tech_gbp_12m_pct,pandemic_2020_2022,5,-0.15474504146007945,-0.3046062884701053,0.5,1.0,28,12
prewhitened_ar,uk_ipi_c261_12m_pct,kr_epi_tech_gbp_12m_pct,pandemic_2020_2022,6,-0.12167887972275311,0.024178398700132393,1.0,1.0,27,12
prewhitened_ar,uk_ipi_c261_12m_pct,kr_epi_tech_gbp_12m_pct,pandemic_2020_2022,7,0.1363311480656376,0.11739462355734875,0.5,1.0,26,12
prewhitened_ar,uk_ipi_c261_12m_pct,kr_epi_tech_gbp_12m_pct,pandemic_2020_2022,8,0.041440313994534794,0.2084153272941954,1.0,1.0,25,12
prewhitened_ar,uk_ipi_c261_12m_pct,kr_epi_tech_gbp_12m_pct,pandemic_2020_2022,9,-0.04395720220200178,0.13605673027140822,1.0,1.0,24,12
prewhitened_ar,uk_ipi_c261_12m_pct,kr_epi_tech_gbp_12m_pct,pandemic_2020_2022,10,0.44812331781178316,0.41586716620630876,0.5,0.5,23,12
prewhitened_ar,uk_ipi_c261_12m_pct,kr_epi_tech_gbp_12m_pct,pandemic_2020_2022,11,0.39897868979451667,0.34276909774012676,0.5,1.0,22,12
prewhitened_ar,uk_ipi_c261_12m_pct,kr_epi_tech_gbp_12m_pct,pandemic_2020_2022,12,-0.27624697689909306,-0.27624697689909306,0.5,1.0,21,12
prewhitened_ar,uk_ipi_c261_12m_pct,kr_epi_tech_gbp_12m_pct,post_2022,0,0.192836362121318,0.1967523644245157,0.5,1.0,25,12
prewhitened_ar,uk_ipi_c261_12m_pct,kr_epi_tech_gbp_12m_pct,post_2022,1,0.43725564842565146,0.4395498036415663,0.5,0.5,24,12
prewhitened_ar,uk_ipi_c261_12m_pct,kr_epi_tech_gbp_12m_pct,post_2022,2,0.050995337098546686,0.09648981614628521,1.0,1.0,23,12
prewhitened_ar,uk_ipi_c261_12m_pct,kr_epi_tech_gbp_12m_pct,post_2022,3,-0.11243975873390254,0.2614187694334924,0.5,1.0,22,12
prewhitened_ar,uk_ipi_c261_12m_pct,kr_epi_tech_gbp_12m_pct,post_2022,4,-0.15602021718840234,-0.4142013539453042,1.0,1.0,21,12
prewhitened_ar,uk_ipi_c261_12m_pct,kr_epi_tech_gbp_12m_pct,post_2022,5,0.25546365714779584,-0.046798547657548144,1.0,1.0,20,12
prewhitened_ar,uk_ipi_c261_12m_pct,kr_epi_tech_gbp_12m_pct,post_2022,6,0.19167395827423145,0.06623311456878123,0.5,1.0,19,12
prewhitened_ar,uk_ipi_c261_12m_pct,kr_epi_tech_gbp_12m_pct,post_2022,7,-0.2486415854748733,-0.19265875045518993,0.5,1.0,18,12
prewhitened_ar,uk_ipi_c261_12m_pct,kr_epi_tech_gbp_12m_pct,post_2022,8,-0.1657309681590721,-0.15796574710453273,1.0,1.0,17,12
prewhitened_ar,uk_ipi_c261_12m_pct,kr_epi_tech_gbp_12m_pct,post_2022,9,-0.17382419006053387,-0.1525191508603714,0.5,1.0,16,12
prewhitened_ar,uk_ipi_c261_12m_pct,kr_epi_tech_gbp_12m_pct,post_2022,10,-0.16143764392780885,-0.16687771961001846,0.5,1.0,15,12
prewhitened_ar,uk_ipi_c261_12m_pct,kr_epi_tech_gbp_12m_pct,post_2022,11,0.3017115315349446,0.35046119624092686,0.5,1.0,14,12
prewhitened_ar,uk_ipi_c261_12m_pct,kr_epi_tech_gbp_12m_pct,post_2022,12,0.04277695680696732,0.04277695680696732,1.0,1.0,13,12
prewhitened_ar,uk_ipi_c261_12m_pct,cn_ppi_tech_gbp_12m_pct,full,0,0.5875357540849903,0.5458210038094221,0.09090909090909091,0.09090909090909091,46,12
prewhitened_ar,uk_ipi_c261_12m_pct,cn_ppi_tech_gbp_12m_pct,full,1,0.2686088499551589,0.32973070469266696,0.09090909090909091,0.18181818181818182,45,12
prewhitened_ar,uk_ipi_c261_12m_pct,cn_ppi_tech_gbp_12m_pct,full,2,0.16548719948070958,0.1380078964586136,0.45454545454545453,1.0,44,12
prewhitened_ar,uk_ipi_c261_12m_pct,cn_ppi_tech_gbp_12m_pct,full,3,-0.07791434872418036,-0.029415777965023482,1.0,1.0,43,12
prewhitened_ar,uk_ipi_c261_12m_pct,cn_ppi_tech_gbp_12m_pct,full,4,-0.01879934148267736,-0.07286578203284906,0.8181818181818182,1.0,42,12
prewhitened_ar,uk_ipi_c261_12m_pct,cn_ppi_tech_gbp_12m_pct,full,5,0.1130113495738556,0.16112878485028617,0.45454545454545453,0.9090909090909091,41,12
prewhitened_ar,uk_ipi_c261_12m_pct,cn_ppi_tech_gbp_12m_pct,full,6,0.2586918624206948,0.2613802512270634,0.09090909090909091,0.45454545454545453,40,12
prewhitened_ar,uk_ipi_c261_12m_pct,cn_ppi_tech_gbp_12m_pct,full,7,0.12872122118412802,0.15200137395199406,0.5454545454545454,1.0,39,12
prewhitened_ar,uk_ipi_c261_12m_pct,cn_ppi_tech_gbp_12m_pct,full,8,-0.037931950732614204,-0.01367714237334113,1.0,1.0,38,12
prewhitened_ar,uk_ipi_c261_12m_pct,cn_ppi_tech_gbp_12m_pct,full,9,-0.1337909558156963,-0.15585415920178222,0.18181818181818182,1.0,37,12
prewhitened_ar,uk_ipi_c261_12m_pct,cn_ppi_tech_gbp_12m_pct,full,10,-0.08058562560468956,-0.1480739175688957,0.2727272727272727,1.0,36,12
prewhitened_ar,uk_ipi_c261_12m_pct,cn_ppi_tech_gbp_12m_pct,full,11,0.1652603921256691,0.20097338896927788,0.18181818181818182,0.9090909090909091,35,12
prewhitened_ar,uk_ipi_c261_12m_pct,cn_ppi_tech_gbp_12m_pct,full,12,-0.19915102491511188,-0.19915102491511188,0.18181818181818182,0.9090909090909091,34,12
prewhitened_ar,uk_ipi_c261_12m_pct,cn_ppi_tech_gbp_12m_pct,post_2022,0,0.6139279962480622,0.5639625522916386,0.5,0.5,36,12
prewhitened_ar,uk_ipi_c261_12m_pct,cn_ppi_tech_gbp_12m_pct,post_2022,1,0.09306408985845346,0.14431090703816157,0.5,1.0,35,12
prewhitened_ar,uk_ipi_c261_12m_pct,cn_ppi_tech_gbp_12m_pct,post_2022,2,0.16612507951184854,0.14082548309081278,0.5,1.0,34,12
prewhitened_ar,uk_ipi_c261_12m_pct,cn_ppi_tech_gbp_12m_pct,post_2022,3,-0.10263124564232275,-0.0013218290114062556,1.0,1.0,33,12
prewhitened_ar,uk_ipi_c261_12m_pct,cn_ppi_tech_gbp_12m_pct,post_2022,4,-0.21387854799982087,-0.3124854190949953,0.5,1.0,32,12
prewhitened_ar,uk_ipi_c261_12m_pct,cn_ppi_tech_gbp_12m_pct,post_2022,5,-0.0477508978607156,0.014477784102491729,1.0,1.0,31,12
prewhitened_ar,uk_ipi_c261_12m_pct,cn_ppi_tech_gbp_12m_pct,post_2022,6,0.18373850460160435,0.18001910492428014,1.0,1.0,30,12
prewhitened_ar,uk_ipi_c261_12m_pct,cn_ppi_tech_gbp_12m_pct,post_2022,7,0.03933754302865897,0.06515848211728278,0.5,1.0,29,12
prewhitened_ar,uk_ipi_c261_12m_pct,cn_ppi_tech_gbp_12m_pct,post_2022,8,-0.14243991480935553,-0.1183205263938859,1.0,1.0,28,12
prewhitened_ar,uk_ipi_c261_12m_pct,cn_ppi_tech_gbp_12m_pct,post_2022,9,-0.026936699096440878,-0.044382161090080634,0.5,1.0,27,12
prewhitened_ar,uk_ipi_c261_12m_pct,cn_ppi_tech_gbp_12m_pct,post_2022,10,-0.18316416601973518,-0.2936415472244739,0.5,1.0,26,12
prewhitened_ar,uk_ipi_c261_12m_pct,cn_ppi_tech_gbp_12m_pct,post_2022,11,0.0903733003990054,0.142755320530061,1.0,1.0,25,12
prewhitened_ar,uk_ipi_c261_12m_pct,cn_ppi_tech_gbp_12m_pct,post_2022,12,-0.14062202148326972,-0.14062202148326972,1.0,1.0,24,12
prewhitened_ar,uk_ipi_c261_12m_pct,tw_epi_integrated_circuits_gbp_12m_pct,full,0,0.6267905380769444,0.6381911191777676,0.006578947368421052,0.006578947368421052,187,12
prewhitened_ar,uk_ipi_c261_12m_pct,tw_epi_integrated_circuits_gbp_12m_pct,full,1,0.1058870477894513,0.09715516002399256,0.3026315789473684,1.0,186,12
prewhitened_ar,uk_ipi_c261_12m_pct,tw_epi_integrated_circuits_gbp_12m_pct,full,2,0.038921043590018106,0.04619257843273068,0.5986842105263158,1.0,185,12
prewhitened_ar,uk_ipi_c261_12m_pct,tw_epi_integrated_circuits_gbp_12m_pct,full,3,-0.028292667857156416,-0.027972474443121936,0.743421052631579,1.0,184,12
prewhitened_ar,uk_ipi_c261_12m_pct,tw_epi_integrated_circuits_gbp_12m_pct,full,4,0.06005342057097586,0.05751973470289946,0.5263157894736842,1.0,183,12
prewhitened_ar,uk_ipi_c261_12m_pct,tw_epi_integrated_circuits_gbp_12m_pct,full,5,0.04029388057663366,0.03479316287967554,0.6907894736842105,1.0,182,12
prewhitened_ar,uk_ipi_c261_12m_pct,tw_epi_integrated_circuits_gbp_12m_pct,full,6,0.11680150130591385,0.12065110631159132,0.17105263157894737,0.9407894736842105,181,12
prewhitened_ar,uk_ipi_c261_12m_pct,tw_epi_integrated_circuits_gbp_12m_pct,full,7,-0.07688648705192232,-0.07553916797536779,0.3815789473684211,1.0,180,12
prewhitened_ar,uk_ipi_c261_12m_pct,tw_epi_integrated_circuits_gbp_12m_pct,full,8,0.03723105772186016,0.03811205874511906,0.631578947368421,1.0,179,12
prewhitened_ar,uk_ipi_c261_12m_pct,tw_epi_integrated_circuits_gbp_12m_pct,full,9,0.11969656830563151,0.11949972220177577,0.18421052631578946,0.9407894736842105,178,12
prewhitened_ar,uk_ipi_c261_12m_pct,tw_epi_integrated_circuits_gbp_12m_pct,full,10,0.19911500320364126,0.19958205682711777,0.02631578947368421,0.26973684210526316,177,12
prewhitened_ar,uk_ipi_c261_12m_pct,tw_epi_integrated_circuits_gbp_12m_pct,full,11,-0.006568015686708769,-0.006538348631059849,0.9342105263157895,1.0,176,12
prewhitened_ar,uk_ipi_c261_12m_pct,tw_epi_integrated_circuits_gbp_12m_pct,full,12,-0.28814801942718954,-0.28814801942718954,0.006578947368421052,0.006578947368421052,175,12
prewhitened_ar,uk_ipi_c261_12m_pct,tw_epi_integrated_circuits_gbp_12m_pct,pre_2020,0,0.5711565446445686,0.5468238127251892,0.013513513513513514,0.013513513513513514,109,12
prewhitened_ar,uk_ipi_c261_12m_pct,tw_epi_integrated_circuits_gbp_12m_pct,pre_2020,1,0.031701973484648316,0.0368571456755332,0.7972972972972973,1.0,108,12
prewhitened_ar,uk_ipi_c261_12m_pct,tw_epi_integrated_circuits_gbp_12m_pct,pre_2020,2,-0.030087063946822198,-0.06523774114783373,0.5135135135135135,1.0,107,12
prewhitened_ar,uk_ipi_c261_12m_pct,tw_epi_integrated_circuits_gbp_12m_pct,pre_2020,3,0.08814827995649496,0.1070984644001724,0.24324324324324326,1.0,106,12
prewhitened_ar,uk_ipi_c261_12m_pct,tw_epi_integrated_circuits_gbp_12m_pct,pre_2020,4,-0.031199047518115936,-0.046533374730940213,0.6891891891891891,1.0,105,12
prewhitened_ar,uk_ipi_c261_12m_pct,tw_epi_integrated_circuits_gbp_12m_pct,pre_2020,5,0.0005600653540149496,0.0041855962267805255,0.9594594594594594,1.0,104,12
prewhitened_ar,uk_ipi_c261_12m_pct,tw_epi_integrated_circuits_gbp_12m_pct,pre_2020,6,0.09115267016308816,0.08990330122244476,0.2972972972972973,1.0,103,12
prewhitened_ar,uk_ipi_c261_12m_pct,tw_epi_integrated_circuits_gbp_12m_pct,pre_2020,7,-0.09837870450969532,-0.11072511227111324,0.1891891891891892,1.0,102,12
prewhitened_ar,uk_ipi_c261_12m_pct,tw_epi_integrated_circuits_gbp_12m_pct,pre_2020,8,0.00824093433711597,0.004469877087356773,0.9459459459459459,1.0,101,12
prewhitened_ar,uk_ipi_c261_12m_pct,tw_epi_integrated_circuits_gbp_12m_pct,pre_2020,9,0.023792471962293005,0.0058105871565656,0.8783783783783784,1.0,100,12
prewhitened_ar,uk_ipi_c261_12m_pct,tw_epi_integrated_circuits_gbp_12m_pct,pre_2020,10,0.1783400944900045,0.17038915728816148,0.08108108108108109,0.527027027027027,99,12
prewhitened_ar,uk_ipi_c261_12m_pct,tw_epi_integrated_circuits_gbp_12m_pct,pre_2020,11,-0.09104884024692816,-0.09930991139294947,0.25675675675675674,1.0,98,12
prewhitened_ar,uk_ipi_c261_12m_pct,tw_epi_integrated_circuits_gbp_12m_pct,pre_2020,12,-0.16746168602139364,-0.16746168602139364,0.10810810810810811,0.581081081081081,97,12
prewhitened_ar,uk_ipi_c261_12m_pct,tw_epi_integrated_circuits_gbp_12m_pct,pandemic_2020_2022,0,0.7677536551855361,0.8144665828193701,0.5,0.5,36,12
prewhitened_ar,uk_ipi_c261_12m_pct,tw_epi_integrated_circuits_gbp_12m_pct,pandemic_2020_2022,1,0.1637022106273619,-0.005608395043860389,1.0,1.0,35,12
prewhitened_ar,uk_ipi_c261_12m_pct,tw_epi_integrated_circuits_gbp_12m_pct,pandemic_2020_2022,2,0.32988167625502257,0.5062989645804105,0.5,1.0,34,12
prewhitened_ar,uk_ipi_c261_12m_pct,tw_epi_integrated_circuits_gbp_12m_pct,pandemic_2020_2022,3,-0.0914825328081225,-0.016888112927183153,1.0,1.0,33,12
prewhitened_ar,uk_ipi_c261_12m_pct,tw_epi_integrated_circuits_gbp_12m_pct,pandemic_2020_2022,4,0.3797753809227066,0.3068080003551591,1.0,1.0,32,12
prewhitened_ar,uk_ipi_c261_12m_pct,tw_epi_integrated_circuits_gbp_12m_pct,pandemic_2020_2022,5,-0.04250420738058147,-0.2906213699865404,0.5,1.0,31,12
prewhitened_ar,uk_ipi_c261_12m_pct,tw_epi_integrated_circuits_gbp_12m_pct,pandemic_2020_2022,6,0.024675329760279325,0.10864381271004689,1.0,1.0,30,12
prewhitened_ar,uk_ipi_c261_12m_pct,tw_epi_integrated_circuits_gbp_12m_pct,pandemic_2020_2022,7,-0.029361418669114805,0.04499338570412509,1.0,1.0,29,12
prewhitened_ar,uk_ipi_c261_12m_pct,tw_epi_integrated_circuits_gbp_12m_pct,pandemic_2020_2022,8,0.10552233636341259,0.1797703110617021,0.5,1.0,28,12
prewhitened_ar,uk_ipi_c261_12m_pct,tw_epi_integrated_circuits_gbp_12m_pct,pandemic_2020_2022,9,0.20466425176362238,0.27695589223436473,0.5,1.0,27,12
prewhitened_ar,uk_ipi_c261_12m_pct,tw_epi_integrated_circuits_gbp_12m_pct,pandemic_2020_2022,10,0.32084245443822357,0.3405326085678556,0.5,1.0,26,12
prewhitened_ar,uk_ipi_c261_12m_pct,tw_epi_integrated_circuits_gbp_12m_pct,pandemic_2020_2022,11,0.15821655213095837,0.14839973876969037,0.5,1.0,25,12
prewhitened_ar,uk_ipi_c261_12m_pct,tw_epi_integrated_circuits_gbp_12m_pct,pandemic_2020_2022,12,-0.5028360918614108,-0.5028360918614108,0.5,1.0,24,12
prewhitened_ar,uk_ipi_c261_12m_pct,tw_epi_integrated_circuits_gbp_12m_pct,post_2022,0,0.6535024079588782,0.7128701312951634,0.14285714285714285,0.14285714285714285,42,12
prewhitened_ar,uk_ipi_c261_12m_pct,tw_epi_integrated_circuits_gbp_12m_pct,post_2022,1,0.4121927968807788,0.42352038564815886,0.14285714285714285,1.0,41,12
prewhitened_ar,uk_ipi_c261_12m_pct,tw_epi_integrated_circuits_gbp_12m_pct,post_2022,2,0.06356986088773581,0.1003962904640802,0.5714285714285714,1.0,40,12
prewhitened_ar,uk_ipi_c261_12m_pct,tw_epi_integrated_circuits_gbp_12m_pct,post_2022,3,-0.22433083040154683,-0.324253952285336,0.2857142857142857,1.0,39,12
prewhitened_ar,uk_ipi_c261_12m_pct,tw_epi_integrated_circuits_gbp_12m_pct,post_2022,4,-0.18228279330392652,-0.25773631018262194,0.2857142857142857,1.0,38,12
prewhitened_ar,uk_ipi_c261_12m_pct,tw_epi_integrated_circuits_gbp_12m_pct,post_2022,5,0.07818093145789065,0.05352226914914817,0.8571428571428571,1.0,37,12
prewhitened_ar,uk_ipi_c261_12m_pct,tw_epi_integrated_circuits_gbp_12m_pct,post_2022,6,0.1832349935150943,0.2330855927746106,0.42857142857142855,1.0,36,12
prewhitened_ar,uk_ipi_c261_12m_pct,tw_epi_integrated_circuits_gbp_12m_pct,post_2022,7,-0.16018387671183607,-0.1575305812050637,0.7142857142857143,1.0,35,12
prewhitened_ar,uk_ipi_c261_12m_pct,tw_epi_integrated_circuits_gbp_12m_pct,post_2022,8,-0.05404993821362886,-0.04863268990366267,1.0,1.0,34,12
prewhitened_ar,uk_ipi_c261_12m_pct,tw_epi_integrated_circuits_gbp_12m_pct,post_2022,9,0.28746195828870597,0.29093170428199544,0.42857142857142855,1.0,33,12
prewhitened_ar,uk_ipi_c261_12m_pct,tw_epi_integrated_circuits_gbp_12m_pct,post_2022,10,0.2307115726227607,0.23776530969016177,0.42857142857142855,1.0,32,12
prewhitened_ar,uk_ipi_c261_12m_pct,tw_epi_integrated_circuits_gbp_12m_pct,post_2022,11,0.15653757694655854,0.15655697242929537,0.8571428571428571,1.0,31,12
prewhitened_ar,uk_ipi_c261_12m_pct,tw_epi_integrated_circuits_gbp_12m_pct,post_2022,12,-0.4228615381936703,-0.4228615381936703,0.14285714285714285,1.0,30,12
prewhitened_ar,uk_ipi_c261_12m_pct,hk_ppi_tech_gbp_12m_pct,full,0,-0.05312294912259098,-0.045209396785390744,0.631578947368421,1.0,187,12
prewhitened_ar,uk_ipi_c261_12m_pct,hk_ppi_tech_gbp_12m_pct,full,1,0.09706901426896314,0.15726818733741973,0.11842105263157894,0.875,186,12
prewhitened_ar,uk_ipi_c261_12m_pct,hk_ppi_tech_gbp_12m_pct,full,2,-0.10813026729651876,-0.12290215622837862,0.2236842105263158,0.993421052631579,185,12
prewhitened_ar,uk_ipi_c261_12m_pct,hk_ppi_tech_gbp_12m_pct,full,3,0.09292272879752106,0.07456848929540849,0.4868421052631579,1.0,184,12
prewhitened_ar,uk_ipi_c261_12m_pct,hk_ppi_tech_gbp_12m_pct,full,4,0.0080939334876099,-0.03002417397674503,0.756578947368421,1.0,183,12
prewhitened_ar,uk_ipi_c261_12m_pct,hk_ppi_tech_gbp_12m_pct,full,5,-0.06185335850874289,-0.05612764467817668,0.5394736842105263,1.0,182,12
prewhitened_ar,uk_ipi_c261_12m_pct,hk_ppi_tech_gbp_12m_pct,full,6,0.028520921379144484,0.036286551585099934,0.6513157894736842,1.0,181,12
prewhitened_ar,uk_ipi_c261_12m_pct,hk_ppi_tech_gbp_12m_pct,full,7,-0.030122489182157302,-0.027031206335372072,0.7828947368421053,1.0,180,12
prewhitened_ar,uk_ipi_c261_12m_pct,hk_ppi_tech_gbp_12m_pct,full,8,-0.12854618854777847,-0.1331889135371214,0.17105263157894737,0.9078947368421053,179,12
prewhitened_ar,uk_ipi_c261_12m_pct,hk_ppi_tech_gbp_12m_pct,full,9,-0.10192045149255513,-0.10161827632521125,0.3355263157894737,1.0,178,12
prewhitened_ar,uk_ipi_c261_12m_pct,hk_ppi_tech_gbp_12m_pct,full,10,-0.0409776101597313,-0.040979819657593286,0.6513157894736842,1.0,177,12
prewhitened_ar,uk_ipi_c261_12m_pct,hk_ppi_tech_gbp_12m_pct,full,11,0.06671553882693322,0.06669142552838017,0.5328947368421053,1.0,176,12
prewhitened_ar,uk_ipi_c261_12m_pct,hk_ppi_tech_gbp_12m_pct,full,12,0.03163574744709693,0.03163574744709693,0.7631578947368421,1.0,175,12
prewhitened_ar,uk_ipi_c261_12m_pct,hk_ppi_tech_gbp_12m_pct,pre_2020,0,0.07890925968080725,0.09406354793105594,0.36486486486486486,1.0,109,12
prewhitened_ar,uk_ipi_c261_12m_pct,hk_ppi_tech_gbp_12m_pct,pre_2020,1,0.1442051587912857,0.14636399547517379,0.20270270270270271,1.0,108,12
prewhitened_ar,uk_ipi_c261_12m_pct,hk_ppi_tech_gbp_12m_pct,pre_2020,2,-0.13953850626169367,-0.13409330202690023,0.20270270270270271,1.0,107,12
prewhitened_ar,uk_ipi_c261_12m_pct,hk_ppi_tech_gbp_12m_pct,pre_2020,3,-0.0013156055598685362,-0.0057493465629720915,0.9459459459459459,1.0,106,12
prewhitened_ar,uk_ipi_c261_12m_pct,hk_ppi_tech_gbp_12m_pct,pre_2020,4,-0.07530793658064838,-0.07610956019561355,0.44594594594594594,1.0,105,12
prewhitened_ar,uk_ipi_c261_12m_pct,hk_ppi_tech_gbp_12m_pct,pre_2020,5,-0.09082845082268895,-0.09425059350903385,0.33783783783783783,1.0,104,12
prewhitened_ar,uk_ipi_c261_12m_pct,hk_ppi_tech_gbp_12m_pct,pre_2020,6,0.08455827599483011,0.08995867429719571,0.32432432432432434,1.0,103,12
prewhitened_ar,uk_ipi_c261_12m_pct,hk_ppi_tech_gbp_12m_pct,pre_2020,7,0.013840885644682594,0.019713100579508126,0.8378378378378378,1.0,102,12
prewhitened_ar,uk_ipi_c261_12m_pct,hk_ppi_tech_gbp_12m_pct,pre_2020,8,-0.1342969403199479,-0.12955094519513416,0.25675675675675674,1.0,101,12
prewhitened_ar,uk_ipi_c261_12m_pct,hk_ppi_tech_gbp_12m_pct,pre_2020,9,-0.04105712484596956,-0.03425370120763884,0.6756756756756757,1.0,100,12
prewhitened_ar,uk_ipi_c261_12m_pct,hk_ppi_tech_gbp_12m_pct,pre_2020,10,-0.06261470428563437,-0.06325254262698579,0.527027027027027,1.0,99,12
prewhitened_ar,uk_ipi_c261_12m_pct,hk_ppi_tech_gbp_12m_pct,pre_2020,11,0.0956759715777351,0.09618940538972436,0.35135135135135137,1.0,98,12
prewhitened_ar,uk_ipi_c261_12m_pct,hk_ppi_tech_gbp_12m_pct,pre_2020,12,-0.0666885610336388,-0.0666885610336388,0.5405405405405406,1.0,97,12
prewhitened_ar,uk_ipi_c261_12m_pct,hk_ppi_tech_gbp_12m_pct,pandemic_2020_2022,0,-0.38659327770293006,-0.5696949407913702,0.5,0.5,36,12
prewhitened_ar,uk_ipi_c261_12m_pct,hk_ppi_tech_gbp_12m_pct,pandemic_2020_2022,1,0.14156520949930979,0.073093887341767,0.5,1.0,35,12
prewhitened_ar,uk_ipi_c261_12m_pct,hk_ppi_tech_gbp_12m_pct,pandemic_2020_2022,2,-0.3370079051082106,-0.5017070767349975,0.5,0.5,34,12
prewhitened_ar,uk_ipi_c261_12m_pct,hk_ppi_tech_gbp_12m_pct,pandemic_2020_2022,3,0.29278229697113906,0.2978431688907105,0.5,1.0,33,12
prewhitened_ar,uk_ipi_c261_12m_pct,hk_ppi_tech_gbp_12m_pct,pandemic_2020_2022,4,0.12776917245132205,0.04113872588609292,0.5,1.0,32,12
prewhitened_ar,uk_ipi_c261_12m_pct,hk_ppi_tech_gbp_12m_pct,pandemic_2020_2022,5,0.14185476824597304,0.24861804783842517,0.5,1.0,31,12
prewhitened_ar,uk_ipi_c261_12m_pct,hk_ppi_tech_gbp_12m_pct,pandemic_2020_2022,6,-0.01660457302431319,-0.14510935467409058,0.5,1.0,30,12
prewhitened_ar,uk_ipi_c261_12m_pct,hk_ppi_tech_gbp_12m_pct,pandemic_2020_2022,7,0.007189577548718107,-0.10031988780891447,0.5,1.0,29,12
prewhitened_ar,uk_ipi_c261_12m_pct,hk_ppi_tech_gbp_12m_pct,pandemic_2020_2022,8,-0.2854620480941388,-0.22766948216067157,0.5,1.0,28,12
prewhitened_ar,uk_ipi_c261_12m_pct,hk_ppi_tech_gbp_12m_pct,pandemic_2020_2022,9,-0.3189739639316279,-0.28648193220443047,0.5,1.0,27,12
prewhitened_ar,uk_ipi_c261_12m_pct,hk_ppi_tech_gbp_12m_pct,pandemic_2020_2022,10,-0.057570487235622386,-0.06983832280022706,1.0,1.0,26,12
prewhitened_ar,uk_ipi_c261_12m_pct,hk_ppi_tech_gbp_12m_pct,pandemic_2020_2022,11,-0.29171026814452083,-0.3019674964364447,0.5,1.0,25,12
prewhitened_ar,uk_ipi_c261_12m_pct,hk_ppi_tech_gbp_12m_pct,pandemic_2020_2022,12,0.3021186726895141,0.3021186726895141,0.5,1.0,24,12
prewhitened_ar,uk_ipi_c261_12m_pct,hk_ppi_tech_gbp_12m_pct,post_2022,0,-0.08975069278890128,-0.10023843791638685,0.7142857142857143,1.0,42,12
prewhitened_ar,uk_ipi_c261_12m_pct,hk_ppi_tech_gbp_12m_pct,post_2022,1,-0.17322157110764075,0.10195366865505577,0.5714285714285714,1.0,41,12
prewhitened_ar,uk_ipi_c261_12m_pct,hk_ppi_tech_gbp_12m_pct,post_2022,2,0.1210411360795747,0.1171699090739764,0.42857142857142855,1.0,40,12
prewhitened_ar,uk_ipi_c261_12m_pct,hk_ppi_tech_gbp_12m_pct,post_2022,3,0.1754768570598871,0.060379910525907965,0.7142857142857143,1.0,39,12
prewhitened_ar,uk_ipi_c261_12m_pct,hk_ppi_tech_gbp_12m_pct,post_2022,4,0.27061444597615697,0.10092619569821293,0.42857142857142855,1.0,38,12
prewhitened_ar,uk_ipi_c261_12m_pct,hk_ppi_tech_gbp_12m_pct,post_2022,5,-0.13843441298334788,-0.14796667197244795,0.5714285714285714,1.0,37,12
prewhitened_ar,uk_ipi_c261_12m_pct,hk_ppi_tech_gbp_12m_pct,post_2022,6,0.024073549100353406,0.06814164019432946,0.42857142857142855,1.0,36,12
prewhitened_ar,uk_ipi_c261_12m_pct,hk_ppi_tech_gbp_12m_pct,post_2022,7,-0.2725845938559684,-0.2682040628939083,0.42857142857142855,1.0,35,12
prewhitened_ar,uk_ipi_c261_12m_pct,hk_ppi_tech_gbp_12m_pct,post_2022,8,-0.0679721119849182,-0.07421015965383283,0.5714285714285714,1.0,34,12
prewhitened_ar,uk_ipi_c261_12m_pct,hk_ppi_tech_gbp_12m_pct,post_2022,9,-0.15245439063767552,-0.1362226246558066,0.42857142857142855,1.0,33,12
prewhitened_ar,uk_ipi_c261_12m_pct,hk_ppi_tech_gbp_12m_pct,post_2022,10,0.0443488252344475,0.0434888877080354,0.7142857142857143,1.0,32,12
prewhitened_ar,uk_ipi_c261_12m_pct,hk_ppi_tech_gbp_12m_pct,post_2022,11,0.1575979053693027,0.15710564851343026,0.5714285714285714,1.0,31,12
prewhitened_ar,uk_ipi_c261_12m_pct,hk_ppi_tech_gbp_12m_pct,post_2022,12,0.20025062544086158,0.20025062544086158,0.7142857142857143,1.0,30,12
prewhitened_ar,uk_ipi_c261_12m_pct,oecd_asia_c26_targeted_gbp_12m_pct,full,0,0.4120990750274573,0.5175039902643307,0.5,0.5,35,12
prewhitened_ar,uk_ipi_c261_12m_pct,oecd_asia_c26_targeted_gbp_12m_pct,full,1,0.26811852266389985,0.26722070206060866,1.0,1.0,34,12
prewhitened_ar,uk_ipi_c261_12m_pct,oecd_asia_c26_targeted_gbp_12m_pct,full,2,-0.022138041090451976,-0.04523366031986156,1.0,1.0,33,12
prewhitened_ar,uk_ipi_c261_12m_pct,oecd_asia_c26_targeted_gbp_12m_pct,full,3,-0.053030511265760506,-0.1571999472096503,0.5,1.0,32,12
prewhitened_ar,uk_ipi_c261_12m_pct,oecd_asia_c26_targeted_gbp_12m_pct,full,4,0.046884971385171954,-0.061678965583321754,1.0,1.0,31,12
prewhitened_ar,uk_ipi_c261_12m_pct,oecd_asia_c26_targeted_gbp_12m_pct,full,5,0.21639421456986016,0.14948508942836794,1.0,1.0,30,12
prewhitened_ar,uk_ipi_c261_12m_pct,oecd_asia_c26_targeted_gbp_12m_pct,full,6,0.02314692862740557,0.05650932145611076,0.5,1.0,29,12
prewhitened_ar,uk_ipi_c261_12m_pct,oecd_asia_c26_targeted_gbp_12m_pct,full,7,-0.11109835363655735,-0.05963590759457634,1.0,1.0,28,12
prewhitened_ar,uk_ipi_c261_12m_pct,oecd_asia_c26_targeted_gbp_12m_pct,full,8,0.010008978321112024,0.05781433986134363,1.0,1.0,27,12
prewhitened_ar,uk_ipi_c261_12m_pct,oecd_asia_c26_targeted_gbp_12m_pct,full,9,-0.3130845093228718,-0.3154215096607199,1.0,1.0,26,12
prewhitened_ar,uk_ipi_c261_12m_pct,oecd_asia_c26_targeted_gbp_12m_pct,full,10,0.000626904263719214,0.013453081205229896,0.5,1.0,25,12
prewhitened_ar,uk_ipi_c261_12m_pct,oecd_asia_c26_targeted_gbp_12m_pct,full,11,0.11515496460119404,0.1208948460186905,0.5,1.0,24,12
prewhitened_ar,uk_ipi_c261_12m_pct,oecd_asia_c26_targeted_gbp_12m_pct,full,12,-0.09983806459156791,-0.09983806459156791,0.5,1.0,23,12
prewhitened_ar,uk_ipi_c261_12m_pct,oecd_asia_c26_targeted_gbp_12m_pct,post_2022,0,0.3000343442482819,0.47316980147988696,0.5,0.5,25,12
prewhitened_ar,uk_ipi_c261_12m_pct,oecd_asia_c26_targeted_gbp_12m_pct,post_2022,1,0.1911537953118943,0.23353344242022178,0.5,1.0,24,12
prewhitened_ar,uk_ipi_c261_12m_pct,oecd_asia_c26_targeted_gbp_12m_pct,post_2022,2,-0.007919121061681784,0.05114380832138055,1.0,1.0,23,12
prewhitened_ar,uk_ipi_c261_12m_pct,oecd_asia_c26_targeted_gbp_12m_pct,post_2022,3,0.17006416338677594,0.15031722396983363,0.5,1.0,22,12
prewhitened_ar,uk_ipi_c261_12m_pct,oecd_asia_c26_targeted_gbp_12m_pct,post_2022,4,-0.16183671306728376,-0.4790219396051723,0.5,0.5,21,12
prewhitened_ar,uk_ipi_c261_12m_pct,oecd_asia_c26_targeted_gbp_12m_pct,post_2022,5,0.027586965033846278,-0.2071555699466258,1.0,1.0,20,12
prewhitened_ar,uk_ipi_c261_12m_pct,oecd_asia_c26_targeted_gbp_12m_pct,post_2022,6,-0.14170911294865582,-0.12882228208923205,1.0,1.0,19,12
prewhitened_ar,uk_ipi_c261_12m_pct,oecd_asia_c26_targeted_gbp_12m_pct,post_2022,7,-0.2169122319323856,-0.12878932763100576,1.0,1.0,18,12
prewhitened_ar,uk_ipi_c261_12m_pct,oecd_asia_c26_targeted_gbp_12m_pct,post_2022,8,-0.049410876437872696,0.03774270876674256,1.0,1.0,17,12
prewhitened_ar,uk_ipi_c261_12m_pct,oecd_asia_c26_targeted_gbp_12m_pct,post_2022,9,-0.23253671325085987,-0.2277794823969535,0.5,1.0,16,12
prewhitened_ar,uk_ipi_c261_12m_pct,oecd_asia_c26_targeted_gbp_12m_pct,post_2022,10,0.00810872767677288,0.02850026490604076,1.0,1.0,15,12
prewhitened_ar,uk_ipi_c261_12m_pct,oecd_asia_c26_targeted_gbp_12m_pct,post_2022,11,0.2564363205473953,0.2708723860811857,0.5,1.0,14,12
prewhitened_ar,uk_ipi_c261_12m_pct,oecd_asia_c26_targeted_gbp_12m_pct,post_2022,12,0.047522186277157555,0.047522186277157555,1.0,1.0,13,12
prewhitened_ar,uk_ipi_c261_12m_pct,oecd_asia_c26_bls_gbp_12m_pct,full,0,0.7994762658382981,0.7992643318695085,0.009900990099009901,0.009900990099009901,136,12
prewhitened_ar,uk_ipi_c261_12m_pct,oecd_asia_c26_bls_gbp_12m_pct,full,1,0.06494821022164961,0.049856193449658366,0.5247524752475248,1.0,135,12
prewhitened_ar,uk_ipi_c261_12m_pct,oecd_asia_c26_bls_gbp_12m_pct,full,2,0.06810128771173195,0.030813108947362274,0.6336633663366337,1.0,134,12
prewhitened_ar,uk_ipi_c261_12m_pct,oecd_asia_c26_bls_gbp_12m_pct,full,3,0.009282170577416673,0.03089691866645684,0.6336633663366337,1.0,133,12
prewhitened_ar,uk_ipi_c261_12m_pct,oecd_asia_c26_bls_gbp_12m_pct,full,4,-0.030939698804285418,-0.04348474847968864,0.5841584158415841,1.0,132,12
prewhitened_ar,uk_ipi_c261_12m_pct,oecd_asia_c26_bls_gbp_12m_pct,full,5,0.03987545785323997,0.05549377874673719,0.48514851485148514,1.0,131,12
prewhitened_ar,uk_ipi_c261_12m_pct,oecd_asia_c26_bls_gbp_12m_pct,full,6,0.28599484875565373,0.2872398196252313,0.019801980198019802,0.13861386138613863,130,12
prewhitened_ar,uk_ipi_c261_12m_pct,oecd_asia_c26_bls_gbp_12m_pct,full,7,-0.04681324485487086,-0.04450353688138358,0.6138613861386139,1.0,129,12
prewhitened_ar,uk_ipi_c261_12m_pct,oecd_asia_c26_bls_gbp_12m_pct,full,8,0.09616140525385573,0.09459537252440756,0.27722772277227725,0.9900990099009901,128,12
prewhitened_ar,uk_ipi_c261_12m_pct,oecd_asia_c26_bls_gbp_12m_pct,full,9,0.036419505577812136,0.041944241732250004,0.594059405940594,1.0,127,12
prewhitened_ar,uk_ipi_c261_12m_pct,oecd_asia_c26_bls_gbp_12m_pct,full,10,0.009248752705844205,0.01140976801188951,0.9306930693069307,1.0,126,12
prewhitened_ar,uk_ipi_c261_12m_pct,oecd_asia_c26_bls_gbp_12m_pct,full,11,0.0833270917881341,0.08240800334087868,0.3069306930693069,1.0,125,12
prewhitened_ar,uk_ipi_c261_12m_pct,oecd_asia_c26_bls_gbp_12m_pct,full,12,-0.3186513483529506,-0.3186513483529506,0.019801980198019802,0.13861386138613863,124,12
prewhitened_ar,uk_ipi_c261_12m_pct,oecd_asia_c26_bls_gbp_12m_pct,pre_2020,0,0.7757297647525943,0.7533775080784331,0.03125,0.03125,67,12
prewhitened_ar,uk_ipi_c261_12m_pct,oecd_asia_c26_bls_gbp_12m_pct,pre_2020,1,-0.05348908408460671,-0.0655070663058804,0.6875,1.0,66,12
prewhitened_ar,uk_ipi_c261_12m_pct,oecd_asia_c26_bls_gbp_12m_pct,pre_2020,2,0.011791269363008413,-0.05789979589913083,0.71875,1.0,65,12
prewhitened_ar,uk_ipi_c261_12m_pct,oecd_asia_c26_bls_gbp_12m_pct,pre_2020,3,0.24347263922549656,0.2749553882297187,0.09375,0.6875,64,12
prewhitened_ar,uk_ipi_c261_12m_pct,oecd_asia_c26_bls_gbp_12m_pct,pre_2020,4,-0.18288751307748669,-0.2255714643891448,0.15625,0.96875,63,12
prewhitened_ar,uk_ipi_c261_12m_pct,oecd_asia_c26_bls_gbp_12m_pct,pre_2020,5,0.09366125305327788,0.09191938684018863,0.59375,1.0,62,12
prewhitened_ar,uk_ipi_c261_12m_pct,oecd_asia_c26_bls_gbp_12m_pct,pre_2020,6,0.3705261568680333,0.3727398920501757,0.03125,0.03125,61,12
prewhitened_ar,uk_ipi_c261_12m_pct,oecd_asia_c26_bls_gbp_12m_pct,pre_2020,7,-0.142659156605337,-0.18362258162797424,0.21875,1.0,60,12
prewhitened_ar,uk_ipi_c261_12m_pct,oecd_asia_c26_bls_gbp_12m_pct,pre_2020,8,0.12921243078499142,0.11766112320350759,0.375,1.0,59,12
prewhitened_ar,uk_ipi_c261_12m_pct,oecd_asia_c26_bls_gbp_12m_pct,pre_2020,9,-0.011611220914474297,-0.04696518567910776,0.8125,1.0,58,12
prewhitened_ar,uk_ipi_c261_12m_pct,oecd_asia_c26_bls_gbp_12m_pct,pre_2020,10,-0.07344529521965792,-0.09255531149257967,0.5,1.0,57,12
prewhitened_ar,uk_ipi_c261_12m_pct,oecd_asia_c26_bls_gbp_12m_pct,pre_2020,11,0.140692620242304,0.13302062365997816,0.28125,1.0,56,12
prewhitened_ar,uk_ipi_c261_12m_pct,oecd_asia_c26_bls_gbp_12m_pct,pre_2020,12,-0.21400707683499964,-0.21400707683499964,0.125,1.0,55,12
prewhitened_ar,uk_ipi_c261_12m_pct,oecd_asia_c26_bls_gbp_12m_pct,pandemic_2020_2022,0,0.8902538552273618,0.9313081396912978,0.5,0.5,36,12
prewhitened_ar,uk_ipi_c261_12m_pct,oecd_asia_c26_bls_gbp_12m_pct,pandemic_2020_2022,1,0.11263909359085483,-0.05168880396618541,0.5,1.0,35,12
prewhitened_ar,uk_ipi_c261_12m_pct,oecd_asia_c26_bls_gbp_12m_pct,pandemic_2020_2022,2,0.21388540922559088,0.32553755351145464,1.0,1.0,34,12
prewhitened_ar,uk_ipi_c261_12m_pct,oecd_asia_c26_bls_gbp_12m_pct,pandemic_2020_2022,3,-0.20005663794792403,-0.25998700821219073,0.5,1.0,33,12
prewhitened_ar,uk_ipi_c261_12m_pct,oecd_asia_c26_bls_gbp_12m_pct,pandemic_2020_2022,4,0.19742381359060032,0.10006607271922562,1.0,1.0,32,12
prewhitened_ar,uk_ipi_c261_12m_pct,oecd_asia_c26_bls_gbp_12m_pct,pandemic_2020_2022,5,-0.22270084455828967,-0.4221717070682039,0.5,1.0,31,12
prewhitened_ar,uk_ipi_c261_12m_pct,oecd_asia_c26_bls_gbp_12m_pct,pandemic_2020_2022,6,0.12277711034164913,0.2211598083087712,1.0,1.0,30,12
prewhitened_ar,uk_ipi_c261_12m_pct,oecd_asia_c26_bls_gbp_12m_pct,pandemic_2020_2022,7,0.04899667578100587,0.09105705976788409,0.5,1.0,29,12
prewhitened_ar,uk_ipi_c261_12m_pct,oecd_asia_c26_bls_gbp_12m_pct,pandemic_2020_2022,8,0.07379565108967753,0.17836078765155092,0.5,1.0,28,12
prewhitened_ar,uk_ipi_c261_12m_pct,oecd_asia_c26_bls_gbp_12m_pct,pandemic_2020_2022,9,0.14572819635110282,0.2503145156396641,0.5,1.0,27,12
prewhitened_ar,uk_ipi_c261_12m_pct,oecd_asia_c26_bls_gbp_12m_pct,pandemic_2020_2022,10,0.14456386407925584,0.13913392998212223,0.5,1.0,26,12
prewhitened_ar,uk_ipi_c261_12m_pct,oecd_asia_c26_bls_gbp_12m_pct,pandemic_2020_2022,11,0.023303024528355157,0.0005243054767978588,1.0,1.0,25,12
prewhitened_ar,uk_ipi_c261_12m_pct,oecd_asia_c26_bls_gbp_12m_pct,pandemic_2020_2022,12,-0.5680712001021271,-0.5680712001021271,0.5,1.0,24,12
prewhitened_ar,uk_ipi_c261_12m_pct,oecd_asia_c26_bls_gbp_12m_pct,post_2022,0,0.7039271151416697,0.6697661683419339,0.5,0.5,33,12
prewhitened_ar,uk_ipi_c261_12m_pct,oecd_asia_c26_bls_gbp_12m_pct,post_2022,1,0.3419307191259852,0.43286535525256914,0.5,1.0,32,12
prewhitened_ar,uk_ipi_c261_12m_pct,oecd_asia_c26_bls_gbp_12m_pct,post_2022,2,0.09303519957815305,-0.12202625110010618,0.5,1.0,31,12
prewhitened_ar,uk_ipi_c261_12m_pct,oecd_asia_c26_bls_gbp_12m_pct,post_2022,3,-0.21680492252408312,-0.060184394865081044,0.5,1.0,30,12
prewhitened_ar,uk_ipi_c261_12m_pct,oecd_asia_c26_bls_gbp_12m_pct,post_2022,4,-0.28645459714991056,-0.39639830483596067,0.5,1.0,29,12
prewhitened_ar,uk_ipi_c261_12m_pct,oecd_asia_c26_bls_gbp_12m_pct,post_2022,5,0.03226684712602471,0.19891210822501343,0.5,1.0,28,12
prewhitened_ar,uk_ipi_c261_12m_pct,oecd_asia_c26_bls_gbp_12m_pct,post_2022,6,0.19560560013701045,0.20680509931134664,1.0,1.0,27,12
prewhitened_ar,uk_ipi_c261_12m_pct,oecd_asia_c26_bls_gbp_12m_pct,post_2022,7,0.04396691321865102,0.07887242231197716,0.5,1.0,26,12
prewhitened_ar,uk_ipi_c261_12m_pct,oecd_asia_c26_bls_gbp_12m_pct,post_2022,8,-0.042771088969848305,-0.09093071177064085,1.0,1.0,25,12
prewhitened_ar,uk_ipi_c261_12m_pct,oecd_asia_c26_bls_gbp_12m_pct,post_2022,9,0.11874044801718094,0.14654520047188396,1.0,1.0,24,12
prewhitened_ar,uk_ipi_c261_12m_pct,oecd_asia_c26_bls_gbp_12m_pct,post_2022,10,-0.024271102470453533,-0.01907184785858857,1.0,1.0,23,12
prewhitened_ar,uk_ipi_c261_12m_pct,oecd_asia_c26_bls_gbp_12m_pct,post_2022,11,0.0015954629284868683,0.0012063724317170881,1.0,1.0,22,12
prewhitened_ar,uk_ipi_c261_12m_pct,oecd_asia_c26_bls_gbp_12m_pct,post_2022,12,-0.11025662357352728,-0.11025662357352728,0.5,1.0,21,12
prewhitened_ar,uk_ipi_c261_12m_pct,fred_china_computer_electronics_gbp_12m_pct,full,0,0.7987334898929115,0.7979897305677821,0.009900990099009901,0.009900990099009901,136,12
prewhitened_ar,uk_ipi_c261_12m_pct,fred_china_computer_electronics_gbp_12m_pct,full,1,0.06357551812344335,0.0456713776980379,0.5643564356435643,1.0,135,12
prewhitened_ar,uk_ipi_c261_12m_pct,fred_china_computer_electronics_gbp_12m_pct,full,2,0.06504857362708388,0.02757050107139609,0.693069306930693,1.0,134,12
prewhitened_ar,uk_ipi_c261_12m_pct,fred_china_computer_electronics_gbp_12m_pct,full,3,0.004245878290639622,0.023568179735214436,0.7227722772277227,1.0,133,12
prewhitened_ar,uk_ipi_c261_12m_pct,fred_china_computer_electronics_gbp_12m_pct,full,4,-0.023008548666743716,-0.03608203468867632,0.6138613861386139,1.0,132,12
prewhitened_ar,uk_ipi_c261_12m_pct,fred_china_computer_electronics_gbp_12m_pct,full,5,0.033104077160942436,0.04733100428149742,0.5742574257425742,1.0,131,12
prewhitened_ar,uk_ipi_c261_12m_pct,fred_china_computer_electronics_gbp_12m_pct,full,6,0.28233042701403727,0.28313063513108,0.019801980198019802,0.13861386138613863,130,12
prewhitened_ar,uk_ipi_c261_12m_pct,fred_china_computer_electronics_gbp_12m_pct,full,7,-0.05047025879749928,-0.049092667702556866,0.594059405940594,1.0,129,12
prewhitened_ar,uk_ipi_c261_12m_pct,fred_china_computer_electronics_gbp_12m_pct,full,8,0.09880277045762258,0.09707283652063839,0.25742574257425743,0.9900990099009901,128,12
prewhitened_ar,uk_ipi_c261_12m_pct,fred_china_computer_electronics_gbp_12m_pct,full,9,0.031233122229179098,0.036618183249430725,0.6336633663366337,1.0,127,12
prewhitened_ar,uk_ipi_c261_12m_pct,fred_china_computer_electronics_gbp_12m_pct,full,10,0.011837786975014412,0.01379207657521629,0.9108910891089109,1.0,126,12
prewhitened_ar,uk_ipi_c261_12m_pct,fred_china_computer_electronics_gbp_12m_pct,full,11,0.08263479064243034,0.08166172319461518,0.32673267326732675,1.0,125,12
prewhitened_ar,uk_ipi_c261_12m_pct,fred_china_computer_electronics_gbp_12m_pct,full,12,-0.31076529280265996,-0.31076529280265996,0.019801980198019802,0.13861386138613863,124,12
prewhitened_ar,uk_ipi_c261_12m_pct,fred_china_computer_electronics_gbp_12m_pct,pre_2020,0,0.7675988287318202,0.7444005205078735,0.03125,0.03125,67,12
prewhitened_ar,uk_ipi_c261_12m_pct,fred_china_computer_electronics_gbp_12m_pct,pre_2020,1,-0.053873813467290026,-0.06783743540820328,0.65625,1.0,66,12
prewhitened_ar,uk_ipi_c261_12m_pct,fred_china_computer_electronics_gbp_12m_pct,pre_2020,2,0.0036974177852737797,-0.06571328520182831,0.65625,1.0,65,12
prewhitened_ar,uk_ipi_c261_12m_pct,fred_china_computer_electronics_gbp_12m_pct,pre_2020,3,0.24683189772800657,0.275586584708122,0.09375,0.78125,64,12
prewhitened_ar,uk_ipi_c261_12m_pct,fred_china_computer_electronics_gbp_12m_pct,pre_2020,4,-0.18258327727859344,-0.2236433828641425,0.15625,0.96875,63,12
prewhitened_ar,uk_ipi_c261_12m_pct,fred_china_computer_electronics_gbp_12m_pct,pre_2020,5,0.09145982397667153,0.08810212609757016,0.59375,1.0,62,12
prewhitened_ar,uk_ipi_c261_12m_pct,fred_china_computer_electronics_gbp_12m_pct,pre_2020,6,0.37490089061726845,0.3765121806437619,0.03125,0.03125,61,12
prewhitened_ar,uk_ipi_c261_12m_pct,fred_china_computer_electronics_gbp_12m_pct,pre_2020,7,-0.14422112210877536,-0.18520449629668445,0.21875,1.0,60,12
prewhitened_ar,uk_ipi_c261_12m_pct,fred_china_computer_electronics_gbp_12m_pct,pre_2020,8,0.13108234425333767,0.11935197434133135,0.34375,1.0,59,12
prewhitened_ar,uk_ipi_c261_12m_pct,fred_china_computer_electronics_gbp_12m_pct,pre_2020,9,-0.011972608355839631,-0.047090940783873346,0.8125,1.0,58,12
prewhitened_ar,uk_ipi_c261_12m_pct,fred_china_computer_electronics_gbp_12m_pct,pre_2020,10,-0.062286083712918466,-0.08091814403645056,0.59375,1.0,57,12
prewhitened_ar,uk_ipi_c261_12m_pct,fred_china_computer_electronics_gbp_12m_pct,pre_2020,11,0.1357908918501451,0.12887694708283745,0.28125,1.0,56,12
prewhitened_ar,uk_ipi_c261_12m_pct,fred_china_computer_electronics_gbp_12m_pct,pre_2020,12,-0.20559680175784367,-0.20559680175784367,0.125,1.0,55,12
prewhitened_ar,uk_ipi_c261_12m_pct,fred_china_computer_electronics_gbp_12m_pct,pandemic_2020_2022,0,0.8964802937991574,0.9378861531420056,0.5,0.5,36,12
prewhitened_ar,uk_ipi_c261_12m_pct,fred_china_computer_electronics_gbp_12m_pct,pandemic_2020_2022,1,0.10406009819172204,-0.06765262229836451,0.5,1.0,35,12
prewhitened_ar,uk_ipi_c261_12m_pct,fred_china_computer_electronics_gbp_12m_pct,pandemic_2020_2022,2,0.22037760389154273,0.342483808145116,1.0,1.0,34,12
prewhitened_ar,uk_ipi_c261_12m_pct,fred_china_computer_electronics_gbp_12m_pct,pandemic_2020_2022,3,-0.22661410971781812,-0.2954442854897889,0.5,1.0,33,12
prewhitened_ar,uk_ipi_c261_12m_pct,fred_china_computer_electronics_gbp_12m_pct,pandemic_2020_2022,4,0.2053432046185137,0.10985267754406945,1.0,1.0,32,12
prewhitened_ar,uk_ipi_c261_12m_pct,fred_china_computer_electronics_gbp_12m_pct,pandemic_2020_2022,5,-0.2447780166854568,-0.45091562345263336,0.5,1.0,31,12
prewhitened_ar,uk_ipi_c261_12m_pct,fred_china_computer_electronics_gbp_12m_pct,pandemic_2020_2022,6,0.11582739780517821,0.21778942282865119,1.0,1.0,30,12
prewhitened_ar,uk_ipi_c261_12m_pct,fred_china_computer_electronics_gbp_12m_pct,pandemic_2020_2022,7,0.034456900083477994,0.06586649479461638,0.5,1.0,29,12
prewhitened_ar,uk_ipi_c261_12m_pct,fred_china_computer_electronics_gbp_12m_pct,pandemic_2020_2022,8,0.09423035768242946,0.19790273920912715,0.5,1.0,28,12
prewhitened_ar,uk_ipi_c261_12m_pct,fred_china_computer_electronics_gbp_12m_pct,pandemic_2020_2022,9,0.13506290162155743,0.24230198651713103,0.5,1.0,27,12
prewhitened_ar,uk_ipi_c261_12m_pct,fred_china_computer_electronics_gbp_12m_pct,pandemic_2020_2022,10,0.1386703423755616,0.134803161053645,0.5,1.0,26,12
prewhitened_ar,uk_ipi_c261_12m_pct,fred_china_computer_electronics_gbp_12m_pct,pandemic_2020_2022,11,0.03485222006738976,0.011615945855112827,1.0,1.0,25,12
prewhitened_ar,uk_ipi_c261_12m_pct,fred_china_computer_electronics_gbp_12m_pct,pandemic_2020_2022,12,-0.5517097373646755,-0.5517097373646755,0.5,1.0,24,12
prewhitened_ar,uk_ipi_c261_12m_pct,fred_china_computer_electronics_gbp_12m_pct,post_2022,0,0.7084411328077319,0.6722331899409738,0.5,0.5,33,12
prewhitened_ar,uk_ipi_c261_12m_pct,fred_china_computer_electronics_gbp_12m_pct,post_2022,1,0.35492625492965835,0.4371291348848209,0.5,0.5,32,12
prewhitened_ar,uk_ipi_c261_12m_pct,fred_china_computer_electronics_gbp_12m_pct,post_2022,2,0.08526141889012756,-0.1331376529498551,0.5,1.0,31,12
prewhitened_ar,uk_ipi_c261_12m_pct,fred_china_computer_electronics_gbp_12m_pct,post_2022,3,-0.21417529305185334,-0.06436324752106266,0.5,1.0,30,12
prewhitened_ar,uk_ipi_c261_12m_pct,fred_china_computer_electronics_gbp_12m_pct,post_2022,4,-0.2664285789761606,-0.3758053863580001,0.5,1.0,29,12
prewhitened_ar,uk_ipi_c261_12m_pct,fred_china_computer_electronics_gbp_12m_pct,post_2022,5,0.02293553260870582,0.18431419442498623,1.0,1.0,28,12
prewhitened_ar,uk_ipi_c261_12m_pct,fred_china_computer_electronics_gbp_12m_pct,post_2022,6,0.1847887669178429,0.19271402993636955,1.0,1.0,27,12
prewhitened_ar,uk_ipi_c261_12m_pct,fred_china_computer_electronics_gbp_12m_pct,post_2022,7,0.05330603989600935,0.08684079410601481,0.5,1.0,26,12
prewhitened_ar,uk_ipi_c261_12m_pct,fred_china_computer_electronics_gbp_12m_pct,post_2022,8,-0.03911476052639232,-0.08658495278159377,1.0,1.0,25,12
prewhitened_ar,uk_ipi_c261_12m_pct,fred_china_computer_electronics_gbp_12m_pct,post_2022,9,0.10272654755602419,0.12992422296189737,1.0,1.0,24,12
prewhitened_ar,uk_ipi_c261_12m_pct,fred_china_computer_electronics_gbp_12m_pct,post_2022,10,-0.037451588796015185,-0.03359441261731873,1.0,1.0,23,12
prewhitened_ar,uk_ipi_c261_12m_pct,fred_china_computer_electronics_gbp_12m_pct,post_2022,11,-0.0044255000484905,-0.004897020628742072,1.0,1.0,22,12
prewhitened_ar,uk_ipi_c261_12m_pct,fred_china_computer_electronics_gbp_12m_pct,post_2022,12,-0.09542885163885355,-0.09542885163885355,0.5,1.0,21,12
prewhitened_ar,uk_ipi_c261_12m_pct,fred_japan_computer_electronics_gbp_12m_pct,full,0,0.7467796923179232,0.7395917334657709,0.009900990099009901,0.009900990099009901,136,12
prewhitened_ar,uk_ipi_c261_12m_pct,fred_japan_computer_electronics_gbp_12m_pct,full,1,0.08583025994614328,0.07937270441366637,0.3069306930693069,0.9900990099009901,135,12
prewhitened_ar,uk_ipi_c261_12m_pct,fred_japan_computer_electronics_gbp_12m_pct,full,2,0.0492867510643683,0.014123184643731267,0.8316831683168316,1.0,134,12
prewhitened_ar,uk_ipi_c261_12m_pct,fred_japan_computer_electronics_gbp_12m_pct,full,3,0.022148683597567154,0.046993268963309805,0.594059405940594,1.0,133,12
prewhitened_ar,uk_ipi_c261_12m_pct,fred_japan_computer_electronics_gbp_12m_pct,full,4,-0.01131562677880122,-0.025584552229150986,0.7524752475247525,1.0,132,12
prewhitened_ar,uk_ipi_c261_12m_pct,fred_japan_computer_electronics_gbp_12m_pct,full,5,0.03642060082373547,0.048623090360038444,0.5247524752475248,1.0,131,12
prewhitened_ar,uk_ipi_c261_12m_pct,fred_japan_computer_electronics_gbp_12m_pct,full,6,0.3067214119736018,0.3047866262875079,0.009900990099009901,0.019801980198019802,130,12
prewhitened_ar,uk_ipi_c261_12m_pct,fred_japan_computer_electronics_gbp_12m_pct,full,7,-0.06954958236420543,-0.06692738238551524,0.3465346534653465,1.0,129,12
prewhitened_ar,uk_ipi_c261_12m_pct,fred_japan_computer_electronics_gbp_12m_pct,full,8,0.12984909867310282,0.12856624903134042,0.09900990099009901,0.8118811881188119,128,12
prewhitened_ar,uk_ipi_c261_12m_pct,fred_japan_computer_electronics_gbp_12m_pct,full,9,0.043172894443942005,0.047643303881266065,0.5544554455445545,1.0,127,12
prewhitened_ar,uk_ipi_c261_12m_pct,fred_japan_computer_electronics_gbp_12m_pct,full,10,-0.0037780853572017517,-0.0026279846128045006,0.9801980198019802,1.0,126,12
prewhitened_ar,uk_ipi_c261_12m_pct,fred_japan_computer_electronics_gbp_12m_pct,full,11,0.07315107782840595,0.0719634418378961,0.3465346534653465,1.0,125,12
prewhitened_ar,uk_ipi_c261_12m_pct,fred_japan_computer_electronics_gbp_12m_pct,full,12,-0.30232162893852543,-0.30232162893852543,0.009900990099009901,0.019801980198019802,124,12
prewhitened_ar,uk_ipi_c261_12m_pct,fred_japan_computer_electronics_gbp_12m_pct,pre_2020,0,0.7284909744726029,0.7098922404929815,0.03125,0.03125,67,12
prewhitened_ar,uk_ipi_c261_12m_pct,fred_japan_computer_electronics_gbp_12m_pct,pre_2020,1,-0.06271656465315313,-0.06212819096941931,0.6875,1.0,66,12
prewhitened_ar,uk_ipi_c261_12m_pct,fred_japan_computer_electronics_gbp_12m_pct,pre_2020,2,0.02465818259574962,-0.03204176252876729,0.875,1.0,65,12
prewhitened_ar,uk_ipi_c261_12m_pct,fred_japan_computer_electronics_gbp_12m_pct,pre_2020,3,0.24160863673098737,0.2865903686302824,0.0625,0.6875,64,12
prewhitened_ar,uk_ipi_c261_12m_pct,fred_japan_computer_electronics_gbp_12m_pct,pre_2020,4,-0.15790010954009862,-0.19712450906135817,0.25,1.0,63,12
prewhitened_ar,uk_ipi_c261_12m_pct,fred_japan_computer_electronics_gbp_12m_pct,pre_2020,5,0.08418666576011063,0.09325337146338596,0.5625,1.0,62,12
prewhitened_ar,uk_ipi_c261_12m_pct,fred_japan_computer_electronics_gbp_12m_pct,pre_2020,6,0.40890770118757924,0.4183045360175038,0.03125,0.03125,61,12
prewhitened_ar,uk_ipi_c261_12m_pct,fred_japan_computer_electronics_gbp_12m_pct,pre_2020,7,-0.16920204880796114,-0.20033011260532385,0.1875,0.96875,60,12
prewhitened_ar,uk_ipi_c261_12m_pct,fred_japan_computer_electronics_gbp_12m_pct,pre_2020,8,0.18821620760413854,0.18562215034250368,0.21875,1.0,59,12
prewhitened_ar,uk_ipi_c261_12m_pct,fred_japan_computer_electronics_gbp_12m_pct,pre_2020,9,0.017168665133714987,-0.011726541094691161,0.9375,1.0,58,12
prewhitened_ar,uk_ipi_c261_12m_pct,fred_japan_computer_electronics_gbp_12m_pct,pre_2020,10,-0.10941730629512418,-0.1278098909988439,0.34375,1.0,57,12
prewhitened_ar,uk_ipi_c261_12m_pct,fred_japan_computer_electronics_gbp_12m_pct,pre_2020,11,0.15870003395597113,0.14834654617642318,0.21875,1.0,56,12
prewhitened_ar,uk_ipi_c261_12m_pct,fred_japan_computer_electronics_gbp_12m_pct,pre_2020,12,-0.21648709503157504,-0.21648709503157504,0.125,0.96875,55,12
prewhitened_ar,uk_ipi_c261_12m_pct,fred_japan_computer_electronics_gbp_12m_pct,pandemic_2020_2022,0,0.8233948008526494,0.8462281363663451,0.5,0.5,36,12
prewhitened_ar,uk_ipi_c261_12m_pct,fred_japan_computer_electronics_gbp_12m_pct,pandemic_2020_2022,1,0.2048853215829023,0.06157934461133083,1.0,1.0,35,12
prewhitened_ar,uk_ipi_c261_12m_pct,fred_japan_computer_electronics_gbp_12m_pct,pandemic_2020_2022,2,0.14148635880454655,0.2627380089266554,1.0,1.0,34,12
prewhitened_ar,uk_ipi_c261_12m_pct,fred_japan_computer_electronics_gbp_12m_pct,pandemic_2020_2022,3,-0.12333815111326978,-0.13786699028962746,0.5,1.0,33,12
prewhitened_ar,uk_ipi_c261_12m_pct,fred_japan_computer_electronics_gbp_12m_pct,pandemic_2020_2022,4,0.21629652652050274,0.08298872544711484,1.0,1.0,32,12
prewhitened_ar,uk_ipi_c261_12m_pct,fred_japan_computer_electronics_gbp_12m_pct,pandemic_2020_2022,5,-0.26526953625624405,-0.4841289136802293,0.5,1.0,31,12
prewhitened_ar,uk_ipi_c261_12m_pct,fred_japan_computer_electronics_gbp_12m_pct,pandemic_2020_2022,6,0.08517914691892557,0.17948783513291394,1.0,1.0,30,12
prewhitened_ar,uk_ipi_c261_12m_pct,fred_japan_computer_electronics_gbp_12m_pct,pandemic_2020_2022,7,0.03714099936885199,0.0782207247931328,0.5,1.0,29,12
prewhitened_ar,uk_ipi_c261_12m_pct,fred_japan_computer_electronics_gbp_12m_pct,pandemic_2020_2022,8,0.06674576571080965,0.16373767935360223,0.5,1.0,28,12
prewhitened_ar,uk_ipi_c261_12m_pct,fred_japan_computer_electronics_gbp_12m_pct,pandemic_2020_2022,9,0.1331484804045948,0.23246083577046892,0.5,1.0,27,12
prewhitened_ar,uk_ipi_c261_12m_pct,fred_japan_computer_electronics_gbp_12m_pct,pandemic_2020_2022,10,0.1895306773303313,0.19050471954528947,0.5,1.0,26,12
prewhitened_ar,uk_ipi_c261_12m_pct,fred_japan_computer_electronics_gbp_12m_pct,pandemic_2020_2022,11,-0.11279155116813662,-0.13819127724356486,1.0,1.0,25,12
prewhitened_ar,uk_ipi_c261_12m_pct,fred_japan_computer_electronics_gbp_12m_pct,pandemic_2020_2022,12,-0.5198101876642276,-0.5198101876642276,0.5,1.0,24,12
prewhitened_ar,uk_ipi_c261_12m_pct,fred_japan_computer_electronics_gbp_12m_pct,post_2022,0,0.6757562268784566,0.6010729456977244,0.5,0.5,33,12
prewhitened_ar,uk_ipi_c261_12m_pct,fred_japan_computer_electronics_gbp_12m_pct,post_2022,1,0.3748966779326165,0.556416646435596,0.5,0.5,32,12
prewhitened_ar,uk_ipi_c261_12m_pct,fred_japan_computer_electronics_gbp_12m_pct,post_2022,2,0.07485821551206265,-0.1389760407390621,0.5,1.0,31,12
prewhitened_ar,uk_ipi_c261_12m_pct,fred_japan_computer_electronics_gbp_12m_pct,post_2022,3,-0.29384275117036157,-0.14641443759694533,0.5,1.0,30,12
prewhitened_ar,uk_ipi_c261_12m_pct,fred_japan_computer_electronics_gbp_12m_pct,post_2022,4,-0.267216740139278,-0.3994473107151705,0.5,1.0,29,12
prewhitened_ar,uk_ipi_c261_12m_pct,fred_japan_computer_electronics_gbp_12m_pct,post_2022,5,0.0698755039519924,0.2367573000179061,1.0,1.0,28,12
prewhitened_ar,uk_ipi_c261_12m_pct,fred_japan_computer_electronics_gbp_12m_pct,post_2022,6,0.2053273245907163,0.19158321764969877,1.0,1.0,27,12
prewhitened_ar,uk_ipi_c261_12m_pct,fred_japan_computer_electronics_gbp_12m_pct,post_2022,7,0.0427677795337868,0.08204086736980731,0.5,1.0,26,12
prewhitened_ar,uk_ipi_c261_12m_pct,fred_japan_computer_electronics_gbp_12m_pct,post_2022,8,-0.07274103105934926,-0.12322109475268872,1.0,1.0,25,12
prewhitened_ar,uk_ipi_c261_12m_pct,fred_japan_computer_electronics_gbp_12m_pct,post_2022,9,0.0782445273421378,0.10386984632258407,1.0,1.0,24,12
prewhitened_ar,uk_ipi_c261_12m_pct,fred_japan_computer_electronics_gbp_12m_pct,post_2022,10,-0.002244432432557643,0.0022023527617863613,1.0,1.0,23,12
prewhitened_ar,uk_ipi_c261_12m_pct,fred_japan_computer_electronics_gbp_12m_pct,post_2022,11,-0.009377113344716498,-0.01006388984831526,1.0,1.0,22,12
prewhitened_ar,uk_ipi_c261_12m_pct,fred_japan_computer_electronics_gbp_12m_pct,post_2022,12,-0.08678224071340922,-0.08678224071340922,0.5,1.0,21,12
prewhitened_ar,uk_ipi_c261_12m_pct,fred_asian_nie_computer_electronics_gbp_12m_pct,full,0,0.7821654700207272,0.7868148961618329,0.009900990099009901,0.009900990099009901,136,12
prewhitened_ar,uk_ipi_c261_12m_pct,fred_asian_nie_computer_electronics_gbp_12m_pct,full,1,0.0632046015959741,0.057845250710807976,0.5148514851485149,1.0,135,12
prewhitened_ar,uk_ipi_c261_12m_pct,fred_asian_nie_computer_electronics_gbp_12m_pct,full,2,0.08646777583716747,0.05241861066119108,0.5445544554455446,1.0,134,12
prewhitened_ar,uk_ipi_c261_12m_pct,fred_asian_nie_computer_electronics_gbp_12m_pct,full,3,0.028063100656534123,0.0581370881177477,0.5247524752475248,1.0,133,12
prewhitened_ar,uk_ipi_c261_12m_pct,fred_asian_nie_computer_electronics_gbp_12m_pct,full,4,-0.075088032780426,-0.08486212870045781,0.37623762376237624,1.0,132,12
prewhitened_ar,uk_ipi_c261_12m_pct,fred_asian_nie_computer_electronics_gbp_12m_pct,full,5,0.07001361519940341,0.0917004522093846,0.33663366336633666,1.0,131,12
prewhitened_ar,uk_ipi_c261_12m_pct,fred_asian_nie_computer_electronics_gbp_12m_pct,full,6,0.2768120692628898,0.28020486997293026,0.009900990099009901,0.0594059405940594,130,12
prewhitened_ar,uk_ipi_c261_12m_pct,fred_asian_nie_computer_electronics_gbp_12m_pct,full,7,-0.019556217827844766,-0.01367780980175017,0.8811881188118812,1.0,129,12
prewhitened_ar,uk_ipi_c261_12m_pct,fred_asian_nie_computer_electronics_gbp_12m_pct,full,8,0.06934196219992014,0.06826038221608757,0.45544554455445546,1.0,128,12
prewhitened_ar,uk_ipi_c261_12m_pct,fred_asian_nie_computer_electronics_gbp_12m_pct,full,9,0.05448841954464098,0.06090597015573894,0.4752475247524752,1.0,127,12
prewhitened_ar,uk_ipi_c261_12m_pct,fred_asian_nie_computer_electronics_gbp_12m_pct,full,10,0.00458694370467617,0.007664910551338816,0.9603960396039604,1.0,126,12
prewhitened_ar,uk_ipi_c261_12m_pct,fred_asian_nie_computer_electronics_gbp_12m_pct,full,11,0.0845245950647911,0.0838362595294619,0.3564356435643564,1.0,125,12
prewhitened_ar,uk_ipi_c261_12m_pct,fred_asian_nie_computer_electronics_gbp_12m_pct,full,12,-0.34252293410515844,-0.34252293410515844,0.009900990099009901,0.019801980198019802,124,12
prewhitened_ar,uk_ipi_c261_12m_pct,fred_asian_nie_computer_electronics_gbp_12m_pct,pre_2020,0,0.7946210991366749,0.7742625133177227,0.03125,0.03125,67,12
prewhitened_ar,uk_ipi_c261_12m_pct,fred_asian_nie_computer_electronics_gbp_12m_pct,pre_2020,1,-0.0509492079142258,-0.05947224449831463,0.71875,1.0,66,12
prewhitened_ar,uk_ipi_c261_12m_pct,fred_asian_nie_computer_electronics_gbp_12m_pct,pre_2020,2,0.044066953148266225,-0.02529692067177326,0.90625,1.0,65,12
prewhitened_ar,uk_ipi_c261_12m_pct,fred_asian_nie_computer_electronics_gbp_12m_pct,pre_2020,3,0.22100227365622477,0.25560612518013315,0.09375,0.625,64,12
prewhitened_ar,uk_ipi_c261_12m_pct,fred_asian_nie_computer_electronics_gbp_12m_pct,pre_2020,4,-0.19368967299599066,-0.24025092748212934,0.125,0.75,63,12
prewhitened_ar,uk_ipi_c261_12m_pct,fred_asian_nie_computer_electronics_gbp_12m_pct,pre_2020,5,0.10807669245651835,0.10882395498975102,0.5625,1.0,62,12
prewhitened_ar,uk_ipi_c261_12m_pct,fred_asian_nie_computer_electronics_gbp_12m_pct,pre_2020,6,0.31556033589957166,0.3176242462401788,0.0625,0.09375,61,12
prewhitened_ar,uk_ipi_c261_12m_pct,fred_asian_nie_computer_electronics_gbp_12m_pct,pre_2020,7,-0.11996887152431077,-0.16166336920511604,0.25,1.0,60,12
prewhitened_ar,uk_ipi_c261_12m_pct,fred_asian_nie_computer_electronics_gbp_12m_pct,pre_2020,8,0.09797944356512911,0.08474160872685041,0.625,1.0,59,12
prewhitened_ar,uk_ipi_c261_12m_pct,fred_asian_nie_computer_electronics_gbp_12m_pct,pre_2020,9,-0.025068933095536258,-0.06216482997015341,0.6875,1.0,58,12
prewhitened_ar,uk_ipi_c261_12m_pct,fred_asian_nie_computer_electronics_gbp_12m_pct,pre_2020,10,-0.10026386619157768,-0.12093773457844705,0.40625,1.0,57,12
prewhitened_ar,uk_ipi_c261_12m_pct,fred_asian_nie_computer_electronics_gbp_12m_pct,pre_2020,11,0.13857006396789823,0.12993603350406327,0.375,1.0,56,12
prewhitened_ar,uk_ipi_c261_12m_pct,fred_asian_nie_computer_electronics_gbp_12m_pct,pre_2020,12,-0.23637503752950123,-0.23637503752950123,0.03125,0.8125,55,12
prewhitened_ar,uk_ipi_c261_12m_pct,fred_asian_nie_computer_electronics_gbp_12m_pct,pandemic_2020_2022,0,0.84247793672164,0.8746217666886865,0.5,0.5,36,12
prewhitened_ar,uk_ipi_c261_12m_pct,fred_asian_nie_computer_electronics_gbp_12m_pct,pandemic_2020_2022,1,0.12642464144078946,3.3330657411366774e-05,1.0,1.0,35,12
prewhitened_ar,uk_ipi_c261_12m_pct,fred_asian_nie_computer_electronics_gbp_12m_pct,pandemic_2020_2022,2,0.19867111917552513,0.2525384902924741,1.0,1.0,34,12
prewhitened_ar,uk_ipi_c261_12m_pct,fred_asian_nie_computer_electronics_gbp_12m_pct,pandemic_2020_2022,3,-0.09444618526862593,-0.12868490062513188,0.5,1.0,33,12
prewhitened_ar,uk_ipi_c261_12m_pct,fred_asian_nie_computer_electronics_gbp_12m_pct,pandemic_2020_2022,4,0.13646919053961443,0.04012531779447485,1.0,1.0,32,12
prewhitened_ar,uk_ipi_c261_12m_pct,fred_asian_nie_computer_electronics_gbp_12m_pct,pandemic_2020_2022,5,-0.10100206130002669,-0.2548922208501712,0.5,1.0,31,12
prewhitened_ar,uk_ipi_c261_12m_pct,fred_asian_nie_computer_electronics_gbp_12m_pct,pandemic_2020_2022,6,0.15267926931689255,0.2218108178019344,1.0,1.0,30,12
prewhitened_ar,uk_ipi_c261_12m_pct,fred_asian_nie_computer_electronics_gbp_12m_pct,pandemic_2020_2022,7,0.11600857366063577,0.19724739210057868,0.5,1.0,29,12
prewhitened_ar,uk_ipi_c261_12m_pct,fred_asian_nie_computer_electronics_gbp_12m_pct,pandemic_2020_2022,8,-0.020327549629292792,0.08635703018646877,0.5,1.0,28,12
prewhitened_ar,uk_ipi_c261_12m_pct,fred_asian_nie_computer_electronics_gbp_12m_pct,pandemic_2020_2022,9,0.18852096891839973,0.2812614500953604,0.5,1.0,27,12
prewhitened_ar,uk_ipi_c261_12m_pct,fred_asian_nie_computer_electronics_gbp_12m_pct,pandemic_2020_2022,10,0.14154388434631068,0.12871447836199734,0.5,1.0,26,12
prewhitened_ar,uk_ipi_c261_12m_pct,fred_asian_nie_computer_electronics_gbp_12m_pct,pandemic_2020_2022,11,0.025933901600663292,0.007850876369976036,1.0,1.0,25,12
prewhitened_ar,uk_ipi_c261_12m_pct,fred_asian_nie_computer_electronics_gbp_12m_pct,pandemic_2020_2022,12,-0.6198770432315259,-0.6198770432315259,0.5,1.0,24,12
prewhitened_ar,uk_ipi_c261_12m_pct,fred_asian_nie_computer_electronics_gbp_12m_pct,post_2022,0,0.6519519200208108,0.6389244393984272,0.5,0.5,33,12
prewhitened_ar,uk_ipi_c261_12m_pct,fred_asian_nie_computer_electronics_gbp_12m_pct,post_2022,1,0.2661035069681478,0.3635078324463399,0.5,1.0,32,12
prewhitened_ar,uk_ipi_c261_12m_pct,fred_asian_nie_computer_electronics_gbp_12m_pct,post_2022,2,0.12388310757012025,-0.061223201773689805,1.0,1.0,31,12
prewhitened_ar,uk_ipi_c261_12m_pct,fred_asian_nie_computer_electronics_gbp_12m_pct,post_2022,3,-0.19074744559346715,-0.00603400695950811,1.0,1.0,30,12
prewhitened_ar,uk_ipi_c261_12m_pct,fred_asian_nie_computer_electronics_gbp_12m_pct,post_2022,4,-0.3558750088670913,-0.45416691315844254,0.5,0.5,29,12
prewhitened_ar,uk_ipi_c261_12m_pct,fred_asian_nie_computer_electronics_gbp_12m_pct,post_2022,5,0.049312124883620946,0.2248885701081098,0.5,1.0,28,12
prewhitened_ar,uk_ipi_c261_12m_pct,fred_asian_nie_computer_electronics_gbp_12m_pct,post_2022,6,0.22585710338735085,0.25243674647357567,0.5,1.0,27,12
prewhitened_ar,uk_ipi_c261_12m_pct,fred_asian_nie_computer_electronics_gbp_12m_pct,post_2022,7,0.005428856693348466,0.04197094089605162,1.0,1.0,26,12
prewhitened_ar,uk_ipi_c261_12m_pct,fred_asian_nie_computer_electronics_gbp_12m_pct,post_2022,8,-0.04871139277464486,-0.09747760949787206,1.0,1.0,25,12
prewhitened_ar,uk_ipi_c261_12m_pct,fred_asian_nie_computer_electronics_gbp_12m_pct,post_2022,9,0.18086104992607793,0.21169914359346143,1.0,1.0,24,12
prewhitened_ar,uk_ipi_c261_12m_pct,fred_asian_nie_computer_electronics_gbp_12m_pct,post_2022,10,0.008447274941148948,0.01791187334140961,1.0,1.0,23,12
prewhitened_ar,uk_ipi_c261_12m_pct,fred_asian_nie_computer_electronics_gbp_12m_pct,post_2022,11,0.035693828833263365,0.03559128672189004,1.0,1.0,22,12
prewhitened_ar,uk_ipi_c261_12m_pct,fred_asian_nie_computer_electronics_gbp_12m_pct,post_2022,12,-0.17258086451437504,-0.17258086451437504,0.5,1.0,21,12
prewhitened_ar,uk_ipi_c261_12m_pct,asia_bls_common_factor_z,full,0,0.7896175819905474,0.7883187639447965,0.009900990099009901,0.009900990099009901,136,12
prewhitened_ar,uk_ipi_c261_12m_pct,asia_bls_common_factor_z,full,1,0.07102460451636172,0.06076094068638451,0.48514851485148514,1.0,135,12
prewhitened_ar,uk_ipi_c261_12m_pct,asia_bls_common_factor_z,full,2,0.06728482938920778,0.030872006051588803,0.6633663366336634,1.0,134,12
prewhitened_ar,uk_ipi_c261_12m_pct,asia_bls_common_factor_z,full,3,0.017198817929500447,0.042015305182240066,0.6138613861386139,1.0,133,12
prewhitened_ar,uk_ipi_c261_12m_pct,asia_bls_common_factor_z,full,4,-0.03382186434332508,-0.0459591923134036,0.5742574257425742,1.0,132,12
prewhitened_ar,uk_ipi_c261_12m_pct,asia_bls_common_factor_z,full,5,0.045020850142602514,0.06128021876973326,0.43564356435643564,1.0,131,12
prewhitened_ar,uk_ipi_c261_12m_pct,asia_bls_common_factor_z,full,6,0.2958928709720258,0.2969615922055819,0.019801980198019802,0.13861386138613863,130,12
prewhitened_ar,uk_ipi_c261_12m_pct,asia_bls_common_factor_z,full,7,-0.05026912412208405,-0.0470178595061009,0.5643564356435643,1.0,129,12
prewhitened_ar,uk_ipi_c261_12m_pct,asia_bls_common_factor_z,full,8,0.10164605327475063,0.10035719550663579,0.21782178217821782,0.9801980198019802,128,12
prewhitened_ar,uk_ipi_c261_12m_pct,asia_bls_common_factor_z,full,9,0.042660853379715605,0.048121309485177684,0.5346534653465347,1.0,127,12
prewhitened_ar,uk_ipi_c261_12m_pct,asia_bls_common_factor_z,full,10,0.004621482709797228,0.006758506754058198,0.9504950495049505,1.0,126,12
prewhitened_ar,uk_ipi_c261_12m_pct,asia_bls_common_factor_z,full,11,0.08246097882033566,0.08153261373403889,0.2871287128712871,1.0,125,12
prewhitened_ar,uk_ipi_c261_12m_pct,asia_bls_common_factor_z,full,12,-0.3238499162285379,-0.3238499162285379,0.009900990099009901,0.019801980198019802,124,12
prewhitened_ar,uk_ipi_c261_12m_pct,asia_bls_common_factor_z,pre_2020,0,0.7735871497214721,0.752760897119044,0.03125,0.03125,67,12
prewhitened_ar,uk_ipi_c261_12m_pct,asia_bls_common_factor_z,pre_2020,1,-0.05556984642546234,-0.06229512552689206,0.71875,1.0,66,12
prewhitened_ar,uk_ipi_c261_12m_pct,asia_bls_common_factor_z,pre_2020,2,0.02277156803414324,-0.04426068960494279,0.78125,1.0,65,12
prewhitened_ar,uk_ipi_c261_12m_pct,asia_bls_common_factor_z,pre_2020,3,0.23979541503246812,0.2772890117402255,0.09375,0.65625,64,12
prewhitened_ar,uk_ipi_c261_12m_pct,asia_bls_common_factor_z,pre_2020,4,-0.1763690999374542,-0.2198202441604838,0.15625,1.0,63,12
prewhitened_ar,uk_ipi_c261_12m_pct,asia_bls_common_factor_z,pre_2020,5,0.09156839268731543,0.09386607024795264,0.53125,1.0,62,12
prewhitened_ar,uk_ipi_c261_12m_pct,asia_bls_common_factor_z,pre_2020,6,0.37586377989361536,0.3807492287818827,0.03125,0.03125,61,12
prewhitened_ar,uk_ipi_c261_12m_pct,asia_bls_common_factor_z,pre_2020,7,-0.14897541902283612,-0.1875867650630344,0.21875,1.0,60,12
prewhitened_ar,uk_ipi_c261_12m_pct,asia_bls_common_factor_z,pre_2020,8,0.14086102347259322,0.13185541460078964,0.375,1.0,59,12
prewhitened_ar,uk_ipi_c261_12m_pct,asia_bls_common_factor_z,pre_2020,9,-0.005193196354202883,-0.039281163853486255,0.90625,1.0,58,12
prewhitened_ar,uk_ipi_c261_12m_pct,asia_bls_common_factor_z,pre_2020,10,-0.09360145027347634,-0.11309335429735771,0.375,1.0,57,12
prewhitened_ar,uk_ipi_c261_12m_pct,asia_bls_common_factor_z,pre_2020,11,0.15004607090839256,0.14098733154923776,0.3125,1.0,56,12
prewhitened_ar,uk_ipi_c261_12m_pct,asia_bls_common_factor_z,pre_2020,12,-0.22376767679674794,-0.22376767679674794,0.125,0.96875,55,12
prewhitened_ar,uk_ipi_c261_12m_pct,asia_bls_common_factor_z,pandemic_2020_2022,0,0.8707927848819919,0.9081742255915609,0.5,0.5,36,12
prewhitened_ar,uk_ipi_c261_12m_pct,asia_bls_common_factor_z,pandemic_2020_2022,1,0.1425297756825109,-0.01074490734774584,0.5,1.0,35,12
prewhitened_ar,uk_ipi_c261_12m_pct,asia_bls_common_factor_z,pandemic_2020_2022,2,0.19169347357625627,0.29563225792753456,1.0,1.0,34,12
prewhitened_ar,uk_ipi_c261_12m_pct,asia_bls_common_factor_z,pandemic_2020_2022,3,-0.1566855464331487,-0.19768600164115277,0.5,1.0,33,12
prewhitened_ar,uk_ipi_c261_12m_pct,asia_bls_common_factor_z,pandemic_2020_2022,4,0.19565078539734457,0.08847303607815273,1.0,1.0,32,12
prewhitened_ar,uk_ipi_c261_12m_pct,asia_bls_common_factor_z,pandemic_2020_2022,5,-0.20855365048843602,-0.40704525756450066,0.5,1.0,31,12
prewhitened_ar,uk_ipi_c261_12m_pct,asia_bls_common_factor_z,pandemic_2020_2022,6,0.12303446049872611,0.21723532013227645,1.0,1.0,30,12
prewhitened_ar,uk_ipi_c261_12m_pct,asia_bls_common_factor_z,pandemic_2020_2022,7,0.058913921595947785,0.11244631160742732,0.5,1.0,29,12
prewhitened_ar,uk_ipi_c261_12m_pct,asia_bls_common_factor_z,pandemic_2020_2022,8,0.05413800961769016,0.15879123749933924,0.5,1.0,28,12
prewhitened_ar,uk_ipi_c261_12m_pct,asia_bls_common_factor_z,pandemic_2020_2022,9,0.15314723410759778,0.25309959978160174,0.5,1.0,27,12
prewhitened_ar,uk_ipi_c261_12m_pct,asia_bls_common_factor_z,pandemic_2020_2022,10,0.16296172155083083,0.15754260998702585,0.5,1.0,26,12
prewhitened_ar,uk_ipi_c261_12m_pct,asia_bls_common_factor_z,pandemic_2020_2022,11,-0.018190327524348186,-0.04088702326863609,1.0,1.0,25,12
prewhitened_ar,uk_ipi_c261_12m_pct,asia_bls_common_factor_z,pandemic_2020_2022,12,-0.5757032221599917,-0.5757032221599917,0.5,1.0,24,12
prewhitened_ar,uk_ipi_c261_12m_pct,asia_bls_common_factor_z,post_2022,0,0.6949365718832247,0.6538146443636444,0.5,0.5,33,12
prewhitened_ar,uk_ipi_c261_12m_pct,asia_bls_common_factor_z,post_2022,1,0.33753806905476025,0.4564051768765044,0.5,0.5,32,12
prewhitened_ar,uk_ipi_c261_12m_pct,asia_bls_common_factor_z,post_2022,2,0.0988391500087485,-0.11136527916996242,0.5,1.0,31,12
prewhitened_ar,uk_ipi_c261_12m_pct,asia_bls_common_factor_z,post_2022,3,-0.23501165278226666,-0.07187107462089763,0.5,1.0,30,12
prewhitened_ar,uk_ipi_c261_12m_pct,asia_bls_common_factor_z,post_2022,4,-0.30491097800163924,-0.42029836079958904,0.5,1.0,29,12
prewhitened_ar,uk_ipi_c261_12m_pct,asia_bls_common_factor_z,post_2022,5,0.04920811807669059,0.2213667920615149,0.5,1.0,28,12
prewhitened_ar,uk_ipi_c261_12m_pct,asia_bls_common_factor_z,post_2022,6,0.21174554646315066,0.2218402037026378,1.0,1.0,27,12
prewhitened_ar,uk_ipi_c261_12m_pct,asia_bls_common_factor_z,post_2022,7,0.032337801831965836,0.06920420358919294,0.5,1.0,26,12
prewhitened_ar,uk_ipi_c261_12m_pct,asia_bls_common_factor_z,post_2022,8,-0.05331410191806054,-0.10282326219586331,1.0,1.0,25,12
prewhitened_ar,uk_ipi_c261_12m_pct,asia_bls_common_factor_z,post_2022,9,0.12501455864164332,0.15299862031629977,1.0,1.0,24,12
prewhitened_ar,uk_ipi_c261_12m_pct,asia_bls_common_factor_z,post_2022,10,-0.00286710112119784,0.0038406639995428376,1.0,1.0,23,12
prewhitened_ar,uk_ipi_c261_12m_pct,asia_bls_common_factor_z,post_2022,11,0.007484725897058428,0.007114907636601508,1.0,1.0,22,12
prewhitened_ar,uk_ipi_c261_12m_pct,asia_bls_common_factor_z,post_2022,12,-0.12009112236886689,-0.12009112236886689,0.5,1.0,21,12
prewhitened_ar,uk_ipi_c262_12m_pct,jp_epi_electronics_gbp_12m_pct,full,0,0.30209173782108767,0.3076646471865219,0.006993006993006993,0.006993006993006993,178,12
prewhitened_ar,uk_ipi_c262_12m_pct,jp_epi_electronics_gbp_12m_pct,full,1,0.032272360372685584,0.03789472720226963,0.7132867132867133,1.0,177,12
prewhitened_ar,uk_ipi_c262_12m_pct,jp_epi_electronics_gbp_12m_pct,full,2,0.11436634826393392,0.11074022033357524,0.2097902097902098,0.965034965034965,176,12
prewhitened_ar,uk_ipi_c262_12m_pct,jp_epi_electronics_gbp_12m_pct,full,3,-0.08522099186131937,-0.08421555935600512,0.34265734265734266,0.986013986013986,175,12
prewhitened_ar,uk_ipi_c262_12m_pct,jp_epi_electronics_gbp_12m_pct,full,4,0.07335007894984526,0.07540967153972421,0.3986013986013986,0.993006993006993,174,12
prewhitened_ar,uk_ipi_c262_12m_pct,jp_epi_electronics_gbp_12m_pct,full,5,-0.03603480657202179,-0.035839511694942636,0.7272727272727273,1.0,173,12
prewhitened_ar,uk_ipi_c262_12m_pct,jp_epi_electronics_gbp_12m_pct,full,6,0.008301908594317058,0.008017703676229665,0.9230769230769231,1.0,172,12
prewhitened_ar,uk_ipi_c262_12m_pct,jp_epi_electronics_gbp_12m_pct,full,7,0.008059747022389634,0.01298833542111316,0.9020979020979021,1.0,171,12
prewhitened_ar,uk_ipi_c262_12m_pct,jp_epi_electronics_gbp_12m_pct,full,8,0.0025346974750762737,-0.0017482506469312905,0.993006993006993,1.0,170,12
prewhitened_ar,uk_ipi_c262_12m_pct,jp_epi_electronics_gbp_12m_pct,full,9,-0.03208282326730046,-0.03114658645948045,0.7552447552447552,1.0,169,12
prewhitened_ar,uk_ipi_c262_12m_pct,jp_epi_electronics_gbp_12m_pct,full,10,-0.07563941776323149,-0.07820715809962632,0.3916083916083916,0.993006993006993,168,12
prewhitened_ar,uk_ipi_c262_12m_pct,jp_epi_electronics_gbp_12m_pct,full,11,0.015929132222997654,0.01655190747982969,0.8671328671328671,1.0,167,12
prewhitened_ar,uk_ipi_c262_12m_pct,jp_epi_electronics_gbp_12m_pct,full,12,-0.1821113069223554,-0.1821113069223554,0.04895104895104895,0.5384615384615384,166,12
prewhitened_ar,uk_ipi_c262_12m_pct,jp_epi_electronics_gbp_12m_pct,pre_2020,0,0.23189883133838626,0.22032880001379596,0.04054054054054054,0.36486486486486486,109,12
prewhitened_ar,uk_ipi_c262_12m_pct,jp_epi_electronics_gbp_12m_pct,pre_2020,1,0.06368487376755685,0.06357251213532594,0.6081081081081081,1.0,108,12
prewhitened_ar,uk_ipi_c262_12m_pct,jp_epi_electronics_gbp_12m_pct,pre_2020,2,0.1024336795443975,0.09796417369199632,0.43243243243243246,1.0,107,12
prewhitened_ar,uk_ipi_c262_12m_pct,jp_epi_electronics_gbp_12m_pct,pre_2020,3,-0.047363755227225704,-0.04693447552980344,0.6621621621621622,1.0,106,12
prewhitened_ar,uk_ipi_c262_12m_pct,jp_epi_electronics_gbp_12m_pct,pre_2020,4,0.03213645802614517,0.04037115730897496,0.7432432432432432,1.0,105,12
prewhitened_ar,uk_ipi_c262_12m_pct,jp_epi_electronics_gbp_12m_pct,pre_2020,5,-0.01070625736013594,-0.0051777841397618075,0.9594594594594594,1.0,104,12
prewhitened_ar,uk_ipi_c262_12m_pct,jp_epi_electronics_gbp_12m_pct,pre_2020,6,-0.033885561509302387,-0.03256682572025628,0.7567567567567568,1.0,103,12
prewhitened_ar,uk_ipi_c262_12m_pct,jp_epi_electronics_gbp_12m_pct,pre_2020,7,-0.01335197073302636,-0.016086425696881877,0.918918918918919,1.0,102,12
prewhitened_ar,uk_ipi_c262_12m_pct,jp_epi_electronics_gbp_12m_pct,pre_2020,8,-0.014702637537735767,-0.016163108879628536,0.9324324324324325,1.0,101,12
prewhitened_ar,uk_ipi_c262_12m_pct,jp_epi_electronics_gbp_12m_pct,pre_2020,9,-0.06737836729240977,-0.0765808322036127,0.5675675675675675,1.0,100,12
prewhitened_ar,uk_ipi_c262_12m_pct,jp_epi_electronics_gbp_12m_pct,pre_2020,10,-0.14219419932361216,-0.14678957731113168,0.17567567567567569,1.0,99,12
prewhitened_ar,uk_ipi_c262_12m_pct,jp_epi_electronics_gbp_12m_pct,pre_2020,11,0.04866115032448403,0.04790664344706831,0.7162162162162162,1.0,98,12
prewhitened_ar,uk_ipi_c262_12m_pct,jp_epi_electronics_gbp_12m_pct,pre_2020,12,-0.12769435960891667,-0.12769435960891667,0.25675675675675674,1.0,97,12
prewhitened_ar,uk_ipi_c262_12m_pct,jp_epi_electronics_gbp_12m_pct,pandemic_2020_2022,0,0.7228051734342092,0.8845882581703303,0.5,0.5,36,12
prewhitened_ar,uk_ipi_c262_12m_pct,jp_epi_electronics_gbp_12m_pct,pandemic_2020_2022,1,-0.0014673150957673598,-0.03304449957007998,1.0,1.0,35,12
prewhitened_ar,uk_ipi_c262_12m_pct,jp_epi_electronics_gbp_12m_pct,pandemic_2020_2022,2,0.23083438830841188,0.2924556671620254,0.5,1.0,34,12
prewhitened_ar,uk_ipi_c262_12m_pct,jp_epi_electronics_gbp_12m_pct,pandemic_2020_2022,3,-0.20598175146442987,-0.27144622467487,0.5,1.0,33,12
prewhitened_ar,uk_ipi_c262_12m_pct,jp_epi_electronics_gbp_12m_pct,pandemic_2020_2022,4,0.2751416198767244,0.026506510534360185,1.0,1.0,32,12
prewhitened_ar,uk_ipi_c262_12m_pct,jp_epi_electronics_gbp_12m_pct,pandemic_2020_2022,5,-0.3219083230459706,-0.49686373943271295,0.5,1.0,31,12
prewhitened_ar,uk_ipi_c262_12m_pct,jp_epi_electronics_gbp_12m_pct,pandemic_2020_2022,6,0.07980774751865358,0.15583153851891016,1.0,1.0,30,12
prewhitened_ar,uk_ipi_c262_12m_pct,jp_epi_electronics_gbp_12m_pct,pandemic_2020_2022,7,0.28535946003595203,0.34521268133039584,0.5,1.0,29,12
prewhitened_ar,uk_ipi_c262_12m_pct,jp_epi_electronics_gbp_12m_pct,pandemic_2020_2022,8,0.054526935785561004,0.18793871864116052,0.5,1.0,28,12
prewhitened_ar,uk_ipi_c262_12m_pct,jp_epi_electronics_gbp_12m_pct,pandemic_2020_2022,9,0.13406070542067142,0.1817734433738231,0.5,1.0,27,12
prewhitened_ar,uk_ipi_c262_12m_pct,jp_epi_electronics_gbp_12m_pct,pandemic_2020_2022,10,0.18843921082975548,0.19649815109896612,0.5,1.0,26,12
prewhitened_ar,uk_ipi_c262_12m_pct,jp_epi_electronics_gbp_12m_pct,pandemic_2020_2022,11,0.04037309424807168,0.03177174946624765,1.0,1.0,25,12
prewhitened_ar,uk_ipi_c262_12m_pct,jp_epi_electronics_gbp_12m_pct,pandemic_2020_2022,12,-0.4541318021138944,-0.4541318021138944,1.0,1.0,24,12
prewhitened_ar,uk_ipi_c262_12m_pct,jp_epi_electronics_gbp_12m_pct,post_2022,0,0.5046138344350328,0.64109940530356,0.5,0.5,33,12
prewhitened_ar,uk_ipi_c262_12m_pct,jp_epi_electronics_gbp_12m_pct,post_2022,1,-0.1183721962311739,-0.0650175667889363,1.0,1.0,32,12
prewhitened_ar,uk_ipi_c262_12m_pct,jp_epi_electronics_gbp_12m_pct,post_2022,2,0.27772181503050475,0.26241285345739385,0.5,1.0,31,12
prewhitened_ar,uk_ipi_c262_12m_pct,jp_epi_electronics_gbp_12m_pct,post_2022,3,-0.16033018942383703,-0.14676754400880546,1.0,1.0,30,12
prewhitened_ar,uk_ipi_c262_12m_pct,jp_epi_electronics_gbp_12m_pct,post_2022,4,0.1404218434726775,0.2016618958210331,1.0,1.0,29,12
prewhitened_ar,uk_ipi_c262_12m_pct,jp_epi_electronics_gbp_12m_pct,post_2022,5,-0.07954148011578326,-0.07666677659003417,1.0,1.0,28,12
prewhitened_ar,uk_ipi_c262_12m_pct,jp_epi_electronics_gbp_12m_pct,post_2022,6,0.11048741919273394,0.13366747959659955,1.0,1.0,27,12
prewhitened_ar,uk_ipi_c262_12m_pct,jp_epi_electronics_gbp_12m_pct,post_2022,7,-0.21987298588861565,-0.18197024343455384,1.0,1.0,26,12
prewhitened_ar,uk_ipi_c262_12m_pct,jp_epi_electronics_gbp_12m_pct,post_2022,8,-0.13866255138898273,-0.2558556072892563,0.5,1.0,25,12
prewhitened_ar,uk_ipi_c262_12m_pct,jp_epi_electronics_gbp_12m_pct,post_2022,9,-0.1310039670764743,-0.126959058311559,1.0,1.0,24,12
prewhitened_ar,uk_ipi_c262_12m_pct,jp_epi_electronics_gbp_12m_pct,post_2022,10,0.03021248979205575,0.0021983904726064884,1.0,1.0,23,12
prewhitened_ar,uk_ipi_c262_12m_pct,jp_epi_electronics_gbp_12m_pct,post_2022,11,-0.2746520810385776,-0.2678349068159196,0.5,1.0,22,12
prewhitened_ar,uk_ipi_c262_12m_pct,jp_epi_electronics_gbp_12m_pct,post_2022,12,-0.2257168251469639,-0.2257168251469639,0.5,1.0,21,12
prewhitened_ar,uk_ipi_c262_12m_pct,kr_epi_tech_gbp_12m_pct,full,0,0.5144537941650259,0.5733182192229167,0.07142857142857142,0.07142857142857142,49,12
prewhitened_ar,uk_ipi_c262_12m_pct,kr_epi_tech_gbp_12m_pct,full,1,0.01587367677041189,0.0556175644955404,0.7142857142857143,1.0,48,12
prewhitened_ar,uk_ipi_c262_12m_pct,kr_epi_tech_gbp_12m_pct,full,2,-0.006491573666281899,-0.08896846794705138,0.6428571428571429,1.0,47,12
prewhitened_ar,uk_ipi_c262_12m_pct,kr_epi_tech_gbp_12m_pct,full,3,-0.20506890176747206,-0.31364994380197053,0.14285714285714285,0.5,46,12
prewhitened_ar,uk_ipi_c262_12m_pct,kr_epi_tech_gbp_12m_pct,full,4,0.25463085122452894,0.3121273203263607,0.07142857142857142,0.5,45,12
prewhitened_ar,uk_ipi_c262_12m_pct,kr_epi_tech_gbp_12m_pct,full,5,-0.04465111561624737,-0.08095509674353543,0.6428571428571429,1.0,44,12
prewhitened_ar,uk_ipi_c262_12m_pct,kr_epi_tech_gbp_12m_pct,full,6,0.09876320098739956,0.06543401756819185,0.6428571428571429,1.0,43,12
prewhitened_ar,uk_ipi_c262_12m_pct,kr_epi_tech_gbp_12m_pct,full,7,-0.02101040745798895,-0.0530870635865834,0.6428571428571429,1.0,42,12
prewhitened_ar,uk_ipi_c262_12m_pct,kr_epi_tech_gbp_12m_pct,full,8,-0.2482465813264291,-0.27015419861220186,0.07142857142857142,0.8571428571428571,41,12
prewhitened_ar,uk_ipi_c262_12m_pct,kr_epi_tech_gbp_12m_pct,full,9,0.1159143438781855,0.11575970620536079,0.5714285714285714,1.0,40,12
prewhitened_ar,uk_ipi_c262_12m_pct,kr_epi_tech_gbp_12m_pct,full,10,0.23581073398009594,0.23676472867625786,0.21428571428571427,1.0,39,12
prewhitened_ar,uk_ipi_c262_12m_pct,kr_epi_tech_gbp_12m_pct,full,11,0.13166373163146772,0.12553626932319756,0.5714285714285714,1.0,38,12
prewhitened_ar,uk_ipi_c262_12m_pct,kr_epi_tech_gbp_12m_pct,full,12,-0.30023749768352304,-0.30023749768352304,0.14285714285714285,0.5714285714285714,37,12
prewhitened_ar,uk_ipi_c262_12m_pct,kr_epi_tech_gbp_12m_pct,pandemic_2020_2022,0,0.5468696823480259,0.7167255915114148,0.5,0.5,33,12
prewhitened_ar,uk_ipi_c262_12m_pct,kr_epi_tech_gbp_12m_pct,pandemic_2020_2022,1,-0.02876418680628965,-0.07935636633826525,0.5,1.0,32,12
prewhitened_ar,uk_ipi_c262_12m_pct,kr_epi_tech_gbp_12m_pct,pandemic_2020_2022,2,-0.04446167838481427,0.0692457573692068,1.0,1.0,31,12
prewhitened_ar,uk_ipi_c262_12m_pct,kr_epi_tech_gbp_12m_pct,pandemic_2020_2022,3,-0.22749898067570729,-0.2108902415327298,0.5,1.0,30,12
prewhitened_ar,uk_ipi_c262_12m_pct,kr_epi_tech_gbp_12m_pct,pandemic_2020_2022,4,0.34842368625356057,0.15958390042869638,1.0,1.0,29,12
prewhitened_ar,uk_ipi_c262_12m_pct,kr_epi_tech_gbp_12m_pct,pandemic_2020_2022,5,-0.3558818670890137,-0.4082883211043646,0.5,1.0,28,12
prewhitened_ar,uk_ipi_c262_12m_pct,kr_epi_tech_gbp_12m_pct,pandemic_2020_2022,6,-0.03291397900265047,-0.061407508888475106,0.5,1.0,27,12
prewhitened_ar,uk_ipi_c262_12m_pct,kr_epi_tech_gbp_12m_pct,pandemic_2020_2022,7,0.15699190204216282,0.23754444060182936,0.5,1.0,26,12
prewhitened_ar,uk_ipi_c262_12m_pct,kr_epi_tech_gbp_12m_pct,pandemic_2020_2022,8,-0.2589368130378082,0.06893334630161066,1.0,1.0,25,12
prewhitened_ar,uk_ipi_c262_12m_pct,kr_epi_tech_gbp_12m_pct,pandemic_2020_2022,9,0.02145171043403062,0.08319699410280197,1.0,1.0,24,12
prewhitened_ar,uk_ipi_c262_12m_pct,kr_epi_tech_gbp_12m_pct,pandemic_2020_2022,10,0.2854086237887396,0.24494299111766496,0.5,1.0,23,12
prewhitened_ar,uk_ipi_c262_12m_pct,kr_epi_tech_gbp_12m_pct,pandemic_2020_2022,11,0.23425236710217673,0.20116890750514974,0.5,1.0,22,12
prewhitened_ar,uk_ipi_c262_12m_pct,kr_epi_tech_gbp_12m_pct,pandemic_2020_2022,12,-0.3218198476713329,-0.3218198476713329,0.5,1.0,21,12
prewhitened_ar,uk_ipi_c262_12m_pct,cn_ppi_tech_gbp_12m_pct,full,0,0.6052344614194736,0.6237617987434526,0.125,0.125,43,12
prewhitened_ar,uk_ipi_c262_12m_pct,cn_ppi_tech_gbp_12m_pct,full,1,0.11046213201998392,0.13631201131810566,0.375,1.0,42,12
prewhitened_ar,uk_ipi_c262_12m_pct,cn_ppi_tech_gbp_12m_pct,full,2,0.18868962178964382,0.17420550772935323,0.25,1.0,41,12
prewhitened_ar,uk_ipi_c262_12m_pct,cn_ppi_tech_gbp_12m_pct,full,3,0.012106806695524849,0.009327115001349485,1.0,1.0,40,12
prewhitened_ar,uk_ipi_c262_12m_pct,cn_ppi_tech_gbp_12m_pct,full,4,0.07583136148756121,0.06084225470996584,0.75,1.0,39,12
prewhitened_ar,uk_ipi_c262_12m_pct,cn_ppi_tech_gbp_12m_pct,full,5,0.15774065796662776,0.2118454505811198,0.125,1.0,38,12
prewhitened_ar,uk_ipi_c262_12m_pct,cn_ppi_tech_gbp_12m_pct,full,6,0.2849282823179944,0.2965275881462246,0.25,0.375,37,12
prewhitened_ar,uk_ipi_c262_12m_pct,cn_ppi_tech_gbp_12m_pct,full,7,-0.12611107515418332,-0.10830382080340917,0.625,1.0,36,12
prewhitened_ar,uk_ipi_c262_12m_pct,cn_ppi_tech_gbp_12m_pct,full,8,-0.1577239251980583,-0.185827848365978,0.5,1.0,35,12
prewhitened_ar,uk_ipi_c262_12m_pct,cn_ppi_tech_gbp_12m_pct,full,9,-0.13605063349144136,-0.12614186241340047,0.625,1.0,34,12
prewhitened_ar,uk_ipi_c262_12m_pct,cn_ppi_tech_gbp_12m_pct,full,10,-0.03641126840636545,-0.037827442658902755,0.625,1.0,33,12
prewhitened_ar,uk_ipi_c262_12m_pct,cn_ppi_tech_gbp_12m_pct,full,11,0.01586638825485347,0.020755541644035404,1.0,1.0,32,12
prewhitened_ar,uk_ipi_c262_12m_pct,cn_ppi_tech_gbp_12m_pct,full,12,-0.31107404368122216,-0.31107404368122216,0.125,0.25,31,12
prewhitened_ar,uk_ipi_c262_12m_pct,cn_ppi_tech_gbp_12m_pct,post_2022,0,0.6022784917879107,0.6346403228220284,0.5,0.5,33,12
prewhitened_ar,uk_ipi_c262_12m_pct,cn_ppi_tech_gbp_12m_pct,post_2022,1,0.006680263503903287,0.04936725600369286,1.0,1.0,32,12
prewhitened_ar,uk_ipi_c262_12m_pct,cn_ppi_tech_gbp_12m_pct,post_2022,2,0.18604684090120086,0.18149162198327165,1.0,1.0,31,12
prewhitened_ar,uk_ipi_c262_12m_pct,cn_ppi_tech_gbp_12m_pct,post_2022,3,0.020251825683083605,0.0350793773870487,1.0,1.0,30,12
prewhitened_ar,uk_ipi_c262_12m_pct,cn_ppi_tech_gbp_12m_pct,post_2022,4,-0.03900687907978753,-0.07418511620497757,1.0,1.0,29,12
prewhitened_ar,uk_ipi_c262_12m_pct,cn_ppi_tech_gbp_12m_pct,post_2022,5,0.007734305425626387,0.08152085123435107,1.0,1.0,28,12
prewhitened_ar,uk_ipi_c262_12m_pct,cn_ppi_tech_gbp_12m_pct,post_2022,6,0.18538838030038624,0.18578753812128027,0.5,1.0,27,12
prewhitened_ar,uk_ipi_c262_12m_pct,cn_ppi_tech_gbp_12m_pct,post_2022,7,-0.06430852987041147,-0.0358385379478449,1.0,1.0,26,12
prewhitened_ar,uk_ipi_c262_12m_pct,cn_ppi_tech_gbp_12m_pct,post_2022,8,-0.24281087012117247,-0.2888050710938133,0.5,1.0,25,12
prewhitened_ar,uk_ipi_c262_12m_pct,cn_ppi_tech_gbp_12m_pct,post_2022,9,-0.06847482097487831,-0.05886928318905074,1.0,1.0,24,12
prewhitened_ar,uk_ipi_c262_12m_pct,cn_ppi_tech_gbp_12m_pct,post_2022,10,-0.22411178114554,-0.22998900635896963,0.5,1.0,23,12
prewhitened_ar,uk_ipi_c262_12m_pct,cn_ppi_tech_gbp_12m_pct,post_2022,11,0.06280800478103156,0.06674316059273093,1.0,1.0,22,12
prewhitened_ar,uk_ipi_c262_12m_pct,cn_ppi_tech_gbp_12m_pct,post_2022,12,-0.1959806873203713,-0.1959806873203713,1.0,1.0,21,12
prewhitened_ar,uk_ipi_c262_12m_pct,tw_epi_integrated_circuits_gbp_12m_pct,full,0,0.36145196369075094,0.3652756522150074,0.006993006993006993,0.006993006993006993,178,12
prewhitened_ar,uk_ipi_c262_12m_pct,tw_epi_integrated_circuits_gbp_12m_pct,full,1,0.1004058822297586,0.10475151421151947,0.2517482517482518,0.9790209790209791,177,12
prewhitened_ar,uk_ipi_c262_12m_pct,tw_epi_integrated_circuits_gbp_12m_pct,full,2,0.06684254800937248,0.06453888575945893,0.4405594405594406,1.0,176,12
prewhitened_ar,uk_ipi_c262_12m_pct,tw_epi_integrated_circuits_gbp_12m_pct,full,3,-0.08806634398519599,-0.08733667954780554,0.3146853146853147,1.0,175,12
prewhitened_ar,uk_ipi_c262_12m_pct,tw_epi_integrated_circuits_gbp_12m_pct,full,4,0.04857659262122459,0.047797008144772314,0.5454545454545454,1.0,174,12
prewhitened_ar,uk_ipi_c262_12m_pct,tw_epi_integrated_circuits_gbp_12m_pct,full,5,0.06698913263031628,0.07266615323008181,0.40559440559440557,1.0,173,12
prewhitened_ar,uk_ipi_c262_12m_pct,tw_epi_integrated_circuits_gbp_12m_pct,full,6,-0.007631232493819161,-0.0065178181794004145,0.9300699300699301,1.0,172,12
prewhitened_ar,uk_ipi_c262_12m_pct,tw_epi_integrated_circuits_gbp_12m_pct,full,7,-0.06557076085700966,-0.06369785055375289,0.45454545454545453,1.0,171,12
prewhitened_ar,uk_ipi_c262_12m_pct,tw_epi_integrated_circuits_gbp_12m_pct,full,8,-0.03584341551823091,-0.037797908983073066,0.5664335664335665,1.0,170,12
prewhitened_ar,uk_ipi_c262_12m_pct,tw_epi_integrated_circuits_gbp_12m_pct,full,9,0.024282450698603124,0.02449797257911516,0.7272727272727273,1.0,169,12
prewhitened_ar,uk_ipi_c262_12m_pct,tw_epi_integrated_circuits_gbp_12m_pct,full,10,0.010738000037634084,0.010183361691285253,0.8741258741258742,1.0,168,12
prewhitened_ar,uk_ipi_c262_12m_pct,tw_epi_integrated_circuits_gbp_12m_pct,full,11,0.0697545624535826,0.06993582430211118,0.3986013986013986,1.0,167,12
prewhitened_ar,uk_ipi_c262_12m_pct,tw_epi_integrated_circuits_gbp_12m_pct,full,12,-0.3067825348540676,-0.3067825348540676,0.006993006993006993,0.006993006993006993,166,12
prewhitened_ar,uk_ipi_c262_12m_pct,tw_epi_integrated_circuits_gbp_12m_pct,pre_2020,0,0.31404213680944393,0.29992173146135875,0.02702702702702703,0.1891891891891892,109,12
prewhitened_ar,uk_ipi_c262_12m_pct,tw_epi_integrated_circuits_gbp_12m_pct,pre_2020,1,0.13613179771527298,0.1337094045358051,0.1891891891891892,0.8918918918918919,108,12
prewhitened_ar,uk_ipi_c262_12m_pct,tw_epi_integrated_circuits_gbp_12m_pct,pre_2020,2,0.1103569071143901,0.10341823353205892,0.2972972972972973,1.0,107,12
prewhitened_ar,uk_ipi_c262_12m_pct,tw_epi_integrated_circuits_gbp_12m_pct,pre_2020,3,-0.0630704410463582,-0.06346317318937039,0.5405405405405406,1.0,106,12
prewhitened_ar,uk_ipi_c262_12m_pct,tw_epi_integrated_circuits_gbp_12m_pct,pre_2020,4,-0.034079514269641835,-0.0360274053774379,0.8108108108108109,1.0,105,12
prewhitened_ar,uk_ipi_c262_12m_pct,tw_epi_integrated_circuits_gbp_12m_pct,pre_2020,5,0.08046606861857603,0.08315594219346248,0.3918918918918919,1.0,104,12
prewhitened_ar,uk_ipi_c262_12m_pct,tw_epi_integrated_circuits_gbp_12m_pct,pre_2020,6,-0.03369757570942427,-0.03770271362684637,0.7837837837837838,1.0,103,12
prewhitened_ar,uk_ipi_c262_12m_pct,tw_epi_integrated_circuits_gbp_12m_pct,pre_2020,7,-0.05669719544343967,-0.06394957482686639,0.581081081081081,1.0,102,12
prewhitened_ar,uk_ipi_c262_12m_pct,tw_epi_integrated_circuits_gbp_12m_pct,pre_2020,8,-0.06279900411930636,-0.06765634104694897,0.5540540540540541,1.0,101,12
prewhitened_ar,uk_ipi_c262_12m_pct,tw_epi_integrated_circuits_gbp_12m_pct,pre_2020,9,-0.06244267297010118,-0.07283234206304216,0.527027027027027,1.0,100,12
prewhitened_ar,uk_ipi_c262_12m_pct,tw_epi_integrated_circuits_gbp_12m_pct,pre_2020,10,-0.047127696840934895,-0.0532418834411309,0.6621621621621622,1.0,99,12
prewhitened_ar,uk_ipi_c262_12m_pct,tw_epi_integrated_circuits_gbp_12m_pct,pre_2020,11,0.14218920928128118,0.1390146906684713,0.16216216216216217,0.8918918918918919,98,12
prewhitened_ar,uk_ipi_c262_12m_pct,tw_epi_integrated_circuits_gbp_12m_pct,pre_2020,12,-0.2676595283466673,-0.2676595283466673,0.02702702702702703,0.1891891891891892,97,12
prewhitened_ar,uk_ipi_c262_12m_pct,tw_epi_integrated_circuits_gbp_12m_pct,pandemic_2020_2022,0,0.7001023423249667,0.762931336646796,0.5,0.5,36,12
prewhitened_ar,uk_ipi_c262_12m_pct,tw_epi_integrated_circuits_gbp_12m_pct,pandemic_2020_2022,1,0.18123734987539847,0.11445526982192336,0.5,1.0,35,12
prewhitened_ar,uk_ipi_c262_12m_pct,tw_epi_integrated_circuits_gbp_12m_pct,pandemic_2020_2022,2,0.1435594200047448,0.38370685375933716,0.5,1.0,34,12
prewhitened_ar,uk_ipi_c262_12m_pct,tw_epi_integrated_circuits_gbp_12m_pct,pandemic_2020_2022,3,-0.06369292343387038,-0.10143705242524215,0.5,1.0,33,12
prewhitened_ar,uk_ipi_c262_12m_pct,tw_epi_integrated_circuits_gbp_12m_pct,pandemic_2020_2022,4,0.4330713622349792,0.18730578479251486,1.0,1.0,32,12
prewhitened_ar,uk_ipi_c262_12m_pct,tw_epi_integrated_circuits_gbp_12m_pct,pandemic_2020_2022,5,-0.10242630291048593,-0.4118113518755263,0.5,1.0,31,12
prewhitened_ar,uk_ipi_c262_12m_pct,tw_epi_integrated_circuits_gbp_12m_pct,pandemic_2020_2022,6,0.047675400191943225,0.1571701845948062,1.0,1.0,30,12
prewhitened_ar,uk_ipi_c262_12m_pct,tw_epi_integrated_circuits_gbp_12m_pct,pandemic_2020_2022,7,0.16131697177542478,0.30491337702597093,0.5,1.0,29,12
prewhitened_ar,uk_ipi_c262_12m_pct,tw_epi_integrated_circuits_gbp_12m_pct,pandemic_2020_2022,8,0.13785567392115136,0.34553241043264793,0.5,1.0,28,12
prewhitened_ar,uk_ipi_c262_12m_pct,tw_epi_integrated_circuits_gbp_12m_pct,pandemic_2020_2022,9,0.3450465468002811,0.37826296553313227,0.5,1.0,27,12
prewhitened_ar,uk_ipi_c262_12m_pct,tw_epi_integrated_circuits_gbp_12m_pct,pandemic_2020_2022,10,0.45905849182424924,0.46862157024544715,0.5,1.0,26,12
prewhitened_ar,uk_ipi_c262_12m_pct,tw_epi_integrated_circuits_gbp_12m_pct,pandemic_2020_2022,11,0.09183845219250276,0.08564677107468306,1.0,1.0,25,12
prewhitened_ar,uk_ipi_c262_12m_pct,tw_epi_integrated_circuits_gbp_12m_pct,pandemic_2020_2022,12,-0.43813992834764587,-0.43813992834764587,0.5,1.0,24,12
prewhitened_ar,uk_ipi_c262_12m_pct,tw_epi_integrated_circuits_gbp_12m_pct,post_2022,0,0.6350068366961152,0.7411653290421771,0.5,0.5,33,12
prewhitened_ar,uk_ipi_c262_12m_pct,tw_epi_integrated_circuits_gbp_12m_pct,post_2022,1,-0.06293789408904286,-0.027917507655977083,1.0,1.0,32,12
prewhitened_ar,uk_ipi_c262_12m_pct,tw_epi_integrated_circuits_gbp_12m_pct,post_2022,2,-0.0945468874909239,-0.15762247495322587,0.5,1.0,31,12
prewhitened_ar,uk_ipi_c262_12m_pct,tw_epi_integrated_circuits_gbp_12m_pct,post_2022,3,-0.2015168054974773,-0.19885366055686082,0.5,1.0,30,12
prewhitened_ar,uk_ipi_c262_12m_pct,tw_epi_integrated_circuits_gbp_12m_pct,post_2022,4,0.22542934951682875,0.2555288777158799,0.5,1.0,29,12
prewhitened_ar,uk_ipi_c262_12m_pct,tw_epi_integrated_circuits_gbp_12m_pct,post_2022,5,0.05363019143130974,0.15271286846958118,0.5,1.0,28,12
prewhitened_ar,uk_ipi_c262_12m_pct,tw_epi_integrated_circuits_gbp_12m_pct,post_2022,6,0.1755371595334761,0.22976897277989497,1.0,1.0,27,12
prewhitened_ar,uk_ipi_c262_12m_pct,tw_epi_integrated_circuits_gbp_12m_pct,post_2022,7,-0.3494284673225085,-0.3582862567694178,0.5,1.0,26,12
prewhitened_ar,uk_ipi_c262_12m_pct,tw_epi_integrated_circuits_gbp_12m_pct,post_2022,8,-0.09554651206641196,-0.14801420931643125,1.0,1.0,25,12
prewhitened_ar,uk_ipi_c262_12m_pct,tw_epi_integrated_circuits_gbp_12m_pct,post_2022,9,0.21632436206805944,0.226436098715063,1.0,1.0,24,12
prewhitened_ar,uk_ipi_c262_12m_pct,tw_epi_integrated_circuits_gbp_12m_pct,post_2022,10,0.28209570757997493,0.2779891606400641,0.5,1.0,23,12
prewhitened_ar,uk_ipi_c262_12m_pct,tw_epi_integrated_circuits_gbp_12m_pct,post_2022,11,-0.03728549549479665,-0.03346368016506151,1.0,1.0,22,12
prewhitened_ar,uk_ipi_c262_12m_pct,tw_epi_integrated_circuits_gbp_12m_pct,post_2022,12,-0.341649938968738,-0.341649938968738,0.5,1.0,21,12
prewhitened_ar,uk_ipi_c262_12m_pct,hk_ppi_tech_gbp_12m_pct,full,0,-0.22941546811436705,-0.2377531294188381,0.013986013986013986,0.11888111888111888,178,12
prewhitened_ar,uk_ipi_c262_12m_pct,hk_ppi_tech_gbp_12m_pct,full,1,0.06683013293759987,0.06998711725358832,0.3146853146853147,1.0,177,12
prewhitened_ar,uk_ipi_c262_12m_pct,hk_ppi_tech_gbp_12m_pct,full,2,-0.027251541799676256,-0.031113065168386342,0.6293706293706294,1.0,176,12
prewhitened_ar,uk_ipi_c262_12m_pct,hk_ppi_tech_gbp_12m_pct,full,3,0.10765270509935376,0.11182906801362348,0.16083916083916083,0.965034965034965,175,12
prewhitened_ar,uk_ipi_c262_12m_pct,hk_ppi_tech_gbp_12m_pct,full,4,-0.0177846477070739,-0.02251759043390078,0.6853146853146853,1.0,174,12
prewhitened_ar,uk_ipi_c262_12m_pct,hk_ppi_tech_gbp_12m_pct,full,5,-0.04640139787970179,-0.048197645015156054,0.45454545454545453,1.0,173,12
prewhitened_ar,uk_ipi_c262_12m_pct,hk_ppi_tech_gbp_12m_pct,full,6,-0.08890043134866209,-0.09513088889032258,0.1958041958041958,1.0,172,12
prewhitened_ar,uk_ipi_c262_12m_pct,hk_ppi_tech_gbp_12m_pct,full,7,-0.16463874524606864,-0.164935086864177,0.07692307692307693,0.7412587412587412,171,12
prewhitened_ar,uk_ipi_c262_12m_pct,hk_ppi_tech_gbp_12m_pct,full,8,-0.06747455423061426,-0.06828853457168052,0.3076923076923077,1.0,170,12
prewhitened_ar,uk_ipi_c262_12m_pct,hk_ppi_tech_gbp_12m_pct,full,9,-0.39998382694802176,-0.4014560064073727,0.006993006993006993,0.006993006993006993,169,12
prewhitened_ar,uk_ipi_c262_12m_pct,hk_ppi_tech_gbp_12m_pct,full,10,-0.036840247593050233,-0.03681259331429747,0.5874125874125874,1.0,168,12
prewhitened_ar,uk_ipi_c262_12m_pct,hk_ppi_tech_gbp_12m_pct,full,11,0.007670978019515922,0.007721419228115645,0.9300699300699301,1.0,167,12
prewhitened_ar,uk_ipi_c262_12m_pct,hk_ppi_tech_gbp_12m_pct,full,12,0.19255328085333934,0.19255328085333934,0.04195804195804196,0.32867132867132864,166,12
prewhitened_ar,uk_ipi_c262_12m_pct,hk_ppi_tech_gbp_12m_pct,pre_2020,0,-0.29719470250103225,-0.29421155539496535,0.02702702702702703,0.1891891891891892,109,12
prewhitened_ar,uk_ipi_c262_12m_pct,hk_ppi_tech_gbp_12m_pct,pre_2020,1,0.03274076093197921,0.03311607155733819,0.7297297297297297,1.0,108,12
prewhitened_ar,uk_ipi_c262_12m_pct,hk_ppi_tech_gbp_12m_pct,pre_2020,2,-0.03225518403362012,-0.029975654775513026,0.7432432432432432,1.0,107,12
prewhitened_ar,uk_ipi_c262_12m_pct,hk_ppi_tech_gbp_12m_pct,pre_2020,3,0.11307195581185593,0.11238668263891889,0.22972972972972974,1.0,106,12
prewhitened_ar,uk_ipi_c262_12m_pct,hk_ppi_tech_gbp_12m_pct,pre_2020,4,-0.01746516188849673,-0.01843654349819734,0.8783783783783784,1.0,105,12
prewhitened_ar,uk_ipi_c262_12m_pct,hk_ppi_tech_gbp_12m_pct,pre_2020,5,-0.0701907072071315,-0.06981608221969521,0.3918918918918919,1.0,104,12
prewhitened_ar,uk_ipi_c262_12m_pct,hk_ppi_tech_gbp_12m_pct,pre_2020,6,-0.17451665194252688,-0.17309502638228313,0.14864864864864866,1.0,103,12
prewhitened_ar,uk_ipi_c262_12m_pct,hk_ppi_tech_gbp_12m_pct,pre_2020,7,-0.14978799723906183,-0.14777875521512313,0.1891891891891892,1.0,102,12
prewhitened_ar,uk_ipi_c262_12m_pct,hk_ppi_tech_gbp_12m_pct,pre_2020,8,-0.05455678038095248,-0.05076518323944715,0.527027027027027,1.0,101,12
prewhitened_ar,uk_ipi_c262_12m_pct,hk_ppi_tech_gbp_12m_pct,pre_2020,9,-0.4462985702453319,-0.4456116169688933,0.013513513513513514,0.013513513513513514,100,12
prewhitened_ar,uk_ipi_c262_12m_pct,hk_ppi_tech_gbp_12m_pct,pre_2020,10,-0.0747731979595965,-0.0749985736315908,0.3783783783783784,1.0,99,12
prewhitened_ar,uk_ipi_c262_12m_pct,hk_ppi_tech_gbp_12m_pct,pre_2020,11,-0.005634208181406305,-0.005640995116591275,0.918918918918919,1.0,98,12
prewhitened_ar,uk_ipi_c262_12m_pct,hk_ppi_tech_gbp_12m_pct,pre_2020,12,0.21082156387072673,0.21082156387072673,0.12162162162162163,0.9054054054054054,97,12
prewhitened_ar,uk_ipi_c262_12m_pct,hk_ppi_tech_gbp_12m_pct,pandemic_2020_2022,0,-0.196089541676536,-0.48039110065371315,0.5,0.5,36,12
prewhitened_ar,uk_ipi_c262_12m_pct,hk_ppi_tech_gbp_12m_pct,pandemic_2020_2022,1,0.0466952200568674,0.02200165382650687,0.5,1.0,35,12
prewhitened_ar,uk_ipi_c262_12m_pct,hk_ppi_tech_gbp_12m_pct,pandemic_2020_2022,2,-0.1586787323898381,-0.30555069393804624,0.5,1.0,34,12
prewhitened_ar,uk_ipi_c262_12m_pct,hk_ppi_tech_gbp_12m_pct,pandemic_2020_2022,3,0.43889482483710346,0.4652882367934042,0.5,0.5,33,12
prewhitened_ar,uk_ipi_c262_12m_pct,hk_ppi_tech_gbp_12m_pct,pandemic_2020_2022,4,0.13457363212666076,0.1361858655469823,1.0,1.0,32,12
prewhitened_ar,uk_ipi_c262_12m_pct,hk_ppi_tech_gbp_12m_pct,pandemic_2020_2022,5,0.13892350401453576,0.27267897450144585,0.5,1.0,31,12
prewhitened_ar,uk_ipi_c262_12m_pct,hk_ppi_tech_gbp_12m_pct,pandemic_2020_2022,6,0.18166119566059014,-0.12506081573306568,0.5,1.0,30,12
prewhitened_ar,uk_ipi_c262_12m_pct,hk_ppi_tech_gbp_12m_pct,pandemic_2020_2022,7,-0.1417677097080136,-0.251604111497324,0.5,1.0,29,12
prewhitened_ar,uk_ipi_c262_12m_pct,hk_ppi_tech_gbp_12m_pct,pandemic_2020_2022,8,-0.26617956641308166,-0.32302824871105,0.5,1.0,28,12
prewhitened_ar,uk_ipi_c262_12m_pct,hk_ppi_tech_gbp_12m_pct,pandemic_2020_2022,9,-0.2887462511624013,-0.27594299626082625,0.5,1.0,27,12
prewhitened_ar,uk_ipi_c262_12m_pct,hk_ppi_tech_gbp_12m_pct,pandemic_2020_2022,10,0.09764470963135757,0.09468789082960266,0.5,1.0,26,12
prewhitened_ar,uk_ipi_c262_12m_pct,hk_ppi_tech_gbp_12m_pct,pandemic_2020_2022,11,-0.07334547526773671,-0.07569115607495536,1.0,1.0,25,12
prewhitened_ar,uk_ipi_c262_12m_pct,hk_ppi_tech_gbp_12m_pct,pandemic_2020_2022,12,0.12959110178037792,0.12959110178037792,1.0,1.0,24,12
prewhitened_ar,uk_ipi_c262_12m_pct,hk_ppi_tech_gbp_12m_pct,post_2022,0,0.1278067126544722,0.18105959113770537,1.0,1.0,33,12
prewhitened_ar,uk_ipi_c262_12m_pct,hk_ppi_tech_gbp_12m_pct,post_2022,1,0.33528437219380003,0.4206837565195333,0.5,0.5,32,12
prewhitened_ar,uk_ipi_c262_12m_pct,hk_ppi_tech_gbp_12m_pct,post_2022,2,0.05661524191544018,0.020800972508331055,1.0,1.0,31,12
prewhitened_ar,uk_ipi_c262_12m_pct,hk_ppi_tech_gbp_12m_pct,post_2022,3,-0.24423959786056443,-0.2626742698637658,0.5,1.0,30,12
prewhitened_ar,uk_ipi_c262_12m_pct,hk_ppi_tech_gbp_12m_pct,post_2022,4,0.08792153725718967,0.03888656956383279,1.0,1.0,29,12
prewhitened_ar,uk_ipi_c262_12m_pct,hk_ppi_tech_gbp_12m_pct,post_2022,5,-0.022812560414301634,-0.04005073715378442,1.0,1.0,28,12
prewhitened_ar,uk_ipi_c262_12m_pct,hk_ppi_tech_gbp_12m_pct,post_2022,6,0.4158348627659902,0.4144987095938221,0.5,0.5,27,12
prewhitened_ar,uk_ipi_c262_12m_pct,hk_ppi_tech_gbp_12m_pct,post_2022,7,-0.40042622378787174,-0.40009671816351217,0.5,1.0,26,12
prewhitened_ar,uk_ipi_c262_12m_pct,hk_ppi_tech_gbp_12m_pct,post_2022,8,-0.06378751961025728,-0.06220593789627049,1.0,1.0,25,12
prewhitened_ar,uk_ipi_c262_12m_pct,hk_ppi_tech_gbp_12m_pct,post_2022,9,-0.3538591163267945,-0.3551309667146713,0.5,1.0,24,12
prewhitened_ar,uk_ipi_c262_12m_pct,hk_ppi_tech_gbp_12m_pct,post_2022,10,0.26363816141222796,0.26441519324610724,0.5,1.0,23,12
prewhitened_ar,uk_ipi_c262_12m_pct,hk_ppi_tech_gbp_12m_pct,post_2022,11,0.07218444966348064,0.07289667420594505,1.0,1.0,22,12
prewhitened_ar,uk_ipi_c262_12m_pct,hk_ppi_tech_gbp_12m_pct,post_2022,12,0.2821112888779062,0.2821112888779062,0.5,1.0,21,12
prewhitened_ar,uk_ipi_c262_12m_pct,oecd_asia_c26_targeted_gbp_12m_pct,full,0,0.5532933606299094,0.7163438686247104,0.5,0.5,26,12
prewhitened_ar,uk_ipi_c262_12m_pct,oecd_asia_c26_targeted_gbp_12m_pct,full,1,0.16649609868650497,0.3306307931539701,0.5,1.0,25,12
prewhitened_ar,uk_ipi_c262_12m_pct,oecd_asia_c26_targeted_gbp_12m_pct,full,2,0.14096313990687753,-0.024753072672275965,1.0,1.0,24,12
prewhitened_ar,uk_ipi_c262_12m_pct,oecd_asia_c26_targeted_gbp_12m_pct,full,3,-0.18453995147616176,-0.4123311190859119,0.5,1.0,23,12
prewhitened_ar,uk_ipi_c262_12m_pct,oecd_asia_c26_targeted_gbp_12m_pct,full,4,0.17001950762781812,0.3018500044700379,0.5,1.0,22,12
prewhitened_ar,uk_ipi_c262_12m_pct,oecd_asia_c26_targeted_gbp_12m_pct,full,5,0.21548786896784325,0.39303217803510865,0.5,1.0,21,12
prewhitened_ar,uk_ipi_c262_12m_pct,oecd_asia_c26_targeted_gbp_12m_pct,full,6,0.02827718011344647,0.08743379064870874,1.0,1.0,20,12
prewhitened_ar,uk_ipi_c262_12m_pct,oecd_asia_c26_targeted_gbp_12m_pct,full,7,-0.21013881578795898,-0.26603580399207505,1.0,1.0,19,12
prewhitened_ar,uk_ipi_c262_12m_pct,oecd_asia_c26_targeted_gbp_12m_pct,full,8,-0.3188907513722305,-0.38326158343403827,0.5,1.0,18,12
prewhitened_ar,uk_ipi_c262_12m_pct,oecd_asia_c26_targeted_gbp_12m_pct,full,9,-0.018853950280144537,0.012749893066591007,1.0,1.0,17,12
prewhitened_ar,uk_ipi_c262_12m_pct,oecd_asia_c26_targeted_gbp_12m_pct,full,10,0.21278974570835135,0.2506926660452276,1.0,1.0,16,12
prewhitened_ar,uk_ipi_c262_12m_pct,oecd_asia_c26_targeted_gbp_12m_pct,full,11,-0.02039247138974255,-0.02951276692800413,1.0,1.0,15,12
prewhitened_ar,uk_ipi_c262_12m_pct,oecd_asia_c26_targeted_gbp_12m_pct,full,12,-0.39926359383484417,-0.39926359383484417,0.5,1.0,14,12
prewhitened_ar,uk_ipi_c262_12m_pct,oecd_asia_c26_bls_gbp_12m_pct,full,0,0.36964535132492704,0.3705296925390477,0.009900990099009901,0.009900990099009901,136,12
prewhitened_ar,uk_ipi_c262_12m_pct,oecd_asia_c26_bls_gbp_12m_pct,full,1,0.14535666776713846,0.15284819445295983,0.0891089108910891,0.5643564356435643,135,12
prewhitened_ar,uk_ipi_c262_12m_pct,oecd_asia_c26_bls_gbp_12m_pct,full,2,0.03152031870088057,0.02152368605747235,0.7920792079207921,1.0,134,12
prewhitened_ar,uk_ipi_c262_12m_pct,oecd_asia_c26_bls_gbp_12m_pct,full,3,-0.03275376877925672,-0.029438668783917196,0.7029702970297029,1.0,133,12
prewhitened_ar,uk_ipi_c262_12m_pct,oecd_asia_c26_bls_gbp_12m_pct,full,4,0.1242547827894942,0.12514846429086451,0.12871287128712872,0.8415841584158416,132,12
prewhitened_ar,uk_ipi_c262_12m_pct,oecd_asia_c26_bls_gbp_12m_pct,full,5,0.0030419675711145593,0.009936045965282228,0.8811881188118812,1.0,131,12
prewhitened_ar,uk_ipi_c262_12m_pct,oecd_asia_c26_bls_gbp_12m_pct,full,6,0.06435431938283363,0.06684713202098808,0.40594059405940597,1.0,130,12
prewhitened_ar,uk_ipi_c262_12m_pct,oecd_asia_c26_bls_gbp_12m_pct,full,7,-0.03066542732730593,-0.025313505944534513,0.7326732673267327,1.0,129,12
prewhitened_ar,uk_ipi_c262_12m_pct,oecd_asia_c26_bls_gbp_12m_pct,full,8,0.012690620528217253,0.008930763536923248,0.8415841584158416,1.0,128,12
prewhitened_ar,uk_ipi_c262_12m_pct,oecd_asia_c26_bls_gbp_12m_pct,full,9,-0.061608983651386354,-0.0618053346166206,0.42574257425742573,1.0,127,12
prewhitened_ar,uk_ipi_c262_12m_pct,oecd_asia_c26_bls_gbp_12m_pct,full,10,-0.026112722649996613,-0.02798862424815032,0.693069306930693,1.0,126,12
prewhitened_ar,uk_ipi_c262_12m_pct,oecd_asia_c26_bls_gbp_12m_pct,full,11,0.09555137853941324,0.09617501899125001,0.2376237623762376,0.9702970297029703,125,12
prewhitened_ar,uk_ipi_c262_12m_pct,oecd_asia_c26_bls_gbp_12m_pct,full,12,-0.21943605852714498,-0.21943605852714498,0.0297029702970297,0.09900990099009901,124,12
prewhitened_ar,uk_ipi_c262_12m_pct,oecd_asia_c26_bls_gbp_12m_pct,pre_2020,0,0.2635815651982988,0.22887076264383158,0.15625,0.75,67,12
prewhitened_ar,uk_ipi_c262_12m_pct,oecd_asia_c26_bls_gbp_12m_pct,pre_2020,1,0.22866163072475365,0.22034085969283482,0.125,0.75,66,12
prewhitened_ar,uk_ipi_c262_12m_pct,oecd_asia_c26_bls_gbp_12m_pct,pre_2020,2,0.030067288899628432,0.003750948330926723,1.0,1.0,65,12
prewhitened_ar,uk_ipi_c262_12m_pct,oecd_asia_c26_bls_gbp_12m_pct,pre_2020,3,0.026379503042860644,0.02092102282299764,0.875,1.0,64,12
prewhitened_ar,uk_ipi_c262_12m_pct,oecd_asia_c26_bls_gbp_12m_pct,pre_2020,4,0.02567884076678017,0.019204705986284706,0.84375,1.0,63,12
prewhitened_ar,uk_ipi_c262_12m_pct,oecd_asia_c26_bls_gbp_12m_pct,pre_2020,5,-0.01931013511245581,-0.0282677400752541,0.8125,1.0,62,12
prewhitened_ar,uk_ipi_c262_12m_pct,oecd_asia_c26_bls_gbp_12m_pct,pre_2020,6,-0.017084396219319148,-0.033703843142730304,0.78125,1.0,61,12
prewhitened_ar,uk_ipi_c262_12m_pct,oecd_asia_c26_bls_gbp_12m_pct,pre_2020,7,-0.01993166400790614,-0.040063044539524584,0.78125,1.0,60,12
prewhitened_ar,uk_ipi_c262_12m_pct,oecd_asia_c26_bls_gbp_12m_pct,pre_2020,8,-0.022545733209781132,-0.034970093349149876,0.78125,1.0,59,12
prewhitened_ar,uk_ipi_c262_12m_pct,oecd_asia_c26_bls_gbp_12m_pct,pre_2020,9,-0.15891751931259965,-0.1804353289815691,0.15625,0.96875,58,12
prewhitened_ar,uk_ipi_c262_12m_pct,oecd_asia_c26_bls_gbp_12m_pct,pre_2020,10,-0.14650428906246266,-0.1572992793913668,0.1875,1.0,57,12
prewhitened_ar,uk_ipi_c262_12m_pct,oecd_asia_c26_bls_gbp_12m_pct,pre_2020,11,0.22864483619857648,0.22524216439474662,0.09375,0.75,56,12
prewhitened_ar,uk_ipi_c262_12m_pct,oecd_asia_c26_bls_gbp_12m_pct,pre_2020,12,-0.10381182606557648,-0.10381182606557648,0.46875,1.0,55,12
prewhitened_ar,uk_ipi_c262_12m_pct,oecd_asia_c26_bls_gbp_12m_pct,pandemic_2020_2022,0,0.8450848738032801,0.8455316560583498,0.5,0.5,36,12
prewhitened_ar,uk_ipi_c262_12m_pct,oecd_asia_c26_bls_gbp_12m_pct,pandemic_2020_2022,1,0.04068016598534191,-0.051967542585727236,1.0,1.0,35,12
prewhitened_ar,uk_ipi_c262_12m_pct,oecd_asia_c26_bls_gbp_12m_pct,pandemic_2020_2022,2,0.1379255866089914,0.1863932816669795,0.5,1.0,34,12
prewhitened_ar,uk_ipi_c262_12m_pct,oecd_asia_c26_bls_gbp_12m_pct,pandemic_2020_2022,3,-0.14332753663205497,-0.3242593812043563,0.5,1.0,33,12
prewhitened_ar,uk_ipi_c262_12m_pct,oecd_asia_c26_bls_gbp_12m_pct,pandemic_2020_2022,4,0.29001123096995546,-0.00608847175148985,1.0,1.0,32,12
prewhitened_ar,uk_ipi_c262_12m_pct,oecd_asia_c26_bls_gbp_12m_pct,pandemic_2020_2022,5,-0.17800612770471436,-0.402802893375164,0.5,1.0,31,12
prewhitened_ar,uk_ipi_c262_12m_pct,oecd_asia_c26_bls_gbp_12m_pct,pandemic_2020_2022,6,0.19525270585386326,0.30538444608340753,1.0,1.0,30,12
prewhitened_ar,uk_ipi_c262_12m_pct,oecd_asia_c26_bls_gbp_12m_pct,pandemic_2020_2022,7,0.2277391580163422,0.3945155278523948,0.5,1.0,29,12
prewhitened_ar,uk_ipi_c262_12m_pct,oecd_asia_c26_bls_gbp_12m_pct,pandemic_2020_2022,8,0.03724854071484391,0.2549240550315139,0.5,1.0,28,12
prewhitened_ar,uk_ipi_c262_12m_pct,oecd_asia_c26_bls_gbp_12m_pct,pandemic_2020_2022,9,0.13781304367340416,0.1799273849307136,0.5,1.0,27,12
prewhitened_ar,uk_ipi_c262_12m_pct,oecd_asia_c26_bls_gbp_12m_pct,pandemic_2020_2022,10,0.26267826008055695,0.2579944241440234,0.5,1.0,26,12
prewhitened_ar,uk_ipi_c262_12m_pct,oecd_asia_c26_bls_gbp_12m_pct,pandemic_2020_2022,11,0.007629027164560235,-0.004150386680132591,1.0,1.0,25,12
prewhitened_ar,uk_ipi_c262_12m_pct,oecd_asia_c26_bls_gbp_12m_pct,pandemic_2020_2022,12,-0.45589406361954976,-0.45589406361954976,0.5,1.0,24,12
prewhitened_ar,uk_ipi_c262_12m_pct,oecd_asia_c26_bls_gbp_12m_pct,post_2022,0,0.6102868314085301,0.6785479847148261,0.5,0.5,33,12
prewhitened_ar,uk_ipi_c262_12m_pct,oecd_asia_c26_bls_gbp_12m_pct,post_2022,1,-0.038633331566038605,0.017286999509092096,1.0,1.0,32,12
prewhitened_ar,uk_ipi_c262_12m_pct,oecd_asia_c26_bls_gbp_12m_pct,post_2022,2,-0.03377233565388238,-0.09421673254873837,0.5,1.0,31,12
prewhitened_ar,uk_ipi_c262_12m_pct,oecd_asia_c26_bls_gbp_12m_pct,post_2022,3,-0.15049148276804347,-0.10212399575718122,0.5,1.0,30,12
prewhitened_ar,uk_ipi_c262_12m_pct,oecd_asia_c26_bls_gbp_12m_pct,post_2022,4,0.23766770925127034,0.291447314735415,0.5,1.0,29,12
prewhitened_ar,uk_ipi_c262_12m_pct,oecd_asia_c26_bls_gbp_12m_pct,post_2022,5,-0.03783557975793583,0.04685086166686129,0.5,1.0,28,12
prewhitened_ar,uk_ipi_c262_12m_pct,oecd_asia_c26_bls_gbp_12m_pct,post_2022,6,0.25332892891276165,0.3143276884638362,0.5,1.0,27,12
prewhitened_ar,uk_ipi_c262_12m_pct,oecd_asia_c26_bls_gbp_12m_pct,post_2022,7,-0.2958247396224691,-0.27805909032974674,0.5,1.0,26,12
prewhitened_ar,uk_ipi_c262_12m_pct,oecd_asia_c26_bls_gbp_12m_pct,post_2022,8,-0.03845900860669455,-0.08834976088330801,1.0,1.0,25,12
prewhitened_ar,uk_ipi_c262_12m_pct,oecd_asia_c26_bls_gbp_12m_pct,post_2022,9,-0.049540093175516234,-0.05020669379011928,1.0,1.0,24,12
prewhitened_ar,uk_ipi_c262_12m_pct,oecd_asia_c26_bls_gbp_12m_pct,post_2022,10,0.27232828557173844,0.2703874812399148,0.5,1.0,23,12
prewhitened_ar,uk_ipi_c262_12m_pct,oecd_asia_c26_bls_gbp_12m_pct,post_2022,11,-0.11591360348691651,-0.11324843580896894,0.5,1.0,22,12
prewhitened_ar,uk_ipi_c262_12m_pct,oecd_asia_c26_bls_gbp_12m_pct,post_2022,12,-0.17649500748641572,-0.17649500748641572,0.5,1.0,21,12
prewhitened_ar,uk_ipi_c262_12m_pct,fred_china_computer_electronics_gbp_12m_pct,full,0,0.3706601870487201,0.3715539764707451,0.009900990099009901,0.009900990099009901,136,12
prewhitened_ar,uk_ipi_c262_12m_pct,fred_china_computer_electronics_gbp_12m_pct,full,1,0.15323446499568014,0.1599501084496189,0.07920792079207921,0.4752475247524752,135,12
prewhitened_ar,uk_ipi_c262_12m_pct,fred_china_computer_electronics_gbp_12m_pct,full,2,0.03574548875822781,0.02571382409540481,0.7524752475247525,1.0,134,12
prewhitened_ar,uk_ipi_c262_12m_pct,fred_china_computer_electronics_gbp_12m_pct,full,3,-0.03755756125147819,-0.03501944201292592,0.6633663366336634,1.0,133,12
prewhitened_ar,uk_ipi_c262_12m_pct,fred_china_computer_electronics_gbp_12m_pct,full,4,0.1362319352584652,0.1371717973849919,0.10891089108910891,0.7920792079207921,132,12
prewhitened_ar,uk_ipi_c262_12m_pct,fred_china_computer_electronics_gbp_12m_pct,full,5,-0.0036154486465128683,0.0027398211324209877,0.9900990099009901,1.0,131,12
prewhitened_ar,uk_ipi_c262_12m_pct,fred_china_computer_electronics_gbp_12m_pct,full,6,0.07268718508375199,0.07550965596187724,0.3564356435643564,1.0,130,12
prewhitened_ar,uk_ipi_c262_12m_pct,fred_china_computer_electronics_gbp_12m_pct,full,7,-0.035336396589359526,-0.030281696449384242,0.6534653465346535,1.0,129,12
prewhitened_ar,uk_ipi_c262_12m_pct,fred_china_computer_electronics_gbp_12m_pct,full,8,0.013143074376054121,0.00946826047686836,0.8514851485148515,1.0,128,12
prewhitened_ar,uk_ipi_c262_12m_pct,fred_china_computer_electronics_gbp_12m_pct,full,9,-0.060760694091299076,-0.06091344445927734,0.42574257425742573,1.0,127,12
prewhitened_ar,uk_ipi_c262_12m_pct,fred_china_computer_electronics_gbp_12m_pct,full,10,-0.0239894738559722,-0.025755356769722373,0.7128712871287128,1.0,126,12
prewhitened_ar,uk_ipi_c262_12m_pct,fred_china_computer_electronics_gbp_12m_pct,full,11,0.09966712642428006,0.1003333666519427,0.21782178217821782,0.9306930693069307,125,12
prewhitened_ar,uk_ipi_c262_12m_pct,fred_china_computer_electronics_gbp_12m_pct,full,12,-0.2171386549505455,-0.2171386549505455,0.0297029702970297,0.10891089108910891,124,12
prewhitened_ar,uk_ipi_c262_12m_pct,fred_china_computer_electronics_gbp_12m_pct,pre_2020,0,0.2644488376357848,0.22959100676265207,0.15625,0.75,67,12
prewhitened_ar,uk_ipi_c262_12m_pct,fred_china_computer_electronics_gbp_12m_pct,pre_2020,1,0.24015384503586984,0.23178119159218077,0.125,0.75,66,12
prewhitened_ar,uk_ipi_c262_12m_pct,fred_china_computer_electronics_gbp_12m_pct,pre_2020,2,0.035028731356406266,0.008972616939141117,0.96875,1.0,65,12
prewhitened_ar,uk_ipi_c262_12m_pct,fred_china_computer_electronics_gbp_12m_pct,pre_2020,3,0.02340435078670446,0.016846690355438523,0.875,1.0,64,12
prewhitened_ar,uk_ipi_c262_12m_pct,fred_china_computer_electronics_gbp_12m_pct,pre_2020,4,0.03876411136332264,0.033161668766593086,0.84375,1.0,63,12
prewhitened_ar,uk_ipi_c262_12m_pct,fred_china_computer_electronics_gbp_12m_pct,pre_2020,5,-0.026791077315134925,-0.03666764559054853,0.8125,1.0,62,12
prewhitened_ar,uk_ipi_c262_12m_pct,fred_china_computer_electronics_gbp_12m_pct,pre_2020,6,0.004294928799350296,-0.011931509217107093,0.9375,1.0,61,12
prewhitened_ar,uk_ipi_c262_12m_pct,fred_china_computer_electronics_gbp_12m_pct,pre_2020,7,-0.02509228979285264,-0.04533568615086385,0.8125,1.0,60,12
prewhitened_ar,uk_ipi_c262_12m_pct,fred_china_computer_electronics_gbp_12m_pct,pre_2020,8,-0.020044961587315807,-0.03243483382533825,0.84375,1.0,59,12
prewhitened_ar,uk_ipi_c262_12m_pct,fred_china_computer_electronics_gbp_12m_pct,pre_2020,9,-0.15459525117543216,-0.17590330080508207,0.125,0.96875,58,12
prewhitened_ar,uk_ipi_c262_12m_pct,fred_china_computer_electronics_gbp_12m_pct,pre_2020,10,-0.13554628272502325,-0.14602872563823885,0.21875,1.0,57,12
prewhitened_ar,uk_ipi_c262_12m_pct,fred_china_computer_electronics_gbp_12m_pct,pre_2020,11,0.2368889412157115,0.23384054580763297,0.09375,0.75,56,12
prewhitened_ar,uk_ipi_c262_12m_pct,fred_china_computer_electronics_gbp_12m_pct,pre_2020,12,-0.10173184719959553,-0.10173184719959553,0.46875,1.0,55,12
prewhitened_ar,uk_ipi_c262_12m_pct,fred_china_computer_electronics_gbp_12m_pct,pandemic_2020_2022,0,0.8516379114845113,0.852308265002683,0.5,0.5,36,12
prewhitened_ar,uk_ipi_c262_12m_pct,fred_china_computer_electronics_gbp_12m_pct,pandemic_2020_2022,1,0.04504806046401633,-0.05437138523495207,1.0,1.0,35,12
prewhitened_ar,uk_ipi_c262_12m_pct,fred_china_computer_electronics_gbp_12m_pct,pandemic_2020_2022,2,0.13639947258432467,0.20135448388887678,0.5,1.0,34,12
prewhitened_ar,uk_ipi_c262_12m_pct,fred_china_computer_electronics_gbp_12m_pct,pandemic_2020_2022,3,-0.16440269109647163,-0.36585933890782085,0.5,1.0,33,12
prewhitened_ar,uk_ipi_c262_12m_pct,fred_china_computer_electronics_gbp_12m_pct,pandemic_2020_2022,4,0.2936107416789938,-0.0015266029516082806,1.0,1.0,32,12
prewhitened_ar,uk_ipi_c262_12m_pct,fred_china_computer_electronics_gbp_12m_pct,pandemic_2020_2022,5,-0.19162113449350443,-0.41975041783150574,0.5,1.0,31,12
prewhitened_ar,uk_ipi_c262_12m_pct,fred_china_computer_electronics_gbp_12m_pct,pandemic_2020_2022,6,0.18408889892433103,0.2918511054331564,1.0,1.0,30,12
prewhitened_ar,uk_ipi_c262_12m_pct,fred_china_computer_electronics_gbp_12m_pct,pandemic_2020_2022,7,0.21708059092760634,0.35909479050120074,0.5,1.0,29,12
prewhitened_ar,uk_ipi_c262_12m_pct,fred_china_computer_electronics_gbp_12m_pct,pandemic_2020_2022,8,0.04069883629306923,0.26179344917436087,0.5,1.0,28,12
prewhitened_ar,uk_ipi_c262_12m_pct,fred_china_computer_electronics_gbp_12m_pct,pandemic_2020_2022,9,0.11777319678832698,0.161270082409588,0.5,1.0,27,12
prewhitened_ar,uk_ipi_c262_12m_pct,fred_china_computer_electronics_gbp_12m_pct,pandemic_2020_2022,10,0.24169194360865676,0.23738231470040672,0.5,1.0,26,12
prewhitened_ar,uk_ipi_c262_12m_pct,fred_china_computer_electronics_gbp_12m_pct,pandemic_2020_2022,11,0.014003639572605186,0.0019009519060421238,1.0,1.0,25,12
prewhitened_ar,uk_ipi_c262_12m_pct,fred_china_computer_electronics_gbp_12m_pct,pandemic_2020_2022,12,-0.44627068912353884,-0.44627068912353884,0.5,1.0,24,12
prewhitened_ar,uk_ipi_c262_12m_pct,fred_china_computer_electronics_gbp_12m_pct,post_2022,0,0.6055719406062293,0.6782657199895034,0.5,0.5,33,12
prewhitened_ar,uk_ipi_c262_12m_pct,fred_china_computer_electronics_gbp_12m_pct,post_2022,1,-0.0336497561608291,0.017741081375602537,1.0,1.0,32,12
prewhitened_ar,uk_ipi_c262_12m_pct,fred_china_computer_electronics_gbp_12m_pct,post_2022,2,-0.022023934456315192,-0.07958914495118413,0.5,1.0,31,12
prewhitened_ar,uk_ipi_c262_12m_pct,fred_china_computer_electronics_gbp_12m_pct,post_2022,3,-0.14861133981631997,-0.10163369811182783,0.5,1.0,30,12
prewhitened_ar,uk_ipi_c262_12m_pct,fred_china_computer_electronics_gbp_12m_pct,post_2022,4,0.260373531027069,0.3189465964082932,0.5,1.0,29,12
prewhitened_ar,uk_ipi_c262_12m_pct,fred_china_computer_electronics_gbp_12m_pct,post_2022,5,-0.044249900294322915,0.03819569573509551,0.5,1.0,28,12
prewhitened_ar,uk_ipi_c262_12m_pct,fred_china_computer_electronics_gbp_12m_pct,post_2022,6,0.2410443332798459,0.30444863360927876,0.5,1.0,27,12
prewhitened_ar,uk_ipi_c262_12m_pct,fred_china_computer_electronics_gbp_12m_pct,post_2022,7,-0.2953399788291615,-0.2791353181186934,0.5,1.0,26,12
prewhitened_ar,uk_ipi_c262_12m_pct,fred_china_computer_electronics_gbp_12m_pct,post_2022,8,-0.038424229568635816,-0.08762517285194549,1.0,1.0,25,12
prewhitened_ar,uk_ipi_c262_12m_pct,fred_china_computer_electronics_gbp_12m_pct,post_2022,9,-0.05993444722318845,-0.06101281355291025,1.0,1.0,24,12
prewhitened_ar,uk_ipi_c262_12m_pct,fred_china_computer_electronics_gbp_12m_pct,post_2022,10,0.2531671124228353,0.24974073724214846,0.5,1.0,23,12
prewhitened_ar,uk_ipi_c262_12m_pct,fred_china_computer_electronics_gbp_12m_pct,post_2022,11,-0.12460841636761266,-0.12145645598559482,0.5,1.0,22,12
prewhitened_ar,uk_ipi_c262_12m_pct,fred_china_computer_electronics_gbp_12m_pct,post_2022,12,-0.17182902477859216,-0.17182902477859216,0.5,1.0,21,12
prewhitened_ar,uk_ipi_c262_12m_pct,fred_japan_computer_electronics_gbp_12m_pct,full,0,0.39378285599392315,0.39571111269023607,0.009900990099009901,0.009900990099009901,136,12
prewhitened_ar,uk_ipi_c262_12m_pct,fred_japan_computer_electronics_gbp_12m_pct,full,1,0.12386680530270201,0.13215010236782604,0.12871287128712872,0.7425742574257426,135,12
prewhitened_ar,uk_ipi_c262_12m_pct,fred_japan_computer_electronics_gbp_12m_pct,full,2,0.04658775182825215,0.035731391277680366,0.6534653465346535,1.0,134,12
prewhitened_ar,uk_ipi_c262_12m_pct,fred_japan_computer_electronics_gbp_12m_pct,full,3,-0.01509724482153133,-0.01174805680843787,0.9207920792079208,1.0,133,12
prewhitened_ar,uk_ipi_c262_12m_pct,fred_japan_computer_electronics_gbp_12m_pct,full,4,0.10222380218397119,0.10228165476612,0.21782178217821782,0.8910891089108911,132,12
prewhitened_ar,uk_ipi_c262_12m_pct,fred_japan_computer_electronics_gbp_12m_pct,full,5,-0.0037472741500347486,0.0031308165748898027,1.0,1.0,131,12
prewhitened_ar,uk_ipi_c262_12m_pct,fred_japan_computer_electronics_gbp_12m_pct,full,6,0.09775937772580129,0.09929836152141465,0.21782178217821782,0.9108910891089109,130,12
prewhitened_ar,uk_ipi_c262_12m_pct,fred_japan_computer_electronics_gbp_12m_pct,full,7,-0.06808920427611753,-0.06407807554496525,0.40594059405940597,1.0,129,12
prewhitened_ar,uk_ipi_c262_12m_pct,fred_japan_computer_electronics_gbp_12m_pct,full,8,0.03909995650152447,0.035108395371270903,0.7128712871287128,1.0,128,12
prewhitened_ar,uk_ipi_c262_12m_pct,fred_japan_computer_electronics_gbp_12m_pct,full,9,-0.06846973908790845,-0.0681331097789221,0.39603960396039606,1.0,127,12
prewhitened_ar,uk_ipi_c262_12m_pct,fred_japan_computer_electronics_gbp_12m_pct,full,10,-0.058587515306647776,-0.060277342800927274,0.40594059405940597,1.0,126,12
prewhitened_ar,uk_ipi_c262_12m_pct,fred_japan_computer_electronics_gbp_12m_pct,full,11,0.07980581714659407,0.08060642359658815,0.33663366336633666,0.9801980198019802,125,12
prewhitened_ar,uk_ipi_c262_12m_pct,fred_japan_computer_electronics_gbp_12m_pct,full,12,-0.239799096510427,-0.239799096510427,0.0297029702970297,0.13861386138613863,124,12
prewhitened_ar,uk_ipi_c262_12m_pct,fred_japan_computer_electronics_gbp_12m_pct,pre_2020,0,0.2970827191508871,0.27160234876809153,0.125,0.8125,67,12
prewhitened_ar,uk_ipi_c262_12m_pct,fred_japan_computer_electronics_gbp_12m_pct,pre_2020,1,0.15717246538481952,0.15214624830882023,0.21875,1.0,66,12
prewhitened_ar,uk_ipi_c262_12m_pct,fred_japan_computer_electronics_gbp_12m_pct,pre_2020,2,0.06042433801571766,0.04250336307384252,0.75,1.0,65,12
prewhitened_ar,uk_ipi_c262_12m_pct,fred_japan_computer_electronics_gbp_12m_pct,pre_2020,3,0.03863580372380384,0.040584253954013105,0.71875,1.0,64,12
prewhitened_ar,uk_ipi_c262_12m_pct,fred_japan_computer_electronics_gbp_12m_pct,pre_2020,4,0.0016185359220714738,-0.0036447161810518095,1.0,1.0,63,12
prewhitened_ar,uk_ipi_c262_12m_pct,fred_japan_computer_electronics_gbp_12m_pct,pre_2020,5,-0.0322471977674598,-0.034856418641543756,0.78125,1.0,62,12
prewhitened_ar,uk_ipi_c262_12m_pct,fred_japan_computer_electronics_gbp_12m_pct,pre_2020,6,0.025399003553853598,0.017014546830434192,0.78125,1.0,61,12
prewhitened_ar,uk_ipi_c262_12m_pct,fred_japan_computer_electronics_gbp_12m_pct,pre_2020,7,-0.0758994184268959,-0.0925354145800021,0.46875,1.0,60,12
prewhitened_ar,uk_ipi_c262_12m_pct,fred_japan_computer_electronics_gbp_12m_pct,pre_2020,8,0.013785616952786774,0.005843574813562666,0.90625,1.0,59,12
prewhitened_ar,uk_ipi_c262_12m_pct,fred_japan_computer_electronics_gbp_12m_pct,pre_2020,9,-0.17431497914102884,-0.1927060524384735,0.15625,1.0,58,12
prewhitened_ar,uk_ipi_c262_12m_pct,fred_japan_computer_electronics_gbp_12m_pct,pre_2020,10,-0.1822071971758855,-0.19296612596304727,0.125,1.0,57,12
prewhitened_ar,uk_ipi_c262_12m_pct,fred_japan_computer_electronics_gbp_12m_pct,pre_2020,11,0.19249438231334115,0.18777097996819667,0.125,1.0,56,12
prewhitened_ar,uk_ipi_c262_12m_pct,fred_japan_computer_electronics_gbp_12m_pct,pre_2020,12,-0.14916311366743512,-0.14916311366743512,0.25,1.0,55,12
prewhitened_ar,uk_ipi_c262_12m_pct,fred_japan_computer_electronics_gbp_12m_pct,pandemic_2020_2022,0,0.8574385186235011,0.8564060717147071,0.5,0.5,36,12
prewhitened_ar,uk_ipi_c262_12m_pct,fred_japan_computer_electronics_gbp_12m_pct,pandemic_2020_2022,1,0.09237779446052542,0.039297892681315685,1.0,1.0,35,12
prewhitened_ar,uk_ipi_c262_12m_pct,fred_japan_computer_electronics_gbp_12m_pct,pandemic_2020_2022,2,0.061130673445976814,0.14652535252137563,0.5,1.0,34,12
prewhitened_ar,uk_ipi_c262_12m_pct,fred_japan_computer_electronics_gbp_12m_pct,pandemic_2020_2022,3,-0.06361053484064846,-0.22277226426656727,0.5,1.0,33,12
prewhitened_ar,uk_ipi_c262_12m_pct,fred_japan_computer_electronics_gbp_12m_pct,pandemic_2020_2022,4,0.28091222786746917,-0.04122988216276609,1.0,1.0,32,12
prewhitened_ar,uk_ipi_c262_12m_pct,fred_japan_computer_electronics_gbp_12m_pct,pandemic_2020_2022,5,-0.20636425794891883,-0.47061749152206755,0.5,1.0,31,12
prewhitened_ar,uk_ipi_c262_12m_pct,fred_japan_computer_electronics_gbp_12m_pct,pandemic_2020_2022,6,0.16808745001986664,0.2766698374188525,1.0,1.0,30,12
prewhitened_ar,uk_ipi_c262_12m_pct,fred_japan_computer_electronics_gbp_12m_pct,pandemic_2020_2022,7,0.23100194437177957,0.39088174472213205,0.5,1.0,29,12
prewhitened_ar,uk_ipi_c262_12m_pct,fred_japan_computer_electronics_gbp_12m_pct,pandemic_2020_2022,8,0.06435857705316912,0.29120288567414315,0.5,1.0,28,12
prewhitened_ar,uk_ipi_c262_12m_pct,fred_japan_computer_electronics_gbp_12m_pct,pandemic_2020_2022,9,0.13846582459882437,0.1795191554906983,0.5,1.0,27,12
prewhitened_ar,uk_ipi_c262_12m_pct,fred_japan_computer_electronics_gbp_12m_pct,pandemic_2020_2022,10,0.3138139263657608,0.31276313862275235,0.5,1.0,26,12
prewhitened_ar,uk_ipi_c262_12m_pct,fred_japan_computer_electronics_gbp_12m_pct,pandemic_2020_2022,11,-0.11022491833169189,-0.12274917758622916,0.5,1.0,25,12
prewhitened_ar,uk_ipi_c262_12m_pct,fred_japan_computer_electronics_gbp_12m_pct,pandemic_2020_2022,12,-0.4591421736445192,-0.4591421736445192,0.5,1.0,24,12
prewhitened_ar,uk_ipi_c262_12m_pct,fred_japan_computer_electronics_gbp_12m_pct,post_2022,0,0.572524775378739,0.6431243426646404,0.5,0.5,33,12
prewhitened_ar,uk_ipi_c262_12m_pct,fred_japan_computer_electronics_gbp_12m_pct,post_2022,1,0.005375949653528236,0.09273836393700689,1.0,1.0,32,12
prewhitened_ar,uk_ipi_c262_12m_pct,fred_japan_computer_electronics_gbp_12m_pct,post_2022,2,-0.0056874675409140625,-0.07987626470109144,0.5,1.0,31,12
prewhitened_ar,uk_ipi_c262_12m_pct,fred_japan_computer_electronics_gbp_12m_pct,post_2022,3,-0.2203441856017961,-0.1928066253307809,0.5,1.0,30,12
prewhitened_ar,uk_ipi_c262_12m_pct,fred_japan_computer_electronics_gbp_12m_pct,post_2022,4,0.15066005997651125,0.18746601344785174,1.0,1.0,29,12
prewhitened_ar,uk_ipi_c262_12m_pct,fred_japan_computer_electronics_gbp_12m_pct,post_2022,5,-0.038672822847974526,0.05494930503369183,1.0,1.0,28,12
prewhitened_ar,uk_ipi_c262_12m_pct,fred_japan_computer_electronics_gbp_12m_pct,post_2022,6,0.2983214904161805,0.3512830499339484,0.5,1.0,27,12
prewhitened_ar,uk_ipi_c262_12m_pct,fred_japan_computer_electronics_gbp_12m_pct,post_2022,7,-0.3165969917887364,-0.3044166019101604,0.5,1.0,26,12
prewhitened_ar,uk_ipi_c262_12m_pct,fred_japan_computer_electronics_gbp_12m_pct,post_2022,8,-0.07538670653382785,-0.13597777056929622,1.0,1.0,25,12
prewhitened_ar,uk_ipi_c262_12m_pct,fred_japan_computer_electronics_gbp_12m_pct,post_2022,9,-0.06135277219260236,-0.05804836945072455,1.0,1.0,24,12
prewhitened_ar,uk_ipi_c262_12m_pct,fred_japan_computer_electronics_gbp_12m_pct,post_2022,10,0.21880490318042606,0.21300213838234108,0.5,1.0,23,12
prewhitened_ar,uk_ipi_c262_12m_pct,fred_japan_computer_electronics_gbp_12m_pct,post_2022,11,-0.05846848072094455,-0.05367014785620041,1.0,1.0,22,12
prewhitened_ar,uk_ipi_c262_12m_pct,fred_japan_computer_electronics_gbp_12m_pct,post_2022,12,-0.08946425626416554,-0.08946425626416554,0.5,1.0,21,12
prewhitened_ar,uk_ipi_c262_12m_pct,fred_asian_nie_computer_electronics_gbp_12m_pct,full,0,0.3402274705256074,0.3414791676556139,0.009900990099009901,0.009900990099009901,136,12
prewhitened_ar,uk_ipi_c262_12m_pct,fred_asian_nie_computer_electronics_gbp_12m_pct,full,1,0.10885083154211217,0.11885309519836947,0.18811881188118812,0.9306930693069307,135,12
prewhitened_ar,uk_ipi_c262_12m_pct,fred_asian_nie_computer_electronics_gbp_12m_pct,full,2,0.008445103956134896,-0.0006961032038829549,1.0,1.0,134,12
prewhitened_ar,uk_ipi_c262_12m_pct,fred_asian_nie_computer_electronics_gbp_12m_pct,full,3,-0.01284108058635411,-0.006254427084758591,0.9207920792079208,1.0,133,12
prewhitened_ar,uk_ipi_c262_12m_pct,fred_asian_nie_computer_electronics_gbp_12m_pct,full,4,0.06848363203624987,0.06921344357499835,0.4158415841584158,1.0,132,12
prewhitened_ar,uk_ipi_c262_12m_pct,fred_asian_nie_computer_electronics_gbp_12m_pct,full,5,0.03326667042872322,0.041987027989465416,0.6039603960396039,1.0,131,12
prewhitened_ar,uk_ipi_c262_12m_pct,fred_asian_nie_computer_electronics_gbp_12m_pct,full,6,0.007859891607719719,0.009084657154400155,0.9603960396039604,1.0,130,12
prewhitened_ar,uk_ipi_c262_12m_pct,fred_asian_nie_computer_electronics_gbp_12m_pct,full,7,0.003786313785558977,0.010499961787232281,0.9405940594059405,1.0,129,12
prewhitened_ar,uk_ipi_c262_12m_pct,fred_asian_nie_computer_electronics_gbp_12m_pct,full,8,0.007844512539603395,0.003821185751612148,0.9702970297029703,1.0,128,12
prewhitened_ar,uk_ipi_c262_12m_pct,fred_asian_nie_computer_electronics_gbp_12m_pct,full,9,-0.0634646086361735,-0.06400101333168559,0.40594059405940597,1.0,127,12
prewhitened_ar,uk_ipi_c262_12m_pct,fred_asian_nie_computer_electronics_gbp_12m_pct,full,10,-0.020053434266994897,-0.022290340215309474,0.7920792079207921,1.0,126,12
prewhitened_ar,uk_ipi_c262_12m_pct,fred_asian_nie_computer_electronics_gbp_12m_pct,full,11,0.07253662874192529,0.07298665300673043,0.38613861386138615,1.0,125,12
prewhitened_ar,uk_ipi_c262_12m_pct,fred_asian_nie_computer_electronics_gbp_12m_pct,full,12,-0.21186510574065573,-0.21186510574065573,0.0297029702970297,0.0891089108910891,124,12
prewhitened_ar,uk_ipi_c262_12m_pct,fred_asian_nie_computer_electronics_gbp_12m_pct,pre_2020,0,0.23855673238738492,0.2025856767361537,0.21875,0.96875,67,12
prewhitened_ar,uk_ipi_c262_12m_pct,fred_asian_nie_computer_electronics_gbp_12m_pct,pre_2020,1,0.186200035993155,0.1762050015721878,0.1875,1.0,66,12
prewhitened_ar,uk_ipi_c262_12m_pct,fred_asian_nie_computer_electronics_gbp_12m_pct,pre_2020,2,-0.003073985996019183,-0.031810568464922445,0.875,1.0,65,12
prewhitened_ar,uk_ipi_c262_12m_pct,fred_asian_nie_computer_electronics_gbp_12m_pct,pre_2020,3,0.039362686729738555,0.03634528475266061,0.8125,1.0,64,12
prewhitened_ar,uk_ipi_c262_12m_pct,fred_asian_nie_computer_electronics_gbp_12m_pct,pre_2020,4,-0.02992470712805846,-0.039902485686917545,0.78125,1.0,63,12
prewhitened_ar,uk_ipi_c262_12m_pct,fred_asian_nie_computer_electronics_gbp_12m_pct,pre_2020,5,0.017634530981324868,0.011079070581303778,0.9375,1.0,62,12
prewhitened_ar,uk_ipi_c262_12m_pct,fred_asian_nie_computer_electronics_gbp_12m_pct,pre_2020,6,-0.13621863296184614,-0.15767790128189663,0.21875,1.0,61,12
prewhitened_ar,uk_ipi_c262_12m_pct,fred_asian_nie_computer_electronics_gbp_12m_pct,pre_2020,7,0.02144150915561609,0.002077410981733,1.0,1.0,60,12
prewhitened_ar,uk_ipi_c262_12m_pct,fred_asian_nie_computer_electronics_gbp_12m_pct,pre_2020,8,-0.0328908331183056,-0.045948029121669905,0.71875,1.0,59,12
prewhitened_ar,uk_ipi_c262_12m_pct,fred_asian_nie_computer_electronics_gbp_12m_pct,pre_2020,9,-0.172685191127856,-0.19523679973587196,0.15625,0.96875,58,12
prewhitened_ar,uk_ipi_c262_12m_pct,fred_asian_nie_computer_electronics_gbp_12m_pct,pre_2020,10,-0.16628583458274035,-0.1778793913921837,0.1875,1.0,57,12
prewhitened_ar,uk_ipi_c262_12m_pct,fred_asian_nie_computer_electronics_gbp_12m_pct,pre_2020,11,0.18596583793653929,0.1819948318389831,0.125,1.0,56,12
prewhitened_ar,uk_ipi_c262_12m_pct,fred_asian_nie_computer_electronics_gbp_12m_pct,pre_2020,12,-0.08911344900152439,-0.08911344900152439,0.5625,1.0,55,12
prewhitened_ar,uk_ipi_c262_12m_pct,fred_asian_nie_computer_electronics_gbp_12m_pct,pandemic_2020_2022,0,0.7716500610299469,0.7631131004952368,0.5,0.5,36,12
prewhitened_ar,uk_ipi_c262_12m_pct,fred_asian_nie_computer_electronics_gbp_12m_pct,pandemic_2020_2022,1,0.010401715748259748,-0.05286776773231839,1.0,1.0,35,12
prewhitened_ar,uk_ipi_c262_12m_pct,fred_asian_nie_computer_electronics_gbp_12m_pct,pandemic_2020_2022,2,0.16148934850705435,0.12403852487554895,0.5,1.0,34,12
prewhitened_ar,uk_ipi_c262_12m_pct,fred_asian_nie_computer_electronics_gbp_12m_pct,pandemic_2020_2022,3,-0.06863427542840043,-0.16228789628878576,0.5,1.0,33,12
prewhitened_ar,uk_ipi_c262_12m_pct,fred_asian_nie_computer_electronics_gbp_12m_pct,pandemic_2020_2022,4,0.2528258674099168,-0.03239725584482027,1.0,1.0,32,12
prewhitened_ar,uk_ipi_c262_12m_pct,fred_asian_nie_computer_electronics_gbp_12m_pct,pandemic_2020_2022,5,-0.09709680674000672,-0.2849915262710635,0.5,1.0,31,12
prewhitened_ar,uk_ipi_c262_12m_pct,fred_asian_nie_computer_electronics_gbp_12m_pct,pandemic_2020_2022,6,0.24321452169671526,0.34196146111930703,1.0,1.0,30,12
prewhitened_ar,uk_ipi_c262_12m_pct,fred_asian_nie_computer_electronics_gbp_12m_pct,pandemic_2020_2022,7,0.26644433820613034,0.5286551103868999,0.5,1.0,29,12
prewhitened_ar,uk_ipi_c262_12m_pct,fred_asian_nie_computer_electronics_gbp_12m_pct,pandemic_2020_2022,8,0.007953275479088084,0.19545121425751158,0.5,1.0,28,12
prewhitened_ar,uk_ipi_c262_12m_pct,fred_asian_nie_computer_electronics_gbp_12m_pct,pandemic_2020_2022,9,0.2141671248529149,0.2504030385287052,0.5,1.0,27,12
prewhitened_ar,uk_ipi_c262_12m_pct,fred_asian_nie_computer_electronics_gbp_12m_pct,pandemic_2020_2022,10,0.31311663609595086,0.3063835393986201,0.5,1.0,26,12
prewhitened_ar,uk_ipi_c262_12m_pct,fred_asian_nie_computer_electronics_gbp_12m_pct,pandemic_2020_2022,11,0.017137872492581172,0.007803340333364517,1.0,1.0,25,12
prewhitened_ar,uk_ipi_c262_12m_pct,fred_asian_nie_computer_electronics_gbp_12m_pct,pandemic_2020_2022,12,-0.470362586004724,-0.470362586004724,0.5,1.0,24,12
prewhitened_ar,uk_ipi_c262_12m_pct,fred_asian_nie_computer_electronics_gbp_12m_pct,post_2022,0,0.6044273341458083,0.6582826123200576,0.5,0.5,33,12
prewhitened_ar,uk_ipi_c262_12m_pct,fred_asian_nie_computer_electronics_gbp_12m_pct,post_2022,1,-0.05881551733361131,0.0027598263068565896,1.0,1.0,32,12
prewhitened_ar,uk_ipi_c262_12m_pct,fred_asian_nie_computer_electronics_gbp_12m_pct,post_2022,2,-0.07385307743421832,-0.135283155083927,0.5,1.0,31,12
prewhitened_ar,uk_ipi_c262_12m_pct,fred_asian_nie_computer_electronics_gbp_12m_pct,post_2022,3,-0.12472206422768135,-0.06664489648610122,0.5,1.0,30,12
prewhitened_ar,uk_ipi_c262_12m_pct,fred_asian_nie_computer_electronics_gbp_12m_pct,post_2022,4,0.15520378239474264,0.19359169089180212,0.5,1.0,29,12
prewhitened_ar,uk_ipi_c262_12m_pct,fred_asian_nie_computer_electronics_gbp_12m_pct,post_2022,5,-0.011275041952253533,0.07414428078631292,0.5,1.0,28,12
prewhitened_ar,uk_ipi_c262_12m_pct,fred_asian_nie_computer_electronics_gbp_12m_pct,post_2022,6,0.282164290217227,0.33405913774433643,0.5,1.0,27,12
prewhitened_ar,uk_ipi_c262_12m_pct,fred_asian_nie_computer_electronics_gbp_12m_pct,post_2022,7,-0.2715202063192091,-0.24765102134046166,0.5,1.0,26,12
prewhitened_ar,uk_ipi_c262_12m_pct,fred_asian_nie_computer_electronics_gbp_12m_pct,post_2022,8,-0.02736596751631314,-0.07622785180869276,1.0,1.0,25,12
prewhitened_ar,uk_ipi_c262_12m_pct,fred_asian_nie_computer_electronics_gbp_12m_pct,post_2022,9,-0.011055795925958265,-0.01095085738593239,1.0,1.0,24,12
prewhitened_ar,uk_ipi_c262_12m_pct,fred_asian_nie_computer_electronics_gbp_12m_pct,post_2022,10,0.32924732477168867,0.33261114460373736,0.5,1.0,23,12
prewhitened_ar,uk_ipi_c262_12m_pct,fred_asian_nie_computer_electronics_gbp_12m_pct,post_2022,11,-0.08864498332631054,-0.08800857651547084,0.5,1.0,22,12
prewhitened_ar,uk_ipi_c262_12m_pct,fred_asian_nie_computer_electronics_gbp_12m_pct,post_2022,12,-0.20804054371191405,-0.20804054371191405,0.5,1.0,21,12
prewhitened_ar,uk_ipi_c262_12m_pct,asia_bls_common_factor_z,full,0,0.37504108340407005,0.3761671781992836,0.009900990099009901,0.009900990099009901,136,12
prewhitened_ar,uk_ipi_c262_12m_pct,asia_bls_common_factor_z,full,1,0.13176026399210317,0.14027137213385132,0.10891089108910891,0.7425742574257426,135,12
prewhitened_ar,uk_ipi_c262_12m_pct,asia_bls_common_factor_z,full,2,0.03194021905482106,0.021875708718227572,0.801980198019802,1.0,134,12
prewhitened_ar,uk_ipi_c262_12m_pct,asia_bls_common_factor_z,full,3,-0.024850301532055006,-0.020745315799402194,0.7920792079207921,1.0,133,12
prewhitened_ar,uk_ipi_c262_12m_pct,asia_bls_common_factor_z,full,4,0.10833050896973902,0.10904179472666478,0.18811881188118812,0.9108910891089109,132,12
prewhitened_ar,uk_ipi_c262_12m_pct,asia_bls_common_factor_z,full,5,0.007492927817283189,0.014918709645782931,0.8712871287128713,1.0,131,12
prewhitened_ar,uk_ipi_c262_12m_pct,asia_bls_common_factor_z,full,6,0.06303343334283129,0.06503299963205281,0.4158415841584158,1.0,130,12
prewhitened_ar,uk_ipi_c262_12m_pct,asia_bls_common_factor_z,full,7,-0.03524867249925827,-0.029958895465158918,0.7227722772277227,1.0,129,12
prewhitened_ar,uk_ipi_c262_12m_pct,asia_bls_common_factor_z,full,8,0.019516418482180057,0.015624055619505015,0.8613861386138614,1.0,128,12
prewhitened_ar,uk_ipi_c262_12m_pct,asia_bls_common_factor_z,full,9,-0.06461763340349128,-0.0647556306766393,0.40594059405940597,1.0,127,12
prewhitened_ar,uk_ipi_c262_12m_pct,asia_bls_common_factor_z,full,10,-0.03525835065350127,-0.03721417433877083,0.6534653465346535,1.0,126,12
prewhitened_ar,uk_ipi_c262_12m_pct,asia_bls_common_factor_z,full,11,0.08816747104559583,0.08879194788546657,0.25742574257425743,0.9504950495049505,125,12
prewhitened_ar,uk_ipi_c262_12m_pct,asia_bls_common_factor_z,full,12,-0.22723174422976666,-0.22723174422976666,0.0297029702970297,0.09900990099009901,124,12
prewhitened_ar,uk_ipi_c262_12m_pct,asia_bls_common_factor_z,pre_2020,0,0.2712530382301524,0.23904341375381427,0.15625,0.8125,67,12
prewhitened_ar,uk_ipi_c262_12m_pct,asia_bls_common_factor_z,pre_2020,1,0.1991682967196995,0.1915765361650207,0.1875,0.96875,66,12
prewhitened_ar,uk_ipi_c262_12m_pct,asia_bls_common_factor_z,pre_2020,2,0.03396324585636854,0.00949018303710918,0.9375,1.0,65,12
prewhitened_ar,uk_ipi_c262_12m_pct,asia_bls_common_factor_z,pre_2020,3,0.03148728678896803,0.028850245496942012,0.84375,1.0,64,12
prewhitened_ar,uk_ipi_c262_12m_pct,asia_bls_common_factor_z,pre_2020,4,0.008121082065601892,0.0010816437220467026,1.0,1.0,63,12
prewhitened_ar,uk_ipi_c262_12m_pct,asia_bls_common_factor_z,pre_2020,5,-0.016135562309115066,-0.022684936856995724,0.8125,1.0,62,12
prewhitened_ar,uk_ipi_c262_12m_pct,asia_bls_common_factor_z,pre_2020,6,-0.029581308473547344,-0.044545475770353005,0.65625,1.0,61,12
prewhitened_ar,uk_ipi_c262_12m_pct,asia_bls_common_factor_z,pre_2020,7,-0.028587599685584584,-0.047791020429621585,0.71875,1.0,60,12
prewhitened_ar,uk_ipi_c262_12m_pct,asia_bls_common_factor_z,pre_2020,8,-0.014808771244301196,-0.026031551472889665,0.75,1.0,59,12
prewhitened_ar,uk_ipi_c262_12m_pct,asia_bls_common_factor_z,pre_2020,9,-0.16773140538858816,-0.18874013394984812,0.15625,1.0,58,12
prewhitened_ar,uk_ipi_c262_12m_pct,asia_bls_common_factor_z,pre_2020,10,-0.1663280357121288,-0.17746266373563263,0.125,1.0,57,12
prewhitened_ar,uk_ipi_c262_12m_pct,asia_bls_common_factor_z,pre_2020,11,0.2124308042348508,0.20836694571436662,0.125,0.96875,56,12
prewhitened_ar,uk_ipi_c262_12m_pct,asia_bls_common_factor_z,pre_2020,12,-0.11738499289460401,-0.11738499289460401,0.375,1.0,55,12
prewhitened_ar,uk_ipi_c262_12m_pct,asia_bls_common_factor_z,pandemic_2020_2022,0,0.8420120859399135,0.841766217749638,0.5,0.5,36,12
prewhitened_ar,uk_ipi_c262_12m_pct,asia_bls_common_factor_z,pandemic_2020_2022,1,0.04829669104001944,-0.02898591037699084,1.0,1.0,35,12
prewhitened_ar,uk_ipi_c262_12m_pct,asia_bls_common_factor_z,pandemic_2020_2022,2,0.12298268003159979,0.16387168167361807,0.5,1.0,34,12
prewhitened_ar,uk_ipi_c262_12m_pct,asia_bls_common_factor_z,pandemic_2020_2022,3,-0.10527970402928832,-0.26116102574925265,0.5,1.0,33,12
prewhitened_ar,uk_ipi_c262_12m_pct,asia_bls_common_factor_z,pandemic_2020_2022,4,0.2873886640313979,-0.015644086018253886,1.0,1.0,32,12
prewhitened_ar,uk_ipi_c262_12m_pct,asia_bls_common_factor_z,pandemic_2020_2022,5,-0.16930324052165094,-0.4014586338925689,0.5,1.0,31,12
prewhitened_ar,uk_ipi_c262_12m_pct,asia_bls_common_factor_z,pandemic_2020_2022,6,0.20086854391778852,0.3142819638355662,1.0,1.0,30,12
prewhitened_ar,uk_ipi_c262_12m_pct,asia_bls_common_factor_z,pandemic_2020_2022,7,0.23773412405799185,0.429193756191426,0.5,1.0,29,12
prewhitened_ar,uk_ipi_c262_12m_pct,asia_bls_common_factor_z,pandemic_2020_2022,8,0.041888481793860684,0.25880835858993767,0.5,1.0,28,12
prewhitened_ar,uk_ipi_c262_12m_pct,asia_bls_common_factor_z,pandemic_2020_2022,9,0.15875946101049473,0.1989078672462026,0.5,1.0,27,12
prewhitened_ar,uk_ipi_c262_12m_pct,asia_bls_common_factor_z,pandemic_2020_2022,10,0.29868155018947357,0.29451794428021494,0.5,1.0,26,12
prewhitened_ar,uk_ipi_c262_12m_pct,asia_bls_common_factor_z,pandemic_2020_2022,11,-0.02533497475608497,-0.03685930218722428,0.5,1.0,25,12
prewhitened_ar,uk_ipi_c262_12m_pct,asia_bls_common_factor_z,pandemic_2020_2022,12,-0.4664910324078052,-0.4664910324078052,0.5,1.0,24,12
prewhitened_ar,uk_ipi_c262_12m_pct,asia_bls_common_factor_z,post_2022,0,0.6098948416644188,0.6751862250782235,0.5,0.5,33,12
prewhitened_ar,uk_ipi_c262_12m_pct,asia_bls_common_factor_z,post_2022,1,-0.03462049557838996,0.03275913486077463,1.0,1.0,32,12
prewhitened_ar,uk_ipi_c262_12m_pct,asia_bls_common_factor_z,post_2022,2,-0.037856469433238255,-0.10397205720344185,0.5,1.0,31,12
prewhitened_ar,uk_ipi_c262_12m_pct,asia_bls_common_factor_z,post_2022,3,-0.1689312216129723,-0.12382405761545554,0.5,1.0,30,12
prewhitened_ar,uk_ipi_c262_12m_pct,asia_bls_common_factor_z,post_2022,4,0.19701903005744373,0.2432226550674165,0.5,1.0,29,12
prewhitened_ar,uk_ipi_c262_12m_pct,asia_bls_common_factor_z,post_2022,5,-0.03208836598914377,0.05685403505073378,1.0,1.0,28,12
prewhitened_ar,uk_ipi_c262_12m_pct,asia_bls_common_factor_z,post_2022,6,0.27773326746923965,0.335633127113094,0.5,1.0,27,12
prewhitened_ar,uk_ipi_c262_12m_pct,asia_bls_common_factor_z,post_2022,7,-0.30033849418789244,-0.2826621523709664,0.5,1.0,26,12
prewhitened_ar,uk_ipi_c262_12m_pct,asia_bls_common_factor_z,post_2022,8,-0.046461261166371295,-0.09962756594537182,1.0,1.0,25,12
prewhitened_ar,uk_ipi_c262_12m_pct,asia_bls_common_factor_z,post_2022,9,-0.04342572191740243,-0.043110184889223774,1.0,1.0,24,12
prewhitened_ar,uk_ipi_c262_12m_pct,asia_bls_common_factor_z,post_2022,10,0.28424102750218366,0.28319190740244304,0.5,1.0,23,12
prewhitened_ar,uk_ipi_c262_12m_pct,asia_bls_common_factor_z,post_2022,11,-0.0942664890384004,-0.09162724306485345,0.5,1.0,22,12
prewhitened_ar,uk_ipi_c262_12m_pct,asia_bls_common_factor_z,post_2022,12,-0.1624906198605386,-0.1624906198605386,0.5,1.0,21,12
prewhitened_ar,historical_targeted_hardware_12m_pct,jp_epi_electronics_gbp_12m_pct,full,0,0.0026776802853141417,0.0006761511350441781,0.990228013029316,1.0,342,12
prewhitened_ar,historical_targeted_hardware_12m_pct,jp_epi_electronics_gbp_12m_pct,full,1,0.05612696050716944,0.03709045440671953,0.5472312703583062,1.0,341,12
prewhitened_ar,historical_targeted_hardware_12m_pct,jp_epi_electronics_gbp_12m_pct,full,2,0.05890852791248948,0.050690166398052086,0.40390879478827363,1.0,340,12
prewhitened_ar,historical_targeted_hardware_12m_pct,jp_epi_electronics_gbp_12m_pct,full,3,0.026495230585690976,0.03250528913713871,0.6058631921824105,1.0,339,12
prewhitened_ar,historical_targeted_hardware_12m_pct,jp_epi_electronics_gbp_12m_pct,full,4,0.023919625021392454,0.0038196257575174343,0.9739413680781759,1.0,338,12
prewhitened_ar,historical_targeted_hardware_12m_pct,jp_epi_electronics_gbp_12m_pct,full,5,0.17434999048728253,0.1698918219762207,0.013029315960912053,0.1237785016286645,337,12
prewhitened_ar,historical_targeted_hardware_12m_pct,jp_epi_electronics_gbp_12m_pct,full,6,0.01606369890213999,0.014468240381188921,0.8143322475570033,1.0,336,12
prewhitened_ar,historical_targeted_hardware_12m_pct,jp_epi_electronics_gbp_12m_pct,full,7,0.09902842981164568,0.09442330686860871,0.1270358306188925,0.8175895765472313,335,12
prewhitened_ar,historical_targeted_hardware_12m_pct,jp_epi_electronics_gbp_12m_pct,full,8,-0.017464019515770198,-0.01763441842783116,0.752442996742671,1.0,334,12
prewhitened_ar,historical_targeted_hardware_12m_pct,jp_epi_electronics_gbp_12m_pct,full,9,0.0971222126410923,0.09260639586292757,0.13029315960912052,0.8241042345276873,333,12
prewhitened_ar,historical_targeted_hardware_12m_pct,jp_epi_electronics_gbp_12m_pct,full,10,0.062113994635999745,0.06498717243286002,0.28664495114006516,1.0,332,12
prewhitened_ar,historical_targeted_hardware_12m_pct,jp_epi_electronics_gbp_12m_pct,full,11,0.12216593740129116,0.1200452135043528,0.05537459283387622,0.4788273615635179,331,12
prewhitened_ar,historical_targeted_hardware_12m_pct,jp_epi_electronics_gbp_12m_pct,full,12,0.08451596460214857,0.08451596460214857,0.1563517915309446,0.8892508143322475,330,12
prewhitened_ar,historical_targeted_hardware_12m_pct,jp_epi_electronics_gbp_12m_pct,pre_2020,0,-0.003206932497613449,-0.007050218693360264,0.9475982532751092,1.0,264,12
prewhitened_ar,historical_targeted_hardware_12m_pct,jp_epi_electronics_gbp_12m_pct,pre_2020,1,0.013804320640104565,0.011834701736383638,0.9039301310043668,1.0,263,12
prewhitened_ar,historical_targeted_hardware_12m_pct,jp_epi_electronics_gbp_12m_pct,pre_2020,2,0.031934252310767755,0.02056198072657965,0.8122270742358079,1.0,262,12
prewhitened_ar,historical_targeted_hardware_12m_pct,jp_epi_electronics_gbp_12m_pct,pre_2020,3,0.025321505436116856,0.029019399880152674,0.7336244541484717,1.0,261,12
prewhitened_ar,historical_targeted_hardware_12m_pct,jp_epi_electronics_gbp_12m_pct,pre_2020,4,0.0611594069787983,0.0729156910410437,0.33624454148471616,1.0,260,12
prewhitened_ar,historical_targeted_hardware_12m_pct,jp_epi_electronics_gbp_12m_pct,pre_2020,5,0.18040543090661187,0.19748988353905633,0.004366812227074236,0.013100436681222707,259,12
prewhitened_ar,historical_targeted_hardware_12m_pct,jp_epi_electronics_gbp_12m_pct,pre_2020,6,0.0983624511294122,0.0937672358212728,0.22270742358078602,0.9956331877729258,258,12
prewhitened_ar,historical_targeted_hardware_12m_pct,jp_epi_electronics_gbp_12m_pct,pre_2020,7,0.1202729369376484,0.12372816325436164,0.10043668122270742,0.7685589519650655,257,12
prewhitened_ar,historical_targeted_hardware_12m_pct,jp_epi_electronics_gbp_12m_pct,pre_2020,8,-0.05758475440637274,-0.05025583399896952,0.5327510917030568,1.0,256,12
prewhitened_ar,historical_targeted_hardware_12m_pct,jp_epi_electronics_gbp_12m_pct,pre_2020,9,0.040091050505283096,0.03172246776059383,0.6768558951965066,1.0,255,12
prewhitened_ar,historical_targeted_hardware_12m_pct,jp_epi_electronics_gbp_12m_pct,pre_2020,10,0.10648908453528118,0.10295519975016285,0.18340611353711792,0.9650655021834061,254,12
prewhitened_ar,historical_targeted_hardware_12m_pct,jp_epi_electronics_gbp_12m_pct,pre_2020,11,0.07306280044673943,0.07277975331406192,0.33624454148471616,1.0,253,12
prewhitened_ar,historical_targeted_hardware_12m_pct,jp_epi_electronics_gbp_12m_pct,pre_2020,12,0.09269523064012172,0.09269523064012172,0.22270742358078602,0.9956331877729258,252,12
prewhitened_ar,historical_targeted_hardware_12m_pct,jp_epi_electronics_gbp_12m_pct,pandemic_2020_2022,0,0.029146948602622715,0.22472588964200535,0.5,1.0,36,12
prewhitened_ar,historical_targeted_hardware_12m_pct,jp_epi_electronics_gbp_12m_pct,pandemic_2020_2022,1,0.0002318470310190806,-0.22439454536792397,0.5,1.0,35,12
prewhitened_ar,historical_targeted_hardware_12m_pct,jp_epi_electronics_gbp_12m_pct,pandemic_2020_2022,2,0.1074748564045587,0.2305247733799287,0.5,1.0,34,12
prewhitened_ar,historical_targeted_hardware_12m_pct,jp_epi_electronics_gbp_12m_pct,pandemic_2020_2022,3,0.04093757564840008,0.014490449270071905,1.0,1.0,33,12
prewhitened_ar,historical_targeted_hardware_12m_pct,jp_epi_electronics_gbp_12m_pct,pandemic_2020_2022,4,0.08655819371506494,0.17832339434610878,1.0,1.0,32,12
prewhitened_ar,historical_targeted_hardware_12m_pct,jp_epi_electronics_gbp_12m_pct,pandemic_2020_2022,5,0.19532425968563188,0.07534797009608728,0.5,1.0,31,12
prewhitened_ar,historical_targeted_hardware_12m_pct,jp_epi_electronics_gbp_12m_pct,pandemic_2020_2022,6,-0.09981280840368673,-0.04021912459301684,0.5,1.0,30,12
prewhitened_ar,historical_targeted_hardware_12m_pct,jp_epi_electronics_gbp_12m_pct,pandemic_2020_2022,7,-0.13558935895257157,-0.15817452652191766,0.5,1.0,29,12
prewhitened_ar,historical_targeted_hardware_12m_pct,jp_epi_electronics_gbp_12m_pct,pandemic_2020_2022,8,0.10597109859259024,0.049839007337898526,0.5,1.0,28,12
prewhitened_ar,historical_targeted_hardware_12m_pct,jp_epi_electronics_gbp_12m_pct,pandemic_2020_2022,9,0.275311382484967,0.3655145179378121,0.5,1.0,27,12
prewhitened_ar,historical_targeted_hardware_12m_pct,jp_epi_electronics_gbp_12m_pct,pandemic_2020_2022,10,-0.09949071537377849,-0.10109883592100831,0.5,1.0,26,12
prewhitened_ar,historical_targeted_hardware_12m_pct,jp_epi_electronics_gbp_12m_pct,pandemic_2020_2022,11,0.5495938879279803,0.5479129225102527,0.5,0.5,25,12
prewhitened_ar,historical_targeted_hardware_12m_pct,jp_epi_electronics_gbp_12m_pct,pandemic_2020_2022,12,0.10021467348063877,0.10021467348063877,1.0,1.0,24,12
prewhitened_ar,historical_targeted_hardware_12m_pct,jp_epi_electronics_gbp_12m_pct,post_2022,0,-0.03188775126616431,-0.02293077323397243,0.8571428571428571,1.0,42,12
prewhitened_ar,historical_targeted_hardware_12m_pct,jp_epi_electronics_gbp_12m_pct,post_2022,1,0.2866105472402789,0.2980674271426333,0.14285714285714285,1.0,41,12
prewhitened_ar,historical_targeted_hardware_12m_pct,jp_epi_electronics_gbp_12m_pct,post_2022,2,0.18074511242550786,0.17604476189752746,0.42857142857142855,1.0,40,12
prewhitened_ar,historical_targeted_hardware_12m_pct,jp_epi_electronics_gbp_12m_pct,post_2022,3,0.14032165164920618,0.2524364216900842,0.2857142857142857,1.0,39,12
prewhitened_ar,historical_targeted_hardware_12m_pct,jp_epi_electronics_gbp_12m_pct,post_2022,4,-0.06389702875587484,-0.2909123424093136,0.2857142857142857,1.0,38,12
prewhitened_ar,historical_targeted_hardware_12m_pct,jp_epi_electronics_gbp_12m_pct,post_2022,5,0.26335025626321945,0.24216278470130562,0.2857142857142857,1.0,37,12
prewhitened_ar,historical_targeted_hardware_12m_pct,jp_epi_electronics_gbp_12m_pct,post_2022,6,-0.29359396185351316,-0.3791651210964851,0.2857142857142857,1.0,36,12
prewhitened_ar,historical_targeted_hardware_12m_pct,jp_epi_electronics_gbp_12m_pct,post_2022,7,0.13238228751334974,0.08868531523406745,0.42857142857142855,1.0,35,12
prewhitened_ar,historical_targeted_hardware_12m_pct,jp_epi_electronics_gbp_12m_pct,post_2022,8,0.03650268740426884,0.042197559746212185,0.8571428571428571,1.0,34,12
prewhitened_ar,historical_targeted_hardware_12m_pct,jp_epi_electronics_gbp_12m_pct,post_2022,9,0.2526280912970875,0.21739628264902877,0.2857142857142857,1.0,33,12
prewhitened_ar,historical_targeted_hardware_12m_pct,jp_epi_electronics_gbp_12m_pct,post_2022,10,0.015179130813162562,0.037315196059358506,0.7142857142857143,1.0,32,12
prewhitened_ar,historical_targeted_hardware_12m_pct,jp_epi_electronics_gbp_12m_pct,post_2022,11,0.16570273072367953,0.1465204801642935,0.5714285714285714,1.0,31,12
prewhitened_ar,historical_targeted_hardware_12m_pct,jp_epi_electronics_gbp_12m_pct,post_2022,12,0.1932594956446768,0.1932594956446768,0.42857142857142855,1.0,30,12
prewhitened_ar,historical_targeted_hardware_12m_pct,kr_epi_tech_gbp_12m_pct,full,0,-0.050055637077903656,-0.17631600362293753,0.2608695652173913,1.0,58,12
prewhitened_ar,historical_targeted_hardware_12m_pct,kr_epi_tech_gbp_12m_pct,full,1,0.199334869107265,-0.0017871577584982223,0.9565217391304348,1.0,57,12
prewhitened_ar,historical_targeted_hardware_12m_pct,kr_epi_tech_gbp_12m_pct,full,2,-0.06747719930520157,-0.10447847563662623,0.6521739130434783,1.0,56,12
prewhitened_ar,historical_targeted_hardware_12m_pct,kr_epi_tech_gbp_12m_pct,full,3,-0.012858487758758306,0.022830883544844454,0.8695652173913043,1.0,55,12
prewhitened_ar,historical_targeted_hardware_12m_pct,kr_epi_tech_gbp_12m_pct,full,4,-0.13752103915797584,-0.20850982189756592,0.30434782608695654,1.0,54,12
prewhitened_ar,historical_targeted_hardware_12m_pct,kr_epi_tech_gbp_12m_pct,full,5,0.20772896501797344,0.19344501094060854,0.34782608695652173,1.0,53,12
prewhitened_ar,historical_targeted_hardware_12m_pct,kr_epi_tech_gbp_12m_pct,full,6,-0.21164344304913738,-0.3567479889651592,0.043478260869565216,0.2608695652173913,52,12
prewhitened_ar,historical_targeted_hardware_12m_pct,kr_epi_tech_gbp_12m_pct,full,7,-0.023624094732629015,-0.03145191345742299,0.9565217391304348,1.0,51,12
prewhitened_ar,historical_targeted_hardware_12m_pct,kr_epi_tech_gbp_12m_pct,full,8,0.06342453906334344,0.02384168234911363,1.0,1.0,50,12
prewhitened_ar,historical_targeted_hardware_12m_pct,kr_epi_tech_gbp_12m_pct,full,9,-0.03193411462919746,-0.011127426389056724,0.9565217391304348,1.0,49,12
prewhitened_ar,historical_targeted_hardware_12m_pct,kr_epi_tech_gbp_12m_pct,full,10,-0.13645508270348827,-0.12237510883980243,0.5652173913043478,1.0,48,12
prewhitened_ar,historical_targeted_hardware_12m_pct,kr_epi_tech_gbp_12m_pct,full,11,0.23796118998818266,0.26199903063475033,0.13043478260869565,0.8695652173913043,47,12
prewhitened_ar,historical_targeted_hardware_12m_pct,kr_epi_tech_gbp_12m_pct,full,12,0.009109877441920464,0.009109877441920464,0.9565217391304348,1.0,46,12
prewhitened_ar,historical_targeted_hardware_12m_pct,kr_epi_tech_gbp_12m_pct,pandemic_2020_2022,0,-0.2047176476551501,-0.0870051897700612,1.0,1.0,33,12
prewhitened_ar,historical_targeted_hardware_12m_pct,kr_epi_tech_gbp_12m_pct,pandemic_2020_2022,1,0.14772708251793618,-0.2568302277959915,0.5,1.0,32,12
prewhitened_ar,historical_targeted_hardware_12m_pct,kr_epi_tech_gbp_12m_pct,pandemic_2020_2022,2,0.014062755564985653,0.12548389778448918,1.0,1.0,31,12
prewhitened_ar,historical_targeted_hardware_12m_pct,kr_epi_tech_gbp_12m_pct,pandemic_2020_2022,3,-0.1969392190368223,-0.30915876507254975,0.5,1.0,30,12
prewhitened_ar,historical_targeted_hardware_12m_pct,kr_epi_tech_gbp_12m_pct,pandemic_2020_2022,4,-0.03206928414060226,-0.010741082778896864,1.0,1.0,29,12
prewhitened_ar,historical_targeted_hardware_12m_pct,kr_epi_tech_gbp_12m_pct,pandemic_2020_2022,5,0.10061951722850114,-0.07247667630886664,1.0,1.0,28,12
prewhitened_ar,historical_targeted_hardware_12m_pct,kr_epi_tech_gbp_12m_pct,pandemic_2020_2022,6,-0.39443072447231436,-0.3473531070736809,1.0,1.0,27,12
prewhitened_ar,historical_targeted_hardware_12m_pct,kr_epi_tech_gbp_12m_pct,pandemic_2020_2022,7,-0.09276852810183481,-0.1595845092359656,1.0,1.0,26,12
prewhitened_ar,historical_targeted_hardware_12m_pct,kr_epi_tech_gbp_12m_pct,pandemic_2020_2022,8,-0.13895887910657082,-0.266866112584054,0.5,1.0,25,12
prewhitened_ar,historical_targeted_hardware_12m_pct,kr_epi_tech_gbp_12m_pct,pandemic_2020_2022,9,-0.11698028381184097,0.12766521633622976,0.5,1.0,24,12
prewhitened_ar,historical_targeted_hardware_12m_pct,kr_epi_tech_gbp_12m_pct,pandemic_2020_2022,10,-0.254148819912707,-0.3075411181119214,0.5,1.0,23,12
prewhitened_ar,historical_targeted_hardware_12m_pct,kr_epi_tech_gbp_12m_pct,pandemic_2020_2022,11,0.27199657689463164,0.28894344671645056,1.0,1.0,22,12
prewhitened_ar,historical_targeted_hardware_12m_pct,kr_epi_tech_gbp_12m_pct,pandemic_2020_2022,12,0.3107384626481581,0.3107384626481581,1.0,1.0,21,12
prewhitened_ar,historical_targeted_hardware_12m_pct,kr_epi_tech_gbp_12m_pct,post_2022,0,0.019977943429299587,-0.21531877690336634,1.0,1.0,25,12
prewhitened_ar,historical_targeted_hardware_12m_pct,kr_epi_tech_gbp_12m_pct,post_2022,1,0.24103580615205894,-0.17972043639097757,1.0,1.0,24,12
prewhitened_ar,historical_targeted_hardware_12m_pct,kr_epi_tech_gbp_12m_pct,post_2022,2,-0.08295794494680948,-0.18091265280983718,1.0,1.0,23,12
prewhitened_ar,historical_targeted_hardware_12m_pct,kr_epi_tech_gbp_12m_pct,post_2022,3,0.1881401214939599,0.5831172234152395,0.5,0.5,22,12
prewhitened_ar,historical_targeted_hardware_12m_pct,kr_epi_tech_gbp_12m_pct,post_2022,4,-0.0882061726220555,-0.2013668900835468,1.0,1.0,21,12
prewhitened_ar,historical_targeted_hardware_12m_pct,kr_epi_tech_gbp_12m_pct,post_2022,5,0.4390161992933334,0.5569619101888097,0.5,1.0,20,12
prewhitened_ar,historical_targeted_hardware_12m_pct,kr_epi_tech_gbp_12m_pct,post_2022,6,-0.11414705707769618,-0.40576135700310634,1.0,1.0,19,12
prewhitened_ar,historical_targeted_hardware_12m_pct,kr_epi_tech_gbp_12m_pct,post_2022,7,-0.0997650489248621,-0.07534188758155405,1.0,1.0,18,12
prewhitened_ar,historical_targeted_hardware_12m_pct,kr_epi_tech_gbp_12m_pct,post_2022,8,0.2359920377140704,0.24350447158055433,0.5,1.0,17,12
prewhitened_ar,historical_targeted_hardware_12m_pct,kr_epi_tech_gbp_12m_pct,post_2022,9,-0.2911050699390699,-0.217219916984172,1.0,1.0,16,12
prewhitened_ar,historical_targeted_hardware_12m_pct,kr_epi_tech_gbp_12m_pct,post_2022,10,0.002656017452612579,0.07364318375596839,1.0,1.0,15,12
prewhitened_ar,historical_targeted_hardware_12m_pct,kr_epi_tech_gbp_12m_pct,post_2022,11,0.24372449983346875,0.3354752389509958,0.5,1.0,14,12
prewhitened_ar,historical_targeted_hardware_12m_pct,kr_epi_tech_gbp_12m_pct,post_2022,12,-0.1422831756412357,-0.1422831756412357,1.0,1.0,13,12
prewhitened_ar,historical_targeted_hardware_12m_pct,cn_ppi_tech_gbp_12m_pct,full,0,-0.08454504362104569,-0.20814283847368653,0.18181818181818182,1.0,46,12
prewhitened_ar,historical_targeted_hardware_12m_pct,cn_ppi_tech_gbp_12m_pct,full,1,0.3762267631826915,0.306311626693642,0.18181818181818182,1.0,45,12
prewhitened_ar,historical_targeted_hardware_12m_pct,cn_ppi_tech_gbp_12m_pct,full,2,-0.06325034178944934,-0.01128668822957236,1.0,1.0,44,12
prewhitened_ar,historical_targeted_hardware_12m_pct,cn_ppi_tech_gbp_12m_pct,full,3,0.09568151377591895,0.13557576292645562,0.36363636363636365,1.0,43,12
prewhitened_ar,historical_targeted_hardware_12m_pct,cn_ppi_tech_gbp_12m_pct,full,4,-0.1946474439837623,-0.2602515681859973,0.36363636363636365,1.0,42,12
prewhitened_ar,historical_targeted_hardware_12m_pct,cn_ppi_tech_gbp_12m_pct,full,5,0.07445532487299396,0.11253375785749369,0.6363636363636364,1.0,41,12
prewhitened_ar,historical_targeted_hardware_12m_pct,cn_ppi_tech_gbp_12m_pct,full,6,-0.17362979500709902,-0.2530403666875826,0.2727272727272727,1.0,40,12
prewhitened_ar,historical_targeted_hardware_12m_pct,cn_ppi_tech_gbp_12m_pct,full,7,0.07628943023796503,0.10613603212936353,0.6363636363636364,1.0,39,12
prewhitened_ar,historical_targeted_hardware_12m_pct,cn_ppi_tech_gbp_12m_pct,full,8,0.15711020963603495,0.2772737059189154,0.18181818181818182,1.0,38,12
prewhitened_ar,historical_targeted_hardware_12m_pct,cn_ppi_tech_gbp_12m_pct,full,9,0.15862726286227996,0.19920301337493354,0.36363636363636365,1.0,37,12
prewhitened_ar,historical_targeted_hardware_12m_pct,cn_ppi_tech_gbp_12m_pct,full,10,0.30528434250490183,0.22866563263024678,0.2727272727272727,1.0,36,12
prewhitened_ar,historical_targeted_hardware_12m_pct,cn_ppi_tech_gbp_12m_pct,full,11,0.002391373121465208,0.04203512305765672,0.9090909090909091,1.0,35,12
prewhitened_ar,historical_targeted_hardware_12m_pct,cn_ppi_tech_gbp_12m_pct,full,12,0.1376896219993858,0.1376896219993858,0.45454545454545453,1.0,34,12
prewhitened_ar,historical_targeted_hardware_12m_pct,cn_ppi_tech_gbp_12m_pct,post_2022,0,-0.04977835909234346,-0.19115515094294272,0.5,1.0,36,12
prewhitened_ar,historical_targeted_hardware_12m_pct,cn_ppi_tech_gbp_12m_pct,post_2022,1,0.37944921360811873,0.29207491804371866,0.5,1.0,35,12
prewhitened_ar,historical_targeted_hardware_12m_pct,cn_ppi_tech_gbp_12m_pct,post_2022,2,-0.061906382575862506,0.015026949651796758,1.0,1.0,34,12
prewhitened_ar,historical_targeted_hardware_12m_pct,cn_ppi_tech_gbp_12m_pct,post_2022,3,0.1354624332021085,0.20445031199174932,1.0,1.0,33,12
prewhitened_ar,historical_targeted_hardware_12m_pct,cn_ppi_tech_gbp_12m_pct,post_2022,4,-0.17481218678856053,-0.24044356051905552,1.0,1.0,32,12
prewhitened_ar,historical_targeted_hardware_12m_pct,cn_ppi_tech_gbp_12m_pct,post_2022,5,0.10443313803386625,0.16825091905781173,1.0,1.0,31,12
prewhitened_ar,historical_targeted_hardware_12m_pct,cn_ppi_tech_gbp_12m_pct,post_2022,6,-0.2122208291001925,-0.3202708354965579,0.5,1.0,30,12
prewhitened_ar,historical_targeted_hardware_12m_pct,cn_ppi_tech_gbp_12m_pct,post_2022,7,0.042753606131757035,0.08592495098618991,1.0,1.0,29,12
prewhitened_ar,historical_targeted_hardware_12m_pct,cn_ppi_tech_gbp_12m_pct,post_2022,8,-0.013180675186762983,0.12495533687165312,0.5,1.0,28,12
prewhitened_ar,historical_targeted_hardware_12m_pct,cn_ppi_tech_gbp_12m_pct,post_2022,9,0.026573327185588663,0.054865463449756735,1.0,1.0,27,12
prewhitened_ar,historical_targeted_hardware_12m_pct,cn_ppi_tech_gbp_12m_pct,post_2022,10,0.38509031369007746,0.2856568905770196,1.0,1.0,26,12
prewhitened_ar,historical_targeted_hardware_12m_pct,cn_ppi_tech_gbp_12m_pct,post_2022,11,-0.16126936542395373,-0.11237938859073948,1.0,1.0,25,12
prewhitened_ar,historical_targeted_hardware_12m_pct,cn_ppi_tech_gbp_12m_pct,post_2022,12,0.2067257342318825,0.2067257342318825,0.5,1.0,24,12
prewhitened_ar,historical_targeted_hardware_12m_pct,tw_epi_integrated_circuits_gbp_12m_pct,full,0,0.043162138460634256,0.033769011256625715,0.5901060070671378,1.0,318,12
prewhitened_ar,historical_targeted_hardware_12m_pct,tw_epi_integrated_circuits_gbp_12m_pct,full,1,0.0710109579833719,0.059325790563143126,0.36395759717314485,1.0,317,12
prewhitened_ar,historical_targeted_hardware_12m_pct,tw_epi_integrated_circuits_gbp_12m_pct,full,2,0.0625878506543781,0.0609469217691383,0.36042402826855124,1.0,316,12
prewhitened_ar,historical_targeted_hardware_12m_pct,tw_epi_integrated_circuits_gbp_12m_pct,full,3,0.04418211702218365,0.040926271270046596,0.5335689045936396,1.0,315,12
prewhitened_ar,historical_targeted_hardware_12m_pct,tw_epi_integrated_circuits_gbp_12m_pct,full,4,0.06001558761534661,0.059702491899744865,0.3710247349823322,1.0,314,12
prewhitened_ar,historical_targeted_hardware_12m_pct,tw_epi_integrated_circuits_gbp_12m_pct,full,5,0.04114506612406728,0.04105136086173685,0.5512367491166078,1.0,313,12
prewhitened_ar,historical_targeted_hardware_12m_pct,tw_epi_integrated_circuits_gbp_12m_pct,full,6,0.06371431657079721,0.06766432420274113,0.31095406360424027,0.9893992932862191,312,12
prewhitened_ar,historical_targeted_hardware_12m_pct,tw_epi_integrated_circuits_gbp_12m_pct,full,7,0.021405081511698832,0.019939079064245555,0.773851590106007,1.0,311,12
prewhitened_ar,historical_targeted_hardware_12m_pct,tw_epi_integrated_circuits_gbp_12m_pct,full,8,-0.03431553454602188,-0.03373444770820822,0.607773851590106,1.0,310,12
prewhitened_ar,historical_targeted_hardware_12m_pct,tw_epi_integrated_circuits_gbp_12m_pct,full,9,0.0729687729169902,0.07337385013321569,0.26148409893992935,0.9717314487632509,309,12
prewhitened_ar,historical_targeted_hardware_12m_pct,tw_epi_integrated_circuits_gbp_12m_pct,full,10,0.06049884523700123,0.061576689647264135,0.33568904593639576,1.0,308,12
prewhitened_ar,historical_targeted_hardware_12m_pct,tw_epi_integrated_circuits_gbp_12m_pct,full,11,0.06644989831861853,0.0664325296393692,0.31802120141342755,0.9893992932862191,307,12
prewhitened_ar,historical_targeted_hardware_12m_pct,tw_epi_integrated_circuits_gbp_12m_pct,full,12,0.05219422114866177,0.05219422114866177,0.4416961130742049,1.0,306,12
prewhitened_ar,historical_targeted_hardware_12m_pct,tw_epi_integrated_circuits_gbp_12m_pct,pre_2020,0,0.04580977652362075,0.04469521807459498,0.5658536585365853,1.0,240,12
prewhitened_ar,historical_targeted_hardware_12m_pct,tw_epi_integrated_circuits_gbp_12m_pct,pre_2020,1,0.03426846347439819,0.030769827276071044,0.7170731707317073,1.0,239,12
prewhitened_ar,historical_targeted_hardware_12m_pct,tw_epi_integrated_circuits_gbp_12m_pct,pre_2020,2,0.06564906128087877,0.06256996469654463,0.4146341463414634,1.0,238,12
prewhitened_ar,historical_targeted_hardware_12m_pct,tw_epi_integrated_circuits_gbp_12m_pct,pre_2020,3,0.04947906950796474,0.05138513230925144,0.4926829268292683,1.0,237,12
prewhitened_ar,historical_targeted_hardware_12m_pct,tw_epi_integrated_circuits_gbp_12m_pct,pre_2020,4,0.10648595270913647,0.11325076036977944,0.14146341463414633,0.8097560975609757,236,12
prewhitened_ar,historical_targeted_hardware_12m_pct,tw_epi_integrated_circuits_gbp_12m_pct,pre_2020,5,0.029363569465207594,0.037020541924747775,0.6536585365853659,1.0,235,12
prewhitened_ar,historical_targeted_hardware_12m_pct,tw_epi_integrated_circuits_gbp_12m_pct,pre_2020,6,0.10158897288371295,0.09905850480785167,0.18536585365853658,0.8878048780487805,234,12
prewhitened_ar,historical_targeted_hardware_12m_pct,tw_epi_integrated_circuits_gbp_12m_pct,pre_2020,7,0.00984951059652958,0.008199849138268434,0.9365853658536586,1.0,233,12
prewhitened_ar,historical_targeted_hardware_12m_pct,tw_epi_integrated_circuits_gbp_12m_pct,pre_2020,8,-0.047581957120058846,-0.04614703833416568,0.5756097560975609,1.0,232,12
prewhitened_ar,historical_targeted_hardware_12m_pct,tw_epi_integrated_circuits_gbp_12m_pct,pre_2020,9,0.04592846979367288,0.04382418403909509,0.6,1.0,231,12
prewhitened_ar,historical_targeted_hardware_12m_pct,tw_epi_integrated_circuits_gbp_12m_pct,pre_2020,10,0.0632596009670071,0.06177148727022504,0.43414634146341463,1.0,230,12
prewhitened_ar,historical_targeted_hardware_12m_pct,tw_epi_integrated_circuits_gbp_12m_pct,pre_2020,11,0.023063543786225226,0.02061077179270069,0.8146341463414634,1.0,229,12
prewhitened_ar,historical_targeted_hardware_12m_pct,tw_epi_integrated_circuits_gbp_12m_pct,pre_2020,12,0.05263158988410443,0.05263158988410443,0.5219512195121951,1.0,228,12
prewhitened_ar,historical_targeted_hardware_12m_pct,tw_epi_integrated_circuits_gbp_12m_pct,pandemic_2020_2022,0,0.013108536589843997,0.14738694788634885,0.5,1.0,36,12
prewhitened_ar,historical_targeted_hardware_12m_pct,tw_epi_integrated_circuits_gbp_12m_pct,pandemic_2020_2022,1,-0.032837632904237406,-0.2460376555631443,0.5,1.0,35,12
prewhitened_ar,historical_targeted_hardware_12m_pct,tw_epi_integrated_circuits_gbp_12m_pct,pandemic_2020_2022,2,0.06556994481328834,0.09379729833237513,1.0,1.0,34,12
prewhitened_ar,historical_targeted_hardware_12m_pct,tw_epi_integrated_circuits_gbp_12m_pct,pandemic_2020_2022,3,-0.15342788597072288,-0.12665817325259002,0.5,1.0,33,12
prewhitened_ar,historical_targeted_hardware_12m_pct,tw_epi_integrated_circuits_gbp_12m_pct,pandemic_2020_2022,4,0.05644436148696424,0.09198602406302078,1.0,1.0,32,12
prewhitened_ar,historical_targeted_hardware_12m_pct,tw_epi_integrated_circuits_gbp_12m_pct,pandemic_2020_2022,5,0.15712471718098334,0.031702878208457394,1.0,1.0,31,12
prewhitened_ar,historical_targeted_hardware_12m_pct,tw_epi_integrated_circuits_gbp_12m_pct,pandemic_2020_2022,6,0.07967064039793789,0.09769331255630423,0.5,1.0,30,12
prewhitened_ar,historical_targeted_hardware_12m_pct,tw_epi_integrated_circuits_gbp_12m_pct,pandemic_2020_2022,7,-0.13085038975085306,-0.12042883413350611,1.0,1.0,29,12
prewhitened_ar,historical_targeted_hardware_12m_pct,tw_epi_integrated_circuits_gbp_12m_pct,pandemic_2020_2022,8,0.10012084682337838,0.08479675637713024,0.5,1.0,28,12
prewhitened_ar,historical_targeted_hardware_12m_pct,tw_epi_integrated_circuits_gbp_12m_pct,pandemic_2020_2022,9,0.19756516380964786,0.25815178038712766,0.5,1.0,27,12
prewhitened_ar,historical_targeted_hardware_12m_pct,tw_epi_integrated_circuits_gbp_12m_pct,pandemic_2020_2022,10,-0.0008329308913764478,-0.002664489930595041,1.0,1.0,26,12
prewhitened_ar,historical_targeted_hardware_12m_pct,tw_epi_integrated_circuits_gbp_12m_pct,pandemic_2020_2022,11,0.6510247375271725,0.6499070861255005,0.5,0.5,25,12
prewhitened_ar,historical_targeted_hardware_12m_pct,tw_epi_integrated_circuits_gbp_12m_pct,pandemic_2020_2022,12,0.19663523513308998,0.19663523513308998,0.5,1.0,24,12
prewhitened_ar,historical_targeted_hardware_12m_pct,tw_epi_integrated_circuits_gbp_12m_pct,post_2022,0,-0.018723311276914085,-0.16084742724287915,0.42857142857142855,1.0,42,12
prewhitened_ar,historical_targeted_hardware_12m_pct,tw_epi_integrated_circuits_gbp_12m_pct,post_2022,1,0.4094318953888188,0.41071939243010513,0.2857142857142857,1.0,41,12
prewhitened_ar,historical_targeted_hardware_12m_pct,tw_epi_integrated_circuits_gbp_12m_pct,post_2022,2,0.1286744271000957,0.12632725711583762,0.5714285714285714,1.0,40,12
prewhitened_ar,historical_targeted_hardware_12m_pct,tw_epi_integrated_circuits_gbp_12m_pct,post_2022,3,0.24559465236368777,0.279700361757091,0.2857142857142857,1.0,39,12
prewhitened_ar,historical_targeted_hardware_12m_pct,tw_epi_integrated_circuits_gbp_12m_pct,post_2022,4,-0.17039223602480924,-0.25446679867617755,0.42857142857142855,1.0,38,12
prewhitened_ar,historical_targeted_hardware_12m_pct,tw_epi_integrated_circuits_gbp_12m_pct,post_2022,5,0.08025926715323799,0.07155783073180462,0.5714285714285714,1.0,37,12
prewhitened_ar,historical_targeted_hardware_12m_pct,tw_epi_integrated_circuits_gbp_12m_pct,post_2022,6,-0.31484020036075405,-0.32721433899853025,0.42857142857142855,1.0,36,12
prewhitened_ar,historical_targeted_hardware_12m_pct,tw_epi_integrated_circuits_gbp_12m_pct,post_2022,7,-0.04601578321128725,-0.06628348412846334,0.7142857142857143,1.0,35,12
prewhitened_ar,historical_targeted_hardware_12m_pct,tw_epi_integrated_circuits_gbp_12m_pct,post_2022,8,-0.19327642911220064,-0.1842228768740562,0.42857142857142855,1.0,34,12
prewhitened_ar,historical_targeted_hardware_12m_pct,tw_epi_integrated_circuits_gbp_12m_pct,post_2022,9,0.19468949959483367,0.20375964460963658,0.42857142857142855,1.0,33,12
prewhitened_ar,historical_targeted_hardware_12m_pct,tw_epi_integrated_circuits_gbp_12m_pct,post_2022,10,0.19923959668350244,0.21599558543246783,0.2857142857142857,1.0,32,12
prewhitened_ar,historical_targeted_hardware_12m_pct,tw_epi_integrated_circuits_gbp_12m_pct,post_2022,11,0.15333397021849812,0.15437573930104717,0.42857142857142855,1.0,31,12
prewhitened_ar,historical_targeted_hardware_12m_pct,tw_epi_integrated_circuits_gbp_12m_pct,post_2022,12,-0.028239235357589206,-0.028239235357589206,0.8571428571428571,1.0,30,12
prewhitened_ar,historical_targeted_hardware_12m_pct,hk_ppi_tech_gbp_12m_pct,full,0,-0.017486552468761296,-0.029630595789982023,0.7061855670103093,1.0,229,12
prewhitened_ar,historical_targeted_hardware_12m_pct,hk_ppi_tech_gbp_12m_pct,full,1,0.007098935033445306,0.06079134747665217,0.4536082474226804,1.0,228,12
prewhitened_ar,historical_targeted_hardware_12m_pct,hk_ppi_tech_gbp_12m_pct,full,2,0.037110667215808406,0.04139191326939815,0.5721649484536082,1.0,227,12
prewhitened_ar,historical_targeted_hardware_12m_pct,hk_ppi_tech_gbp_12m_pct,full,3,0.04618518325821445,0.045629122649044805,0.5309278350515464,1.0,226,12
prewhitened_ar,historical_targeted_hardware_12m_pct,hk_ppi_tech_gbp_12m_pct,full,4,0.10206117491299913,0.05402256420592821,0.4896907216494845,1.0,225,12
prewhitened_ar,historical_targeted_hardware_12m_pct,hk_ppi_tech_gbp_12m_pct,full,5,0.1251544161430622,0.14437225450069407,0.07731958762886598,0.7216494845360825,224,12
prewhitened_ar,historical_targeted_hardware_12m_pct,hk_ppi_tech_gbp_12m_pct,full,6,-0.04639936716220937,-0.0746670027140312,0.36082474226804123,1.0,223,12
prewhitened_ar,historical_targeted_hardware_12m_pct,hk_ppi_tech_gbp_12m_pct,full,7,-0.09073880782552228,-0.07356921359529249,0.3556701030927835,1.0,222,12
prewhitened_ar,historical_targeted_hardware_12m_pct,hk_ppi_tech_gbp_12m_pct,full,8,0.1149562659308144,0.12024199287449516,0.13917525773195877,0.8814432989690721,221,12
prewhitened_ar,historical_targeted_hardware_12m_pct,hk_ppi_tech_gbp_12m_pct,full,9,-0.013169686565244589,0.00023684095920233108,1.0,1.0,220,12
prewhitened_ar,historical_targeted_hardware_12m_pct,hk_ppi_tech_gbp_12m_pct,full,10,-0.09169739720092632,-0.09166614754778543,0.25257731958762886,0.9948453608247423,219,12
prewhitened_ar,historical_targeted_hardware_12m_pct,hk_ppi_tech_gbp_12m_pct,full,11,0.09021539057232529,0.09097070125329779,0.26804123711340205,1.0,218,12
prewhitened_ar,historical_targeted_hardware_12m_pct,hk_ppi_tech_gbp_12m_pct,full,12,-0.07990193419321559,-0.07990193419321559,0.32989690721649484,1.0,217,12
prewhitened_ar,historical_targeted_hardware_12m_pct,hk_ppi_tech_gbp_12m_pct,pre_2020,0,0.027640014339814,0.033593719487482604,0.7068965517241379,1.0,151,12
prewhitened_ar,historical_targeted_hardware_12m_pct,hk_ppi_tech_gbp_12m_pct,pre_2020,1,0.1390419994597778,0.1452200620955711,0.14655172413793102,0.8275862068965517,150,12
prewhitened_ar,historical_targeted_hardware_12m_pct,hk_ppi_tech_gbp_12m_pct,pre_2020,2,0.10307302075898614,0.10303435109887049,0.27586206896551724,0.9741379310344828,149,12
prewhitened_ar,historical_targeted_hardware_12m_pct,hk_ppi_tech_gbp_12m_pct,pre_2020,3,0.031135255095075608,0.02404278419649039,0.7931034482758621,1.0,148,12
prewhitened_ar,historical_targeted_hardware_12m_pct,hk_ppi_tech_gbp_12m_pct,pre_2020,4,-0.01384249384188925,-0.01999703109014971,0.8275862068965517,1.0,147,12
prewhitened_ar,historical_targeted_hardware_12m_pct,hk_ppi_tech_gbp_12m_pct,pre_2020,5,0.13816877667587454,0.1453376552698028,0.15517241379310345,0.8275862068965517,146,12
prewhitened_ar,historical_targeted_hardware_12m_pct,hk_ppi_tech_gbp_12m_pct,pre_2020,6,-0.09137661771150829,-0.09325215787263129,0.3103448275862069,0.9913793103448276,145,12
prewhitened_ar,historical_targeted_hardware_12m_pct,hk_ppi_tech_gbp_12m_pct,pre_2020,7,-0.13828126291117046,-0.15103977989668163,0.1206896551724138,0.7672413793103449,144,12
prewhitened_ar,historical_targeted_hardware_12m_pct,hk_ppi_tech_gbp_12m_pct,pre_2020,8,0.17918221791472122,0.1863645684907715,0.08620689655172414,0.5517241379310345,143,12
prewhitened_ar,historical_targeted_hardware_12m_pct,hk_ppi_tech_gbp_12m_pct,pre_2020,9,0.023547049702788,0.030452732350613028,0.7155172413793104,1.0,142,12
prewhitened_ar,historical_targeted_hardware_12m_pct,hk_ppi_tech_gbp_12m_pct,pre_2020,10,-0.05280134350626162,-0.057164742278947925,0.5603448275862069,1.0,141,12
prewhitened_ar,historical_targeted_hardware_12m_pct,hk_ppi_tech_gbp_12m_pct,pre_2020,11,0.07690938324717007,0.07612954323872345,0.4396551724137931,1.0,140,12
prewhitened_ar,historical_targeted_hardware_12m_pct,hk_ppi_tech_gbp_12m_pct,pre_2020,12,-0.10723209694037945,-0.10723209694037945,0.27586206896551724,0.9741379310344828,139,12
prewhitened_ar,historical_targeted_hardware_12m_pct,hk_ppi_tech_gbp_12m_pct,pandemic_2020_2022,0,-0.17951463829892314,-0.1913592811507671,0.5,1.0,36,12
prewhitened_ar,historical_targeted_hardware_12m_pct,hk_ppi_tech_gbp_12m_pct,pandemic_2020_2022,1,0.2935658782901397,0.3519896833602516,0.5,0.5,35,12
prewhitened_ar,historical_targeted_hardware_12m_pct,hk_ppi_tech_gbp_12m_pct,pandemic_2020_2022,2,-0.048251923296259804,0.045445716457467256,0.5,1.0,34,12
prewhitened_ar,historical_targeted_hardware_12m_pct,hk_ppi_tech_gbp_12m_pct,pandemic_2020_2022,3,0.11817060103531415,0.13553570544755572,1.0,1.0,33,12
prewhitened_ar,historical_targeted_hardware_12m_pct,hk_ppi_tech_gbp_12m_pct,pandemic_2020_2022,4,-0.13180736845589033,-0.24547401575418126,1.0,1.0,32,12
prewhitened_ar,historical_targeted_hardware_12m_pct,hk_ppi_tech_gbp_12m_pct,pandemic_2020_2022,5,0.011467587945160338,0.015022008752632227,1.0,1.0,31,12
prewhitened_ar,historical_targeted_hardware_12m_pct,hk_ppi_tech_gbp_12m_pct,pandemic_2020_2022,6,0.04467138100685711,0.11518674950289427,1.0,1.0,30,12
prewhitened_ar,historical_targeted_hardware_12m_pct,hk_ppi_tech_gbp_12m_pct,pandemic_2020_2022,7,0.3614328876938191,0.26460766837350574,0.5,1.0,29,12
prewhitened_ar,historical_targeted_hardware_12m_pct,hk_ppi_tech_gbp_12m_pct,pandemic_2020_2022,8,0.2155532236631234,0.2967158935354567,0.5,1.0,28,12
prewhitened_ar,historical_targeted_hardware_12m_pct,hk_ppi_tech_gbp_12m_pct,pandemic_2020_2022,9,-0.4097270465836515,-0.4633398900239225,0.5,0.5,27,12
prewhitened_ar,historical_targeted_hardware_12m_pct,hk_ppi_tech_gbp_12m_pct,pandemic_2020_2022,10,-0.155238710016936,-0.15873958241127947,0.5,1.0,26,12
prewhitened_ar,historical_targeted_hardware_12m_pct,hk_ppi_tech_gbp_12m_pct,pandemic_2020_2022,11,-0.06353206885651014,-0.0645579932000379,1.0,1.0,25,12
prewhitened_ar,historical_targeted_hardware_12m_pct,hk_ppi_tech_gbp_12m_pct,pandemic_2020_2022,12,0.06524061457354155,0.06524061457354155,0.5,1.0,24,12
prewhitened_ar,historical_targeted_hardware_12m_pct,hk_ppi_tech_gbp_12m_pct,post_2022,0,-0.05082798722492284,-0.14963503922335342,0.7142857142857143,1.0,42,12
prewhitened_ar,historical_targeted_hardware_12m_pct,hk_ppi_tech_gbp_12m_pct,post_2022,1,-0.46433608690625977,-0.40465453027534143,0.2857142857142857,0.42857142857142855,41,12
prewhitened_ar,historical_targeted_hardware_12m_pct,hk_ppi_tech_gbp_12m_pct,post_2022,2,-0.13436025094027113,-0.21457988243268622,0.42857142857142855,1.0,40,12
prewhitened_ar,historical_targeted_hardware_12m_pct,hk_ppi_tech_gbp_12m_pct,post_2022,3,0.020224382399180937,-0.010209820148165632,1.0,1.0,39,12
prewhitened_ar,historical_targeted_hardware_12m_pct,hk_ppi_tech_gbp_12m_pct,post_2022,4,0.4916452177159242,0.3965490085102714,0.14285714285714285,0.5714285714285714,38,12
prewhitened_ar,historical_targeted_hardware_12m_pct,hk_ppi_tech_gbp_12m_pct,post_2022,5,0.16327698156092185,0.30752409777911444,0.42857142857142855,1.0,37,12
prewhitened_ar,historical_targeted_hardware_12m_pct,hk_ppi_tech_gbp_12m_pct,post_2022,6,0.009586134545689459,-0.15160635258747562,0.5714285714285714,1.0,36,12
prewhitened_ar,historical_targeted_hardware_12m_pct,hk_ppi_tech_gbp_12m_pct,post_2022,7,-0.046625649941243935,0.05910003207229532,1.0,1.0,35,12
prewhitened_ar,historical_targeted_hardware_12m_pct,hk_ppi_tech_gbp_12m_pct,post_2022,8,-0.09275813328115014,-0.10073043483114165,0.8571428571428571,1.0,34,12
prewhitened_ar,historical_targeted_hardware_12m_pct,hk_ppi_tech_gbp_12m_pct,post_2022,9,0.023646753359076227,0.10243460928140191,0.7142857142857143,1.0,33,12
prewhitened_ar,historical_targeted_hardware_12m_pct,hk_ppi_tech_gbp_12m_pct,post_2022,10,-0.2726414414869292,-0.27879794819126646,0.2857142857142857,1.0,32,12
prewhitened_ar,historical_targeted_hardware_12m_pct,hk_ppi_tech_gbp_12m_pct,post_2022,11,0.22222610242364502,0.22320292647127696,0.5714285714285714,1.0,31,12
prewhitened_ar,historical_targeted_hardware_12m_pct,hk_ppi_tech_gbp_12m_pct,post_2022,12,-0.19165988050245,-0.19165988050245,0.5714285714285714,1.0,30,12
prewhitened_ar,historical_targeted_hardware_12m_pct,oecd_asia_c26_targeted_gbp_12m_pct,full,0,-0.032426824085820476,0.008865757905566462,1.0,1.0,35,12
prewhitened_ar,historical_targeted_hardware_12m_pct,oecd_asia_c26_targeted_gbp_12m_pct,full,1,0.15237200787394273,0.18700986030388236,0.5,1.0,34,12
prewhitened_ar,historical_targeted_hardware_12m_pct,oecd_asia_c26_targeted_gbp_12m_pct,full,2,-0.07079679002130308,0.04063957142238151,1.0,1.0,33,12
prewhitened_ar,historical_targeted_hardware_12m_pct,oecd_asia_c26_targeted_gbp_12m_pct,full,3,0.17366729054215244,0.18173301017165,1.0,1.0,32,12
prewhitened_ar,historical_targeted_hardware_12m_pct,oecd_asia_c26_targeted_gbp_12m_pct,full,4,-0.2268703968446105,-0.37859254629167266,0.5,1.0,31,12
prewhitened_ar,historical_targeted_hardware_12m_pct,oecd_asia_c26_targeted_gbp_12m_pct,full,5,0.28373673456199155,0.224263886604301,0.5,1.0,30,12
prewhitened_ar,historical_targeted_hardware_12m_pct,oecd_asia_c26_targeted_gbp_12m_pct,full,6,-0.39598535571006394,-0.4394352039245509,0.5,0.5,29,12
prewhitened_ar,historical_targeted_hardware_12m_pct,oecd_asia_c26_targeted_gbp_12m_pct,full,7,0.18388317732051662,0.24169062467365066,1.0,1.0,28,12
prewhitened_ar,historical_targeted_hardware_12m_pct,oecd_asia_c26_targeted_gbp_12m_pct,full,8,0.293938902457295,0.41767617905912835,0.5,0.5,27,12
prewhitened_ar,historical_targeted_hardware_12m_pct,oecd_asia_c26_targeted_gbp_12m_pct,full,9,-0.01618076392503351,0.03609126589552606,1.0,1.0,26,12
prewhitened_ar,historical_targeted_hardware_12m_pct,oecd_asia_c26_targeted_gbp_12m_pct,full,10,0.052086454092438464,0.09966026724180098,0.5,1.0,25,12
prewhitened_ar,historical_targeted_hardware_12m_pct,oecd_asia_c26_targeted_gbp_12m_pct,full,11,-0.026034519215559156,-0.014430812036714265,1.0,1.0,24,12
prewhitened_ar,historical_targeted_hardware_12m_pct,oecd_asia_c26_targeted_gbp_12m_pct,full,12,-0.19695003314054102,-0.19695003314054102,0.5,1.0,23,12
prewhitened_ar,historical_targeted_hardware_12m_pct,oecd_asia_c26_targeted_gbp_12m_pct,post_2022,0,0.024649726965251546,0.1270356782214663,1.0,1.0,25,12
prewhitened_ar,historical_targeted_hardware_12m_pct,oecd_asia_c26_targeted_gbp_12m_pct,post_2022,1,0.07142496885320926,0.06548190631619936,1.0,1.0,24,12
prewhitened_ar,historical_targeted_hardware_12m_pct,oecd_asia_c26_targeted_gbp_12m_pct,post_2022,2,-0.043373688533010185,0.15933777338569138,0.5,1.0,23,12
prewhitened_ar,historical_targeted_hardware_12m_pct,oecd_asia_c26_targeted_gbp_12m_pct,post_2022,3,0.346152961732399,0.5004755887378979,0.5,1.0,22,12
prewhitened_ar,historical_targeted_hardware_12m_pct,oecd_asia_c26_targeted_gbp_12m_pct,post_2022,4,-0.0838151660041462,-0.1861055930269528,1.0,1.0,21,12
prewhitened_ar,historical_targeted_hardware_12m_pct,oecd_asia_c26_targeted_gbp_12m_pct,post_2022,5,0.41652857738085813,0.4192236726809461,0.5,1.0,20,12
prewhitened_ar,historical_targeted_hardware_12m_pct,oecd_asia_c26_targeted_gbp_12m_pct,post_2022,6,-0.5520280241320163,-0.621588301781697,0.5,0.5,19,12
prewhitened_ar,historical_targeted_hardware_12m_pct,oecd_asia_c26_targeted_gbp_12m_pct,post_2022,7,0.0562149318923919,0.17310749974322104,1.0,1.0,18,12
prewhitened_ar,historical_targeted_hardware_12m_pct,oecd_asia_c26_targeted_gbp_12m_pct,post_2022,8,0.09201225099702563,0.29682174593306493,0.5,1.0,17,12
prewhitened_ar,historical_targeted_hardware_12m_pct,oecd_asia_c26_targeted_gbp_12m_pct,post_2022,9,-0.358956566973892,-0.31680317893512777,1.0,1.0,16,12
prewhitened_ar,historical_targeted_hardware_12m_pct,oecd_asia_c26_targeted_gbp_12m_pct,post_2022,10,0.13186573669468662,0.2310043064706933,0.5,1.0,15,12
prewhitened_ar,historical_targeted_hardware_12m_pct,oecd_asia_c26_targeted_gbp_12m_pct,post_2022,11,-0.0741306340416721,-0.05085513127825935,1.0,1.0,14,12
prewhitened_ar,historical_targeted_hardware_12m_pct,oecd_asia_c26_targeted_gbp_12m_pct,post_2022,12,-0.10090177291711054,-0.10090177291711054,0.5,1.0,13,12
prewhitened_ar,historical_targeted_hardware_12m_pct,oecd_asia_c26_bls_gbp_12m_pct,full,0,0.0917274241450337,0.10400183153406137,0.37623762376237624,0.9801980198019802,136,12
prewhitened_ar,historical_targeted_hardware_12m_pct,oecd_asia_c26_bls_gbp_12m_pct,full,1,0.08401009994320127,0.031222987222802877,0.7821782178217822,1.0,135,12
prewhitened_ar,historical_targeted_hardware_12m_pct,oecd_asia_c26_bls_gbp_12m_pct,full,2,0.10392861593436321,0.10212982146718588,0.37623762376237624,0.9801980198019802,134,12
prewhitened_ar,historical_targeted_hardware_12m_pct,oecd_asia_c26_bls_gbp_12m_pct,full,3,0.01954404517573293,-0.002791276557542049,0.9900990099009901,1.0,133,12
prewhitened_ar,historical_targeted_hardware_12m_pct,oecd_asia_c26_bls_gbp_12m_pct,full,4,-0.007612964246375128,0.013932038951772018,0.9108910891089109,1.0,132,12
prewhitened_ar,historical_targeted_hardware_12m_pct,oecd_asia_c26_bls_gbp_12m_pct,full,5,0.09201934105183912,0.0836897141898931,0.43564356435643564,0.9900990099009901,131,12
prewhitened_ar,historical_targeted_hardware_12m_pct,oecd_asia_c26_bls_gbp_12m_pct,full,6,-0.04765600339638427,-0.055281085588291465,0.5742574257425742,1.0,130,12
prewhitened_ar,historical_targeted_hardware_12m_pct,oecd_asia_c26_bls_gbp_12m_pct,full,7,0.2744824038933536,0.2699696946430586,0.009900990099009901,0.009900990099009901,129,12
prewhitened_ar,historical_targeted_hardware_12m_pct,oecd_asia_c26_bls_gbp_12m_pct,full,8,0.04572585179560023,0.04133296893963741,0.6831683168316832,1.0,128,12
prewhitened_ar,historical_targeted_hardware_12m_pct,oecd_asia_c26_bls_gbp_12m_pct,full,9,0.07157920389026311,0.08510822657650668,0.44554455445544555,0.9900990099009901,127,12
prewhitened_ar,historical_targeted_hardware_12m_pct,oecd_asia_c26_bls_gbp_12m_pct,full,10,0.06790613640120222,0.07708389936894303,0.46534653465346537,1.0,126,12
prewhitened_ar,historical_targeted_hardware_12m_pct,oecd_asia_c26_bls_gbp_12m_pct,full,11,0.10106174832477964,0.09838547828371681,0.31683168316831684,0.9801980198019802,125,12
prewhitened_ar,historical_targeted_hardware_12m_pct,oecd_asia_c26_bls_gbp_12m_pct,full,12,-0.022092373057604912,-0.022092373057604912,0.801980198019802,1.0,124,12
prewhitened_ar,historical_targeted_hardware_12m_pct,oecd_asia_c26_bls_gbp_12m_pct,pre_2020,0,0.18916032051646808,0.17965628036195627,0.28125,1.0,67,12
prewhitened_ar,historical_targeted_hardware_12m_pct,oecd_asia_c26_bls_gbp_12m_pct,pre_2020,1,0.007583862404418936,-0.024823690053427862,0.9375,1.0,66,12
prewhitened_ar,historical_targeted_hardware_12m_pct,oecd_asia_c26_bls_gbp_12m_pct,pre_2020,2,0.1272254339371002,0.08892743022349343,0.59375,1.0,65,12
prewhitened_ar,historical_targeted_hardware_12m_pct,oecd_asia_c26_bls_gbp_12m_pct,pre_2020,3,0.057411214563923285,0.043927096175133,0.84375,1.0,64,12
prewhitened_ar,historical_targeted_hardware_12m_pct,oecd_asia_c26_bls_gbp_12m_pct,pre_2020,4,0.12279858661529013,0.13687975219574272,0.375,1.0,63,12
prewhitened_ar,historical_targeted_hardware_12m_pct,oecd_asia_c26_bls_gbp_12m_pct,pre_2020,5,0.16917197424049107,0.20504629038362837,0.21875,0.96875,62,12
prewhitened_ar,historical_targeted_hardware_12m_pct,oecd_asia_c26_bls_gbp_12m_pct,pre_2020,6,0.019453521542086776,-0.04141903092846316,0.8125,1.0,61,12
prewhitened_ar,historical_targeted_hardware_12m_pct,oecd_asia_c26_bls_gbp_12m_pct,pre_2020,7,0.4493417364803411,0.45529511832078123,0.03125,0.03125,60,12
prewhitened_ar,historical_targeted_hardware_12m_pct,oecd_asia_c26_bls_gbp_12m_pct,pre_2020,8,-0.049663481340517956,-0.05867920063364487,0.8125,1.0,59,12
prewhitened_ar,historical_targeted_hardware_12m_pct,oecd_asia_c26_bls_gbp_12m_pct,pre_2020,9,-0.11857016937002837,-0.1660892961392188,0.25,1.0,58,12
prewhitened_ar,historical_targeted_hardware_12m_pct,oecd_asia_c26_bls_gbp_12m_pct,pre_2020,10,0.30139015131108476,0.29055554793672267,0.09375,0.75,57,12
prewhitened_ar,historical_targeted_hardware_12m_pct,oecd_asia_c26_bls_gbp_12m_pct,pre_2020,11,-0.08383729945321013,-0.10400433908567773,0.6875,1.0,56,12
prewhitened_ar,historical_targeted_hardware_12m_pct,oecd_asia_c26_bls_gbp_12m_pct,pre_2020,12,-0.024427099242942618,-0.024427099242942618,0.875,1.0,55,12
prewhitened_ar,historical_targeted_hardware_12m_pct,oecd_asia_c26_bls_gbp_12m_pct,pandemic_2020_2022,0,0.08945292231925123,0.2670414009046087,0.5,1.0,36,12
prewhitened_ar,historical_targeted_hardware_12m_pct,oecd_asia_c26_bls_gbp_12m_pct,pandemic_2020_2022,1,0.08669158020579551,-0.1757254895328417,0.5,1.0,35,12
prewhitened_ar,historical_targeted_hardware_12m_pct,oecd_asia_c26_bls_gbp_12m_pct,pandemic_2020_2022,2,0.0616084638746218,0.21365638833598496,1.0,1.0,34,12
prewhitened_ar,historical_targeted_hardware_12m_pct,oecd_asia_c26_bls_gbp_12m_pct,pandemic_2020_2022,3,0.0282018372625428,0.01665555645642957,0.5,1.0,33,12
prewhitened_ar,historical_targeted_hardware_12m_pct,oecd_asia_c26_bls_gbp_12m_pct,pandemic_2020_2022,4,0.08652188433827754,0.13391919921123208,1.0,1.0,32,12
prewhitened_ar,historical_targeted_hardware_12m_pct,oecd_asia_c26_bls_gbp_12m_pct,pandemic_2020_2022,5,0.1301655100369377,0.0177529376786772,1.0,1.0,31,12
prewhitened_ar,historical_targeted_hardware_12m_pct,oecd_asia_c26_bls_gbp_12m_pct,pandemic_2020_2022,6,-0.07673052120447153,-0.04993417061112952,1.0,1.0,30,12
prewhitened_ar,historical_targeted_hardware_12m_pct,oecd_asia_c26_bls_gbp_12m_pct,pandemic_2020_2022,7,-0.07553634611777243,-0.10081923766206836,0.5,1.0,29,12
prewhitened_ar,historical_targeted_hardware_12m_pct,oecd_asia_c26_bls_gbp_12m_pct,pandemic_2020_2022,8,0.22417589029969603,0.2253113878981479,0.5,1.0,28,12
prewhitened_ar,historical_targeted_hardware_12m_pct,oecd_asia_c26_bls_gbp_12m_pct,pandemic_2020_2022,9,0.30172407461626327,0.40472324183305974,0.5,1.0,27,12
prewhitened_ar,historical_targeted_hardware_12m_pct,oecd_asia_c26_bls_gbp_12m_pct,pandemic_2020_2022,10,0.04117367382038871,0.035406455898007984,1.0,1.0,26,12
prewhitened_ar,historical_targeted_hardware_12m_pct,oecd_asia_c26_bls_gbp_12m_pct,pandemic_2020_2022,11,0.5782257105874441,0.5768005735612615,0.5,0.5,25,12
prewhitened_ar,historical_targeted_hardware_12m_pct,oecd_asia_c26_bls_gbp_12m_pct,pandemic_2020_2022,12,0.10019966784913581,0.10019966784913581,0.5,1.0,24,12
prewhitened_ar,historical_targeted_hardware_12m_pct,oecd_asia_c26_bls_gbp_12m_pct,post_2022,0,-0.053891326632822235,-0.06433708464592341,1.0,1.0,33,12
prewhitened_ar,historical_targeted_hardware_12m_pct,oecd_asia_c26_bls_gbp_12m_pct,post_2022,1,0.2962729848870169,0.12891438151310378,1.0,1.0,32,12
prewhitened_ar,historical_targeted_hardware_12m_pct,oecd_asia_c26_bls_gbp_12m_pct,post_2022,2,0.20060018552946354,0.22460792900309084,0.5,1.0,31,12
prewhitened_ar,historical_targeted_hardware_12m_pct,oecd_asia_c26_bls_gbp_12m_pct,post_2022,3,0.1357805121492204,0.08464557330655371,0.5,1.0,30,12
prewhitened_ar,historical_targeted_hardware_12m_pct,oecd_asia_c26_bls_gbp_12m_pct,post_2022,4,-0.18015653020187786,-0.10717260375406681,0.5,1.0,29,12
prewhitened_ar,historical_targeted_hardware_12m_pct,oecd_asia_c26_bls_gbp_12m_pct,post_2022,5,-0.06123355324524012,-0.1105036117773158,0.5,1.0,28,12
prewhitened_ar,historical_targeted_hardware_12m_pct,oecd_asia_c26_bls_gbp_12m_pct,post_2022,6,-0.27661403746670354,-0.34678594734369056,0.5,1.0,27,12
prewhitened_ar,historical_targeted_hardware_12m_pct,oecd_asia_c26_bls_gbp_12m_pct,post_2022,7,0.1409540574031531,0.1082848448284842,1.0,1.0,26,12
prewhitened_ar,historical_targeted_hardware_12m_pct,oecd_asia_c26_bls_gbp_12m_pct,post_2022,8,-0.005060164594611912,-0.038230876490752415,1.0,1.0,25,12
prewhitened_ar,historical_targeted_hardware_12m_pct,oecd_asia_c26_bls_gbp_12m_pct,post_2022,9,0.2636020349115867,0.35136754472298926,1.0,1.0,24,12
prewhitened_ar,historical_targeted_hardware_12m_pct,oecd_asia_c26_bls_gbp_12m_pct,post_2022,10,-0.1383196559871649,-0.10038917846251337,1.0,1.0,23,12
prewhitened_ar,historical_targeted_hardware_12m_pct,oecd_asia_c26_bls_gbp_12m_pct,post_2022,11,0.15019592837655027,0.1449895662330895,1.0,1.0,22,12
prewhitened_ar,historical_targeted_hardware_12m_pct,oecd_asia_c26_bls_gbp_12m_pct,post_2022,12,-0.017228409612701938,-0.017228409612701938,1.0,1.0,21,12
prewhitened_ar,historical_targeted_hardware_12m_pct,fred_china_computer_electronics_gbp_12m_pct,full,0,0.08978465104611257,0.10092310460141665,0.40594059405940597,0.9900990099009901,136,12
prewhitened_ar,historical_targeted_hardware_12m_pct,fred_china_computer_electronics_gbp_12m_pct,full,1,0.08671583703515386,0.03300298517996268,0.7623762376237624,1.0,135,12
prewhitened_ar,historical_targeted_hardware_12m_pct,fred_china_computer_electronics_gbp_12m_pct,full,2,0.10765365094337262,0.10661042108956288,0.38613861386138615,0.9900990099009901,134,12
prewhitened_ar,historical_targeted_hardware_12m_pct,fred_china_computer_electronics_gbp_12m_pct,full,3,0.01809803253094113,-0.0035162493547506407,1.0,1.0,133,12
prewhitened_ar,historical_targeted_hardware_12m_pct,fred_china_computer_electronics_gbp_12m_pct,full,4,-0.012982422378114226,0.006185994155658247,0.9801980198019802,1.0,132,12
prewhitened_ar,historical_targeted_hardware_12m_pct,fred_china_computer_electronics_gbp_12m_pct,full,5,0.09642584469530698,0.08884528466486644,0.43564356435643564,0.9900990099009901,131,12
prewhitened_ar,historical_targeted_hardware_12m_pct,fred_china_computer_electronics_gbp_12m_pct,full,6,-0.04773535380530022,-0.056053301655787674,0.5742574257425742,1.0,130,12
prewhitened_ar,historical_targeted_hardware_12m_pct,fred_china_computer_electronics_gbp_12m_pct,full,7,0.27821335330388197,0.2723803091387416,0.009900990099009901,0.009900990099009901,129,12
prewhitened_ar,historical_targeted_hardware_12m_pct,fred_china_computer_electronics_gbp_12m_pct,full,8,0.0497965720102386,0.04542282285525385,0.6732673267326733,1.0,128,12
prewhitened_ar,historical_targeted_hardware_12m_pct,fred_china_computer_electronics_gbp_12m_pct,full,9,0.07527698697308927,0.08884610446098193,0.4158415841584158,0.9900990099009901,127,12
prewhitened_ar,historical_targeted_hardware_12m_pct,fred_china_computer_electronics_gbp_12m_pct,full,10,0.05820719237462727,0.06660061528158721,0.5148514851485149,1.0,126,12
prewhitened_ar,historical_targeted_hardware_12m_pct,fred_china_computer_electronics_gbp_12m_pct,full,11,0.10190321643258965,0.09905141001159626,0.31683168316831684,0.9900990099009901,125,12
prewhitened_ar,historical_targeted_hardware_12m_pct,fred_china_computer_electronics_gbp_12m_pct,full,12,-0.013802746764153015,-0.013802746764153015,0.8712871287128713,1.0,124,12
prewhitened_ar,historical_targeted_hardware_12m_pct,fred_china_computer_electronics_gbp_12m_pct,pre_2020,0,0.1873376880799745,0.17775433869827417,0.28125,1.0,67,12
prewhitened_ar,historical_targeted_hardware_12m_pct,fred_china_computer_electronics_gbp_12m_pct,pre_2020,1,0.010798675359149903,-0.021296499959811827,0.90625,1.0,66,12
prewhitened_ar,historical_targeted_hardware_12m_pct,fred_china_computer_electronics_gbp_12m_pct,pre_2020,2,0.13104064520711947,0.09078690231283919,0.59375,1.0,65,12
prewhitened_ar,historical_targeted_hardware_12m_pct,fred_china_computer_electronics_gbp_12m_pct,pre_2020,3,0.06094696581944825,0.04633858483518172,0.84375,1.0,64,12
prewhitened_ar,historical_targeted_hardware_12m_pct,fred_china_computer_electronics_gbp_12m_pct,pre_2020,4,0.11485660103302593,0.13017762718883483,0.40625,1.0,63,12
prewhitened_ar,historical_targeted_hardware_12m_pct,fred_china_computer_electronics_gbp_12m_pct,pre_2020,5,0.17822382259867053,0.21254594895484316,0.1875,0.96875,62,12
prewhitened_ar,historical_targeted_hardware_12m_pct,fred_china_computer_electronics_gbp_12m_pct,pre_2020,6,0.013023563021385003,-0.05080909367902004,0.75,1.0,61,12
prewhitened_ar,historical_targeted_hardware_12m_pct,fred_china_computer_electronics_gbp_12m_pct,pre_2020,7,0.4440206241561314,0.4499909009604193,0.03125,0.03125,60,12
prewhitened_ar,historical_targeted_hardware_12m_pct,fred_china_computer_electronics_gbp_12m_pct,pre_2020,8,-0.04595266336837206,-0.05367182849796212,0.8125,1.0,59,12
prewhitened_ar,historical_targeted_hardware_12m_pct,fred_china_computer_electronics_gbp_12m_pct,pre_2020,9,-0.10457653827077787,-0.15216319658664054,0.3125,1.0,58,12
prewhitened_ar,historical_targeted_hardware_12m_pct,fred_china_computer_electronics_gbp_12m_pct,pre_2020,10,0.30036337603787194,0.28934399619470047,0.09375,0.71875,57,12
prewhitened_ar,historical_targeted_hardware_12m_pct,fred_china_computer_electronics_gbp_12m_pct,pre_2020,11,-0.07832232240548216,-0.0966741108467285,0.75,1.0,56,12
prewhitened_ar,historical_targeted_hardware_12m_pct,fred_china_computer_electronics_gbp_12m_pct,pre_2020,12,-0.015256548905196418,-0.015256548905196418,0.9375,1.0,55,12
prewhitened_ar,historical_targeted_hardware_12m_pct,fred_china_computer_electronics_gbp_12m_pct,pandemic_2020_2022,0,0.09223605811488318,0.2728058681658255,0.5,1.0,36,12
prewhitened_ar,historical_targeted_hardware_12m_pct,fred_china_computer_electronics_gbp_12m_pct,pandemic_2020_2022,1,0.08452105913169716,-0.18168699689185352,0.5,1.0,35,12
prewhitened_ar,historical_targeted_hardware_12m_pct,fred_china_computer_electronics_gbp_12m_pct,pandemic_2020_2022,2,0.08330475527816068,0.24016032358061376,1.0,1.0,34,12
prewhitened_ar,historical_targeted_hardware_12m_pct,fred_china_computer_electronics_gbp_12m_pct,pandemic_2020_2022,3,0.01782929882648437,0.013000449950998638,0.5,1.0,33,12
prewhitened_ar,historical_targeted_hardware_12m_pct,fred_china_computer_electronics_gbp_12m_pct,pandemic_2020_2022,4,0.0880804490543029,0.13246990509373446,1.0,1.0,32,12
prewhitened_ar,historical_targeted_hardware_12m_pct,fred_china_computer_electronics_gbp_12m_pct,pandemic_2020_2022,5,0.11498822058955338,-0.001502227003485728,1.0,1.0,31,12
prewhitened_ar,historical_targeted_hardware_12m_pct,fred_china_computer_electronics_gbp_12m_pct,pandemic_2020_2022,6,-0.0758405472916966,-0.04703851286789137,1.0,1.0,30,12
prewhitened_ar,historical_targeted_hardware_12m_pct,fred_china_computer_electronics_gbp_12m_pct,pandemic_2020_2022,7,-0.08518229494578873,-0.10998522322250849,0.5,1.0,29,12
prewhitened_ar,historical_targeted_hardware_12m_pct,fred_china_computer_electronics_gbp_12m_pct,pandemic_2020_2022,8,0.21994612424482546,0.21439501202180805,0.5,1.0,28,12
prewhitened_ar,historical_targeted_hardware_12m_pct,fred_china_computer_electronics_gbp_12m_pct,pandemic_2020_2022,9,0.29414870408759747,0.39912207375572506,0.5,1.0,27,12
prewhitened_ar,historical_targeted_hardware_12m_pct,fred_china_computer_electronics_gbp_12m_pct,pandemic_2020_2022,10,0.021668855524120716,0.016006558109738177,1.0,1.0,26,12
prewhitened_ar,historical_targeted_hardware_12m_pct,fred_china_computer_electronics_gbp_12m_pct,pandemic_2020_2022,11,0.575715711511839,0.5743202983615784,0.5,0.5,25,12
prewhitened_ar,historical_targeted_hardware_12m_pct,fred_china_computer_electronics_gbp_12m_pct,pandemic_2020_2022,12,0.10063418092451203,0.10063418092451203,0.5,1.0,24,12
prewhitened_ar,historical_targeted_hardware_12m_pct,fred_china_computer_electronics_gbp_12m_pct,post_2022,0,-0.06135598394784155,-0.08143086201783754,1.0,1.0,33,12
prewhitened_ar,historical_targeted_hardware_12m_pct,fred_china_computer_electronics_gbp_12m_pct,post_2022,1,0.30628020144616286,0.13419084825699762,1.0,1.0,32,12
prewhitened_ar,historical_targeted_hardware_12m_pct,fred_china_computer_electronics_gbp_12m_pct,post_2022,2,0.19880455839953434,0.22532088936100306,0.5,1.0,31,12
prewhitened_ar,historical_targeted_hardware_12m_pct,fred_china_computer_electronics_gbp_12m_pct,post_2022,3,0.13338075746821956,0.08587463899575908,0.5,1.0,30,12
prewhitened_ar,historical_targeted_hardware_12m_pct,fred_china_computer_electronics_gbp_12m_pct,post_2022,4,-0.1877725629543426,-0.1242938938641736,0.5,1.0,29,12
prewhitened_ar,historical_targeted_hardware_12m_pct,fred_china_computer_electronics_gbp_12m_pct,post_2022,5,-0.05832118433965165,-0.10466275236706446,0.5,1.0,28,12
prewhitened_ar,historical_targeted_hardware_12m_pct,fred_china_computer_electronics_gbp_12m_pct,post_2022,6,-0.2776623462323899,-0.35138017485417206,0.5,1.0,27,12
prewhitened_ar,historical_targeted_hardware_12m_pct,fred_china_computer_electronics_gbp_12m_pct,post_2022,7,0.17353675072458646,0.13932308848145095,1.0,1.0,26,12
prewhitened_ar,historical_targeted_hardware_12m_pct,fred_china_computer_electronics_gbp_12m_pct,post_2022,8,0.004830533111089829,-0.027442874861976226,1.0,1.0,25,12
prewhitened_ar,historical_targeted_hardware_12m_pct,fred_china_computer_electronics_gbp_12m_pct,post_2022,9,0.2686989615501398,0.35775143832871,1.0,1.0,24,12
prewhitened_ar,historical_targeted_hardware_12m_pct,fred_china_computer_electronics_gbp_12m_pct,post_2022,10,-0.15773723135242168,-0.12337981666540752,1.0,1.0,23,12
prewhitened_ar,historical_targeted_hardware_12m_pct,fred_china_computer_electronics_gbp_12m_pct,post_2022,11,0.15601706825381295,0.14962525623879605,1.0,1.0,22,12
prewhitened_ar,historical_targeted_hardware_12m_pct,fred_china_computer_electronics_gbp_12m_pct,post_2022,12,0.003931729318495876,0.003931729318495876,1.0,1.0,21,12
prewhitened_ar,historical_targeted_hardware_12m_pct,fred_japan_computer_electronics_gbp_12m_pct,full,0,0.1102436398093363,0.1124377368907483,0.3069306930693069,0.9801980198019802,136,12
prewhitened_ar,historical_targeted_hardware_12m_pct,fred_japan_computer_electronics_gbp_12m_pct,full,1,0.07783378623046697,0.024750281069132345,0.8712871287128713,1.0,135,12
prewhitened_ar,historical_targeted_hardware_12m_pct,fred_japan_computer_electronics_gbp_12m_pct,full,2,0.06122220946669464,0.06637091195287326,0.5742574257425742,1.0,134,12
prewhitened_ar,historical_targeted_hardware_12m_pct,fred_japan_computer_electronics_gbp_12m_pct,full,3,0.016369622381935945,-0.00043074393051865516,0.9900990099009901,1.0,133,12
prewhitened_ar,historical_targeted_hardware_12m_pct,fred_japan_computer_electronics_gbp_12m_pct,full,4,0.002617278696498816,0.027878987412505205,0.7821782178217822,1.0,132,12
prewhitened_ar,historical_targeted_hardware_12m_pct,fred_japan_computer_electronics_gbp_12m_pct,full,5,0.09712730974034299,0.08197088926323748,0.44554455445544555,0.9900990099009901,131,12
prewhitened_ar,historical_targeted_hardware_12m_pct,fred_japan_computer_electronics_gbp_12m_pct,full,6,-0.029355044231319016,-0.03996930565816148,0.7128712871287128,1.0,130,12
prewhitened_ar,historical_targeted_hardware_12m_pct,fred_japan_computer_electronics_gbp_12m_pct,full,7,0.28112186699558633,0.28010556572499457,0.009900990099009901,0.009900990099009901,129,12
prewhitened_ar,historical_targeted_hardware_12m_pct,fred_japan_computer_electronics_gbp_12m_pct,full,8,0.043948839892564276,0.04240830259848297,0.6336633663366337,1.0,128,12
prewhitened_ar,historical_targeted_hardware_12m_pct,fred_japan_computer_electronics_gbp_12m_pct,full,9,0.07506644683370195,0.08629869745706004,0.36633663366336633,0.9900990099009901,127,12
prewhitened_ar,historical_targeted_hardware_12m_pct,fred_japan_computer_electronics_gbp_12m_pct,full,10,0.10362306304938555,0.11061121060912235,0.27722772277227725,0.9801980198019802,126,12
prewhitened_ar,historical_targeted_hardware_12m_pct,fred_japan_computer_electronics_gbp_12m_pct,full,11,0.135889472560969,0.1325323867780593,0.21782178217821782,0.9702970297029703,125,12
prewhitened_ar,historical_targeted_hardware_12m_pct,fred_japan_computer_electronics_gbp_12m_pct,full,12,-0.04066979862298099,-0.04066979862298099,0.6633663366336634,1.0,124,12
prewhitened_ar,historical_targeted_hardware_12m_pct,fred_japan_computer_electronics_gbp_12m_pct,pre_2020,0,0.19830689002434956,0.1871937229466283,0.25,1.0,67,12
prewhitened_ar,historical_targeted_hardware_12m_pct,fred_japan_computer_electronics_gbp_12m_pct,pre_2020,1,-0.05404913561864062,-0.0803212957180318,0.5625,1.0,66,12
prewhitened_ar,historical_targeted_hardware_12m_pct,fred_japan_computer_electronics_gbp_12m_pct,pre_2020,2,0.06862045266338304,0.04431977600137607,0.78125,1.0,65,12
prewhitened_ar,historical_targeted_hardware_12m_pct,fred_japan_computer_electronics_gbp_12m_pct,pre_2020,3,0.058323703894639686,0.05130771331142644,0.6875,1.0,64,12
prewhitened_ar,historical_targeted_hardware_12m_pct,fred_japan_computer_electronics_gbp_12m_pct,pre_2020,4,0.11607768003917578,0.12914672610924616,0.375,1.0,63,12
prewhitened_ar,historical_targeted_hardware_12m_pct,fred_japan_computer_electronics_gbp_12m_pct,pre_2020,5,0.13707395804079645,0.1838361425321253,0.21875,1.0,62,12
prewhitened_ar,historical_targeted_hardware_12m_pct,fred_japan_computer_electronics_gbp_12m_pct,pre_2020,6,0.01993492689287346,-0.021184639847725558,0.875,1.0,61,12
prewhitened_ar,historical_targeted_hardware_12m_pct,fred_japan_computer_electronics_gbp_12m_pct,pre_2020,7,0.518277668850422,0.5351541475641841,0.03125,0.03125,60,12
prewhitened_ar,historical_targeted_hardware_12m_pct,fred_japan_computer_electronics_gbp_12m_pct,pre_2020,8,-0.05572789050631858,-0.06499442856484437,0.6875,1.0,59,12
prewhitened_ar,historical_targeted_hardware_12m_pct,fred_japan_computer_electronics_gbp_12m_pct,pre_2020,9,-0.13809964383417098,-0.17267587937210846,0.1875,1.0,58,12
prewhitened_ar,historical_targeted_hardware_12m_pct,fred_japan_computer_electronics_gbp_12m_pct,pre_2020,10,0.3405980703491207,0.3367381974304804,0.0625,0.4375,57,12
prewhitened_ar,historical_targeted_hardware_12m_pct,fred_japan_computer_electronics_gbp_12m_pct,pre_2020,11,-0.05018002457547916,-0.07501615330980711,0.65625,1.0,56,12
prewhitened_ar,historical_targeted_hardware_12m_pct,fred_japan_computer_electronics_gbp_12m_pct,pre_2020,12,-0.04551295756009011,-0.04551295756009011,0.96875,1.0,55,12
prewhitened_ar,historical_targeted_hardware_12m_pct,fred_japan_computer_electronics_gbp_12m_pct,pandemic_2020_2022,0,0.05508326142932917,0.24257613016337803,0.5,1.0,36,12
prewhitened_ar,historical_targeted_hardware_12m_pct,fred_japan_computer_electronics_gbp_12m_pct,pandemic_2020_2022,1,0.14725754829340118,-0.09605669859330107,0.5,1.0,35,12
prewhitened_ar,historical_targeted_hardware_12m_pct,fred_japan_computer_electronics_gbp_12m_pct,pandemic_2020_2022,2,0.0625755167289658,0.19832400632942526,1.0,1.0,34,12
prewhitened_ar,historical_targeted_hardware_12m_pct,fred_japan_computer_electronics_gbp_12m_pct,pandemic_2020_2022,3,0.040022209069054716,0.08349101986447789,0.5,1.0,33,12
prewhitened_ar,historical_targeted_hardware_12m_pct,fred_japan_computer_electronics_gbp_12m_pct,pandemic_2020_2022,4,0.11051948057861845,0.12462702775621037,1.0,1.0,32,12
prewhitened_ar,historical_targeted_hardware_12m_pct,fred_japan_computer_electronics_gbp_12m_pct,pandemic_2020_2022,5,0.15611672652538672,0.055373039289074506,1.0,1.0,31,12
prewhitened_ar,historical_targeted_hardware_12m_pct,fred_japan_computer_electronics_gbp_12m_pct,pandemic_2020_2022,6,0.03581296609193608,0.07773011876779348,0.5,1.0,30,12
prewhitened_ar,historical_targeted_hardware_12m_pct,fred_japan_computer_electronics_gbp_12m_pct,pandemic_2020_2022,7,-0.12111438737562874,-0.14699442973369686,0.5,1.0,29,12
prewhitened_ar,historical_targeted_hardware_12m_pct,fred_japan_computer_electronics_gbp_12m_pct,pandemic_2020_2022,8,0.30036663295940597,0.3061097114718386,0.5,1.0,28,12
prewhitened_ar,historical_targeted_hardware_12m_pct,fred_japan_computer_electronics_gbp_12m_pct,pandemic_2020_2022,9,0.23810281872279113,0.32967233287034053,0.5,1.0,27,12
prewhitened_ar,historical_targeted_hardware_12m_pct,fred_japan_computer_electronics_gbp_12m_pct,pandemic_2020_2022,10,0.06833012478692135,0.06388492534748066,0.5,1.0,26,12
prewhitened_ar,historical_targeted_hardware_12m_pct,fred_japan_computer_electronics_gbp_12m_pct,pandemic_2020_2022,11,0.6631542514841848,0.6622581035557323,0.5,0.5,25,12
prewhitened_ar,historical_targeted_hardware_12m_pct,fred_japan_computer_electronics_gbp_12m_pct,pandemic_2020_2022,12,0.08250428449812991,0.08250428449812991,1.0,1.0,24,12
prewhitened_ar,historical_targeted_hardware_12m_pct,fred_japan_computer_electronics_gbp_12m_pct,post_2022,0,0.028450819496638795,-0.003021575024668751,1.0,1.0,33,12
prewhitened_ar,historical_targeted_hardware_12m_pct,fred_japan_computer_electronics_gbp_12m_pct,post_2022,1,0.36390323534124674,0.2237660948390343,0.5,1.0,32,12
prewhitened_ar,historical_targeted_hardware_12m_pct,fred_japan_computer_electronics_gbp_12m_pct,post_2022,2,0.14527961133697406,0.20388675611155374,0.5,1.0,31,12
prewhitened_ar,historical_targeted_hardware_12m_pct,fred_japan_computer_electronics_gbp_12m_pct,post_2022,3,0.11473559100033362,0.08172772303292003,1.0,1.0,30,12
prewhitened_ar,historical_targeted_hardware_12m_pct,fred_japan_computer_electronics_gbp_12m_pct,post_2022,4,-0.1494685847472502,-0.04454076169268024,0.5,1.0,29,12
prewhitened_ar,historical_targeted_hardware_12m_pct,fred_japan_computer_electronics_gbp_12m_pct,post_2022,5,0.011191160282802618,-0.052629449421387184,0.5,1.0,28,12
prewhitened_ar,historical_targeted_hardware_12m_pct,fred_japan_computer_electronics_gbp_12m_pct,post_2022,6,-0.2820754634833639,-0.3715216321698789,0.5,1.0,27,12
prewhitened_ar,historical_targeted_hardware_12m_pct,fred_japan_computer_electronics_gbp_12m_pct,post_2022,7,0.023117627286063057,-0.012829348869172145,1.0,1.0,26,12
prewhitened_ar,historical_targeted_hardware_12m_pct,fred_japan_computer_electronics_gbp_12m_pct,post_2022,8,-0.022027404562226762,-0.042036692718422065,1.0,1.0,25,12
prewhitened_ar,historical_targeted_hardware_12m_pct,fred_japan_computer_electronics_gbp_12m_pct,post_2022,9,0.3378683434675841,0.4234627537763373,1.0,1.0,24,12
prewhitened_ar,historical_targeted_hardware_12m_pct,fred_japan_computer_electronics_gbp_12m_pct,post_2022,10,-0.1392304964225251,-0.10889824757629127,1.0,1.0,23,12
prewhitened_ar,historical_targeted_hardware_12m_pct,fred_japan_computer_electronics_gbp_12m_pct,post_2022,11,0.19301747258192004,0.18392163753497812,0.5,1.0,22,12
prewhitened_ar,historical_targeted_hardware_12m_pct,fred_japan_computer_electronics_gbp_12m_pct,post_2022,12,-0.1407452490171656,-0.1407452490171656,1.0,1.0,21,12
prewhitened_ar,historical_targeted_hardware_12m_pct,fred_asian_nie_computer_electronics_gbp_12m_pct,full,0,0.0875955807164621,0.1047482691129417,0.3465346534653465,0.9405940594059405,136,12
prewhitened_ar,historical_targeted_hardware_12m_pct,fred_asian_nie_computer_electronics_gbp_12m_pct,full,1,0.07463933856655741,0.028271986478374117,0.8118811881188119,1.0,135,12
prewhitened_ar,historical_targeted_hardware_12m_pct,fred_asian_nie_computer_electronics_gbp_12m_pct,full,2,0.09173386498407715,0.08570982427883159,0.46534653465346537,1.0,134,12
prewhitened_ar,historical_targeted_hardware_12m_pct,fred_asian_nie_computer_electronics_gbp_12m_pct,full,3,0.021512366889551465,-0.003538747173087581,0.9801980198019802,1.0,133,12
prewhitened_ar,historical_targeted_hardware_12m_pct,fred_asian_nie_computer_electronics_gbp_12m_pct,full,4,0.015092987918692385,0.04479448659004202,0.6633663366336634,1.0,132,12
prewhitened_ar,historical_targeted_hardware_12m_pct,fred_asian_nie_computer_electronics_gbp_12m_pct,full,5,0.0701938413585245,0.06108867264328168,0.594059405940594,1.0,131,12
prewhitened_ar,historical_targeted_hardware_12m_pct,fred_asian_nie_computer_electronics_gbp_12m_pct,full,6,-0.051666902903771995,-0.055089926895896896,0.5841584158415841,1.0,130,12
prewhitened_ar,historical_targeted_hardware_12m_pct,fred_asian_nie_computer_electronics_gbp_12m_pct,full,7,0.2442995778275203,0.2436398871720975,0.009900990099009901,0.0297029702970297,129,12
prewhitened_ar,historical_targeted_hardware_12m_pct,fred_asian_nie_computer_electronics_gbp_12m_pct,full,8,0.0209481306497645,0.015931850548004476,0.9108910891089109,1.0,128,12
prewhitened_ar,historical_targeted_hardware_12m_pct,fred_asian_nie_computer_electronics_gbp_12m_pct,full,9,0.055927629317707964,0.07010333489510963,0.49504950495049505,1.0,127,12
prewhitened_ar,historical_targeted_hardware_12m_pct,fred_asian_nie_computer_electronics_gbp_12m_pct,full,10,0.09880292905174999,0.11130043714180121,0.2871287128712871,0.9405940594059405,126,12
prewhitened_ar,historical_targeted_hardware_12m_pct,fred_asian_nie_computer_electronics_gbp_12m_pct,full,11,0.08120797593557239,0.07920691128318452,0.45544554455445546,1.0,125,12
prewhitened_ar,historical_targeted_hardware_12m_pct,fred_asian_nie_computer_electronics_gbp_12m_pct,full,12,-0.04638561731809692,-0.04638561731809692,0.6534653465346535,1.0,124,12
prewhitened_ar,historical_targeted_hardware_12m_pct,fred_asian_nie_computer_electronics_gbp_12m_pct,pre_2020,0,0.18172496147316822,0.17596908845906148,0.25,1.0,67,12
prewhitened_ar,historical_targeted_hardware_12m_pct,fred_asian_nie_computer_electronics_gbp_12m_pct,pre_2020,1,0.02308143499435095,-0.011919749608179604,0.96875,1.0,66,12
prewhitened_ar,historical_targeted_hardware_12m_pct,fred_asian_nie_computer_electronics_gbp_12m_pct,pre_2020,2,0.1251901721608917,0.08967998208656547,0.625,1.0,65,12
prewhitened_ar,historical_targeted_hardware_12m_pct,fred_asian_nie_computer_electronics_gbp_12m_pct,pre_2020,3,0.03099701953558729,0.02180964756880288,0.96875,1.0,64,12
prewhitened_ar,historical_targeted_hardware_12m_pct,fred_asian_nie_computer_electronics_gbp_12m_pct,pre_2020,4,0.15983755260418436,0.17163057245627372,0.25,1.0,63,12
prewhitened_ar,historical_targeted_hardware_12m_pct,fred_asian_nie_computer_electronics_gbp_12m_pct,pre_2020,5,0.1281633477018632,0.16317054266972902,0.28125,1.0,62,12
prewhitened_ar,historical_targeted_hardware_12m_pct,fred_asian_nie_computer_electronics_gbp_12m_pct,pre_2020,6,0.048653249119405544,-0.004331486219665288,1.0,1.0,61,12
prewhitened_ar,historical_targeted_hardware_12m_pct,fred_asian_nie_computer_electronics_gbp_12m_pct,pre_2020,7,0.42995761116181264,0.4312962677464926,0.03125,0.03125,60,12
prewhitened_ar,historical_targeted_hardware_12m_pct,fred_asian_nie_computer_electronics_gbp_12m_pct,pre_2020,8,-0.0727575160714143,-0.08444327575555709,0.625,1.0,59,12
prewhitened_ar,historical_targeted_hardware_12m_pct,fred_asian_nie_computer_electronics_gbp_12m_pct,pre_2020,9,-0.15395071590408738,-0.204056836087454,0.15625,0.96875,58,12
prewhitened_ar,historical_targeted_hardware_12m_pct,fred_asian_nie_computer_electronics_gbp_12m_pct,pre_2020,10,0.2788604307188624,0.26584297041305854,0.09375,0.96875,57,12
prewhitened_ar,historical_targeted_hardware_12m_pct,fred_asian_nie_computer_electronics_gbp_12m_pct,pre_2020,11,-0.11699855726764843,-0.14024030240697616,0.5625,1.0,56,12
prewhitened_ar,historical_targeted_hardware_12m_pct,fred_asian_nie_computer_electronics_gbp_12m_pct,pre_2020,12,-0.05750325770178911,-0.05750325770178911,0.84375,1.0,55,12
prewhitened_ar,historical_targeted_hardware_12m_pct,fred_asian_nie_computer_electronics_gbp_12m_pct,pandemic_2020_2022,0,0.08308788973396251,0.2356018162929778,0.5,1.0,36,12
prewhitened_ar,historical_targeted_hardware_12m_pct,fred_asian_nie_computer_electronics_gbp_12m_pct,pandemic_2020_2022,1,0.06835231345977766,-0.1678131352428174,0.5,1.0,35,12
prewhitened_ar,historical_targeted_hardware_12m_pct,fred_asian_nie_computer_electronics_gbp_12m_pct,pandemic_2020_2022,2,-0.03562740661997772,0.09732704809448746,1.0,1.0,34,12
prewhitened_ar,historical_targeted_hardware_12m_pct,fred_asian_nie_computer_electronics_gbp_12m_pct,pandemic_2020_2022,3,0.06945957037674895,0.012647405504805531,1.0,1.0,33,12
prewhitened_ar,historical_targeted_hardware_12m_pct,fred_asian_nie_computer_electronics_gbp_12m_pct,pandemic_2020_2022,4,0.07170535559863979,0.1388321822254892,1.0,1.0,32,12
prewhitened_ar,historical_targeted_hardware_12m_pct,fred_asian_nie_computer_electronics_gbp_12m_pct,pandemic_2020_2022,5,0.18907593527799688,0.09860856435712474,1.0,1.0,31,12
prewhitened_ar,historical_targeted_hardware_12m_pct,fred_asian_nie_computer_electronics_gbp_12m_pct,pandemic_2020_2022,6,-0.1259132560907713,-0.11690128468808823,1.0,1.0,30,12
prewhitened_ar,historical_targeted_hardware_12m_pct,fred_asian_nie_computer_electronics_gbp_12m_pct,pandemic_2020_2022,7,-0.012592700919440638,-0.04123501222917127,1.0,1.0,29,12
prewhitened_ar,historical_targeted_hardware_12m_pct,fred_asian_nie_computer_electronics_gbp_12m_pct,pandemic_2020_2022,8,0.19043729422923633,0.21767428503831085,0.5,1.0,28,12
prewhitened_ar,historical_targeted_hardware_12m_pct,fred_asian_nie_computer_electronics_gbp_12m_pct,pandemic_2020_2022,9,0.33297255312154544,0.42575881109283364,0.5,0.5,27,12
prewhitened_ar,historical_targeted_hardware_12m_pct,fred_asian_nie_computer_electronics_gbp_12m_pct,pandemic_2020_2022,10,0.12569698848265143,0.11944535825662221,0.5,1.0,26,12
prewhitened_ar,historical_targeted_hardware_12m_pct,fred_asian_nie_computer_electronics_gbp_12m_pct,pandemic_2020_2022,11,0.5187746783609758,0.5169084172608723,0.5,0.5,25,12
prewhitened_ar,historical_targeted_hardware_12m_pct,fred_asian_nie_computer_electronics_gbp_12m_pct,pandemic_2020_2022,12,0.10288716665298285,0.10288716665298285,0.5,1.0,24,12
prewhitened_ar,historical_targeted_hardware_12m_pct,fred_asian_nie_computer_electronics_gbp_12m_pct,post_2022,0,-0.045779773555184464,-0.024712060192671727,1.0,1.0,33,12
prewhitened_ar,historical_targeted_hardware_12m_pct,fred_asian_nie_computer_electronics_gbp_12m_pct,post_2022,1,0.22214219825769713,0.07548643917734445,1.0,1.0,32,12
prewhitened_ar,historical_targeted_hardware_12m_pct,fred_asian_nie_computer_electronics_gbp_12m_pct,post_2022,2,0.1952842018114126,0.197910580873497,0.5,1.0,31,12
prewhitened_ar,historical_targeted_hardware_12m_pct,fred_asian_nie_computer_electronics_gbp_12m_pct,post_2022,3,0.14180677080630402,0.07939118348322212,0.5,1.0,30,12
prewhitened_ar,historical_targeted_hardware_12m_pct,fred_asian_nie_computer_electronics_gbp_12m_pct,post_2022,4,-0.15289435520040637,-0.056829121787461495,0.5,1.0,29,12
prewhitened_ar,historical_targeted_hardware_12m_pct,fred_asian_nie_computer_electronics_gbp_12m_pct,post_2022,5,-0.07875212904022316,-0.1289654630059165,0.5,1.0,28,12
prewhitened_ar,historical_targeted_hardware_12m_pct,fred_asian_nie_computer_electronics_gbp_12m_pct,post_2022,6,-0.25548869436880056,-0.3036817077026947,1.0,1.0,27,12
prewhitened_ar,historical_targeted_hardware_12m_pct,fred_asian_nie_computer_electronics_gbp_12m_pct,post_2022,7,0.04239162335324703,0.01699552131788368,1.0,1.0,26,12
prewhitened_ar,historical_targeted_hardware_12m_pct,fred_asian_nie_computer_electronics_gbp_12m_pct,post_2022,8,-0.03360237692609499,-0.07046911402959774,1.0,1.0,25,12
prewhitened_ar,historical_targeted_hardware_12m_pct,fred_asian_nie_computer_electronics_gbp_12m_pct,post_2022,9,0.2030672280065175,0.28326606200932947,1.0,1.0,24,12
prewhitened_ar,historical_targeted_hardware_12m_pct,fred_asian_nie_computer_electronics_gbp_12m_pct,post_2022,10,-0.046069080257400655,0.0069576399031128335,1.0,1.0,23,12
prewhitened_ar,historical_targeted_hardware_12m_pct,fred_asian_nie_computer_electronics_gbp_12m_pct,post_2022,11,0.10705013562636792,0.10633388572935049,1.0,1.0,22,12
prewhitened_ar,historical_targeted_hardware_12m_pct,fred_asian_nie_computer_electronics_gbp_12m_pct,post_2022,12,-0.05997511982177245,-0.05997511982177245,1.0,1.0,21,12
prewhitened_ar,historical_targeted_hardware_12m_pct,asia_bls_common_factor_z,full,0,0.09755441527867509,0.10857651383311173,0.3564356435643564,0.9801980198019802,136,12
prewhitened_ar,historical_targeted_hardware_12m_pct,asia_bls_common_factor_z,full,1,0.07990489780150427,0.027888985833305374,0.801980198019802,1.0,135,12
prewhitened_ar,historical_targeted_hardware_12m_pct,asia_bls_common_factor_z,full,2,0.09127809939406396,0.0901200703045416,0.4158415841584158,0.9801980198019802,134,12
prewhitened_ar,historical_targeted_hardware_12m_pct,asia_bls_common_factor_z,full,3,0.018916857473007077,-0.0027789165689289575,1.0,1.0,133,12
prewhitened_ar,historical_targeted_hardware_12m_pct,asia_bls_common_factor_z,full,4,-0.0005138609645057575,0.024480551793282485,0.8415841584158416,1.0,132,12
prewhitened_ar,historical_targeted_hardware_12m_pct,asia_bls_common_factor_z,full,5,0.09016171865707606,0.07975602930607256,0.43564356435643564,0.9900990099009901,131,12
prewhitened_ar,historical_targeted_hardware_12m_pct,asia_bls_common_factor_z,full,6,-0.04467090368543549,-0.05234202713935987,0.6237623762376238,1.0,130,12
prewhitened_ar,historical_targeted_hardware_12m_pct,asia_bls_common_factor_z,full,7,0.27288912893982475,0.27046300884598695,0.009900990099009901,0.009900990099009901,129,12
prewhitened_ar,historical_targeted_hardware_12m_pct,asia_bls_common_factor_z,full,8,0.03942084789177238,0.0357175182674695,0.7128712871287128,1.0,128,12
prewhitened_ar,historical_targeted_hardware_12m_pct,asia_bls_common_factor_z,full,9,0.06955896175113072,0.08265023732215708,0.4158415841584158,0.9900990099009901,127,12
prewhitened_ar,historical_targeted_hardware_12m_pct,asia_bls_common_factor_z,full,10,0.08571511334125523,0.09519850233654346,0.33663366336633666,0.9801980198019802,126,12
prewhitened_ar,historical_targeted_hardware_12m_pct,asia_bls_common_factor_z,full,11,0.10774133173215514,0.10506980918830064,0.27722772277227725,0.9801980198019802,125,12
prewhitened_ar,historical_targeted_hardware_12m_pct,asia_bls_common_factor_z,full,12,-0.033937599042869124,-0.033937599042869124,0.7524752475247525,1.0,124,12
prewhitened_ar,historical_targeted_hardware_12m_pct,asia_bls_common_factor_z,pre_2020,0,0.19178832167951326,0.18224908113630822,0.28125,1.0,67,12
prewhitened_ar,historical_targeted_hardware_12m_pct,asia_bls_common_factor_z,pre_2020,1,-0.008307115556289563,-0.03950356823690087,0.875,1.0,66,12
prewhitened_ar,historical_targeted_hardware_12m_pct,asia_bls_common_factor_z,pre_2020,2,0.11063731931611061,0.07723479941053205,0.59375,1.0,65,12
prewhitened_ar,historical_targeted_hardware_12m_pct,asia_bls_common_factor_z,pre_2020,3,0.05280729865963579,0.04196293651835535,0.9375,1.0,64,12
prewhitened_ar,historical_targeted_hardware_12m_pct,asia_bls_common_factor_z,pre_2020,4,0.12868283541449646,0.14135823766947814,0.34375,1.0,63,12
prewhitened_ar,historical_targeted_hardware_12m_pct,asia_bls_common_factor_z,pre_2020,5,0.15386017426452755,0.1942728944583156,0.21875,0.96875,62,12
prewhitened_ar,historical_targeted_hardware_12m_pct,asia_bls_common_factor_z,pre_2020,6,0.023936153419078825,-0.029647901649101475,0.84375,1.0,61,12
prewhitened_ar,historical_targeted_hardware_12m_pct,asia_bls_common_factor_z,pre_2020,7,0.4700138750955201,0.47861876287412936,0.03125,0.03125,60,12
prewhitened_ar,historical_targeted_hardware_12m_pct,asia_bls_common_factor_z,pre_2020,8,-0.05489384912667124,-0.06475510467680894,0.71875,1.0,59,12
prewhitened_ar,historical_targeted_hardware_12m_pct,asia_bls_common_factor_z,pre_2020,9,-0.1356212526335896,-0.1798895731808186,0.1875,1.0,58,12
prewhitened_ar,historical_targeted_hardware_12m_pct,asia_bls_common_factor_z,pre_2020,10,0.31023218306959216,0.3010427971329653,0.09375,0.625,57,12
prewhitened_ar,historical_targeted_hardware_12m_pct,asia_bls_common_factor_z,pre_2020,11,-0.08240232718328042,-0.10554724569588537,0.65625,1.0,56,12
prewhitened_ar,historical_targeted_hardware_12m_pct,asia_bls_common_factor_z,pre_2020,12,-0.037881378146486934,-0.037881378146486934,0.875,1.0,55,12
prewhitened_ar,historical_targeted_hardware_12m_pct,asia_bls_common_factor_z,pandemic_2020_2022,0,0.07869302906317921,0.2558213190582642,0.5,1.0,36,12
prewhitened_ar,historical_targeted_hardware_12m_pct,asia_bls_common_factor_z,pandemic_2020_2022,1,0.10116727130651706,-0.15393967258567173,0.5,1.0,35,12
prewhitened_ar,historical_targeted_hardware_12m_pct,asia_bls_common_factor_z,pandemic_2020_2022,2,0.04056342395045896,0.1843883452504593,1.0,1.0,34,12
prewhitened_ar,historical_targeted_hardware_12m_pct,asia_bls_common_factor_z,pandemic_2020_2022,3,0.03954268333726973,0.03253650384397913,0.5,1.0,33,12
prewhitened_ar,historical_targeted_hardware_12m_pct,asia_bls_common_factor_z,pandemic_2020_2022,4,0.09152363855353116,0.1356938983488694,1.0,1.0,32,12
prewhitened_ar,historical_targeted_hardware_12m_pct,asia_bls_common_factor_z,pandemic_2020_2022,5,0.15037037338106995,0.04372953026251169,1.0,1.0,31,12
prewhitened_ar,historical_targeted_hardware_12m_pct,asia_bls_common_factor_z,pandemic_2020_2022,6,-0.052071638169500445,-0.02432868415020298,1.0,1.0,30,12
prewhitened_ar,historical_targeted_hardware_12m_pct,asia_bls_common_factor_z,pandemic_2020_2022,7,-0.07597851519090537,-0.10166066027150514,0.5,1.0,29,12
prewhitened_ar,historical_targeted_hardware_12m_pct,asia_bls_common_factor_z,pandemic_2020_2022,8,0.24402209407372627,0.25334316269871465,0.5,1.0,28,12
prewhitened_ar,historical_targeted_hardware_12m_pct,asia_bls_common_factor_z,pandemic_2020_2022,9,0.29804427945514705,0.3962893138161662,0.5,1.0,27,12
prewhitened_ar,historical_targeted_hardware_12m_pct,asia_bls_common_factor_z,pandemic_2020_2022,10,0.06654371785692004,0.0609220247645032,0.5,1.0,26,12
prewhitened_ar,historical_targeted_hardware_12m_pct,asia_bls_common_factor_z,pandemic_2020_2022,11,0.6020401795707319,0.6007175630006717,0.5,0.5,25,12
prewhitened_ar,historical_targeted_hardware_12m_pct,asia_bls_common_factor_z,pandemic_2020_2022,12,0.09514974095931734,0.09514974095931734,0.5,1.0,24,12
prewhitened_ar,historical_targeted_hardware_12m_pct,asia_bls_common_factor_z,post_2022,0,-0.027971577167921754,-0.0337525106984565,1.0,1.0,33,12
prewhitened_ar,historical_targeted_hardware_12m_pct,asia_bls_common_factor_z,post_2022,1,0.30008474855433703,0.14110775142676998,1.0,1.0,32,12
prewhitened_ar,historical_targeted_hardware_12m_pct,asia_bls_common_factor_z,post_2022,2,0.19078755600472577,0.21882105413461894,0.5,1.0,31,12
prewhitened_ar,historical_targeted_hardware_12m_pct,asia_bls_common_factor_z,post_2022,3,0.13305357221878333,0.08294026302017038,0.5,1.0,30,12
prewhitened_ar,historical_targeted_hardware_12m_pct,asia_bls_common_factor_z,post_2022,4,-0.16896455341743907,-0.07993438415376623,0.5,1.0,29,12
prewhitened_ar,historical_targeted_hardware_12m_pct,asia_bls_common_factor_z,post_2022,5,-0.04427019039989269,-0.09812763196027792,0.5,1.0,28,12
prewhitened_ar,historical_targeted_hardware_12m_pct,asia_bls_common_factor_z,post_2022,6,-0.2790767384643415,-0.3509707792726432,0.5,1.0,27,12
prewhitened_ar,historical_targeted_hardware_12m_pct,asia_bls_common_factor_z,post_2022,7,0.08669002585571009,0.05524517981087276,1.0,1.0,26,12
prewhitened_ar,historical_targeted_hardware_12m_pct,asia_bls_common_factor_z,post_2022,8,-0.02523243625792474,-0.05699855415571233,1.0,1.0,25,12
prewhitened_ar,historical_targeted_hardware_12m_pct,asia_bls_common_factor_z,post_2022,9,0.27426065903540736,0.3612584038771317,1.0,1.0,24,12
prewhitened_ar,historical_targeted_hardware_12m_pct,asia_bls_common_factor_z,post_2022,10,-0.11815527465570962,-0.07805051531940985,1.0,1.0,23,12
prewhitened_ar,historical_targeted_hardware_12m_pct,asia_bls_common_factor_z,post_2022,11,0.1535617273138235,0.14862256767615725,1.0,1.0,22,12
prewhitened_ar,historical_targeted_hardware_12m_pct,asia_bls_common_factor_z,post_2022,12,-0.06308469368368871,-0.06308469368368871,1.0,1.0,21,12
prewhitened_ar,historical_ex_games_12m_pct,jp_epi_electronics_gbp_12m_pct,full,0,0.024753136181021918,0.02151720365835805,0.7035830618892508,1.0,342,12
prewhitened_ar,historical_ex_games_12m_pct,jp_epi_electronics_gbp_12m_pct,full,1,0.045060281178522885,0.023711561140265448,0.6579804560260586,1.0,341,12
prewhitened_ar,historical_ex_games_12m_pct,jp_epi_electronics_gbp_12m_pct,full,2,0.0006833797834755016,-0.01355687674637675,0.8371335504885994,1.0,340,12
prewhitened_ar,historical_ex_games_12m_pct,jp_epi_electronics_gbp_12m_pct,full,3,0.017926871098968244,0.020947239951174257,0.7198697068403909,1.0,339,12
prewhitened_ar,historical_ex_games_12m_pct,jp_epi_electronics_gbp_12m_pct,full,4,-0.018228192774139326,-0.042406825029360766,0.48859934853420195,1.0,338,12
prewhitened_ar,historical_ex_games_12m_pct,jp_epi_electronics_gbp_12m_pct,full,5,0.10069036977844192,0.09143861764691422,0.14006514657980457,0.8469055374592834,337,12
prewhitened_ar,historical_ex_games_12m_pct,jp_epi_electronics_gbp_12m_pct,full,6,0.014090791946284537,0.01026162017557046,0.8697068403908795,1.0,336,12
prewhitened_ar,historical_ex_games_12m_pct,jp_epi_electronics_gbp_12m_pct,full,7,0.16192735006783213,0.158678953659868,0.009771986970684038,0.08469055374592833,335,12
prewhitened_ar,historical_ex_games_12m_pct,jp_epi_electronics_gbp_12m_pct,full,8,0.04352060936551937,0.04398220774117372,0.44625407166123776,0.996742671009772,334,12
prewhitened_ar,historical_ex_games_12m_pct,jp_epi_electronics_gbp_12m_pct,full,9,0.0672377066125524,0.062042248666047906,0.28664495114006516,0.9837133550488599,333,12
prewhitened_ar,historical_ex_games_12m_pct,jp_epi_electronics_gbp_12m_pct,full,10,0.02912308639147071,0.03203495834830988,0.5895765472312704,1.0,332,12
prewhitened_ar,historical_ex_games_12m_pct,jp_epi_electronics_gbp_12m_pct,full,11,0.12212117543422865,0.11977593526773664,0.05211726384364821,0.4364820846905538,331,12
prewhitened_ar,historical_ex_games_12m_pct,jp_epi_electronics_gbp_12m_pct,full,12,0.06256492939127628,0.06256492939127628,0.2996742671009772,0.9837133550488599,330,12
prewhitened_ar,historical_ex_games_12m_pct,jp_epi_electronics_gbp_12m_pct,pre_2020,0,0.033023164825538506,0.029833685521221648,0.6899563318777293,1.0,264,12
prewhitened_ar,historical_ex_games_12m_pct,jp_epi_electronics_gbp_12m_pct,pre_2020,1,0.004193950943865692,0.0025783269682061673,0.9694323144104804,1.0,263,12
prewhitened_ar,historical_ex_games_12m_pct,jp_epi_electronics_gbp_12m_pct,pre_2020,2,-0.052941941136289895,-0.0678778244083106,0.35807860262008734,0.9912663755458515,262,12
prewhitened_ar,historical_ex_games_12m_pct,jp_epi_electronics_gbp_12m_pct,pre_2020,3,0.0025756153637199724,0.0043856168037400695,0.9781659388646288,1.0,261,12
prewhitened_ar,historical_ex_games_12m_pct,jp_epi_electronics_gbp_12m_pct,pre_2020,4,-0.0009047308418642615,0.0083093259841553,0.9388646288209607,1.0,260,12
prewhitened_ar,historical_ex_games_12m_pct,jp_epi_electronics_gbp_12m_pct,pre_2020,5,0.0653126258996234,0.07921517274773437,0.2794759825327511,0.9606986899563319,259,12
prewhitened_ar,historical_ex_games_12m_pct,jp_epi_electronics_gbp_12m_pct,pre_2020,6,0.08878127405802277,0.08441272276544035,0.24890829694323144,0.9519650655021834,258,12
prewhitened_ar,historical_ex_games_12m_pct,jp_epi_electronics_gbp_12m_pct,pre_2020,7,0.20451281132982638,0.20928913730958096,0.004366812227074236,0.013100436681222707,257,12
prewhitened_ar,historical_ex_games_12m_pct,jp_epi_electronics_gbp_12m_pct,pre_2020,8,0.04207761370138754,0.0521480877724932,0.5240174672489083,1.0,256,12
prewhitened_ar,historical_ex_games_12m_pct,jp_epi_electronics_gbp_12m_pct,pre_2020,9,0.003083243012579067,-0.0057617715527639906,0.9126637554585153,1.0,255,12
prewhitened_ar,historical_ex_games_12m_pct,jp_epi_electronics_gbp_12m_pct,pre_2020,10,0.06313856775862434,0.05895546670871523,0.4847161572052402,1.0,254,12
prewhitened_ar,historical_ex_games_12m_pct,jp_epi_electronics_gbp_12m_pct,pre_2020,11,0.07439852607864211,0.07413601502448035,0.3056768558951965,0.9868995633187773,253,12
prewhitened_ar,historical_ex_games_12m_pct,jp_epi_electronics_gbp_12m_pct,pre_2020,12,0.0541654037948569,0.0541654037948569,0.49344978165938863,1.0,252,12
prewhitened_ar,historical_ex_games_12m_pct,jp_epi_electronics_gbp_12m_pct,pandemic_2020_2022,0,0.020117564767576222,0.23157934052286464,0.5,1.0,36,12
prewhitened_ar,historical_ex_games_12m_pct,jp_epi_electronics_gbp_12m_pct,pandemic_2020_2022,1,-0.053464872515876914,-0.26501815309908316,0.5,1.0,35,12
prewhitened_ar,historical_ex_games_12m_pct,jp_epi_electronics_gbp_12m_pct,pandemic_2020_2022,2,0.06478793423846693,0.17242937404982045,0.5,1.0,34,12
prewhitened_ar,historical_ex_games_12m_pct,jp_epi_electronics_gbp_12m_pct,pandemic_2020_2022,3,0.04772354397806241,0.03322588183292296,1.0,1.0,33,12
prewhitened_ar,historical_ex_games_12m_pct,jp_epi_electronics_gbp_12m_pct,pandemic_2020_2022,4,0.062430048278269576,0.15455708228531534,1.0,1.0,32,12
prewhitened_ar,historical_ex_games_12m_pct,jp_epi_electronics_gbp_12m_pct,pandemic_2020_2022,5,0.2349252072193284,0.11716845950147467,0.5,1.0,31,12
prewhitened_ar,historical_ex_games_12m_pct,jp_epi_electronics_gbp_12m_pct,pandemic_2020_2022,6,-0.07447435231948997,-0.023229525272617,1.0,1.0,30,12
prewhitened_ar,historical_ex_games_12m_pct,jp_epi_electronics_gbp_12m_pct,pandemic_2020_2022,7,-0.10163204249330277,-0.11762878935358727,0.5,1.0,29,12
prewhitened_ar,historical_ex_games_12m_pct,jp_epi_electronics_gbp_12m_pct,pandemic_2020_2022,8,0.07144431818373945,0.005080157891548913,0.5,1.0,28,12
prewhitened_ar,historical_ex_games_12m_pct,jp_epi_electronics_gbp_12m_pct,pandemic_2020_2022,9,0.24952673791716307,0.3349842428615513,0.5,1.0,27,12
prewhitened_ar,historical_ex_games_12m_pct,jp_epi_electronics_gbp_12m_pct,pandemic_2020_2022,10,-0.1426882408254551,-0.14121654030285183,0.5,1.0,26,12
prewhitened_ar,historical_ex_games_12m_pct,jp_epi_electronics_gbp_12m_pct,pandemic_2020_2022,11,0.5247120138023897,0.5232421774722026,0.5,0.5,25,12
prewhitened_ar,historical_ex_games_12m_pct,jp_epi_electronics_gbp_12m_pct,pandemic_2020_2022,12,0.06298977591017318,0.06298977591017318,1.0,1.0,24,12
prewhitened_ar,historical_ex_games_12m_pct,jp_epi_electronics_gbp_12m_pct,post_2022,0,-0.0461393132784475,-0.065794674301362,0.5714285714285714,1.0,42,12
prewhitened_ar,historical_ex_games_12m_pct,jp_epi_electronics_gbp_12m_pct,post_2022,1,0.272144784876642,0.26934801822201887,0.14285714285714285,1.0,41,12
prewhitened_ar,historical_ex_games_12m_pct,jp_epi_electronics_gbp_12m_pct,post_2022,2,0.18771177706674438,0.17175132623017986,0.42857142857142855,1.0,40,12
prewhitened_ar,historical_ex_games_12m_pct,jp_epi_electronics_gbp_12m_pct,post_2022,3,0.17235005456389857,0.2782402802987405,0.14285714285714285,1.0,39,12
prewhitened_ar,historical_ex_games_12m_pct,jp_epi_electronics_gbp_12m_pct,post_2022,4,-0.05004950724574456,-0.28178504625195633,0.2857142857142857,1.0,38,12
prewhitened_ar,historical_ex_games_12m_pct,jp_epi_electronics_gbp_12m_pct,post_2022,5,0.28585465138321225,0.26104383356543753,0.2857142857142857,1.0,37,12
prewhitened_ar,historical_ex_games_12m_pct,jp_epi_electronics_gbp_12m_pct,post_2022,6,-0.2623748911205506,-0.3594328345628503,0.2857142857142857,1.0,36,12
prewhitened_ar,historical_ex_games_12m_pct,jp_epi_electronics_gbp_12m_pct,post_2022,7,0.15363381946794075,0.11286643406400722,0.42857142857142855,1.0,35,12
prewhitened_ar,historical_ex_games_12m_pct,jp_epi_electronics_gbp_12m_pct,post_2022,8,0.009166025221899703,0.008599097263937799,1.0,1.0,34,12
prewhitened_ar,historical_ex_games_12m_pct,jp_epi_electronics_gbp_12m_pct,post_2022,9,0.2351965879759923,0.19658964693318876,0.2857142857142857,1.0,33,12
prewhitened_ar,historical_ex_games_12m_pct,jp_epi_electronics_gbp_12m_pct,post_2022,10,-0.0055012389784208585,0.01709708461412476,0.7142857142857143,1.0,32,12
prewhitened_ar,historical_ex_games_12m_pct,jp_epi_electronics_gbp_12m_pct,post_2022,11,0.15483374501716474,0.13315527869070282,0.5714285714285714,1.0,31,12
prewhitened_ar,historical_ex_games_12m_pct,jp_epi_electronics_gbp_12m_pct,post_2022,12,0.22415016287299278,0.22415016287299278,0.2857142857142857,1.0,30,12
prewhitened_ar,historical_ex_games_12m_pct,kr_epi_tech_gbp_12m_pct,full,0,-0.06709959965519366,-0.18338184610489724,0.17391304347826086,1.0,58,12
prewhitened_ar,historical_ex_games_12m_pct,kr_epi_tech_gbp_12m_pct,full,1,0.1897191647957066,-0.02962232811497576,0.8695652173913043,1.0,57,12
prewhitened_ar,historical_ex_games_12m_pct,kr_epi_tech_gbp_12m_pct,full,2,-0.05184989486507197,-0.12409801267204008,0.5652173913043478,1.0,56,12
prewhitened_ar,historical_ex_games_12m_pct,kr_epi_tech_gbp_12m_pct,full,3,0.011100440958329993,0.029121048976079675,0.9130434782608695,1.0,55,12
prewhitened_ar,historical_ex_games_12m_pct,kr_epi_tech_gbp_12m_pct,full,4,-0.16677266442868344,-0.22861482820150505,0.2608695652173913,1.0,54,12
prewhitened_ar,historical_ex_games_12m_pct,kr_epi_tech_gbp_12m_pct,full,5,0.21700226841706985,0.2091072268773223,0.21739130434782608,1.0,53,12
prewhitened_ar,historical_ex_games_12m_pct,kr_epi_tech_gbp_12m_pct,full,6,-0.18435499792293408,-0.33039839607843025,0.043478260869565216,0.43478260869565216,52,12
prewhitened_ar,historical_ex_games_12m_pct,kr_epi_tech_gbp_12m_pct,full,7,-0.0007749862173674412,-0.014852019388449466,1.0,1.0,51,12
prewhitened_ar,historical_ex_games_12m_pct,kr_epi_tech_gbp_12m_pct,full,8,0.06688587116882601,0.022240659018819015,1.0,1.0,50,12
prewhitened_ar,historical_ex_games_12m_pct,kr_epi_tech_gbp_12m_pct,full,9,-0.04487507185582911,-0.02229445207528873,0.782608695652174,1.0,49,12
prewhitened_ar,historical_ex_games_12m_pct,kr_epi_tech_gbp_12m_pct,full,10,-0.15195624865134855,-0.13594921488033818,0.43478260869565216,1.0,48,12
prewhitened_ar,historical_ex_games_12m_pct,kr_epi_tech_gbp_12m_pct,full,11,0.2200070231729234,0.2467022967774708,0.13043478260869565,0.9565217391304348,47,12
prewhitened_ar,historical_ex_games_12m_pct,kr_epi_tech_gbp_12m_pct,full,12,0.01759197837175569,0.01759197837175569,0.9565217391304348,1.0,46,12
prewhitened_ar,historical_ex_games_12m_pct,kr_epi_tech_gbp_12m_pct,pandemic_2020_2022,0,-0.20394810709644617,-0.06814712469808482,1.0,1.0,33,12
prewhitened_ar,historical_ex_games_12m_pct,kr_epi_tech_gbp_12m_pct,pandemic_2020_2022,1,0.11819152156626447,-0.266832549776048,0.5,1.0,32,12
prewhitened_ar,historical_ex_games_12m_pct,kr_epi_tech_gbp_12m_pct,pandemic_2020_2022,2,-0.014275226353997812,0.043697079537483814,1.0,1.0,31,12
prewhitened_ar,historical_ex_games_12m_pct,kr_epi_tech_gbp_12m_pct,pandemic_2020_2022,3,-0.18871519647855142,-0.3008010348543463,0.5,1.0,30,12
prewhitened_ar,historical_ex_games_12m_pct,kr_epi_tech_gbp_12m_pct,pandemic_2020_2022,4,-0.03995404299727987,-0.022351749250325265,1.0,1.0,29,12
prewhitened_ar,historical_ex_games_12m_pct,kr_epi_tech_gbp_12m_pct,pandemic_2020_2022,5,0.13518824393461154,-0.050687795439386424,1.0,1.0,28,12
prewhitened_ar,historical_ex_games_12m_pct,kr_epi_tech_gbp_12m_pct,pandemic_2020_2022,6,-0.34881575211799426,-0.30700889098451084,1.0,1.0,27,12
prewhitened_ar,historical_ex_games_12m_pct,kr_epi_tech_gbp_12m_pct,pandemic_2020_2022,7,-0.05035269726184158,-0.10067001469873742,1.0,1.0,26,12
prewhitened_ar,historical_ex_games_12m_pct,kr_epi_tech_gbp_12m_pct,pandemic_2020_2022,8,-0.15796923825825507,-0.30490998915798545,0.5,1.0,25,12
prewhitened_ar,historical_ex_games_12m_pct,kr_epi_tech_gbp_12m_pct,pandemic_2020_2022,9,-0.14528964298719968,0.10339567419122873,1.0,1.0,24,12
prewhitened_ar,historical_ex_games_12m_pct,kr_epi_tech_gbp_12m_pct,pandemic_2020_2022,10,-0.34714778521881323,-0.3823613121991499,0.5,1.0,23,12
prewhitened_ar,historical_ex_games_12m_pct,kr_epi_tech_gbp_12m_pct,pandemic_2020_2022,11,0.232129526556503,0.24966836732635422,1.0,1.0,22,12
prewhitened_ar,historical_ex_games_12m_pct,kr_epi_tech_gbp_12m_pct,pandemic_2020_2022,12,0.24218580752489222,0.24218580752489222,1.0,1.0,21,12
prewhitened_ar,historical_ex_games_12m_pct,kr_epi_tech_gbp_12m_pct,post_2022,0,-0.010525234488580127,-0.23038925691858733,1.0,1.0,25,12
prewhitened_ar,historical_ex_games_12m_pct,kr_epi_tech_gbp_12m_pct,post_2022,1,0.23513995009129954,-0.21666827655542675,1.0,1.0,24,12
prewhitened_ar,historical_ex_games_12m_pct,kr_epi_tech_gbp_12m_pct,post_2022,2,-0.048599663715850665,-0.206212795819534,1.0,1.0,23,12
prewhitened_ar,historical_ex_games_12m_pct,kr_epi_tech_gbp_12m_pct,post_2022,3,0.2156711482053906,0.5685474527050166,0.5,0.5,22,12
prewhitened_ar,historical_ex_games_12m_pct,kr_epi_tech_gbp_12m_pct,post_2022,4,-0.13389806482317956,-0.22099579822863044,1.0,1.0,21,12
prewhitened_ar,historical_ex_games_12m_pct,kr_epi_tech_gbp_12m_pct,post_2022,5,0.44970992783717406,0.5955691502255587,0.5,0.5,20,12
prewhitened_ar,historical_ex_games_12m_pct,kr_epi_tech_gbp_12m_pct,post_2022,6,-0.08606734639435085,-0.37780316821676463,1.0,1.0,19,12
prewhitened_ar,historical_ex_games_12m_pct,kr_epi_tech_gbp_12m_pct,post_2022,7,-0.07708090128671755,-0.06869575820037967,1.0,1.0,18,12
prewhitened_ar,historical_ex_games_12m_pct,kr_epi_tech_gbp_12m_pct,post_2022,8,0.265112936362681,0.282499678639024,0.5,1.0,17,12
prewhitened_ar,historical_ex_games_12m_pct,kr_epi_tech_gbp_12m_pct,post_2022,9,-0.3113562356899299,-0.2301207384824669,1.0,1.0,16,12
prewhitened_ar,historical_ex_games_12m_pct,kr_epi_tech_gbp_12m_pct,post_2022,10,-0.00016450501960957434,0.08294427150137142,1.0,1.0,15,12
prewhitened_ar,historical_ex_games_12m_pct,kr_epi_tech_gbp_12m_pct,post_2022,11,0.20519345682039705,0.30307744456210967,0.5,1.0,14,12
prewhitened_ar,historical_ex_games_12m_pct,kr_epi_tech_gbp_12m_pct,post_2022,12,-0.12201441169430277,-0.12201441169430277,1.0,1.0,13,12
prewhitened_ar,historical_ex_games_12m_pct,cn_ppi_tech_gbp_12m_pct,full,0,-0.12991478505852525,-0.2589425406396616,0.09090909090909091,1.0,46,12
prewhitened_ar,historical_ex_games_12m_pct,cn_ppi_tech_gbp_12m_pct,full,1,0.3557865287615159,0.26489133638432355,0.18181818181818182,1.0,45,12
prewhitened_ar,historical_ex_games_12m_pct,cn_ppi_tech_gbp_12m_pct,full,2,-0.04764962160920045,-0.0088933859890353,1.0,1.0,44,12
prewhitened_ar,historical_ex_games_12m_pct,cn_ppi_tech_gbp_12m_pct,full,3,0.12112275730707082,0.16678663413381292,0.36363636363636365,1.0,43,12
prewhitened_ar,historical_ex_games_12m_pct,cn_ppi_tech_gbp_12m_pct,full,4,-0.1949818347510941,-0.24714691732369204,0.2727272727272727,1.0,42,12
prewhitened_ar,historical_ex_games_12m_pct,cn_ppi_tech_gbp_12m_pct,full,5,0.0931447353239279,0.12072836018845826,0.6363636363636364,1.0,41,12
prewhitened_ar,historical_ex_games_12m_pct,cn_ppi_tech_gbp_12m_pct,full,6,-0.15784293860355916,-0.23700611667797045,0.2727272727272727,1.0,40,12
prewhitened_ar,historical_ex_games_12m_pct,cn_ppi_tech_gbp_12m_pct,full,7,0.0774759534140322,0.10037490875199889,0.6363636363636364,1.0,39,12
prewhitened_ar,historical_ex_games_12m_pct,cn_ppi_tech_gbp_12m_pct,full,8,0.15362865037289525,0.27593527069315854,0.18181818181818182,1.0,38,12
prewhitened_ar,historical_ex_games_12m_pct,cn_ppi_tech_gbp_12m_pct,full,9,0.13022631325877151,0.18708649264023344,0.36363636363636365,1.0,37,12
prewhitened_ar,historical_ex_games_12m_pct,cn_ppi_tech_gbp_12m_pct,full,10,0.3020321579675299,0.2310629303965509,0.18181818181818182,1.0,36,12
prewhitened_ar,historical_ex_games_12m_pct,cn_ppi_tech_gbp_12m_pct,full,11,0.01651777877624341,0.04829703661695786,0.8181818181818182,1.0,35,12
prewhitened_ar,historical_ex_games_12m_pct,cn_ppi_tech_gbp_12m_pct,full,12,0.17214262285409623,0.17214262285409623,0.36363636363636365,1.0,34,12
prewhitened_ar,historical_ex_games_12m_pct,cn_ppi_tech_gbp_12m_pct,post_2022,0,-0.0885062183518239,-0.23285249333179406,0.5,1.0,36,12
prewhitened_ar,historical_ex_games_12m_pct,cn_ppi_tech_gbp_12m_pct,post_2022,1,0.37213796628650314,0.2628988345384851,0.5,1.0,35,12
prewhitened_ar,historical_ex_games_12m_pct,cn_ppi_tech_gbp_12m_pct,post_2022,2,-0.05037124188983209,0.00831980615282575,1.0,1.0,34,12
prewhitened_ar,historical_ex_games_12m_pct,cn_ppi_tech_gbp_12m_pct,post_2022,3,0.16289429375352152,0.23984663212712407,1.0,1.0,33,12
prewhitened_ar,historical_ex_games_12m_pct,cn_ppi_tech_gbp_12m_pct,post_2022,4,-0.17740602741753322,-0.22513576395255966,1.0,1.0,32,12
prewhitened_ar,historical_ex_games_12m_pct,cn_ppi_tech_gbp_12m_pct,post_2022,5,0.13367814190248647,0.18639793560587947,1.0,1.0,31,12
prewhitened_ar,historical_ex_games_12m_pct,cn_ppi_tech_gbp_12m_pct,post_2022,6,-0.19289668353184566,-0.299915500438976,0.5,1.0,30,12
prewhitened_ar,historical_ex_games_12m_pct,cn_ppi_tech_gbp_12m_pct,post_2022,7,0.04458248641202847,0.07884195647406528,1.0,1.0,29,12
prewhitened_ar,historical_ex_games_12m_pct,cn_ppi_tech_gbp_12m_pct,post_2022,8,-0.017635871553156657,0.12429119822285885,0.5,1.0,28,12
prewhitened_ar,historical_ex_games_12m_pct,cn_ppi_tech_gbp_12m_pct,post_2022,9,-0.01781068648733487,0.0315262247858902,1.0,1.0,27,12
prewhitened_ar,historical_ex_games_12m_pct,cn_ppi_tech_gbp_12m_pct,post_2022,10,0.36768932259617026,0.27246986018412045,1.0,1.0,26,12
prewhitened_ar,historical_ex_games_12m_pct,cn_ppi_tech_gbp_12m_pct,post_2022,11,-0.15331934321644966,-0.11551032962016063,1.0,1.0,25,12
prewhitened_ar,historical_ex_games_12m_pct,cn_ppi_tech_gbp_12m_pct,post_2022,12,0.23098538998109222,0.23098538998109222,0.5,1.0,24,12
prewhitened_ar,historical_ex_games_12m_pct,tw_epi_integrated_circuits_gbp_12m_pct,full,0,0.029145125904756892,0.018925590698002464,0.7279151943462897,1.0,318,12
prewhitened_ar,historical_ex_games_12m_pct,tw_epi_integrated_circuits_gbp_12m_pct,full,1,0.05358875711045579,0.038610186864603276,0.5265017667844523,1.0,317,12
prewhitened_ar,historical_ex_games_12m_pct,tw_epi_integrated_circuits_gbp_12m_pct,full,2,0.038431254539768256,0.033484804037848995,0.5795053003533569,1.0,316,12
prewhitened_ar,historical_ex_games_12m_pct,tw_epi_integrated_circuits_gbp_12m_pct,full,3,0.06346650620518143,0.06035695805636005,0.36395759717314485,1.0,315,12
prewhitened_ar,historical_ex_games_12m_pct,tw_epi_integrated_circuits_gbp_12m_pct,full,4,0.004666198858804742,0.0015988874218461758,0.9787985865724381,1.0,314,12
prewhitened_ar,historical_ex_games_12m_pct,tw_epi_integrated_circuits_gbp_12m_pct,full,5,0.021015331809305315,0.020354320123128034,0.696113074204947,1.0,313,12
prewhitened_ar,historical_ex_games_12m_pct,tw_epi_integrated_circuits_gbp_12m_pct,full,6,0.06895397683346512,0.07285291394658577,0.2756183745583039,0.9929328621908127,312,12
prewhitened_ar,historical_ex_games_12m_pct,tw_epi_integrated_circuits_gbp_12m_pct,full,7,0.07126135374531394,0.07060564611228233,0.2862190812720848,0.9964664310954063,311,12
prewhitened_ar,historical_ex_games_12m_pct,tw_epi_integrated_circuits_gbp_12m_pct,full,8,-0.004670001154237953,-0.0036613704719773363,0.9540636042402827,1.0,310,12
prewhitened_ar,historical_ex_games_12m_pct,tw_epi_integrated_circuits_gbp_12m_pct,full,9,0.05755620408837726,0.05794908844958609,0.36042402826855124,1.0,309,12
prewhitened_ar,historical_ex_games_12m_pct,tw_epi_integrated_circuits_gbp_12m_pct,full,10,0.031525127921307,0.03260897192913319,0.5971731448763251,1.0,308,12
prewhitened_ar,historical_ex_games_12m_pct,tw_epi_integrated_circuits_gbp_12m_pct,full,11,0.08801103809547779,0.08813381632301712,0.19434628975265017,0.9151943462897526,307,12
prewhitened_ar,historical_ex_games_12m_pct,tw_epi_integrated_circuits_gbp_12m_pct,full,12,0.08211973794623144,0.08211973794623144,0.21908127208480566,0.9717314487632509,306,12
prewhitened_ar,historical_ex_games_12m_pct,tw_epi_integrated_circuits_gbp_12m_pct,pre_2020,0,0.030977830266946102,0.02916924014008556,0.6780487804878049,1.0,240,12
prewhitened_ar,historical_ex_games_12m_pct,tw_epi_integrated_circuits_gbp_12m_pct,pre_2020,1,0.0073499019786250445,0.003349922546729282,0.9804878048780488,1.0,239,12
prewhitened_ar,historical_ex_games_12m_pct,tw_epi_integrated_circuits_gbp_12m_pct,pre_2020,2,0.028194651943137746,0.023717703464235892,0.7414634146341463,1.0,238,12
prewhitened_ar,historical_ex_games_12m_pct,tw_epi_integrated_circuits_gbp_12m_pct,pre_2020,3,0.07044914557282703,0.07256794124027834,0.3170731707317073,0.9951219512195122,237,12
prewhitened_ar,historical_ex_games_12m_pct,tw_epi_integrated_circuits_gbp_12m_pct,pre_2020,4,0.035270569016360484,0.0395314207219834,0.5853658536585366,1.0,236,12
prewhitened_ar,historical_ex_games_12m_pct,tw_epi_integrated_circuits_gbp_12m_pct,pre_2020,5,0.00011313172227272989,0.0071683117818833,0.9219512195121952,1.0,235,12
prewhitened_ar,historical_ex_games_12m_pct,tw_epi_integrated_circuits_gbp_12m_pct,pre_2020,6,0.1040823335615996,0.10194437760589818,0.1951219512195122,0.8731707317073171,234,12
prewhitened_ar,historical_ex_games_12m_pct,tw_epi_integrated_circuits_gbp_12m_pct,pre_2020,7,0.07112977902096464,0.07053665723708805,0.33658536585365856,1.0,233,12
prewhitened_ar,historical_ex_games_12m_pct,tw_epi_integrated_circuits_gbp_12m_pct,pre_2020,8,-0.004926281471140403,-0.002501974516069317,0.9853658536585366,1.0,232,12
prewhitened_ar,historical_ex_games_12m_pct,tw_epi_integrated_circuits_gbp_12m_pct,pre_2020,9,0.03148081985649331,0.02909785556732084,0.7073170731707317,1.0,231,12
prewhitened_ar,historical_ex_games_12m_pct,tw_epi_integrated_circuits_gbp_12m_pct,pre_2020,10,0.02513178883949187,0.023238625718350236,0.7560975609756098,1.0,230,12
prewhitened_ar,historical_ex_games_12m_pct,tw_epi_integrated_circuits_gbp_12m_pct,pre_2020,11,0.047425929227224856,0.045196562903371276,0.526829268292683,1.0,229,12
prewhitened_ar,historical_ex_games_12m_pct,tw_epi_integrated_circuits_gbp_12m_pct,pre_2020,12,0.0855758525096371,0.0855758525096371,0.24878048780487805,0.9121951219512195,228,12
prewhitened_ar,historical_ex_games_12m_pct,tw_epi_integrated_circuits_gbp_12m_pct,pandemic_2020_2022,0,-0.0060842630029779516,0.15666309413249374,0.5,1.0,36,12
prewhitened_ar,historical_ex_games_12m_pct,tw_epi_integrated_circuits_gbp_12m_pct,pandemic_2020_2022,1,-0.05931384653822191,-0.25670078305061184,0.5,1.0,35,12
prewhitened_ar,historical_ex_games_12m_pct,tw_epi_integrated_circuits_gbp_12m_pct,pandemic_2020_2022,2,0.03748417534140548,0.05662379982347696,0.5,1.0,34,12
prewhitened_ar,historical_ex_games_12m_pct,tw_epi_integrated_circuits_gbp_12m_pct,pandemic_2020_2022,3,-0.16125020150404615,-0.12713669739631267,0.5,1.0,33,12
prewhitened_ar,historical_ex_games_12m_pct,tw_epi_integrated_circuits_gbp_12m_pct,pandemic_2020_2022,4,0.010598056201742284,0.04782920432192209,1.0,1.0,32,12
prewhitened_ar,historical_ex_games_12m_pct,tw_epi_integrated_circuits_gbp_12m_pct,pandemic_2020_2022,5,0.171393194584903,0.03670145695085892,1.0,1.0,31,12
prewhitened_ar,historical_ex_games_12m_pct,tw_epi_integrated_circuits_gbp_12m_pct,pandemic_2020_2022,6,0.09184366207771892,0.08743021997094394,0.5,1.0,30,12
prewhitened_ar,historical_ex_games_12m_pct,tw_epi_integrated_circuits_gbp_12m_pct,pandemic_2020_2022,7,-0.0967637977272364,-0.09053336297823174,1.0,1.0,29,12
prewhitened_ar,historical_ex_games_12m_pct,tw_epi_integrated_circuits_gbp_12m_pct,pandemic_2020_2022,8,0.06521709564061806,0.042198043540773895,0.5,1.0,28,12
prewhitened_ar,historical_ex_games_12m_pct,tw_epi_integrated_circuits_gbp_12m_pct,pandemic_2020_2022,9,0.16181966953543953,0.21917254109659923,0.5,1.0,27,12
prewhitened_ar,historical_ex_games_12m_pct,tw_epi_integrated_circuits_gbp_12m_pct,pandemic_2020_2022,10,-0.028875853717530327,-0.027982004593039705,1.0,1.0,26,12
prewhitened_ar,historical_ex_games_12m_pct,tw_epi_integrated_circuits_gbp_12m_pct,pandemic_2020_2022,11,0.6500967923167301,0.6491628486054547,0.5,0.5,25,12
prewhitened_ar,historical_ex_games_12m_pct,tw_epi_integrated_circuits_gbp_12m_pct,pandemic_2020_2022,12,0.17455514497036892,0.17455514497036892,0.5,1.0,24,12
prewhitened_ar,historical_ex_games_12m_pct,tw_epi_integrated_circuits_gbp_12m_pct,post_2022,0,-0.04990464929084864,-0.20116858815806962,0.2857142857142857,1.0,42,12
prewhitened_ar,historical_ex_games_12m_pct,tw_epi_integrated_circuits_gbp_12m_pct,post_2022,1,0.41780550293781654,0.3959392194264063,0.2857142857142857,1.0,41,12
prewhitened_ar,historical_ex_games_12m_pct,tw_epi_integrated_circuits_gbp_12m_pct,post_2022,2,0.14422762597966868,0.12499622365449686,0.5714285714285714,1.0,40,12
prewhitened_ar,historical_ex_games_12m_pct,tw_epi_integrated_circuits_gbp_12m_pct,post_2022,3,0.2705925197729339,0.3046410286605549,0.2857142857142857,1.0,39,12
prewhitened_ar,historical_ex_games_12m_pct,tw_epi_integrated_circuits_gbp_12m_pct,post_2022,4,-0.18080330065099084,-0.2665970549051454,0.42857142857142855,1.0,38,12
prewhitened_ar,historical_ex_games_12m_pct,tw_epi_integrated_circuits_gbp_12m_pct,post_2022,5,0.09486135201479175,0.09142146321999849,0.8571428571428571,1.0,37,12
prewhitened_ar,historical_ex_games_12m_pct,tw_epi_integrated_circuits_gbp_12m_pct,post_2022,6,-0.28643887908158866,-0.29664735921366553,0.42857142857142855,1.0,36,12
prewhitened_ar,historical_ex_games_12m_pct,tw_epi_integrated_circuits_gbp_12m_pct,post_2022,7,-0.01566405138548307,-0.03506118509432788,1.0,1.0,35,12
prewhitened_ar,historical_ex_games_12m_pct,tw_epi_integrated_circuits_gbp_12m_pct,post_2022,8,-0.20920649069628175,-0.20150543430052748,0.42857142857142855,1.0,34,12
prewhitened_ar,historical_ex_games_12m_pct,tw_epi_integrated_circuits_gbp_12m_pct,post_2022,9,0.14128778431679503,0.15033582417487149,0.42857142857142855,1.0,33,12
prewhitened_ar,historical_ex_games_12m_pct,tw_epi_integrated_circuits_gbp_12m_pct,post_2022,10,0.16920350172227436,0.18776130946084882,0.2857142857142857,1.0,32,12
prewhitened_ar,historical_ex_games_12m_pct,tw_epi_integrated_circuits_gbp_12m_pct,post_2022,11,0.16149540253814804,0.1630856083594949,0.42857142857142855,1.0,31,12
prewhitened_ar,historical_ex_games_12m_pct,tw_epi_integrated_circuits_gbp_12m_pct,post_2022,12,0.011179570054413576,0.011179570054413576,1.0,1.0,30,12
prewhitened_ar,historical_ex_games_12m_pct,hk_ppi_tech_gbp_12m_pct,full,0,-4.039693087554161e-05,-0.01931053107318467,0.7680412371134021,1.0,229,12
prewhitened_ar,historical_ex_games_12m_pct,hk_ppi_tech_gbp_12m_pct,full,1,-0.07266963425749531,-0.032069058177226016,0.6907216494845361,1.0,228,12
prewhitened_ar,historical_ex_games_12m_pct,hk_ppi_tech_gbp_12m_pct,full,2,0.03530759652220564,0.045332974242300914,0.5670103092783505,1.0,227,12
prewhitened_ar,historical_ex_games_12m_pct,hk_ppi_tech_gbp_12m_pct,full,3,0.11194800466041678,0.12052381491382343,0.12886597938144329,0.7989690721649485,226,12
prewhitened_ar,historical_ex_games_12m_pct,hk_ppi_tech_gbp_12m_pct,full,4,0.09515693650069525,0.04590293873937933,0.5618556701030928,1.0,225,12
prewhitened_ar,historical_ex_games_12m_pct,hk_ppi_tech_gbp_12m_pct,full,5,0.1227304664550472,0.13712937568822195,0.08247422680412371,0.7010309278350515,224,12
prewhitened_ar,historical_ex_games_12m_pct,hk_ppi_tech_gbp_12m_pct,full,6,-0.06825827738653556,-0.10015732396152345,0.2268041237113402,0.9432989690721649,223,12
prewhitened_ar,historical_ex_games_12m_pct,hk_ppi_tech_gbp_12m_pct,full,7,-0.06365826283880835,-0.04379337072777259,0.5515463917525774,1.0,222,12
prewhitened_ar,historical_ex_games_12m_pct,hk_ppi_tech_gbp_12m_pct,full,8,0.058549237693448095,0.06403003908393062,0.4175257731958763,1.0,221,12
prewhitened_ar,historical_ex_games_12m_pct,hk_ppi_tech_gbp_12m_pct,full,9,-0.056603983981372105,-0.04252238795039629,0.5515463917525774,1.0,220,12
prewhitened_ar,historical_ex_games_12m_pct,hk_ppi_tech_gbp_12m_pct,full,10,0.00046416944110428006,0.0009759683762938506,0.9845360824742269,1.0,219,12
prewhitened_ar,historical_ex_games_12m_pct,hk_ppi_tech_gbp_12m_pct,full,11,0.03476598100003518,0.03538054574388609,0.6237113402061856,1.0,218,12
prewhitened_ar,historical_ex_games_12m_pct,hk_ppi_tech_gbp_12m_pct,full,12,-0.05291204461088185,-0.05291204461088185,0.4742268041237113,1.0,217,12
prewhitened_ar,historical_ex_games_12m_pct,hk_ppi_tech_gbp_12m_pct,pre_2020,0,0.04156120017335719,0.04848497785375615,0.603448275862069,1.0,151,12
prewhitened_ar,historical_ex_games_12m_pct,hk_ppi_tech_gbp_12m_pct,pre_2020,1,0.01148268410797907,0.01236980581475762,0.8879310344827587,1.0,150,12
prewhitened_ar,historical_ex_games_12m_pct,hk_ppi_tech_gbp_12m_pct,pre_2020,2,0.10755663473643688,0.10822017485004644,0.21551724137931033,0.8879310344827587,149,12
prewhitened_ar,historical_ex_games_12m_pct,hk_ppi_tech_gbp_12m_pct,pre_2020,3,0.1420440271543075,0.13956015077950085,0.13793103448275862,0.7586206896551724,148,12
prewhitened_ar,historical_ex_games_12m_pct,hk_ppi_tech_gbp_12m_pct,pre_2020,4,-0.017482319434759773,-0.023951395883314366,0.8017241379310345,1.0,147,12
prewhitened_ar,historical_ex_games_12m_pct,hk_ppi_tech_gbp_12m_pct,pre_2020,5,0.1339884461758251,0.14026407058416676,0.12931034482758622,0.7586206896551724,146,12
prewhitened_ar,historical_ex_games_12m_pct,hk_ppi_tech_gbp_12m_pct,pre_2020,6,-0.12649427439096853,-0.12869940126890386,0.13793103448275862,0.8017241379310345,145,12
prewhitened_ar,historical_ex_games_12m_pct,hk_ppi_tech_gbp_12m_pct,pre_2020,7,-0.08906035458793432,-0.09960997165537241,0.25,0.9655172413793104,144,12
prewhitened_ar,historical_ex_games_12m_pct,hk_ppi_tech_gbp_12m_pct,pre_2020,8,0.08220006598144822,0.08610940501563186,0.3620689655172414,1.0,143,12
prewhitened_ar,historical_ex_games_12m_pct,hk_ppi_tech_gbp_12m_pct,pre_2020,9,-0.05655837330084203,-0.05144729535669975,0.5517241379310345,1.0,142,12
prewhitened_ar,historical_ex_games_12m_pct,hk_ppi_tech_gbp_12m_pct,pre_2020,10,0.0941577844068627,0.09300115139945918,0.29310344827586204,0.9913793103448276,141,12
prewhitened_ar,historical_ex_games_12m_pct,hk_ppi_tech_gbp_12m_pct,pre_2020,11,-0.0013267595665939086,-0.0032761748858483723,0.9482758620689655,1.0,140,12
prewhitened_ar,historical_ex_games_12m_pct,hk_ppi_tech_gbp_12m_pct,pre_2020,12,-0.057123171049751516,-0.057123171049751516,0.5,1.0,139,12
prewhitened_ar,historical_ex_games_12m_pct,hk_ppi_tech_gbp_12m_pct,pandemic_2020_2022,0,-0.20174513990589524,-0.20331399775061562,0.5,1.0,36,12
prewhitened_ar,historical_ex_games_12m_pct,hk_ppi_tech_gbp_12m_pct,pandemic_2020_2022,1,0.2601759262877392,0.33255810770377453,0.5,0.5,35,12
prewhitened_ar,historical_ex_games_12m_pct,hk_ppi_tech_gbp_12m_pct,pandemic_2020_2022,2,0.004402690037836561,0.11620551523001167,0.5,1.0,34,12
prewhitened_ar,historical_ex_games_12m_pct,hk_ppi_tech_gbp_12m_pct,pandemic_2020_2022,3,0.13057444565596582,0.17687829471370606,1.0,1.0,33,12
prewhitened_ar,historical_ex_games_12m_pct,hk_ppi_tech_gbp_12m_pct,pandemic_2020_2022,4,-0.1199520524577216,-0.23267908830315134,1.0,1.0,32,12
prewhitened_ar,historical_ex_games_12m_pct,hk_ppi_tech_gbp_12m_pct,pandemic_2020_2022,5,-0.04785620770404306,-0.05987675019460928,1.0,1.0,31,12
prewhitened_ar,historical_ex_games_12m_pct,hk_ppi_tech_gbp_12m_pct,pandemic_2020_2022,6,0.025540267361949136,0.08936740743859438,1.0,1.0,30,12
prewhitened_ar,historical_ex_games_12m_pct,hk_ppi_tech_gbp_12m_pct,pandemic_2020_2022,7,0.35079865119747566,0.24278732308459372,0.5,1.0,29,12
prewhitened_ar,historical_ex_games_12m_pct,hk_ppi_tech_gbp_12m_pct,pandemic_2020_2022,8,0.26441001103697237,0.3357050247820624,0.5,0.5,28,12
prewhitened_ar,historical_ex_games_12m_pct,hk_ppi_tech_gbp_12m_pct,pandemic_2020_2022,9,-0.38620867750413085,-0.4435977661555967,0.5,0.5,27,12
prewhitened_ar,historical_ex_games_12m_pct,hk_ppi_tech_gbp_12m_pct,pandemic_2020_2022,10,-0.11319652460672855,-0.11492175090981854,0.5,1.0,26,12
prewhitened_ar,historical_ex_games_12m_pct,hk_ppi_tech_gbp_12m_pct,pandemic_2020_2022,11,-0.049548594713203525,-0.05043720122771359,1.0,1.0,25,12
prewhitened_ar,historical_ex_games_12m_pct,hk_ppi_tech_gbp_12m_pct,pandemic_2020_2022,12,0.12620511056650158,0.12620511056650158,0.5,1.0,24,12
prewhitened_ar,historical_ex_games_12m_pct,hk_ppi_tech_gbp_12m_pct,post_2022,0,-0.008525766196252319,-0.12851108767038671,0.7142857142857143,1.0,42,12
prewhitened_ar,historical_ex_games_12m_pct,hk_ppi_tech_gbp_12m_pct,post_2022,1,-0.44034191064282224,-0.3988012285702794,0.2857142857142857,0.42857142857142855,41,12
prewhitened_ar,historical_ex_games_12m_pct,hk_ppi_tech_gbp_12m_pct,post_2022,2,-0.16769533687881702,-0.22922832368235455,0.42857142857142855,1.0,40,12
prewhitened_ar,historical_ex_games_12m_pct,hk_ppi_tech_gbp_12m_pct,post_2022,3,0.003913784217486773,-0.01643329180381538,1.0,1.0,39,12
prewhitened_ar,historical_ex_games_12m_pct,hk_ppi_tech_gbp_12m_pct,post_2022,4,0.4737103628674674,0.3582288379701266,0.42857142857142855,1.0,38,12
prewhitened_ar,historical_ex_games_12m_pct,hk_ppi_tech_gbp_12m_pct,post_2022,5,0.18487800667567175,0.3099683225421473,0.42857142857142855,1.0,37,12
prewhitened_ar,historical_ex_games_12m_pct,hk_ppi_tech_gbp_12m_pct,post_2022,6,0.016039621292061913,-0.15867128167208616,0.5714285714285714,1.0,36,12
prewhitened_ar,historical_ex_games_12m_pct,hk_ppi_tech_gbp_12m_pct,post_2022,7,-0.04957151197424962,0.06795194430984498,0.8571428571428571,1.0,35,12
prewhitened_ar,historical_ex_games_12m_pct,hk_ppi_tech_gbp_12m_pct,post_2022,8,-0.0853683799668191,-0.08711889061579581,0.8571428571428571,1.0,34,12
prewhitened_ar,historical_ex_games_12m_pct,hk_ppi_tech_gbp_12m_pct,post_2022,9,0.057609499799403475,0.1525826137935604,0.7142857142857143,1.0,33,12
prewhitened_ar,historical_ex_games_12m_pct,hk_ppi_tech_gbp_12m_pct,post_2022,10,-0.274375397112283,-0.2821161304774352,0.2857142857142857,1.0,32,12
prewhitened_ar,historical_ex_games_12m_pct,hk_ppi_tech_gbp_12m_pct,post_2022,11,0.2080273867339896,0.20928189631438593,0.7142857142857143,1.0,31,12
prewhitened_ar,historical_ex_games_12m_pct,hk_ppi_tech_gbp_12m_pct,post_2022,12,-0.22870915734514694,-0.22870915734514694,0.5714285714285714,1.0,30,12
prewhitened_ar,historical_ex_games_12m_pct,oecd_asia_c26_targeted_gbp_12m_pct,full,0,-0.054137277198776625,-0.033859269217806645,1.0,1.0,35,12
prewhitened_ar,historical_ex_games_12m_pct,oecd_asia_c26_targeted_gbp_12m_pct,full,1,0.12652915299890652,0.14766299417825077,0.5,1.0,34,12
prewhitened_ar,historical_ex_games_12m_pct,oecd_asia_c26_targeted_gbp_12m_pct,full,2,-0.048951489811286136,0.07055973134017088,1.0,1.0,33,12
prewhitened_ar,historical_ex_games_12m_pct,oecd_asia_c26_targeted_gbp_12m_pct,full,3,0.1819110175491833,0.20688916758635362,0.5,1.0,32,12
prewhitened_ar,historical_ex_games_12m_pct,oecd_asia_c26_targeted_gbp_12m_pct,full,4,-0.23243590233413755,-0.36884101032195055,0.5,1.0,31,12
prewhitened_ar,historical_ex_games_12m_pct,oecd_asia_c26_targeted_gbp_12m_pct,full,5,0.30151672478977104,0.24179435717942957,0.5,1.0,30,12
prewhitened_ar,historical_ex_games_12m_pct,oecd_asia_c26_targeted_gbp_12m_pct,full,6,-0.39457251804446336,-0.4422665969768887,0.5,0.5,29,12
prewhitened_ar,historical_ex_games_12m_pct,oecd_asia_c26_targeted_gbp_12m_pct,full,7,0.16819713481366966,0.22633679917558955,1.0,1.0,28,12
prewhitened_ar,historical_ex_games_12m_pct,oecd_asia_c26_targeted_gbp_12m_pct,full,8,0.2822821235795366,0.42065680979755116,0.5,1.0,27,12
prewhitened_ar,historical_ex_games_12m_pct,oecd_asia_c26_targeted_gbp_12m_pct,full,9,-0.015918380354291575,0.04564114627788326,0.5,1.0,26,12
prewhitened_ar,historical_ex_games_12m_pct,oecd_asia_c26_targeted_gbp_12m_pct,full,10,0.07757078610390296,0.13299437809156167,0.5,1.0,25,12
prewhitened_ar,historical_ex_games_12m_pct,oecd_asia_c26_targeted_gbp_12m_pct,full,11,-0.02286746707860113,-0.009892306682235022,1.0,1.0,24,12
prewhitened_ar,historical_ex_games_12m_pct,oecd_asia_c26_targeted_gbp_12m_pct,full,12,-0.1660169671345081,-0.1660169671345081,0.5,1.0,23,12
prewhitened_ar,historical_ex_games_12m_pct,oecd_asia_c26_targeted_gbp_12m_pct,post_2022,0,0.009483637457865967,0.0841270765780414,1.0,1.0,25,12
prewhitened_ar,historical_ex_games_12m_pct,oecd_asia_c26_targeted_gbp_12m_pct,post_2022,1,0.04866751227093122,0.0235687197716043,1.0,1.0,24,12
prewhitened_ar,historical_ex_games_12m_pct,oecd_asia_c26_targeted_gbp_12m_pct,post_2022,2,-0.04011113388507823,0.15780969267955225,0.5,1.0,23,12
prewhitened_ar,historical_ex_games_12m_pct,oecd_asia_c26_targeted_gbp_12m_pct,post_2022,3,0.34227273018044824,0.5111207018043201,0.5,1.0,22,12
prewhitened_ar,historical_ex_games_12m_pct,oecd_asia_c26_targeted_gbp_12m_pct,post_2022,4,-0.0869225346952515,-0.16328399520730458,1.0,1.0,21,12
prewhitened_ar,historical_ex_games_12m_pct,oecd_asia_c26_targeted_gbp_12m_pct,post_2022,5,0.46505760762677245,0.4836169536222394,0.5,1.0,20,12
prewhitened_ar,historical_ex_games_12m_pct,oecd_asia_c26_targeted_gbp_12m_pct,post_2022,6,-0.5421587285764947,-0.615124103516142,0.5,0.5,19,12
prewhitened_ar,historical_ex_games_12m_pct,oecd_asia_c26_targeted_gbp_12m_pct,post_2022,7,0.04211523185905866,0.16465278928375335,1.0,1.0,18,12
prewhitened_ar,historical_ex_games_12m_pct,oecd_asia_c26_targeted_gbp_12m_pct,post_2022,8,0.07650381054094534,0.30936873483320393,0.5,1.0,17,12
prewhitened_ar,historical_ex_games_12m_pct,oecd_asia_c26_targeted_gbp_12m_pct,post_2022,9,-0.3795277844503172,-0.33202575689968494,1.0,1.0,16,12
prewhitened_ar,historical_ex_games_12m_pct,oecd_asia_c26_targeted_gbp_12m_pct,post_2022,10,0.1370073544402347,0.2496953956348492,0.5,1.0,15,12
prewhitened_ar,historical_ex_games_12m_pct,oecd_asia_c26_targeted_gbp_12m_pct,post_2022,11,-0.10512808717648772,-0.08078309829435285,1.0,1.0,14,12
prewhitened_ar,historical_ex_games_12m_pct,oecd_asia_c26_targeted_gbp_12m_pct,post_2022,12,-0.08644771882599765,-0.08644771882599765,0.5,1.0,13,12
prewhitened_ar,historical_ex_games_12m_pct,oecd_asia_c26_bls_gbp_12m_pct,full,0,0.09103303537472156,0.10895801567731463,0.31683168316831684,0.9801980198019802,136,12
prewhitened_ar,historical_ex_games_12m_pct,oecd_asia_c26_bls_gbp_12m_pct,full,1,0.07244913528962225,0.014826313058096665,0.8910891089108911,1.0,135,12
prewhitened_ar,historical_ex_games_12m_pct,oecd_asia_c26_bls_gbp_12m_pct,full,2,0.09232697246342067,0.09006620091216873,0.4158415841584158,1.0,134,12
prewhitened_ar,historical_ex_games_12m_pct,oecd_asia_c26_bls_gbp_12m_pct,full,3,0.03428024554691913,0.008514600154907207,0.9603960396039604,1.0,133,12
prewhitened_ar,historical_ex_games_12m_pct,oecd_asia_c26_bls_gbp_12m_pct,full,4,-0.0008812039608701879,0.024727259385333912,0.8514851485148515,1.0,132,12
prewhitened_ar,historical_ex_games_12m_pct,oecd_asia_c26_bls_gbp_12m_pct,full,5,0.0920324037952234,0.08162959383832533,0.45544554455445546,1.0,131,12
prewhitened_ar,historical_ex_games_12m_pct,oecd_asia_c26_bls_gbp_12m_pct,full,6,-0.038009237474017334,-0.044971701706183004,0.6831683168316832,1.0,130,12
prewhitened_ar,historical_ex_games_12m_pct,oecd_asia_c26_bls_gbp_12m_pct,full,7,0.2889988564492462,0.28166390658003043,0.009900990099009901,0.009900990099009901,129,12
prewhitened_ar,historical_ex_games_12m_pct,oecd_asia_c26_bls_gbp_12m_pct,full,8,0.03216983460024823,0.029187141463389726,0.7821782178217822,1.0,128,12
prewhitened_ar,historical_ex_games_12m_pct,oecd_asia_c26_bls_gbp_12m_pct,full,9,0.0648349284528601,0.07838262389943962,0.5148514851485149,1.0,127,12
prewhitened_ar,historical_ex_games_12m_pct,oecd_asia_c26_bls_gbp_12m_pct,full,10,0.07467785113260512,0.0856783601584123,0.44554455445544555,1.0,126,12
prewhitened_ar,historical_ex_games_12m_pct,oecd_asia_c26_bls_gbp_12m_pct,full,11,0.10832909255590924,0.10535037168425208,0.32673267326732675,0.9801980198019802,125,12
prewhitened_ar,historical_ex_games_12m_pct,oecd_asia_c26_bls_gbp_12m_pct,full,12,-0.012828886350791316,-0.012828886350791316,0.900990099009901,1.0,124,12
prewhitened_ar,historical_ex_games_12m_pct,oecd_asia_c26_bls_gbp_12m_pct,pre_2020,0,0.23408555142585344,0.22751987711294006,0.21875,0.96875,67,12
prewhitened_ar,historical_ex_games_12m_pct,oecd_asia_c26_bls_gbp_12m_pct,pre_2020,1,0.002497369802078392,-0.028708914140854733,0.78125,1.0,66,12
prewhitened_ar,historical_ex_games_12m_pct,oecd_asia_c26_bls_gbp_12m_pct,pre_2020,2,0.10166585965849596,0.05819708946467976,0.65625,1.0,65,12
prewhitened_ar,historical_ex_games_12m_pct,oecd_asia_c26_bls_gbp_12m_pct,pre_2020,3,0.06425515818575858,0.05079075210644586,0.6875,1.0,64,12
prewhitened_ar,historical_ex_games_12m_pct,oecd_asia_c26_bls_gbp_12m_pct,pre_2020,4,0.15258121278562656,0.16845315299872957,0.3125,1.0,63,12
prewhitened_ar,historical_ex_games_12m_pct,oecd_asia_c26_bls_gbp_12m_pct,pre_2020,5,0.15643769010891065,0.19370829771070175,0.25,1.0,62,12
prewhitened_ar,historical_ex_games_12m_pct,oecd_asia_c26_bls_gbp_12m_pct,pre_2020,6,0.03403270411113021,-0.022066789434945125,0.78125,1.0,61,12
prewhitened_ar,historical_ex_games_12m_pct,oecd_asia_c26_bls_gbp_12m_pct,pre_2020,7,0.4687726024429271,0.4748082523280017,0.03125,0.03125,60,12
prewhitened_ar,historical_ex_games_12m_pct,oecd_asia_c26_bls_gbp_12m_pct,pre_2020,8,-0.05655745926999343,-0.06417935008995651,0.75,1.0,59,12
prewhitened_ar,historical_ex_games_12m_pct,oecd_asia_c26_bls_gbp_12m_pct,pre_2020,9,-0.11372874126033156,-0.16128031607266305,0.21875,1.0,58,12
prewhitened_ar,historical_ex_games_12m_pct,oecd_asia_c26_bls_gbp_12m_pct,pre_2020,10,0.3416938200417311,0.3334342653007155,0.09375,0.59375,57,12
prewhitened_ar,historical_ex_games_12m_pct,oecd_asia_c26_bls_gbp_12m_pct,pre_2020,11,-0.08756290987037169,-0.10885701615358655,0.65625,1.0,56,12
prewhitened_ar,historical_ex_games_12m_pct,oecd_asia_c26_bls_gbp_12m_pct,pre_2020,12,-0.024988602672378638,-0.024988602672378638,0.875,1.0,55,12
prewhitened_ar,historical_ex_games_12m_pct,oecd_asia_c26_bls_gbp_12m_pct,pandemic_2020_2022,0,0.05747461698819871,0.25772332609769155,0.5,1.0,36,12
prewhitened_ar,historical_ex_games_12m_pct,oecd_asia_c26_bls_gbp_12m_pct,pandemic_2020_2022,1,0.03680696478304634,-0.22695081902750816,0.5,1.0,35,12
prewhitened_ar,historical_ex_games_12m_pct,oecd_asia_c26_bls_gbp_12m_pct,pandemic_2020_2022,2,0.04204191557130853,0.17465683090260795,1.0,1.0,34,12
prewhitened_ar,historical_ex_games_12m_pct,oecd_asia_c26_bls_gbp_12m_pct,pandemic_2020_2022,3,0.044429445945425784,0.04865724515773763,0.5,1.0,33,12
prewhitened_ar,historical_ex_games_12m_pct,oecd_asia_c26_bls_gbp_12m_pct,pandemic_2020_2022,4,0.08737399422987221,0.1345549461352991,1.0,1.0,32,12
prewhitened_ar,historical_ex_games_12m_pct,oecd_asia_c26_bls_gbp_12m_pct,pandemic_2020_2022,5,0.18309546825726833,0.066454586696736,1.0,1.0,31,12
prewhitened_ar,historical_ex_games_12m_pct,oecd_asia_c26_bls_gbp_12m_pct,pandemic_2020_2022,6,-0.05534535922174316,-0.047635044355311684,0.5,1.0,30,12
prewhitened_ar,historical_ex_games_12m_pct,oecd_asia_c26_bls_gbp_12m_pct,pandemic_2020_2022,7,-0.06011346630208254,-0.09315202973137808,0.5,1.0,29,12
prewhitened_ar,historical_ex_games_12m_pct,oecd_asia_c26_bls_gbp_12m_pct,pandemic_2020_2022,8,0.16492429235705164,0.15175527348461562,0.5,1.0,28,12
prewhitened_ar,historical_ex_games_12m_pct,oecd_asia_c26_bls_gbp_12m_pct,pandemic_2020_2022,9,0.2533970359743568,0.3540318638023071,0.5,1.0,27,12
prewhitened_ar,historical_ex_games_12m_pct,oecd_asia_c26_bls_gbp_12m_pct,pandemic_2020_2022,10,-0.002120234742950604,-0.003054639475125243,1.0,1.0,26,12
prewhitened_ar,historical_ex_games_12m_pct,oecd_asia_c26_bls_gbp_12m_pct,pandemic_2020_2022,11,0.579427270511821,0.5784823873630149,0.5,0.5,25,12
prewhitened_ar,historical_ex_games_12m_pct,oecd_asia_c26_bls_gbp_12m_pct,pandemic_2020_2022,12,0.10779645585448232,0.10779645585448232,0.5,1.0,24,12
prewhitened_ar,historical_ex_games_12m_pct,oecd_asia_c26_bls_gbp_12m_pct,post_2022,0,-0.10100786868658629,-0.10797169428818904,1.0,1.0,33,12
prewhitened_ar,historical_ex_games_12m_pct,oecd_asia_c26_bls_gbp_12m_pct,post_2022,1,0.2822239270813874,0.09908626232546819,1.0,1.0,32,12
prewhitened_ar,historical_ex_games_12m_pct,oecd_asia_c26_bls_gbp_12m_pct,post_2022,2,0.19823824663597592,0.22623671435641085,0.5,1.0,31,12
prewhitened_ar,historical_ex_games_12m_pct,oecd_asia_c26_bls_gbp_12m_pct,post_2022,3,0.17037016805604535,0.11173733989575892,0.5,1.0,30,12
prewhitened_ar,historical_ex_games_12m_pct,oecd_asia_c26_bls_gbp_12m_pct,post_2022,4,-0.17873540583084901,-0.09120944188544558,0.5,1.0,29,12
prewhitened_ar,historical_ex_games_12m_pct,oecd_asia_c26_bls_gbp_12m_pct,post_2022,5,-0.043571114283265155,-0.09728170303218014,0.5,1.0,28,12
prewhitened_ar,historical_ex_games_12m_pct,oecd_asia_c26_bls_gbp_12m_pct,post_2022,6,-0.26221066717818825,-0.3271896582044544,1.0,1.0,27,12
prewhitened_ar,historical_ex_games_12m_pct,oecd_asia_c26_bls_gbp_12m_pct,post_2022,7,0.16134850737426965,0.11479412869131952,1.0,1.0,26,12
prewhitened_ar,historical_ex_games_12m_pct,oecd_asia_c26_bls_gbp_12m_pct,post_2022,8,-0.014024457898975827,-0.04034111177711808,1.0,1.0,25,12
prewhitened_ar,historical_ex_games_12m_pct,oecd_asia_c26_bls_gbp_12m_pct,post_2022,9,0.24315890398084128,0.3293905252882127,1.0,1.0,24,12
prewhitened_ar,historical_ex_games_12m_pct,oecd_asia_c26_bls_gbp_12m_pct,post_2022,10,-0.1643247280181446,-0.12107934968150451,1.0,1.0,23,12
prewhitened_ar,historical_ex_games_12m_pct,oecd_asia_c26_bls_gbp_12m_pct,post_2022,11,0.15820067004864863,0.15258242662847246,1.0,1.0,22,12
prewhitened_ar,historical_ex_games_12m_pct,oecd_asia_c26_bls_gbp_12m_pct,post_2022,12,-0.00850476660421296,-0.00850476660421296,1.0,1.0,21,12
prewhitened_ar,historical_ex_games_12m_pct,fred_china_computer_electronics_gbp_12m_pct,full,0,0.08762733096774869,0.10411734919586203,0.39603960396039606,0.9801980198019802,136,12
prewhitened_ar,historical_ex_games_12m_pct,fred_china_computer_electronics_gbp_12m_pct,full,1,0.07249627181446135,0.013695748905714974,0.900990099009901,1.0,135,12
prewhitened_ar,historical_ex_games_12m_pct,fred_china_computer_electronics_gbp_12m_pct,full,2,0.09492304819067882,0.09303348798911065,0.40594059405940597,0.9900990099009901,134,12
prewhitened_ar,historical_ex_games_12m_pct,fred_china_computer_electronics_gbp_12m_pct,full,3,0.03304222755563079,0.008119528699312331,0.9405940594059405,1.0,133,12
prewhitened_ar,historical_ex_games_12m_pct,fred_china_computer_electronics_gbp_12m_pct,full,4,-0.007428884041357521,0.01563654702291944,0.9108910891089109,1.0,132,12
prewhitened_ar,historical_ex_games_12m_pct,fred_china_computer_electronics_gbp_12m_pct,full,5,0.09716762079384704,0.08763873648627198,0.40594059405940597,0.9900990099009901,131,12
prewhitened_ar,historical_ex_games_12m_pct,fred_china_computer_electronics_gbp_12m_pct,full,6,-0.03808956693216757,-0.04592241559178363,0.6633663366336634,1.0,130,12
prewhitened_ar,historical_ex_games_12m_pct,fred_china_computer_electronics_gbp_12m_pct,full,7,0.29343301484489476,0.2847850912106383,0.009900990099009901,0.009900990099009901,129,12
prewhitened_ar,historical_ex_games_12m_pct,fred_china_computer_electronics_gbp_12m_pct,full,8,0.03586690833088224,0.03282542173240196,0.7623762376237624,1.0,128,12
prewhitened_ar,historical_ex_games_12m_pct,fred_china_computer_electronics_gbp_12m_pct,full,9,0.06783347588356878,0.0814346028730221,0.5148514851485149,1.0,127,12
prewhitened_ar,historical_ex_games_12m_pct,fred_china_computer_electronics_gbp_12m_pct,full,10,0.06549686360527641,0.07562769594372912,0.48514851485148514,1.0,126,12
prewhitened_ar,historical_ex_games_12m_pct,fred_china_computer_electronics_gbp_12m_pct,full,11,0.10642881321883081,0.10322930324414183,0.3069306930693069,0.9801980198019802,125,12
prewhitened_ar,historical_ex_games_12m_pct,fred_china_computer_electronics_gbp_12m_pct,full,12,-0.004262509209609897,-0.004262509209609897,0.9702970297029703,1.0,124,12
prewhitened_ar,historical_ex_games_12m_pct,fred_china_computer_electronics_gbp_12m_pct,pre_2020,0,0.2295034084333335,0.22229670165584778,0.21875,1.0,67,12
prewhitened_ar,historical_ex_games_12m_pct,fred_china_computer_electronics_gbp_12m_pct,pre_2020,1,-0.00022837124852969913,-0.031852483760713195,0.71875,1.0,66,12
prewhitened_ar,historical_ex_games_12m_pct,fred_china_computer_electronics_gbp_12m_pct,pre_2020,2,0.10227768042192016,0.05665676001564481,0.6875,1.0,65,12
prewhitened_ar,historical_ex_games_12m_pct,fred_china_computer_electronics_gbp_12m_pct,pre_2020,3,0.06813809220485743,0.05337846103839847,0.6875,1.0,64,12
prewhitened_ar,historical_ex_games_12m_pct,fred_china_computer_electronics_gbp_12m_pct,pre_2020,4,0.14195976591289589,0.1589466670008753,0.375,1.0,63,12
prewhitened_ar,historical_ex_games_12m_pct,fred_china_computer_electronics_gbp_12m_pct,pre_2020,5,0.16614207589982338,0.20211286046436103,0.25,1.0,62,12
prewhitened_ar,historical_ex_games_12m_pct,fred_china_computer_electronics_gbp_12m_pct,pre_2020,6,0.02748391249889535,-0.03173348384545654,0.75,1.0,61,12
prewhitened_ar,historical_ex_games_12m_pct,fred_china_computer_electronics_gbp_12m_pct,pre_2020,7,0.46282584828319256,0.4687346448207499,0.03125,0.03125,60,12
prewhitened_ar,historical_ex_games_12m_pct,fred_china_computer_electronics_gbp_12m_pct,pre_2020,8,-0.05533625553057783,-0.061803648054469335,0.71875,1.0,59,12
prewhitened_ar,historical_ex_games_12m_pct,fred_china_computer_electronics_gbp_12m_pct,pre_2020,9,-0.10247674267318574,-0.1502291807953735,0.34375,1.0,58,12
prewhitened_ar,historical_ex_games_12m_pct,fred_china_computer_electronics_gbp_12m_pct,pre_2020,10,0.3428980991705085,0.33446312763455904,0.09375,0.5625,57,12
prewhitened_ar,historical_ex_games_12m_pct,fred_china_computer_electronics_gbp_12m_pct,pre_2020,11,-0.08613800986644815,-0.10568786022802652,0.625,1.0,56,12
prewhitened_ar,historical_ex_games_12m_pct,fred_china_computer_electronics_gbp_12m_pct,pre_2020,12,-0.01337168013408458,-0.01337168013408458,0.96875,1.0,55,12
prewhitened_ar,historical_ex_games_12m_pct,fred_china_computer_electronics_gbp_12m_pct,pandemic_2020_2022,0,0.058731734551845535,0.2601418380401551,0.5,1.0,36,12
prewhitened_ar,historical_ex_games_12m_pct,fred_china_computer_electronics_gbp_12m_pct,pandemic_2020_2022,1,0.03433328349553203,-0.23481894583756788,0.5,1.0,35,12
prewhitened_ar,historical_ex_games_12m_pct,fred_china_computer_electronics_gbp_12m_pct,pandemic_2020_2022,2,0.06367249492545872,0.2002419049236289,0.5,1.0,34,12
prewhitened_ar,historical_ex_games_12m_pct,fred_china_computer_electronics_gbp_12m_pct,pandemic_2020_2022,3,0.03470153731739297,0.045193718499667,0.5,1.0,33,12
prewhitened_ar,historical_ex_games_12m_pct,fred_china_computer_electronics_gbp_12m_pct,pandemic_2020_2022,4,0.08907838315112794,0.13429184790529677,1.0,1.0,32,12
prewhitened_ar,historical_ex_games_12m_pct,fred_china_computer_electronics_gbp_12m_pct,pandemic_2020_2022,5,0.17141107496432606,0.05122165330741146,1.0,1.0,31,12
prewhitened_ar,historical_ex_games_12m_pct,fred_china_computer_electronics_gbp_12m_pct,pandemic_2020_2022,6,-0.053473295846026045,-0.0431243161895545,0.5,1.0,30,12
prewhitened_ar,historical_ex_games_12m_pct,fred_china_computer_electronics_gbp_12m_pct,pandemic_2020_2022,7,-0.06613573934023088,-0.09754909027474765,0.5,1.0,29,12
prewhitened_ar,historical_ex_games_12m_pct,fred_china_computer_electronics_gbp_12m_pct,pandemic_2020_2022,8,0.16348260551261018,0.14380066346798834,0.5,1.0,28,12
prewhitened_ar,historical_ex_games_12m_pct,fred_china_computer_electronics_gbp_12m_pct,pandemic_2020_2022,9,0.24651177238821712,0.34851116380598723,0.5,1.0,27,12
prewhitened_ar,historical_ex_games_12m_pct,fred_china_computer_electronics_gbp_12m_pct,pandemic_2020_2022,10,-0.027600160905094276,-0.028378297270611866,1.0,1.0,26,12
prewhitened_ar,historical_ex_games_12m_pct,fred_china_computer_electronics_gbp_12m_pct,pandemic_2020_2022,11,0.5741840894562542,0.5732708240292687,0.5,0.5,25,12
prewhitened_ar,historical_ex_games_12m_pct,fred_china_computer_electronics_gbp_12m_pct,pandemic_2020_2022,12,0.10523631932913191,0.10523631932913191,0.5,1.0,24,12
prewhitened_ar,historical_ex_games_12m_pct,fred_china_computer_electronics_gbp_12m_pct,post_2022,0,-0.1081543827387695,-0.12501386330683162,1.0,1.0,33,12
prewhitened_ar,historical_ex_games_12m_pct,fred_china_computer_electronics_gbp_12m_pct,post_2022,1,0.29220233414311436,0.10399401270719828,1.0,1.0,32,12
prewhitened_ar,historical_ex_games_12m_pct,fred_china_computer_electronics_gbp_12m_pct,post_2022,2,0.1975577114220525,0.2269436700643389,0.5,1.0,31,12
prewhitened_ar,historical_ex_games_12m_pct,fred_china_computer_electronics_gbp_12m_pct,post_2022,3,0.1685971010893831,0.11389486550867924,0.5,1.0,30,12
prewhitened_ar,historical_ex_games_12m_pct,fred_china_computer_electronics_gbp_12m_pct,post_2022,4,-0.18604710006467118,-0.10821132162209066,0.5,1.0,29,12
prewhitened_ar,historical_ex_games_12m_pct,fred_china_computer_electronics_gbp_12m_pct,post_2022,5,-0.040845655120469684,-0.09151495875970976,0.5,1.0,28,12
prewhitened_ar,historical_ex_games_12m_pct,fred_china_computer_electronics_gbp_12m_pct,post_2022,6,-0.2637187311241507,-0.33304586394694785,1.0,1.0,27,12
prewhitened_ar,historical_ex_games_12m_pct,fred_china_computer_electronics_gbp_12m_pct,post_2022,7,0.1937061678828587,0.1454909751491654,1.0,1.0,26,12
prewhitened_ar,historical_ex_games_12m_pct,fred_china_computer_electronics_gbp_12m_pct,post_2022,8,-0.003577855173410786,-0.02910219043277323,1.0,1.0,25,12
prewhitened_ar,historical_ex_games_12m_pct,fred_china_computer_electronics_gbp_12m_pct,post_2022,9,0.250541128696649,0.3384002046953748,1.0,1.0,24,12
prewhitened_ar,historical_ex_games_12m_pct,fred_china_computer_electronics_gbp_12m_pct,post_2022,10,-0.1837113560624383,-0.14421900959027165,0.5,1.0,23,12
prewhitened_ar,historical_ex_games_12m_pct,fred_china_computer_electronics_gbp_12m_pct,post_2022,11,0.16172436420760775,0.15469982920436515,1.0,1.0,22,12
prewhitened_ar,historical_ex_games_12m_pct,fred_china_computer_electronics_gbp_12m_pct,post_2022,12,0.012390557429929849,0.012390557429929849,1.0,1.0,21,12
prewhitened_ar,historical_ex_games_12m_pct,fred_japan_computer_electronics_gbp_12m_pct,full,0,0.11128096354146881,0.11879691594763242,0.3069306930693069,0.9801980198019802,136,12
prewhitened_ar,historical_ex_games_12m_pct,fred_japan_computer_electronics_gbp_12m_pct,full,1,0.07348044531039508,0.014243633162506049,0.9207920792079208,1.0,135,12
prewhitened_ar,historical_ex_games_12m_pct,fred_japan_computer_electronics_gbp_12m_pct,full,2,0.05801791949145679,0.06448564635779136,0.5544554455445545,1.0,134,12
prewhitened_ar,historical_ex_games_12m_pct,fred_japan_computer_electronics_gbp_12m_pct,full,3,0.02997836371190545,0.010572336603989268,0.9207920792079208,1.0,133,12
prewhitened_ar,historical_ex_games_12m_pct,fred_japan_computer_electronics_gbp_12m_pct,full,4,0.012532911471697498,0.04240424357371586,0.6732673267326733,1.0,132,12
prewhitened_ar,historical_ex_games_12m_pct,fred_japan_computer_electronics_gbp_12m_pct,full,5,0.09743781956714574,0.07928191332711099,0.45544554455445546,1.0,131,12
prewhitened_ar,historical_ex_games_12m_pct,fred_japan_computer_electronics_gbp_12m_pct,full,6,-0.016791467242948065,-0.02668730941221567,0.8415841584158416,1.0,130,12
prewhitened_ar,historical_ex_games_12m_pct,fred_japan_computer_electronics_gbp_12m_pct,full,7,0.289965897808658,0.2862787804568336,0.009900990099009901,0.009900990099009901,129,12
prewhitened_ar,historical_ex_games_12m_pct,fred_japan_computer_electronics_gbp_12m_pct,full,8,0.034235928384899,0.034608442106046064,0.7524752475247525,1.0,128,12
prewhitened_ar,historical_ex_games_12m_pct,fred_japan_computer_electronics_gbp_12m_pct,full,9,0.06653879066609412,0.07746951180549846,0.45544554455445546,1.0,127,12
prewhitened_ar,historical_ex_games_12m_pct,fred_japan_computer_electronics_gbp_12m_pct,full,10,0.11204596144888311,0.12063397366558361,0.24752475247524752,0.9801980198019802,126,12
prewhitened_ar,historical_ex_games_12m_pct,fred_japan_computer_electronics_gbp_12m_pct,full,11,0.144869499689009,0.14113392717036177,0.1782178217821782,0.9702970297029703,125,12
prewhitened_ar,historical_ex_games_12m_pct,fred_japan_computer_electronics_gbp_12m_pct,full,12,-0.023200714450827525,-0.023200714450827525,0.8514851485148515,1.0,124,12
prewhitened_ar,historical_ex_games_12m_pct,fred_japan_computer_electronics_gbp_12m_pct,pre_2020,0,0.24549607667001624,0.2380181395807383,0.1875,0.96875,67,12
prewhitened_ar,historical_ex_games_12m_pct,fred_japan_computer_electronics_gbp_12m_pct,pre_2020,1,-0.04210870254215882,-0.06545201955855465,0.65625,1.0,66,12
prewhitened_ar,historical_ex_games_12m_pct,fred_japan_computer_electronics_gbp_12m_pct,pre_2020,2,0.05983468389615393,0.032540816738776984,0.78125,1.0,65,12
prewhitened_ar,historical_ex_games_12m_pct,fred_japan_computer_electronics_gbp_12m_pct,pre_2020,3,0.06941414022665401,0.06315478221797835,0.6875,1.0,64,12
prewhitened_ar,historical_ex_games_12m_pct,fred_japan_computer_electronics_gbp_12m_pct,pre_2020,4,0.15730433018037893,0.17174887469768865,0.28125,1.0,63,12
prewhitened_ar,historical_ex_games_12m_pct,fred_japan_computer_electronics_gbp_12m_pct,pre_2020,5,0.12773076464478667,0.17505745820269225,0.28125,1.0,62,12
prewhitened_ar,historical_ex_games_12m_pct,fred_japan_computer_electronics_gbp_12m_pct,pre_2020,6,0.03757198038305567,0.0013773019183219459,1.0,1.0,61,12
prewhitened_ar,historical_ex_games_12m_pct,fred_japan_computer_electronics_gbp_12m_pct,pre_2020,7,0.5286840181257192,0.5450094425552646,0.03125,0.03125,60,12
prewhitened_ar,historical_ex_games_12m_pct,fred_japan_computer_electronics_gbp_12m_pct,pre_2020,8,-0.04731152329451781,-0.054602289237954946,0.71875,1.0,59,12
prewhitened_ar,historical_ex_games_12m_pct,fred_japan_computer_electronics_gbp_12m_pct,pre_2020,9,-0.13382011651602807,-0.16858566263707772,0.1875,1.0,58,12
prewhitened_ar,historical_ex_games_12m_pct,fred_japan_computer_electronics_gbp_12m_pct,pre_2020,10,0.3786135897626662,0.37780593766922593,0.03125,0.125,57,12
prewhitened_ar,historical_ex_games_12m_pct,fred_japan_computer_electronics_gbp_12m_pct,pre_2020,11,-0.04926230575530971,-0.07519534479799429,0.71875,1.0,56,12
prewhitened_ar,historical_ex_games_12m_pct,fred_japan_computer_electronics_gbp_12m_pct,pre_2020,12,-0.028657697521464444,-0.028657697521464444,0.96875,1.0,55,12
prewhitened_ar,historical_ex_games_12m_pct,fred_japan_computer_electronics_gbp_12m_pct,pandemic_2020_2022,0,0.02426610694371553,0.23933598666847292,0.5,1.0,36,12
prewhitened_ar,historical_ex_games_12m_pct,fred_japan_computer_electronics_gbp_12m_pct,pandemic_2020_2022,1,0.0865703684065912,-0.1627190705255907,0.5,1.0,35,12
prewhitened_ar,historical_ex_games_12m_pct,fred_japan_computer_electronics_gbp_12m_pct,pandemic_2020_2022,2,0.0504639341210408,0.1711461796054294,1.0,1.0,34,12
prewhitened_ar,historical_ex_games_12m_pct,fred_japan_computer_electronics_gbp_12m_pct,pandemic_2020_2022,3,0.04888329084398607,0.10850465566543417,0.5,1.0,33,12
prewhitened_ar,historical_ex_games_12m_pct,fred_japan_computer_electronics_gbp_12m_pct,pandemic_2020_2022,4,0.10289717354353901,0.11913753880264955,1.0,1.0,32,12
prewhitened_ar,historical_ex_games_12m_pct,fred_japan_computer_electronics_gbp_12m_pct,pandemic_2020_2022,5,0.20288432443474727,0.09427375394764669,1.0,1.0,31,12
prewhitened_ar,historical_ex_games_12m_pct,fred_japan_computer_electronics_gbp_12m_pct,pandemic_2020_2022,6,0.0634624238142584,0.08829840393767775,0.5,1.0,30,12
prewhitened_ar,historical_ex_games_12m_pct,fred_japan_computer_electronics_gbp_12m_pct,pandemic_2020_2022,7,-0.09632851150849031,-0.1286860675016585,0.5,1.0,29,12
prewhitened_ar,historical_ex_games_12m_pct,fred_japan_computer_electronics_gbp_12m_pct,pandemic_2020_2022,8,0.2501694816499981,0.24372870994708348,0.5,1.0,28,12
prewhitened_ar,historical_ex_games_12m_pct,fred_japan_computer_electronics_gbp_12m_pct,pandemic_2020_2022,9,0.18190282700323349,0.26851659890106067,0.5,1.0,27,12
prewhitened_ar,historical_ex_games_12m_pct,fred_japan_computer_electronics_gbp_12m_pct,pandemic_2020_2022,10,0.03612376460750722,0.03616743626416559,1.0,1.0,26,12
prewhitened_ar,historical_ex_games_12m_pct,fred_japan_computer_electronics_gbp_12m_pct,pandemic_2020_2022,11,0.6571759089102552,0.6566564438112149,0.5,0.5,25,12
prewhitened_ar,historical_ex_games_12m_pct,fred_japan_computer_electronics_gbp_12m_pct,pandemic_2020_2022,12,0.08727313145094856,0.08727313145094856,0.5,1.0,24,12
prewhitened_ar,historical_ex_games_12m_pct,fred_japan_computer_electronics_gbp_12m_pct,post_2022,0,-0.022005948957740915,-0.05425932205822355,1.0,1.0,33,12
prewhitened_ar,historical_ex_games_12m_pct,fred_japan_computer_electronics_gbp_12m_pct,post_2022,1,0.35370447654814163,0.1886726988002568,0.5,1.0,32,12
prewhitened_ar,historical_ex_games_12m_pct,fred_japan_computer_electronics_gbp_12m_pct,post_2022,2,0.14639988969764708,0.21513902980708743,1.0,1.0,31,12
prewhitened_ar,historical_ex_games_12m_pct,fred_japan_computer_electronics_gbp_12m_pct,post_2022,3,0.1483647230892233,0.11115120799227364,0.5,1.0,30,12
prewhitened_ar,historical_ex_games_12m_pct,fred_japan_computer_electronics_gbp_12m_pct,post_2022,4,-0.148023874261966,-0.02546525064345453,1.0,1.0,29,12
prewhitened_ar,historical_ex_games_12m_pct,fred_japan_computer_electronics_gbp_12m_pct,post_2022,5,0.0351941615162245,-0.035510239658585435,1.0,1.0,28,12
prewhitened_ar,historical_ex_games_12m_pct,fred_japan_computer_electronics_gbp_12m_pct,post_2022,6,-0.2608732027037117,-0.3439193482637379,0.5,1.0,27,12
prewhitened_ar,historical_ex_games_12m_pct,fred_japan_computer_electronics_gbp_12m_pct,post_2022,7,0.04224781672697831,-0.008241179906729514,1.0,1.0,26,12
prewhitened_ar,historical_ex_games_12m_pct,fred_japan_computer_electronics_gbp_12m_pct,post_2022,8,-0.04690418976778185,-0.05923416951467183,1.0,1.0,25,12
prewhitened_ar,historical_ex_games_12m_pct,fred_japan_computer_electronics_gbp_12m_pct,post_2022,9,0.31230368685744775,0.3950390541469383,1.0,1.0,24,12
prewhitened_ar,historical_ex_games_12m_pct,fred_japan_computer_electronics_gbp_12m_pct,post_2022,10,-0.1600458571259837,-0.12444895594297894,1.0,1.0,23,12
prewhitened_ar,historical_ex_games_12m_pct,fred_japan_computer_electronics_gbp_12m_pct,post_2022,11,0.2051785778118596,0.19517059965024885,0.5,1.0,22,12
prewhitened_ar,historical_ex_games_12m_pct,fred_japan_computer_electronics_gbp_12m_pct,post_2022,12,-0.1262299838938595,-0.1262299838938595,1.0,1.0,21,12
prewhitened_ar,historical_ex_games_12m_pct,fred_asian_nie_computer_electronics_gbp_12m_pct,full,0,0.09158979432336968,0.11541285293187006,0.2871287128712871,0.9207920792079208,136,12
prewhitened_ar,historical_ex_games_12m_pct,fred_asian_nie_computer_electronics_gbp_12m_pct,full,1,0.07293839888632708,0.02353706209820849,0.8514851485148515,1.0,135,12
prewhitened_ar,historical_ex_games_12m_pct,fred_asian_nie_computer_electronics_gbp_12m_pct,full,2,0.08198193532328087,0.0764126870200215,0.5247524752475248,1.0,134,12
prewhitened_ar,historical_ex_games_12m_pct,fred_asian_nie_computer_electronics_gbp_12m_pct,full,3,0.035018010315676924,0.0059510935723543585,0.9702970297029703,1.0,133,12
prewhitened_ar,historical_ex_games_12m_pct,fred_asian_nie_computer_electronics_gbp_12m_pct,full,4,0.02484628386220713,0.058995687937068456,0.5643564356435643,1.0,132,12
prewhitened_ar,historical_ex_games_12m_pct,fred_asian_nie_computer_electronics_gbp_12m_pct,full,5,0.06748703954748193,0.05623140257211934,0.6435643564356436,1.0,131,12
prewhitened_ar,historical_ex_games_12m_pct,fred_asian_nie_computer_electronics_gbp_12m_pct,full,6,-0.042292951229483705,-0.044404968158021516,0.7128712871287128,1.0,130,12
prewhitened_ar,historical_ex_games_12m_pct,fred_asian_nie_computer_electronics_gbp_12m_pct,full,7,0.257637538645726,0.25419698897124227,0.009900990099009901,0.009900990099009901,129,12
prewhitened_ar,historical_ex_games_12m_pct,fred_asian_nie_computer_electronics_gbp_12m_pct,full,8,0.00814938894238828,0.0047135574033713434,0.9504950495049505,1.0,128,12
prewhitened_ar,historical_ex_games_12m_pct,fred_asian_nie_computer_electronics_gbp_12m_pct,full,9,0.052672765792836876,0.066950028197318,0.5742574257425742,1.0,127,12
prewhitened_ar,historical_ex_games_12m_pct,fred_asian_nie_computer_electronics_gbp_12m_pct,full,10,0.10126867378533408,0.11589633500214859,0.2871287128712871,0.9207920792079208,126,12
prewhitened_ar,historical_ex_games_12m_pct,fred_asian_nie_computer_electronics_gbp_12m_pct,full,11,0.09959577554143452,0.09745393804642462,0.39603960396039606,1.0,125,12
prewhitened_ar,historical_ex_games_12m_pct,fred_asian_nie_computer_electronics_gbp_12m_pct,full,12,-0.0406124831380111,-0.0406124831380111,0.7722772277227723,1.0,124,12
prewhitened_ar,historical_ex_games_12m_pct,fred_asian_nie_computer_electronics_gbp_12m_pct,pre_2020,0,0.23391699385181106,0.2328222554322153,0.21875,0.96875,67,12
prewhitened_ar,historical_ex_games_12m_pct,fred_asian_nie_computer_electronics_gbp_12m_pct,pre_2020,1,0.038862252706351234,0.007831929372749437,0.90625,1.0,66,12
prewhitened_ar,historical_ex_games_12m_pct,fred_asian_nie_computer_electronics_gbp_12m_pct,pre_2020,2,0.10799135739237843,0.06756879738011787,0.65625,1.0,65,12
prewhitened_ar,historical_ex_games_12m_pct,fred_asian_nie_computer_electronics_gbp_12m_pct,pre_2020,3,0.035594539002012315,0.026714311211101505,0.875,1.0,64,12
prewhitened_ar,historical_ex_games_12m_pct,fred_asian_nie_computer_electronics_gbp_12m_pct,pre_2020,4,0.19504447324915622,0.20914305605885328,0.21875,1.0,63,12
prewhitened_ar,historical_ex_games_12m_pct,fred_asian_nie_computer_electronics_gbp_12m_pct,pre_2020,5,0.11265475236011219,0.14844147265284152,0.3125,1.0,62,12
prewhitened_ar,historical_ex_games_12m_pct,fred_asian_nie_computer_electronics_gbp_12m_pct,pre_2020,6,0.06285595121346271,0.015053393608568123,0.90625,1.0,61,12
prewhitened_ar,historical_ex_games_12m_pct,fred_asian_nie_computer_electronics_gbp_12m_pct,pre_2020,7,0.4550645144308714,0.45719194526324813,0.03125,0.03125,60,12
prewhitened_ar,historical_ex_games_12m_pct,fred_asian_nie_computer_electronics_gbp_12m_pct,pre_2020,8,-0.07495224155614232,-0.08490598570578382,0.625,1.0,59,12
prewhitened_ar,historical_ex_games_12m_pct,fred_asian_nie_computer_electronics_gbp_12m_pct,pre_2020,9,-0.13798607462410414,-0.1874061823662758,0.21875,1.0,58,12
prewhitened_ar,historical_ex_games_12m_pct,fred_asian_nie_computer_electronics_gbp_12m_pct,pre_2020,10,0.3060689990014968,0.29497942936854415,0.09375,0.875,57,12
prewhitened_ar,historical_ex_games_12m_pct,fred_asian_nie_computer_electronics_gbp_12m_pct,pre_2020,11,-0.10330234992220057,-0.1271645042286921,0.53125,1.0,56,12
prewhitened_ar,historical_ex_games_12m_pct,fred_asian_nie_computer_electronics_gbp_12m_pct,pre_2020,12,-0.07320275177631713,-0.07320275177631713,0.78125,1.0,55,12
prewhitened_ar,historical_ex_games_12m_pct,fred_asian_nie_computer_electronics_gbp_12m_pct,pandemic_2020_2022,0,0.058476043909416395,0.23881401177556819,0.5,1.0,36,12
prewhitened_ar,historical_ex_games_12m_pct,fred_asian_nie_computer_electronics_gbp_12m_pct,pandemic_2020_2022,1,0.02559966019525452,-0.2021351997030154,0.5,1.0,35,12
prewhitened_ar,historical_ex_games_12m_pct,fred_asian_nie_computer_electronics_gbp_12m_pct,pandemic_2020_2022,2,-0.058790236808860565,0.058540813797164304,1.0,1.0,34,12
prewhitened_ar,historical_ex_games_12m_pct,fred_asian_nie_computer_electronics_gbp_12m_pct,pandemic_2020_2022,3,0.08121904574363982,0.040994066840115216,0.5,1.0,33,12
prewhitened_ar,historical_ex_games_12m_pct,fred_asian_nie_computer_electronics_gbp_12m_pct,pandemic_2020_2022,4,0.07473568158554508,0.1374329049664058,1.0,1.0,32,12
prewhitened_ar,historical_ex_games_12m_pct,fred_asian_nie_computer_electronics_gbp_12m_pct,pandemic_2020_2022,5,0.22686869377571706,0.13164025468287593,1.0,1.0,31,12
prewhitened_ar,historical_ex_games_12m_pct,fred_asian_nie_computer_electronics_gbp_12m_pct,pandemic_2020_2022,6,-0.10914507328504965,-0.1210584724883861,0.5,1.0,30,12
prewhitened_ar,historical_ex_games_12m_pct,fred_asian_nie_computer_electronics_gbp_12m_pct,pandemic_2020_2022,7,-0.014687596998197664,-0.056020515214252976,1.0,1.0,29,12
prewhitened_ar,historical_ex_games_12m_pct,fred_asian_nie_computer_electronics_gbp_12m_pct,pandemic_2020_2022,8,0.12095750891420057,0.1323988301395329,0.5,1.0,28,12
prewhitened_ar,historical_ex_games_12m_pct,fred_asian_nie_computer_electronics_gbp_12m_pct,pandemic_2020_2022,9,0.2870543795040351,0.38050791906326337,0.5,1.0,27,12
prewhitened_ar,historical_ex_games_12m_pct,fred_asian_nie_computer_electronics_gbp_12m_pct,pandemic_2020_2022,10,0.10572009786119278,0.10355019212830836,0.5,1.0,26,12
prewhitened_ar,historical_ex_games_12m_pct,fred_asian_nie_computer_electronics_gbp_12m_pct,pandemic_2020_2022,11,0.5314495428057741,0.5300087952286096,0.5,0.5,25,12
prewhitened_ar,historical_ex_games_12m_pct,fred_asian_nie_computer_electronics_gbp_12m_pct,pandemic_2020_2022,12,0.12320968082390014,0.12320968082390014,0.5,1.0,24,12
prewhitened_ar,historical_ex_games_12m_pct,fred_asian_nie_computer_electronics_gbp_12m_pct,post_2022,0,-0.09035017079194192,-0.0636552870611035,1.0,1.0,33,12
prewhitened_ar,historical_ex_games_12m_pct,fred_asian_nie_computer_electronics_gbp_12m_pct,post_2022,1,0.20771408544241773,0.05005809314068737,1.0,1.0,32,12
prewhitened_ar,historical_ex_games_12m_pct,fred_asian_nie_computer_electronics_gbp_12m_pct,post_2022,2,0.1875963681952192,0.19631444663054137,0.5,1.0,31,12
prewhitened_ar,historical_ex_games_12m_pct,fred_asian_nie_computer_electronics_gbp_12m_pct,post_2022,3,0.17218485558984936,0.10075634219649458,0.5,1.0,30,12
prewhitened_ar,historical_ex_games_12m_pct,fred_asian_nie_computer_electronics_gbp_12m_pct,post_2022,4,-0.15374314622182564,-0.0438872967701301,0.5,1.0,29,12
prewhitened_ar,historical_ex_games_12m_pct,fred_asian_nie_computer_electronics_gbp_12m_pct,post_2022,5,-0.06330876325319584,-0.11733168065388962,0.5,1.0,28,12
prewhitened_ar,historical_ex_games_12m_pct,fred_asian_nie_computer_electronics_gbp_12m_pct,post_2022,6,-0.2414926069171361,-0.2823242335454933,1.0,1.0,27,12
prewhitened_ar,historical_ex_games_12m_pct,fred_asian_nie_computer_electronics_gbp_12m_pct,post_2022,7,0.06279847658610777,0.024640769532240325,1.0,1.0,26,12
prewhitened_ar,historical_ex_games_12m_pct,fred_asian_nie_computer_electronics_gbp_12m_pct,post_2022,8,-0.03976492369570504,-0.06957986535577786,0.5,1.0,25,12
prewhitened_ar,historical_ex_games_12m_pct,fred_asian_nie_computer_electronics_gbp_12m_pct,post_2022,9,0.17683982253785002,0.25483913785732737,1.0,1.0,24,12
prewhitened_ar,historical_ex_games_12m_pct,fred_asian_nie_computer_electronics_gbp_12m_pct,post_2022,10,-0.07195096879902861,-0.012980752202869695,1.0,1.0,23,12
prewhitened_ar,historical_ex_games_12m_pct,fred_asian_nie_computer_electronics_gbp_12m_pct,post_2022,11,0.12203699420218085,0.12164854119353004,1.0,1.0,22,12
prewhitened_ar,historical_ex_games_12m_pct,fred_asian_nie_computer_electronics_gbp_12m_pct,post_2022,12,-0.05207283357796178,-0.05207283357796178,1.0,1.0,21,12
prewhitened_ar,historical_ex_games_12m_pct,asia_bls_common_factor_z,full,0,0.09878993103975786,0.11575834908534903,0.297029702970297,0.9801980198019802,136,12
prewhitened_ar,historical_ex_games_12m_pct,asia_bls_common_factor_z,full,1,0.07266620682927467,0.01573984010749372,0.8613861386138614,1.0,135,12
prewhitened_ar,historical_ex_games_12m_pct,asia_bls_common_factor_z,full,2,0.08258355842120556,0.08172435370718117,0.44554455445544555,1.0,134,12
prewhitened_ar,historical_ex_games_12m_pct,asia_bls_common_factor_z,full,3,0.03332326651440447,0.00827002452872985,0.9207920792079208,1.0,133,12
prewhitened_ar,historical_ex_games_12m_pct,asia_bls_common_factor_z,full,4,0.008022887374252627,0.037394596640015605,0.7128712871287128,1.0,132,12
prewhitened_ar,historical_ex_games_12m_pct,asia_bls_common_factor_z,full,5,0.08932237119074246,0.07651455845903368,0.45544554455445546,1.0,131,12
prewhitened_ar,historical_ex_games_12m_pct,asia_bls_common_factor_z,full,6,-0.03424020603566818,-0.04106960957186027,0.693069306930693,1.0,130,12
prewhitened_ar,historical_ex_games_12m_pct,asia_bls_common_factor_z,full,7,0.28549674097005096,0.28028055604068414,0.009900990099009901,0.009900990099009901,129,12
prewhitened_ar,historical_ex_games_12m_pct,asia_bls_common_factor_z,full,8,0.02707226976868703,0.024978314992199126,0.7920792079207921,1.0,128,12
prewhitened_ar,historical_ex_games_12m_pct,asia_bls_common_factor_z,full,9,0.06282720974165257,0.07586029854121998,0.5247524752475248,1.0,127,12
prewhitened_ar,historical_ex_games_12m_pct,asia_bls_common_factor_z,full,10,0.09232537236534193,0.10366737740352108,0.297029702970297,0.9801980198019802,126,12
prewhitened_ar,historical_ex_games_12m_pct,asia_bls_common_factor_z,full,11,0.11817992800662358,0.11523157149992032,0.26732673267326734,0.9801980198019802,125,12
prewhitened_ar,historical_ex_games_12m_pct,asia_bls_common_factor_z,full,12,-0.023066093363417244,-0.023066093363417244,0.8514851485148515,1.0,124,12
prewhitened_ar,historical_ex_games_12m_pct,asia_bls_common_factor_z,pre_2020,0,0.24009310937802286,0.2342461785045929,0.21875,0.96875,67,12
prewhitened_ar,historical_ex_games_12m_pct,asia_bls_common_factor_z,pre_2020,1,-0.0035836039535095078,-0.03237558038662386,0.78125,1.0,66,12
prewhitened_ar,historical_ex_games_12m_pct,asia_bls_common_factor_z,pre_2020,2,0.0919696484707637,0.05409654096790605,0.71875,1.0,65,12
prewhitened_ar,historical_ex_games_12m_pct,asia_bls_common_factor_z,pre_2020,3,0.06051891656458907,0.050050086564964374,0.78125,1.0,64,12
prewhitened_ar,historical_ex_games_12m_pct,asia_bls_common_factor_z,pre_2020,4,0.1636960246427347,0.1781685777884194,0.25,1.0,63,12
prewhitened_ar,historical_ex_games_12m_pct,asia_bls_common_factor_z,pre_2020,5,0.14100964756088152,0.18233956329477147,0.25,1.0,62,12
prewhitened_ar,historical_ex_games_12m_pct,asia_bls_common_factor_z,pre_2020,6,0.03955497010604283,-0.00901706262603188,0.96875,1.0,61,12
prewhitened_ar,historical_ex_games_12m_pct,asia_bls_common_factor_z,pre_2020,7,0.4879524552786375,0.49659295880793913,0.03125,0.03125,60,12
prewhitened_ar,historical_ex_games_12m_pct,asia_bls_common_factor_z,pre_2020,8,-0.055808231894565054,-0.06399036678315093,0.75,1.0,59,12
prewhitened_ar,historical_ex_games_12m_pct,asia_bls_common_factor_z,pre_2020,9,-0.1287856318402696,-0.17302356446665434,0.21875,1.0,58,12
prewhitened_ar,historical_ex_games_12m_pct,asia_bls_common_factor_z,pre_2020,10,0.347950439117287,0.34144430589467567,0.09375,0.4375,57,12
prewhitened_ar,historical_ex_games_12m_pct,asia_bls_common_factor_z,pre_2020,11,-0.08126477919667882,-0.1054707997192052,0.625,1.0,56,12
prewhitened_ar,historical_ex_games_12m_pct,asia_bls_common_factor_z,pre_2020,12,-0.03675931006543315,-0.03675931006543315,0.875,1.0,55,12
prewhitened_ar,historical_ex_games_12m_pct,asia_bls_common_factor_z,pandemic_2020_2022,0,0.04848497050849714,0.2512542650015296,0.5,1.0,36,12
prewhitened_ar,historical_ex_games_12m_pct,asia_bls_common_factor_z,pandemic_2020_2022,1,0.04914864639029626,-0.20666395331653228,0.5,1.0,35,12
prewhitened_ar,historical_ex_games_12m_pct,asia_bls_common_factor_z,pandemic_2020_2022,2,0.022587742404512043,0.14881241978178072,1.0,1.0,34,12
prewhitened_ar,historical_ex_games_12m_pct,asia_bls_common_factor_z,pandemic_2020_2022,3,0.05342725756728478,0.06278965496922002,0.5,1.0,33,12
prewhitened_ar,historical_ex_games_12m_pct,asia_bls_common_factor_z,pandemic_2020_2022,4,0.09051438534561496,0.1339974515807847,1.0,1.0,32,12
prewhitened_ar,historical_ex_games_12m_pct,asia_bls_common_factor_z,pandemic_2020_2022,5,0.19844309036604382,0.08623986086584687,1.0,1.0,31,12
prewhitened_ar,historical_ex_games_12m_pct,asia_bls_common_factor_z,pandemic_2020_2022,6,-0.030305125617441152,-0.021977542827015292,1.0,1.0,30,12
prewhitened_ar,historical_ex_games_12m_pct,asia_bls_common_factor_z,pandemic_2020_2022,7,-0.062448990553383994,-0.09686627117714415,0.5,1.0,29,12
prewhitened_ar,historical_ex_games_12m_pct,asia_bls_common_factor_z,pandemic_2020_2022,8,0.18369790727867813,0.17901036088269967,0.5,1.0,28,12
prewhitened_ar,historical_ex_games_12m_pct,asia_bls_common_factor_z,pandemic_2020_2022,9,0.24704600120614825,0.34300750004861436,0.5,1.0,27,12
prewhitened_ar,historical_ex_games_12m_pct,asia_bls_common_factor_z,pandemic_2020_2022,10,0.03173029861932604,0.030755128980804968,1.0,1.0,26,12
prewhitened_ar,historical_ex_games_12m_pct,asia_bls_common_factor_z,pandemic_2020_2022,11,0.604734396040332,0.6038608116263118,0.5,0.5,25,12
prewhitened_ar,historical_ex_games_12m_pct,asia_bls_common_factor_z,pandemic_2020_2022,12,0.10522232736822554,0.10522232736822554,0.5,1.0,24,12
prewhitened_ar,historical_ex_games_12m_pct,asia_bls_common_factor_z,post_2022,0,-0.07630499743849235,-0.07891137500881262,1.0,1.0,33,12
prewhitened_ar,historical_ex_games_12m_pct,asia_bls_common_factor_z,post_2022,1,0.2869889333142355,0.11050406566881624,1.0,1.0,32,12
prewhitened_ar,historical_ex_games_12m_pct,asia_bls_common_factor_z,post_2022,2,0.18802318716195535,0.22238563351729818,0.5,1.0,31,12
prewhitened_ar,historical_ex_games_12m_pct,asia_bls_common_factor_z,post_2022,3,0.1668824461457805,0.10973640334295279,0.5,1.0,30,12
prewhitened_ar,historical_ex_games_12m_pct,asia_bls_common_factor_z,post_2022,4,-0.16822886578563526,-0.06377237502835872,0.5,1.0,29,12
prewhitened_ar,historical_ex_games_12m_pct,asia_bls_common_factor_z,post_2022,5,-0.025244882566913658,-0.08415444491015914,0.5,1.0,28,12
prewhitened_ar,historical_ex_games_12m_pct,asia_bls_common_factor_z,post_2022,6,-0.2627852332321755,-0.3285066855957939,1.0,1.0,27,12
prewhitened_ar,historical_ex_games_12m_pct,asia_bls_common_factor_z,post_2022,7,0.10742366977617052,0.062154697086881455,1.0,1.0,26,12
prewhitened_ar,historical_ex_games_12m_pct,asia_bls_common_factor_z,post_2022,8,-0.03793493269938524,-0.0625254699644168,0.5,1.0,25,12
prewhitened_ar,historical_ex_games_12m_pct,asia_bls_common_factor_z,post_2022,9,0.25046853351260334,0.3353478946991756,1.0,1.0,24,12
prewhitened_ar,historical_ex_games_12m_pct,asia_bls_common_factor_z,post_2022,10,-0.14352795762168355,-0.09794497816314472,1.0,1.0,23,12
prewhitened_ar,historical_ex_games_12m_pct,asia_bls_common_factor_z,post_2022,11,0.16501519768937875,0.1597688238484612,1.0,1.0,22,12
prewhitened_ar,historical_ex_games_12m_pct,asia_bls_common_factor_z,post_2022,12,-0.052939329229411386,-0.052939329229411386,1.0,1.0,21,12
prewhitened_ar,expanded_consumer_tech_12m_pct,jp_epi_electronics_gbp_12m_pct,full,0,0.05798278416076329,0.08598671550670128,0.4936708860759494,1.0,114,12
prewhitened_ar,expanded_consumer_tech_12m_pct,jp_epi_electronics_gbp_12m_pct,full,1,0.023189298698375715,-0.010753821502994929,0.9367088607594937,1.0,113,12
prewhitened_ar,expanded_consumer_tech_12m_pct,jp_epi_electronics_gbp_12m_pct,full,2,0.057052949672019175,0.06080725385273545,0.5822784810126582,1.0,112,12
prewhitened_ar,expanded_consumer_tech_12m_pct,jp_epi_electronics_gbp_12m_pct,full,3,0.002996851407355751,0.029592246651929773,0.8481012658227848,1.0,111,12
prewhitened_ar,expanded_consumer_tech_12m_pct,jp_epi_electronics_gbp_12m_pct,full,4,0.08826276163632234,0.05193745310508346,0.6962025316455697,1.0,110,12
prewhitened_ar,expanded_consumer_tech_12m_pct,jp_epi_electronics_gbp_12m_pct,full,5,0.04082934974693659,0.026024312421679838,0.8734177215189873,1.0,109,12
prewhitened_ar,expanded_consumer_tech_12m_pct,jp_epi_electronics_gbp_12m_pct,full,6,-0.03132900745114431,-0.031216601277531064,0.810126582278481,1.0,108,12
prewhitened_ar,expanded_consumer_tech_12m_pct,jp_epi_electronics_gbp_12m_pct,full,7,0.015633599834872565,-0.008186421480260378,0.9240506329113924,1.0,107,12
prewhitened_ar,expanded_consumer_tech_12m_pct,jp_epi_electronics_gbp_12m_pct,full,8,0.05663484110083748,0.0717069063363362,0.5189873417721519,1.0,106,12
prewhitened_ar,expanded_consumer_tech_12m_pct,jp_epi_electronics_gbp_12m_pct,full,9,0.14427217559465838,0.1289624560615718,0.25316455696202533,1.0,105,12
prewhitened_ar,expanded_consumer_tech_12m_pct,jp_epi_electronics_gbp_12m_pct,full,10,-0.03233365317221734,-0.022412443305595532,0.8860759493670886,1.0,104,12
prewhitened_ar,expanded_consumer_tech_12m_pct,jp_epi_electronics_gbp_12m_pct,full,11,0.15815997794847153,0.15280846331901124,0.189873417721519,0.9746835443037974,103,12
prewhitened_ar,expanded_consumer_tech_12m_pct,jp_epi_electronics_gbp_12m_pct,full,12,0.014517314416981064,0.014517314416981064,0.9367088607594937,1.0,102,12
prewhitened_ar,expanded_consumer_tech_12m_pct,jp_epi_electronics_gbp_12m_pct,pre_2020,0,0.2819198417175187,0.3531276586061427,1.0,1.0,36,12
prewhitened_ar,expanded_consumer_tech_12m_pct,jp_epi_electronics_gbp_12m_pct,pre_2020,1,-0.23073692155698028,-0.33149319892876355,1.0,1.0,35,12
prewhitened_ar,expanded_consumer_tech_12m_pct,jp_epi_electronics_gbp_12m_pct,pre_2020,2,0.11349541345314777,0.020949450080567304,1.0,1.0,34,12
prewhitened_ar,expanded_consumer_tech_12m_pct,jp_epi_electronics_gbp_12m_pct,pre_2020,3,0.24145970120330473,0.31821665821992035,0.5,1.0,33,12
prewhitened_ar,expanded_consumer_tech_12m_pct,jp_epi_electronics_gbp_12m_pct,pre_2020,4,-0.24335307266911066,-0.20088388267891324,1.0,1.0,32,12
prewhitened_ar,expanded_consumer_tech_12m_pct,jp_epi_electronics_gbp_12m_pct,pre_2020,5,-0.01781516027211579,0.0036223807710917964,1.0,1.0,31,12
prewhitened_ar,expanded_consumer_tech_12m_pct,jp_epi_electronics_gbp_12m_pct,pre_2020,6,0.1595823113622473,0.11188170098203182,1.0,1.0,30,12
prewhitened_ar,expanded_consumer_tech_12m_pct,jp_epi_electronics_gbp_12m_pct,pre_2020,7,0.032833284928909544,0.11266532352886055,0.5,1.0,29,12
prewhitened_ar,expanded_consumer_tech_12m_pct,jp_epi_electronics_gbp_12m_pct,pre_2020,8,-0.24335195138434168,-0.28768440423198005,0.5,1.0,28,12
prewhitened_ar,expanded_consumer_tech_12m_pct,jp_epi_electronics_gbp_12m_pct,pre_2020,9,0.18696857612051024,0.10372339697518738,0.5,1.0,27,12
prewhitened_ar,expanded_consumer_tech_12m_pct,jp_epi_electronics_gbp_12m_pct,pre_2020,10,-0.06051230709917283,-0.14307944386487567,1.0,1.0,26,12
prewhitened_ar,expanded_consumer_tech_12m_pct,jp_epi_electronics_gbp_12m_pct,pre_2020,11,-0.23202857508512673,-0.2579553023781756,0.5,1.0,25,12
prewhitened_ar,expanded_consumer_tech_12m_pct,jp_epi_electronics_gbp_12m_pct,pre_2020,12,0.023185306640181556,0.023185306640181556,1.0,1.0,24,12
prewhitened_ar,expanded_consumer_tech_12m_pct,jp_epi_electronics_gbp_12m_pct,pandemic_2020_2022,0,0.06816327579307767,0.10399696691401125,0.5,1.0,36,12
prewhitened_ar,expanded_consumer_tech_12m_pct,jp_epi_electronics_gbp_12m_pct,pandemic_2020_2022,1,-0.04265850969910453,-0.18134181027254398,0.5,1.0,35,12
prewhitened_ar,expanded_consumer_tech_12m_pct,jp_epi_electronics_gbp_12m_pct,pandemic_2020_2022,2,-0.04008146474503683,-0.016956398602638565,1.0,1.0,34,12
prewhitened_ar,expanded_consumer_tech_12m_pct,jp_epi_electronics_gbp_12m_pct,pandemic_2020_2022,3,-0.2075349344772519,-0.2680225261521783,1.0,1.0,33,12
prewhitened_ar,expanded_consumer_tech_12m_pct,jp_epi_electronics_gbp_12m_pct,pandemic_2020_2022,4,0.3759214053141366,0.43476601863400904,1.0,1.0,32,12
prewhitened_ar,expanded_consumer_tech_12m_pct,jp_epi_electronics_gbp_12m_pct,pandemic_2020_2022,5,0.10522327448102431,0.017449266957513237,0.5,1.0,31,12
prewhitened_ar,expanded_consumer_tech_12m_pct,jp_epi_electronics_gbp_12m_pct,pandemic_2020_2022,6,0.07508020321315112,0.10351773665877236,1.0,1.0,30,12
prewhitened_ar,expanded_consumer_tech_12m_pct,jp_epi_electronics_gbp_12m_pct,pandemic_2020_2022,7,-0.25253389655357195,-0.28803515360996074,0.5,1.0,29,12
prewhitened_ar,expanded_consumer_tech_12m_pct,jp_epi_electronics_gbp_12m_pct,pandemic_2020_2022,8,0.22298303370893177,0.20520942316667837,0.5,1.0,28,12
prewhitened_ar,expanded_consumer_tech_12m_pct,jp_epi_electronics_gbp_12m_pct,pandemic_2020_2022,9,-0.09376988431526828,-0.04213600296166227,1.0,1.0,27,12
prewhitened_ar,expanded_consumer_tech_12m_pct,jp_epi_electronics_gbp_12m_pct,pandemic_2020_2022,10,-0.2849769008764947,-0.2733986345476604,1.0,1.0,26,12
prewhitened_ar,expanded_consumer_tech_12m_pct,jp_epi_electronics_gbp_12m_pct,pandemic_2020_2022,11,0.3695303757349148,0.36120531821786656,0.5,1.0,25,12
prewhitened_ar,expanded_consumer_tech_12m_pct,jp_epi_electronics_gbp_12m_pct,pandemic_2020_2022,12,-0.3091566966541028,-0.3091566966541028,0.5,1.0,24,12
prewhitened_ar,expanded_consumer_tech_12m_pct,jp_epi_electronics_gbp_12m_pct,post_2022,0,-0.04041262205127401,-0.04313396421385207,0.7142857142857143,1.0,42,12
prewhitened_ar,expanded_consumer_tech_12m_pct,jp_epi_electronics_gbp_12m_pct,post_2022,1,0.21242757790163944,0.21042026857623464,0.5714285714285714,1.0,41,12
prewhitened_ar,expanded_consumer_tech_12m_pct,jp_epi_electronics_gbp_12m_pct,post_2022,2,0.14536915446928605,0.17347994316117732,0.42857142857142855,1.0,40,12
prewhitened_ar,expanded_consumer_tech_12m_pct,jp_epi_electronics_gbp_12m_pct,post_2022,3,0.1185600693378322,0.22883179408559137,0.2857142857142857,1.0,39,12
prewhitened_ar,expanded_consumer_tech_12m_pct,jp_epi_electronics_gbp_12m_pct,post_2022,4,0.1739355435446624,0.04917578131621409,0.8571428571428571,1.0,38,12
prewhitened_ar,expanded_consumer_tech_12m_pct,jp_epi_electronics_gbp_12m_pct,post_2022,5,0.048245542114471074,-0.040359866807176153,0.7142857142857143,1.0,37,12
prewhitened_ar,expanded_consumer_tech_12m_pct,jp_epi_electronics_gbp_12m_pct,post_2022,6,-0.10714202346923205,-0.1527645620494934,0.5714285714285714,1.0,36,12
prewhitened_ar,expanded_consumer_tech_12m_pct,jp_epi_electronics_gbp_12m_pct,post_2022,7,0.11167642142904477,0.035093378293520446,1.0,1.0,35,12
prewhitened_ar,expanded_consumer_tech_12m_pct,jp_epi_electronics_gbp_12m_pct,post_2022,8,0.00170048950431135,0.02967286442629835,0.8571428571428571,1.0,34,12
prewhitened_ar,expanded_consumer_tech_12m_pct,jp_epi_electronics_gbp_12m_pct,post_2022,9,0.21602285287907663,0.16272029545085978,0.7142857142857143,1.0,33,12
prewhitened_ar,expanded_consumer_tech_12m_pct,jp_epi_electronics_gbp_12m_pct,post_2022,10,0.05793826333988783,0.09254674830724824,0.8571428571428571,1.0,32,12
prewhitened_ar,expanded_consumer_tech_12m_pct,jp_epi_electronics_gbp_12m_pct,post_2022,11,0.2555550151764743,0.23569713655424426,0.2857142857142857,1.0,31,12
prewhitened_ar,expanded_consumer_tech_12m_pct,jp_epi_electronics_gbp_12m_pct,post_2022,12,0.06887398597881549,0.06887398597881549,0.8571428571428571,1.0,30,12
prewhitened_ar,expanded_consumer_tech_12m_pct,kr_epi_tech_gbp_12m_pct,full,0,0.004737212703524704,-0.005331282956532873,0.9130434782608695,1.0,58,12
prewhitened_ar,expanded_consumer_tech_12m_pct,kr_epi_tech_gbp_12m_pct,full,1,0.01595245558344096,-0.17203460635635837,0.2608695652173913,1.0,57,12
prewhitened_ar,expanded_consumer_tech_12m_pct,kr_epi_tech_gbp_12m_pct,full,2,-0.10604751688487704,-0.07147453777603638,0.5217391304347826,1.0,56,12
prewhitened_ar,expanded_consumer_tech_12m_pct,kr_epi_tech_gbp_12m_pct,full,3,-0.14645164743072514,-0.2018820547897309,0.21739130434782608,1.0,55,12
prewhitened_ar,expanded_consumer_tech_12m_pct,kr_epi_tech_gbp_12m_pct,full,4,0.05500532758954638,0.013096446558672698,0.9565217391304348,1.0,54,12
prewhitened_ar,expanded_consumer_tech_12m_pct,kr_epi_tech_gbp_12m_pct,full,5,0.11867242171459381,0.13311611636503548,0.2608695652173913,1.0,53,12
prewhitened_ar,expanded_consumer_tech_12m_pct,kr_epi_tech_gbp_12m_pct,full,6,-0.15477799745272772,-0.28206782871734254,0.08695652173913043,0.7391304347826086,52,12
prewhitened_ar,expanded_consumer_tech_12m_pct,kr_epi_tech_gbp_12m_pct,full,7,-0.12427276547424417,-0.12588261978933193,0.34782608695652173,1.0,51,12
prewhitened_ar,expanded_consumer_tech_12m_pct,kr_epi_tech_gbp_12m_pct,full,8,0.02819631606384626,-0.01926791462955553,0.9130434782608695,1.0,50,12
prewhitened_ar,expanded_consumer_tech_12m_pct,kr_epi_tech_gbp_12m_pct,full,9,-0.02234115901249861,-0.009300795751539546,0.9565217391304348,1.0,49,12
prewhitened_ar,expanded_consumer_tech_12m_pct,kr_epi_tech_gbp_12m_pct,full,10,-0.19286414082224024,-0.19143450646638435,0.30434782608695654,1.0,48,12
prewhitened_ar,expanded_consumer_tech_12m_pct,kr_epi_tech_gbp_12m_pct,full,11,0.2968594743459266,0.31652062136736175,0.043478260869565216,0.7391304347826086,47,12
prewhitened_ar,expanded_consumer_tech_12m_pct,kr_epi_tech_gbp_12m_pct,full,12,-0.19629813722975117,-0.19629813722975117,0.30434782608695654,1.0,46,12
prewhitened_ar,expanded_consumer_tech_12m_pct,kr_epi_tech_gbp_12m_pct,pandemic_2020_2022,0,0.005132840741611526,-0.001482829294059289,1.0,1.0,33,12
prewhitened_ar,expanded_consumer_tech_12m_pct,kr_epi_tech_gbp_12m_pct,pandemic_2020_2022,1,0.06897229433948729,-0.11787937683410628,1.0,1.0,32,12
prewhitened_ar,expanded_consumer_tech_12m_pct,kr_epi_tech_gbp_12m_pct,pandemic_2020_2022,2,0.03590688812461161,0.16778159160719247,0.5,1.0,31,12
prewhitened_ar,expanded_consumer_tech_12m_pct,kr_epi_tech_gbp_12m_pct,pandemic_2020_2022,3,-0.4249700170669139,-0.5812290203712513,0.5,0.5,30,12
prewhitened_ar,expanded_consumer_tech_12m_pct,kr_epi_tech_gbp_12m_pct,pandemic_2020_2022,4,0.4000577948668043,0.5103581438410817,0.5,0.5,29,12
prewhitened_ar,expanded_consumer_tech_12m_pct,kr_epi_tech_gbp_12m_pct,pandemic_2020_2022,5,0.10859339048434416,-0.06771764884643408,1.0,1.0,28,12
prewhitened_ar,expanded_consumer_tech_12m_pct,kr_epi_tech_gbp_12m_pct,pandemic_2020_2022,6,0.03267038760920752,0.11964964814316553,1.0,1.0,27,12
prewhitened_ar,expanded_consumer_tech_12m_pct,kr_epi_tech_gbp_12m_pct,pandemic_2020_2022,7,-0.15751727029566606,-0.12855917370846615,1.0,1.0,26,12
prewhitened_ar,expanded_consumer_tech_12m_pct,kr_epi_tech_gbp_12m_pct,pandemic_2020_2022,8,0.03363723270061539,0.07816945459064988,1.0,1.0,25,12
prewhitened_ar,expanded_consumer_tech_12m_pct,kr_epi_tech_gbp_12m_pct,pandemic_2020_2022,9,0.007001266000811123,0.21920573605882096,0.5,1.0,24,12
prewhitened_ar,expanded_consumer_tech_12m_pct,kr_epi_tech_gbp_12m_pct,pandemic_2020_2022,10,-0.33549110372670676,-0.41213825081174554,0.5,0.5,23,12
prewhitened_ar,expanded_consumer_tech_12m_pct,kr_epi_tech_gbp_12m_pct,pandemic_2020_2022,11,0.3220798151687998,0.2559032312742731,0.5,1.0,22,12
prewhitened_ar,expanded_consumer_tech_12m_pct,kr_epi_tech_gbp_12m_pct,pandemic_2020_2022,12,-0.13179772810308527,-0.13179772810308527,1.0,1.0,21,12
prewhitened_ar,expanded_consumer_tech_12m_pct,kr_epi_tech_gbp_12m_pct,post_2022,0,0.045625972385883604,-0.07209153834915394,1.0,1.0,25,12
prewhitened_ar,expanded_consumer_tech_12m_pct,kr_epi_tech_gbp_12m_pct,post_2022,1,0.057972528869301626,-0.44738062973630943,0.5,1.0,24,12
prewhitened_ar,expanded_consumer_tech_12m_pct,kr_epi_tech_gbp_12m_pct,post_2022,2,-0.051851944766501415,-0.0176308570372978,1.0,1.0,23,12
prewhitened_ar,expanded_consumer_tech_12m_pct,kr_epi_tech_gbp_12m_pct,post_2022,3,0.12458781558916607,0.22022287002864135,0.5,1.0,22,12
prewhitened_ar,expanded_consumer_tech_12m_pct,kr_epi_tech_gbp_12m_pct,post_2022,4,0.07815976732833281,-0.05610002308709409,1.0,1.0,21,12
prewhitened_ar,expanded_consumer_tech_12m_pct,kr_epi_tech_gbp_12m_pct,post_2022,5,0.3525053091670367,0.5849473787214929,0.5,0.5,20,12
prewhitened_ar,expanded_consumer_tech_12m_pct,kr_epi_tech_gbp_12m_pct,post_2022,6,-0.12945052154480335,-0.4636750681938056,1.0,1.0,19,12
prewhitened_ar,expanded_consumer_tech_12m_pct,kr_epi_tech_gbp_12m_pct,post_2022,7,-0.09075393709595478,-0.01730927201933257,1.0,1.0,18,12
prewhitened_ar,expanded_consumer_tech_12m_pct,kr_epi_tech_gbp_12m_pct,post_2022,8,0.01596759982459014,-0.10932051560991997,1.0,1.0,17,12
prewhitened_ar,expanded_consumer_tech_12m_pct,kr_epi_tech_gbp_12m_pct,post_2022,9,-0.2524927795125107,-0.17663840370314676,0.5,1.0,16,12
prewhitened_ar,expanded_consumer_tech_12m_pct,kr_epi_tech_gbp_12m_pct,post_2022,10,-0.05215560572478363,0.004216621586644024,1.0,1.0,15,12
prewhitened_ar,expanded_consumer_tech_12m_pct,kr_epi_tech_gbp_12m_pct,post_2022,11,0.4574788483060733,0.5759353490837068,0.5,0.5,14,12
prewhitened_ar,expanded_consumer_tech_12m_pct,kr_epi_tech_gbp_12m_pct,post_2022,12,-0.22041660625717405,-0.22041660625717405,1.0,1.0,13,12
prewhitened_ar,expanded_consumer_tech_12m_pct,cn_ppi_tech_gbp_12m_pct,full,0,0.03444042541446994,-0.0107686465047044,1.0,1.0,46,12
prewhitened_ar,expanded_consumer_tech_12m_pct,cn_ppi_tech_gbp_12m_pct,full,1,0.2651212643970683,0.1652940130504657,0.2727272727272727,1.0,45,12
prewhitened_ar,expanded_consumer_tech_12m_pct,cn_ppi_tech_gbp_12m_pct,full,2,0.1077479466629502,0.1166265952693139,0.45454545454545453,1.0,44,12
prewhitened_ar,expanded_consumer_tech_12m_pct,cn_ppi_tech_gbp_12m_pct,full,3,0.004297514204624435,0.058644708601358786,0.45454545454545453,1.0,43,12
prewhitened_ar,expanded_consumer_tech_12m_pct,cn_ppi_tech_gbp_12m_pct,full,4,-0.013657087197968076,-0.055659865184739546,0.6363636363636364,1.0,42,12
prewhitened_ar,expanded_consumer_tech_12m_pct,cn_ppi_tech_gbp_12m_pct,full,5,0.14896797273757292,0.1562914906123991,0.2727272727272727,1.0,41,12
prewhitened_ar,expanded_consumer_tech_12m_pct,cn_ppi_tech_gbp_12m_pct,full,6,-0.14871324191961494,-0.2319610885013588,0.18181818181818182,1.0,40,12
prewhitened_ar,expanded_consumer_tech_12m_pct,cn_ppi_tech_gbp_12m_pct,full,7,0.09767070235979206,0.0807449775427045,0.5454545454545454,1.0,39,12
prewhitened_ar,expanded_consumer_tech_12m_pct,cn_ppi_tech_gbp_12m_pct,full,8,0.2308319568124115,0.32599349614955253,0.09090909090909091,0.36363636363636365,38,12
prewhitened_ar,expanded_consumer_tech_12m_pct,cn_ppi_tech_gbp_12m_pct,full,9,0.20375846921944626,0.1909797400906831,0.2727272727272727,1.0,37,12
prewhitened_ar,expanded_consumer_tech_12m_pct,cn_ppi_tech_gbp_12m_pct,full,10,0.34453832463163175,0.3080504006276862,0.18181818181818182,0.45454545454545453,36,12
prewhitened_ar,expanded_consumer_tech_12m_pct,cn_ppi_tech_gbp_12m_pct,full,11,0.35995438342821917,0.41138915339709275,0.18181818181818182,0.18181818181818182,35,12
prewhitened_ar,expanded_consumer_tech_12m_pct,cn_ppi_tech_gbp_12m_pct,full,12,-0.014340665342155522,-0.014340665342155522,1.0,1.0,34,12
prewhitened_ar,expanded_consumer_tech_12m_pct,cn_ppi_tech_gbp_12m_pct,post_2022,0,0.017036523179276866,-0.03007595812204232,1.0,1.0,36,12
prewhitened_ar,expanded_consumer_tech_12m_pct,cn_ppi_tech_gbp_12m_pct,post_2022,1,0.22294625186873002,0.09842136011872399,0.5,1.0,35,12
prewhitened_ar,expanded_consumer_tech_12m_pct,cn_ppi_tech_gbp_12m_pct,post_2022,2,0.10092628398148215,0.1337349544741993,1.0,1.0,34,12
prewhitened_ar,expanded_consumer_tech_12m_pct,cn_ppi_tech_gbp_12m_pct,post_2022,3,0.05478043836365338,0.16695918414099917,1.0,1.0,33,12
prewhitened_ar,expanded_consumer_tech_12m_pct,cn_ppi_tech_gbp_12m_pct,post_2022,4,-0.0716206254242647,-0.10932049077142206,1.0,1.0,32,12
prewhitened_ar,expanded_consumer_tech_12m_pct,cn_ppi_tech_gbp_12m_pct,post_2022,5,0.1400015079151423,0.17010271750261113,1.0,1.0,31,12
prewhitened_ar,expanded_consumer_tech_12m_pct,cn_ppi_tech_gbp_12m_pct,post_2022,6,-0.18540022286953073,-0.28494199090401906,0.5,1.0,30,12
prewhitened_ar,expanded_consumer_tech_12m_pct,cn_ppi_tech_gbp_12m_pct,post_2022,7,0.03350181653314902,0.019183763173329878,1.0,1.0,29,12
prewhitened_ar,expanded_consumer_tech_12m_pct,cn_ppi_tech_gbp_12m_pct,post_2022,8,0.047112036362671306,0.17224555211816453,0.5,1.0,28,12
prewhitened_ar,expanded_consumer_tech_12m_pct,cn_ppi_tech_gbp_12m_pct,post_2022,9,0.0443790669929406,0.005959000262998136,1.0,1.0,27,12
prewhitened_ar,expanded_consumer_tech_12m_pct,cn_ppi_tech_gbp_12m_pct,post_2022,10,0.2742130251468694,0.21100090442360606,1.0,1.0,26,12
prewhitened_ar,expanded_consumer_tech_12m_pct,cn_ppi_tech_gbp_12m_pct,post_2022,11,0.3175742458571779,0.3922275830905024,0.5,1.0,25,12
prewhitened_ar,expanded_consumer_tech_12m_pct,cn_ppi_tech_gbp_12m_pct,post_2022,12,-0.07153916451195853,-0.07153916451195853,1.0,1.0,24,12
prewhitened_ar,expanded_consumer_tech_12m_pct,tw_epi_integrated_circuits_gbp_12m_pct,full,0,0.15273930013664977,0.16143818716735658,0.189873417721519,1.0,114,12
prewhitened_ar,expanded_consumer_tech_12m_pct,tw_epi_integrated_circuits_gbp_12m_pct,full,1,0.1210105093839167,0.08692406072640149,0.46835443037974683,1.0,113,12
prewhitened_ar,expanded_consumer_tech_12m_pct,tw_epi_integrated_circuits_gbp_12m_pct,full,2,0.022513083494088478,0.013593841286825979,0.8987341772151899,1.0,112,12
prewhitened_ar,expanded_consumer_tech_12m_pct,tw_epi_integrated_circuits_gbp_12m_pct,full,3,0.043106992309494815,0.023393851122605922,0.8860759493670886,1.0,111,12
prewhitened_ar,expanded_consumer_tech_12m_pct,tw_epi_integrated_circuits_gbp_12m_pct,full,4,0.07871258703349962,0.07646906544255848,0.5822784810126582,1.0,110,12
prewhitened_ar,expanded_consumer_tech_12m_pct,tw_epi_integrated_circuits_gbp_12m_pct,full,5,0.10447090050160447,0.10536266095131007,0.43037974683544306,1.0,109,12
prewhitened_ar,expanded_consumer_tech_12m_pct,tw_epi_integrated_circuits_gbp_12m_pct,full,6,-0.0023382152738521613,0.012275709637099843,0.9367088607594937,1.0,108,12
prewhitened_ar,expanded_consumer_tech_12m_pct,tw_epi_integrated_circuits_gbp_12m_pct,full,7,0.042033345051815545,0.03806983228226195,0.7721518987341772,1.0,107,12
prewhitened_ar,expanded_consumer_tech_12m_pct,tw_epi_integrated_circuits_gbp_12m_pct,full,8,0.07869202888378751,0.0908087192929578,0.4810126582278481,1.0,106,12
prewhitened_ar,expanded_consumer_tech_12m_pct,tw_epi_integrated_circuits_gbp_12m_pct,full,9,0.21165058464291828,0.21851274228268247,0.06329113924050633,0.569620253164557,105,12
prewhitened_ar,expanded_consumer_tech_12m_pct,tw_epi_integrated_circuits_gbp_12m_pct,full,10,0.07881406114767144,0.08497789037150905,0.5063291139240507,1.0,104,12
prewhitened_ar,expanded_consumer_tech_12m_pct,tw_epi_integrated_circuits_gbp_12m_pct,full,11,0.18895420652786946,0.19119263925040772,0.11392405063291139,0.8607594936708861,103,12
prewhitened_ar,expanded_consumer_tech_12m_pct,tw_epi_integrated_circuits_gbp_12m_pct,full,12,-0.05698862995733663,-0.05698862995733663,0.6455696202531646,1.0,102,12
prewhitened_ar,expanded_consumer_tech_12m_pct,tw_epi_integrated_circuits_gbp_12m_pct,pre_2020,0,0.2843771310756955,0.22652772876325314,1.0,1.0,36,12
prewhitened_ar,expanded_consumer_tech_12m_pct,tw_epi_integrated_circuits_gbp_12m_pct,pre_2020,1,0.03370605804165826,-0.08044200790605217,1.0,1.0,35,12
prewhitened_ar,expanded_consumer_tech_12m_pct,tw_epi_integrated_circuits_gbp_12m_pct,pre_2020,2,0.001296339544376391,-0.12814815050075318,1.0,1.0,34,12
prewhitened_ar,expanded_consumer_tech_12m_pct,tw_epi_integrated_circuits_gbp_12m_pct,pre_2020,3,0.22028395400843787,0.23272384985867342,1.0,1.0,33,12
prewhitened_ar,expanded_consumer_tech_12m_pct,tw_epi_integrated_circuits_gbp_12m_pct,pre_2020,4,0.006222270782331696,0.06008641047290711,1.0,1.0,32,12
prewhitened_ar,expanded_consumer_tech_12m_pct,tw_epi_integrated_circuits_gbp_12m_pct,pre_2020,5,-0.0740855822747267,-0.10513430027089435,1.0,1.0,31,12
prewhitened_ar,expanded_consumer_tech_12m_pct,tw_epi_integrated_circuits_gbp_12m_pct,pre_2020,6,0.20298311117826645,0.1074830311468926,1.0,1.0,30,12
prewhitened_ar,expanded_consumer_tech_12m_pct,tw_epi_integrated_circuits_gbp_12m_pct,pre_2020,7,0.21554060889039398,0.2539304442593657,0.5,1.0,29,12
prewhitened_ar,expanded_consumer_tech_12m_pct,tw_epi_integrated_circuits_gbp_12m_pct,pre_2020,8,-0.19572575600753286,-0.2621698058636137,0.5,1.0,28,12
prewhitened_ar,expanded_consumer_tech_12m_pct,tw_epi_integrated_circuits_gbp_12m_pct,pre_2020,9,0.09069378044832774,0.015701114255004065,1.0,1.0,27,12
prewhitened_ar,expanded_consumer_tech_12m_pct,tw_epi_integrated_circuits_gbp_12m_pct,pre_2020,10,0.020854536093371987,-0.0931427991523367,1.0,1.0,26,12
prewhitened_ar,expanded_consumer_tech_12m_pct,tw_epi_integrated_circuits_gbp_12m_pct,pre_2020,11,-0.17959786102659797,-0.24646612116262945,0.5,1.0,25,12
prewhitened_ar,expanded_consumer_tech_12m_pct,tw_epi_integrated_circuits_gbp_12m_pct,pre_2020,12,-0.04070125291502575,-0.04070125291502575,1.0,1.0,24,12
prewhitened_ar,expanded_consumer_tech_12m_pct,tw_epi_integrated_circuits_gbp_12m_pct,pandemic_2020_2022,0,0.17350508453289157,0.13507707767389507,0.5,1.0,36,12
prewhitened_ar,expanded_consumer_tech_12m_pct,tw_epi_integrated_circuits_gbp_12m_pct,pandemic_2020_2022,1,0.08497508321677565,0.0007551836877301094,1.0,1.0,35,12
prewhitened_ar,expanded_consumer_tech_12m_pct,tw_epi_integrated_circuits_gbp_12m_pct,pandemic_2020_2022,2,-0.12482766804472366,-0.08005748372743607,0.5,1.0,34,12
prewhitened_ar,expanded_consumer_tech_12m_pct,tw_epi_integrated_circuits_gbp_12m_pct,pandemic_2020_2022,3,-0.2686820476186745,-0.2975041076490713,1.0,1.0,33,12
prewhitened_ar,expanded_consumer_tech_12m_pct,tw_epi_integrated_circuits_gbp_12m_pct,pandemic_2020_2022,4,0.3274012298240525,0.28154319123303045,1.0,1.0,32,12
prewhitened_ar,expanded_consumer_tech_12m_pct,tw_epi_integrated_circuits_gbp_12m_pct,pandemic_2020_2022,5,0.21392067303618942,0.037580232507033094,0.5,1.0,31,12
prewhitened_ar,expanded_consumer_tech_12m_pct,tw_epi_integrated_circuits_gbp_12m_pct,pandemic_2020_2022,6,0.11715268189744832,0.13189196554099922,1.0,1.0,30,12
prewhitened_ar,expanded_consumer_tech_12m_pct,tw_epi_integrated_circuits_gbp_12m_pct,pandemic_2020_2022,7,-0.3045146317026859,-0.2843303214831059,0.5,1.0,29,12
prewhitened_ar,expanded_consumer_tech_12m_pct,tw_epi_integrated_circuits_gbp_12m_pct,pandemic_2020_2022,8,0.2066630836974611,0.25965433891330386,0.5,1.0,28,12
prewhitened_ar,expanded_consumer_tech_12m_pct,tw_epi_integrated_circuits_gbp_12m_pct,pandemic_2020_2022,9,-0.032203860655396675,0.00345495806201742,1.0,1.0,27,12
prewhitened_ar,expanded_consumer_tech_12m_pct,tw_epi_integrated_circuits_gbp_12m_pct,pandemic_2020_2022,10,-0.07072268666098025,-0.06308525556234512,1.0,1.0,26,12
prewhitened_ar,expanded_consumer_tech_12m_pct,tw_epi_integrated_circuits_gbp_12m_pct,pandemic_2020_2022,11,0.362370526121276,0.35788671982198317,0.5,1.0,25,12
prewhitened_ar,expanded_consumer_tech_12m_pct,tw_epi_integrated_circuits_gbp_12m_pct,pandemic_2020_2022,12,-0.2272393770870905,-0.2272393770870905,1.0,1.0,24,12
prewhitened_ar,expanded_consumer_tech_12m_pct,tw_epi_integrated_circuits_gbp_12m_pct,post_2022,0,0.0681065650862282,0.03914443608485522,1.0,1.0,42,12
prewhitened_ar,expanded_consumer_tech_12m_pct,tw_epi_integrated_circuits_gbp_12m_pct,post_2022,1,0.21736767921914563,0.1541616071328976,0.5714285714285714,1.0,41,12
prewhitened_ar,expanded_consumer_tech_12m_pct,tw_epi_integrated_circuits_gbp_12m_pct,post_2022,2,0.17667079802170435,0.21114108459961736,0.7142857142857143,1.0,40,12
prewhitened_ar,expanded_consumer_tech_12m_pct,tw_epi_integrated_circuits_gbp_12m_pct,post_2022,3,0.1926514201258662,0.18102482769887443,0.5714285714285714,1.0,39,12
prewhitened_ar,expanded_consumer_tech_12m_pct,tw_epi_integrated_circuits_gbp_12m_pct,post_2022,4,0.002828694047159009,-0.03552372154965444,1.0,1.0,38,12
prewhitened_ar,expanded_consumer_tech_12m_pct,tw_epi_integrated_circuits_gbp_12m_pct,post_2022,5,0.11150429680950767,0.11280102386899785,0.5714285714285714,1.0,37,12
prewhitened_ar,expanded_consumer_tech_12m_pct,tw_epi_integrated_circuits_gbp_12m_pct,post_2022,6,-0.2842930517834913,-0.3013456737707293,0.42857142857142855,1.0,36,12
prewhitened_ar,expanded_consumer_tech_12m_pct,tw_epi_integrated_circuits_gbp_12m_pct,post_2022,7,-0.09296881074542276,-0.1393628786015616,0.5714285714285714,1.0,35,12
prewhitened_ar,expanded_consumer_tech_12m_pct,tw_epi_integrated_circuits_gbp_12m_pct,post_2022,8,-0.1347776484053818,-0.12188062754200844,0.5714285714285714,1.0,34,12
prewhitened_ar,expanded_consumer_tech_12m_pct,tw_epi_integrated_circuits_gbp_12m_pct,post_2022,9,0.23227661776506373,0.24413829201522208,0.42857142857142855,1.0,33,12
prewhitened_ar,expanded_consumer_tech_12m_pct,tw_epi_integrated_circuits_gbp_12m_pct,post_2022,10,0.19975724086444893,0.2203337302347129,0.2857142857142857,1.0,32,12
prewhitened_ar,expanded_consumer_tech_12m_pct,tw_epi_integrated_circuits_gbp_12m_pct,post_2022,11,0.2843875475214099,0.2885742767758185,0.2857142857142857,1.0,31,12
prewhitened_ar,expanded_consumer_tech_12m_pct,tw_epi_integrated_circuits_gbp_12m_pct,post_2022,12,-0.23873403631516482,-0.23873403631516482,0.42857142857142855,1.0,30,12
prewhitened_ar,expanded_consumer_tech_12m_pct,hk_ppi_tech_gbp_12m_pct,full,0,0.025954634911076295,-0.012467789287749923,0.8987341772151899,1.0,114,12
prewhitened_ar,expanded_consumer_tech_12m_pct,hk_ppi_tech_gbp_12m_pct,full,1,-0.1568986133558528,-0.05754178338276169,0.5443037974683544,1.0,113,12
prewhitened_ar,expanded_consumer_tech_12m_pct,hk_ppi_tech_gbp_12m_pct,full,2,0.01904407480189473,-0.058730293829673826,0.5316455696202531,1.0,112,12
prewhitened_ar,expanded_consumer_tech_12m_pct,hk_ppi_tech_gbp_12m_pct,full,3,-0.016782893971750767,0.012458746527237184,0.8987341772151899,1.0,111,12
prewhitened_ar,expanded_consumer_tech_12m_pct,hk_ppi_tech_gbp_12m_pct,full,4,0.24569037302053298,0.13852002838119698,0.12658227848101267,0.810126582278481,110,12
prewhitened_ar,expanded_consumer_tech_12m_pct,hk_ppi_tech_gbp_12m_pct,full,5,0.08046480251385688,0.17254791652681334,0.0759493670886076,0.7341772151898734,109,12
prewhitened_ar,expanded_consumer_tech_12m_pct,hk_ppi_tech_gbp_12m_pct,full,6,0.05438022693387604,-0.034351674969333855,0.7215189873417721,1.0,108,12
prewhitened_ar,expanded_consumer_tech_12m_pct,hk_ppi_tech_gbp_12m_pct,full,7,-0.04546428249800167,0.005916507993988093,0.9367088607594937,1.0,107,12
prewhitened_ar,expanded_consumer_tech_12m_pct,hk_ppi_tech_gbp_12m_pct,full,8,-0.018434913286604113,-0.029140377675748622,0.7721518987341772,1.0,106,12
prewhitened_ar,expanded_consumer_tech_12m_pct,hk_ppi_tech_gbp_12m_pct,full,9,-0.15788994944235574,-0.13412363557495796,0.16455696202531644,0.8354430379746836,105,12
prewhitened_ar,expanded_consumer_tech_12m_pct,hk_ppi_tech_gbp_12m_pct,full,10,-0.07193867755136411,-0.07236295466768769,0.5063291139240507,1.0,104,12
prewhitened_ar,expanded_consumer_tech_12m_pct,hk_ppi_tech_gbp_12m_pct,full,11,0.11556473773041742,0.11663483227671526,0.22784810126582278,0.9873417721518988,103,12
prewhitened_ar,expanded_consumer_tech_12m_pct,hk_ppi_tech_gbp_12m_pct,full,12,-0.03557564481629055,-0.03557564481629055,0.759493670886076,1.0,102,12
prewhitened_ar,expanded_consumer_tech_12m_pct,hk_ppi_tech_gbp_12m_pct,pre_2020,0,0.07752003366791523,0.0751536255860362,0.5,1.0,36,12
prewhitened_ar,expanded_consumer_tech_12m_pct,hk_ppi_tech_gbp_12m_pct,pre_2020,1,0.22536374572526433,0.26688057232067014,0.5,1.0,35,12
prewhitened_ar,expanded_consumer_tech_12m_pct,hk_ppi_tech_gbp_12m_pct,pre_2020,2,0.09632749095586704,0.11863350103615938,0.5,1.0,34,12
prewhitened_ar,expanded_consumer_tech_12m_pct,hk_ppi_tech_gbp_12m_pct,pre_2020,3,0.08267899390153832,0.010989481101804826,1.0,1.0,33,12
prewhitened_ar,expanded_consumer_tech_12m_pct,hk_ppi_tech_gbp_12m_pct,pre_2020,4,0.017728485624032973,-0.02344751742035452,1.0,1.0,32,12
prewhitened_ar,expanded_consumer_tech_12m_pct,hk_ppi_tech_gbp_12m_pct,pre_2020,5,-0.18958744076003842,-0.195127609545101,0.5,1.0,31,12
prewhitened_ar,expanded_consumer_tech_12m_pct,hk_ppi_tech_gbp_12m_pct,pre_2020,6,0.006020523573292186,-0.036732883393307054,1.0,1.0,30,12
prewhitened_ar,expanded_consumer_tech_12m_pct,hk_ppi_tech_gbp_12m_pct,pre_2020,7,0.13907610892747307,0.11216521654954352,1.0,1.0,29,12
prewhitened_ar,expanded_consumer_tech_12m_pct,hk_ppi_tech_gbp_12m_pct,pre_2020,8,-0.2684424114732943,-0.2497229327423204,1.0,1.0,28,12
prewhitened_ar,expanded_consumer_tech_12m_pct,hk_ppi_tech_gbp_12m_pct,pre_2020,9,-0.070255353673196,-0.04405820911735858,1.0,1.0,27,12
prewhitened_ar,expanded_consumer_tech_12m_pct,hk_ppi_tech_gbp_12m_pct,pre_2020,10,0.07115441318866345,0.04834409406053747,0.5,1.0,26,12
prewhitened_ar,expanded_consumer_tech_12m_pct,hk_ppi_tech_gbp_12m_pct,pre_2020,11,-0.21582773474923125,-0.2412898048463969,1.0,1.0,25,12
prewhitened_ar,expanded_consumer_tech_12m_pct,hk_ppi_tech_gbp_12m_pct,pre_2020,12,-0.25989039823860166,-0.25989039823860166,0.5,1.0,24,12
prewhitened_ar,expanded_consumer_tech_12m_pct,hk_ppi_tech_gbp_12m_pct,pandemic_2020_2022,0,-0.07234991348654927,-0.08500192467389724,1.0,1.0,36,12
prewhitened_ar,expanded_consumer_tech_12m_pct,hk_ppi_tech_gbp_12m_pct,pandemic_2020_2022,1,0.27786102643152455,0.3284217399578617,0.5,1.0,35,12
prewhitened_ar,expanded_consumer_tech_12m_pct,hk_ppi_tech_gbp_12m_pct,pandemic_2020_2022,2,0.03732464875221872,0.07944805677702198,0.5,1.0,34,12
prewhitened_ar,expanded_consumer_tech_12m_pct,hk_ppi_tech_gbp_12m_pct,pandemic_2020_2022,3,0.1728780156653963,0.23599701861383668,1.0,1.0,33,12
prewhitened_ar,expanded_consumer_tech_12m_pct,hk_ppi_tech_gbp_12m_pct,pandemic_2020_2022,4,-0.2574135065175645,-0.39343795621640976,1.0,1.0,32,12
prewhitened_ar,expanded_consumer_tech_12m_pct,hk_ppi_tech_gbp_12m_pct,pandemic_2020_2022,5,0.023978060911486455,-0.023500116009726065,1.0,1.0,31,12
prewhitened_ar,expanded_consumer_tech_12m_pct,hk_ppi_tech_gbp_12m_pct,pandemic_2020_2022,6,-0.19613761972624147,-0.2926406979585408,1.0,1.0,30,12
prewhitened_ar,expanded_consumer_tech_12m_pct,hk_ppi_tech_gbp_12m_pct,pandemic_2020_2022,7,0.33539210379245155,0.2817956691314595,0.5,1.0,29,12
prewhitened_ar,expanded_consumer_tech_12m_pct,hk_ppi_tech_gbp_12m_pct,pandemic_2020_2022,8,0.11888401111808854,0.2010206359612192,1.0,1.0,28,12
prewhitened_ar,expanded_consumer_tech_12m_pct,hk_ppi_tech_gbp_12m_pct,pandemic_2020_2022,9,-0.29276629141519206,-0.24734037341498963,0.5,1.0,27,12
prewhitened_ar,expanded_consumer_tech_12m_pct,hk_ppi_tech_gbp_12m_pct,pandemic_2020_2022,10,-0.07267500261776069,-0.08164699181113608,0.5,1.0,26,12
prewhitened_ar,expanded_consumer_tech_12m_pct,hk_ppi_tech_gbp_12m_pct,pandemic_2020_2022,11,-0.05564784250012115,-0.06147569715390908,0.5,1.0,25,12
prewhitened_ar,expanded_consumer_tech_12m_pct,hk_ppi_tech_gbp_12m_pct,pandemic_2020_2022,12,0.3811791055016361,0.3811791055016361,0.5,1.0,24,12
prewhitened_ar,expanded_consumer_tech_12m_pct,hk_ppi_tech_gbp_12m_pct,post_2022,0,0.06118122799628671,-0.002523847859344678,1.0,1.0,42,12
prewhitened_ar,expanded_consumer_tech_12m_pct,hk_ppi_tech_gbp_12m_pct,post_2022,1,-0.49540427416072136,-0.47854392402325097,0.14285714285714285,0.14285714285714285,41,12
prewhitened_ar,expanded_consumer_tech_12m_pct,hk_ppi_tech_gbp_12m_pct,post_2022,2,-0.06574438850332545,-0.31365079523560097,0.5714285714285714,1.0,40,12
prewhitened_ar,expanded_consumer_tech_12m_pct,hk_ppi_tech_gbp_12m_pct,post_2022,3,-0.1488810456925183,-0.16759091355160094,1.0,1.0,39,12
prewhitened_ar,expanded_consumer_tech_12m_pct,hk_ppi_tech_gbp_12m_pct,post_2022,4,0.4978926247294244,0.37892689394317164,0.2857142857142857,0.7142857142857143,38,12
prewhitened_ar,expanded_consumer_tech_12m_pct,hk_ppi_tech_gbp_12m_pct,post_2022,5,0.13903711841311425,0.4085959613531089,0.2857142857142857,0.7142857142857143,37,12
prewhitened_ar,expanded_consumer_tech_12m_pct,hk_ppi_tech_gbp_12m_pct,post_2022,6,0.17818154051866422,0.01190440339906073,1.0,1.0,36,12
prewhitened_ar,expanded_consumer_tech_12m_pct,hk_ppi_tech_gbp_12m_pct,post_2022,7,-0.246198560616227,-0.16009861162175898,0.7142857142857143,1.0,35,12
prewhitened_ar,expanded_consumer_tech_12m_pct,hk_ppi_tech_gbp_12m_pct,post_2022,8,-0.012371077817359424,-0.028914724442842214,1.0,1.0,34,12
prewhitened_ar,expanded_consumer_tech_12m_pct,hk_ppi_tech_gbp_12m_pct,post_2022,9,-0.11850200818742854,-0.04965228141112139,1.0,1.0,33,12
prewhitened_ar,expanded_consumer_tech_12m_pct,hk_ppi_tech_gbp_12m_pct,post_2022,10,-0.18270365019680795,-0.18838065640366947,0.2857142857142857,1.0,32,12
prewhitened_ar,expanded_consumer_tech_12m_pct,hk_ppi_tech_gbp_12m_pct,post_2022,11,0.30399646394238067,0.30736264944502933,0.14285714285714285,1.0,31,12
prewhitened_ar,expanded_consumer_tech_12m_pct,hk_ppi_tech_gbp_12m_pct,post_2022,12,-0.24408103603502235,-0.24408103603502235,0.2857142857142857,1.0,30,12
prewhitened_ar,expanded_consumer_tech_12m_pct,oecd_asia_c26_targeted_gbp_12m_pct,full,0,0.0640866384025371,0.10428291468670618,1.0,1.0,35,12
prewhitened_ar,expanded_consumer_tech_12m_pct,oecd_asia_c26_targeted_gbp_12m_pct,full,1,0.13827189897330594,0.040130859367240916,1.0,1.0,34,12
prewhitened_ar,expanded_consumer_tech_12m_pct,oecd_asia_c26_targeted_gbp_12m_pct,full,2,0.07914437311699922,0.19462962148677693,0.5,1.0,33,12
prewhitened_ar,expanded_consumer_tech_12m_pct,oecd_asia_c26_targeted_gbp_12m_pct,full,3,0.11507755150228671,-0.0004787092160497701,1.0,1.0,32,12
prewhitened_ar,expanded_consumer_tech_12m_pct,oecd_asia_c26_targeted_gbp_12m_pct,full,4,-0.03685416221468406,-0.10012685796332363,1.0,1.0,31,12
prewhitened_ar,expanded_consumer_tech_12m_pct,oecd_asia_c26_targeted_gbp_12m_pct,full,5,0.14350075815074315,0.047289195558345605,1.0,1.0,30,12
prewhitened_ar,expanded_consumer_tech_12m_pct,oecd_asia_c26_targeted_gbp_12m_pct,full,6,-0.4372267363204166,-0.5088138091676067,0.5,0.5,29,12
prewhitened_ar,expanded_consumer_tech_12m_pct,oecd_asia_c26_targeted_gbp_12m_pct,full,7,0.13140678138479414,0.15659233667581873,1.0,1.0,28,12
prewhitened_ar,expanded_consumer_tech_12m_pct,oecd_asia_c26_targeted_gbp_12m_pct,full,8,0.17677038154689317,0.2744859702231084,0.5,1.0,27,12
prewhitened_ar,expanded_consumer_tech_12m_pct,oecd_asia_c26_targeted_gbp_12m_pct,full,9,0.12640557441064476,0.17836700272724162,1.0,1.0,26,12
prewhitened_ar,expanded_consumer_tech_12m_pct,oecd_asia_c26_targeted_gbp_12m_pct,full,10,0.14487427857269283,0.19131488899429389,0.5,1.0,25,12
prewhitened_ar,expanded_consumer_tech_12m_pct,oecd_asia_c26_targeted_gbp_12m_pct,full,11,0.14840926833858975,0.16304346503629571,1.0,1.0,24,12
prewhitened_ar,expanded_consumer_tech_12m_pct,oecd_asia_c26_targeted_gbp_12m_pct,full,12,-0.22281437204374147,-0.22281437204374147,0.5,1.0,23,12
prewhitened_ar,expanded_consumer_tech_12m_pct,oecd_asia_c26_targeted_gbp_12m_pct,post_2022,0,0.03882798167581866,0.07120401687150896,1.0,1.0,25,12
prewhitened_ar,expanded_consumer_tech_12m_pct,oecd_asia_c26_targeted_gbp_12m_pct,post_2022,1,0.06892197289588434,-0.09790942802748438,1.0,1.0,24,12
prewhitened_ar,expanded_consumer_tech_12m_pct,oecd_asia_c26_targeted_gbp_12m_pct,post_2022,2,0.13152498799184642,0.3743584067625201,0.5,1.0,23,12
prewhitened_ar,expanded_consumer_tech_12m_pct,oecd_asia_c26_targeted_gbp_12m_pct,post_2022,3,0.2826947051051977,0.23303322467173226,0.5,1.0,22,12
prewhitened_ar,expanded_consumer_tech_12m_pct,oecd_asia_c26_targeted_gbp_12m_pct,post_2022,4,0.03971909947608363,0.05553150555120759,1.0,1.0,21,12
prewhitened_ar,expanded_consumer_tech_12m_pct,oecd_asia_c26_targeted_gbp_12m_pct,post_2022,5,0.2712326601393555,0.26704377041544014,0.5,1.0,20,12
prewhitened_ar,expanded_consumer_tech_12m_pct,oecd_asia_c26_targeted_gbp_12m_pct,post_2022,6,-0.5878042354918168,-0.7134665483387443,0.5,1.0,19,12
prewhitened_ar,expanded_consumer_tech_12m_pct,oecd_asia_c26_targeted_gbp_12m_pct,post_2022,7,0.051229594386286985,0.16017038911689166,1.0,1.0,18,12
prewhitened_ar,expanded_consumer_tech_12m_pct,oecd_asia_c26_targeted_gbp_12m_pct,post_2022,8,-0.13110779110138757,0.01526185791255442,1.0,1.0,17,12
prewhitened_ar,expanded_consumer_tech_12m_pct,oecd_asia_c26_targeted_gbp_12m_pct,post_2022,9,-0.2192466885581449,-0.1637056193678531,0.5,1.0,16,12
prewhitened_ar,expanded_consumer_tech_12m_pct,oecd_asia_c26_targeted_gbp_12m_pct,post_2022,10,0.13757885271514417,0.2412502321454503,0.5,1.0,15,12
prewhitened_ar,expanded_consumer_tech_12m_pct,oecd_asia_c26_targeted_gbp_12m_pct,post_2022,11,0.22542678072508657,0.2627028375166536,0.5,1.0,14,12
prewhitened_ar,expanded_consumer_tech_12m_pct,oecd_asia_c26_targeted_gbp_12m_pct,post_2022,12,-0.12415063650636664,-0.12415063650636664,1.0,1.0,13,12
prewhitened_ar,expanded_consumer_tech_12m_pct,oecd_asia_c26_bls_gbp_12m_pct,full,0,0.19766747755811112,0.19993329441220162,0.12857142857142856,0.6285714285714286,105,12
prewhitened_ar,expanded_consumer_tech_12m_pct,oecd_asia_c26_bls_gbp_12m_pct,full,1,0.014731017700571771,-0.06799056888503853,0.6857142857142857,1.0,104,12
prewhitened_ar,expanded_consumer_tech_12m_pct,oecd_asia_c26_bls_gbp_12m_pct,full,2,0.0706015487879998,0.031619464694281486,0.8571428571428571,1.0,103,12
prewhitened_ar,expanded_consumer_tech_12m_pct,oecd_asia_c26_bls_gbp_12m_pct,full,3,0.05058192399863023,0.03165200719988709,0.8285714285714286,1.0,102,12
prewhitened_ar,expanded_consumer_tech_12m_pct,oecd_asia_c26_bls_gbp_12m_pct,full,4,0.09533088530650602,0.12253503921043239,0.2857142857142857,1.0,101,12
prewhitened_ar,expanded_consumer_tech_12m_pct,oecd_asia_c26_bls_gbp_12m_pct,full,5,0.056572212234331065,0.0615978095487925,0.6571428571428571,1.0,100,12
prewhitened_ar,expanded_consumer_tech_12m_pct,oecd_asia_c26_bls_gbp_12m_pct,full,6,-0.0033454032678861315,-0.028233942430504273,0.8285714285714286,1.0,99,12
prewhitened_ar,expanded_consumer_tech_12m_pct,oecd_asia_c26_bls_gbp_12m_pct,full,7,0.08735337265265809,0.0644938575408918,0.6,1.0,98,12
prewhitened_ar,expanded_consumer_tech_12m_pct,oecd_asia_c26_bls_gbp_12m_pct,full,8,0.14003004557004367,0.15236610084181737,0.21428571428571427,1.0,97,12
prewhitened_ar,expanded_consumer_tech_12m_pct,oecd_asia_c26_bls_gbp_12m_pct,full,9,0.13489055218113744,0.1588921160681132,0.2,0.9857142857142858,96,12
prewhitened_ar,expanded_consumer_tech_12m_pct,oecd_asia_c26_bls_gbp_12m_pct,full,10,-0.018724980999722893,0.004971091668026812,0.9285714285714286,1.0,95,12
prewhitened_ar,expanded_consumer_tech_12m_pct,oecd_asia_c26_bls_gbp_12m_pct,full,11,0.17621712845402857,0.17359259395248355,0.12857142857142856,0.8714285714285714,94,12
prewhitened_ar,expanded_consumer_tech_12m_pct,oecd_asia_c26_bls_gbp_12m_pct,full,12,-0.049535048260470706,-0.049535048260470706,0.5857142857142857,1.0,93,12
prewhitened_ar,expanded_consumer_tech_12m_pct,oecd_asia_c26_bls_gbp_12m_pct,pre_2020,0,0.37105177989516464,0.4247163050394672,1.0,1.0,36,12
prewhitened_ar,expanded_consumer_tech_12m_pct,oecd_asia_c26_bls_gbp_12m_pct,pre_2020,1,-0.1979023174047899,-0.33424147890871386,0.5,1.0,35,12
prewhitened_ar,expanded_consumer_tech_12m_pct,oecd_asia_c26_bls_gbp_12m_pct,pre_2020,2,0.11288581640779714,0.027154329319513733,1.0,1.0,34,12
prewhitened_ar,expanded_consumer_tech_12m_pct,oecd_asia_c26_bls_gbp_12m_pct,pre_2020,3,0.28452637845918616,0.3395831594780796,0.5,1.0,33,12
prewhitened_ar,expanded_consumer_tech_12m_pct,oecd_asia_c26_bls_gbp_12m_pct,pre_2020,4,-0.21388208937975275,-0.19987955033471397,0.5,1.0,32,12
prewhitened_ar,expanded_consumer_tech_12m_pct,oecd_asia_c26_bls_gbp_12m_pct,pre_2020,5,-0.020884359036537393,-0.016530908090947864,1.0,1.0,31,12
prewhitened_ar,expanded_consumer_tech_12m_pct,oecd_asia_c26_bls_gbp_12m_pct,pre_2020,6,0.21361907190272675,0.13701246980143358,1.0,1.0,30,12
prewhitened_ar,expanded_consumer_tech_12m_pct,oecd_asia_c26_bls_gbp_12m_pct,pre_2020,7,0.063541939728845,0.06700452238926531,1.0,1.0,29,12
prewhitened_ar,expanded_consumer_tech_12m_pct,oecd_asia_c26_bls_gbp_12m_pct,pre_2020,8,-0.2364502822253482,-0.30933752018826,0.5,1.0,28,12
prewhitened_ar,expanded_consumer_tech_12m_pct,oecd_asia_c26_bls_gbp_12m_pct,pre_2020,9,0.17736948509334904,0.12744239381424172,0.5,1.0,27,12
prewhitened_ar,expanded_consumer_tech_12m_pct,oecd_asia_c26_bls_gbp_12m_pct,pre_2020,10,-0.06692507128795476,-0.1383779669148726,1.0,1.0,26,12
prewhitened_ar,expanded_consumer_tech_12m_pct,oecd_asia_c26_bls_gbp_12m_pct,pre_2020,11,-0.20666753836496113,-0.24028246682843013,0.5,1.0,25,12
prewhitened_ar,expanded_consumer_tech_12m_pct,oecd_asia_c26_bls_gbp_12m_pct,pre_2020,12,-0.007137911914812853,-0.007137911914812853,1.0,1.0,24,12
prewhitened_ar,expanded_consumer_tech_12m_pct,oecd_asia_c26_bls_gbp_12m_pct,pandemic_2020_2022,0,0.17730787778341167,0.09178759253916959,0.5,1.0,36,12
prewhitened_ar,expanded_consumer_tech_12m_pct,oecd_asia_c26_bls_gbp_12m_pct,pandemic_2020_2022,1,0.036270662343934806,-0.17194860018648028,0.5,1.0,35,12
prewhitened_ar,expanded_consumer_tech_12m_pct,oecd_asia_c26_bls_gbp_12m_pct,pandemic_2020_2022,2,-0.07366064849979577,-0.01006328569916867,1.0,1.0,34,12
prewhitened_ar,expanded_consumer_tech_12m_pct,oecd_asia_c26_bls_gbp_12m_pct,pandemic_2020_2022,3,-0.140780420395524,-0.17609134409307542,1.0,1.0,33,12
prewhitened_ar,expanded_consumer_tech_12m_pct,oecd_asia_c26_bls_gbp_12m_pct,pandemic_2020_2022,4,0.4353279700145424,0.42562242128559935,1.0,1.0,32,12
prewhitened_ar,expanded_consumer_tech_12m_pct,oecd_asia_c26_bls_gbp_12m_pct,pandemic_2020_2022,5,0.16086482610070962,0.034816029852832955,0.5,1.0,31,12
prewhitened_ar,expanded_consumer_tech_12m_pct,oecd_asia_c26_bls_gbp_12m_pct,pandemic_2020_2022,6,0.006411946045395215,-0.0052655247054286,1.0,1.0,30,12
prewhitened_ar,expanded_consumer_tech_12m_pct,oecd_asia_c26_bls_gbp_12m_pct,pandemic_2020_2022,7,-0.30151365999085167,-0.31970154513594784,0.5,1.0,29,12
prewhitened_ar,expanded_consumer_tech_12m_pct,oecd_asia_c26_bls_gbp_12m_pct,pandemic_2020_2022,8,0.14371811804574833,0.19701294940861827,0.5,1.0,28,12
prewhitened_ar,expanded_consumer_tech_12m_pct,oecd_asia_c26_bls_gbp_12m_pct,pandemic_2020_2022,9,-0.1289091168966171,-0.06436009847790283,1.0,1.0,27,12
prewhitened_ar,expanded_consumer_tech_12m_pct,oecd_asia_c26_bls_gbp_12m_pct,pandemic_2020_2022,10,-0.1293338440090472,-0.13144118020425602,1.0,1.0,26,12
prewhitened_ar,expanded_consumer_tech_12m_pct,oecd_asia_c26_bls_gbp_12m_pct,pandemic_2020_2022,11,0.37340385506765705,0.3597637599116514,0.5,1.0,25,12
prewhitened_ar,expanded_consumer_tech_12m_pct,oecd_asia_c26_bls_gbp_12m_pct,pandemic_2020_2022,12,-0.20351252359586613,-0.20351252359586613,1.0,1.0,24,12
prewhitened_ar,expanded_consumer_tech_12m_pct,oecd_asia_c26_bls_gbp_12m_pct,post_2022,0,0.10329836828968811,0.08630042065329124,1.0,1.0,33,12
prewhitened_ar,expanded_consumer_tech_12m_pct,oecd_asia_c26_bls_gbp_12m_pct,post_2022,1,0.12315906297866255,-0.08209969271077538,1.0,1.0,32,12
prewhitened_ar,expanded_consumer_tech_12m_pct,oecd_asia_c26_bls_gbp_12m_pct,post_2022,2,0.19857520028148756,0.13565282647829988,1.0,1.0,31,12
prewhitened_ar,expanded_consumer_tech_12m_pct,oecd_asia_c26_bls_gbp_12m_pct,post_2022,3,0.1288719497877304,0.12146182480816183,0.5,1.0,30,12
prewhitened_ar,expanded_consumer_tech_12m_pct,oecd_asia_c26_bls_gbp_12m_pct,post_2022,4,0.02100941241230665,0.12047057279887524,0.5,1.0,29,12
prewhitened_ar,expanded_consumer_tech_12m_pct,oecd_asia_c26_bls_gbp_12m_pct,post_2022,5,-0.0905609434546182,-0.08030014978978127,1.0,1.0,28,12
prewhitened_ar,expanded_consumer_tech_12m_pct,oecd_asia_c26_bls_gbp_12m_pct,post_2022,6,-0.20116544089875218,-0.31910620385321764,0.5,0.5,27,12
prewhitened_ar,expanded_consumer_tech_12m_pct,oecd_asia_c26_bls_gbp_12m_pct,post_2022,7,0.06506181262814961,-0.022424744687781224,1.0,1.0,26,12
prewhitened_ar,expanded_consumer_tech_12m_pct,oecd_asia_c26_bls_gbp_12m_pct,post_2022,8,0.0939346527789235,0.11378226284898164,1.0,1.0,25,12
prewhitened_ar,expanded_consumer_tech_12m_pct,oecd_asia_c26_bls_gbp_12m_pct,post_2022,9,0.1035603066542701,0.18133259417631387,1.0,1.0,24,12
prewhitened_ar,expanded_consumer_tech_12m_pct,oecd_asia_c26_bls_gbp_12m_pct,post_2022,10,0.015869604553215212,0.10424970378610399,0.5,1.0,23,12
prewhitened_ar,expanded_consumer_tech_12m_pct,oecd_asia_c26_bls_gbp_12m_pct,post_2022,11,0.3790771972697669,0.37966083953130003,0.5,0.5,22,12
prewhitened_ar,expanded_consumer_tech_12m_pct,oecd_asia_c26_bls_gbp_12m_pct,post_2022,12,-0.13511385072220855,-0.13511385072220855,1.0,1.0,21,12
prewhitened_ar,expanded_consumer_tech_12m_pct,fred_china_computer_electronics_gbp_12m_pct,full,0,0.1942575454576674,0.19456996641855231,0.11428571428571428,0.6285714285714286,105,12
prewhitened_ar,expanded_consumer_tech_12m_pct,fred_china_computer_electronics_gbp_12m_pct,full,1,0.016424842092305166,-0.06851426067789292,0.6857142857142857,1.0,104,12
prewhitened_ar,expanded_consumer_tech_12m_pct,fred_china_computer_electronics_gbp_12m_pct,full,2,0.0743645465951339,0.03419539324195152,0.8285714285714286,1.0,103,12
prewhitened_ar,expanded_consumer_tech_12m_pct,fred_china_computer_electronics_gbp_12m_pct,full,3,0.04897806692386917,0.029365860879686005,0.8285714285714286,1.0,102,12
prewhitened_ar,expanded_consumer_tech_12m_pct,fred_china_computer_electronics_gbp_12m_pct,full,4,0.09136543225801079,0.11648892042641029,0.35714285714285715,1.0,101,12
prewhitened_ar,expanded_consumer_tech_12m_pct,fred_china_computer_electronics_gbp_12m_pct,full,5,0.05917915926939239,0.0635035659680125,0.6142857142857143,1.0,100,12
prewhitened_ar,expanded_consumer_tech_12m_pct,fred_china_computer_electronics_gbp_12m_pct,full,6,0.012018227061801098,-0.01357054506879143,0.9857142857142858,1.0,99,12
prewhitened_ar,expanded_consumer_tech_12m_pct,fred_china_computer_electronics_gbp_12m_pct,full,7,0.09177946969241067,0.06687271449631736,0.6,1.0,98,12
prewhitened_ar,expanded_consumer_tech_12m_pct,fred_china_computer_electronics_gbp_12m_pct,full,8,0.15240415142647531,0.16419850977203457,0.18571428571428572,0.9857142857142858,97,12
prewhitened_ar,expanded_consumer_tech_12m_pct,fred_china_computer_electronics_gbp_12m_pct,full,9,0.13687295093779364,0.16094589229465076,0.2,1.0,96,12
prewhitened_ar,expanded_consumer_tech_12m_pct,fred_china_computer_electronics_gbp_12m_pct,full,10,-0.03811815193658492,-0.016260972370595612,0.8571428571428571,1.0,95,12
prewhitened_ar,expanded_consumer_tech_12m_pct,fred_china_computer_electronics_gbp_12m_pct,full,11,0.16746024197937268,0.16432631230424727,0.14285714285714285,0.9857142857142858,94,12
prewhitened_ar,expanded_consumer_tech_12m_pct,fred_china_computer_electronics_gbp_12m_pct,full,12,-0.04046805480332016,-0.04046805480332016,0.7142857142857143,1.0,93,12
prewhitened_ar,expanded_consumer_tech_12m_pct,fred_china_computer_electronics_gbp_12m_pct,pre_2020,0,0.37790401480009483,0.4412587774750046,1.0,1.0,36,12
prewhitened_ar,expanded_consumer_tech_12m_pct,fred_china_computer_electronics_gbp_12m_pct,pre_2020,1,-0.19966650125084717,-0.3314507247106557,0.5,1.0,35,12
prewhitened_ar,expanded_consumer_tech_12m_pct,fred_china_computer_electronics_gbp_12m_pct,pre_2020,2,0.11895419231194737,0.02675431674011631,1.0,1.0,34,12
prewhitened_ar,expanded_consumer_tech_12m_pct,fred_china_computer_electronics_gbp_12m_pct,pre_2020,3,0.2899587361967477,0.35026442078379494,0.5,1.0,33,12
prewhitened_ar,expanded_consumer_tech_12m_pct,fred_china_computer_electronics_gbp_12m_pct,pre_2020,4,-0.2303976185998794,-0.2115683693997185,0.5,1.0,32,12
prewhitened_ar,expanded_consumer_tech_12m_pct,fred_china_computer_electronics_gbp_12m_pct,pre_2020,5,-0.012864222508173477,-0.011511812946569026,1.0,1.0,31,12
prewhitened_ar,expanded_consumer_tech_12m_pct,fred_china_computer_electronics_gbp_12m_pct,pre_2020,6,0.23054780761577293,0.15882257877217731,1.0,1.0,30,12
prewhitened_ar,expanded_consumer_tech_12m_pct,fred_china_computer_electronics_gbp_12m_pct,pre_2020,7,0.032375260422226985,0.03383308174216309,1.0,1.0,29,12
prewhitened_ar,expanded_consumer_tech_12m_pct,fred_china_computer_electronics_gbp_12m_pct,pre_2020,8,-0.2503539957731315,-0.323256734042509,0.5,1.0,28,12
prewhitened_ar,expanded_consumer_tech_12m_pct,fred_china_computer_electronics_gbp_12m_pct,pre_2020,9,0.20172308616224,0.15465745353972774,0.5,1.0,27,12
prewhitened_ar,expanded_consumer_tech_12m_pct,fred_china_computer_electronics_gbp_12m_pct,pre_2020,10,-0.07350902340208232,-0.140442014701902,1.0,1.0,26,12
prewhitened_ar,expanded_consumer_tech_12m_pct,fred_china_computer_electronics_gbp_12m_pct,pre_2020,11,-0.23921562879343847,-0.26987870076465353,0.5,1.0,25,12
prewhitened_ar,expanded_consumer_tech_12m_pct,fred_china_computer_electronics_gbp_12m_pct,pre_2020,12,0.0011359229480089076,0.0011359229480089076,1.0,1.0,24,12
prewhitened_ar,expanded_consumer_tech_12m_pct,fred_china_computer_electronics_gbp_12m_pct,pandemic_2020_2022,0,0.17062629540335947,0.07605303297739355,0.5,1.0,36,12
prewhitened_ar,expanded_consumer_tech_12m_pct,fred_china_computer_electronics_gbp_12m_pct,pandemic_2020_2022,1,0.02906128570193343,-0.18962661832269936,0.5,1.0,35,12
prewhitened_ar,expanded_consumer_tech_12m_pct,fred_china_computer_electronics_gbp_12m_pct,pandemic_2020_2022,2,-0.06092618428552006,0.008631374900118402,1.0,1.0,34,12
prewhitened_ar,expanded_consumer_tech_12m_pct,fred_china_computer_electronics_gbp_12m_pct,pandemic_2020_2022,3,-0.14833155491135605,-0.17960074404091408,1.0,1.0,33,12
prewhitened_ar,expanded_consumer_tech_12m_pct,fred_china_computer_electronics_gbp_12m_pct,pandemic_2020_2022,4,0.42725473464075614,0.41853302703027834,1.0,1.0,32,12
prewhitened_ar,expanded_consumer_tech_12m_pct,fred_china_computer_electronics_gbp_12m_pct,pandemic_2020_2022,5,0.1450706783459679,0.014586999401219604,0.5,1.0,31,12
prewhitened_ar,expanded_consumer_tech_12m_pct,fred_china_computer_electronics_gbp_12m_pct,pandemic_2020_2022,6,0.03186680745470496,0.028638346929962515,1.0,1.0,30,12
prewhitened_ar,expanded_consumer_tech_12m_pct,fred_china_computer_electronics_gbp_12m_pct,pandemic_2020_2022,7,-0.3069533013487727,-0.32897809321265886,0.5,1.0,29,12
prewhitened_ar,expanded_consumer_tech_12m_pct,fred_china_computer_electronics_gbp_12m_pct,pandemic_2020_2022,8,0.15343340738035052,0.20243660523795953,0.5,1.0,28,12
prewhitened_ar,expanded_consumer_tech_12m_pct,fred_china_computer_electronics_gbp_12m_pct,pandemic_2020_2022,9,-0.14305221377473312,-0.07846005715246594,1.0,1.0,27,12
prewhitened_ar,expanded_consumer_tech_12m_pct,fred_china_computer_electronics_gbp_12m_pct,pandemic_2020_2022,10,-0.1482408684045276,-0.14873736810060462,1.0,1.0,26,12
prewhitened_ar,expanded_consumer_tech_12m_pct,fred_china_computer_electronics_gbp_12m_pct,pandemic_2020_2022,11,0.3604409312788115,0.34561311088793445,0.5,1.0,25,12
prewhitened_ar,expanded_consumer_tech_12m_pct,fred_china_computer_electronics_gbp_12m_pct,pandemic_2020_2022,12,-0.1937171171519508,-0.1937171171519508,1.0,1.0,24,12
prewhitened_ar,expanded_consumer_tech_12m_pct,fred_china_computer_electronics_gbp_12m_pct,post_2022,0,0.095118088162048,0.0683649208251416,1.0,1.0,33,12
prewhitened_ar,expanded_consumer_tech_12m_pct,fred_china_computer_electronics_gbp_12m_pct,post_2022,1,0.13365454891155573,-0.07920216096748993,1.0,1.0,32,12
prewhitened_ar,expanded_consumer_tech_12m_pct,fred_china_computer_electronics_gbp_12m_pct,post_2022,2,0.2000883058034807,0.13205929831943408,1.0,1.0,31,12
prewhitened_ar,expanded_consumer_tech_12m_pct,fred_china_computer_electronics_gbp_12m_pct,post_2022,3,0.12673649896805825,0.11748113866053464,0.5,1.0,30,12
prewhitened_ar,expanded_consumer_tech_12m_pct,fred_china_computer_electronics_gbp_12m_pct,post_2022,4,0.018751561283697035,0.11502279027133903,0.5,1.0,29,12
prewhitened_ar,expanded_consumer_tech_12m_pct,fred_china_computer_electronics_gbp_12m_pct,post_2022,5,-0.08994553645498149,-0.08205980004187657,1.0,1.0,28,12
prewhitened_ar,expanded_consumer_tech_12m_pct,fred_china_computer_electronics_gbp_12m_pct,post_2022,6,-0.19572543418330393,-0.32007148826694953,0.5,0.5,27,12
prewhitened_ar,expanded_consumer_tech_12m_pct,fred_china_computer_electronics_gbp_12m_pct,post_2022,7,0.09535115547243118,0.0051073395231559186,1.0,1.0,26,12
prewhitened_ar,expanded_consumer_tech_12m_pct,fred_china_computer_electronics_gbp_12m_pct,post_2022,8,0.1169016358273161,0.13688649680047518,1.0,1.0,25,12
prewhitened_ar,expanded_consumer_tech_12m_pct,fred_china_computer_electronics_gbp_12m_pct,post_2022,9,0.11282647876843856,0.19269172915161256,1.0,1.0,24,12
prewhitened_ar,expanded_consumer_tech_12m_pct,fred_china_computer_electronics_gbp_12m_pct,post_2022,10,-0.01620340405423896,0.0655182479884444,0.5,1.0,23,12
prewhitened_ar,expanded_consumer_tech_12m_pct,fred_china_computer_electronics_gbp_12m_pct,post_2022,11,0.38312465372504034,0.38176704022647323,0.5,0.5,22,12
prewhitened_ar,expanded_consumer_tech_12m_pct,fred_china_computer_electronics_gbp_12m_pct,post_2022,12,-0.09812822356792254,-0.09812822356792254,1.0,1.0,21,12
prewhitened_ar,expanded_consumer_tech_12m_pct,fred_japan_computer_electronics_gbp_12m_pct,full,0,0.2016920248224937,0.1864314279236579,0.14285714285714285,0.6714285714285714,105,12
prewhitened_ar,expanded_consumer_tech_12m_pct,fred_japan_computer_electronics_gbp_12m_pct,full,1,0.03442517063654252,-0.0555333678300494,0.7285714285714285,1.0,104,12
prewhitened_ar,expanded_consumer_tech_12m_pct,fred_japan_computer_electronics_gbp_12m_pct,full,2,0.017719446890761992,-0.007249885695931841,0.9857142857142858,1.0,103,12
prewhitened_ar,expanded_consumer_tech_12m_pct,fred_japan_computer_electronics_gbp_12m_pct,full,3,0.019362964309868263,0.011414521789194977,0.9571428571428572,1.0,102,12
prewhitened_ar,expanded_consumer_tech_12m_pct,fred_japan_computer_electronics_gbp_12m_pct,full,4,0.07426746090227847,0.09773749863260495,0.4,1.0,101,12
prewhitened_ar,expanded_consumer_tech_12m_pct,fred_japan_computer_electronics_gbp_12m_pct,full,5,0.07182256399786822,0.06269620312407989,0.6285714285714286,1.0,100,12
prewhitened_ar,expanded_consumer_tech_12m_pct,fred_japan_computer_electronics_gbp_12m_pct,full,6,-0.03777623074251074,-0.07170737127657884,0.6142857142857143,1.0,99,12
prewhitened_ar,expanded_consumer_tech_12m_pct,fred_japan_computer_electronics_gbp_12m_pct,full,7,0.04339799842396096,0.025302475061946356,0.8571428571428571,1.0,98,12
prewhitened_ar,expanded_consumer_tech_12m_pct,fred_japan_computer_electronics_gbp_12m_pct,full,8,0.12550791101474404,0.14242531830532862,0.18571428571428572,0.9571428571428572,97,12
prewhitened_ar,expanded_consumer_tech_12m_pct,fred_japan_computer_electronics_gbp_12m_pct,full,9,0.12236767070916017,0.1400049054937252,0.17142857142857143,0.9714285714285714,96,12
prewhitened_ar,expanded_consumer_tech_12m_pct,fred_japan_computer_electronics_gbp_12m_pct,full,10,-0.012666423129355975,0.005895189410321039,0.9714285714285714,1.0,95,12
prewhitened_ar,expanded_consumer_tech_12m_pct,fred_japan_computer_electronics_gbp_12m_pct,full,11,0.20610817056616254,0.20158134678029788,0.1,0.6142857142857143,94,12
prewhitened_ar,expanded_consumer_tech_12m_pct,fred_japan_computer_electronics_gbp_12m_pct,full,12,-0.06253943299382447,-0.06253943299382447,0.5428571428571428,1.0,93,12
prewhitened_ar,expanded_consumer_tech_12m_pct,fred_japan_computer_electronics_gbp_12m_pct,pre_2020,0,0.32351871451108144,0.34789626615689556,1.0,1.0,36,12
prewhitened_ar,expanded_consumer_tech_12m_pct,fred_japan_computer_electronics_gbp_12m_pct,pre_2020,1,-0.31918723184538134,-0.4579593464195319,0.5,0.5,35,12
prewhitened_ar,expanded_consumer_tech_12m_pct,fred_japan_computer_electronics_gbp_12m_pct,pre_2020,2,0.09084533073535661,0.06588806569540297,1.0,1.0,34,12
prewhitened_ar,expanded_consumer_tech_12m_pct,fred_japan_computer_electronics_gbp_12m_pct,pre_2020,3,0.24188258654026398,0.28885334841080723,0.5,1.0,33,12
prewhitened_ar,expanded_consumer_tech_12m_pct,fred_japan_computer_electronics_gbp_12m_pct,pre_2020,4,-0.19368885209825237,-0.18426614115460066,0.5,1.0,32,12
prewhitened_ar,expanded_consumer_tech_12m_pct,fred_japan_computer_electronics_gbp_12m_pct,pre_2020,5,-0.05849167531373641,-0.022950274183790708,1.0,1.0,31,12
prewhitened_ar,expanded_consumer_tech_12m_pct,fred_japan_computer_electronics_gbp_12m_pct,pre_2020,6,0.15846040246777265,0.1024175705873855,1.0,1.0,30,12
prewhitened_ar,expanded_consumer_tech_12m_pct,fred_japan_computer_electronics_gbp_12m_pct,pre_2020,7,0.1357693160084999,0.15042289848974538,0.5,1.0,29,12
prewhitened_ar,expanded_consumer_tech_12m_pct,fred_japan_computer_electronics_gbp_12m_pct,pre_2020,8,-0.16698946163638886,-0.21318044240159975,0.5,1.0,28,12
prewhitened_ar,expanded_consumer_tech_12m_pct,fred_japan_computer_electronics_gbp_12m_pct,pre_2020,9,0.08903647708802831,0.057526632417304616,0.5,1.0,27,12
prewhitened_ar,expanded_consumer_tech_12m_pct,fred_japan_computer_electronics_gbp_12m_pct,pre_2020,10,-0.052959362650676335,-0.13274244798736698,1.0,1.0,26,12
prewhitened_ar,expanded_consumer_tech_12m_pct,fred_japan_computer_electronics_gbp_12m_pct,pre_2020,11,-0.010131368017895367,-0.04929419574929404,1.0,1.0,25,12
prewhitened_ar,expanded_consumer_tech_12m_pct,fred_japan_computer_electronics_gbp_12m_pct,pre_2020,12,-0.04327817241535155,-0.04327817241535155,1.0,1.0,24,12
prewhitened_ar,expanded_consumer_tech_12m_pct,fred_japan_computer_electronics_gbp_12m_pct,pandemic_2020_2022,0,0.13085255923973935,0.05269554831741402,0.5,1.0,36,12
prewhitened_ar,expanded_consumer_tech_12m_pct,fred_japan_computer_electronics_gbp_12m_pct,pandemic_2020_2022,1,0.09314058250852604,-0.08177887844820998,0.5,1.0,35,12
prewhitened_ar,expanded_consumer_tech_12m_pct,fred_japan_computer_electronics_gbp_12m_pct,pandemic_2020_2022,2,-0.16310585765019162,-0.133594753051666,0.5,1.0,34,12
prewhitened_ar,expanded_consumer_tech_12m_pct,fred_japan_computer_electronics_gbp_12m_pct,pandemic_2020_2022,3,-0.10753885504673182,-0.1057588827307572,1.0,1.0,33,12
prewhitened_ar,expanded_consumer_tech_12m_pct,fred_japan_computer_electronics_gbp_12m_pct,pandemic_2020_2022,4,0.3841577468326236,0.3286770659170433,1.0,1.0,32,12
prewhitened_ar,expanded_consumer_tech_12m_pct,fred_japan_computer_electronics_gbp_12m_pct,pandemic_2020_2022,5,0.2335299889483453,0.11137541983558931,0.5,1.0,31,12
prewhitened_ar,expanded_consumer_tech_12m_pct,fred_japan_computer_electronics_gbp_12m_pct,pandemic_2020_2022,6,-0.0021357108962963903,-0.007190534096421616,1.0,1.0,30,12
prewhitened_ar,expanded_consumer_tech_12m_pct,fred_japan_computer_electronics_gbp_12m_pct,pandemic_2020_2022,7,-0.29642645613632723,-0.3099171097479519,0.5,1.0,29,12
prewhitened_ar,expanded_consumer_tech_12m_pct,fred_japan_computer_electronics_gbp_12m_pct,pandemic_2020_2022,8,0.26364381492155897,0.3316804606225592,0.5,1.0,28,12
prewhitened_ar,expanded_consumer_tech_12m_pct,fred_japan_computer_electronics_gbp_12m_pct,pandemic_2020_2022,9,-0.26778422275250124,-0.22250577213254344,1.0,1.0,27,12
prewhitened_ar,expanded_consumer_tech_12m_pct,fred_japan_computer_electronics_gbp_12m_pct,pandemic_2020_2022,10,-0.109110421474756,-0.10772611003560434,1.0,1.0,26,12
prewhitened_ar,expanded_consumer_tech_12m_pct,fred_japan_computer_electronics_gbp_12m_pct,pandemic_2020_2022,11,0.35181735727173186,0.3385353803140337,0.5,1.0,25,12
prewhitened_ar,expanded_consumer_tech_12m_pct,fred_japan_computer_electronics_gbp_12m_pct,pandemic_2020_2022,12,-0.1628472849992211,-0.1628472849992211,0.5,1.0,24,12
prewhitened_ar,expanded_consumer_tech_12m_pct,fred_japan_computer_electronics_gbp_12m_pct,post_2022,0,0.19298320347461626,0.15758231095394365,1.0,1.0,33,12
prewhitened_ar,expanded_consumer_tech_12m_pct,fred_japan_computer_electronics_gbp_12m_pct,post_2022,1,0.25022598430424703,0.06152898386912589,1.0,1.0,32,12
prewhitened_ar,expanded_consumer_tech_12m_pct,fred_japan_computer_electronics_gbp_12m_pct,post_2022,2,0.16285261254131186,0.15571667843605724,1.0,1.0,31,12
prewhitened_ar,expanded_consumer_tech_12m_pct,fred_japan_computer_electronics_gbp_12m_pct,post_2022,3,0.07055525348932455,0.09439953974013598,0.5,1.0,30,12
prewhitened_ar,expanded_consumer_tech_12m_pct,fred_japan_computer_electronics_gbp_12m_pct,post_2022,4,0.06648730370527317,0.18346355057638541,0.5,1.0,29,12
prewhitened_ar,expanded_consumer_tech_12m_pct,fred_japan_computer_electronics_gbp_12m_pct,post_2022,5,-0.011487803662985692,-0.02768160670847885,1.0,1.0,28,12
prewhitened_ar,expanded_consumer_tech_12m_pct,fred_japan_computer_electronics_gbp_12m_pct,post_2022,6,-0.19926529444902877,-0.34020496594654426,0.5,0.5,27,12
prewhitened_ar,expanded_consumer_tech_12m_pct,fred_japan_computer_electronics_gbp_12m_pct,post_2022,7,-0.05383797903298245,-0.13875941316619217,1.0,1.0,26,12
prewhitened_ar,expanded_consumer_tech_12m_pct,fred_japan_computer_electronics_gbp_12m_pct,post_2022,8,-0.014975140804070298,0.015488386598495602,1.0,1.0,25,12
prewhitened_ar,expanded_consumer_tech_12m_pct,fred_japan_computer_electronics_gbp_12m_pct,post_2022,9,0.215359259977516,0.2901406684532517,0.5,0.5,24,12
prewhitened_ar,expanded_consumer_tech_12m_pct,fred_japan_computer_electronics_gbp_12m_pct,post_2022,10,0.04852027488638865,0.1274582732827366,0.5,1.0,23,12
prewhitened_ar,expanded_consumer_tech_12m_pct,fred_japan_computer_electronics_gbp_12m_pct,post_2022,11,0.4062730110232408,0.40043869553908595,0.5,0.5,22,12
prewhitened_ar,expanded_consumer_tech_12m_pct,fred_japan_computer_electronics_gbp_12m_pct,post_2022,12,-0.2012179849610088,-0.2012179849610088,0.5,1.0,21,12
prewhitened_ar,expanded_consumer_tech_12m_pct,fred_asian_nie_computer_electronics_gbp_12m_pct,full,0,0.1986728106618745,0.21221952556265156,0.1,0.5571428571428572,105,12
prewhitened_ar,expanded_consumer_tech_12m_pct,fred_asian_nie_computer_electronics_gbp_12m_pct,full,1,-0.0015753890406892276,-0.06829115900178136,0.5857142857142857,1.0,104,12
prewhitened_ar,expanded_consumer_tech_12m_pct,fred_asian_nie_computer_electronics_gbp_12m_pct,full,2,0.06328827674635738,0.028871157701101068,0.8142857142857143,1.0,103,12
prewhitened_ar,expanded_consumer_tech_12m_pct,fred_asian_nie_computer_electronics_gbp_12m_pct,full,3,0.058219773275154374,0.040669500750561756,0.7571428571428571,1.0,102,12
prewhitened_ar,expanded_consumer_tech_12m_pct,fred_asian_nie_computer_electronics_gbp_12m_pct,full,4,0.11252343533050323,0.148320889421453,0.21428571428571427,0.9714285714285714,101,12
prewhitened_ar,expanded_consumer_tech_12m_pct,fred_asian_nie_computer_electronics_gbp_12m_pct,full,5,0.04765711096114207,0.05986765125475209,0.5285714285714286,1.0,100,12
prewhitened_ar,expanded_consumer_tech_12m_pct,fred_asian_nie_computer_electronics_gbp_12m_pct,full,6,-0.05147828581804359,-0.07029718094887832,0.45714285714285713,1.0,99,12
prewhitened_ar,expanded_consumer_tech_12m_pct,fred_asian_nie_computer_electronics_gbp_12m_pct,full,7,0.08033772703223617,0.06515841498453817,0.5571428571428572,1.0,98,12
prewhitened_ar,expanded_consumer_tech_12m_pct,fred_asian_nie_computer_electronics_gbp_12m_pct,full,8,0.08250283989975891,0.09513042442985724,0.4142857142857143,1.0,97,12
prewhitened_ar,expanded_consumer_tech_12m_pct,fred_asian_nie_computer_electronics_gbp_12m_pct,full,9,0.12291784150966109,0.14800647442897444,0.2,0.9714285714285714,96,12
prewhitened_ar,expanded_consumer_tech_12m_pct,fred_asian_nie_computer_electronics_gbp_12m_pct,full,10,0.06411118702591166,0.09543527547209256,0.34285714285714286,1.0,95,12
prewhitened_ar,expanded_consumer_tech_12m_pct,fred_asian_nie_computer_electronics_gbp_12m_pct,full,11,0.19827346011192223,0.19754428601241347,0.1,0.7428571428571429,94,12
prewhitened_ar,expanded_consumer_tech_12m_pct,fred_asian_nie_computer_electronics_gbp_12m_pct,full,12,-0.07926772744449054,-0.07926772744449054,0.45714285714285713,1.0,93,12
prewhitened_ar,expanded_consumer_tech_12m_pct,fred_asian_nie_computer_electronics_gbp_12m_pct,pre_2020,0,0.3313408997121605,0.34861255007571035,1.0,1.0,36,12
prewhitened_ar,expanded_consumer_tech_12m_pct,fred_asian_nie_computer_electronics_gbp_12m_pct,pre_2020,1,-0.13206380136149867,-0.2766083832666484,0.5,1.0,35,12
prewhitened_ar,expanded_consumer_tech_12m_pct,fred_asian_nie_computer_electronics_gbp_12m_pct,pre_2020,2,0.09737779373577322,0.01803389354883307,1.0,1.0,34,12
prewhitened_ar,expanded_consumer_tech_12m_pct,fred_asian_nie_computer_electronics_gbp_12m_pct,pre_2020,3,0.25935089603500416,0.29326743152826246,1.0,1.0,33,12
prewhitened_ar,expanded_consumer_tech_12m_pct,fred_asian_nie_computer_electronics_gbp_12m_pct,pre_2020,4,-0.14446408932445837,-0.14320512320558382,0.5,1.0,32,12
prewhitened_ar,expanded_consumer_tech_12m_pct,fred_asian_nie_computer_electronics_gbp_12m_pct,pre_2020,5,-0.0344735844050088,-0.03233417102495016,1.0,1.0,31,12
prewhitened_ar,expanded_consumer_tech_12m_pct,fred_asian_nie_computer_electronics_gbp_12m_pct,pre_2020,6,0.15662943520597614,0.05080997519035574,1.0,1.0,30,12
prewhitened_ar,expanded_consumer_tech_12m_pct,fred_asian_nie_computer_electronics_gbp_12m_pct,pre_2020,7,0.1563085813672545,0.16895137944249392,0.5,1.0,29,12
prewhitened_ar,expanded_consumer_tech_12m_pct,fred_asian_nie_computer_electronics_gbp_12m_pct,pre_2020,8,-0.1923798584833145,-0.26564267539163533,0.5,1.0,28,12
prewhitened_ar,expanded_consumer_tech_12m_pct,fred_asian_nie_computer_electronics_gbp_12m_pct,pre_2020,9,0.10029237013068482,0.026571742954865363,0.5,1.0,27,12
prewhitened_ar,expanded_consumer_tech_12m_pct,fred_asian_nie_computer_electronics_gbp_12m_pct,pre_2020,10,-0.04086863976309299,-0.12393810182189871,0.5,1.0,26,12
prewhitened_ar,expanded_consumer_tech_12m_pct,fred_asian_nie_computer_electronics_gbp_12m_pct,pre_2020,11,-0.12669689951994056,-0.1638239479824863,1.0,1.0,25,12
prewhitened_ar,expanded_consumer_tech_12m_pct,fred_asian_nie_computer_electronics_gbp_12m_pct,pre_2020,12,-0.03039966983518455,-0.03039966983518455,1.0,1.0,24,12
prewhitened_ar,expanded_consumer_tech_12m_pct,fred_asian_nie_computer_electronics_gbp_12m_pct,pandemic_2020_2022,0,0.21452308588275026,0.16748867049643293,0.5,1.0,36,12
prewhitened_ar,expanded_consumer_tech_12m_pct,fred_asian_nie_computer_electronics_gbp_12m_pct,pandemic_2020_2022,1,0.03701277939168727,-0.12712979300425062,0.5,1.0,35,12
prewhitened_ar,expanded_consumer_tech_12m_pct,fred_asian_nie_computer_electronics_gbp_12m_pct,pandemic_2020_2022,2,-0.09697506545704955,-0.047310270095263764,0.5,1.0,34,12
prewhitened_ar,expanded_consumer_tech_12m_pct,fred_asian_nie_computer_electronics_gbp_12m_pct,pandemic_2020_2022,3,-0.12148041817574835,-0.18308887669179788,1.0,1.0,33,12
prewhitened_ar,expanded_consumer_tech_12m_pct,fred_asian_nie_computer_electronics_gbp_12m_pct,pandemic_2020_2022,4,0.4662300807846437,0.46737244292847063,1.0,1.0,32,12
prewhitened_ar,expanded_consumer_tech_12m_pct,fred_asian_nie_computer_electronics_gbp_12m_pct,pandemic_2020_2022,5,0.21011641982450713,0.10823760405728178,0.5,1.0,31,12
prewhitened_ar,expanded_consumer_tech_12m_pct,fred_asian_nie_computer_electronics_gbp_12m_pct,pandemic_2020_2022,6,-0.1002774172712113,-0.15409346042192465,0.5,1.0,30,12
prewhitened_ar,expanded_consumer_tech_12m_pct,fred_asian_nie_computer_electronics_gbp_12m_pct,pandemic_2020_2022,7,-0.253078684746395,-0.2556563901740353,0.5,1.0,29,12
prewhitened_ar,expanded_consumer_tech_12m_pct,fred_asian_nie_computer_electronics_gbp_12m_pct,pandemic_2020_2022,8,0.03526351387159354,0.09712326686141311,0.5,1.0,28,12
prewhitened_ar,expanded_consumer_tech_12m_pct,fred_asian_nie_computer_electronics_gbp_12m_pct,pandemic_2020_2022,9,-0.013723316501158442,0.05554759381618863,0.5,1.0,27,12
prewhitened_ar,expanded_consumer_tech_12m_pct,fred_asian_nie_computer_electronics_gbp_12m_pct,pandemic_2020_2022,10,-0.04512081779551327,-0.05462623618025177,1.0,1.0,26,12
prewhitened_ar,expanded_consumer_tech_12m_pct,fred_asian_nie_computer_electronics_gbp_12m_pct,pandemic_2020_2022,11,0.4040863784207096,0.39585617088186276,0.5,1.0,25,12
prewhitened_ar,expanded_consumer_tech_12m_pct,fred_asian_nie_computer_electronics_gbp_12m_pct,pandemic_2020_2022,12,-0.25042109588269285,-0.25042109588269285,1.0,1.0,24,12
prewhitened_ar,expanded_consumer_tech_12m_pct,fred_asian_nie_computer_electronics_gbp_12m_pct,post_2022,0,0.10364597423029229,0.1251633665233253,1.0,1.0,33,12
prewhitened_ar,expanded_consumer_tech_12m_pct,fred_asian_nie_computer_electronics_gbp_12m_pct,post_2022,1,0.03489323781635737,-0.13283258002187484,1.0,1.0,32,12
prewhitened_ar,expanded_consumer_tech_12m_pct,fred_asian_nie_computer_electronics_gbp_12m_pct,post_2022,2,0.1783496878267143,0.12471327798866332,1.0,1.0,31,12
prewhitened_ar,expanded_consumer_tech_12m_pct,fred_asian_nie_computer_electronics_gbp_12m_pct,post_2022,3,0.13925504108224585,0.13315464960318757,0.5,1.0,30,12
prewhitened_ar,expanded_consumer_tech_12m_pct,fred_asian_nie_computer_electronics_gbp_12m_pct,post_2022,4,0.004608650637967638,0.10737787476627993,0.5,1.0,29,12
prewhitened_ar,expanded_consumer_tech_12m_pct,fred_asian_nie_computer_electronics_gbp_12m_pct,post_2022,5,-0.0985954883109527,-0.06870466827750561,1.0,1.0,28,12
prewhitened_ar,expanded_consumer_tech_12m_pct,fred_asian_nie_computer_electronics_gbp_12m_pct,post_2022,6,-0.2042502813547034,-0.2877725377143277,1.0,1.0,27,12
prewhitened_ar,expanded_consumer_tech_12m_pct,fred_asian_nie_computer_electronics_gbp_12m_pct,post_2022,7,-0.020148913038061617,-0.09307596049229182,1.0,1.0,26,12
prewhitened_ar,expanded_consumer_tech_12m_pct,fred_asian_nie_computer_electronics_gbp_12m_pct,post_2022,8,0.03579266346314414,0.05272334738387445,1.0,1.0,25,12
prewhitened_ar,expanded_consumer_tech_12m_pct,fred_asian_nie_computer_electronics_gbp_12m_pct,post_2022,9,0.02650952481654735,0.09506822667221532,1.0,1.0,24,12
prewhitened_ar,expanded_consumer_tech_12m_pct,fred_asian_nie_computer_electronics_gbp_12m_pct,post_2022,10,0.1297023066907902,0.2417463071533962,0.5,1.0,23,12
prewhitened_ar,expanded_consumer_tech_12m_pct,fred_asian_nie_computer_electronics_gbp_12m_pct,post_2022,11,0.34431328550082824,0.3520919973675771,0.5,1.0,22,12
prewhitened_ar,expanded_consumer_tech_12m_pct,fred_asian_nie_computer_electronics_gbp_12m_pct,post_2022,12,-0.2514632357230986,-0.2514632357230986,0.5,1.0,21,12
prewhitened_ar,expanded_consumer_tech_12m_pct,asia_bls_common_factor_z,full,0,0.2023087838484096,0.20277947975971453,0.11428571428571428,0.6,105,12
prewhitened_ar,expanded_consumer_tech_12m_pct,asia_bls_common_factor_z,full,1,0.01698955234857278,-0.06533627546836343,0.7,1.0,104,12
prewhitened_ar,expanded_consumer_tech_12m_pct,asia_bls_common_factor_z,full,2,0.055002116803161305,0.02019070292964448,0.9142857142857143,1.0,103,12
prewhitened_ar,expanded_consumer_tech_12m_pct,asia_bls_common_factor_z,full,3,0.043599003530471775,0.02799682412673143,0.8857142857142857,1.0,102,12
prewhitened_ar,expanded_consumer_tech_12m_pct,asia_bls_common_factor_z,full,4,0.09399591391525082,0.12322084376775684,0.3142857142857143,1.0,101,12
prewhitened_ar,expanded_consumer_tech_12m_pct,asia_bls_common_factor_z,full,5,0.05847423052289336,0.06133003155749147,0.6428571428571429,1.0,100,12
prewhitened_ar,expanded_consumer_tech_12m_pct,asia_bls_common_factor_z,full,6,-0.026067323091761616,-0.052326849041435655,0.6714285714285714,1.0,99,12
prewhitened_ar,expanded_consumer_tech_12m_pct,asia_bls_common_factor_z,full,7,0.0726541875639947,0.05285311313559147,0.7285714285714285,1.0,98,12
prewhitened_ar,expanded_consumer_tech_12m_pct,asia_bls_common_factor_z,full,8,0.12305370955635171,0.13707988489763143,0.22857142857142856,1.0,97,12
prewhitened_ar,expanded_consumer_tech_12m_pct,asia_bls_common_factor_z,full,9,0.13019980139875317,0.15293468589861883,0.21428571428571427,0.9857142857142858,96,12
prewhitened_ar,expanded_consumer_tech_12m_pct,asia_bls_common_factor_z,full,10,0.0026686007643143992,0.027112994441782428,0.8428571428571429,1.0,95,12
prewhitened_ar,expanded_consumer_tech_12m_pct,asia_bls_common_factor_z,full,11,0.1917498729606802,0.1891745167388587,0.11428571428571428,0.6428571428571429,94,12
prewhitened_ar,expanded_consumer_tech_12m_pct,asia_bls_common_factor_z,full,12,-0.060899638753827555,-0.060899638753827555,0.5571428571428572,1.0,93,12
prewhitened_ar,expanded_consumer_tech_12m_pct,asia_bls_common_factor_z,pre_2020,0,0.352949309403795,0.39072180693772723,1.0,1.0,36,12
prewhitened_ar,expanded_consumer_tech_12m_pct,asia_bls_common_factor_z,pre_2020,1,-0.22360028509498953,-0.36513553551405525,0.5,1.0,35,12
prewhitened_ar,expanded_consumer_tech_12m_pct,asia_bls_common_factor_z,pre_2020,2,0.10227433452487512,0.0373024145791144,1.0,1.0,34,12
prewhitened_ar,expanded_consumer_tech_12m_pct,asia_bls_common_factor_z,pre_2020,3,0.26772273387317563,0.3154005364330888,0.5,1.0,33,12
prewhitened_ar,expanded_consumer_tech_12m_pct,asia_bls_common_factor_z,pre_2020,4,-0.19330120303101853,-0.18465334188205745,0.5,1.0,32,12
prewhitened_ar,expanded_consumer_tech_12m_pct,asia_bls_common_factor_z,pre_2020,5,-0.037462621772919535,-0.022404265140670687,1.0,1.0,31,12
prewhitened_ar,expanded_consumer_tech_12m_pct,asia_bls_common_factor_z,pre_2020,6,0.18383794582172747,0.10648312554273097,1.0,1.0,30,12
prewhitened_ar,expanded_consumer_tech_12m_pct,asia_bls_common_factor_z,pre_2020,7,0.10934282502580478,0.11809197840246699,0.5,1.0,29,12
prewhitened_ar,expanded_consumer_tech_12m_pct,asia_bls_common_factor_z,pre_2020,8,-0.20751887387625073,-0.27302976567659415,0.5,1.0,28,12
prewhitened_ar,expanded_consumer_tech_12m_pct,asia_bls_common_factor_z,pre_2020,9,0.13433172706251587,0.08609955717437989,0.5,1.0,27,12
prewhitened_ar,expanded_consumer_tech_12m_pct,asia_bls_common_factor_z,pre_2020,10,-0.05920329575407073,-0.1378891997005789,0.5,1.0,26,12
prewhitened_ar,expanded_consumer_tech_12m_pct,asia_bls_common_factor_z,pre_2020,11,-0.13076446982529227,-0.1688935225366017,1.0,1.0,25,12
prewhitened_ar,expanded_consumer_tech_12m_pct,asia_bls_common_factor_z,pre_2020,12,-0.022783010233183958,-0.022783010233183958,1.0,1.0,24,12
prewhitened_ar,expanded_consumer_tech_12m_pct,asia_bls_common_factor_z,pandemic_2020_2022,0,0.17253328056329836,0.09686756337184753,0.5,1.0,36,12
prewhitened_ar,expanded_consumer_tech_12m_pct,asia_bls_common_factor_z,pandemic_2020_2022,1,0.05673695662769643,-0.1330810288447115,0.5,1.0,35,12
prewhitened_ar,expanded_consumer_tech_12m_pct,asia_bls_common_factor_z,pandemic_2020_2022,2,-0.10689419257190444,-0.056266978103711354,0.5,1.0,34,12
prewhitened_ar,expanded_consumer_tech_12m_pct,asia_bls_common_factor_z,pandemic_2020_2022,3,-0.12671292433390924,-0.15838218268260593,1.0,1.0,33,12
prewhitened_ar,expanded_consumer_tech_12m_pct,asia_bls_common_factor_z,pandemic_2020_2022,4,0.43536356341156207,0.41449183074769275,1.0,1.0,32,12
prewhitened_ar,expanded_consumer_tech_12m_pct,asia_bls_common_factor_z,pandemic_2020_2022,5,0.19235492026888337,0.07037108675368905,0.5,1.0,31,12
prewhitened_ar,expanded_consumer_tech_12m_pct,asia_bls_common_factor_z,pandemic_2020_2022,6,-0.019528760136201886,-0.03814377825162995,1.0,1.0,30,12
prewhitened_ar,expanded_consumer_tech_12m_pct,asia_bls_common_factor_z,pandemic_2020_2022,7,-0.29840949065999905,-0.3119158179396403,0.5,1.0,29,12
prewhitened_ar,expanded_consumer_tech_12m_pct,asia_bls_common_factor_z,pandemic_2020_2022,8,0.16085511368261912,0.22235379316712572,0.5,1.0,28,12
prewhitened_ar,expanded_consumer_tech_12m_pct,asia_bls_common_factor_z,pandemic_2020_2022,9,-0.1440079652983237,-0.08421359836385155,1.0,1.0,27,12
prewhitened_ar,expanded_consumer_tech_12m_pct,asia_bls_common_factor_z,pandemic_2020_2022,10,-0.10438709046060553,-0.10747732507916907,1.0,1.0,26,12
prewhitened_ar,expanded_consumer_tech_12m_pct,asia_bls_common_factor_z,pandemic_2020_2022,11,0.381411545157833,0.3692005326659479,0.5,1.0,25,12
prewhitened_ar,expanded_consumer_tech_12m_pct,asia_bls_common_factor_z,pandemic_2020_2022,12,-0.20446059909703254,-0.20446059909703254,1.0,1.0,24,12
prewhitened_ar,expanded_consumer_tech_12m_pct,asia_bls_common_factor_z,post_2022,0,0.1325627094197233,0.12172650436160071,1.0,1.0,33,12
prewhitened_ar,expanded_consumer_tech_12m_pct,asia_bls_common_factor_z,post_2022,1,0.13907424773814353,-0.05757523883967288,1.0,1.0,32,12
prewhitened_ar,expanded_consumer_tech_12m_pct,asia_bls_common_factor_z,post_2022,2,0.18934244221756066,0.1426114578328664,1.0,1.0,31,12
prewhitened_ar,expanded_consumer_tech_12m_pct,asia_bls_common_factor_z,post_2022,3,0.11610974725262431,0.11761292677506902,0.5,1.0,30,12
prewhitened_ar,expanded_consumer_tech_12m_pct,asia_bls_common_factor_z,post_2022,4,0.029772509004230882,0.13750940797387146,0.5,1.0,29,12
prewhitened_ar,expanded_consumer_tech_12m_pct,asia_bls_common_factor_z,post_2022,5,-0.07040680072453187,-0.06215662918053361,1.0,1.0,28,12
prewhitened_ar,expanded_consumer_tech_12m_pct,asia_bls_common_factor_z,post_2022,6,-0.20599450516357803,-0.3233211738378953,0.5,0.5,27,12
prewhitened_ar,expanded_consumer_tech_12m_pct,asia_bls_common_factor_z,post_2022,7,0.010431579984483831,-0.07387118526794335,1.0,1.0,26,12
prewhitened_ar,expanded_consumer_tech_12m_pct,asia_bls_common_factor_z,post_2022,8,0.044209539136418584,0.06606601598469738,1.0,1.0,25,12
prewhitened_ar,expanded_consumer_tech_12m_pct,asia_bls_common_factor_z,post_2022,9,0.11508692595413819,0.19111761784795137,1.0,1.0,24,12
prewhitened_ar,expanded_consumer_tech_12m_pct,asia_bls_common_factor_z,post_2022,10,0.05527275326086168,0.1487471012567424,0.5,1.0,23,12
prewhitened_ar,expanded_consumer_tech_12m_pct,asia_bls_common_factor_z,post_2022,11,0.38492475489466565,0.38607533901271807,0.5,0.5,22,12
prewhitened_ar,expanded_consumer_tech_12m_pct,asia_bls_common_factor_z,post_2022,12,-0.1871212462002751,-0.1871212462002751,0.5,1.0,21,12
