observation_date,COOASZ3344,COOASZ334,COCHNZ334,COJPNZ334,OASTOT,DEXKOUS,DEXTAUS,DEXCHUS,DEXHKUS
1981-01-02,,,,,,,,1.5341,5.135
1981-01-05,,,,,,,,1.5418,5.127
1981-01-06,,,,,,,,1.5264,5.13
1981-01-07,,,,,,,,1.5264,5.131
1981-01-08,,,,,,,,1.5264,5.144
1981-01-09,,,,,,,,1.5371,5.148
1981-01-12,,,,,,,,1.5371,5.15
1981-01-13,,,,,,,,1.5449,5.172
1981-01-14,,,,,,,,1.5449,5.1795
1981-01-15,,,,,,,,1.5449,5.177
1981-01-16,,,,,,,,1.5557,5.184
1981-01-19,,,,,,,,1.5557,5.181
1981-01-20,,,,,,,,1.5557,5.179
1981-01-21,,,,,,,,1.5557,5.1665
1981-01-22,,,,,,,,1.551,5.19
1981-01-23,,,,,,,,1.551,5.197
1981-01-26,,,,,,,,1.5634,5.221
1981-01-27,,,,,,,,1.5759,5.239
1981-01-28,,,,,,,,1.5822,5.245
1981-01-29,,,,,,,,1.5886,5.249
1981-01-30,,,,,,,,1.5886,5.288
1981-02-02,,,,,,,,1.6108,5.281
1981-02-03,,,,,,,,1.6108,5.3075
1981-02-04,,,,,,,,1.6028,5.276
1981-02-05,,,,,,,,1.6028,5.295
1981-02-06,,,,,,,,1.6028,5.295
1981-02-09,,,,,,,,1.6059,5.295
1981-02-10,,,,,,,,1.6059,5.292
1981-02-11,,,,,,,,1.6059,5.2915
1981-02-12,,,,,,,,,
1981-02-13,,,,,,,,1.6285,5.355
1981-02-16,,,,,,,,,
1981-02-17,,,,,,,,1.6579,5.3315
1981-02-18,,,,,,,,1.6298,5.322
1981-02-19,,,,,,,,1.6298,5.2975
1981-02-20,,,,,,,,1.6021,5.28
1981-02-23,,,,,,,,1.5909,5.2845
1981-02-24,,,,,,,,1.6099,5.289
1981-02-25,,,,,,,,1.6035,5.289
1981-02-26,,,,,,,,1.6179,5.3035
1981-02-27,,,,,,,,1.6179,5.337
1981-03-02,,,,,,,,1.6293,5.366
1981-03-03,,,,,,,,1.6456,5.371
1981-03-04,,,,,,,,1.6374,5.352
1981-03-05,,,,,,,,1.6456,5.362
1981-03-06,,,,,,,,1.6456,5.362
1981-03-09,,,,,,,,1.6456,5.342
1981-03-10,,,,,,,,1.6407,5.3205
1981-03-11,,,,,,,,1.6407,5.298
1981-03-12,,,,,,,,1.6407,5.3085
1981-03-13,,,,,,,,1.6407,5.292
1981-03-16,,,,,,,,1.6402,5.279
1981-03-17,,,,,,,,1.6309,5.269
1981-03-18,,,,,,,,1.6227,5.2325
1981-03-19,,,,,,,,1.6049,5.246
1981-03-20,,,,,,,,1.6129,5.24
1981-03-23,,,,,,,,1.6129,5.268
1981-03-24,,,,,,,,1.6209,5.278
1981-03-25,,,,,,,,1.6209,5.279
1981-03-26,,,,,,,,1.6209,5.293
1981-03-27,,,,,,,,1.6372,5.3
1981-03-30,,,,,,,,1.6372,5.281
1981-03-31,,,,,,,,1.6165,5.287
1981-04-01,,,,,,,,1.6337,5.29
1981-04-02,,,,,,,,1.6337,5.304
1981-04-03,,,,,,,,1.6418,5.325
1981-04-06,,,,,,,,1.65,5.341
1981-04-07,,,,,,,,1.6599,5.335
1981-04-08,,,,,,,,1.6483,5.3315
1981-04-09,,,,,,,,1.6483,5.3505
1981-04-10,,,,,,,,1.6565,5.354
1981-04-13,,,,,,675.4,,1.6565,5.3775
1981-04-14,,,,,,676.7,,1.6682,5.3695
1981-04-15,,,,,,676.7,,1.6682,5.363
1981-04-16,,,,,,676.7,,1.6798,5.381
1981-04-17,,,,,,676.75,,1.6798,5.39
1981-04-20,,,,,,676.7,,1.6798,5.3925
1981-04-21,,,,,,676.7,,1.6798,5.384
1981-04-22,,,,,,676.7,,1.6798,5.369
1981-04-23,,,,,,676.7,,1.6798,5.366
1981-04-24,,,,,,678.1,,1.6798,5.369
1981-04-27,,,,,,678.1,,1.6798,5.365
1981-04-28,,,,,,678.1,,1.6798,5.364
1981-04-29,,,,,,678.1,,1.6798,5.3715
1981-04-30,,,,,,678.9,,1.6882,5.371
1981-05-01,,,,,,679.6,,1.6882,5.3725
1981-05-04,,,,,,679.6,,1.6882,5.403
1981-05-05,,,,,,679.6,,1.7085,5.436
1981-05-06,,,,,,680.1,,1.717,5.426
1981-05-07,,,,,,680.1,,1.717,5.439
1981-05-08,,,,,,680.4,,1.717,5.42
1981-05-11,,,,,,680.4,,1.717,5.43
1981-05-12,,,,,,680.8,,1.7273,5.4425
1981-05-13,,,,,,680.8,,1.7273,5.4425
1981-05-14,,,,,,682.1,,1.7359,5.479
1981-05-15,,,,,,682.8,,1.7359,5.465
1981-05-18,,,,,,682.9,,1.7359,5.448
1981-05-19,,,,,,682.9,,1.7359,5.451
1981-05-20,,,,,,683.1,,1.7359,5.444
1981-05-21,,,,,,683.1,,1.7272,5.471
1981-05-22,,,,,,683.1,,1.7429,5.4675
1981-05-25,,,,,,,,,
1981-05-26,,,,,,683.8,,1.7392,5.4725
1981-05-27,,,,,,684.1,,1.748,5.484
1981-05-28,,,,,,684.4,,1.748,5.4815
1981-05-29,,,,,,684.4,,1.748,5.4705
1981-06-01,,,,,,684.4,,1.748,5.463
1981-06-02,,,,,,684.4,,1.7567,5.4745
1981-06-03,,,,,,684.4,,1.7567,5.4785
1981-06-04,,,,,,684.4,,1.7672,5.54
1981-06-05,,,,,,684.6,,1.7813,5.536
1981-06-08,,,,,,684.6,,1.7813,5.529
1981-06-09,,,,,,684.6,,1.7813,5.525
1981-06-10,,,,,,684.6,,1.7742,5.515
1981-06-11,,,,,,684.6,,1.7813,5.545
1981-06-12,,,,,,684.6,,1.7724,5.5365
1981-06-15,,,,,,684.6,,1.7512,5.45
1981-06-16,,,,,,684.6,,1.7512,5.468
1981-06-17,,,,,,684.6,,1.7512,5.503
1981-06-18,,,,,,684.6,,1.7599,5.532
1981-06-19,,,,,,684.6,,1.7599,5.5255
1981-06-22,,,,,,684.6,,1.7511,5.5175
1981-06-23,,,,,,684.6,,1.7511,5.4945
1981-06-24,,,,,,684.6,,1.7511,5.5055
1981-06-25,,,,,,684.6,,1.7511,5.5375
1981-06-26,,,,,,683.2,,1.7511,5.545
1981-06-29,,,,,,683.2,,1.7511,5.553
1981-06-30,,,,,,683.2,,1.7511,5.55
1981-07-01,,,,,,683.2,,1.7511,5.556
1981-07-02,,,,,,685.8,,1.7616,5.7365
1981-07-03,,,,,,686.1,,1.7616,5.592
1981-07-06,,,,,,686.1,,1.7616,5.6225
1981-07-07,,,,,,686.7,,1.7686,5.627
1981-07-08,,,,,,686.7,,1.7686,5.683
1981-07-09,,,,,,686.7,,1.7686,5.672
1981-07-10,,,,,,686.7,,1.7686,5.673
1981-07-13,,,,,,686.7,,1.7598,5.703
1981-07-14,,,,,,686.7,,1.751,5.706
1981-07-15,,,,,,686.7,,1.7598,5.712
1981-07-16,,,,,,686.7,,1.751,5.675
1981-07-17,,,,,,686.7,,1.751,5.708
1981-07-20,,,,,,686.7,,1.7597,5.73
1981-07-21,,,,,,686.7,,1.7667,5.732
1981-07-22,,,,,,686.7,,1.7667,5.731
1981-07-23,,,,,,686.7,,1.7667,5.7205
1981-07-24,,,,,,686.7,,1.7667,5.726
1981-07-27,,,,,,686.7,,1.7667,5.746
1981-07-28,,,,,,686.7,,1.7755,5.7725
1981-07-29,,,,,,686.7,,1.7755,5.7855
1981-07-30,,,,,,686.7,,1.7755,5.787
1981-07-31,,,,,,686.95,,1.7845,5.787
1981-08-03,,,,,,687.25,,1.7934,5.825
1981-08-04,,,,,,687.55,,1.8113,5.918
1981-08-05,,,,,,687.85,,1.8113,5.935
1981-08-06,,,,,,687.85,,1.8041,5.93
1981-08-07,,,,,,687.85,,1.8149,5.935
1981-08-10,,,,,,687.85,,1.8367,5.986
1981-08-11,,,,,,687.85,,1.8367,5.975
1981-08-12,,,,,,687.85,,1.8092,5.95
1981-08-13,,,,,,687.85,,1.8092,5.95
1981-08-14,,,,,,687.85,,1.8218,5.945
1981-08-17,,,,,,687.85,,1.8,5.9375
1981-08-18,,,,,,687.85,,1.8,5.939
1981-08-19,,,,,,687.85,,1.791,5.965
1981-08-20,,,,,,687.85,,1.791,5.938
1981-08-21,,,,,,687.85,,1.773,5.915
1981-08-24,,,,,,687.85,,1.7872,5.927
1981-08-25,,,,,,687.85,,1.7997,5.975
1981-08-26,,,,,,687.85,,1.7853,5.947
1981-08-27,,,,,,687.85,,1.7853,5.952
1981-08-28,,,,,,687.85,,1.7727,5.931
1981-08-31,,,,,,687.85,,1.7727,5.93
1981-09-01,,,,,,687.85,,1.7815,5.9525
1981-09-02,,,,,,687.85,,1.7815,5.942
1981-09-03,,,,,,687.85,,1.7673,5.946
1981-09-04,,,,,,687.85,,1.7673,5.944
1981-09-07,,,,,,,,,
1981-09-08,,,,,,687.85,,1.7673,5.9805
1981-09-09,,,,,,687.85,,1.7796,5.993
1981-09-10,,,,,,687.85,,1.7686,6.005
1981-09-11,,,,,,687.85,,1.7689,5.9975
1981-09-14,,,,,,688.1,,1.7565,5.9875
1981-09-15,,,,,,688.1,,1.7319,5.993
1981-09-16,,,,,,688.1,,1.7319,5.985
1981-09-17,,,,,,688.1,,1.7233,5.99
1981-09-18,,,,,,688.1,,1.7233,5.99
1981-09-21,,,,,,688.1,,1.7233,6.005
1981-09-22,,,,,,688.1,,1.7181,6.0625
1981-09-23,,,,,,688.1,,1.7404,6.113
1981-09-24,,,,,,688.1,,1.7492,6.15
1981-09-25,,,,,,681.25,,1.7579,6.105
1981-09-28,,,,,,681.25,,1.7667,6.146
1981-09-29,,,,,,681.25,,1.7614,6.12
1981-09-30,,,,,,681.25,,1.7719,6.1375
1981-10-01,,,,,,681.25,,1.7719,6.155
1981-10-02,,,,,,681.25,,1.7719,6.03
1981-10-05,,,,,,688.1,,1.7525,6.03
1981-10-06,,,,,,681.25,,1.7525,6.03
1981-10-07,,,,,,681.25,,1.7507,6.025
1981-10-08,,,,,,681.25,,1.7366,6.03
1981-10-09,,,,,,681.25,,1.7297,5.99
1981-10-12,,,,,,,,,
1981-10-13,,,,,,681.25,,1.7297,6.01
1981-10-14,,,,,,681.25,,1.7383,6.015
1981-10-15,,,,,,681.25,,1.7383,6.02
1981-10-16,,,,,,685.25,,1.7506,6.03
1981-10-19,,,,,,685.25,,1.7505,5.98
1981-10-20,,,,,,685.25,,1.7505,6.01
1981-10-21,,,,,,685.25,,1.7575,5.995
1981-10-22,,,,,,685.25,,1.768,5.988
1981-10-23,,,,,,685.25,,1.768,5.99
1981-10-26,,,,,,685.25,,1.768,5.938
1981-10-27,,,,,,685.25,,1.7857,5.852
1981-10-28,,,,,,685.25,,1.7857,5.8825
1981-10-29,,,,,,685.25,,1.7857,5.862
1981-10-30,,,,,,688.25,,1.7678,5.862
1981-11-02,,,,,,688.25,,1.7502,5.83
1981-11-03,,,,,,,,,
1981-11-04,,,,,,688.25,,1.7502,5.723
1981-11-05,,,,,,688.25,,1.7502,5.675
1981-11-06,,,,,,688.25,,1.7502,5.677
1981-11-09,,,,,,688.25,,1.7414,5.62
1981-11-10,,,,,,688.25,,1.7414,5.66
1981-11-11,,,,,,,,,
1981-11-12,,,,,,688.45,,1.7484,5.663
1981-11-13,,,,,,688.45,,1.7343,5.6475
1981-11-16,,,,,,688.45,,1.7343,5.6475
1981-11-17,,,,,,688.45,,1.743,5.675
1981-11-18,,,,,,688.45,,1.743,5.6825
1981-11-19,,,,,,688.45,,1.7326,5.6625
1981-11-20,,,,,,688.45,,1.743,5.658
1981-11-23,,,,,,688.45,,1.743,5.653
1981-11-24,,,,,,688.45,,1.743,5.647
1981-11-25,,,,,,688.8,,1.743,5.6425
1981-11-26,,,,,,,,,
1981-11-27,,,,,,689.9,,1.7274,5.65
1981-11-30,,,,,,689.9,,1.7171,5.6125
1981-12-01,,,,,,689.9,,1.7171,5.618
1981-12-02,,,,,,689.9,,1.724,5.5075
1981-12-03,,,,,,691.2,,1.724,5.595
1981-12-04,,,,,,691.75,,1.724,5.5875
1981-12-07,,,,,,691.75,,1.724,5.577
1981-12-08,,,,,,691.75,,1.724,5.575
1981-12-09,,,,,,691.75,,1.736,5.58
1981-12-10,,,,,,691.75,,1.736,5.635
1981-12-11,,,,,,691.75,,1.736,5.625
1981-12-14,,,,,,695.3,,1.7517,5.6325
1981-12-15,,,,,,695.3,,1.7517,5.635
1981-12-16,,,,,,695.3,,1.7429,5.638
1981-12-17,,,,,,695.3,,1.7429,5.65
1981-12-18,,,,,,696.45,,1.7429,5.6675
1981-12-21,,,,,,696.45,,1.7569,5.665
1981-12-22,,,,,,696.45,,1.7569,5.6625
1981-12-23,,,,,,696.45,,1.7499,5.6625
1981-12-24,,,,,,696.45,,1.7499,5.675
1981-12-25,,,,,,,,,
1981-12-28,,,,,,696.45,,1.7499,5.675
1981-12-29,,,,,,700.15,,1.7499,5.6825
1981-12-30,,,,,,700.75,,1.7499,5.69
1981-12-31,,,,,,700.75,,1.7499,5.6875
1982-01-01,,,,,,,,,
1982-01-04,,,,,,701.25,,1.7499,5.665
1982-01-05,,,,,,701.25,,1.7393,5.695
1982-01-06,,,,,,701.25,,1.7481,5.7
1982-01-07,,,,,,702.35,,1.7481,5.73
1982-01-08,,,,,,702.95,,1.7481,5.725
1982-01-11,,,,,,702.95,,1.7481,5.7605
1982-01-12,,,,,,702.95,,1.7655,5.796
1982-01-13,,,,,,704.25,,1.7655,5.778
1982-01-14,,,,,,705.55,,1.7655,5.858
1982-01-15,,,,,,705.55,,1.7761,5.853
1982-01-18,,,,,,705.55,,1.7868,5.887
1982-01-19,,,,,,706.85,,1.7796,5.818
1982-01-20,,,,,,706.85,,1.7796,5.825
1982-01-21,,,,,,707.15,,1.7796,5.82
1982-01-22,,,,,,707.15,,1.7796,5.815
1982-01-25,,,,,,707.15,,1.7904,5.885
1982-01-26,,,,,,707.15,,1.7904,5.86
1982-01-27,,,,,,708.35,,1.7904,5.82
1982-01-28,,,,,,708.35,,1.7975,5.8375
1982-01-29,,,,,,708.55,,1.7975,5.79
1982-02-01,,,,,,708.55,,1.7895,5.859
1982-02-02,,,,,,708.85,,1.8083,5.86
1982-02-03,,,,,,709.25,,1.8155,5.8825
1982-02-04,,,,,,709.25,,1.8155,5.8575
1982-02-05,,,,,,709.25,,1.8155,5.845
1982-02-08,,,,,,709.25,,1.8155,5.855
1982-02-09,,,,,,709.25,,1.8247,5.885
1982-02-10,,,,,,709.75,,1.8247,5.885
1982-02-11,,,,,,709.75,,1.825,5.885
1982-02-12,,,,,,,,,
1982-02-15,,,,,,,,,
1982-02-16,,,,,,710.8,,1.8247,5.925
1982-02-17,,,,,,710.8,,1.8247,5.925
1982-02-18,,,,,,710.8,,1.8338,5.893
1982-02-19,,,,,,710.8,,1.8227,5.888
1982-02-22,,,,,,710.8,,1.8136,5.8925
1982-02-23,,,,,,710.8,,1.8136,5.905
1982-02-24,,,,,,710.8,,1.8282,5.903
1982-02-25,,,,,,710.8,,1.8282,5.902
1982-02-26,,,,,,711.45,,1.8355,5.895
1982-03-01,,,,,,712.15,,1.8447,5.895
1982-03-02,,,,,,712.15,,1.8447,5.88
1982-03-03,,,,,,712.15,,1.8355,5.873
1982-03-04,,,,,,712.45,,1.8335,5.863
1982-03-05,,,,,,712.45,,1.8263,5.85
1982-03-08,,,,,,712.45,,1.8171,5.835
1982-03-09,,,,,,712.45,,1.8171,5.855
1982-03-10,,,,,,712.45,,1.8299,5.806
1982-03-11,,,,,,712.45,,1.8229,5.793
1982-03-12,,,,,,712.45,,1.8335,5.779
1982-03-15,,,,,,714.55,,1.8335,5.765
1982-03-16,,,,,,714.55,,1.8335,5.813
1982-03-17,,,,,,715.15,,1.8426,5.794
1982-03-18,,,,,,715.15,,1.8426,5.81
1982-03-19,,,,,,715.55,,1.8426,5.817
1982-03-22,,,,,,716.25,,1.8518,5.838
1982-03-23,,,,,,716.95,,1.861,5.825
1982-03-24,,,,,,716.95,,1.8517,5.813
1982-03-25,,,,,,716.95,,1.8517,5.817
1982-03-26,,,,,,717.45,,1.8628,5.826
1982-03-29,,,,,,718.15,,1.8628,5.8555
1982-03-30,,,,,,718.15,,1.8722,5.841
1982-03-31,,,,,,718.15,,1.8722,5.843
1982-04-01,,,,,,718.15,,1.8722,5.823
1982-04-02,,,,,,719.15,,1.8528,5.823
1982-04-05,,,,,,719.15,,1.8628,5.832
1982-04-06,,,,,,719.15,,1.8628,5.844
1982-04-07,,,,,,719.95,,1.8628,5.836
1982-04-08,,,,,,719.95,,1.8628,5.837
1982-04-09,,,,,,721.25,,1.8628,5.837
1982-04-12,,,,,,721.25,,1.8628,5.845
1982-04-13,,,,,,721.25,,1.8628,5.828
1982-04-14,,,,,,721.25,,1.8628,5.82
1982-04-15,,,,,,721.25,,1.8628,5.827
1982-04-16,,,,,,721.85,,1.8722,5.838
1982-04-19,,,,,,721.85,,1.8628,5.828
1982-04-20,,,,,,721.85,,1.8628,5.805
1982-04-21,,,,,,721.85,,1.8628,5.805
1982-04-22,,,,,,721.85,,1.8517,5.818
1982-04-23,,,,,,721.95,,1.8517,5.837
1982-04-26,,,,,,721.95,,1.8443,5.825
1982-04-27,,,,,,721.95,,1.8443,5.832
1982-04-28,,,,,,721.95,,1.8333,5.825
1982-04-29,,,,,,721.95,,1.8333,5.812
1982-04-30,,,,,,721.95,,1.8333,5.817
1982-05-03,,,,,,721.95,,1.8222,5.816
1982-05-04,,,,,,721.95,,1.8222,5.817
1982-05-05,,,,,,721.95,,1.8222,5.81
1982-05-06,,,,,,721.95,,1.8131,5.785
1982-05-07,,,,,,721.95,,1.7986,5.763
1982-05-10,,,,,,721.95,,1.7986,5.771
1982-05-11,,,,,,721.95,,1.7986,5.765
1982-05-12,,,,,,721.95,,1.7986,5.757
1982-05-13,,,,,,721.95,,1.7986,5.767
1982-05-14,,,,,,723.95,,1.813,5.767
1982-05-17,,,,,,724.55,,1.813,5.73
1982-05-18,,,,,,724.55,,1.813,5.7375
1982-05-19,,,,,,725.35,,1.813,5.727
1982-05-20,,,,,,725.35,,1.813,5.7325
1982-05-21,,,,,,725.35,,1.813,5.71
1982-05-24,,,,,,725.35,,1.813,5.705
1982-05-25,,,,,,725.35,,1.813,5.738
1982-05-26,,,,,,728.95,,1.813,5.722
1982-05-27,,,,,,728.95,,1.8239,5.731
1982-05-28,,,,,,731.75,,1.8331,5.7475
1982-05-31,,,,,,,,,
1982-06-01,,,,,,731.75,,1.8331,5.777
1982-06-02,,,,,,734.75,,1.8514,5.78
1982-06-03,,,,,,734.75,,1.8514,5.765
1982-06-04,,,,,,735.75,,1.8514,5.7775
1982-06-07,,,,,,735.75,,1.8514,5.825
1982-06-08,,,,,,737.05,,1.8625,5.821
1982-06-09,,,,,,737.05,,1.8756,5.8375
1982-06-10,,,,,,737.05,,1.8756,5.84
1982-06-11,,,,,,738.55,,1.8868,5.827
1982-06-14,,,,,,738.55,,1.8755,5.854
1982-06-15,,,,,,738.55,,1.9074,5.88
1982-06-16,,,,,,738.55,,1.9074,5.868
1982-06-17,,,,,,739.55,,1.9226,5.886
1982-06-18,,,,,,739.55,,1.9322,5.9175
1982-06-21,,,,,,740.05,,1.9322,5.969
1982-06-22,,,,,,740.05,,1.9477,5.95
1982-06-23,,,,,,740.05,,1.9477,5.941
1982-06-24,,,,,,740.05,,1.9398,5.8875
1982-06-25,,,,,,741.3,,1.9398,5.91
1982-06-28,,,,,,741.3,,1.9515,5.937
1982-06-29,,,,,,741.3,,1.9515,5.92
1982-06-30,,,,,,741.3,,1.9358,5.9025
1982-07-01,,,,,,741.3,,1.9358,5.9075
1982-07-02,,,,,,744.0,,1.9358,5.887
1982-07-05,,,,,,,,,
1982-07-06,,,,,,744.0,,1.9358,5.9105
1982-07-07,,,,,,744.0,,1.9552,5.95
1982-07-08,,,,,,744.0,,1.9552,5.94
1982-07-09,,,,,,744.0,,1.9552,5.8975
1982-07-12,,,,,,744.0,,1.9395,5.8675
1982-07-13,,,,,,744.0,,1.9395,5.888
1982-07-14,,,,,,744.0,,1.9395,5.8985
1982-07-15,,,,,,744.0,,1.9395,5.8945
1982-07-16,,,,,,741.65,,1.9395,5.894
1982-07-19,,,,,,741.65,,1.9298,5.87
1982-07-20,,,,,,741.65,,1.9298,5.8985
1982-07-21,,,,,,741.65,,1.9298,5.8625
1982-07-22,,,,,,741.65,,1.9086,5.876
1982-07-23,,,,,,743.0,,1.9086,5.8575
1982-07-26,,,,,,743.0,,1.8857,5.911
1982-07-27,,,,,,743.0,,1.9026,5.935
1982-07-28,,,,,,743.0,,1.9026,5.93
1982-07-29,,,,,,743.0,,1.9312,5.936
1982-07-30,,,,,,743.8,,1.9312,5.9405
1982-08-02,,,,,,743.8,,1.9312,5.9175
1982-08-03,,,,,,743.8,,1.9196,6.02
1982-08-04,,,,,,743.8,,1.9292,6.06
1982-08-05,,,,,,743.8,,1.9446,6.045
1982-08-06,,,,,,743.8,,1.9525,6.08
1982-08-09,,,,,,743.8,,1.9661,6.159
1982-08-10,,,,,,743.8,,1.9661,6.148
1982-08-11,,,,,,743.8,,1.9661,6.12
1982-08-12,,,,,,743.8,,1.9661,6.143
1982-08-13,,,,,,744.9,,1.9661,6.105
1982-08-16,,,,,,744.9,,1.9661,6.135
1982-08-17,,,,,,744.9,,1.9661,6.15
1982-08-18,,,,,,744.9,,1.9661,6.04
1982-08-19,,,,,,744.9,,1.9484,6.056
1982-08-20,,,,,,744.9,,1.9328,6.005
1982-08-23,,,,,,744.9,,1.9193,6.025
1982-08-24,,,,,,744.9,,1.9193,5.9625
1982-08-25,,,,,,744.9,,1.9078,5.98
1982-08-26,,,,,,744.9,,1.9173,5.9975
1982-08-27,,,,,,744.9,,1.9173,6.035
1982-08-30,,,,,,744.9,,1.9326,6.085
1982-08-31,,,,,,744.9,,1.9501,6.0475
1982-09-01,,,,,,744.9,,1.9501,6.075
1982-09-02,,,,,,744.9,,1.9501,6.0625
1982-09-03,,,,,,744.9,,1.9305,6.04
1982-09-06,,,,,,,,,
1982-09-07,,,,,,744.9,,1.944,6.06
1982-09-08,,,,,,744.9,,1.944,6.072
1982-09-09,,,,,,744.9,,1.944,6.08
1982-09-10,,,,,,744.9,,1.944,6.105
1982-09-13,,,,,,744.9,,1.9577,6.188
1982-09-14,,,,,,742.75,,1.9577,6.097
1982-09-15,,,,,,742.75,,1.9577,6.118
1982-09-16,,,,,,742.75,,1.9577,6.113
1982-09-17,,,,,,742.75,,1.9577,6.1195
1982-09-20,,,,,,742.75,,1.9577,6.105
1982-09-21,,,,,,742.75,,1.9577,6.12
1982-09-22,,,,,,742.75,,1.9479,6.11
1982-09-23,,,,,,742.75,,1.9577,6.125
1982-09-24,,,,,,742.75,,1.9675,6.125
1982-09-27,,,,,,742.75,,1.9675,6.205
1982-09-28,,,,,,743.05,,1.9832,6.214
1982-09-29,,,,,,743.05,,1.9832,6.2125
1982-09-30,,,,,,743.05,,1.9733,6.285
1982-10-01,,,,,,743.05,,1.9733,6.35
1982-10-04,,,,,,743.05,,1.9753,6.54
1982-10-05,,,,,,743.25,,1.9931,6.47
1982-10-06,,,,,,743.25,,1.9931,6.49
1982-10-07,,,,,,743.25,,1.9931,6.36
1982-10-08,,,,,,743.45,,1.9632,6.37
1982-10-11,,,,,,,,,
1982-10-12,,,,,,743.45,,1.9612,6.46
1982-10-13,,,,,,743.45,,1.9612,6.5
1982-10-14,,,,,,743.45,,1.9729,6.5
1982-10-15,,,,,,743.45,,1.9827,6.51
1982-10-18,,,,,,743.45,,1.9827,6.5375
1982-10-19,,,,,,743.45,,1.9947,6.568
1982-10-20,,,,,,743.45,,1.9947,6.64
1982-10-21,,,,,,743.55,,2.0046,6.7
1982-10-22,,,,,,743.55,,2.0046,6.71
1982-10-25,,,,,,744.1,,2.0046,6.83
1982-10-26,,,,,,744.55,,2.0046,6.94
1982-10-27,,,,,,744.55,,2.0046,6.86
1982-10-28,,,,,,744.55,,2.0046,6.87
1982-10-29,,,,,,744.65,,2.0046,6.87
1982-11-01,,,,,,745.05,,2.0046,6.83
1982-11-02,,,,,,,,,
1982-11-03,,,,,,745.05,,2.0046,6.6
1982-11-04,,,,,,746.15,,2.0046,6.69
1982-11-05,,,,,,745.55,,2.0046,6.68
1982-11-08,,,,,,745.55,,2.0046,6.76
1982-11-09,,,,,,745.65,,2.0046,6.67
1982-11-10,,,,,,745.65,,2.0046,6.57
1982-11-11,,,,,,,,,
1982-11-12,,,,,,745.65,,2.0046,6.64
1982-11-15,,,,,,745.65,,2.0046,6.7
1982-11-16,,,,,,745.65,,2.0046,6.7
1982-11-17,,,,,,745.65,,2.0046,6.65
1982-11-18,,,,,,745.65,,2.0046,6.67
1982-11-19,,,,,,745.65,,2.0046,6.64
1982-11-22,,,,,,745.65,,1.9906,6.62
1982-11-23,,,,,,745.65,,1.9906,6.68
1982-11-24,,,,,,745.65,,1.9906,6.66
1982-11-25,,,,,,,,,
1982-11-26,,,,,,745.65,,1.9906,6.69
1982-11-29,,,,,,745.65,,1.9906,6.6555
1982-11-30,,,,,,745.65,,1.9906,6.67
1982-12-01,,,,,,745.65,,1.9687,6.64
1982-12-02,,,,,,745.65,,1.9687,6.63
1982-12-03,,,,,,745.65,,1.9569,6.5975
1982-12-06,,,,,,745.65,,1.9569,6.585
1982-12-07,,,,,,745.65,,1.9412,6.52
1982-12-08,,,,,,745.65,,1.9412,6.53
1982-12-09,,,,,,745.65,,1.9412,6.53
1982-12-10,,,,,,745.65,,1.951,6.53
1982-12-13,,,,,,745.65,,1.951,6.66
1982-12-14,,,,,,745.65,,1.9646,6.52
1982-12-15,,,,,,745.65,,1.9509,6.55
1982-12-16,,,,,,745.65,,1.9509,6.53
1982-12-17,,,,,,745.65,,1.9372,6.5375
1982-12-20,,,,,,745.65,,1.9372,6.54
1982-12-21,,,,,,746.95,,1.9372,6.54
1982-12-22,,,,,,746.95,,1.9372,6.53
1982-12-23,,,,,,746.95,,1.9372,6.53
1982-12-24,,,,,,746.95,,1.9372,6.53
1982-12-27,,,,,,747.85,,1.9372,6.51
1982-12-28,,,,,,747.85,,1.9372,6.48
1982-12-29,,,,,,747.85,,1.9275,6.48
1982-12-30,,,,,,747.85,,1.9275,6.48
1982-12-31,,,,,,747.95,,1.9275,6.48
1983-01-03,,,,,,747.85,,1.9275,6.49
1983-01-04,,,,,,747.85,,1.914,6.525
1983-01-05,,,,,,748.95,,1.914,6.515
1983-01-06,,,,,,748.95,,1.9044,6.505
1983-01-07,,,,,,748.95,,1.9044,6.509
1983-01-10,,,,,,749.1,,1.9044,6.505
1983-01-11,,,,,,749.1,,1.8949,6.5175
1983-01-12,,,,,,749.1,,1.9082,6.515
1983-01-13,,,,,,749.1,,1.9082,6.5025
1983-01-14,,,,,,749.1,,1.9082,6.51
1983-01-17,,,,,,749.75,,1.9082,6.51
1983-01-18,,,,,,749.75,,1.9082,6.515
1983-01-19,,,,,,749.75,,1.9234,6.52
1983-01-20,,,,,,750.85,,1.9368,6.525
1983-01-21,,,,,,750.85,,1.9368,6.525
1983-01-24,,,,,,751.15,,1.9504,6.515
1983-01-25,,,,,,751.15,,1.9621,6.595
1983-01-26,,,,,,751.15,,1.9464,6.545
1983-01-27,,,,,,751.15,,1.9464,6.565
1983-01-28,,,,,,751.15,,1.9464,6.5525
1983-01-31,,,,,,751.15,,1.9464,6.5675
1983-02-01,,,,,,751.15,,1.9639,6.59
1983-02-02,,,,,,752.25,,1.9717,6.624
1983-02-03,,,,,,752.25,,1.9717,6.595
1983-02-04,,,,,,752.25,,1.9796,6.615
1983-02-07,,,,,,752.25,,1.9796,6.635
1983-02-08,,,,,,752.25,,1.9658,6.613
1983-02-09,,,,,,752.25,,1.9658,6.62
1983-02-10,,,,,,752.25,,1.956,6.607
1983-02-11,,,,,,752.25,,1.956,6.6
1983-02-14,,,,,,752.25,,1.956,6.6
1983-02-15,,,,,,752.25,,1.956,6.5925
1983-02-16,,,,,,752.25,,1.956,6.5925
1983-02-17,,,,,,752.25,,1.956,6.603
1983-02-18,,,,,,752.25,,1.956,6.6025
1983-02-21,,,,,,,,,
1983-02-22,,,,,,752.25,,1.956,6.59
1983-02-23,,,,,,752.25,,1.9735,6.61
1983-02-24,,,,,,752.25,,1.9736,6.609
1983-02-25,,,,,,752.25,,1.9736,6.6
1983-02-28,,,,,,752.25,,1.9736,6.616
1983-03-01,,,,,,752.25,,1.9914,6.6175
1983-03-02,,,,,,754.75,,1.9914,6.6175
1983-03-03,,,,,,754.75,,1.9814,6.613
1983-03-04,,,,,,754.75,,1.9814,6.614
1983-03-07,,,,,,754.75,,1.9676,6.6125
1983-03-08,,,,,,754.75,,1.9676,6.625
1983-03-09,,,,,,755.45,,1.9774,6.6275
1983-03-10,,,,,,755.45,,1.9774,6.6175
1983-03-11,,,,,,755.45,,1.9675,6.617
1983-03-14,,,,,,756.65,,1.9812,6.623
1983-03-15,,,,,,756.65,,1.9674,6.6275
1983-03-16,,,,,,756.65,,1.9674,6.622
1983-03-17,,,,,,757.25,,1.9674,6.63
1983-03-18,,,,,,758.75,,1.9792,6.6375
1983-03-21,,,,,,758.75,,1.9792,6.695
1983-03-22,,,,,,758.75,,1.9892,6.673
1983-03-23,,,,,,761.55,,1.9892,6.6825
1983-03-24,,,,,,761.55,,1.9991,6.6775
1983-03-25,,,,,,761.55,,1.9991,6.685
1983-03-28,,,,,,761.55,,1.9991,6.7425
1983-03-29,,,,,,763.55,,1.9991,6.735
1983-03-30,,,,,,763.55,,1.9991,6.7175
1983-03-31,,,,,,763.55,,1.9991,6.7225
1983-04-01,,,,,,763.55,,1.9991,6.725
1983-04-04,,,,,,763.55,,1.9991,6.7175
1983-04-05,,,,,,763.55,,1.9991,6.715
1983-04-06,,,,,,763.55,,1.9991,6.709
1983-04-07,,,,,,763.55,,1.9991,6.7125
1983-04-08,,,,,,763.55,,1.997,6.72
1983-04-11,,,,,,765.15,,1.997,6.7275
1983-04-12,,,,,,765.15,,1.997,6.735
1983-04-13,,,,,,765.15,,1.997,6.7575
1983-04-14,,,,,,765.15,,1.997,6.7625
1983-04-15,,,,,,765.75,,1.997,6.7625
1983-04-18,,,,,,765.75,,1.989,6.835
1983-04-19,,,,,,766.05,,1.9969,6.805
1983-04-20,,,,,,766.05,,1.9909,6.855
1983-04-21,,,,,,766.25,,1.9909,6.8075
1983-04-22,,,,,,766.25,,1.9909,6.82
1983-04-25,,,,,,766.25,,1.9809,6.828
1983-04-26,,,,,,766.25,,1.9809,6.875
1983-04-27,,,,,,766.25,,1.9909,6.865
1983-04-28,,,,,,767.15,,1.9909,6.8825
1983-04-29,,,,,,767.15,,1.9909,6.905
1983-05-02,,,,,,767.15,,1.9909,6.96
1983-05-03,,,,,,767.15,,1.9909,6.9575
1983-05-04,,,,,,767.15,,1.9909,6.9125
1983-05-05,,,,,,767.15,,1.9829,6.875
1983-05-06,,,,,,767.15,,1.9829,6.9
1983-05-09,,,,,,767.15,,1.9829,6.895
1983-05-10,,,,,,767.15,,1.9829,6.91
1983-05-11,,,,,,766.85,,1.9731,6.895
1983-05-12,,,,,,767.15,,1.9829,6.914
1983-05-13,,,,,,767.15,,1.9829,6.92
1983-05-16,,,,,,767.15,,1.9829,6.955
1983-05-17,,,,,,767.15,,1.9929,6.9875
1983-05-18,,,,,,767.15,,1.9929,7.0
1983-05-19,,,,,,767.15,,1.9929,7.03
1983-05-20,,,,,,767.15,,1.9929,6.9
1983-05-23,,,,,,768.95,,1.9929,7.02
1983-05-24,,,,,,769.95,,1.9929,7.08
1983-05-25,,,,,,769.95,,1.9989,6.9
1983-05-26,,,,,,769.95,,1.9989,7.065
1983-05-27,,,,,,770.75,,1.9989,7.08
1983-05-30,,,,,,,,,
1983-05-31,,,,,,770.75,,1.9989,7.145
1983-06-01,,,,,,772.25,,1.9989,7.24
1983-06-02,,,,,,773.25,,1.9989,7.25
1983-06-03,,,,,,773.25,,1.9989,7.28
1983-06-06,,,,,,773.45,,1.9989,7.46
1983-06-07,,,,,,774.45,,1.9989,7.62
1983-06-08,,,,,,774.65,,1.9989,7.47
1983-06-09,,,,,,775.65,,1.9989,7.43
1983-06-10,,,,,,775.65,,1.9989,7.47
1983-06-13,,,,,,775.65,,1.9989,7.42
1983-06-14,,,,,,775.65,,1.9989,7.39
1983-06-15,,,,,,776.05,,1.9989,7.4
1983-06-16,,,,,,777.05,,1.9989,7.23
1983-06-17,,,,,,777.05,,1.9989,7.1345
1983-06-20,,,,,,777.05,,1.9989,7.1345
1983-06-21,,,,,,777.05,,1.9989,7.12
1983-06-22,,,,,,777.05,,1.9869,7.12
1983-06-23,,,,,,777.05,,1.9869,7.18
1983-06-24,,,,,,777.05,,1.9869,7.16
1983-06-27,,,,,,777.05,,1.9769,7.17
1983-06-28,,,,,,777.05,,1.9888,7.18
1983-06-29,,,,,,777.35,,1.9888,7.2
1983-06-30,,,,,,777.35,,1.9888,7.15
1983-07-01,,,,,,777.35,,1.9888,7.15
1983-07-04,,,,,,,,,
1983-07-05,,,,,,777.35,,1.9888,7.15
1983-07-06,,,,,,778.35,,1.9987,7.1
1983-07-07,,,,,,778.35,,1.9987,7.13
1983-07-08,,,,,,778.35,,1.9987,7.135
1983-07-11,,,,,,778.95,,1.9887,7.151
1983-07-12,,,,,,779.85,,1.9986,7.15
1983-07-13,,,,,,779.85,,1.9986,7.16
1983-07-14,,,,,,779.85,,1.9986,7.16
1983-07-15,,,,,,779.85,,1.9986,7.16
1983-07-18,,,,,,780.45,,1.9986,7.1875
1983-07-19,,,,,,780.45,,1.9986,7.1825
1983-07-20,,,,,,780.45,,1.9986,7.16
1983-07-21,,,,,,780.45,,1.9986,7.135
1983-07-22,,,,,,780.45,,1.9986,7.175
1983-07-25,,,,,,780.45,,1.9886,7.21
1983-07-26,,,,,,781.45,,1.9985,7.21
1983-07-27,,,,,,781.45,,1.9985,7.2
1983-07-28,,,,,,781.95,,1.9985,7.21
1983-07-29,,,,,,781.95,,1.9985,7.24
1983-08-01,,,,,,784.25,,1.9985,7.355
1983-08-02,,,,,,784.25,,1.9985,7.34
1983-08-03,,,,,,784.25,,1.9985,7.358
1983-08-04,,,,,,784.25,,1.9985,7.46
1983-08-05,,,,,,785.15,,1.9985,7.5
1983-08-08,,,,,,785.15,,1.9985,7.495
1983-08-09,,,,,,786.65,,1.9985,7.435
1983-08-10,,,,,,786.65,,1.9985,7.5
1983-08-11,,,,,,786.65,,1.9985,7.4765
1983-08-12,,,,,,788.15,,1.9985,7.45
1983-08-15,,,,,,788.15,,1.9985,7.435
1983-08-16,,,,,,788.15,,1.9805,7.44
1983-08-17,,,,,,788.15,,1.9805,7.355
1983-08-18,,,,,,788.15,,1.9509,7.4075
1983-08-19,,,,,,788.15,,1.9606,7.44
1983-08-22,,,,,,788.15,,1.9606,7.42
1983-08-23,,,,,,788.15,,1.9606,7.425
1983-08-24,,,,,,788.15,,1.9606,7.44
1983-08-25,,,,,,788.15,,1.9606,7.41
1983-08-26,,,,,,788.15,,1.9704,7.46
1983-08-29,,,,,,788.65,,1.9902,7.47
1983-08-30,,,,,,789.65,,1.9902,7.54
1983-08-31,,,,,,790.25,,1.9902,7.545
1983-09-01,,,,,,790.35,,1.9902,7.5675
1983-09-02,,,,,,790.35,,1.9902,7.6025
1983-09-05,,,,,,,,,
1983-09-06,,,,,,790.75,,1.9902,7.645
1983-09-07,,,,,,790.75,,1.9902,7.725
1983-09-08,,,,,,790.75,,1.9902,7.67
1983-09-09,,,,,,790.75,,1.9902,7.6575
1983-09-12,,,,,,790.75,,1.9802,7.67
1983-09-13,,,,,,790.75,,1.9802,7.845
1983-09-14,,,,,,790.75,,1.9902,7.8525
1983-09-15,,,,,,790.95,,1.9902,7.86
1983-09-16,,,,,,790.95,,1.9902,7.98
1983-09-19,,,,,,790.95,,1.9902,8.4
1983-09-20,,,,,,790.95,,1.9802,8.3
1983-09-21,,,,,,790.95,,1.9922,8.17
1983-09-22,,,,,,790.95,,1.9922,8.25
1983-09-23,,,,,,790.95,,1.9922,8.7
1983-09-26,,,,,,790.95,,1.9802,8.35
1983-09-27,,,,,,790.95,,1.9802,8.4
1983-09-28,,,,,,790.95,,1.9802,8.25
1983-09-29,,,,,,790.95,,1.9802,8.12
1983-09-30,,,,,,790.95,,1.9802,8.15
1983-10-03,,,,,,790.95,39.42,1.9703,8.7
1983-10-04,,,,,,790.95,39.42,1.9703,8.52
1983-10-05,,,,,,790.95,39.42,1.9703,8.67
1983-10-06,,,,,,790.95,39.42,1.9605,8.54
1983-10-07,,,,,,790.95,39.42,1.9605,8.45
1983-10-10,,,,,,,,,
1983-10-11,,,,,,790.95,39.42,1.9527,8.27
1983-10-12,,,,,,790.95,39.42,1.9527,8.26
1983-10-13,,,,,,790.95,39.42,1.9624,8.23
1983-10-14,,,,,,790.95,39.42,1.9624,8.17
1983-10-17,,,,,,791.05,39.42,1.9624,8.0
1983-10-18,,,,,,791.05,39.42,1.9624,7.87
1983-10-19,,,,,,791.05,39.42,1.9624,7.84
1983-10-20,,,,,,791.15,39.42,1.9624,7.78
1983-10-21,,,,,,791.15,39.42,1.9722,7.79
1983-10-24,,,,,,791.15,39.42,1.9722,7.8
1983-10-25,,,,,,792.15,39.42,1.9722,7.8
1983-10-26,,,,,,792.15,39.42,1.9722,7.8
1983-10-27,,,,,,792.25,39.42,1.9722,7.8
1983-10-28,,,,,,792.65,39.42,1.9722,7.8025
1983-10-31,,,,,,793.05,39.42,1.984,7.8025
1983-11-01,,,,,,794.05,39.42,1.994,7.8065
1983-11-02,,,,,,794.75,39.42,1.994,7.805
1983-11-03,,,,,,795.25,39.42,1.994,7.7975
1983-11-04,,,,,,795.25,38.66,1.994,7.802
1983-11-07,,,,,,795.25,38.66,1.994,7.8075
1983-11-08,,,,,,,,,
1983-11-09,,,,,,796.75,38.66,1.994,7.8175
1983-11-10,,,,,,796.75,38.66,1.994,7.82
1983-11-11,,,,,,,,,
1983-11-14,,,,,,796.75,38.66,1.994,7.8175
1983-11-15,,,,,,796.75,38.66,1.994,7.8175
1983-11-16,,,,,,796.75,38.66,1.994,7.8125
1983-11-17,,,,,,796.75,38.66,1.994,7.815
1983-11-18,,,,,,796.75,38.66,1.994,7.8175
1983-11-21,,,,,,796.75,38.66,1.994,7.817
1983-11-22,,,,,,796.75,38.66,1.994,7.8175
1983-11-23,,,,,,796.75,38.66,1.994,7.817
1983-11-24,,,,,,,,,
1983-11-25,,,,,,796.75,38.66,1.994,7.815
1983-11-28,,,,,,796.75,38.66,1.994,7.808
1983-11-29,,,,,,797.25,38.66,1.994,7.81
1983-11-30,,,,,,797.25,38.66,1.994,7.8085
1983-12-01,,,,,,797.25,38.66,1.986,7.8085
1983-12-02,,,,,,797.25,38.66,1.986,7.8135
1983-12-05,,,,,,797.25,38.66,1.986,7.814
1983-12-06,,,,,,798.25,38.66,1.9939,7.8135
1983-12-07,,,,,,798.25,38.66,1.9939,7.8145
1983-12-08,,,,,,798.25,38.66,1.9939,7.814
1983-12-09,,,,,,798.45,38.66,1.9939,7.817
1983-12-12,,,,,,798.45,38.66,1.9939,7.8205
1983-12-13,,,,,,799.75,40.2,1.9939,7.815
1983-12-14,,,,,,799.75,40.2,1.9939,7.8185
1983-12-15,,,,,,799.95,40.2,1.9939,7.818
1983-12-16,,,,,,799.95,40.2,1.9939,7.8205
1983-12-19,,,,,,799.95,40.2,1.9939,7.813
1983-12-20,,,,,,800.15,40.2,1.9939,7.784
1983-12-21,,,,,,800.15,40.2,1.9939,7.785
1983-12-22,,,,,,800.15,40.2,1.9939,7.792
1983-12-23,,,,,,800.15,40.2,1.9939,7.7925
1983-12-26,,,,,,,,,
1983-12-27,,,,,,800.15,40.2,1.9939,7.795
1983-12-28,,,,,,800.15,40.2,1.9939,7.781
1983-12-29,,,,,,800.15,40.2,1.9859,7.783
1983-12-30,,,,,,800.15,40.2,1.9859,7.7805
1984-01-02,,,,,,,,,
1984-01-03,,,,,,800.15,40.2,1.9859,7.799
1984-01-04,,,,,,800.15,40.2,2.0057,7.808
1984-01-05,,,,,,800.15,40.2,2.0157,7.792
1984-01-06,,,,,,800.15,40.2,2.0259,7.801
1984-01-09,,,,,,800.15,40.2,2.0259,7.799
1984-01-10,,,,,,800.15,40.2,2.0461,7.7965
1984-01-11,,,,,,800.15,40.2,2.0461,7.796
1984-01-12,,,,,,800.15,40.2,2.0461,7.7965
1984-01-13,,,,,,800.15,40.2,2.0461,7.795
1984-01-16,,,,,,800.15,40.2,2.0461,7.7945
1984-01-17,,,,,,800.15,40.2,2.0461,7.796
1984-01-18,,,,,,800.15,40.2,2.0563,7.799
1984-01-19,,,,,,800.15,40.2,2.0563,7.7975
1984-01-20,,,,,,798.6,40.2,2.0563,7.7955
1984-01-23,,,,,,800.0,,2.0667,7.795
1984-01-24,,,,,,800.8,,2.077,7.795
1984-01-25,,,,,,801.6,,2.077,7.795
1984-01-26,,,,,,801.3,,2.0666,7.78
1984-01-27,,,,,,800.7,40.23,2.079,7.8025
1984-01-30,,,,,,800.7,40.23,2.079,7.8
1984-01-31,,,,,,801.3,40.23,2.079,7.8005
1984-02-01,,,,,,800.7,,2.079,7.799
1984-02-02,,,,,,800.7,,2.079,7.7975
1984-02-03,,,,,,800.6,,2.0623,7.795
1984-02-06,,,,,,800.6,40.23,2.0623,7.797
1984-02-07,,,,,,800.6,40.23,2.0768,7.7965
1984-02-08,,,,,,800.3,40.23,2.0768,7.7965
1984-02-09,,,,,,800.3,40.23,2.0768,7.797
1984-02-10,,,,,,799.3,40.23,2.0768,7.788
1984-02-13,,,,,,,,,
1984-02-14,,,,,,799.3,40.23,2.0768,7.782
1984-02-15,,,,,,799.3,40.23,2.0601,7.7805
1984-02-16,,,,,,799.3,40.23,2.0519,7.779
1984-02-17,,,,,,799.3,40.23,2.0519,7.776
1984-02-20,,,,,,,,,
1984-02-21,,,,,,799.3,40.23,2.0519,7.7965
1984-02-22,,,,,,798.7,40.24,2.0519,7.7935
1984-02-23,,,,,,799.3,40.25,2.0519,7.785
1984-02-24,,,,,,797.1,40.26,2.0519,7.774
1984-02-27,,,,,,796.1,40.25,2.0519,7.779
1984-02-28,,,,,,797.1,40.26,2.0519,7.778
1984-02-29,,,,,,795.3,40.22,2.0519,7.787
1984-03-01,,,,,,795.3,40.2,2.0519,7.78
1984-03-02,,,,,,795.4,40.19,2.0519,7.781
1984-03-05,,,,,,794.4,40.18,2.0519,7.78
1984-03-06,,,,,,793.4,40.18,2.0417,7.7795
1984-03-07,,,,,,792.4,40.17,2.0417,7.777
1984-03-08,,,,,,792.4,40.15,2.0498,7.779
1984-03-09,,,,,,793.3,40.14,2.0498,7.781
1984-03-12,,,,,,794.3,40.11,2.0683,7.797
1984-03-13,,,,,,795.3,40.1,2.0683,7.801
1984-03-14,,,,,,794.3,,2.0579,7.7985
1984-03-15,,,,,,793.3,40.07,2.0579,7.797
1984-03-16,,,,,,794.3,40.05,2.0662,7.797
1984-03-19,,,,,,795.3,40.04,2.0744,7.8
1984-03-20,,,,,,796.3,40.04,2.0744,7.7975
1984-03-21,,,,,,795.7,40.02,2.0847,7.801
1984-03-22,,,,,,796.7,40.0,2.0847,7.7985
1984-03-23,,,,,,796.6,39.98,2.0847,7.799
1984-03-26,,,,,,795.6,39.96,2.0847,7.797
1984-03-27,,,,,,794.6,40.0,2.0743,7.7955
1984-03-28,,,,,,793.6,40.0,2.0743,7.815
1984-03-29,,,,,,793.9,,2.0639,7.805
1984-03-30,,,,,,792.9,39.99,2.0639,7.817
1984-04-02,,,,,,793.8,39.95,2.0639,7.8095
1984-04-03,,,,,,794.4,39.93,2.0743,7.806
1984-04-04,,,,,,795.4,,2.0743,7.806
1984-04-05,,,,,,795.4,39.92,2.0743,7.798
1984-04-06,,,,,,795.4,39.9,2.0846,7.801
1984-04-09,,,,,,796.3,,2.0846,7.802
1984-04-10,,,,,,795.4,39.84,2.0846,7.8005
1984-04-11,,,,,,795.9,,2.0846,7.8005
1984-04-12,,,,,,794.9,,2.0846,7.804
1984-04-13,,,,,,795.2,39.81,2.0846,7.807
1984-04-16,,,,,,796.0,39.78,2.0846,7.809
1984-04-17,,,,,,797.0,39.76,2.0846,7.81
1984-04-18,,,,,,796.0,39.75,2.0846,7.804
1984-04-19,,,,,,796.4,39.74,2.0846,7.811
1984-04-20,,,,,,797.2,39.73,2.1055,7.809
1984-04-23,,,,,,797.6,,2.1055,7.808
1984-04-24,,,,,,797.4,39.7,2.1055,7.8135
1984-04-25,,,,,,798.4,39.69,2.1181,7.811
1984-04-26,,,,,,798.4,39.68,2.1181,7.812
1984-04-27,,,,,,798.6,39.68,2.1329,7.8135
1984-04-30,,,,,,799.6,39.68,2.1329,7.8185
1984-05-01,,,,,,800.6,,2.1329,7.8155
1984-05-02,,,,,,801.4,39.67,2.1458,7.8145
1984-05-03,,,,,,801.3,39.66,2.1458,7.8145
1984-05-04,,,,,,800.3,39.65,2.1414,7.8065
1984-05-07,,,,,,800.3,39.64,2.1629,7.8155
1984-05-08,,,,,,800.3,39.63,2.1845,7.807
1984-05-09,,,,,,801.3,39.63,2.1845,7.819
1984-05-10,,,,,,802.0,39.63,2.1845,7.819
1984-05-11,,,,,,802.5,39.63,2.1845,7.8195
1984-05-14,,,,,,802.7,39.64,2.1845,7.8185
1984-05-15,,,,,,803.1,39.64,2.1845,7.8185
1984-05-16,,,,,,802.2,39.64,2.1845,7.817
1984-05-17,,,,,,801.1,39.65,2.1845,7.818
1984-05-18,,,,,,802.2,39.68,2.2042,7.8175
1984-05-21,,,,,,803.2,39.75,2.2042,7.8175
1984-05-22,,,,,,803.2,39.76,2.2042,7.8175
1984-05-23,,,,,,802.2,39.77,2.2042,7.817
1984-05-24,,,,,,801.2,39.79,2.2218,7.817
1984-05-25,,,,,,801.2,39.82,2.2063,7.816
1984-05-28,,,,,,,,,
1984-05-29,,,,,,800.2,39.89,2.2218,7.816
1984-05-30,,,,,,801.2,39.92,2.2173,7.814
1984-05-31,,,,,,800.3,39.94,2.2173,7.8135
1984-06-01,,,,,,800.5,39.96,2.2173,7.813
1984-06-04,,,,,,799.5,39.997,2.193,7.805
1984-06-05,,,,,,798.5,39.97,2.193,7.8055
1984-06-06,,,,,,798.5,39.97,2.193,7.8055
1984-06-07,,,,,,799.5,39.95,2.193,7.805
1984-06-08,,,,,,800.1,39.91,2.193,7.804
1984-06-11,,,,,,800.5,39.86,2.193,7.806
1984-06-12,,,,,,800.6,39.83,2.2018,7.8155
1984-06-13,,,,,,801.6,39.79,2.2018,7.812
1984-06-14,,,,,,801.4,39.74,2.2018,7.812
1984-06-15,,,,,,801.4,39.76,2.2085,7.8145
1984-06-18,,,,,,801.7,39.81,2.2194,7.8138
1984-06-19,,,,,,802.4,39.85,2.2084,7.818
1984-06-20,,,,,,802.7,39.85,2.2306,7.818
1984-06-21,,,,,,803.7,39.84,2.2306,7.82
1984-06-22,,,,,,804.7,39.83,2.2417,7.821
1984-06-25,,,,,,805.4,39.8,2.2417,7.8185
1984-06-26,,,,,,806.4,39.78,2.2529,7.811
1984-06-27,,,,,,805.4,39.76,2.2529,7.816
1984-06-28,,,,,,805.4,39.74,2.2529,7.82
1984-06-29,,,,,,806.4,39.71,2.2529,7.82
1984-07-02,,,,,,805.5,39.68,2.2529,7.82
1984-07-03,,,,,,806.5,39.66,2.2529,7.8205
1984-07-04,,,,,,,,,
1984-07-05,,,,,,807.6,39.62,2.271,7.8205
1984-07-06,,,,,,808.6,39.6,2.2869,8.05
1984-07-09,,,,,,809.3,39.56,2.2869,7.87
1984-07-10,,,,,,810.3,39.54,2.2869,7.84
1984-07-11,,,,,,810.1,39.43,2.2869,7.85
1984-07-12,,,,,,811.1,39.51,2.2869,7.9
1984-07-13,,,,,,811.8,,2.2983,7.84
1984-07-16,,,,,,810.8,39.51,2.2983,7.82
1984-07-17,,,,,,810.8,39.52,2.2914,7.83
1984-07-18,,,,,,811.2,39.52,2.3028,7.8375
1984-07-19,,,,,,812.2,39.49,2.3028,7.835
1984-07-20,,,,,,812.2,39.47,2.3028,7.8325
1984-07-23,,,,,,813.2,,2.3144,7.8525
1984-07-24,,,,,,814.2,39.41,2.3259,7.85
1984-07-25,,,,,,813.8,39.38,2.3259,7.8475
1984-07-26,,,,,,812.8,39.35,2.3166,7.8375
1984-07-27,,,,,,811.8,39.32,2.3258,7.85
1984-07-30,,,,,,812.8,39.26,2.3374,7.8475
1984-07-31,,,,,,813.5,39.23,2.3374,7.84
1984-08-01,,,,,,814.1,39.2,2.3444,7.83
1984-08-02,,,,,,813.8,39.17,2.3327,7.8325
1984-08-03,,,,,,813.0,,2.3327,7.835
1984-08-06,,,,,,812.0,39.11,2.3211,7.8325
1984-08-07,,,,,,812.3,39.08,2.3211,7.835
1984-08-08,,,,,,813.3,39.08,2.3559,7.845
1984-08-09,,,,,,812.3,39.09,2.3441,7.838
1984-08-10,,,,,,811.3,39.08,2.3306,7.839
1984-08-13,,,,,,810.3,,2.3767,7.844
1984-08-14,,,,,,811.3,39.08,2.3625,7.8375
1984-08-15,,,,,,811.3,39.08,2.3625,7.832
1984-08-16,,,,,,810.3,39.08,2.3625,7.83
1984-08-17,,,,,,810.0,39.08,2.3625,7.839
1984-08-20,,,,,,809.8,39.08,2.3625,7.8415
1984-08-21,,,,,,810.7,39.08,2.3837,7.8435
1984-08-22,,,,,,811.7,39.08,2.4088,7.845
1984-08-23,,,,,,811.0,39.08,2.4028,7.84
1984-08-24,,,,,,810.4,39.08,2.4028,7.841
1984-08-27,,,,,,810.2,39.08,2.4028,7.841
1984-08-28,,,,,,811.2,39.08,2.4196,7.843
1984-08-29,,,,,,811.3,39.08,2.4196,7.8415
1984-08-30,,,,,,810.3,39.08,2.4196,7.843
1984-08-31,,,,,,810.8,39.08,2.4196,7.843
1984-09-03,,,,,,,,,
1984-09-04,,,,,,811.9,39.08,2.4414,7.8475
1984-09-05,,,,,,812.9,39.08,2.4732,7.85
1984-09-06,,,,,,813.9,39.08,2.488,7.8505
1984-09-07,,,,,,813.7,,2.488,7.8535
1984-09-10,,,,,,814.7,,2.5216,7.865
1984-09-11,,,,,,815.6,39.08,2.5342,7.8635
1984-09-12,,,,,,815.5,39.09,2.519,7.8545
1984-09-13,,,,,,815.2,39.11,2.5341,7.863
1984-09-14,,,,,,816.2,39.12,2.5494,7.856
1984-09-17,,,,,,816.2,39.14,2.5621,7.858
1984-09-18,,,,,,816.5,39.15,2.6018,7.869
1984-09-19,,,,,,817.5,39.17,2.6018,7.863
1984-09-20,,,,,,816.9,39.19,2.6109,7.846
1984-09-21,,,,,,817.9,39.21,2.6331,7.8375
1984-09-24,,,,,,818.4,39.25,2.5699,7.8125
1984-09-25,,,,,,817.4,39.27,2.539,7.813
1984-09-26,,,,,,816.4,39.27,2.5746,7.803
1984-09-27,,,,,,817.4,39.25,2.5746,7.802
1984-09-28,,,,,,816.4,,2.5746,7.81
1984-10-01,,,,,,817.3,39.21,2.6055,7.813
1984-10-02,,,,,,818.3,39.18,2.6055,7.82
1984-10-03,,,,,,818.3,39.16,2.582,7.8165
1984-10-04,,,,,,817.3,39.14,2.6079,7.818
1984-10-05,,,,,,818.3,39.12,2.6079,7.818
1984-10-08,,,,,,,,,
1984-10-09,,,,,,818.8,39.11,2.6141,7.826
1984-10-10,,,,,,819.8,,2.6507,7.831
1984-10-11,,,,,,820.8,39.12,2.6507,7.831
1984-10-12,,,,,,821.8,39.14,2.672,7.8315
1984-10-15,,,,,,821.1,39.18,2.672,7.8315
1984-10-16,,,,,,822.1,39.2,2.7147,7.833
1984-10-17,,,,,,822.7,39.22,2.7147,7.826
1984-10-18,,,,,,821.7,39.24,2.7147,7.826
1984-10-19,,,,,,822.3,39.26,2.6984,7.8275
1984-10-22,,,,,,821.3,39.3,2.6742,7.826
1984-10-23,,,,,,821.3,39.32,2.6742,7.827
1984-10-24,,,,,,820.3,39.35,2.6314,7.824
1984-10-25,,,,,,819.3,,2.6129,7.823
1984-10-26,,,,,,818.5,39.37,2.6129,7.819
1984-10-29,,,,,,819.5,39.35,2.6365,7.8215
1984-10-30,,,,,,820.5,39.33,2.6734,7.82
1984-10-31,,,,,,819.5,,2.6466,7.822
1984-11-01,,,,,,818.5,39.3,2.6334,7.8205
1984-11-02,,,,,,817.5,39.28,2.5939,7.818
1984-11-05,,,,,,816.5,39.24,2.5653,7.818
1984-11-06,,,,,,,,,
1984-11-07,,,,,,816.1,39.28,2.5819,7.8195
1984-11-08,,,,,,815.1,39.3,2.5742,7.82
1984-11-09,,,,,,816.1,39.32,2.6051,7.823
1984-11-12,,,,,,,,,
1984-11-13,,,,,,816.9,39.38,2.6233,7.821
1984-11-14,,,,,,816.5,39.4,2.647,7.8235
1984-11-15,,,,,,816.9,39.42,2.647,7.82
1984-11-16,,,,,,817.9,39.44,2.6682,7.8215
1984-11-19,,,,,,818.0,39.49,2.6682,7.824
1984-11-20,,,,,,819.0,39.51,2.7001,7.824
1984-11-21,,,,,,820.0,39.53,2.7217,7.828
1984-11-22,,,,,,,,,
1984-11-23,,,,,,821.0,39.55,2.7217,7.828
1984-11-26,,,,,,821.8,39.5,2.7625,7.828
1984-11-27,,,,,,822.8,39.48,2.7943,7.827
1984-11-28,,,,,,822.1,39.5,2.7943,7.828
1984-11-29,,,,,,823.1,39.52,2.7943,7.828
1984-11-30,,,,,,823.2,39.53,2.7953,7.8265
1984-12-03,,,,,,824.2,39.52,2.7943,7.8315
1984-12-04,,,,,,825.2,39.48,2.7943,7.8285
1984-12-05,,,,,,824.2,39.46,2.7831,7.826
1984-12-06,,,,,,823.6,39.46,2.7831,7.827
1984-12-07,,,,,,823.7,39.48,2.7831,7.828
1984-12-10,,,,,,824.2,39.52,2.7971,7.8375
1984-12-11,,,,,,824.8,39.49,2.7971,7.8355
1984-12-12,,,,,,824.6,39.48,2.7971,7.8325
1984-12-13,,,,,,824.9,39.5,2.7971,7.8315
1984-12-14,,,,,,825.2,39.53,2.7971,7.8315
1984-12-17,,,,,,825.8,39.54,2.7971,7.829
1984-12-18,,,,,,825.6,39.53,2.7971,7.8315
1984-12-19,,,,,,825.0,39.53,2.7971,7.8275
1984-12-20,,,,,,825.9,39.53,2.7971,7.831
1984-12-21,,,,,,826.9,39.53,2.7971,7.825
1984-12-24,,,,,,827.1,39.51,2.7971,7.8275
1984-12-25,,,,,,,,,
1984-12-26,,,,,,827.1,39.51,2.7971,7.8285
1984-12-27,,,,,,828.1,39.52,2.7971,7.82
1984-12-28,,,,,,829.1,39.54,2.8027,7.82
1984-12-31,,,,,,829.5,39.52,2.8027,7.825
1985-01-01,,,,,,,,,
1985-01-02,,,,,,829.5,,2.8027,7.826
1985-01-03,,,,,,829.5,,2.8167,7.82
1985-01-04,,,,,,830.5,39.5,2.8167,7.818
1985-01-07,,,,,,831.3,39.48,2.8167,7.8065
1985-01-08,,,,,,832.3,39.47,2.8167,7.804
1985-01-09,,,,,,831.3,39.45,2.8167,7.99
1985-01-10,,,,,,832.3,39.43,2.8167,7.792
1985-01-11,,,,,,831.3,39.41,2.8167,7.8005
1985-01-14,,,,,,832.3,39.38,2.8167,7.803
1985-01-15,,,,,,833.3,39.37,2.8167,7.798
1985-01-16,,,,,,834.3,39.36,2.8167,7.798
1985-01-17,,,,,,833.7,39.34,2.8167,7.798
1985-01-18,,,,,,833.3,39.32,2.8167,7.798
1985-01-21,,,,,,,,,
1985-01-22,,,,,,832.2,39.26,2.8167,7.7975
1985-01-23,,,,,,832.2,,2.8167,7.797
1985-01-24,,,,,,832.9,39.22,2.8167,7.796
1985-01-25,,,,,,832.6,39.2,2.8167,7.796
1985-01-28,,,,,,832.4,39.17,2.8167,7.7975
1985-01-29,,,,,,832.9,39.15,2.8167,7.7965
1985-01-30,,,,,,832.7,39.13,2.8167,7.8
1985-01-31,,,,,,832.7,39.13,2.8167,7.798
1985-02-01,,,,,,833.3,,2.8167,7.805
1985-02-04,,,,,,834.3,39.19,2.8167,7.8105
1985-02-05,,,,,,835.3,39.22,2.8167,7.811
1985-02-06,,,,,,836.0,39.25,2.8167,7.804
1985-02-07,,,,,,836.7,39.23,2.8167,7.7995
1985-02-08,,,,,,837.2,39.21,2.8167,7.802
1985-02-11,,,,,,837.4,39.18,2.8167,7.804
1985-02-12,,,,,,,,,
1985-02-13,,,,,,838.4,39.2,2.8589,7.8
1985-02-14,,,,,,839.0,39.23,2.8589,7.7975
1985-02-15,,,,,,838.0,39.26,2.8475,7.8
1985-02-18,,,,,,,,,
1985-02-19,,,,,,839.0,39.27,2.8305,7.797
1985-02-20,,,,,,839.0,,2.8305,7.7825
1985-02-21,,,,,,841.0,,2.8305,7.802
1985-02-22,,,,,,,,2.8418,7.8
1985-02-25,,,,,,844.1,39.27,2.8503,7.8065
1985-02-26,,,,,,846.1,,2.8588,7.808
1985-02-27,,,,,,846.0,,2.8588,7.801
1985-02-28,,,,,,845.0,,2.8417,7.8
1985-03-01,,,,,,845.0,39.39,2.8559,7.8035
1985-03-04,,,,,,847.0,39.4,2.8559,7.804
1985-03-05,,,,,,847.6,39.42,2.8644,7.804
1985-03-06,,,,,,849.6,39.44,2.8816,7.805
1985-03-07,,,,,,849.6,39.44,2.8671,7.8025
1985-03-08,,,,,,849.7,,2.8758,7.802
1985-03-11,,,,,,849.6,39.44,2.8758,7.803
1985-03-12,,,,,,848.6,39.47,2.8556,7.802
1985-03-13,,,,,,849.4,39.47,2.8641,7.803
1985-03-14,,,,,,849.2,39.45,2.8641,7.804
1985-03-15,,,,,,851.5,39.48,2.8641,7.802
1985-03-18,,,,,,853.5,39.57,2.8641,7.802
1985-03-19,,,,,,848.6,39.62,2.847,7.7985
1985-03-20,,,,,,852.5,39.65,2.8356,7.7955
1985-03-21,,,,,,853.4,39.67,2.8469,7.797
1985-03-22,,,,,,852.9,39.7,2.8385,7.7975
1985-03-25,,,,,,852.4,39.71,2.8384,7.799
1985-03-26,,,,,,854.3,39.69,2.8384,7.802
1985-03-27,,,,,,854.0,39.66,2.8327,7.798
1985-03-28,,,,,,853.5,39.62,2.8269,7.798
1985-03-29,,,,,,853.0,39.59,2.8269,7.797
1985-04-01,,,,,,852.5,39.59,2.8269,7.7995
1985-04-02,,,,,,855.0,39.59,2.8439,7.8015
1985-04-03,,,,,,858.0,39.59,2.8439,7.7995
1985-04-04,,,,,,857.5,,2.8552,7.804
1985-04-05,,,,,,857.5,,2.858,7.803
1985-04-08,,,,,,860.2,39.63,2.858,7.802
1985-04-09,,,,,,862.2,39.63,2.858,7.8005
1985-04-10,,,,,,861.9,39.6,2.8523,7.799
1985-04-11,,,,,,861.4,39.61,2.8523,7.796
1985-04-12,,,,,,860.9,39.62,2.8381,7.79
1985-04-15,,,,,,860.4,39.63,2.8381,7.782
1985-04-16,,,,,,859.9,39.65,2.8339,7.782
1985-04-17,,,,,,859.4,39.67,2.8339,7.7825
1985-04-18,,,,,,860.9,39.71,2.8452,7.783
1985-04-19,,,,,,860.5,39.76,2.831,7.7815
1985-04-22,,,,,,860.0,39.81,2.831,7.7815
1985-04-23,,,,,,862.0,39.85,2.8451,7.779
1985-04-24,,,,,,865.6,39.88,2.8565,7.7825
1985-04-25,,,,,,866.6,39.9,2.8593,7.787
1985-04-26,,,,,,867.6,39.92,2.868,7.788
1985-04-29,,,,,,868.6,39.96,2.868,7.781
1985-04-30,,,,,,868.1,39.97,2.8593,7.7795
1985-05-01,,,,,,867.7,39.94,2.8593,7.7845
1985-05-02,,,,,,868.7,39.92,2.8593,7.789
1985-05-03,,,,,,869.7,39.92,2.8593,7.785
1985-05-06,,,,,,870.7,39.96,2.8737,7.788
1985-05-07,,,,,,871.7,39.97,2.8737,7.783
1985-05-08,,,,,,871.2,39.97,2.8593,7.801
1985-05-09,,,,,,871.0,39.96,2.8593,7.7725
1985-05-10,,,,,,870.5,,2.8593,7.777
1985-05-13,,,,,,870.4,39.97,2.8536,7.772
1985-05-14,,,,,,869.9,39.9,2.8451,7.7685
1985-05-15,,,,,,869.4,39.96,2.8451,7.7665
1985-05-16,,,,,,870.4,39.95,2.868,7.771
1985-05-17,,,,,,871.4,39.93,2.8451,7.773
1985-05-20,,,,,,870.9,39.91,2.8451,7.7695
1985-05-21,,,,,,870.4,39.88,2.8451,7.7745
1985-05-22,,,,,,871.3,39.88,2.8451,7.775
1985-05-23,,,,,,872.3,39.84,2.868,7.7735
1985-05-24,,,,,,873.3,39.82,2.8451,7.7715
1985-05-27,,,,,,,,,
1985-05-28,,,,,,872.8,39.8,2.8565,7.7715
1985-05-29,,,,,,873.8,39.81,2.8565,7.774
1985-05-30,,,,,,873.7,39.83,2.8508,7.7725
1985-05-31,,,,,,873.2,,2.8508,7.773
1985-06-03,,,,,,873.1,39.82,2.8508,7.772
1985-06-04,,,,,,872.6,39.82,2.8508,7.7735
1985-06-05,,,,,,873.6,39.82,2.865,7.7745
1985-06-06,,,,,,873.6,39.82,2.865,7.78
1985-06-07,,,,,,873.5,,2.865,7.773
1985-06-10,,,,,,874.5,39.82,2.865,7.7715
1985-06-11,,,,,,875.5,39.82,2.865,7.7685
1985-06-12,,,,,,875.3,,2.865,7.773
1985-06-13,,,,,,875.1,39.82,2.865,7.771
1985-06-14,,,,,,875.5,39.82,2.865,7.8015
1985-06-17,,,,,,875.0,39.82,2.865,7.77
1985-06-18,,,,,,875.6,39.82,2.865,7.767
1985-06-19,,,,,,875.1,39.84,2.8536,7.755
1985-06-20,,,,,,874.6,39.86,2.8708,7.7595
1985-06-21,,,,,,875.6,39.87,2.8851,7.7665
1985-06-24,,,,,,876.6,39.91,2.8851,7.766
1985-06-25,,,,,,876.4,39.97,2.8851,7.768
1985-06-26,,,,,,876.3,,2.8851,7.762
1985-06-27,,,,,,876.3,40.06,2.8851,7.7625
1985-06-28,,,,,,876.2,,2.8851,7.762
1985-07-01,,,,,,876.0,39.95,2.8851,7.7565
1985-07-02,,,,,,875.5,40.05,2.8851,7.761
1985-07-03,,,,,,876.5,40.05,2.8851,7.763
1985-07-04,,,,,,,,,
1985-07-05,,,,,,876.1,40.05,2.8851,7.768
1985-07-08,,,,,,875.6,40.05,2.8793,7.761
1985-07-09,,,,,,875.1,40.05,2.8793,7.759
1985-07-10,,,,,,874.6,40.08,2.8793,7.757
1985-07-11,,,,,,874.4,40.11,2.8793,7.757
1985-07-12,,,,,,875.4,40.07,2.8793,7.75
1985-07-15,,,,,,875.2,40.05,2.8736,7.75
1985-07-16,,,,,,875.0,,2.8736,7.7325
1985-07-17,,,,,,875.0,40.05,2.8736,7.729
1985-07-18,,,,,,874.8,40.05,2.8649,7.73
1985-07-19,,,,,,875.4,40.06,2.8764,7.7525
1985-07-22,,,,,,876.9,40.11,2.885,7.762
1985-07-23,,,,,,878.2,40.24,2.885,7.752
1985-07-24,,,,,,878.0,,2.885,7.7595
1985-07-25,,,,,,879.2,,2.885,7.755
1985-07-26,,,,,,879.1,40.43,2.885,7.756
1985-07-29,,,,,,878.9,40.4,2.885,7.749
1985-07-30,,,,,,878.7,40.38,2.885,7.75
1985-07-31,,,,,,878.5,40.36,2.885,7.749
1985-08-01,,,,,,878.3,40.34,2.885,7.76
1985-08-02,,,,,,880.4,,2.9051,7.76
1985-08-05,,,,,,882.9,40.44,2.8993,7.771
1985-08-06,,,,,,882.7,40.42,2.8993,7.786
1985-08-07,,,,,,885.0,,2.9081,7.7855
1985-08-08,,,,,,886.4,,2.9081,7.785
1985-08-09,,,,,,886.2,40.46,2.9081,7.783
1985-08-12,,,,,,886.0,40.56,2.9081,7.7815
1985-08-13,,,,,,885.8,40.53,2.9081,7.781
1985-08-14,,,,,,885.6,40.54,2.9081,7.79
1985-08-15,,,,,,885.6,40.58,2.9081,7.7895
1985-08-16,,,,,,885.4,40.6,2.9081,7.793
1985-08-19,,,,,,885.2,40.57,2.9081,7.8
1985-08-20,,,,,,885.2,40.55,2.9081,7.803
1985-08-21,,,,,,885.7,40.52,2.9168,7.8065
1985-08-22,,,,,,885.9,,2.9168,7.801
1985-08-23,,,,,,885.7,,2.9168,7.802
1985-08-26,,,,,,885.9,40.46,2.9168,7.8005
1985-08-27,,,,,,886.9,,2.9168,7.8045
1985-08-28,,,,,,887.1,40.46,2.9168,7.8025
1985-08-29,,,,,,886.9,40.49,2.9168,7.8025
1985-08-30,,,,,,887.3,40.49,2.9168,7.8045
1985-09-02,,,,,,,,,
1985-09-03,,,,,,891.1,40.48,2.9372,7.814
1985-09-04,,,,,,892.9,40.45,2.949,7.8165
1985-09-05,,,,,,892.9,40.44,2.949,7.8145
1985-09-06,,,,,,893.7,40.44,2.9608,7.815
1985-09-09,,,,,,894.2,40.39,2.9697,7.8175
1985-09-10,,,,,,894.7,40.45,2.9786,7.817
1985-09-11,,,,,,894.5,40.45,2.9786,7.8165
1985-09-12,,,,,,894.3,40.44,2.9786,7.8165
1985-09-13,,,,,,894.86,,2.9786,7.815
1985-09-16,,,,,,894.6,40.43,2.9697,7.8205
1985-09-17,,,,,,894.4,40.4,2.9697,7.819
1985-09-18,,,,,,894.2,,2.9815,7.817
1985-09-19,,,,,,894.7,40.46,2.9905,7.819
1985-09-20,,,,,,894.5,40.52,2.9905,7.8145
1985-09-23,,,,,,894.3,40.57,2.9844,7.755
1985-09-24,,,,,,894.1,40.54,2.9755,7.785
1985-09-25,,,,,,894.6,40.51,2.9755,7.787
1985-09-26,,,,,,894.4,,2.9755,7.7825
1985-09-27,,,,,,,,2.9755,7.7825
1985-09-30,,,,,,894.0,,2.9755,7.7625
1985-10-01,,,,,,894.0,,2.9874,7.7785
1985-10-02,,,,,,893.8,40.39,2.9874,7.775
1985-10-03,,,,,,893.8,40.36,3.0083,7.777
1985-10-04,,,,,,893.6,40.33,3.0023,7.768
1985-10-07,,,,,,893.4,40.23,3.0023,7.776
1985-10-08,,,,,,893.9,40.24,3.0294,7.78
1985-10-09,,,,,,893.9,40.22,3.0415,7.783
1985-10-10,,,,,,893.7,,3.0536,7.7875
1985-10-11,,,,,,894.2,40.21,3.0536,7.789
1985-10-14,,,,,,,,,
1985-10-15,,,,,,894.3,40.16,3.0536,7.794
1985-10-16,,,,,,894.7,40.15,3.0658,7.8065
1985-10-17,,,,,,895.2,40.15,3.0658,7.801
1985-10-18,,,,,,895.0,,3.0627,7.796
1985-10-21,,,,,,894.8,40.13,3.0627,7.7965
1985-10-22,,,,,,894.7,40.11,3.0842,7.796
1985-10-23,,,,,,895.2,40.1,3.1057,7.796
1985-10-24,,,,,,895.2,40.1,3.1275,7.805
1985-10-25,,,,,,895.7,,3.1588,7.801
1985-10-28,,,,,,895.4,40.13,3.1588,7.801
1985-10-29,,,,,,895.1,40.17,3.1904,7.8015
1985-10-30,,,,,,894.8,40.14,3.2095,7.7965
1985-10-31,,,,,,894.5,,3.2095,7.7925
1985-11-01,,,,,,894.2,40.12,3.2095,7.807
1985-11-04,,,,,,893.9,40.1,3.2095,7.802
1985-11-05,,,,,,893.6,40.06,3.2095,7.804
1985-11-06,,,,,,894.1,40.06,3.2095,7.805
1985-11-07,,,,,,893.8,40.02,3.2095,7.807
1985-11-08,,,,,,893.5,,3.2095,7.809
1985-11-11,,,,,,,,,
1985-11-12,,,,,,894.5,,3.2095,7.8045
1985-11-13,,,,,,894.1,40.01,3.2095,7.802
1985-11-14,,,,,,893.7,40.0,3.2095,7.802
1985-11-15,,,,,,893.3,39.99,3.2095,7.8035
1985-11-18,,,,,,893.8,39.97,3.192,7.806
1985-11-19,,,,,,893.5,39.96,3.2095,7.8035
1985-11-20,,,,,,893.1,,3.2095,7.805
1985-11-21,,,,,,893.2,,3.2095,7.8035
1985-11-22,,,,,,892.8,39.93,3.2095,7.8075
1985-11-25,,,,,,892.4,39.9,3.2095,7.8055
1985-11-26,,,,,,892.0,39.89,3.2095,7.8005
1985-11-27,,,,,,892.5,39.87,3.2095,7.801
1985-11-28,,,,,,,,,
1985-11-29,,,,,,891.7,39.84,3.2095,7.8015
1985-12-02,,,,,,891.4,39.82,3.2095,7.8035
1985-12-03,,,,,,891.9,39.84,3.2095,7.805
1985-12-04,,,,,,892.4,39.88,3.2095,7.804
1985-12-05,,,,,,892.0,39.92,3.2095,7.8065
1985-12-06,,,,,,892.5,39.92,3.2095,7.807
1985-12-09,,,,,,892.8,39.9,3.2095,7.8065
1985-12-10,,,,,,893.3,39.87,3.2095,7.8065
1985-12-11,,,,,,893.8,39.88,3.2095,7.8065
1985-12-12,,,,,,894.3,39.9,3.2095,7.807
1985-12-13,,,,,,893.9,39.89,3.2095,7.8065
1985-12-16,,,,,,893.8,39.93,3.2095,7.807
1985-12-17,,,,,,893.7,39.94,3.2095,7.8055
1985-12-18,,,,,,893.3,,3.2095,7.806
1985-12-19,,,,,,893.3,39.95,3.2095,7.8065
1985-12-20,,,,,,894.1,39.95,3.2095,7.8075
1985-12-23,,,,,,893.7,39.93,3.2095,7.805
1985-12-24,,,,,,893.4,39.95,3.2095,7.805
1985-12-25,,,,,,,,,
1985-12-26,,,,,,893.4,39.93,3.2095,7.805
1985-12-27,,,,,,893.3,39.92,3.2095,7.81
1985-12-30,,,,,,892.9,39.9,3.2095,7.81
1985-12-31,,,,,,892.5,39.9,3.2095,7.8075
1986-01-01,,,,,,,,,
1986-01-02,,,,,,892.5,,3.2095,7.809
1986-01-03,,,,,,892.5,,3.2095,7.8115
1986-01-06,,,,,,893.0,39.87,3.2095,7.8105
1986-01-07,,,,,,892.6,39.85,3.2095,7.808
1986-01-08,,,,,,892.2,,3.2095,7.806
1986-01-09,,,,,,892.7,39.81,3.2095,7.8035
1986-01-10,,,,,,893.2,,3.2095,7.808
1986-01-13,,,,,,893.1,39.64,3.2095,7.805
1986-01-14,,,,,,893.6,39.71,3.2095,7.8075
1986-01-15,,,,,,893.6,,3.2095,7.807
1986-01-16,,,,,,893.2,39.67,3.2095,7.8075
1986-01-17,,,,,,892.8,39.65,3.2095,7.8085
1986-01-20,,,,,,,,,
1986-01-21,,,,,,893.8,39.61,3.2095,7.811
1986-01-22,,,,,,893.6,39.58,3.2095,7.8095
1986-01-23,,,,,,893.3,39.56,3.2095,7.812
1986-01-24,,,,,,893.0,39.54,3.2095,7.812
1986-01-27,,,,,,892.6,39.46,3.2095,7.808
1986-01-28,,,,,,892.2,39.41,3.2095,7.8085
1986-01-29,,,,,,891.8,39.39,3.2095,7.8045
1986-01-30,,,,,,891.4,39.37,3.2095,7.805
1986-01-31,,,,,,891.0,39.36,3.2095,7.807
1986-02-03,,,,,,890.6,39.35,3.2095,7.807
1986-02-04,,,,,,890.3,39.38,3.2095,7.8065
1986-02-05,,,,,,890.8,39.38,3.2159,7.804
1986-02-06,,,,,,890.4,39.36,3.2159,7.804
1986-02-07,,,,,,890.0,39.35,3.2159,7.8045
1986-02-10,,,,,,890.0,39.33,3.2159,7.802
1986-02-11,,,,,,889.7,,3.2159,7.808
1986-02-12,,,,,,889.3,,3.2159,7.8075
1986-02-13,,,,,,888.9,39.31,3.2159,7.806
1986-02-14,,,,,,888.5,39.29,3.2159,7.805
1986-02-17,,,,,,,,,
1986-02-18,,,,,,887.7,39.23,3.2159,7.8065
1986-02-19,,,,,,887.9,39.21,3.2159,7.8035
1986-02-20,,,,,,887.5,39.18,3.2159,7.8025
1986-02-21,,,,,,887.1,39.15,3.2159,7.8035
1986-02-24,,,,,,887.6,39.0,3.2159,7.803
1986-02-25,,,,,,887.2,,3.2159,7.802
1986-02-26,,,,,,886.8,39.06,3.2159,7.799
1986-02-27,,,,,,886.5,39.1,3.2159,7.8005
1986-02-28,,,,,,886.1,39.14,3.2159,7.805
1986-03-03,,,,,,886.6,39.06,3.2159,7.809
1986-03-04,,,,,,886.5,39.26,3.2159,7.8095
1986-03-05,,,,,,886.1,39.22,3.2159,7.8075
1986-03-06,,,,,,886.6,39.18,3.2159,7.808
1986-03-07,,,,,,887.1,39.15,3.2159,7.809
1986-03-10,,,,,,886.7,39.13,3.2159,7.81
1986-03-11,,,,,,887.2,,3.2159,7.8115
1986-03-12,,,,,,887.0,39.15,3.2159,7.81
1986-03-13,,,,,,886.6,39.15,3.2191,7.8105
1986-03-14,,,,,,887.1,39.13,3.2191,7.8132
1986-03-17,,,,,,886.7,39.1,3.2191,7.815
1986-03-18,,,,,,886.3,39.04,3.2191,7.813
1986-03-19,,,,,,885.9,38.99,3.2191,7.816
1986-03-20,,,,,,886.4,38.94,3.2191,7.813
1986-03-21,,,,,,886.0,38.89,3.2191,7.813
1986-03-24,,,,,,885.9,38.85,3.2191,7.815
1986-03-25,,,,,,886.4,38.82,3.2288,7.816
1986-03-26,,,,,,886.9,38.82,3.2288,7.816
1986-03-27,,,,,,887.4,38.82,3.2288,7.817
1986-03-28,,,,,,887.0,38.82,3.23,7.815
1986-03-31,,,,,,887.5,,3.2288,7.8165
1986-04-01,,,,,,887.1,38.82,3.2288,7.812
1986-04-02,,,,,,887.6,38.81,3.2288,7.805
1986-04-03,,,,,,888.1,38.8,3.2288,7.81
1986-04-04,,,,,,888.6,38.79,3.2288,7.814
1986-04-07,,,,,,889.1,38.78,3.2288,7.814
1986-04-08,,,,,,889.6,38.77,3.2288,7.813
1986-04-09,,,,,,889.2,38.76,3.2223,7.806
1986-04-10,,,,,,888.8,38.74,3.2223,7.806
1986-04-11,,,,,,888.4,38.72,3.2159,7.804
1986-04-14,,,,,,888.0,38.68,3.2159,7.8005
1986-04-15,,,,,,888.5,38.67,3.2159,7.8
1986-04-16,,,,,,888.8,38.66,3.2159,7.795
1986-04-17,,,,,,888.4,38.64,3.2095,7.793
1986-04-18,,,,,,888.4,38.63,3.2095,7.787
1986-04-21,,,,,,887.6,38.62,3.2095,7.781
1986-04-22,,,,,,887.2,38.62,3.2031,7.7805
1986-04-23,,,,,,886.8,38.62,3.2031,7.78
1986-04-24,,,,,,886.4,38.62,3.1999,7.771
1986-04-25,,,,,,886.8,38.62,3.1999,7.7675
1986-04-28,,,,,,887.3,38.61,3.1999,7.785
1986-04-29,,,,,,886.9,38.6,3.1999,7.79
1986-04-30,,,,,,887.4,38.59,3.1999,7.792
1986-05-01,,,,,,887.9,38.58,3.1999,7.7915
1986-05-02,,,,,,888.4,38.57,3.2031,7.797
1986-05-05,,,,,,888.9,38.56,3.2031,7.8
1986-05-06,,,,,,888.5,38.56,3.1967,7.797
1986-05-07,,,,,,889.0,38.55,3.1967,7.8
1986-05-08,,,,,,888.6,38.54,3.1967,7.8035
1986-05-09,,,,,,888.2,38.52,3.1967,7.809
1986-05-12,,,,,,887.8,38.49,3.1935,7.8085
1986-05-13,,,,,,887.4,38.47,3.1935,7.809
1986-05-14,,,,,,887.9,38.46,3.1935,7.813
1986-05-15,,,,,,888.4,38.66,3.1935,7.812
1986-05-16,,,,,,888.4,38.42,3.1935,7.812
1986-05-19,,,,,,888.9,38.41,3.1999,7.812
1986-05-20,,,,,,888.4,,3.1999,7.814
1986-05-21,,,,,,889.4,38.38,3.2063,7.8125
1986-05-22,,,,,,889.4,38.37,3.2063,7.819
1986-05-23,,,,,,889.9,38.36,3.2095,7.817
1986-05-26,,,,,,,,,
1986-05-27,,,,,,891.4,38.33,3.2095,7.813
1986-05-28,,,,,,891.5,,3.2095,7.812
1986-05-29,,,,,,891.1,38.28,3.2095,7.806
1986-05-30,,,,,,891.6,38.24,3.2191,7.811
1986-06-02,,,,,,892.1,38.21,3.2223,7.816
1986-06-03,,,,,,892.6,38.2,3.2233,7.812
1986-06-04,,,,,,892.1,38.19,3.2159,7.8145
1986-06-05,,,,,,891.6,38.18,3.2159,7.8125
1986-06-06,,,,,,891.6,38.17,3.2095,7.8115
1986-06-09,,,,,,891.1,38.16,3.2095,7.812
1986-06-10,,,,,,891.6,38.16,3.2095,7.81
1986-06-11,,,,,,891.1,,3.2095,7.809
1986-06-12,,,,,,890.6,38.16,3.2025,7.807
1986-06-13,,,,,,890.1,38.16,3.2095,7.808
1986-06-16,,,,,,890.6,38.15,3.2095,7.808
1986-06-17,,,,,,890.1,38.15,3.2095,7.8105
1986-06-18,,,,,,890.6,38.15,3.2127,7.81
1986-06-19,,,,,,890.1,38.15,3.2127,7.8105
1986-06-20,,,,,,890.4,,3.2127,7.8095
1986-06-23,,,,,,890.9,38.15,3.2127,7.812
1986-06-24,,,,,,890.5,38.15,3.2095,7.8105
1986-06-25,,,,,,890.0,38.15,3.2095,7.811
1986-06-26,,,,,,889.5,38.15,3.2095,7.8105
1986-06-27,,,,,,889.4,38.15,3.2095,7.811
1986-06-30,,,,,,888.9,38.15,3.2063,7.809
1986-07-01,,,,,,888.4,,3.2031,7.81
1986-07-02,,,,,,887.9,38.13,3.2031,7.8105
1986-07-03,,,,,,887.9,38.12,3.2063,7.8115
1986-07-04,,,,,,,,,
1986-07-07,,,,,,886.9,38.12,3.7129,7.813
1986-07-08,,,,,,887.4,38.12,3.7129,7.812
1986-07-09,,,,,,886.9,38.12,3.7129,7.812
1986-07-10,,,,,,889.0,38.12,3.7129,7.8125
1986-07-11,,,,,,889.2,38.12,3.7129,7.813
1986-07-14,,,,,,889.7,38.12,3.7129,7.813
1986-07-15,,,,,,889.6,38.12,3.7129,7.8148
1986-07-16,,,,,,889.1,38.12,3.7129,7.8135
1986-07-17,,,,,,889.1,38.12,3.7129,7.8145
1986-07-18,,,,,,888.6,38.12,3.7129,7.813
1986-07-21,,,,,,888.5,38.12,3.7129,7.813
1986-07-22,,,,,,888.0,38.12,3.7129,7.816
1986-07-23,,,,,,888.1,38.12,3.7129,7.815
1986-07-24,,,,,,888.6,38.12,3.7129,7.815
1986-07-25,,,,,,889.1,38.12,3.7129,7.814
1986-07-28,,,,,,889.6,38.12,3.7129,7.8085
1986-07-29,,,,,,889.0,38.12,3.7129,7.8085
1986-07-30,,,,,,889.4,38.11,3.7129,7.809
1986-07-31,,,,,,889.0,38.1,3.7129,7.808
1986-08-01,,,,,,888.4,38.06,3.7129,7.8075
1986-08-04,,,,,,887.8,37.98,3.7129,7.798
1986-08-05,,,,,,888.2,37.86,3.7129,7.8005
1986-08-06,,,,,,888.6,37.8,3.7129,7.801
1986-08-07,,,,,,888.0,37.75,3.7129,7.7875
1986-08-08,,,,,,887.4,37.75,3.7129,7.8
1986-08-11,,,,,,887.8,37.54,3.7129,7.797
1986-08-12,,,,,,887.2,37.49,3.7129,7.7945
1986-08-13,,,,,,887.6,37.44,3.7129,7.7975
1986-08-14,,,,,,886.8,37.39,3.7129,7.775
1986-08-15,,,,,,886.8,37.34,3.7129,7.788
1986-08-18,,,,,,886.2,37.24,3.7129,7.8125
1986-08-19,,,,,,886.3,37.21,3.7129,7.8065
1986-08-20,,,,,,885.6,37.18,3.7129,7.807
1986-08-21,,,,,,884.7,37.21,3.7129,7.805
1986-08-22,,,,,,884.8,,3.7129,7.803
1986-08-25,,,,,,884.2,37.07,3.7129,7.803
1986-08-26,,,,,,884.5,37.05,3.7129,7.808
1986-08-27,,,,,,884.5,37.04,3.7129,7.806
1986-08-28,,,,,,885.0,37.03,3.7129,7.805
1986-08-29,,,,,,885.1,37.02,3.7129,7.8035
1986-09-01,,,,,,,,,
1986-09-02,,,,,,883.3,36.99,3.7129,7.801
1986-09-03,,,,,,883.3,36.98,3.7129,7.8025
1986-09-04,,,,,,883.5,36.97,3.7129,7.7995
1986-09-05,,,,,,883.5,36.96,3.7129,7.8005
1986-09-08,,,,,,883.8,36.94,3.7129,7.802
1986-09-09,,,,,,884.3,36.93,3.7129,7.8055
1986-09-10,,,,,,884.1,36.92,3.7129,7.8055
1986-09-11,,,,,,883.2,36.91,3.7129,7.806
1986-09-12,,,,,,883.7,36.9,3.7129,7.8035
1986-09-15,,,,,,883.5,36.88,3.7129,7.8
1986-09-16,,,,,,882.6,36.87,3.7129,7.8025
1986-09-17,,,,,,882.6,36.86,3.7129,7.8035
1986-09-18,,,,,,883.1,,3.7129,7.801
1986-09-19,,,,,,883.1,36.85,3.7129,7.802
1986-09-22,,,,,,882.2,36.84,3.7129,7.8025
1986-09-23,,,,,,882.7,36.82,3.7129,7.8035
1986-09-24,,,,,,883.2,36.81,3.7129,7.805
1986-09-25,,,,,,882.5,36.8,3.724,7.802
1986-09-26,,,,,,882.6,36.79,3.724,7.803
1986-09-29,,,,,,882.4,,3.724,7.8025
1986-09-30,,,,,,881.0,36.79,3.724,7.802
1986-10-01,,,,,,881.0,36.78,3.724,7.804
1986-10-02,,,,,,881.0,36.75,3.724,7.802
1986-10-03,,,,,,881.1,36.74,3.724,7.7965
1986-10-06,,,,,,880.9,36.72,3.724,7.7915
1986-10-07,,,,,,879.5,36.71,3.724,7.797
1986-10-08,,,,,,879.7,36.7,3.724,7.8
1986-10-09,,,,,,879.7,36.7,3.724,7.8005
1986-10-10,,,,,,879.6,,3.724,7.7985
1986-10-13,,,,,,,,,
1986-10-14,,,,,,878.3,36.67,3.724,7.7995
1986-10-15,,,,,,878.0,36.66,3.724,7.7985
1986-10-16,,,,,,878.1,36.65,3.724,7.8
1986-10-17,,,,,,878.6,36.64,3.724,7.7975
1986-10-20,,,,,,877.7,36.63,3.724,7.805
1986-10-21,,,,,,877.8,36.61,3.724,7.8025
1986-10-22,,,,,,878.0,36.6,3.724,7.7995
1986-10-23,,,,,,878.0,36.59,3.724,7.7995
1986-10-24,,,,,,878.3,36.58,3.724,7.8035
1986-10-27,,,,,,878.6,36.57,3.7314,7.8035
1986-10-28,,,,,,878.5,36.56,3.7314,7.799
1986-10-29,,,,,,877.1,36.55,3.7314,7.8
1986-10-30,,,,,,877.1,36.54,3.7314,7.8
1986-10-31,,,,,,877.2,,3.7314,7.7995
1986-11-03,,,,,,877.5,36.53,3.7314,7.803
1986-11-04,,,,,,877.6,36.52,3.7314,7.8015
1986-11-05,,,,,,876.7,36.51,3.7314,7.803
1986-11-06,,,,,,876.6,36.5,3.7314,7.8025
1986-11-07,,,,,,876.0,36.49,3.7314,7.802
1986-11-10,,,,,,875.5,36.5,3.7314,7.801
1986-11-11,,,,,,,,,
1986-11-12,,,,,,872.9,36.46,3.7314,7.802
1986-11-13,,,,,,871.5,36.45,3.7314,7.7995
1986-11-14,,,,,,871.6,36.44,3.7314,7.8005
1986-11-17,,,,,,871.5,36.42,3.7314,7.8005
1986-11-18,,,,,,872.0,36.41,3.7314,7.803
1986-11-19,,,,,,872.5,36.4,3.7314,7.792
1986-11-20,,,,,,872.1,36.39,3.7314,7.795
1986-11-21,,,,,,872.3,36.38,3.7314,7.794
1986-11-24,,,,,,872.8,36.36,3.7314,7.7945
1986-11-25,,,,,,872.9,36.35,3.7314,7.788
1986-11-26,,,,,,871.5,36.34,3.7314,7.786
1986-11-27,,,,,,,,,
1986-11-28,,,,,,870.3,,3.7314,7.7845
1986-12-01,,,,,,868.9,36.2,3.7314,7.7875
1986-12-02,,,,,,867.9,36.29,3.7314,7.7735
1986-12-03,,,,,,868.4,36.28,3.7314,7.7975
1986-12-04,,,,,,868.7,36.27,3.7314,7.7845
1986-12-05,,,,,,869.2,,3.7314,7.789
1986-12-08,,,,,,869.7,36.25,3.7314,7.789
1986-12-09,,,,,,870.2,36.22,3.7314,7.7935
1986-12-10,,,,,,870.4,36.18,3.7314,7.795
1986-12-11,,,,,,871.0,36.16,3.7314,7.789
1986-12-12,,,,,,870.5,36.15,3.7314,7.793
1986-12-15,,,,,,871.1,36.1,3.7314,7.795
1986-12-16,,,,,,870.8,36.06,3.7314,7.797
1986-12-17,,,,,,871.3,36.02,3.7314,7.798
1986-12-18,,,,,,869.8,35.97,3.7314,7.7975
1986-12-19,,,,,,868.4,35.94,3.7314,7.7955
1986-12-22,,,,,,867.0,35.89,3.7314,7.801
1986-12-23,,,,,,865.6,35.78,3.7314,7.798
1986-12-24,,,,,,865.5,35.74,3.7314,7.799
1986-12-25,,,,,,,,,
1986-12-26,,,,,,865.4,35.71,3.7314,7.799
1986-12-29,,,,,,865.3,35.66,3.7314,7.794
1986-12-30,,,,,,865.2,35.61,3.7314,7.792
1986-12-31,,,,,,865.2,35.55,3.7314,7.7915
1987-01-01,,,,,,,,,
1987-01-02,,,,,,865.2,,3.7314,7.78
1987-01-05,,,,,,864.7,,3.7314,7.7895
1987-01-06,,,,,,865.0,35.51,3.7314,7.7865
1987-01-07,,,,,,864.7,35.48,3.7314,7.786
1987-01-08,,,,,,864.5,35.46,3.7314,7.783
1987-01-09,,,,,,864.4,35.44,3.7314,7.781
1987-01-12,,,,,,864.1,35.41,3.7314,7.7725
1987-01-13,,,,,,863.5,35.38,3.7314,7.772
1987-01-14,,,,,,862.9,35.35,3.7314,7.766
1987-01-15,,,,,,862.5,35.34,3.7314,7.762
1987-01-16,,,,,,861.7,35.3,3.7314,7.76
1987-01-19,,,,,,,,,
1987-01-20,,,,,,861.4,,3.7314,7.755
1987-01-21,,,,,,861.8,35.19,3.7314,7.755
1987-01-22,,,,,,862.2,35.17,3.7314,7.755
1987-01-23,,,,,,861.8,35.16,3.7314,7.76
1987-01-26,,,,,,861.8,35.13,3.7314,7.771
1987-01-27,,,,,,861.7,35.12,3.7314,7.7715
1987-01-28,,,,,,861.7,35.12,3.7314,7.7625
1987-01-29,,,,,,861.1,,3.7314,7.763
1987-01-30,,,,,,860.6,,3.7314,7.765
1987-02-02,,,,,,861.8,,3.7314,7.7745
1987-02-03,,,,,,860.8,35.11,3.7314,7.777
1987-02-04,,,,,,860.2,35.1,3.7314,7.786
1987-02-05,,,,,,860.5,35.08,3.7314,7.7955
1987-02-06,,,,,,860.9,35.07,3.7314,7.799
1987-02-09,,,,,,861.3,35.06,3.7314,7.8
1987-02-10,,,,,,860.7,,3.7314,7.785
1987-02-11,,,,,,860.1,35.04,3.7314,7.7895
1987-02-12,,,,,,860.3,35.03,3.7314,7.792
1987-02-13,,,,,,860.5,35.03,3.7314,7.801
1987-02-16,,,,,,,,,
1987-02-17,,,,,,860.1,35.02,3.7314,7.798
1987-02-18,,,,,,859.8,,3.7314,7.822
1987-02-19,,,,,,860.1,35.04,3.7314,7.803
1987-02-20,,,,,,860.4,35.06,3.7314,7.797
1987-02-23,,,,,,859.8,35.02,3.7314,7.799
1987-02-24,,,,,,859.6,35.03,3.7314,7.8005
1987-02-25,,,,,,859.7,35.06,3.7314,7.7985
1987-02-26,,,,,,859.0,35.08,3.7314,7.795
1987-02-27,,,,,,858.6,35.06,3.7314,7.7955
1987-03-02,,,,,,858.7,35.04,3.7314,7.8
1987-03-03,,,,,,858.8,35.07,3.7314,7.799
1987-03-04,,,,,,858.9,35.06,3.7314,7.8
1987-03-05,,,,,,858.9,,3.7314,7.802
1987-03-06,,,,,,859.0,34.99,3.7314,7.805
1987-03-09,,,,,,858.5,34.95,3.7314,7.805
1987-03-10,,,,,,858.5,34.86,3.7314,7.803
1987-03-11,,,,,,858.7,34.79,3.7314,7.804
1987-03-12,,,,,,858.3,34.75,3.7314,7.8035
1987-03-13,,,,,,858.1,34.71,3.7314,7.803
1987-03-16,,,,,,857.5,34.64,3.7314,7.8025
1987-03-17,,,,,,856.6,34.61,3.7314,7.8025
1987-03-18,,,,,,855.7,34.59,3.7314,7.799
1987-03-19,,,,,,855.8,34.55,3.7314,7.801
1987-03-20,,,,,,854.9,,3.7314,7.803
1987-03-23,,,,,,854.2,34.45,3.7314,7.803
1987-03-24,,,,,,853.3,34.43,3.7314,7.7995
1987-03-25,,,,,,852.4,34.41,3.7314,7.7995
1987-03-26,,,,,,852.5,34.38,3.7314,7.804
1987-03-27,,,,,,852.6,34.35,3.7314,7.8005
1987-03-30,,,,,,851.7,,3.7314,7.7995
1987-03-31,,,,,,850.8,34.31,3.7314,7.799
1987-04-01,,,,,,850.8,34.3,3.7314,7.8035
1987-04-02,,,,,,850.9,34.29,3.7314,7.8015
1987-04-03,,,,,,850.2,34.26,3.7314,7.802
1987-04-06,,,,,,849.3,,3.7314,7.802
1987-04-07,,,,,,849.4,34.19,3.7314,7.8025
1987-04-08,,,,,,848.1,34.17,3.7314,7.8045
1987-04-09,,,,,,848.2,34.15,3.7314,7.805
1987-04-10,,,,,,847.0,34.14,3.7314,7.8025
1987-04-13,,,,,,845.8,34.12,3.7314,7.8035
1987-04-14,,,,,,844.6,34.07,3.7314,7.8045
1987-04-15,,,,,,843.4,34.02,3.7314,7.801
1987-04-16,,,,,,843.5,33.96,3.7314,7.803
1987-04-17,,,,,,843.6,33.89,3.7314,7.803
1987-04-20,,,,,,843.6,33.72,3.7314,7.803
1987-04-21,,,,,,842.4,33.65,3.7314,7.7995
1987-04-22,,,,,,842.4,33.58,3.7314,7.8
1987-04-23,,,,,,842.5,33.53,3.7314,7.8025
1987-04-24,,,,,,841.3,33.47,3.7314,7.8
1987-04-27,,,,,,840.1,33.39,3.7314,7.7995
1987-04-28,,,,,,838.9,33.22,3.7314,7.803
1987-04-29,,,,,,839.0,33.15,3.7314,7.803
1987-04-30,,,,,,837.9,33.07,3.7314,7.804
1987-05-01,,,,,,838.0,33.0,3.7314,7.808
1987-05-04,,,,,,836.8,32.9,3.7314,7.808
1987-05-05,,,,,,836.8,32.83,3.7314,7.8075
1987-05-06,,,,,,835.6,32.77,3.7314,7.808
1987-05-07,,,,,,835.7,32.7,3.7314,7.8045
1987-05-08,,,,,,835.8,32.65,3.7314,7.803
1987-05-11,,,,,,835.9,32.55,3.7314,7.8035
1987-05-12,,,,,,836.0,32.51,3.7314,7.8035
1987-05-13,,,,,,834.9,32.49,3.7314,7.8043
1987-05-14,,,,,,835.0,32.49,3.7314,7.803
1987-05-15,,,,,,833.2,32.44,3.7314,7.799
1987-05-18,,,,,,831.4,32.31,3.7314,7.7988
1987-05-19,,,,,,829.6,32.24,3.7314,7.802
1987-05-20,,,,,,829.6,32.18,3.7314,7.8042
1987-05-21,,,,,,827.8,32.11,3.7314,7.8038
1987-05-22,,,,,,827.9,32.03,3.7314,7.8055
1987-05-25,,,,,,,,,
1987-05-26,,,,,,828.0,31.82,3.7314,7.8075
1987-05-27,,,,,,828.1,31.76,3.7314,7.8073
1987-05-28,,,,,,828.2,31.69,3.7314,7.8075
1987-05-29,,,,,,826.4,31.61,3.7314,7.8085
1987-06-01,,,,,,826.5,31.54,3.7314,7.81
1987-06-02,,,,,,826.6,31.49,3.7314,7.8097
1987-06-03,,,,,,824.7,31.44,3.7314,7.8062
1987-06-04,,,,,,824.8,31.39,3.7314,7.8075
1987-06-05,,,,,,824.9,31.35,3.7314,7.807
1987-06-08,,,,,,822.7,31.29,3.7314,7.8064
1987-06-09,,,,,,820.5,31.26,3.7314,7.809
1987-06-10,,,,,,818.3,31.26,3.7314,7.8068
1987-06-11,,,,,,817.1,31.2,3.7314,7.8075
1987-06-12,,,,,,817.2,31.18,3.7314,7.809
1987-06-15,,,,,,817.3,31.14,3.7314,7.8105
1987-06-16,,,,,,817.4,31.14,3.7314,7.809
1987-06-17,,,,,,816.2,31.13,3.7314,7.8065
1987-06-18,,,,,,816.3,31.14,3.7314,7.8058
1987-06-19,,,,,,815.1,31.14,3.7314,7.8073
1987-06-22,,,,,,815.2,31.13,3.7314,7.8075
1987-06-23,,,,,,815.3,31.13,3.7314,7.808
1987-06-24,,,,,,815.4,31.12,3.7314,7.808
1987-06-25,,,,,,813.9,31.13,3.7314,7.8077
1987-06-26,,,,,,814.0,31.13,3.7314,7.8082
1987-06-29,,,,,,812.5,31.12,3.7314,7.808
1987-06-30,,,,,,812.6,31.13,3.7314,7.8105
1987-07-01,,,,,,812.7,,3.7314,7.81
1987-07-02,,,,,,811.8,31.13,3.7314,7.81
1987-07-03,,,,,,811.9,31.13,3.7314,7.811
1987-07-06,,,,,,812.0,31.14,3.7314,7.8102
1987-07-07,,,,,,812.1,31.12,3.7314,7.809
1987-07-08,,,,,,812.2,31.13,3.7314,7.809
1987-07-09,,,,,,812.3,31.13,3.7314,7.807
1987-07-10,,,,,,811.4,31.13,3.7314,7.8082
1987-07-13,,,,,,811.6,31.13,3.7314,7.8097
1987-07-14,,,,,,811.7,31.13,3.7314,7.8107
1987-07-15,,,,,,811.7,31.13,3.7314,7.81
1987-07-16,,,,,,811.5,31.14,3.7314,7.8092
1987-07-17,,,,,,811.5,31.14,3.7314,7.8088
1987-07-20,,,,,,811.7,31.13,3.7314,7.8087
1987-07-21,,,,,,811.9,31.13,3.7314,7.8087
1987-07-22,,,,,,811.8,31.12,3.7314,7.8084
1987-07-23,,,,,,811.9,31.13,3.7314,7.8085
1987-07-24,,,,,,811.7,31.13,3.7314,7.8085
1987-07-27,,,,,,811.5,31.14,3.7314,7.8085
1987-07-28,,,,,,811.6,31.13,3.7314,7.809
1987-07-29,,,,,,811.7,31.08,3.7314,7.8088
1987-07-30,,,,,,811.8,31.01,3.7314,7.8085
1987-07-31,,,,,,811.7,30.93,3.7314,7.8077
1987-08-03,,,,,,811.7,30.78,3.7314,7.8058
1987-08-04,,,,,,812.0,30.7,3.7314,7.8085
1987-08-05,,,,,,812.2,30.63,3.7314,7.8097
1987-08-06,,,,,,812.0,30.55,3.7314,7.81
1987-08-07,,,,,,812.2,30.47,3.7314,7.8115
1987-08-10,,,,,,812.3,30.35,3.7314,7.8105
1987-08-11,,,,,,812.4,30.3,3.7314,7.8117
1987-08-12,,,,,,812.5,30.26,3.7314,7.812
1987-08-13,,,,,,812.4,30.22,3.7314,7.8112
1987-08-14,,,,,,812.3,30.2,3.7314,7.8105
1987-08-17,,,,,,812.2,30.16,3.7314,7.8107
1987-08-18,,,,,,812.2,30.15,3.7314,7.8095
1987-08-19,,,,,,811.8,30.15,3.7314,7.808
1987-08-20,,,,,,811.6,30.15,3.7314,7.8085
1987-08-21,,,,,,811.5,30.14,3.7314,7.807
1987-08-24,,,,,,811.3,30.15,3.7314,7.8075
1987-08-25,,,,,,811.2,30.15,3.7314,7.807
1987-08-26,,,,,,811.4,30.14,3.7314,7.8085
1987-08-27,,,,,,811.5,30.14,3.7314,7.808
1987-08-28,,,,,,811.3,30.15,3.7314,7.8085
1987-08-31,,,,,,811.4,30.16,3.7314,7.8075
1987-09-01,,,,,,811.3,30.15,3.7314,7.8077
1987-09-02,,,,,,811.1,30.15,3.7314,7.8075
1987-09-03,,,,,,810.8,30.16,3.7314,7.8035
1987-09-04,,,,,,810.5,30.14,3.7314,7.8005
1987-09-07,,,,,,,,,
1987-09-08,,,,,,810.3,30.15,3.7314,7.7991
1987-09-09,,,,,,810.0,30.16,3.7314,7.799
1987-09-10,,,,,,810.1,30.14,3.7314,7.799
1987-09-11,,,,,,810.2,30.15,3.7314,7.796
1987-09-14,,,,,,810.3,30.14,3.7314,7.7995
1987-09-15,,,,,,810.4,30.14,3.7314,7.8014
1987-09-16,,,,,,810.1,30.15,3.7314,7.8034
1987-09-17,,,,,,809.8,30.15,3.7314,7.8045
1987-09-18,,,,,,809.9,30.16,3.7314,7.801
1987-09-21,,,,,,809.6,30.14,3.7314,7.805
1987-09-22,,,,,,809.7,30.15,3.7314,7.8064
1987-09-23,,,,,,809.8,30.16,3.7314,7.807
1987-09-24,,,,,,809.9,30.16,3.7314,7.8045
1987-09-25,,,,,,809.6,30.16,3.7314,7.8062
1987-09-28,,,,,,809.3,30.16,3.7314,7.8067
1987-09-29,,,,,,809.4,30.16,3.7314,7.808
1987-09-30,,,,,,809.5,30.14,3.7314,7.8075
1987-10-01,,,,,,809.5,30.13,3.7314,7.809
1987-10-02,,,,,,809.6,30.07,3.7314,7.8088
1987-10-05,,,,,,809.7,30.02,3.7314,7.8102
1987-10-06,,,,,,809.8,30.03,3.7314,7.8085
1987-10-07,,,,,,809.8,,3.7314,7.8085
1987-10-08,,,,,,809.8,30.03,3.7314,7.807
1987-10-09,,,,,,809.8,30.03,3.7314,7.8085
1987-10-12,,,,,,,,,
1987-10-13,,,,,,809.2,30.03,3.7314,7.8065
1987-10-14,,,,,,809.3,30.03,3.7314,7.808
1987-10-15,,,,,,809.0,30.03,3.7314,7.8025
1987-10-16,,,,,,808.5,30.03,3.7314,7.8025
1987-10-19,,,,,,808.6,30.03,3.7314,7.7985
1987-10-20,,,,,,808.0,30.03,3.7314,7.809
1987-10-21,,,,,,808.1,30.03,3.7314,7.808
1987-10-22,,,,,,808.2,30.03,3.7314,7.814
1987-10-23,,,,,,808.3,30.03,3.7314,7.8125
1987-10-26,,,,,,807.5,,3.7314,7.811
1987-10-27,,,,,,807.5,,3.7314,7.8095
1987-10-28,,,,,,806.7,30.03,3.7314,7.8083
1987-10-29,,,,,,805.9,30.03,3.7314,7.8065
1987-10-30,,,,,,805.1,30.01,3.7314,7.804
1987-11-02,,,,,,805.1,30.01,3.7314,7.8105
1987-11-03,,,,,,804.3,30.01,3.7314,7.8128
1987-11-04,,,,,,804.2,30.01,3.7314,7.8107
1987-11-05,,,,,,804.1,30.0,3.7314,7.8065
1987-11-06,,,,,,803.2,29.94,3.7314,7.808
1987-11-09,,,,,,803.1,29.91,3.7314,7.808
1987-11-10,,,,,,802.6,29.89,3.7314,7.809
1987-11-11,,,,,,,,,
1987-11-12,,,,,,802.2,,3.7314,7.803
1987-11-13,,,,,,802.3,29.84,3.7314,7.801
1987-11-16,,,,,,802.4,29.82,3.7314,7.807
1987-11-17,,,,,,802.5,29.81,3.7314,7.8028
1987-11-18,,,,,,802.0,29.8,3.7314,7.7955
1987-11-19,,,,,,801.5,29.78,3.7314,7.785
1987-11-20,,,,,,801.2,29.75,3.7314,7.761
1987-11-23,,,,,,801.1,29.7,3.7314,7.7875
1987-11-24,,,,,,800.8,29.67,3.7314,7.793
1987-11-25,,,,,,800.9,29.64,3.7314,7.788
1987-11-26,,,,,,,,,
1987-11-27,,,,,,800.3,29.55,3.7314,7.78
1987-11-30,,,,,,800.0,29.51,3.7314,7.77
1987-12-01,,,,,,799.7,29.48,3.7314,7.769
1987-12-02,,,,,,799.8,29.46,3.7314,7.77
1987-12-03,,,,,,799.5,29.43,3.7314,7.771
1987-12-04,,,,,,799.2,29.4,3.7314,7.77
1987-12-07,,,,,,799.3,29.37,3.7314,7.787
1987-12-08,,,,,,799.4,29.32,3.7314,7.783
1987-12-09,,,,,,799.1,29.28,3.7314,7.776
1987-12-10,,,,,,798.8,29.25,3.7314,7.775
1987-12-11,,,,,,798.7,29.16,3.7314,7.77
1987-12-14,,,,,,798.5,29.07,3.7314,7.751
1987-12-15,,,,,,798.7,28.89,3.7314,7.756
1987-12-16,,,,,,798.7,28.8,3.7314,7.772
1987-12-17,,,,,,798.6,28.71,3.7314,7.768
1987-12-18,,,,,,798.3,28.65,3.7314,7.79
1987-12-21,,,,,,798.4,28.61,3.7314,7.7825
1987-12-22,,,,,,798.1,28.61,3.7314,7.785
1987-12-23,,,,,,797.8,28.6,3.7314,7.773
1987-12-24,,,,,,797.9,28.6,3.7314,7.77
1987-12-25,,,,,,,,,
1987-12-28,,,,,,797.1,28.6,3.7314,7.775
1987-12-29,,,,,,796.3,28.6,3.7314,7.777
1987-12-30,,,,,,795.8,28.6,3.7314,7.764
1987-12-31,,,,,,795.9,28.6,3.7314,7.762
1988-01-01,,,,,,,,,
1988-01-04,,,,,,795.1,,3.7314,7.769
1988-01-05,,,,,,795.2,28.6,3.7314,7.7895
1988-01-06,,,,,,795.3,28.59,3.7314,7.782
1988-01-07,,,,,,795.4,28.58,3.7314,7.783
1988-01-08,,,,,,795.5,28.58,3.7314,7.7775
1988-01-11,,,,,,794.7,28.58,3.7314,7.778
1988-01-12,,,,,,793.9,28.6,3.7314,7.781
1988-01-13,,,,,,793.1,28.62,3.7314,7.7775
1988-01-14,,,,,,791.9,28.64,3.7314,7.783
1988-01-15,,,,,,791.1,28.64,3.7314,7.795
1988-01-18,,,,,,,,,
1988-01-19,,,,,,791.3,28.64,3.7314,7.791
1988-01-20,,,,,,790.1,28.65,3.7314,7.79
1988-01-21,,,,,,788.9,28.65,3.7314,7.791
1988-01-22,,,,,,788.1,28.65,3.7314,7.794
1988-01-25,,,,,,788.2,28.65,3.7314,7.797
1988-01-26,,,,,,788.3,28.65,3.7314,7.797
1988-01-27,,,,,,787.5,28.66,3.7314,7.806
1988-01-28,,,,,,786.3,28.66,3.7314,7.8005
1988-01-29,,,,,,785.1,28.66,3.7314,7.775
1988-02-01,,,,,,785.2,28.66,3.7314,7.803
1988-02-02,,,,,,785.3,28.67,3.7314,7.801
1988-02-03,,,,,,784.1,28.67,3.7314,7.8025
1988-02-04,,,,,,783.3,28.67,3.7314,7.797
1988-02-05,,,,,,783.4,28.67,3.7314,7.798
1988-02-08,,,,,,783.5,28.67,3.7314,7.8025
1988-02-09,,,,,,783.6,28.67,3.7314,7.8045
1988-02-10,,,,,,781.9,28.67,3.7314,7.8015
1988-02-11,,,,,,780.1,28.66,3.7314,7.796
1988-02-12,,,,,,778.4,28.66,3.7314,7.799
1988-02-15,,,,,,,,,
1988-02-16,,,,,,776.8,28.66,3.7314,7.793
1988-02-17,,,,,,775.1,28.66,3.7314,7.791
1988-02-18,,,,,,775.1,28.66,3.7314,7.792
1988-02-19,,,,,,773.4,28.66,3.7314,7.791
1988-02-22,,,,,,771.7,28.66,3.7314,7.7945
1988-02-23,,,,,,769.8,28.66,3.7314,7.7955
1988-02-24,,,,,,767.9,28.66,3.7314,7.7945
1988-02-25,,,,,,767.9,28.67,3.7314,7.801
1988-02-26,,,,,,766.2,28.67,3.7314,7.798
1988-02-29,,,,,,764.3,28.67,3.7314,7.801
1988-03-01,,,,,,764.3,28.68,3.7314,7.7995
1988-03-02,,,,,,764.4,28.68,3.7314,7.8
1988-03-03,,,,,,764.5,28.68,3.7314,7.8
1988-03-04,,,,,,764.6,28.68,3.7314,7.8005
1988-03-07,,,,,,763.7,28.68,3.7314,7.799
1988-03-08,,,,,,762.2,28.68,3.7314,7.8015
1988-03-09,,,,,,760.7,28.69,3.7314,7.8035
1988-03-10,,,,,,760.7,28.69,3.7314,7.8025
1988-03-11,,,,,,759.8,28.69,3.7314,7.8
1988-03-14,,,,,,758.2,28.69,3.7314,7.7995
1988-03-15,,,,,,757.3,28.69,3.7314,7.801
1988-03-16,,,,,,757.4,28.69,3.7314,7.801
1988-03-17,,,,,,756.5,28.69,3.7314,7.802
1988-03-18,,,,,,756.6,28.69,3.7314,7.802
1988-03-21,,,,,,755.7,28.69,3.7314,7.805
1988-03-22,,,,,,754.2,28.69,3.7314,7.807
1988-03-23,,,,,,754.2,28.69,3.7314,7.8085
1988-03-24,,,,,,753.3,28.69,3.7314,7.807
1988-03-25,,,,,,751.8,28.69,3.7314,7.806
1988-03-28,,,,,,750.9,28.69,3.7314,7.8045
1988-03-29,,,,,,749.4,,3.7314,7.8065
1988-03-30,,,,,,749.5,28.69,3.7314,7.805
1988-03-31,,,,,,749.6,,3.7314,7.802
1988-04-01,,,,,,748.1,28.69,3.7314,7.805
1988-04-04,,,,,,746.6,,3.7314,7.806
1988-04-05,,,,,,746.6,28.69,3.7314,7.805
1988-04-06,,,,,,746.7,28.64,3.7314,7.8095
1988-04-07,,,,,,746.8,28.69,3.7314,7.809
1988-04-08,,,,,,746.9,28.7,3.7314,7.8095
1988-04-11,,,,,,746.2,28.7,3.7314,7.814
1988-04-12,,,,,,746.3,28.7,3.7314,7.812
1988-04-13,,,,,,746.4,28.7,3.7314,7.809
1988-04-14,,,,,,746.5,28.7,3.7314,7.809
1988-04-15,,,,,,745.8,28.7,3.7314,7.8095
1988-04-18,,,,,,744.1,28.7,3.7314,7.8115
1988-04-19,,,,,,744.2,28.7,3.7314,7.813
1988-04-20,,,,,,744.3,28.7,3.7314,7.8125
1988-04-21,,,,,,743.6,28.7,3.7314,7.8135
1988-04-22,,,,,,743.7,28.7,3.7314,7.8125
1988-04-25,,,,,,743.8,28.7,3.7314,7.8155
1988-04-26,,,,,,743.8,28.7,3.7314,7.8165
1988-04-27,,,,,,743.9,28.7,3.7314,7.821
1988-04-28,,,,,,744.0,28.7,3.7314,7.8165
1988-04-29,,,,,,743.3,28.7,3.7314,7.818
1988-05-02,,,,,,743.4,28.69,3.7314,7.823
1988-05-03,,,,,,743.5,28.68,3.7314,7.825
1988-05-04,,,,,,743.6,28.66,3.7314,7.8195
1988-05-05,,,,,,743.6,28.66,3.7314,7.81
1988-05-06,,,,,,742.7,28.66,3.7314,7.814
1988-05-09,,,,,,741.8,28.66,3.7314,7.814
1988-05-10,,,,,,740.9,28.66,3.7314,7.8105
1988-05-11,,,,,,740.0,28.66,3.7314,7.813
1988-05-12,,,,,,739.1,28.66,3.7314,7.8161
1988-05-13,,,,,,739.2,28.66,3.7314,7.815
1988-05-16,,,,,,738.3,28.66,3.7314,7.81
1988-05-17,,,,,,738.4,28.66,3.7314,7.815
1988-05-18,,,,,,738.5,28.66,3.7314,7.8155
1988-05-19,,,,,,738.6,28.67,3.7314,7.8185
1988-05-20,,,,,,737.7,28.67,3.7314,7.8155
1988-05-23,,,,,,737.8,28.67,3.7314,7.816
1988-05-24,,,,,,736.9,28.67,3.7314,7.817
1988-05-25,,,,,,735.9,28.67,3.7314,7.815
1988-05-26,,,,,,736.0,28.67,3.7314,7.816
1988-05-27,,,,,,736.1,28.67,3.7314,7.816
1988-05-30,,,,,,,,,
1988-05-31,,,,,,736.2,28.67,3.7314,7.814
1988-06-01,,,,,,736.3,28.67,3.7314,7.815
1988-06-02,,,,,,736.4,28.67,3.7314,7.815
1988-06-03,,,,,,736.5,28.67,3.7314,7.8155
1988-06-06,,,,,,735.6,28.67,3.7314,7.8175
1988-06-07,,,,,,734.7,28.67,3.7314,7.8165
1988-06-08,,,,,,733.2,28.67,3.7314,7.8118
1988-06-09,,,,,,732.6,28.67,3.7314,7.812
1988-06-10,,,,,,731.9,28.67,3.7314,7.812
1988-06-13,,,,,,731.9,28.67,3.7314,7.81
1988-06-14,,,,,,732.0,28.67,3.7314,7.806
1988-06-15,,,,,,732.1,28.67,3.7314,7.808
1988-06-16,,,,,,732.2,28.68,3.7314,7.8025
1988-06-17,,,,,,731.5,28.69,3.7314,7.804
1988-06-20,,,,,,731.6,28.69,3.7314,7.804
1988-06-21,,,,,,731.7,28.7,3.7314,7.801
1988-06-22,,,,,,731.9,28.71,3.7314,7.802
1988-06-23,,,,,,731.9,28.73,3.7314,7.801
1988-06-24,,,,,,732.0,28.79,3.7314,7.8015
1988-06-27,,,,,,732.1,28.79,3.7314,7.8
1988-06-28,,,,,,732.2,28.9,3.7314,7.798
1988-06-29,,,,,,731.5,28.92,3.7314,7.804
1988-06-30,,,,,,731.6,28.94,3.7314,7.8035
1988-07-01,,,,,,731.4,,3.7314,7.81
1988-07-04,,,,,,,,,
1988-07-05,,,,,,731.6,28.87,3.7314,7.819
1988-07-06,,,,,,730.8,28.85,3.7314,7.8165
1988-07-07,,,,,,730.0,28.83,3.7314,7.814
1988-07-08,,,,,,729.2,28.81,3.7314,7.816
1988-07-11,,,,,,729.3,28.75,3.7314,7.819
1988-07-12,,,,,,729.4,28.73,3.7314,7.819
1988-07-13,,,,,,728.7,28.73,3.7314,7.819
1988-07-14,,,,,,728.8,28.73,3.7314,7.8175
1988-07-15,,,,,,728.9,28.71,3.7314,7.817
1988-07-18,,,,,,729.0,28.68,3.7314,7.8165
1988-07-19,,,,,,729.1,28.68,3.7314,7.817
1988-07-20,,,,,,728.3,28.68,3.7314,7.811
1988-07-21,,,,,,727.7,28.68,3.7314,7.811
1988-07-22,,,,,,727.2,28.68,3.7314,7.81
1988-07-25,,,,,,726.7,28.67,3.7314,7.805
1988-07-26,,,,,,726.8,28.67,3.7314,7.807
1988-07-27,,,,,,726.9,28.68,3.7314,7.8085
1988-07-28,,,,,,727.0,28.68,3.7314,7.81
1988-07-29,,,,,,726.6,28.68,3.7314,7.807
1988-08-01,,,,,,726.7,28.68,3.7314,7.806
1988-08-02,,,,,,726.3,28.68,3.7314,7.807
1988-08-03,,,,,,726.0,28.68,3.7314,7.8065
1988-08-04,,,,,,726.1,28.68,3.7314,7.806
1988-08-05,,,,,,726.2,28.68,3.7314,7.808
1988-08-08,,,,,,726.3,28.67,3.7314,7.806
1988-08-09,,,,,,726.4,28.67,3.7314,7.806
1988-08-10,,,,,,726.5,28.67,3.7314,7.8035
1988-08-11,,,,,,726.6,28.68,3.7314,7.804
1988-08-12,,,,,,726.1,28.67,3.7314,7.8035
1988-08-15,,,,,,725.6,28.67,3.7314,7.8045
1988-08-16,,,,,,725.7,28.67,3.7314,7.805
1988-08-17,,,,,,725.8,28.67,3.7314,7.8055
1988-08-18,,,,,,725.9,28.67,3.7314,7.8045
1988-08-19,,,,,,725.6,28.67,3.7314,7.804
1988-08-22,,,,,,725.3,28.67,3.7314,7.806
1988-08-23,,,,,,725.4,28.67,3.7314,7.805
1988-08-24,,,,,,725.5,28.68,3.7314,7.804
1988-08-25,,,,,,725.1,28.7,3.7314,7.804
1988-08-26,,,,,,724.6,28.67,3.7314,7.8045
1988-08-29,,,,,,724.7,28.8,3.7314,7.8025
1988-08-30,,,,,,724.8,28.82,3.7314,7.804
1988-08-31,,,,,,724.9,28.83,3.7314,7.8055
1988-09-01,,,,,,725.0,28.82,3.7314,7.8065
1988-09-02,,,,,,725.0,28.83,3.7314,7.807
1988-09-05,,,,,,,,,
1988-09-06,,,,,,724.2,28.86,3.7314,7.8125
1988-09-07,,,,,,723.7,28.86,3.7314,7.8085
1988-09-08,,,,,,723.2,28.84,3.7314,7.8085
1988-09-09,,,,,,723.3,28.85,3.7314,7.809
1988-09-12,,,,,,722.9,28.86,3.7314,7.811
1988-09-13,,,,,,723.0,28.89,3.7314,7.811
1988-09-14,,,,,,722.7,28.91,3.7314,7.8105
1988-09-15,,,,,,722.8,28.93,3.7314,7.811
1988-09-16,,,,,,722.9,28.95,3.7314,7.8105
1988-09-19,,,,,,722.9,28.97,3.7314,7.8125
1988-09-20,,,,,,722.5,28.98,3.7314,7.812
1988-09-21,,,,,,722.6,28.98,3.7314,7.812
1988-09-22,,,,,,722.7,28.98,3.7314,7.812
1988-09-23,,,,,,722.6,28.98,3.7314,7.813
1988-09-26,,,,,,722.5,,3.7314,7.8125
1988-09-27,,,,,,722.6,,3.7314,7.812
1988-09-28,,,,,,722.3,,3.7314,7.8115
1988-09-29,,,,,,721.8,28.98,3.7314,7.809
1988-09-30,,,,,,721.9,28.98,3.7314,7.811
1988-10-03,,,,,,721.9,28.98,3.7314,7.8125
1988-10-04,,,,,,721.4,28.98,3.7314,7.813
1988-10-05,,,,,,720.9,28.98,3.7314,7.815
1988-10-06,,,,,,721.0,28.98,3.7314,7.814
1988-10-07,,,,,,720.1,28.98,3.7314,7.817
1988-10-10,,,,,,,,,
1988-10-11,,,,,,717.7,28.99,3.7314,7.8175
1988-10-12,,,,,,716.2,28.99,3.7314,7.8165
1988-10-13,,,,,,714.7,28.98,3.7314,7.815
1988-10-14,,,,,,713.2,28.95,3.7314,7.8145
1988-10-17,,,,,,711.7,28.87,3.7314,7.812
1988-10-18,,,,,,710.8,28.83,3.7314,7.814
1988-10-19,,,,,,710.9,28.8,3.7314,7.8135
1988-10-20,,,,,,710.0,28.79,3.7314,7.8135
1988-10-21,,,,,,708.5,28.79,3.7314,7.813
1988-10-24,,,,,,707.0,28.79,3.7314,7.8115
1988-10-25,,,,,,707.1,,3.7314,7.811
1988-10-26,,,,,,707.2,28.8,3.7314,7.81
1988-10-27,,,,,,705.7,28.72,3.7314,7.81
1988-10-28,,,,,,704.2,28.64,3.7314,7.8115
1988-10-31,,,,,,704.3,,3.7314,7.8105
1988-11-01,,,,,,702.7,28.38,3.7314,7.812
1988-11-02,,,,,,702.8,,3.7314,7.8125
1988-11-03,,,,,,701.3,28.19,3.7314,7.811
1988-11-04,,,,,,700.4,28.16,3.7314,7.811
1988-11-07,,,,,,700.5,28.14,3.7314,7.814
1988-11-08,,,,,,699.6,28.14,3.7314,7.814
1988-11-09,,,,,,699.7,28.14,3.7314,7.812
1988-11-10,,,,,,698.2,28.15,3.7314,7.81
1988-11-11,,,,,,,,,
1988-11-14,,,,,,695.9,28.14,3.7314,7.803
1988-11-15,,,,,,696.0,28.14,3.7314,7.812
1988-11-16,,,,,,695.2,28.15,3.7314,7.808
1988-11-17,,,,,,694.4,28.16,3.7314,7.8045
1988-11-18,,,,,,693.6,28.15,3.7314,7.806
1988-11-21,,,,,,693.7,28.17,3.7314,7.809
1988-11-22,,,,,,692.9,28.18,3.7314,7.8105
1988-11-23,,,,,,692.1,28.18,3.7314,7.811
1988-11-24,,,,,,,,,
1988-11-25,,,,,,690.7,,3.7314,7.808
1988-11-28,,,,,,690.8,28.15,3.7314,7.809
1988-11-29,,,,,,690.9,28.16,3.7314,7.807
1988-11-30,,,,,,690.3,28.18,3.7314,7.805
1988-12-01,,,,,,689.8,28.19,3.7314,7.8045
1988-12-02,,,,,,689.2,28.19,3.7314,7.803
1988-12-05,,,,,,688.7,28.18,3.7314,7.801
1988-12-06,,,,,,688.1,28.19,3.7314,7.796
1988-12-07,,,,,,688.2,28.2,3.7314,7.799
1988-12-08,,,,,,688.3,28.2,3.7314,7.8015
1988-12-09,,,,,,687.8,28.21,3.7314,7.807
1988-12-12,,,,,,687.5,28.21,3.7314,7.8085
1988-12-13,,,,,,687.6,28.19,3.7314,7.8085
1988-12-14,,,,,,687.7,28.19,3.7314,7.809
1988-12-15,,,,,,687.4,28.18,3.7314,7.808
1988-12-16,,,,,,687.5,28.17,3.7314,7.809
1988-12-19,,,,,,687.6,28.18,3.7314,7.808
1988-12-20,,,,,,687.7,28.19,3.7314,7.8075
1988-12-21,,,,,,687.8,28.2,3.7314,7.809
1988-12-22,,,,,,687.3,28.22,3.7314,7.808
1988-12-23,,,,,,687.4,28.24,3.7314,7.808
1988-12-26,,,,,,,,,
1988-12-27,,,,,,687.5,28.24,3.7314,7.808
1988-12-28,,,,,,687.6,28.24,3.7314,7.8105
1988-12-29,,,,,,687.7,28.23,3.7314,7.808
1988-12-30,,,,,,687.4,28.13,3.7314,7.809
1989-01-02,,,,,,,,,
1989-01-03,,,,,,686.9,,3.7314,7.808
1989-01-04,,,,,,686.4,,3.7314,7.809
1989-01-05,,,,,,686.5,28.21,3.7314,7.809
1989-01-06,,,,,,686.6,28.2,3.7314,7.8095
1989-01-09,,,,,,686.7,28.2,3.7314,7.8095
1989-01-10,,,,,,686.8,,3.7314,7.8075
1989-01-11,,,,,,686.8,27.81,3.7314,7.806
1989-01-12,,,,,,686.5,27.75,3.7314,7.8065
1989-01-13,,,,,,685.8,27.74,3.7314,7.8065
1989-01-16,,,,,,,,,
1989-01-17,,,,,,686.0,27.78,3.7314,7.806
1989-01-18,,,,,,685.3,27.8,3.7314,7.805
1989-01-19,,,,,,685.4,27.79,3.7314,7.803
1989-01-20,,,,,,685.5,27.77,3.7314,7.801
1989-01-23,,,,,,684.6,27.73,3.7314,7.799
1989-01-24,,,,,,683.9,27.69,3.7314,7.802
1989-01-25,,,,,,683.0,27.69,3.7314,7.8015
1989-01-26,,,,,,683.1,27.7,3.7314,7.802
1989-01-27,,,,,,683.2,27.69,3.7314,7.803
1989-01-30,,,,,,683.3,27.7,3.7314,7.801
1989-01-31,,,,,,683.4,27.7,3.7314,7.7985
1989-02-01,,,,,,683.5,27.7,3.7314,7.801
1989-02-02,,,,,,683.6,27.69,3.7314,7.802
1989-02-03,,,,,,682.9,27.68,3.7314,7.801
1989-02-06,,,,,,683.0,,3.7314,7.801
1989-02-07,,,,,,683.0,,3.7314,7.801
1989-02-08,,,,,,683.1,,3.7314,7.801
1989-02-09,,,,,,682.4,27.67,3.7314,7.7985
1989-02-10,,,,,,681.5,27.67,3.7314,7.799
1989-02-13,,,,,,680.6,27.66,3.7314,7.798
1989-02-14,,,,,,680.7,27.66,3.7314,7.803
1989-02-15,,,,,,679.8,27.66,3.7314,7.802
1989-02-16,,,,,,678.9,27.67,3.7314,7.8015
1989-02-17,,,,,,679.0,27.77,3.7314,7.802
1989-02-20,,,,,,,,,
1989-02-21,,,,,,678.2,27.72,3.7314,7.8035
1989-02-22,,,,,,678.3,27.76,3.7314,7.801
1989-02-23,,,,,,677.3,27.76,3.7314,7.801
1989-02-24,,,,,,677.3,27.78,3.7314,7.8
1989-02-27,,,,,,676.5,27.8,3.7314,7.8
1989-02-28,,,,,,675.8,27.81,3.7314,7.8015
1989-03-01,,,,,,675.8,27.83,3.7314,7.801
1989-03-02,,,,,,675.9,27.84,3.7314,7.801
1989-03-03,,,,,,676.0,27.85,3.7314,7.802
1989-03-06,,,,,,675.3,27.88,3.7314,7.802
1989-03-07,,,,,,675.4,27.86,3.7314,7.8025
1989-03-08,,,,,,675.4,27.85,3.7314,7.802
1989-03-09,,,,,,675.6,27.86,3.7314,7.802
1989-03-10,,,,,,,27.88,3.7314,7.802
1989-03-13,,,,,,675.7,,3.7314,7.802
1989-03-14,,,,,,675.8,27.67,3.7314,7.801
1989-03-15,,,,,,675.7,27.49,3.7314,7.801
1989-03-16,,,,,,675.8,27.34,3.7314,7.7995
1989-03-17,,,,,,675.9,27.38,3.7314,7.7985
1989-03-20,,,,,,676.0,27.43,3.7314,7.7955
1989-03-21,,,,,,676.1,27.48,3.7314,7.7945
1989-03-22,,,,,,676.0,27.56,3.7314,7.793
1989-03-23,,,,,,675.95,27.38,3.7314,7.7885
1989-03-24,,,,,,675.4,27.22,3.7314,7.7885
1989-03-27,,,,,,675.5,27.22,3.7314,7.8
1989-03-28,,,,,,675.6,27.35,3.7314,7.7875
1989-03-29,,,,,,675.7,,3.7314,7.79
1989-03-30,,,,,,675.8,,3.7314,7.7875
1989-03-31,,,,,,674.6,27.46,3.7314,7.788
1989-04-03,,,,,,673.7,27.33,3.7314,7.788
1989-04-04,,,,,,672.5,,3.7314,7.786
1989-04-05,,,,,,,,3.7314,7.786
1989-04-06,,,,,,671.3,27.145,3.7314,7.785
1989-04-07,,,,,,670.4,27.13,3.7314,7.782
1989-04-10,,,,,,670.1,27.1415,3.7314,7.787
1989-04-11,,,,,,670.2,27.1245,3.7314,7.7835
1989-04-12,,,,,,670.2,27.1125,3.7314,7.782
1989-04-13,,,,,,670.3,27.107,3.7314,7.781
1989-04-14,,,,,,670.0,27.0875,3.7314,7.781
1989-04-17,,,,,,670.1,27.11,3.7314,7.781
1989-04-18,,,,,,669.6,27.15,3.7314,7.7815
1989-04-19,,,,,,669.3,27.1125,3.7314,7.782
1989-04-20,,,,,,669.4,27.1025,3.7314,7.7825
1989-04-21,,,,,,668.9,27.08,3.7314,7.782
1989-04-24,,,,,,668.6,,3.7314,7.783
1989-04-25,,,,,,668.7,26.94,3.7314,7.781
1989-04-26,,,,,,668.8,26.79,3.7314,7.7795
1989-04-27,,,,,,668.9,26.55,3.7314,7.782
1989-04-28,,,,,,668.9,25.95,3.7314,7.78
1989-05-01,,,,,,669.0,,3.7314,7.78
1989-05-02,,,,,,669.1,25.82,3.7314,7.782
1989-05-03,,,,,,669.1,25.8,3.7314,7.783
1989-05-04,,,,,,669.1,25.4,3.7314,7.781
1989-05-05,,,,,,669.1,25.405,3.7314,7.781
1989-05-08,,,,,,669.1,25.88,3.7314,7.781
1989-05-09,,,,,,669.1,25.875,3.7314,7.7815
1989-05-10,,,,,,669.1,25.75,3.7314,7.78
1989-05-11,,,,,,669.1,25.65,3.7314,7.779
1989-05-12,,,,,,,25.67,3.7314,7.777
1989-05-15,,,,,,669.2,25.825,3.7314,7.776
1989-05-16,,,,,,669.3,25.75,3.7314,7.7755
1989-05-17,,,,,,669.2,25.73,3.7314,7.775
1989-05-18,,,,,,669.3,25.765,3.7314,7.782
1989-05-19,,,,,,669.4,,3.7314,7.788
1989-05-22,,,,,,669.4,25.9,3.7314,7.78
1989-05-23,,,,,,669.5,25.985,3.7314,7.776
1989-05-24,,,,,,669.5,25.925,3.7314,7.785
1989-05-25,,,,,,669.5,25.92,3.7314,7.782
1989-05-26,,,,,,669.4,25.9315,3.7314,7.781
1989-05-29,,,,,,,,,
1989-05-30,,,,,,669.3,,3.7314,7.777
1989-05-31,,,,,,669.4,26.0,3.7314,7.776
1989-06-01,,,,,,669.3,25.99,3.7314,7.775
1989-06-02,,,,,,669.3,25.98,3.7314,7.775
1989-06-05,,,,,,669.2,25.97,3.7314,7.8025
1989-06-06,,,,,,,26.051,3.7314,7.801
1989-06-07,,,,,,669.3,26.08,3.7314,7.806
1989-06-08,,,,,,669.2,,3.7314,7.797
1989-06-09,,,,,,669.2,,3.7314,7.798
1989-06-12,,,,,,669.3,,3.7314,7.791
1989-06-13,,,,,,669.6,26.1575,3.7314,7.789
1989-06-14,,,,,,669.5,26.18,3.7314,7.782
1989-06-15,,,,,,669.8,26.2075,3.7314,7.792
1989-06-16,,,,,,669.7,26.09,3.7314,7.7895
1989-06-19,,,,,,669.6,26.015,3.7314,7.789
1989-06-20,,,,,,669.5,26.0,3.7314,7.8
1989-06-21,,,,,,669.4,26.05,3.7314,7.7985
1989-06-22,,,,,,669.3,25.9325,3.7314,7.796
1989-06-23,,,,,,669.2,25.95,3.7318,7.796
1989-06-26,,,,,,669.1,26.05,3.7314,7.794
1989-06-27,,,,,,669.4,25.95,3.7314,7.795
1989-06-28,,,,,,669.5,25.95,3.7314,7.7955
1989-06-29,,,,,,669.8,25.93,3.7314,7.795
1989-06-30,,,,,,669.9,25.9,3.7314,7.798
1989-07-03,,,,,,669.9,25.93,3.7314,7.799
1989-07-04,,,,,,,,,
1989-07-05,,,,,,669.8,25.95,3.7314,7.7975
1989-07-06,,,,,,669.7,25.84,3.7314,7.7985
1989-07-07,,,,,,669.6,25.7,3.7314,7.7975
1989-07-10,,,,,,669.7,25.78,3.7314,7.7985
1989-07-11,,,,,,669.6,25.88,3.7314,7.802
1989-07-12,,,,,,669.9,25.8775,3.7314,7.8065
1989-07-13,,,,,,669.8,25.84,3.7314,7.805
1989-07-14,,,,,,669.7,25.84,3.7314,7.8055
1989-07-17,,,,,,670.0,,3.7314,7.806
1989-07-18,,,,,,670.3,25.84,3.7314,7.8045
1989-07-19,,,,,,670.4,25.8075,3.7314,7.804
1989-07-20,,,,,,670.3,25.81,3.7314,7.808
1989-07-21,,,,,,670.2,,3.7314,7.8075
1989-07-24,,,,,,670.1,25.855,3.7314,7.807
1989-07-25,,,,,,670.3,25.785,3.7314,7.807
1989-07-26,,,,,,667.2,25.75,3.7314,7.807
1989-07-27,,,,,,670.1,25.785,3.7314,7.806
1989-07-28,,,,,,670.0,25.77,3.7314,7.806
1989-07-31,,,,,,670.1,25.655,3.7314,7.807
1989-08-01,,,,,,670.0,25.7,3.7314,7.807
1989-08-02,,,,,,669.9,25.7325,3.7314,7.8075
1989-08-03,,,,,,670.0,25.74,3.7314,7.8075
1989-08-04,,,,,,670.15,25.68,3.7314,7.807
1989-08-07,,,,,,670.5,,3.7314,7.8065
1989-08-08,,,,,,670.8,25.7,3.7314,7.806
1989-08-09,,,,,,670.7,25.645,3.7314,7.806
1989-08-10,,,,,,670.8,25.65,3.7314,7.806
1989-08-11,,,,,,670.7,25.68,3.7314,7.805
1989-08-14,,,,,,671.0,25.67,3.7314,7.807
1989-08-15,,,,,,,25.7,3.7314,7.8075
1989-08-16,,,,,,671.3,25.68,3.7314,7.8075
1989-08-17,,,,,,671.2,25.695,3.7314,7.8075
1989-08-18,,,,,,673.0,25.79,3.7314,7.81
1989-08-21,,,,,,671.4,,3.7314,7.808
1989-08-22,,,,,,671.5,25.67,3.7314,7.808
1989-08-23,,,,,,671.4,,3.7314,7.8075
1989-08-24,,,,,,671.5,25.67,3.7314,7.808
1989-08-25,,,,,,671.7,25.66,3.7314,7.8085
1989-08-28,,,,,,671.8,25.655,3.7314,7.8075
1989-08-29,,,,,,671.9,25.6525,3.7314,7.812
1989-08-30,,,,,,671.8,25.6575,3.7314,7.811
1989-08-31,,,,,,671.9,25.6675,3.7314,7.811
1989-09-01,,,,,,672.2,25.676,3.7314,7.8105
1989-09-04,,,,,,,,,
1989-09-05,,,,,,672.6,25.71,3.7314,7.81
1989-09-06,,,,,,672.8,25.7,3.7314,7.811
1989-09-07,,,,,,672.7,25.7,3.7314,7.81
1989-09-08,,,,,,672.9,25.7025,3.7314,7.809
1989-09-11,,,,,,673.0,,3.7314,7.8095
1989-09-12,,,,,,673.1,25.75,3.7314,7.8095
1989-09-13,,,,,,,25.9,3.7314,7.8095
1989-09-14,,,,,,673.0,,3.7314,7.81
1989-09-15,,,,,,,25.855,3.7314,7.81
1989-09-18,,,,,,673.0,25.79,3.7314,7.81
1989-09-19,,,,,,672.9,25.785,3.7314,7.809
1989-09-20,,,,,,672.78,25.72,3.7314,7.808
1989-09-21,,,,,,672.68,25.69,3.7314,7.8075
1989-09-22,,,,,,672.57,25.675,3.7314,7.807
1989-09-25,,,,,,672.6,25.57,3.7314,7.805
1989-09-26,,,,,,672.5,25.77,3.7314,7.8025
1989-09-27,,,,,,672.6,25.69,3.7314,7.8015
1989-09-28,,,,,,672.5,25.84,3.7314,7.8035
1989-09-29,,,,,,672.7,,3.7314,7.803
1989-10-02,,,,,,,25.7,3.7314,7.803
1989-10-03,,,,,,,25.7,3.7314,7.802
1989-10-04,,,,,,672.9,25.665,3.7314,7.803
1989-10-05,,,,,,673.0,25.665,3.7314,7.804
1989-10-06,,,,,,673.2,25.66,3.7314,7.805
1989-10-09,,,,,,,,,
1989-10-10,,,,,,673.5,,3.7314,7.807
1989-10-11,,,,,,673.8,25.705,3.7314,7.808
1989-10-12,,,,,,674.1,25.7025,3.7314,7.809
1989-10-13,,,,,,674.0,25.72,3.7314,7.811
1989-10-16,,,,,,673.9,,3.7314,7.812
1989-10-17,,,,,,673.8,25.705,3.7314,7.81
1989-10-18,,,,,,674.1,25.7225,3.7314,7.81
1989-10-19,,,,,,674.0,25.745,3.7314,7.8095
1989-10-20,,,,,,673.9,25.7375,3.7314,7.8105
1989-10-23,,,,,,674.1,25.77,3.7314,7.81
1989-10-24,,,,,,674.2,25.791,3.7314,7.8085
1989-10-25,,,,,,674.1,,3.7314,7.808
1989-10-26,,,,,,674.0,25.805,3.7314,7.809
1989-10-27,,,,,,674.2,25.8175,3.7314,7.811
1989-10-30,,,,,,674.3,25.9575,3.7314,7.809
1989-10-31,,,,,,674.2,,3.7314,7.811
1989-11-01,,,,,,674.4,,3.7314,7.813
1989-11-02,,,,,,674.6,25.8525,3.7314,7.8145
1989-11-03,,,,,,674.7,25.81,3.7314,7.8125
1989-11-06,,,,,,674.6,,3.7314,7.8145
1989-11-07,,,,,,674.8,25.9175,3.7314,7.814
1989-11-08,,,,,,674.7,25.95,3.7314,7.8125
1989-11-09,,,,,,674.6,25.9825,3.7314,7.815
1989-11-10,,,,,,674.7,26.0,3.7314,7.8135
1989-11-13,,,,,,674.8,,3.7314,7.8145
1989-11-14,,,,,,675.0,26.06,3.7314,7.8145
1989-11-15,,,,,,674.9,26.0,3.7314,7.814
1989-11-16,,,,,,674.8,25.993,3.7314,7.814
1989-11-17,,,,,,674.9,25.99,3.7314,7.8135
1989-11-20,,,,,,675.0,26.02,3.7314,7.8145
1989-11-21,,,,,,675.1,26.05,3.7314,7.814
1989-11-22,,,,,,675.0,26.115,3.7314,7.8145
1989-11-23,,,,,,,,,
1989-11-24,,,,,,675.8,26.165,3.7314,7.8125
1989-11-27,,,,,,675.3,26.15,3.7314,7.811
1989-11-28,,,,,,675.2,26.169,3.7314,7.8155
1989-11-29,,,,,,675.5,26.158,3.7314,7.8145
1989-11-30,,,,,,675.3,26.138,3.7314,7.8165
1989-12-01,,,,,,675.3,26.135,3.7314,7.8155
1989-12-04,,,,,,675.6,26.15,3.7314,7.815
1989-12-05,,,,,,675.9,26.1975,3.7314,7.8145
1989-12-06,,,,,,676.2,26.05,3.7314,7.815
1989-12-07,,,,,,676.1,26.04,3.7314,7.8145
1989-12-08,,,,,,676.0,26.105,3.7314,7.814
1989-12-11,,,,,,676.5,26.1,3.7314,7.811
1989-12-12,,,,,,676.4,26.155,3.7314,7.808
1989-12-13,,,,,,676.2,26.14,3.7314,7.8055
1989-12-14,,,,,,676.1,26.149,3.7314,7.805
1989-12-15,,,,,,677.0,26.15,3.7314,7.809
1989-12-18,,,,,,677.9,26.16,4.7339,7.8085
1989-12-19,,,,,,677.8,26.1575,4.7339,7.8075
1989-12-20,,,,,,678.5,26.156,4.7339,7.8065
1989-12-21,,,,,,679.4,26.1575,4.7339,7.81
1989-12-22,,,,,,679.3,,4.7339,7.808
1989-12-25,,,,,,,,,
1989-12-26,,,,,,680.1,26.136,4.7339,7.809
1989-12-27,,,,,,680.8,26.1576,4.7339,7.81
1989-12-28,,,,,,680.6,26.17,4.7339,7.8095
1989-12-29,,,,,,681.4,26.165,4.7339,7.807
1990-01-01,,,,,,,,,
1990-01-02,,,,,,,,4.7339,7.812
1990-01-03,,,,,,683.5,,4.7339,7.814
1990-01-04,,,,,,684.2,26.11,4.7339,7.815
1990-01-05,,,,,,683.7,26.025,4.7339,7.814
1990-01-08,,,,,,683.6,25.915,4.7339,7.8125
1990-01-09,,,,,,684.0,25.99,4.7339,7.812
1990-01-10,,,,,,684.7,,4.7339,7.809
1990-01-11,,,,,,685.2,26.0775,4.7339,7.8105
1990-01-12,,,,,,685.6,26.05,4.7339,7.8095
1990-01-15,,,,,,,,,
1990-01-16,,,,,,685.7,,4.7339,7.81
1990-01-17,,,,,,686.6,26.0825,4.7339,7.811
1990-01-18,,,,,,686.5,26.125,4.7339,7.8105
1990-01-19,,,,,,687.2,26.09,4.7339,7.81
1990-01-22,,,,,,687.9,26.15,4.7339,7.8105
1990-01-23,,,,,,688.4,,4.7339,7.8105
1990-01-24,,,,,,687.9,26.16,4.7339,7.813
1990-01-25,,,,,,687.8,26.151,4.7339,7.813
1990-01-26,,,,,,,,4.7339,7.8115
1990-01-29,,,,,,687.7,,4.7339,7.8115
1990-01-30,,,,,,688.3,,4.7339,7.812
1990-01-31,,,,,,689.0,26.132,4.7339,7.812
1990-02-01,,,,,,689.5,26.0575,4.7339,7.812
1990-02-02,,,,,,690.1,26.08,4.7339,7.812
1990-02-05,,,,,,690.8,26.105,4.7339,7.811
1990-02-06,,,,,,690.7,26.0825,4.7339,7.811
1990-02-07,,,,,,690.5,26.0875,4.7339,7.8115
1990-02-08,,,,,,691.0,26.119,4.7339,7.812
1990-02-09,,,,,,691.8,26.1301,4.7339,7.811
1990-02-12,,,,,,691.7,26.12,4.7339,7.812
1990-02-13,,,,,,691.6,26.121,4.7339,7.8115
1990-02-14,,,,,,692.4,26.121,4.7339,7.81
1990-02-15,,,,,,692.3,26.111,4.7339,7.8095
1990-02-16,,,,,,692.8,26.1175,4.7339,7.81
1990-02-19,,,,,,,,,
1990-02-20,,,,,,693.1,26.1275,4.7339,7.81
1990-02-21,,,,,,693.1,26.1425,4.7339,7.809
1990-02-22,,,,,,693.5,,4.7339,7.8075
1990-02-23,,,,,,694.3,26.135,4.7339,7.809
1990-02-26,,,,,,695.1,26.153,4.7339,7.81
1990-02-27,,,,,,696.0,26.153,4.7339,7.8085
1990-02-28,,,,,,696.7,26.1515,4.7339,7.809
1990-03-01,,,,,,,26.1545,4.7339,7.8095
1990-03-02,,,,,,696.7,,4.7339,7.811
1990-03-05,,,,,,695.9,26.155,4.7339,7.8115
1990-03-06,,,,,,697.4,26.1605,4.7339,7.811
1990-03-07,,,,,,698.3,26.17,4.7339,7.812
1990-03-08,,,,,,699.6,26.25,4.7339,7.8125
1990-03-09,,,,,,700.8,26.45,4.7339,7.813
1990-03-12,,,,,,701.1,26.361,4.7339,7.814
1990-03-13,,,,,,701.4,26.3985,4.7339,7.812
1990-03-14,,,,,,701.3,26.395,4.7339,7.811
1990-03-15,,,,,,700.9,26.43,4.7339,7.812
1990-03-16,,,,,,699.9,26.5,4.7339,7.812
1990-03-19,,,,,,699.0,26.48,4.7339,7.815
1990-03-20,,,,,,699.7,26.455,4.7339,7.815
1990-03-21,,,,,,700.1,26.42,4.7339,7.814
1990-03-22,,,,,,700.5,26.4125,4.7339,7.814
1990-03-23,,,,,,700.9,26.405,4.7339,7.814
1990-03-26,,,,,,702.2,26.405,4.7339,7.814
1990-03-27,,,,,,703.8,26.4,4.7339,7.815
1990-03-28,,,,,,704.1,26.4075,4.7339,7.817
1990-03-29,,,,,,703.1,,4.7339,7.814
1990-03-30,,,,,,703.7,26.414,4.7339,7.8095
1990-04-02,,,,,,704.9,26.411,4.7334,7.804
1990-04-03,,,,,,706.6,,4.7334,7.801
1990-04-04,,,,,,708.4,26.41,4.7339,7.8025
1990-04-05,,,,,,708.4,,4.7339,7.801
1990-04-06,,,,,,709.0,26.39,4.7339,7.8015
1990-04-09,,,,,,709.4,,4.7339,7.7995
1990-04-10,,,,,,709.7,26.28,4.7339,7.7995
1990-04-11,,,,,,709.8,26.33,4.7339,7.797
1990-04-12,,,,,,709.0,26.37,4.7339,7.798
1990-04-13,,,,,,709.2,26.3275,4.7339,7.798
1990-04-16,,,,,,709.3,26.366,4.7339,7.798
1990-04-17,,,,,,709.7,26.375,4.7339,7.796
1990-04-18,,,,,,709.9,26.3715,4.7339,7.794
1990-04-19,,,,,,709.8,26.361,4.7339,7.7935
1990-04-20,,,,,,708.5,26.3601,4.7339,7.7935
1990-04-23,,,,,,707.9,26.379,4.7339,7.7935
1990-04-24,,,,,,707.9,26.3775,4.7339,7.791
1990-04-25,,,,,,708.4,26.37,4.7339,7.791
1990-04-26,,,,,,709.0,,4.7339,7.79
1990-04-27,,,,,,709.4,26.3825,4.7339,7.792
1990-04-30,,,,,,709.8,26.407,4.7339,7.794
1990-05-01,,,,,,709.2,26.404,4.7339,7.7915
1990-05-02,,,,,,,26.404,4.7339,7.791
1990-05-03,,,,,,708.6,26.3935,4.7339,7.792
1990-05-04,,,,,,708.3,26.394,4.7339,7.793
1990-05-07,,,,,,708.6,26.3985,4.7339,7.793
1990-05-08,,,,,,710.1,26.4145,4.7339,7.7935
1990-05-09,,,,,,710.7,26.407,4.7339,7.791
1990-05-10,,,,,,710.3,26.4035,4.7339,7.791
1990-05-11,,,,,,710.4,26.44,4.7339,7.791
1990-05-14,,,,,,710.5,,4.7339,7.791
1990-05-15,,,,,,710.9,27.5,4.7339,7.79
1990-05-16,,,,,,711.3,27.35,4.7339,7.788
1990-05-17,,,,,,711.7,,4.7339,7.7875
1990-05-18,,,,,,712.0,27.39,4.7339,7.7875
1990-05-21,,,,,,712.8,27.44,4.7339,7.785
1990-05-22,,,,,,714.5,,4.7339,7.782
1990-05-23,,,,,,714.8,27.5,4.7339,7.781
1990-05-24,,,,,,714.3,27.4975,4.7339,7.7825
1990-05-25,,,,,,714.6,27.5,4.7339,7.784
1990-05-28,,,,,,,,,
1990-05-29,,,,,,714.8,27.4996,4.7339,7.782
1990-05-30,,,,,,715.3,27.47,4.7339,7.7805
1990-05-31,,,,,,715.1,27.45,4.7339,7.782
1990-06-01,,,,,,714.1,27.445,4.7339,7.785
1990-06-04,,,,,,714.3,27.44,4.7339,7.785
1990-06-05,,,,,,715.9,27.442,4.7339,7.7835
1990-06-06,,,,,,715.9,27.43,4.7339,7.781
1990-06-07,,,,,,716.5,27.405,4.7339,7.7785
1990-06-08,,,,,,717.1,27.4051,4.7339,7.7825
1990-06-11,,,,,,717.9,27.415,4.7339,7.7825
1990-06-12,,,,,,718.7,27.4125,4.7339,7.7845
1990-06-13,,,,,,719.0,27.43,4.7339,7.7835
1990-06-14,,,,,,718.9,27.426,4.7339,7.785
1990-06-15,,,,,,718.6,27.44,4.7339,7.7865
1990-06-18,,,,,,719.0,27.44,4.7339,7.7845
1990-06-19,,,,,,719.5,27.4375,4.7334,7.789
1990-06-20,,,,,,719.3,27.42,4.7339,7.79
1990-06-21,,,,,,718.9,27.415,4.7339,7.789
1990-06-22,,,,,,719.0,27.4,4.7339,7.7865
1990-06-25,,,,,,719.6,27.33,4.7339,7.7855
1990-06-26,,,,,,719.6,27.3361,4.7339,7.7865
1990-06-27,,,,,,719.4,27.3201,4.7339,7.789
1990-06-28,,,,,,719.3,27.22,4.7339,7.7895
1990-06-29,,,,,,719.0,27.195,4.7339,7.7885
1990-07-02,,,,,,718.8,,4.7339,7.787
1990-07-03,,,,,,718.3,27.17,4.7339,7.7875
1990-07-04,,,,,,,,,
1990-07-05,,,,,,718.7,27.1475,4.7339,7.782
1990-07-06,,,,,,718.8,27.1385,4.7339,7.7795
1990-07-09,,,,,,719.6,27.1325,4.7339,7.7735
1990-07-10,,,,,,720.3,27.1425,4.7339,7.768
1990-07-11,,,,,,720.2,27.1325,4.7339,7.772
1990-07-12,,,,,,719.7,27.1275,4.7339,7.773
1990-07-13,,,,,,718.8,27.13,4.7339,7.768
1990-07-16,,,,,,718.8,27.1125,4.7339,7.768
1990-07-17,,,,,,,27.1135,4.7339,7.771
1990-07-18,,,,,,718.7,27.125,4.7339,7.7675
1990-07-19,,,,,,718.4,27.1775,4.7339,7.768
1990-07-20,,,,,,718.2,27.27,4.7339,7.767
1990-07-23,,,,,,718.4,,4.7339,7.7645
1990-07-24,,,,,,718.4,27.2195,4.7339,7.7648
1990-07-25,,,,,,718.4,27.22,4.7339,7.762
1990-07-26,,,,,,718.2,27.1995,4.7339,7.762
1990-07-27,,,,,,718.2,27.1665,4.7339,7.7648
1990-07-30,,,,,,718.1,27.18,4.7339,7.7645
1990-07-31,,,,,,717.9,27.187,4.7339,7.7645
1990-08-01,,,,,,716.9,27.185,4.7339,7.765
1990-08-02,,,,,,716.3,27.193,4.7339,7.767
1990-08-03,,,,,,716.2,27.285,4.7339,7.767
1990-08-06,,,,,,717.1,27.3075,4.7339,7.773
1990-08-07,,,,,,717.9,27.329,4.7339,7.774
1990-08-08,,,,,,718.3,,4.7339,7.776
1990-08-09,,,,,,717.8,27.38,4.7339,7.7735
1990-08-10,,,,,,718.2,27.372,4.7339,7.7735
1990-08-13,,,,,,719.1,27.353,4.7339,7.74
1990-08-14,,,,,,719.9,27.3145,4.7339,7.77
1990-08-15,,,,,,,,4.7339,7.772
1990-08-16,,,,,,719.7,,4.7339,7.771
1990-08-17,,,,,,720.5,,4.7339,7.771
1990-08-20,,,,,,720.3,27.255,4.7339,7.7735
1990-08-21,,,,,,719.4,27.2575,4.7339,7.779
1990-08-22,,,,,,719.0,27.2855,4.7339,7.7825
1990-08-23,,,,,,718.3,27.3,4.7339,7.7805
1990-08-24,,,,,,718.5,27.2749,4.7339,7.7755
1990-08-27,,,,,,718.7,,4.7339,7.7735
1990-08-28,,,,,,718.0,27.28,4.7339,7.772
1990-08-29,,,,,,717.6,27.287,4.7339,7.771
1990-08-30,,,,,,717.2,,4.7339,7.763
1990-08-31,,,,,,716.8,27.2925,4.7339,7.763
1990-09-03,,,,,,,,,
1990-09-04,,,,,,716.2,27.2945,4.7339,7.7665
1990-09-05,,,,,,716.9,27.3,4.7339,7.7678
1990-09-06,,,,,,717.8,27.301,4.7339,7.7678
1990-09-07,,,,,,718.6,27.301,4.7339,7.7678
1990-09-10,,,,,,719.1,27.311,4.7339,7.7678
1990-09-11,,,,,,719.0,27.3098,4.7339,7.7715
1990-09-12,,,,,,718.1,27.3103,4.7339,7.7715
1990-09-13,,,,,,718.3,27.3235,4.7339,7.77
1990-09-14,,,,,,718.8,27.2975,4.7339,7.7675
1990-09-17,,,,,,719.3,27.2975,4.7339,7.7615
1990-09-18,,,,,,719.3,27.299,4.7399,7.759
1990-09-19,,,,,,718.4,27.292,4.7339,7.76
1990-09-20,,,,,,717.9,27.297,4.7339,7.76
1990-09-21,,,,,,718.0,27.293,4.7339,7.7625
1990-09-24,,,,,,718.0,27.295,4.7339,7.763
1990-09-25,,,,,,717.1,27.31,4.7339,7.761
1990-09-26,,,,,,716.7,27.299,4.7339,7.761
1990-09-27,,,,,,716.3,27.301,4.7339,7.7605
1990-09-28,,,,,,715.8,,4.7339,7.7635
1990-10-01,,,,,,715.7,27.2915,4.7339,7.761
1990-10-02,,,,,,,27.29,4.7339,7.7615
1990-10-03,,,,,,,,4.7339,7.7595
1990-10-04,,,,,,,27.2815,4.7339,7.759
1990-10-05,,,,,,715.7,27.2725,4.7339,7.759
1990-10-08,,,,,,,,,
1990-10-09,,,,,,,27.282,4.7339,7.7555
1990-10-10,,,,,,716.7,,4.7339,7.756
1990-10-11,,,,,,717.1,27.2945,4.7339,7.756
1990-10-12,,,,,,717.3,27.3,4.7339,7.756
1990-10-15,,,,,,718.0,27.291,4.7339,7.762
1990-10-16,,,,,,718.8,27.295,4.7339,7.7685
1990-10-17,,,,,,718.4,27.296,4.7339,7.7735
1990-10-18,,,,,,717.6,27.3039,4.7339,7.778
1990-10-19,,,,,,718.3,27.299,4.7339,7.782
1990-10-22,,,,,,718.8,27.28,4.7339,7.784
1990-10-23,,,,,,718.8,27.29,4.7339,7.7855
1990-10-24,,,,,,719.7,27.295,4.7339,7.786
1990-10-25,,,,,,719.3,,4.7339,7.7855
1990-10-26,,,,,,718.5,27.2851,4.7339,7.7845
1990-10-29,,,,,,717.6,27.2675,4.7339,7.789
1990-10-30,,,,,,716.8,27.27,4.7339,7.7905
1990-10-31,,,,,,716.6,,4.7339,7.7965
1990-11-01,,,,,,716.4,27.265,4.7339,7.7985
1990-11-02,,,,,,716.7,27.2645,4.7339,7.8
1990-11-05,,,,,,717.4,27.2625,4.7339,7.798
1990-11-06,,,,,,718.2,27.2595,4.7339,7.7965
1990-11-07,,,,,,718.3,27.267,4.7339,7.7975
1990-11-08,,,,,,718.3,27.265,4.7339,7.7985
1990-11-09,,,,,,718.1,27.265,4.7339,7.799
1990-11-12,,,,,,,,,
1990-11-13,,,,,,717.9,27.2645,4.7339,7.7925
1990-11-14,,,,,,717.3,27.24,4.7339,7.793
1990-11-15,,,,,,716.8,27.24,4.7339,7.794
1990-11-16,,,,,,716.5,27.2475,,7.7945
1990-11-19,,,,,,717.0,27.2475,5.2352,7.794
1990-11-20,,,,,,717.0,27.23,5.2352,7.7895
1990-11-21,,,,,,717.2,27.214,5.2352,7.786
1990-11-22,,,,,,,,,
1990-11-23,,,,,,717.4,27.182,5.2352,7.796
1990-11-26,,,,,,716.8,27.2275,5.2352,7.7905
1990-11-27,,,,,,716.1,27.23,5.2352,7.792
1990-11-28,,,,,,715.7,27.22,5.2352,7.795
1990-11-29,,,,,,715.6,27.229,5.2352,7.797
1990-11-30,,,,,,715.9,27.277,5.2352,7.8005
1990-12-01,,,,,121.4,,,,
1990-12-03,,,,,,715.8,27.2495,5.2352,7.8055
1990-12-04,,,,,,715.2,27.2745,5.2352,7.803
1990-12-05,,,,,,716.0,27.2575,5.2352,7.804
1990-12-06,,,,,,716.8,27.223,5.2352,7.8055
1990-12-07,,,,,,717.1,27.19,5.2352,7.804
1990-12-10,,,,,,717.7,27.15,5.2352,7.8015
1990-12-11,,,,,,718.3,27.15,5.2352,7.8005
1990-12-12,,,,,,718.3,27.155,5.2352,7.803
1990-12-13,,,,,,718.5,27.12,5.2352,7.804
1990-12-14,,,,,,719.1,27.112,5.2352,7.8025
1990-12-17,,,,,,719.8,,5.2352,7.8045
1990-12-18,,,,,,720.2,27.114,5.2352,7.8025
1990-12-19,,,,,,720.2,27.112,5.2352,7.8025
1990-12-20,,,,,,720.3,27.1025,5.2352,7.8025
1990-12-21,,,,,,719.7,,5.2352,7.8045
1990-12-24,,,,,,719.2,,5.2352,7.8045
1990-12-25,,,,,,,,,
1990-12-26,,,,,,719.9,27.1395,5.2352,7.8055
1990-12-27,,,,,,720.4,27.1125,5.2352,7.805
1990-12-28,,,,,,719.8,27.129,5.2352,7.801
1990-12-31,,,,,,719.2,,5.2352,7.801
1991-01-01,,,,,,,,,
1991-01-02,,,,,,,,5.2352,7.7955
1991-01-03,,,,,,719.5,27.1,5.2352,7.794
1991-01-04,,,,,,718.8,27.12,5.2352,7.796
1991-01-07,,,,,,719.5,27.12,5.2352,7.7985
1991-01-08,,,,,,719.9,27.14,5.2352,7.7995
1991-01-09,,,,,,720.2,27.1645,5.2352,7.7995
1991-01-10,,,,,,720.3,27.18,5.2352,7.768
1991-01-11,,,,,,718.1,27.1765,5.2352,7.8
1991-01-14,,,,,,720.6,27.255,5.2352,7.8025
1991-01-15,,,,,,721.1,27.381,5.2352,7.801
1991-01-16,,,,,,721.3,27.3585,5.2352,7.7985
1991-01-17,,,,,,721.3,27.26,5.2352,7.7975
1991-01-18,,,,,,721.4,,5.2352,7.797
1991-01-21,,,,,,,,,
1991-01-22,,,,,,721.8,,5.2352,7.7925
1991-01-23,,,,,,722.2,,5.2352,7.793
1991-01-24,,,,,,722.3,,5.2352,7.793
1991-01-25,,,,,,721.6,,5.2352,7.793
1991-01-28,,,,,,721.2,,5.2352,7.796
1991-01-29,,,,,,721.6,,5.2352,7.7915
1991-01-30,,,,,,722.0,27.106,5.2352,7.7935
1991-01-31,,,,,,721.8,,5.2352,7.7955
1991-02-01,,,,,,721.5,,5.2352,7.795
1991-02-04,,,,,,722.2,,5.2352,7.797
1991-02-05,,,,,,723.0,,5.2352,7.7965
1991-02-06,,,,,,722.9,,5.2352,7.802
1991-02-07,,,,,,721.4,27.1,5.2352,7.7995
1991-02-08,,,,,,723.9,,5.2352,7.797
1991-02-11,,,,,,724.8,,5.2352,7.7945
1991-02-12,,,,,,721.4,27.1175,5.2352,7.7925
1991-02-13,,,,,,721.4,,5.2352,7.7925
1991-02-14,,,,,,,,5.2352,7.791
1991-02-15,,,,,,,,5.2352,7.7905
1991-02-18,,,,,,,,,
1991-02-19,,,,,,724.1,,5.2352,7.794
1991-02-20,,,,,,725.0,,5.2352,7.792
1991-02-21,,,,,,724.4,,5.2352,7.792
1991-02-22,,,,,,724.8,,5.2352,7.792
1991-02-25,,,,,,725.7,,5.2352,7.7945
1991-02-26,,,,,,726.6,,5.2352,7.794
1991-02-27,,,,,,727.2,,5.2352,7.794
1991-02-28,,,,,,727.2,,5.2352,7.792
1991-03-01,,,,,120.4,,,5.2352,7.7935
1991-03-04,,,,,,727.0,,5.2352,7.792
1991-03-05,,,,,,727.9,,5.2352,7.792
1991-03-06,,,,,,727.7,,,7.793
1991-03-07,,,,,,727.5,,,7.793
1991-03-08,,,,,,727.6,,,7.794
1991-03-11,,,,,,727.6,,5.2352,7.7951
1991-03-12,,,,,,725.4,,5.2352,7.7955
1991-03-13,,,,,,725.1,,5.2352,7.792
1991-03-14,,,,,,728.1,,5.2352,7.792
1991-03-15,,,,,,727.9,27.2215,5.2352,7.792
1991-03-18,,,,,,728.3,,5.2352,7.793
1991-03-19,,,,,,728.7,27.275,5.2352,7.789
1991-03-20,,,,,,728.9,27.29,5.2352,7.783
1991-03-21,,,,,,728.6,27.275,5.2352,7.783
1991-03-22,,,,,,728.1,27.27,5.2352,7.7835
1991-03-25,,,,,,728.4,,5.2352,7.786
1991-03-26,,,,,,,,5.2352,7.79
1991-03-27,,,,,,728.6,27.3675,5.2352,7.794
1991-03-28,,,,,,728.2,27.48,5.2352,7.794
1991-03-29,,,,,,727.3,,5.2352,7.794
1991-04-01,,,,,,727.5,27.4575,5.2352,7.794
1991-04-02,,,,,,727.9,27.425,5.2352,7.794
1991-04-03,,,,,,728.2,27.42,5.2352,7.7975
1991-04-04,,,,,,728.2,,5.2352,7.798
1991-04-05,,,,,,,,5.2352,7.795
1991-04-08,,,,,,728.6,27.355,5.2352,7.7958
1991-04-09,,,,,,729.0,27.21,5.2853,7.795
1991-04-10,,,,,,729.0,27.1775,5.2853,7.792
1991-04-11,,,,,,728.7,27.28,5.2853,7.792
1991-04-12,,,,,,728.7,27.2765,5.2827,7.791
1991-04-15,,,,,,729.0,27.25,5.2827,7.7905
1991-04-16,,,,,,729.3,27.271,5.2827,7.7905
1991-04-17,,,,,,728.9,27.27,5.2827,7.7905
1991-04-18,,,,,,728.0,27.3125,5.289,7.79
1991-04-19,,,,,,727.6,27.376,5.2979,7.793
1991-04-22,,,,,,728.4,27.41,5.3083,7.794
1991-04-23,,,,,,729.1,27.3675,5.3036,7.794
1991-04-24,,,,,,728.7,27.34,5.3036,7.7945
1991-04-25,,,,,,727.7,27.36,5.3036,7.7975
1991-04-26,,,,,,727.5,27.36,5.3036,7.796
1991-04-29,,,,,,727.5,27.3805,5.3036,7.796
1991-04-30,,,,,,728.0,27.36,,7.7955
1991-05-01,,,,,,727.3,27.285,5.3007,7.794
1991-05-02,,,,,,727.3,27.31,5.3007,7.794
1991-05-03,,,,,,726.4,27.3,5.3007,7.794
1991-05-06,,,,,,725.8,27.3,5.3201,7.794
1991-05-07,,,,,,726.3,27.31,5.3201,7.794
1991-05-08,,,,,,727.0,27.36,5.3201,7.7916
1991-05-09,,,,,,727.2,27.33,5.3264,7.792
1991-05-10,,,,,,728.9,27.32,5.3264,7.792
1991-05-13,,,,,,729.8,27.3225,5.3264,7.792
1991-05-14,,,,,,730.4,27.301,5.3264,7.792
1991-05-15,,,,,,730.7,27.306,5.3201,7.792
1991-05-16,,,,,,729.6,27.2875,5.3201,7.7885
1991-05-17,,,,,,728.5,27.266,5.3201,7.7885
1991-05-20,,,,,,728.3,27.28,5.3332,7.7915
1991-05-21,,,,,,,27.255,5.3332,7.7915
1991-05-22,,,,,,728.8,27.265,5.3296,7.7885
1991-05-23,,,,,,729.6,27.28,5.3359,7.787
1991-05-24,,,,,,728.9,27.25,5.3359,7.754
1991-05-27,,,,,,,,,
1991-05-28,,,,,,728.0,27.2475,5.3359,7.7465
1991-05-29,,,,,,727.2,27.225,5.3359,7.729
1991-05-30,,,,,,726.0,27.207,5.349,7.732
1991-05-31,,,,,,725.8,27.1875,5.349,7.738
1991-06-01,,,,,120.3,,,,
1991-06-03,,,,,,725.4,27.217,5.3537,7.74
1991-06-04,,,,,,726.6,27.195,5.3585,7.745
1991-06-05,,,,,,728.9,27.171,5.3585,7.742
1991-06-06,,,,,,,27.16,5.3585,7.742
1991-06-07,,,,,,728.7,27.1625,5.3585,7.738
1991-06-10,,,,,,728.9,27.1855,5.3674,7.729
1991-06-11,,,,,,729.9,27.1845,5.3674,7.729
1991-06-12,,,,,,729.4,27.1805,5.3674,7.7305
1991-06-13,,,,,,722.9,27.1905,5.3737,7.733
1991-06-14,,,,,,726.8,27.191,,7.7265
1991-06-17,,,,,,726.1,,5.3737,7.725
1991-06-18,,,,,,728.4,27.155,5.3737,7.7245
1991-06-19,,,,,,728.4,27.17,5.3737,7.7245
1991-06-20,,,,,,,27.18,5.369,7.7155
1991-06-21,,,,,,728.0,27.177,5.369,7.717
1991-06-24,,,,,,723.9,27.155,5.369,7.7245
1991-06-25,,,,,,731.4,27.134,5.369,7.746
1991-06-26,,,,,,732.1,27.116,5.369,7.741
1991-06-27,,,,,,730.3,27.12,5.369,7.7435
1991-06-28,,,,,,727.4,27.1095,5.369,7.765
1991-07-01,,,,,,725.9,,5.369,7.768
1991-07-02,,,,,,728.1,26.91,5.3784,7.773
1991-07-03,,,,,,730.3,27.03,5.3847,7.771
1991-07-04,,,,,,,,,
1991-07-05,,,,,,731.7,27.025,5.3847,7.768
1991-07-08,,,,,,732.5,27.059,5.3789,7.7625
1991-07-09,,,,,,733.2,27.04,5.3742,7.7585
1991-07-10,,,,,,734.1,27.06,5.3742,7.762
1991-07-11,,,,,,734.3,27.0175,5.3742,7.767
1991-07-12,,,,,,734.5,27.0645,5.3742,7.765
1991-07-15,,,,,,734.4,27.041,5.3679,7.763
1991-07-16,,,,,,734.8,27.025,5.3679,7.759
1991-07-17,,,,,,734.8,27.0125,5.3679,7.769
1991-07-18,,,,,,734.5,26.968,5.3679,7.764
1991-07-19,,,,,,731.1,26.96,5.3679,7.76
1991-07-22,,,,,,734.2,26.935,5.3605,7.758
1991-07-23,,,,,,733.5,26.962,5.3605,7.752
1991-07-24,,,,,,732.4,26.945,5.3605,7.754
1991-07-25,,,,,,730.0,26.9257,,7.752
1991-07-26,,,,,,728.0,26.9135,5.3605,7.752
1991-07-29,,,,,,728.4,26.9175,5.3605,7.7505
1991-07-30,,,,,,729.1,26.9,5.3605,7.754
1991-07-31,,,,,,729.0,26.9045,5.3605,7.76
1991-08-01,,,,,,728.7,26.84,5.3605,7.7635
1991-08-02,,,,,,729.4,26.8,5.3605,7.762
1991-08-05,,,,,,729.6,26.746,5.3605,7.7625
1991-08-06,,,,,,730.9,26.75,5.3568,7.7625
1991-08-07,,,,,,731.0,26.778,5.3568,7.7625
1991-08-08,,,,,,730.9,26.7805,5.3568,7.764
1991-08-09,,,,,,731.7,26.7215,5.3618,7.764
1991-08-12,,,,,,732.8,26.73,5.3618,7.7695
1991-08-13,,,,,,735.1,26.705,5.3618,7.767
1991-08-14,,,,,,736.8,26.71,5.3618,7.7625
1991-08-15,,,,,,736.8,26.7135,5.3618,7.761
1991-08-16,,,,,,736.8,26.707,5.3696,7.767
1991-08-19,,,,,,734.2,26.7125,5.3785,7.77
1991-08-20,,,,,,737.3,26.74,5.3936,7.77
1991-08-21,,,,,,736.5,26.706,5.3888,7.767
1991-08-22,,,,,,734.1,26.7,5.3862,7.7655
1991-08-23,,,,,,733.7,26.7025,5.3862,7.7655
1991-08-26,,,,,,734.8,26.7035,5.3862,7.766
1991-08-27,,,,,,736.1,26.705,5.3862,7.7655
1991-08-28,,,,,,735.9,26.7,5.3862,7.7625
1991-08-29,,,,,,736.1,26.7,5.3862,7.761
1991-08-30,,,,,,736.7,26.7,5.3862,7.761
1991-09-01,,,,,120.4,,,,
1991-09-02,,,,,,,,,
1991-09-03,,,,,,740.2,26.68,5.3862,7.7625
1991-09-04,,,,,,744.2,26.6025,5.3862,7.761
1991-09-05,,,,,,743.8,26.5105,5.3862,7.755
1991-09-06,,,,,,743.4,26.52,5.3862,7.759
1991-09-09,,,,,,744.6,26.565,5.3862,7.7525
1991-09-10,,,,,,746.2,26.58,5.3835,7.748
1991-09-11,,,,,,744.9,26.57,5.3835,7.749
1991-09-12,,,,,,743.9,26.545,5.3835,7.749
1991-09-13,,,,,,744.6,26.545,5.3835,7.75
1991-09-16,,,,,,745.3,26.483,,7.7485
1991-09-17,,,,,,745.5,26.485,5.3835,7.7505
1991-09-18,,,,,,741.7,26.501,,7.7585
1991-09-19,,,,,,739.7,26.61,5.3899,7.757
1991-09-20,,,,,,742.0,26.65,5.3899,7.756
1991-09-23,,,,,,,,5.3899,7.7545
1991-09-24,,,,,,745.2,26.58,5.3899,7.7515
1991-09-25,,,,,,747.0,26.6,5.3899,7.7475
1991-09-26,,,,,,744.9,26.5825,5.3899,7.7465
1991-09-27,,,,,,746.4,26.53,5.3899,7.749
1991-09-30,,,,,,745.9,26.475,,7.743
1991-10-01,,,,,,746.0,26.49,5.3899,7.7405
1991-10-02,,,,,,747.5,26.4805,5.3899,7.745
1991-10-03,,,,,,,26.46,5.3899,7.744
1991-10-04,,,,,,,26.42,5.3854,7.742
1991-10-07,,,,,,751.4,26.38,5.3854,7.7485
1991-10-08,,,,,,755.4,26.48,5.3854,7.751
1991-10-09,,,,,,755.4,26.425,5.3944,7.7555
1991-10-10,,,,,,755.0,,5.3944,7.746
1991-10-11,,,,,,755.2,,5.3944,7.743
1991-10-14,,,,,,,,,
1991-10-15,,,,,,754.6,26.38,5.3944,7.756
1991-10-16,,,,,,754.3,26.376,5.3944,7.7555
1991-10-17,,,,,,754.0,26.415,,7.7585
1991-10-18,,,,,,754.7,26.41,5.3944,7.7535
1991-10-21,,,,,,753.9,26.396,5.3944,7.753
1991-10-22,,,,,,752.6,26.414,5.3944,7.753
1991-10-23,,,,,,752.5,26.375,5.3944,7.7545
1991-10-24,,,,,,754.5,26.3715,5.3944,7.7565
1991-10-25,,,,,,754.8,,5.3944,7.7565
1991-10-28,,,,,,754.9,26.386,,7.7665
1991-10-29,,,,,,754.7,26.365,5.3807,7.774
1991-10-30,,,,,,754.6,26.28,5.3944,7.77
1991-10-31,,,,,,754.8,,5.3944,7.769
1991-11-01,,,,,,756.4,26.2525,,7.767
1991-11-04,,,,,,757.3,26.16,5.3944,7.7635
1991-11-05,,,,,,757.7,26.179,5.3944,7.7645
1991-11-06,,,,,,756.2,,,7.766
1991-11-07,,,,,,756.0,26.1325,,7.763
1991-11-08,,,,,,756.8,26.1165,5.3975,7.764
1991-11-11,,,,,,,,,
1991-11-12,,,,,,756.6,,,7.7625
1991-11-13,,,,,,756.7,26.024,,7.763
1991-11-14,,,,,,755.8,25.9,5.4002,7.76
1991-11-15,,,,,,756.4,25.92,5.3976,7.76
1991-11-18,,,,,,757.0,25.9445,5.3976,7.7545
1991-11-19,,,,,,757.4,25.955,5.3976,7.755
1991-11-20,,,,,,757.3,25.965,5.3976,7.7545
1991-11-21,,,,,,758.5,25.934,5.3955,7.7535
1991-11-22,,,,,,759.3,25.92,5.402,7.7505
1991-11-25,,,,,,759.4,25.85,5.402,7.7515
1991-11-26,,,,,,758.9,25.785,5.402,7.752
1991-11-27,,,,,,758.6,25.77,5.402,7.755
1991-11-28,,,,,,,,,
1991-11-29,,,,,,759.0,25.7725,5.4115,7.762
1991-12-01,,,,,121.0,,,,
1991-12-02,,,,,,759.0,25.775,5.4115,7.763
1991-12-03,,,,,,758.9,25.825,5.4115,7.7655
1991-12-04,,,,,,758.7,25.7775,5.4115,7.7675
1991-12-05,,,,,,759.1,25.77,5.4115,7.787
1991-12-06,,,,,,759.6,25.7725,5.4115,7.7755
1991-12-09,,,,,,759.5,25.7525,5.4115,7.7735
1991-12-10,,,,,,760.4,25.751,5.4115,7.771
1991-12-11,,,,,,761.0,25.7525,5.4207,7.7745
1991-12-12,,,,,,761.4,25.75,5.4207,7.775
1991-12-13,,,,,,761.1,25.75,5.4207,7.774
1991-12-16,,,,,,761.8,25.7525,5.4299,7.7755
1991-12-17,,,,,,762.5,25.75,5.4261,7.7755
1991-12-18,,,,,,762.7,25.75,5.4261,7.774
1991-12-19,,,,,,762.7,25.75,5.4261,7.774
1991-12-20,,,,,,762.9,25.75,5.4261,7.771
1991-12-23,,,,,,763.2,25.75,5.4261,7.771
1991-12-24,,,,,,763.5,25.7525,5.4292,7.772
1991-12-25,,,,,,,,,
1991-12-26,,,,,,763.3,25.75,5.4292,7.771
1991-12-27,,,,,,764.0,25.7525,5.4292,7.7785
1991-12-30,,,,,,764.7,25.7505,5.4478,7.7805
1991-12-31,,,,,,765.3,25.7475,5.4478,7.78
1992-01-01,,,,,,,,,
1992-01-02,,,,,,765.3,,5.4478,7.7765
1992-01-03,,,,,,765.3,,5.4559,7.754
1992-01-06,,,,,,763.5,25.51,5.4559,7.7565
1992-01-07,,,,,,763.8,25.15,5.4494,7.754
1992-01-08,,,,,,765.5,25.254,5.4494,7.758
1992-01-09,,,,,,766.1,25.135,5.4494,7.765
1992-01-10,,,,,,767.1,25.2595,5.4591,7.761
1992-01-13,,,,,,766.9,25.2275,5.4646,7.761
1992-01-14,,,,,,767.5,25.21,5.4646,7.76
1992-01-15,,,,,,767.5,25.195,5.4646,7.763
1992-01-16,,,,,,767.7,25.177,5.4686,7.767
1992-01-17,,,,,,767.9,25.1875,5.4686,7.7635
1992-01-20,,,,,,,,,
1992-01-21,,,,,,768.2,25.135,5.4641,7.7635
1992-01-22,,,,,,768.8,25.1295,5.4641,7.758
1992-01-23,,,,,,769.0,25.135,5.4641,7.759
1992-01-24,,,,,,769.1,25.08,5.4668,7.7605
1992-01-27,,,,,,769.0,25.015,5.4668,7.7585
1992-01-28,,,,,,769.0,25.0,5.4686,7.76
1992-01-29,,,,,,768.1,25.005,5.4686,7.762
1992-01-30,,,,,,767.1,25.01,5.4686,7.762
1992-01-31,,,,,,766.5,25.035,5.4686,7.762
1992-02-01,,,,,,,,,
1992-02-03,,,,,,766.8,,5.4686,7.757
1992-02-04,,,,,,,,5.4686,7.757
1992-02-05,,,,,,766.8,,5.4686,7.7575
1992-02-06,,,,,,766.8,,5.4686,7.761
1992-02-07,,,,,,768.3,25.0,5.4686,7.756
1992-02-10,,,,,,768.8,25.0145,5.4616,7.7465
1992-02-11,,,,,,769.5,25.02,5.4709,7.749
1992-02-12,,,,,,769.5,25.009,5.4802,7.754
1992-02-13,,,,,,768.5,24.9705,5.4837,7.756
1992-02-14,,,,,,768.8,24.99,5.4837,7.756
1992-02-17,,,,,,,,,
1992-02-18,,,,,,769.9,25.0275,5.4837,7.764
1992-02-19,,,,,,770.9,25.065,5.4837,7.761
1992-02-20,,,,,,771.0,25.075,5.4837,7.7635
1992-02-21,,,,,,772.0,25.0605,5.4837,7.763
1992-02-24,,,,,,772.5,25.0705,5.4837,7.762
1992-02-25,,,,,,772.8,25.079,5.4837,7.762
1992-02-26,,,,,,771.6,25.0825,5.4837,7.763
1992-02-27,,,,,,771.9,25.11,5.483,7.761
1992-02-28,,,,,,772.4,25.1545,5.483,7.757
1992-03-01,,,,,121.5,,,,
1992-03-02,,,,,,772.4,25.191,5.483,7.7545
1992-03-03,,,,,,773.2,25.277,5.483,7.755
1992-03-04,,,,,,772.8,25.296,5.4887,7.754
1992-03-05,,,,,,772.9,25.266,5.4887,7.754
1992-03-06,,,,,,772.9,,5.4887,7.754
1992-03-09,,,,,,772.8,25.275,5.4887,7.753
1992-03-10,,,,,,,25.2725,5.4887,7.754
1992-03-11,,,,,,773.6,25.3295,5.4887,7.747
1992-03-12,,,,,,774.1,25.347,5.4864,7.746
1992-03-13,,,,,,774.6,25.3695,5.4892,7.7475
1992-03-16,,,,,,775.3,25.439,5.4892,7.738
1992-03-17,,,,,,776.0,25.4525,5.4892,7.7445
1992-03-18,,,,,,775.7,25.48,5.4837,7.741
1992-03-19,,,,,,777.0,25.47,5.4837,7.7465
1992-03-20,,,,,,778.0,25.49,5.4929,7.746
1992-03-23,,,,,,777.9,25.562,5.4929,7.745
1992-03-24,,,,,,,25.555,5.4929,7.74
1992-03-25,,,,,,778.4,25.5,5.4887,7.7405
1992-03-26,,,,,,778.6,25.51,5.4837,7.74
1992-03-27,,,,,,778.6,25.54,5.4837,7.74
1992-03-30,,,,,,779.0,,5.4812,7.7395
1992-03-31,,,,,,779.7,25.508,5.4812,7.739
1992-04-01,,,,,,779.6,25.45,5.4812,7.741
1992-04-02,,,,,,779.6,25.5,5.4812,7.7405
1992-04-03,,,,,,779.6,,5.4812,7.739
1992-04-06,,,,,,780.3,25.46,5.4812,7.7395
1992-04-07,,,,,,781.5,25.405,5.4812,7.7375
1992-04-08,,,,,,783.0,25.235,5.4812,7.734
1992-04-09,,,,,,782.9,25.265,5.4792,7.736
1992-04-10,,,,,,784.0,25.299,5.4792,7.7345
1992-04-13,,,,,,784.3,25.3,5.5077,7.734
1992-04-14,,,,,,784.9,25.308,5.5077,7.7305
1992-04-15,,,,,,785.2,25.255,5.5328,7.735
1992-04-16,,,,,,785.1,25.29,5.5328,7.741
1992-04-17,,,,,,784.3,25.2945,5.5328,7.7395
1992-04-20,,,,,,782.2,,5.5328,
1992-04-21,,,,,,782.4,25.3075,5.5328,7.7425
1992-04-22,,,,,,783.9,25.26,5.5328,7.7405
1992-04-23,,,,,,784.7,25.263,5.5328,7.739
1992-04-24,,,,,,784.5,25.2695,5.5254,7.739
1992-04-27,,,,,,783.2,25.27,5.5254,7.738
1992-04-28,,,,,,783.6,25.2695,5.5254,7.751
1992-04-29,,,,,,783.9,25.236,5.5239,7.7565
1992-04-30,,,,,,783.4,25.2215,5.5239,7.759
1992-05-01,,,,,,783.0,25.181,,7.758
1992-05-04,,,,,,783.1,25.15,5.5239,7.749
1992-05-05,,,,,,,25.122,5.5239,7.7445
1992-05-06,,,,,,785.2,25.07,5.5388,7.741
1992-05-07,,,,,,786.9,25.03,5.5338,7.741
1992-05-08,,,,,,787.0,25.115,5.5338,7.741
1992-05-11,,,,,,787.3,25.0675,5.5288,7.7435
1992-05-12,,,,,,788.1,25.0625,5.5288,7.746
1992-05-13,,,,,,786.7,24.91,5.5138,7.7395
1992-05-14,,,,,,787.1,24.962,5.5138,7.7395
1992-05-15,,,,,,787.8,24.975,5.5138,7.7355
1992-05-18,,,,,,788.3,25.0,5.5138,7.7355
1992-05-19,,,,,,789.4,25.002,5.5138,7.7345
1992-05-20,,,,,,788.1,24.9945,5.5138,7.735
1992-05-21,,,,,,787.5,24.9775,5.5138,7.734
1992-05-22,,,,,,788.7,24.9965,5.5138,7.741
1992-05-25,,,,,,,,,
1992-05-26,,,,,,789.6,24.944,5.5087,7.742
1992-05-27,,,,,,790.1,24.918,5.5048,7.7492
1992-05-28,,,,,,787.9,24.9275,5.5048,7.7485
1992-05-29,,,,,,787.9,24.91,5.5048,7.7445
1992-06-01,,,,,121.8,788.2,24.905,5.5003,7.7383
1992-06-02,,,,,,789.8,24.93,5.4937,7.7392
1992-06-03,,,,,,790.9,24.935,5.4937,7.7385
1992-06-04,,,,,,791.1,24.9165,5.4987,7.737
1992-06-05,,,,,,792.0,,5.4987,7.735
1992-06-08,,,,,,792.4,24.905,5.4937,7.736
1992-06-09,,,,,,792.3,,5.4937,7.733
1992-06-10,,,,,,791.8,24.729,5.4937,7.735
1992-06-11,,,,,,793.5,24.755,5.4937,7.735
1992-06-12,,,,,,794.0,24.7425,5.4937,7.732
1992-06-15,,,,,,794.0,24.737,5.4937,7.733
1992-06-16,,,,,,794.3,24.74,5.4884,7.7325
1992-06-17,,,,,,795.0,24.759,5.4884,7.7325
1992-06-18,,,,,,795.6,24.735,5.4884,7.7375
1992-06-19,,,,,,796.1,24.729,5.4884,7.7355
1992-06-22,,,,,,796.1,24.7425,5.4884,7.7355
1992-06-23,,,,,,796.3,24.733,5.4884,7.7325
1992-06-24,,,,,,795.3,24.7225,5.4837,7.7325
1992-06-25,,,,,,795.6,24.699,5.4758,7.732
1992-06-26,,,,,,795.1,24.645,5.4758,7.7313
1992-06-29,,,,,,794.9,24.68,5.4758,7.731
1992-06-30,,,,,,794.9,24.65,5.4758,7.7305
1992-07-01,,,,,,793.2,,5.4758,7.7303
1992-07-02,,,,,,791.2,24.62,5.4758,7.7325
1992-07-03,,,,,,789.4,24.52,5.4758,7.7315
1992-07-06,,,,,,788.8,24.6,5.4758,7.7335
1992-07-07,,,,,,789.9,24.5495,5.4758,7.733
1992-07-08,,,,,,789.3,24.53,5.4758,7.7325
1992-07-09,,,,,,789.6,24.507,5.4636,7.7362
1992-07-10,,,,,,783.7,24.598,5.472,7.736
1992-07-13,,,,,,790.2,24.78,5.4721,7.731
1992-07-14,,,,,,790.5,24.85,5.4721,7.7318
1992-07-15,,,,,,790.8,24.91,5.4721,7.7328
1992-07-16,,,,,,791.0,24.81,5.4721,7.733
1992-07-17,,,,,,,24.77,5.4421,7.7305
1992-07-20,,,,,,789.5,24.799,5.4471,7.73
1992-07-21,,,,,,789.8,24.829,5.4471,7.7345
1992-07-22,,,,,,790.0,24.8415,5.4421,7.7375
1992-07-23,,,,,,789.7,24.9125,5.4383,7.7345
1992-07-24,,,,,,789.9,24.942,5.4335,7.7385
1992-07-27,,,,,,790.5,24.988,5.4335,7.741
1992-07-28,,,,,,791.4,24.985,5.4335,7.7368
1992-07-29,,,,,,791.3,24.972,5.4335,7.735
1992-07-30,,,,,,787.5,24.947,5.4335,7.7368
1992-07-31,,,,,,791.2,24.96,5.4335,7.7348
1992-08-01,,,,,,,,,
1992-08-03,,,,,,790.3,24.96,5.4335,7.732
1992-08-04,,,,,,791.8,24.97,5.4483,7.7315
1992-08-05,,,,,,792.7,25.02,5.4483,7.73
1992-08-06,,,,,,792.3,25.0755,5.4622,7.733
1992-08-07,,,,,,792.3,25.119,,7.7335
1992-08-10,,,,,,791.9,25.12,,7.732
1992-08-11,,,,,,793.4,25.11,5.4587,7.73
1992-08-12,,,,,,793.1,25.142,5.4587,7.7308
1992-08-13,,,,,,792.7,25.15,5.4587,7.7325
1992-08-14,,,,,,793.3,25.1295,5.4548,7.7315
1992-08-17,,,,,,793.8,25.13,,7.7375
1992-08-18,,,,,,794.7,25.195,5.4548,7.7335
1992-08-19,,,,,,794.6,25.205,5.4548,7.7335
1992-08-20,,,,,,793.8,25.185,5.4548,7.7335
1992-08-21,,,,,,793.8,25.1725,5.4436,7.7348
1992-08-24,,,,,,793.9,25.135,5.4199,7.7308
1992-08-25,,,,,,793.3,25.1585,5.4199,7.73
1992-08-26,,,,,,791.6,25.16,5.4199,7.7295
1992-08-27,,,,,,789.9,25.154,5.4199,7.731
1992-08-28,,,,,,789.9,25.135,5.4199,7.729
1992-08-31,,,,,,790.7,25.1,5.4199,7.7287
1992-09-01,,,,,121.9,788.9,25.111,5.4199,7.729
1992-09-02,,,,,,788.3,25.087,5.4124,7.731
1992-09-03,,,,,,788.6,25.1,5.4437,7.729
1992-09-04,,,,,,789.2,25.146,5.4788,7.73
1992-09-07,,,,,,,,,
1992-09-08,,,,,,788.1,25.15,5.4788,7.7285
1992-09-09,,,,,,,25.18,5.4788,7.729
1992-09-10,,,,,,,25.2475,5.5125,7.73
1992-09-11,,,,,,,,5.5166,7.7303
1992-09-14,,,,,,787.4,25.34,5.5236,7.733
1992-09-15,,,,,,789.1,25.258,5.5236,7.7308
1992-09-16,,,,,,789.1,25.274,5.5338,7.7315
1992-09-17,,,,,,787.6,25.294,5.5391,7.7305
1992-09-18,,,,,,787.4,25.281,5.5288,7.7303
1992-09-21,,,,,,787.7,25.278,,7.73
1992-09-22,,,,,,788.8,25.284,5.5348,7.731
1992-09-23,,,,,,789.1,25.2855,5.5348,7.73
1992-09-24,,,,,,789.1,25.283,5.5328,7.729
1992-09-25,,,,,,789.2,25.276,5.5328,7.729
1992-09-28,,,,,,789.5,,5.5328,7.7305
1992-09-29,,,,,,790.9,25.2475,5.5227,7.7295
1992-09-30,,,,,,789.7,25.189,5.514,7.7237
1992-10-01,,,,,122.1,788.3,25.1605,5.514,7.7237
1992-10-02,,,,,,787.8,25.1855,5.514,7.7255
1992-10-05,,,,,,788.7,25.2065,5.514,7.7255
1992-10-06,,,,,,789.7,25.23,,7.7295
1992-10-07,,,,,,787.9,25.2395,5.5416,7.731
1992-10-08,,,,,,787.0,25.254,5.5456,7.733
1992-10-09,,,,,,787.3,25.267,5.5539,7.7325
1992-10-12,,,,,,,,,
1992-10-13,,,,,,787.8,25.246,5.5539,7.7333
1992-10-14,,,,,,787.4,25.25,5.5539,7.73
1992-10-15,,,,,,786.2,25.245,5.5539,7.7278
1992-10-16,,,,,,785.9,25.27,5.5539,7.7313
1992-10-19,,,,,,786.1,25.2865,5.5539,7.732
1992-10-20,,,,,,785.5,25.3055,5.5634,7.731
1992-10-21,,,,,,785.1,25.32,5.5654,7.732
1992-10-22,,,,,,786.0,25.3145,5.5654,7.73
1992-10-23,,,,,,785.9,25.325,5.5654,7.73
1992-10-26,,,,,,785.8,,5.5654,7.729
1992-10-27,,,,,,786.4,25.3725,,7.7282
1992-10-28,,,,,,786.5,25.3505,,7.728
1992-10-29,,,,,,785.7,25.37,,7.73
1992-10-30,,,,,,785.6,25.361,,7.7315
1992-11-01,,,,,121.9,,,,
1992-11-02,,,,,,785.5,25.3725,5.5684,7.7315
1992-11-03,,,,,,785.2,25.392,5.5789,7.7312
1992-11-04,,,,,,785.1,25.3875,5.5789,7.7315
1992-11-05,,,,,,785.1,25.3875,5.5789,7.7338
1992-11-06,,,,,,785.2,25.44,,7.733
1992-11-09,,,,,,785.1,25.415,,7.733
1992-11-10,,,,,,785.6,25.4525,5.5942,7.7335
1992-11-11,,,,,,,,,
1992-11-12,,,,,,785.5,,5.5942,7.732
1992-11-13,,,,,,785.2,25.0,5.5881,7.732
1992-11-16,,,,,,785.5,25.44,5.5881,7.7322
1992-11-17,,,,,,786.5,25.4565,5.5881,7.7345
1992-11-18,,,,,,788.2,25.4415,5.5881,7.739
1992-11-19,,,,,,789.5,25.42,5.624,7.737
1992-11-20,,,,,,789.3,25.4175,5.6741,7.736
1992-11-23,,,,,,790.6,25.456,,7.7385
1992-11-24,,,,,,791.4,25.455,,7.7375
1992-11-25,,,,,,789.6,25.45,,7.7365
1992-11-26,,,,,,,,,
1992-11-27,,,,,,788.5,25.445,5.7097,7.7375
1992-11-30,,,,,,788.2,25.452,5.7341,7.741
1992-12-01,,,,,121.8,787.8,25.449,5.7531,7.7555
1992-12-02,,,,,,788.4,25.441,5.7531,7.745
1992-12-03,,,,,,789.1,,5.7531,7.745
1992-12-04,,,,,,788.5,25.4475,5.8019,7.7445
1992-12-07,,,,,,789.4,25.46,5.8019,7.745
1992-12-08,,,,,,791.1,25.456,5.8396,7.7442
1992-12-09,,,,,,792.4,25.46,5.8396,7.739
1992-12-10,,,,,,792.6,25.46,,7.741
1992-12-11,,,,,,792.2,25.465,5.8596,7.7433
1992-12-14,,,,,,793.3,25.465,5.8596,7.7405
1992-12-15,,,,,,794.1,25.4685,5.9007,7.74
1992-12-16,,,,,,793.6,25.467,,7.74
1992-12-17,,,,,,792.4,25.465,5.9007,7.7342
1992-12-18,,,,,,792.4,25.467,5.8646,7.7363
1992-12-21,,,,,,791.9,25.4665,,7.737
1992-12-22,,,,,,794.0,25.445,5.7995,7.738
1992-12-23,,,,,,793.7,25.44,5.7995,7.7405
1992-12-24,,,,,,792.5,,,7.7415
1992-12-25,,,,,,,,,
1992-12-28,,,,,,792.3,25.4375,5.7662,7.7405
1992-12-29,,,,,,792.8,25.4375,5.7662,7.742
1992-12-30,,,,,,792.4,25.43,5.7662,7.74
1992-12-31,,,,,,791.5,25.4025,5.7662,7.743
1993-01-01,,,,,122.1,,,,
1993-01-04,,,,,,789.7,,5.7662,7.742
1993-01-05,,,,,,791.3,25.405,5.7662,7.7435
1993-01-06,,,,,,793.4,25.4265,5.7744,7.7432
1993-01-07,,,,,,794.2,25.4105,5.7744,7.742
1993-01-08,,,,,,795.0,25.4225,5.7744,7.743
1993-01-11,,,,,,795.6,25.45,5.7744,7.7424
1993-01-12,,,,,,795.1,25.445,5.7744,7.7405
1993-01-13,,,,,,794.2,25.441,,7.7382
1993-01-14,,,,,,795.3,25.45,5.7744,7.738
1993-01-15,,,,,,796.4,25.436,,7.7385
1993-01-18,,,,,,,,,
1993-01-19,,,,,,795.8,25.499,5.7744,7.7353
1993-01-20,,,,,,794.2,,5.7744,7.734
1993-01-21,,,,,,794.5,,5.7894,7.7355
1993-01-22,,,,,,,,5.7894,7.735
1993-01-25,,,,,,795.6,,5.7894,7.734
1993-01-26,,,,,,797.3,,5.7894,7.7305
1993-01-27,,,,,,797.4,25.51,5.7894,7.732
1993-01-28,,,,,,796.5,25.49,5.7894,7.733
1993-01-29,,,,,,796.2,25.4895,5.7894,7.733
1993-02-01,,,,,121.9,797.1,25.487,5.7894,7.733
1993-02-02,,,,,,798.9,25.547,5.7894,7.7355
1993-02-03,,,,,,799.3,25.56,,7.7335
1993-02-04,,,,,,799.1,25.615,,7.7345
1993-02-05,,,,,,799.1,25.735,5.8,7.734
1993-02-08,,,,,,800.5,26.01,5.8,7.7325
1993-02-09,,,,,,801.1,25.963,5.8,7.735
1993-02-10,,,,,,800.8,25.948,5.8,7.7343
1993-02-11,,,,,,799.7,25.935,5.8,7.7342
1993-02-12,,,,,,795.6,25.935,5.8,7.7345
1993-02-15,,,,,,,,,
1993-02-16,,,,,,799.8,25.9775,5.8,7.7335
1993-02-17,,,,,,800.2,25.96,5.8,7.732
1993-02-18,,,,,,799.7,25.9545,5.7995,7.731
1993-02-19,,,,,,799.9,25.943,5.7694,7.733
1993-02-22,,,,,,800.0,25.946,,7.731
1993-02-23,,,,,,799.4,25.9455,,7.7328
1993-02-24,,,,,,798.6,25.895,5.7546,7.735
1993-02-25,,,,,,798.4,25.7955,5.7546,7.7333
1993-02-26,,,,,,798.6,25.7525,5.7546,7.734
1993-03-01,,,,,121.5,798.0,25.8505,5.7546,7.7335
1993-03-02,,,,,,798.0,25.89,5.7546,7.734
1993-03-03,,,,,,797.5,25.8915,5.7443,7.732
1993-03-04,,,,,,797.6,25.84,5.7443,7.732
1993-03-05,,,,,,796.5,25.857,5.7443,7.733
1993-03-08,,,,,,795.9,25.9,5.7443,7.7325
1993-03-09,,,,,,795.9,25.939,5.7443,7.7327
1993-03-10,,,,,,795.9,25.98,5.7443,7.7368
1993-03-11,,,,,,795.2,,5.7443,7.7355
1993-03-12,,,,,,796.6,25.9815,5.7443,7.736
1993-03-15,,,,,,796.8,26.075,5.7624,7.7363
1993-03-16,,,,,,795.3,26.1,5.7624,7.7363
1993-03-17,,,,,,795.4,26.115,5.7624,7.735
1993-03-18,,,,,,796.0,26.1075,5.7624,7.7332
1993-03-19,,,,,,795.8,26.115,5.7442,7.731
1993-03-22,,,,,,796.0,26.125,5.7442,7.732
1993-03-23,,,,,,796.0,26.12,5.7442,7.7305
1993-03-24,,,,,,796.2,26.135,5.7333,7.731
1993-03-25,,,,,,796.2,26.13,5.7333,7.7342
1993-03-26,,,,,,796.4,26.13,5.7333,7.7315
1993-03-29,,,,,,796.4,,5.7333,7.7318
1993-03-30,,,,,,796.9,26.16,5.7333,7.7314
1993-03-31,,,,,,797.1,26.11,5.7333,7.731
1993-04-01,,,,,121.4,797.1,26.069,5.7333,7.7325
1993-04-02,,,,,,798.3,26.0535,5.7333,7.731
1993-04-05,,,,,,798.7,,,7.7312
1993-04-06,,,,,,798.7,,,7.731
1993-04-07,,,,,,799.6,,,7.7305
1993-04-08,,,,,,799.3,26.1025,5.7333,7.7325
1993-04-09,,,,,,799.1,26.1,5.7333,7.734
1993-04-12,,,,,,798.9,26.03,5.7333,7.733
1993-04-13,,,,,,799.0,26.065,5.7163,7.7315
1993-04-14,,,,,,798.8,26.1,5.7163,7.7312
1993-04-15,,,,,,792.9,26.06,5.7163,7.731
1993-04-16,,,,,,799.0,26.04,5.7165,7.7309
1993-04-19,,,,,,798.8,25.9505,5.7076,7.7309
1993-04-20,,,,,,799.1,25.935,5.7076,7.731
1993-04-21,,,,,,798.9,25.88,,7.7302
1993-04-22,,,,,,798.7,25.9,,7.7305
1993-04-23,,,,,,799.1,25.93,5.7076,7.7285
1993-04-26,,,,,,799.1,25.9415,5.7076,7.7255
1993-04-27,,,,,,799.2,25.918,,7.7275
1993-04-28,,,,,,799.2,25.9,,7.7277
1993-04-29,,,,,,799.0,25.871,,7.73
1993-04-30,,,,,,799.0,25.905,,7.731
1993-05-01,,,,,121.0,,,,
1993-05-03,,,,,,799.1,25.9225,,7.731
1993-05-04,,,,,,799.9,25.899,5.7227,7.7292
1993-05-05,,,,,,,25.91,,7.7292
1993-05-06,,,,,,799.9,25.9,,7.7292
1993-05-07,,,,,,800.4,25.904,,7.7292
1993-05-10,,,,,,801.4,25.9475,5.7227,7.7303
1993-05-11,,,,,,802.6,25.963,5.7331,7.7308
1993-05-12,,,,,,803.5,25.97,5.7331,7.7325
1993-05-13,,,,,,802.5,25.95,5.7433,7.731
1993-05-14,,,,,,803.0,25.96,5.7433,7.7295
1993-05-17,,,,,,804.9,25.94,5.7433,7.7298
1993-05-18,,,,,,805.1,25.975,5.7433,7.7287
1993-05-19,,,,,,804.3,25.955,5.7433,7.7285
1993-05-20,,,,,,805.4,25.96,5.7433,7.7292
1993-05-21,,,,,,805.8,25.9735,5.7433,7.7283
1993-05-24,,,,,,805.0,26.0445,5.7433,7.727
1993-05-25,,,,,,804.4,,5.7433,7.728
1993-05-26,,,,,,804.5,26.1575,5.7433,7.728
1993-05-27,,,,,,804.5,26.149,,7.726
1993-05-28,,,,,,804.5,26.1005,5.7433,7.7242
1993-05-31,,,,,,,,,
1993-06-01,,,,,121.2,805.4,26.136,,7.7233
1993-06-02,,,,,,806.5,26.1105,5.7433,7.724
1993-06-03,,,,,,806.1,,5.7433,7.725
1993-06-04,,,,,,806.9,26.1425,5.7243,7.726
1993-06-07,,,,,,807.0,26.154,5.7243,7.7285
1993-06-08,,,,,,806.4,,5.7243,7.7275
1993-06-09,,,,,,806.1,26.169,5.7243,7.731
1993-06-10,,,,,,805.0,26.166,5.7243,7.729
1993-06-11,,,,,,804.5,,5.7243,7.7287
1993-06-14,,,,,,804.4,26.1795,5.7243,7.729
1993-06-15,,,,,,804.7,26.179,5.7529,7.7287
1993-06-16,,,,,,805.2,26.1895,5.7646,7.7297
1993-06-17,,,,,,805.1,26.2305,5.7646,7.736
1993-06-18,,,,,,805.2,26.29,5.7646,7.737
1993-06-21,,,,,,805.4,26.388,,7.741
1993-06-22,,,,,,806.6,26.3975,,7.7418
1993-06-23,,,,,,807.4,26.4315,5.7756,7.7568
1993-06-24,,,,,,806.4,,5.7756,7.765
1993-06-25,,,,,,805.8,26.405,5.7756,7.757
1993-06-28,,,,,,806.1,26.42,5.7756,7.74
1993-06-29,,,,,,807.0,26.42,5.7756,7.7475
1993-06-30,,,,,,806.9,26.39,5.7756,7.744
1993-07-01,,,,,121.0,806.4,,5.7756,7.7565
1993-07-02,,,,,,806.3,26.414,5.7756,7.747
1993-07-05,,,,,,,,,
1993-07-06,,,,,,807.6,,5.7756,7.756
1993-07-07,,,,,,807.6,26.53,5.7756,7.755
1993-07-08,,,,,,807.3,26.52,5.7756,7.7525
1993-07-09,,,,,,807.6,26.529,5.7756,7.7565
1993-07-12,,,,,,808.3,26.581,5.7756,7.7635
1993-07-13,,,,,,809.4,26.5675,5.7756,7.756
1993-07-14,,,,,,809.1,26.555,5.7756,7.7577
1993-07-15,,,,,,809.4,26.5325,5.7756,7.7562
1993-07-16,,,,,,810.7,,5.7756,7.7572
1993-07-19,,,,,,811.0,,5.7756,7.7575
1993-07-20,,,,,,812.0,,5.7756,7.7558
1993-07-21,,,,,,811.2,26.565,5.7756,7.7523
1993-07-22,,,,,,811.0,,5.7756,7.7545
1993-07-23,,,,,,811.7,,5.7756,7.7543
1993-07-26,,,,,,811.9,26.9585,5.7756,7.7565
1993-07-27,,,,,,812.2,26.9555,5.7756,7.7548
1993-07-28,,,,,,810.8,26.955,5.7756,7.7555
1993-07-29,,,,,,809.9,26.946,5.7756,7.7565
1993-07-30,,,,,,809.8,26.9405,5.7756,7.756
1993-08-01,,,,,121.0,,,,
1993-08-02,,,,,,809.8,26.9395,5.7756,7.7555
1993-08-03,,,,,,809.9,26.9385,5.7756,7.7545
1993-08-04,,,,,,809.5,26.9485,5.7756,7.7558
1993-08-05,,,,,,809.2,26.9475,5.7756,7.7538
1993-08-06,,,,,,809.7,26.939,5.7756,7.754
1993-08-09,,,,,,811.4,26.949,5.7756,7.7507
1993-08-10,,,,,,812.3,26.955,5.7756,7.751
1993-08-11,,,,,,811.1,26.95,5.7963,7.751
1993-08-12,,,,,,812.3,26.951,5.7963,7.754
1993-08-13,,,,,,813.1,26.95,5.7963,7.755
1993-08-16,,,,,,812.4,26.959,5.7963,7.753
1993-08-17,,,,,,813.6,26.9535,5.7963,7.7528
1993-08-18,,,,,,813.6,26.955,5.7963,7.7515
1993-08-19,,,,,,813.1,26.954,5.7963,7.746
1993-08-20,,,,,,813.8,26.955,5.7963,7.7505
1993-08-23,,,,,,814.1,26.957,5.7963,7.7485
1993-08-24,,,,,,813.9,26.9585,5.7963,7.7482
1993-08-25,,,,,,812.9,26.96,5.7963,7.7512
1993-08-26,,,,,,812.2,26.956,5.7963,7.7507
1993-08-27,,,,,,811.5,26.956,5.7963,7.7495
1993-08-30,,,,,,811.7,26.9325,5.8063,7.748
1993-08-31,,,,,,811.6,26.936,5.8063,7.7485
1993-09-01,,,,,121.2,811.3,26.959,5.8063,7.7495
1993-09-02,,,,,,811.5,26.956,5.8013,7.7495
1993-09-03,,,,,,810.6,26.9575,5.8013,7.749
1993-09-06,,,,,,,,,
1993-09-07,,,,,,811.5,26.9425,5.8013,7.742
1993-09-08,,,,,,811.3,26.946,5.8013,7.737
1993-09-09,,,,,,810.6,26.9465,5.8013,7.7367
1993-09-10,,,,,,810.5,26.944,5.8013,7.7377
1993-09-13,,,,,,810.7,26.939,5.8013,7.7355
1993-09-14,,,,,,811.8,26.9395,5.8013,7.7345
1993-09-15,,,,,,812.0,26.941,5.8013,7.7357
1993-09-16,,,,,,811.9,26.9375,5.8013,7.7318
1993-09-17,,,,,,812.2,26.943,5.8013,7.7317
1993-09-20,,,,,,813.3,26.837,5.8013,7.733
1993-09-21,,,,,,814.3,26.865,5.8013,7.7344
1993-09-22,,,,,,812.9,26.905,5.8013,7.7375
1993-09-23,,,,,,812.1,26.946,5.8013,7.734
1993-09-24,,,,,,812.1,26.93,5.8013,7.7435
1993-09-27,,,,,,812.1,26.9375,5.8013,7.7418
1993-09-28,,,,,,812.0,,5.8013,7.7407
1993-09-29,,,,,,812.0,26.918,5.8013,7.7367
1993-09-30,,,,,,812.0,,5.8013,7.7345
1993-10-01,,,,,121.0,812.0,26.8405,5.8013,7.7355
1993-10-04,,,,,,812.3,26.847,5.8013,7.7365
1993-10-05,,,,,,815.2,26.85,5.8013,7.7345
1993-10-06,,,,,,816.3,26.8375,5.8013,7.734
1993-10-07,,,,,,815.3,26.8375,5.8013,7.726
1993-10-08,,,,,,814.6,26.85,5.8013,7.726
1993-10-11,,,,,,,,,
1993-10-12,,,,,,815.4,26.8505,5.8013,7.7255
1993-10-13,,,,,,814.6,26.845,5.8013,7.728
1993-10-14,,,,,,813.8,26.845,5.8013,7.727
1993-10-15,,,,,,813.6,26.87,5.8013,7.7258
1993-10-18,,,,,,813.5,26.8765,5.8013,7.7258
1993-10-19,,,,,,812.7,26.8765,5.8013,7.7315
1993-10-20,,,,,,812.8,26.876,5.8013,7.7335
1993-10-21,,,,,,812.7,26.882,5.8013,7.737
1993-10-22,,,,,,812.4,26.9115,5.8013,7.7378
1993-10-25,,,,,,812.3,,5.8013,7.7295
1993-10-26,,,,,,812.2,26.89,5.8013,7.7305
1993-10-27,,,,,,812.6,26.8945,5.8013,7.731
1993-10-28,,,,,,812.6,26.892,5.8013,7.731
1993-10-29,,,,,,812.1,26.8545,5.8013,7.728
1993-11-01,,,,,121.0,811.4,,5.8013,7.7265
1993-11-02,,,,,,810.8,26.8415,5.8013,7.7265
1993-11-03,,,,,,810.5,26.8525,5.8013,7.7273
1993-11-04,,,,,,810.5,26.856,5.8013,7.7275
1993-11-05,,,,,,810.3,26.875,5.8013,7.7275
1993-11-08,,,,,,810.4,26.871,5.8013,7.7273
1993-11-09,,,,,,804.5,26.865,5.8013,7.7278
1993-11-10,,,,,,804.5,26.873,5.8013,7.7295
1993-11-11,,,,,,,,,
1993-11-12,,,,,,808.6,26.8725,5.8013,7.726
1993-11-15,,,,,,809.1,26.853,5.8013,7.7255
1993-11-16,,,,,,810.1,26.861,5.8013,7.7255
1993-11-17,,,,,,810.8,26.903,5.8013,7.7295
1993-11-18,,,,,,811.3,26.88,5.8195,7.7305
1993-11-19,,,,,,810.7,26.8805,5.8195,7.7275
1993-11-22,,,,,,809.5,26.9,5.8195,7.7275
1993-11-23,,,,,,809.8,26.8985,5.8195,7.7255
1993-11-24,,,,,,810.3,26.9215,5.8195,7.7255
1993-11-25,,,,,,,,,
1993-11-26,,,,,,810.9,26.915,5.8195,7.7275
1993-11-29,,,,,,811.0,26.94,5.8195,7.7275
1993-11-30,,,,,,810.8,26.934,5.8195,7.7255
1993-12-01,,,,,120.8,811.0,26.9265,5.8195,7.7248
1993-12-02,,,,,,811.4,26.916,5.8195,7.7255
1993-12-03,,,,,,812.0,26.908,5.8195,7.7255
1993-12-06,,,,,,812.5,26.883,5.8195,7.7245
1993-12-07,,,,,,812.4,26.89,5.8195,7.724
1993-12-08,,,,,,812.6,26.879,5.8195,7.7233
1993-12-09,,,,,,812.6,26.862,5.8195,7.7233
1993-12-10,,,,,,812.5,26.8455,5.8195,7.723
1993-12-13,,,,,,812.4,26.835,5.8195,7.7235
1993-12-14,,,,,,813.1,26.8275,5.8195,7.7247
1993-12-15,,,,,,814.0,26.7705,5.8245,7.7252
1993-12-16,,,,,,813.9,26.7055,5.8245,7.7255
1993-12-17,,,,,,813.6,26.62,5.8245,7.7258
1993-12-20,,,,,,813.6,26.69,5.8245,7.7253
1993-12-21,,,,,,814.8,26.75,5.8245,7.7252
1993-12-22,,,,,,814.9,26.75,5.8245,7.7237
1993-12-23,,,,,,813.7,26.698,5.8242,7.7232
1993-12-24,,,,,,811.5,26.659,5.8245,7.7235
1993-12-27,,,,,,811.0,26.66,5.8245,7.724
1993-12-28,,,,,,811.3,26.65,5.8245,7.724
1993-12-29,,,,,,811.4,26.644,5.8145,7.7235
1993-12-30,,,,,,811.6,26.6765,5.8145,7.724
1993-12-31,,,,,,811.3,26.626,5.8145,7.728
1994-01-01,,,,,121.0,,,,
1994-01-03,,,,,,810.4,26.626,8.7217,7.726
1994-01-04,,,,,,811.3,,8.7217,7.725
1994-01-05,,,,,,812.2,26.57,8.7217,7.7235
1994-01-06,,,,,,814.5,26.569,8.7217,7.7255
1994-01-07,,,,,,816.2,26.599,8.7117,7.7253
1994-01-10,,,,,,816.6,26.471,8.7217,7.7253
1994-01-11,,,,,,815.2,26.529,8.7217,7.7265
1994-01-12,,,,,,814.9,26.559,8.7217,7.7275
1994-01-13,,,,,,814.5,26.51,8.7217,7.726
1994-01-14,,,,,,814.2,26.495,8.7217,7.727
1994-01-17,,,,,,,,,
1994-01-18,,,,,,815.5,26.425,8.7217,7.7255
1994-01-19,,,,,,815.2,26.449,8.7217,7.7259
1994-01-20,,,,,,813.8,26.4555,8.7217,7.7253
1994-01-21,,,,,,813.7,26.434,8.7257,7.7237
1994-01-24,,,,,,813.4,26.47,8.7217,7.7235
1994-01-25,,,,,,812.2,26.465,8.7318,7.7243
1994-01-26,,,,,,812.3,26.4675,8.7217,7.7235
1994-01-27,,,,,,811.9,26.4355,8.7217,7.7244
1994-01-28,,,,,,811.6,26.455,8.7217,7.7245
1994-01-31,,,,,,811.3,26.42,8.7217,7.7237
1994-02-01,,,,,120.7,812.0,26.4345,8.7211,7.7231
1994-02-02,,,,,,811.1,26.435,8.7228,7.725
1994-02-03,,,,,,810.9,,8.7252,7.7243
1994-02-04,,,,,,810.8,,8.7228,7.726
1994-02-07,,,,,,809.4,26.3975,8.7223,7.732
1994-02-08,,,,,,811.9,,8.7292,7.748
1994-02-09,,,,,,811.9,,8.7292,7.7515
1994-02-10,,,,,,811.9,,8.7292,7.753
1994-02-11,,,,,,811.9,,8.7292,7.751
1994-02-14,,,,,,814.2,26.4075,8.7292,7.7455
1994-02-15,,,,,,815.6,26.359,8.7299,7.7355
1994-02-16,,,,,,814.0,26.3925,8.7242,7.738
1994-02-17,,,,,,814.2,26.3975,8.7283,7.7355
1994-02-18,,,,,,813.7,26.4095,8.7238,7.7325
1994-02-21,,,,,,,,,
1994-02-22,,,,,,812.6,26.47,8.7212,7.7285
1994-02-23,,,,,,812.5,26.5425,8.7183,7.728
1994-02-24,,,,,,811.5,26.495,8.724,7.733
1994-02-25,,,,,,811.3,26.5,8.7164,7.7333
1994-02-28,,,,,,811.2,26.4825,8.7262,7.727
1994-03-01,,,,,120.7,811.2,26.496,8.7238,7.729
1994-03-02,,,,,,811.8,26.478,8.7268,7.728
1994-03-03,,,,,,810.3,26.4515,8.7278,7.7285
1994-03-04,,,,,,810.6,26.428,8.728,7.7277
1994-03-07,,,,,,810.2,26.395,8.7284,7.7287
1994-03-08,,,,,,809.5,26.44,8.7268,7.7285
1994-03-09,,,,,,812.0,26.39,8.7256,7.7295
1994-03-10,,,,,,811.8,26.4185,8.7221,7.7267
1994-03-11,,,,,,810.8,26.375,8.7256,7.7275
1994-03-14,,,,,,809.6,26.39,8.7223,7.7265
1994-03-15,,,,,,810.2,26.402,8.7217,7.7255
1994-03-16,,,,,,810.4,26.4235,8.7225,7.7254
1994-03-17,,,,,,809.7,26.4185,8.7219,7.7267
1994-03-18,,,,,,809.5,26.385,8.7208,7.7289
1994-03-21,,,,,,810.0,26.405,8.7209,7.7225
1994-03-22,,,,,,810.4,26.4225,8.7195,7.726
1994-03-23,,,,,,810.7,26.41,8.721,7.7255
1994-03-24,,,,,,811.2,26.45,8.7273,7.725
1994-03-25,,,,,,811.2,26.425,8.723,7.726
1994-03-28,,,,,,812.2,26.41,8.7234,7.7255
1994-03-29,,,,,,812.0,26.41,8.7242,7.7253
1994-03-30,,,,,,810.8,26.37,8.7219,7.7265
1994-03-31,,,,,,809.7,26.33,8.7298,7.728
1994-04-01,,,,,120.7,810.4,26.36,,7.7272
1994-04-04,,,,,,811.1,26.39,,7.7275
1994-04-05,,,,,,811.1,26.39,8.7298,7.728
1994-04-06,,,,,,813.0,26.34,8.7298,7.7273
1994-04-07,,,,,,812.5,26.37,8.7298,7.7274
1994-04-08,,,,,,812.4,26.38,8.7298,7.7275
1994-04-11,,,,,,814.3,26.38,8.7298,7.726
1994-04-12,,,,,,813.5,26.39,8.7298,7.7273
1994-04-13,,,,,,813.5,26.38,8.7298,7.727
1994-04-14,,,,,,812.6,26.37,8.7298,7.7265
1994-04-15,,,,,,812.4,26.38,8.7398,7.7265
1994-04-18,,,,,,812.0,26.39,8.7152,7.7268
1994-04-19,,,,,,812.2,26.4,8.7145,7.7278
1994-04-20,,,,,,811.6,26.39,8.7137,7.7275
1994-04-21,,,,,,810.6,26.39,8.7125,7.727
1994-04-22,,,,,,810.6,26.38,8.7125,7.7279
1994-04-25,,,,,,810.4,26.41,8.7409,7.727
1994-04-26,,,,,,810.6,26.4,8.7094,7.726
1994-04-27,,,,,,810.4,26.4,8.7277,7.726
1994-04-28,,,,,,810.2,26.45,8.7272,7.7255
1994-04-29,,,,,,810.5,26.42,8.7247,7.7253
1994-05-01,,,,,120.6,,,,
1994-05-02,,,,,,810.7,26.42,8.7097,7.7253
1994-05-03,,,,,,811.1,26.46,8.6984,7.7253
1994-05-04,,,,,,810.3,26.46,8.6936,7.7265
1994-05-05,,,,,,810.3,26.53,8.6882,7.7264
1994-05-06,,,,,,809.2,26.55,8.6864,7.7267
1994-05-09,,,,,,809.6,26.64,8.6853,7.7274
1994-05-10,,,,,,811.5,26.77,8.684,7.7265
1994-05-11,,,,,,810.0,26.78,8.6829,7.726
1994-05-12,,,,,,809.4,26.88,8.712,7.7262
1994-05-13,,,,,,809.1,26.82,8.681,7.7265
1994-05-16,,,,,,809.2,26.81,8.6806,7.7275
1994-05-17,,,,,,809.5,26.86,8.6807,7.727
1994-05-18,,,,,,809.5,26.86,8.6805,7.7265
1994-05-19,,,,,,809.4,26.8,8.6804,7.7255
1994-05-20,,,,,,809.6,26.88,8.6802,7.7255
1994-05-23,,,,,,809.7,26.86,8.6804,7.7255
1994-05-24,,,,,,809.3,26.98,8.6802,7.7253
1994-05-25,,,,,,809.4,27.04,8.6802,7.7255
1994-05-26,,,,,,809.7,27.09,8.68,7.7257
1994-05-27,,,,,,809.8,27.08,8.6798,7.7265
1994-05-30,,,,,,,,,
1994-05-31,,,,,,809.3,27.06,8.6796,7.7263
1994-06-01,,,,,120.4,809.3,27.08,8.6794,7.7265
1994-06-02,,,,,,809.7,27.03,8.6791,7.727
1994-06-03,,,,,,809.6,27.075,8.709,7.7283
1994-06-06,,,,,,809.5,27.0845,8.679,7.7285
1994-06-07,,,,,,809.5,27.09,8.709,7.729
1994-06-08,,,,,,809.6,27.0777,8.7088,7.7325
1994-06-09,,,,,,809.5,27.09,8.7085,7.738
1994-06-10,,,,,,809.5,27.0582,8.7083,7.738
1994-06-13,,,,,,809.5,27.0547,8.6781,7.7375
1994-06-14,,,,,,809.9,27.0452,8.6779,7.7365
1994-06-15,,,,,,810.2,27.0477,8.6775,7.731
1994-06-16,,,,,,810.0,27.0502,8.6773,7.7325
1994-06-17,,,,,,809.5,27.0527,8.6771,7.7305
1994-06-20,,,,,,810.0,27.0487,8.6769,7.7287
1994-06-21,,,,,,811.7,27.04,8.6764,7.7286
1994-06-22,,,,,,812.1,26.9528,8.6757,7.729
1994-06-23,,,,,,810.2,26.98,8.675,7.73
1994-06-24,,,,,,809.4,27.02,8.6744,7.7286
1994-06-27,,,,,,809.6,26.9122,8.6739,7.7295
1994-06-28,,,,,,810.4,26.9182,8.6733,7.7295
1994-06-29,,,,,,809.6,26.8657,8.6726,7.729
1994-06-30,,,,,,808.7,26.8137,8.6717,7.73
1994-07-01,,,,,120.3,808.3,26.8245,8.7001,7.7295
1994-07-04,,,,,,,,,
1994-07-05,,,,,,809.5,26.76,8.6696,7.7288
1994-07-06,,,,,,809.7,26.73,8.669,7.7275
1994-07-07,,,,,,808.9,26.77,8.6681,7.7287
1994-07-08,,,,,,809.1,26.74,8.6674,7.7285
1994-07-11,,,,,,808.8,26.74,8.6666,7.7278
1994-07-12,,,,,,809.0,26.6972,8.6658,7.7265
1994-07-13,,,,,,809.3,26.6312,8.6647,7.7265
1994-07-14,,,,,,809.1,26.63,8.6637,7.7263
1994-07-15,,,,,,809.6,26.5762,8.6629,7.7255
1994-07-18,,,,,,810.2,26.59,8.6618,7.7253
1994-07-19,,,,,,810.5,26.59,8.6608,7.7255
1994-07-20,,,,,,809.2,26.68,8.6589,7.7255
1994-07-21,,,,,,808.5,26.65,8.6564,7.7253
1994-07-22,,,,,,808.3,26.67,8.6535,7.726
1994-07-25,,,,,,807.1,26.5502,8.6495,7.7255
1994-07-26,,,,,,805.8,26.6092,8.6464,7.7255
1994-07-27,,,,,,805.8,26.5967,8.6438,7.7255
1994-07-28,,,,,,805.6,26.5402,8.6414,7.7255
1994-07-29,,,,,,805.5,26.5812,8.6397,7.7255
1994-08-01,,,,,120.2,805.8,26.5402,8.6369,7.7255
1994-08-02,,,,,,806.0,26.6,8.6341,7.7253
1994-08-03,,,,,,805.8,26.57,8.6314,7.7255
1994-08-04,,,,,,805.9,26.57,8.6288,7.7258
1994-08-05,,,,,,805.8,26.51,8.6255,7.7262
1994-08-08,,,,,,805.9,26.4807,8.6223,7.7259
1994-08-09,,,,,,806.9,26.4557,8.6203,7.726
1994-08-10,,,,,,808.0,26.4652,8.6182,7.726
1994-08-11,,,,,,807.8,26.4642,8.6162,7.727
1994-08-12,,,,,,807.5,26.4522,8.6138,7.729
1994-08-15,,,,,,809.0,26.48,8.6112,7.7285
1994-08-16,,,,,,809.0,26.48,8.6087,7.728
1994-08-17,,,,,,809.3,26.49,8.6056,7.727
1994-08-18,,,,,,807.9,26.47,8.6031,7.7273
1994-08-19,,,,,,806.9,26.44,8.6001,7.7276
1994-08-22,,,,,,807.5,26.38,8.5974,7.727
1994-08-23,,,,,,807.2,26.345,8.5958,7.728
1994-08-24,,,,,,806.8,26.325,8.5935,7.7283
1994-08-25,,,,,,805.7,26.22,8.5908,7.7282
1994-08-26,,,,,,805.4,26.27,8.5675,7.7283
1994-08-29,,,,,,805.3,26.25,8.5843,7.7292
1994-08-30,,,,,,804.8,26.18,8.5816,7.728
1994-08-31,,,,,,806.9,26.2,8.5791,7.728
1994-09-01,,,,,120.2,803.3,26.243,8.5765,7.7277
1994-09-02,,,,,,803.7,26.24,8.574,7.7271
1994-09-05,,,,,,,,,
1994-09-06,,,,,,804.4,26.21,8.5691,7.7281
1994-09-07,,,,,,804.4,26.21,8.567,7.7275
1994-09-08,,,,,,804.7,26.2,8.5648,7.7275
1994-09-09,,,,,,804.5,26.2,8.5622,7.7275
1994-09-12,,,,,,804.0,26.21,8.5607,7.7271
1994-09-13,,,,,,803.7,26.21,8.5596,7.7273
1994-09-14,,,,,,803.2,26.2,8.5581,7.7274
1994-09-15,,,,,,803.4,26.21,8.5565,7.7275
1994-09-16,,,,,,803.2,26.22,8.5552,7.7275
1994-09-19,,,,,,802.8,26.23,8.554,7.7273
1994-09-20,,,,,,802.8,26.23,8.5537,7.7275
1994-09-21,,,,,,802.8,26.24,8.5533,7.7276
1994-09-22,,,,,,802.8,26.19,8.5525,7.7281
1994-09-23,,,,,,804.1,26.19,8.552,7.7275
1994-09-26,,,,,,805.7,26.16,8.5511,7.7277
1994-09-27,,,,,,806.0,26.22,8.5503,7.7275
1994-09-28,,,,,,803.8,26.22,8.5503,7.7274
1994-09-29,,,,,,802.2,26.17,8.5501,7.7275
1994-09-30,,,,,,802.0,26.2,8.55,7.7273
1994-10-01,,,,,120.1,,,,
1994-10-03,,,,,,801.3,26.22,8.55,7.7275
1994-10-04,,,,,,801.3,26.19,8.55,7.7275
1994-10-05,,,,,,803.4,26.19,8.5501,7.7278
1994-10-06,,,,,,803.6,26.18,8.55,7.7277
1994-10-07,,,,,,801.9,26.16,8.55,7.7275
1994-10-10,,,,,,,,,
1994-10-11,,,,,,802.2,26.21,8.55,7.728
1994-10-12,,,,,,803.4,26.22,8.55,7.7276
1994-10-13,,,,,,803.8,26.19,8.5497,7.728
1994-10-14,,,,,,802.3,26.17,8.5497,7.7275
1994-10-17,,,,,,801.9,26.12,8.5497,7.7275
1994-10-18,,,,,,803.2,26.13,8.5496,7.7275
1994-10-19,,,,,,802.9,26.11,8.5496,7.7273
1994-10-20,,,,,,801.9,26.1,8.5496,7.7275
1994-10-21,,,,,,802.1,26.03,8.5495,7.728
1994-10-24,,,,,,801.5,26.06,8.549,7.7275
1994-10-25,,,,,,800.6,26.07,8.5485,7.7275
1994-10-26,,,,,,801.1,26.09,8.5485,7.7275
1994-10-27,,,,,,800.7,26.08,8.5473,7.7275
1994-10-28,,,,,,800.4,26.06,8.5466,7.7277
1994-10-31,,,,,,800.0,26.05,8.546,7.7275
1994-11-01,,,,,119.8,800.2,26.02,8.5454,7.7277
1994-11-02,,,,,,800.3,26.03,8.5454,7.7277
1994-11-03,,,,,,800.5,26.04,8.5438,7.7295
1994-11-04,,,,,,800.4,26.05,8.5438,7.7303
1994-11-07,,,,,,800.3,26.06,8.5438,7.7287
1994-11-08,,,,,,800.1,26.07,8.5438,7.729
1994-11-09,,,,,,800.9,26.07,8.54,7.7288
1994-11-10,,,,,,800.1,26.11,8.539,7.7288
1994-11-11,,,,,,,,,
1994-11-14,,,,,,800.2,26.2,8.5374,7.7292
1994-11-15,,,,,,800.1,26.21,8.5374,7.7288
1994-11-16,,,,,,799.7,26.29,8.5353,7.7295
1994-11-17,,,,,,799.4,26.23,8.534,7.7325
1994-11-18,,,,,,799.3,26.31,8.5336,7.7317
1994-11-21,,,,,,799.1,26.39,8.5336,7.7322
1994-11-22,,,,,,798.8,26.37,8.5326,7.7317
1994-11-23,,,,,,798.5,26.28,8.5326,7.7325
1994-11-24,,,,,,,,,
1994-11-25,,,,,,798.3,26.22,8.5305,7.7322
1994-11-28,,,,,,798.0,26.29,8.5301,7.7325
1994-11-29,,,,,,797.5,26.25,8.5293,7.7334
1994-11-30,,,,,,797.4,26.27,8.529,7.7344
1994-12-01,,,,,120.2,797.6,26.3,8.5284,7.7345
1994-12-02,,,,,,797.1,26.35,8.5279,7.737
1994-12-05,,,,,,795.3,26.32,8.5274,7.7363
1994-12-06,,,,,,794.9,26.32,8.527,7.7345
1994-12-07,,,,,,794.4,26.3,8.5241,7.7353
1994-12-08,,,,,,794.2,26.33,8.5225,7.7364
1994-12-09,,,,,,794.4,26.37,8.5192,7.7395
1994-12-12,,,,,,794.7,26.42,8.516,7.7394
1994-12-13,,,,,,795.8,26.4,8.513,7.74
1994-12-14,,,,,,795.8,26.42,8.5101,7.7405
1994-12-15,,,,,,796.0,26.36,8.5074,7.7378
1994-12-16,,,,,,796.3,26.41,8.5035,7.7385
1994-12-19,,,,,,790.6,26.45,8.5001,7.7377
1994-12-20,,,,,,796.2,26.43,8.4954,7.739
1994-12-21,,,,,,795.2,26.4,8.492,7.7375
1994-12-22,,,,,,794.6,26.42,8.4877,7.7375
1994-12-23,,,,,,794.3,26.42,8.4826,7.7385
1994-12-26,,,,,,,,,
1994-12-27,,,,,,794.2,26.45,8.4788,7.739
1994-12-28,,,,,,793.6,26.45,8.4718,7.7399
1994-12-29,,,,,,793.2,26.39,8.4691,7.7386
1994-12-30,,,,,,792.7,26.29,8.4662,7.7375
1995-01-01,,,,,120.2,,,,
1995-01-02,,,,,,,,,
1995-01-03,,,,,,791.8,26.23,8.4647,7.7385
1995-01-04,,,,,,791.6,26.24,8.4647,7.7413
1995-01-05,,,,,,792.4,26.35,8.463,7.7452
1995-01-06,,,,,,792.7,26.28,8.4626,7.7615
1995-01-09,,,,,,793.4,26.37,8.4622,7.7575
1995-01-10,,,,,,794.1,26.32,8.4617,7.762
1995-01-11,,,,,,794.3,26.33,8.4615,7.7665
1995-01-12,,,,,,793.3,26.3,8.4612,7.756
1995-01-13,,,,,,793.1,26.32,8.4611,7.755
1995-01-16,,,,,,,,,
1995-01-17,,,,,,795.8,26.32,8.4607,7.7466
1995-01-18,,,,,,795.1,26.3,8.4605,7.738
1995-01-19,,,,,,795.6,26.3,8.4602,7.74
1995-01-20,,,,,,795.5,26.29,8.46,7.7335
1995-01-23,,,,,,795.6,26.31,8.4597,7.7343
1995-01-24,,,,,,795.4,26.28,8.4594,7.733
1995-01-25,,,,,,793.2,26.27,8.459,7.733
1995-01-26,,,,,,790.5,26.27,8.4587,7.7312
1995-01-27,,,,,,788.4,26.29,8.4584,7.7328
1995-01-30,,,,,,789.9,26.31,8.4584,7.7358
1995-01-31,,,,,,789.8,26.31,8.4584,7.7355
1995-02-01,,,,,120.6,789.8,26.31,8.4585,7.734
1995-02-02,,,,,,789.8,26.29,8.4584,7.7325
1995-02-03,,,,,,792.0,26.3,8.4584,7.7327
1995-02-06,,,,,,794.7,26.29,8.458,7.7306
1995-02-07,,,,,,795.2,26.29,8.4575,7.7304
1995-02-08,,,,,,793.0,26.31,8.457,7.7312
1995-02-09,,,,,,793.4,26.29,8.4564,7.731
1995-02-10,,,,,,793.9,26.33,8.456,7.7324
1995-02-13,,,,,,796.6,26.37,8.4555,7.7312
1995-02-14,,,,,,796.3,26.38,8.4552,7.7309
1995-02-15,,,,,,794.1,26.38,8.4551,7.7317
1995-02-16,,,,,,794.4,26.37,8.4552,7.731
1995-02-17,,,,,,797.5,26.38,8.4552,7.7305
1995-02-20,,,,,,,,,
1995-02-21,,,,,,795.9,26.36,8.4537,7.7305
1995-02-22,,,,,,791.8,26.36,8.4529,7.7305
1995-02-23,,,,,,791.8,26.36,8.4524,7.7315
1995-02-24,,,,,,791.2,26.37,8.452,7.7313
1995-02-27,,,,,,790.2,26.34,8.4516,7.7315
1995-02-28,,,,,,789.1,26.36,8.4511,7.7316
1995-03-01,,,,,120.9,789.1,26.38,8.4508,7.7317
1995-03-02,,,,,,791.0,26.37,8.4599,7.732
1995-03-03,,,,,,792.6,26.34,8.4594,7.7327
1995-03-06,,,,,,793.9,26.25,8.4482,7.7315
1995-03-07,,,,,,790.8,26.23,8.4473,7.731
1995-03-08,,,,,,788.8,26.0,8.4465,7.7305
1995-03-09,,,,,,788.2,26.09,8.4459,7.7305
1995-03-10,,,,,,787.0,26.11,8.4461,7.732
1995-03-13,,,,,,786.4,26.12,8.4464,7.731
1995-03-14,,,,,,783.0,26.11,8.4465,7.732
1995-03-15,,,,,,783.8,26.1,8.4474,7.732
1995-03-16,,,,,,782.3,26.06,8.448,7.7315
1995-03-17,,,,,,781.8,26.02,8.4473,7.731
1995-03-20,,,,,,778.8,25.97,8.447,7.731
1995-03-21,,,,,,777.5,26.01,8.4462,7.7315
1995-03-22,,,,,,775.9,26.03,8.4468,7.7315
1995-03-23,,,,,,771.4,26.01,8.4472,7.7323
1995-03-24,,,,,,769.5,26.01,8.4476,7.7328
1995-03-27,,,,,,773.9,26.06,8.4477,7.7325
1995-03-28,,,,,,772.7,26.04,8.4477,7.733
1995-03-29,,,,,,774.2,26.05,8.4475,7.733
1995-03-30,,,,,,774.6,25.99,8.4469,7.733
1995-03-31,,,,,,774.5,26.0,8.4464,7.7321
1995-04-01,,,,,120.7,,,,
1995-04-03,,,,,,774.4,25.94,8.446,7.7323
1995-04-04,,,,,,772.9,25.94,8.4457,7.7325
1995-04-05,,,,,,773.9,25.94,8.4456,7.732
1995-04-06,,,,,,774.1,25.9,8.4452,7.7325
1995-04-07,,,,,,775.0,25.68,8.4451,7.7325
1995-04-10,,,,,,772.8,25.17,8.4452,7.7325
1995-04-11,,,,,,770.8,25.3,8.445,7.733
1995-04-12,,,,,,771.8,25.4,8.4446,7.7327
1995-04-13,,,,,,772.6,25.35,8.4442,7.7335
1995-04-14,,,,,,773.4,25.36,8.4441,7.734
1995-04-17,,,,,,773.2,25.35,8.4438,7.7327
1995-04-18,,,,,,771.8,25.35,8.4436,7.7318
1995-04-19,,,,,,770.7,25.31,8.4434,7.731
1995-04-20,,,,,,769.3,25.37,8.4432,7.7315
1995-04-21,,,,,,768.7,25.41,8.443,7.733
1995-04-24,,,,,,767.4,25.4,8.4427,7.734
1995-04-25,,,,,,765.8,25.41,8.4405,7.737
1995-04-26,,,,,,764.9,25.41,8.4338,7.734
1995-04-27,,,,,,764.8,25.42,8.4302,7.7385
1995-04-28,,,,,,763.9,25.41,8.4274,7.741
1995-05-01,,,,,121.0,764.8,25.4,8.4274,7.738
1995-05-02,,,,,,764.8,25.4,8.4152,7.734
1995-05-03,,,,,,765.1,25.4,8.3994,7.737
1995-05-04,,,,,,765.3,25.41,8.3848,7.735
1995-05-05,,,,,,765.3,25.41,8.3642,7.7346
1995-05-08,,,,,,765.5,25.41,8.3547,7.734
1995-05-09,,,,,,763.6,25.41,8.3447,7.734
1995-05-10,,,,,,762.9,25.41,8.3253,7.7345
1995-05-11,,,,,,763.3,25.41,8.315,7.734
1995-05-12,,,,,,764.1,25.41,8.3028,7.735
1995-05-15,,,,,,766.3,25.5,8.2916,7.7329
1995-05-16,,,,,,766.2,25.58,8.2982,7.7345
1995-05-17,,,,,,765.5,25.59,8.3063,7.7347
1995-05-18,,,,,,764.9,25.65,8.3107,7.7362
1995-05-19,,,,,,764.5,25.65,8.3132,7.7357
1995-05-22,,,,,,763.7,25.78,8.3159,7.7365
1995-05-23,,,,,,764.3,25.83,8.3188,7.735
1995-05-24,,,,,,764.8,25.84,8.3222,7.7348
1995-05-25,,,,,,763.3,25.77,8.3241,7.7355
1995-05-26,,,,,,763.1,25.4,8.3263,7.735
1995-05-29,,,,,,,,,
1995-05-30,,,,,,763.1,25.58,8.3277,7.7355
1995-05-31,,,,,,763.1,25.58,8.3255,7.7358
1995-06-01,,,,,121.3,762.0,25.7,8.3236,7.7355
1995-06-02,,,,,,761.8,25.71,8.3218,7.734
1995-06-05,,,,,,763.8,25.67,8.3198,7.7345
1995-06-06,,,,,,763.8,25.74,8.3204,7.735
1995-06-07,,,,,,764.9,25.69,8.3183,7.7345
1995-06-08,,,,,,764.0,25.69,8.3166,7.7345
1995-06-09,,,,,,763.5,25.69,8.32,7.7345
1995-06-12,,,,,,767.3,25.73,8.3208,7.734
1995-06-13,,,,,,766.9,25.75,8.3203,7.734
1995-06-14,,,,,,765.1,25.8,8.32,7.736
1995-06-15,,,,,,766.2,25.78,8.3219,7.736
1995-06-16,,,,,,765.4,25.79,8.3204,7.7355
1995-06-19,,,,,,764.3,25.88,8.3202,7.7353
1995-06-20,,,,,,763.8,25.91,8.32,7.7357
1995-06-21,,,,,,763.5,25.88,8.3209,7.735
1995-06-22,,,,,,763.5,25.84,8.3218,7.7355
1995-06-23,,,,,,763.6,25.79,8.3215,7.7358
1995-06-26,,,,,,763.3,25.84,8.3213,7.736
1995-06-27,,,,,,763.3,25.87,8.3207,7.7365
1995-06-28,,,,,,762.7,25.85,8.3207,7.738
1995-06-29,,,,,,761.6,25.82,8.321,7.7387
1995-06-30,,,,,,761.1,25.83,8.3211,7.738
1995-07-01,,,,,121.5,,,,
1995-07-03,,,,,,761.0,25.9,8.3207,7.7385
1995-07-04,,,,,,,,,
1995-07-05,,,,,,760.1,25.88,8.3201,7.7392
1995-07-06,,,,,,759.1,25.88,8.32,7.74
1995-07-07,,,,,,759.0,25.93,8.32,7.74
1995-07-10,,,,,,760.2,26.21,8.3223,7.7404
1995-07-11,,,,,,760.6,26.17,8.322,7.741
1995-07-12,,,,,,760.7,26.18,8.3217,7.742
1995-07-13,,,,,,760.3,26.21,8.3214,7.7375
1995-07-14,,,,,,760.1,26.18,8.3211,7.738
1995-07-17,,,,,,762.1,26.3,8.3209,7.7385
1995-07-18,,,,,,762.1,26.4,8.3213,7.737
1995-07-19,,,,,,761.2,26.39,8.3211,7.7375
1995-07-20,,,,,,759.9,26.38,8.3204,7.736
1995-07-21,,,,,,759.5,26.42,8.3202,7.7375
1995-07-24,,,,,,759.1,26.5,8.3204,7.7365
1995-07-25,,,,,,759.2,26.59,8.3203,7.7375
1995-07-26,,,,,,759.1,26.7,8.3202,7.7378
1995-07-27,,,,,,759.1,26.44,8.3202,7.7375
1995-07-28,,,,,,759.0,26.42,8.3203,7.7387
1995-07-31,,,,,,759.5,26.48,8.3203,7.7382
1995-08-01,,,,,121.4,760.1,26.64,8.32,7.7383
1995-08-02,,,,,,760.2,26.68,8.3202,7.7382
1995-08-03,,,,,,760.5,26.8,8.3202,7.738
1995-08-04,,,,,,758.5,26.6,8.3,7.7398
1995-08-07,,,,,,762.0,26.94,8.32,7.7385
1995-08-08,,,,,,761.6,26.92,8.3214,7.7385
1995-08-09,,,,,,761.2,26.95,8.3216,7.7395
1995-08-10,,,,,,761.0,26.97,8.3223,7.7429
1995-08-11,,,,,,761.3,27.4,8.3225,7.74
1995-08-14,,,,,,763.1,27.32,8.3238,7.7415
1995-08-15,,,,,,763.1,27.29,8.3257,7.742
1995-08-16,,,,,,765.0,27.5,8.3294,7.7425
1995-08-17,,,,,,773.2,27.47,8.3206,7.7441
1995-08-18,,,,,,766.6,27.45,8.3217,7.7445
1995-08-21,,,,,,777.7,27.46,8.3322,7.743
1995-08-22,,,,,,776.3,27.5,8.3325,7.743
1995-08-23,,,,,,776.9,27.49,8.3333,7.7445
1995-08-24,,,,,,777.5,27.47,8.3348,7.7459
1995-08-25,,,,,,777.0,27.48,8.3353,7.7435
1995-08-28,,,,,,774.3,27.5,8.3365,7.7427
1995-08-29,,,,,,774.8,27.55,8.3282,7.7428
1995-08-30,,,,,,765.4,27.5,8.3293,7.7423
1995-08-31,,,,,,773.4,27.5,8.3298,7.7414
1995-09-01,,,,,121.5,773.2,27.5,8.3292,7.7408
1995-09-04,,,,,,,,,
1995-09-05,,,,,,769.9,27.49,8.3381,7.7415
1995-09-06,,,,,,770.9,27.5,8.3378,7.7425
1995-09-07,,,,,,771.0,27.5,8.3375,7.741
1995-09-08,,,,,,771.0,27.5,8.3375,7.7417
1995-09-11,,,,,,771.8,27.49,8.3377,7.7386
1995-09-12,,,,,,773.8,27.5,8.338,7.7385
1995-09-13,,,,,,775.8,27.5,8.3384,7.737
1995-09-14,,,,,,775.1,27.5,8.339,7.7385
1995-09-15,,,,,,776.3,27.5,8.3394,7.737
1995-09-18,,,,,,777.2,27.5,8.3397,7.737
1995-09-19,,,,,,775.8,27.5,8.3329,7.737
1995-09-20,,,,,,775.0,27.48,8.3398,7.738
1995-09-21,,,,,,770.2,27.46,8.3294,7.7353
1995-09-22,,,,,,770.4,27.46,8.3394,7.7305
1995-09-25,,,,,,769.3,27.37,8.3394,7.7315
1995-09-26,,,,,,768.9,27.34,8.3392,7.7315
1995-09-27,,,,,,768.4,27.24,8.339,7.7323
1995-09-28,,,,,,768.5,27.24,8.3389,7.733
1995-09-29,,,,,,768.3,27.07,8.3385,7.732
1995-10-01,,,,,121.3,,,,
1995-10-02,,,,,,768.4,26.9,8.3385,7.7323
1995-10-03,,,,,,768.4,26.76,8.3385,7.7305
1995-10-04,,,,,,767.3,26.86,8.3385,7.732
1995-10-05,,,,,,769.4,26.81,8.338,7.7315
1995-10-06,,,,,,768.7,26.91,8.3374,7.7323
1995-10-09,,,,,,,,,
1995-10-10,,,,,,769.3,26.9,8.3358,7.731
1995-10-11,,,,,,768.0,26.91,8.335,7.732
1995-10-12,,,,,,768.3,26.91,8.3344,7.7317
1995-10-13,,,,,,768.5,26.9,8.3342,7.731
1995-10-16,,,,,,768.4,26.93,8.3348,7.7315
1995-10-17,,,,,,767.4,26.97,8.3348,7.731
1995-10-18,,,,,,766.6,26.96,8.3341,7.7317
1995-10-19,,,,,,766.3,27.0,8.3342,7.7325
1995-10-20,,,,,,767.0,26.99,8.3344,7.7322
1995-10-23,,,,,,765.5,26.95,8.3339,7.7315
1995-10-24,,,,,,765.8,26.93,8.3336,7.7325
1995-10-25,,,,,,765.4,26.93,8.3337,7.7329
1995-10-26,,,,,,765.8,26.96,8.3343,7.7325
1995-10-27,,,,,,766.0,26.96,8.3344,7.73
1995-10-30,,,,,,765.4,27.0,8.3349,7.732
1995-10-31,,,,,,765.2,26.99,8.3349,7.7319
1995-11-01,,,,,121.2,766.1,27.09,8.3346,7.7322
1995-11-02,,,,,,770.0,27.19,8.3348,7.7322
1995-11-03,,,,,,771.7,27.24,8.3347,7.733
1995-11-06,,,,,,771.7,27.21,8.3347,7.732
1995-11-07,,,,,,772.0,27.22,8.3349,7.733
1995-11-08,,,,,,770.3,27.22,8.3348,7.734
1995-11-09,,,,,,769.5,27.22,8.3346,7.734
1995-11-10,,,,,,769.2,27.19,8.334,7.733
1995-11-13,,,,,,768.8,27.2,8.3339,7.7335
1995-11-14,,,,,,769.8,27.26,8.3336,7.7345
1995-11-15,,,,,,768.6,27.24,8.3331,7.7335
1995-11-16,,,,,,768.8,27.26,8.3335,7.7348
1995-11-17,,,,,,770.1,27.27,8.3332,7.7335
1995-11-20,,,,,,774.2,27.34,8.333,7.7335
1995-11-21,,,,,,769.2,27.32,8.3329,7.733
1995-11-22,,,,,,768.6,27.34,8.3328,7.7345
1995-11-23,,,,,,,,,
1995-11-24,,,,,,768.9,27.31,8.3322,7.7352
1995-11-27,,,,,,769.0,27.31,8.3322,7.7355
1995-11-28,,,,,,768.9,27.32,8.3316,7.7357
1995-11-29,,,,,,769.3,27.32,8.3316,7.7351
1995-11-30,,,,,,770.7,27.32,8.3316,7.735
1995-12-01,,,,,120.8,770.0,27.36,8.3327,7.7365
1995-12-04,,,,,,769.4,27.31,8.3331,7.7355
1995-12-05,,,,,,769.8,27.29,8.3332,7.736
1995-12-06,,,,,,769.7,27.3,8.3333,7.7355
1995-12-07,,,,,,769.8,27.3,8.3335,7.7345
1995-12-08,,,,,,769.7,27.3,8.3338,7.7346
1995-12-11,,,,,,769.4,27.31,8.32,7.7345
1995-12-12,,,,,,770.7,27.31,8.3348,7.7345
1995-12-13,,,,,,769.7,27.32,8.3346,7.7353
1995-12-14,,,,,,771.1,27.32,8.3354,7.7353
1995-12-15,,,,,,771.7,27.33,8.3371,7.7345
1995-12-18,,,,,,771.8,27.35,8.338,7.735
1995-12-19,,,,,,771.5,27.34,8.3376,7.7345
1995-12-20,,,,,,771.7,27.34,8.3374,7.735
1995-12-21,,,,,,772.5,27.34,8.3373,7.7332
1995-12-22,,,,,,772.7,27.29,8.3374,7.7345
1995-12-25,,,,,,,,,
1995-12-26,,,,,,772.8,27.3,8.3379,7.734
1995-12-27,,,,,,772.5,27.3,8.3379,7.734
1995-12-28,,,,,,773.8,27.29,8.3379,7.7317
1995-12-29,,,,,,775.8,27.29,8.3374,7.7323
1996-01-01,,,,,120.6,,,,
1996-01-02,,,,,,775.8,27.27,8.338,7.734
1996-01-03,,,,,,778.5,27.27,8.3391,7.7345
1996-01-04,,,,,,787.3,27.33,8.3403,7.7345
1996-01-05,,,,,,788.3,27.32,8.3404,7.7343
1996-01-08,,,,,,788.3,27.38,8.3415,7.734
1996-01-09,,,,,,787.2,27.39,8.3414,7.7335
1996-01-10,,,,,,787.9,27.39,8.3408,7.733
1996-01-11,,,,,,792.2,27.41,8.3404,7.7335
1996-01-12,,,,,,790.6,27.38,8.3404,7.7325
1996-01-15,,,,,,,,,
1996-01-16,,,,,,792.7,27.4,8.3404,7.7325
1996-01-17,,,,,,791.7,27.43,8.3402,7.7322
1996-01-18,,,,,,789.7,27.42,8.3391,7.7313
1996-01-19,,,,,,790.0,27.43,8.3378,7.7315
1996-01-22,,,,,,789.4,27.44,8.3374,7.732
1996-01-23,,,,,,787.6,27.44,8.337,7.7315
1996-01-24,,,,,,787.3,27.46,8.3363,7.7324
1996-01-25,,,,,,786.2,27.46,8.3367,7.7325
1996-01-26,,,,,,785.6,27.46,8.3357,7.732
1996-01-29,,,,,,783.3,27.49,8.335,7.7335
1996-01-30,,,,,,784.9,27.48,8.3347,7.7327
1996-01-31,,,,,,785.3,27.47,8.3338,7.7325
1996-02-01,,,,,120.7,784.8,27.49,8.3332,7.732
1996-02-02,,,,,,781.5,27.48,8.3327,7.7318
1996-02-05,,,,,,778.2,27.47,8.3331,7.731
1996-02-06,,,,,,777.6,27.48,8.332,7.7313
1996-02-07,,,,,,781.7,27.48,8.3311,7.7315
1996-02-08,,,,,,780.8,27.48,8.33,7.7318
1996-02-09,,,,,,780.5,27.48,8.3294,7.732
1996-02-12,,,,,,778.6,27.47,8.3292,7.7325
1996-02-13,,,,,,779.1,27.48,8.3304,7.7328
1996-02-14,,,,,,778.5,27.46,8.33,7.733
1996-02-15,,,,,,778.0,27.47,8.3312,7.7325
1996-02-16,,,,,,779.9,27.49,8.3336,7.7342
1996-02-19,,,,,,,,,
1996-02-20,,,,,,779.9,27.49,8.3352,7.7335
1996-02-21,,,,,,779.4,27.49,8.3352,7.734
1996-02-22,,,,,,778.9,27.49,8.3352,7.7332
1996-02-23,,,,,,780.3,27.49,8.3352,7.7325
1996-02-26,,,,,,780.0,27.5,8.3369,7.7322
1996-02-27,,,,,,779.3,27.5,8.3396,7.7315
1996-02-28,,,,,,782.5,27.5,8.3407,7.7315
1996-02-29,,,,,,782.8,27.5,8.3411,7.7315
1996-03-01,,,,,120.6,782.8,27.5,8.3411,7.732
1996-03-04,,,,,,779.7,27.5,8.3408,7.7318
1996-03-05,,,,,,779.3,27.5,8.341,7.7325
1996-03-06,,,,,,777.7,27.5,8.3423,7.7334
1996-03-07,,,,,,778.3,27.5,8.3429,7.7335
1996-03-08,,,,,,777.5,27.5,8.3439,7.7325
1996-03-11,,,,,,780.8,27.5,8.3463,7.7332
1996-03-12,,,,,,780.6,27.5,8.3499,7.7317
1996-03-13,,,,,,780.3,27.5,8.3548,7.7327
1996-03-14,,,,,,780.7,27.5,8.3533,7.7324
1996-03-15,,,,,,780.7,27.47,8.3517,7.732
1996-03-18,,,,,,781.8,27.45,8.3527,7.7313
1996-03-19,,,,,,781.8,27.32,8.353,7.7317
1996-03-20,,,,,,782.3,27.2,8.352,7.732
1996-03-21,,,,,,784.4,27.27,8.352,7.732
1996-03-22,,,,,,786.7,27.3,8.353,7.732
1996-03-25,,,,,,782.1,27.31,8.3549,7.7323
1996-03-26,,,,,,782.8,27.25,8.3542,7.7325
1996-03-27,,,,,,782.3,27.28,8.3533,7.733
1996-03-28,,,,,,782.7,27.25,8.3535,7.7325
1996-03-29,,,,,,782.3,27.3,8.3538,7.7348
1996-04-01,,,,,119.9,781.7,27.24,8.3539,7.734
1996-04-02,,,,,,780.3,27.24,8.3539,7.7335
1996-04-03,,,,,,780.3,27.24,8.3538,7.7343
1996-04-04,,,,,,780.1,27.24,8.3525,7.733
1996-04-05,,,,,,780.1,27.19,8.3511,7.7332
1996-04-08,,,,,,780.1,27.17,8.3512,7.7328
1996-04-09,,,,,,780.8,27.19,8.3515,7.733
1996-04-10,,,,,,782.2,27.18,8.3518,7.733
1996-04-11,,,,,,782.2,27.18,8.3524,7.7331
1996-04-12,,,,,,782.8,27.18,8.3522,7.7333
1996-04-15,,,,,,782.8,27.16,8.3521,7.735
1996-04-16,,,,,,781.9,27.16,8.3517,7.7345
1996-04-17,,,,,,781.7,27.16,8.3512,7.736
1996-04-18,,,,,,779.9,27.15,8.3509,7.735
1996-04-19,,,,,,779.1,27.15,8.3506,7.735
1996-04-22,,,,,,778.9,27.16,8.35,7.7363
1996-04-23,,,,,,779.2,27.18,8.3502,7.7365
1996-04-24,,,,,,778.9,27.22,8.3501,7.736
1996-04-25,,,,,,779.6,27.2,8.3501,7.7355
1996-04-26,,,,,,779.1,27.2,8.35,7.7345
1996-04-29,,,,,,779.2,27.17,8.3506,7.7354
1996-04-30,,,,,,778.3,27.17,8.3501,7.736
1996-05-01,,,,,119.8,778.3,27.17,8.3501,7.7365
1996-05-02,,,,,,778.6,27.17,8.3501,7.7355
1996-05-03,,,,,,778.3,27.17,8.35,7.7354
1996-05-06,,,,,,778.3,27.18,8.35,7.737
1996-05-07,,,,,,778.3,27.17,8.35,7.736
1996-05-08,,,,,,778.4,27.17,8.35,7.7365
1996-05-09,,,,,,778.5,27.18,8.3501,7.736
1996-05-10,,,,,,778.5,27.18,8.3502,7.7355
1996-05-13,,,,,,778.3,27.18,8.3502,7.7358
1996-05-14,,,,,,778.2,27.2,8.35,7.7367
1996-05-15,,,,,,778.4,27.21,8.3501,7.7373
1996-05-16,,,,,,779.3,27.22,8.35,7.7368
1996-05-17,,,,,,780.2,27.24,8.3493,7.7355
1996-05-20,,,,,,781.0,27.32,8.3484,7.7355
1996-05-21,,,,,,780.1,27.33,8.3473,7.7356
1996-05-22,,,,,,781.6,27.34,8.3472,7.735
1996-05-23,,,,,,781.6,27.3,8.3467,7.7355
1996-05-24,,,,,,781.6,27.95,8.3467,7.7358
1996-05-27,,,,,,,,,
1996-05-28,,,,,,786.8,27.91,8.3448,7.737
1996-05-29,,,,,,788.3,27.79,8.33,7.739
1996-05-30,,,,,,788.3,27.68,8.3463,7.737
1996-05-31,,,,,,788.0,27.68,8.3455,7.737
1996-06-01,,,,,119.6,,,,
1996-06-03,,,,,,785.8,27.69,8.3454,7.7377
1996-06-04,,,,,,786.6,27.76,8.3449,7.737
1996-06-05,,,,,,787.0,27.77,8.3439,7.738
1996-06-06,,,,,,787.0,27.68,8.3434,7.7385
1996-06-07,,,,,,787.6,27.73,8.3437,7.7405
1996-06-10,,,,,,790.8,27.74,8.3434,7.74
1996-06-11,,,,,,792.5,27.75,8.3435,7.7403
1996-06-12,,,,,,794.9,27.74,8.3429,7.742
1996-06-13,,,,,,797.8,27.66,8.3421,7.7424
1996-06-14,,,,,,796.4,27.61,8.3417,7.744
1996-06-17,,,,,,798.9,27.67,8.3422,7.743
1996-06-18,,,,,,798.4,27.65,8.3424,7.7415
1996-06-19,,,,,,799.2,27.65,8.3418,7.7413
1996-06-20,,,,,,807.0,27.65,8.3412,7.7408
1996-06-21,,,,,,807.3,27.62,8.3403,7.7409
1996-06-24,,,,,,811.6,27.63,8.3401,7.7393
1996-06-25,,,,,,811.0,27.69,8.3406,7.739
1996-06-26,,,,,,808.8,27.64,8.3406,7.7385
1996-06-27,,,,,,809.0,27.6,8.341,7.7415
1996-06-28,,,,,,811.4,27.55,8.3421,7.741
1996-07-01,,,,,119.0,809.9,27.54,8.3417,7.7408
1996-07-02,,,,,,812.8,27.51,8.3411,7.741
1996-07-03,,,,,,806.0,27.58,8.3401,7.7406
1996-07-04,,,,,,,,,
1996-07-05,,,,,,813.7,27.57,8.34,7.741
1996-07-08,,,,,,814.2,27.68,8.3387,7.7411
1996-07-09,,,,,,810.3,27.55,8.3372,7.74
1996-07-10,,,,,,811.2,27.6,8.3361,7.7407
1996-07-11,,,,,,812.6,27.61,8.336,7.7392
1996-07-12,,,,,,814.0,27.56,8.3359,7.7397
1996-07-15,,,,,,813.7,27.65,8.3365,7.7395
1996-07-16,,,,,,813.5,27.57,8.3451,7.737
1996-07-17,,,,,,813.5,27.58,8.3452,7.738
1996-07-18,,,,,,814.4,27.59,8.3447,7.7375
1996-07-19,,,,,,814.1,27.56,8.3452,7.7378
1996-07-22,,,,,,814.0,27.56,8.344,7.7352
1996-07-23,,,,,,813.3,27.57,8.3432,7.7351
1996-07-24,,,,,,814.3,27.56,8.343,7.7335
1996-07-25,,,,,,813.4,27.51,8.3427,7.7335
1996-07-26,,,,,,814.3,27.65,8.3414,7.7335
1996-07-29,,,,,,817.0,27.55,8.3411,7.7407
1996-07-30,,,,,,813.5,27.52,8.3409,7.7335
1996-07-31,,,,,,813.0,27.53,8.3407,7.734
1996-08-01,,,,,118.5,813.2,27.52,8.3405,7.7348
1996-08-02,,,,,,813.8,27.51,8.3404,7.7365
1996-08-05,,,,,,814.5,27.5,8.34,7.7359
1996-08-06,,,,,,814.3,27.48,8.3398,7.739
1996-08-07,,,,,,814.3,27.49,8.3395,7.735
1996-08-08,,,,,,814.3,27.51,8.3395,7.7358
1996-08-09,,,,,,814.5,27.47,8.339,7.7373
1996-08-12,,,,,,814.8,27.5,8.3386,7.7365
1996-08-13,,,,,,817.0,27.51,8.338,7.7335
1996-08-14,,,,,,821.4,27.49,8.3374,7.7338
1996-08-15,,,,,,821.4,27.49,8.3372,7.7342
1996-08-16,,,,,,820.1,27.49,8.3369,7.734
1996-08-19,,,,,,819.5,27.49,8.3366,7.734
1996-08-20,,,,,,819.9,27.53,8.3365,7.7345
1996-08-21,,,,,,818.9,27.51,8.3371,7.735
1996-08-22,,,,,,819.3,27.51,8.3369,7.7345
1996-08-23,,,,,,818.4,27.5,8.3371,7.7325
1996-08-26,,,,,,818.2,27.48,8.3371,7.733
1996-08-27,,,,,,819.1,27.48,8.3369,7.7325
1996-08-28,,,,,,819.5,27.5,8.3366,7.7323
1996-08-29,,,,,,819.8,27.49,8.3364,7.7322
1996-08-30,,,,,,819.3,27.47,8.3363,7.733
1996-09-01,,,,,118.1,,,,
1996-09-02,,,,,,,,,
1996-09-03,,,,,,818.9,27.52,8.336,7.7332
1996-09-04,,,,,,818.8,27.5,8.3361,7.733
1996-09-05,,,,,,818.3,27.5,8.3359,7.7335
1996-09-06,,,,,,819.2,27.5,8.3357,7.732
1996-09-09,,,,,,819.6,27.49,8.3355,7.7323
1996-09-10,,,,,,822.8,27.5,8.3354,7.7325
1996-09-11,,,,,,821.6,27.5,8.3353,7.7323
1996-09-12,,,,,,823.2,27.5,8.3352,7.7325
1996-09-13,,,,,,821.0,27.5,8.335,7.7321
1996-09-16,,,,,,829.0,27.5,8.3345,7.7325
1996-09-17,,,,,,829.2,27.51,8.3343,7.733
1996-09-18,,,,,,828.5,27.5,8.3341,7.733
1996-09-19,,,,,,824.3,27.51,8.3336,7.7325
1996-09-20,,,,,,820.2,27.51,8.333,7.7328
1996-09-23,,,,,,821.3,27.51,8.3324,7.733
1996-09-24,,,,,,821.4,27.5,8.3322,7.7325
1996-09-25,,,,,,821.4,27.48,8.3325,7.7323
1996-09-26,,,,,,821.4,27.49,8.3321,7.733
1996-09-27,,,,,,821.4,27.49,8.3317,7.7343
1996-09-30,,,,,,826.5,27.49,8.3317,7.7332
1996-10-01,,,,,118.4,821.0,27.49,8.3317,7.732
1996-10-02,,,,,,821.7,27.5,8.3317,7.7325
1996-10-03,,,,,,821.7,27.5,8.3315,7.7324
1996-10-04,,,,,,824.8,27.5,8.3307,7.7322
1996-10-07,,,,,,828.1,27.5,8.3307,7.7321
1996-10-08,,,,,,829.1,27.51,8.3315,7.732
1996-10-09,,,,,,829.5,27.51,8.3305,7.732
1996-10-10,,,,,,833.9,27.51,8.3299,7.732
1996-10-11,,,,,,829.1,27.49,8.3293,7.733
1996-10-14,,,,,,,,,
1996-10-15,,,,,,829.5,27.5,8.3281,7.732
1996-10-16,,,,,,828.2,27.51,8.3275,7.732
1996-10-17,,,,,,826.7,27.5,8.327,7.7322
1996-10-18,,,,,,827.4,27.51,8.3278,7.7323
1996-10-21,,,,,,829.3,27.51,8.33,7.7323
1996-10-22,,,,,,827.7,27.57,8.33,7.732
1996-10-23,,,,,,827.0,27.63,8.33,7.732
1996-10-24,,,,,,827.5,27.58,8.33,7.7325
1996-10-25,,,,,,829.5,27.6,8.33,7.7323
1996-10-28,,,,,,833.0,27.6,8.33,7.732
1996-10-29,,,,,,834.5,27.57,8.33,7.732
1996-10-30,,,,,,833.5,27.56,8.33,7.7321
1996-10-31,,,,,,828.5,27.56,8.33,7.7323
1996-11-01,,,,,117.8,827.0,27.53,8.3285,7.7325
1996-11-04,,,,,,828.0,27.52,8.3279,7.732
1996-11-05,,,,,,828.0,27.52,8.3277,7.7323
1996-11-06,,,,,,830.0,27.55,8.3275,7.7325
1996-11-07,,,,,,833.1,27.52,8.3273,7.7325
1996-11-08,,,,,,833.5,27.54,8.327,7.7325
1996-11-11,,,,,,,,,
1996-11-12,,,,,,831.0,27.52,8.3267,7.7325
1996-11-13,,,,,,831.0,27.52,8.3281,7.7325
1996-11-14,,,,,,831.0,27.52,8.3294,7.7321
1996-11-15,,,,,,831.0,27.52,8.33,7.7323
1996-11-18,,,,,,830.0,27.52,8.3302,7.732
1996-11-19,,,,,,830.0,27.52,8.3302,7.7322
1996-11-20,,,,,,832.0,27.52,8.3301,7.7325
1996-11-21,,,,,,832.0,27.52,8.3311,7.732
1996-11-22,,,,,,830.0,27.52,8.3317,7.7325
1996-11-25,,,,,,830.0,27.52,8.3317,7.7325
1996-11-26,,,,,,832.0,27.52,8.3312,7.7322
1996-11-27,,,,,,832.0,27.52,8.331,7.7325
1996-11-28,,,,,,,,,
1996-11-29,,,,,,829.1,27.49,8.3312,7.7325
1996-12-01,,,,,117.3,,,,
1996-12-02,,,,,,832.0,27.5,8.3312,7.732
1996-12-03,,,,,,833.0,27.51,8.3311,7.7321
1996-12-04,,,,,,832.0,27.52,8.3313,7.733
1996-12-05,,,,,,832.5,27.52,8.3313,7.7322
1996-12-06,,,,,,833.5,27.52,8.3302,7.7321
1996-12-09,,,,,,837.0,27.52,8.3296,7.734
1996-12-10,,,,,,838.0,27.52,8.3294,7.733
1996-12-11,,,,,,842.0,27.52,8.3292,7.7343
1996-12-12,,,,,,849.0,27.52,8.3295,7.7356
1996-12-13,,,,,,848.0,27.52,8.329,7.7394
1996-12-16,,,,,,845.0,27.52,8.3286,7.736
1996-12-17,,,,,,845.0,27.52,8.3283,7.7373
1996-12-18,,,,,,844.0,27.51,8.3279,7.738
1996-12-19,,,,,,844.3,27.51,8.3275,7.7387
1996-12-20,,,,,,845.0,27.51,8.327,7.7373
1996-12-23,,,,,,845.0,27.5,8.3277,7.738
1996-12-24,,,,,,847.0,27.52,8.328,7.7375
1996-12-25,,,,,,,,,
1996-12-26,,,,,,846.5,27.52,8.3277,7.738
1996-12-27,,,,,,847.0,27.52,8.3282,7.7375
1996-12-30,,,,,,847.0,27.52,8.3282,7.7358
1996-12-31,,,,,,847.5,27.52,8.3284,7.7347
1997-01-01,,,,,116.8,,,,
1997-01-02,,,,,,857.5,27.52,8.3283,7.734
1997-01-03,,,,,,846.5,27.52,8.3283,7.735
1997-01-06,,,,,,845.5,27.52,8.328,7.7372
1997-01-07,,,,,,846.0,27.52,8.3276,7.739
1997-01-08,,,,,,846.5,27.52,8.3272,7.739
1997-01-09,,,,,,849.0,27.52,8.3268,7.737
1997-01-10,,,,,,848.5,27.52,8.3267,7.738
1997-01-13,,,,,,859.0,27.5,8.3266,7.7376
1997-01-14,,,,,,850.0,27.46,8.3264,7.7382
1997-01-15,,,,,,851.0,27.39,8.3262,7.739
1997-01-16,,,,,,851.0,27.34,8.3258,7.739
1997-01-17,,,,,,850.0,27.41,8.3256,7.7383
1997-01-20,,,,,,,,,
1997-01-21,,,,,,853.0,27.49,8.3255,7.7385
1997-01-22,,,,,,856.0,27.52,8.3254,7.7386
1997-01-23,,,,,,855.5,27.46,8.3254,7.7393
1997-01-24,,,,,,856.5,27.48,8.3251,7.7415
1997-01-27,,,,,,857.5,27.47,8.3248,7.7415
1997-01-28,,,,,,861.0,27.47,8.3244,7.7425
1997-01-29,,,,,,861.5,27.47,8.324,7.7425
1997-01-30,,,,,,867.0,27.46,8.3238,7.7488
1997-01-31,,,,,,867.0,27.45,8.3234,7.749
1997-02-01,,,,,116.6,,,,
1997-02-03,,,,,,869.0,27.46,8.3231,7.7495
1997-02-04,,,,,,871.0,27.46,8.3227,7.7498
1997-02-05,,,,,,872.0,27.52,8.3225,7.75
1997-02-06,,,,,,868.0,27.52,8.3216,7.7498
1997-02-07,,,,,,872.0,27.54,8.3216,7.7483
1997-02-10,,,,,,871.5,27.53,8.3216,7.746
1997-02-11,,,,,,871.5,27.56,8.3216,7.7455
1997-02-12,,,,,,871.5,27.56,8.32,7.746
1997-02-13,,,,,,877.5,27.56,8.3222,7.75
1997-02-14,,,,,,877.0,27.56,8.3225,7.75
1997-02-17,,,,,,,,,
1997-02-18,,,,,,873.0,27.67,8.3221,7.7503
1997-02-19,,,,,,862.5,27.6,8.3238,7.7466
1997-02-20,,,,,,857.0,27.64,8.3239,7.741
1997-02-21,,,,,,859.0,27.61,8.3241,7.755
1997-02-24,,,,,,867.0,27.57,8.3238,7.7456
1997-02-25,,,,,,864.0,27.57,8.32,7.7453
1997-02-26,,,,,,864.0,27.52,8.3248,7.7445
1997-02-27,,,,,,866.0,27.54,8.3248,7.744
1997-02-28,,,,,,866.0,27.54,8.3254,7.7437
1997-03-01,,,,,116.6,,,,
1997-03-03,,,,,,864.5,27.55,8.326,7.7445
1997-03-04,,,,,,866.5,27.54,8.3253,7.7445
1997-03-05,,,,,,870.0,27.54,8.325,7.741
1997-03-06,,,,,,871.5,27.53,8.3257,7.7435
1997-03-07,,,,,,871.5,27.52,8.3257,7.743
1997-03-10,,,,,,877.0,27.54,8.3253,7.743
1997-03-11,,,,,,880.5,27.54,8.3252,7.7432
1997-03-12,,,,,,879.5,27.56,8.3253,7.7435
1997-03-13,,,,,,880.5,27.55,8.3255,7.7439
1997-03-14,,,,,,881.5,27.55,8.3255,7.7455
1997-03-17,,,,,,882.0,27.54,8.3258,7.7455
1997-03-18,,,,,,885.0,27.54,8.3258,7.7476
1997-03-19,,,,,,887.0,27.54,8.3259,7.747
1997-03-20,,,,,,886.5,27.54,8.3259,7.746
1997-03-21,,,,,,887.0,27.56,8.3256,7.748
1997-03-24,,,,,,890.0,27.56,8.3256,7.748
1997-03-25,,,,,,891.0,27.59,8.3268,7.7492
1997-03-26,,,,,,892.0,27.6,8.3266,7.7507
1997-03-27,,,,,,896.0,27.56,8.3264,7.7493
1997-03-28,,,,,,897.5,27.56,8.3264,7.75
1997-03-31,,,,,,898.0,27.56,8.3255,7.7485
1997-04-01,,,,,116.7,898.0,27.56,8.3253,7.7475
1997-04-02,,,,,,897.0,27.56,8.3263,7.7457
1997-04-03,,,,,,897.0,27.57,8.3269,7.748
1997-04-04,,,,,,895.0,27.57,8.3268,7.749
1997-04-07,,,,,,896.0,27.57,8.3266,7.7476
1997-04-08,,,,,,896.0,27.6,8.3266,7.7495
1997-04-09,,,,,,896.0,27.62,8.3265,7.749
1997-04-10,,,,,,895.0,27.59,8.3265,7.7491
1997-04-11,,,,,,895.0,27.66,8.3269,7.7493
1997-04-14,,,,,,896.5,27.64,8.3265,7.7496
1997-04-15,,,,,,897.0,27.62,8.3261,7.7498
1997-04-16,,,,,,896.0,27.62,8.3256,7.7499
1997-04-17,,,,,,894.5,27.66,8.3251,7.7498
1997-04-18,,,,,,896.0,27.65,8.3251,7.749
1997-04-21,,,,,,895.0,27.65,8.3248,7.7476
1997-04-22,,,,,,895.0,27.66,8.3249,7.747
1997-04-23,,,,,,894.5,27.65,8.3246,7.748
1997-04-24,,,,,,895.0,27.67,8.3248,7.7475
1997-04-25,,,,,,894.5,27.65,8.3243,7.748
1997-04-28,,,,,,894.5,27.69,8.3249,7.7475
1997-04-29,,,,,,895.0,27.69,8.3249,7.7467
1997-04-30,,,,,,894.0,27.68,8.3245,7.7467
1997-05-01,,,,,116.1,895.0,27.68,8.3245,7.7475
1997-05-02,,,,,,895.0,27.69,8.3245,7.7475
1997-05-05,,,,,,895.0,27.75,8.3247,7.7475
1997-05-06,,,,,,897.0,27.76,8.3243,7.748
1997-05-07,,,,,,897.5,27.76,8.3238,7.7469
1997-05-08,,,,,,896.0,27.71,8.3234,7.7464
1997-05-09,,,,,,896.0,27.71,8.3231,7.7456
1997-05-12,,,,,,894.0,27.78,8.323,7.744
1997-05-13,,,,,,895.5,27.8,8.3228,7.7405
1997-05-14,,,,,,895.0,27.79,8.3225,7.738
1997-05-15,,,,,,894.0,27.81,8.3221,7.7385
1997-05-16,,,,,,894.0,27.76,8.3218,7.7385
1997-05-19,,,,,,894.0,27.78,8.3223,7.7395
1997-05-20,,,,,,893.5,27.78,8.3219,7.7392
1997-05-21,,,,,,893.5,27.83,8.3221,7.738
1997-05-22,,,,,,894.0,27.83,8.3223,7.7375
1997-05-23,,,,,,891.0,27.85,8.3223,7.7395
1997-05-26,,,,,,,,,
1997-05-27,,,,,,894.5,27.86,8.3216,7.741
1997-05-28,,,,,,895.0,27.9,8.3224,7.744
1997-05-29,,,,,,895.0,27.89,8.3224,7.7477
1997-05-30,,,,,,893.5,27.89,8.3221,7.749
1997-06-01,,,,,115.3,,,,
1997-06-02,,,,,,893.5,27.89,8.3217,7.745
1997-06-03,,,,,,893.5,27.9,8.3219,7.7445
1997-06-04,,,,,,893.5,27.92,8.3215,7.7445
1997-06-05,,,,,,893.0,27.92,8.3221,7.7485
1997-06-06,,,,,,893.0,27.92,8.3232,7.744
1997-06-09,,,,,,893.5,27.9,8.3223,7.7436
1997-06-10,,,,,,893.5,27.89,8.3222,7.743
1997-06-11,,,,,,893.0,27.9,8.3223,7.7425
1997-06-12,,,,,,892.0,27.9,8.3235,7.7435
1997-06-13,,,,,,890.0,27.91,8.323,7.7425
1997-06-16,,,,,,891.0,27.92,8.3231,7.7427
1997-06-17,,,,,,890.0,27.94,8.3228,7.7405
1997-06-18,,,,,,890.0,27.93,8.3225,7.7405
1997-06-19,,,,,,890.5,27.95,8.3215,7.742
1997-06-20,,,,,,890.0,27.95,8.3215,7.743
1997-06-23,,,,,,890.0,27.92,8.3216,7.7485
1997-06-24,,,,,,889.5,27.9,8.3214,7.745
1997-06-25,,,,,,890.0,27.88,8.321,7.745
1997-06-26,,,,,,890.0,27.86,8.321,7.7485
1997-06-27,,,,,,890.0,27.84,8.329,7.7495
1997-06-30,,,,,,890.0,27.82,8.3207,7.7475
1997-07-01,,,,,114.6,890.0,27.82,8.3208,7.7462
1997-07-02,,,,,,890.5,27.87,8.321,7.7472
1997-07-03,,,,,,889.0,27.89,8.3214,7.7445
1997-07-04,,,,,,,,,
1997-07-07,,,,,,889.0,27.92,8.3218,7.7428
1997-07-08,,,,,,890.0,27.94,8.3219,7.7436
1997-07-09,,,,,,890.0,27.95,8.322,7.743
1997-07-10,,,,,,891.0,27.87,8.3213,7.7425
1997-07-11,,,,,,892.0,27.87,8.3206,7.7462
1997-07-14,,,,,,893.5,27.94,8.321,7.7495
1997-07-15,,,,,,894.0,27.96,8.3216,7.7485
1997-07-16,,,,,,896.0,27.97,8.3219,7.7498
1997-07-17,,,,,,896.0,27.97,8.321,7.75
1997-07-18,,,,,,897.0,27.96,8.3215,7.7515
1997-07-21,,,,,,894.5,27.94,8.3211,7.747
1997-07-22,,,,,,896.5,27.96,8.3209,7.747
1997-07-23,,,,,,896.5,27.98,8.3209,7.747
1997-07-24,,,,,,895.0,27.97,8.3208,7.7385
1997-07-25,,,,,,894.0,27.98,8.3205,7.7405
1997-07-28,,,,,,893.5,28.0,8.3003,7.7411
1997-07-29,,,,,,894.0,28.25,8.2913,7.7438
1997-07-30,,,,,,894.0,28.8,8.2911,7.745
1997-07-31,,,,,,892.0,28.9,8.2913,7.743
1997-08-01,,,,,114.6,891.5,28.9,8.3203,7.743
1997-08-04,,,,,,891.0,28.75,8.3205,7.7433
1997-08-05,,,,,,893.0,28.75,8.3203,7.7405
1997-08-06,,,,,,895.5,28.75,8.32,7.742
1997-08-07,,,,,,895.5,28.8,8.3203,7.7415
1997-08-08,,,,,,896.5,28.85,8.3197,7.742
1997-08-11,,,,,,895.5,28.85,8.3196,7.743
1997-08-12,,,,,,896.5,28.95,8.3191,7.7447
1997-08-13,,,,,,897.0,28.85,8.3116,7.7442
1997-08-14,,,,,,897.0,28.85,8.3193,7.749
1997-08-15,,,,,,897.0,28.9,8.3119,7.7435
1997-08-18,,,,,,900.5,28.8,8.3185,7.7395
1997-08-19,,,,,,900.5,28.8,8.319,7.74
1997-08-20,,,,,,901.0,28.85,8.32,7.743
1997-08-21,,,,,,898.9,28.85,8.3191,7.7435
1997-08-22,,,,,,902.0,28.8,8.319,7.7445
1997-08-25,,,,,,907.0,28.8,8.319,7.743
1997-08-26,,,,,,902.0,28.8,8.319,7.7435
1997-08-27,,,,,,905.0,28.78,8.3192,7.745
1997-08-28,,,,,,905.0,28.8,8.3185,7.7467
1997-08-29,,,,,,905.0,28.82,8.3184,7.75
1997-09-01,,,,,113.8,,,,
1997-09-02,,,,,,905.6,28.9,8.3183,7.749
1997-09-03,,,,,,907.0,28.9,8.3189,7.7478
1997-09-04,,,,,,909.0,28.75,8.3191,7.7485
1997-09-05,,,,,,909.0,28.7,8.3184,7.7477
1997-09-08,,,,,,910.0,28.9,,7.7475
1997-09-09,,,,,,911.0,28.9,8.3181,7.7457
1997-09-10,,,,,,911.0,28.7,8.3187,7.7453
1997-09-11,,,,,,911.0,28.7,8.3189,7.746
1997-09-12,,,,,,911.0,28.7,8.3181,7.746
1997-09-15,,,,,,911.0,28.7,8.3181,7.7455
1997-09-16,,,,,,911.0,28.7,8.3171,7.7445
1997-09-17,,,,,,911.0,28.65,8.3175,7.7452
1997-09-18,,,,,,912.0,28.7,8.3173,7.7427
1997-09-19,,,,,,916.0,28.7,8.3164,7.7422
1997-09-22,,,,,,916.0,28.7,8.3159,7.742
1997-09-23,,,,,,916.0,28.66,8.3154,7.743
1997-09-24,,,,,,916.0,28.66,8.3151,7.7402
1997-09-25,,,,,,917.0,28.66,8.315,7.738
1997-09-26,,,,,,918.0,28.76,8.315,7.739
1997-09-29,,,,,,917.0,28.66,8.3152,7.7387
1997-09-30,,,,,,917.0,28.66,8.3149,7.7385
1997-10-01,,,,,113.5,915.0,28.66,8.3149,7.737
1997-10-02,,,,,,916.0,28.7,8.3149,7.738
1997-10-03,,,,,,916.0,28.68,8.3149,7.7383
1997-10-06,,,,,,916.0,28.65,8.3145,7.7365
1997-10-07,,,,,,917.0,28.55,8.3145,7.7365
1997-10-08,,,,,,918.0,28.58,8.31,7.7365
1997-10-09,,,,,,918.0,28.5,8.3141,7.736
1997-10-10,,,,,,918.0,28.57,8.3135,7.7365
1997-10-13,,,,,,,,,
1997-10-14,,,,,,914.2,28.53,8.3132,7.7377
1997-10-15,,,,,,917.0,28.54,8.3139,7.7385
1997-10-16,,,,,,918.0,28.56,8.3142,7.7395
1997-10-17,,,,,,918.0,29.75,8.3139,7.74
1997-10-20,,,,,,927.0,30.75,8.3135,7.748
1997-10-21,,,,,,930.0,30.8,8.3132,7.751
1997-10-22,,,,,,919.0,30.8,8.31,7.75
1997-10-23,,,,,,923.0,30.5,8.3136,7.7275
1997-10-24,,,,,,932.0,30.7,8.3133,7.734
1997-10-27,,,,,,945.0,30.8,8.3134,7.731
1997-10-28,,,,,,965.0,31.0,8.313,7.735
1997-10-29,,,,,,970.0,31.3,8.3132,7.731
1997-10-30,,,,,,965.0,31.2,8.3136,7.7305
1997-10-31,,,,,,970.0,31.2,8.3134,7.732
1997-11-01,,,,,112.2,,,,
1997-11-03,,,,,,976.0,31.4,8.3129,7.7345
1997-11-04,,,,,,965.0,30.85,8.3126,7.733
1997-11-05,,,,,,974.0,30.6,8.3122,7.7315
1997-11-06,,,,,,975.3,30.8,8.312,7.733
1997-11-07,,,,,,985.0,31.0,8.3117,7.731
1997-11-10,,,,,,999.0,31.05,8.3113,7.7305
1997-11-11,,,,,,,,,
1997-11-12,,,,,,995.0,31.2,8.3108,7.731
1997-11-13,,,,,,992.0,31.3,8.3105,7.732
1997-11-14,,,,,,992.0,31.5,8.3106,7.731
1997-11-17,,,,,,,31.8,8.3105,7.731
1997-11-18,,,,,,1020.0,32.0,8.3104,7.7305
1997-11-19,,,,,,1040.0,33.25,8.3103,7.7315
1997-11-20,,,,,,1139.0,33.0,8.3103,7.731
1997-11-21,,,,,,1060.0,32.4,8.3102,7.731
1997-11-24,,,,,,1085.0,32.5,8.3101,7.7305
1997-11-25,,,,,,1122.0,32.75,8.31,7.7305
1997-11-26,,,,,,1110.0,32.55,8.3101,7.7305
1997-11-27,,,,,,,,,
1997-11-28,,,,,,1169.5,32.35,8.3096,7.7304
1997-12-01,,,,,111.3,1188.0,32.45,8.3096,7.734
1997-12-02,,,,,,1228.0,32.45,8.3099,7.738
1997-12-03,,,,,,1199.0,32.5,8.3101,7.736
1997-12-04,,,,,,1163.0,32.2,8.31,7.7375
1997-12-05,,,,,,1233.0,32.45,8.31,7.7375
1997-12-08,,,,,,1342.4,32.15,8.31,7.7377
1997-12-09,,,,,,1465.7,32.15,8.31,7.7405
1997-12-10,,,,,,1565.9,32.55,8.31,7.7455
1997-12-11,,,,,,,32.9,8.3096,7.75
1997-12-12,,,,,,1710.0,32.75,8.3093,7.75
1997-12-15,,,,,,1563.9,32.15,8.31,7.75
1997-12-16,,,,,,1430.0,32.15,8.31,7.75
1997-12-17,,,,,,1485.0,32.6,8.31,7.749
1997-12-18,,,,,,1485.0,32.35,8.31,7.75
1997-12-19,,,,,,1580.0,32.35,8.31,7.75
1997-12-22,,,,,,1710.0,32.35,8.31,7.75
1997-12-23,,,,,,1960.0,32.7,8.31,7.7485
1997-12-24,,,,,,1835.0,32.7,8.31,7.75
1997-12-25,,,,,,,,,
1997-12-26,,,,,,1506.0,32.8,8.3093,7.7495
1997-12-29,,,,,,1450.0,32.8,8.31,7.75
1997-12-30,,,,,,1640.0,32.75,8.31,7.749
1997-12-31,,,,,,1695.0,32.8,8.31,7.7495
1998-01-01,,,,,110.1,,,,
1998-01-02,,,,,,1695.0,33.1,8.31,7.75
1998-01-05,,,,,,1790.0,33.6,8.31,7.75
1998-01-06,,,,,,1748.0,33.95,8.31,7.75
1998-01-07,,,,,,1753.0,34.5,8.3,7.736
1998-01-08,,,,,,1790.0,34.8,8.31,7.7485
1998-01-09,,,,,,1812.0,34.4,8.31,7.75
1998-01-12,,,,,,1739.0,34.7,8.31,7.744
1998-01-13,,,,,,1765.0,34.7,8.31,7.748
1998-01-14,,,,,,1670.0,34.3,8.31,7.7455
1998-01-15,,,,,,1608.0,34.15,8.31,7.739
1998-01-16,,,,,,1624.0,33.9,8.3089,7.738
1998-01-19,,,,,,,,,
1998-01-20,,,,,,1647.0,33.8,8.31,7.736
1998-01-21,,,,,,1725.0,33.49,8.31,7.736
1998-01-22,,,,,,1760.0,33.85,8.31,7.7395
1998-01-23,,,,,,1748.0,34.15,8.31,7.744
1998-01-26,,,,,,1682.0,34.1,8.31,7.7462
1998-01-27,,,,,,1682.0,34.2,8.31,7.7385
1998-01-28,,,,,,1690.0,34.2,8.31,7.737
1998-01-29,,,,,,1690.0,34.2,8.31,7.7365
1998-01-30,,,,,,1528.0,34.25,8.31,7.7375
1998-02-01,,,,,109.5,,,,
1998-02-02,,,,,,1556.0,33.5,8.279,7.7365
1998-02-03,,,,,,1620.0,33.25,8.31,7.737
1998-02-04,,,,,,1608.0,34.05,8.31,7.7355
1998-02-05,,,,,,1608.0,32.95,8.31,7.736
1998-02-06,,,,,,1557.0,32.95,8.3095,7.7375
1998-02-09,,,,,,1558.0,33.15,8.29,7.739
1998-02-10,,,,,,1586.0,32.95,8.31,7.7388
1998-02-11,,,,,,1603.0,32.8,8.31,7.739
1998-02-12,,,,,,1629.0,32.9,8.31,7.74
1998-02-13,,,,,,1623.0,32.85,8.3096,7.7395
1998-02-16,,,,,,,,,
1998-02-17,,,,,,1692.0,33.05,8.31,7.7415
1998-02-18,,,,,,1711.0,32.97,8.31,7.745
1998-02-19,,,,,,1674.0,32.85,8.31,7.745
1998-02-20,,,,,,1661.0,32.9,8.3092,7.7455
1998-02-23,,,,,,1663.0,32.95,8.31,7.7465
1998-02-24,,,,,,1656.0,32.8,8.31,7.7465
1998-02-25,,,,,,1644.0,32.6,8.309,7.747
1998-02-26,,,,,,1656.0,32.35,8.31,7.7435
1998-02-27,,,,,,1635.0,32.2,8.31,7.743
1998-03-01,,,,,108.7,,,,
1998-03-02,,,,,,1553.0,32.1,8.31,7.743
1998-03-03,,,,,,,32.1,8.31,7.7428
1998-03-04,,,,,,1566.0,32.05,8.31,7.743
1998-03-05,,,,,,1605.0,32.2,8.3091,7.745
1998-03-06,,,,,,1638.0,32.25,8.318,7.7425
1998-03-09,,,,,,1616.0,32.25,8.31,7.7415
1998-03-10,,,,,,1597.0,32.4,8.31,7.7435
1998-03-11,,,,,,1582.0,32.35,8.31,7.7445
1998-03-12,,,,,,1551.0,32.45,8.31,7.745
1998-03-13,,,,,,1528.0,32.5,8.31,7.7445
1998-03-16,,,,,,1466.0,32.5,8.28,7.7445
1998-03-17,,,,,,1470.0,32.6,8.31,7.747
1998-03-18,,,,,,1487.0,32.9,8.31,7.749
1998-03-19,,,,,,1476.0,32.85,8.31,7.748
1998-03-20,,,,,,1451.0,32.85,8.31,7.748
1998-03-23,,,,,,1371.0,32.8,8.31,7.748
1998-03-24,,,,,,1379.0,32.75,8.31,7.7474
1998-03-25,,,,,,1391.0,32.7,8.31,7.7475
1998-03-26,,,,,,1398.0,32.59,8.31,7.748
1998-03-27,,,,,,1380.5,32.63,8.31,7.7475
1998-03-30,,,,,,1385.0,32.75,8.31,7.7475
1998-03-31,,,,,,1386.0,32.95,8.28,7.7495
1998-04-01,,,,,107.7,1392.0,32.9,8.31,7.7495
1998-04-02,,,,,,1416.0,32.95,8.31,7.7499
1998-04-03,,,,,,1449.0,32.9,8.28,7.7495
1998-04-06,,,,,,1476.0,32.9,8.31,7.749
1998-04-07,,,,,,1437.0,33.1,8.31,7.7495
1998-04-08,,,,,,1416.0,33.1,8.31,7.75
1998-04-09,,,,,,1393.0,33.1,8.31,7.7493
1998-04-10,,,,,,1387.0,32.9,8.31,7.7495
1998-04-13,,,,,,1405.0,33.05,8.31,7.749
1998-04-14,,,,,,1400.0,33.0,8.31,7.749
1998-04-15,,,,,,1395.0,32.91,8.31,7.75
1998-04-16,,,,,,1388.0,33.0,8.31,7.7485
1998-04-17,,,,,,1387.0,33.03,8.31,7.748
1998-04-20,,,,,,1385.0,33.1,8.31,7.749
1998-04-21,,,,,,1379.0,33.05,8.31,7.7495
1998-04-22,,,,,,1377.0,33.05,8.31,7.7575
1998-04-23,,,,,,1373.0,33.05,8.31,7.7595
1998-04-24,,,,,,1366.0,33.05,8.2786,7.7498
1998-04-27,,,,,,1365.0,33.1,8.279,7.7495
1998-04-28,,,,,,1351.0,33.02,8.31,7.7492
1998-04-29,,,,,,1339.0,33.1,8.31,7.743
1998-04-30,,,,,,1338.0,32.98,8.31,7.7465
1998-05-01,,,,,106.6,1338.0,33.05,8.2779,7.749
1998-05-04,,,,,,1349.0,33.01,8.31,7.7486
1998-05-05,,,,,,1349.0,33.01,8.31,7.749
1998-05-06,,,,,,1371.0,33.04,8.31,7.749
1998-05-07,,,,,,1406.0,33.17,8.31,7.7497
1998-05-08,,,,,,1389.0,33.25,8.31,7.75
1998-05-11,,,,,,1393.0,33.21,8.31,7.7499
1998-05-12,,,,,,1393.0,33.42,8.31,7.7485
1998-05-13,,,,,,1420.0,33.45,8.31,7.749
1998-05-14,,,,,,1425.0,33.25,8.31,7.7485
1998-05-15,,,,,,1440.0,33.25,8.31,7.749
1998-05-18,,,,,,1448.0,33.79,8.31,7.7497
1998-05-19,,,,,,1445.0,33.83,8.31,7.7495
1998-05-20,,,,,,1412.0,33.69,8.31,7.749
1998-05-21,,,,,,1393.0,33.6,8.31,7.7495
1998-05-22,,,,,,1385.0,33.62,8.31,7.748
1998-05-25,,,,,,,,,
1998-05-26,,,,,,1397.0,33.89,8.31,7.7478
1998-05-27,,,,,,1415.0,33.9,8.31,7.749
1998-05-28,,,,,,1404.0,33.88,8.31,7.748
1998-05-29,,,,,,1409.0,34.0,8.31,7.7495
1998-06-01,,,,,105.2,1400.0,34.3,8.31,7.7493
1998-06-02,,,,,,1406.0,34.34,8.31,7.7496
1998-06-03,,,,,,1392.0,34.21,8.31,7.7493
1998-06-04,,,,,,1394.0,34.3,8.31,7.7496
1998-06-05,,,,,,1396.0,34.35,8.31,7.7497
1998-06-08,,,,,,1400.0,34.74,8.31,7.749
1998-06-09,,,,,,1399.0,34.76,8.31,7.7495
1998-06-10,,,,,,1395.0,35.0,8.31,7.7493
1998-06-11,,,,,,1395.0,34.9,8.31,7.7505
1998-06-12,,,,,,1400.0,34.95,8.31,7.7498
1998-06-15,,,,,,1437.0,34.91,8.31,7.7442
1998-06-16,,,,,,1435.0,34.85,8.31,7.745
1998-06-17,,,,,,1423.0,34.85,8.31,7.7413
1998-06-18,,,,,,1396.0,34.12,8.31,7.743
1998-06-19,,,,,,1395.0,34.11,8.31,7.741
1998-06-22,,,,,,1396.0,34.4,8.31,7.7444
1998-06-23,,,,,,1386.0,34.45,8.31,7.7438
1998-06-24,,,,,,1382.0,34.4,8.31,7.7448
1998-06-25,,,,,,1375.0,34.55,8.31,7.747
1998-06-26,,,,,,1388.0,34.7,8.31,7.75
1998-06-29,,,,,,1385.0,34.6,8.31,7.7483
1998-06-30,,,,,,1376.0,34.37,8.31,7.7483
1998-07-01,,,,,104.1,1373.0,34.38,8.31,7.7475
1998-07-02,,,,,,1370.0,34.38,8.31,7.7495
1998-07-03,,,,,,1358.0,34.41,8.31,7.748
1998-07-06,,,,,,1348.0,34.51,8.31,7.747
1998-07-07,,,,,,1348.0,34.38,8.31,7.7482
1998-07-08,,,,,,1334.0,34.4,8.31,7.7485
1998-07-09,,,,,,1310.0,34.4,8.31,7.75
1998-07-10,,,,,,1316.0,34.41,8.31,7.7495
1998-07-13,,,,,,1314.0,34.5,8.31,7.7496
1998-07-14,,,,,,1291.0,34.4,8.31,7.7488
1998-07-15,,,,,,1285.0,34.4,8.31,7.75
1998-07-16,,,,,,1286.0,34.37,8.31,7.7488
1998-07-17,,,,,,1286.0,34.28,8.31,7.749
1998-07-20,,,,,,1290.0,34.32,8.31,7.7486
1998-07-21,,,,,,1293.0,34.32,8.31,7.7476
1998-07-22,,,,,,1292.0,34.37,8.31,7.746
1998-07-23,,,,,,1277.0,34.4,8.31,7.7485
1998-07-24,,,,,,1247.5,34.4,8.31,7.7485
1998-07-27,,,,,,1212.0,34.43,8.31,7.7475
1998-07-28,,,,,,1259.0,34.38,8.31,7.745
1998-07-29,,,,,,1245.0,34.34,8.31,7.7475
1998-07-30,,,,,,1236.0,34.34,8.31,7.7472
1998-07-31,,,,,,1232.0,34.39,8.31,7.749
1998-08-01,,,,,103.8,,,,
1998-08-03,,,,,,1250.0,34.45,8.31,7.7492
1998-08-04,,,,,,1242.0,34.45,8.31,7.7495
1998-08-05,,,,,,1270.0,34.5,8.31,7.75
1998-08-06,,,,,,1333.0,34.51,8.31,7.7495
1998-08-07,,,,,,1330.0,34.65,8.31,7.749
1998-08-10,,,,,,1345.0,34.8,8.31,7.749
1998-08-11,,,,,,1340.0,34.9,8.31,7.7495
1998-08-12,,,,,,1338.0,34.85,8.31,7.7525
1998-08-13,,,,,,1340.0,34.79,8.31,7.75
1998-08-14,,,,,,1327.0,34.71,8.31,7.75
1998-08-17,,,,,,1335.0,34.77,8.31,7.75
1998-08-18,,,,,,1320.0,34.74,8.31,7.749
1998-08-19,,,,,,1305.0,34.85,8.31,7.7468
1998-08-20,,,,,,1302.0,34.6,8.31,7.7495
1998-08-21,,,,,,1302.0,34.7,8.31,7.7503
1998-08-24,,,,,,1306.0,34.85,8.31,7.748
1998-08-25,,,,,,1309.0,34.85,8.31,7.7465
1998-08-26,,,,,,1312.0,34.84,8.31,7.7485
1998-08-27,,,,,,1320.0,34.8,8.31,7.7505
1998-08-28,,,,,,1338.0,34.85,8.31,7.75
1998-08-31,,,,,,1336.0,34.88,8.31,7.7497
1998-09-01,,,,,103.0,1356.0,34.81,8.31,7.7455
1998-09-02,,,,,,1342.0,34.78,8.31,7.75
1998-09-03,,,,,,1332.0,34.82,8.31,7.7495
1998-09-04,,,,,,1344.0,34.75,8.31,7.739
1998-09-07,,,,,,,,,
1998-09-08,,,,,,1358.0,34.57,8.31,7.7495
1998-09-09,,,,,,1363.0,34.69,8.31,7.75
1998-09-10,,,,,,1370.0,34.61,8.31,7.75
1998-09-11,,,,,,1370.0,34.52,8.31,7.7502
1998-09-14,,,,,,1392.0,34.61,8.31,7.746
1998-09-15,,,,,,1383.0,34.61,8.31,7.7473
1998-09-16,,,,,,1377.0,34.61,8.31,7.7479
1998-09-17,,,,,,1385.0,34.55,8.31,7.7475
1998-09-18,,,,,,1387.5,34.53,8.31,7.7475
1998-09-21,,,,,,1395.0,34.69,8.31,7.748
1998-09-22,,,,,,1399.0,34.63,8.31,7.7487
1998-09-23,,,,,,1402.0,34.71,8.31,7.7488
1998-09-24,,,,,,1393.0,34.61,8.31,7.7485
1998-09-25,,,,,,1388.0,34.62,8.31,7.7478
1998-09-28,,,,,,1383.8,34.61,8.2783,7.7485
1998-09-29,,,,,,1373.0,34.54,8.2782,7.7487
1998-09-30,,,,,,1393.0,34.7,8.278,7.7492
1998-10-01,,,,,102.6,1390.0,34.37,8.278,7.7484
1998-10-02,,,,,,1390.0,34.05,8.278,7.7492
1998-10-05,,,,,,1389.0,33.75,8.278,7.7489
1998-10-06,,,,,,1389.0,33.54,8.2779,7.7486
1998-10-07,,,,,,1382.0,33.4,8.2778,7.747
1998-10-08,,,,,,1365.0,33.0,8.2777,7.7479
1998-10-09,,,,,,1335.0,32.95,8.2777,7.748
1998-10-12,,,,,,,,,
1998-10-13,,,,,,1350.0,33.16,8.2776,7.747
1998-10-14,,,,,,1350.0,33.3,8.2777,7.7465
1998-10-15,,,,,,1336.0,33.05,8.2778,7.7475
1998-10-16,,,,,,1326.0,32.8,8.2776,7.747
1998-10-19,,,,,,1328.0,32.99,8.2778,7.748
1998-10-20,,,,,,1330.0,33.0,8.2779,7.749
1998-10-21,,,,,,1326.0,33.0,8.2778,7.749
1998-10-22,,,,,,1324.0,32.92,8.2782,7.7493
1998-10-23,,,,,,1322.0,32.96,8.2778,7.7505
1998-10-26,,,,,,1316.0,33.0,8.2777,7.7498
1998-10-27,,,,,,1321.0,32.7,8.2776,7.75
1998-10-28,,,,,,1320.0,32.55,8.2778,7.7495
1998-10-29,,,,,,1317.0,32.58,8.2776,7.7483
1998-10-30,,,,,,1321.0,32.48,8.2778,7.7455
1998-11-01,,,,,102.4,,,,
1998-11-02,,,,,,1320.0,32.45,8.2777,7.744
1998-11-03,,,,,,1316.0,32.51,8.278,7.7448
1998-11-04,,,,,,1313.0,32.53,8.2778,7.744
1998-11-05,,,,,,1318.0,32.6,8.2777,7.7428
1998-11-06,,,,,,1313.0,32.65,8.2779,7.7426
1998-11-09,,,,,,1316.3,32.68,8.2777,7.7395
1998-11-10,,,,,,1318.0,32.85,8.2776,7.74
1998-11-11,,,,,,,,,
1998-11-12,,,,,,1317.9,32.75,8.2775,7.7445
1998-11-13,,,,,,1319.0,32.73,8.278,7.744
1998-11-16,,,,,,1317.0,32.6,8.2778,7.7437
1998-11-17,,,,,,1300.0,32.55,8.2778,7.7435
1998-11-18,,,,,,1300.0,32.65,8.2779,7.7445
1998-11-19,,,,,,1292.0,32.6,8.2779,7.744
1998-11-20,,,,,,1268.0,32.65,8.2777,7.7425
1998-11-23,,,,,,1248.0,32.5,8.2777,7.743
1998-11-24,,,,,,1260.0,32.55,8.2778,7.7435
1998-11-25,,,,,,1255.0,32.55,8.2777,7.7425
1998-11-26,,,,,,,,,
1998-11-27,,,,,,1248.0,32.55,8.2782,7.7435
1998-11-30,,,,,,1247.0,32.5,8.2782,7.743
1998-12-01,,,,,102.0,1246.0,32.5,8.2782,7.7455
1998-12-02,,,,,,1240.0,32.47,8.278,7.7465
1998-12-03,,,,,,1230.0,32.55,8.2779,7.7465
1998-12-04,,,,,,1217.0,32.4,8.2777,7.7472
1998-12-07,,,,,,1210.0,32.4,8.2775,7.7483
1998-12-08,,,,,,1217.0,32.4,8.2775,7.7485
1998-12-09,,,,,,1217.0,32.35,8.2775,7.748
1998-12-10,,,,,,1208.0,32.3,8.2774,7.7485
1998-12-11,,,,,,1210.0,32.31,8.2774,7.7475
1998-12-14,,,,,,1205.0,32.2,8.2777,7.7485
1998-12-15,,,,,,1213.0,32.2,8.2778,7.749
1998-12-16,,,,,,1210.0,32.3,8.2778,7.748
1998-12-17,,,,,,1211.0,32.32,8.2777,7.7478
1998-12-18,,,,,,1210.0,32.3,8.2777,7.7458
1998-12-21,,,,,,1196.0,32.3,8.2779,7.7455
1998-12-22,,,,,,1204.0,32.3,8.2782,7.7433
1998-12-23,,,,,,1209.0,32.35,8.2781,7.744
1998-12-24,,,,,,1208.5,32.3,8.2785,7.747
1998-12-25,,,,,,,,,
1998-12-28,,,,,,1210.3,32.31,8.2782,7.7465
1998-12-29,,,,,,1210.0,32.31,8.2786,7.7485
1998-12-30,,,,,,1203.0,32.28,8.2787,7.748
1998-12-31,,,,,,1206.0,32.27,8.2789,7.7476
1999-01-01,,,,,101.5,,,,
1999-01-04,,,,,,1187.5,32.13,8.2793,7.7465
1999-01-05,,,,,,1166.0,32.25,8.2795,7.7475
1999-01-06,,,,,,1160.0,32.25,8.2795,7.7482
1999-01-07,,,,,,1151.0,32.13,8.2798,7.7478
1999-01-08,,,,,,1174.0,32.22,8.2796,7.749
1999-01-11,,,,,,1175.0,32.2,8.2797,7.7483
1999-01-12,,,,,,1180.0,32.26,8.2795,7.7495
1999-01-13,,,,,,1175.0,32.23,8.2794,7.7457
1999-01-14,,,,,,1187.5,32.33,8.279,7.7482
1999-01-15,,,,,,1185.0,32.26,8.279,7.7485
1999-01-18,,,,,,,,,
1999-01-19,,,,,,1176.5,32.4,8.2787,7.749
1999-01-20,,,,,,1168.0,32.3,8.2791,7.749
1999-01-21,,,,,,1174.0,32.31,8.2789,7.7483
1999-01-22,,,,,,1181.0,32.35,8.2787,7.7502
1999-01-25,,,,,,1181.0,32.5,8.2784,7.7502
1999-01-26,,,,,,1177.0,32.5,8.278,7.7497
1999-01-27,,,,,,1176.0,32.36,8.2778,7.7492
1999-01-28,,,,,,1176.5,32.38,8.2778,7.7495
1999-01-29,,,,,,1176.0,32.34,8.2778,7.7485
1999-02-01,,,,,101.4,1176.0,32.3,8.2775,7.7489
1999-02-02,,,,,,1171.0,32.34,8.2775,7.7497
1999-02-03,,,,,,1171.5,32.3,8.2776,7.7492
1999-02-04,,,,,,1171.6,32.4,8.2776,7.7495
1999-02-05,,,,,,1171.2,32.3,8.2776,7.7498
1999-02-08,,,,,,1177.0,32.29,8.2776,7.7495
1999-02-09,,,,,,1177.0,32.32,8.2776,7.7495
1999-02-10,,,,,,1179.0,32.31,8.2776,7.749
1999-02-11,,,,,,1176.4,32.36,8.2776,7.7495
1999-02-12,,,,,,1176.7,32.35,8.2776,7.75
1999-02-15,,,,,,,,,
1999-02-16,,,,,,1176.0,32.38,8.2787,7.7482
1999-02-17,,,,,,1176.0,32.4,8.2787,7.7482
1999-02-18,,,,,,1183.0,32.4,8.2787,7.7488
1999-02-19,,,,,,1206.0,32.5,8.2787,7.749
1999-02-22,,,,,,1218.0,33.2,8.2787,7.7486
1999-02-23,,,,,,1213.0,33.1,8.2787,7.7477
1999-02-24,,,,,,1219.0,33.2,8.2787,7.7491
1999-02-25,,,,,,1225.0,33.14,8.2789,7.7487
1999-02-26,,,,,,1224.5,33.13,8.279,7.748
1999-03-01,,,,,101.3,1222.0,33.05,8.2792,7.7474
1999-03-02,,,,,,1225.5,33.1,8.2789,7.748
1999-03-03,,,,,,1230.4,33.15,8.2789,7.749
1999-03-04,,,,,,1241.0,33.2,8.2783,7.7495
1999-03-05,,,,,,1243.0,33.4,8.2784,7.749
1999-03-08,,,,,,1240.5,33.2,8.2786,7.7485
1999-03-09,,,,,,1236.5,33.22,8.2791,7.7483
1999-03-10,,,,,,1234.9,33.15,8.2788,7.7492
1999-03-11,,,,,,1231.0,33.15,8.2789,7.75
1999-03-12,,,,,,1235.0,33.16,8.2789,7.749
1999-03-15,,,,,,1232.0,33.12,8.2789,7.75
1999-03-16,,,,,,1230.0,33.14,8.2789,7.75
1999-03-17,,,,,,1228.0,33.2,8.2788,7.7502
1999-03-18,,,,,,1226.0,33.1,8.2788,7.7505
1999-03-19,,,,,,1220.0,33.11,8.2793,7.7502
1999-03-22,,,,,,1224.0,33.13,8.2792,7.7495
1999-03-23,,,,,,1226.5,33.15,8.2795,7.749
1999-03-24,,,,,,1224.4,33.15,8.2796,7.7492
1999-03-25,,,,,,1225.0,33.175,8.2798,7.7495
1999-03-26,,,,,,1223.7,33.18,8.28,7.7495
1999-03-29,,,,,,1226.2,33.2,8.2797,7.7497
1999-03-30,,,,,,1230.0,33.2,8.28,7.7493
1999-03-31,,,,,,1228.0,33.17,8.28,7.75
1999-04-01,,,,,101.2,1225.0,33.2,8.2796,7.7499
1999-04-02,,,,,,1225.2,33.18,8.2794,7.75
1999-04-05,,,,,,1228.0,33.3,8.2795,7.7505
1999-04-06,,,,,,1231.0,33.32,8.2797,7.7495
1999-04-07,,,,,,1223.0,33.3,8.2797,7.7488
1999-04-08,,,,,,1227.0,33.3,8.2799,7.7485
1999-04-09,,,,,,1226.0,33.18,8.2797,7.7483
1999-04-12,,,,,,1225.0,33.1,8.2797,7.7495
1999-04-13,,,,,,1223.0,33.1,8.2797,7.7505
1999-04-14,,,,,,1220.0,33.0,8.2794,7.7492
1999-04-15,,,,,,1220.0,32.85,8.2789,7.75
1999-04-16,,,,,,1221.0,32.9,8.2787,7.7485
1999-04-19,,,,,,1215.0,32.8,8.2787,7.7478
1999-04-20,,,,,,1200.0,32.75,8.2783,7.748
1999-04-21,,,,,,1195.0,32.75,8.2783,7.7481
1999-04-22,,,,,,1198.0,32.8,8.2783,7.7493
1999-04-23,,,,,,1195.0,32.75,8.2784,7.7498
1999-04-26,,,,,,1190.0,32.75,8.2793,7.75
1999-04-27,,,,,,1185.0,32.75,8.2794,7.7503
1999-04-28,,,,,,1182.0,32.7,8.2791,7.751
1999-04-29,,,,,,1176.0,32.7,8.2794,7.7503
1999-04-30,,,,,,1189.0,32.75,8.279,7.7508
1999-05-01,,,,,100.9,,,,
1999-05-03,,,,,,1191.0,32.75,8.279,7.7506
1999-05-04,,,,,,1197.1,32.75,8.2789,7.751
1999-05-05,,,,,,1199.0,32.77,8.2789,7.7513
1999-05-06,,,,,,1203.0,32.795,8.2786,7.752
1999-05-07,,,,,,1203.0,32.78,8.2783,7.7509
1999-05-10,,,,,,1201.2,32.83,8.2787,7.751
1999-05-11,,,,,,1199.0,32.74,8.2782,7.7515
1999-05-12,,,,,,1206.0,32.74,8.2783,7.752
1999-05-13,,,,,,1206.5,32.75,8.2778,7.7518
1999-05-14,,,,,,1208.0,32.79,8.2784,7.7525
1999-05-17,,,,,,1207.0,32.79,8.2785,7.7522
1999-05-18,,,,,,1201.0,32.8,8.279,7.7539
1999-05-19,,,,,,1200.0,32.81,8.2783,7.7546
1999-05-20,,,,,,1200.0,32.85,8.278,7.7544
1999-05-21,,,,,,1194.5,32.855,8.278,7.7546
1999-05-24,,,,,,1189.5,32.8,8.2785,7.7545
1999-05-25,,,,,,1186.6,32.77,8.2789,7.755
1999-05-26,,,,,,1191.2,32.79,8.279,7.7557
1999-05-27,,,,,,1188.7,32.85,8.2788,7.7556
1999-05-28,,,,,,1186.1,32.8,8.2786,7.7575
1999-05-31,,,,,,,,,
1999-06-01,,,,,100.8,1187.4,32.8,8.2781,7.7557
1999-06-02,,,,,,1186.2,32.8,8.2787,7.756
1999-06-03,,,,,,1185.0,32.8,8.2784,7.7567
1999-06-04,,,,,,1184.0,32.8,8.2781,7.7563
1999-06-07,,,,,,1184.0,32.65,8.2781,7.7572
1999-06-08,,,,,,1178.5,32.6,8.2779,7.7575
1999-06-09,,,,,,1166.5,32.55,8.2778,7.757
1999-06-10,,,,,,1167.5,32.55,8.2777,7.757
1999-06-11,,,,,,1168.0,32.5,8.2777,7.757
1999-06-14,,,,,,1171.0,32.43,8.2776,7.7575
1999-06-15,,,,,,1167.0,32.39,8.2781,7.7577
1999-06-16,,,,,,1165.0,32.42,8.2776,7.758
1999-06-17,,,,,,1167.0,32.36,8.2775,7.7577
1999-06-18,,,,,,1164.0,32.37,8.2774,7.7582
1999-06-21,,,,,,1166.0,33.0,8.2778,7.758
1999-06-22,,,,,,1160.0,32.36,8.2781,7.758
1999-06-23,,,,,,1163.0,32.4,8.2784,7.758
1999-06-24,,,,,,1158.0,32.38,8.2779,7.758
1999-06-25,,,,,,1156.0,32.41,8.2775,7.7581
1999-06-28,,,,,,1157.0,32.36,8.278,7.758
1999-06-29,,,,,,1157.5,32.31,8.2786,7.758
1999-06-30,,,,,,1157.5,32.31,8.2787,7.7586
1999-07-01,,,,,100.3,1165.0,32.32,8.2786,7.7585
1999-07-02,,,,,,1164.1,32.28,8.2785,7.759
1999-07-05,,,,,,,,,
1999-07-06,,,,,,1168.0,32.29,8.2782,7.7588
1999-07-07,,,,,,1173.0,32.3,8.2783,7.7586
1999-07-08,,,,,,1181.0,32.345,8.2781,7.7595
1999-07-09,,,,,,1188.0,32.355,8.2777,7.7603
1999-07-12,,,,,,1184.0,32.26,8.2776,7.7605
1999-07-13,,,,,,1176.0,32.29,8.2775,7.76
1999-07-14,,,,,,1184.0,32.29,8.2778,7.76
1999-07-15,,,,,,1184.0,32.34,8.2775,7.7602
1999-07-16,,,,,,1183.0,32.39,8.2773,7.76
1999-07-19,,,,,,1188.0,32.36,8.2773,7.7589
1999-07-20,,,,,,1194.0,32.26,8.2777,7.7595
1999-07-21,,,,,,1201.0,32.41,8.2773,7.7608
1999-07-22,,,,,,1209.0,32.5,8.2773,7.7613
1999-07-23,,,,,,1208.8,32.4,8.2772,7.7618
1999-07-26,,,,,,1209.0,32.33,8.277,7.7615
1999-07-27,,,,,,1204.0,32.4,8.277,7.7617
1999-07-28,,,,,,1198.1,32.38,8.277,7.7619
1999-07-29,,,,,,1205.0,32.35,8.2773,7.7623
1999-07-30,,,,,,1204.0,32.24,8.2774,7.7619
1999-08-01,,,,,100.6,,,,
1999-08-02,,,,,,1201.0,32.32,8.277,7.7627
1999-08-03,,,,,,1199.0,32.19,8.2773,7.7624
1999-08-04,,,,,,1202.0,32.25,8.2774,7.7627
1999-08-05,,,,,,1202.0,32.1,8.2774,7.763
1999-08-06,,,,,,1200.0,32.2,8.2773,7.7626
1999-08-09,,,,,,1198.0,32.0,8.2774,7.7627
1999-08-10,,,,,,1199.3,32.2,8.2772,7.763
1999-08-11,,,,,,1202.0,32.2,8.2772,7.7625
1999-08-12,,,,,,1210.0,32.23,8.2771,7.7635
1999-08-13,,,,,,1207.0,32.2,8.277,7.764
1999-08-16,,,,,,1204.0,32.1,8.2774,7.7638
1999-08-17,,,,,,1206.0,32.05,8.277,7.7643
1999-08-18,,,,,,1203.0,32.03,8.2772,7.765
1999-08-19,,,,,,1200.0,32.02,8.2774,7.7644
1999-08-20,,,,,,1201.0,32.03,8.2774,7.764
1999-08-23,,,,,,1198.0,31.98,8.2772,7.7641
1999-08-24,,,,,,1199.0,31.98,8.2775,7.7648
1999-08-25,,,,,,1192.0,31.95,8.2773,7.7645
1999-08-26,,,,,,1191.0,31.95,8.2773,7.7645
1999-08-27,,,,,,1183.0,31.9,8.2773,7.765
1999-08-30,,,,,,1184.5,31.9,8.2771,7.7651
1999-08-31,,,,,,1181.0,31.9,8.277,7.766
1999-09-01,,,,,100.7,1185.0,31.88,8.2771,7.7655
1999-09-02,,,,,,1191.0,31.85,8.2773,7.7652
1999-09-03,,,,,,1192.0,31.85,8.2775,7.7656
1999-09-06,,,,,,,,,
1999-09-07,,,,,,1194.0,31.88,8.2776,7.7665
1999-09-08,,,,,,1195.0,31.8,8.2776,7.7659
1999-09-09,,,,,,1191.0,31.88,8.2774,7.7665
1999-09-10,,,,,,1192.0,31.85,8.2774,7.7662
1999-09-13,,,,,,1191.0,31.85,8.2772,7.7662
1999-09-14,,,,,,1195.0,31.85,8.2775,7.7656
1999-09-15,,,,,,1192.0,31.83,8.2773,7.7647
1999-09-16,,,,,,1199.0,31.8,8.2771,7.7645
1999-09-17,,,,,,1204.0,31.83,8.2773,7.7663
1999-09-20,,,,,,1201.0,31.75,8.2775,7.7663
1999-09-21,,,,,,1203.0,31.9,8.2775,7.7675
1999-09-22,,,,,,1210.0,31.88,8.2777,7.7672
1999-09-23,,,,,,1209.0,31.88,8.2776,7.7668
1999-09-24,,,,,,1213.0,31.85,8.2775,7.7675
1999-09-27,,,,,,1211.0,31.85,8.2775,7.7677
1999-09-28,,,,,,1218.0,31.85,8.2775,7.768
1999-09-29,,,,,,1218.0,31.85,8.2775,7.7679
1999-09-30,,,,,,1217.0,31.85,8.2778,7.7679
1999-10-01,,,,,101.2,1216.0,31.83,8.2778,7.7685
1999-10-04,,,,,,1213.0,31.8,8.2778,7.7679
1999-10-05,,,,,,1207.0,31.83,8.277,7.7685
1999-10-06,,,,,,1204.0,31.85,8.2778,7.7683
1999-10-07,,,,,,1202.0,31.85,8.2778,7.7686
1999-10-08,,,,,,1204.0,31.83,8.278,7.769
1999-10-11,,,,,,,,,
1999-10-12,,,,,,1205.0,31.83,8.2772,7.7695
1999-10-13,,,,,,1205.2,31.83,8.2777,7.7695
1999-10-14,,,,,,1207.5,31.83,8.2774,7.7695
1999-10-15,,,,,,1206.0,31.84,8.2775,7.7701
1999-10-18,,,,,,1204.0,31.82,8.2774,7.7698
1999-10-19,,,,,,1206.0,31.83,8.2773,7.77
1999-10-20,,,,,,1205.0,31.83,8.2774,7.7695
1999-10-21,,,,,,1206.0,31.83,8.2772,7.77
1999-10-22,,,,,,1205.5,31.82,8.2773,7.7705
1999-10-25,,,,,,1205.5,31.82,8.277,7.771
1999-10-26,,,,,,1204.0,31.83,8.2773,7.771
1999-10-27,,,,,,1200.0,31.82,8.2775,7.7707
1999-10-28,,,,,,1200.0,31.81,8.2776,7.7703
1999-10-29,,,,,,1200.0,31.82,8.2778,7.769
1999-11-01,,,,,100.8,1196.0,31.8,8.2779,7.7694
1999-11-02,,,,,,1194.0,31.81,8.2781,7.7685
1999-11-03,,,,,,1191.0,31.8,8.2781,7.7705
1999-11-04,,,,,,1185.0,31.8,8.278,7.7705
1999-11-05,,,,,,1187.0,31.81,8.2779,7.771
1999-11-08,,,,,,1183.4,31.83,8.2779,7.772
1999-11-09,,,,,,1185.0,31.82,8.278,7.772
1999-11-10,,,,,,1180.0,31.83,8.2781,7.7814
1999-11-11,,,,,,,,,
1999-11-12,,,,,,1170.0,31.81,8.278,7.7715
1999-11-15,,,,,,1181.8,31.8,8.2781,7.7725
1999-11-16,,,,,,1178.0,31.82,8.2781,7.7721
1999-11-17,,,,,,1176.0,31.83,8.2781,7.7727
1999-11-18,,,,,,1174.0,31.8,8.2784,7.773
1999-11-19,,,,,,1173.8,31.81,8.2785,7.773
1999-11-22,,,,,,1174.0,31.8,8.2785,7.7728
1999-11-23,,,,,,1170.0,31.78,8.2784,7.7725
1999-11-24,,,,,,1162.0,31.78,8.2785,7.7718
1999-11-25,,,,,,,,,
1999-11-26,,,,,,1159.0,31.745,8.2785,7.7721
1999-11-29,,,,,,1160.0,31.74,8.2785,7.771
1999-11-30,,,,,,1159.5,31.67,8.2789,7.7665
1999-12-01,,,,,100.8,1157.5,31.73,8.2789,7.7705
1999-12-02,,,,,,1150.0,31.7,8.2788,7.7716
1999-12-03,,,,,,1150.5,31.69,8.2787,7.773
1999-12-06,,,,,,1150.2,31.65,8.279,7.7738
1999-12-07,,,,,,1139.0,31.6,8.279,7.7737
1999-12-08,,,,,,1125.0,31.6,8.2795,7.775
1999-12-09,,,,,,1130.0,31.63,8.2795,7.7755
1999-12-10,,,,,,1132.8,31.65,8.2795,7.7745
1999-12-13,,,,,,1128.0,31.65,8.2795,7.775
1999-12-14,,,,,,1134.0,31.65,8.2794,7.7753
1999-12-15,,,,,,1135.0,31.7,8.2794,7.7747
1999-12-16,,,,,,1131.0,31.68,8.2794,7.7728
1999-12-17,,,,,,1130.5,31.68,8.2794,7.772
1999-12-20,,,,,,1135.0,31.68,8.2794,7.7725
1999-12-21,,,,,,1134.5,31.68,8.2796,7.7705
1999-12-22,,,,,,1131.7,31.68,8.2796,7.77
1999-12-23,,,,,,1131.0,31.65,8.2795,7.7693
1999-12-24,,,,,,1132.6,31.63,8.2794,7.77
1999-12-27,,,,,,1133.7,31.6,8.2796,7.7712
1999-12-28,,,,,,1143.0,31.55,8.2797,7.7735
1999-12-29,,,,,,1142.5,31.5,8.2793,7.7723
1999-12-30,,,,,,1133.0,31.4,8.2795,7.7745
1999-12-31,,,,,,1136.0,31.39,8.2795,7.774
2000-01-01,,,,,100.6,,,,
2000-01-03,,,,,,1128.0,31.38,8.2798,7.7765
2000-01-04,,,,,,1122.5,30.6,8.2799,7.7775
2000-01-05,,,,,,1135.0,30.8,8.2798,7.778
2000-01-06,,,,,,1146.5,31.75,8.2797,7.7785
2000-01-07,,,,,,1138.0,30.85,8.2794,7.7783
2000-01-10,,,,,,1133.5,30.83,8.2794,7.7785
2000-01-11,,,,,,1147.0,30.83,8.2795,7.7785
2000-01-12,,,,,,1144.5,30.8,8.2796,7.7787
2000-01-13,,,,,,1135.5,30.8,8.2798,7.7788
2000-01-14,,,,,,1125.0,30.83,8.2797,7.7789
2000-01-17,,,,,,,,,
2000-01-18,,,,,,1127.0,30.89,8.2793,7.779
2000-01-19,,,,,,1134.0,30.85,8.2797,7.7798
2000-01-20,,,,,,1126.0,30.85,8.2794,7.7795
2000-01-21,,,,,,1128.0,30.85,8.2795,7.7792
2000-01-24,,,,,,1124.5,30.85,8.2789,7.7795
2000-01-25,,,,,,1127.0,30.85,8.2786,7.78
2000-01-26,,,,,,1127.8,30.85,8.2782,7.7805
2000-01-27,,,,,,1125.0,30.83,8.2783,7.7805
2000-01-28,,,,,,1121.0,30.75,8.2781,7.78
2000-01-31,,,,,,1124.0,30.75,8.2777,7.781
2000-02-01,,,,,100.6,1127.0,31.75,8.2774,7.7807
2000-02-02,,,,,,1131.0,30.8,8.2773,7.7805
2000-02-03,,,,,,1130.5,30.8,8.2781,7.7812
2000-02-04,,,,,,1130.0,30.8,8.2788,7.781
2000-02-07,,,,,,1129.6,30.8,8.2788,7.782
2000-02-08,,,,,,1129.5,30.75,8.2788,7.7809
2000-02-09,,,,,,1124.0,30.65,8.2788,7.781
2000-02-10,,,,,,1121.0,30.65,8.2788,7.782
2000-02-11,,,,,,1115.0,30.63,8.2788,7.7814
2000-02-14,,,,,,1128.0,30.72,8.2779,7.78
2000-02-15,,,,,,1128.0,30.75,8.2777,7.781
2000-02-16,,,,,,1126.0,30.72,8.2777,7.7814
2000-02-17,,,,,,1128.0,30.72,8.2772,7.7815
2000-02-18,,,,,,1129.0,30.765,8.2772,7.7808
2000-02-21,,,,,,,,,
2000-02-22,,,,,,1135.0,30.8,8.2773,7.7825
2000-02-23,,,,,,1136.0,30.8,8.278,7.7826
2000-02-24,,,,,,1144.0,30.85,8.278,7.783
2000-02-25,,,,,,1137.0,30.8,8.2786,7.783
2000-02-28,,,,,,1135.0,30.8,8.2786,7.783
2000-02-29,,,,,,1131.31,30.76,8.2786,7.7833
2000-03-01,,,,,100.6,1128.5,30.75,8.2786,7.7824
2000-03-02,,,,,,1120.5,30.75,8.2787,7.7825
2000-03-03,,,,,,1120.5,30.75,8.2789,7.7833
2000-03-06,,,,,,1119.3,30.8,8.2785,7.7835
2000-03-07,,,,,,1118.7,30.75,8.2784,7.784
2000-03-08,,,,,,1119.2,30.76,8.2786,7.7845
2000-03-09,,,,,,1123.0,30.75,8.2787,7.7842
2000-03-10,,,,,,1120.2,30.75,8.2785,7.7848
2000-03-13,,,,,,1121.0,30.75,8.2781,7.7842
2000-03-14,,,,,,1118.4,30.74,8.278,7.7845
2000-03-15,,,,,,1118.5,30.75,8.2778,7.7847
2000-03-16,,,,,,1118.0,30.815,8.2777,7.7846
2000-03-17,,,,,,1117.3,30.74,8.2785,7.7849
2000-03-20,,,,,,1118.18,30.75,8.2786,7.7855
2000-03-21,,,,,,1117.0,30.78,8.2783,7.7855
2000-03-22,,,,,,1113.0,30.75,8.2783,7.7858
2000-03-23,,,,,,1110.0,30.75,8.2787,7.7858
2000-03-24,,,,,,1108.7,30.7,8.2789,7.7845
2000-03-27,,,,,,1112.1,30.65,8.2792,7.7855
2000-03-28,,,,,,1112.5,30.64,8.2795,7.785
2000-03-29,,,,,,1109.4,30.6,8.2789,7.7865
2000-03-30,,,,,,1107.5,30.6,8.2788,7.7866
2000-03-31,,,,,,1105.5,30.48,8.2787,7.7867
2000-04-01,,,,,100.0,,,,
2000-04-03,,,,,,1113.0,30.5,8.2786,7.7868
2000-04-04,,,,,,1114.0,30.45,8.2791,7.7863
2000-04-05,,,,,,1115.5,30.5,8.2795,7.7864
2000-04-06,,,,,,1112.0,30.48,8.2795,7.787
2000-04-07,,,,,,1107.5,30.5,8.2795,7.7878
2000-04-10,,,,,,1110.5,30.35,8.2798,7.7875
2000-04-11,,,,,,1110.0,30.35,8.2791,7.787
2000-04-12,,,,,,1108.5,30.35,8.2796,7.7878
2000-04-13,,,,,,1107.0,30.35,8.2794,7.7879
2000-04-14,,,,,,1111.2,30.45,8.2794,7.788
2000-04-17,,,,,,1113.8,30.55,8.2794,7.7882
2000-04-18,,,,,,1110.0,30.6,8.279,7.7885
2000-04-19,,,,,,1109.5,30.62,8.2793,7.7886
2000-04-20,,,,,,1109.0,30.55,8.2791,7.7888
2000-04-21,,,,,,1108.5,30.585,8.2785,7.7887
2000-04-24,,,,,,1108.8,30.6,8.2786,7.789
2000-04-25,,,,,,1108.5,30.65,8.2791,7.7885
2000-04-26,,,,,,1108.1,30.65,8.2795,7.789
2000-04-27,,,,,,1111.0,30.65,8.2798,7.789
2000-04-28,,,,,,1110.0,30.67,8.2799,7.789
2000-05-01,,,,,100.1,1110.0,30.65,8.2799,7.789
2000-05-02,,,,,,1110.1,30.68,8.2799,7.7895
2000-05-03,,,,,,1110.0,30.75,8.2799,7.79
2000-05-04,,,,,,1111.5,30.72,8.2799,7.79
2000-05-05,,,,,,1111.0,30.68,8.2799,7.7898
2000-05-08,,,,,,1109.7,30.7,8.2798,7.7893
2000-05-09,,,,,,1109.5,30.65,8.279,7.7899
2000-05-10,,,,,,1109.2,30.73,8.2785,7.7898
2000-05-11,,,,,,1113.0,30.76,8.2782,7.7898
2000-05-12,,,,,,1113.5,30.75,8.2778,7.79
2000-05-15,,,,,,1114.9,30.83,8.2777,7.7895
2000-05-16,,,,,,1115.0,30.84,8.2772,7.7902
2000-05-17,,,,,,1115.6,30.75,8.2768,7.791
2000-05-18,,,,,,1118.8,30.82,8.2773,7.7915
2000-05-19,,,,,,1122.5,30.79,8.2768,7.7915
2000-05-22,,,,,,1131.5,30.75,8.277,7.7918
2000-05-23,,,,,,1135.0,30.8,8.2768,7.792
2000-05-24,,,,,,1133.5,30.82,8.2769,7.7919
2000-05-25,,,,,,1129.9,30.85,8.2773,7.792
2000-05-26,,,,,,1137.5,30.85,8.2771,7.7922
2000-05-29,,,,,,,,,
2000-05-30,,,,,,1137.0,30.96,8.2772,7.7925
2000-05-31,,,,,,1130.0,30.85,8.2773,7.7927
2000-06-01,,,,,99.9,1133.0,30.9,8.2771,7.792
2000-06-02,,,,,,1125.2,30.85,8.2771,7.7921
2000-06-05,,,,,,1118.0,30.83,8.277,7.794
2000-06-06,,,,,,1117.0,30.83,8.2773,7.793
2000-06-07,,,,,,1113.2,30.8,8.2773,7.793
2000-06-08,,,,,,1116.0,30.8,8.2775,7.7932
2000-06-09,,,,,,1115.5,30.8,8.2772,7.7936
2000-06-12,,,,,,1113.4,30.8,8.2771,7.794
2000-06-13,,,,,,1114.4,30.8,8.277,7.7936
2000-06-14,,,,,,1114.5,30.8,8.2768,7.7925
2000-06-15,,,,,,1115.0,30.85,8.2768,7.794
2000-06-16,,,,,,1116.4,30.9,8.2768,7.7942
2000-06-19,,,,,,1122.22,30.9,8.2768,7.7936
2000-06-20,,,,,,1120.0,30.9,8.2772,7.7925
2000-06-21,,,,,,1119.3,30.83,8.2772,7.793
2000-06-22,,,,,,1118.8,30.8,8.2771,7.792
2000-06-23,,,,,,1119.5,30.8,8.2769,7.791
2000-06-26,,,,,,1118.2,30.81,8.2773,7.792
2000-06-27,,,,,,1118.3,30.82,8.2774,7.795
2000-06-28,,,,,,1116.5,30.82,8.2775,7.7955
2000-06-29,,,,,,1115.0,30.83,8.278,7.7953
2000-06-30,,,,,,1115.15,30.8,8.2782,7.796
2000-07-01,,,,,100.1,,,,
2000-07-03,,,,,,1113.9,30.83,8.2786,7.796
2000-07-04,,,,,,,,,
2000-07-05,,,,,,1117.5,30.85,8.2787,7.7962
2000-07-06,,,,,,1117.5,30.88,8.2791,7.7964
2000-07-07,,,,,,1119.0,30.88,8.2793,7.7968
2000-07-10,,,,,,1118.5,30.9,8.2795,7.7965
2000-07-11,,,,,,1116.7,30.9,8.2794,7.7961
2000-07-12,,,,,,1115.7,30.9,8.2795,7.796
2000-07-13,,,,,,1111.3,30.9,8.2791,7.796
2000-07-14,,,,,,1113.0,30.9,8.2796,7.7965
2000-07-17,,,,,,1113.1,30.96,8.2791,7.7973
2000-07-18,,,,,,1113.7,31.0,8.2796,7.7968
2000-07-19,,,,,,1112.3,31.08,8.2796,7.797
2000-07-20,,,,,,1111.6,31.13,8.2796,7.797
2000-07-21,,,,,,1113.0,31.08,8.2795,7.7965
2000-07-24,,,,,,1114.2,31.095,8.2798,7.796
2000-07-25,,,,,,1116.0,31.1,8.2797,7.7971
2000-07-26,,,,,,1115.6,31.08,8.2796,7.7981
2000-07-27,,,,,,1115.0,31.08,8.2793,7.7975
2000-07-28,,,,,,1117.0,31.07,8.2794,7.7987
2000-07-31,,,,,,1116.9,31.06,8.2792,7.7988
2000-08-01,,,,,99.9,1115.8,31.15,8.2788,7.7993
2000-08-02,,,,,,1115.8,31.1,8.2791,7.799
2000-08-03,,,,,,1115.0,31.15,8.2796,7.7992
2000-08-04,,,,,,1116.0,31.12,8.2798,7.7989
2000-08-07,,,,,,1118.0,31.15,8.2799,7.7985
2000-08-08,,,,,,1116.5,31.1,8.2799,7.7985
2000-08-09,,,,,,1115.3,31.1,8.2798,7.7993
2000-08-10,,,,,,1114.5,31.1,8.2799,7.7995
2000-08-11,,,,,,1116.0,31.11,8.2796,7.7998
2000-08-14,,,,,,1117.0,31.1,8.2795,7.8003
2000-08-15,,,,,,1116.3,31.13,8.2788,7.7998
2000-08-16,,,,,,1115.2,31.13,8.2797,7.7998
2000-08-17,,,,,,1115.0,31.1,8.2799,7.7988
2000-08-18,,,,,,1115.1,31.11,8.2797,7.799
2000-08-21,,,,,,1114.5,31.1,8.2799,7.7992
2000-08-22,,,,,,1114.14,31.08,8.2799,7.7992
2000-08-23,,,,,,1114.8,31.08,8.2793,7.8
2000-08-24,,,,,,1114.2,31.07,8.2799,7.8
2000-08-25,,,,,,1114.1,31.1,8.2799,7.8
2000-08-28,,,,,,1111.9,31.08,8.2799,7.8
2000-08-29,,,,,,1110.2,31.09,8.2799,7.8
2000-08-30,,,,,,1108.6,31.09,8.2788,7.8008
2000-08-31,,,,,,1108.8,31.1,8.2786,7.7992
2000-09-01,,,,,100.0,1105.7,31.1,8.2787,7.7995
2000-09-04,,,,,,,,,
2000-09-05,,,,,,1105.5,31.08,8.279,7.7989
2000-09-06,,,,,,1107.4,31.1,8.2794,7.7985
2000-09-07,,,,,,1111.0,31.1,8.279,7.7995
2000-09-08,,,,,,1109.5,31.1,8.2794,7.7985
2000-09-11,,,,,,1109.5,31.12,8.2786,7.7987
2000-09-12,,,,,,1109.5,31.11,8.2787,7.7987
2000-09-13,,,,,,1110.0,31.12,8.277,7.7985
2000-09-14,,,,,,1115.2,31.13,8.2773,7.7988
2000-09-15,,,,,,1119.9,31.17,8.2771,7.7973
2000-09-18,,,,,,1140.0,31.29,8.2772,7.7972
2000-09-19,,,,,,1127.0,31.28,8.2779,7.7986
2000-09-20,,,,,,1127.0,31.29,8.2775,7.799
2000-09-21,,,,,,1128.0,31.28,8.2778,7.7993
2000-09-22,,,,,,1135.0,31.21,8.2787,7.7983
2000-09-25,,,,,,1126.0,31.29,8.2793,7.7986
2000-09-26,,,,,,1120.0,31.28,8.2791,7.799
2000-09-27,,,,,,1114.0,31.29,8.2795,7.7983
2000-09-28,,,,,,1115.9,31.29,8.2799,7.7978
2000-09-29,,,,,,1115.3,31.324,8.2798,7.7971
2000-10-01,,,,,99.6,,,,
2000-10-02,,,,,,1118.18,31.29,8.279,7.797
2000-10-03,,,,,,1120.0,31.32,8.279,7.7942
2000-10-04,,,,,,1120.0,31.3,8.279,7.794
2000-10-05,,,,,,1120.0,31.3,8.279,7.7963
2000-10-06,,,,,,1119.0,31.31,8.279,7.796
2000-10-09,,,,,,,,,
2000-10-10,,,,,,1121.9,31.31,8.2789,7.797
2000-10-11,,,,,,1124.0,31.33,8.2786,7.7985
2000-10-12,,,,,,1124.0,31.3,8.2786,7.7968
2000-10-13,,,,,,1132.0,31.6,8.2784,7.7975
2000-10-16,,,,,,1130.0,32.05,8.2781,7.798
2000-10-17,,,,,,1136.0,32.3,8.2784,7.7975
2000-10-18,,,,,,1140.0,32.5,8.2781,7.798
2000-10-19,,,,,,1140.0,32.35,8.278,7.797
2000-10-20,,,,,,1132.0,32.15,8.2778,7.7975
2000-10-23,,,,,,1141.0,32.1,8.2784,7.7987
2000-10-24,,,,,,1138.0,32.05,8.2784,7.7991
2000-10-25,,,,,,1140.0,32.05,8.2782,7.799
2000-10-26,,,,,,1140.0,32.19,8.2785,7.8001
2000-10-27,,,,,,1138.0,32.26,8.2788,7.7995
2000-10-30,,,,,,1140.0,32.35,8.278,7.7997
2000-10-31,,,,,,1139.0,32.35,8.2775,7.7995
2000-11-01,,,,,99.2,1138.3,32.36,8.2773,7.797
2000-11-02,,,,,,1134.8,32.25,8.277,7.7951
2000-11-03,,,,,,1136.3,32.15,8.2768,7.7974
2000-11-06,,,,,,1135.0,32.15,8.2771,7.7982
2000-11-07,,,,,,1139.0,32.15,8.2769,7.7985
2000-11-08,,,,,,1136.5,32.13,8.2772,7.799
2000-11-09,,,,,,1132.0,32.1,8.2768,7.799
2000-11-10,,,,,,1137.0,32.07,8.2772,7.7992
2000-11-13,,,,,,1141.0,32.17,8.2768,7.7991
2000-11-14,,,,,,1139.0,32.18,8.2773,7.7995
2000-11-15,,,,,,1138.7,32.15,8.2768,7.7995
2000-11-16,,,,,,1141.3,32.24,8.2773,7.799
2000-11-17,,,,,,1144.5,32.31,8.2769,7.7998
2000-11-20,,,,,,1157.0,32.48,8.2779,7.7999
2000-11-21,,,,,,1168.0,32.5,8.2786,7.7999
2000-11-22,,,,,,1179.0,32.9,8.2782,7.8
2000-11-23,,,,,,,,,
2000-11-24,,,,,,1191.0,32.9,8.2779,7.8
2000-11-27,,,,,,1189.0,32.9,8.278,7.8
2000-11-28,,,,,,1189.0,32.85,8.2777,7.8005
2000-11-29,,,,,,1204.0,33.08,8.2774,7.7999
2000-11-30,,,,,,1217.0,33.08,8.2777,7.8
2000-12-01,,,,,99.3,1211.0,33.05,8.2775,7.8001
2000-12-04,,,,,,1220.0,33.05,8.2771,7.7995
2000-12-05,,,,,,1204.0,33.05,8.277,7.8
2000-12-06,,,,,,1201.0,33.05,8.277,7.7974
2000-12-07,,,,,,1201.0,33.08,8.277,7.7975
2000-12-08,,,,,,1192.0,33.06,8.2769,7.7963
2000-12-11,,,,,,1184.0,33.1,8.2773,7.7969
2000-12-12,,,,,,1191.0,33.06,8.2771,7.7974
2000-12-13,,,,,,1192.1,33.16,8.277,7.8003
2000-12-14,,,,,,1203.0,33.1,8.2768,7.8003
2000-12-15,,,,,,1208.0,33.1,8.2768,7.8
2000-12-18,,,,,,1206.0,33.1,8.2774,7.8
2000-12-19,,,,,,1209.0,33.1,8.2772,7.7997
2000-12-20,,,,,,1218.0,33.18,8.2769,7.8002
2000-12-21,,,,,,1228.8,33.2,8.2768,7.7993
2000-12-22,,,,,,1237.3,33.2,8.2777,7.7999
2000-12-25,,,,,,,,,
2000-12-26,,,,,,1252.5,33.2,8.2769,7.7993
2000-12-27,,,,,,1260.0,33.25,8.277,7.7988
2000-12-28,,,,,,1253.0,33.2,8.2781,7.799
2000-12-29,,,,,,1267.0,33.17,8.2774,7.7999
2001-01-01,,,,,98.5,,,,
2001-01-02,,,,,,1279.0,33.0,8.2779,7.8
2001-01-03,,,,,,1271.5,33.078,8.2773,7.8
2001-01-04,,,,,,1265.0,33.0,8.2781,7.7998
2001-01-05,,,,,,1264.7,32.927,8.2775,7.7993
2001-01-08,,,,,,1263.6,32.85,8.2778,7.7998
2001-01-09,,,,,,1253.3,32.63,8.2771,7.8
2001-01-10,,,,,,1270.0,32.65,8.2769,7.8
2001-01-11,,,,,,1279.2,32.67,8.2767,7.8
2001-01-12,,,,,,1279.2,32.67,8.2768,7.8001
2001-01-15,,,,,,,,,
2001-01-16,,,,,,1283.8,32.645,8.2766,7.7997
2001-01-17,,,,,,1279.0,32.67,8.2764,7.8
2001-01-18,,,,,,1286.0,32.67,8.2764,7.7997
2001-01-19,,,,,,1276.12,32.61,8.2764,7.7997
2001-01-22,,,,,,1275.1,32.59,8.2782,7.7997
2001-01-23,,,,,,1275.1,32.6,8.2786,7.7996
2001-01-24,,,,,,1275.8,32.6,8.2786,7.8
2001-01-25,,,,,,1277.5,32.575,8.2786,7.7997
2001-01-26,,,,,,1281.9,32.575,8.2786,7.7995
2001-01-29,,,,,,1266.0,32.545,8.2786,7.7999
2001-01-30,,,,,,1265.5,32.23,8.2786,7.7995
2001-01-31,,,,,,1258.0,32.35,8.2781,7.7995
2001-02-01,,,,,97.9,1257.0,32.39,8.2772,7.799
2001-02-02,,,,,,1249.5,32.3,8.2774,7.7993
2001-02-05,,,,,,1263.0,32.33,8.277,7.7994
2001-02-06,,,,,,1259.0,32.27,8.2766,7.8
2001-02-07,,,,,,1270.0,32.27,8.2765,7.8
2001-02-08,,,,,,1267.0,32.27,8.2763,7.8
2001-02-09,,,,,,1265.0,32.27,8.2764,7.7998
2001-02-12,,,,,,1264.1,32.29,8.2774,7.8
2001-02-13,,,,,,1255.5,32.35,8.2765,7.8
2001-02-14,,,,,,1252.5,32.32,8.2764,7.7999
2001-02-15,,,,,,1242.0,32.31,8.2772,7.8
2001-02-16,,,,,,1244.0,32.32,8.277,7.8
2001-02-19,,,,,,,,,
2001-02-20,,,,,,1234.0,32.3,8.2767,7.8
2001-02-21,,,,,,1240.0,32.3,8.2772,7.8
2001-02-22,,,,,,1241.1,32.38,8.2769,7.8
2001-02-23,,,,,,1249.1,32.4,8.2774,7.7999
2001-02-26,,,,,,1247.1,32.4,8.2776,7.7999
2001-02-27,,,,,,1249.5,32.4,8.2781,7.8
2001-02-28,,,,,,1254.8,32.4,8.2783,7.8
2001-03-01,,,,,97.3,1253.1,32.38,8.2778,7.8
2001-03-02,,,,,,1268.0,32.4,8.2782,7.8
2001-03-05,,,,,,1275.0,32.4,8.2777,7.8002
2001-03-06,,,,,,1265.5,32.4,8.2778,7.8002
2001-03-07,,,,,,1274.5,32.42,8.2773,7.8001
2001-03-08,,,,,,1272.0,32.42,8.277,7.8
2001-03-09,,,,,,1269.1,32.45,8.2774,7.7997
2001-03-12,,,,,,1280.0,32.48,8.2784,7.7999
2001-03-13,,,,,,1276.0,32.57,8.2783,7.7998
2001-03-14,,,,,,1278.0,32.53,8.2778,7.7999
2001-03-15,,,,,,1286.0,32.61,8.2776,7.8001
2001-03-16,,,,,,1295.0,32.73,8.2771,7.7997
2001-03-19,,,,,,1298.0,32.8,8.2772,7.7995
2001-03-20,,,,,,1297.01,32.785,8.2772,7.7996
2001-03-21,,,,,,1310.0,32.82,8.2771,7.7995
2001-03-22,,,,,,1324.0,32.92,8.2768,7.7994
2001-03-23,,,,,,1310.0,32.85,8.2773,7.7998
2001-03-26,,,,,,1310.7,32.72,8.2771,7.8
2001-03-27,,,,,,1312.0,32.67,8.2773,7.8
2001-03-28,,,,,,1302.0,32.67,8.2777,7.8003
2001-03-29,,,,,,1323.0,32.8,8.2779,7.7998
2001-03-30,,,,,,1332.0,32.85,8.2777,7.8003
2001-04-01,,,,,96.8,,,,
2001-04-02,,,,,,1350.0,32.97,8.2776,7.7983
2001-04-03,,,,,,1350.0,32.89,8.2772,7.799
2001-04-04,,,,,,1369.0,33.0,8.2771,7.7986
2001-04-05,,,,,,1352.0,32.9,8.2768,7.799
2001-04-06,,,,,,1342.1,32.9,8.2767,7.7987
2001-04-09,,,,,,1341.9,33.0,8.277,7.799
2001-04-10,,,,,,1334.0,32.99,8.2769,7.8
2001-04-11,,,,,,1326.0,32.97,8.2769,7.799
2001-04-12,,,,,,1316.1,32.92,8.2772,7.7994
2001-04-13,,,,,,1325.3,32.97,8.2769,7.7994
2001-04-16,,,,,,1330.0,32.95,8.2769,7.7995
2001-04-17,,,,,,1325.0,32.97,8.2775,7.8
2001-04-18,,,,,,1316.0,32.97,8.2775,7.8
2001-04-19,,,,,,1299.0,32.85,8.2773,7.7995
2001-04-20,,,,,,1313.1,32.91,8.2775,7.7998
2001-04-23,,,,,,1314.5,32.94,8.277,7.7991
2001-04-24,,,,,,1307.0,32.92,8.2769,7.7991
2001-04-25,,,,,,1307.9,32.93,8.2767,7.8
2001-04-26,,,,,,1317.0,32.89,8.2769,7.7999
2001-04-27,,,,,,1328.0,32.97,8.2773,7.7993
2001-04-30,,,,,,1319.0,32.94,8.2774,7.799
2001-05-01,,,,,96.4,1319.0,32.95,8.2774,7.7993
2001-05-02,,,,,,1310.0,32.9,8.2774,7.7998
2001-05-03,,,,,,1296.0,32.89,8.2774,7.7991
2001-05-04,,,,,,1292.5,32.91,8.2774,7.7995
2001-05-07,,,,,,1297.1,32.9,8.2774,7.7995
2001-05-08,,,,,,1304.0,32.91,8.2785,7.7997
2001-05-09,,,,,,1301.9,32.91,8.2775,7.8
2001-05-10,,,,,,1307.0,32.92,8.2771,7.8
2001-05-11,,,,,,1298.0,32.92,8.2771,7.7999
2001-05-14,,,,,,1298.0,32.89,8.2771,7.8
2001-05-15,,,,,,1303.7,32.95,8.2709,7.8
2001-05-16,,,,,,1310.0,33.0,8.2769,7.8
2001-05-17,,,,,,1302.1,33.0,8.2767,7.8
2001-05-18,,,,,,1304.1,32.98,8.2768,7.8
2001-05-21,,,,,,1303.0,33.45,8.2778,7.7998
2001-05-22,,,,,,1305.0,33.47,8.2774,7.8003
2001-05-23,,,,,,1287.0,33.45,8.2771,7.7999
2001-05-24,,,,,,1286.0,33.5,8.277,7.8
2001-05-25,,,,,,1289.3,33.55,8.2771,7.8002
2001-05-28,,,,,,,,,
2001-05-29,,,,,,1290.0,34.05,8.2768,7.7999
2001-05-30,,,,,,1290.0,34.02,8.2777,7.8
2001-05-31,,,,,,1282.0,33.95,8.277,7.7998
2001-06-01,,,,,96.4,1286.0,34.1,8.2777,7.8
2001-06-04,,,,,,1285.0,34.1,8.277,7.8
2001-06-05,,,,,,1287.0,34.08,8.2769,7.7998
2001-06-06,,,,,,1286.0,34.1,8.2772,7.7998
2001-06-07,,,,,,1286.0,34.1,8.2767,7.8
2001-06-08,,,,,,1286.0,34.1,8.2767,7.7994
2001-06-11,,,,,,1289.0,34.1,8.2767,7.799
2001-06-12,,,,,,1291.0,34.1,8.2771,7.7991
2001-06-13,,,,,,1293.0,34.43,8.2779,7.799
2001-06-14,,,,,,1293.0,34.418,8.2773,7.7992
2001-06-15,,,,,,1293.0,34.48,8.277,7.7995
2001-06-18,,,,,,1293.0,34.48,8.277,7.7998
2001-06-19,,,,,,1305.0,34.48,8.2779,7.7999
2001-06-20,,,,,,1305.0,34.48,8.277,7.7998
2001-06-21,,,,,,1303.0,34.45,8.2769,7.7997
2001-06-22,,,,,,1304.0,34.5,8.2767,7.7998
2001-06-25,,,,,,1303.0,34.45,8.2768,7.7998
2001-06-26,,,,,,1301.0,34.44,8.2768,7.8
2001-06-27,,,,,,1300.0,34.5,8.2768,7.7998
2001-06-28,,,,,,1304.0,34.52,8.277,7.7998
2001-06-29,,,,,,1303.0,34.48,8.2767,7.8
2001-07-01,,,,,95.3,,,,
2001-07-02,,,,,,1303.0,34.47,8.277,7.8
2001-07-03,,,,,,1295.0,34.45,8.2767,7.8
2001-07-04,,,,,,,,,
2001-07-05,,,,,,1297.0,34.51,8.2767,7.8003
2001-07-06,,,,,,1299.0,34.52,8.2768,7.8
2001-07-09,,,,,,1297.0,34.6,8.2767,7.8
2001-07-10,,,,,,1300.0,34.7,8.277,7.7999
2001-07-11,,,,,,1309.0,35.03,8.2769,7.8
2001-07-12,,,,,,1301.0,35.0,8.2769,7.8
2001-07-13,,,,,,1308.0,35.02,8.2767,7.7999
2001-07-16,,,,,,1315.0,35.0,8.2767,7.8
2001-07-17,,,,,,1316.0,35.05,8.2769,7.8
2001-07-18,,,,,,1312.0,35.0,8.277,7.8
2001-07-19,,,,,,1305.0,35.02,8.2768,7.7999
2001-07-20,,,,,,1305.0,35.0,8.2768,7.7998
2001-07-23,,,,,,1315.0,34.95,8.277,7.7998
2001-07-24,,,,,,1315.0,34.95,8.2773,7.7998
2001-07-25,,,,,,1310.0,34.87,8.277,7.7999
2001-07-26,,,,,,1300.0,34.77,8.2771,7.7998
2001-07-27,,,,,,1300.0,34.77,8.277,7.7996
2001-07-30,,,,,,1305.0,34.77,8.2767,7.7998
2001-07-31,,,,,,1303.0,34.8,8.277,7.7997
2001-08-01,,,,,95.2,1297.0,34.77,8.2769,7.7998
2001-08-02,,,,,,1289.0,34.56,8.2768,7.7995
2001-08-03,,,,,,1287.0,34.65,8.2768,7.7992
2001-08-06,,,,,,1294.0,34.67,8.277,7.7992
2001-08-07,,,,,,1290.0,34.7,8.2772,7.7995
2001-08-08,,,,,,1285.0,34.65,8.2773,7.7995
2001-08-09,,,,,,1289.0,34.7,8.2773,7.7997
2001-08-10,,,,,,1284.0,34.67,8.2768,7.7992
2001-08-13,,,,,,1284.0,34.65,8.2771,7.7996
2001-08-14,,,,,,1289.0,34.6,8.2773,7.7995
2001-08-15,,,,,,1284.0,34.6,8.2771,7.7997
2001-08-16,,,,,,1284.0,34.6,8.277,7.7998
2001-08-17,,,,,,1284.0,34.6,8.2768,7.7997
2001-08-20,,,,,,1286.0,34.65,8.2768,7.7997
2001-08-21,,,,,,1284.0,34.62,8.2768,7.7999
2001-08-22,,,,,,1283.0,34.65,8.2769,7.7997
2001-08-23,,,,,,1284.0,34.67,8.2768,7.7998
2001-08-24,,,,,,1281.0,34.67,8.2773,7.7999
2001-08-27,,,,,,1281.0,34.64,8.277,7.7999
2001-08-28,,,,,,1281.0,34.64,8.2768,7.8
2001-08-29,,,,,,1282.0,34.56,8.2769,7.7999
2001-08-30,,,,,,1284.0,34.6,8.2767,7.7999
2001-08-31,,,,,,1284.0,34.58,8.2769,7.7998
2001-09-01,,,,,95.2,,,,
2001-09-03,,,,,,,,,
2001-09-04,,,,,,1281.0,34.58,8.2768,7.7998
2001-09-05,,,,,,1282.0,34.62,8.277,7.7999
2001-09-06,,,,,,1282.0,34.65,8.2768,7.8
2001-09-07,,,,,,1290.0,34.7,8.2767,7.8001
2001-09-10,,,,,,1290.0,34.7,8.2767,7.7998
2001-09-11,,,,,,,,,
2001-09-12,,,,,,1284.5,34.58,8.2769,7.7984
2001-09-13,,,,,,1290.0,34.544,8.2768,7.7993
2001-09-14,,,,,,1295.0,34.57,8.2766,7.7996
2001-09-17,,,,,,1298.5,34.562,8.2767,7.7993
2001-09-18,,,,,,1296.0,34.52,8.2768,7.7994
2001-09-19,,,,,,1287.0,34.49,8.2766,7.7987
2001-09-20,,,,,,1298.0,34.61,8.2766,7.8
2001-09-21,,,,,,1298.0,34.61,8.2767,7.8003
2001-09-24,,,,,,1307.0,34.56,8.277,7.8001
2001-09-25,,,,,,1308.0,34.62,8.2772,7.8001
2001-09-26,,,,,,1300.0,34.5,8.2769,7.7999
2001-09-27,,,,,,1300.0,34.55,8.2769,7.7998
2001-09-28,,,,,,1302.0,34.56,8.2768,7.7996
2001-10-01,,,,,94.6,1308.0,34.6,8.2768,7.7992
2001-10-02,,,,,,1309.0,34.62,8.2768,7.7993
2001-10-03,,,,,,1309.0,34.61,8.2768,7.7995
2001-10-04,,,,,,1313.0,34.61,8.2768,7.7998
2001-10-05,,,,,,1312.0,34.6,8.2768,7.7999
2001-10-08,,,,,,,,,
2001-10-09,,,,,,1307.0,34.6,8.2769,7.7999
2001-10-10,,,,,,1308.0,34.6,8.2768,7.8
2001-10-11,,,,,,1302.0,34.6,8.2766,7.7999
2001-10-12,,,,,,1299.0,34.53,8.2765,7.8
2001-10-15,,,,,,1299.0,34.58,8.2766,7.8
2001-10-16,,,,,,1300.0,34.58,8.2767,7.8001
2001-10-17,,,,,,1300.0,34.58,8.2769,7.8001
2001-10-18,,,,,,1300.0,34.58,8.277,7.8002
2001-10-19,,,,,,1302.0,34.58,8.2768,7.799
2001-10-22,,,,,,1303.0,34.58,8.277,7.799
2001-10-23,,,,,,1304.0,34.58,8.2768,7.8
2001-10-24,,,,,,1296.0,34.58,8.2767,7.8
2001-10-25,,,,,,1296.0,34.59,8.2769,7.8003
2001-10-26,,,,,,1297.0,34.57,8.277,7.8003
2001-10-29,,,,,,1294.0,34.55,8.277,7.8
2001-10-30,,,,,,1298.0,34.55,8.2768,7.8001
2001-10-31,,,,,,1296.0,34.55,8.2768,7.8002
2001-11-01,,,,,94.6,1296.0,34.55,8.2769,7.8003
2001-11-02,,,,,,1296.0,34.55,8.2769,7.8001
2001-11-05,,,,,,1296.0,34.55,8.2768,7.8001
2001-11-06,,,,,,1295.0,34.55,8.2767,7.8001
2001-11-07,,,,,,1292.0,34.55,8.2766,7.8
2001-11-08,,,,,,1285.0,34.5,8.2766,7.8
2001-11-09,,,,,,1283.0,34.5,8.2766,7.8
2001-11-12,,,,,,,,,
2001-11-13,,,,,,1288.0,34.5,8.2765,7.8001
2001-11-14,,,,,,1284.0,34.48,8.2767,7.8004
2001-11-15,,,,,,1283.0,34.5,8.277,7.8
2001-11-16,,,,,,1283.0,34.5,8.2771,7.7997
2001-11-19,,,,,,1284.0,34.5,8.277,7.7993
2001-11-20,,,,,,1283.0,34.5,8.2769,7.7991
2001-11-21,,,,,,1280.0,34.47,8.2769,7.799
2001-11-22,,,,,,,,,
2001-11-23,,,,,,1270.0,34.47,8.2769,7.8
2001-11-26,,,,,,1265.0,34.47,8.277,7.7992
2001-11-27,,,,,,1265.0,34.46,8.277,7.7992
2001-11-28,,,,,,1272.0,34.44,8.2772,7.7986
2001-11-29,,,,,,1269.0,34.44,8.2774,7.7985
2001-11-30,,,,,,1273.0,34.47,8.2772,7.7988
2001-12-01,,,,,93.8,,,,
2001-12-03,,,,,,1278.0,34.46,8.277,7.799
2001-12-04,,,,,,1274.1,34.46,8.2771,7.7995
2001-12-05,,,,,,1270.9,34.46,8.2772,7.7998
2001-12-06,,,,,,1274.4,34.46,8.2773,7.7997
2001-12-07,,,,,,1274.0,34.46,8.2772,7.7992
2001-12-10,,,,,,1282.6,34.48,8.277,7.7994
2001-12-11,,,,,,1278.3,34.46,8.2768,7.7996
2001-12-12,,,,,,1274.4,34.46,8.2768,7.7998
2001-12-13,,,,,,1274.6,34.46,8.2767,7.7999
2001-12-14,,,,,,1285.9,34.5,8.2768,7.7999
2001-12-17,,,,,,1293.5,34.58,8.2769,7.7997
2001-12-18,,,,,,1291.9,34.71,8.2768,7.7995
2001-12-19,,,,,,1292.2,34.73,8.2767,7.7988
2001-12-20,,,,,,1300.2,34.76,8.2766,7.7985
2001-12-21,,,,,,1308.9,34.92,8.2767,7.797
2001-12-24,,,,,,1308.2,34.97,8.2766,7.798
2001-12-25,,,,,,,,,
2001-12-26,,,,,,1318.0,35.1,8.2766,7.797
2001-12-27,,,,,,1329.1,35.13,8.2676,7.7975
2001-12-28,,,,,,1323.0,35.08,8.277,7.7973
2001-12-31,,,,,,1313.5,35.0,8.2766,7.798
2002-01-01,,,,,93.6,,,,
2002-01-02,,,,,,1317.4,35.04,8.2766,7.798
2002-01-03,,,,,,1312.7,35.03,8.2766,7.7985
2002-01-04,,,,,,1308.7,35.0,8.2768,7.7985
2002-01-07,,,,,,1302.0,34.94,8.2767,7.799
2002-01-08,,,,,,1309.5,35.04,8.2766,7.7991
2002-01-09,,,,,,1311.9,35.05,8.2767,7.7987
2002-01-10,,,,,,1312.3,35.03,8.2766,7.7985
2002-01-11,,,,,,1315.5,35.05,8.2768,7.7987
2002-01-14,,,,,,1312.3,35.03,8.28,7.7988
2002-01-15,,,,,,1316.9,35.0,8.28,7.799
2002-01-16,,,,,,1315.8,35.0,8.28,7.799
2002-01-17,,,,,,1317.3,35.03,8.2768,7.7985
2002-01-18,,,,,,1320.5,35.03,8.2767,7.7991
2002-01-21,,,,,,,,,
2002-01-22,,,,,,1320.4,35.08,8.2767,7.7995
2002-01-23,,,,,,1331.5,35.08,8.2765,7.7995
2002-01-24,,,,,,1330.5,35.08,8.2767,7.7995
2002-01-25,,,,,,1327.6,35.06,8.2765,7.8
2002-01-28,,,,,,1321.3,35.02,8.2767,7.797
2002-01-29,,,,,,1313.6,35.0,8.2766,7.7995
2002-01-30,,,,,,1311.0,34.99,8.2765,7.7998
2002-01-31,,,,,,1314.4,34.99,8.2765,7.7995
2002-02-01,,,,,93.4,1317.6,35.0,8.2766,7.7998
2002-02-04,,,,,,1322.5,35.05,8.2766,7.7999
2002-02-05,,,,,,1316.8,34.99,8.2765,7.7998
2002-02-06,,,,,,1316.7,35.02,8.2767,7.7998
2002-02-07,,,,,,1318.2,35.03,8.2766,7.7996
2002-02-08,,,,,,1320.2,35.08,8.2767,7.7993
2002-02-11,,,,,,1320.2,35.08,8.2768,7.7997
2002-02-12,,,,,,1320.2,35.08,8.2768,7.7998
2002-02-13,,,,,,1324.5,35.08,8.2768,7.7997
2002-02-14,,,,,,1316.2,35.08,8.2768,7.7998
2002-02-15,,,,,,1315.2,35.1,8.2768,7.7995
2002-02-18,,,,,,,,,
2002-02-19,,,,,,1321.0,35.1,8.277,7.7994
2002-02-20,,,,,,1320.0,35.1,8.2768,7.7995
2002-02-21,,,,,,1318.8,35.1,8.2766,7.7994
2002-02-22,,,,,,1322.0,35.1,8.2765,7.7994
2002-02-25,,,,,,1323.9,35.09,8.2765,7.7995
2002-02-26,,,,,,1325.4,35.09,8.2767,7.7994
2002-02-27,,,,,,1327.3,35.11,8.2765,7.7991
2002-02-28,,,,,,1323.8,35.11,8.2765,7.7995
2002-03-01,,,,,93.3,1323.8,35.1,8.2766,7.7998
2002-03-04,,,,,,1318.2,35.09,8.2767,7.7995
2002-03-05,,,,,,1316.4,35.07,8.277,7.7997
2002-03-06,,,,,,1316.3,35.03,8.2766,7.7998
2002-03-07,,,,,,1314.5,34.99,8.2771,7.7997
2002-03-08,,,,,,1314.3,34.95,8.2771,7.8
2002-03-11,,,,,,1317.0,34.95,8.2769,7.7995
2002-03-12,,,,,,1318.5,34.95,8.2767,7.7999
2002-03-13,,,,,,1320.5,34.98,8.28,7.7999
2002-03-14,,,,,,1320.5,34.98,8.2774,7.7998
2002-03-15,,,,,,1322.8,34.99,8.278,7.7996
2002-03-18,,,,,,1325.5,35.03,8.2773,7.7994
2002-03-19,,,,,,1326.5,35.05,8.2775,7.7994
2002-03-20,,,,,,1325.8,35.05,8.2774,7.7997
2002-03-21,,,,,,1326.8,35.04,8.2772,7.7998
2002-03-22,,,,,,1328.4,35.04,8.277,7.7997
2002-03-25,,,,,,1331.5,35.05,8.2769,7.7998
2002-03-26,,,,,,1329.3,35.04,8.2771,7.7994
2002-03-27,,,,,,1331.5,35.02,8.2772,7.7993
2002-03-28,,,,,,1327.0,35.01,8.2774,7.7999
2002-03-29,,,,,,1325.9,35.0,8.2774,7.8
2002-04-01,,,,,93.0,1327.5,35.0,8.278,7.7996
2002-04-02,,,,,,1329.0,35.01,8.2772,7.7996
2002-04-03,,,,,,1329.0,35.0,8.2773,7.7997
2002-04-04,,,,,,1330.5,35.0,8.2771,7.7996
2002-04-05,,,,,,1330.5,35.0,8.277,7.7997
2002-04-08,,,,,,1328.2,34.98,8.277,7.7998
2002-04-09,,,,,,1329.6,34.98,8.2769,7.7998
2002-04-10,,,,,,1329.2,34.98,8.2771,7.7997
2002-04-11,,,,,,1330.0,34.99,8.2772,7.7999
2002-04-12,,,,,,1332.0,35.0,8.2772,7.7997
2002-04-15,,,,,,1327.9,34.99,8.2771,7.8095
2002-04-16,,,,,,1325.6,34.98,8.2772,7.7995
2002-04-17,,,,,,1318.7,34.96,8.2772,7.8002
2002-04-18,,,,,,1313.2,34.94,8.2772,7.7995
2002-04-19,,,,,,1312.2,34.9,8.2775,7.7995
2002-04-22,,,,,,1308.8,34.85,8.2772,7.7995
2002-04-23,,,,,,1306.3,34.81,8.2773,7.7995
2002-04-24,,,,,,1307.0,34.81,8.2774,7.7993
2002-04-25,,,,,,1297.6,34.78,8.2774,7.7993
2002-04-26,,,,,,1297.6,34.77,8.2773,7.7994
2002-04-29,,,,,,1293.6,34.73,8.277,7.7995
2002-04-30,,,,,,1294.0,34.72,8.2773,7.7992
2002-05-01,,,,,92.8,1294.0,34.72,8.2773,7.7991
2002-05-02,,,,,,1288.0,34.65,8.2773,7.7992
2002-05-03,,,,,,1284.0,34.59,8.2773,7.7992
2002-05-06,,,,,,1281.2,34.57,8.2774,7.7993
2002-05-07,,,,,,1279.5,34.57,8.2774,7.7994
2002-05-08,,,,,,1285.4,34.59,8.2775,7.799
2002-05-09,,,,,,1282.4,34.61,8.2772,7.7994
2002-05-10,,,,,,1280.0,34.57,8.2771,7.7994
2002-05-13,,,,,,1277.4,34.55,8.2769,7.7992
2002-05-14,,,,,,1279.3,34.58,8.277,7.7993
2002-05-15,,,,,,1277.5,34.57,8.2769,7.7992
2002-05-16,,,,,,1269.8,34.54,8.2768,7.799
2002-05-17,,,,,,1261.6,34.46,8.2769,7.799
2002-05-20,,,,,,1253.6,34.41,8.2769,7.799
2002-05-21,,,,,,1249.6,34.37,8.2769,7.7994
2002-05-22,,,,,,1242.2,34.34,8.277,7.7997
2002-05-23,,,,,,1241.1,34.33,8.277,7.8001
2002-05-24,,,,,,1238.2,34.36,8.2771,7.7999
2002-05-27,,,,,,,,,
2002-05-28,,,,,,1232.5,34.28,8.2766,7.8
2002-05-29,,,,,,1229.3,34.21,8.2766,7.7999
2002-05-30,,,,,,1222.5,34.06,8.2766,7.7999
2002-05-31,,,,,,1219.3,34.05,8.2765,7.8
2002-06-01,,,,,92.6,,,,
2002-06-03,,,,,,1230.0,34.04,8.2767,7.8
2002-06-04,,,,,,1215.1,33.99,8.2768,7.8
2002-06-05,,,,,,1219.0,34.0,8.2769,7.7998
2002-06-06,,,,,,1230.0,34.07,8.277,7.8001
2002-06-07,,,,,,1233.0,34.06,8.277,7.7998
2002-06-10,,,,,,1225.5,34.06,8.277,7.8
2002-06-11,,,,,,1220.5,34.02,8.2768,7.7999
2002-06-12,,,,,,1228.6,34.02,8.2769,7.7993
2002-06-13,,,,,,1228.6,34.02,8.2769,7.8
2002-06-14,,,,,,1231.1,34.01,8.27,7.8
2002-06-17,,,,,,1225.1,34.0,8.2773,7.8
2002-06-18,,,,,,1229.0,34.02,8.2775,7.8005
2002-06-19,,,,,,1225.0,34.0,8.2774,7.8
2002-06-20,,,,,,1220.0,33.92,8.2772,7.8
2002-06-21,,,,,,1214.4,33.76,8.2771,7.8
2002-06-24,,,,,,1208.5,33.67,8.277,7.8
2002-06-25,,,,,,1208.7,33.64,8.2771,7.7999
2002-06-26,,,,,,1198.9,33.52,8.2772,7.8
2002-06-27,,,,,,1197.9,33.5,8.2771,7.8
2002-06-28,,,,,,1205.0,33.46,8.2771,7.8
2002-07-01,,,,,92.6,1201.3,33.47,8.277,7.8005
2002-07-02,,,,,,1200.8,33.49,8.2769,7.8
2002-07-03,,,,,,1202.8,33.5,8.2768,7.8
2002-07-04,,,,,,,,,
2002-07-05,,,,,,1199.9,33.48,8.2766,7.8
2002-07-08,,,,,,1195.0,33.41,8.2767,7.8
2002-07-09,,,,,,1177.2,33.28,8.2766,7.8
2002-07-10,,,,,,1174.4,33.18,8.2767,7.8
2002-07-11,,,,,,1174.5,33.18,8.2768,7.8
2002-07-12,,,,,,1177.0,33.18,8.2767,7.8
2002-07-15,,,,,,1171.6,33.11,8.2768,7.8
2002-07-16,,,,,,1166.8,33.0,8.2769,7.8
2002-07-17,,,,,,1166.8,32.85,8.2769,7.8
2002-07-18,,,,,,1169.8,32.89,8.2768,7.8
2002-07-19,,,,,,1165.6,32.87,8.2769,7.8
2002-07-22,,,,,,1160.6,32.88,8.277,7.8
2002-07-23,,,,,,1168.21,33.14,8.2771,7.8
2002-07-24,,,,,,1170.1,33.25,8.2769,7.8
2002-07-25,,,,,,1165.9,33.26,8.277,7.8
2002-07-26,,,,,,1185.4,33.54,8.2768,7.8
2002-07-29,,,,,,1195.0,33.76,8.2767,7.7999
2002-07-30,,,,,,1188.0,33.66,8.2766,7.8
2002-07-31,,,,,,1183.0,33.61,8.2767,7.8
2002-08-01,,,,,92.6,1182.8,33.52,8.2766,7.8
2002-08-02,,,,,,1184.3,33.57,8.2768,7.8
2002-08-05,,,,,,1197.5,33.68,8.2767,7.8
2002-08-06,,,,,,1209.0,33.88,8.2768,7.8
2002-08-07,,,,,,1206.0,33.75,8.2769,7.8
2002-08-08,,,,,,1206.7,33.85,8.2767,7.8
2002-08-09,,,,,,1203.5,33.77,8.2766,7.8
2002-08-12,,,,,,1201.0,33.72,8.2768,7.8
2002-08-13,,,,,,1204.0,33.7,8.2767,7.8
2002-08-14,,,,,,1186.3,33.59,8.2766,7.8
2002-08-15,,,,,,1186.0,33.68,8.2768,7.8
2002-08-16,,,,,,1188.9,33.74,8.2768,7.8
2002-08-19,,,,,,1194.0,33.84,8.2767,7.8
2002-08-20,,,,,,1195.0,33.9,8.2768,7.8
2002-08-21,,,,,,1192.0,34.0,8.2766,7.8
2002-08-22,,,,,,1193.7,34.02,8.2766,7.8
2002-08-23,,,,,,1202.5,34.12,8.2767,7.8
2002-08-26,,,,,,1205.3,34.24,8.2766,7.8
2002-08-27,,,,,,1199.8,34.24,8.2767,7.8005
2002-08-28,,,,,,1200.0,34.22,8.2768,7.8001
2002-08-29,,,,,,1205.0,34.18,8.2767,7.8
2002-08-30,,,,,,1201.9,34.24,8.2768,7.8
2002-09-01,,,,,92.5,,,,
2002-09-02,,,,,,,,,
2002-09-03,,,,,,1200.5,34.33,8.277,7.8
2002-09-04,,,,,,1195.1,34.24,8.2771,7.8
2002-09-05,,,,,,1191.2,34.12,8.2772,7.8
2002-09-06,,,,,,1196.6,34.12,8.277,7.8
2002-09-09,,,,,,1196.8,34.24,8.277,7.8
2002-09-10,,,,,,1194.1,34.3,8.277,7.8
2002-09-11,,,,,,1210.0,34.38,8.277,7.8
2002-09-12,,,,,,1201.0,34.41,8.2768,7.7997
2002-09-13,,,,,,1203.7,34.41,8.2768,7.8
2002-09-16,,,,,,1220.0,34.75,8.2768,7.7996
2002-09-17,,,,,,1218.6,34.78,8.2769,7.7996
2002-09-18,,,,,,1213.0,34.69,8.277,7.7999
2002-09-19,,,,,,1210.0,34.61,8.277,7.7998
2002-09-20,,,,,,1210.0,34.77,8.2769,7.8
2002-09-23,,,,,,1220.3,34.78,8.2771,7.7999
2002-09-24,,,,,,1232.0,34.81,8.2771,7.7997
2002-09-25,,,,,,1235.0,34.9,8.2769,7.8
2002-09-26,,,,,,1228.6,34.98,8.2772,7.7998
2002-09-27,,,,,,1227.9,34.92,8.2773,7.7997
2002-09-30,,,,,,1227.7,34.92,8.2774,7.7998
2002-10-01,,,,,91.5,1227.5,34.91,8.2774,7.7995
2002-10-02,,,,,,1230.4,34.97,8.2774,7.7997
2002-10-03,,,,,,1230.4,34.99,8.2774,7.7999
2002-10-04,,,,,,1232.4,34.99,8.2774,7.7998
2002-10-07,,,,,,1240.7,35.06,8.2774,7.7998
2002-10-08,,,,,,1254.0,35.12,8.2774,7.8
2002-10-09,,,,,,1246.5,35.11,8.2772,7.7998
2002-10-10,,,,,,1257.8,35.11,8.2771,7.7998
2002-10-11,,,,,,1260.3,35.16,8.277,7.8
2002-10-14,,,,,,,,,
2002-10-15,,,,,,1260.0,35.15,8.2768,7.8
2002-10-16,,,,,,1246.9,34.96,8.2768,7.7994
2002-10-17,,,,,,1249.0,34.85,8.2768,7.7993
2002-10-18,,,,,,1244.0,34.91,8.2768,7.7991
2002-10-21,,,,,,1240.0,34.9,8.2769,7.799
2002-10-22,,,,,,1250.0,34.92,8.2771,7.7991
2002-10-23,,,,,,1231.9,34.86,8.277,7.7992
2002-10-24,,,,,,1231.9,34.8,8.2771,7.7991
2002-10-25,,,,,,1231.6,34.8,8.2773,7.7992
2002-10-28,,,,,,1233.5,34.89,8.2774,7.799
2002-10-29,,,,,,1227.4,34.82,8.2773,7.7997
2002-10-30,,,,,,1234.0,34.8,8.2772,7.7995
2002-10-31,,,,,,1224.0,34.75,8.2771,7.7995
2002-11-01,,,,,91.7,1225.8,34.75,8.2772,7.7998
2002-11-04,,,,,,1223.0,34.65,8.2774,7.7993
2002-11-05,,,,,,1230.0,34.58,8.2771,7.7992
2002-11-06,,,,,,1229.0,34.64,8.2771,7.7993
2002-11-07,,,,,,1212.2,34.55,8.2771,7.7993
2002-11-08,,,,,,1202.0,34.46,8.2771,7.7995
2002-11-11,,,,,,,,,
2002-11-12,,,,,,1200.5,34.52,8.2771,7.7997
2002-11-13,,,,,,1197.2,34.57,8.2771,7.7994
2002-11-14,,,,,,1206.7,34.69,8.2771,7.7997
2002-11-15,,,,,,1203.3,34.66,8.2771,7.7997
2002-11-18,,,,,,1212.0,34.71,8.2771,7.8
2002-11-19,,,,,,1203.5,34.73,8.2771,7.7995
2002-11-20,,,,,,1211.5,34.82,8.2771,7.7996
2002-11-21,,,,,,1218.0,34.75,8.2771,7.7995
2002-11-22,,,,,,1206.9,34.71,8.2774,7.799
2002-11-25,,,,,,1215.0,34.75,8.2774,7.799
2002-11-26,,,,,,1201.1,34.72,8.2771,7.7987
2002-11-27,,,,,,1197.4,34.77,8.2772,7.799
2002-11-28,,,,,,,,,
2002-11-29,,,,,,1198.7,34.76,8.2773,7.7988
2002-12-01,,,,,91.3,,,,
2002-12-02,,,,,,1220.0,34.79,8.2773,7.7988
2002-12-03,,,,,,1217.6,34.84,8.2772,7.7987
2002-12-04,,,,,,1216.5,34.83,8.2773,7.799
2002-12-05,,,,,,1221.0,34.89,8.2771,7.799
2002-12-06,,,,,,1221.0,34.85,8.2773,7.7985
2002-12-09,,,,,,1209.0,34.76,8.2776,7.7989
2002-12-10,,,,,,1213.0,34.8,8.2771,7.799
2002-12-11,,,,,,1208.0,34.8,8.2773,7.799
2002-12-12,,,,,,1208.0,34.79,8.2773,7.799
2002-12-13,,,,,,1205.0,34.79,8.2771,7.7989
2002-12-16,,,,,,1203.4,34.75,8.2773,7.799
2002-12-17,,,,,,1204.0,34.74,8.2776,7.7986
2002-12-18,,,,,,1202.0,34.8,8.2774,7.798
2002-12-19,,,,,,1202.0,34.84,8.28,7.798
2002-12-20,,,,,,1205.0,34.8,8.28,7.7985
2002-12-23,,,,,,1201.0,34.77,8.2775,7.7986
2002-12-24,,,,,,1200.9,34.8,8.2776,7.799
2002-12-25,,,,,,,,,
2002-12-26,,,,,,1200.0,34.82,8.2773,7.7989
2002-12-27,,,,,,1198.0,34.83,8.2773,7.799
2002-12-30,,,,,,1197.2,34.79,8.2773,7.7992
2002-12-31,,,,,,1186.3,34.7,8.28,7.7988
2003-01-01,,,,,91.3,,,,
2003-01-02,,,,,,1190.0,34.74,8.28,7.7988
2003-01-03,,,,,,1197.3,34.76,8.2768,7.799
2003-01-06,,,,,,1189.0,34.6,8.28,7.7993
2003-01-07,,,,,,1185.0,34.55,8.2767,7.7999
2003-01-08,,,,,,1186.0,34.59,8.2766,7.7997
2003-01-09,,,,,,1182.0,34.51,8.2766,7.7993
2003-01-10,,,,,,1181.0,34.54,8.2767,7.7993
2003-01-13,,,,,,1177.0,34.51,8.2768,7.799
2003-01-14,,,,,,1176.0,34.48,8.28,7.7991
2003-01-15,,,,,,1175.0,34.44,8.277,7.799
2003-01-16,,,,,,1171.0,34.4,8.2771,7.799
2003-01-17,,,,,,1173.5,34.42,8.2771,7.7992
2003-01-20,,,,,,,,,
2003-01-21,,,,,,1178.0,34.63,8.2771,7.7995
2003-01-22,,,,,,1176.9,34.59,8.2771,7.7994
2003-01-23,,,,,,1166.1,34.61,8.2771,7.7994
2003-01-24,,,,,,1166.1,34.55,8.2768,7.7996
2003-01-27,,,,,,1164.6,34.51,8.2768,7.8
2003-01-28,,,,,,1173.0,34.7,8.2767,7.7996
2003-01-29,,,,,,1168.0,34.61,8.2768,7.8
2003-01-30,,,,,,1165.0,34.65,8.28,7.8
2003-01-31,,,,,,1165.0,34.61,8.2768,7.8001
2003-02-01,,,,,91.4,,,,
2003-02-03,,,,,,1184.0,34.61,8.2768,7.8
2003-02-04,,,,,,1177.0,34.74,8.28,7.8
2003-02-05,,,,,,1174.3,34.74,8.28,7.7997
2003-02-06,,,,,,1173.0,34.68,8.28,7.7998
2003-02-07,,,,,,1184.5,34.71,8.28,7.7996
2003-02-10,,,,,,1196.6,34.78,8.2773,7.7998
2003-02-11,,,,,,1206.0,34.71,8.2775,7.7995
2003-02-12,,,,,,1199.4,34.71,8.2778,7.7997
2003-02-13,,,,,,1203.5,34.71,8.2773,7.8
2003-02-14,,,,,,1196.5,34.819,8.2773,7.7995
2003-02-17,,,,,,,,,
2003-02-18,,,,,,1199.0,34.71,8.2772,7.7998
2003-02-19,,,,,,1193.0,34.71,8.2775,7.7997
2003-02-20,,,,,,1191.4,34.78,8.2776,7.7995
2003-02-21,,,,,,1194.0,34.75,8.2776,7.7991
2003-02-24,,,,,,1187.1,34.76,8.2777,7.7992
2003-02-25,,,,,,1192.0,34.72,8.2778,7.7989
2003-02-26,,,,,,1186.0,34.78,8.2774,7.799
2003-02-27,,,,,,1186.0,34.75,8.2775,7.7991
2003-02-28,,,,,,1193.7,34.78,8.2775,7.7991
2003-03-01,,,,,91.2,,,,
2003-03-03,,,,,,1184.6,34.78,8.2775,7.7987
2003-03-04,,,,,,1197.0,34.66,8.2774,7.7992
2003-03-05,,,,,,1199.2,34.62,8.2775,7.7992
2003-03-06,,,,,,1218.0,34.67,8.2776,7.799
2003-03-07,,,,,,1219.0,34.6,8.2774,7.7988
2003-03-10,,,,,,1243.0,34.58,8.2772,7.7991
2003-03-11,,,,,,1225.8,34.62,8.277,7.7991
2003-03-12,,,,,,1245.0,34.72,8.2771,7.7991
2003-03-13,,,,,,1241.0,34.74,8.2771,7.799
2003-03-14,,,,,,1241.5,34.71,8.2772,7.7992
2003-03-17,,,,,,1249.8,34.704,8.2772,7.7993
2003-03-18,,,,,,1254.8,34.71,8.2772,7.7989
2003-03-19,,,,,,1258.0,34.8,8.2773,7.7992
2003-03-20,,,,,,1245.0,34.76,8.2773,7.799
2003-03-21,,,,,,1254.0,34.79,8.2773,7.799
2003-03-24,,,,,,1251.1,34.78,8.2774,7.799
2003-03-25,,,,,,1251.0,34.78,8.2771,7.7992
2003-03-26,,,,,,1244.4,34.78,8.2775,7.7992
2003-03-27,,,,,,1247.0,34.8,8.2772,7.7993
2003-03-28,,,,,,1260.0,34.8,8.2771,7.7993
2003-03-31,,,,,,1252.0,34.75,8.2774,7.7995
2003-04-01,,,,,91.5,1262.0,34.8,8.2773,7.7995
2003-04-02,,,,,,1255.4,34.8,8.277,7.7993
2003-04-03,,,,,,1256.0,34.81,8.2771,7.7995
2003-04-04,,,,,,1258.0,34.825,8.2771,7.7996
2003-04-07,,,,,,1257.8,34.84,8.2772,7.7997
2003-04-08,,,,,,1253.5,34.82,8.2773,7.7996
2003-04-09,,,,,,1246.0,34.81,8.2774,7.7997
2003-04-10,,,,,,1230.0,34.8,8.2773,7.7997
2003-04-11,,,,,,1229.6,34.8,8.2772,7.7996
2003-04-14,,,,,,1225.0,34.81,8.2774,7.7997
2003-04-15,,,,,,1220.0,34.81,8.2773,7.7996
2003-04-16,,,,,,1217.0,34.8,8.2773,7.7997
2003-04-17,,,,,,1207.0,34.79,8.2771,7.7997
2003-04-18,,,,,,1204.0,34.79,8.277,7.7997
2003-04-21,,,,,,1209.0,34.81,8.2769,7.7997
2003-04-22,,,,,,1219.0,34.81,8.277,7.7997
2003-04-23,,,,,,1219.0,34.81,8.2772,7.7997
2003-04-24,,,,,,1220.5,34.86,8.2772,7.7998
2003-04-25,,,,,,1238.5,34.81,8.277,7.7998
2003-04-28,,,,,,1222.5,34.98,8.277,7.7993
2003-04-29,,,,,,1219.0,34.89,8.277,7.7994
2003-04-30,,,,,,1215.5,34.85,8.2771,7.7991
2003-05-01,,,,,91.3,1213.0,34.85,8.2771,7.7993
2003-05-02,,,,,,1213.0,34.8,8.2771,7.7993
2003-05-05,,,,,,1217.0,34.8,8.2771,7.7993
2003-05-06,,,,,,1201.0,34.7,8.277,7.7991
2003-05-07,,,,,,1199.0,34.7,8.2769,7.7992
2003-05-08,,,,,,1199.0,34.65,8.2768,7.799
2003-05-09,,,,,,1202.0,34.65,8.2768,7.7991
2003-05-12,,,,,,1192.0,34.65,8.277,7.7993
2003-05-13,,,,,,1196.0,34.7,8.277,7.7993
2003-05-14,,,,,,1200.0,34.7,8.2769,7.7988
2003-05-15,,,,,,1196.4,34.65,8.2768,7.7995
2003-05-16,,,,,,1199.9,34.65,8.277,7.7994
2003-05-19,,,,,,1195.0,34.6,8.2768,7.799
2003-05-20,,,,,,1202.0,34.6,8.2768,7.7991
2003-05-21,,,,,,1194.3,34.66,8.2769,7.7992
2003-05-22,,,,,,1195.4,34.69,8.2768,7.7991
2003-05-23,,,,,,1194.4,34.7,8.2769,7.799
2003-05-26,,,,,,,,,
2003-05-27,,,,,,1198.9,34.7,8.2768,7.7988
2003-05-28,,,,,,1200.5,34.726,8.277,7.7987
2003-05-29,,,,,,1207.1,34.75,8.277,7.7985
2003-05-30,,,,,,1210.0,34.71,8.2768,7.7987
2003-06-01,,,,,91.5,,,,
2003-06-02,,,,,,1203.0,34.7,8.2768,7.799
2003-06-03,,,,,,1201.5,34.7,8.2769,7.7987
2003-06-04,,,,,,1201.0,34.68,8.277,7.7988
2003-06-05,,,,,,1200.3,34.68,8.277,7.799
2003-06-06,,,,,,1200.3,34.68,8.277,7.7987
2003-06-09,,,,,,1196.7,34.68,8.2773,7.7983
2003-06-10,,,,,,1194.5,34.68,8.2768,7.7988
2003-06-11,,,,,,1195.4,34.7,8.277,7.7988
2003-06-12,,,,,,1193.4,34.7,8.2772,7.7993
2003-06-13,,,,,,1192.0,34.65,8.2768,7.799
2003-06-16,,,,,,1190.3,34.6,8.2769,7.7991
2003-06-17,,,,,,1185.0,34.52,8.2768,7.799
2003-06-18,,,,,,1185.0,34.55,8.2768,7.7989
2003-06-19,,,,,,1200.0,34.6,8.277,7.7993
2003-06-20,,,,,,1190.6,34.59,8.2772,7.7992
2003-06-23,,,,,,1190.3,34.6,8.2773,7.7988
2003-06-24,,,,,,1193.0,34.6,8.2774,7.7988
2003-06-25,,,,,,1187.2,34.56,8.2775,7.7984
2003-06-26,,,,,,1186.9,34.6,8.2775,7.7986
2003-06-27,,,,,,1194.6,34.61,8.2774,7.798
2003-06-30,,,,,,1196.0,34.61,8.2776,7.7984
2003-07-01,,,,,91.5,1192.0,34.58,8.2775,7.7984
2003-07-02,,,,,,1187.2,34.54,8.2775,7.7984
2003-07-03,,,,,,1183.7,34.45,8.2776,7.7983
2003-07-04,,,,,,,,,
2003-07-07,,,,,,1182.1,34.39,8.2773,7.7983
2003-07-08,,,,,,1180.3,34.35,8.2774,7.7989
2003-07-09,,,,,,1179.2,34.35,8.2776,7.7988
2003-07-10,,,,,,1178.5,34.25,8.2774,7.7992
2003-07-11,,,,,,1180.0,34.35,8.2772,7.7993
2003-07-14,,,,,,1176.3,34.35,8.2771,7.7998
2003-07-15,,,,,,1180.0,34.35,8.2772,7.7995
2003-07-16,,,,,,1180.0,34.41,8.277,7.7998
2003-07-17,,,,,,1180.0,34.41,8.2771,7.7997
2003-07-18,,,,,,1181.0,34.41,8.277,7.7995
2003-07-21,,,,,,1178.6,34.41,8.2768,7.7995
2003-07-22,,,,,,1183.0,34.41,8.277,7.7993
2003-07-23,,,,,,1180.9,34.4,8.2771,7.7994
2003-07-24,,,,,,1179.9,34.37,8.2772,7.7994
2003-07-25,,,,,,1180.2,34.37,8.2776,7.7997
2003-07-28,,,,,,1183.0,34.4,8.2775,7.7993
2003-07-29,,,,,,1178.7,34.37,8.2776,7.7995
2003-07-30,,,,,,1180.0,34.4,8.2773,7.7992
2003-07-31,,,,,,1181.0,34.41,8.2774,7.799
2003-08-01,,,,,91.4,1185.0,34.44,8.2772,7.7993
2003-08-04,,,,,,1182.0,34.47,8.2775,7.7992
2003-08-05,,,,,,1187.9,34.46,8.2775,7.7995
2003-08-06,,,,,,1186.0,34.43,8.2773,7.7996
2003-08-07,,,,,,1185.0,34.45,8.2774,7.7998
2003-08-08,,,,,,1181.1,34.45,8.2772,7.7998
2003-08-11,,,,,,1180.0,34.34,8.2773,7.7995
2003-08-12,,,,,,1179.0,34.35,8.277,7.7995
2003-08-13,,,,,,1179.8,34.33,8.2771,7.7995
2003-08-14,,,,,,1178.0,34.37,8.277,7.7994
2003-08-15,,,,,,1178.0,34.37,8.2768,7.7993
2003-08-18,,,,,,1180.0,34.32,8.2768,7.7995
2003-08-19,,,,,,1179.2,34.34,8.2767,7.7989
2003-08-20,,,,,,1175.6,34.3,8.2768,7.7987
2003-08-21,,,,,,1173.0,34.23,8.2766,7.7988
2003-08-22,,,,,,1168.0,34.21,8.2766,7.7987
2003-08-25,,,,,,1171.0,34.18,8.2768,7.799
2003-08-26,,,,,,1170.0,34.2,8.2768,7.7994
2003-08-27,,,,,,1178.0,34.13,8.277,7.7993
2003-08-28,,,,,,1179.0,34.19,8.2772,7.7995
2003-08-29,,,,,,1175.0,34.12,8.2772,7.7995
2003-09-01,,,,,91.7,,,,
2003-09-02,,,,,,1178.0,34.12,8.2771,7.7995
2003-09-03,,,,,,1174.3,34.15,8.2768,7.7995
2003-09-04,,,,,,1178.0,34.12,8.277,7.7994
2003-09-05,,,,,,1171.0,34.12,8.277,7.7995
2003-09-08,,,,,,1173.0,34.1,8.277,7.7999
2003-09-09,,,,,,1170.0,34.1,8.277,7.7995
2003-09-10,,,,,,1170.0,34.1,8.277,7.7994
2003-09-11,,,,,,1174.0,34.1,8.2772,7.7995
2003-09-12,,,,,,1174.0,34.1,8.2772,7.7993
2003-09-15,,,,,,1172.9,34.13,8.2774,7.7993
2003-09-16,,,,,,1170.0,34.1,8.2774,7.7996
2003-09-17,,,,,,1172.0,34.1,8.2775,7.7994
2003-09-18,,,,,,1171.0,34.11,8.2775,7.7994
2003-09-19,,,,,,1166.0,34.05,8.2773,7.7988
2003-09-22,,,,,,1152.0,33.8,8.2773,7.7795
2003-09-23,,,,,,1154.0,33.75,8.2773,7.7444
2003-09-24,,,,,,1150.5,33.78,8.277,7.76
2003-09-25,,,,,,1152.0,33.72,8.2771,7.76
2003-09-26,,,,,,1150.0,33.78,8.2773,7.751
2003-09-29,,,,,,1150.6,33.78,8.277,7.753
2003-09-30,,,,,,1150.2,33.78,8.2771,7.7445
2003-10-01,,,,,91.0,1151.9,33.83,8.2771,7.7395
2003-10-02,,,,,,1150.0,33.78,8.2771,7.731
2003-10-03,,,,,,1148.0,33.75,8.277,7.711
2003-10-06,,,,,,1151.5,33.78,8.277,7.7085
2003-10-07,,,,,,1149.0,33.78,8.277,7.7125
2003-10-08,,,,,,1150.0,33.79,8.277,7.7345
2003-10-09,,,,,,1148.7,33.73,8.277,7.7285
2003-10-10,,,,,,1146.0,33.72,8.277,7.7325
2003-10-13,,,,,,,,,
2003-10-14,,,,,,1175.0,33.9,8.2767,7.7495
2003-10-15,,,,,,1170.5,33.85,8.2767,7.7424
2003-10-16,,,,,,1174.9,33.82,8.2776,7.7415
2003-10-17,,,,,,1179.0,33.92,8.2766,7.7445
2003-10-20,,,,,,1182.0,33.9,8.2766,7.7495
2003-10-21,,,,,,1182.0,34.05,8.2765,7.753
2003-10-22,,,,,,1182.0,33.95,8.2766,7.752
2003-10-23,,,,,,1190.0,33.95,8.2766,7.753
2003-10-24,,,,,,1186.0,33.95,8.2768,7.7536
2003-10-27,,,,,,1183.0,33.95,8.2767,7.7541
2003-10-28,,,,,,1186.0,33.95,8.2766,7.7578
2003-10-29,,,,,,1179.0,33.95,8.2766,7.7595
2003-10-30,,,,,,1177.0,33.96,8.2767,7.7625
2003-10-31,,,,,,1184.0,33.98,8.2766,7.7684
2003-11-01,,,,,90.9,,,,
2003-11-03,,,,,,1186.0,34.02,8.2766,7.7673
2003-11-04,,,,,,1186.0,34.0,8.2767,7.7677
2003-11-05,,,,,,1187.0,34.06,8.2767,7.7685
2003-11-06,,,,,,1181.0,34.0,8.2769,7.769
2003-11-07,,,,,,1180.0,34.0,8.277,7.7692
2003-11-10,,,,,,1175.0,33.95,8.277,7.7475
2003-11-11,,,,,,,,,
2003-11-12,,,,,,1173.0,34.0,8.277,7.7623
2003-11-13,,,,,,1171.0,34.0,8.277,7.7618
2003-11-14,,,,,,1171.3,34.0,8.277,7.755
2003-11-17,,,,,,1183.0,34.01,8.2769,7.764
2003-11-18,,,,,,1181.0,34.0,8.2767,7.758
2003-11-19,,,,,,1178.0,34.0,8.2767,7.76
2003-11-20,,,,,,1191.9,34.03,8.2769,7.7615
2003-11-21,,,,,,1195.7,34.05,8.277,7.764
2003-11-24,,,,,,1207.0,34.06,8.2771,7.7675
2003-11-25,,,,,,1203.0,34.1,8.277,7.769
2003-11-26,,,,,,1203.0,34.17,8.2772,7.7675
2003-11-27,,,,,,,,,
2003-11-28,,,,,,1202.1,34.2,8.277,7.766
2003-12-01,,,,,90.9,1200.0,34.15,8.2772,7.767
2003-12-02,,,,,,1195.5,34.15,8.2772,7.7628
2003-12-03,,,,,,1196.0,34.1,8.2771,7.7641
2003-12-04,,,,,,1192.0,34.1,8.277,7.767
2003-12-05,,,,,,1191.0,34.11,8.2769,7.7635
2003-12-08,,,,,,1187.0,34.05,8.2771,7.7647
2003-12-09,,,,,,1186.0,34.03,8.2771,7.764
2003-12-10,,,,,,1186.0,34.04,8.277,7.7642
2003-12-11,,,,,,1187.8,34.03,8.2771,7.766
2003-12-12,,,,,,1185.1,34.03,8.2771,7.7635
2003-12-15,,,,,,1183.0,34.03,8.2772,7.7635
2003-12-16,,,,,,1192.0,34.02,8.2771,7.763
2003-12-17,,,,,,1188.7,34.02,8.2769,7.7637
2003-12-18,,,,,,1189.0,34.05,8.2765,7.7654
2003-12-19,,,,,,1194.0,34.05,8.277,7.7651
2003-12-22,,,,,,1195.0,34.05,8.2769,7.7641
2003-12-23,,,,,,1196.0,34.05,8.2769,7.7637
2003-12-24,,,,,,1200.0,34.05,8.277,7.7665
2003-12-25,,,,,,,,,
2003-12-26,,,,,,1199.9,34.05,8.2768,7.7655
2003-12-29,,,,,,1198.0,34.06,8.2769,7.7635
2003-12-30,,,,,,1197.4,34.03,8.2767,7.7645
2003-12-31,,,,,,1192.0,33.99,8.2767,7.764
2004-01-01,,,,,90.7,,,,
2004-01-02,,,,,,1195.1,33.98,8.2769,7.7645
2004-01-05,,,,,,1192.1,33.9,8.277,7.7635
2004-01-06,,,,,,1186.0,33.8,8.2771,7.7633
2004-01-07,,,,,,1187.0,33.82,8.2772,7.7638
2004-01-08,,,,,,1182.5,33.8,8.2772,7.7635
2004-01-09,,,,,,1181.7,33.75,8.277,7.7633
2004-01-12,,,,,,1175.0,33.68,8.277,7.7632
2004-01-13,,,,,,1181.0,33.66,8.2768,7.7644
2004-01-14,,,,,,1180.3,33.68,8.2768,7.7642
2004-01-15,,,,,,1187.0,33.67,8.2767,7.7635
2004-01-16,,,,,,1186.2,33.68,8.2767,7.7665
2004-01-19,,,,,,,,,
2004-01-20,,,,,,1190.0,33.68,8.277,7.77
2004-01-21,,,,,,1189.0,33.68,8.2771,7.7675
2004-01-22,,,,,,1189.0,33.64,8.2771,7.7663
2004-01-23,,,,,,1185.0,33.63,8.2771,7.7665
2004-01-26,,,,,,1181.0,33.73,8.2771,7.767
2004-01-27,,,,,,1180.0,33.51,8.2771,7.7644
2004-01-28,,,,,,1172.0,33.33,8.2771,7.768
2004-01-29,,,,,,1173.0,33.36,8.277,7.775
2004-01-30,,,,,,1174.0,33.39,8.2768,7.7775
2004-02-01,,,,,90.4,,,,
2004-02-02,,,,,,1171.0,33.36,8.277,7.7767
2004-02-03,,,,,,1169.0,33.25,8.2772,7.7743
2004-02-04,,,,,,1168.4,33.25,8.2772,7.7776
2004-02-05,,,,,,1166.1,33.25,8.2773,7.7738
2004-02-06,,,,,,1168.1,33.3,8.2773,7.7735
2004-02-09,,,,,,1166.3,33.2,8.2773,7.7686
2004-02-10,,,,,,1162.1,33.21,8.2772,7.7692
2004-02-11,,,,,,1160.6,33.15,8.2771,7.7705
2004-02-12,,,,,,1161.0,33.13,8.2772,7.7715
2004-02-13,,,,,,1160.0,33.15,8.277,7.771
2004-02-16,,,,,,,,,
2004-02-17,,,,,,1158.2,33.13,8.277,7.7703
2004-02-18,,,,,,1152.2,33.1,8.277,7.7715
2004-02-19,,,,,,1165.0,33.11,8.2771,7.7745
2004-02-20,,,,,,1167.4,33.13,8.2772,7.7751
2004-02-23,,,,,,1180.0,33.28,8.2772,7.7755
2004-02-24,,,,,,1180.0,33.32,8.2771,7.778
2004-02-25,,,,,,1170.2,33.25,8.277,7.781
2004-02-26,,,,,,1178.5,33.21,8.2771,7.7843
2004-02-27,,,,,,1179.0,33.28,8.2769,7.7845
2004-03-01,,,,,90.3,1179.0,33.29,8.2768,7.7842
2004-03-02,,,,,,1174.0,33.3,8.2768,7.7858
2004-03-03,,,,,,1178.0,33.32,8.2768,7.7933
2004-03-04,,,,,,1171.0,33.33,8.277,7.793
2004-03-05,,,,,,1173.0,33.28,8.2773,7.786
2004-03-08,,,,,,1173.7,33.35,8.2767,7.7905
2004-03-09,,,,,,1173.0,33.28,8.2767,7.7908
2004-03-10,,,,,,1171.5,33.35,8.2767,7.7942
2004-03-11,,,,,,1171.0,33.28,8.2772,7.796
2004-03-12,,,,,,1181.0,33.42,8.2771,7.794
2004-03-15,,,,,,1175.5,33.4,8.2773,7.7943
2004-03-16,,,,,,1171.0,33.31,8.2773,7.792
2004-03-17,,,,,,1167.0,33.25,8.2774,7.7912
2004-03-18,,,,,,1158.0,33.13,8.2768,7.7925
2004-03-19,,,,,,1157.0,33.22,8.2772,7.7932
2004-03-22,,,,,,1161.0,33.21,8.2773,7.7936
2004-03-23,,,,,,1160.5,33.25,8.2774,7.7955
2004-03-24,,,,,,1155.0,33.16,8.2772,7.7965
2004-03-25,,,,,,1158.0,33.19,8.2771,7.798
2004-03-26,,,,,,1157.9,33.24,8.277,7.7975
2004-03-29,,,,,,1157.8,33.15,8.2771,7.7975
2004-03-30,,,,,,1154.0,33.09,8.2771,7.7963
2004-03-31,,,,,,1146.7,33.0,8.277,7.793
2004-04-01,,,,,90.8,1141.4,32.89,8.2769,7.7883
2004-04-02,,,,,,1141.8,33.0,8.2769,7.787
2004-04-05,,,,,,1144.0,32.89,8.2769,7.7895
2004-04-06,,,,,,1150.4,32.93,8.2769,7.7957
2004-04-07,,,,,,1143.5,32.94,8.2769,7.7952
2004-04-08,,,,,,1145.0,32.85,8.2769,7.7959
2004-04-09,,,,,,1144.0,32.87,8.2769,7.797
2004-04-12,,,,,,1141.9,32.82,8.277,7.7963
2004-04-13,,,,,,1141.4,32.73,8.2769,7.7966
2004-04-14,,,,,,1158.0,32.84,8.2772,7.798
2004-04-15,,,,,,1154.0,33.03,8.2771,7.7985
2004-04-16,,,,,,1163.0,33.17,8.2769,7.799
2004-04-19,,,,,,1154.0,32.87,8.2768,7.7994
2004-04-20,,,,,,1155.0,32.95,8.2768,7.7989
2004-04-21,,,,,,1156.0,32.95,8.2769,7.8
2004-04-22,,,,,,1160.0,33.05,8.277,7.7995
2004-04-23,,,,,,1159.0,33.03,8.2769,7.8
2004-04-26,,,,,,1156.0,33.05,8.2768,7.7995
2004-04-27,,,,,,1153.0,32.99,8.2768,7.7995
2004-04-28,,,,,,1157.0,32.99,8.2768,7.7997
2004-04-29,,,,,,1171.0,33.24,8.2769,7.8
2004-04-30,,,,,,1173.6,33.27,8.2771,7.7998
2004-05-01,,,,,90.9,,,,
2004-05-03,,,,,,1173.0,33.26,8.2771,7.8
2004-05-04,,,,,,1172.0,33.18,8.2771,7.8
2004-05-05,,,,,,1168.0,33.16,8.2771,7.7997
2004-05-06,,,,,,1167.0,33.14,8.2771,7.7995
2004-05-07,,,,,,1172.0,33.39,8.2771,7.7997
2004-05-10,,,,,,1191.0,33.7,8.2769,7.8
2004-05-11,,,,,,1189.0,33.6,8.2773,7.8001
2004-05-12,,,,,,1182.0,33.4,8.2773,7.799
2004-05-13,,,,,,1186.0,33.51,8.2772,7.8
2004-05-14,,,,,,1187.0,33.663,8.2772,7.801
2004-05-17,,,,,,1183.0,33.62,8.2772,7.8
2004-05-18,,,,,,1185.0,33.63,8.2771,7.8
2004-05-19,,,,,,1174.0,33.37,8.2769,7.7895
2004-05-20,,,,,,1179.0,33.59,8.2771,7.7935
2004-05-21,,,,,,1176.0,33.49,8.2771,7.7901
2004-05-24,,,,,,1179.0,33.49,8.2771,7.793
2004-05-25,,,,,,1179.5,33.48,8.2769,7.7939
2004-05-26,,,,,,1180.0,33.47,8.2769,7.7944
2004-05-27,,,,,,1170.0,33.38,8.2768,7.7938
2004-05-28,,,,,,1165.0,33.36,8.2769,7.7941
2004-05-31,,,,,,,,,
2004-06-01,,,,,90.6,1161.0,33.53,8.2767,7.797
2004-06-02,,,,,,1164.8,33.45,8.2767,7.7967
2004-06-03,,,,,,1164.7,33.45,8.2768,7.797
2004-06-04,,,,,,1164.0,33.47,8.2767,7.796
2004-06-07,,,,,,1160.0,33.46,8.2767,7.7953
2004-06-08,,,,,,1159.0,33.4,8.2767,7.7947
2004-06-09,,,,,,1155.0,33.35,8.2767,7.7965
2004-06-10,,,,,,1160.0,33.4,8.2768,7.7978
2004-06-11,,,,,,1164.1,33.51,8.2767,7.7954
2004-06-14,,,,,,1164.0,33.52,8.2766,7.7975
2004-06-15,,,,,,1163.4,33.7,8.2766,7.7998
2004-06-16,,,,,,1158.0,33.58,8.2766,7.7987
2004-06-17,,,,,,1157.5,33.61,8.2766,7.7983
2004-06-18,,,,,,1160.0,33.64,8.2766,7.7997
2004-06-21,,,,,,1157.0,33.67,8.2766,7.7995
2004-06-22,,,,,,1159.0,33.8,8.2766,7.7994
2004-06-23,,,,,,1160.0,33.79,8.2767,7.8
2004-06-24,,,,,,1156.0,33.59,8.2766,7.7995
2004-06-25,,,,,,1150.0,33.57,8.2767,7.7976
2004-06-28,,,,,,1153.0,33.65,8.2766,7.799
2004-06-29,,,,,,1152.0,33.69,8.2766,7.7998
2004-06-30,,,,,,1156.0,33.66,8.2766,7.8
2004-07-01,,,,,90.9,1153.0,33.6,8.2767,7.8
2004-07-02,,,,,,1155.2,33.62,8.2766,7.7999
2004-07-05,,,,,,,,,
2004-07-06,,,,,,1155.0,33.61,8.2768,7.799
2004-07-07,,,,,,1152.2,33.58,8.2768,7.7994
2004-07-08,,,,,,1151.0,33.6,8.2769,7.8
2004-07-09,,,,,,1149.6,33.62,8.2769,7.8
2004-07-12,,,,,,1147.6,33.64,8.2768,7.7997
2004-07-13,,,,,,1149.6,33.62,8.2768,7.7998
2004-07-14,,,,,,1152.6,33.685,8.2767,7.7998
2004-07-15,,,,,,1161.7,33.85,8.2767,7.8003
2004-07-16,,,,,,1164.7,33.815,8.2766,7.8
2004-07-19,,,,,,1157.7,33.84,8.2766,7.8
2004-07-20,,,,,,1160.6,33.87,8.2767,7.8002
2004-07-21,,,,,,1158.6,33.835,8.2766,7.8
2004-07-22,,,,,,1162.6,33.85,8.2766,7.8
2004-07-23,,,,,,1166.6,33.965,8.2766,7.8005
2004-07-26,,,,,,1162.0,34.15,8.2767,7.8
2004-07-27,,,,,,1166.0,34.05,8.2767,7.8008
2004-07-28,,,,,,1168.0,34.0,8.2768,7.8
2004-07-29,,,,,,1168.4,34.09,8.2769,7.7998
2004-07-30,,,,,,1170.0,34.04,8.2769,7.7999
2004-08-01,,,,,90.8,,,,
2004-08-02,,,,,,1165.0,33.98,8.277,7.8
2004-08-03,,,,,,1165.3,34.11,8.277,7.799
2004-08-04,,,,,,1168.0,34.08,8.277,7.8003
2004-08-05,,,,,,1164.0,34.05,8.2769,7.7999
2004-08-06,,,,,,1163.0,34.16,8.2769,7.797
2004-08-09,,,,,,1157.0,34.05,8.2769,7.7985
2004-08-10,,,,,,1155.1,33.99,8.277,7.7996
2004-08-11,,,,,,1158.0,34.04,8.2769,7.8
2004-08-12,,,,,,1158.0,34.14,8.2769,7.7989
2004-08-13,,,,,,1162.7,34.07,8.2768,7.7991
2004-08-16,,,,,,1160.0,34.03,8.2768,7.8
2004-08-17,,,,,,1157.7,34.04,8.2767,7.7998
2004-08-18,,,,,,1157.9,34.05,8.2767,7.8003
2004-08-19,,,,,,1155.3,33.93,8.2768,7.8
2004-08-20,,,,,,1153.7,33.93,8.2767,7.8
2004-08-23,,,,,,1153.7,33.95,8.2767,7.7997
2004-08-24,,,,,,1154.2,34.06,8.2767,7.7998
2004-08-25,,,,,,1157.1,34.07,8.2766,7.8
2004-08-26,,,,,,1154.0,33.95,8.2766,7.8
2004-08-27,,,,,,1152.0,33.97,8.2767,7.8005
2004-08-30,,,,,,1153.0,33.92,8.2767,7.8004
2004-08-31,,,,,,1152.0,33.94,8.2766,7.8
2004-09-01,,,,,91.0,1149.0,33.87,8.2766,7.8
2004-09-02,,,,,,1151.0,33.84,8.2767,7.797
2004-09-03,,,,,,1150.3,33.81,8.2767,7.8002
2004-09-06,,,,,,,,,
2004-09-07,,,,,,1150.9,33.95,8.2767,7.7997
2004-09-08,,,,,,1149.3,33.9,8.2767,7.7998
2004-09-09,,,,,,1146.0,33.82,8.2768,7.7995
2004-09-10,,,,,,1146.0,33.93,8.2766,7.8
2004-09-13,,,,,,1145.2,33.92,8.2766,7.8
2004-09-14,,,,,,1145.3,33.875,8.2767,7.7986
2004-09-15,,,,,,1148.0,33.76,8.2768,7.7998
2004-09-16,,,,,,1145.9,33.69,8.2766,7.7996
2004-09-17,,,,,,1147.0,33.875,8.2767,7.7998
2004-09-20,,,,,,1146.4,33.91,8.2767,7.7999
2004-09-21,,,,,,1147.0,33.93,8.2766,7.7997
2004-09-22,,,,,,1148.0,33.8,8.2766,7.7999
2004-09-23,,,,,,1147.8,33.85,8.2766,7.7998
2004-09-24,,,,,,1150.0,33.88,8.2766,7.8001
2004-09-27,,,,,,1150.0,34.0,8.2766,7.7998
2004-09-28,,,,,,1155.0,34.1,8.2766,7.799
2004-09-29,,,,,,1153.0,34.05,8.2766,7.7991
2004-09-30,,,,,,1152.0,33.99,8.2766,7.7984
2004-10-01,,,,,91.0,1149.0,33.84,8.2766,7.7971
2004-10-04,,,,,,1150.0,33.89,8.2766,7.7984
2004-10-05,,,,,,1149.0,33.93,8.2766,7.798
2004-10-06,,,,,,1153.0,33.925,8.2766,7.799
2004-10-07,,,,,,1151.0,33.925,8.2766,7.7975
2004-10-08,,,,,,1149.0,33.74,8.2768,7.785
2004-10-11,,,,,,,,,
2004-10-12,,,,,,1146.0,33.895,8.2765,7.7924
2004-10-13,,,,,,1149.0,33.92,8.2765,7.7946
2004-10-14,,,,,,1145.0,33.89,8.2765,7.792
2004-10-15,,,,,,1146.0,33.88,8.2765,7.7885
2004-10-18,,,,,,1144.0,33.76,8.2765,7.7915
2004-10-19,,,,,,1145.0,33.87,8.2765,7.7905
2004-10-20,,,,,,1141.0,33.81,8.2765,7.7856
2004-10-21,,,,,,1140.0,33.78,8.2765,7.7864
2004-10-22,,,,,,1140.5,33.62,8.2765,7.7868
2004-10-25,,,,,,1134.0,33.7,8.2765,7.7752
2004-10-26,,,,,,1131.0,33.68,8.2765,7.7803
2004-10-27,,,,,,1124.0,33.58,8.2765,7.777
2004-10-28,,,,,,1124.9,33.465,8.2765,7.7792
2004-10-29,,,,,,1120.0,33.395,8.2766,7.7834
2004-11-01,,,,,91.0,1119.0,33.44,8.2765,7.7798
2004-11-02,,,,,,1115.0,33.48,8.2764,7.7815
2004-11-03,,,,,,1116.0,33.385,8.2765,7.7801
2004-11-04,,,,,,1112.0,33.15,8.2765,7.7753
2004-11-05,,,,,,1110.0,33.095,8.2764,7.7718
2004-11-08,,,,,,1105.0,32.915,8.2765,7.7751
2004-11-09,,,,,,1102.0,32.915,8.2764,7.7742
2004-11-10,,,,,,1111.0,33.23,8.2765,7.7807
2004-11-11,,,,,,,,,
2004-11-12,,,,,,1104.0,32.97,8.2765,7.772
2004-11-15,,,,,,1092.0,32.815,8.2765,7.775
2004-11-16,,,,,,1091.0,32.81,8.2765,7.7752
2004-11-17,,,,,,1078.0,32.57,8.2765,7.774
2004-11-18,,,,,,1069.0,32.635,8.2765,7.7767
2004-11-19,,,,,,1068.0,32.44,8.2765,7.7719
2004-11-22,,,,,,1064.0,32.46,8.2765,7.773
2004-11-23,,,,,,1065.0,32.45,8.2765,7.7753
2004-11-24,,,,,,1066.0,32.21,8.2765,7.7728
2004-11-25,,,,,,,,,
2004-11-26,,,,,,1046.0,32.2,8.2765,7.7734
2004-11-29,,,,,,1047.7,32.17,8.2765,7.7759
2004-11-30,,,,,,1048.0,32.2,8.2765,7.776
2004-12-01,,,,,90.6,1045.0,32.18,8.2765,7.7741
2004-12-02,,,,,,1041.0,31.85,8.2765,7.7726
2004-12-03,,,,,,1046.5,32.18,8.2765,7.7723
2004-12-06,,,,,,1040.0,32.02,8.2765,7.7702
2004-12-07,,,,,,1041.0,32.08,8.2765,7.7702
2004-12-08,,,,,,1058.0,32.12,8.2765,7.7698
2004-12-09,,,,,,1055.0,32.16,8.2765,7.776
2004-12-10,,,,,,1067.0,32.455,8.2765,7.7747
2004-12-13,,,,,,1061.3,32.275,8.2767,7.7749
2004-12-14,,,,,,1058.0,32.49,8.2765,7.776
2004-12-15,,,,,,1061.0,32.41,8.2765,7.7743
2004-12-16,,,,,,1055.0,32.32,8.2765,7.7751
2004-12-17,,,,,,1060.0,32.35,8.2765,7.7796
2004-12-20,,,,,,1058.0,32.3,8.2765,7.7814
2004-12-21,,,,,,1055.0,32.34,8.2765,7.7796
2004-12-22,,,,,,1053.0,32.26,8.2765,7.7815
2004-12-23,,,,,,1050.0,32.18,8.2765,7.7814
2004-12-24,,,,,,1047.8,32.171,8.2765,7.7819
2004-12-27,,,,,,1046.5,32.04,8.2765,7.7821
2004-12-28,,,,,,1042.4,32.035,8.2765,7.7731
2004-12-29,,,,,,1041.0,32.02,8.2765,7.7793
2004-12-30,,,,,,1041.0,31.94,8.2765,7.7757
2004-12-31,,,,,,1035.1,31.74,8.2765,7.7723
2005-01-01,,,,,90.5,,,,
2005-01-03,,,,,,1038.0,31.71,8.2765,7.7775
2005-01-04,,,,,,1038.0,31.79,8.2765,7.7851
2005-01-05,,,,,,1046.3,31.92,8.2765,7.7881
2005-01-06,,,,,,1058.0,32.04,8.2765,7.7935
2005-01-07,,,,,,1051.0,32.0,8.2765,7.792
2005-01-10,,,,,,1053.0,32.215,8.2765,7.7946
2005-01-11,,,,,,1045.0,31.98,8.2765,7.7955
2005-01-12,,,,,,1042.0,31.85,8.2765,7.7929
2005-01-13,,,,,,1036.0,31.69,8.2765,7.7915
2005-01-14,,,,,,1043.0,31.885,8.2765,7.7962
2005-01-17,,,,,,,,,
2005-01-18,,,,,,1035.8,31.88,8.2765,7.799
2005-01-19,,,,,,1031.0,31.79,8.2765,7.7982
2005-01-20,,,,,,1031.85,31.79,8.2765,7.799
2005-01-21,,,,,,1037.85,31.84,8.2765,7.7984
2005-01-24,,,,,,1031.85,31.65,8.2765,7.7982
2005-01-25,,,,,,1030.85,31.84,8.2765,7.7994
2005-01-26,,,,,,1031.45,31.7,8.2765,7.7988
2005-01-27,,,,,,1027.85,31.92,8.2765,7.7988
2005-01-28,,,,,,1024.0,31.73,8.2765,7.7992
2005-01-31,,,,,,1026.85,31.71,8.2765,7.7993
2005-02-01,,,,,90.4,1027.35,31.79,8.2765,7.7999
2005-02-02,,,,,,1027.8,31.69,8.2765,7.7994
2005-02-03,,,,,,1024.85,31.655,8.2765,7.7995
2005-02-04,,,,,,1027.0,31.54,8.2765,7.7984
2005-02-07,,,,,,1029.0,31.605,8.2765,7.7993
2005-02-08,,,,,,1036.0,31.77,8.2765,7.7993
2005-02-09,,,,,,1039.0,31.79,8.2765,7.7993
2005-02-10,,,,,,1044.0,31.725,8.2765,7.7993
2005-02-11,,,,,,1033.0,31.64,8.2765,7.7994
2005-02-14,,,,,,1024.85,31.535,8.2765,7.799
2005-02-15,,,,,,1026.55,31.445,8.2765,7.7991
2005-02-16,,,,,,1027.0,31.59,8.2765,7.7994
2005-02-17,,,,,,1025.45,31.47,8.2765,7.7996
2005-02-18,,,,,,1024.0,31.46,8.2765,7.7994
2005-02-21,,,,,,,,,
2005-02-22,,,,,,1004.85,31.115,8.2765,7.7995
2005-02-23,,,,,,1002.85,31.195,8.2765,7.7996
2005-02-24,,,,,,1006.85,31.215,8.2765,7.7996
2005-02-25,,,,,,1007.85,31.165,8.2765,7.7996
2005-02-28,,,,,,1000.85,31.06,8.2765,7.7992
2005-03-01,,,,,90.9,1003.85,30.945,8.2765,7.7994
2005-03-02,,,,,,1006.85,30.74,8.2765,7.7996
2005-03-03,,,,,,1005.85,30.847,8.2765,7.7996
2005-03-04,,,,,,1008.0,30.81,8.2765,7.7996
2005-03-07,,,,,,1004.45,30.873,8.2765,7.7996
2005-03-08,,,,,,1004.05,30.865,8.2765,7.7996
2005-03-09,,,,,,1000.95,30.806,8.2765,7.7996
2005-03-10,,,,,,1000.05,30.65,8.2765,7.7989
2005-03-11,,,,,,997.5,30.68,8.2765,7.7992
2005-03-14,,,,,,1000.55,30.821,8.2765,7.7996
2005-03-15,,,,,,1003.65,30.99,8.2765,7.7995
2005-03-16,,,,,,1003.55,30.98,8.2765,7.7994
2005-03-17,,,,,,1000.7,31.04,8.2765,7.7998
2005-03-18,,,,,,1004.85,31.01,8.2765,7.7987
2005-03-21,,,,,,1009.0,31.28,8.2765,7.7989
2005-03-22,,,,,,1009.35,31.29,8.2765,7.7996
2005-03-23,,,,,,1008.0,31.38,8.2765,7.7993
2005-03-24,,,,,,1013.35,31.42,8.2765,7.7996
2005-03-25,,,,,,1014.2,31.45,8.2765,7.7994
2005-03-28,,,,,,1017.85,31.63,8.2765,7.7995
2005-03-29,,,,,,1023.85,31.73,8.2765,7.7996
2005-03-30,,,,,,1023.0,31.73,8.2765,7.7993
2005-03-31,,,,,,1015.4,31.46,8.2765,7.799
2005-04-01,,,,,90.0,1012.0,31.34,8.2765,7.7989
2005-04-04,,,,,,1013.0,31.54,8.2765,7.7991
2005-04-05,,,,,,1017.0,31.54,8.2765,7.7995
2005-04-06,,,,,,1013.0,31.53,8.2765,7.7993
2005-04-07,,,,,,1012.0,31.51,8.2765,7.799
2005-04-08,,,,,,1015.0,31.57,8.2765,7.7989
2005-04-11,,,,,,1015.0,31.57,8.2765,7.799
2005-04-12,,,,,,1016.0,31.62,8.2765,7.7991
2005-04-13,,,,,,1011.0,31.42,8.2765,7.7989
2005-04-14,,,,,,1019.0,31.7,8.2765,7.7987
2005-04-15,,,,,,1018.0,31.56,8.2765,7.7984
2005-04-18,,,,,,1017.0,31.62,8.2765,7.799
2005-04-19,,,,,,1013.0,31.5,8.2765,7.799
2005-04-20,,,,,,1009.0,31.46,8.2765,7.7994
2005-04-21,,,,,,1008.0,31.51,8.2765,7.7992
2005-04-22,,,,,,1004.0,31.49,8.2765,7.7956
2005-04-25,,,,,,999.0,31.32,8.2765,7.7959
2005-04-26,,,,,,998.7,31.34,8.2765,7.7981
2005-04-27,,,,,,1002.7,31.39,8.2765,7.7988
2005-04-28,,,,,,1002.0,31.32,8.2765,7.7989
2005-04-29,,,,,,997.0,31.23,8.2765,7.7946
2005-05-01,,,,,89.9,,,,
2005-05-02,,,,,,1001.0,31.33,8.2765,7.7963
2005-05-03,,,,,,1002.0,31.26,8.2765,7.7952
2005-05-04,,,,,,997.5,31.0,8.2765,7.7937
2005-05-05,,,,,,999.6,31.05,8.2765,7.7915
2005-05-06,,,,,,999.0,31.15,8.2765,7.7929
2005-05-09,,,,,,1001.0,31.24,8.2765,7.797
2005-05-10,,,,,,999.01,31.2,8.2765,7.7984
2005-05-11,,,,,,997.0,30.98,8.2765,7.798
2005-05-12,,,,,,999.5,31.3,8.2765,7.7977
2005-05-13,,,,,,1000.0,31.27,8.2765,7.7984
2005-05-16,,,,,,1009.0,31.37,8.2765,7.7992
2005-05-17,,,,,,1004.0,31.39,8.2765,7.7995
2005-05-18,,,,,,1003.0,31.34,8.2765,7.794
2005-05-19,,,,,,1006.0,31.34,8.2765,7.7928
2005-05-20,,,,,,1007.0,31.47,8.2765,7.7905
2005-05-23,,,,,,1004.0,31.38,8.2765,7.7861
2005-05-24,,,,,,1003.0,31.3,8.2765,7.7803
2005-05-25,,,,,,1000.0,31.37,8.2765,7.7816
2005-05-26,,,,,,1002.0,31.41,8.2765,7.7811
2005-05-27,,,,,,1000.0,31.29,8.2765,7.7767
2005-05-30,,,,,,,,,
2005-05-31,,,,,,1005.0,31.13,8.2765,7.7788
2005-06-01,,,,,90.0,1010.0,31.3,8.2765,7.7842
2005-06-02,,,,,,1013.0,31.3,8.2765,7.7833
2005-06-03,,,,,,1006.0,31.27,8.2765,7.7821
2005-06-06,,,,,,1003.0,31.15,8.2765,7.781
2005-06-07,,,,,,1004.7,31.22,8.2765,7.7806
2005-06-08,,,,,,1005.6,31.27,8.2765,7.7802
2005-06-09,,,,,,1005.0,31.29,8.2765,7.7806
2005-06-10,,,,,,1006.72,31.33,8.2765,7.7781
2005-06-13,,,,,,1016.0,31.48,8.2765,7.7754
2005-06-14,,,,,,1014.5,31.43,8.2765,7.7737
2005-06-15,,,,,,1014.0,31.37,8.2765,7.7735
2005-06-16,,,,,,1012.9,31.4,8.2765,7.7747
2005-06-17,,,,,,1008.1,31.22,8.2765,7.7735
2005-06-20,,,,,,1011.9,31.37,8.2765,7.7737
2005-06-21,,,,,,1008.0,31.3,8.2765,7.7711
2005-06-22,,,,,,1009.2,31.36,8.2765,7.7692
2005-06-23,,,,,,1010.5,31.35,8.2765,7.7703
2005-06-24,,,,,,1013.5,31.31,8.2765,7.7719
2005-06-27,,,,,,1013.5,31.32,8.2765,7.7712
2005-06-28,,,,,,1023.5,31.33,8.2765,7.7711
2005-06-29,,,,,,1030.0,31.63,8.2765,7.7705
2005-06-30,,,,,,1034.5,31.64,8.2765,7.7719
2005-07-01,,,,,89.5,1033.0,31.64,8.2765,7.7718
2005-07-04,,,,,,,,,
2005-07-05,,,,,,1050.0,31.95,8.2765,7.7718
2005-07-06,,,,,,1048.0,31.88,8.2765,7.7729
2005-07-07,,,,,,1051.0,32.01,8.2765,7.7728
2005-07-08,,,,,,1054.0,32.07,8.2765,7.7739
2005-07-11,,,,,,1040.5,31.93,8.2765,7.7776
2005-07-12,,,,,,1035.0,31.82,8.2765,7.7787
2005-07-13,,,,,,1040.0,31.88,8.2765,7.7792
2005-07-14,,,,,,1032.0,31.93,8.2765,7.7773
2005-07-15,,,,,,1038.0,31.95,8.2765,7.7772
2005-07-18,,,,,,1032.5,31.87,8.2765,7.776
2005-07-19,,,,,,1043.5,32.0,8.2765,7.777
2005-07-20,,,,,,1043.5,31.89,8.2765,7.7777
2005-07-21,,,,,,1035.0,31.94,8.2765,7.7685
2005-07-22,,,,,,1018.5,31.61,8.1111,7.7733
2005-07-25,,,,,,1024.0,31.72,8.1097,7.7732
2005-07-26,,,,,,1029.5,31.94,8.1099,7.7764
2005-07-27,,,,,,1029.0,31.91,8.1128,7.7773
2005-07-28,,,,,,1027.7,31.85,8.108,7.7743
2005-07-29,,,,,,1026.5,31.92,8.1056,7.7744
2005-08-01,,,,,89.8,1024.5,31.9,8.1046,7.7722
2005-08-02,,,,,,1019.5,31.82,8.1032,7.7722
2005-08-03,,,,,,1016.0,31.84,8.1051,7.7712
2005-08-04,,,,,,1013.5,31.85,8.1027,7.7729
2005-08-05,,,,,,1016.0,31.77,8.1037,7.7711
2005-08-08,,,,,,1016.0,31.81,8.109,7.7709
2005-08-09,,,,,,1014.0,31.96,8.107,7.7713
2005-08-10,,,,,,1011.6,31.88,8.1062,7.7693
2005-08-11,,,,,,1013.1,31.9,8.1002,7.7687
2005-08-12,,,,,,1014.1,31.88,8.098,7.7691
2005-08-15,,,,,,1015.0,31.95,8.0971,7.7684
2005-08-16,,,,,,1016.4,31.98,8.1002,7.7714
2005-08-17,,,,,,1017.1,32.05,8.0997,7.7713
2005-08-18,,,,,,1022.1,32.19,8.1007,7.7692
2005-08-19,,,,,,1028.15,32.15,8.1047,7.7711
2005-08-22,,,,,,1021.15,32.1,8.1056,7.771
2005-08-23,,,,,,1028.0,32.16,8.1012,7.7734
2005-08-24,,,,,,1029.15,32.23,8.1005,7.7733
2005-08-25,,,,,,1026.4,32.25,8.1002,7.7709
2005-08-26,,,,,,1028.7,32.2,8.0965,7.7688
2005-08-29,,,,,,1030.0,32.44,8.0954,7.7691
2005-08-30,,,,,,1039.2,32.72,8.0973,7.771
2005-08-31,,,,,,1039.0,32.71,8.0998,7.7718
2005-09-01,,,,,89.7,1030.75,32.71,8.0949,7.7693
2005-09-02,,,,,,1024.75,32.52,8.0935,7.767
2005-09-05,,,,,,,,8.092,
2005-09-06,,,,,,1024.4,32.54,8.0913,7.7673
2005-09-07,,,,,,1026.4,32.6,8.0925,7.7671
2005-09-08,,,,,,1026.8,32.74,8.0945,7.7659
2005-09-09,,,,,,1024.3,32.7,8.0956,7.7645
2005-09-12,,,,,,1026.0,32.68,8.0924,7.7615
2005-09-13,,,,,,1025.65,32.74,8.094,7.7609
2005-09-14,,,,,,1025.41,32.77,8.0912,7.7596
2005-09-15,,,,,,1025.05,32.83,8.089,7.7591
2005-09-16,,,,,,1029.8,32.93,8.0871,7.7607
2005-09-19,,,,,,1027.3,33.1,8.0908,7.7612
2005-09-20,,,,,,1030.25,33.04,8.089,7.7617
2005-09-21,,,,,,1027.7,33.07,8.0911,7.7617
2005-09-22,,,,,,1027.7,33.14,8.0881,7.7604
2005-09-23,,,,,,1035.25,33.17,8.091,7.7591
2005-09-26,,,,,,1033.2,33.27,8.0929,7.7575
2005-09-27,,,,,,1035.0,33.24,8.092,7.7575
2005-09-28,,,,,,1039.2,33.24,8.0939,7.7595
2005-09-29,,,,,,1039.4,33.21,8.093,7.7593
2005-09-30,,,,,,1042.4,33.18,8.092,7.7567
2005-10-01,,,,,89.3,,,,
2005-10-03,,,,,,1043.4,33.19,8.092,7.7574
2005-10-04,,,,,,1042.75,33.29,8.092,7.7563
2005-10-05,,,,,,1039.7,33.19,8.092,7.7556
2005-10-06,,,,,,1039.2,33.21,8.092,7.7555
2005-10-07,,,,,,1037.3,33.19,8.092,7.7545
2005-10-10,,,,,,,,,
2005-10-11,,,,,,1040.75,33.22,8.0879,7.7579
2005-10-12,,,,,,1042.25,33.33,8.0895,7.7581
2005-10-13,,,,,,1049.0,33.43,8.0885,7.7583
2005-10-14,,,,,,1042.2,33.41,8.0896,7.7565
2005-10-17,,,,,,1048.0,33.45,8.0877,7.7571
2005-10-18,,,,,,1053.0,33.54,8.091,7.7586
2005-10-19,,,,,,1052.8,33.64,8.0924,7.7587
2005-10-20,,,,,,1053.8,33.68,8.0905,7.7587
2005-10-21,,,,,,1059.8,33.63,8.0905,7.7543
2005-10-24,,,,,,1055.9,33.77,8.0916,7.7549
2005-10-25,,,,,,1047.4,33.74,8.0901,7.7546
2005-10-26,,,,,,1045.0,33.66,8.0867,7.7535
2005-10-27,,,,,,1039.4,33.63,8.0862,7.7535
2005-10-28,,,,,,1042.4,33.6,8.084,7.7529
2005-10-31,,,,,,1043.5,33.55,8.0845,7.7519
2005-11-01,,,,,88.9,1042.4,33.58,8.086,7.7514
2005-11-02,,,,,,1039.0,33.58,8.0851,7.7526
2005-11-03,,,,,,1045.0,33.58,8.0841,7.7524
2005-11-04,,,,,,1049.0,33.61,8.0856,7.7523
2005-11-07,,,,,,1048.15,33.68,8.0877,7.7521
2005-11-08,,,,,,1046.65,33.71,8.0867,7.7539
2005-11-09,,,,,,1046.4,33.64,8.0857,7.757
2005-11-10,,,,,,1046.4,33.56,8.0847,7.7553
2005-11-11,,,,,,,,,
2005-11-14,,,,,,1037.0,33.39,8.0856,7.7559
2005-11-15,,,,,,1034.9,33.51,8.0845,7.7555
2005-11-16,,,,,,1037.0,33.62,8.0835,7.7555
2005-11-17,,,,,,1034.4,33.63,8.0845,7.7535
2005-11-18,,,,,,1035.9,33.63,8.0832,7.7527
2005-11-21,,,,,,1038.1,33.61,8.0833,7.7534
2005-11-22,,,,,,1045.2,33.62,8.0839,7.7532
2005-11-23,,,,,,1035.4,33.48,8.0816,7.7522
2005-11-24,,,,,,,,,
2005-11-25,,,,,,1041.4,33.55,8.0815,7.754
2005-11-28,,,,,,1039.4,33.6,8.0825,7.7536
2005-11-29,,,,,,1036.1,33.51,8.0796,7.7539
2005-11-30,,,,,,1037.4,33.51,8.0804,7.7546
2005-12-01,,,,,88.5,1036.9,33.56,8.0798,7.7548
2005-12-02,,,,,,1035.15,33.53,8.0806,7.7544
2005-12-05,,,,,,1036.4,33.49,8.0808,7.7534
2005-12-06,,,,,,1034.05,33.46,8.078,7.754
2005-12-07,,,,,,1035.4,33.48,8.0771,7.754
2005-12-08,,,,,,1034.05,33.5,8.078,7.7539
2005-12-09,,,,,,1033.6,33.5,8.0765,7.7541
2005-12-12,,,,,,1033.4,33.55,8.077,7.7534
2005-12-13,,,,,,1025.0,33.45,8.0751,7.7532
2005-12-14,,,,,,1012.0,33.318,8.0726,7.7528
2005-12-15,,,,,,1014.95,33.18,8.074,7.7526
2005-12-16,,,,,,1015.9,33.12,8.0735,7.7518
2005-12-19,,,,,,1014.8,33.18,8.073,7.7516
2005-12-20,,,,,,1016.5,33.25,8.074,7.7518
2005-12-21,,,,,,1018.1,33.25,8.0765,7.752
2005-12-22,,,,,,1016.05,33.21,8.0775,7.7523
2005-12-23,,,,,,1013.5,33.13,8.0762,7.7525
2005-12-26,,,,,,,,,
2005-12-27,,,,,,1012.2,33.09,8.0724,7.7528
2005-12-28,,,,,,1013.05,33.06,8.0725,7.7525
2005-12-29,,,,,,1009.0,32.9,8.0709,7.7531
2005-12-30,,,,,,1010.0,32.8,8.0702,7.7533
2006-01-01,,,,,89.0,,,,
2006-01-02,,,,,,,,,
2006-01-03,,,,,,1002.9,32.59,8.0702,7.7535
2006-01-04,,,,,,998.1,32.29,8.0702,7.7533
2006-01-05,,,,,,994.2,31.96,8.0678,7.7534
2006-01-06,,,,,,989.2,32.15,8.0663,7.7531
2006-01-09,,,,,,977.4,31.9,8.0665,7.7507
2006-01-10,,,,,,981.8,31.98,8.061,7.7506
2006-01-11,,,,,,977.4,32.07,8.0682,7.7509
2006-01-12,,,,,,973.8,31.83,8.0685,7.7511
2006-01-13,,,,,,987.3,31.94,8.0698,7.7513
2006-01-16,,,,,,,,,
2006-01-17,,,,,,989.0,31.95,8.0676,7.7535
2006-01-18,,,,,,991.9,32.12,8.0685,7.7533
2006-01-19,,,,,,985.0,32.13,8.0687,7.7535
2006-01-20,,,,,,986.6,32.1,8.0596,7.7545
2006-01-23,,,,,,981.4,31.94,8.0645,7.7541
2006-01-24,,,,,,975.5,31.94,8.0625,7.7554
2006-01-25,,,,,,968.5,31.97,8.063,7.7566
2006-01-26,,,,,,968.8,31.96,8.062,7.7561
2006-01-27,,,,,,970.5,31.94,8.0608,7.7565
2006-01-30,,,,,,970.5,31.97,8.0608,7.7571
2006-01-31,,,,,,958.9,31.97,8.0608,7.7561
2006-02-01,,,,,88.8,962.0,31.97,8.0616,7.7569
2006-02-02,,,,,,971.95,31.98,8.0616,7.7564
2006-02-03,,,,,,969.9,32.08,8.0616,7.757
2006-02-06,,,,,,963.0,32.08,8.056,7.7579
2006-02-07,,,,,,967.3,32.22,8.0566,7.759
2006-02-08,,,,,,970.3,32.34,8.0545,7.7618
2006-02-09,,,,,,972.2,32.41,8.0558,7.7613
2006-02-10,,,,,,967.6,32.26,8.0516,7.759
2006-02-13,,,,,,976.3,32.37,8.0472,7.7594
2006-02-14,,,,,,969.4,32.29,8.0477,7.7604
2006-02-15,,,,,,973.5,32.35,8.0481,7.7612
2006-02-16,,,,,,974.1,32.4,8.0494,7.7603
2006-02-17,,,,,,972.3,32.38,8.0493,7.7604
2006-02-20,,,,,,,,,
2006-02-21,,,,,,968.4,32.44,8.0485,7.761
2006-02-22,,,,,,974.1,32.65,8.0497,7.7611
2006-02-23,,,,,,969.1,32.51,8.0477,7.7587
2006-02-24,,,,,,966.3,32.48,8.0432,7.758
2006-02-27,,,,,,968.4,32.45,8.042,7.758
2006-02-28,,,,,,970.9,32.4,8.0415,7.7584
2006-03-01,,,,,88.8,970.5,32.28,8.039,7.7574
2006-03-02,,,,,,968.7,32.3,8.0394,7.7574
2006-03-03,,,,,,971.0,32.35,8.038,7.7587
2006-03-06,,,,,,974.7,32.43,8.0382,7.7587
2006-03-07,,,,,,976.3,32.51,8.0425,7.7607
2006-03-08,,,,,,981.95,32.52,8.0476,7.7609
2006-03-09,,,,,,981.8,32.48,8.048,7.7608
2006-03-10,,,,,,979.9,32.47,8.0492,7.762
2006-03-13,,,,,,980.4,32.5,8.0505,7.759
2006-03-14,,,,,,976.7,32.38,8.0473,7.7578
2006-03-15,,,,,,974.5,32.35,8.0374,7.7583
2006-03-16,,,,,,974.8,32.44,8.0385,7.757
2006-03-17,,,,,,970.8,32.38,8.0286,7.7573
2006-03-20,,,,,,966.8,32.38,8.025,7.7585
2006-03-21,,,,,,968.1,32.46,8.0272,7.7594
2006-03-22,,,,,,973.3,32.51,8.0306,7.7599
2006-03-23,,,,,,975.0,32.57,8.0274,7.7591
2006-03-24,,,,,,979.2,32.62,8.0338,7.7591
2006-03-27,,,,,,975.4,32.56,8.0245,7.759
2006-03-28,,,,,,976.5,32.6,8.0212,7.759
2006-03-29,,,,,,974.9,32.55,8.028,7.7598
2006-03-30,,,,,,975.7,32.49,8.027,7.7595
2006-03-31,,,,,,971.4,32.42,8.0167,7.7597
2006-04-01,,,,,89.0,,,,
2006-04-03,,,,,,970.4,32.54,8.021,7.7598
2006-04-04,,,,,,962.8,32.42,8.0194,7.7591
2006-04-05,,,,,,957.1,32.43,8.0116,7.7589
2006-04-06,,,,,,953.1,32.28,8.0098,7.7579
2006-04-07,,,,,,952.8,32.28,8.013,7.7557
2006-04-10,,,,,,953.4,32.36,8.004,7.7564
2006-04-11,,,,,,954.6,32.4,8.0045,7.7589
2006-04-12,,,,,,960.2,32.52,8.0115,7.7582
2006-04-13,,,,,,961.2,32.45,8.0248,7.7575
2006-04-14,,,,,,957.9,32.48,8.0175,7.7569
2006-04-17,,,,,,955.4,32.42,8.0158,7.7565
2006-04-18,,,,,,953.4,32.44,8.014,7.7556
2006-04-19,,,,,,945.2,32.36,8.0128,7.7539
2006-04-20,,,,,,948.1,32.3,8.011,7.7544
2006-04-21,,,,,,948.0,32.3,8.0165,7.7542
2006-04-24,,,,,,939.6,31.98,8.0163,7.753
2006-04-25,,,,,,944.9,31.94,8.01,7.7537
2006-04-26,,,,,,946.4,32.05,8.0163,7.7548
2006-04-27,,,,,,944.6,31.91,8.0205,7.7544
2006-04-28,,,,,,942.8,31.9,8.0165,7.7529
2006-05-01,,,,,89.1,942.7,31.9,8.0165,7.7527
2006-05-02,,,,,,939.6,31.72,8.0165,7.7536
2006-05-03,,,,,,934.0,31.57,8.01,7.7526
2006-05-04,,,,,,939.4,31.63,8.0114,7.7521
2006-05-05,,,,,,939.3,31.6,8.0114,7.7518
2006-05-08,,,,,,927.4,31.32,8.007,7.751
2006-05-09,,,,,,931.6,31.49,8.0042,7.7517
2006-05-10,,,,,,928.8,31.28,8.0032,7.7517
2006-05-11,,,,,,935.2,31.45,8.0038,7.7526
2006-05-12,,,,,,932.77,31.35,8.0056,7.7532
2006-05-15,,,,,,943.2,31.59,8.003,7.7531
2006-05-16,,,,,,944.8,31.75,8.0005,7.7531
2006-05-17,,,,,,936.8,31.53,8.002,7.7534
2006-05-18,,,,,,946.5,31.84,8.0095,7.7541
2006-05-19,,,,,,946.0,31.89,8.0175,7.7554
2006-05-22,,,,,,951.5,32.13,8.0255,7.7537
2006-05-23,,,,,,944.6,31.98,8.0235,7.7553
2006-05-24,,,,,,949.2,32.0,8.0175,7.7559
2006-05-25,,,,,,948.7,32.09,8.0235,7.7567
2006-05-26,,,,,,945.3,32.02,8.0245,7.7562
2006-05-29,,,,,,,,,
2006-05-30,,,,,,945.3,32.09,8.03,7.7575
2006-05-31,,,,,,945.3,31.99,8.0215,7.7567
2006-06-01,,,,,89.2,946.9,32.05,8.0184,7.7578
2006-06-02,,,,,,947.9,32.04,8.0225,7.7581
2006-06-05,,,,,,942.7,32.03,8.0057,7.7586
2006-06-06,,,,,,942.8,32.02,8.012,7.7596
2006-06-07,,,,,,948.0,32.21,8.0171,7.7617
2006-06-08,,,,,,953.1,32.46,8.0084,7.7619
2006-06-09,,,,,,954.2,32.4,8.011,7.7611
2006-06-12,,,,,,956.6,32.54,8.015,7.7607
2006-06-13,,,,,,961.4,32.62,8.0034,7.7624
2006-06-14,,,,,,961.8,32.53,7.9985,7.7621
2006-06-15,,,,,,959.3,32.53,7.999,7.7617
2006-06-16,,,,,,955.2,32.42,7.9995,7.7643
2006-06-19,,,,,,960.9,32.54,8.0035,7.766
2006-06-20,,,,,,956.5,32.56,8.0009,7.7666
2006-06-21,,,,,,955.6,32.59,7.9969,7.7665
2006-06-22,,,,,,955.0,32.6,7.9963,7.766
2006-06-23,,,,,,955.8,32.7,7.9997,7.7684
2006-06-26,,,,,,959.2,32.67,7.9995,7.7675
2006-06-27,,,,,,958.6,32.65,7.998,7.7661
2006-06-28,,,,,,957.5,32.62,7.997,7.7678
2006-06-29,,,,,,960.4,32.56,7.9955,7.7675
2006-06-30,,,,,,948.5,32.33,7.9943,7.7666
2006-07-01,,,,,89.7,,,,
2006-07-03,,,,,,944.5,32.24,7.9924,7.767
2006-07-04,,,,,,,,,
2006-07-05,,,,,,946.6,32.32,7.9955,7.7715
2006-07-06,,,,,,949.2,32.39,7.9945,7.7709
2006-07-07,,,,,,947.6,32.34,7.9936,7.7682
2006-07-10,,,,,,941.6,32.31,7.9908,7.7707
2006-07-11,,,,,,946.6,32.45,7.9911,7.773
2006-07-12,,,,,,948.5,32.46,7.9892,7.7759
2006-07-13,,,,,,949.0,32.54,7.9899,7.7754
2006-07-14,,,,,,953.7,32.63,7.9956,7.7753
2006-07-17,,,,,,953.5,32.85,7.997,7.7751
2006-07-18,,,,,,958.3,32.85,8.0016,7.774
2006-07-19,,,,,,957.6,32.87,8.0018,7.7756
2006-07-20,,,,,,951.7,32.71,7.9918,7.7756
2006-07-21,,,,,,949.7,32.69,7.9897,7.7754
2006-07-24,,,,,,951.4,32.85,7.9851,7.7773
2006-07-25,,,,,,951.9,32.78,7.9872,7.7775
2006-07-26,,,,,,954.3,32.84,7.9849,7.7775
2006-07-27,,,,,,952.0,32.74,7.974,7.7717
2006-07-28,,,,,,953.6,32.74,7.9792,7.7703
2006-07-31,,,,,,954.9,32.74,7.969,7.7703
2006-08-01,,,,,89.6,955.7,32.82,7.973,7.7723
2006-08-02,,,,,,962.0,32.86,7.972,7.7735
2006-08-03,,,,,,965.4,32.86,7.9748,7.7726
2006-08-04,,,,,,964.6,32.87,7.9783,7.7742
2006-08-07,,,,,,962.3,32.81,7.968,7.7755
2006-08-08,,,,,,963.4,32.81,7.9712,7.776
2006-08-09,,,,,,959.3,32.77,7.9745,7.7769
2006-08-10,,,,,,957.6,32.54,7.969,7.7768
2006-08-11,,,,,,961.4,32.61,7.9725,7.7772
2006-08-14,,,,,,965.6,32.71,7.9928,7.7785
2006-08-15,,,,,,965.5,32.7,8.0,7.7789
2006-08-16,,,,,,964.9,32.7,7.9827,7.7768
2006-08-17,,,,,,960.6,32.59,7.9685,7.7748
2006-08-18,,,,,,958.3,32.62,7.9736,7.7732
2006-08-21,,,,,,956.4,32.65,7.9698,7.7752
2006-08-22,,,,,,956.1,32.72,7.9663,7.7764
2006-08-23,,,,,,955.4,32.74,7.9698,7.777
2006-08-24,,,,,,958.9,32.81,7.9694,7.7766
2006-08-25,,,,,,961.8,32.85,7.969,7.7796
2006-08-28,,,,,,963.7,32.91,7.9706,7.779
2006-08-29,,,,,,960.8,32.82,7.9615,7.7776
2006-08-30,,,,,,961.1,32.87,7.959,7.7774
2006-08-31,,,,,,961.1,32.86,7.9538,7.7767
2006-09-01,,,,,89.3,960.3,32.85,7.9533,7.778
2006-09-04,,,,,,,,,
2006-09-05,,,,,,956.5,32.71,7.9495,7.7776
2006-09-06,,,,,,957.0,32.8,7.947,7.7772
2006-09-07,,,,,,956.1,32.79,7.9409,7.7767
2006-09-08,,,,,,956.2,32.89,7.9485,7.7781
2006-09-11,,,,,,957.3,32.92,7.9545,7.7785
2006-09-12,,,,,,959.2,32.91,7.9464,7.7793
2006-09-13,,,,,,958.7,32.88,7.949,7.7808
2006-09-14,,,,,,957.4,32.91,7.9462,7.7819
2006-09-15,,,,,,956.2,32.93,7.9429,7.7825
2006-09-18,,,,,,956.2,32.91,7.9465,7.7841
2006-09-19,,,,,,951.8,32.89,7.9357,7.7862
2006-09-20,,,,,,950.7,32.9,7.9264,7.7855
2006-09-21,,,,,,944.1,32.92,7.9248,7.7834
2006-09-22,,,,,,946.7,32.93,7.9195,7.7827
2006-09-25,,,,,,943.7,32.94,7.9212,7.7837
2006-09-26,,,,,,943.7,32.94,7.9135,7.7866
2006-09-27,,,,,,943.4,32.96,7.9019,7.7878
2006-09-28,,,,,,944.6,32.99,7.8965,7.7884
2006-09-29,,,,,,946.0,33.1,7.904,7.7913
2006-10-01,,,,,89.2,,,,
2006-10-02,,,,,,947.6,33.13,7.904,7.7911
2006-10-03,,,,,,947.6,33.05,7.904,7.7907
2006-10-04,,,,,,948.9,33.12,7.904,7.7917
2006-10-05,,,,,,948.9,33.09,7.904,7.7865
2006-10-06,,,,,,948.9,33.09,7.904,7.7852
2006-10-09,,,,,,,,,
2006-10-10,,,,,,959.2,33.09,7.91,7.7928
2006-10-11,,,,,,957.9,33.29,7.9168,7.7927
2006-10-12,,,,,,957.6,33.23,7.9143,7.7906
2006-10-13,,,,,,953.9,33.12,7.9,7.7889
2006-10-16,,,,,,955.2,33.23,7.912,7.7837
2006-10-17,,,,,,954.2,33.15,7.9081,7.7802
2006-10-18,,,,,,955.2,33.18,7.9066,7.7839
2006-10-19,,,,,,957.1,33.19,7.9102,7.7875
2006-10-20,,,,,,957.1,33.2,7.9028,7.7847
2006-10-23,,,,,,959.3,33.27,7.8981,7.7815
2006-10-24,,,,,,958.2,33.31,7.9023,7.7812
2006-10-25,,,,,,955.5,33.31,7.901,7.7818
2006-10-26,,,,,,949.5,33.26,7.8949,7.7809
2006-10-27,,,,,,947.2,33.28,7.8886,7.7751
2006-10-30,,,,,,944.3,33.22,7.8728,7.7746
2006-10-31,,,,,,942.2,33.26,7.8785,7.778
2006-11-01,,,,,89.0,939.1,33.16,7.8714,7.7765
2006-11-02,,,,,,938.7,33.02,7.872,7.7762
2006-11-03,,,,,,937.0,32.91,7.8715,7.7774
2006-11-06,,,,,,942.1,32.95,7.875,7.7818
2006-11-07,,,,,,938.2,32.78,7.872,7.7848
2006-11-08,,,,,,934.7,32.85,7.8651,7.7838
2006-11-09,,,,,,936.2,32.89,7.8645,7.7838
2006-11-10,,,,,,933.7,32.77,7.8635,7.7824
2006-11-13,,,,,,934.7,32.77,7.8642,7.7844
2006-11-14,,,,,,936.7,32.77,7.864,7.7842
2006-11-15,,,,,,941.1,32.81,7.8677,7.7859
2006-11-16,,,,,,937.2,32.82,7.8713,7.7856
2006-11-17,,,,,,938.5,32.92,7.8717,7.7875
2006-11-20,,,,,,935.2,32.92,7.8694,7.7864
2006-11-21,,,,,,935.0,32.84,7.8683,7.7859
2006-11-22,,,,,,933.6,32.81,7.8731,7.7864
2006-11-23,,,,,,,,,
2006-11-24,,,,,,931.8,32.77,7.8515,7.7759
2006-11-27,,,,,,930.3,32.7,7.8426,7.7761
2006-11-28,,,,,,930.5,32.67,7.844,7.7753
2006-11-29,,,,,,930.4,32.49,7.8303,7.7751
2006-11-30,,,,,,929.0,32.35,7.834,7.7779
2006-12-01,,,,,89.1,928.3,32.34,7.835,7.7748
2006-12-04,,,,,,927.1,32.39,7.8274,7.7722
2006-12-05,,,,,,924.1,32.29,7.8217,7.7709
2006-12-06,,,,,,915.7,32.29,7.8224,7.77
2006-12-07,,,,,,913.7,32.27,7.8226,7.7665
2006-12-08,,,,,,919.8,32.39,7.8235,7.7736
2006-12-11,,,,,,925.4,32.49,7.834,7.7733
2006-12-12,,,,,,922.3,32.48,7.8283,7.7731
2006-12-13,,,,,,922.1,32.56,7.8265,7.7712
2006-12-14,,,,,,920.5,32.53,7.8229,7.7708
2006-12-15,,,,,,922.8,32.58,7.8265,7.7721
2006-12-18,,,,,,926.9,32.6,7.8192,7.7725
2006-12-19,,,,,,931.6,32.74,7.8243,7.7752
2006-12-20,,,,,,925.7,32.61,7.8158,7.7743
2006-12-21,,,,,,927.2,32.55,7.816,7.7756
2006-12-22,,,,,,928.3,32.55,7.8153,7.7771
2006-12-25,,,,,,,,,
2006-12-26,,,,,,929.6,32.65,7.8199,7.7787
2006-12-27,,,,,,929.1,32.68,7.8215,7.7741
2006-12-28,,,,,,929.4,32.65,7.8116,7.7719
2006-12-29,,,,,,930.0,32.59,7.8041,7.7771
2007-01-01,,,,,88.6,,,,
2007-01-02,,,,,,925.4,32.38,7.8051,7.7797
2007-01-03,,,,,,926.0,32.4,7.8051,7.7867
2007-01-04,,,,,,931.3,32.53,7.809,7.7885
2007-01-05,,,,,,934.1,32.61,7.8047,7.7908
2007-01-08,,,,,,937.9,32.67,7.8127,7.7946
2007-01-09,,,,,,938.3,32.69,7.8055,7.7974
2007-01-10,,,,,,937.7,32.75,7.8075,7.7983
2007-01-11,,,,,,938.6,32.83,7.7945,7.7977
2007-01-12,,,,,,939.6,32.74,7.7984,7.7992
2007-01-15,,,,,,,,,
2007-01-16,,,,,,938.1,32.77,7.79,7.8005
2007-01-17,,,,,,936.7,32.78,7.7752,7.8039
2007-01-18,,,,,,936.4,32.79,7.7705,7.81
2007-01-19,,,,,,936.2,32.81,7.7752,7.8072
2007-01-22,,,,,,940.5,32.95,7.7759,7.7973
2007-01-23,,,,,,940.0,32.95,7.7756,7.7998
2007-01-24,,,,,,935.5,32.82,7.7705,7.8035
2007-01-25,,,,,,935.9,32.85,7.7705,7.8063
2007-01-26,,,,,,940.5,32.93,7.7748,7.8091
2007-01-29,,,,,,940.1,32.99,7.773,7.8112
2007-01-30,,,,,,942.2,32.97,7.775,7.81
2007-01-31,,,,,,941.0,32.95,7.7714,7.8078
2007-02-01,,,,,88.7,937.0,32.86,7.7575,7.8041
2007-02-02,,,,,,937.0,32.91,7.7555,7.8068
2007-02-05,,,,,,935.5,32.92,7.7602,7.8086
2007-02-06,,,,,,932.5,32.92,7.7565,7.809
2007-02-07,,,,,,933.2,33.01,7.7474,7.813
2007-02-08,,,,,,934.5,33.03,7.7484,7.8141
2007-02-09,,,,,,934.3,32.96,7.7476,7.8131
2007-02-12,,,,,,937.4,33.02,7.757,7.8136
2007-02-13,,,,,,939.4,33.08,7.7632,7.8141
2007-02-14,,,,,,938.2,32.98,7.7565,7.8133
2007-02-15,,,,,,934.2,32.9,7.7545,7.8087
2007-02-16,,,,,,936.0,32.94,7.7426,7.8124
2007-02-19,,,,,,,,,
2007-02-20,,,,,,938.2,32.98,7.7466,7.8141
2007-02-21,,,,,,938.2,32.98,7.7426,7.8127
2007-02-22,,,,,,938.7,32.98,7.7436,7.8112
2007-02-23,,,,,,937.5,33.07,7.7416,7.8087
2007-02-26,,,,,,938.5,32.96,7.75,7.8127
2007-02-27,,,,,,938.5,32.92,7.7416,7.8136
2007-02-28,,,,,,942.3,32.98,7.741,7.8119
2007-03-01,,,,,88.7,941.4,32.88,7.7435,7.8119
2007-03-02,,,,,,947.4,32.84,7.7445,7.8146
2007-03-05,,,,,,949.1,32.92,7.7415,7.8149
2007-03-06,,,,,,947.6,32.96,7.7453,7.8151
2007-03-07,,,,,,947.1,32.92,7.743,7.8177
2007-03-08,,,,,,945.6,32.97,7.74,7.8129
2007-03-09,,,,,,945.1,32.96,7.7445,7.8141
2007-03-12,,,,,,943.8,32.98,7.7454,7.8143
2007-03-13,,,,,,944.3,32.96,7.741,7.8154
2007-03-14,,,,,,946.2,33.03,7.737,7.8148
2007-03-15,,,,,,944.1,33.04,7.743,7.8116
2007-03-16,,,,,,944.6,33.1,7.728,7.8108
2007-03-19,,,,,,943.6,33.11,7.7355,7.8124
2007-03-20,,,,,,941.3,33.13,7.732,7.8124
2007-03-21,,,,,,937.7,33.11,7.735,7.8107
2007-03-22,,,,,,937.9,32.99,7.7286,7.8093
2007-03-23,,,,,,937.2,33.04,7.729,7.8105
2007-03-26,,,,,,937.65,33.06,7.7396,7.813
2007-03-27,,,,,,940.7,33.06,7.7334,7.813
2007-03-28,,,,,,939.6,33.06,7.7318,7.8139
2007-03-29,,,,,,940.4,33.08,7.728,7.8127
2007-03-30,,,,,,941.1,33.01,7.7232,7.8137
2007-04-01,,,,,88.3,,,,
2007-04-02,,,,,,937.0,33.06,7.7296,7.8155
2007-04-03,,,,,,936.4,33.12,7.7267,7.8153
2007-04-04,,,,,,936.1,33.05,7.7345,7.8166
2007-04-05,,,,,,932.1,33.06,7.725,7.8162
2007-04-06,,,,,,931.6,33.14,7.7248,7.8174
2007-04-09,,,,,,932.6,33.06,7.729,7.8175
2007-04-10,,,,,,933.6,33.11,7.7304,7.8124
2007-04-11,,,,,,932.2,33.12,7.7317,7.8129
2007-04-12,,,,,,931.6,33.1,7.724,7.8143
2007-04-13,,,,,,929.0,33.13,7.7222,7.812
2007-04-16,,,,,,931.4,33.15,7.7283,7.8134
2007-04-17,,,,,,928.6,33.13,7.7288,7.8117
2007-04-18,,,,,,927.9,33.16,7.7208,7.8095
2007-04-19,,,,,,928.5,33.11,7.7125,7.8133
2007-04-20,,,,,,927.4,33.15,7.715,7.8137
2007-04-23,,,,,,926.1,33.17,7.728,7.8148
2007-04-24,,,,,,927.25,33.17,7.7345,7.8154
2007-04-25,,,,,,926.6,33.18,7.7203,7.818
2007-04-26,,,,,,928.55,33.28,7.73,7.821
2007-04-27,,,,,,929.0,33.27,7.7139,7.8212
2007-04-30,,,,,,931.0,33.33,7.709,7.8212
2007-05-01,,,,,88.2,930.7,33.35,7.7065,7.8222
2007-05-02,,,,,,929.8,33.34,7.7039,7.8215
2007-05-03,,,,,,926.7,33.3,7.705,7.8211
2007-05-04,,,,,,927.3,33.27,7.7035,7.8207
2007-05-07,,,,,,922.3,33.21,7.7039,7.8182
2007-05-08,,,,,,922.7,33.26,7.6951,7.818
2007-05-09,,,,,,923.2,33.28,7.6941,7.8197
2007-05-10,,,,,,925.65,33.33,7.6936,7.8204
2007-05-11,,,,,,926.1,33.28,7.6835,7.8201
2007-05-14,,,,,,923.15,33.32,7.6719,7.8116
2007-05-15,,,,,,924.2,33.33,7.6938,7.8141
2007-05-16,,,,,,923.6,33.34,7.683,7.8185
2007-05-17,,,,,,927.8,33.37,7.673,7.8204
2007-05-18,,,,,,934.0,33.35,7.6636,7.8188
2007-05-21,,,,,,929.9,33.38,7.6656,7.8215
2007-05-22,,,,,,931.7,33.39,7.656,7.8236
2007-05-23,,,,,,931.2,33.41,7.649,7.8228
2007-05-24,,,,,,932.7,33.29,7.6525,7.8233
2007-05-25,,,,,,928.0,33.23,7.6527,7.8225
2007-05-28,,,,,,,,,
2007-05-29,,,,,,927.5,33.02,7.6514,7.8194
2007-05-30,,,,,,930.8,32.97,7.6463,7.8044
2007-05-31,,,,,,927.4,33.09,7.6516,7.8087
2007-06-01,,,,,88.5,928.1,33.0,7.6483,7.8106
2007-06-04,,,,,,927.3,33.0,7.6503,7.8062
2007-06-05,,,,,,926.5,32.99,7.6397,7.8086
2007-06-06,,,,,,926.8,33.01,7.6377,7.8116
2007-06-07,,,,,,926.5,33.03,7.6525,7.8146
2007-06-08,,,,,,932.3,32.98,7.6666,7.8157
2007-06-11,,,,,,931.7,33.02,7.668,7.8141
2007-06-12,,,,,,930.2,33.02,7.6456,7.8167
2007-06-13,,,,,,931.5,33.05,7.637,7.8148
2007-06-14,,,,,,929.7,33.17,7.642,7.8169
2007-06-15,,,,,,927.6,33.18,7.6245,7.8188
2007-06-18,,,,,,928.4,33.17,7.6193,7.8171
2007-06-19,,,,,,927.6,33.15,7.6175,7.8171
2007-06-20,,,,,,927.6,33.05,7.618,7.8141
2007-06-21,,,,,,926.6,32.93,7.6208,7.8123
2007-06-22,,,,,,927.9,32.75,7.622,7.8151
2007-06-25,,,,,,926.2,32.74,7.6187,7.8122
2007-06-26,,,,,,926.1,32.77,7.6178,7.8126
2007-06-27,,,,,,927.4,32.8,7.621,7.8147
2007-06-28,,,,,,926.6,32.82,7.6198,7.8165
2007-06-29,,,,,,922.6,32.83,7.612,7.8184
2007-07-01,,,,,88.7,,,,
2007-07-02,,,,,,921.3,32.77,7.6055,7.8165
2007-07-03,,,,,,917.7,32.79,7.5948,7.8129
2007-07-04,,,,,,,,,
2007-07-05,,,,,,921.7,32.79,7.6,7.8173
2007-07-06,,,,,,919.4,32.84,7.6,7.8175
2007-07-09,,,,,,920.9,32.79,7.6055,7.8148
2007-07-10,,,,,,919.6,32.78,7.5855,7.8158
2007-07-11,,,,,,919.1,32.78,7.566,7.816
2007-07-12,,,,,,918.4,32.79,7.569,7.8165
2007-07-13,,,,,,916.4,32.8,7.571,7.8194
2007-07-16,,,,,,917.9,32.84,7.566,7.8202
2007-07-17,,,,,,917.9,32.83,7.5651,7.8202
2007-07-18,,,,,,916.2,32.83,7.5655,7.8201
2007-07-19,,,,,,915.7,32.82,7.558,7.8209
2007-07-20,,,,,,914.7,32.79,7.5727,7.8199
2007-07-23,,,,,,914.9,32.78,7.5652,7.8202
2007-07-24,,,,,,913.8,32.79,7.566,7.8218
2007-07-25,,,,,,913.6,32.8,7.5596,7.824
2007-07-26,,,,,,917.9,32.83,7.568,7.8237
2007-07-27,,,,,,921.4,32.88,7.564,7.8242
2007-07-30,,,,,,923.0,32.8,7.57,7.8246
2007-07-31,,,,,,919.0,32.88,7.572,7.8264
2007-08-01,,,,,88.7,924.9,32.9,7.567,7.8285
2007-08-02,,,,,,922.6,32.86,7.5733,7.8277
2007-08-03,,,,,,922.5,32.91,7.567,7.8283
2007-08-06,,,,,,923.1,32.9,7.5608,7.8289
2007-08-07,,,,,,922.6,32.91,7.57,7.8281
2007-08-08,,,,,,923.8,32.94,7.5748,7.8281
2007-08-09,,,,,,922.7,32.92,7.5663,7.8235
2007-08-10,,,,,,931.5,32.94,7.5698,7.8197
2007-08-13,,,,,,929.1,32.95,7.5835,7.8231
2007-08-14,,,,,,932.2,32.99,7.578,7.8224
2007-08-15,,,,,,932.0,33.01,7.585,7.8203
2007-08-16,,,,,,945.9,33.08,7.6181,7.8181
2007-08-17,,,,,,950.2,32.84,7.596,7.8137
2007-08-20,,,,,,942.6,32.89,7.585,7.8189
2007-08-21,,,,,,943.2,33.04,7.594,7.8073
2007-08-22,,,,,,943.8,32.99,7.5937,7.8081
2007-08-23,,,,,,941.4,32.97,7.5867,7.8093
2007-08-24,,,,,,941.45,32.98,7.567,7.8005
2007-08-27,,,,,,938.3,32.99,7.5604,7.8035
2007-08-28,,,,,,939.4,33.02,7.5535,7.7991
2007-08-29,,,,,,941.7,33.01,7.549,7.8042
2007-08-30,,,,,,940.1,33.06,7.542,7.7975
2007-08-31,,,,,,938.1,33.02,7.5462,7.7968
2007-09-01,,,,,88.8,,,,
2007-09-03,,,,,,938.1,,7.5462,7.7968
2007-09-04,,,,,,938.8,33.03,7.551,7.7947
2007-09-05,,,,,,937.8,33.05,7.554,7.7928
2007-09-06,,,,,,938.7,33.05,7.533,7.7865
2007-09-07,,,,,,937.7,33.04,7.537,7.7871
2007-09-10,,,,,,939.9,33.06,7.5235,7.7758
2007-09-11,,,,,,936.5,33.08,7.522,7.7864
2007-09-12,,,,,,931.6,33.06,7.521,7.7878
2007-09-13,,,,,,927.4,33.08,7.511,7.7889
2007-09-14,,,,,,927.9,33.08,7.517,7.7873
2007-09-17,,,,,,929.4,33.08,7.519,7.7875
2007-09-18,,,,,,929.8,33.1,7.522,7.7888
2007-09-19,,,,,,924.8,33.08,7.5135,7.7848
2007-09-20,,,,,,918.7,33.06,7.5055,7.7828
2007-09-21,,,,,,920.7,32.95,7.5,7.7834
2007-09-24,,,,,,919.1,32.92,7.5075,7.7735
2007-09-25,,,,,,920.7,32.95,7.514,7.7681
2007-09-26,,,,,,920.8,32.93,7.516,7.7668
2007-09-27,,,,,,919.9,32.92,7.5135,7.7591
2007-09-28,,,,,,913.6,32.67,7.4928,7.7689
2007-10-01,,,,,88.6,914.5,32.56,7.5158,7.7694
2007-10-02,,,,,,915.7,32.58,7.5093,7.7625
2007-10-03,,,,,,915.5,32.57,7.5,7.7588
2007-10-04,,,,,,916.3,32.58,7.5098,7.759
2007-10-05,,,,,,915.9,32.6,7.5098,7.7556
2007-10-08,,,,,,915.9,,7.5098,7.7556
2007-10-09,,,,,,918.2,32.59,7.5095,7.7604
2007-10-10,,,,,,919.3,32.59,7.5075,7.7559
2007-10-11,,,,,,915.5,32.57,7.508,7.7555
2007-10-12,,,,,,917.6,32.58,7.509,7.7535
2007-10-15,,,,,,916.7,32.6,7.513,7.7536
2007-10-16,,,,,,917.5,32.6,7.5116,7.754
2007-10-17,,,,,,917.3,32.61,7.5156,7.7541
2007-10-18,,,,,,916.0,32.6,7.5148,7.751
2007-10-19,,,,,,915.5,32.57,7.508,7.7504
2007-10-22,,,,,,916.8,32.57,7.5075,7.7504
2007-10-23,,,,,,918.0,32.58,7.502,7.7506
2007-10-24,,,,,,917.5,32.57,7.4925,7.7509
2007-10-25,,,,,,915.0,32.48,7.48,7.7502
2007-10-26,,,,,,908.9,32.46,7.4976,7.7504
2007-10-29,,,,,,910.2,32.39,7.4728,7.7511
2007-10-30,,,,,,906.7,32.4,7.472,7.7497
2007-10-31,,,,,,903.2,32.39,7.4682,7.7502
2007-11-01,,,,,89.6,907.0,32.38,7.4582,7.7573
2007-11-02,,,,,,908.0,32.39,7.458,7.7573
2007-11-05,,,,,,907.5,32.4,7.455,7.7635
2007-11-06,,,,,,906.2,32.38,7.4515,7.763
2007-11-07,,,,,,905.2,32.34,7.442,7.7649
2007-11-08,,,,,,907.0,32.3,7.4211,7.7651
2007-11-09,,,,,,910.4,32.27,7.419,7.7817
2007-11-12,,,,,,,,,
2007-11-13,,,,,,914.6,32.29,7.4279,7.787
2007-11-14,,,,,,913.1,32.28,7.425,7.789
2007-11-15,,,,,,919.1,32.29,7.425,7.7866
2007-11-16,,,,,,917.3,32.34,7.425,7.7819
2007-11-19,,,,,,920.5,32.35,7.4313,7.7818
2007-11-20,,,,,,921.8,32.35,7.4225,7.7795
2007-11-21,,,,,,932.8,32.34,7.416,7.7808
2007-11-22,,,,,,932.8,,7.416,7.7808
2007-11-23,,,,,,930.5,32.32,7.4079,7.7779
2007-11-26,,,,,,929.0,32.32,7.397,7.7844
2007-11-27,,,,,,931.8,32.32,7.3865,7.7838
2007-11-28,,,,,,931.2,32.33,7.3905,7.784
2007-11-29,,,,,,928.3,32.3,7.38,7.7885
2007-11-30,,,,,,920.9,32.26,7.385,7.7874
2007-12-01,,,,,88.9,,,,
2007-12-03,,,,,,923.8,32.3,7.401,7.7879
2007-12-04,,,,,,922.3,32.31,7.405,7.7911
2007-12-05,,,,,,923.0,32.3,7.39,7.7944
2007-12-06,,,,,,921.8,32.31,7.412,7.7932
2007-12-07,,,,,,918.9,32.3,7.407,7.7938
2007-12-10,,,,,,923.3,32.32,7.39,7.7966
2007-12-11,,,,,,923.7,32.34,7.379,7.7967
2007-12-12,,,,,,926.1,32.35,7.374,7.7984
2007-12-13,,,,,,925.25,32.36,7.37,7.7966
2007-12-14,,,,,,929.8,32.36,7.375,7.7991
2007-12-17,,,,,,933.4,32.48,7.3805,7.7974
2007-12-18,,,,,,938.35,32.52,7.3741,7.8023
2007-12-19,,,,,,939.2,32.51,7.3718,7.8005
2007-12-20,,,,,,943.4,32.5,7.3669,7.801
2007-12-21,,,,,,940.3,32.49,7.368,7.8006
2007-12-24,,,,,,939.2,32.49,7.3475,7.8055
2007-12-25,,,,,,,,,
2007-12-26,,,,,,938.7,32.53,7.345,7.8073
2007-12-27,,,,,,940.0,32.53,7.3079,7.8012
2007-12-28,,,,,,935.6,32.5,7.304,7.8047
2007-12-31,,,,,,935.8,32.43,7.2946,7.7984
2008-01-01,,,,,89.0,,,,
2008-01-02,,,,,,936.6,32.44,7.2946,7.8107
2008-01-03,,,,,,936.2,32.43,7.2755,7.8047
2008-01-04,,,,,,938.1,32.42,7.2695,7.8003
2008-01-07,,,,,,940.0,32.49,7.2705,7.8015
2008-01-08,,,,,,939.0,32.46,7.267,7.8016
2008-01-09,,,,,,937.1,32.47,7.2625,7.8053
2008-01-10,,,,,,937.2,32.49,7.27,7.8036
2008-01-11,,,,,,937.2,32.47,7.2615,7.8052
2008-01-14,,,,,,937.0,32.33,7.2526,7.8036
2008-01-15,,,,,,935.2,32.23,7.2345,7.7989
2008-01-16,,,,,,942.5,32.27,7.24,7.7998
2008-01-17,,,,,,945.7,32.28,7.2245,7.8047
2008-01-18,,,,,,945.9,32.31,7.2424,7.8073
2008-01-21,,,,,,,,,
2008-01-22,,,,,,946.9,32.44,7.2456,7.8094
2008-01-23,,,,,,953.2,32.41,7.24,7.8075
2008-01-24,,,,,,948.6,32.34,7.2228,7.8092
2008-01-25,,,,,,948.2,32.29,7.2115,7.8072
2008-01-28,,,,,,948.7,32.32,7.195,7.8081
2008-01-29,,,,,,941.5,32.29,7.1965,7.8048
2008-01-30,,,,,,945.0,32.2,7.1912,7.8024
2008-01-31,,,,,,943.4,32.15,7.1818,7.7961
2008-02-01,,,,,89.1,944.5,32.03,7.1845,7.7971
2008-02-04,,,,,,941.3,32.03,7.1915,7.7999
2008-02-05,,,,,,943.1,32.0,7.1835,7.7985
2008-02-06,,,,,,941.4,32.0,7.183,7.8009
2008-02-07,,,,,,941.3,32.0,7.183,7.8004
2008-02-08,,,,,,944.6,32.0,7.183,7.8004
2008-02-11,,,,,,945.0,32.0,7.1905,7.7968
2008-02-12,,,,,,943.9,31.87,7.184,7.7977
2008-02-13,,,,,,945.3,31.63,7.1973,7.7998
2008-02-14,,,,,,944.3,31.69,7.188,7.7995
2008-02-15,,,,,,944.6,31.73,7.178,7.8004
2008-02-18,,,,,,,,,
2008-02-19,,,,,,944.1,31.66,7.1485,7.8012
2008-02-20,,,,,,947.5,31.63,7.1425,7.8007
2008-02-21,,,,,,948.2,31.52,7.1395,7.799
2008-02-22,,,,,,948.2,31.31,7.14,7.7968
2008-02-25,,,,,,948.2,31.25,7.1522,7.7971
2008-02-26,,,,,,946.5,31.18,7.158,7.7936
2008-02-27,,,,,,938.1,30.9,7.14,7.7842
2008-02-28,,,,,,937.2,30.9,7.11,7.7821
2008-02-29,,,,,,942.8,30.92,7.1115,7.7807
2008-03-01,,,,,89.2,,,,
2008-03-03,,,,,,947.1,31.09,7.1035,7.7841
2008-03-04,,,,,,947.45,30.91,7.106,7.7829
2008-03-05,,,,,,948.15,30.83,7.1075,7.7897
2008-03-06,,,,,,952.7,30.7,7.1059,7.7885
2008-03-07,,,,,,956.8,30.71,7.111,7.7857
2008-03-10,,,,,,966.1,30.63,7.106,7.7887
2008-03-11,,,,,,966.4,30.58,7.1027,7.7879
2008-03-12,,,,,,969.3,30.68,7.101,7.7872
2008-03-13,,,,,,982.1,30.66,7.09,7.7858
2008-03-14,,,,,,997.1,30.74,7.089,7.7829
2008-03-17,,,,,,1021.45,30.85,7.083,7.7642
2008-03-18,,,,,,1008.4,30.72,7.0795,7.7702
2008-03-19,,,,,,1008.55,30.71,7.066,7.772
2008-03-20,,,,,,1009.15,30.66,7.052,7.7774
2008-03-21,,,,,,1002.0,30.5,7.0515,7.777
2008-03-24,,,,,,993.7,30.19,7.055,7.7787
2008-03-25,,,,,,975.8,30.08,7.044,7.7782
2008-03-26,,,,,,993.1,29.99,7.029,7.782
2008-03-27,,,,,,990.08,30.14,7.0105,7.7813
2008-03-28,,,,,,992.4,30.38,7.012,7.7807
2008-03-31,,,,,,988.6,30.37,7.012,7.7819
2008-04-01,,,,,90.5,979.0,30.3,7.0116,7.7868
2008-04-02,,,,,,975.7,30.37,7.0185,7.7879
2008-04-03,,,,,,977.2,30.41,7.015,7.7905
2008-04-04,,,,,,973.5,30.41,7.015,7.7909
2008-04-07,,,,,,974.6,30.41,7.001,7.7899
2008-04-08,,,,,,975.7,30.52,7.0008,7.7871
2008-04-09,,,,,,975.7,30.45,7.0017,7.7898
2008-04-10,,,,,,975.0,30.3,6.991,7.7863
2008-04-11,,,,,,975.8,30.29,7.006,7.7885
2008-04-14,,,,,,979.3,30.31,6.999,7.7912
2008-04-15,,,,,,991.3,30.25,6.9945,7.7931
2008-04-16,,,,,,989.1,30.24,6.992,7.7935
2008-04-17,,,,,,991.6,30.29,6.984,7.7915
2008-04-18,,,,,,1000.0,30.41,7.0065,7.7939
2008-04-21,,,,,,997.5,30.27,6.9996,7.7936
2008-04-22,,,,,,996.8,30.26,6.989,7.7929
2008-04-23,,,,,,990.7,30.29,6.9895,7.7963
2008-04-24,,,,,,995.65,30.35,6.9955,7.7908
2008-04-25,,,,,,994.0,30.34,7.0095,7.7911
2008-04-28,,,,,,996.3,30.42,7.002,7.7897
2008-04-29,,,,,,1001.55,30.46,6.9845,7.792
2008-04-30,,,,,,1005.0,30.47,6.987,7.795
2008-05-01,,,,,91.0,1004.0,30.51,6.9876,7.7931
2008-05-02,,,,,,1009.0,30.49,6.987,7.7951
2008-05-05,,,,,,1007.8,30.46,6.9815,7.7946
2008-05-06,,,,,,1015.0,30.44,6.986,7.7931
2008-05-07,,,,,,1030.0,30.64,6.986,7.7935
2008-05-08,,,,,,1040.5,30.85,7.0,7.7946
2008-05-09,,,,,,1044.0,30.74,6.9876,7.7965
2008-05-12,,,,,,1043.0,30.79,6.9881,7.7963
2008-05-13,,,,,,1047.0,30.86,6.9889,7.7966
2008-05-14,,,,,,1047.0,30.99,6.999,7.799
2008-05-15,,,,,,1043.0,30.91,6.9943,7.7995
2008-05-16,,,,,,1037.0,30.6,6.988,7.7998
2008-05-19,,,,,,1041.0,30.47,6.97,7.7999
2008-05-20,,,,,,1047.0,30.54,6.9725,7.8004
2008-05-21,,,,,,1039.0,30.4,6.9592,7.8004
2008-05-22,,,,,,1044.0,30.36,6.942,7.7999
2008-05-23,,,,,,1045.5,30.49,6.9412,7.8018
2008-05-26,,,,,,,,,
2008-05-27,,,,,,1041.0,30.53,6.945,7.806
2008-05-28,,,,,,1033.5,30.49,6.9408,7.805
2008-05-29,,,,,,1030.0,30.44,6.9377,7.8051
2008-05-30,,,,,,1028.5,30.37,6.94,7.8041
2008-06-01,,,,,91.1,,,,
2008-06-02,,,,,,1022.3,30.15,6.9325,7.8037
2008-06-03,,,,,,1016.8,30.37,6.9341,7.8049
2008-06-04,,,,,,1019.0,30.35,6.9633,7.8079
2008-06-05,,,,,,1023.0,30.38,6.946,7.8077
2008-06-06,,,,,,1030.5,30.41,6.923,7.8095
2008-06-09,,,,,,1032.0,30.32,6.923,7.8082
2008-06-10,,,,,,1027.5,30.44,6.9248,7.8093
2008-06-11,,,,,,1030.3,30.34,6.9095,7.809
2008-06-12,,,,,,1033.3,30.39,6.907,7.8159
2008-06-13,,,,,,1044.0,30.44,6.9044,7.8155
2008-06-16,,,,,,1038.5,30.38,6.8911,7.8083
2008-06-17,,,,,,1021.8,30.33,6.8954,7.8093
2008-06-18,,,,,,1029.25,30.38,6.8821,7.8061
2008-06-19,,,,,,1028.0,30.39,6.877,7.8068
2008-06-20,,,,,,1031.5,30.42,6.8796,7.8057
2008-06-23,,,,,,1036.8,30.44,6.874,7.8073
2008-06-24,,,,,,1032.5,30.4,6.8699,7.807
2008-06-25,,,,,,1034.3,30.33,6.8653,7.807
2008-06-26,,,,,,1041.3,30.39,6.863,7.8051
2008-06-27,,,,,,1041.75,30.37,6.8618,7.8023
2008-06-30,,,,,,1046.8,30.36,6.8591,7.797
2008-07-01,,,,,92.3,1050.5,30.37,6.8608,7.7992
2008-07-02,,,,,,1036.5,30.38,6.8542,7.7979
2008-07-03,,,,,,1044.5,30.43,6.8529,7.7978
2008-07-04,,,,,,,,,
2008-07-07,,,,,,1044.5,30.38,6.8567,7.8026
2008-07-08,,,,,,1026.25,30.38,6.851,7.8022
2008-07-09,,,,,,1000.0,30.4,6.8632,7.8027
2008-07-10,,,,,,998.2,30.43,6.843,7.803
2008-07-11,,,,,,1000.3,30.38,6.8338,7.8039
2008-07-14,,,,,,1003.8,30.4,6.845,7.8037
2008-07-15,,,,,,1006.3,30.38,6.8211,7.7967
2008-07-16,,,,,,1006.75,30.35,6.8104,7.799
2008-07-17,,,,,,1011.0,30.35,6.8189,7.7976
2008-07-18,,,,,,1013.0,30.32,6.8168,7.7968
2008-07-21,,,,,,1017.0,30.34,6.8271,7.7971
2008-07-22,,,,,,1014.0,30.34,6.8248,7.7959
2008-07-23,,,,,,1009.0,30.39,6.8279,7.7993
2008-07-24,,,,,,1006.8,30.43,6.8292,7.7988
2008-07-25,,,,,,1007.0,30.45,6.8189,7.8
2008-07-28,,,,,,1006.0,30.4,6.8332,7.8002
2008-07-29,,,,,,1006.0,30.48,6.8264,7.8022
2008-07-30,,,,,,1012.3,30.61,6.8272,7.8036
2008-07-31,,,,,,1011.5,30.72,6.8388,7.8017
2008-08-01,,,,,93.9,1015.75,30.75,6.8423,7.8046
2008-08-04,,,,,,1016.75,30.7,6.8471,7.8036
2008-08-05,,,,,,1017.0,30.74,6.8501,7.8043
2008-08-06,,,,,,1015.5,30.74,6.8482,7.805
2008-08-07,,,,,,1016.0,31.04,6.8555,7.8045
2008-08-08,,,,,,1028.0,31.25,6.8604,7.8126
2008-08-11,,,,,,1030.0,31.12,6.8577,7.8081
2008-08-12,,,,,,1034.2,31.13,6.8659,7.8074
2008-08-13,,,,,,1039.5,31.22,6.8601,7.8083
2008-08-14,,,,,,1039.5,31.25,6.86,7.8097
2008-08-15,,,,,,1039.3,31.36,6.8649,7.8142
2008-08-18,,,,,,1042.8,31.31,6.8705,7.8124
2008-08-19,,,,,,1051.3,31.43,6.8599,7.8108
2008-08-20,,,,,,1047.3,31.4,6.8529,7.8089
2008-08-21,,,,,,1053.6,31.26,6.8405,7.8063
2008-08-22,,,,,,1062.3,31.36,6.8333,7.8059
2008-08-25,,,,,,1077.8,31.42,6.848,7.8076
2008-08-26,,,,,,1087.5,31.54,6.78,7.807
2008-08-27,,,,,,1084.0,31.52,6.807,7.8074
2008-08-28,,,,,,1081.3,31.54,6.8405,7.8068
2008-08-29,,,,,,1089.0,31.55,6.8252,7.8036
2008-09-01,,,,,93.2,,,,
2008-09-02,,,,,,1134.45,31.83,6.8215,7.8067
2008-09-03,,,,,,1147.9,31.79,6.8429,7.8076
2008-09-04,,,,,,1130.3,31.84,6.851,7.808
2008-09-05,,,,,,1117.8,31.86,6.84,7.8094
2008-09-08,,,,,,1081.2,31.77,6.8438,7.8014
2008-09-09,,,,,,1099.5,31.86,6.8381,7.7977
2008-09-10,,,,,,1091.3,31.94,6.835,7.7995
2008-09-11,,,,,,1110.0,32.12,6.8465,7.7973
2008-09-12,,,,,,1106.5,31.93,6.781,7.7963
2008-09-15,,,,,,1117.85,32.07,6.8482,7.7937
2008-09-16,,,,,,1159.75,32.08,6.8391,7.776
2008-09-17,,,,,,1115.5,32.09,6.829,7.7812
2008-09-18,,,,,,1152.4,32.22,6.8375,7.7799
2008-09-19,,,,,,1139.5,32.16,6.8355,7.777
2008-09-22,,,,,,1127.3,32.02,6.8306,7.77
2008-09-23,,,,,,1146.5,31.91,6.8114,7.7582
2008-09-24,,,,,,1153.5,31.91,6.8233,7.7608
2008-09-25,,,,,,1148.8,32.04,6.815,7.7731
2008-09-26,,,,,,1160.1,32.12,6.8431,7.7704
2008-09-29,,,,,,1185.75,32.05,6.8431,7.7629
2008-09-30,,,,,,1206.3,32.23,6.7899,7.7659
2008-10-01,,,,,92.5,1194.85,32.14,6.8485,7.7669
2008-10-02,,,,,,1222.9,32.14,6.842,7.7707
2008-10-03,,,,,,1220.9,32.15,6.8431,7.7719
2008-10-06,,,,,,1267.4,32.34,6.842,7.7699
2008-10-07,,,,,,1328.4,32.37,6.8171,7.7736
2008-10-08,,,,,,1415.25,32.45,6.8171,7.7695
2008-10-09,,,,,,1381.4,32.44,6.8202,7.7602
2008-10-10,,,,,,1306.4,32.44,6.8357,7.759
2008-10-13,,,,,,,,,
2008-10-14,,,,,,1207.25,32.4,6.8339,7.7599
2008-10-15,,,,,,1237.5,32.38,6.835,7.7573
2008-10-16,,,,,,1369.5,32.55,6.8332,7.7571
2008-10-17,,,,,,1333.3,32.57,6.8332,7.7554
2008-10-20,,,,,,1315.0,32.58,6.8299,7.7549
2008-10-21,,,,,,1320.1,32.8,6.8337,7.7529
2008-10-22,,,,,,1418.5,32.98,6.8341,7.7523
2008-10-23,,,,,,1408.7,33.43,6.8354,7.7544
2008-10-24,,,,,,1430.8,33.425,6.8432,7.751
2008-10-27,,,,,,1441.7,33.5,6.8521,7.7515
2008-10-28,,,,,,1467.7,33.45,6.8385,7.752
2008-10-29,,,,,,1426.9,33.2,6.839,7.7514
2008-10-30,,,,,,1250.18,32.75,6.8408,7.7511
2008-10-31,,,,,,1277.5,32.97,6.8388,7.7503
2008-11-01,,,,,92.0,,,,
2008-11-03,,,,,,1262.0,32.86,6.8373,7.7497
2008-11-04,,,,,,1287.9,32.86,6.836,7.7499
2008-11-05,,,,,,1266.3,32.82,6.8285,7.7497
2008-11-06,,,,,,1330.8,32.8,6.8245,7.7499
2008-11-07,,,,,,1310.0,32.81,6.8255,7.7497
2008-11-10,,,,,,1326.18,32.77,6.8267,7.7498
2008-11-11,,,,,,,,,
2008-11-12,,,,,,1354.5,32.95,6.8293,7.7504
2008-11-13,,,,,,1392.5,33.18,6.8291,7.7504
2008-11-14,,,,,,1399.3,33.05,6.8236,7.7498
2008-11-17,,,,,,1410.0,33.16,6.8264,7.7499
2008-11-18,,,,,,1447.4,33.23,6.8239,7.75
2008-11-19,,,,,,1445.9,33.26,6.8295,7.7498
2008-11-20,,,,,,1496.0,33.42,6.834,7.7497
2008-11-21,,,,,,1493.3,33.4,6.8302,7.7509
2008-11-24,,,,,,1507.9,33.4,6.8249,7.7523
2008-11-25,,,,,,1501.4,33.34,6.822,7.755
2008-11-26,,,,,,1477.3,33.25,6.8282,7.756
2008-11-27,,,,,,,,,
2008-11-28,,,,,,1468.0,33.29,6.8254,7.7501
2008-12-01,,,,,89.2,1439.4,33.33,6.8842,7.751
2008-12-02,,,,,,1463.5,33.41,6.8786,7.7514
2008-12-03,,,,,,1467.8,33.52,6.8746,7.7522
2008-12-04,,,,,,1479.0,33.52,6.8817,7.7516
2008-12-05,,,,,,1475.6,33.55,6.8812,7.7513
2008-12-08,,,,,,1445.0,33.47,6.877,7.7504
2008-12-09,,,,,,1439.0,33.48,6.873,7.7501
2008-12-10,,,,,,1393.0,33.45,6.864,7.75
2008-12-11,,,,,,1354.5,33.26,6.8513,7.7499
2008-12-12,,,,,,1369.0,33.26,6.842,7.7497
2008-12-15,,,,,,1360.9,33.19,6.848,7.75
2008-12-16,,,,,,1347.4,33.02,6.8448,7.7505
2008-12-17,,,,,,1324.0,33.58,6.835,7.75
2008-12-18,,,,,,1285.0,32.45,6.8341,7.7502
2008-12-19,,,,,,1287.9,32.45,6.844,7.7501
2008-12-22,,,,,,1308.0,32.94,6.851,7.7508
2008-12-23,,,,,,1331.0,33.01,6.848,7.7497
2008-12-24,,,,,,1304.3,33.03,6.8355,7.7503
2008-12-25,,,,,,,,,
2008-12-26,,,,,,1298.9,32.99,6.8409,7.7502
2008-12-29,,,,,,1262.0,32.99,6.8447,7.75
2008-12-30,,,,,,1257.4,32.76,6.8295,7.7498
2008-12-31,,,,,,1262.0,32.76,6.8225,7.7499
2009-01-01,,,,,86.8,,,,
2009-01-02,,,,,,1318.3,32.82,6.8225,7.7504
2009-01-05,,,,,,1313.5,33.0,6.83,7.7525
2009-01-06,,,,,,1307.0,33.1,6.836,7.7534
2009-01-07,,,,,,1292.3,33.03,6.833,7.7511
2009-01-08,,,,,,1328.25,33.1,6.8342,7.7551
2009-01-09,,,,,,1347.5,33.14,6.835,7.7572
2009-01-12,,,,,,1349.0,33.25,6.8362,7.7546
2009-01-13,,,,,,1353.0,33.23,6.8341,7.7546
2009-01-14,,,,,,1353.0,33.2,6.8347,7.7571
2009-01-15,,,,,,1391.5,33.36,6.8363,7.7618
2009-01-16,,,,,,1351.5,33.34,6.8369,7.7597
2009-01-19,,,,,,,,,
2009-01-20,,,,,,1351.5,33.63,6.8403,7.7583
2009-01-21,,,,,,1368.0,33.58,6.8392,7.7597
2009-01-22,,,,,,1374.0,33.53,6.837,7.7587
2009-01-23,,,,,,1390.8,33.68,6.8392,7.7566
2009-01-26,,,,,,1390.8,33.68,6.8392,7.7567
2009-01-27,,,,,,1390.0,33.68,6.8392,7.7598
2009-01-28,,,,,,1369.0,33.68,6.8392,7.7581
2009-01-29,,,,,,1369.0,33.66,6.8392,7.7564
2009-01-30,,,,,,1380.0,33.7,6.8392,7.7544
2009-02-01,,,,,86.2,,,,
2009-02-02,,,,,,1390.0,33.7,6.847,7.7544
2009-02-03,,,,,,1394.5,33.72,6.8399,7.753
2009-02-04,,,,,,1378.4,33.66,6.8335,7.7536
2009-02-05,,,,,,1384.2,33.66,6.8355,7.7528
2009-02-06,,,,,,1368.7,33.61,6.8338,7.7541
2009-02-09,,,,,,1374.0,33.71,6.8392,7.752
2009-02-10,,,,,,1388.0,33.95,6.8241,7.7515
2009-02-11,,,,,,1390.0,33.97,6.8332,7.7511
2009-02-12,,,,,,1394.0,34.02,6.8345,7.7519
2009-02-13,,,,,,1403.5,34.03,6.8392,7.7528
2009-02-16,,,,,,,,,
2009-02-17,,,,,,1454.8,34.58,6.8355,7.7545
2009-02-18,,,,,,1459.0,34.63,6.8378,7.7551
2009-02-19,,,,,,1480.7,34.58,6.8348,7.7546
2009-02-20,,,,,,1519.5,34.8,6.8367,7.7543
2009-02-23,,,,,,1495.5,34.61,6.8355,7.7526
2009-02-24,,,,,,1516.0,34.73,6.8368,7.7532
2009-02-25,,,,,,1515.7,34.74,6.8369,7.7533
2009-02-26,,,,,,1512.8,34.84,6.8361,7.7541
2009-02-27,,,,,,1532.8,35.0,6.8395,7.7551
2009-03-01,,,,,85.4,,,,
2009-03-02,,,,,,1570.1,35.21,6.8438,7.7573
2009-03-03,,,,,,1551.2,35.08,6.8413,7.7585
2009-03-04,,,,,,1550.95,35.05,6.8432,7.7593
2009-03-05,,,,,,1567.1,34.93,6.8406,7.7574
2009-03-06,,,,,,1549.6,34.66,6.8395,7.7549
2009-03-09,,,,,,1541.0,34.81,6.8398,7.756
2009-03-10,,,,,,1501.0,34.58,6.841,7.7554
2009-03-11,,,,,,1466.0,34.46,6.8399,7.7557
2009-03-12,,,,,,1494.75,34.48,6.8383,7.7533
2009-03-13,,,,,,1481.2,34.49,6.838,7.7527
2009-03-16,,,,,,1435.0,34.4,6.8381,7.7515
2009-03-17,,,,,,1415.75,34.21,6.8369,7.7519
2009-03-18,,,,,,1409.0,34.18,6.8347,7.7523
2009-03-19,,,,,,1388.5,33.9,6.824,7.7511
2009-03-20,,,,,,1396.5,33.75,6.8277,7.7499
2009-03-23,,,,,,1382.9,33.77,6.8335,7.7502
2009-03-24,,,,,,1378.9,33.77,6.8294,7.7497
2009-03-25,,,,,,1362.2,33.82,6.8304,7.7497
2009-03-26,,,,,,1334.8,33.75,6.832,7.7497
2009-03-27,,,,,,1350.9,33.76,6.831,7.75
2009-03-30,,,,,,1391.9,33.76,6.836,7.7497
2009-03-31,,,,,,1372.3,33.87,6.8329,7.75
2009-04-01,,,,,84.9,1378.25,33.82,6.8339,7.7501
2009-04-02,,,,,,1329.5,33.05,6.834,7.75
2009-04-03,,,,,,1335.5,33.16,6.8343,7.75
2009-04-06,,,,,,1304.5,33.1,6.8343,7.7499
2009-04-07,,,,,,1317.5,33.6,6.8361,7.7501
2009-04-08,,,,,,1349.5,33.88,6.835,7.7505
2009-04-09,,,,,,1316.0,33.74,6.834,7.7503
2009-04-10,,,,,,1328.0,33.78,6.8333,7.7503
2009-04-13,,,,,,1328.9,33.68,6.8347,7.7505
2009-04-14,,,,,,1319.5,33.61,6.832,7.7501
2009-04-15,,,,,,1333.0,33.78,6.8321,7.7501
2009-04-16,,,,,,1331.0,33.8,6.8316,7.7501
2009-04-17,,,,,,1327.0,32.99,6.8325,7.7501
2009-04-20,,,,,,1330.0,33.82,6.8331,7.7501
2009-04-21,,,,,,1349.0,33.85,6.8254,7.7505
2009-04-22,,,,,,1345.5,33.85,6.8296,7.75
2009-04-23,,,,,,1343.0,33.81,6.8265,7.75
2009-04-24,,,,,,1338.2,33.69,6.825,7.7495
2009-04-27,,,,,,1338.4,33.72,6.827,7.75
2009-04-28,,,,,,1351.8,33.79,6.8266,7.7508
2009-04-29,,,,,,1335.7,33.64,6.8243,7.7501
2009-04-30,,,,,,1277.0,33.06,6.818,7.75
2009-05-01,,,,,84.9,1277.0,33.14,6.818,7.75
2009-05-04,,,,,,1267.5,32.99,6.8223,7.75
2009-05-05,,,,,,1267.5,33.02,6.8185,7.75
2009-05-06,,,,,,1272.0,33.14,6.8176,7.75
2009-05-07,,,,,,1257.3,33.11,6.8215,7.75
2009-05-08,,,,,,1242.25,33.01,6.82,7.75
2009-05-11,,,,,,1232.9,32.93,6.823,7.75
2009-05-12,,,,,,1238.0,32.83,6.821,7.75
2009-05-13,,,,,,1239.0,32.91,6.822,7.75
2009-05-14,,,,,,1264.0,32.95,6.8248,7.7501
2009-05-15,,,,,,1252.0,32.92,6.8225,7.7508
2009-05-18,,,,,,1260.5,32.98,6.8265,7.7523
2009-05-19,,,,,,1244.5,32.85,6.8245,7.7517
2009-05-20,,,,,,1246.0,32.8,6.8248,7.752
2009-05-21,,,,,,1245.0,32.71,6.8245,7.752
2009-05-22,,,,,,1242.0,32.55,6.8227,7.7516
2009-05-25,,,,,,,,,
2009-05-26,,,,,,1264.25,32.63,6.8326,7.7521
2009-05-27,,,,,,1264.4,32.72,6.8272,7.7525
2009-05-28,,,,,,1261.8,32.63,6.8278,7.7526
2009-05-29,,,,,,1249.0,32.57,6.8278,7.7519
2009-06-01,,,,,85.7,1232.7,32.36,6.8264,7.7516
2009-06-02,,,,,,1234.2,32.37,6.8305,7.7513
2009-06-03,,,,,,1232.1,32.49,6.829,7.7515
2009-06-04,,,,,,1246.25,32.58,6.8331,7.7509
2009-06-05,,,,,,1247.5,32.64,6.8329,7.7506
2009-06-08,,,,,,1247.4,32.87,6.8371,7.7507
2009-06-09,,,,,,1258.5,32.74,6.8353,7.7507
2009-06-10,,,,,,1253.5,32.68,6.833,7.7512
2009-06-11,,,,,,1248.7,32.72,6.8358,7.751
2009-06-12,,,,,,1246.0,32.79,6.8352,7.7499
2009-06-15,,,,,,1257.0,32.94,6.8361,7.7504
2009-06-16,,,,,,1255.7,32.87,6.8338,7.7501
2009-06-17,,,,,,1269.0,32.96,6.8364,7.7503
2009-06-18,,,,,,1263.5,32.88,6.8344,7.75
2009-06-19,,,,,,1264.2,32.86,6.836,7.75
2009-06-22,,,,,,1278.6,32.89,6.834,7.7501
2009-06-23,,,,,,1281.7,32.88,6.8346,7.75
2009-06-24,,,,,,1273.0,32.85,6.8307,7.7499
2009-06-25,,,,,,1285.1,32.95,6.8344,7.75
2009-06-26,,,,,,1278.3,32.95,6.833,7.7499
2009-06-29,,,,,,1278.0,32.9,6.8334,7.75
2009-06-30,,,,,,1273.5,32.77,6.8302,7.75
2009-07-01,,,,,85.5,1256.9,32.69,6.8331,7.75
2009-07-02,,,,,,1270.7,32.9,6.8312,7.75
2009-07-03,,,,,,1265.7,32.87,6.832,7.7495
2009-07-06,,,,,,1267.0,32.98,6.8342,7.7499
2009-07-07,,,,,,1268.7,32.96,6.8326,7.7499
2009-07-08,,,,,,1277.5,33.01,6.8323,7.7501
2009-07-09,,,,,,1277.7,32.95,6.8317,7.7503
2009-07-10,,,,,,1288.4,33.04,6.8325,7.7505
2009-07-13,,,,,,1309.0,33.13,6.8326,7.7504
2009-07-14,,,,,,1294.2,33.078,6.833,7.7504
2009-07-15,,,,,,1270.6,32.87,6.8315,7.75
2009-07-16,,,,,,1266.0,32.87,6.831,7.7499
2009-07-17,,,,,,1254.5,32.86,6.8309,7.7499
2009-07-20,,,,,,1244.0,32.75,6.8303,7.7495
2009-07-21,,,,,,1245.5,32.75,6.83,7.7499
2009-07-22,,,,,,1251.1,32.82,6.8305,7.7499
2009-07-23,,,,,,1244.8,32.74,6.8308,7.7499
2009-07-24,,,,,,1245.0,32.81,6.8313,7.75
2009-07-27,,,,,,1242.4,32.85,6.8312,7.7501
2009-07-28,,,,,,1236.3,32.725,6.8308,7.7501
2009-07-29,,,,,,1243.8,32.86,6.8314,7.7495
2009-07-30,,,,,,1230.5,32.8,6.8321,7.75
2009-07-31,,,,,,1222.2,32.8,6.8319,7.75
2009-08-01,,,,,85.9,,,,
2009-08-03,,,,,,1214.0,32.8,6.8308,7.75
2009-08-04,,,,,,1219.9,32.65,6.8302,7.75
2009-08-05,,,,,,1225.5,32.71,6.8307,7.7501
2009-08-06,,,,,,1225.0,32.73,6.8312,7.7502
2009-08-07,,,,,,1224.0,32.75,6.8316,7.7503
2009-08-10,,,,,,1227.6,32.78,6.8341,7.75
2009-08-11,,,,,,1242.7,32.91,6.8349,7.75
2009-08-12,,,,,,1242.0,32.83,6.8349,7.7508
2009-08-13,,,,,,1237.2,32.876,6.8336,7.7507
2009-08-14,,,,,,1239.5,32.9,6.8341,7.7506
2009-08-17,,,,,,1258.5,32.98,6.8358,7.7508
2009-08-18,,,,,,1246.4,32.953,6.8337,7.7514
2009-08-19,,,,,,1251.4,33.02,6.834,7.7516
2009-08-20,,,,,,1245.5,32.89,6.8317,7.7511
2009-08-21,,,,,,1242.5,32.84,6.8313,7.7512
2009-08-24,,,,,,1240.5,32.79,6.8308,7.7501
2009-08-25,,,,,,1247.8,32.916,6.8318,7.7504
2009-08-26,,,,,,1248.8,32.97,6.8309,7.7508
2009-08-27,,,,,,1247.3,32.9,6.8316,7.7511
2009-08-28,,,,,,1244.8,32.88,6.83,7.7507
2009-08-31,,,,,,1248.0,32.91,6.8299,7.7505
2009-09-01,,,,,86.1,1245.0,32.9,6.8295,7.7507
2009-09-02,,,,,,1246.2,32.86,6.8303,7.7514
2009-09-03,,,,,,1244.0,32.85,6.8298,7.7511
2009-09-04,,,,,,1237.3,32.89,6.8293,7.7503
2009-09-07,,,,,,,,,
2009-09-08,,,,,,1228.2,32.65,6.827,7.7498
2009-09-09,,,,,,1220.5,32.66,6.8286,7.7504
2009-09-10,,,,,,1223.0,32.68,6.8291,7.7505
2009-09-11,,,,,,1221.0,32.54,6.828,7.75
2009-09-14,,,,,,1220.5,32.61,6.8282,7.75
2009-09-15,,,,,,1217.4,32.57,6.8289,7.7501
2009-09-16,,,,,,1205.5,32.43,6.8247,7.75
2009-09-17,,,,,,1206.0,32.4,6.8262,7.7502
2009-09-18,,,,,,1207.0,32.4,6.827,7.7502
2009-09-21,,,,,,1202.35,32.39,6.8287,7.7505
2009-09-22,,,,,,1201.75,32.32,6.8268,7.7502
2009-09-23,,,,,,1194.0,32.36,6.8254,7.7505
2009-09-24,,,,,,1190.7,32.39,6.8263,7.7502
2009-09-25,,,,,,1184.25,32.41,6.8273,7.7502
2009-09-28,,,,,,1192.0,32.4,6.8265,7.7499
2009-09-29,,,,,,1187.5,32.46,6.8273,7.7501
2009-09-30,,,,,,1175.0,32.03,6.8262,7.75
2009-10-01,,,,,85.8,1173.35,32.14,6.826,7.75
2009-10-02,,,,,,1182.0,32.28,6.826,7.75
2009-10-05,,,,,,1165.25,32.15,6.826,7.7501
2009-10-06,,,,,,1166.0,32.1,6.826,7.75
2009-10-07,,,,,,1167.0,32.04,6.826,7.7496
2009-10-08,,,,,,1166.25,32.08,6.826,7.7496
2009-10-09,,,,,,1164.3,32.26,6.8248,7.7495
2009-10-12,,,,,,,,,
2009-10-13,,,,,,1166.0,32.26,6.8264,7.75
2009-10-14,,,,,,1157.5,32.22,6.8261,7.7495
2009-10-15,,,,,,1158.0,32.23,6.827,7.75
2009-10-16,,,,,,1155.0,32.25,6.8266,7.7495
2009-10-19,,,,,,1166.0,32.31,6.8266,7.7502
2009-10-20,,,,,,1182.0,32.27,6.8254,7.7496
2009-10-21,,,,,,1179.9,32.35,6.8272,7.7496
2009-10-22,,,,,,1188.0,32.4,6.8287,7.7495
2009-10-23,,,,,,1189.0,32.39,6.828,7.7495
2009-10-26,,,,,,1178.4,32.39,6.8278,7.7495
2009-10-27,,,,,,1190.0,32.46,6.8292,7.7495
2009-10-28,,,,,,1185.4,32.44,6.827,7.7495
2009-10-29,,,,,,1187.2,32.48,6.8269,7.7502
2009-10-30,,,,,,1182.0,32.61,6.8264,7.7497
2009-11-01,,,,,85.8,,,,
2009-11-02,,,,,,1181.0,32.5,6.8268,7.7501
2009-11-03,,,,,,1188.1,32.58,6.8278,7.7501
2009-11-04,,,,,,1172.7,32.51,6.8265,7.7496
2009-11-05,,,,,,1174.8,32.47,6.8269,7.7495
2009-11-06,,,,,,1167.6,32.51,6.8266,7.7495
2009-11-09,,,,,,1154.6,32.3,6.8261,7.7498
2009-11-10,,,,,,1161.1,32.36,6.8255,7.7495
2009-11-11,,,,,,,,,
2009-11-12,,,,,,1160.5,32.34,6.8267,7.7495
2009-11-13,,,,,,1156.3,32.18,6.826,7.75
2009-11-16,,,,,,1152.0,32.17,6.8263,7.75
2009-11-17,,,,,,1155.0,32.13,6.826,7.7495
2009-11-18,,,,,,1153.5,32.12,6.8269,7.75
2009-11-19,,,,,,1161.5,32.37,6.8283,7.7495
2009-11-20,,,,,,1157.9,32.38,6.8277,7.7497
2009-11-23,,,,,,1152.0,32.22,6.83,7.75
2009-11-24,,,,,,1154.5,32.24,6.8292,7.7495
2009-11-25,,,,,,1153.0,32.25,6.8272,7.7495
2009-11-26,,,,,,,,,
2009-11-27,,,,,,1173.4,32.23,6.8272,7.7498
2009-11-30,,,,,,1164.4,32.2,6.8265,7.75
2009-12-01,,,,,86.5,1154.0,32.13,6.827,7.7495
2009-12-02,,,,,,1149.0,32.12,6.826,7.7495
2009-12-03,,,,,,1150.0,32.1,6.8269,7.75
2009-12-04,,,,,,1151.0,32.16,6.8261,7.7495
2009-12-07,,,,,,1152.45,32.3,6.8288,7.7499
2009-12-08,,,,,,1151.22,32.22,6.8275,7.7504
2009-12-09,,,,,,1160.0,32.25,6.8275,7.7505
2009-12-10,,,,,,1165.0,32.29,6.8264,7.7501
2009-12-11,,,,,,1162.5,32.17,6.8269,7.7499
2009-12-14,,,,,,1156.0,32.28,6.8281,7.7514
2009-12-15,,,,,,1156.5,32.31,6.827,7.7534
2009-12-16,,,,,,1160.3,32.31,6.8279,7.7526
2009-12-17,,,,,,1172.9,32.32,6.8286,7.7559
2009-12-18,,,,,,1171.2,32.38,6.828,7.7572
2009-12-21,,,,,,1185.4,32.35,6.8284,7.7563
2009-12-22,,,,,,1179.0,32.35,6.8285,7.753
2009-12-23,,,,,,1182.0,32.36,6.8282,7.7535
2009-12-24,,,,,,1173.07,32.29,6.8271,7.7556
2009-12-25,,,,,,,,,
2009-12-28,,,,,,1168.0,32.28,6.8299,7.756
2009-12-29,,,,,,1166.0,32.32,6.8289,7.7546
2009-12-30,,,,,,1163.65,32.17,6.8244,7.7548
2009-12-31,,,,,,1163.65,31.95,6.8259,7.7536
2010-01-01,,,,,87.3,,,,
2010-01-04,,,,,,1149.0,31.65,6.8273,7.7555
2010-01-05,,,,,,1138.2,31.89,6.8258,7.7564
2010-01-06,,,,,,1130.0,31.83,6.8272,7.7546
2010-01-07,,,,,,1135.0,31.85,6.828,7.7539
2010-01-08,,,,,,1127.75,31.82,6.8274,7.7553
2010-01-11,,,,,,1120.0,31.75,6.8263,7.755
2010-01-12,,,,,,1120.25,31.8,6.8267,7.7552
2010-01-13,,,,,,1122.0,31.75,6.8295,7.7564
2010-01-14,,,,,,1122.5,31.75,6.8265,7.7578
2010-01-15,,,,,,1123.0,31.79,6.8269,7.7594
2010-01-18,,,,,,,,,
2010-01-19,,,,,,1129.3,31.83,6.8268,7.7626
2010-01-20,,,,,,1133.5,31.97,6.8258,7.7684
2010-01-21,,,,,,1141.0,31.92,6.8268,7.7703
2010-01-22,,,,,,1153.0,31.98,6.827,7.7713
2010-01-25,,,,,,1146.0,31.91,6.8268,7.7679
2010-01-26,,,,,,1163.1,32.04,6.8263,7.7742
2010-01-27,,,,,,1162.0,32.01,6.8268,7.7752
2010-01-28,,,,,,1151.4,31.97,6.8267,7.7691
2010-01-29,,,,,,1158.7,31.94,6.8268,7.7665
2010-02-01,,,,,87.1,1165.75,32.04,6.826,7.7665
2010-02-02,,,,,,1158.95,32.04,6.827,7.7675
2010-02-03,,,,,,1148.1,31.98,6.826,7.7658
2010-02-04,,,,,,1145.9,32.07,6.828,7.767
2010-02-05,,,,,,1168.95,32.1,6.8275,7.7703
2010-02-08,,,,,,1170.0,32.14,6.8265,7.7701
2010-02-09,,,,,,1158.0,32.05,6.8267,7.7702
2010-02-10,,,,,,1161.0,32.08,6.828,7.7716
2010-02-11,,,,,,1156.2,32.05,6.8328,7.7683
2010-02-12,,,,,,1151.0,32.08,6.8326,7.7699
2010-02-15,,,,,,,,,
2010-02-16,,,,,,1147.0,32.07,6.8326,7.7706
2010-02-17,,,,,,1144.0,31.99,6.8326,7.7671
2010-02-18,,,,,,1144.2,32.04,6.833,7.7656
2010-02-19,,,,,,1153.0,32.08,6.829,7.7658
2010-02-22,,,,,,1149.2,32.02,6.8264,7.7629
2010-02-23,,,,,,1155.0,32.08,6.8267,7.7621
2010-02-24,,,,,,1156.0,32.06,6.8269,7.7657
2010-02-25,,,,,,1166.2,32.09,6.8267,7.764
2010-02-26,,,,,,1159.0,32.12,6.8258,7.7619
2010-03-01,,,,,87.0,1153.0,32.04,6.8263,7.7647
2010-03-02,,,,,,1147.0,32.01,6.8265,7.7623
2010-03-03,,,,,,1141.0,31.95,6.8258,7.7621
2010-03-04,,,,,,1145.5,31.94,6.8258,7.7632
2010-03-05,,,,,,1139.5,31.91,6.826,7.7634
2010-03-08,,,,,,1131.5,31.85,6.8261,7.7578
2010-03-09,,,,,,1135.15,31.8,6.8263,7.7597
2010-03-10,,,,,,1128.1,31.83,6.8259,7.7587
2010-03-11,,,,,,1133.43,31.75,6.8266,7.759
2010-03-12,,,,,,1128.33,31.73,6.8254,7.7574
2010-03-15,,,,,,1134.5,31.83,6.8259,7.7588
2010-03-16,,,,,,1133.0,31.81,6.8257,7.7606
2010-03-17,,,,,,1128.0,31.7,6.8259,7.7608
2010-03-18,,,,,,1131.5,31.74,6.8261,7.7608
2010-03-19,,,,,,1133.58,31.73,6.8265,7.759
2010-03-22,,,,,,1135.5,31.79,6.8266,7.7609
2010-03-23,,,,,,1136.8,31.82,6.8263,7.7621
2010-03-24,,,,,,1137.0,31.81,6.8266,7.7609
2010-03-25,,,,,,1142.3,31.83,6.827,7.7609
2010-03-26,,,,,,1138.0,31.87,6.8269,7.762
2010-03-29,,,,,,1135.0,31.82,6.8264,7.7635
2010-03-30,,,,,,1131.0,31.78,6.8258,7.7648
2010-03-31,,,,,,1131.2,31.73,6.8258,7.7647
2010-04-01,,,,,87.2,1126.3,31.74,6.8263,7.7671
2010-04-02,,,,,,1125.9,31.74,6.8255,7.7672
2010-04-05,,,,,,1122.8,31.7,6.8256,7.7659
2010-04-06,,,,,,1123.9,31.67,6.825,7.7652
2010-04-07,,,,,,1120.0,31.58,6.8254,7.7614
2010-04-08,,,,,,1123.0,31.6,6.824,7.758
2010-04-09,,,,,,1117.0,31.53,6.8229,7.7565
2010-04-12,,,,,,1114.0,31.52,6.8252,7.758
2010-04-13,,,,,,1123.7,31.557,6.8255,7.7607
2010-04-14,,,,,,1111.5,31.38,6.8258,7.7605
2010-04-15,,,,,,1107.0,31.35,6.826,7.7608
2010-04-16,,,,,,1110.0,31.35,6.8253,7.7621
2010-04-19,,,,,,1118.1,31.48,6.8262,7.7611
2010-04-20,,,,,,1117.8,31.39,6.8253,7.7634
2010-04-21,,,,,,1107.6,31.38,6.8275,7.7636
2010-04-22,,,,,,1108.2,31.42,6.8263,7.7626
2010-04-23,,,,,,1108.5,31.38,6.827,7.7628
2010-04-26,,,,,,1104.0,31.31,6.8266,7.7629
2010-04-27,,,,,,1110.0,31.34,6.8256,7.7639
2010-04-28,,,,,,1118.0,31.46,6.8245,7.7675
2010-04-29,,,,,,1114.8,31.3,6.8259,7.7645
2010-04-30,,,,,,1108.0,31.31,6.8247,7.7637
2010-05-01,,,,,88.0,,,,
2010-05-03,,,,,,1118.4,31.4,6.8245,7.7626
2010-05-04,,,,,,1115.0,31.42,6.826,7.7644
2010-05-05,,,,,,1115.0,31.54,6.8263,7.7666
2010-05-06,,,,,,1140.9,31.67,6.8265,7.7725
2010-05-07,,,,,,1155.3,31.77,6.8254,7.779
2010-05-10,,,,,,1131.8,31.56,6.8263,7.7795
2010-05-11,,,,,,1133.75,31.64,6.8285,7.7795
2010-05-12,,,,,,1144.02,31.66,6.827,7.7813
2010-05-13,,,,,,1129.2,31.64,6.8278,7.7813
2010-05-14,,,,,,1130.0,31.78,6.8263,7.7822
2010-05-17,,,,,,1152.75,31.85,6.8274,7.8018
2010-05-18,,,,,,1146.0,31.83,6.8273,7.7969
2010-05-19,,,,,,1163.9,32.04,6.8269,7.7998
2010-05-20,,,,,,1193.5,32.1,6.8277,7.8021
2010-05-21,,,,,,1193.0,32.15,6.8262,7.803
2010-05-24,,,,,,1213.65,32.1,6.8286,7.8006
2010-05-25,,,,,,1250.0,32.33,6.831,7.8008
2010-05-26,,,,,,1253.2,32.18,6.8292,7.7849
2010-05-27,,,,,,1222.95,32.03,6.8296,7.789
2010-05-28,,,,,,1194.5,32.0,6.8305,7.785
2010-05-31,,,,,,,,,
2010-06-01,,,,,88.1,1216.0,32.33,6.8275,7.7912
2010-06-02,,,,,,1216.5,32.18,6.8296,7.7935
2010-06-03,,,,,,1198.5,32.16,6.8283,7.7906
2010-06-04,,,,,,1201.5,32.25,6.8268,7.7919
2010-06-07,,,,,,1235.61,32.42,6.8322,7.8018
2010-06-08,,,,,,1233.99,32.43,6.8294,7.804
2010-06-09,,,,,,1247.3,32.4,6.8285,7.8013
2010-06-10,,,,,,1250.4,32.38,6.8305,7.7903
2010-06-11,,,,,,1245.9,32.4,6.832,7.7935
2010-06-14,,,,,,1221.2,32.2,6.8323,7.792
2010-06-15,,,,,,1229.0,32.28,6.8323,7.7917
2010-06-16,,,,,,1211.0,32.22,6.8323,7.7909
2010-06-17,,,,,,1212.8,32.22,6.829,7.7859
2010-06-18,,,,,,1202.55,32.12,6.8267,7.7823
2010-06-21,,,,,,1173.6,31.74,6.7968,7.769
2010-06-22,,,,,,1182.95,32.08,6.8127,7.7778
2010-06-23,,,,,,1187.1,31.988,6.8124,7.7767
2010-06-24,,,,,,1188.9,32.026,6.8001,7.7789
2010-06-25,,,,,,1215.1,32.07,6.7911,7.7785
2010-06-28,,,,,,1202.85,32.04,6.796,7.7838
2010-06-29,,,,,,1216.85,32.17,6.7977,7.7837
2010-06-30,,,,,,1220.85,32.27,6.7815,7.7865
2010-07-01,,,,,88.5,1227.0,32.19,6.7807,7.7953
2010-07-02,,,,,,1228.5,32.21,6.7709,7.7962
2010-07-05,,,,,,,,,
2010-07-06,,,,,,1222.0,32.18,6.7801,7.7872
2010-07-07,,,,,,1221.55,32.16,6.777,7.7897
2010-07-08,,,,,,1209.4,32.103,6.7763,7.7883
2010-07-09,,,,,,1197.5,32.05,6.772,7.7736
2010-07-12,,,,,,1203.35,32.08,6.7709,7.771
2010-07-13,,,,,,1212.5,32.13,6.772,7.7732
2010-07-14,,,,,,1201.55,32.11,6.7714,7.7699
2010-07-15,,,,,,1201.5,32.11,6.7774,7.7694
2010-07-16,,,,,,1202.5,32.08,6.775,7.7758
2010-07-19,,,,,,1216.0,32.14,6.778,7.7748
2010-07-20,,,,,,1206.4,32.16,6.7781,7.7736
2010-07-21,,,,,,1203.5,32.14,6.7769,7.7739
2010-07-22,,,,,,1202.95,32.1,6.7795,7.7739
2010-07-23,,,,,,1198.5,32.09,6.7803,7.7667
2010-07-26,,,,,,1191.0,32.06,6.7788,7.766
2010-07-27,,,,,,1181.95,31.98,6.7781,7.7651
2010-07-28,,,,,,1185.0,32.0,6.778,7.7657
2010-07-29,,,,,,1185.35,31.94,6.776,7.7656
2010-07-30,,,,,,1182.0,31.95,6.7735,7.7672
2010-08-01,,,,,88.5,,,,
2010-08-02,,,,,,1172.5,31.76,6.774,7.7638
2010-08-03,,,,,,1167.2,31.75,6.7728,7.7605
2010-08-04,,,,,,1167.25,31.79,6.772,7.7636
2010-08-05,,,,,,1166.0,31.76,6.7705,7.7637
2010-08-06,,,,,,1161.0,31.7,6.768,7.7629
2010-08-09,,,,,,1160.0,31.65,6.767,7.7613
2010-08-10,,,,,,1168.6,31.75,6.772,7.7638
2010-08-11,,,,,,1182.0,31.8,6.7745,7.7662
2010-08-12,,,,,,1185.9,31.92,6.7843,7.7679
2010-08-13,,,,,,1183.7,31.9,6.7957,7.7723
2010-08-16,,,,,,1186.9,31.92,6.8038,7.7723
2010-08-17,,,,,,1176.0,31.86,6.792,7.7699
2010-08-18,,,,,,1174.0,31.85,6.7911,7.7691
2010-08-19,,,,,,1172.15,31.89,6.7897,7.7697
2010-08-20,,,,,,1183.2,31.92,6.79,7.7759
2010-08-23,,,,,,1181.6,31.9,6.7995,7.7747
2010-08-24,,,,,,1191.0,31.98,6.7966,7.7769
2010-08-25,,,,,,1196.15,32.02,6.7995,7.777
2010-08-26,,,,,,1190.1,32.0,6.7998,7.778
2010-08-27,,,,,,1195.1,31.98,6.7977,7.7788
2010-08-30,,,,,,1191.0,32.02,6.8029,7.7787
2010-08-31,,,,,,1198.0,32.01,6.8069,7.7781
2010-09-01,,,,,88.6,1184.0,31.99,6.8102,7.7738
2010-09-02,,,,,,1178.0,31.96,6.807,7.7702
2010-09-03,,,,,,1173.0,31.87,6.8014,7.7714
2010-09-06,,,,,,,,,
2010-09-07,,,,,,1177.0,31.94,6.7906,7.7679
2010-09-08,,,,,,1171.5,31.9,6.794,7.7692
2010-09-09,,,,,,1166.75,31.84,6.782,7.7691
2010-09-10,,,,,,1164.85,31.82,6.769,7.766
2010-09-13,,,,,,1159.0,31.68,6.7595,7.7666
2010-09-14,,,,,,1159.5,31.72,6.743,7.7657
2010-09-15,,,,,,1158.0,31.72,6.738,7.7667
2010-09-16,,,,,,1161.0,31.66,6.725,7.7668
2010-09-17,,,,,,1160.0,31.65,6.723,7.7646
2010-09-20,,,,,,1160.5,31.63,6.7135,7.7634
2010-09-21,,,,,,1160.0,31.58,6.7059,7.7617
2010-09-22,,,,,,1150.0,31.52,6.7035,7.7581
2010-09-23,,,,,,1150.65,31.54,6.7046,7.7591
2010-09-24,,,,,,1154.2,31.34,6.7035,7.7561
2010-09-27,,,,,,1146.0,31.35,6.6911,7.7579
2010-09-28,,,,,,1145.5,31.41,6.6904,7.7578
2010-09-29,,,,,,1139.0,31.15,6.6869,7.7574
2010-09-30,,,,,,1140.1,31.19,6.6905,7.7599
2010-10-01,,,,,87.7,1130.25,31.3,6.6895,7.7573
2010-10-04,,,,,,1122.25,31.24,6.6912,7.7579
2010-10-05,,,,,,1129.85,31.06,6.6906,7.7558
2010-10-06,,,,,,1117.4,30.86,6.6893,7.7552
2010-10-07,,,,,,1114.0,30.74,6.6903,7.7527
2010-10-08,,,,,,1120.7,30.84,6.671,7.7567
2010-10-11,,,,,,,,,
2010-10-12,,,,,,1130.15,30.98,6.6733,7.7586
2010-10-13,,,,,,1119.0,30.84,6.6634,7.7599
2010-10-14,,,,,,1110.4,30.66,6.6505,7.7578
2010-10-15,,,,,,1109.6,30.66,6.6397,7.7573
2010-10-18,,,,,,1115.0,30.75,6.644,7.7569
2010-10-19,,,,,,1126.7,30.89,6.6444,7.7595
2010-10-20,,,,,,1124.9,30.83,6.6518,7.7626
2010-10-21,,,,,,1128.4,30.74,6.6502,7.7638
2010-10-22,,,,,,1125.6,30.83,6.6583,7.7648
2010-10-25,,,,,,1115.6,30.42,6.6579,7.7578
2010-10-26,,,,,,1122.0,30.65,6.6625,7.7583
2010-10-27,,,,,,1130.0,30.74,6.6805,7.7587
2010-10-28,,,,,,1123.0,30.63,6.6867,7.7561
2010-10-29,,,,,,1124.0,30.6,6.6707,7.7515
2010-11-01,,,,,87.5,1116.73,30.5,6.6892,7.7515
2010-11-02,,,,,,1111.0,30.45,6.6775,7.751
2010-11-03,,,,,,1109.8,30.42,6.6758,7.7504
2010-11-04,,,,,,1106.53,30.17,6.6609,7.7501
2010-11-05,,,,,,1107.7,30.19,6.655,7.7506
2010-11-08,,,,,,1114.0,30.18,6.6791,7.7506
2010-11-09,,,,,,1111.4,30.14,6.6424,7.7508
2010-11-10,,,,,,1109.6,30.12,6.6335,7.7505
2010-11-11,,,,,,,,,
2010-11-12,,,,,,1127.2,30.22,6.6368,7.7511
2010-11-15,,,,,,1134.7,30.19,6.6418,7.7523
2010-11-16,,,,,,1129.8,30.25,6.6378,7.7543
2010-11-17,,,,,,1143.75,30.44,6.6415,7.7559
2010-11-18,,,,,,1129.9,30.27,6.633,7.7527
2010-11-19,,,,,,1131.15,30.27,6.6398,7.7536
2010-11-22,,,,,,1126.0,30.15,6.6414,7.754
2010-11-23,,,,,,1162.0,30.51,6.6433,7.7588
2010-11-24,,,,,,1146.0,30.44,6.6529,7.7593
2010-11-25,,,,,,,,,
2010-11-26,,,,,,1153.95,30.46,6.6675,7.7634
2010-11-29,,,,,,1164.05,30.52,6.66,7.7656
2010-11-30,,,,,,1157.2,30.47,6.667,7.7649
2010-12-01,,,,,88.5,1149.0,30.37,6.663,7.7665
2010-12-02,,,,,,1148.0,30.34,6.6609,7.7659
2010-12-03,,,,,,1136.5,30.22,6.6628,7.7616
2010-12-06,,,,,,1136.7,30.14,6.6483,7.7612
2010-12-07,,,,,,1130.0,30.08,6.6455,7.763
2010-12-08,,,,,,1142.5,30.16,6.6616,7.768
2010-12-09,,,,,,1140.0,30.16,6.6549,7.7731
2010-12-10,,,,,,1143.0,30.17,6.655,7.7737
2010-12-13,,,,,,1144.9,30.01,6.6652,7.778
2010-12-14,,,,,,1139.0,29.89,6.6563,7.7727
2010-12-15,,,,,,1154.95,29.87,6.6541,7.7757
2010-12-16,,,,,,1155.0,29.85,6.6635,7.7771
2010-12-17,,,,,,1155.05,29.9,6.6545,7.7768
2010-12-20,,,,,,1154.1,29.92,6.6745,7.7756
2010-12-21,,,,,,1155.15,29.85,6.658,7.7735
2010-12-22,,,,,,1153.9,29.82,6.645,7.7789
2010-12-23,,,,,,1151.9,29.82,6.645,7.7778
2010-12-24,,,,,,,,,
2010-12-27,,,,,,1148.9,29.48,6.6306,7.7833
2010-12-28,,,,,,1143.0,29.46,6.6247,7.7803
2010-12-29,,,,,,1143.0,29.28,6.62,7.7821
2010-12-30,,,,,,1130.6,29.14,6.6,7.781
2010-12-31,,,,,,,,,
2011-01-01,,,,,89.1,,,,
2011-01-03,,,,,,1124.3,29.08,6.5895,7.7683
2011-01-04,,,,,,1124.2,29.17,6.6065,7.7694
2011-01-05,,,,,,1127.3,29.17,6.585,7.7704
2011-01-06,,,,,,1121.0,29.26,6.626,7.7735
2011-01-07,,,,,,1120.2,29.36,6.6276,7.7714
2011-01-10,,,,,,1128.1,29.26,6.6364,7.7774
2011-01-11,,,,,,1124.0,29.13,6.6185,7.7759
2011-01-12,,,,,,1111.6,29.18,6.6037,7.7737
2011-01-13,,,,,,1111.2,28.98,6.6044,7.7738
2011-01-14,,,,,,1114.55,29.02,6.5876,7.7741
2011-01-17,,,,,,,,,
2011-01-18,,,,,,1111.0,29.02,6.5828,7.7773
2011-01-19,,,,,,1113.2,29.02,6.5823,7.7775
2011-01-20,,,,,,1124.1,29.24,6.5852,7.7858
2011-01-21,,,,,,1118.0,29.08,6.5831,7.7891
2011-01-24,,,,,,1118.0,29.05,6.5809,7.7978
2011-01-25,,,,,,1121.6,29.02,6.5824,7.7922
2011-01-26,,,,,,1116.0,29.06,6.5814,7.7859
2011-01-27,,,,,,1114.3,29.03,6.5814,7.7876
2011-01-28,,,,,,1115.6,29.05,6.5819,7.7927
2011-01-31,,,,,,1119.1,29.03,6.6017,7.7926
2011-02-01,,,,,89.6,1113.6,29.02,6.5937,7.7913
2011-02-02,,,,,,1113.6,29.02,6.556,7.7862
2011-02-03,,,,,,1113.6,29.03,6.556,7.7859
2011-02-04,,,,,,1113.6,29.03,6.556,7.7863
2011-02-07,,,,,,1103.6,29.03,6.56,7.7841
2011-02-08,,,,,,1100.9,28.9,6.552,7.7823
2011-02-09,,,,,,1107.4,28.78,6.5914,7.7848
2011-02-10,,,,,,1120.9,28.93,6.5864,7.7899
2011-02-11,,,,,,1126.3,29.17,6.5917,7.7945
2011-02-14,,,,,,1125.9,29.35,6.5965,7.7952
2011-02-15,,,,,,1121.3,29.43,6.5884,7.7941
2011-02-16,,,,,,1115.3,29.43,6.5884,7.7898
2011-02-17,,,,,,1114.5,29.42,6.585,7.7872
2011-02-18,,,,,,1111.0,29.4,6.5731,7.7844
2011-02-21,,,,,,,,,
2011-02-22,,,,,,1125.35,29.53,6.5795,7.7925
2011-02-23,,,,,,1125.2,29.57,6.5741,7.7945
2011-02-24,,,,,,1130.55,29.76,6.572,7.7957
2011-02-25,,,,,,1125.0,29.74,6.5749,7.7933
2011-02-28,,,,,,1123.7,29.74,6.5713,7.7883
2011-03-01,,,,,91.0,1123.5,29.54,6.57,7.7887
2011-03-02,,,,,,1121.0,29.63,6.5723,7.7897
2011-03-03,,,,,,1115.4,29.47,6.5717,7.7891
2011-03-04,,,,,,1117.5,29.36,6.567,7.7879
2011-03-07,,,,,,1115.35,29.35,6.554,7.7858
2011-03-08,,,,,,1115.0,29.42,6.5684,7.7875
2011-03-09,,,,,,1114.45,29.35,6.558,7.7867
2011-03-10,,,,,,1123.7,29.46,6.5731,7.789
2011-03-11,,,,,,1126.0,29.56,6.5742,7.7877
2011-03-14,,,,,,1127.0,29.48,6.5696,7.791
2011-03-15,,,,,,1135.6,29.54,6.573,7.7959
2011-03-16,,,,,,1132.6,29.53,6.5713,7.7962
2011-03-17,,,,,,1133.1,29.55,6.5743,7.8012
2011-03-18,,,,,,1126.0,29.59,6.5689,7.7999
2011-03-21,,,,,,1121.5,29.56,6.5635,7.7983
2011-03-22,,,,,,1120.6,29.56,6.551,7.7925
2011-03-23,,,,,,1124.1,29.57,6.5591,7.7925
2011-03-24,,,,,,1118.6,29.57,6.558,7.7937
2011-03-25,,,,,,1110.7,29.43,6.5568,7.7931
2011-03-28,,,,,,1111.5,29.48,6.5643,7.7996
2011-03-29,,,,,,1112.2,29.47,6.56,7.7935
2011-03-30,,,,,,1100.5,29.47,6.5558,7.7843
2011-03-31,,,,,,1097.25,29.4,6.5483,7.775
2011-04-01,,,,,92.3,1086.7,29.25,6.5477,7.7784
2011-04-04,,,,,,1086.45,29.24,6.5385,7.7712
2011-04-05,,,,,,1086.5,29.31,6.539,7.7715
2011-04-06,,,,,,1084.0,28.99,6.544,7.7729
2011-04-07,,,,,,1088.6,28.94,6.542,7.77
2011-04-08,,,,,,1082.0,28.92,6.535,7.7671
2011-04-11,,,,,,1085.5,28.98,6.5381,7.7682
2011-04-12,,,,,,1091.8,29.08,6.5402,7.7729
2011-04-13,,,,,,1086.3,29.0,6.5333,7.7753
2011-04-14,,,,,,1086.55,29.0,6.531,7.7734
2011-04-15,,,,,,1087.0,29.04,6.5317,7.7733
2011-04-18,,,,,,1088.0,29.08,6.5286,7.7763
2011-04-19,,,,,,1085.7,29.07,6.5303,7.7774
2011-04-20,,,,,,1076.5,29.0,6.5254,7.7705
2011-04-21,,,,,,1079.5,28.85,6.492,7.7669
2011-04-22,,,,,,1080.8,28.88,6.5067,7.7707
2011-04-25,,,,,,1081.1,28.89,6.5277,7.7717
2011-04-26,,,,,,1083.6,28.9,6.527,7.7707
2011-04-27,,,,,,1078.8,28.86,6.5112,7.769
2011-04-28,,,,,,1072.9,28.68,6.501,7.7693
2011-04-29,,,,,,1068.4,28.67,6.49,7.7673
2011-05-01,,,,,92.7,,,,
2011-05-02,,,,,,1065.5,28.67,6.492,7.7652
2011-05-03,,,,,,1071.3,28.56,6.4955,7.7671
2011-05-04,,,,,,1076.3,28.56,6.4925,7.77
2011-05-05,,,,,,1081.3,28.62,6.4931,7.7717
2011-05-06,,,,,,1085.1,28.6,6.4925,7.7697
2011-05-09,,,,,,1081.0,28.61,6.4937,7.7717
2011-05-10,,,,,,1082.2,28.59,6.4915,7.7725
2011-05-11,,,,,,1076.0,28.5,6.4915,7.7699
2011-05-12,,,,,,1088.0,28.58,6.4986,7.7719
2011-05-13,,,,,,1086.8,28.64,6.4977,7.7724
2011-05-16,,,,,,1091.7,28.8,6.5073,7.7771
2011-05-17,,,,,,1088.3,28.84,6.5057,7.7744
2011-05-18,,,,,,1087.6,28.84,6.5029,7.7745
2011-05-19,,,,,,1086.0,28.82,6.5042,7.7743
2011-05-20,,,,,,1082.7,28.81,6.4917,7.7733
2011-05-23,,,,,,1097.8,28.9,6.505,7.7772
2011-05-24,,,,,,1093.2,28.92,6.499,7.7767
2011-05-25,,,,,,1101.6,28.99,6.493,7.7813
2011-05-26,,,,,,1089.0,28.89,6.4913,7.7855
2011-05-27,,,,,,1082.2,28.87,6.492,7.7839
2011-05-30,,,,,,,,,
2011-05-31,,,,,,1078.0,28.64,6.4786,7.7777
2011-06-01,,,,,92.4,1076.2,28.58,6.478,7.7767
2011-06-02,,,,,,1081.4,28.77,6.4824,7.7797
2011-06-03,,,,,,1077.0,28.66,6.4796,7.7771
2011-06-06,,,,,,1078.55,28.62,6.4796,7.779
2011-06-07,,,,,,1081.8,28.72,6.481,7.7787
2011-06-08,,,,,,1080.0,28.71,6.4754,7.7814
2011-06-09,,,,,,1082.8,28.71,6.4757,7.7826
2011-06-10,,,,,,1084.0,28.78,6.4801,7.7826
2011-06-13,,,,,,1085.2,28.82,6.483,7.7851
2011-06-14,,,,,,1082.4,28.84,6.4794,7.7841
2011-06-15,,,,,,1083.0,28.82,6.482,7.7895
2011-06-16,,,,,,1091.15,28.92,6.4746,7.7976
2011-06-17,,,,,,1085.8,28.99,6.47,7.7921
2011-06-20,,,,,,1082.25,28.95,6.472,7.7929
2011-06-21,,,,,,1078.45,28.86,6.465,7.7899
2011-06-22,,,,,,1073.85,28.84,6.4628,7.7891
2011-06-23,,,,,,1082.85,28.86,6.4676,7.7906
2011-06-24,,,,,,1078.7,28.88,6.4737,7.7874
2011-06-27,,,,,,1084.95,28.94,6.4815,7.7873
2011-06-28,,,,,,1080.3,28.9,6.4699,7.7843
2011-06-29,,,,,,1073.0,28.9,6.4633,7.7819
2011-06-30,,,,,,1066.3,28.79,6.4635,7.7814
2011-07-01,,,,,91.9,1065.05,28.75,6.4645,7.7802
2011-07-04,,,,,,,,,
2011-07-05,,,,,,1065.0,28.77,6.466,7.7803
2011-07-06,,,,,,1066.5,28.83,6.467,7.7817
2011-07-07,,,,,,1063.9,28.81,6.4655,7.7828
2011-07-08,,,,,,1056.9,28.75,6.4645,7.7818
2011-07-11,,,,,,1057.6,28.82,6.4671,7.7885
2011-07-12,,,,,,1064.05,28.91,6.472,7.7939
2011-07-13,,,,,,1055.1,28.87,6.4675,7.7885
2011-07-14,,,,,,1055.55,28.81,6.459,7.7892
2011-07-15,,,,,,1058.0,28.87,6.461,7.7933
2011-07-18,,,,,,1061.85,28.93,6.4688,7.7964
2011-07-19,,,,,,1059.6,28.88,6.4631,7.7942
2011-07-20,,,,,,1053.95,28.86,6.4581,7.7912
2011-07-21,,,,,,1054.5,28.88,6.4535,7.7919
2011-07-22,,,,,,1050.25,28.81,6.4464,7.7903
2011-07-25,,,,,,1053.45,28.85,6.445,7.792
2011-07-26,,,,,,1049.2,28.82,6.4411,7.7904
2011-07-27,,,,,,1052.5,28.77,6.4428,7.7909
2011-07-28,,,,,,1051.55,28.83,6.4418,7.7919
2011-07-29,,,,,,1054.0,28.88,6.436,7.7942
2011-08-01,,,,,91.9,1051.3,28.8,6.4337,7.7906
2011-08-02,,,,,,1052.4,28.86,6.4379,7.7945
2011-08-03,,,,,,1058.85,28.92,6.434,7.7988
2011-08-04,,,,,,1061.5,28.94,6.4377,7.8014
2011-08-05,,,,,,1067.2,29.01,6.4401,7.8065
2011-08-08,,,,,,1082.9,28.98,6.4342,7.8047
2011-08-09,,,,,,1087.45,29.02,6.4304,7.8087
2011-08-10,,,,,,1080.1,28.95,6.4172,7.8057
2011-08-11,,,,,,1078.2,28.98,6.3935,7.7928
2011-08-12,,,,,,1078.9,28.97,6.3892,7.793
2011-08-15,,,,,,1078.8,28.94,6.3902,7.793
2011-08-16,,,,,,1068.05,28.92,6.3818,7.7904
2011-08-17,,,,,,1068.55,28.95,6.3839,7.7895
2011-08-18,,,,,,1076.75,28.97,6.3873,7.7949
2011-08-19,,,,,,1087.2,29.0,6.391,7.7967
2011-08-22,,,,,,1083.15,29.01,6.4004,7.7989
2011-08-23,,,,,,1077.2,28.96,6.3975,7.797
2011-08-24,,,,,,1083.65,29.01,6.388,7.795
2011-08-25,,,,,,1088.25,29.0,6.39,7.7951
2011-08-26,,,,,,1079.5,29.03,6.386,7.7962
2011-08-29,,,,,,1073.45,29.02,6.3809,7.7944
2011-08-30,,,,,,1072.15,29.02,6.3802,7.794
2011-08-31,,,,,,1063.9,28.99,6.3778,7.7876
2011-09-01,,,,,91.8,1061.4,28.93,6.3812,7.783
2011-09-02,,,,,,1064.85,29.0,6.3821,7.7857
2011-09-05,,,,,,,,,
2011-09-06,,,,,,1076.9,29.1,6.3901,7.7948
2011-09-07,,,,,,1070.65,29.1,6.394,7.7939
2011-09-08,,,,,,1075.3,29.14,6.3833,7.7932
2011-09-09,,,,,,1077.1,29.2,6.388,7.7934
2011-09-12,,,,,,1076.75,29.28,6.3877,7.8001
2011-09-13,,,,,,1076.75,29.47,6.397,7.804
2011-09-14,,,,,,1107.45,29.57,6.391,7.8036
2011-09-15,,,,,,1113.25,29.62,6.3904,7.79
2011-09-16,,,,,,1112.4,29.54,6.3833,7.7942
2011-09-19,,,,,,1139.4,29.73,6.3864,7.7978
2011-09-20,,,,,,1140.0,29.88,6.3837,7.7913
2011-09-21,,,,,,1152.4,29.94,6.3811,7.7888
2011-09-22,,,,,,1179.7,30.4,6.3879,7.8011
2011-09-23,,,,,,1164.9,30.38,6.3877,7.8015
2011-09-26,,,,,,1181.0,30.48,6.3975,7.7993
2011-09-27,,,,,,1164.5,30.46,6.3975,7.7959
2011-09-28,,,,,,1171.9,30.41,6.3933,7.794
2011-09-29,,,,,,1172.6,30.45,6.3964,7.7908
2011-09-30,,,,,,1180.9,30.45,6.378,7.784
2011-10-01,,,,,90.9,,,,
2011-10-03,,,,,,1180.0,30.62,6.3745,7.7884
2011-10-04,,,,,,1197.5,30.67,6.3745,7.7845
2011-10-05,,,,,,1186.5,30.62,6.3745,7.7833
2011-10-06,,,,,,1184.0,30.6,6.378,7.7815
2011-10-07,,,,,,1170.5,30.47,6.3745,7.7817
2011-10-10,,,,,,,,,
2011-10-11,,,,,,1171.15,30.32,6.3745,7.7805
2011-10-12,,,,,,1164.5,30.35,6.358,7.7788
2011-10-13,,,,,,1157.75,30.26,6.382,7.7773
2011-10-14,,,,,,1156.0,30.28,6.378,7.7774
2011-10-17,,,,,,1148.35,30.11,6.3695,7.7775
2011-10-18,,,,,,1149.5,30.16,6.3804,7.7773
2011-10-19,,,,,,1133.5,30.12,6.3769,7.7761
2011-10-20,,,,,,1147.0,30.25,6.3825,7.7793
2011-10-21,,,,,,1147.2,30.27,6.3823,7.7813
2011-10-24,,,,,,1133.2,30.06,6.3744,7.7779
2011-10-25,,,,,,1131.25,30.11,6.3605,7.7741
2011-10-26,,,,,,1134.65,30.1,6.3534,7.7733
2011-10-27,,,,,,1106.6,30.04,6.359,7.7695
2011-10-28,,,,,,1102.5,29.86,6.357,7.7634
2011-10-31,,,,,,1112.05,29.91,6.3547,7.7641
2011-11-01,,,,,90.8,1122.05,30.07,6.3547,7.7717
2011-11-02,,,,,,1120.65,30.08,6.355,7.7704
2011-11-03,,,,,,1127.4,30.2,6.3513,7.7696
2011-11-04,,,,,,1110.6,30.02,6.34,7.7679
2011-11-07,,,,,,1117.3,30.12,6.3481,7.769
2011-11-08,,,,,,1118.1,30.1,6.3462,7.7688
2011-11-09,,,,,,1118.85,30.05,6.3401,7.7708
2011-11-10,,,,,,1131.85,30.23,6.3454,7.7815
2011-11-11,,,,,,,,,
2011-11-14,,,,,,1126.05,30.17,6.3536,7.7813
2011-11-15,,,,,,1128.5,30.24,6.3464,7.7819
2011-11-16,,,,,,1134.15,30.21,6.3445,7.7835
2011-11-17,,,,,,1132.15,30.19,6.3505,7.785
2011-11-18,,,,,,1138.5,30.24,6.3565,7.788
2011-11-21,,,,,,1143.0,30.33,6.3603,7.7889
2011-11-22,,,,,,1146.65,30.3,6.3605,7.7907
2011-11-23,,,,,,1159.7,30.39,6.3576,7.794
2011-11-24,,,,,,,,,
2011-11-25,,,,,,1162.0,30.43,6.3802,7.7957
2011-11-28,,,,,,1152.5,30.37,6.3839,7.7932
2011-11-29,,,,,,1139.5,30.38,6.3769,7.7923
2011-11-30,,,,,,1140.05,30.31,6.3765,7.773
2011-12-01,,,,,90.6,1126.55,30.1,6.3655,7.7695
2011-12-02,,,,,,1128.0,30.14,6.3596,7.7676
2011-12-05,,,,,,1124.5,30.13,6.3629,7.7695
2011-12-06,,,,,,1128.5,30.22,6.3645,7.7723
2011-12-07,,,,,,1129.05,30.15,6.3642,7.7726
2011-12-08,,,,,,1133.55,30.16,6.3618,7.7757
2011-12-09,,,,,,1146.6,30.21,6.3641,7.7817
2011-12-12,,,,,,1149.2,30.2,6.3604,7.783
2011-12-13,,,,,,1157.0,30.24,6.3648,7.7767
2011-12-14,,,,,,1158.3,30.32,6.371,7.7839
2011-12-15,,,,,,1156.95,30.36,6.3733,7.7805
2011-12-16,,,,,,1158.5,30.35,6.3479,7.7844
2011-12-19,,,,,,1175.5,30.38,6.3376,7.7851
2011-12-20,,,,,,1157.0,30.33,6.3459,7.7823
2011-12-21,,,,,,1150.8,30.28,6.3386,7.7813
2011-12-22,,,,,,1154.0,30.25,6.3392,7.7817
2011-12-23,,,,,,1149.0,30.27,6.3364,7.776
2011-12-26,,,,,,,,,
2011-12-27,,,,,,1155.65,30.3,6.321,7.7764
2011-12-28,,,,,,1157.0,30.35,6.3211,7.7726
2011-12-29,,,,,,1156.5,30.25,6.3187,7.7725
2011-12-30,,,,,,1158.5,30.27,6.2939,7.7663
2012-01-01,,,,,90.6,,,,
2012-01-02,,,,,,,,,
2012-01-03,,,,,,1143.7,30.28,6.294,7.767
2012-01-04,,,,,,1147.35,30.27,6.2941,7.7674
2012-01-05,,,,,,1155.55,30.24,6.3013,7.765
2012-01-06,,,,,,1160.0,30.23,6.3088,7.7654
2012-01-09,,,,,,1158.8,30.17,6.3143,7.766
2012-01-10,,,,,,1153.55,30.03,6.3141,7.7657
2012-01-11,,,,,,1159.55,29.96,6.3149,7.7663
2012-01-12,,,,,,1151.25,29.96,6.3177,7.7671
2012-01-13,,,,,,1150.35,29.98,6.3065,7.7672
2012-01-16,,,,,,,,,
2012-01-17,,,,,,1142.85,29.95,6.3136,7.7652
2012-01-18,,,,,,1139.0,29.96,6.3109,7.7608
2012-01-19,,,,,,1133.6,29.95,6.3162,7.7596
2012-01-20,,,,,,1133.0,29.95,6.333,7.7608
2012-01-23,,,,,,1125.4,29.95,6.333,7.7596
2012-01-24,,,,,,1129.25,29.87,6.333,7.7598
2012-01-25,,,,,,1129.05,29.95,6.333,7.7603
2012-01-26,,,,,,1120.1,29.96,6.333,7.7562
2012-01-27,,,,,,1120.5,29.75,6.333,7.7538
2012-01-30,,,,,,1128.0,29.78,6.331,7.7557
2012-01-31,,,,,,1125.7,29.61,6.308,7.7555
2012-02-01,,,,,90.6,1126.35,29.649,6.3076,7.7552
2012-02-02,,,,,,1115.65,29.47,6.3017,7.7551
2012-02-03,,,,,,1116.0,29.47,6.3027,7.7539
2012-02-06,,,,,,1121.0,29.6,6.312,7.754
2012-02-07,,,,,,1117.0,29.53,6.3046,7.7534
2012-02-08,,,,,,1116.4,29.51,6.2938,7.7533
2012-02-09,,,,,,1118.55,29.46,6.2947,7.7559
2012-02-10,,,,,,1123.0,29.56,6.2991,7.7549
2012-02-13,,,,,,1119.95,29.47,6.2972,7.7535
2012-02-14,,,,,,1126.55,29.56,6.2995,7.7544
2012-02-15,,,,,,1124.65,29.51,6.2998,7.7532
2012-02-16,,,,,,1128.65,29.55,6.3014,7.7538
2012-02-17,,,,,,1126.25,29.56,6.2985,7.7535
2012-02-20,,,,,,,,,
2012-02-21,,,,,,1124.25,29.58,6.296,7.7544
2012-02-22,,,,,,1126.45,29.59,6.296,7.755
2012-02-23,,,,,,1128.9,29.58,6.298,7.7555
2012-02-24,,,,,,1124.0,29.53,6.2976,7.7538
2012-02-27,,,,,,1127.25,29.57,6.3012,7.7549
2012-02-28,,,,,,1125.85,29.56,6.2989,7.755
2012-02-29,,,,,,1117.1,29.37,6.2935,7.7551
2012-03-01,,,,,90.5,1116.0,29.37,6.3001,7.7551
2012-03-02,,,,,,1116.5,29.43,6.2982,7.7585
2012-03-05,,,,,,1116.0,29.48,6.3066,7.7627
2012-03-06,,,,,,1122.64,29.518,6.3082,7.7635
2012-03-07,,,,,,1123.7,29.52,6.3097,7.7636
2012-03-08,,,,,,1117.2,29.47,6.3159,7.7553
2012-03-09,,,,,,1116.0,29.41,6.3109,7.7557
2012-03-12,,,,,,1124.15,29.55,6.3258,7.7585
2012-03-13,,,,,,1123.45,29.51,6.3266,7.7593
2012-03-14,,,,,,1126.1,29.54,6.3315,7.7614
2012-03-15,,,,,,1124.85,29.53,6.3282,7.7612
2012-03-16,,,,,,1125.7,29.54,6.3222,7.762
2012-03-19,,,,,,1120.35,29.49,6.3191,7.7623
2012-03-20,,,,,,1128.05,29.56,6.3203,7.7625
2012-03-21,,,,,,1130.25,29.55,6.3226,7.7644
2012-03-22,,,,,,1134.6,29.54,6.299,7.7652
2012-03-23,,,,,,1135.0,29.56,6.3021,7.7678
2012-03-26,,,,,,1133.35,29.61,6.3139,7.7676
2012-03-27,,,,,,1134.4,29.55,6.3061,7.7635
2012-03-28,,,,,,1136.3,29.54,6.3044,7.7648
2012-03-29,,,,,,1139.75,29.58,6.3057,7.7642
2012-03-30,,,,,,1131.4,29.5,6.2975,7.7656
2012-04-01,,,,,90.8,,,,
2012-04-02,,,,,,1125.75,29.49,6.2979,7.766
2012-04-03,,,,,,1122.35,29.46,6.2975,7.765
2012-04-04,,,,,,1131.25,29.52,6.2975,7.7649
2012-04-05,,,,,,1129.5,29.5,6.3123,7.7643
2012-04-06,,,,,,1131.75,29.5,6.3052,7.765
2012-04-09,,,,,,1138.1,29.55,6.31,7.7655
2012-04-10,,,,,,1139.5,29.54,6.3105,7.7649
2012-04-11,,,,,,1143.35,29.5,6.3076,7.7649
2012-04-12,,,,,,1137.4,29.45,6.3069,7.7638
2012-04-13,,,,,,1134.2,29.48,6.3022,7.7588
2012-04-16,,,,,,1138.0,29.49,6.315,7.758
2012-04-17,,,,,,1134.75,29.48,6.3015,7.759
2012-04-18,,,,,,1139.35,29.49,6.3026,7.7609
2012-04-19,,,,,,1138.2,29.49,6.3029,7.7631
2012-04-20,,,,,,1138.1,29.45,6.308,7.7607
2012-04-23,,,,,,1142.5,29.48,6.3084,7.7617
2012-04-24,,,,,,1138.4,29.45,6.3073,7.7595
2012-04-25,,,,,,1139.0,29.41,6.3039,7.76
2012-04-26,,,,,,1133.0,29.23,6.3054,7.7596
2012-04-27,,,,,,1131.0,29.2,6.3093,7.7594
2012-04-30,,,,,,1130.05,29.15,6.279,7.7587
2012-05-01,,,,,90.6,1128.35,29.11,6.3089,7.7583
2012-05-02,,,,,,1129.1,29.18,6.307,7.7585
2012-05-03,,,,,,1130.4,29.23,6.3052,7.7591
2012-05-04,,,,,,1134.25,29.24,6.3059,7.7608
2012-05-07,,,,,,1138.0,29.35,6.3074,7.7632
2012-05-08,,,,,,1138.46,29.32,6.3076,7.7622
2012-05-09,,,,,,1143.95,29.35,6.3096,7.7636
2012-05-10,,,,,,1142.15,29.32,6.314,7.7637
2012-05-11,,,,,,1146.15,29.36,6.3097,7.7662
2012-05-14,,,,,,1153.5,29.55,6.321,7.7663
2012-05-15,,,,,,1156.1,29.55,6.3176,7.7682
2012-05-16,,,,,,1166.25,29.63,6.3227,7.7686
2012-05-17,,,,,,1165.75,29.56,6.3247,7.7699
2012-05-18,,,,,,1170.0,29.56,6.3245,7.7673
2012-05-21,,,,,,1167.0,29.47,6.3277,7.7647
2012-05-22,,,,,,1165.0,29.49,6.3223,7.7652
2012-05-23,,,,,,1174.85,29.59,6.3343,7.7642
2012-05-24,,,,,,1176.72,29.55,6.3449,7.764
2012-05-25,,,,,,1185.0,29.6,6.3439,7.7629
2012-05-28,,,,,,,,,
2012-05-29,,,,,,1175.82,29.62,6.3478,7.7638
2012-05-30,,,,,,1180.41,29.77,6.3574,7.7667
2012-05-31,,,,,,1180.0,29.87,6.3684,7.7616
2012-06-01,100.0,100.0,100.0,100.0,90.8,1182.0,29.93,6.3692,7.7603
2012-06-04,,,,,,1178.99,30.02,6.3641,7.7583
2012-06-05,,,,,,1177.08,29.93,6.367,7.7588
2012-06-06,,,,,,1173.89,29.86,6.3634,7.7578
2012-06-07,,,,,,1162.75,29.78,6.3634,7.7582
2012-06-08,,,,,,1173.59,29.94,6.37,7.7582
2012-06-11,,,,,,1171.0,29.91,6.369,7.7599
2012-06-12,,,,,,1168.5,29.94,6.3703,7.7593
2012-06-13,,,,,,1166.23,29.92,6.3685,7.759
2012-06-14,,,,,,1163.78,29.93,6.3702,7.7592
2012-06-15,,,,,,1164.25,29.89,6.3649,7.7584
2012-06-18,,,,,,1157.0,29.93,6.3539,7.7585
2012-06-19,,,,,,1153.0,29.85,6.3542,7.7591
2012-06-20,,,,,,1151.37,29.84,6.3597,7.759
2012-06-21,,,,,,1153.75,29.83,6.3644,7.7605
2012-06-22,,,,,,1158.34,29.91,6.3644,7.761
2012-06-25,,,,,,1163.25,29.97,6.3631,7.7604
2012-06-26,,,,,,1157.6,29.97,6.3626,7.759
2012-06-27,,,,,,1156.01,29.92,6.3561,7.7584
2012-06-28,,,,,,1157.61,29.94,6.357,7.759
2012-06-29,,,,,,1141.17,29.8,6.353,7.7572
2012-07-01,99.2,99.7,100.1,100.0,90.8,,,,
2012-07-02,,,,,,1143.4,29.9,6.3487,7.7578
2012-07-03,,,,,,1133.0,29.81,6.3519,7.754
2012-07-04,,,,,,,,,
2012-07-05,,,,,,1133.54,29.85,6.3557,7.7544
2012-07-06,,,,,,1140.3,29.93,6.364,7.7542
2012-07-09,,,,,,1141.88,29.95,6.3709,7.7546
2012-07-10,,,,,,1140.63,29.93,6.3654,7.7544
2012-07-11,,,,,,1140.5,29.92,6.3682,7.7542
2012-07-12,,,,,,1154.04,30.04,6.3732,7.7578
2012-07-13,,,,,,1147.53,29.93,6.3789,7.757
2012-07-16,,,,,,1146.18,29.96,6.3784,7.7568
2012-07-17,,,,,,1144.83,29.95,6.3725,7.7568
2012-07-18,,,,,,1141.34,29.98,6.369,7.7559
2012-07-19,,,,,,1138.3,29.94,6.3724,7.7557
2012-07-20,,,,,,1142.0,29.97,6.3734,7.757
2012-07-23,,,,,,1151.03,30.11,6.3856,7.7573
2012-07-24,,,,,,1148.78,30.12,6.3857,7.758
2012-07-25,,,,,,1148.89,30.13,6.3879,7.7577
2012-07-26,,,,,,1146.17,30.08,6.3839,7.7586
2012-07-27,,,,,,1138.01,30.02,6.3807,7.7569
2012-07-30,,,,,,1137.22,30.0,6.3792,7.7553
2012-07-31,,,,,,1130.27,29.91,6.361,7.7538
2012-08-01,99.1,99.6,100.1,99.9,90.8,1126.56,29.95,6.368,7.7551
2012-08-02,,,,,,1131.58,30.03,6.3671,7.7543
2012-08-03,,,,,,1134.25,29.92,6.3721,7.7552
2012-08-06,,,,,,1127.93,29.9,6.3738,7.7555
2012-08-07,,,,,,1128.7,29.9,6.3664,7.7549
2012-08-08,,,,,,1129.77,29.97,6.361,7.7557
2012-08-09,,,,,,1126.0,29.92,6.3579,7.7556
2012-08-10,,,,,,1130.75,29.93,6.3599,7.7569
2012-08-13,,,,,,1128.73,29.97,6.3611,7.7569
2012-08-14,,,,,,1130.24,29.95,6.3586,7.757
2012-08-15,,,,,,1130.08,29.98,6.3619,7.7574
2012-08-16,,,,,,1133.19,29.97,6.3659,7.757
2012-08-17,,,,,,1134.72,29.99,6.358,7.7571
2012-08-20,,,,,,1134.93,29.98,6.3592,7.7573
2012-08-21,,,,,,1130.37,29.91,6.3559,7.757
2012-08-22,,,,,,1135.56,29.94,6.3515,7.7565
2012-08-23,,,,,,1131.35,29.96,6.3535,7.7564
2012-08-24,,,,,,1134.15,29.94,6.3542,7.7567
2012-08-27,,,,,,1134.49,29.94,6.3558,7.756
2012-08-28,,,,,,1134.45,29.91,6.3525,7.7563
2012-08-29,,,,,,1134.97,29.92,6.3513,7.7557
2012-08-30,,,,,,1134.18,29.93,6.3494,7.7562
2012-08-31,,,,,,1133.2,29.87,6.3484,7.756
2012-09-01,100.0,100.1,99.5,99.7,91.0,,,,
2012-09-03,,,,,,,,,
2012-09-04,,,,,,1133.23,29.82,6.3465,7.7564
2012-09-05,,,,,,1135.96,29.83,6.3489,7.7569
2012-09-06,,,,,,1133.45,29.76,6.3428,7.7568
2012-09-07,,,,,,1129.85,29.68,6.3428,7.7556
2012-09-10,,,,,,1128.55,29.63,6.3375,7.7551
2012-09-11,,,,,,1127.94,29.59,6.3349,7.7546
2012-09-12,,,,,,1126.6,29.58,6.3261,7.7548
2012-09-13,,,,,,1128.49,29.58,6.3294,7.7545
2012-09-14,,,,,,1116.65,29.31,6.3145,7.751
2012-09-17,,,,,,1116.39,29.27,6.317,7.7517
2012-09-18,,,,,,1117.95,29.35,6.3187,7.7523
2012-09-19,,,,,,1115.74,29.34,6.3091,7.7529
2012-09-20,,,,,,1121.25,29.32,6.3036,7.7532
2012-09-21,,,,,,1118.7,29.27,6.3051,7.7527
2012-09-24,,,,,,1120.34,29.34,6.309,7.753
2012-09-25,,,,,,1119.3,29.32,6.3057,7.7533
2012-09-26,,,,,,1119.2,29.41,6.3015,7.754
2012-09-27,,,,,,1116.03,29.36,6.3021,7.7537
2012-09-28,,,,,,1111.21,29.29,6.2848,7.754
2012-10-01,100.1,100.0,99.2,99.9,91.2,1112.29,29.27,6.284,7.7543
2012-10-02,,,,,,1112.5,29.27,6.284,7.7545
2012-10-03,,,,,,1112.88,29.29,6.284,7.7549
2012-10-04,,,,,,1111.6,29.28,6.284,7.7546
2012-10-05,,,,,,1107.0,29.18,6.284,7.7521
2012-10-08,,,,,,,,,
2012-10-09,,,,,,1111.22,29.31,6.2877,7.7521
2012-10-10,,,,,,1114.61,29.3,6.2831,7.7525
2012-10-11,,,,,,1112.07,29.23,6.2765,7.7523
2012-10-12,,,,,,1110.5,29.19,6.267,7.7518
2012-10-15,,,,,,1110.24,29.21,6.27,7.7508
2012-10-16,,,,,,1106.1,29.17,6.2637,7.7512
2012-10-17,,,,,,1104.74,29.15,6.254,7.7515
2012-10-18,,,,,,1104.66,29.22,6.2501,7.7501
2012-10-19,,,,,,1105.51,29.26,6.2533,7.7501
2012-10-22,,,,,,1103.98,29.22,6.2543,7.7499
2012-10-23,,,,,,1103.1,29.31,6.2478,7.75
2012-10-24,,,,,,1103.12,29.28,6.2478,7.75
2012-10-25,,,,,,1098.0,29.22,6.2416,7.7503
2012-10-26,,,,,,1097.03,29.26,6.248,7.7501
2012-10-29,,,,,,1095.76,29.28,6.2384,7.7498
2012-10-30,,,,,,1091.33,29.22,6.2396,7.7501
2012-10-31,,,,,,1090.17,29.2,6.2372,7.7494
2012-11-01,95.9,98.5,98.8,99.7,90.1,1090.27,29.2,6.2393,7.75
2012-11-02,,,,,,1090.7,29.23,6.2411,7.7493
2012-11-05,,,,,,1091.0,29.26,6.2452,7.7502
2012-11-06,,,,,,1090.19,29.24,6.2454,7.7503
2012-11-07,,,,,,1086.5,29.14,6.2435,7.7505
2012-11-08,,,,,,1089.23,29.1,6.2427,7.751
2012-11-09,,,,,,1087.76,29.02,6.245,7.7513
2012-11-12,,,,,,,,,
2012-11-13,,,,,,1089.44,28.99,6.226,7.7503
2012-11-14,,,,,,1086.0,28.96,6.225,7.7505
2012-11-15,,,,,,1088.5,29.03,6.2329,7.7518
2012-11-16,,,,,,1091.77,29.16,6.2354,7.7517
2012-11-19,,,,,,1085.97,29.11,6.2343,7.7517
2012-11-20,,,,,,1082.58,29.1,6.2324,7.7501
2012-11-21,,,,,,1082.0,29.12,6.23,7.7504
2012-11-22,,,,,,,,,
2012-11-23,,,,,,1085.0,29.12,6.2275,7.7501
2012-11-26,,,,,,1085.62,29.09,6.2253,7.7501
2012-11-27,,,,,,1086.25,29.12,6.2221,7.7501
2012-11-28,,,,,,1085.35,29.15,6.2273,7.75
2012-11-29,,,,,,1083.17,29.08,6.2281,7.75
2012-11-30,,,,,,1081.75,29.07,6.2265,7.7501
2012-12-01,95.7,98.3,98.5,99.6,90.0,,,,
2012-12-03,,,,,,1082.65,29.07,6.2277,7.75
2012-12-04,,,,,,1083.69,29.1,6.2254,7.75
2012-12-05,,,,,,1081.99,29.07,6.2251,7.75
2012-12-06,,,,,,1083.3,29.06,6.2282,7.7493
2012-12-07,,,,,,1081.56,29.05,6.2299,7.7494
2012-12-10,,,,,,1077.43,29.07,6.2296,7.7498
2012-12-11,,,,,,1074.85,29.04,6.246,7.7496
2012-12-12,,,,,,1073.35,29.04,6.2502,7.7495
2012-12-13,,,,,,1073.9,29.06,6.2316,7.75
2012-12-14,,,,,,1074.74,29.04,6.241,7.7496
2012-12-17,,,,,,1072.3,29.03,6.236,7.7501
2012-12-18,,,,,,1072.75,29.02,6.2322,7.7501
2012-12-19,,,,,,1071.4,29.0,6.2293,7.7497
2012-12-20,,,,,,1074.3,29.03,6.2297,7.7501
2012-12-21,,,,,,1075.4,29.05,6.2284,7.7502
2012-12-24,,,,,,1073.24,29.05,6.2335,7.7506
2012-12-25,,,,,,,,,
2012-12-26,,,,,,1072.29,29.0,6.2351,7.7503
2012-12-27,,,,,,1071.67,29.03,6.2358,7.7515
2012-12-28,,,,,,1070.4,29.03,6.2315,7.7518
2012-12-31,,,,,,1063.24,29.05,6.2301,7.7507
2013-01-01,95.3,98.1,98.4,99.2,89.8,,,,
2013-01-02,,,,,,1063.3,29.0,6.2301,7.7507
2013-01-03,,,,,,1062.95,28.99,6.2301,7.7503
2013-01-04,,,,,,1062.0,29.02,6.2303,7.7503
2013-01-07,,,,,,1062.5,28.99,6.2294,7.7507
2013-01-08,,,,,,1063.5,29.03,6.2235,7.7508
2013-01-09,,,,,,1060.1,29.0,6.226,7.7512
2013-01-10,,,,,,1058.12,28.93,6.223,7.7514
2013-01-11,,,,,,1056.09,28.93,6.2156,7.7518
2013-01-14,,,,,,1056.0,28.95,6.219,7.7523
2013-01-15,,,,,,1057.62,28.95,6.2134,7.7518
2013-01-16,,,,,,1058.35,28.98,6.216,7.7526
2013-01-17,,,,,,1057.82,28.96,6.2158,7.7524
2013-01-18,,,,,,1058.4,28.97,6.2152,7.7526
2013-01-21,,,,,,,,,
2013-01-22,,,,,,1062.95,28.98,6.2196,7.7532
2013-01-23,,,,,,1067.02,29.0,6.2178,7.753
2013-01-24,,,,,,1067.95,29.07,6.2179,7.753
2013-01-25,,,,,,1075.33,29.32,6.2203,7.7535
2013-01-28,,,,,,1091.22,29.51,6.224,7.7581
2013-01-29,,,,,,1082.4,29.45,6.2259,7.7585
2013-01-30,,,,,,1085.85,29.53,6.2204,7.7585
2013-01-31,,,,,,1087.46,29.54,6.2186,7.756
2013-02-01,95.2,98.0,98.3,98.8,89.9,1094.79,29.59,6.2265,7.7562
2013-02-04,,,,,,1089.35,29.6,6.2326,7.7531
2013-02-05,,,,,,1086.17,29.52,6.2292,7.7546
2013-02-06,,,,,,1089.0,29.59,6.2315,7.7543
2013-02-07,,,,,,1090.15,29.61,6.2323,7.7553
2013-02-08,,,,,,1095.65,29.7,6.2323,7.755
2013-02-11,,,,,,1095.5,29.73,6.2323,7.7552
2013-02-12,,,,,,1093.13,29.71,6.2323,7.7548
2013-02-13,,,,,,1085.72,29.7,6.2323,7.7557
2013-02-14,,,,,,1085.14,29.62,6.2323,7.7542
2013-02-15,,,,,,1078.22,29.61,6.2323,7.7542
2013-02-18,,,,,,,,,
2013-02-19,,,,,,1079.65,29.52,6.2438,7.7542
2013-02-20,,,,,,1079.85,29.55,6.2371,7.7546
2013-02-21,,,,,,1086.8,29.66,6.2403,7.7556
2013-02-22,,,,,,1085.03,29.64,6.2346,7.756
2013-02-25,,,,,,1086.0,29.65,6.2337,7.7562
2013-02-26,,,,,,1089.82,29.68,6.2293,7.758
2013-02-27,,,,,,1084.99,29.66,6.2271,7.7572
2013-02-28,,,,,,1083.9,29.67,6.2213,7.7546
2013-03-01,96.3,98.3,98.0,98.6,90.0,1083.9,29.66,6.2226,7.7551
2013-03-04,,,,,,1090.8,29.7,6.2246,7.7552
2013-03-05,,,,,,1086.58,29.63,6.2208,7.7555
2013-03-06,,,,,,1084.36,29.64,6.2173,7.7557
2013-03-07,,,,,,1087.49,29.63,6.22,7.7561
2013-03-08,,,,,,1089.15,29.68,6.2145,7.7565
2013-03-11,,,,,,1093.9,29.69,6.2179,7.757
2013-03-12,,,,,,1095.28,29.67,6.216,7.7567
2013-03-13,,,,,,1098.42,29.7,6.2137,7.7582
2013-03-14,,,,,,1107.49,29.72,6.2145,7.7582
2013-03-15,,,,,,1110.62,29.72,6.2133,7.759
2013-03-18,,,,,,1114.19,29.75,6.2156,7.7615
2013-03-19,,,,,,1112.93,29.76,6.2154,7.7606
2013-03-20,,,,,,1115.62,29.77,6.2117,7.7621
2013-03-21,,,,,,1115.41,29.8,6.2141,7.7622
2013-03-22,,,,,,1119.2,29.87,6.212,7.7627
2013-03-25,,,,,,1110.88,29.86,6.2105,7.7615
2013-03-26,,,,,,1107.36,29.83,6.2108,7.7592
2013-03-27,,,,,,1111.09,29.88,6.2138,7.764
2013-03-28,,,,,,1113.14,29.87,6.2143,7.7625
2013-03-29,,,,,,1112.48,29.81,6.2108,7.7629
2013-04-01,97.4,98.5,97.6,98.0,91.0,1114.38,29.86,6.2078,7.7635
2013-04-02,,,,,,1117.87,29.87,6.1992,7.7625
2013-04-03,,,,,,1116.68,29.86,6.1962,7.7618
2013-04-04,,,,,,1123.57,29.93,6.2005,7.7636
2013-04-05,,,,,,1136.82,29.95,6.2005,7.7652
2013-04-08,,,,,,1140.34,30.06,6.2031,7.7643
2013-04-09,,,,,,1139.19,30.01,6.2022,7.7641
2013-04-10,,,,,,1135.35,29.96,6.1938,7.7624
2013-04-11,,,,,,1128.85,29.91,6.1961,7.7615
2013-04-12,,,,,,1129.24,29.95,6.1914,7.7615
2013-04-15,,,,,,1119.0,29.9,6.1866,7.7622
2013-04-16,,,,,,1114.0,29.85,6.1824,7.7625
2013-04-17,,,,,,1121.0,29.88,6.172,7.7628
2013-04-18,,,,,,1119.48,29.86,6.1811,7.7636
2013-04-19,,,,,,1119.03,29.77,6.1772,7.7637
2013-04-22,,,,,,1119.51,29.81,6.1823,7.7638
2013-04-23,,,,,,1119.53,29.79,6.179,7.7644
2013-04-24,,,,,,1117.94,29.76,6.1782,7.7644
2013-04-25,,,,,,1111.35,29.64,6.1707,7.7645
2013-04-26,,,,,,1111.1,29.59,6.1647,7.7635
2013-04-29,,,,,,1104.0,29.46,6.1647,7.761
2013-04-30,,,,,,1101.52,29.52,6.1647,7.7606
2013-05-01,99.9,99.3,96.4,97.7,91.2,1100.35,29.5,6.1647,7.7603
2013-05-02,,,,,,1101.4,29.55,6.156,7.7587
2013-05-03,,,,,,1096.67,29.53,6.1555,7.7591
2013-05-06,,,,,,1094.34,29.56,6.1665,7.7594
2013-05-07,,,,,,1090.0,29.52,6.1539,7.7606
2013-05-08,,,,,,1086.0,29.31,6.141,7.7595
2013-05-09,,,,,,1091.12,29.42,6.1306,7.759
2013-05-10,,,,,,1106.0,29.7,6.1415,7.7606
2013-05-13,,,,,,1113.12,29.87,6.1465,7.7616
2013-05-14,,,,,,1109.62,29.88,6.1426,7.7613
2013-05-15,,,,,,1114.62,29.96,6.1454,7.7617
2013-05-16,,,,,,1117.54,29.96,6.1487,7.7638
2013-05-17,,,,,,1117.3,30.01,6.141,7.7627
2013-05-20,,,,,,1118.19,29.9,6.1386,7.7617
2013-05-21,,,,,,1110.62,29.82,6.1353,7.7607
2013-05-22,,,,,,1113.85,29.92,6.1309,7.7613
2013-05-23,,,,,,1128.35,29.9,6.1337,7.7625
2013-05-24,,,,,,1126.4,29.92,6.1311,7.7635
2013-05-27,,,,,,,,,
2013-05-28,,,,,,1128.07,29.98,6.1213,7.7636
2013-05-29,,,,,,1132.08,29.96,6.1264,7.7637
2013-05-30,,,,,,1127.9,29.96,6.1307,7.7639
2013-05-31,,,,,,1129.34,29.93,6.134,7.7625
2013-06-01,101.1,99.7,96.3,97.6,91.3,,,,
2013-06-03,,,,,,1127.18,29.91,6.1312,7.7626
2013-06-04,,,,,,1122.31,29.89,6.1285,7.7612
2013-06-05,,,,,,1118.55,29.81,6.1276,7.761
2013-06-06,,,,,,1118.9,29.76,6.1359,7.7617
2013-06-07,,,,,,1117.17,29.74,6.1333,7.7629
2013-06-10,,,,,,1127.38,29.91,6.1333,7.764
2013-06-11,,,,,,1133.0,29.85,6.1333,7.7646
2013-06-12,,,,,,1127.76,29.87,6.1333,7.7654
2013-06-13,,,,,,1129.07,29.87,6.1341,7.7638
2013-06-14,,,,,,1127.2,29.84,6.1306,7.7612
2013-06-17,,,,,,1127.0,29.85,6.1248,7.7598
2013-06-18,,,,,,1134.24,29.88,6.1283,7.7583
2013-06-19,,,,,,1130.25,29.78,6.1264,7.7564
2013-06-20,,,,,,1145.9,30.16,6.1277,7.7534
2013-06-21,,,,,,1156.0,30.15,6.1328,7.7583
2013-06-24,,,,,,1161.34,30.2,6.1441,7.7581
2013-06-25,,,,,,1152.78,30.05,6.1448,7.758
2013-06-26,,,,,,1155.0,30.09,6.1468,7.7584
2013-06-27,,,,,,1147.69,30.0,6.1488,7.7579
2013-06-28,,,,,,1141.45,29.96,6.1374,7.756
2013-07-01,101.6,98.4,96.3,97.0,91.0,1135.27,29.96,6.1325,7.7554
2013-07-02,,,,,,1133.8,30.0,6.1327,7.7535
2013-07-03,,,,,,1140.95,30.06,6.1301,7.7545
2013-07-04,,,,,,,,,
2013-07-05,,,,,,1141.65,30.12,6.1324,7.7547
2013-07-08,,,,,,1147.94,30.08,6.1337,7.7562
2013-07-09,,,,,,1141.25,30.09,6.1293,7.7562
2013-07-10,,,,,,1134.66,29.96,6.1336,7.7569
2013-07-11,,,,,,1124.21,29.87,6.135,7.7572
2013-07-12,,,,,,1123.85,29.87,6.1373,7.7581
2013-07-15,,,,,,1121.06,29.82,6.1373,7.7587
2013-07-16,,,,,,1114.65,29.76,6.1345,7.7572
2013-07-17,,,,,,1116.86,29.79,6.1351,7.7576
2013-07-18,,,,,,1124.08,29.93,6.1408,7.7575
2013-07-19,,,,,,1120.43,29.88,6.1377,7.7577
2013-07-22,,,,,,1118.46,29.87,6.1404,7.7579
2013-07-23,,,,,,1116.66,29.91,6.1369,7.7576
2013-07-24,,,,,,1115.52,29.91,6.1358,7.7575
2013-07-25,,,,,,1116.15,29.94,6.1346,7.7577
2013-07-26,,,,,,1112.55,29.9,6.1316,7.7571
2013-07-29,,,,,,1112.21,29.92,6.1323,7.7574
2013-07-30,,,,,,1115.79,29.95,6.1315,7.7549
2013-07-31,,,,,,1122.66,30.03,6.1284,7.7558
2013-08-01,101.4,98.2,96.2,96.8,90.8,1122.99,30.04,6.1302,7.7559
2013-08-02,,,,,,1123.85,29.97,6.1293,7.7557
2013-08-05,,,,,,1113.5,29.92,6.1245,7.7564
2013-08-06,,,,,,1113.81,29.91,6.1215,7.7561
2013-08-07,,,,,,1117.05,29.95,6.119,7.7564
2013-08-08,,,,,,1112.25,29.87,6.1207,7.7562
2013-08-09,,,,,,1111.16,29.91,6.1217,7.7556
2013-08-12,,,,,,1113.97,29.95,6.1218,7.7556
2013-08-13,,,,,,1118.22,29.98,6.1217,7.755
2013-08-14,,,,,,1117.9,29.97,6.1191,7.7552
2013-08-15,,,,,,1118.0,29.98,6.1123,7.7548
2013-08-16,,,,,,1113.04,29.88,6.1145,7.7542
2013-08-19,,,,,,1117.88,29.96,6.1227,7.7546
2013-08-20,,,,,,1120.6,29.9,6.1241,7.7537
2013-08-21,,,,,,1116.86,29.94,6.1229,7.7545
2013-08-22,,,,,,1120.92,29.95,6.1206,7.7554
2013-08-23,,,,,,1113.48,29.89,6.12,7.7551
2013-08-26,,,,,,1112.6,29.95,6.1202,7.7554
2013-08-27,,,,,,1116.78,29.99,6.1212,7.7562
2013-08-28,,,,,,1114.25,29.94,6.1202,7.7551
2013-08-29,,,,,,1112.19,29.93,6.1203,7.755
2013-08-30,,,,,,1109.42,29.93,6.1193,7.7544
2013-09-01,101.1,98.0,96.3,96.9,90.6,,,,
2013-09-02,,,,,,,,,
2013-09-03,,,,,,1097.75,29.78,6.1204,7.7547
2013-09-04,,,,,,1093.77,29.69,6.1199,7.7554
2013-09-05,,,,,,1096.8,29.81,6.1194,7.7557
2013-09-06,,,,,,1091.9,29.72,6.1202,7.7554
2013-09-09,,,,,,1086.8,29.63,6.1209,7.755
2013-09-10,,,,,,1085.43,29.62,6.1195,7.7547
2013-09-11,,,,,,1085.76,29.64,6.1183,7.7545
2013-09-12,,,,,,1082.77,29.66,6.1178,7.754
2013-09-13,,,,,,1085.88,29.68,6.1186,7.7544
2013-09-16,,,,,,1081.34,29.58,6.1198,7.7536
2013-09-17,,,,,,1082.15,29.62,6.1213,7.7538
2013-09-18,,,,,,1081.4,29.62,6.121,7.7539
2013-09-19,,,,,,1070.88,29.51,6.121,7.7535
2013-09-20,,,,,,1076.02,29.56,6.121,7.7533
2013-09-23,,,,,,1073.9,29.55,6.1201,7.7533
2013-09-24,,,,,,1074.35,29.57,6.1208,7.7536
2013-09-25,,,,,,1076.42,29.55,6.119,7.7537
2013-09-26,,,,,,1075.2,29.56,6.1194,7.7542
2013-09-27,,,,,,1074.38,29.54,6.1179,7.7539
2013-09-30,,,,,,1073.33,29.56,6.12,7.7551
2013-10-01,101.2,97.8,96.0,96.6,90.6,1072.9,29.49,6.12,7.7535
2013-10-02,,,,,,1074.02,29.44,6.12,7.7545
2013-10-03,,,,,,1074.02,29.32,6.12,7.7542
2013-10-04,,,,,,1070.0,29.32,6.12,7.7541
2013-10-07,,,,,,1071.29,29.34,6.12,7.7542
2013-10-08,,,,,,1074.15,29.35,6.1206,7.7542
2013-10-09,,,,,,1075.48,29.38,6.1209,7.7544
2013-10-10,,,,,,1071.19,29.37,6.1156,7.7543
2013-10-11,,,,,,1071.55,29.33,6.1204,7.7541
2013-10-14,,,,,,,,,
2013-10-15,,,,,,1064.33,29.34,6.1026,7.7538
2013-10-16,,,,,,1066.0,29.4,6.0996,7.7543
2013-10-17,,,,,,1062.38,29.35,6.098,7.754
2013-10-18,,,,,,1060.02,29.36,6.0966,7.7532
2013-10-21,,,,,,1060.93,29.43,6.0924,7.7525
2013-10-22,,,,,,1057.5,29.33,6.0925,7.7524
2013-10-23,,,,,,1057.45,29.41,6.0833,7.7525
2013-10-24,,,,,,1061.5,29.37,6.0815,7.7531
2013-10-25,,,,,,1062.3,29.38,6.0838,7.7528
2013-10-28,,,,,,1060.7,29.39,6.0853,7.7533
2013-10-29,,,,,,1061.92,29.39,6.0897,7.7535
2013-10-30,,,,,,1058.4,29.38,6.0936,7.7535
2013-10-31,,,,,,1060.83,29.42,6.0943,7.753
2013-11-01,104.5,98.8,96.1,96.6,90.9,1060.91,29.41,6.0993,7.7524
2013-11-04,,,,,,1062.38,29.37,6.098,7.7518
2013-11-05,,,,,,1061.03,29.42,6.0966,7.7516
2013-11-06,,,,,,1059.77,29.4,6.0925,7.7512
2013-11-07,,,,,,1062.78,29.45,6.0906,7.7516
2013-11-08,,,,,,1062.12,29.51,6.0903,7.7515
2013-11-11,,,,,,,,,
2013-11-12,,,,,,1072.65,29.58,6.0917,7.7527
2013-11-13,,,,,,1070.56,29.6,6.0926,7.7528
2013-11-14,,,,,,1068.21,29.56,6.092,7.7535
2013-11-15,,,,,,1062.35,29.55,6.092,7.7535
2013-11-18,,,,,,1054.84,29.47,6.0918,7.7521
2013-11-19,,,,,,1054.86,29.43,6.0924,7.7514
2013-11-20,,,,,,1056.28,29.5,6.0925,7.7515
2013-11-21,,,,,,1061.9,29.57,6.0914,7.7525
2013-11-22,,,,,,1060.99,29.58,6.0935,7.7531
2013-11-25,,,,,,1059.35,29.6,6.0916,7.7525
2013-11-26,,,,,,1060.07,29.6,6.0925,7.7521
2013-11-27,,,,,,1060.9,29.65,6.0922,7.7528
2013-11-28,,,,,,,,,
2013-11-29,,,,,,1057.76,29.59,6.0922,7.7526
2013-12-01,105.0,95.8,96.2,96.3,89.8,,,,
2013-12-02,,,,,,1058.0,29.59,6.0927,7.7517
2013-12-03,,,,,,1059.97,29.55,6.0914,7.7522
2013-12-04,,,,,,1061.02,29.57,6.0913,7.7528
2013-12-05,,,,,,1058.27,29.61,6.0903,7.7538
2013-12-06,,,,,,1056.0,29.57,6.0815,7.7542
2013-12-09,,,,,,1050.05,29.53,6.0643,7.7532
2013-12-10,,,,,,1052.0,29.54,6.0705,7.7532
2013-12-11,,,,,,1051.5,29.59,6.0712,7.7543
2013-12-12,,,,,,1050.75,29.62,6.071,7.7533
2013-12-13,,,,,,1052.9,29.62,6.071,7.7534
2013-12-16,,,,,,1052.6,29.63,6.0713,7.7533
2013-12-17,,,,,,1050.65,29.62,6.0707,7.7525
2013-12-18,,,,,,1051.75,29.68,6.0713,7.7522
2013-12-19,,,,,,1059.28,29.93,6.0711,7.7534
2013-12-20,,,,,,1061.35,29.88,6.0711,7.7539
2013-12-23,,,,,,1060.4,29.96,6.0697,7.7535
2013-12-24,,,,,,1059.25,30.03,6.0712,7.7545
2013-12-25,,,,,,,,,
2013-12-26,,,,,,1059.1,29.99,6.0744,7.755
2013-12-27,,,,,,1053.72,29.98,6.0684,7.7548
2013-12-30,,,,,,1054.52,29.87,6.0617,7.7542
2013-12-31,,,,,,1055.25,29.83,6.0537,7.7539
2014-01-01,104.9,95.6,96.0,95.5,89.6,,,,
2014-01-02,,,,,,1050.3,29.9,6.0504,7.7534
2014-01-03,,,,,,1055.0,29.94,6.0505,7.7537
2014-01-06,,,,,,1065.01,30.04,6.0524,7.7542
2014-01-07,,,,,,1068.5,30.11,6.0507,7.7542
2014-01-08,,,,,,1065.45,30.1,6.051,7.7543
2014-01-09,,,,,,1062.89,30.04,6.054,7.7541
2014-01-10,,,,,,1061.32,29.99,6.0519,7.7542
2014-01-13,,,,,,1056.7,29.98,6.0432,7.7543
2014-01-14,,,,,,1059.43,30.03,6.0402,7.7536
2014-01-15,,,,,,1062.6,30.12,6.0459,7.7543
2014-01-16,,,,,,1063.0,30.07,6.0555,7.7546
2014-01-17,,,,,,1060.8,30.11,6.05,7.7561
2014-01-20,,,,,,,,,
2014-01-21,,,,,,1065.05,30.22,6.0503,7.7568
2014-01-22,,,,,,1067.3,30.23,6.0508,7.7581
2014-01-23,,,,,,1073.1,30.2,6.0515,7.7584
2014-01-24,,,,,,1080.1,30.23,6.0486,7.764
2014-01-27,,,,,,1083.7,30.31,6.0478,7.7659
2014-01-28,,,,,,1079.14,30.31,6.0506,7.7643
2014-01-29,,,,,,1069.8,30.31,6.0554,7.7642
2014-01-30,,,,,,1080.11,30.3,6.06,7.7663
2014-01-31,,,,,,1080.36,30.31,6.059,7.7642
2014-02-01,103.4,95.0,96.0,95.4,89.5,,,,
2014-02-03,,,,,,1084.25,30.33,6.06,7.7645
2014-02-04,,,,,,1083.7,30.29,6.06,7.7645
2014-02-05,,,,,,1077.6,30.34,6.06,7.7621
2014-02-06,,,,,,1078.8,30.28,6.06,7.7589
2014-02-07,,,,,,1073.83,30.29,6.0629,7.7586
2014-02-10,,,,,,1072.3,30.32,6.0591,7.7569
2014-02-11,,,,,,1070.8,30.29,6.0601,7.756
2014-02-12,,,,,,1062.14,30.27,6.0614,7.7563
2014-02-13,,,,,,1066.2,30.32,6.0631,7.7554
2014-02-14,,,,,,1062.9,30.25,6.0666,7.7547
2014-02-17,,,,,,,,,
2014-02-18,,,,,,1065.54,30.28,6.0671,7.755
2014-02-19,,,,,,1065.25,30.29,6.0762,7.7551
2014-02-20,,,,,,1072.0,30.37,6.0832,7.7555
2014-02-21,,,,,,1072.15,30.35,6.0912,7.7558
2014-02-24,,,,,,1074.0,30.35,6.0982,7.7591
2014-02-25,,,,,,1072.78,30.33,6.1243,7.7614
2014-02-26,,,,,,1065.72,30.29,6.1243,7.7601
2014-02-27,,,,,,1068.85,30.29,6.1279,7.7609
2014-02-28,,,,,,1066.01,30.29,6.1448,7.7608
2014-03-01,102.3,94.6,95.7,95.5,89.3,,,,
2014-03-03,,,,,,1069.9,30.31,6.146,7.76
2014-03-04,,,,,,1071.2,30.28,6.143,7.76
2014-03-05,,,,,,1070.85,30.26,6.128,7.7606
2014-03-06,,,,,,1064.1,30.25,6.1183,7.7608
2014-03-07,,,,,,1064.2,30.24,6.1258,7.7605
2014-03-10,,,,,,1066.5,30.31,6.1383,7.7613
2014-03-11,,,,,,1065.13,30.31,6.1397,7.7618
2014-03-12,,,,,,1070.2,30.32,6.1448,7.7657
2014-03-13,,,,,,1068.35,30.32,6.1359,7.7644
2014-03-14,,,,,,1071.33,30.34,6.15,7.7661
2014-03-17,,,,,,1067.15,30.31,6.1779,7.7657
2014-03-18,,,,,,1068.5,30.44,6.1918,7.7669
2014-03-19,,,,,,1070.53,30.45,6.1934,7.7651
2014-03-20,,,,,,1076.28,30.65,6.2273,7.7644
2014-03-21,,,,,,1079.6,30.56,6.2248,7.7589
2014-03-24,,,,,,1077.7,30.57,6.1956,7.7575
2014-03-25,,,,,,1078.67,30.52,6.201,7.7563
2014-03-26,,,,,,1074.97,30.52,6.2084,7.7583
2014-03-27,,,,,,1071.65,30.52,6.2123,7.7578
2014-03-28,,,,,,1068.85,30.46,6.2117,7.7573
2014-03-31,,,,,,1064.65,30.45,6.2164,7.7567
2014-04-01,100.0,93.6,95.6,95.9,88.9,1058.3,30.28,6.2064,7.7568
2014-04-02,,,,,,1057.2,30.29,6.2054,7.7561
2014-04-03,,,,,,1057.5,30.28,6.2102,7.7568
2014-04-04,,,,,,1053.85,30.2,6.2118,7.7566
2014-04-07,,,,,,1055.17,30.23,6.2118,7.7548
2014-04-08,,,,,,1052.1,30.11,6.1966,7.7544
2014-04-09,,,,,,1041.25,30.04,6.2003,7.7533
2014-04-10,,,,,,1039.9,29.99,6.2123,7.7527
2014-04-11,,,,,,1035.4,30.08,6.2111,7.7525
2014-04-14,,,,,,1039.29,30.18,6.2186,7.7533
2014-04-15,,,,,,1041.07,30.2,6.2215,7.7539
2014-04-16,,,,,,1038.2,30.13,6.2204,7.7546
2014-04-17,,,,,,1038.0,30.14,6.2188,7.7542
2014-04-18,,,,,,1037.35,30.17,6.224,7.7539
2014-04-21,,,,,,1038.56,30.23,6.2269,7.7535
2014-04-22,,,,,,1037.45,30.3,6.2373,7.7517
2014-04-23,,,,,,1039.35,30.31,6.2374,7.7529
2014-04-24,,,,,,1039.5,30.28,6.2484,7.7531
2014-04-25,,,,,,1040.95,30.29,6.2534,7.7533
2014-04-28,,,,,,1034.9,30.22,6.252,7.7532
2014-04-29,,,,,,1029.83,30.13,6.2578,7.7535
2014-04-30,,,,,,1032.85,30.16,6.2591,7.7527
2014-05-01,99.8,93.4,96.3,95.8,88.9,1032.75,30.17,6.2591,7.7528
2014-05-02,,,,,,1029.55,30.17,6.2591,7.753
2014-05-05,,,,,,1029.5,30.09,6.2453,7.7522
2014-05-06,,,,,,1029.5,30.07,6.2255,7.7519
2014-05-07,,,,,,1022.46,30.09,6.2349,7.7519
2014-05-08,,,,,,1022.6,30.08,6.2272,7.7516
2014-05-09,,,,,,1024.23,30.12,6.227,7.7514
2014-05-12,,,,,,1024.29,30.15,6.2364,7.7517
2014-05-13,,,,,,1021.85,30.2,6.2283,7.7518
2014-05-14,,,,,,1027.5,30.15,6.2282,7.7517
2014-05-15,,,,,,1025.1,30.17,6.2291,7.7518
2014-05-16,,,,,,1023.42,30.13,6.2327,7.752
2014-05-19,,,,,,1021.87,30.14,6.2368,7.7519
2014-05-20,,,,,,1025.0,30.16,6.2377,7.7524
2014-05-21,,,,,,1026.7,30.17,6.2335,7.7527
2014-05-22,,,,,,1024.3,30.12,6.2348,7.7535
2014-05-23,,,,,,1024.45,30.09,6.2363,7.7532
2014-05-26,,,,,,,,,
2014-05-27,,,,,,1022.95,30.11,6.2471,7.7531
2014-05-28,,,,,,1021.7,30.09,6.2535,7.7527
2014-05-29,,,,,,1020.5,29.97,6.2375,7.7527
2014-05-30,,,,,,1020.3,30.01,6.2471,7.7523
2014-06-01,99.4,93.4,96.3,96.3,88.9,,,,
2014-06-02,,,,,,1024.0,30.07,6.2471,7.7537
2014-06-03,,,,,,1023.0,30.08,6.2536,7.7527
2014-06-04,,,,,,1023.0,30.05,6.2494,7.7527
2014-06-05,,,,,,1019.7,30.03,6.2548,7.7525
2014-06-06,,,,,,1019.7,29.99,6.2498,7.7524
2014-06-09,,,,,,1016.35,30.0,6.2397,7.7511
2014-06-10,,,,,,1016.95,29.99,6.224,7.7514
2014-06-11,,,,,,1015.6,29.99,6.2277,7.7516
2014-06-12,,,,,,1017.6,29.97,6.2175,7.7511
2014-06-13,,,,,,1017.8,30.0,6.209,7.7515
2014-06-16,,,,,,1020.0,30.01,6.225,7.751
2014-06-17,,,,,,1022.3,30.07,6.2263,7.7514
2014-06-18,,,,,,1021.85,30.0,6.2309,7.7513
2014-06-19,,,,,,1018.37,29.99,6.2287,7.7504
2014-06-20,,,,,,1020.81,30.01,6.224,7.7514
2014-06-23,,,,,,1018.1,29.99,6.225,7.7507
2014-06-24,,,,,,1018.05,29.94,6.2308,7.7516
2014-06-25,,,,,,1019.55,29.96,6.2343,7.7515
2014-06-26,,,,,,1016.0,29.91,6.2235,7.7515
2014-06-27,,,,,,1013.3,29.87,6.218,7.7517
2014-06-30,,,,,,1011.6,29.87,6.2036,7.7502
2014-07-01,98.2,93.0,96.1,96.0,88.9,1010.7,29.88,6.1995,7.75
2014-07-02,,,,,,1009.1,29.87,6.2101,7.7501
2014-07-03,,,,,,1008.85,29.85,6.2115,7.7508
2014-07-04,,,,,,,,,
2014-07-07,,,,,,1011.1,29.91,6.2036,7.7497
2014-07-08,,,,,,1011.5,29.91,6.201,7.7495
2014-07-09,,,,,,1012.1,29.88,6.1994,7.75
2014-07-10,,,,,,1013.1,29.93,6.2023,7.75
2014-07-11,,,,,,1018.6,29.94,6.2034,7.7496
2014-07-14,,,,,,1018.95,29.94,6.2059,7.7498
2014-07-15,,,,,,1026.75,30.02,6.2075,7.75
2014-07-16,,,,,,1031.9,29.99,6.2035,7.7501
2014-07-17,,,,,,1028.95,30.0,6.2033,7.7507
2014-07-18,,,,,,1029.1,30.0,6.2075,7.7512
2014-07-21,,,,,,1026.65,29.97,6.2088,7.7517
2014-07-22,,,,,,1024.2,29.98,6.2025,7.751
2014-07-23,,,,,,1023.5,29.94,6.1982,7.7506
2014-07-24,,,,,,1029.05,29.95,6.1944,7.7501
2014-07-25,,,,,,1025.6,29.96,6.1913,7.75
2014-07-28,,,,,,1026.1,29.96,6.187,7.7496
2014-07-29,,,,,,1024.65,29.95,6.18,7.75
2014-07-30,,,,,,1024.55,29.99,6.1712,7.7498
2014-07-31,,,,,,1027.75,30.06,6.1737,7.7497
2014-08-01,98.5,93.0,95.3,96.1,88.8,1036.85,30.0,6.1793,7.7496
2014-08-04,,,,,,1032.95,29.99,6.178,7.75
2014-08-05,,,,,,1027.9,30.0,6.1705,7.7496
2014-08-06,,,,,,1033.75,30.01,6.1625,7.7501
2014-08-07,,,,,,1036.75,30.02,6.1618,7.7511
2014-08-08,,,,,,1036.4,29.99,6.1557,7.7513
2014-08-11,,,,,,1029.8,30.02,6.1528,7.7514
2014-08-12,,,,,,1026.9,30.02,6.1575,7.7511
2014-08-13,,,,,,1029.35,30.0,6.1531,7.7508
2014-08-14,,,,,,1026.9,29.96,6.1575,7.7503
2014-08-15,,,,,,1020.95,29.95,6.147,7.75
2014-08-18,,,,,,1017.35,29.98,6.1425,7.7506
2014-08-19,,,,,,1017.35,29.99,6.1425,7.7503
2014-08-20,,,,,,1022.6,29.98,6.1395,7.7506
2014-08-21,,,,,,1023.4,29.99,6.151,7.75
2014-08-22,,,,,,1017.8,29.97,6.151,7.75
2014-08-25,,,,,,1019.65,29.96,6.154,7.7501
2014-08-26,,,,,,1016.25,29.96,6.1522,7.7505
2014-08-27,,,,,,1013.95,29.87,6.143,7.7501
2014-08-28,,,,,,1014.85,29.89,6.1423,7.75
2014-08-29,,,,,,1013.85,29.88,6.143,7.7501
2014-09-01,98.3,92.9,95.2,95.9,88.9,,,,
2014-09-02,,,,,,1018.2,29.94,6.148,7.7502
2014-09-03,,,,,,1019.55,29.89,6.1408,7.7502
2014-09-04,,,,,,1018.7,29.91,6.1383,7.7502
2014-09-05,,,,,,1024.25,29.9,6.14,7.75
2014-09-08,,,,,,1024.0,29.93,6.14,7.7504
2014-09-09,,,,,,1034.05,29.97,6.1362,7.7502
2014-09-10,,,,,,1034.2,30.0,6.1284,7.7503
2014-09-11,,,,,,1035.9,30.02,6.1295,7.7505
2014-09-12,,,,,,1034.9,30.04,6.1344,7.7505
2014-09-15,,,,,,1037.8,30.14,6.1415,7.7507
2014-09-16,,,,,,1035.95,30.13,6.1459,7.751
2014-09-17,,,,,,1034.55,30.16,6.1385,7.7511
2014-09-18,,,,,,1043.3,30.23,6.14,7.7511
2014-09-19,,,,,,1043.55,30.21,6.1403,7.7512
2014-09-22,,,,,,1040.75,30.27,6.14,7.7513
2014-09-23,,,,,,1039.9,30.22,6.1368,7.7511
2014-09-24,,,,,,1039.77,30.22,6.1346,7.7519
2014-09-25,,,,,,1042.6,30.32,6.1355,7.7538
2014-09-26,,,,,,1044.1,30.34,6.1266,7.7581
2014-09-29,,,,,,1053.15,30.47,6.1495,7.765
2014-09-30,,,,,,1054.55,30.44,6.138,7.7648
2014-10-01,99.5,93.2,95.4,95.3,88.8,1062.7,30.43,6.138,7.7645
2014-10-02,,,,,,1061.1,30.43,6.138,7.7622
2014-10-03,,,,,,1061.1,30.49,6.1385,7.7563
2014-10-06,,,,,,1068.75,30.42,6.1385,7.755
2014-10-07,,,,,,1069.4,30.38,6.1385,7.7541
2014-10-08,,,,,,1074.4,30.43,6.1385,7.7568
2014-10-09,,,,,,1062.6,30.37,6.1299,7.756
2014-10-10,,,,,,1073.1,30.38,6.1308,7.7595
2014-10-13,,,,,,,,,
2014-10-14,,,,,,1064.62,30.45,6.125,7.7564
2014-10-15,,,,,,1058.9,30.35,6.1249,7.757
2014-10-16,,,,,,1060.16,30.38,6.123,7.7575
2014-10-17,,,,,,1063.62,30.38,6.1238,7.7588
2014-10-20,,,,,,1057.58,30.36,6.1233,7.7577
2014-10-21,,,,,,1054.69,30.38,6.1205,7.7565
2014-10-22,,,,,,1052.47,30.39,6.118,7.7567
2014-10-23,,,,,,1057.87,30.42,6.119,7.7575
2014-10-24,,,,,,1055.58,30.39,6.1168,7.7565
2014-10-27,,,,,,1050.99,30.38,6.116,7.7572
2014-10-28,,,,,,1047.0,30.36,6.113,7.7573
2014-10-29,,,,,,1043.89,30.31,6.1107,7.7548
2014-10-30,,,,,,1053.8,30.39,6.114,7.7553
2014-10-31,,,,,,1073.07,30.45,6.1124,7.7551
2014-11-01,99.2,93.0,95.2,95.3,88.6,,,,
2014-11-03,,,,,,1077.63,30.48,6.1178,7.7545
2014-11-04,,,,,,1076.99,30.51,6.115,7.7522
2014-11-05,,,,,,1089.38,30.59,6.1135,7.7519
2014-11-06,,,,,,1084.0,30.56,6.1117,7.7522
2014-11-07,,,,,,1086.5,30.58,6.1225,7.7523
2014-11-10,,,,,,1089.28,30.55,6.119,7.7542
2014-11-11,,,,,,,,,
2014-11-12,,,,,,1093.62,30.58,6.1257,7.7546
2014-11-13,,,,,,1093.61,30.61,6.1243,7.7546
2014-11-14,,,,,,1102.23,30.76,6.129,7.754
2014-11-17,,,,,,1098.12,30.7,6.1242,7.7548
2014-11-18,,,,,,1096.64,30.73,6.1208,7.7547
2014-11-19,,,,,,1112.04,30.9,6.119,7.755
2014-11-20,,,,,,1111.96,30.89,6.123,7.7557
2014-11-21,,,,,,1111.05,30.89,6.1244,7.7572
2014-11-24,,,,,,1114.66,30.97,6.1412,7.7562
2014-11-25,,,,,,1108.68,30.93,6.1355,7.7546
2014-11-26,,,,,,1103.26,30.88,6.1386,7.7534
2014-11-27,,,,,,,,,
2014-11-28,,,,,,1112.06,30.99,6.1429,7.7548
2014-12-01,99.2,92.5,95.2,94.5,88.4,1108.36,31.03,6.1515,7.754
2014-12-02,,,,,,1115.35,31.1,6.149,7.7545
2014-12-03,,,,,,1114.57,31.11,6.1499,7.7523
2014-12-04,,,,,,1110.89,31.09,6.1541,7.7515
2014-12-05,,,,,,1117.74,31.22,6.1497,7.751
2014-12-08,,,,,,1112.52,31.12,6.1725,7.751
2014-12-09,,,,,,1102.31,31.12,6.1855,7.7534
2014-12-10,,,,,,1103.75,31.2,6.1763,7.751
2014-12-11,,,,,,1101.83,31.21,6.1881,7.7509
2014-12-12,,,,,,1103.01,31.32,6.1864,7.7519
2014-12-15,,,,,,1098.24,31.27,6.19,7.7524
2014-12-16,,,,,,1080.83,31.25,6.189,7.7538
2014-12-17,,,,,,1094.59,31.32,6.1957,7.7551
2014-12-18,,,,,,1101.75,31.43,6.2139,7.7555
2014-12-19,,,,,,1099.21,31.5,6.2196,7.7538
2014-12-22,,,,,,1097.77,31.56,6.2213,7.7561
2014-12-23,,,,,,1104.84,31.75,6.2256,7.7572
2014-12-24,,,,,,1103.22,31.8,6.2148,7.7616
2014-12-25,,,,,,,,,
2014-12-26,,,,,,,,,
2014-12-29,,,,,,1097.34,31.75,6.2222,7.7577
2014-12-30,,,,,,1096.06,31.64,6.2015,7.7576
2014-12-31,,,,,,1090.89,31.6,6.2046,7.7531
2015-01-01,99.9,91.7,95.2,93.8,87.6,,,,
2015-01-02,,,,,,1103.73,31.74,6.2046,7.7563
2015-01-05,,,,,,1109.07,32.0,6.2201,7.7557
2015-01-06,,,,,,1098.14,31.98,6.2125,7.7532
2015-01-07,,,,,,1101.51,31.99,6.2127,7.7548
2015-01-08,,,,,,1096.19,31.99,6.2143,7.7553
2015-01-09,,,,,,1086.14,31.89,6.2085,7.753
2015-01-12,,,,,,1083.25,31.88,6.2027,7.7528
2015-01-13,,,,,,1080.42,31.84,6.197,7.7526
2015-01-14,,,,,,1080.45,31.78,6.1957,7.7544
2015-01-15,,,,,,1077.94,31.65,6.187,7.7534
2015-01-16,,,,,,1076.68,31.46,6.2065,7.7539
2015-01-19,,,,,,,,,
2015-01-20,,,,,,1087.17,31.66,6.2137,7.7519
2015-01-21,,,,,,1081.94,31.47,6.2112,7.7508
2015-01-22,,,,,,1081.75,31.35,6.2085,7.7521
2015-01-23,,,,,,1075.75,31.23,6.2279,7.7511
2015-01-26,,,,,,1079.42,31.31,6.2535,7.7522
2015-01-27,,,,,,1075.31,31.06,6.243,7.7518
2015-01-28,,,,,,1084.84,31.18,6.2475,7.7523
2015-01-29,,,,,,1098.6,31.56,6.2463,7.7516
2015-01-30,,,,,,1104.3,31.75,6.2495,7.7529
2015-02-01,99.8,91.8,95.1,93.8,87.5,,,,
2015-02-02,,,,,,1099.61,31.62,6.2594,7.753
2015-02-03,,,,,,1096.06,31.5,6.2573,7.7535
2015-02-04,,,,,,1086.79,31.46,6.2472,7.7517
2015-02-05,,,,,,1087.05,31.49,6.2516,7.7518
2015-02-06,,,,,,1097.26,31.58,6.2417,7.7524
2015-02-09,,,,,,1096.4,31.59,6.2467,7.7533
2015-02-10,,,,,,1098.61,31.56,6.2405,7.7541
2015-02-11,,,,,,1108.19,31.62,6.2422,7.7546
2015-02-12,,,,,,1100.87,31.31,6.244,7.7552
2015-02-13,,,,,,1097.2,31.34,6.2399,7.7553
2015-02-16,,,,,,,,,
2015-02-17,,,,,,1107.33,31.6,6.2546,7.7584
2015-02-18,,,,,,1112.82,31.67,6.2546,7.7584
2015-02-19,,,,,,1110.69,31.74,6.2546,7.7573
2015-02-20,,,,,,1110.06,31.76,6.2546,7.7577
2015-02-23,,,,,,1108.25,31.75,6.2546,7.7568
2015-02-24,,,,,,1108.05,31.65,6.2546,7.7557
2015-02-25,,,,,,1101.53,31.43,6.2591,7.7565
2015-02-26,,,,,,1100.33,31.41,6.2584,7.755
2015-02-27,,,,,,1100.65,31.44,6.2695,7.7559
2015-03-01,99.5,91.5,94.9,93.7,86.9,,,,
2015-03-02,,,,,,1101.46,31.4,6.272,7.7545
2015-03-03,,,,,,1095.65,31.35,6.2741,7.7537
2015-03-04,,,,,,1100.2,31.42,6.2701,7.7544
2015-03-05,,,,,,1100.11,31.44,6.2658,7.756
2015-03-06,,,,,,1110.36,31.59,6.262,7.7565
2015-03-09,,,,,,1114.18,31.52,6.2635,7.76
2015-03-10,,,,,,1123.32,31.66,6.2615,7.7601
2015-03-11,,,,,,1131.33,31.71,6.2613,7.7647
2015-03-12,,,,,,1120.13,31.58,6.2614,7.7685
2015-03-13,,,,,,1135.7,31.71,6.2585,7.7686
2015-03-16,,,,,,1129.62,31.63,6.262,7.7654
2015-03-17,,,,,,1127.69,31.58,6.249,7.7632
2015-03-18,,,,,,1127.09,31.48,6.2289,7.758
2015-03-19,,,,,,1121.21,31.48,6.1955,7.7596
2015-03-20,,,,,,1113.87,31.41,6.2037,7.7592
2015-03-23,,,,,,1106.68,31.28,6.2135,7.7551
2015-03-24,,,,,,1104.2,31.24,6.2046,7.7561
2015-03-25,,,,,,1099.72,31.24,6.2116,7.7554
2015-03-26,,,,,,1103.59,31.21,6.2103,7.7544
2015-03-27,,,,,,1103.6,31.19,6.2145,7.7534
2015-03-30,,,,,,1106.39,31.28,6.2065,7.7549
2015-03-31,,,,,,1107.71,31.24,6.199,7.754
2015-04-01,99.8,91.5,94.9,93.0,86.7,1098.1,31.24,6.1976,7.7524
2015-04-02,,,,,,1089.49,31.05,6.1968,7.7525
2015-04-03,,,,,,1085.65,30.87,6.193,7.7516
2015-04-06,,,,,,1083.38,30.88,6.193,7.7525
2015-04-07,,,,,,1093.76,31.06,6.1955,7.7515
2015-04-08,,,,,,1093.77,31.08,6.202,7.7503
2015-04-09,,,,,,1093.8,31.24,6.205,7.7499
2015-04-10,,,,,,1093.13,31.23,6.2082,7.7499
2015-04-13,,,,,,1100.41,31.33,6.2152,7.75
2015-04-14,,,,,,1090.76,31.21,6.2113,7.7518
2015-04-15,,,,,,1095.07,31.23,6.2037,7.7521
2015-04-16,,,,,,1086.89,31.1,6.1947,7.7516
2015-04-17,,,,,,1081.99,31.05,6.1976,7.751
2015-04-20,,,,,,1081.27,31.07,6.2014,7.75
2015-04-21,,,,,,1081.54,31.08,6.201,7.7501
2015-04-22,,,,,,1080.64,31.06,6.1927,7.75
2015-04-23,,,,,,1080.0,31.03,6.1975,7.7495
2015-04-24,,,,,,1075.85,30.68,6.193,7.7499
2015-04-27,,,,,,1071.01,30.44,6.2185,7.7499
2015-04-28,,,,,,1063.03,30.42,6.2035,7.7505
2015-04-29,,,,,,1066.48,30.37,6.1989,7.7504
2015-04-30,,,,,,1076.74,30.64,6.2018,7.7513
2015-05-01,99.6,91.4,94.3,92.9,86.9,1080.22,30.7,6.2018,7.7509
2015-05-04,,,,,,1081.19,30.71,6.2085,7.753
2015-05-05,,,,,,1080.46,30.63,6.2058,7.7518
2015-05-06,,,,,,1077.23,30.6,6.2001,7.7518
2015-05-07,,,,,,1093.55,30.78,6.2063,7.7539
2015-05-08,,,,,,1087.28,30.68,6.2084,7.7536
2015-05-11,,,,,,1095.39,30.79,6.2086,7.7535
2015-05-12,,,,,,1093.81,30.73,6.2086,7.7528
2015-05-13,,,,,,1089.72,30.64,6.2043,7.7517
2015-05-14,,,,,,1089.46,30.55,6.2013,7.7505
2015-05-15,,,,,,1083.05,30.42,6.2051,7.7505
2015-05-18,,,,,,1088.19,30.47,6.2041,7.752
2015-05-19,,,,,,1093.94,30.5,6.2064,7.7519
2015-05-20,,,,,,1097.62,30.54,6.2036,7.7521
2015-05-21,,,,,,1092.41,30.43,6.1958,7.7534
2015-05-22,,,,,,1093.46,30.43,6.1972,7.7517
2015-05-25,,,,,,,,,
2015-05-26,,,,,,1106.06,30.65,6.2038,7.7523
2015-05-27,,,,,,1107.84,30.66,6.2011,7.7594
2015-05-28,,,,,,1109.86,30.65,6.2002,7.7535
2015-05-29,,,,,,1111.99,30.81,6.198,7.7535
2015-06-01,98.6,90.9,94.1,92.1,86.2,1115.61,30.87,6.1985,7.7567
2015-06-02,,,,,,1109.34,30.82,6.198,7.7566
2015-06-03,,,,,,1104.33,30.76,6.1976,7.753
2015-06-04,,,,,,1112.56,30.9,6.2006,7.7522
2015-06-05,,,,,,1121.18,31.05,6.2024,7.7531
2015-06-08,,,,,,1121.95,31.13,6.2053,7.7518
2015-06-09,,,,,,1119.38,31.09,6.2047,7.7533
2015-06-10,,,,,,1110.32,30.86,6.2055,7.7524
2015-06-11,,,,,,1113.24,30.94,6.2065,7.7523
2015-06-12,,,,,,1111.63,30.93,6.2081,7.753
2015-06-15,,,,,,1114.94,30.91,6.208,7.7523
2015-06-16,,,,,,1118.08,30.88,6.2085,7.7519
2015-06-17,,,,,,1122.83,30.97,6.2086,7.7525
2015-06-18,,,,,,1101.55,30.68,6.2075,7.7526
2015-06-19,,,,,,1102.64,30.7,6.2085,7.7515
2015-06-22,,,,,,1098.85,30.72,6.2085,7.7517
2015-06-23,,,,,,1104.54,30.87,6.2066,7.7527
2015-06-24,,,,,,1110.67,30.98,6.2061,7.7529
2015-06-25,,,,,,1111.05,30.93,6.2084,7.7518
2015-06-26,,,,,,1122.31,31.01,6.208,7.7523
2015-06-29,,,,,,1119.09,30.88,6.2085,7.7526
2015-06-30,,,,,,1117.34,30.88,6.2,7.7513
2015-07-01,97.8,90.6,94.0,91.5,85.9,1123.89,30.93,6.2008,7.7524
2015-07-02,,,,,,1119.95,30.84,6.2044,7.7512
2015-07-03,,,,,,,,,
2015-07-06,,,,,,1125.58,30.91,6.2089,7.7528
2015-07-07,,,,,,1133.75,31.08,6.2097,7.7553
2015-07-08,,,,,,1131.75,31.01,6.2087,7.7519
2015-07-09,,,,,,1133.69,31.04,6.2086,7.7511
2015-07-10,,,,,,1127.29,31.03,6.2092,7.751
2015-07-13,,,,,,1133.93,31.06,6.2081,7.7523
2015-07-14,,,,,,1142.75,31.03,6.2088,7.7511
2015-07-15,,,,,,1146.42,31.08,6.2082,7.7502
2015-07-16,,,,,,1145.24,31.07,6.2094,7.7506
2015-07-17,,,,,,1148.48,31.11,6.2085,7.7504
2015-07-20,,,,,,1156.38,31.24,6.2095,7.7508
2015-07-21,,,,,,1148.33,31.17,6.2095,7.7508
2015-07-22,,,,,,1156.49,31.23,6.2093,7.7503
2015-07-23,,,,,,1160.64,31.26,6.2091,7.7508
2015-07-24,,,,,,1169.02,31.5,6.2095,7.7513
2015-07-27,,,,,,1167.75,31.59,6.2091,7.7507
2015-07-28,,,,,,1161.09,31.42,6.2084,7.7511
2015-07-29,,,,,,1158.49,31.42,6.2089,7.7513
2015-07-30,,,,,,1173.42,31.59,6.2096,7.7523
2015-07-31,,,,,,1159.7,31.59,6.2097,7.7514
2015-08-01,97.5,90.3,93.7,91.5,86.0,,,,
2015-08-03,,,,,,1168.63,31.7,6.2087,7.7531
2015-08-04,,,,,,1161.2,31.63,6.2086,7.7535
2015-08-05,,,,,,1174.4,31.7,6.2096,7.7519
2015-08-06,,,,,,1163.25,31.64,6.2096,7.7505
2015-08-07,,,,,,1164.0,31.65,6.2087,7.7525
2015-08-10,,,,,,1161.69,31.63,6.2094,7.7529
2015-08-11,,,,,,1181.36,32.16,6.3232,7.7627
2015-08-12,,,,,,1175.03,32.12,6.3845,7.7555
2015-08-13,,,,,,1176.02,32.17,6.3982,7.755
2015-08-14,,,,,,1177.62,32.15,6.3908,7.7554
2015-08-17,,,,,,1181.53,32.42,6.3937,7.7547
2015-08-18,,,,,,1185.85,32.46,6.3928,7.7541
2015-08-19,,,,,,1184.35,32.49,6.3956,7.7527
2015-08-20,,,,,,1185.63,32.57,6.3875,7.7525
2015-08-21,,,,,,1194.6,32.63,6.3887,7.7508
2015-08-24,,,,,,1191.13,33.0,6.4029,7.7537
2015-08-25,,,,,,1195.25,32.53,6.4122,7.751
2015-08-26,,,,,,1185.52,32.48,6.4083,7.7512
2015-08-27,,,,,,1170.49,32.16,6.4053,7.7496
2015-08-28,,,,,,1180.93,32.24,6.389,7.7499
2015-08-31,,,,,,1182.54,32.49,6.376,7.75
2015-09-01,97.3,90.1,93.6,91.6,86.0,1179.78,32.42,6.363,7.75
2015-09-02,,,,,,1183.46,32.47,6.3544,7.75
2015-09-03,,,,,,1188.07,32.49,6.3549,7.7504
2015-09-04,,,,,,1196.4,32.65,6.3549,7.7499
2015-09-07,,,,,,,,,
2015-09-08,,,,,,1195.57,32.64,6.3657,7.7505
2015-09-09,,,,,,1186.52,32.46,6.3768,7.7511
2015-09-10,,,,,,1184.87,32.37,6.377,7.7499
2015-09-11,,,,,,1182.25,32.53,6.3735,7.75
2015-09-14,,,,,,1181.17,32.5,6.3664,7.75
2015-09-15,,,,,,1178.69,32.48,6.3685,7.7501
2015-09-16,,,,,,1169.77,32.43,6.3694,7.75
2015-09-17,,,,,,1163.11,32.4,6.3645,7.75
2015-09-18,,,,,,1164.13,32.31,6.3628,7.7499
2015-09-21,,,,,,1179.24,32.63,6.3676,7.7502
2015-09-22,,,,,,1186.1,32.92,6.375,7.7495
2015-09-23,,,,,,1193.96,32.96,6.3836,7.75
2015-09-24,,,,,,1195.48,33.16,6.3818,7.7502
2015-09-25,,,,,,1190.14,33.07,6.3737,7.7504
2015-09-28,,,,,,1193.32,33.17,6.3685,7.7501
2015-09-29,,,,,,1194.28,33.02,6.3621,7.75
2015-09-30,,,,,,1184.62,32.98,6.3556,7.7499
2015-10-01,97.0,90.1,93.4,92.0,85.9,1180.04,32.81,6.3559,7.75
2015-10-02,,,,,,1175.48,32.79,6.3559,7.7501
2015-10-05,,,,,,1158.54,32.47,6.3559,7.75
2015-10-06,,,,,,1160.7,32.55,6.3559,7.75
2015-10-07,,,,,,1153.72,32.4,6.3559,7.7498
2015-10-08,,,,,,1155.57,32.48,6.3529,7.75
2015-10-09,,,,,,1145.67,32.3,6.345,7.7498
2015-10-12,,,,,,,,,
2015-10-13,,,,,,1147.42,32.51,6.3417,7.75
2015-10-14,,,,,,1140.39,32.42,6.3462,7.7499
2015-10-15,,,,,,1120.9,31.92,6.3459,7.7498
2015-10-16,,,,,,1130.73,32.21,6.3523,7.75
2015-10-19,,,,,,1130.57,32.38,6.3591,7.75
2015-10-20,,,,,,1128.64,32.32,6.348,7.7499
2015-10-21,,,,,,1137.09,32.5,6.3487,7.7503
2015-10-22,,,,,,1131.48,32.43,6.3577,7.7498
2015-10-23,,,,,,1135.0,32.49,6.3488,7.75
2015-10-26,,,,,,1127.47,32.34,6.3517,7.7495
2015-10-27,,,,,,1134.57,32.42,6.3517,7.7499
2015-10-28,,,,,,1130.31,32.45,6.3581,7.7495
2015-10-29,,,,,,1142.39,32.52,6.3552,7.7496
2015-10-30,,,,,,1140.5,32.46,6.318,7.7496
2015-11-01,97.1,89.9,93.2,92.8,85.4,,,,
2015-11-02,,,,,,1140.5,32.46,6.318,7.7499
2015-11-03,,,,,,1140.5,32.46,6.318,7.75
2015-11-04,,,,,,1136.45,32.43,6.3357,7.7502
2015-11-05,,,,,,1140.5,32.46,6.318,7.7507
2015-11-06,,,,,,1140.5,32.46,6.318,7.7512
2015-11-09,,,,,,1160.42,32.79,6.3619,7.7518
2015-11-10,,,,,,1158.34,32.77,6.3603,7.751
2015-11-11,,,,,,,,,
2015-11-12,,,,,,1158.6,32.72,6.369,7.7498
2015-11-13,,,,,,1169.79,32.87,6.3735,7.7509
2015-11-16,,,,,,1172.67,32.83,6.37,7.7516
2015-11-17,,,,,,1169.08,32.77,6.3771,7.75
2015-11-18,,,,,,1167.89,32.73,6.3834,7.7502
2015-11-19,,,,,,1156.08,32.48,6.3825,7.7498
2015-11-20,,,,,,1151.63,32.49,6.3835,7.75
2015-11-23,,,,,,1159.14,32.62,6.389,7.7502
2015-11-24,,,,,,1149.39,32.53,6.3883,7.75
2015-11-25,,,,,,1140.67,32.47,6.3877,7.7504
2015-11-26,,,,,,,,,
2015-11-27,,,,,,1154.43,32.69,6.3945,7.7507
2015-11-30,,,,,,1149.39,32.53,6.3883,7.7526
2015-12-01,97.3,90.0,93.1,92.9,85.1,1149.39,32.53,6.3883,7.7518
2015-12-02,,,,,,1149.39,32.53,6.3883,7.7504
2015-12-03,,,,,,1149.39,32.53,6.3883,7.7498
2015-12-04,,,,,,1149.39,32.53,6.3883,7.75
2015-12-07,,,,,,1172.68,32.89,6.4081,7.75
2015-12-08,,,,,,1179.6,32.94,6.4162,7.7503
2015-12-09,,,,,,1181.75,32.9,6.427,7.7501
2015-12-10,,,,,,1176.39,32.74,6.4363,7.7499
2015-12-11,,,,,,1188.0,33.01,6.4538,7.7504
2015-12-14,,,,,,1186.2,32.9,6.4588,7.7506
2015-12-15,,,,,,1176.66,32.75,6.46,7.7504
2015-12-16,,,,,,1177.19,32.7,6.4723,7.7501
2015-12-17,,,,,,1187.7,33.0,6.4822,7.7526
2015-12-18,,,,,,1178.04,32.85,6.48,7.7527
2015-12-21,,,,,,1173.87,32.87,6.4793,7.7524
2015-12-22,,,,,,1169.26,32.79,6.4778,7.7518
2015-12-23,,,,,,1140.67,32.82,6.4763,7.7498
2015-12-24,,,,,,1167.94,32.77,6.4758,7.7513
2015-12-25,,,,,,,,,
2015-12-28,,,,,,1169.26,32.79,6.4778,7.7508
2015-12-29,,,,,,1169.26,32.79,6.4778,7.7496
2015-12-30,,,,,,1177.53,32.97,6.4896,7.7506
2015-12-31,,,,,,1169.26,32.79,6.4778,7.7507
2016-01-01,97.1,89.8,93.0,92.8,84.6,,,,
2016-01-04,,,,,,1191.46,33.15,6.5338,7.7505
2016-01-05,,,,,,1190.43,33.14,6.5219,7.7517
2016-01-06,,,,,,1200.16,33.27,6.5554,7.7523
2016-01-07,,,,,,1193.05,33.2,6.5926,7.7541
2016-01-08,,,,,,1206.97,33.34,6.5932,7.7636
2016-01-11,,,,,,1206.55,33.38,6.5675,7.7596
2016-01-12,,,,,,1208.95,33.41,6.57,7.7617
2016-01-13,,,,,,1208.95,33.41,6.57,7.7594
2016-01-14,,,,,,1211.28,33.49,6.5891,7.7854
2016-01-15,,,,,,1216.95,33.61,6.584,7.7962
2016-01-18,,,,,,,,,
2016-01-19,,,,,,1205.61,33.57,6.5783,7.8173
2016-01-20,,,,,,1215.4,33.74,6.5781,7.827
2016-01-21,,,,,,1204.31,33.56,6.5794,7.8144
2016-01-22,,,,,,1195.66,33.49,6.5788,7.7922
2016-01-25,,,,,,1194.3,33.5,6.579,7.7881
2016-01-26,,,,,,1199.64,33.46,6.5814,7.7932
2016-01-27,,,,,,1199.25,33.55,6.5773,7.7942
2016-01-28,,,,,,1204.08,33.53,6.5744,7.7939
2016-01-29,,,,,,1210.04,33.43,6.5752,7.7876
2016-02-01,97.1,89.7,92.9,93.0,85.2,1203.19,33.41,6.5778,7.7739
2016-02-02,,,,,,1212.01,33.51,6.5795,7.7924
2016-02-03,,,,,,1211.33,33.42,6.5765,7.7969
2016-02-04,,,,,,1186.11,33.0,6.5638,7.7872
2016-02-05,,,,,,1204.69,33.37,6.571,7.7929
2016-02-08,,,,,,1205.1,33.41,6.571,7.7911
2016-02-09,,,,,,1200.39,33.23,6.571,7.7955
2016-02-10,,,,,,1189.69,33.0,6.571,7.7909
2016-02-11,,,,,,1196.89,32.95,6.571,7.7924
2016-02-12,,,,,,1205.13,33.04,6.571,7.789
2016-02-15,,,,,,,,,
2016-02-16,,,,,,1219.44,33.21,6.5154,7.7893
2016-02-17,,,,,,1222.32,33.25,6.527,7.7858
2016-02-18,,,,,,1231.15,33.26,6.5163,7.779
2016-02-19,,,,,,1231.09,33.3,6.5202,7.772
2016-02-22,,,,,,1223.32,33.15,6.5197,7.7714
2016-02-23,,,,,,1230.05,33.26,6.5263,7.77
2016-02-24,,,,,,1234.6,33.3,6.529,7.7702
2016-02-25,,,,,,1237.39,33.19,6.532,7.7703
2016-02-26,,,,,,1242.59,33.29,6.539,7.7724
2016-02-29,,,,,,1238.09,33.22,6.5525,7.7763
2016-03-01,96.9,89.6,92.6,93.2,84.7,1229.56,33.04,6.55,7.7709
2016-03-02,,,,,,1227.59,33.09,6.5499,7.7745
2016-03-03,,,,,,1209.55,32.92,6.5312,7.7707
2016-03-04,,,,,,1195.09,32.49,6.5064,7.7647
2016-03-07,,,,,,1200.08,32.54,6.5155,7.7641
2016-03-08,,,,,,1206.19,32.76,6.5044,7.7675
2016-03-09,,,,,,1206.82,32.75,6.5105,7.7648
2016-03-10,,,,,,1204.09,32.87,6.507,7.7639
2016-03-11,,,,,,1184.56,32.58,6.494,7.7574
2016-03-14,,,,,,1187.39,32.68,6.4984,7.7578
2016-03-15,,,,,,1194.99,32.86,6.511,7.76
2016-03-16,,,,,,1190.59,32.77,6.5189,7.7621
2016-03-17,,,,,,1155.83,32.24,6.4745,7.756
2016-03-18,,,,,,1160.11,32.3,6.4682,7.7533
2016-03-21,,,,,,1157.33,32.33,6.4812,7.7528
2016-03-22,,,,,,1154.58,32.34,6.4876,7.7532
2016-03-23,,,,,,1166.59,32.49,6.5035,7.7537
2016-03-24,,,,,,1168.09,32.5,6.5124,7.7601
2016-03-25,,,,,,1168.19,32.49,6.5131,7.7577
2016-03-28,,,,,,1163.39,32.56,6.5051,7.7576
2016-03-29,,,,,,1164.69,32.57,6.5063,7.7566
2016-03-30,,,,,,1142.02,32.16,6.4648,7.7531
2016-03-31,,,,,,1138.86,32.18,6.448,7.7563
2016-04-01,95.4,88.9,92.2,92.9,84.6,1147.15,32.26,6.4776,7.7537
2016-04-04,,,,,,1151.35,32.38,6.4776,7.7542
2016-04-05,,,,,,1158.39,32.44,6.476,7.7564
2016-04-06,,,,,,1155.28,32.38,6.478,7.7555
2016-04-07,,,,,,1156.81,32.4,6.4599,7.7569
2016-04-08,,,,,,1148.89,32.4,6.4628,7.7561
2016-04-11,,,,,,1141.97,32.33,6.458,7.754
2016-04-12,,,,,,1144.53,32.33,6.4639,7.7545
2016-04-13,,,,,,1146.29,32.35,6.4768,7.7556
2016-04-14,,,,,,1151.99,32.41,6.481,7.7562
2016-04-15,,,,,,1144.83,32.32,6.473,7.7547
2016-04-18,,,,,,1144.48,32.32,6.4717,7.7549
2016-04-19,,,,,,1126.01,32.11,6.4571,7.7551
2016-04-20,,,,,,1130.48,32.18,6.4675,7.7558
2016-04-21,,,,,,1135.49,32.27,6.481,7.7568
2016-04-22,,,,,,1147.85,32.36,6.5004,7.7564
2016-04-25,,,,,,1147.76,32.34,6.49,7.7559
2016-04-26,,,,,,1146.66,32.27,6.4905,7.7553
2016-04-27,,,,,,1151.5,32.36,6.494,7.7561
2016-04-28,,,,,,1139.93,32.23,6.4735,7.7569
2016-04-29,,,,,,1144.09,32.28,6.4738,7.757
2016-05-01,95.2,88.7,92.2,92.9,84.7,,,,
2016-05-02,,,,,,1138.45,32.22,6.4738,7.7591
2016-05-03,,,,,,1148.69,32.32,6.49,7.7617
2016-05-04,,,,,,1164.59,32.39,6.4945,7.7608
2016-05-05,,,,,,1165.93,32.4,6.5032,7.7618
2016-05-06,,,,,,1167.29,32.38,6.497,7.7605
2016-05-09,,,,,,1174.25,32.54,6.514,7.7626
2016-05-10,,,,,,1169.89,32.54,6.515,7.761
2016-05-11,,,,,,1162.47,32.49,6.491,7.7599
2016-05-12,,,,,,1168.7,32.59,6.514,7.7582
2016-05-13,,,,,,1176.85,32.66,6.5285,7.762
2016-05-16,,,,,,1177.21,32.65,6.5184,7.7624
2016-05-17,,,,,,1173.67,32.56,6.517,7.7624
2016-05-18,,,,,,1185.77,32.76,6.537,7.7642
2016-05-19,,,,,,1189.25,32.75,6.544,7.7685
2016-05-20,,,,,,1186.93,32.69,6.5485,7.7677
2016-05-23,,,,,,1183.39,32.58,6.5533,7.7672
2016-05-24,,,,,,1186.39,32.64,6.5552,7.7669
2016-05-25,,,,,,1182.21,32.55,6.5538,7.7658
2016-05-26,,,,,,1178.09,32.49,6.554,7.765
2016-05-27,,,,,,1180.59,32.54,6.5615,7.7663
2016-05-30,,,,,,,,,
2016-05-31,,,,,,1188.99,32.58,6.5798,7.7689
2016-06-01,94.4,88.2,91.8,92.4,84.3,1192.09,32.62,6.5748,7.7709
2016-06-02,,,,,,1186.69,32.6,6.5815,7.7706
2016-06-03,,,,,,1167.79,32.28,6.5638,7.7683
2016-06-06,,,,,,1162.28,32.25,6.5611,7.7668
2016-06-07,,,,,,1154.8,32.16,6.571,7.7664
2016-06-08,,,,,,1153.83,32.13,6.56,7.762
2016-06-09,,,,,,1159.29,32.27,6.559,7.7619
2016-06-10,,,,,,1167.61,32.29,6.559,7.7628
2016-06-13,,,,,,1169.74,32.37,6.5823,7.7621
2016-06-14,,,,,,1176.78,32.39,6.593,7.7604
2016-06-15,,,,,,1167.53,32.31,6.5785,7.7601
2016-06-16,,,,,,1176.49,32.37,6.5899,7.7609
2016-06-17,,,,,,1171.77,32.34,6.5849,7.7613
2016-06-20,,,,,,1156.8,32.22,6.5768,7.7605
2016-06-21,,,,,,1154.35,32.15,6.5893,7.7585
2016-06-22,,,,,,1147.99,32.07,6.575,7.7579
2016-06-23,,,,,,1143.27,31.99,6.574,7.7568
2016-06-24,,,,,,1167.56,32.36,6.615,7.7587
2016-06-27,,,,,,1181.24,32.53,6.6481,7.7605
2016-06-28,,,,,,1169.31,32.41,6.645,7.7588
2016-06-29,,,,,,1153.09,32.27,6.635,7.7587
2016-06-30,,,,,,1154.15,32.22,6.6459,7.7591
2016-07-01,94.2,88.0,92.0,92.8,84.0,1146.49,32.2,6.6547,7.7581
2016-07-04,,,,,,,,,
2016-07-05,,,,,,1156.79,32.33,6.677,7.7587
2016-07-06,,,,,,1160.59,32.36,6.69,7.7583
2016-07-07,,,,,,1154.89,32.32,6.679,7.7582
2016-07-08,,,,,,1148.71,32.23,6.6878,7.7581
2016-07-11,,,,,,1148.97,32.21,6.6917,7.7573
2016-07-12,,,,,,1146.47,32.13,6.686,7.7584
2016-07-13,,,,,,1145.01,32.16,6.6832,7.7557
2016-07-14,,,,,,1130.65,31.94,6.6801,7.754
2016-07-15,,,,,,1135.49,31.92,6.6865,7.7543
2016-07-18,,,,,,1134.39,31.93,6.7013,7.755
2016-07-19,,,,,,1140.56,32.06,6.6931,7.7557
2016-07-20,,,,,,1142.33,32.07,6.676,7.7552
2016-07-21,,,,,,1137.31,31.98,6.6735,7.7561
2016-07-22,,,,,,1137.49,32.03,6.676,7.7568
2016-07-25,,,,,,1140.8,32.2,6.6783,7.7562
2016-07-26,,,,,,1137.59,32.11,6.669,7.7572
2016-07-27,,,,,,1135.09,32.06,6.668,7.7567
2016-07-28,,,,,,1124.79,31.96,6.6538,7.7563
2016-07-29,,,,,,1112.89,31.82,6.6371,7.7588
2016-08-01,94.3,87.8,91.4,92.9,84.1,1106.15,31.55,6.6421,7.7609
2016-08-02,,,,,,1108.35,31.57,6.6239,7.7605
2016-08-03,,,,,,1116.21,31.66,6.632,7.758
2016-08-04,,,,,,1111.99,31.62,6.6388,7.7566
2016-08-05,,,,,,1114.54,31.54,6.653,7.7551
2016-08-08,,,,,,1108.24,31.45,6.6597,7.757
2016-08-09,,,,,,1101.45,31.28,6.653,7.7565
2016-08-10,,,,,,1095.84,31.05,6.6345,7.7562
2016-08-11,,,,,,1097.39,31.25,6.6274,7.7562
2016-08-12,,,,,,1100.79,31.38,6.6324,7.7565
2016-08-15,,,,,,1095.83,31.31,6.637,7.7565
2016-08-16,,,,,,1093.95,31.26,6.624,7.7549
2016-08-17,,,,,,1114.25,31.53,6.6328,7.7549
2016-08-18,,,,,,1107.41,31.4,6.6297,7.7528
2016-08-19,,,,,,1116.37,31.64,6.6515,7.753
2016-08-22,,,,,,1120.93,31.8,6.6475,7.753
2016-08-23,,,,,,1116.91,31.78,6.6378,7.7531
2016-08-24,,,,,,1121.34,31.79,6.6562,7.7543
2016-08-25,,,,,,1115.23,31.68,6.656,7.7552
2016-08-26,,,,,,1111.47,31.64,6.669,7.7561
2016-08-29,,,,,,1121.53,31.7,6.6775,7.7552
2016-08-30,,,,,,1118.27,31.74,6.6778,7.7578
2016-08-31,,,,,,1115.98,31.74,6.6776,7.7568
2016-09-01,94.6,87.7,91.5,93.3,84.4,1116.89,31.72,6.6713,7.757
2016-09-02,,,,,,1114.87,31.66,6.679,7.7555
2016-09-05,,,,,,,,,
2016-09-06,,,,,,1093.04,31.18,6.6722,7.7549
2016-09-07,,,,,,1090.03,31.24,6.66,7.7553
2016-09-08,,,,,,1095.27,31.32,6.664,7.7565
2016-09-09,,,,,,1106.83,31.58,6.6778,7.757
2016-09-12,,,,,,1112.03,31.7,6.6788,7.7579
2016-09-13,,,,,,1124.61,31.77,6.6782,7.7584
2016-09-14,,,,,,1123.81,31.68,6.6707,7.7582
2016-09-15,,,,,,1122.83,31.68,6.6707,7.758
2016-09-16,,,,,,1127.37,31.7,6.6707,7.7585
2016-09-19,,,,,,1117.44,31.37,6.665,7.7578
2016-09-20,,,,,,1117.34,31.31,6.67,7.7574
2016-09-21,,,,,,1112.17,31.28,6.6695,7.7559
2016-09-22,,,,,,1100.59,31.3,6.663,7.7556
2016-09-23,,,,,,1102.21,31.34,6.669,7.7565
2016-09-26,,,,,,1106.99,31.41,6.6683,7.7556
2016-09-27,,,,,,1099.22,31.37,6.6691,7.7542
2016-09-28,,,,,,1096.73,31.35,6.673,7.7534
2016-09-29,,,,,,1097.39,31.35,6.665,7.7552
2016-09-30,,,,,,1097.98,31.27,6.6685,7.7555
2016-10-01,94.5,87.5,91.5,93.2,84.3,,,,
2016-10-03,,,,,,1104.79,31.36,6.6685,7.7557
2016-10-04,,,,,,1110.77,31.43,6.6685,7.7563
2016-10-05,,,,,,1114.53,31.45,6.6685,7.7572
2016-10-06,,,,,,1114.53,31.5,6.6685,7.7575
2016-10-07,,,,,,1115.95,31.47,6.6685,7.7583
2016-10-10,,,,,,,,,
2016-10-11,,,,,,1124.21,31.64,6.719,7.76
2016-10-12,,,,,,1127.23,31.63,6.718,7.7571
2016-10-13,,,,,,1133.31,31.74,6.7248,7.7562
2016-10-14,,,,,,1133.13,31.76,6.7277,7.7587
2016-10-17,,,,,,1137.61,31.79,6.735,7.7591
2016-10-18,,,,,,1123.75,31.53,6.7401,7.7586
2016-10-19,,,,,,1120.01,31.44,6.737,7.7574
2016-10-20,,,,,,1128.39,31.58,6.7439,7.7577
2016-10-21,,,,,,1137.17,31.75,6.7654,7.7576
2016-10-24,,,,,,1135.4,31.68,6.7728,7.7576
2016-10-25,,,,,,1129.89,31.53,6.778,7.7569
2016-10-26,,,,,,1134.94,31.59,6.7706,7.756
2016-10-27,,,,,,1145.85,31.7,6.7819,7.7545
2016-10-28,,,,,,1146.49,31.61,6.776,7.7536
2016-10-31,,,,,,1145.37,31.54,6.7735,7.7549
2016-11-01,94.4,87.6,90.6,93.6,84.3,1142.68,31.54,6.763,7.7546
2016-11-02,,,,,,1148.39,31.52,6.7606,7.7552
2016-11-03,,,,,,1142.68,31.54,6.7612,7.7547
2016-11-04,,,,,,1142.68,31.54,6.7534,7.7559
2016-11-07,,,,,,1141.27,31.45,6.774,7.7561
2016-11-08,,,,,,1131.39,31.41,6.784,7.755
2016-11-09,,,,,,1150.64,31.53,6.7769,7.7552
2016-11-10,,,,,,1162.11,31.77,6.7987,7.7562
2016-11-11,,,,,,,,,
2016-11-14,,,,,,1171.25,31.99,6.8447,7.7581
2016-11-15,,,,,,1170.21,31.83,6.8556,7.7575
2016-11-16,,,,,,1172.41,31.85,6.877,7.7575
2016-11-17,,,,,,1176.03,31.93,6.8674,7.7568
2016-11-18,,,,,,1177.71,32.01,6.8873,7.7572
2016-11-21,,,,,,1178.51,31.89,6.8918,7.7555
2016-11-22,,,,,,1173.25,31.85,6.888,7.7557
2016-11-23,,,,,,1181.57,31.99,6.9195,7.7561
2016-11-24,,,,,,,,,
2016-11-25,,,,,,1174.99,31.85,6.9176,7.7553
2016-11-28,,,,,,1170.53,31.76,6.9055,7.7555
2016-11-29,,,,,,1169.99,31.82,6.8933,7.7562
2016-11-30,,,,,,1175.87,31.92,6.8837,7.7566
2016-12-01,94.8,87.8,90.5,93.3,84.4,1167.31,31.93,6.883,7.7563
2016-12-02,,,,,,1167.7,31.88,6.883,7.7547
2016-12-05,,,,,,1168.11,32.01,6.8775,7.7555
2016-12-06,,,,,,1171.5,31.92,6.879,7.7552
2016-12-07,,,,,,1161.67,31.72,6.878,7.756
2016-12-08,,,,,,1162.49,31.73,6.8771,7.7557
2016-12-09,,,,,,1171.88,31.8,6.9042,7.7586
2016-12-12,,,,,,1164.37,31.77,6.9045,7.7577
2016-12-13,,,,,,1164.65,31.77,6.8984,7.7562
2016-12-14,,,,,,1165.13,31.73,6.9025,7.7559
2016-12-15,,,,,,1185.35,32.0,6.941,7.7602
2016-12-16,,,,,,1183.72,31.94,6.958,7.7659
2016-12-19,,,,,,1187.71,31.98,6.9506,7.7674
2016-12-20,,,,,,1192.13,32.06,6.947,7.7658
2016-12-21,,,,,,1193.91,32.05,6.939,7.7633
2016-12-22,,,,,,1204.65,32.19,6.9473,7.7619
2016-12-23,,,,,,1201.51,32.18,6.9432,7.7587
2016-12-26,,,,,,,,,
2016-12-27,,,,,,1207.68,32.27,6.9491,7.7596
2016-12-28,,,,,,1212.22,32.42,6.9559,7.7575
2016-12-29,,,,,,1207.05,32.26,6.9535,7.7549
2016-12-30,,,,,,1203.73,32.4,6.943,7.7534
2017-01-01,94.4,87.6,89.7,91.3,84.4,,,,
2017-01-02,,,,,,,,,
2017-01-03,,,,,,1207.23,32.37,6.9575,7.7561
2017-01-04,,,,,,1198.07,32.16,6.9322,7.7544
2017-01-05,,,,,,1182.46,31.78,6.887,7.754
2017-01-06,,,,,,1198.85,32.0,6.9176,7.7547
2017-01-09,,,,,,1200.51,32.02,6.935,7.7556
2017-01-10,,,,,,1196.96,31.92,6.918,7.7542
2017-01-11,,,,,,1197.59,31.9,6.9365,7.7554
2017-01-12,,,,,,1170.93,31.49,6.889,7.7541
2017-01-13,,,,,,1177.81,31.6,6.8985,7.7548
2017-01-16,,,,,,,,,
2017-01-17,,,,,,1161.61,31.38,6.852,7.7559
2017-01-18,,,,,,1170.73,31.53,6.836,7.7563
2017-01-19,,,,,,1177.03,31.6,6.868,7.7568
2017-01-20,,,,,,,,,
2017-01-23,,,,,,1165.82,31.41,6.8514,7.7559
2017-01-24,,,,,,1165.25,31.31,6.8555,7.7567
2017-01-25,,,,,,1164.13,31.31,6.8812,7.7572
2017-01-26,,,,,,1169.61,31.42,6.8768,7.7576
2017-01-27,,,,,,1175.73,31.5,6.8768,7.758
2017-01-30,,,,,,1171.27,31.38,6.8768,7.7575
2017-01-31,,,,,,1151.45,31.19,6.8768,7.7579
2017-02-01,94.8,87.6,89.8,91.5,84.9,1154.45,31.17,6.8768,7.7593
2017-02-02,,,,,,1139.9,31.0,6.8768,7.7594
2017-02-03,,,,,,1134.65,30.79,6.865,7.7582
2017-02-06,,,,,,1134.87,30.89,6.86,7.7579
2017-02-07,,,,,,1142.89,31.06,6.8821,7.7586
2017-02-08,,,,,,1143.25,31.03,6.87,7.7588
2017-02-09,,,,,,1149.88,31.06,6.866,7.7575
2017-02-10,,,,,,1146.78,30.94,6.8775,7.7588
2017-02-13,,,,,,1150.16,30.96,6.8776,7.7592
2017-02-14,,,,,,1139.33,30.78,6.8649,7.7595
2017-02-15,,,,,,1136.46,30.73,6.8685,7.7604
2017-02-16,,,,,,1140.57,30.75,6.8517,7.7598
2017-02-17,,,,,,1150.73,30.9,6.864,7.761
2017-02-20,,,,,,,,,
2017-02-21,,,,,,1143.63,30.8,6.881,7.7605
2017-02-22,,,,,,1142.15,30.77,6.8765,7.7599
2017-02-23,,,,,,1129.84,30.61,6.8622,7.7595
2017-02-24,,,,,,1130.41,30.64,6.8645,7.7609
2017-02-27,,,,,,1130.14,30.72,6.8675,7.7611
2017-02-28,,,,,,1129.17,30.64,6.8665,7.7627
2017-03-01,95.3,87.7,89.8,91.6,85.2,1140.75,30.76,6.8794,7.7632
2017-03-02,,,,,,1146.9,30.88,6.8868,7.7623
2017-03-03,,,,,,1156.77,31.03,6.8954,7.7635
2017-03-06,,,,,,1154.36,30.95,6.8955,7.7634
2017-03-07,,,,,,1149.87,30.92,6.9,7.7643
2017-03-08,,,,,,1154.69,30.93,6.9113,7.7675
2017-03-09,,,,,,1158.12,31.01,6.9086,7.7648
2017-03-10,,,,,,1150.37,30.99,6.905,7.765
2017-03-13,,,,,,1150.37,30.99,6.905,7.7638
2017-03-14,,,,,,1148.54,30.94,6.913,7.768
2017-03-15,,,,,,1144.16,30.83,6.9132,7.7689
2017-03-16,,,,,,1148.54,30.94,6.913,7.7611
2017-03-17,,,,,,1128.67,30.52,6.9,7.7614
2017-03-20,,,,,,1112.29,30.38,6.905,7.7651
2017-03-21,,,,,,1118.23,30.43,6.883,7.7657
2017-03-22,,,,,,1117.91,30.45,6.8785,7.7664
2017-03-23,,,,,,1117.91,30.46,6.8843,7.7668
2017-03-24,,,,,,1116.69,30.32,6.8803,7.7669
2017-03-27,,,,,,1108.3,30.14,6.8687,7.7672
2017-03-28,,,,,,1111.51,30.17,6.8779,7.7668
2017-03-29,,,,,,1112.28,30.21,6.8879,7.7688
2017-03-30,,,,,,1114.11,30.29,6.887,7.7702
2017-03-31,,,,,,1117.48,30.38,6.8832,7.7714
2017-04-01,96.3,88.0,89.6,91.3,85.7,,,,
2017-04-03,,,,,,1117.65,30.33,6.8832,7.7708
2017-04-04,,,,,,1122.61,30.47,6.8832,7.7707
2017-04-05,,,,,,1126.58,30.4,6.892,7.7687
2017-04-06,,,,,,1131.21,30.51,6.8955,7.769
2017-04-07,,,,,,1133.89,30.56,6.8978,7.7691
2017-04-10,,,,,,1141.24,30.57,6.8988,7.7697
2017-04-11,,,,,,1147.77,30.63,6.8893,7.7707
2017-04-12,,,,,,1138.83,30.55,6.889,7.7708
2017-04-13,,,,,,1133.32,30.32,6.8865,7.7737
2017-04-14,,,,,,1136.67,30.31,6.8835,7.7726
2017-04-17,,,,,,1134.25,30.32,6.88,7.7722
2017-04-18,,,,,,1143.89,30.39,6.8778,7.7743
2017-04-19,,,,,,1142.37,30.4,6.886,7.7741
2017-04-20,,,,,,1136.29,30.37,6.88,7.7746
2017-04-21,,,,,,1134.22,30.34,6.8845,7.7757
2017-04-24,,,,,,1132.19,30.23,6.884,7.7795
2017-04-25,,,,,,1126.54,30.06,6.8824,7.7796
2017-04-26,,,,,,1133.17,30.1,6.8918,7.7806
2017-04-27,,,,,,1133.83,30.12,6.8958,7.7801
2017-04-28,,,,,,1136.99,30.19,6.89,7.7779
2017-05-01,96.4,88.1,89.6,91.1,85.8,1134.87,30.16,6.89,7.7775
2017-05-02,,,,,,1129.16,30.02,6.8949,7.781
2017-05-03,,,,,,1131.25,30.05,6.8968,7.781
2017-05-04,,,,,,1134.2,30.12,6.8959,7.7815
2017-05-05,,,,,,1136.49,30.18,6.9021,7.7839
2017-05-08,,,,,,1132.91,30.13,6.904,7.784
2017-05-09,,,,,,1134.84,30.24,6.906,7.7831
2017-05-10,,,,,,1132.13,30.2,6.9011,7.7864
2017-05-11,,,,,,1127.51,30.18,6.9033,7.7896
2017-05-12,,,,,,1121.68,30.15,6.8972,7.7933
2017-05-15,,,,,,1115.01,30.04,6.89,7.7884
2017-05-16,,,,,,1115.0,30.09,6.884,7.7873
2017-05-17,,,,,,1118.67,30.1,6.8773,7.7867
2017-05-18,,,,,,1129.17,30.3,6.888,7.7825
2017-05-19,,,,,,1116.71,30.02,6.883,7.7835
2017-05-22,,,,,,1114.71,30.01,6.8828,7.785
2017-05-23,,,,,,1125.02,30.16,6.888,7.7876
2017-05-24,,,,,,1122.83,30.15,6.8883,7.7888
2017-05-25,,,,,,1119.71,30.08,6.8672,7.7916
2017-05-26,,,,,,1118.67,30.18,6.8525,7.7923
2017-05-29,,,,,,,,,
2017-05-30,,,,,,1122.87,30.15,6.8525,7.7929
2017-05-31,,,,,,1119.58,30.11,6.8098,7.7929
2017-06-01,97.8,88.5,89.5,91.0,86.1,1120.85,30.09,6.8029,7.7915
2017-06-02,,,,,,1117.49,30.09,6.8085,7.7908
2017-06-05,,,,,,1118.44,30.07,6.803,7.7919
2017-06-06,,,,,,1118.53,30.09,6.7945,7.7936
2017-06-07,,,,,,1124.16,30.09,6.7935,7.7936
2017-06-08,,,,,,1122.73,30.11,6.799,7.7967
2017-06-09,,,,,,1123.51,30.12,6.797,7.7972
2017-06-12,,,,,,1130.55,30.22,6.7974,7.8
2017-06-13,,,,,,1127.79,30.23,6.7981,7.7979
2017-06-14,,,,,,1116.45,30.08,6.7888,7.7981
2017-06-15,,,,,,1129.91,30.35,6.8061,7.802
2017-06-16,,,,,,1133.2,30.31,6.8097,7.8005
2017-06-19,,,,,,1134.69,30.37,6.818,7.8001
2017-06-20,,,,,,1141.33,30.45,6.8285,7.8007
2017-06-21,,,,,,1143.01,30.44,6.8275,7.8003
2017-06-22,,,,,,1143.01,30.44,6.8275,7.799
2017-06-23,,,,,,1132.99,30.29,6.8345,7.7997
2017-06-26,,,,,,1132.48,30.3,6.8382,7.7986
2017-06-27,,,,,,1137.77,30.32,6.81,7.7999
2017-06-28,,,,,,1141.91,30.41,6.7984,7.803
2017-06-29,,,,,,1144.07,30.46,6.784,7.8038
2017-06-30,,,,,,1143.75,30.38,6.7793,7.8055
2017-07-01,99.7,89.0,89.6,90.8,86.5,,,,
2017-07-03,,,,,,1149.26,30.49,6.7984,7.81
2017-07-04,,,,,,,,,
2017-07-05,,,,,,1153.06,30.56,6.7995,7.8072
2017-07-06,,,,,,1156.55,30.61,6.799,7.812
2017-07-07,,,,,,1153.85,30.56,6.8039,7.8116
2017-07-10,,,,,,1149.35,30.56,6.8026,7.8128
2017-07-11,,,,,,1149.83,30.53,6.801,7.8123
2017-07-12,,,,,,1138.32,30.38,6.7865,7.8105
2017-07-13,,,,,,1137.22,30.36,6.7825,7.8081
2017-07-14,,,,,,1127.79,30.26,6.7741,7.8069
2017-07-17,,,,,,1127.74,30.37,6.769,7.8034
2017-07-18,,,,,,1123.69,30.34,6.7451,7.8045
2017-07-19,,,,,,1122.92,30.37,6.7511,7.8083
2017-07-20,,,,,,1120.77,30.38,6.757,7.8101
2017-07-21,,,,,,1117.47,30.41,6.7663,7.8091
2017-07-24,,,,,,1113.82,30.34,6.7488,7.8068
2017-07-25,,,,,,1117.02,30.32,6.7495,7.8082
2017-07-26,,,,,,1117.76,30.36,6.753,7.8122
2017-07-27,,,,,,1115.15,30.18,6.741,7.809
2017-07-28,,,,,,1121.49,30.26,6.7362,7.8096
2017-07-31,,,,,,1121.86,30.2,6.724,7.81
2017-08-01,100.0,89.0,89.4,90.7,86.7,1121.09,30.24,6.717,7.8121
2017-08-02,,,,,,1121.55,30.22,6.72,7.8169
2017-08-03,,,,,,1127.73,30.19,6.715,7.8172
2017-08-04,,,,,,1128.02,30.18,6.7272,7.819
2017-08-07,,,,,,1127.39,30.21,6.7207,7.8223
2017-08-08,,,,,,1125.6,30.18,6.7049,7.8234
2017-08-09,,,,,,1138.69,30.24,6.672,7.8173
2017-08-10,,,,,,1144.36,30.34,6.646,7.8163
2017-08-11,,,,,,1141.57,30.35,6.6612,7.8191
2017-08-14,,,,,,1137.22,30.28,6.6695,7.8211
2017-08-15,,,,,,1135.47,30.32,6.6845,7.8237
2017-08-16,,,,,,1137.75,30.32,6.69,7.8217
2017-08-17,,,,,,1138.23,30.32,6.673,7.8232
2017-08-18,,,,,,1139.83,30.33,6.67,7.8233
2017-08-21,,,,,,1137.14,30.31,6.663,7.8252
2017-08-22,,,,,,1131.79,30.28,6.66,7.8263
2017-08-23,,,,,,1128.59,30.26,6.6569,7.8259
2017-08-24,,,,,,1127.8,30.24,6.66,7.8239
2017-08-25,,,,,,1121.73,30.09,6.6465,7.8215
2017-08-28,,,,,,1117.75,30.13,6.6084,7.8229
2017-08-29,,,,,,1122.5,30.07,6.5945,7.8244
2017-08-30,,,,,,1122.05,30.13,6.5918,7.8254
2017-08-31,,,,,,1122.36,30.13,6.5888,7.8267
2017-09-01,100.0,89.0,88.3,90.9,87.3,1119.12,30.06,6.5552,7.8241
2017-09-04,,,,,,,,,
2017-09-05,,,,,,1130.01,30.05,6.5345,7.8253
2017-09-06,,,,,,1132.49,30.08,6.5221,7.8256
2017-09-07,,,,,,1125.49,29.93,6.483,7.8138
2017-09-08,,,,,,1133.08,30.05,6.4773,7.8112
2017-09-11,,,,,,1129.75,30.01,6.5254,7.8113
2017-09-12,,,,,,1126.56,30.04,6.5334,7.8106
2017-09-13,,,,,,1129.37,30.05,6.54,7.8123
2017-09-14,,,,,,1132.59,30.1,6.552,7.812
2017-09-15,,,,,,1130.68,30.06,6.55,7.818
2017-09-18,,,,,,1127.07,30.14,6.5725,7.8164
2017-09-19,,,,,,1128.83,30.12,6.58,7.8046
2017-09-20,,,,,,1125.53,30.08,6.57,7.7995
2017-09-21,,,,,,1130.87,30.19,6.5861,7.8062
2017-09-22,,,,,,1130.39,30.16,6.5899,7.8082
2017-09-25,,,,,,1134.59,30.25,6.6189,7.8135
2017-09-26,,,,,,1136.29,30.23,6.6371,7.8128
2017-09-27,,,,,,1141.62,30.31,6.64,7.809
2017-09-28,,,,,,1145.08,30.37,6.6591,7.8093
2017-09-29,,,,,,1142.57,30.33,6.6533,7.811
2017-10-01,100.3,89.0,88.1,90.7,87.5,,,,
2017-10-02,,,,,,1146.18,30.38,6.6533,7.8098
2017-10-03,,,,,,1140.5,30.44,6.6533,7.8106
2017-10-04,,,,,,1140.44,30.43,6.6533,7.8065
2017-10-05,,,,,,1139.03,30.33,6.6533,7.8092
2017-10-06,,,,,,1143.46,30.36,6.6533,7.8057
2017-10-09,,,,,,,,,
2017-10-10,,,,,,1132.08,30.28,6.5712,7.8037
2017-10-11,,,,,,1131.04,30.23,6.587,7.8056
2017-10-12,,,,,,1129.71,30.17,6.5855,7.8085
2017-10-13,,,,,,1125.01,30.13,6.5785,7.8073
2017-10-16,,,,,,1127.72,30.14,6.5885,7.807
2017-10-17,,,,,,1129.86,30.18,6.622,7.8077
2017-10-18,,,,,,1130.94,30.2,6.625,7.807
2017-10-19,,,,,,1129.06,30.23,6.6126,7.8006
2017-10-20,,,,,,1130.69,30.22,6.6185,7.8027
2017-10-23,,,,,,1129.73,30.25,6.638,7.8037
2017-10-24,,,,,,1128.36,30.28,6.6335,7.8042
2017-10-25,,,,,,1126.49,30.24,6.635,7.8035
2017-10-26,,,,,,1123.0,30.22,6.6392,7.8026
2017-10-27,,,,,,1124.79,30.23,6.6498,7.8044
2017-10-30,,,,,,1124.79,30.23,6.6498,7.7996
2017-10-31,,,,,,1115.68,30.12,6.6328,7.8015
2017-11-01,99.9,88.2,88.1,90.5,87.2,1110.03,30.13,6.6018,7.8012
2017-11-02,,,,,,1111.54,30.19,6.6068,7.8025
2017-11-03,,,,,,1114.86,30.21,6.636,7.8023
2017-11-06,,,,,,1110.09,30.16,6.6311,7.8029
2017-11-07,,,,,,1113.1,30.19,6.638,7.8042
2017-11-08,,,,,,1111.14,30.15,6.6249,7.7955
2017-11-09,,,,,,1118.13,30.2,6.6378,7.7997
2017-11-10,,,,,,,,,
2017-11-13,,,,,,1119.96,30.18,6.6385,7.8013
2017-11-14,,,,,,1113.65,30.13,6.635,7.8033
2017-11-15,,,,,,1103.9,30.06,6.62,7.8064
2017-11-16,,,,,,1094.49,30.05,6.6273,7.8097
2017-11-17,,,,,,1093.15,30.05,6.6245,7.8116
2017-11-20,,,,,,1093.15,30.05,6.6245,7.8118
2017-11-21,,,,,,1088.1,29.97,6.6265,7.8109
2017-11-22,,,,,,1085.66,29.97,6.6086,7.8114
2017-11-23,,,,,,,,,
2017-11-24,,,,,,1082.59,29.98,6.5998,7.8087
2017-11-27,,,,,,1088.36,30.02,6.5967,7.8011
2017-11-28,,,,,,1079.87,29.98,6.6044,7.802
2017-11-29,,,,,,1079.33,30.02,6.6091,7.8083
2017-11-30,,,,,,1084.79,29.98,6.609,7.8093
2017-12-01,99.7,88.1,87.9,90.6,87.6,1082.36,30.02,6.6137,7.8118
2017-12-04,,,,,,1082.36,29.98,6.6185,7.8174
2017-12-05,,,,,,1086.85,30.03,6.617,7.8144
2017-12-06,,,,,,1094.55,30.04,6.6136,7.813
2017-12-07,,,,,,1090.68,30.03,6.6173,7.8107
2017-12-08,,,,,,1092.03,30.02,6.6199,7.805
2017-12-11,,,,,,1092.03,30.02,6.6175,7.8063
2017-12-12,,,,,,1090.09,30.05,6.621,7.8069
2017-12-13,,,,,,1088.01,30.01,6.6171,7.805
2017-12-14,,,,,,1088.09,30.0,6.6091,7.8074
2017-12-15,,,,,,1086.39,29.95,6.6088,7.8138
2017-12-18,,,,,,1084.28,29.95,6.6088,7.8165
2017-12-19,,,,,,1084.29,29.95,6.6088,7.8176
2017-12-20,,,,,,1078.14,29.96,6.5771,7.8228
2017-12-21,,,,,,1078.08,29.93,6.5833,7.8187
2017-12-22,,,,,,1076.87,29.89,6.575,7.8137
2017-12-25,,,,,,,,,
2017-12-26,,,,,,1073.75,29.89,6.5429,7.8151
2017-12-27,,,,,,1073.13,29.95,6.556,7.8121
2017-12-28,,,,,,1068.64,29.78,6.5322,7.8153
2017-12-29,,,,,,1067.42,29.64,6.5063,7.8128
2018-01-01,100.1,88.3,87.5,91.6,88.1,,,,
2018-01-02,,,,,,1059.39,29.58,6.491,7.8161
2018-01-03,,,,,,1063.11,29.57,6.501,7.8165
2018-01-04,,,,,,1061.5,29.6,6.4915,7.8179
2018-01-05,,,,,,1060.07,29.47,6.4875,7.8186
2018-01-08,,,,,,1066.26,29.52,6.497,7.8212
2018-01-09,,,,,,1068.8,29.61,6.5263,7.8202
2018-01-10,,,,,,1067.55,29.58,6.5055,7.8219
2018-01-11,,,,,,1062.67,29.58,6.4956,7.8224
2018-01-12,,,,,,1062.09,29.6,6.4607,7.8228
2018-01-15,,,,,,,,,
2018-01-16,,,,,,1064.19,29.57,6.4395,7.823
2018-01-17,,,,,,1066.72,29.57,6.433,7.8187
2018-01-18,,,,,,1069.35,29.48,6.4175,7.8176
2018-01-19,,,,,,1065.81,29.31,6.399,7.8173
2018-01-22,,,,,,1068.06,29.25,6.4035,7.8177
2018-01-23,,,,,,1072.59,29.23,6.4,7.8175
2018-01-24,,,,,,1065.39,29.11,6.365,7.8176
2018-01-25,,,,,,1057.57,29.05,6.3189,7.8168
2018-01-26,,,,,,1064.12,29.12,6.3199,7.8179
2018-01-29,,,,,,1071.28,29.19,6.3328,7.8172
2018-01-30,,,,,,1073.61,29.26,6.3199,7.8196
2018-01-31,,,,,,1068.33,29.16,6.2841,7.821
2018-02-01,100.1,88.4,87.5,91.6,88.4,1069.33,29.21,6.2969,7.8218
2018-02-02,,,,,,1086.21,29.32,6.2984,7.821
2018-02-05,,,,,,1086.79,29.32,6.285,7.821
2018-02-06,,,,,,1081.2,29.27,6.283,7.82
2018-02-07,,,,,,1082.56,29.24,6.2649,7.8183
2018-02-08,,,,,,1093.04,29.42,6.3222,7.8199
2018-02-09,,,,,,1087.99,29.35,6.2966,7.8194
2018-02-12,,,,,,1082.27,29.34,6.325,7.8203
2018-02-13,,,,,,1083.07,29.29,6.338,7.8226
2018-02-14,,,,,,1076.71,29.13,6.3438,7.8212
2018-02-15,,,,,,1065.69,29.03,6.3438,7.8206
2018-02-16,,,,,,1065.27,29.08,6.3438,7.8217
2018-02-19,,,,,,,,,
2018-02-20,,,,,,1072.85,29.13,6.3351,7.8238
2018-02-21,,,,,,1076.11,29.19,6.3351,7.825
2018-02-22,,,,,,1077.61,29.25,6.3471,7.8246
2018-02-23,,,,,,1075.77,29.27,6.3329,7.8233
2018-02-26,,,,,,1069.0,29.22,6.3115,7.8236
2018-02-27,,,,,,1077.43,29.29,6.3169,7.8267
2018-02-28,,,,,,1082.12,29.32,6.328,7.8262
2018-03-01,100.9,88.6,87.5,91.8,88.8,1081.33,29.31,6.3565,7.8275
2018-03-02,,,,,,1080.25,29.29,6.3428,7.831
2018-03-05,,,,,,1076.75,29.27,6.3491,7.8315
2018-03-06,,,,,,1061.53,29.21,6.3093,7.8335
2018-03-07,,,,,,1067.93,29.29,6.3225,7.8356
2018-03-08,,,,,,1074.21,29.35,6.3389,7.8418
2018-03-09,,,,,,1066.59,29.24,6.3285,7.8375
2018-03-12,,,,,,1063.7,29.25,6.327,7.8404
2018-03-13,,,,,,1062.14,29.22,6.318,7.8401
2018-03-14,,,,,,1063.38,29.23,6.314,7.8405
2018-03-15,,,,,,1065.89,29.15,6.3202,7.8415
2018-03-16,,,,,,1068.4,29.13,6.33,7.8435
2018-03-19,,,,,,1072.29,29.17,6.3291,7.8428
2018-03-20,,,,,,1070.61,29.16,6.3328,7.8439
2018-03-21,,,,,,1070.51,29.16,6.32,7.8457
2018-03-22,,,,,,1079.51,29.19,6.331,7.8479
2018-03-23,,,,,,1081.29,29.18,6.311,7.846
2018-03-26,,,,,,1076.87,29.1,6.2685,7.8459
2018-03-27,,,,,,1071.21,29.13,6.2781,7.8465
2018-03-28,,,,,,1063.03,29.12,6.2946,7.8475
2018-03-29,,,,,,1060.31,29.13,6.2876,7.8486
2018-03-30,,,,,,1060.99,29.1,6.2726,7.8484
2018-04-01,101.7,88.4,87.1,91.5,89.2,,,,
2018-04-02,,,,,,1056.03,29.14,6.2785,7.8485
2018-04-03,,,,,,1054.63,29.16,6.2881,7.8487
2018-04-04,,,,,,1059.5,29.23,6.3045,7.849
2018-04-05,,,,,,1061.56,29.24,6.3045,7.8489
2018-04-06,,,,,,1068.73,29.29,6.3045,7.8482
2018-04-09,,,,,,1067.11,29.24,6.3035,7.8488
2018-04-10,,,,,,1064.53,29.2,6.2798,7.8494
2018-04-11,,,,,,1066.76,29.2,6.2655,7.8498
2018-04-12,,,,,,1069.84,29.31,6.2876,7.8499
2018-04-13,,,,,,1070.55,29.32,6.2725,7.8499
2018-04-16,,,,,,1071.59,29.35,6.2752,7.8496
2018-04-17,,,,,,1066.56,29.36,6.2804,7.8496
2018-04-18,,,,,,1064.51,29.31,6.2722,7.8499
2018-04-19,,,,,,1065.68,29.39,6.2765,7.8486
2018-04-20,,,,,,1071.0,29.48,6.2945,7.8448
2018-04-23,,,,,,1077.72,29.58,6.3158,7.8432
2018-04-24,,,,,,1074.8,29.57,6.3035,7.8468
2018-04-25,,,,,,1082.99,29.72,6.3236,7.8468
2018-04-26,,,,,,1078.2,29.68,6.334,7.8461
2018-04-27,,,,,,1067.59,29.54,6.3325,7.8483
2018-04-30,,,,,,1069.07,29.6,6.3325,7.8479
2018-05-01,101.8,88.3,86.5,91.2,89.7,1071.91,29.68,6.3325,7.8488
2018-05-02,,,,,,1076.52,29.76,6.361,7.8495
2018-05-03,,,,,,1078.33,29.71,6.352,7.8495
2018-05-04,,,,,,1074.09,29.7,6.3589,7.8493
2018-05-07,,,,,,1079.72,29.82,6.364,7.8496
2018-05-08,,,,,,1078.35,29.8,6.369,7.8494
2018-05-09,,,,,,1078.22,29.92,6.3585,7.8498
2018-05-10,,,,,,1065.41,29.75,6.344,7.8497
2018-05-11,,,,,,1067.14,29.77,6.3333,7.8498
2018-05-14,,,,,,1068.83,29.77,6.336,7.8494
2018-05-15,,,,,,1076.46,29.89,6.376,7.8497
2018-05-16,,,,,,1076.66,29.87,6.3706,7.8499
2018-05-17,,,,,,1082.37,29.93,6.3645,7.8496
2018-05-18,,,,,,1080.91,29.95,6.3768,7.8498
2018-05-21,,,,,,1079.33,29.98,6.3815,7.849
2018-05-22,,,,,,1073.3,29.84,6.366,7.8495
2018-05-23,,,,,,1078.88,29.98,6.3875,7.8496
2018-05-24,,,,,,1082.77,29.97,6.3757,7.8477
2018-05-25,,,,,,1076.35,29.94,6.3903,7.8456
2018-05-28,,,,,,,,,
2018-05-29,,,,,,1082.59,30.09,6.4162,7.8455
2018-05-30,,,,,,1077.62,29.97,6.4175,7.8476
2018-05-31,,,,,,1080.75,29.99,6.4096,7.8439
2018-06-01,100.6,87.7,86.4,91.0,89.5,1071.27,29.82,6.418,7.8454
2018-06-04,,,,,,1070.13,29.77,6.405,7.8454
2018-06-05,,,,,,1071.86,29.84,6.4042,7.8468
2018-06-06,,,,,,1065.9,29.7,6.385,7.8472
2018-06-07,,,,,,1071.11,29.75,6.389,7.8462
2018-06-08,,,,,,1075.0,29.87,6.4031,7.8456
2018-06-11,,,,,,1075.08,29.82,6.4,7.8462
2018-06-12,,,,,,1077.14,29.83,6.3992,7.8464
2018-06-13,,,,,,1082.59,29.82,6.3944,7.848
2018-06-14,,,,,,1084.06,29.91,6.398,7.8486
2018-06-15,,,,,,1101.89,30.13,6.4379,7.8492
2018-06-18,,,,,,1105.07,30.18,6.4379,7.8492
2018-06-19,,,,,,1110.64,30.16,6.4802,7.8491
2018-06-20,,,,,,1107.42,30.18,6.4713,7.8464
2018-06-21,,,,,,1110.01,30.33,6.49,7.8452
2018-06-22,,,,,,1114.49,30.35,6.5027,7.8459
2018-06-25,,,,,,1114.4,30.39,6.536,7.8471
2018-06-26,,,,,,1118.08,30.41,6.5759,7.849
2018-06-27,,,,,,1121.57,30.51,6.5992,7.8481
2018-06-28,,,,,,1121.96,30.58,6.6235,7.8481
2018-06-29,,,,,,1111.79,30.43,6.6171,7.8463
2018-07-01,100.6,87.3,86.1,91.2,89.3,,,,
2018-07-02,,,,,,1119.31,30.56,6.6632,7.8451
2018-07-03,,,,,,1114.41,30.52,6.6368,7.8439
2018-07-04,,,,,,,,,
2018-07-05,,,,,,1118.2,30.53,6.6341,7.8467
2018-07-06,,,,,,1114.98,30.46,6.6396,7.8479
2018-07-09,,,,,,1111.38,30.36,6.6123,7.8485
2018-07-10,,,,,,1113.81,30.38,6.6296,7.848
2018-07-11,,,,,,1122.1,30.56,6.6764,7.8487
2018-07-12,,,,,,1121.38,30.46,6.663,7.8484
2018-07-13,,,,,,1130.3,30.58,6.69,7.8486
2018-07-16,,,,,,1127.81,30.54,6.6866,7.8484
2018-07-17,,,,,,1125.63,30.53,6.7018,7.8486
2018-07-18,,,,,,1130.76,30.61,6.7161,7.8493
2018-07-19,,,,,,1136.38,30.69,6.7701,7.8493
2018-07-20,,,,,,1128.16,30.59,6.7659,7.8491
2018-07-23,,,,,,1134.45,30.64,6.7927,7.8477
2018-07-24,,,,,,1127.39,30.63,6.7912,7.8466
2018-07-25,,,,,,1122.59,30.51,6.7658,7.8457
2018-07-26,,,,,,1121.72,30.58,6.7865,7.848
2018-07-27,,,,,,1115.77,30.56,6.8097,7.8478
2018-07-30,,,,,,1116.98,30.57,6.8102,7.848
2018-07-31,,,,,,1112.75,30.54,6.8038,7.8484
2018-08-01,100.6,87.0,85.8,91.4,89.0,1118.15,30.63,6.8154,7.8486
2018-08-02,,,,,,1126.91,30.71,6.838,7.8492
2018-08-03,,,,,,1122.68,30.57,6.8309,7.8486
2018-08-06,,,,,,1125.9,30.63,6.85,7.8482
2018-08-07,,,,,,1118.0,30.56,6.828,7.8492
2018-08-08,,,,,,1119.01,30.6,6.8344,7.8489
2018-08-09,,,,,,1119.0,30.64,6.8199,7.8495
2018-08-10,,,,,,1130.19,30.77,6.8458,7.8495
2018-08-13,,,,,,1133.19,30.83,6.888,7.8495
2018-08-14,,,,,,1128.9,30.83,6.8809,7.8499
2018-08-15,,,,,,1135.3,30.85,6.933,7.8496
2018-08-16,,,,,,1125.35,30.76,6.8792,7.8494
2018-08-17,,,,,,1123.2,30.76,6.874,7.849
2018-08-20,,,,,,1121.3,30.76,6.8546,7.8494
2018-08-21,,,,,,1117.41,30.7,6.8444,7.8492
2018-08-22,,,,,,1117.0,30.66,6.84,7.8496
2018-08-23,,,,,,1123.37,30.81,6.8748,7.8498
2018-08-24,,,,,,1113.3,30.66,6.803,7.8496
2018-08-27,,,,,,1107.69,30.68,6.8145,7.8499
2018-08-28,,,,,,1105.14,30.64,6.8018,7.8494
2018-08-29,,,,,,1109.2,30.71,6.819,7.8486
2018-08-30,,,,,,1113.13,30.73,6.8415,7.8487
2018-08-31,,,,,,1116.5,30.7,6.83,7.8486
2018-09-01,100.6,86.2,85.8,91.2,88.8,,,,
2018-09-03,,,,,,,,,
2018-09-04,,,,,,1117.5,30.79,6.8427,7.8491
2018-09-05,,,,,,1121.0,30.79,6.827,7.8492
2018-09-06,,,,,,1122.4,30.78,6.8322,7.8495
2018-09-07,,,,,,1123.5,30.77,6.8419,7.8494
2018-09-10,,,,,,1127.9,30.84,6.8545,7.8496
2018-09-11,,,,,,1126.17,30.81,6.8704,7.8494
2018-09-12,,,,,,1121.62,30.74,6.8574,7.8485
2018-09-13,,,,,,1120.9,30.79,6.8407,7.8485
2018-09-14,,,,,,1119.0,30.77,6.8673,7.8465
2018-09-17,,,,,,1124.71,30.77,6.854,7.8432
2018-09-18,,,,,,1122.18,30.79,6.8591,7.8432
2018-09-19,,,,,,1120.61,30.75,6.8466,7.8451
2018-09-20,,,,,,1119.58,30.76,6.8455,7.8426
2018-09-21,,,,,,1114.3,30.65,6.8559,7.808
2018-09-24,,,,,,1119.28,30.69,6.8559,7.8114
2018-09-25,,,,,,1118.12,30.66,6.8632,7.8095
2018-09-26,,,,,,1114.64,30.65,6.8763,7.8092
2018-09-27,,,,,,1113.41,30.52,6.888,7.8134
2018-09-28,,,,,,1109.76,30.46,6.868,7.8259
2018-10-01,100.6,85.9,85.5,91.1,89.0,1112.53,30.54,6.868,7.826
2018-10-02,,,,,,1112.43,30.55,6.868,7.8336
2018-10-03,,,,,,1121.42,30.72,6.868,7.8361
2018-10-04,,,,,,1130.78,30.84,6.868,7.835
2018-10-05,,,,,,1131.25,30.91,6.868,7.8349
2018-10-08,,,,,,,,,
2018-10-09,,,,,,1132.87,30.97,6.9217,7.8336
2018-10-10,,,,,,1138.9,30.99,6.9224,7.8373
2018-10-11,,,,,,1134.16,31.0,6.888,7.8365
2018-10-12,,,,,,1130.82,30.89,6.9182,7.8357
2018-10-15,,,,,,1129.3,30.85,6.9131,7.836
2018-10-16,,,,,,1123.88,30.82,6.9102,7.8362
2018-10-17,,,,,,1126.2,30.83,6.9263,7.8388
2018-10-18,,,,,,1138.06,30.98,6.9367,7.8383
2018-10-19,,,,,,1131.13,30.88,6.9291,7.8405
2018-10-22,,,,,,1132.7,30.92,6.9446,7.8393
2018-10-23,,,,,,1137.53,30.97,6.9373,7.8396
2018-10-24,,,,,,1136.66,30.99,6.942,7.8413
2018-10-25,,,,,,1134.9,30.93,6.9477,7.8406
2018-10-26,,,,,,1141.74,31.0,6.9425,7.8393
2018-10-29,,,,,,1139.81,30.96,6.9605,7.8433
2018-10-30,,,,,,1137.68,30.93,6.9663,7.8429
2018-10-31,,,,,,1140.78,30.94,6.9737,7.8393
2018-11-01,100.5,85.6,85.4,91.1,88.8,1126.19,30.75,6.9205,7.8365
2018-11-02,,,,,,1117.72,30.57,6.8894,7.8205
2018-11-05,,,,,,1122.13,30.7,6.9249,7.8288
2018-11-06,,,,,,1121.31,30.79,6.9172,7.8292
2018-11-07,,,,,,1117.52,30.64,6.9174,7.8292
2018-11-08,,,,,,1118.99,30.68,6.9318,7.8276
2018-11-09,,,,,,1131.4,30.79,6.9553,7.8315
2018-11-12,,,,,,,,,
2018-11-13,,,,,,1132.29,30.88,6.9546,7.8287
2018-11-14,,,,,,1132.1,30.88,6.95,7.8323
2018-11-15,,,,,,1127.2,30.81,6.938,7.8325
2018-11-16,,,,,,1124.81,30.8,6.9367,7.8306
2018-11-19,,,,,,1126.08,30.89,6.9398,7.8319
2018-11-20,,,,,,1128.53,30.94,6.9448,7.8305
2018-11-21,,,,,,1127.3,30.84,6.9248,7.8325
2018-11-22,,,,,,,,,
2018-11-23,,,,,,1130.9,30.93,6.9477,7.8238
2018-11-26,,,,,,1126.69,30.85,6.9397,7.8239
2018-11-27,,,,,,1129.41,30.9,6.9498,7.8289
2018-11-28,,,,,,1127.81,30.86,6.9534,7.8256
2018-11-29,,,,,,1119.91,30.79,6.9419,7.8227
2018-11-30,,,,,,1118.61,30.83,6.9558,7.8244
2018-12-01,100.0,85.3,85.4,91.0,88.4,,,,
2018-12-03,,,,,,1110.2,30.67,6.8798,7.8151
2018-12-04,,,,,,1108.82,30.71,6.8343,7.8043
2018-12-05,,,,,,,,,
2018-12-06,,,,,,1122.07,30.91,6.8816,7.8111
2018-12-07,,,,,,1121.8,30.92,6.8733,7.8141
2018-12-10,,,,,,1128.3,30.9,6.9077,7.8136
2018-12-11,,,,,,1128.6,30.86,6.8968,7.8156
2018-12-12,,,,,,1124.51,30.79,6.8778,7.8139
2018-12-13,,,,,,1124.73,30.84,6.8798,7.8125
2018-12-14,,,,,,1133.2,30.86,6.905,7.8103
2018-12-17,,,,,,1130.17,30.8,6.8962,7.8121
2018-12-18,,,,,,1127.76,30.81,6.8939,7.819
2018-12-19,,,,,,1120.96,30.72,6.8918,7.8254
2018-12-20,,,,,,1123.87,30.78,6.8834,7.8294
2018-12-21,,,,,,1125.3,30.74,6.9048,7.8321
2018-12-24,,,,,,,,,
2018-12-25,,,,,,,,,
2018-12-26,,,,,,1124.23,30.81,6.8847,7.8291
2018-12-27,,,,,,1121.37,30.8,6.8649,7.8287
2018-12-28,,,,,,1114.9,30.55,6.8755,7.8316
2018-12-31,,,,,,1112.85,30.61,6.8755,7.8305
2019-01-01,100.0,84.9,84.8,91.2,88.1,,,,
2019-01-02,,,,,,1119.11,30.78,6.8597,7.835
2019-01-03,,,,,,1124.64,30.86,6.8708,7.8308
2019-01-04,,,,,,1116.73,30.8,6.8663,7.8339
2019-01-07,,,,,,1117.5,30.8,6.8501,7.8348
2019-01-08,,,,,,1122.93,30.84,6.8519,7.838
2019-01-09,,,,,,1117.7,30.77,6.8117,7.8369
2019-01-10,,,,,,1116.1,30.79,6.7875,7.8378
2019-01-11,,,,,,1117.18,30.79,6.7596,7.8393
2019-01-14,,,,,,,,,
2019-01-15,,,,,,1122.59,30.82,6.7595,7.8425
2019-01-16,,,,,,1119.1,30.82,6.7532,7.8431
2019-01-17,,,,,,1123.34,30.86,6.7735,7.8432
2019-01-18,,,,,,1122.8,30.86,6.7765,7.8432
2019-01-21,,,,,,,,,
2019-01-22,,,,,,1129.52,30.89,6.8072,7.8454
2019-01-23,,,,,,1127.89,30.86,6.7897,7.8454
2019-01-24,,,,,,1126.33,30.87,6.7835,7.8454
2019-01-25,,,,,,1117.58,30.71,6.7448,7.8452
2019-01-28,,,,,,1118.7,30.78,6.7437,7.8459
2019-01-29,,,,,,1117.75,30.8,6.7304,7.8461
2019-01-30,,,,,,1117.29,30.77,6.7115,7.8445
2019-01-31,,,,,,1111.82,30.69,6.6958,7.8463
2019-02-01,99.8,84.8,84.6,91.6,88.3,1118.31,30.78,6.7426,7.8468
2019-02-04,,,,,,1119.15,30.77,6.7426,7.8465
2019-02-05,,,,,,1117.2,30.77,6.7426,7.846
2019-02-06,,,,,,1119.35,30.78,6.7426,7.8465
2019-02-07,,,,,,1124.11,30.81,6.7426,7.8469
2019-02-08,,,,,,1123.14,30.82,6.7426,7.8469
2019-02-11,,,,,,1126.05,30.88,6.7907,7.848
2019-02-12,,,,,,1122.27,30.82,6.7726,7.8484
2019-02-13,,,,,,1123.32,30.84,6.7598,7.8485
2019-02-14,,,,,,1128.0,30.86,6.7711,7.8472
2019-02-15,,,,,,1125.59,30.82,6.768,7.8477
2019-02-18,,,,,,,,,
2019-02-19,,,,,,1124.54,30.81,6.756,7.8486
2019-02-20,,,,,,,,,
2019-02-21,,,,,,1125.53,30.8,6.7195,7.8467
2019-02-22,,,,,,1121.07,30.71,6.7112,7.8481
2019-02-25,,,,,,1116.1,30.74,6.6844,7.8486
2019-02-26,,,,,,1116.88,30.76,6.698,7.8486
2019-02-27,,,,,,1117.74,30.78,6.6822,7.8493
2019-02-28,,,,,,1124.65,30.83,6.6912,7.8496
2019-03-01,99.2,84.7,84.4,91.6,88.4,1126.76,30.84,6.7048,7.8481
2019-03-04,,,,,,1126.73,30.83,6.7045,7.849
2019-03-05,,,,,,1126.46,30.84,6.706,7.8497
2019-03-06,,,,,,1127.18,30.84,6.7099,7.8497
2019-03-07,,,,,,1133.18,30.91,6.7132,7.8498
2019-03-08,,,,,,1131.74,30.88,6.7201,7.8497
2019-03-11,,,,,,1133.05,30.91,6.7215,7.8498
2019-03-12,,,,,,1127.89,30.91,6.707,7.8499
2019-03-13,,,,,,1130.47,30.9,6.7064,7.8499
2019-03-14,,,,,,1135.05,30.92,6.7209,7.8499
2019-03-15,,,,,,1134.44,30.85,6.7129,7.8492
2019-03-18,,,,,,1131.74,30.78,6.7121,7.8497
2019-03-19,,,,,,1129.0,30.8,6.7106,7.8498
2019-03-20,,,,,,1128.25,30.8,6.6916,7.8499
2019-03-21,,,,,,1128.4,30.82,6.6952,7.8473
2019-03-22,,,,,,1136.8,30.87,6.7162,7.8466
2019-03-25,,,,,,1131.88,30.82,6.7079,7.8466
2019-03-26,,,,,,1133.55,30.84,6.7145,7.849
2019-03-27,,,,,,1138.09,30.89,6.7262,7.8491
2019-03-28,,,,,,1136.65,30.88,6.7381,7.8499
2019-03-29,,,,,,1136.3,30.86,6.7112,7.8498
2019-04-01,98.9,84.3,83.8,91.3,88.6,1133.0,30.8,6.7102,7.8495
2019-04-02,,,,,,1137.16,30.84,6.7223,7.8495
2019-04-03,,,,,,1134.29,30.8,6.7098,7.8496
2019-04-04,,,,,,1136.05,30.81,6.7167,7.849
2019-04-05,,,,,,1136.87,30.82,6.7182,7.8497
2019-04-08,,,,,,1143.25,30.82,6.7158,7.8451
2019-04-09,,,,,,1140.25,30.83,6.7111,7.8423
2019-04-10,,,,,,1137.26,30.83,6.7153,7.8368
2019-04-11,,,,,,1140.73,30.85,6.7188,7.8436
2019-04-12,,,,,,1133.0,30.84,6.7039,7.8427
2019-04-15,,,,,,1133.6,30.85,6.7072,7.8388
2019-04-16,,,,,,1136.13,30.85,6.7112,7.8434
2019-04-17,,,,,,1131.7,30.79,6.687,7.8442
2019-04-18,,,,,,1136.2,30.83,6.7081,7.8452
2019-04-19,,,,,,1135.4,30.82,6.7032,7.8445
2019-04-22,,,,,,1140.52,30.84,6.7112,7.8445
2019-04-23,,,,,,1143.22,30.86,6.7249,7.8433
2019-04-24,,,,,,1155.65,30.89,6.7207,7.8417
2019-04-25,,,,,,1160.15,30.94,6.7418,7.8437
2019-04-26,,,,,,1158.1,30.9,6.7282,7.8433
2019-04-29,,,,,,1160.0,30.91,6.7332,7.8432
2019-04-30,,,,,,1165.1,30.91,6.7347,7.8451
2019-05-01,98.7,84.2,83.7,91.5,88.5,1161.61,30.89,6.7319,7.8448
2019-05-02,,,,,,1166.62,30.92,6.7337,7.8438
2019-05-03,,,,,,1165.95,30.87,6.7337,7.845
2019-05-06,,,,,,1169.2,30.92,6.7602,7.8449
2019-05-07,,,,,,1172.5,30.95,6.7755,7.8483
2019-05-08,,,,,,1170.2,30.93,6.7818,7.8489
2019-05-09,,,,,,1183.1,31.01,6.8256,7.8485
2019-05-10,,,,,,1176.62,30.95,6.8217,7.8487
2019-05-13,,,,,,1186.94,31.16,6.8765,7.8491
2019-05-14,,,,,,1186.94,31.07,6.8737,7.8494
2019-05-15,,,,,,1188.74,31.11,6.8742,7.8495
2019-05-16,,,,,,1190.52,31.11,6.8832,7.8494
2019-05-17,,,,,,1195.07,31.31,6.9182,7.8496
2019-05-20,,,,,,1193.81,31.4,6.9111,7.8493
2019-05-21,,,,,,1194.31,31.48,6.9007,7.8495
2019-05-22,,,,,,1194.36,31.52,6.9054,7.8497
2019-05-23,,,,,,1189.31,31.52,6.9087,7.849
2019-05-24,,,,,,1186.2,31.52,6.8997,7.849
2019-05-27,,,,,,,,,
2019-05-28,,,,,,1186.66,31.47,6.9078,7.8495
2019-05-29,,,,,,1186.66,31.58,6.9138,7.8488
2019-05-30,,,,,,1189.14,31.6,6.9011,7.8477
2019-05-31,,,,,,1190.5,31.59,6.9027,7.8387
2019-06-01,98.8,84.2,83.5,91.6,87.8,,,,
2019-06-03,,,,,,1180.97,31.41,6.9028,7.8359
2019-06-04,,,,,,1180.58,31.46,6.9072,7.8419
2019-06-05,,,,,,1178.24,31.35,6.9084,7.8408
2019-06-06,,,,,,1179.51,31.32,6.9082,7.8393
2019-06-07,,,,,,1181.27,31.42,6.9057,7.8413
2019-06-10,,,,,,1185.01,31.43,6.9298,7.843
2019-06-11,,,,,,1178.88,31.39,6.9107,7.8369
2019-06-12,,,,,,1182.82,31.41,6.9161,7.825
2019-06-13,,,,,,1183.23,31.48,6.9212,7.8289
2019-06-14,,,,,,1184.7,31.51,6.9247,7.8259
2019-06-17,,,,,,1186.53,31.51,6.9251,7.8322
2019-06-18,,,,,,1185.37,31.35,6.9002,7.8319
2019-06-19,,,,,,1185.37,31.51,6.8996,7.8235
2019-06-20,,,,,,1159.05,30.99,6.851,7.8137
2019-06-21,,,,,,1163.25,31.02,6.8686,7.8091
2019-06-24,,,,,,1156.14,31.03,6.8758,7.8085
2019-06-25,,,,,,1155.97,31.09,6.8791,7.8104
2019-06-26,,,,,,1156.36,31.05,6.8781,7.808
2019-06-27,,,,,,1157.86,31.05,6.8762,7.8144
2019-06-28,,,,,,1154.58,31.01,6.865,7.8103
2019-07-01,98.7,84.2,83.4,91.8,88.2,1158.5,30.97,6.8487,7.8127
2019-07-02,,,,,,1166.31,31.04,6.8717,7.8001
2019-07-03,,,,,,1171.14,31.08,6.8806,7.7975
2019-07-04,,,,,,,,,
2019-07-05,,,,,,1170.26,31.18,6.8925,7.7956
2019-07-08,,,,,,1181.31,31.17,6.8808,7.7989
2019-07-09,,,,,,1180.2,31.17,6.8866,7.8101
2019-07-10,,,,,,1181.58,31.13,6.8705,7.8159
2019-07-11,,,,,,1173.35,31.02,6.8682,7.8211
2019-07-12,,,,,,1178.71,31.07,6.8796,7.824
2019-07-15,,,,,,1179.04,31.04,6.8769,7.8265
2019-07-16,,,,,,1177.31,31.04,6.8753,7.817
2019-07-17,,,,,,1181.09,31.07,6.8731,7.8133
2019-07-18,,,,,,1178.29,31.04,6.8788,7.8166
2019-07-19,,,,,,1173.92,31.04,6.8812,7.806
2019-07-22,,,,,,1178.17,31.07,6.8803,7.8099
2019-07-23,,,,,,1178.72,31.07,6.8787,7.8109
2019-07-24,,,,,,1177.54,31.08,6.8717,7.8126
2019-07-25,,,,,,1181.17,31.08,6.8714,7.8143
2019-07-26,,,,,,1184.51,31.08,6.8785,7.8191
2019-07-29,,,,,,1183.36,31.1,6.8927,7.8192
2019-07-30,,,,,,1181.94,31.06,6.8833,7.8241
2019-07-31,,,,,,1182.74,31.09,6.8833,7.8275
2019-08-01,98.5,84.1,83.2,91.9,87.7,1187.0,31.15,6.8972,7.8266
2019-08-02,,,,,,1196.59,31.38,6.9387,7.8288
2019-08-05,,,,,,1215.5,31.63,7.0481,7.8413
2019-08-06,,,,,,1214.83,31.48,7.0192,7.8384
2019-08-07,,,,,,1214.46,31.51,7.0592,7.8429
2019-08-08,,,,,,1208.77,31.34,7.044,7.8403
2019-08-09,,,,,,1214.15,31.41,7.0613,7.8426
2019-08-12,,,,,,1215.7,31.4,7.0578,7.8464
2019-08-13,,,,,,1220.7,31.5,7.0423,7.8462
2019-08-14,,,,,,1212.44,31.36,7.0224,7.8467
2019-08-15,,,,,,1214.34,31.33,7.0327,7.8411
2019-08-16,,,,,,1205.75,31.3,7.0413,7.8426
2019-08-19,,,,,,1210.6,31.36,7.0499,7.8457
2019-08-20,,,,,,1207.93,31.39,7.0597,7.8434
2019-08-21,,,,,,1202.0,31.33,7.0623,7.8435
2019-08-22,,,,,,1206.96,31.36,7.0829,7.8404
2019-08-23,,,,,,1210.5,31.43,7.0928,7.8438
2019-08-26,,,,,,1217.51,31.41,7.1503,7.8457
2019-08-27,,,,,,1211.38,31.39,7.1603,7.8469
2019-08-28,,,,,,1213.75,31.43,7.1628,7.8439
2019-08-29,,,,,,1216.14,31.34,7.1434,7.8462
2019-08-30,,,,,,1211.32,31.32,7.1543,7.8403
2019-09-01,98.1,83.9,83.0,92.0,87.2,,,,
2019-09-02,,,,,,,,,
2019-09-03,,,,,,1212.44,31.38,7.1786,7.8425
2019-09-04,,,,,,1207.84,31.3,7.144,7.8386
2019-09-05,,,,,,1200.18,31.26,7.1468,7.8378
2019-09-06,,,,,,1196.81,31.22,7.1131,7.8389
2019-09-09,,,,,,1192.33,31.21,7.121,7.8378
2019-09-10,,,,,,1191.22,31.22,7.1121,7.84
2019-09-11,,,,,,1191.51,31.13,7.1153,7.8396
2019-09-12,,,,,,1180.7,31.03,7.0787,7.8262
2019-09-13,,,,,,1176.62,30.88,7.0754,7.8237
2019-09-16,,,,,,1182.96,30.9,7.0659,7.8177
2019-09-17,,,,,,1186.1,30.95,7.0905,7.822
2019-09-18,,,,,,1191.51,30.95,7.0849,7.8305
2019-09-19,,,,,,1193.87,30.98,7.0959,7.8318
2019-09-20,,,,,,1188.16,30.93,7.0909,7.8382
2019-09-23,,,,,,1195.48,30.98,7.1168,7.8401
2019-09-24,,,,,,1196.52,31.01,7.1138,7.8406
2019-09-25,,,,,,1200.17,31.04,7.1313,7.8379
2019-09-26,,,,,,1201.99,31.02,7.13,7.837
2019-09-27,,,,,,1200.03,31.05,7.1218,7.8395
2019-09-30,,,,,,1195.85,31.05,7.1477,7.8401
2019-10-01,97.5,83.6,82.7,92.1,86.8,1198.96,31.07,7.1473,7.8425
2019-10-02,,,,,,1205.47,31.06,7.1473,7.8431
2019-10-03,,,,,,1204.67,30.97,7.1473,7.8433
2019-10-04,,,,,,1192.93,30.92,7.1473,7.8433
2019-10-07,,,,,,1196.49,30.89,7.1473,7.8436
2019-10-08,,,,,,1193.24,30.81,7.1422,7.8447
2019-10-09,,,,,,1197.29,30.83,7.1316,7.8454
2019-10-10,,,,,,1190.06,30.75,7.1153,7.8411
2019-10-11,,,,,,1195.61,30.75,7.0868,7.8441
2019-10-14,,,,,,,,,
2019-10-15,,,,,,1184.67,30.62,7.0814,7.8438
2019-10-16,,,,,,1186.38,30.69,7.092,7.8446
2019-10-17,,,,,,1179.05,30.63,7.0766,7.8442
2019-10-18,,,,,,1181.06,30.59,7.0805,7.8427
2019-10-21,,,,,,1172.57,30.56,7.0748,7.8437
2019-10-22,,,,,,1170.49,30.58,7.0761,7.8426
2019-10-23,,,,,,1172.07,30.6,7.0624,7.8414
2019-10-24,,,,,,1173.19,30.57,7.0684,7.8371
2019-10-25,,,,,,1171.58,30.59,7.0647,7.8375
2019-10-28,,,,,,1170.17,30.56,7.067,7.8394
2019-10-29,,,,,,1163.03,30.52,7.0655,7.8398
2019-10-30,,,,,,1167.76,30.43,7.0541,7.8404
2019-10-31,,,,,,1169.1,30.44,7.0379,7.8376
2019-11-01,97.5,83.6,82.6,92.6,86.7,1165.45,30.45,7.0368,7.8365
2019-11-04,,,,,,1159.29,30.42,7.03,7.836
2019-11-05,,,,,,1157.64,30.39,7.0082,7.8325
2019-11-06,,,,,,1156.73,30.39,6.9968,7.826
2019-11-07,,,,,,1154.44,30.35,6.9766,7.8265
2019-11-08,,,,,,1157.14,30.37,6.9954,7.8256
2019-11-11,,,,,,,,,
2019-11-12,,,,,,1160.8,30.41,7.0066,7.8273
2019-11-13,,,,,,1167.76,30.5,7.0223,7.8302
2019-11-14,,,,,,1169.82,30.55,7.0195,7.8289
2019-11-15,,,,,,1166.98,30.5,7.0075,7.8261
2019-11-18,,,,,,1163.76,30.5,7.0246,7.8274
2019-11-19,,,,,,1167.13,30.5,7.0263,7.8279
2019-11-20,,,,,,1169.8,30.5,7.0344,7.8252
2019-11-21,,,,,,1175.71,30.52,7.0285,7.8208
2019-11-22,,,,,,1179.33,30.51,7.0389,7.8242
2019-11-25,,,,,,1173.09,30.51,7.0349,7.8263
2019-11-26,,,,,,1175.59,30.51,7.0319,7.8286
2019-11-27,,,,,,1176.89,30.5,7.028,7.8281
2019-11-28,,,,,,,,,
2019-11-29,,,,,,1181.33,30.5,7.0308,7.8267
2019-12-01,97.9,83.9,82.8,92.5,86.5,,,,
2019-12-02,,,,,,1182.84,30.51,7.038,7.8284
2019-12-03,,,,,,1190.31,30.5,7.0609,7.8286
2019-12-04,,,,,,1194.45,30.5,7.0489,7.8288
2019-12-05,,,,,,1189.23,30.48,7.0445,7.8289
2019-12-06,,,,,,1189.86,30.48,7.0348,7.8288
2019-12-09,,,,,,1189.45,30.47,7.0389,7.8284
2019-12-10,,,,,,1191.01,30.47,7.0328,7.8266
2019-12-11,,,,,,1192.2,30.45,7.0384,7.8117
2019-12-12,,,,,,1186.41,30.22,6.9925,7.8056
2019-12-13,,,,,,1171.97,30.24,6.9925,7.7951
2019-12-16,,,,,,1171.8,30.11,6.9921,7.7933
2019-12-17,,,,,,1165.81,30.13,6.9967,7.789
2019-12-18,,,,,,1168.02,30.15,7.0029,7.7867
2019-12-19,,,,,,1165.04,30.16,7.0097,7.7955
2019-12-20,,,,,,1160.3,30.14,7.0063,7.7969
2019-12-23,,,,,,1163.64,30.14,7.0124,7.785
2019-12-24,,,,,,1163.21,30.14,7.0064,7.7872
2019-12-25,,,,,,,,,
2019-12-26,,,,,,1161.18,30.11,6.9949,7.788
2019-12-27,,,,,,1160.87,30.09,6.9954,7.7874
2019-12-30,,,,,,1155.75,30.04,6.9864,7.7857
2019-12-31,,,,,,1155.46,29.91,6.9618,7.7894
2020-01-01,95.2,82.5,82.4,92.5,86.3,,,,
2020-01-02,,,,,,1157.95,29.99,6.9642,7.7889
2020-01-03,,,,,,1165.15,30.03,6.9649,7.7779
2020-01-06,,,,,,1167.49,30.06,6.9749,7.769
2020-01-07,,,,,,1166.21,30.05,6.9443,7.7764
2020-01-08,,,,,,1170.61,30.02,6.9447,7.7753
2020-01-09,,,,,,1158.63,29.95,6.9309,7.7664
2020-01-10,,,,,,1161.18,29.97,6.9178,7.7661
2020-01-13,,,,,,1156.25,29.88,6.8924,7.7719
2020-01-14,,,,,,1156.28,29.89,6.8837,7.7755
2020-01-15,,,,,,1156.84,29.91,6.8899,7.7707
2020-01-16,,,,,,1160.86,29.93,6.8769,7.7714
2020-01-17,,,,,,1159.08,29.93,6.8589,7.7678
2020-01-20,,,,,,,,,
2020-01-21,,,,,,1166.56,29.98,6.9049,7.7693
2020-01-22,,,,,,1165.68,29.97,6.904,7.7718
2020-01-23,,,,,,1168.38,30.04,6.9364,7.7725
2020-01-24,,,,,,1166.91,30.03,6.9161,7.7721
2020-01-27,,,,,,1176.2,30.1,6.9161,7.777
2020-01-28,,,,,,1176.23,30.1,6.9161,7.7759
2020-01-29,,,,,,1176.98,30.1,6.9161,7.7721
2020-01-30,,,,,,1191.94,30.26,6.9161,7.7672
2020-01-31,,,,,,1191.3,30.23,6.9161,7.7665
2020-02-01,96.2,83.0,82.1,92.6,85.9,,,,
2020-02-03,,,,,,1194.8,30.29,7.0208,7.7678
2020-02-04,,,,,,1184.51,30.12,6.9979,7.7652
2020-02-05,,,,,,1187.25,30.0,6.972,7.764
2020-02-06,,,,,,1179.64,30.04,6.9694,7.763
2020-02-07,,,,,,1186.24,30.1,7.0003,7.7651
2020-02-10,,,,,,1186.96,30.08,6.982,7.7657
2020-02-11,,,,,,1181.32,30.02,6.965,7.7657
2020-02-12,,,,,,1178.98,29.98,6.9708,7.7702
2020-02-13,,,,,,1182.02,29.98,6.9759,7.7668
2020-02-14,,,,,,1183.2,30.02,6.9859,7.7672
2020-02-17,,,,,,,,,
2020-02-18,,,,,,1190.6,30.11,6.9949,7.7674
2020-02-19,,,,,,1191.1,30.11,6.9975,7.7719
2020-02-20,,,,,,1198.34,30.26,7.0225,7.7831
2020-02-21,,,,,,1207.91,30.4,7.0255,7.7873
2020-02-24,,,,,,1218.5,30.45,7.0286,7.7951
2020-02-25,,,,,,1214.45,30.34,7.0128,7.7917
2020-02-26,,,,,,1213.61,30.28,7.0214,7.7937
2020-02-27,,,,,,1217.03,30.23,7.0036,7.7943
2020-02-28,,,,,,1214.92,30.18,6.9906,7.7927
2020-03-01,97.2,83.4,82.0,92.4,85.7,,,,
2020-03-02,,,,,,1190.89,29.88,6.9595,7.782
2020-03-03,,,,,,1194.66,29.82,6.9579,7.7724
2020-03-04,,,,,,1187.54,29.92,6.9244,7.7712
2020-03-05,,,,,,1181.11,29.91,6.9366,7.7734
2020-03-06,,,,,,1192.0,29.94,6.9298,7.771
2020-03-09,,,,,,1203.75,29.97,6.9448,7.7733
2020-03-10,,,,,,1193.1,29.91,6.9549,7.7707
2020-03-11,,,,,,1194.16,30.07,6.9595,7.7698
2020-03-12,,,,,,1206.19,30.18,7.0282,7.7863
2020-03-13,,,,,,1211.7,30.13,7.0079,7.7731
2020-03-16,,,,,,1225.33,30.19,6.9913,7.7696
2020-03-17,,,,,,1240.98,30.21,7.003,7.7632
2020-03-18,,,,,,1245.19,30.37,7.0459,7.7686
2020-03-19,,,,,,1250.86,30.4,7.1058,7.7603
2020-03-20,,,,,,1250.55,30.3,7.095,7.7554
2020-03-23,,,,,,1267.25,30.33,7.09,7.7557
2020-03-24,,,,,,1249.88,30.16,7.061,7.7561
2020-03-25,,,,,,1228.15,30.29,7.1099,7.7528
2020-03-26,,,,,,1233.47,30.19,7.0709,7.752
2020-03-27,,,,,,1210.49,30.21,7.0942,7.7511
2020-03-30,,,,,,1224.11,30.24,7.0986,7.7533
2020-03-31,,,,,,1218.92,30.25,7.0808,7.7513
2020-04-01,101.9,85.3,82.5,92.8,85.1,1229.65,30.29,7.0989,7.7528
2020-04-02,,,,,,1229.89,30.2,7.0857,7.7521
2020-04-03,,,,,,1230.56,30.26,7.0908,7.753
2020-04-06,,,,,,1224.6,30.21,7.0895,7.7524
2020-04-07,,,,,,1220.43,30.08,7.0448,7.7517
2020-04-08,,,,,,1220.77,30.11,7.0649,7.7517
2020-04-09,,,,,,1219.71,30.01,7.0428,7.7527
2020-04-10,,,,,,1211.71,30.06,7.0341,7.7524
2020-04-13,,,,,,1217.72,30.06,7.0501,7.7523
2020-04-14,,,,,,1216.85,30.07,7.0479,7.7511
2020-04-15,,,,,,1224.55,30.04,7.0664,7.7502
2020-04-16,,,,,,1228.21,30.11,7.0778,7.7508
2020-04-17,,,,,,1217.81,30.07,7.0711,7.7506
2020-04-20,,,,,,1217.29,30.04,7.0721,7.7501
2020-04-21,,,,,,1229.28,30.1,7.0914,7.75
2020-04-22,,,,,,1234.79,30.1,7.0831,7.75
2020-04-23,,,,,,1229.04,30.08,7.0654,7.75
2020-04-24,,,,,,1233.88,30.1,7.0813,7.7506
2020-04-27,,,,,,1224.16,30.02,7.0848,7.7499
2020-04-28,,,,,,1224.83,29.99,7.0776,7.7498
2020-04-29,,,,,,1219.2,29.89,7.0755,7.7503
2020-04-30,,,,,,1203.95,29.72,7.0622,7.7514
2020-05-01,103.0,85.7,82.5,91.7,85.2,1223.2,29.72,7.0622,7.7517
2020-05-04,,,,,,1228.81,29.82,7.0622,7.7532
2020-05-05,,,,,,1220.13,29.84,7.0622,7.7534
2020-05-06,,,,,,1222.03,29.9,7.1031,7.752
2020-05-07,,,,,,1224.76,29.9,7.0825,7.7505
2020-05-08,,,,,,1216.47,29.87,7.0732,7.7512
2020-05-11,,,,,,1220.2,29.87,7.0972,7.7504
2020-05-12,,,,,,1222.0,29.88,7.0816,7.7506
2020-05-13,,,,,,1223.86,29.91,7.0911,7.7506
2020-05-14,,,,,,1227.76,29.91,7.0935,7.7508
2020-05-15,,,,,,1230.71,29.94,7.1013,7.7511
2020-05-18,,,,,,1232.32,29.96,7.1086,7.7513
2020-05-19,,,,,,1225.19,29.94,7.098,7.7508
2020-05-20,,,,,,1230.02,29.97,7.0928,7.75
2020-05-21,,,,,,1230.53,29.91,7.1138,7.755
2020-05-22,,,,,,1236.53,30.08,7.1269,7.7561
2020-05-25,,,,,,,,,
2020-05-26,,,,,,1234.24,29.97,7.134,7.7526
2020-05-27,,,,,,1238.03,30.04,7.1681,7.7526
2020-05-28,,,,,,1239.28,29.97,7.1447,7.7522
2020-05-29,,,,,,1236.61,30.01,7.1348,7.7513
2020-06-01,104.2,86.2,82.5,92.9,85.8,1224.79,29.91,7.1263,7.7514
2020-06-02,,,,,,1225.07,29.91,7.0992,7.7509
2020-06-03,,,,,,1216.08,29.88,7.1115,7.7501
2020-06-04,,,,,,1218.77,29.9,7.1075,7.7499
2020-06-05,,,,,,1202.79,29.78,7.0808,7.7499
2020-06-08,,,,,,1197.84,29.75,7.07,7.7498
2020-06-09,,,,,,1197.04,29.68,7.0765,7.7499
2020-06-10,,,,,,1189.9,29.54,7.0599,7.7499
2020-06-11,,,,,,1196.34,29.65,7.064,7.7502
2020-06-12,,,,,,1204.52,29.63,7.0825,7.7499
2020-06-15,,,,,,1212.21,29.67,7.0887,7.75
2020-06-16,,,,,,1207.26,29.65,7.0854,7.7499
2020-06-17,,,,,,1215.02,29.64,7.084,7.7499
2020-06-18,,,,,,1211.65,29.59,7.0869,7.7501
2020-06-19,,,,,,1208.38,29.59,7.0707,7.75
2020-06-22,,,,,,1210.73,29.6,7.0678,7.75
2020-06-23,,,,,,1206.43,29.54,7.0575,7.75
2020-06-24,,,,,,1199.55,29.52,7.077,7.7502
2020-06-25,,,,,,1203.59,29.52,7.0768,7.7504
2020-06-26,,,,,,1203.44,29.51,7.0768,7.7501
2020-06-29,,,,,,1200.91,29.45,7.0794,7.7504
2020-06-30,,,,,,1200.5,29.44,7.0651,7.7501
2020-07-01,104.6,86.3,82.5,92.8,86.2,1201.84,29.43,7.0703,7.7503
2020-07-02,,,,,,1199.84,29.45,7.066,7.7501
2020-07-03,,,,,,,,,
2020-07-06,,,,,,1192.66,29.4,7.0159,7.7499
2020-07-07,,,,,,1194.43,29.45,7.0127,7.7499
2020-07-08,,,,,,1194.63,29.43,7.0041,7.7499
2020-07-09,,,,,,1197.84,29.42,6.9923,7.7499
2020-07-10,,,,,,1204.34,29.45,6.999,7.7503
2020-07-13,,,,,,1200.13,29.42,6.9959,7.7506
2020-07-14,,,,,,1205.24,29.45,7.006,7.7508
2020-07-15,,,,,,1201.97,29.5,6.9885,7.7527
2020-07-16,,,,,,1202.97,29.44,6.9881,7.7533
2020-07-17,,,,,,1203.86,29.46,6.9912,7.7538
2020-07-20,,,,,,1202.26,29.45,6.9829,7.7517
2020-07-21,,,,,,1194.64,29.4,6.98,7.7507
2020-07-22,,,,,,1194.83,29.41,6.9988,7.752
2020-07-23,,,,,,1198.91,29.41,7.0034,7.7511
2020-07-24,,,,,,1203.17,29.45,7.0168,7.7516
2020-07-27,,,,,,1195.94,29.31,6.995,7.751
2020-07-28,,,,,,1198.15,29.3,6.9998,7.7501
2020-07-29,,,,,,1192.98,29.26,7.0014,7.75
2020-07-30,,,,,,1196.3,29.32,7.008,7.75
2020-07-31,,,,,,1192.68,29.34,6.9744,7.75
2020-08-01,103.9,86.1,82.4,92.8,86.4,,,,
2020-08-03,,,,,,1194.31,29.35,6.9799,7.7503
2020-08-04,,,,,,1194.53,29.38,6.972,7.75
2020-08-05,,,,,,1188.93,29.34,6.9353,7.7501
2020-08-06,,,,,,1185.29,29.37,6.952,7.75
2020-08-07,,,,,,1189.25,29.39,6.967,7.7504
2020-08-10,,,,,,1186.28,29.39,6.9611,7.7502
2020-08-11,,,,,,1184.84,29.39,6.9451,7.75
2020-08-12,,,,,,1184.09,29.37,6.9363,7.7505
2020-08-13,,,,,,1183.25,29.43,6.944,7.7503
2020-08-14,,,,,,1186.53,29.38,6.9501,7.7506
2020-08-17,,,,,,1184.17,29.38,6.9318,7.7503
2020-08-18,,,,,,1184.74,29.39,6.9215,7.7501
2020-08-19,,,,,,1181.06,29.37,6.9192,7.75
2020-08-20,,,,,,1187.66,29.42,6.9143,7.75
2020-08-21,,,,,,1191.84,29.4,6.9179,7.7502
2020-08-24,,,,,,1189.11,29.38,6.918,7.75
2020-08-25,,,,,,1188.18,29.38,6.9116,7.7501
2020-08-26,,,,,,1185.6,29.34,6.8855,7.7502
2020-08-27,,,,,,1185.22,29.36,6.8925,7.7498
2020-08-28,,,,,,1181.62,29.34,6.8647,7.7502
2020-08-31,,,,,,1187.48,29.37,6.8474,7.7501
2020-09-01,103.8,86.0,82.4,91.9,86.3,1182.94,29.36,6.8272,7.7499
2020-09-02,,,,,,1189.98,29.36,6.8375,7.7501
2020-09-03,,,,,,1188.04,29.35,6.8474,7.7501
2020-09-04,,,,,,1190.6,29.32,6.8409,7.7504
2020-09-07,,,,,,,,,
2020-09-08,,,,,,1188.69,29.25,6.8435,7.7503
2020-09-09,,,,,,1185.12,29.29,6.8308,7.7503
2020-09-10,,,,,,1184.41,29.27,6.8335,7.75
2020-09-11,,,,,,1186.55,29.3,6.833,7.7502
2020-09-14,,,,,,1181.27,29.23,6.808,7.7499
2020-09-15,,,,,,1179.99,29.23,6.7819,7.7499
2020-09-16,,,,,,1176.0,29.21,6.7529,7.75
2020-09-17,,,,,,1174.25,29.14,6.7628,7.75
2020-09-18,,,,,,1163.2,29.02,6.7675,7.7499
2020-09-21,,,,,,1166.75,28.99,6.8043,7.75
2020-09-22,,,,,,1164.83,29.05,6.7779,7.7501
2020-09-23,,,,,,1164.56,29.15,6.8089,7.7499
2020-09-24,,,,,,1170.49,29.31,6.8273,7.7499
2020-09-25,,,,,,1172.71,29.25,6.822,7.75
2020-09-28,,,,,,1168.08,29.08,6.8106,7.75
2020-09-29,,,,,,1169.67,29.03,6.815,7.75
2020-09-30,,,,,,1165.97,28.95,6.7896,7.75
2020-10-01,102.8,85.4,82.3,91.9,86.2,1163.05,28.86,6.7898,7.7501
2020-10-02,,,,,,1166.08,28.91,6.7898,7.7501
2020-10-05,,,,,,1157.77,28.75,6.7896,7.75
2020-10-06,,,,,,1162.0,28.79,6.7896,7.75
2020-10-07,,,,,,1158.41,28.66,6.7896,7.75
2020-10-08,,,,,,1152.44,28.65,6.7896,7.75
2020-10-09,,,,,,1143.46,28.62,6.6933,7.75
2020-10-12,,,,,,,,,
2020-10-13,,,,,,1147.4,28.74,6.7452,7.7498
2020-10-14,,,,,,1146.58,28.76,6.7136,7.7499
2020-10-15,,,,,,1143.03,28.77,6.7233,7.7499
2020-10-16,,,,,,1146.82,28.75,6.6962,7.75
2020-10-19,,,,,,1141.76,28.73,6.6803,7.7499
2020-10-20,,,,,,1138.65,28.7,6.6754,7.7499
2020-10-21,,,,,,1132.11,28.67,6.6503,7.7499
2020-10-22,,,,,,1135.26,28.68,6.6821,7.75
2020-10-23,,,,,,1129.77,28.65,6.6861,7.7498
2020-10-26,,,,,,1127.77,28.62,6.7119,7.75
2020-10-27,,,,,,1127.9,28.56,6.7044,7.75
2020-10-28,,,,,,1133.76,28.57,6.7279,7.75
2020-10-29,,,,,,1131.12,28.59,6.714,7.7532
2020-10-30,,,,,,1133.99,28.57,6.6919,7.7548
2020-11-01,100.3,84.3,82.3,91.5,85.9,,,,
2020-11-02,,,,,,1134.62,28.55,6.6899,7.7505
2020-11-03,,,,,,1134.3,28.61,6.6759,7.7505
2020-11-04,,,,,,1137.37,28.6,6.6504,7.7552
2020-11-05,,,,,,1122.96,28.54,6.6027,7.7548
2020-11-06,,,,,,1121.0,28.59,6.608,7.7532
2020-11-09,,,,,,1113.14,28.58,6.628,7.7538
2020-11-10,,,,,,1117.63,28.55,6.6146,7.7532
2020-11-11,,,,,,,,,
2020-11-12,,,,,,1112.95,28.5,6.6114,7.7543
2020-11-13,,,,,,1109.47,28.51,6.6039,7.7532
2020-11-16,,,,,,1106.88,28.52,6.583,7.7524
2020-11-17,,,,,,1105.33,28.53,6.5556,7.7522
2020-11-18,,,,,,1105.72,28.5,6.5588,7.7524
2020-11-19,,,,,,1114.93,28.52,6.5823,7.753
2020-11-20,,,,,,1114.48,28.52,6.5608,7.7525
2020-11-23,,,,,,1115.42,28.52,6.585,7.7515
2020-11-24,,,,,,1110.93,28.5,6.59,7.7512
2020-11-25,,,,,,1106.84,28.48,6.575,7.7508
2020-11-26,,,,,,,,,
2020-11-27,,,,,,,,,
2020-11-30,,,,,,1105.79,28.55,6.576,7.7522
2020-12-01,98.9,83.7,82.6,91.4,86.4,1107.33,28.54,6.5705,7.7519
2020-12-02,,,,,,1100.15,28.49,6.5622,7.7518
2020-12-03,,,,,,1096.28,28.39,6.5418,7.7511
2020-12-04,,,,,,1081.85,28.21,6.5301,7.7505
2020-12-07,,,,,,1082.22,28.25,6.5295,7.7505
2020-12-08,,,,,,1085.4,28.24,6.5307,7.7511
2020-12-09,,,,,,1083.78,28.19,6.541,7.7519
2020-12-10,,,,,,1086.83,28.23,6.5419,7.7507
2020-12-11,,,,,,1091.23,28.17,6.5445,7.7508
2020-12-14,,,,,,1093.19,28.14,6.548,7.7517
2020-12-15,,,,,,1092.22,28.12,6.5388,7.7512
2020-12-16,,,,,,1093.71,28.15,6.5323,7.7518
2020-12-17,,,,,,1092.96,28.13,6.5321,7.7519
2020-12-18,,,,,,1099.37,28.14,6.5395,7.752
2020-12-21,,,,,,1107.03,28.16,6.5493,7.7524
2020-12-22,,,,,,1107.12,28.18,6.5426,7.7526
2020-12-23,,,,,,1106.92,28.14,6.54,7.7529
2020-12-24,,,,,,,,,
2020-12-25,,,,,,,,,
2020-12-28,,,,,,1096.67,28.11,6.5346,7.7536
2020-12-29,,,,,,1092.55,28.1,6.53,7.7539
2020-12-30,,,,,,1086.62,28.1,6.5208,7.7521
2020-12-31,,,,,,1086.11,28.08,6.525,7.7534
2021-01-01,99.9,84.0,82.8,91.2,87.2,,,,
2021-01-04,,,,,,1081.62,28.08,6.4601,7.7537
2021-01-05,,,,,,1087.42,27.99,6.455,7.7533
2021-01-06,,,,,,1085.71,28.0,6.4617,7.7532
2021-01-07,,,,,,1086.78,28.02,6.476,7.7534
2021-01-08,,,,,,1089.48,27.98,6.475,7.7555
2021-01-11,,,,,,1097.39,28.0,6.4795,7.7554
2021-01-12,,,,,,1099.57,28.0,6.461,7.7549
2021-01-13,,,,,,1098.31,28.01,6.4677,7.7538
2021-01-14,,,,,,1098.37,28.01,6.4736,7.7543
2021-01-15,,,,,,1099.39,28.02,6.48,7.7537
2021-01-18,,,,,,,,,
2021-01-19,,,,,,1102.14,28.02,6.4777,7.7522
2021-01-20,,,,,,,,,
2021-01-21,,,,,,1097.91,27.97,6.4595,7.7517
2021-01-22,,,,,,1105.5,27.96,6.481,7.7519
2021-01-25,,,,,,1101.02,27.99,6.4784,7.7517
2021-01-26,,,,,,1103.26,28.02,6.4635,7.7523
2021-01-27,,,,,,1104.09,28.0,6.4822,7.7518
2021-01-28,,,,,,1111.95,28.03,6.4491,7.7531
2021-01-29,,,,,,1118.35,28.01,6.4282,7.7531
2021-02-01,101.4,84.5,82.9,91.1,88.1,1116.48,27.99,6.4669,7.7527
2021-02-02,,,,,,1115.88,27.96,6.457,7.7515
2021-02-03,,,,,,1114.47,27.94,6.4614,7.7516
2021-02-04,,,,,,1120.02,27.98,6.4715,7.7524
2021-02-05,,,,,,1123.7,27.95,6.4664,7.7524
2021-02-08,,,,,,1119.22,27.99,6.4475,7.7525
2021-02-09,,,,,,1116.42,27.97,6.4344,7.7516
2021-02-10,,,,,,1106.9,28.0,6.4576,7.7522
2021-02-11,,,,,,1102.7,27.99,6.4567,7.7526
2021-02-12,,,,,,1102.16,27.99,6.4567,7.7528
2021-02-15,,,,,,,,,
2021-02-16,,,,,,1099.61,27.99,6.4567,7.7522
2021-02-17,,,,,,1107.44,28.0,6.4567,7.7522
2021-02-18,,,,,,1108.56,27.94,6.4869,7.7528
2021-02-19,,,,,,1105.81,27.9,6.4555,7.7531
2021-02-22,,,,,,1111.56,27.92,6.4625,7.7536
2021-02-23,,,,,,1110.25,27.85,6.464,7.7536
2021-02-24,,,,,,1112.19,27.84,6.4556,7.7546
2021-02-25,,,,,,1107.73,27.81,6.4541,7.7536
2021-02-26,,,,,,1123.36,27.87,6.473,7.7567
2021-03-01,100.8,84.3,82.9,91.0,89.1,1118.59,27.87,6.4648,7.7565
2021-03-02,,,,,,1125.61,27.87,6.4702,7.7575
2021-03-03,,,,,,1123.96,27.76,6.4675,7.7562
2021-03-04,,,,,,1124.45,27.83,6.4694,7.7582
2021-03-05,,,,,,1124.85,27.89,6.496,7.7642
2021-03-08,,,,,,1132.64,28.23,6.525,7.7698
2021-03-09,,,,,,1140.63,28.29,6.505,7.7617
2021-03-10,,,,,,1139.85,28.34,6.505,7.7611
2021-03-11,,,,,,1135.19,28.21,6.4932,7.76
2021-03-12,,,,,,1133.09,28.21,6.5081,7.7656
2021-03-15,,,,,,1136.37,28.24,6.4996,7.7658
2021-03-16,,,,,,1129.69,28.27,6.5052,7.7653
2021-03-17,,,,,,1130.24,28.33,6.503,7.767
2021-03-18,,,,,,1123.51,28.38,6.5054,7.7645
2021-03-19,,,,,,1130.38,28.42,6.507,7.7646
2021-03-22,,,,,,1128.19,28.4,6.507,7.7662
2021-03-23,,,,,,1128.96,28.44,6.516,7.7669
2021-03-24,,,,,,1133.35,28.48,6.523,7.7675
2021-03-25,,,,,,1133.31,28.59,6.5452,7.7688
2021-03-26,,,,,,1129.26,28.59,6.5412,7.7686
2021-03-29,,,,,,1133.57,28.54,6.5696,7.7725
2021-03-30,,,,,,1133.44,28.51,6.5716,7.7746
2021-03-31,,,,,,1126.72,28.48,6.5518,7.7746
2021-04-01,101.6,84.6,83.1,91.2,89.7,1131.63,28.53,6.5645,7.7764
2021-04-02,,,,,,1127.3,28.51,6.5646,7.7759
2021-04-05,,,,,,1127.34,28.45,6.5649,7.7755
2021-04-06,,,,,,1117.12,28.44,6.537,7.776
2021-04-07,,,,,,1116.21,28.42,6.5415,7.7849
2021-04-08,,,,,,1116.96,28.45,6.5505,7.7763
2021-04-09,,,,,,1120.84,28.43,6.5522,7.7783
2021-04-12,,,,,,1124.6,28.44,6.5475,7.773
2021-04-13,,,,,,1125.63,28.48,6.5431,7.7739
2021-04-14,,,,,,1116.43,28.45,6.5292,7.7668
2021-04-15,,,,,,1115.04,28.33,6.522,7.7666
2021-04-16,,,,,,1114.93,28.34,6.5203,7.7699
2021-04-19,,,,,,1115.03,28.15,6.5085,7.7662
2021-04-20,,,,,,1116.68,28.12,6.4981,7.7609
2021-04-21,,,,,,1117.8,28.09,6.4903,7.7636
2021-04-22,,,,,,1117.3,28.09,6.491,7.7596
2021-04-23,,,,,,1115.1,28.09,6.4945,7.7605
2021-04-26,,,,,,1110.88,27.89,6.4844,7.7601
2021-04-27,,,,,,1109.6,27.89,6.483,7.7612
2021-04-28,,,,,,1112.28,27.9,6.4771,7.7637
2021-04-29,,,,,,1108.54,27.85,6.471,7.7635
2021-04-30,,,,,,1115.58,27.9,6.4749,7.7664
2021-05-01,103.4,85.2,83.2,91.2,90.8,,,,
2021-05-03,,,,,,1122.88,27.93,6.4749,7.7662
2021-05-04,,,,,,1122.05,27.98,6.4749,7.7677
2021-05-05,,,,,,1125.82,27.96,6.4749,7.7697
2021-05-06,,,,,,1121.94,27.95,6.4635,7.7686
2021-05-07,,,,,,1121.06,27.89,6.431,7.7664
2021-05-10,,,,,,1112.28,27.77,6.4156,7.7651
2021-05-11,,,,,,1119.38,27.92,6.4285,7.7677
2021-05-12,,,,,,1124.33,27.95,6.4566,7.7667
2021-05-13,,,,,,1130.35,27.95,6.4506,7.7686
2021-05-14,,,,,,1126.76,27.96,6.4367,7.7663
2021-05-17,,,,,,1136.03,28.09,6.4388,7.7661
2021-05-18,,,,,,1129.67,27.96,6.425,7.7657
2021-05-19,,,,,,1128.18,27.98,6.4342,7.7647
2021-05-20,,,,,,1127.74,27.96,6.4339,7.7631
2021-05-21,,,,,,1126.59,27.97,6.4339,7.764
2021-05-24,,,,,,1125.28,27.93,6.4177,7.7652
2021-05-25,,,,,,1123.21,27.9,6.41,7.7624
2021-05-26,,,,,,1117.63,27.78,6.3905,7.7622
2021-05-27,,,,,,1117.47,27.8,6.3824,7.7608
2021-05-28,,,,,,1114.48,27.7,6.3674,7.761
2021-05-31,,,,,,,,,
2021-06-01,104.8,85.6,83.1,91.3,91.4,1106.43,27.56,6.3796,7.7594
2021-06-02,,,,,,1110.37,27.63,6.3805,7.7595
2021-06-03,,,,,,1117.63,27.68,6.4036,7.7584
2021-06-04,,,,,,1112.03,27.66,6.3945,7.7566
2021-06-07,,,,,,1111.01,27.73,6.3963,7.7592
2021-06-08,,,,,,1116.43,27.71,6.4,7.7599
2021-06-09,,,,,,1116.58,27.73,6.3865,7.7599
2021-06-10,,,,,,1114.17,27.66,6.3929,7.7599
2021-06-11,,,,,,1116.57,27.69,6.3967,7.7604
2021-06-14,,,,,,1117.57,27.69,6.3979,7.7621
2021-06-15,,,,,,1118.33,27.67,6.4052,7.7618
2021-06-16,,,,,,1118.42,27.64,6.3969,7.7621
2021-06-17,,,,,,1130.14,27.78,6.4477,7.7643
2021-06-18,,,,,,1135.28,27.81,6.4525,7.7627
2021-06-21,,,,,,1134.19,27.93,6.4659,7.7641
2021-06-22,,,,,,1137.07,28.01,6.4811,7.7666
2021-06-23,,,,,,1133.89,27.96,6.4727,7.7649
2021-06-24,,,,,,1131.5,27.98,6.4701,7.7628
2021-06-25,,,,,,1127.36,27.91,6.4545,7.7612
2021-06-28,,,,,,1130.29,27.89,6.4555,7.7623
2021-06-29,,,,,,1131.68,27.93,6.4635,7.764
2021-06-30,,,,,,1130.42,27.91,6.4566,7.7658
2021-07-01,105.3,85.8,83.3,91.8,92.1,1134.37,27.91,6.4679,7.7656
2021-07-02,,,,,,1132.42,27.94,6.4721,7.7667
2021-07-05,,,,,,,,,
2021-07-06,,,,,,1137.17,28.0,6.4786,7.767
2021-07-07,,,,,,1141.26,28.01,6.4718,7.7672
2021-07-08,,,,,,1147.96,28.01,6.4898,7.768
2021-07-09,,,,,,1145.08,27.98,6.4788,7.7676
2021-07-12,,,,,,1146.29,28.0,6.4751,7.7669
2021-07-13,,,,,,1146.29,28.0,6.4685,7.7651
2021-07-14,,,,,,1147.43,27.99,6.4688,7.7673
2021-07-15,,,,,,1141.21,27.89,6.46,7.7677
2021-07-16,,,,,,1139.35,27.98,6.4785,7.7676
2021-07-19,,,,,,1147.17,28.05,6.4893,7.7705
2021-07-20,,,,,,1150.45,28.06,6.4845,7.7728
2021-07-21,,,,,,1153.03,28.06,6.4664,7.7727
2021-07-22,,,,,,1149.99,28.02,6.47,7.7702
2021-07-23,,,,,,1153.53,28.03,6.4808,7.7697
2021-07-26,,,,,,1154.75,28.06,6.4825,7.7785
2021-07-27,,,,,,1156.32,28.08,6.5104,7.7837
2021-07-28,,,,,,1156.27,28.0,6.4905,7.78
2021-07-29,,,,,,1142.09,27.91,6.4562,7.7729
2021-07-30,,,,,,1151.86,27.96,6.4609,7.7723
2021-08-01,106.4,86.3,83.5,92.2,92.7,,,,
2021-08-02,,,,,,1150.72,27.92,6.462,7.7735
2021-08-03,,,,,,1149.45,27.9,6.47,7.7776
2021-08-04,,,,,,1142.99,27.77,6.4655,7.7751
2021-08-05,,,,,,1142.53,27.76,6.4608,7.7774
2021-08-06,,,,,,1145.87,27.86,6.4825,7.7783
2021-08-09,,,,,,1145.83,27.81,6.4857,7.7808
2021-08-10,,,,,,1152.5,27.84,6.4852,7.7814
2021-08-11,,,,,,1156.09,27.84,6.4783,7.7788
2021-08-12,,,,,,1162.78,27.79,6.4782,7.7814
2021-08-13,,,,,,1168.36,27.84,6.4768,7.7827
2021-08-16,,,,,,1166.78,27.84,6.4742,7.7838
2021-08-17,,,,,,1177.08,27.85,6.4854,7.7915
2021-08-18,,,,,,1170.18,27.84,6.4841,7.7867
2021-08-19,,,,,,1173.89,27.98,6.4942,7.79
2021-08-20,,,,,,1180.4,28.03,6.5012,7.7897
2021-08-23,,,,,,1169.73,27.97,6.4805,7.7925
2021-08-24,,,,,,1165.43,27.92,6.471,7.7882
2021-08-25,,,,,,1164.24,27.91,6.4756,7.7855
2021-08-26,,,,,,1169.88,27.92,6.4809,7.7869
2021-08-27,,,,,,1162.5,27.87,6.4711,7.7875
2021-08-30,,,,,,1166.33,27.78,6.4658,7.7869
2021-08-31,,,,,,1158.32,27.66,6.4604,7.7779
2021-09-01,108.2,86.9,83.5,92.2,93.4,1156.03,27.7,6.4586,7.7764
2021-09-02,,,,,,1160.95,27.66,6.456,7.7708
2021-09-03,,,,,,1155.44,27.61,6.4528,7.7711
2021-09-06,,,,,,,,,
2021-09-07,,,,,,1162.88,27.64,6.4662,7.7751
2021-09-08,,,,,,1166.21,27.72,6.4612,7.7755
2021-09-09,,,,,,1169.61,27.67,6.4547,7.7775
2021-09-10,,,,,,1169.63,27.65,6.444,7.7786
2021-09-13,,,,,,1173.33,27.67,6.4511,7.7792
2021-09-14,,,,,,1170.71,27.69,6.4382,7.7782
2021-09-15,,,,,,1168.58,27.67,6.432,7.7824
2021-09-16,,,,,,1171.23,27.75,6.4566,7.7834
2021-09-17,,,,,,1175.34,27.77,6.4655,7.781
2021-09-20,,,,,,1186.73,27.85,6.4651,7.7867
2021-09-21,,,,,,1185.15,27.76,6.4651,7.7877
2021-09-22,,,,,,1182.41,27.75,6.4611,7.7862
2021-09-23,,,,,,1173.48,27.75,6.459,7.7843
2021-09-24,,,,,,1176.53,27.73,6.466,7.7851
2021-09-27,,,,,,1175.9,27.7,6.456,7.7831
2021-09-28,,,,,,1183.61,27.73,6.4595,7.7835
2021-09-29,,,,,,1181.75,27.83,6.4702,7.7845
2021-09-30,,,,,,1183.7,27.84,6.4434,7.785
2021-10-01,108.4,87.1,83.3,92.0,94.1,1187.24,27.81,6.4434,7.7848
2021-10-04,,,,,,1182.4,27.94,6.4434,7.7871
2021-10-05,,,,,,1188.31,27.91,6.4434,7.7845
2021-10-06,,,,,,1192.6,27.97,6.4434,7.7859
2021-10-07,,,,,,1190.76,27.99,6.4434,7.7842
2021-10-08,,,,,,1194.58,28.08,6.4435,7.7837
2021-10-11,,,,,,,,,
2021-10-12,,,,,,1198.72,28.13,6.4485,7.7812
2021-10-13,,,,,,1193.89,28.07,6.4262,7.7794
2021-10-14,,,,,,1186.3,28.05,6.438,7.778
2021-10-15,,,,,,1182.34,27.99,6.434,7.7785
2021-10-18,,,,,,1187.55,27.98,6.429,7.7789
2021-10-19,,,,,,1175.32,27.83,6.3822,7.7756
2021-10-20,,,,,,1175.05,27.87,6.3936,7.7744
2021-10-21,,,,,,1177.25,27.86,6.3925,7.7746
2021-10-22,,,,,,1176.85,27.89,6.3839,7.7725
2021-10-25,,,,,,1167.59,27.87,6.3856,7.7732
2021-10-26,,,,,,1167.58,27.78,6.382,7.7755
2021-10-27,,,,,,1171.19,27.82,6.3915,7.7771
2021-10-28,,,,,,1167.34,27.78,6.3917,7.7774
2021-10-29,,,,,,1174.94,27.83,6.405,7.779
2021-11-01,108.1,87.2,83.4,91.9,94.9,1177.73,27.85,6.3972,7.7827
2021-11-02,,,,,,1177.04,27.86,6.3995,7.7819
2021-11-03,,,,,,1184.56,27.85,6.4061,7.7842
2021-11-04,,,,,,1186.77,27.88,6.397,7.7823
2021-11-05,,,,,,1183.28,27.87,6.3961,7.7832
2021-11-08,,,,,,1180.64,27.85,6.3902,7.7885
2021-11-09,,,,,,1178.64,27.78,6.3916,7.7899
2021-11-10,,,,,,1181.16,27.75,6.3882,7.7892
2021-11-11,,,,,,,,,
2021-11-12,,,,,,1179.23,27.82,6.3787,7.7921
2021-11-15,,,,,,1181.61,27.8,6.3824,7.7889
2021-11-16,,,,,,1183.3,27.78,6.3919,7.787
2021-11-17,,,,,,1182.4,27.81,6.3775,7.788
2021-11-18,,,,,,1183.42,27.83,6.3851,7.7883
2021-11-19,,,,,,1184.93,27.78,6.3863,7.7915
2021-11-22,,,,,,1185.33,27.8,6.3842,7.7884
2021-11-23,,,,,,1190.31,27.78,6.391,7.7934
2021-11-24,,,,,,1186.01,27.78,6.3917,7.7982
2021-11-25,,,,,,,,,
2021-11-26,,,,,,1194.43,27.84,6.3924,7.7992
2021-11-29,,,,,,1192.96,27.78,6.3875,7.7993
2021-11-30,,,,,,1187.45,27.69,6.364,7.7967
2021-12-01,108.0,87.3,83.6,92.5,94.6,1187.45,27.69,6.3641,7.7914
2021-12-02,,,,,,1175.18,27.74,6.3763,7.7934
2021-12-03,,,,,,1179.84,27.71,6.3758,7.7943
2021-12-06,,,,,,1182.29,27.73,6.3756,7.8001
2021-12-07,,,,,,1179.24,27.75,6.3657,7.7968
2021-12-08,,,,,,1175.19,27.72,6.3435,7.7966
2021-12-09,,,,,,1173.59,27.71,6.3772,7.7966
2021-12-10,,,,,,1180.99,27.73,6.3685,7.7988
2021-12-13,,,,,,1184.19,27.78,6.3659,7.8027
2021-12-14,,,,,,1182.7,27.8,6.3671,7.802
2021-12-15,,,,,,1186.06,27.82,6.3673,7.8018
2021-12-16,,,,,,1183.59,27.8,6.3674,7.8034
2021-12-17,,,,,,1181.03,27.82,6.3748,7.8017
2021-12-20,,,,,,1191.07,27.87,6.3756,7.8015
2021-12-21,,,,,,1192.35,27.81,6.3716,7.8016
2021-12-22,,,,,,1190.21,27.81,6.3695,7.8007
2021-12-23,,,,,,1187.59,27.74,6.3696,7.8004
2021-12-24,,,,,,,,,
2021-12-27,,,,,,1186.82,27.66,6.3705,7.8
2021-12-28,,,,,,1188.15,27.64,6.3684,7.799
2021-12-29,,,,,,1185.51,27.64,6.368,7.7968
2021-12-30,,,,,,1188.59,27.74,6.3726,7.7996
2021-12-31,,,,,,,,,
2022-01-01,108.7,88.1,83.7,93.1,96.4,,,,
2022-01-03,,,,,,1191.39,27.62,6.355,7.7966
2022-01-04,,,,,,1193.77,27.52,6.3721,7.7941
2022-01-05,,,,,,1196.38,27.6,6.364,7.7958
2022-01-06,,,,,,1205.02,27.64,6.3822,7.8001
2022-01-07,,,,,,1200.78,27.66,6.3769,7.7984
2022-01-10,,,,,,1199.13,27.67,6.3756,7.7952
2022-01-11,,,,,,1194.62,27.69,6.3735,7.796
2022-01-12,,,,,,1187.34,27.67,6.358,7.7922
2022-01-13,,,,,,1187.95,27.61,6.3595,7.7881
2022-01-14,,,,,,1186.96,27.58,6.3524,7.7851
2022-01-17,,,,,,,,,
2022-01-18,,,,,,1192.74,27.58,6.3525,7.7912
2022-01-19,,,,,,1188.51,27.62,6.3447,7.791
2022-01-20,,,,,,1191.96,27.62,6.3406,7.7864
2022-01-21,,,,,,1193.87,27.7,6.3385,7.7864
2022-01-24,,,,,,1195.68,27.74,6.3304,7.7858
2022-01-25,,,,,,1198.66,27.71,6.3257,7.7856
2022-01-26,,,,,,1197.46,27.73,6.3206,7.785
2022-01-27,,,,,,1202.65,27.83,6.3677,7.7909
2022-01-28,,,,,,1209.04,27.83,6.3605,7.793
2022-01-31,,,,,,1206.78,27.82,6.361,7.7971
2022-02-01,107.9,88.3,84.1,93.3,97.4,1209.44,27.83,6.361,7.7939
2022-02-02,,,,,,1201.7,27.81,6.361,7.7943
2022-02-03,,,,,,1206.35,27.83,6.361,7.7929
2022-02-04,,,,,,1199.43,27.83,6.361,7.7894
2022-02-07,,,,,,1198.64,27.86,6.361,7.7922
2022-02-08,,,,,,1198.05,27.79,6.366,7.7944
2022-02-09,,,,,,1196.36,27.8,6.3619,7.7915
2022-02-10,,,,,,1196.31,27.82,6.3526,7.7938
2022-02-11,,,,,,1198.72,27.83,6.354,7.7988
2022-02-14,,,,,,1196.21,27.89,6.3567,7.8025
2022-02-15,,,,,,1199.78,27.87,6.3385,7.8014
2022-02-16,,,,,,1197.51,27.84,6.3366,7.8011
2022-02-17,,,,,,1197.39,27.86,6.3381,7.7997
2022-02-18,,,,,,1195.4,27.85,6.3251,7.8004
2022-02-21,,,,,,,,,
2022-02-22,,,,,,1192.07,27.84,6.326,7.8016
2022-02-23,,,,,,1193.42,27.86,6.3134,7.8054
2022-02-24,,,,,,1202.34,28.13,6.3283,7.8079
2022-02-25,,,,,,1201.93,27.98,6.3169,7.809
2022-02-28,,,,,,1202.28,28.04,6.3084,7.8137
2022-03-01,107.8,88.5,84.1,93.6,99.8,1204.34,28.02,6.3116,7.8171
2022-03-02,,,,,,1205.58,28.04,6.321,7.8129
2022-03-03,,,,,,1204.35,28.06,6.3195,7.8151
2022-03-04,,,,,,1213.71,28.16,6.3188,7.8137
2022-03-07,,,,,,1226.78,28.25,6.3194,7.8178
2022-03-08,,,,,,1237.18,28.36,6.3178,7.8194
2022-03-09,,,,,,1234.01,28.41,6.3174,7.82
2022-03-10,,,,,,1228.21,28.28,6.3212,7.8221
2022-03-11,,,,,,1231.47,28.41,6.3389,7.8282
2022-03-14,,,,,,1241.46,28.47,6.3645,7.8297
2022-03-15,,,,,,1242.65,28.58,6.3696,7.827
2022-03-16,,,,,,1228.04,28.57,6.351,7.8202
2022-03-17,,,,,,1214.33,28.36,6.3459,7.8159
2022-03-18,,,,,,1212.2,28.35,6.3609,7.8228
2022-03-21,,,,,,1216.12,28.46,6.3552,7.8241
2022-03-22,,,,,,1217.09,28.54,6.366,7.826
2022-03-23,,,,,,1217.92,28.59,6.372,7.8247
2022-03-24,,,,,,1220.45,28.61,6.367,7.8232
2022-03-25,,,,,,1218.77,28.67,6.3658,7.8275
2022-03-28,,,,,,1225.46,28.78,6.3714,7.8296
2022-03-29,,,,,,1219.21,28.78,6.3635,7.8275
2022-03-30,,,,,,1208.46,28.55,6.347,7.827
2022-03-31,,,,,,1211.55,28.62,6.3393,7.8325
2022-04-01,107.7,88.7,84.0,94.1,99.9,1215.29,28.68,6.3625,7.8341
2022-04-04,,,,,,1214.72,28.63,6.3619,7.834
2022-04-05,,,,,,1212.55,28.67,6.3619,7.8351
2022-04-06,,,,,,1212.55,28.67,6.359,7.8379
2022-04-07,,,,,,1218.96,28.82,6.36,7.8373
2022-04-08,,,,,,1225.13,28.94,6.3643,7.8392
2022-04-11,,,,,,1233.38,29.07,6.3692,7.8378
2022-04-12,,,,,,1236.03,29.12,6.3651,7.8369
2022-04-13,,,,,,1227.17,29.01,6.3678,7.8393
2022-04-14,,,,,,1224.18,28.99,6.3775,7.8425
2022-04-15,,,,,,1227.97,29.12,6.3705,7.8436
2022-04-18,,,,,,1233.73,29.22,6.363,7.8427
2022-04-19,,,,,,1236.53,29.22,6.393,7.8417
2022-04-20,,,,,,1235.28,29.23,6.4188,7.8438
2022-04-21,,,,,,1238.13,29.29,6.45,7.8444
2022-04-22,,,,,,1239.66,29.32,6.501,7.8459
2022-04-25,,,,,,1249.87,29.33,6.5585,7.8476
2022-04-26,,,,,,1260.37,29.29,6.5552,7.8461
2022-04-27,,,,,,1269.35,29.39,6.5595,7.8466
2022-04-28,,,,,,1271.5,29.52,6.6243,7.8463
2022-04-29,,,,,,1255.87,29.43,6.608,7.8465
2022-05-01,106.9,88.7,84.0,93.7,101.4,,,,
2022-05-02,,,,,,1265.24,29.43,6.6079,7.8477
2022-05-03,,,,,,1267.82,29.48,6.6079,7.8476
2022-05-04,,,,,,1265.22,29.53,6.6079,7.8487
2022-05-05,,,,,,1256.05,29.69,6.6535,7.8494
2022-05-06,,,,,,1272.58,29.68,6.6651,7.8496
2022-05-09,,,,,,1276.29,29.78,6.7295,7.8497
2022-05-10,,,,,,1275.02,29.71,6.7343,7.8498
2022-05-11,,,,,,1275.04,29.69,6.7186,7.8499
2022-05-12,,,,,,1288.65,29.84,6.786,7.8499
2022-05-13,,,,,,1283.51,29.79,6.788,7.8498
2022-05-16,,,,,,1284.79,29.77,6.7852,7.8499
2022-05-17,,,,,,1274.33,29.67,6.7361,7.8497
2022-05-18,,,,,,1266.36,29.74,6.754,7.8481
2022-05-19,,,,,,1276.91,29.76,6.7109,7.8475
2022-05-20,,,,,,1267.87,29.61,6.6921,7.8484
2022-05-23,,,,,,1263.85,29.6,6.649,7.8498
2022-05-24,,,,,,1265.97,29.59,6.653,7.849
2022-05-25,,,,,,1264.58,29.5,6.6916,7.8495
2022-05-26,,,,,,1267.83,29.44,6.738,7.8496
2022-05-27,,,,,,1250.13,29.3,6.698,7.8494
2022-05-30,,,,,,,,,
2022-05-31,,,,,,1236.93,28.99,6.6715,7.8468
2022-06-01,104.7,88.9,83.9,94.2,101.3,1246.52,29.19,6.6858,7.8475
2022-06-02,,,,,,1252.03,29.34,6.6596,7.8452
2022-06-03,,,,,,1242.23,29.34,6.6595,7.8461
2022-06-06,,,,,,1253.52,29.37,6.6534,7.8446
2022-06-07,,,,,,1255.32,29.49,6.6675,7.8463
2022-06-08,,,,,,1253.5,29.5,6.6825,7.8476
2022-06-09,,,,,,1256.91,29.57,6.6915,7.8491
2022-06-10,,,,,,1268.01,29.56,6.7081,7.8494
2022-06-13,,,,,,1283.69,29.74,6.753,7.8499
2022-06-14,,,,,,1285.87,29.66,6.7395,7.8499
2022-06-15,,,,,,1290.05,29.72,6.7128,7.8499
2022-06-16,,,,,,1286.76,29.77,6.703,7.8498
2022-06-17,,,,,,1287.36,29.73,6.716,7.8498
2022-06-20,,,,,,,,,
2022-06-21,,,,,,1293.25,29.71,6.688,7.8498
2022-06-22,,,,,,1297.21,29.81,6.6983,7.8499
2022-06-23,,,,,,1300.86,29.75,6.698,7.8491
2022-06-24,,,,,,1298.71,29.72,6.6878,7.8492
2022-06-27,,,,,,1286.2,29.61,6.6899,7.845
2022-06-28,,,,,,1290.18,29.67,6.707,7.8481
2022-06-29,,,,,,1298.39,29.67,6.6997,7.8462
2022-06-30,,,,,,1298.95,29.74,6.6981,7.8472
2022-07-01,106.5,89.3,83.6,93.7,100.2,1297.18,29.78,6.7,7.8461
2022-07-04,,,,,,,,,
2022-07-05,,,,,,1299.69,29.83,6.7192,7.8465
2022-07-06,,,,,,1307.1,29.8,6.707,7.8465
2022-07-07,,,,,,1299.51,29.78,6.7005,7.8476
2022-07-08,,,,,,1299.51,29.75,6.6945,7.8483
2022-07-11,,,,,,1308.9,29.83,6.7175,7.8497
2022-07-12,,,,,,1311.91,29.9,6.7234,7.8499
2022-07-13,,,,,,1306.65,29.82,6.7175,7.8499
2022-07-14,,,,,,1311.76,29.89,6.7542,7.8497
2022-07-15,,,,,,1321.15,29.93,6.7565,7.8499
2022-07-18,,,,,,1316.7,29.89,6.742,7.8497
2022-07-19,,,,,,1313.52,29.88,6.743,7.8496
2022-07-20,,,,,,1313.1,29.92,6.754,7.8499
2022-07-21,,,,,,1307.58,29.91,6.7655,7.8492
2022-07-22,,,,,,1312.82,29.9,6.75,7.8489
2022-07-25,,,,,,1313.27,29.91,6.7499,7.8493
2022-07-26,,,,,,1308.33,29.96,6.7616,7.8495
2022-07-27,,,,,,1313.14,29.95,6.757,7.8497
2022-07-28,,,,,,1299.69,29.95,6.7465,7.8498
2022-07-29,,,,,,1299.08,29.91,6.7433,7.8498
2022-08-01,106.4,88.7,83.6,93.5,99.3,1304.18,29.98,6.7674,7.8499
2022-08-02,,,,,,1304.89,29.97,6.7499,7.8499
2022-08-03,,,,,,1310.69,29.98,6.7565,7.8499
2022-08-04,,,,,,1310.2,30.0,6.7485,7.8498
2022-08-05,,,,,,1298.22,29.94,6.7607,7.8499
2022-08-08,,,,,,1306.11,30.03,6.7505,7.8499
2022-08-09,,,,,,1304.5,30.03,6.7525,7.8499
2022-08-10,,,,,,1310.54,30.03,6.723,7.8469
2022-08-11,,,,,,1302.72,29.95,6.7445,7.8431
2022-08-12,,,,,,1302.13,29.98,6.7425,7.8385
2022-08-15,,,,,,1305.85,30.0,6.7715,7.8372
2022-08-16,,,,,,1308.54,29.98,6.7875,7.842
2022-08-17,,,,,,1310.16,29.98,6.7805,7.8434
2022-08-18,,,,,,1319.94,30.0,6.7855,7.8444
2022-08-19,,,,,,1325.5,30.02,6.8164,7.846
2022-08-22,,,,,,1339.4,30.16,6.8476,7.8467
2022-08-23,,,,,,1339.4,30.11,6.8476,7.8474
2022-08-24,,,,,,1342.05,30.27,6.8581,7.8467
2022-08-25,,,,,,1335.46,30.24,6.8477,7.8467
2022-08-26,,,,,,1331.17,30.2,6.8715,7.8461
2022-08-29,,,,,,1349.8,30.4,6.9067,7.8469
2022-08-30,,,,,,1346.37,30.44,6.91,7.8488
2022-08-31,,,,,,1338.66,30.38,6.889,7.8492
2022-09-01,104.4,87.4,83.6,93.5,98.3,1354.34,30.52,6.9066,7.8481
2022-09-02,,,,,,1362.2,30.59,6.8985,7.8494
2022-09-05,,,,,,,,,
2022-09-06,,,,,,1378.95,30.82,6.9532,7.8498
2022-09-07,,,,,,1383.72,30.9,6.965,7.8498
2022-09-08,,,,,,1380.51,30.91,6.9562,7.849
2022-09-09,,,,,,1376.74,30.92,6.924,7.849
2022-09-12,,,,,,1377.38,30.93,6.9265,7.8485
2022-09-13,,,,,,1373.76,31.11,6.9245,7.8494
2022-09-14,,,,,,1391.1,31.11,6.9612,7.8486
2022-09-15,,,,,,1393.93,31.14,6.9934,7.8489
2022-09-16,,,,,,1384.48,31.35,6.9799,7.8494
2022-09-19,,,,,,1393.05,31.42,7.005,7.8492
2022-09-20,,,,,,1389.86,31.37,7.0176,7.8497
2022-09-21,,,,,,1395.92,31.47,7.0479,7.8498
2022-09-22,,,,,,1412.29,31.6,7.0772,7.8492
2022-09-23,,,,,,1409.42,31.82,7.1266,7.8498
2022-09-26,,,,,,1432.47,31.83,7.1384,7.8498
2022-09-27,,,,,,1422.39,31.7,7.176,7.8498
2022-09-28,,,,,,1440.5,31.75,7.199,7.8497
2022-09-29,,,,,,1439.15,31.81,7.1196,7.8498
2022-09-30,,,,,,1431.67,31.78,7.1135,7.8498
2022-10-01,103.4,87.6,84.5,93.0,98.8,,,,
2022-10-03,,,,,,1434.83,31.83,7.1103,7.8499
2022-10-04,,,,,,1425.75,31.73,7.1103,7.8499
2022-10-05,,,,,,1410.74,31.52,7.1103,7.8497
2022-10-06,,,,,,1402.33,31.53,7.1103,7.8498
2022-10-07,,,,,,1412.54,31.65,7.1103,7.8499
2022-10-10,,,,,,,,,
2022-10-11,,,,,,1435.36,31.85,7.1639,7.8499
2022-10-12,,,,,,1423.81,31.84,7.172,7.8499
2022-10-13,,,,,,1430.4,31.88,7.17,7.8497
2022-10-14,,,,,,1428.06,31.95,7.1895,7.8498
2022-10-17,,,,,,1434.73,31.95,7.1946,7.8499
2022-10-18,,,,,,1422.19,32.03,7.2001,7.8498
2022-10-19,,,,,,1426.07,32.0,7.228,7.8499
2022-10-20,,,,,,1431.63,32.06,7.2129,7.8494
2022-10-21,,,,,,1440.31,32.17,7.2399,7.8497
2022-10-24,,,,,,1439.14,32.37,7.2629,7.8497
2022-10-25,,,,,,1432.46,32.34,7.2688,7.8499
2022-10-26,,,,,,1425.68,32.1,7.171,7.8497
2022-10-27,,,,,,1419.0,31.99,7.2239,7.8493
2022-10-28,,,,,,1421.67,32.13,7.2499,7.8494
2022-10-31,,,,,,1424.6,32.26,7.3048,7.8498
2022-11-01,102.7,87.4,84.8,93.3,98.6,1416.2,32.18,7.273,7.8496
2022-11-02,,,,,,1418.31,32.14,7.289,7.8494
2022-11-03,,,,,,1423.99,32.27,7.3,7.8498
2022-11-04,,,,,,1423.99,32.26,7.2996,7.8499
2022-11-07,,,,,,1402.05,32.01,7.2266,7.8498
2022-11-08,,,,,,1384.61,31.94,7.2485,7.8498
2022-11-09,,,,,,1364.85,31.78,7.2401,7.8493
2022-11-10,,,,,,1377.52,31.51,7.184,7.8454
2022-11-11,,,,,,,,,
2022-11-14,,,,,,1327.38,30.98,7.071,7.837
2022-11-15,,,,,,1317.88,31.05,7.044,7.8249
2022-11-16,,,,,,1326.46,31.03,7.0964,7.8235
2022-11-17,,,,,,1338.97,31.09,7.1551,7.8267
2022-11-18,,,,,,1339.61,31.12,7.1192,7.8229
2022-11-21,,,,,,1354.87,31.19,7.164,7.802
2022-11-22,,,,,,1356.66,31.16,7.1388,7.8168
2022-11-23,,,,,,1352.49,31.15,7.158,7.8189
2022-11-24,,,,,,,,,
2022-11-25,,,,,,1325.22,30.94,7.1642,7.8164
2022-11-28,,,,,,1340.66,30.99,7.2074,7.8171
2022-11-29,,,,,,1327.24,30.98,7.1568,7.8109
2022-11-30,,,,,,1316.84,30.89,7.0879,7.805
2022-12-01,102.9,87.7,84.7,93.7,97.3,1299.11,30.6,7.0424,7.7778
2022-12-02,,,,,,1300.5,30.58,7.019,7.7844
2022-12-05,,,,,,1292.58,30.48,6.961,7.7693
2022-12-06,,,,,,1319.31,30.64,6.9935,7.7739
2022-12-07,,,,,,1322.23,30.62,6.9702,7.7856
2022-12-08,,,,,,1317.56,30.66,6.9649,7.7832
2022-12-09,,,,,,1301.61,30.61,6.9559,7.7852
2022-12-12,,,,,,1307.62,30.67,6.9773,7.7752
2022-12-13,,,,,,1301.47,30.63,6.943,7.7746
2022-12-14,,,,,,1294.79,30.5,6.9498,7.7731
2022-12-15,,,,,,1302.91,30.62,6.9716,7.7756
2022-12-16,,,,,,1307.73,30.72,6.9708,7.7826
2022-12-19,,,,,,1302.29,30.73,6.9772,7.7782
2022-12-20,,,,,,1290.41,30.68,6.96,7.7868
2022-12-21,,,,,,1284.7,30.65,6.981,7.7941
2022-12-22,,,,,,1275.68,30.67,6.9829,7.7979
2022-12-23,,,,,,1280.02,30.73,6.988,7.8038
2022-12-26,,,,,,,,,
2022-12-27,,,,,,1271.0,30.71,6.96,7.8002
2022-12-28,,,,,,1267.54,30.76,6.9774,7.7948
2022-12-29,,,,,,1265.58,30.71,6.9625,7.7962
2022-12-30,,,,,,1260.18,30.73,6.8972,7.8015
2023-01-01,98.4,86.6,83.8,93.9,97.0,,,,
2023-01-02,,,,,,,,,
2023-01-03,,,,,,1271.1,30.71,6.9135,7.8119
2023-01-04,,,,,,1272.15,30.66,6.8875,7.8183
2023-01-05,,,,,,1268.91,30.7,6.88,7.8105
2023-01-06,,,,,,1268.13,30.72,6.837,7.806
2023-01-09,,,,,,1243.62,30.52,6.77,7.8042
2023-01-10,,,,,,1243.83,30.46,6.777,7.8085
2023-01-11,,,,,,1245.39,30.44,6.77,7.813
2023-01-12,,,,,,1246.26,30.44,6.7365,7.8086
2023-01-13,,,,,,1241.59,30.28,6.701,7.81
2023-01-16,,,,,,,,,
2023-01-17,,,,,,1238.7,30.29,6.7723,7.8179
2023-01-18,,,,,,1237.32,30.29,6.7534,7.8218
2023-01-19,,,,,,1232.05,30.35,6.7738,7.8289
2023-01-20,,,,,,1235.57,30.34,6.7825,7.8263
2023-01-23,,,,,,1228.59,30.3,6.7899,7.8291
2023-01-24,,,,,,1234.79,30.34,6.7899,7.8311
2023-01-25,,,,,,1231.67,30.25,6.7899,7.8309
2023-01-26,,,,,,1230.95,30.34,6.7899,7.8284
2023-01-27,,,,,,1231.53,30.22,6.7899,7.828
2023-01-30,,,,,,1227.31,30.05,6.7501,7.8358
2023-01-31,,,,,,1231.95,30.03,6.754,7.8384
2023-02-01,98.2,87.0,83.9,94.1,97.1,1231.77,29.81,6.7406,7.8412
2023-02-02,,,,,,1220.34,29.7,6.7266,7.843
2023-02-03,,,,,,1229.22,29.92,6.7733,7.8461
2023-02-06,,,,,,1252.61,29.98,6.7918,7.8466
2023-02-07,,,,,,1255.53,30.05,6.791,7.8475
2023-02-08,,,,,,1260.03,30.05,6.789,7.8498
2023-02-09,,,,,,1259.67,30.07,6.7782,7.8498
2023-02-10,,,,,,1264.15,30.18,6.8106,7.8499
2023-02-13,,,,,,1277.05,30.21,6.8198,7.8499
2023-02-14,,,,,,1268.93,30.28,6.8255,7.8499
2023-02-15,,,,,,1282.16,30.31,6.851,7.8485
2023-02-16,,,,,,1284.33,30.28,6.859,7.8492
2023-02-17,,,,,,1299.62,30.39,6.8661,7.8447
2023-02-20,,,,,,,,,
2023-02-21,,,,,,1295.99,30.42,6.87,7.8441
2023-02-22,,,,,,1304.31,30.52,6.8908,7.8449
2023-02-23,,,,,,1296.79,30.42,6.9075,7.8469
2023-02-24,,,,,,1304.59,30.54,6.9545,7.8489
2023-02-27,,,,,,1322.45,30.54,6.945,7.8452
2023-02-28,,,,,,1323.45,30.68,6.9325,7.849
2023-03-01,94.2,86.1,83.1,92.8,96.7,1315.15,30.52,6.8656,7.8493
2023-03-02,,,,,,1313.96,30.63,6.9122,7.8495
2023-03-03,,,,,,1300.59,30.59,6.9048,7.8498
2023-03-06,,,,,,1296.14,30.64,6.9295,7.8494
2023-03-07,,,,,,1299.7,30.74,6.9605,7.8498
2023-03-08,,,,,,1320.81,30.71,6.9496,7.8498
2023-03-09,,,,,,1321.58,30.77,6.963,7.8498
2023-03-10,,,,,,1324.51,30.75,6.9025,7.8493
2023-03-13,,,,,,1300.46,30.47,6.8455,7.8414
2023-03-14,,,,,,1306.13,30.53,6.868,7.8482
2023-03-15,,,,,,1317.78,30.71,6.9005,7.8494
2023-03-16,,,,,,1312.13,30.53,6.8965,7.8498
2023-03-17,,,,,,1303.75,30.54,6.887,7.8493
2023-03-20,,,,,,1310.69,30.53,6.877,7.8426
2023-03-21,,,,,,1310.65,30.52,6.883,7.8462
2023-03-22,,,,,,1307.5,30.4,6.8802,7.8472
2023-03-23,,,,,,1278.93,30.29,6.8188,7.8497
2023-03-24,,,,,,1292.57,30.3,6.8675,7.8496
2023-03-27,,,,,,1301.01,30.36,6.8834,7.8498
2023-03-28,,,,,,1298.26,30.35,6.8725,7.8498
2023-03-29,,,,,,1303.38,30.47,6.8862,7.8497
2023-03-30,,,,,,1298.89,30.48,6.87,7.8498
2023-03-31,,,,,,1303.8,30.48,6.8676,7.8499
2023-04-01,90.9,84.9,82.6,93.0,95.9,,,,
2023-04-03,,,,,,1316.38,30.48,6.8776,7.8499
2023-04-04,,,,,,1315.1,30.48,6.878,7.8498
2023-04-05,,,,,,1310.05,30.53,6.8781,7.8498
2023-04-06,,,,,,1319.1,30.54,6.875,7.8497
2023-04-07,,,,,,1319.1,30.49,6.875,7.8497
2023-04-10,,,,,,1319.09,30.44,6.8807,7.8499
2023-04-11,,,,,,1322.04,30.48,6.8866,7.8498
2023-04-12,,,,,,1325.34,30.48,6.873,7.8499
2023-04-13,,,,,,1310.68,30.46,6.8677,7.8499
2023-04-14,,,,,,1299.12,30.52,6.869,7.8499
2023-04-17,,,,,,1311.36,30.54,6.8786,7.8495
2023-04-18,,,,,,1318.43,30.51,6.8755,7.8499
2023-04-19,,,,,,1325.28,30.57,6.8851,7.8495
2023-04-20,,,,,,1323.28,30.58,6.8725,7.8498
2023-04-21,,,,,,1327.53,30.64,6.892,7.8475
2023-04-24,,,,,,1334.94,30.64,6.8958,7.8488
2023-04-25,,,,,,1331.93,30.72,6.932,7.8497
2023-04-26,,,,,,1336.23,30.67,6.9261,7.8499
2023-04-27,,,,,,1337.75,30.7,6.922,7.8498
2023-04-28,,,,,,1338.41,30.72,6.911,7.8498
2023-05-01,91.3,85.1,82.1,92.3,95.2,1339.65,30.79,6.9164,7.8499
2023-05-02,,,,,,1341.0,30.8,6.9164,7.8498
2023-05-03,,,,,,1337.94,30.68,6.9164,7.8499
2023-05-04,,,,,,1322.21,30.7,6.9094,7.848
2023-05-05,,,,,,1318.38,30.64,6.9101,7.8477
2023-05-08,,,,,,1320.49,30.69,6.9125,7.8488
2023-05-09,,,,,,1323.59,30.73,6.9201,7.8415
2023-05-10,,,,,,1324.48,30.68,6.9321,7.8298
2023-05-11,,,,,,1325.09,30.78,6.948,7.8365
2023-05-12,,,,,,1333.74,30.75,6.9575,7.8426
2023-05-15,,,,,,1336.13,30.81,6.952,7.8387
2023-05-16,,,,,,1338.64,30.79,6.9751,7.8378
2023-05-17,,,,,,1337.29,30.78,6.9981,7.8297
2023-05-18,,,,,,1333.88,30.75,7.0355,7.8278
2023-05-19,,,,,,1326.12,30.62,7.006,7.8157
2023-05-22,,,,,,1317.77,30.67,7.0351,7.8286
2023-05-23,,,,,,1312.01,30.73,7.049,7.8357
2023-05-24,,,,,,1316.71,30.84,7.0585,7.8296
2023-05-25,,,,,,1325.9,30.8,7.0775,7.8346
2023-05-26,,,,,,1324.4,30.72,7.063,7.8334
2023-05-29,,,,,,,,,
2023-05-30,,,,,,1324.59,30.55,7.0792,7.8338
2023-05-31,,,,,,1324.55,30.74,7.11,7.8304
2023-06-01,91.3,85.5,81.6,92.5,95.5,1321.35,30.75,7.0934,7.8315
2023-06-02,,,,,,1305.21,30.66,7.0827,7.8371
2023-06-05,,,,,,1308.16,30.71,7.105,7.8375
2023-06-06,,,,,,1297.93,30.71,7.119,7.8432
2023-06-07,,,,,,1303.62,30.74,7.1287,7.8414
2023-06-08,,,,,,1304.26,30.74,7.1109,7.8363
2023-06-09,,,,,,1291.46,30.74,7.1273,7.8383
2023-06-12,,,,,,1288.61,30.76,7.1437,7.8335
2023-06-13,,,,,,1271.48,30.67,7.1585,7.8336
2023-06-14,,,,,,1278.44,30.73,7.148,7.8311
2023-06-15,,,,,,1279.99,30.68,7.13,7.8221
2023-06-16,,,,,,1272.68,30.7,7.125,7.8217
2023-06-19,,,,,,,,,
2023-06-20,,,,,,1280.21,30.91,7.1811,7.8261
2023-06-21,,,,,,1291.78,30.94,7.1779,7.828
2023-06-22,,,,,,1294.75,30.94,7.1777,7.831
2023-06-23,,,,,,1304.19,30.94,7.1777,7.8309
2023-06-26,,,,,,1304.88,31.03,7.2364,7.8295
2023-06-27,,,,,,1299.99,31.02,7.2193,7.8338
2023-06-28,,,,,,1307.76,31.08,7.2436,7.8327
2023-06-29,,,,,,1317.73,31.06,7.2515,7.8384
2023-06-30,,,,,,1317.8,31.14,7.2513,7.8363
2023-07-01,91.0,85.3,81.6,92.0,95.3,,,,
2023-07-03,,,,,,1308.37,31.1,7.24,7.8337
2023-07-04,,,,,,,,,
2023-07-05,,,,,,1298.74,31.14,7.2465,7.8217
2023-07-06,,,,,,1300.85,31.32,7.25,7.8212
2023-07-07,,,,,,1304.89,31.24,7.2205,7.8274
2023-07-10,,,,,,1306.45,31.37,7.2315,7.8283
2023-07-11,,,,,,1293.64,31.3,7.209,7.8276
2023-07-12,,,,,,1288.17,31.24,7.1656,7.8268
2023-07-13,,,,,,1273.99,30.94,7.15,7.8226
2023-07-14,,,,,,1266.28,30.9,7.1403,7.814
2023-07-17,,,,,,1267.02,31.02,7.1711,7.8144
2023-07-18,,,,,,1260.87,30.96,7.1786,7.8126
2023-07-19,,,,,,1265.76,31.13,7.226,7.8085
2023-07-20,,,,,,1269.26,31.09,7.1761,7.8128
2023-07-21,,,,,,1283.71,31.25,7.1861,7.8169
2023-07-24,,,,,,1280.54,31.36,7.1855,7.8117
2023-07-25,,,,,,1275.32,31.29,7.134,7.8123
2023-07-26,,,,,,1274.04,31.19,7.1503,7.8021
2023-07-27,,,,,,1277.23,31.32,7.173,7.8022
2023-07-28,,,,,,1276.69,31.4,7.1488,7.7974
2023-07-31,,,,,,1273.85,31.45,7.1426,7.7987
2023-08-01,91.2,85.4,81.5,90.0,95.9,1283.84,31.56,7.1775,7.7939
2023-08-02,,,,,,1297.66,31.64,7.192,7.8018
2023-08-03,,,,,,1298.54,31.65,7.1651,7.8066
2023-08-04,,,,,,1309.49,31.63,7.1709,7.8102
2023-08-07,,,,,,1305.94,31.71,7.1895,7.8065
2023-08-08,,,,,,1316.02,31.85,7.216,7.8135
2023-08-09,,,,,,1315.45,31.77,7.2085,7.8208
2023-08-10,,,,,,1315.54,31.78,7.2165,7.8183
2023-08-11,,,,,,1324.17,31.87,7.2367,7.817
2023-08-14,,,,,,1330.05,31.94,7.2585,7.8184
2023-08-15,,,,,,1335.0,31.91,7.2817,7.8233
2023-08-16,,,,,,1336.84,31.96,7.2985,7.8302
2023-08-17,,,,,,1341.13,31.95,7.291,7.8301
2023-08-18,,,,,,1337.99,31.91,7.28,7.8304
2023-08-21,,,,,,1342.45,31.93,7.2865,7.8389
2023-08-22,,,,,,1335.06,31.98,7.293,7.8378
2023-08-23,,,,,,1339.12,31.87,7.2771,7.8404
2023-08-24,,,,,,1321.07,31.82,7.2786,7.8428
2023-08-25,,,,,,1324.11,31.8,7.289,7.8441
2023-08-28,,,,,,1323.2,31.88,7.29,7.8454
2023-08-29,,,,,,1321.87,31.85,7.2796,7.8462
2023-08-30,,,,,,1323.42,31.82,7.2839,7.8469
2023-08-31,,,,,,1322.43,31.87,7.2582,7.8425
2023-09-01,91.3,85.5,81.4,89.7,95.9,1318.34,31.87,7.2606,7.8457
2023-09-04,,,,,,,,,
2023-09-05,,,,,,1330.16,31.92,7.3018,7.8407
2023-09-06,,,,,,1330.87,31.95,7.316,7.843
2023-09-07,,,,,,1335.03,32.04,7.3287,7.8388
2023-09-08,,,,,,1332.83,32.06,7.343,7.8397
2023-09-11,,,,,,1331.59,31.97,7.2882,7.8327
2023-09-12,,,,,,1327.29,32.04,7.2911,7.8287
2023-09-13,,,,,,1329.7,31.95,7.27,7.8256
2023-09-14,,,,,,1325.88,31.91,7.277,7.8281
2023-09-15,,,,,,1325.89,31.89,7.2744,7.8283
2023-09-18,,,,,,1323.99,31.94,7.2915,7.8181
2023-09-19,,,,,,1328.13,32.03,7.2964,7.8192
2023-09-20,,,,,,1330.34,32.02,7.287,7.8223
2023-09-21,,,,,,1340.08,32.12,7.3066,7.8204
2023-09-22,,,,,,1336.58,32.12,7.298,7.8207
2023-09-25,,,,,,1336.03,32.13,7.311,7.8161
2023-09-26,,,,,,1348.69,32.2,7.31,7.8226
2023-09-27,,,,,,1349.05,32.23,7.3105,7.8207
2023-09-28,,,,,,1356.41,32.24,7.301,7.8282
2023-09-29,,,,,,1347.86,32.24,7.296,7.8308
2023-10-01,91.4,85.4,81.5,90.1,95.6,,,,
2023-10-02,,,,,,1351.67,32.21,7.296,7.8324
2023-10-03,,,,,,1360.62,32.34,7.296,7.8318
2023-10-04,,,,,,1362.94,32.35,7.296,7.8287
2023-10-05,,,,,,1350.22,32.28,7.296,7.8311
2023-10-06,,,,,,1350.17,32.13,7.296,7.8315
2023-10-09,,,,,,,,,
2023-10-10,,,,,,1349.79,32.13,7.2948,7.8192
2023-10-11,,,,,,1339.31,32.09,7.2992,7.8195
2023-10-12,,,,,,1338.21,32.19,7.3019,7.8228
2023-10-13,,,,,,1349.65,32.21,7.3049,7.8238
2023-10-16,,,,,,1353.67,32.28,7.3105,7.8183
2023-10-17,,,,,,1353.6,32.34,7.3105,7.8236
2023-10-18,,,,,,1349.45,32.3,7.3161,7.8287
2023-10-19,,,,,,1357.5,32.38,7.3126,7.8247
2023-10-20,,,,,,1352.92,32.36,7.3155,7.8242
2023-10-23,,,,,,1353.7,32.31,7.3158,7.8245
2023-10-24,,,,,,1342.68,32.3,7.309,7.8228
2023-10-25,,,,,,1349.07,32.38,7.3165,7.8221
2023-10-26,,,,,,1359.32,32.47,7.315,7.8206
2023-10-27,,,,,,1355.15,32.43,7.3171,7.8218
2023-10-30,,,,,,1350.98,32.4,7.3133,7.8209
2023-10-31,,,,,,1351.03,32.47,7.3166,7.8246
2023-11-01,91.2,85.1,81.4,90.0,95.1,1356.94,32.47,7.3175,7.8231
2023-11-02,,,,,,1342.91,32.36,7.316,7.8247
2023-11-03,,,,,,1322.04,32.27,7.3005,7.8239
2023-11-06,,,,,,1297.94,32.1,7.2695,7.8197
2023-11-07,,,,,,1308.33,32.22,7.2788,7.8199
2023-11-08,,,,,,1309.98,32.21,7.28,7.8159
2023-11-09,,,,,,1309.89,32.3,7.2835,7.8097
2023-11-10,,,,,,,,,
2023-11-13,,,,,,1324.97,32.32,7.289,7.807
2023-11-14,,,,,,1328.74,32.14,7.253,7.8069
2023-11-15,,,,,,1300.34,31.95,7.2466,7.8068
2023-11-16,,,,,,1297.1,31.84,7.2416,7.8033
2023-11-17,,,,,,1296.21,31.8,7.212,7.7978
2023-11-20,,,,,,1291.48,31.51,7.168,7.7933
2023-11-21,,,,,,1289.34,31.3,7.1352,7.795
2023-11-22,,,,,,1300.06,31.63,7.155,7.7968
2023-11-23,,,,,,,,,
2023-11-24,,,,,,1306.08,31.63,7.1488,7.7931
2023-11-27,,,,,,1304.33,31.55,7.1528,7.792
2023-11-28,,,,,,1293.71,31.45,7.138,7.797
2023-11-29,,,,,,1292.74,31.19,7.13,7.8057
2023-11-30,,,,,,1289.95,31.26,7.136,7.8095
2023-12-01,89.8,84.5,81.3,89.7,94.7,1305.45,31.34,7.1386,7.8147
2023-12-04,,,,,,1304.43,31.45,7.1424,7.8157
2023-12-05,,,,,,1311.47,31.49,7.1444,7.8192
2023-12-06,,,,,,1313.03,31.48,7.158,7.8121
2023-12-07,,,,,,1325.27,31.4,7.1515,7.813
2023-12-08,,,,,,1307.11,31.5,7.1645,7.8103
2023-12-11,,,,,,1316.38,31.5,7.1765,7.8054
2023-12-12,,,,,,1313.75,31.47,7.1755,7.8099
2023-12-13,,,,,,1319.76,31.52,7.1725,7.8137
2023-12-14,,,,,,1296.11,31.22,7.1088,7.8088
2023-12-15,,,,,,1295.92,31.22,7.1179,7.8032
2023-12-18,,,,,,1297.63,31.38,7.1297,7.7962
2023-12-19,,,,,,1307.95,31.29,7.1287,7.799
2023-12-20,,,,,,1299.22,31.28,7.1355,7.8059
2023-12-21,,,,,,1304.82,31.21,7.1381,7.8095
2023-12-22,,,,,,1302.54,31.11,7.1315,7.8137
2023-12-25,,,,,,,,,
2023-12-26,,,,,,1294.25,30.97,7.1432,7.8102
2023-12-27,,,,,,1293.38,30.89,7.1405,7.8096
2023-12-28,,,,,,1288.45,30.69,7.1065,7.815
2023-12-29,,,,,,1290.97,30.62,7.0999,7.8109
2024-01-01,89.8,84.3,81.3,89.4,94.4,,,,
2024-01-02,,,,,,1300.52,30.81,7.1426,7.815
2024-01-03,,,,,,1305.1,31.07,7.1497,7.8078
2024-01-04,,,,,,1310.39,31.08,7.1589,7.8081
2024-01-05,,,,,,1315.62,30.96,7.145,7.8092
2024-01-08,,,,,,1315.58,30.94,7.154,7.8065
2024-01-09,,,,,,1315.92,31.03,7.1675,7.8158
2024-01-10,,,,,,1320.42,31.11,7.1711,7.8196
2024-01-11,,,,,,1313.04,31.09,7.167,7.8186
2024-01-12,,,,,,1313.41,31.12,7.1665,7.8195
2024-01-15,,,,,,,,,
2024-01-16,,,,,,1331.5,31.42,7.1874,7.8263
2024-01-17,,,,,,1344.23,31.6,7.196,7.8216
2024-01-18,,,,,,1338.73,31.57,7.1961,7.8209
2024-01-19,,,,,,1338.53,31.4,7.1931,7.8184
2024-01-22,,,,,,1338.25,31.33,7.192,7.8179
2024-01-23,,,,,,1333.76,31.34,7.172,7.8218
2024-01-24,,,,,,1337.74,31.34,7.158,7.8179
2024-01-25,,,,,,1336.0,31.3,7.169,7.8179
2024-01-26,,,,,,1336.08,31.29,7.1763,7.8138
2024-01-29,,,,,,1335.5,31.22,7.1798,7.8131
2024-01-30,,,,,,1328.93,31.13,7.1755,7.8174
2024-01-31,,,,,,1334.9,31.29,7.1673,7.8175
2024-02-01,90.1,83.9,81.2,89.0,94.2,1331.78,31.33,7.1799,7.8192
2024-02-02,,,,,,1321.9,31.22,7.192,7.8202
2024-02-05,,,,,,1330.98,31.36,7.1982,7.8213
2024-02-06,,,,,,1326.83,31.33,7.1908,7.8233
2024-02-07,,,,,,1327.37,31.36,7.1943,7.819
2024-02-08,,,,,,1328.07,31.36,7.1965,7.8212
2024-02-09,,,,,,1333.1,31.36,7.1929,7.8198
2024-02-12,,,,,,1331.37,31.36,7.1928,7.8198
2024-02-13,,,,,,1327.88,31.36,7.1928,7.819
2024-02-14,,,,,,1335.06,31.36,7.1928,7.8185
2024-02-15,,,,,,1333.84,31.42,7.1928,7.8198
2024-02-16,,,,,,1334.96,31.35,7.1928,7.8221
2024-02-19,,,,,,,,,
2024-02-20,,,,,,1337.25,31.5,7.1905,7.8209
2024-02-21,,,,,,1334.95,31.53,7.1891,7.8208
2024-02-22,,,,,,1328.71,31.51,7.1944,7.8218
2024-02-23,,,,,,1328.71,31.51,7.197,7.824
2024-02-26,,,,,,1330.86,31.57,7.1972,7.8239
2024-02-27,,,,,,1330.86,31.6,7.1977,7.825
2024-02-28,,,,,,1336.02,31.65,7.1976,7.8275
2024-02-29,,,,,,1336.19,31.62,7.1977,7.8286
2024-03-01,89.6,83.8,81.1,89.0,94.3,1334.8,31.61,7.196,7.8289
2024-03-04,,,,,,1331.29,31.52,7.1987,7.8243
2024-03-05,,,,,,1336.51,31.58,7.1965,7.8237
2024-03-06,,,,,,1333.99,31.57,7.1977,7.8242
2024-03-07,,,,,,1324.3,31.53,7.1925,7.8207
2024-03-08,,,,,,1319.28,31.41,7.1855,7.8209
2024-03-11,,,,,,1312.55,31.41,7.182,7.8198
2024-03-12,,,,,,1310.82,31.43,7.1804,7.8237
2024-03-13,,,,,,1314.67,31.47,7.1875,7.8227
2024-03-14,,,,,,1318.2,31.5,7.1932,7.8218
2024-03-15,,,,,,1329.35,31.66,7.1953,7.821
2024-03-18,,,,,,1333.59,31.66,7.1981,7.8199
2024-03-19,,,,,,1338.28,31.78,7.1991,7.8228
2024-03-20,,,,,,1339.02,31.86,7.1992,7.8239
2024-03-21,,,,,,1322.11,31.93,7.1993,7.8216
2024-03-22,,,,,,1338.14,31.96,7.2289,7.8219
2024-03-25,,,,,,1342.61,31.83,7.2102,7.8213
2024-03-26,,,,,,1344.0,31.9,7.2176,7.8231
2024-03-27,,,,,,1348.58,32.01,7.227,7.8237
2024-03-28,,,,,,1346.01,31.99,7.2262,7.8263
2024-03-29,,,,,,1347.08,31.93,7.2203,7.8259
2024-04-01,89.3,83.9,81.1,89.0,94.6,1348.75,32.07,7.2308,7.8259
2024-04-02,,,,,,1351.37,32.05,7.232,7.8284
2024-04-03,,,,,,1348.5,32.02,7.233,7.8288
2024-04-04,,,,,,1346.87,32.03,7.2339,7.8285
2024-04-05,,,,,,1352.58,32.09,7.2339,7.8284
2024-04-08,,,,,,1353.2,32.1,7.2305,7.8312
2024-04-09,,,,,,1354.8,32.02,7.2316,7.8308
2024-04-10,,,,,,1349.05,32.2,7.2341,7.8347
2024-04-11,,,,,,1364.19,32.21,7.2373,7.8368
2024-04-12,,,,,,1374.74,32.26,7.2374,7.8367
2024-04-15,,,,,,1383.63,32.37,7.2382,7.8285
2024-04-16,,,,,,1393.92,32.49,7.2383,7.8319
2024-04-17,,,,,,1385.88,32.46,7.2389,7.831
2024-04-18,,,,,,1373.42,32.47,7.2382,7.8314
2024-04-19,,,,,,1376.72,32.52,7.2403,7.8334
2024-04-22,,,,,,1381.84,32.53,7.2403,7.8334
2024-04-23,,,,,,1379.27,32.56,7.2445,7.8361
2024-04-24,,,,,,1369.86,32.64,7.246,7.832
2024-04-25,,,,,,1369.86,32.58,7.246,7.8283
2024-04-26,,,,,,1375.1,32.58,7.2464,7.8281
2024-04-29,,,,,,1377.35,32.54,7.2318,7.8263
2024-04-30,,,,,,1381.92,32.58,7.2401,7.821
2024-05-01,89.2,83.6,81.0,89.5,94.4,1386.95,32.56,7.2405,7.8234
2024-05-02,,,,,,1375.39,32.5,7.2405,7.8155
2024-05-03,,,,,,1363.04,32.35,7.2405,7.8116
2024-05-06,,,,,,1358.81,32.35,7.2071,7.8162
2024-05-07,,,,,,1359.45,32.37,7.2185,7.8212
2024-05-08,,,,,,1359.45,32.37,7.2185,7.8166
2024-05-09,,,,,,1369.74,32.43,7.2198,7.8146
2024-05-10,,,,,,1367.77,32.42,7.226,7.8135
2024-05-13,,,,,,1367.91,32.41,7.2325,7.8112
2024-05-14,,,,,,1368.77,32.33,7.2335,7.8119
2024-05-15,,,,,,1360.15,32.17,7.219,7.8104
2024-05-16,,,,,,1345.15,32.12,7.2181,7.8023
2024-05-17,,,,,,1354.83,32.2,7.2233,7.8016
2024-05-20,,,,,,1356.0,32.24,7.2344,7.7979
2024-05-21,,,,,,1363.54,32.29,7.2376,7.8038
2024-05-22,,,,,,1362.36,32.27,7.2405,7.8064
2024-05-23,,,,,,1362.38,32.22,7.2421,7.8087
2024-05-24,,,,,,1369.02,32.21,7.2425,7.8128
2024-05-27,,,,,,,,,
2024-05-28,,,,,,1357.65,32.18,7.2451,7.8112
2024-05-29,,,,,,1365.07,32.38,7.2494,7.8134
2024-05-30,,,,,,1365.07,32.38,7.2493,7.8174
2024-05-31,,,,,,1385.43,32.48,7.241,7.8199
2024-06-01,89.3,83.7,81.0,89.5,94.3,,,,
2024-06-03,,,,,,1375.91,32.4,7.242,7.8198
2024-06-04,,,,,,1375.96,32.35,7.2393,7.8126
2024-06-05,,,,,,1372.58,32.34,7.2475,7.8112
2024-06-06,,,,,,1365.45,32.26,7.2451,7.8108
2024-06-07,,,,,,1366.38,32.41,7.2466,7.8107
2024-06-10,,,,,,1375.71,32.23,7.2475,7.8132
2024-06-11,,,,,,1375.71,32.23,7.2544,7.8116
2024-06-12,,,,,,1378.01,32.37,7.2544,7.8083
2024-06-13,,,,,,1376.11,32.36,7.2519,7.8104
2024-06-14,,,,,,1378.96,32.34,7.2557,7.8118
2024-06-17,,,,,,1380.5,32.37,7.2561,7.8106
2024-06-18,,,,,,1380.88,32.36,7.2543,7.8075
2024-06-19,,,,,,,,,
2024-06-20,,,,,,1384.38,32.37,7.2604,7.8042
2024-06-21,,,,,,1388.17,32.37,7.2609,7.8051
2024-06-24,,,,,,1389.17,32.36,7.2586,7.8079
2024-06-25,,,,,,1387.16,32.5,7.2629,7.8091
2024-06-26,,,,,,1388.65,32.55,7.2666,7.8089
2024-06-27,,,,,,1385.76,32.54,7.2688,7.8086
2024-06-28,,,,,,1376.55,32.45,7.2672,7.8083
2024-07-01,89.4,83.9,80.9,89.4,94.8,1383.0,32.52,7.2683,7.8117
2024-07-02,,,,,,1386.55,32.62,7.2712,7.8138
2024-07-03,,,,,,1384.85,32.64,7.2699,7.8109
2024-07-04,,,,,,,,,
2024-07-05,,,,,,1379.87,32.42,7.268,7.812
2024-07-08,,,,,,1382.73,32.45,7.2683,7.8103
2024-07-09,,,,,,1383.39,32.55,7.2725,7.8113
2024-07-10,,,,,,1383.42,32.59,7.2758,7.8107
2024-07-11,,,,,,1370.85,32.51,7.2573,7.8074
2024-07-12,,,,,,1374.9,32.52,7.2495,7.8073
2024-07-15,,,,,,1382.97,32.57,7.2592,7.8058
2024-07-16,,,,,,1384.99,32.57,7.2685,7.8072
2024-07-17,,,,,,1380.61,32.58,7.2607,7.8073
2024-07-18,,,,,,1383.85,32.61,7.26,7.8098
2024-07-19,,,,,,1389.29,32.74,7.2695,7.8104
2024-07-22,,,,,,1388.71,32.86,7.2736,7.8067
2024-07-23,,,,,,1385.78,32.78,7.2748,7.8084
2024-07-24,,,,,,1379.4,32.72,7.2622,7.8087
2024-07-25,,,,,,1380.57,32.72,7.231,7.8064
2024-07-26,,,,,,1383.11,32.8,7.2502,7.8072
2024-07-29,,,,,,1381.93,32.88,7.2597,7.81
2024-07-30,,,,,,1384.98,32.85,7.2511,7.8129
2024-07-31,,,,,,1369.29,32.69,7.2193,7.8117
2024-08-01,89.7,84.1,81.0,90.5,94.8,1368.5,32.79,7.2441,7.8153
2024-08-02,,,,,,1359.38,32.64,7.16,7.8072
2024-08-05,,,,,,1367.68,32.67,7.13,7.7852
2024-08-06,,,,,,1377.4,32.78,7.1563,7.7942
2024-08-07,,,,,,1374.98,32.65,7.176,7.799
2024-08-08,,,,,,1376.94,32.43,7.1747,7.7924
2024-08-09,,,,,,1363.71,32.41,7.166,7.7974
2024-08-12,,,,,,1369.87,32.43,7.1744,7.7907
2024-08-13,,,,,,1367.28,32.39,7.1558,7.7888
2024-08-14,,,,,,1355.35,32.28,7.1382,7.7923
2024-08-15,,,,,,1363.21,32.27,7.1734,7.7966
2024-08-16,,,,,,1354.34,32.28,7.1644,7.7959
2024-08-19,,,,,,1334.21,32.01,7.1393,7.7916
2024-08-20,,,,,,1331.78,31.94,7.132,7.7889
2024-08-21,,,,,,1333.74,31.9,7.1344,7.794
2024-08-22,,,,,,1343.23,31.95,7.144,7.7969
2024-08-23,,,,,,1327.56,31.82,7.1244,7.7961
2024-08-26,,,,,,1328.53,31.85,7.1212,7.7967
2024-08-27,,,,,,1330.9,31.93,7.1244,7.8025
2024-08-28,,,,,,1335.15,31.96,7.1245,7.7999
2024-08-29,,,,,,1332.02,31.86,7.0972,7.7981
2024-08-30,,,,,,1336.0,31.95,7.09,7.7974
2024-09-01,89.7,84.1,81.0,91.1,95.4,,,,
2024-09-02,,,,,,,,,
2024-09-03,,,,,,1339.79,32.06,7.1209,7.7986
2024-09-04,,,,,,1336.93,32.12,7.1119,7.7969
2024-09-05,,,,,,1335.14,32.07,7.0921,7.7958
2024-09-06,,,,,,1335.68,31.99,7.0876,7.7945
2024-09-09,,,,,,1342.16,32.09,7.1133,7.7969
2024-09-10,,,,,,1343.41,32.17,7.1205,7.797
2024-09-11,,,,,,1340.59,32.15,7.1192,7.7987
2024-09-12,,,,,,1341.35,32.15,7.1173,7.8028
2024-09-13,,,,,,1329.26,31.98,7.093,7.7988
2024-09-16,,,,,,1320.59,31.88,7.0958,7.7936
2024-09-17,,,,,,1323.81,31.88,7.0958,7.7923
2024-09-18,,,,,,1324.15,31.97,7.0812,7.792
2024-09-19,,,,,,1329.08,31.93,7.0675,7.7946
2024-09-20,,,,,,1333.66,31.98,7.0505,7.7916
2024-09-23,,,,,,1334.12,32.04,7.0508,7.7859
2024-09-24,,,,,,1330.0,31.86,7.0318,7.7856
2024-09-25,,,,,,1335.1,31.94,7.0315,7.7847
2024-09-26,,,,,,1314.78,31.66,7.0106,7.7787
2024-09-27,,,,,,1309.43,31.55,7.0111,7.7725
2024-09-30,,,,,,1314.94,31.65,7.0176,7.7693
2024-10-01,90.3,84.3,80.9,91.4,95.7,1323.78,31.89,7.0175,7.7738
2024-10-02,,,,,,1321.53,31.85,7.0175,7.765
2024-10-03,,,,,,1335.58,31.85,7.0175,7.7656
2024-10-04,,,,,,1348.74,32.31,7.0175,7.7672
2024-10-07,,,,,,1343.75,32.16,7.0175,7.7664
2024-10-08,,,,,,1346.49,32.22,7.0595,7.7742
2024-10-09,,,,,,1346.04,32.24,7.0818,7.7715
2024-10-10,,,,,,1350.77,32.27,7.0794,7.7703
2024-10-11,,,,,,1350.71,32.16,7.0667,7.7712
2024-10-14,,,,,,,,,
2024-10-15,,,,,,1365.17,32.21,7.1192,7.7682
2024-10-16,,,,,,1363.76,32.17,7.1192,7.7704
2024-10-17,,,,,,1371.08,32.16,7.1216,7.7743
2024-10-18,,,,,,1369.65,32.04,7.1015,7.7693
2024-10-21,,,,,,1379.14,31.96,7.1189,7.7737
2024-10-22,,,,,,1379.22,32.05,7.123,7.772
2024-10-23,,,,,,1381.61,32.08,7.1252,7.7708
2024-10-24,,,,,,1382.11,32.1,7.119,7.7707
2024-10-25,,,,,,1389.24,32.06,7.1199,7.7705
2024-10-28,,,,,,1385.57,32.09,7.1254,7.7721
2024-10-29,,,,,,1382.2,32.1,7.1301,7.7713
2024-10-30,,,,,,1378.41,32.01,7.1229,7.7735
2024-10-31,,,,,,1377.57,32.01,7.1178,7.774
2024-11-01,93.0,85.2,80.9,91.3,95.6,1376.95,31.86,7.1214,7.7766
2024-11-04,,,,,,1375.17,31.9,7.0995,7.7729
2024-11-05,,,,,,1380.26,31.94,7.1047,7.7708
2024-11-06,,,,,,1399.98,32.33,7.1782,7.7755
2024-11-07,,,,,,1384.66,32.24,7.1412,7.7711
2024-11-08,,,,,,1396.69,32.11,7.1785,7.7753
2024-11-11,,,,,,,,,
2024-11-12,,,,,,1408.28,32.43,7.232,7.7784
2024-11-13,,,,,,1404.24,32.46,7.2245,7.781
2024-11-14,,,,,,1402.77,32.54,7.2272,7.7825
2024-11-15,,,,,,1397.42,32.47,7.2288,7.7857
2024-11-18,,,,,,1394.28,32.53,7.2364,7.7838
2024-11-19,,,,,,1392.83,32.38,7.2392,7.7835
2024-11-20,,,,,,1399.51,32.49,7.2459,7.7835
2024-11-21,,,,,,1401.0,32.55,7.2368,7.7835
2024-11-22,,,,,,1405.49,32.55,7.2455,7.784
2024-11-25,,,,,,1401.03,32.46,7.2395,7.7827
2024-11-26,,,,,,1396.69,32.47,7.252,7.7831
2024-11-27,,,,,,1391.14,32.54,7.2458,7.7809
2024-11-28,,,,,,,,,
2024-11-29,,,,,,1396.99,32.5,7.2423,7.7805
2024-12-01,93.1,84.8,80.8,90.8,94.9,,,,
2024-12-02,,,,,,1406.13,32.63,7.2714,7.781
2024-12-03,,,,,,1427.83,32.55,7.2858,7.7825
2024-12-04,,,,,,1412.16,32.39,7.2632,7.7846
2024-12-05,,,,,,1415.88,32.4,7.2558,7.782
2024-12-06,,,,,,1422.4,32.37,7.27,7.7802
2024-12-09,,,,,,1430.05,32.43,7.2604,7.774
2024-12-10,,,,,,1432.6,32.46,7.25,7.7747
2024-12-11,,,,,,1428.5,32.55,7.2605,7.776
2024-12-12,,,,,,1429.47,32.5,7.2685,7.7747
2024-12-13,,,,,,1434.82,32.5,7.2756,7.7756
2024-12-16,,,,,,1437.86,32.48,7.2836,7.7758
2024-12-17,,,,,,1436.16,32.49,7.2846,7.77
2024-12-18,,,,,,1438.13,32.47,7.2864,7.7706
2024-12-19,,,,,,1446.06,32.67,7.2965,7.7718
2024-12-20,,,,,,1444.52,32.69,7.2953,7.7707
2024-12-23,,,,,,1451.76,32.71,7.2977,7.7702
2024-12-24,,,,,,1457.36,32.69,7.2946,7.7661
2024-12-25,,,,,,,,,
2024-12-26,,,,,,1467.66,32.73,7.2981,7.7677
2024-12-27,,,,,,1470.4,32.78,7.298,7.7617
2024-12-30,,,,,,1472.32,32.78,7.2993,7.7635
2024-12-31,,,,,,1477.86,32.79,7.2993,7.7677
2025-01-01,92.3,84.4,79.8,90.8,94.8,,,,
2025-01-02,,,,,,1472.52,32.88,7.2994,7.7768
2025-01-03,,,,,,1470.0,32.96,7.3199,7.7791
2025-01-06,,,,,,1459.94,32.86,7.3223,7.7749
2025-01-07,,,,,,1452.42,32.71,7.3264,7.7767
2025-01-08,,,,,,1459.85,32.89,7.3316,7.7791
2025-01-09,,,,,,1459.23,32.95,7.3321,7.7816
2025-01-10,,,,,,1473.36,33.08,7.3326,7.7864
2025-01-13,,,,,,1466.87,33.11,7.3319,7.7853
2025-01-14,,,,,,1459.5,32.97,7.3311,7.7862
2025-01-15,,,,,,1456.5,32.96,7.3304,7.7868
2025-01-16,,,,,,1456.16,32.92,7.3316,7.7877
2025-01-17,,,,,,1457.04,32.92,7.3249,7.784
2025-01-20,,,,,,,,,
2025-01-21,,,,,,1435.29,32.74,7.2712,7.7855
2025-01-22,,,,,,1435.77,32.77,7.2728,7.7882
2025-01-23,,,,,,1434.29,32.77,7.288,7.7896
2025-01-24,,,,,,1429.17,32.67,7.244,7.7878
2025-01-27,,,,,,1433.83,32.87,7.2507,7.7885
2025-01-28,,,,,,1446.42,32.88,7.2422,7.7906
2025-01-29,,,,,,1441.85,32.85,7.2422,7.7916
2025-01-30,,,,,,1442.16,32.81,7.2422,7.7911
2025-01-31,,,,,,1453.86,32.85,7.2422,7.7917
2025-02-01,92.1,84.5,78.8,90.5,96.4,,,,
2025-02-03,,,,,,1461.21,33.06,7.2422,7.7928
2025-02-04,,,,,,1451.02,32.85,7.2422,7.7861
2025-02-05,,,,,,1442.37,32.97,7.272,7.7868
2025-02-06,,,,,,1447.05,32.84,7.2883,7.7868
2025-02-07,,,,,,1453.97,32.76,7.2943,7.7907
2025-02-10,,,,,,1451.0,32.83,7.3045,7.7887
2025-02-11,,,,,,1452.31,32.82,7.3072,7.7908
2025-02-12,,,,,,1453.49,32.84,7.3088,7.7899
2025-02-13,,,,,,1446.95,32.8,7.2888,7.7886
2025-02-14,,,,,,1439.89,32.73,7.253,7.7841
2025-02-17,,,,,,,,,
2025-02-18,,,,,,1438.83,32.73,7.2786,7.774
2025-02-19,,,,,,1441.06,32.74,7.2833,7.7776
2025-02-20,,,,,,1434.71,32.71,7.2555,7.7753
2025-02-21,,,,,,1434.06,32.75,7.2501,7.7692
2025-02-24,,,,,,1429.77,32.7,7.2476,7.7743
2025-02-25,,,,,,1433.79,32.79,7.2512,7.7746
2025-02-26,,,,,,1433.2,32.79,7.2595,7.773
2025-02-27,,,,,,1447.35,32.81,7.2853,7.7756
2025-02-28,,,,,,1459.04,32.89,7.2828,7.7775
2025-03-01,92.0,84.4,77.9,90.4,95.9,,,,
2025-03-03,,,,,,1456.49,32.9,7.2843,7.776
2025-03-04,,,,,,1458.46,32.91,7.2651,7.7734
2025-03-05,,,,,,1445.21,32.79,7.2506,7.7713
2025-03-06,,,,,,1447.34,32.86,7.2468,7.7711
2025-03-07,,,,,,1449.3,32.81,7.234,7.7723
2025-03-10,,,,,,1456.74,32.88,7.2591,7.7677
2025-03-11,,,,,,1453.07,32.87,7.2278,7.7704
2025-03-12,,,,,,1451.7,32.94,7.2372,7.7697
2025-03-13,,,,,,1455.76,32.98,7.2439,7.7718
2025-03-14,,,,,,1451.76,32.97,7.2377,7.7718
2025-03-17,,,,,,1444.71,33.01,7.2327,7.7697
2025-03-18,,,,,,1451.28,33.0,7.2273,7.7693
2025-03-19,,,,,,1462.15,33.03,7.23,7.7701
2025-03-20,,,,,,1467.77,33.0,7.2477,7.7722
2025-03-21,,,,,,1466.49,33.0,7.2486,7.7731
2025-03-24,,,,,,1466.91,33.02,7.2531,7.7744
2025-03-25,,,,,,1465.32,33.07,7.2569,7.7745
2025-03-26,,,,,,1467.25,33.1,7.2675,7.7763
2025-03-27,,,,,,1463.9,33.11,7.2645,7.7759
2025-03-28,,,,,,1469.2,33.12,7.2628,7.7784
2025-03-31,,,,,,1474.44,33.19,7.2567,7.7799
2025-04-01,91.3,84.1,77.6,89.9,95.7,1471.0,33.21,7.2697,7.7803
2025-04-02,,,,,,1462.06,33.13,7.2675,7.782
2025-04-03,,,,,,1450.55,33.21,7.2813,7.7767
2025-04-04,,,,,,1457.76,32.96,7.2803,7.7734
2025-04-07,,,,,,1470.22,33.02,7.3081,7.7695
2025-04-08,,,,,,1477.97,33.01,7.3388,7.7707
2025-04-09,,,,,,1472.75,32.85,7.3499,7.7549
2025-04-10,,,,,,1450.37,32.86,7.314,7.7597
2025-04-11,,,,,,1418.79,32.5,7.2915,7.7578
2025-04-14,,,,,,1422.56,32.36,7.3119,7.755
2025-04-15,,,,,,1427.16,32.48,7.315,7.7573
2025-04-16,,,,,,1415.24,32.48,7.3053,7.7609
2025-04-17,,,,,,1416.1,32.49,7.299,7.7631
2025-04-18,,,,,,1423.49,32.58,7.2996,7.7626
2025-04-21,,,,,,1420.52,32.38,7.2914,7.761
2025-04-22,,,,,,1425.0,32.48,7.3118,7.7583
2025-04-23,,,,,,1425.88,32.5,7.286,7.7598
2025-04-24,,,,,,1432.97,32.52,7.2879,7.7585
2025-04-25,,,,,,1440.72,32.52,7.2864,7.7568
2025-04-28,,,,,,1436.31,32.45,7.2942,7.7566
2025-04-29,,,,,,1432.01,32.22,7.269,7.7587
2025-04-30,,,,,,1425.68,31.96,7.2706,7.7548
2025-05-01,90.8,84.0,77.3,90.7,95.2,1437.58,32.07,7.2706,7.7566
2025-05-02,,,,,,1398.89,30.79,7.2706,7.75
2025-05-05,,,,,,1375.11,29.93,7.2706,7.7501
2025-05-06,,,,,,1377.15,29.92,7.2164,7.7509
2025-05-07,,,,,,1391.86,30.27,7.225,7.7604
2025-05-08,,,,,,1403.61,30.27,7.234,7.7732
2025-05-09,,,,,,1398.51,30.19,7.2364,7.7781
2025-05-12,,,,,,1417.77,30.37,7.2018,7.7922
2025-05-13,,,,,,1418.65,30.43,7.2057,7.7962
2025-05-14,,,,,,1398.83,30.29,7.208,7.8065
2025-05-15,,,,,,1397.65,30.15,7.2067,7.8057
2025-05-16,,,,,,1401.19,30.12,7.209,7.8143
2025-05-19,,,,,,1388.48,30.15,7.2144,7.821
2025-05-20,,,,,,1393.36,30.16,7.2194,7.8284
2025-05-21,,,,,,1371.64,30.14,7.2019,7.8315
2025-05-22,,,,,,1381.55,30.05,7.2037,7.8272
2025-05-23,,,,,,1365.03,29.92,7.1798,7.8317
2025-05-26,,,,,,,,,
2025-05-27,,,,,,1375.85,29.96,7.195,7.8383
2025-05-28,,,,,,1374.6,29.88,7.1941,7.8388
2025-05-29,,,,,,1371.75,29.72,7.1855,7.8403
2025-05-30,,,,,,1381.13,29.87,7.1991,7.8409
2025-06-01,89.6,83.5,77.1,90.2,95.1,,,,
2025-06-02,,,,,,1376.42,29.95,7.1975,7.8443
2025-06-03,,,,,,1378.45,30.0,7.1872,7.8451
2025-06-04,,,,,,1364.16,29.97,7.1844,7.8462
2025-06-05,,,,,,1355.97,29.93,7.175,7.8458
2025-06-06,,,,,,1360.28,29.92,7.1886,7.8469
2025-06-09,,,,,,1354.99,29.91,7.1802,7.8479
2025-06-10,,,,,,1367.55,29.94,7.187,7.8487
2025-06-11,,,,,,1368.29,29.83,7.1928,7.8493
2025-06-12,,,,,,1356.47,29.5,7.1726,7.8493
2025-06-13,,,,,,1364.93,29.56,7.181,7.8495
2025-06-16,,,,,,1357.55,29.4,7.179,7.8498
2025-06-17,,,,,,1370.29,29.48,7.1845,7.8497
2025-06-18,,,,,,1372.11,29.54,7.1888,7.8498
2025-06-19,,,,,,,,,
2025-06-20,,,,,,1372.45,29.57,7.1785,7.8499
2025-06-23,,,,,,1382.61,29.73,7.179,7.8499
2025-06-24,,,,,,1359.0,29.46,7.1713,7.8499
2025-06-25,,,,,,1362.17,29.38,7.1764,7.8496
2025-06-26,,,,,,1355.64,29.18,7.1675,7.8498
2025-06-27,,,,,,1360.72,29.03,7.1721,7.8499
2025-06-30,,,,,,1353.5,29.18,7.1636,7.8499
2025-07-01,89.9,83.8,76.9,90.3,94.3,1358.06,29.24,7.1647,7.8496
2025-07-02,,,,,,1356.9,28.98,7.1649,7.8496
2025-07-03,,,,,,1364.65,28.88,7.1684,7.8499
2025-07-04,,,,,,,,,
2025-07-07,,,,,,1369.6,29.03,7.1744,7.8498
2025-07-08,,,,,,1372.74,29.03,7.1738,7.8496
2025-07-09,,,,,,1375.04,29.19,7.18,7.8496
2025-07-10,,,,,,1373.37,29.23,7.1748,7.8499
2025-07-11,,,,,,1375.37,29.19,7.1681,7.8496
2025-07-14,,,,,,1382.51,29.28,7.167,7.8499
2025-07-15,,,,,,1385.39,29.39,7.1729,7.8499
2025-07-16,,,,,,1390.84,29.4,7.1791,7.8499
2025-07-17,,,,,,1391.04,29.38,7.1832,7.8486
2025-07-18,,,,,,1390.29,29.39,7.1776,7.8467
2025-07-21,,,,,,1381.22,29.43,7.176,7.8498
2025-07-22,,,,,,1381.58,29.37,7.1748,7.8499
2025-07-23,,,,,,1375.38,29.34,7.1599,7.8499
2025-07-24,,,,,,1371.0,29.34,7.1541,7.8498
2025-07-25,,,,,,1382.92,29.48,7.1679,7.8498
2025-07-28,,,,,,1388.21,29.58,7.1778,7.8499
2025-07-29,,,,,,1390.63,29.7,7.1769,7.8499
2025-07-30,,,,,,1391.58,29.71,7.1934,7.8499
2025-07-31,,,,,,1396.19,29.91,7.2002,7.8499
2025-08-01,95.1,85.7,76.8,90.2,93.6,1388.34,29.83,7.2116,7.8499
2025-08-04,,,,,,1385.71,29.89,7.178,7.8499
2025-08-05,,,,,,1386.64,29.87,7.1835,7.8498
2025-08-06,,,,,,1384.64,29.96,7.1822,7.8499
2025-08-07,,,,,,1386.05,29.76,7.1806,7.8494
2025-08-08,,,,,,1389.7,29.83,7.1839,7.8499
2025-08-11,,,,,,1392.74,29.92,7.1884,7.8499
2025-08-12,,,,,,1385.4,29.99,7.1785,7.8499
2025-08-13,,,,,,1378.9,29.94,7.1744,7.8498
2025-08-14,,,,,,1390.59,30.05,7.1795,7.834
2025-08-15,,,,,,1387.87,29.99,7.1817,7.8239
2025-08-18,,,,,,1387.34,30.03,7.1847,7.818
2025-08-19,,,,,,1392.04,30.11,7.1819,7.7999
2025-08-20,,,,,,1397.7,30.28,7.1757,7.8125
2025-08-21,,,,,,1401.88,30.5,7.1793,7.8138
2025-08-22,,,,,,1381.71,30.57,7.1651,7.813
2025-08-25,,,,,,1389.06,30.44,7.151,7.8116
2025-08-26,,,,,,1393.52,30.55,7.152,7.7952
2025-08-27,,,,,,1394.54,30.58,7.1536,7.7858
2025-08-28,,,,,,1384.85,30.55,7.1306,7.7948
2025-08-29,,,,,,1389.76,30.59,7.1304,7.7949
2025-09-01,95.3,85.8,76.8,90.4,94.6,,,,
2025-09-02,,,,,,1394.76,30.76,7.139,7.8052
2025-09-03,,,,,,1389.21,30.7,7.1415,7.8006
2025-09-04,,,,,,1394.8,30.69,7.1414,7.8005
2025-09-05,,,,,,1385.28,30.55,7.1323,7.7961
2025-09-08,,,,,,1386.29,30.44,7.1293,7.7932
2025-09-09,,,,,,1388.16,30.32,7.1209,7.7872
2025-09-10,,,,,,1386.97,30.28,7.1207,7.7898
2025-09-11,,,,,,1388.97,30.27,7.1184,7.7887
2025-09-12,,,,,,1394.06,30.33,7.1242,7.7822
2025-09-15,,,,,,1385.09,30.24,7.1186,7.7783
2025-09-16,,,,,,1381.49,30.1,7.1142,7.7808
2025-09-17,,,,,,1375.5,30.04,7.1033,7.7745
2025-09-18,,,,,,1388.51,30.13,7.1125,7.7773
2025-09-19,,,,,,1397.43,30.2,7.1142,7.7748
2025-09-22,,,,,,1392.4,30.23,7.114,7.7696
2025-09-23,,,,,,1394.28,30.28,7.1116,7.7766
2025-09-24,,,,,,1404.7,30.34,7.1315,7.7786
2025-09-25,,,,,,1408.67,30.43,7.1338,7.7807
2025-09-26,,,,,,1410.05,30.51,7.1328,7.7801
2025-09-29,,,,,,1399.76,30.46,7.1194,7.782
2025-09-30,,,,,,1404.63,30.46,7.119,7.7809
2025-10-01,,,,,,1402.45,30.44,7.12,7.7812
2025-10-02,,,,,,1406.72,30.4,7.12,7.7834
2025-10-03,,,,,,1406.16,30.38,7.12,7.7805
2025-10-06,,,,,,1410.47,30.49,7.12,7.7818
2025-10-07,,,,,,1413.12,30.49,7.12,7.7825
2025-10-08,,,,,,1424.17,30.56,7.12,7.7822
2025-10-09,,,,,,1423.68,30.52,7.1275,7.7806
2025-10-10,,,,,,1428.39,30.57,7.134,7.7824
2025-10-13,,,,,,,,,
2025-10-14,,,,,,1429.91,30.76,7.1384,7.7746
2025-10-15,,,,,,1423.12,30.55,7.1262,7.7742
2025-10-16,,,,,,1416.07,30.63,7.123,7.7714
2025-10-17,,,,,,1421.89,30.64,7.1264,7.7676
2025-10-20,,,,,,1420.39,30.55,7.1195,7.7673
2025-10-21,,,,,,1430.58,30.65,7.1218,7.7706
2025-10-22,,,,,,1429.94,30.72,7.1257,7.7704
2025-10-23,,,,,,1437.25,30.78,7.1221,7.7711
2025-10-24,,,,,,1438.35,30.79,7.1211,7.7696
2025-10-27,,,,,,1432.72,30.66,7.1102,7.767
2025-10-28,,,,,,1432.72,30.61,7.0988,7.7695
2025-10-29,,,,,,1420.83,30.59,7.098,7.7705
2025-10-30,,,,,,1430.45,30.74,7.1097,7.7689
2025-10-31,,,,,,1428.37,30.75,7.1169,7.7717
2025-11-01,96.9,86.7,76.9,89.8,95.3,,,,
2025-11-03,,,,,,1430.65,30.82,7.1222,7.7721
2025-11-04,,,,,,1440.22,30.87,7.1295,7.7742
2025-11-05,,,,,,1440.95,30.92,7.126,7.7745
2025-11-06,,,,,,1449.28,30.93,7.1195,7.775
2025-11-07,,,,,,1461.07,30.98,7.1219,7.7775
2025-11-10,,,,,,1456.34,30.96,7.1193,7.7736
2025-11-11,,,,,,,,,
2025-11-12,,,,,,1468.6,31.05,7.112,7.7698
2025-11-13,,,,,,1465.32,31.05,7.095,7.7701
2025-11-14,,,,,,1453.2,31.14,7.0992,7.7716
2025-11-17,,,,,,1459.71,31.15,7.1075,7.7733
2025-11-18,,,,,,1461.3,31.19,7.1074,7.7836
2025-11-19,,,,,,1467.69,31.22,7.1106,7.7892
2025-11-20,,,,,,1472.65,31.23,7.1098,7.7837
2025-11-21,,,,,,1470.84,31.41,7.1066,7.7855
2025-11-24,,,,,,1475.94,31.43,7.102,7.7809
2025-11-25,,,,,,1468.02,31.44,7.0845,7.7776
2025-11-26,,,,,,1468.39,31.26,7.0758,7.7768
2025-11-27,,,,,,,,,
2025-11-28,,,,,,1467.65,31.37,7.0751,7.7848
2025-12-01,96.9,86.6,77.0,89.0,94.1,1467.79,31.42,7.0717,7.7882
2025-12-02,,,,,,1469.23,31.39,7.07,7.7837
2025-12-03,,,,,,1465.94,31.31,7.0636,7.7836
2025-12-04,,,,,,1473.22,31.3,7.0714,7.7819
2025-12-05,,,,,,1472.83,31.26,7.0696,7.7843
2025-12-08,,,,,,1469.19,31.17,7.071,7.7798
2025-12-09,,,,,,1469.48,31.18,7.0633,7.782
2025-12-10,,,,,,1470.2,31.18,7.064,7.7814
2025-12-11,,,,,,1471.38,31.26,7.0579,7.7818
2025-12-12,,,,,,1477.72,31.18,7.0548,7.7835
2025-12-15,,,,,,1468.62,31.35,7.047,7.7825
2025-12-16,,,,,,1472.48,31.49,7.0417,7.7792
2025-12-17,,,,,,1475.05,31.48,7.0431,7.7802
2025-12-18,,,,,,1473.21,31.5,7.0404,7.781
2025-12-19,,,,,,1477.26,31.51,7.0409,7.7824
2025-12-22,,,,,,1480.13,31.53,7.0367,7.7791
2025-12-23,,,,,,1481.45,31.44,7.028,7.778
2025-12-24,,,,,,1443.62,31.42,7.0142,7.7759
2025-12-25,,,,,,,,,
2025-12-26,,,,,,1441.16,31.42,7.0063,7.771
2025-12-29,,,,,,1433.88,31.33,7.0056,7.774
2025-12-30,,,,,,1439.42,31.26,6.9961,7.7811
2025-12-31,,,,,,1444.55,31.37,6.9931,7.7833
2026-01-01,98.1,87.9,77.1,89.2,93.7,,,,
2026-01-02,,,,,,1444.45,31.4,6.9877,7.7911
2026-01-05,,,,,,1444.88,31.46,6.988,7.7844
2026-01-06,,,,,,1446.93,31.48,6.9834,7.7867
2026-01-07,,,,,,1447.45,31.45,6.9965,7.7863
2026-01-08,,,,,,1452.15,31.57,6.9835,7.7924
2026-01-09,,,,,,1458.61,31.61,6.9772,7.7945
2026-01-12,,,,,,1467.08,31.63,6.9731,7.7964
2026-01-13,,,,,,1475.78,31.63,6.9775,7.8015
2026-01-14,,,,,,1464.29,31.6,6.973,7.7973
2026-01-15,,,,,,1469.39,31.57,6.966,7.7967
2026-01-16,,,,,,1474.05,31.54,6.9681,7.799
2026-01-19,,,,,,,,,
2026-01-20,,,,,,1478.33,31.6,6.9599,7.7987
2026-01-21,,,,,,1465.95,31.59,6.9637,7.7968
2026-01-22,,,,,,1464.34,31.61,6.97,7.7968
2026-01-23,,,,,,1462.89,31.56,6.9631,7.7981
2026-01-26,,,,,,1441.49,31.49,6.9542,7.7978
2026-01-27,,,,,,1437.45,31.37,6.9545,7.7993
2026-01-28,,,,,,1436.06,31.27,6.9462,7.8014
2026-01-29,,,,,,1433.84,31.42,6.948,7.8051
2026-01-30,,,,,,1444.51,31.51,6.951,7.8096
2026-02-01,106.5,92.1,77.1,89.3,95.7,,,,
2026-02-02,,,,,,1452.03,31.58,6.9463,7.8097
2026-02-03,,,,,,1447.7,31.51,6.9377,7.8118
2026-02-04,,,,,,1459.24,31.55,6.9415,7.8123
2026-02-05,,,,,,1463.13,31.66,6.9378,7.8135
2026-02-06,,,,,,1462.75,31.67,6.9388,7.8134
2026-02-09,,,,,,1458.12,31.57,6.92,7.8141
2026-02-10,,,,,,1456.82,31.55,6.9106,7.8175
2026-02-11,,,,,,1446.96,31.43,6.9125,7.8172
2026-02-12,,,,,,1439.8,31.4,6.901,7.8169
2026-02-13,,,,,,1442.9,31.44,6.908,7.8177
2026-02-16,,,,,,,,,
2026-02-17,,,,,,1444.43,31.44,6.9031,7.8153
2026-02-18,,,,,,1445.15,31.44,6.9031,7.8144
2026-02-19,,,,,,1450.1,31.44,6.9031,7.8143
2026-02-20,,,,,,1445.97,31.44,6.9031,7.8148
2026-02-23,,,,,,1442.62,31.43,6.9031,7.8191
2026-02-24,,,,,,1440.45,31.45,6.883,7.8225
2026-02-25,,,,,,1427.12,31.31,6.8692,7.8197
2026-02-26,,,,,,1433.32,31.28,6.8409,7.8232
2026-02-27,,,,,,1439.82,31.35,6.8579,7.8221
2026-03-01,108.9,93.6,77.1,89.2,97.3,,,,
2026-03-02,,,,,,1439.8,31.51,6.8821,7.8219
2026-03-03,,,,,,1485.6,31.7,6.8996,7.8053
2026-03-04,,,,,,1462.7,31.69,6.8969,7.8167
2026-03-05,,,,,,1483.36,31.78,6.8912,7.8181
2026-03-06,,,,,,1482.98,31.8,6.8965,7.821
2026-03-09,,,,,,1478.15,31.87,6.9066,7.8198
2026-03-10,,,,,,1465.29,31.75,6.8766,7.8236
2026-03-11,,,,,,1474.94,31.76,6.8655,7.825
2026-03-12,,,,,,1491.81,31.8,6.8689,7.827
2026-03-13,,,,,,1498.88,32.1,6.8961,7.827
2026-03-16,,,,,,1493.01,32.04,6.8955,7.8298
2026-03-17,,,,,,1488.68,31.92,6.8863,7.836
2026-03-18,,,,,,1500.19,31.84,6.8726,7.8361
2026-03-19,,,,,,1495.88,31.9,6.8998,7.8335
2026-03-20,,,,,,1504.15,31.91,6.8857,7.8327
2026-03-23,,,,,,1492.07,31.88,6.8807,7.8352
2026-03-24,,,,,,1496.95,31.98,6.8918,7.8278
2026-03-25,,,,,,1500.32,31.97,6.9011,7.8187
2026-03-26,,,,,,1504.57,31.92,6.9107,7.8248
2026-03-27,,,,,,1509.86,31.94,6.9116,7.8326
2026-03-30,,,,,,1518.7,32.03,6.9119,7.8367
2026-03-31,,,,,,1523.5,32.05,6.898,7.84
2026-04-01,117.2,97.5,77.2,89.0,99.7,1511.31,31.96,6.872,7.837
2026-04-02,,,,,,1509.54,31.92,6.8856,7.8369
2026-04-03,,,,,,1510.17,31.95,6.8824,7.8372
2026-04-06,,,,,,1507.55,31.93,6.8778,7.8364
2026-04-07,,,,,,1501.86,31.96,6.8567,7.8362
2026-04-08,,,,,,1477.1,31.76,6.8287,7.8315
2026-04-09,,,,,,1472.92,31.81,6.8314,7.8343
2026-04-10,,,,,,1483.9,31.79,6.8278,7.8318
2026-04-13,,,,,,1486.94,31.79,6.8303,7.8322
2026-04-14,,,,,,1471.51,31.63,6.8157,7.8323
2026-04-15,,,,,,1474.41,31.64,6.818,7.8341
2026-04-16,,,,,,1478.19,31.55,6.8208,7.8239
2026-04-17,,,,,,1461.66,31.59,6.817,7.8297
2026-04-20,,,,,,1470.31,31.53,6.8172,7.8302
2026-04-21,,,,,,1478.52,31.44,6.8208,7.8301
2026-04-22,,,,,,1480.61,31.48,6.8275,7.8329
2026-04-23,,,,,,1479.19,31.57,6.826,7.8323
2026-04-24,,,,,,1476.47,31.51,6.8359,7.8337
2026-04-27,,,,,,1473.4,31.42,6.8228,7.8369
2026-04-28,,,,,,1472.37,31.52,6.8374,7.8363
2026-04-29,,,,,,1487.69,31.56,6.8375,7.8364
2026-04-30,,,,,,1477.93,31.61,6.8273,7.8334
2026-05-01,126.9,102.0,77.2,88.7,102.4,1477.22,31.58,6.8276,7.8348
2026-05-04,,,,,,1476.01,31.63,6.83,7.8334
2026-05-05,,,,,,1478.41,31.61,6.8276,7.8363
2026-05-06,,,,,,1447.01,31.47,6.811,7.8352
2026-05-07,,,,,,1453.85,31.39,6.8014,7.8309
2026-05-08,,,,,,1461.06,31.41,6.8005,7.8282
2026-05-11,,,,,,1469.91,31.4,6.7948,7.8287
2026-05-12,,,,,,1490.32,31.55,6.792,7.8282
2026-05-13,,,,,,1490.11,31.51,6.7908,7.8304
2026-05-14,,,,,,1491.75,31.5,6.7851,7.8325
2026-05-15,,,,,,1499.61,31.53,6.8092,7.8303
2026-05-18,,,,,,1494.67,31.55,6.8,7.8311
2026-05-19,,,,,,1508.49,31.67,6.8145,7.833
2026-05-20,,,,,,1498.77,31.66,6.8005,7.8331
2026-05-21,,,,,,1508.47,31.6,6.8025,7.8345
2026-05-22,,,,,,1517.33,31.45,6.7945,7.8355
2026-05-25,,,,,,,,,
2026-05-26,,,,,,1506.75,31.43,6.786,7.8362
2026-05-27,,,,,,1498.28,31.39,6.7788,7.8339
2026-05-28,,,,,,1495.94,31.36,6.7796,7.8352
2026-05-29,,,,,,1503.96,31.37,6.7662,7.8366
2026-06-01,129.9,103.3,77.2,88.8,101.9,1511.71,31.37,6.765,7.8379
2026-06-02,,,,,,1517.4,31.45,6.7622,7.837
2026-06-03,,,,,,1518.03,31.42,6.7692,7.8375
2026-06-04,,,,,,1531.91,31.46,6.7735,7.8346
2026-06-05,,,,,,1555.96,31.5,6.7655,7.8347
2026-06-08,,,,,,1528.23,31.58,6.7832,7.8369
2026-06-09,,,,,,1529.94,31.62,6.7722,7.8373
2026-06-10,,,,,,1519.26,31.68,6.7745,7.8369
2026-06-11,,,,,,1530.97,31.62,6.7756,7.8368
2026-06-12,,,,,,1518.87,31.63,6.7626,7.8359
2026-06-15,,,,,,1514.87,31.55,6.757,7.8345
2026-06-16,,,,,,1508.12,31.57,6.7562,7.8335
2026-06-17,,,,,,1514.24,31.57,6.7577,7.8346
2026-06-18,,,,,,1540.64,31.58,6.7686,7.8375
2026-06-19,,,,,,,,,
2026-06-22,,,,,,1537.86,31.63,6.7745,7.84
2026-06-23,,,,,,1532.43,31.63,6.79,7.8406
2026-06-24,,,,,,1542.53,31.76,6.8106,7.8396
2026-06-25,,,,,,1541.44,31.84,6.7976,7.8405
2026-06-26,,,,,,1533.44,31.85,6.798,7.8417
2026-06-29,,,,,,1542.07,31.85,6.7936,7.8425
2026-06-30,,,,,,1548.78,31.85,6.7851,7.842
2026-07-01,130.5,104.0,77.3,89.2,102.1,1550.59,31.88,6.7942,7.8435
2026-07-02,,,,,,1538.05,31.86,6.7886,7.8425
2026-07-03,,,,,,,,,
2026-07-06,,,,,,1530.98,32.04,6.7958,7.8427
2026-07-07,,,,,,1514.43,32.17,6.7934,7.8425
2026-07-08,,,,,,1511.17,32.09,6.8025,7.8391
2026-07-09,,,,,,1508.76,32.16,6.7921,7.8368
2026-07-10,,,,,,1501.06,32.09,6.7766,7.8394
2026-07-13,,,,,,1492.63,32.16,6.7795,7.8384
2026-07-14,,,,,,1490.26,32.15,6.77,7.8378
2026-07-15,,,,,,1488.39,32.2,6.7682,7.8387
2026-07-16,,,,,,1478.2,32.25,6.7726,7.8395
2026-07-17,,,,,,1489.44,32.37,6.776,7.8398
2026-07-20,,,,,,1478.31,32.26,6.7668,7.8407
2026-07-21,,,,,,1479.77,32.36,6.7656,7.8417
2026-07-22,,,,,,1476.63,32.42,6.7725,7.8407
2026-07-23,,,,,,1474.88,32.28,6.7701,7.8404
2026-07-24,,,,,,1460.76,32.39,6.7719,7.8419
2026-07-27,,,,,,1467.54,32.28,6.7657,7.8419
2026-07-28,,,,,,1453.26,32.34,6.771,7.8405
2026-07-29,,,,,,1446.32,32.37,6.7661,7.843
2026-07-30,,,,,,1424.05,32.38,6.755,7.8428
2026-07-31,,,,,,1436.81,32.27,6.7509,7.8414
2026-08-03,,,,,,1430.49,32.44,6.7563,7.8417
2026-08-04,,,,,,1427.48,32.4,6.7532,7.8428
2026-08-05,,,,,,1424.0,32.29,6.7483,7.8437
2026-08-06,,,,,,1423.61,32.24,6.7488,7.8449
2026-08-07,,,,,,1409.94,32.25,6.7474,7.8455
2026-08-10,,,,,,1417.54,32.2,6.7452,7.8455
2026-08-11,,,,,,1412.93,32.29,6.745,7.8466
2026-08-12,,,,,,1416.3,32.25,6.7433,7.8472
2026-08-13,,,,,,1418.0,32.15,6.7428,7.8468
2026-08-14,,,,,,1414.29,32.02,6.7412,7.8472
