STATUS,200
MESSAGEID,M181000I
MESSAGE,Successfully completed
DATE,2026-07-30T07:09:03.867+09:00
PARAMETER,FORMAT,CSV
PARAMETER,LANG,EN
PARAMETER,DB,PR01
PARAMETER,STARTDATE,201401
PARAMETER,ENDDATE,202612
PARAMETER,STARTPOSITION,
NEXTPOSITION,
SERIES_CODE,NAME_OF_TIME_SERIES,UNIT,FREQUENCY,CATEGORY,LAST_UPDATE,SURVEY_DATES,VALUES
PRCG20_2400520001,Group/_Electric and electronic products,CY2020 average=100,MONTHLY,Corporate Goods Price Index (2020 Base)/ Export Price Index (yen basis),20260710,201401,113.2
PRCG20_2400520001,Group/_Electric and electronic products,CY2020 average=100,MONTHLY,Corporate Goods Price Index (2020 Base)/ Export Price Index (yen basis),20260710,201402,111.5
PRCG20_2400520001,Group/_Electric and electronic products,CY2020 average=100,MONTHLY,Corporate Goods Price Index (2020 Base)/ Export Price Index (yen basis),20260710,201403,111.3
PRCG20_2400520001,Group/_Electric and electronic products,CY2020 average=100,MONTHLY,Corporate Goods Price Index (2020 Base)/ Export Price Index (yen basis),20260710,201404,110.9
PRCG20_2400520001,Group/_Electric and electronic products,CY2020 average=100,MONTHLY,Corporate Goods Price Index (2020 Base)/ Export Price Index (yen basis),20260710,201405,109.4
PRCG20_2400520001,Group/_Electric and electronic products,CY2020 average=100,MONTHLY,Corporate Goods Price Index (2020 Base)/ Export Price Index (yen basis),20260710,201406,108.7
PRCG20_2400520001,Group/_Electric and electronic products,CY2020 average=100,MONTHLY,Corporate Goods Price Index (2020 Base)/ Export Price Index (yen basis),20260710,201407,108.4
PRCG20_2400520001,Group/_Electric and electronic products,CY2020 average=100,MONTHLY,Corporate Goods Price Index (2020 Base)/ Export Price Index (yen basis),20260710,201408,109.4
PRCG20_2400520001,Group/_Electric and electronic products,CY2020 average=100,MONTHLY,Corporate Goods Price Index (2020 Base)/ Export Price Index (yen basis),20260710,201409,111.4
PRCG20_2400520001,Group/_Electric and electronic products,CY2020 average=100,MONTHLY,Corporate Goods Price Index (2020 Base)/ Export Price Index (yen basis),20260710,201410,112
PRCG20_2400520001,Group/_Electric and electronic products,CY2020 average=100,MONTHLY,Corporate Goods Price Index (2020 Base)/ Export Price Index (yen basis),20260710,201411,117.5
PRCG20_2400520001,Group/_Electric and electronic products,CY2020 average=100,MONTHLY,Corporate Goods Price Index (2020 Base)/ Export Price Index (yen basis),20260710,201412,119.7
PRCG20_2400520001,Group/_Electric and electronic products,CY2020 average=100,MONTHLY,Corporate Goods Price Index (2020 Base)/ Export Price Index (yen basis),20260710,201501,118.9
PRCG20_2400520001,Group/_Electric and electronic products,CY2020 average=100,MONTHLY,Corporate Goods Price Index (2020 Base)/ Export Price Index (yen basis),20260710,201502,118.1
PRCG20_2400520001,Group/_Electric and electronic products,CY2020 average=100,MONTHLY,Corporate Goods Price Index (2020 Base)/ Export Price Index (yen basis),20260710,201503,118.8
PRCG20_2400520001,Group/_Electric and electronic products,CY2020 average=100,MONTHLY,Corporate Goods Price Index (2020 Base)/ Export Price Index (yen basis),20260710,201504,117.3
PRCG20_2400520001,Group/_Electric and electronic products,CY2020 average=100,MONTHLY,Corporate Goods Price Index (2020 Base)/ Export Price Index (yen basis),20260710,201505,118
PRCG20_2400520001,Group/_Electric and electronic products,CY2020 average=100,MONTHLY,Corporate Goods Price Index (2020 Base)/ Export Price Index (yen basis),20260710,201506,118.9
PRCG20_2400520001,Group/_Electric and electronic products,CY2020 average=100,MONTHLY,Corporate Goods Price Index (2020 Base)/ Export Price Index (yen basis),20260710,201507,118.2
PRCG20_2400520001,Group/_Electric and electronic products,CY2020 average=100,MONTHLY,Corporate Goods Price Index (2020 Base)/ Export Price Index (yen basis),20260710,201508,118
PRCG20_2400520001,Group/_Electric and electronic products,CY2020 average=100,MONTHLY,Corporate Goods Price Index (2020 Base)/ Export Price Index (yen basis),20260710,201509,115.6
PRCG20_2400520001,Group/_Electric and electronic products,CY2020 average=100,MONTHLY,Corporate Goods Price Index (2020 Base)/ Export Price Index (yen basis),20260710,201510,114.3
PRCG20_2400520001,Group/_Electric and electronic products,CY2020 average=100,MONTHLY,Corporate Goods Price Index (2020 Base)/ Export Price Index (yen basis),20260710,201511,115.2
PRCG20_2400520001,Group/_Electric and electronic products,CY2020 average=100,MONTHLY,Corporate Goods Price Index (2020 Base)/ Export Price Index (yen basis),20260710,201512,114.6
PRCG20_2400520001,Group/_Electric and electronic products,CY2020 average=100,MONTHLY,Corporate Goods Price Index (2020 Base)/ Export Price Index (yen basis),20260710,201601,111.9
PRCG20_2400520001,Group/_Electric and electronic products,CY2020 average=100,MONTHLY,Corporate Goods Price Index (2020 Base)/ Export Price Index (yen basis),20260710,201602,109.9
PRCG20_2400520001,Group/_Electric and electronic products,CY2020 average=100,MONTHLY,Corporate Goods Price Index (2020 Base)/ Export Price Index (yen basis),20260710,201603,107.8
PRCG20_2400520001,Group/_Electric and electronic products,CY2020 average=100,MONTHLY,Corporate Goods Price Index (2020 Base)/ Export Price Index (yen basis),20260710,201604,104.9
PRCG20_2400520001,Group/_Electric and electronic products,CY2020 average=100,MONTHLY,Corporate Goods Price Index (2020 Base)/ Export Price Index (yen basis),20260710,201605,104.3
PRCG20_2400520001,Group/_Electric and electronic products,CY2020 average=100,MONTHLY,Corporate Goods Price Index (2020 Base)/ Export Price Index (yen basis),20260710,201606,101.8
PRCG20_2400520001,Group/_Electric and electronic products,CY2020 average=100,MONTHLY,Corporate Goods Price Index (2020 Base)/ Export Price Index (yen basis),20260710,201607,101.2
PRCG20_2400520001,Group/_Electric and electronic products,CY2020 average=100,MONTHLY,Corporate Goods Price Index (2020 Base)/ Export Price Index (yen basis),20260710,201608,100.3
PRCG20_2400520001,Group/_Electric and electronic products,CY2020 average=100,MONTHLY,Corporate Goods Price Index (2020 Base)/ Export Price Index (yen basis),20260710,201609,100.9
PRCG20_2400520001,Group/_Electric and electronic products,CY2020 average=100,MONTHLY,Corporate Goods Price Index (2020 Base)/ Export Price Index (yen basis),20260710,201610,101.3
PRCG20_2400520001,Group/_Electric and electronic products,CY2020 average=100,MONTHLY,Corporate Goods Price Index (2020 Base)/ Export Price Index (yen basis),20260710,201611,104.7
PRCG20_2400520001,Group/_Electric and electronic products,CY2020 average=100,MONTHLY,Corporate Goods Price Index (2020 Base)/ Export Price Index (yen basis),20260710,201612,109.3
PRCG20_2400520001,Group/_Electric and electronic products,CY2020 average=100,MONTHLY,Corporate Goods Price Index (2020 Base)/ Export Price Index (yen basis),20260710,201701,108.5
PRCG20_2400520001,Group/_Electric and electronic products,CY2020 average=100,MONTHLY,Corporate Goods Price Index (2020 Base)/ Export Price Index (yen basis),20260710,201702,107.9
PRCG20_2400520001,Group/_Electric and electronic products,CY2020 average=100,MONTHLY,Corporate Goods Price Index (2020 Base)/ Export Price Index (yen basis),20260710,201703,107.9
PRCG20_2400520001,Group/_Electric and electronic products,CY2020 average=100,MONTHLY,Corporate Goods Price Index (2020 Base)/ Export Price Index (yen basis),20260710,201704,106.6
PRCG20_2400520001,Group/_Electric and electronic products,CY2020 average=100,MONTHLY,Corporate Goods Price Index (2020 Base)/ Export Price Index (yen basis),20260710,201705,108.1
PRCG20_2400520001,Group/_Electric and electronic products,CY2020 average=100,MONTHLY,Corporate Goods Price Index (2020 Base)/ Export Price Index (yen basis),20260710,201706,107.7
PRCG20_2400520001,Group/_Electric and electronic products,CY2020 average=100,MONTHLY,Corporate Goods Price Index (2020 Base)/ Export Price Index (yen basis),20260710,201707,109.2
PRCG20_2400520001,Group/_Electric and electronic products,CY2020 average=100,MONTHLY,Corporate Goods Price Index (2020 Base)/ Export Price Index (yen basis),20260710,201708,107.4
PRCG20_2400520001,Group/_Electric and electronic products,CY2020 average=100,MONTHLY,Corporate Goods Price Index (2020 Base)/ Export Price Index (yen basis),20260710,201709,107.8
PRCG20_2400520001,Group/_Electric and electronic products,CY2020 average=100,MONTHLY,Corporate Goods Price Index (2020 Base)/ Export Price Index (yen basis),20260710,201710,109.3
PRCG20_2400520001,Group/_Electric and electronic products,CY2020 average=100,MONTHLY,Corporate Goods Price Index (2020 Base)/ Export Price Index (yen basis),20260710,201711,109.2
PRCG20_2400520001,Group/_Electric and electronic products,CY2020 average=100,MONTHLY,Corporate Goods Price Index (2020 Base)/ Export Price Index (yen basis),20260710,201712,109.5
PRCG20_2400520001,Group/_Electric and electronic products,CY2020 average=100,MONTHLY,Corporate Goods Price Index (2020 Base)/ Export Price Index (yen basis),20260710,201801,108.8
PRCG20_2400520001,Group/_Electric and electronic products,CY2020 average=100,MONTHLY,Corporate Goods Price Index (2020 Base)/ Export Price Index (yen basis),20260710,201802,107
PRCG20_2400520001,Group/_Electric and electronic products,CY2020 average=100,MONTHLY,Corporate Goods Price Index (2020 Base)/ Export Price Index (yen basis),20260710,201803,105.7
PRCG20_2400520001,Group/_Electric and electronic products,CY2020 average=100,MONTHLY,Corporate Goods Price Index (2020 Base)/ Export Price Index (yen basis),20260710,201804,105.6
PRCG20_2400520001,Group/_Electric and electronic products,CY2020 average=100,MONTHLY,Corporate Goods Price Index (2020 Base)/ Export Price Index (yen basis),20260710,201805,106.3
PRCG20_2400520001,Group/_Electric and electronic products,CY2020 average=100,MONTHLY,Corporate Goods Price Index (2020 Base)/ Export Price Index (yen basis),20260710,201806,105.8
PRCG20_2400520001,Group/_Electric and electronic products,CY2020 average=100,MONTHLY,Corporate Goods Price Index (2020 Base)/ Export Price Index (yen basis),20260710,201807,105.7
PRCG20_2400520001,Group/_Electric and electronic products,CY2020 average=100,MONTHLY,Corporate Goods Price Index (2020 Base)/ Export Price Index (yen basis),20260710,201808,105.2
PRCG20_2400520001,Group/_Electric and electronic products,CY2020 average=100,MONTHLY,Corporate Goods Price Index (2020 Base)/ Export Price Index (yen basis),20260710,201809,105.3
PRCG20_2400520001,Group/_Electric and electronic products,CY2020 average=100,MONTHLY,Corporate Goods Price Index (2020 Base)/ Export Price Index (yen basis),20260710,201810,105.8
PRCG20_2400520001,Group/_Electric and electronic products,CY2020 average=100,MONTHLY,Corporate Goods Price Index (2020 Base)/ Export Price Index (yen basis),20260710,201811,105.7
PRCG20_2400520001,Group/_Electric and electronic products,CY2020 average=100,MONTHLY,Corporate Goods Price Index (2020 Base)/ Export Price Index (yen basis),20260710,201812,105.3
PRCG20_2400520001,Group/_Electric and electronic products,CY2020 average=100,MONTHLY,Corporate Goods Price Index (2020 Base)/ Export Price Index (yen basis),20260710,201901,103.2
PRCG20_2400520001,Group/_Electric and electronic products,CY2020 average=100,MONTHLY,Corporate Goods Price Index (2020 Base)/ Export Price Index (yen basis),20260710,201902,104.3
PRCG20_2400520001,Group/_Electric and electronic products,CY2020 average=100,MONTHLY,Corporate Goods Price Index (2020 Base)/ Export Price Index (yen basis),20260710,201903,104.3
PRCG20_2400520001,Group/_Electric and electronic products,CY2020 average=100,MONTHLY,Corporate Goods Price Index (2020 Base)/ Export Price Index (yen basis),20260710,201904,103.8
PRCG20_2400520001,Group/_Electric and electronic products,CY2020 average=100,MONTHLY,Corporate Goods Price Index (2020 Base)/ Export Price Index (yen basis),20260710,201905,102.3
PRCG20_2400520001,Group/_Electric and electronic products,CY2020 average=100,MONTHLY,Corporate Goods Price Index (2020 Base)/ Export Price Index (yen basis),20260710,201906,101.2
PRCG20_2400520001,Group/_Electric and electronic products,CY2020 average=100,MONTHLY,Corporate Goods Price Index (2020 Base)/ Export Price Index (yen basis),20260710,201907,100.3
PRCG20_2400520001,Group/_Electric and electronic products,CY2020 average=100,MONTHLY,Corporate Goods Price Index (2020 Base)/ Export Price Index (yen basis),20260710,201908,99.5
PRCG20_2400520001,Group/_Electric and electronic products,CY2020 average=100,MONTHLY,Corporate Goods Price Index (2020 Base)/ Export Price Index (yen basis),20260710,201909,99.7
PRCG20_2400520001,Group/_Electric and electronic products,CY2020 average=100,MONTHLY,Corporate Goods Price Index (2020 Base)/ Export Price Index (yen basis),20260710,201910,100.3
PRCG20_2400520001,Group/_Electric and electronic products,CY2020 average=100,MONTHLY,Corporate Goods Price Index (2020 Base)/ Export Price Index (yen basis),20260710,201911,101.3
PRCG20_2400520001,Group/_Electric and electronic products,CY2020 average=100,MONTHLY,Corporate Goods Price Index (2020 Base)/ Export Price Index (yen basis),20260710,201912,101.6
PRCG20_2400520001,Group/_Electric and electronic products,CY2020 average=100,MONTHLY,Corporate Goods Price Index (2020 Base)/ Export Price Index (yen basis),20260710,202001,102.2
PRCG20_2400520001,Group/_Electric and electronic products,CY2020 average=100,MONTHLY,Corporate Goods Price Index (2020 Base)/ Export Price Index (yen basis),20260710,202002,102.2
PRCG20_2400520001,Group/_Electric and electronic products,CY2020 average=100,MONTHLY,Corporate Goods Price Index (2020 Base)/ Export Price Index (yen basis),20260710,202003,101
PRCG20_2400520001,Group/_Electric and electronic products,CY2020 average=100,MONTHLY,Corporate Goods Price Index (2020 Base)/ Export Price Index (yen basis),20260710,202004,101.1
PRCG20_2400520001,Group/_Electric and electronic products,CY2020 average=100,MONTHLY,Corporate Goods Price Index (2020 Base)/ Export Price Index (yen basis),20260710,202005,100.8
PRCG20_2400520001,Group/_Electric and electronic products,CY2020 average=100,MONTHLY,Corporate Goods Price Index (2020 Base)/ Export Price Index (yen basis),20260710,202006,101.1
PRCG20_2400520001,Group/_Electric and electronic products,CY2020 average=100,MONTHLY,Corporate Goods Price Index (2020 Base)/ Export Price Index (yen basis),20260710,202007,99.7
PRCG20_2400520001,Group/_Electric and electronic products,CY2020 average=100,MONTHLY,Corporate Goods Price Index (2020 Base)/ Export Price Index (yen basis),20260710,202008,99.3
PRCG20_2400520001,Group/_Electric and electronic products,CY2020 average=100,MONTHLY,Corporate Goods Price Index (2020 Base)/ Export Price Index (yen basis),20260710,202009,99.1
PRCG20_2400520001,Group/_Electric and electronic products,CY2020 average=100,MONTHLY,Corporate Goods Price Index (2020 Base)/ Export Price Index (yen basis),20260710,202010,98.4
PRCG20_2400520001,Group/_Electric and electronic products,CY2020 average=100,MONTHLY,Corporate Goods Price Index (2020 Base)/ Export Price Index (yen basis),20260710,202011,97.9
PRCG20_2400520001,Group/_Electric and electronic products,CY2020 average=100,MONTHLY,Corporate Goods Price Index (2020 Base)/ Export Price Index (yen basis),20260710,202012,97.3
PRCG20_2400520001,Group/_Electric and electronic products,CY2020 average=100,MONTHLY,Corporate Goods Price Index (2020 Base)/ Export Price Index (yen basis),20260710,202101,96.9
PRCG20_2400520001,Group/_Electric and electronic products,CY2020 average=100,MONTHLY,Corporate Goods Price Index (2020 Base)/ Export Price Index (yen basis),20260710,202102,96.9
PRCG20_2400520001,Group/_Electric and electronic products,CY2020 average=100,MONTHLY,Corporate Goods Price Index (2020 Base)/ Export Price Index (yen basis),20260710,202103,99
PRCG20_2400520001,Group/_Electric and electronic products,CY2020 average=100,MONTHLY,Corporate Goods Price Index (2020 Base)/ Export Price Index (yen basis),20260710,202104,99.8
PRCG20_2400520001,Group/_Electric and electronic products,CY2020 average=100,MONTHLY,Corporate Goods Price Index (2020 Base)/ Export Price Index (yen basis),20260710,202105,99.6
PRCG20_2400520001,Group/_Electric and electronic products,CY2020 average=100,MONTHLY,Corporate Goods Price Index (2020 Base)/ Export Price Index (yen basis),20260710,202106,100.5
PRCG20_2400520001,Group/_Electric and electronic products,CY2020 average=100,MONTHLY,Corporate Goods Price Index (2020 Base)/ Export Price Index (yen basis),20260710,202107,101.1
PRCG20_2400520001,Group/_Electric and electronic products,CY2020 average=100,MONTHLY,Corporate Goods Price Index (2020 Base)/ Export Price Index (yen basis),20260710,202108,101.3
PRCG20_2400520001,Group/_Electric and electronic products,CY2020 average=100,MONTHLY,Corporate Goods Price Index (2020 Base)/ Export Price Index (yen basis),20260710,202109,101.7
PRCG20_2400520001,Group/_Electric and electronic products,CY2020 average=100,MONTHLY,Corporate Goods Price Index (2020 Base)/ Export Price Index (yen basis),20260710,202110,103.9
PRCG20_2400520001,Group/_Electric and electronic products,CY2020 average=100,MONTHLY,Corporate Goods Price Index (2020 Base)/ Export Price Index (yen basis),20260710,202111,104.7
PRCG20_2400520001,Group/_Electric and electronic products,CY2020 average=100,MONTHLY,Corporate Goods Price Index (2020 Base)/ Export Price Index (yen basis),20260710,202112,104.5
PRCG20_2400520001,Group/_Electric and electronic products,CY2020 average=100,MONTHLY,Corporate Goods Price Index (2020 Base)/ Export Price Index (yen basis),20260710,202201,105.1
PRCG20_2400520001,Group/_Electric and electronic products,CY2020 average=100,MONTHLY,Corporate Goods Price Index (2020 Base)/ Export Price Index (yen basis),20260710,202202,105.4
PRCG20_2400520001,Group/_Electric and electronic products,CY2020 average=100,MONTHLY,Corporate Goods Price Index (2020 Base)/ Export Price Index (yen basis),20260710,202203,107.4
PRCG20_2400520001,Group/_Electric and electronic products,CY2020 average=100,MONTHLY,Corporate Goods Price Index (2020 Base)/ Export Price Index (yen basis),20260710,202204,112.2
PRCG20_2400520001,Group/_Electric and electronic products,CY2020 average=100,MONTHLY,Corporate Goods Price Index (2020 Base)/ Export Price Index (yen basis),20260710,202205,114.6
PRCG20_2400520001,Group/_Electric and electronic products,CY2020 average=100,MONTHLY,Corporate Goods Price Index (2020 Base)/ Export Price Index (yen basis),20260710,202206,118
PRCG20_2400520001,Group/_Electric and electronic products,CY2020 average=100,MONTHLY,Corporate Goods Price Index (2020 Base)/ Export Price Index (yen basis),20260710,202207,120.6
PRCG20_2400520001,Group/_Electric and electronic products,CY2020 average=100,MONTHLY,Corporate Goods Price Index (2020 Base)/ Export Price Index (yen basis),20260710,202208,119.6
PRCG20_2400520001,Group/_Electric and electronic products,CY2020 average=100,MONTHLY,Corporate Goods Price Index (2020 Base)/ Export Price Index (yen basis),20260710,202209,122.7
PRCG20_2400520001,Group/_Electric and electronic products,CY2020 average=100,MONTHLY,Corporate Goods Price Index (2020 Base)/ Export Price Index (yen basis),20260710,202210,124.3
PRCG20_2400520001,Group/_Electric and electronic products,CY2020 average=100,MONTHLY,Corporate Goods Price Index (2020 Base)/ Export Price Index (yen basis),20260710,202211,121.2
PRCG20_2400520001,Group/_Electric and electronic products,CY2020 average=100,MONTHLY,Corporate Goods Price Index (2020 Base)/ Export Price Index (yen basis),20260710,202212,116.8
PRCG20_2400520001,Group/_Electric and electronic products,CY2020 average=100,MONTHLY,Corporate Goods Price Index (2020 Base)/ Export Price Index (yen basis),20260710,202301,113.2
PRCG20_2400520001,Group/_Electric and electronic products,CY2020 average=100,MONTHLY,Corporate Goods Price Index (2020 Base)/ Export Price Index (yen basis),20260710,202302,113.6
PRCG20_2400520001,Group/_Electric and electronic products,CY2020 average=100,MONTHLY,Corporate Goods Price Index (2020 Base)/ Export Price Index (yen basis),20260710,202303,114.7
PRCG20_2400520001,Group/_Electric and electronic products,CY2020 average=100,MONTHLY,Corporate Goods Price Index (2020 Base)/ Export Price Index (yen basis),20260710,202304,114
PRCG20_2400520001,Group/_Electric and electronic products,CY2020 average=100,MONTHLY,Corporate Goods Price Index (2020 Base)/ Export Price Index (yen basis),20260710,202305,115.9
PRCG20_2400520001,Group/_Electric and electronic products,CY2020 average=100,MONTHLY,Corporate Goods Price Index (2020 Base)/ Export Price Index (yen basis),20260710,202306,118.1
PRCG20_2400520001,Group/_Electric and electronic products,CY2020 average=100,MONTHLY,Corporate Goods Price Index (2020 Base)/ Export Price Index (yen basis),20260710,202307,118.2
PRCG20_2400520001,Group/_Electric and electronic products,CY2020 average=100,MONTHLY,Corporate Goods Price Index (2020 Base)/ Export Price Index (yen basis),20260710,202308,120.3
PRCG20_2400520001,Group/_Electric and electronic products,CY2020 average=100,MONTHLY,Corporate Goods Price Index (2020 Base)/ Export Price Index (yen basis),20260710,202309,122.3
PRCG20_2400520001,Group/_Electric and electronic products,CY2020 average=100,MONTHLY,Corporate Goods Price Index (2020 Base)/ Export Price Index (yen basis),20260710,202310,123.5
PRCG20_2400520001,Group/_Electric and electronic products,CY2020 average=100,MONTHLY,Corporate Goods Price Index (2020 Base)/ Export Price Index (yen basis),20260710,202311,123.9
PRCG20_2400520001,Group/_Electric and electronic products,CY2020 average=100,MONTHLY,Corporate Goods Price Index (2020 Base)/ Export Price Index (yen basis),20260710,202312,120.4
PRCG20_2400520001,Group/_Electric and electronic products,CY2020 average=100,MONTHLY,Corporate Goods Price Index (2020 Base)/ Export Price Index (yen basis),20260710,202401,123.7
PRCG20_2400520001,Group/_Electric and electronic products,CY2020 average=100,MONTHLY,Corporate Goods Price Index (2020 Base)/ Export Price Index (yen basis),20260710,202402,125.5
PRCG20_2400520001,Group/_Electric and electronic products,CY2020 average=100,MONTHLY,Corporate Goods Price Index (2020 Base)/ Export Price Index (yen basis),20260710,202403,126.4
PRCG20_2400520001,Group/_Electric and electronic products,CY2020 average=100,MONTHLY,Corporate Goods Price Index (2020 Base)/ Export Price Index (yen basis),20260710,202404,129.3
PRCG20_2400520001,Group/_Electric and electronic products,CY2020 average=100,MONTHLY,Corporate Goods Price Index (2020 Base)/ Export Price Index (yen basis),20260710,202405,132
PRCG20_2400520001,Group/_Electric and electronic products,CY2020 average=100,MONTHLY,Corporate Goods Price Index (2020 Base)/ Export Price Index (yen basis),20260710,202406,133.1
PRCG20_2400520001,Group/_Electric and electronic products,CY2020 average=100,MONTHLY,Corporate Goods Price Index (2020 Base)/ Export Price Index (yen basis),20260710,202407,133.8
PRCG20_2400520001,Group/_Electric and electronic products,CY2020 average=100,MONTHLY,Corporate Goods Price Index (2020 Base)/ Export Price Index (yen basis),20260710,202408,127.1
PRCG20_2400520001,Group/_Electric and electronic products,CY2020 average=100,MONTHLY,Corporate Goods Price Index (2020 Base)/ Export Price Index (yen basis),20260710,202409,125.4
PRCG20_2400520001,Group/_Electric and electronic products,CY2020 average=100,MONTHLY,Corporate Goods Price Index (2020 Base)/ Export Price Index (yen basis),20260710,202410,126.6
PRCG20_2400520001,Group/_Electric and electronic products,CY2020 average=100,MONTHLY,Corporate Goods Price Index (2020 Base)/ Export Price Index (yen basis),20260710,202411,130
PRCG20_2400520001,Group/_Electric and electronic products,CY2020 average=100,MONTHLY,Corporate Goods Price Index (2020 Base)/ Export Price Index (yen basis),20260710,202412,128.5
PRCG20_2400520001,Group/_Electric and electronic products,CY2020 average=100,MONTHLY,Corporate Goods Price Index (2020 Base)/ Export Price Index (yen basis),20260710,202501,128.5
PRCG20_2400520001,Group/_Electric and electronic products,CY2020 average=100,MONTHLY,Corporate Goods Price Index (2020 Base)/ Export Price Index (yen basis),20260710,202502,126.5
PRCG20_2400520001,Group/_Electric and electronic products,CY2020 average=100,MONTHLY,Corporate Goods Price Index (2020 Base)/ Export Price Index (yen basis),20260710,202503,124.4
PRCG20_2400520001,Group/_Electric and electronic products,CY2020 average=100,MONTHLY,Corporate Goods Price Index (2020 Base)/ Export Price Index (yen basis),20260710,202504,122.6
PRCG20_2400520001,Group/_Electric and electronic products,CY2020 average=100,MONTHLY,Corporate Goods Price Index (2020 Base)/ Export Price Index (yen basis),20260710,202505,122.3
PRCG20_2400520001,Group/_Electric and electronic products,CY2020 average=100,MONTHLY,Corporate Goods Price Index (2020 Base)/ Export Price Index (yen basis),20260710,202506,121.9
PRCG20_2400520001,Group/_Electric and electronic products,CY2020 average=100,MONTHLY,Corporate Goods Price Index (2020 Base)/ Export Price Index (yen basis),20260710,202507,125.1
PRCG20_2400520001,Group/_Electric and electronic products,CY2020 average=100,MONTHLY,Corporate Goods Price Index (2020 Base)/ Export Price Index (yen basis),20260710,202508,125.6
PRCG20_2400520001,Group/_Electric and electronic products,CY2020 average=100,MONTHLY,Corporate Goods Price Index (2020 Base)/ Export Price Index (yen basis),20260710,202509,126.6
PRCG20_2400520001,Group/_Electric and electronic products,CY2020 average=100,MONTHLY,Corporate Goods Price Index (2020 Base)/ Export Price Index (yen basis),20260710,202510,129.5
PRCG20_2400520001,Group/_Electric and electronic products,CY2020 average=100,MONTHLY,Corporate Goods Price Index (2020 Base)/ Export Price Index (yen basis),20260710,202511,133.3
PRCG20_2400520001,Group/_Electric and electronic products,CY2020 average=100,MONTHLY,Corporate Goods Price Index (2020 Base)/ Export Price Index (yen basis),20260710,202512,139.8
PRCG20_2400520001,Group/_Electric and electronic products,CY2020 average=100,MONTHLY,Corporate Goods Price Index (2020 Base)/ Export Price Index (yen basis),20260710,202601,151.4
PRCG20_2400520001,Group/_Electric and electronic products,CY2020 average=100,MONTHLY,Corporate Goods Price Index (2020 Base)/ Export Price Index (yen basis),20260710,202602,156.2
PRCG20_2400520001,Group/_Electric and electronic products,CY2020 average=100,MONTHLY,Corporate Goods Price Index (2020 Base)/ Export Price Index (yen basis),20260710,202603,153.7
PRCG20_2400520001,Group/_Electric and electronic products,CY2020 average=100,MONTHLY,Corporate Goods Price Index (2020 Base)/ Export Price Index (yen basis),20260710,202604,159.7
PRCG20_2400520001,Group/_Electric and electronic products,CY2020 average=100,MONTHLY,Corporate Goods Price Index (2020 Base)/ Export Price Index (yen basis),20260710,202605,165.3
PRCG20_2400520001,Group/_Electric and electronic products,CY2020 average=100,MONTHLY,Corporate Goods Price Index (2020 Base)/ Export Price Index (yen basis),20260710,202606,170.9
PRCG20_2400520001,Group/_Electric and electronic products,CY2020 average=100,MONTHLY,Corporate Goods Price Index (2020 Base)/ Export Price Index (yen basis),20260710,202607,null
PRCG20_2400520001,Group/_Electric and electronic products,CY2020 average=100,MONTHLY,Corporate Goods Price Index (2020 Base)/ Export Price Index (yen basis),20260710,202608,null
PRCG20_2400520001,Group/_Electric and electronic products,CY2020 average=100,MONTHLY,Corporate Goods Price Index (2020 Base)/ Export Price Index (yen basis),20260710,202609,null
PRCG20_2400520001,Group/_Electric and electronic products,CY2020 average=100,MONTHLY,Corporate Goods Price Index (2020 Base)/ Export Price Index (yen basis),20260710,202610,null
PRCG20_2400520001,Group/_Electric and electronic products,CY2020 average=100,MONTHLY,Corporate Goods Price Index (2020 Base)/ Export Price Index (yen basis),20260710,202611,null
PRCG20_2400520001,Group/_Electric and electronic products,CY2020 average=100,MONTHLY,Corporate Goods Price Index (2020 Base)/ Export Price Index (yen basis),20260710,202612,null
PRCG20_2300520001,Group/_Electric and electronic products,CY2020 average=100,MONTHLY,Corporate Goods Price Index (2020 Base)/ Export Price Index (contract currency basis),20260710,201401,114.4
PRCG20_2300520001,Group/_Electric and electronic products,CY2020 average=100,MONTHLY,Corporate Goods Price Index (2020 Base)/ Export Price Index (contract currency basis),20260710,201402,113.8
PRCG20_2300520001,Group/_Electric and electronic products,CY2020 average=100,MONTHLY,Corporate Goods Price Index (2020 Base)/ Export Price Index (contract currency basis),20260710,201403,113.5
PRCG20_2300520001,Group/_Electric and electronic products,CY2020 average=100,MONTHLY,Corporate Goods Price Index (2020 Base)/ Export Price Index (contract currency basis),20260710,201404,112.9
PRCG20_2300520001,Group/_Electric and electronic products,CY2020 average=100,MONTHLY,Corporate Goods Price Index (2020 Base)/ Export Price Index (contract currency basis),20260710,201405,111.8
PRCG20_2300520001,Group/_Electric and electronic products,CY2020 average=100,MONTHLY,Corporate Goods Price Index (2020 Base)/ Export Price Index (contract currency basis),20260710,201406,111.1
PRCG20_2300520001,Group/_Electric and electronic products,CY2020 average=100,MONTHLY,Corporate Goods Price Index (2020 Base)/ Export Price Index (contract currency basis),20260710,201407,111
PRCG20_2300520001,Group/_Electric and electronic products,CY2020 average=100,MONTHLY,Corporate Goods Price Index (2020 Base)/ Export Price Index (contract currency basis),20260710,201408,111.3
PRCG20_2300520001,Group/_Electric and electronic products,CY2020 average=100,MONTHLY,Corporate Goods Price Index (2020 Base)/ Export Price Index (contract currency basis),20260710,201409,111
PRCG20_2300520001,Group/_Electric and electronic products,CY2020 average=100,MONTHLY,Corporate Goods Price Index (2020 Base)/ Export Price Index (contract currency basis),20260710,201410,111.1
PRCG20_2300520001,Group/_Electric and electronic products,CY2020 average=100,MONTHLY,Corporate Goods Price Index (2020 Base)/ Export Price Index (contract currency basis),20260710,201411,111.3
PRCG20_2300520001,Group/_Electric and electronic products,CY2020 average=100,MONTHLY,Corporate Goods Price Index (2020 Base)/ Export Price Index (contract currency basis),20260710,201412,111.5
PRCG20_2300520001,Group/_Electric and electronic products,CY2020 average=100,MONTHLY,Corporate Goods Price Index (2020 Base)/ Export Price Index (contract currency basis),20260710,201501,112.1
PRCG20_2300520001,Group/_Electric and electronic products,CY2020 average=100,MONTHLY,Corporate Goods Price Index (2020 Base)/ Export Price Index (contract currency basis),20260710,201502,111.3
PRCG20_2300520001,Group/_Electric and electronic products,CY2020 average=100,MONTHLY,Corporate Goods Price Index (2020 Base)/ Export Price Index (contract currency basis),20260710,201503,111.2
PRCG20_2300520001,Group/_Electric and electronic products,CY2020 average=100,MONTHLY,Corporate Goods Price Index (2020 Base)/ Export Price Index (contract currency basis),20260710,201504,110.3
PRCG20_2300520001,Group/_Electric and electronic products,CY2020 average=100,MONTHLY,Corporate Goods Price Index (2020 Base)/ Export Price Index (contract currency basis),20260710,201505,110.1
PRCG20_2300520001,Group/_Electric and electronic products,CY2020 average=100,MONTHLY,Corporate Goods Price Index (2020 Base)/ Export Price Index (contract currency basis),20260710,201506,109.3
PRCG20_2300520001,Group/_Electric and electronic products,CY2020 average=100,MONTHLY,Corporate Goods Price Index (2020 Base)/ Export Price Index (contract currency basis),20260710,201507,109.1
PRCG20_2300520001,Group/_Electric and electronic products,CY2020 average=100,MONTHLY,Corporate Goods Price Index (2020 Base)/ Export Price Index (contract currency basis),20260710,201508,108.8
PRCG20_2300520001,Group/_Electric and electronic products,CY2020 average=100,MONTHLY,Corporate Goods Price Index (2020 Base)/ Export Price Index (contract currency basis),20260710,201509,108.1
PRCG20_2300520001,Group/_Electric and electronic products,CY2020 average=100,MONTHLY,Corporate Goods Price Index (2020 Base)/ Export Price Index (contract currency basis),20260710,201510,107
PRCG20_2300520001,Group/_Electric and electronic products,CY2020 average=100,MONTHLY,Corporate Goods Price Index (2020 Base)/ Export Price Index (contract currency basis),20260710,201511,106.8
PRCG20_2300520001,Group/_Electric and electronic products,CY2020 average=100,MONTHLY,Corporate Goods Price Index (2020 Base)/ Export Price Index (contract currency basis),20260710,201512,106.6
PRCG20_2300520001,Group/_Electric and electronic products,CY2020 average=100,MONTHLY,Corporate Goods Price Index (2020 Base)/ Export Price Index (contract currency basis),20260710,201601,105.8
PRCG20_2300520001,Group/_Electric and electronic products,CY2020 average=100,MONTHLY,Corporate Goods Price Index (2020 Base)/ Export Price Index (contract currency basis),20260710,201602,105.6
PRCG20_2300520001,Group/_Electric and electronic products,CY2020 average=100,MONTHLY,Corporate Goods Price Index (2020 Base)/ Export Price Index (contract currency basis),20260710,201603,104.7
PRCG20_2300520001,Group/_Electric and electronic products,CY2020 average=100,MONTHLY,Corporate Goods Price Index (2020 Base)/ Export Price Index (contract currency basis),20260710,201604,103.4
PRCG20_2300520001,Group/_Electric and electronic products,CY2020 average=100,MONTHLY,Corporate Goods Price Index (2020 Base)/ Export Price Index (contract currency basis),20260710,201605,103.3
PRCG20_2300520001,Group/_Electric and electronic products,CY2020 average=100,MONTHLY,Corporate Goods Price Index (2020 Base)/ Export Price Index (contract currency basis),20260710,201606,102.9
PRCG20_2300520001,Group/_Electric and electronic products,CY2020 average=100,MONTHLY,Corporate Goods Price Index (2020 Base)/ Export Price Index (contract currency basis),20260710,201607,103.3
PRCG20_2300520001,Group/_Electric and electronic products,CY2020 average=100,MONTHLY,Corporate Goods Price Index (2020 Base)/ Export Price Index (contract currency basis),20260710,201608,103.8
PRCG20_2300520001,Group/_Electric and electronic products,CY2020 average=100,MONTHLY,Corporate Goods Price Index (2020 Base)/ Export Price Index (contract currency basis),20260710,201609,104.1
PRCG20_2300520001,Group/_Electric and electronic products,CY2020 average=100,MONTHLY,Corporate Goods Price Index (2020 Base)/ Export Price Index (contract currency basis),20260710,201610,103.6
PRCG20_2300520001,Group/_Electric and electronic products,CY2020 average=100,MONTHLY,Corporate Goods Price Index (2020 Base)/ Export Price Index (contract currency basis),20260710,201611,104.9
PRCG20_2300520001,Group/_Electric and electronic products,CY2020 average=100,MONTHLY,Corporate Goods Price Index (2020 Base)/ Export Price Index (contract currency basis),20260710,201612,105
PRCG20_2300520001,Group/_Electric and electronic products,CY2020 average=100,MONTHLY,Corporate Goods Price Index (2020 Base)/ Export Price Index (contract currency basis),20260710,201701,104.9
PRCG20_2300520001,Group/_Electric and electronic products,CY2020 average=100,MONTHLY,Corporate Goods Price Index (2020 Base)/ Export Price Index (contract currency basis),20260710,201702,105.2
PRCG20_2300520001,Group/_Electric and electronic products,CY2020 average=100,MONTHLY,Corporate Goods Price Index (2020 Base)/ Export Price Index (contract currency basis),20260710,201703,105.1
PRCG20_2300520001,Group/_Electric and electronic products,CY2020 average=100,MONTHLY,Corporate Goods Price Index (2020 Base)/ Export Price Index (contract currency basis),20260710,201704,105.6
PRCG20_2300520001,Group/_Electric and electronic products,CY2020 average=100,MONTHLY,Corporate Goods Price Index (2020 Base)/ Export Price Index (contract currency basis),20260710,201705,105.6
PRCG20_2300520001,Group/_Electric and electronic products,CY2020 average=100,MONTHLY,Corporate Goods Price Index (2020 Base)/ Export Price Index (contract currency basis),20260710,201706,105.8
PRCG20_2300520001,Group/_Electric and electronic products,CY2020 average=100,MONTHLY,Corporate Goods Price Index (2020 Base)/ Export Price Index (contract currency basis),20260710,201707,106.3
PRCG20_2300520001,Group/_Electric and electronic products,CY2020 average=100,MONTHLY,Corporate Goods Price Index (2020 Base)/ Export Price Index (contract currency basis),20260710,201708,105.8
PRCG20_2300520001,Group/_Electric and electronic products,CY2020 average=100,MONTHLY,Corporate Goods Price Index (2020 Base)/ Export Price Index (contract currency basis),20260710,201709,105.6
PRCG20_2300520001,Group/_Electric and electronic products,CY2020 average=100,MONTHLY,Corporate Goods Price Index (2020 Base)/ Export Price Index (contract currency basis),20260710,201710,105.9
PRCG20_2300520001,Group/_Electric and electronic products,CY2020 average=100,MONTHLY,Corporate Goods Price Index (2020 Base)/ Export Price Index (contract currency basis),20260710,201711,105.8
PRCG20_2300520001,Group/_Electric and electronic products,CY2020 average=100,MONTHLY,Corporate Goods Price Index (2020 Base)/ Export Price Index (contract currency basis),20260710,201712,106.1
PRCG20_2300520001,Group/_Electric and electronic products,CY2020 average=100,MONTHLY,Corporate Goods Price Index (2020 Base)/ Export Price Index (contract currency basis),20260710,201801,106.4
PRCG20_2300520001,Group/_Electric and electronic products,CY2020 average=100,MONTHLY,Corporate Goods Price Index (2020 Base)/ Export Price Index (contract currency basis),20260710,201802,106.2
PRCG20_2300520001,Group/_Electric and electronic products,CY2020 average=100,MONTHLY,Corporate Goods Price Index (2020 Base)/ Export Price Index (contract currency basis),20260710,201803,105.9
PRCG20_2300520001,Group/_Electric and electronic products,CY2020 average=100,MONTHLY,Corporate Goods Price Index (2020 Base)/ Export Price Index (contract currency basis),20260710,201804,105
PRCG20_2300520001,Group/_Electric and electronic products,CY2020 average=100,MONTHLY,Corporate Goods Price Index (2020 Base)/ Export Price Index (contract currency basis),20260710,201805,104.7
PRCG20_2300520001,Group/_Electric and electronic products,CY2020 average=100,MONTHLY,Corporate Goods Price Index (2020 Base)/ Export Price Index (contract currency basis),20260710,201806,104.1
PRCG20_2300520001,Group/_Electric and electronic products,CY2020 average=100,MONTHLY,Corporate Goods Price Index (2020 Base)/ Export Price Index (contract currency basis),20260710,201807,103.2
PRCG20_2300520001,Group/_Electric and electronic products,CY2020 average=100,MONTHLY,Corporate Goods Price Index (2020 Base)/ Export Price Index (contract currency basis),20260710,201808,103.1
PRCG20_2300520001,Group/_Electric and electronic products,CY2020 average=100,MONTHLY,Corporate Goods Price Index (2020 Base)/ Export Price Index (contract currency basis),20260710,201809,102.7
PRCG20_2300520001,Group/_Electric and electronic products,CY2020 average=100,MONTHLY,Corporate Goods Price Index (2020 Base)/ Export Price Index (contract currency basis),20260710,201810,102.6
PRCG20_2300520001,Group/_Electric and electronic products,CY2020 average=100,MONTHLY,Corporate Goods Price Index (2020 Base)/ Export Price Index (contract currency basis),20260710,201811,102.2
PRCG20_2300520001,Group/_Electric and electronic products,CY2020 average=100,MONTHLY,Corporate Goods Price Index (2020 Base)/ Export Price Index (contract currency basis),20260710,201812,102.3
PRCG20_2300520001,Group/_Electric and electronic products,CY2020 average=100,MONTHLY,Corporate Goods Price Index (2020 Base)/ Export Price Index (contract currency basis),20260710,201901,102.2
PRCG20_2300520001,Group/_Electric and electronic products,CY2020 average=100,MONTHLY,Corporate Goods Price Index (2020 Base)/ Export Price Index (contract currency basis),20260710,201902,102.4
PRCG20_2300520001,Group/_Electric and electronic products,CY2020 average=100,MONTHLY,Corporate Goods Price Index (2020 Base)/ Export Price Index (contract currency basis),20260710,201903,101.9
PRCG20_2300520001,Group/_Electric and electronic products,CY2020 average=100,MONTHLY,Corporate Goods Price Index (2020 Base)/ Export Price Index (contract currency basis),20260710,201904,101.2
PRCG20_2300520001,Group/_Electric and electronic products,CY2020 average=100,MONTHLY,Corporate Goods Price Index (2020 Base)/ Export Price Index (contract currency basis),20260710,201905,100.9
PRCG20_2300520001,Group/_Electric and electronic products,CY2020 average=100,MONTHLY,Corporate Goods Price Index (2020 Base)/ Export Price Index (contract currency basis),20260710,201906,100.7
PRCG20_2300520001,Group/_Electric and electronic products,CY2020 average=100,MONTHLY,Corporate Goods Price Index (2020 Base)/ Export Price Index (contract currency basis),20260710,201907,99.7
PRCG20_2300520001,Group/_Electric and electronic products,CY2020 average=100,MONTHLY,Corporate Goods Price Index (2020 Base)/ Export Price Index (contract currency basis),20260710,201908,99.9
PRCG20_2300520001,Group/_Electric and electronic products,CY2020 average=100,MONTHLY,Corporate Goods Price Index (2020 Base)/ Export Price Index (contract currency basis),20260710,201909,99.7
PRCG20_2300520001,Group/_Electric and electronic products,CY2020 average=100,MONTHLY,Corporate Goods Price Index (2020 Base)/ Export Price Index (contract currency basis),20260710,201910,99.9
PRCG20_2300520001,Group/_Electric and electronic products,CY2020 average=100,MONTHLY,Corporate Goods Price Index (2020 Base)/ Export Price Index (contract currency basis),20260710,201911,100.5
PRCG20_2300520001,Group/_Electric and electronic products,CY2020 average=100,MONTHLY,Corporate Goods Price Index (2020 Base)/ Export Price Index (contract currency basis),20260710,201912,100.5
PRCG20_2300520001,Group/_Electric and electronic products,CY2020 average=100,MONTHLY,Corporate Goods Price Index (2020 Base)/ Export Price Index (contract currency basis),20260710,202001,100.8
PRCG20_2300520001,Group/_Electric and electronic products,CY2020 average=100,MONTHLY,Corporate Goods Price Index (2020 Base)/ Export Price Index (contract currency basis),20260710,202002,100.7
PRCG20_2300520001,Group/_Electric and electronic products,CY2020 average=100,MONTHLY,Corporate Goods Price Index (2020 Base)/ Export Price Index (contract currency basis),20260710,202003,100.9
PRCG20_2300520001,Group/_Electric and electronic products,CY2020 average=100,MONTHLY,Corporate Goods Price Index (2020 Base)/ Export Price Index (contract currency basis),20260710,202004,100.9
PRCG20_2300520001,Group/_Electric and electronic products,CY2020 average=100,MONTHLY,Corporate Goods Price Index (2020 Base)/ Export Price Index (contract currency basis),20260710,202005,100.9
PRCG20_2300520001,Group/_Electric and electronic products,CY2020 average=100,MONTHLY,Corporate Goods Price Index (2020 Base)/ Export Price Index (contract currency basis),20260710,202006,100.8
PRCG20_2300520001,Group/_Electric and electronic products,CY2020 average=100,MONTHLY,Corporate Goods Price Index (2020 Base)/ Export Price Index (contract currency basis),20260710,202007,99.7
PRCG20_2300520001,Group/_Electric and electronic products,CY2020 average=100,MONTHLY,Corporate Goods Price Index (2020 Base)/ Export Price Index (contract currency basis),20260710,202008,99.5
PRCG20_2300520001,Group/_Electric and electronic products,CY2020 average=100,MONTHLY,Corporate Goods Price Index (2020 Base)/ Export Price Index (contract currency basis),20260710,202009,99.4
PRCG20_2300520001,Group/_Electric and electronic products,CY2020 average=100,MONTHLY,Corporate Goods Price Index (2020 Base)/ Export Price Index (contract currency basis),20260710,202010,99.1
PRCG20_2300520001,Group/_Electric and electronic products,CY2020 average=100,MONTHLY,Corporate Goods Price Index (2020 Base)/ Export Price Index (contract currency basis),20260710,202011,98.9
PRCG20_2300520001,Group/_Electric and electronic products,CY2020 average=100,MONTHLY,Corporate Goods Price Index (2020 Base)/ Export Price Index (contract currency basis),20260710,202012,98.4
PRCG20_2300520001,Group/_Electric and electronic products,CY2020 average=100,MONTHLY,Corporate Goods Price Index (2020 Base)/ Export Price Index (contract currency basis),20260710,202101,98.1
PRCG20_2300520001,Group/_Electric and electronic products,CY2020 average=100,MONTHLY,Corporate Goods Price Index (2020 Base)/ Export Price Index (contract currency basis),20260710,202102,97.2
PRCG20_2300520001,Group/_Electric and electronic products,CY2020 average=100,MONTHLY,Corporate Goods Price Index (2020 Base)/ Export Price Index (contract currency basis),20260710,202103,97.6
PRCG20_2300520001,Group/_Electric and electronic products,CY2020 average=100,MONTHLY,Corporate Goods Price Index (2020 Base)/ Export Price Index (contract currency basis),20260710,202104,98.1
PRCG20_2300520001,Group/_Electric and electronic products,CY2020 average=100,MONTHLY,Corporate Goods Price Index (2020 Base)/ Export Price Index (contract currency basis),20260710,202105,97.8
PRCG20_2300520001,Group/_Electric and electronic products,CY2020 average=100,MONTHLY,Corporate Goods Price Index (2020 Base)/ Export Price Index (contract currency basis),20260710,202106,98.2
PRCG20_2300520001,Group/_Electric and electronic products,CY2020 average=100,MONTHLY,Corporate Goods Price Index (2020 Base)/ Export Price Index (contract currency basis),20260710,202107,98.8
PRCG20_2300520001,Group/_Electric and electronic products,CY2020 average=100,MONTHLY,Corporate Goods Price Index (2020 Base)/ Export Price Index (contract currency basis),20260710,202108,99.3
PRCG20_2300520001,Group/_Electric and electronic products,CY2020 average=100,MONTHLY,Corporate Goods Price Index (2020 Base)/ Export Price Index (contract currency basis),20260710,202109,99.5
PRCG20_2300520001,Group/_Electric and electronic products,CY2020 average=100,MONTHLY,Corporate Goods Price Index (2020 Base)/ Export Price Index (contract currency basis),20260710,202110,100.2
PRCG20_2300520001,Group/_Electric and electronic products,CY2020 average=100,MONTHLY,Corporate Goods Price Index (2020 Base)/ Export Price Index (contract currency basis),20260710,202111,100.4
PRCG20_2300520001,Group/_Electric and electronic products,CY2020 average=100,MONTHLY,Corporate Goods Price Index (2020 Base)/ Export Price Index (contract currency basis),20260710,202112,100.4
PRCG20_2300520001,Group/_Electric and electronic products,CY2020 average=100,MONTHLY,Corporate Goods Price Index (2020 Base)/ Export Price Index (contract currency basis),20260710,202201,100.5
PRCG20_2300520001,Group/_Electric and electronic products,CY2020 average=100,MONTHLY,Corporate Goods Price Index (2020 Base)/ Export Price Index (contract currency basis),20260710,202202,100.6
PRCG20_2300520001,Group/_Electric and electronic products,CY2020 average=100,MONTHLY,Corporate Goods Price Index (2020 Base)/ Export Price Index (contract currency basis),20260710,202203,100.9
PRCG20_2300520001,Group/_Electric and electronic products,CY2020 average=100,MONTHLY,Corporate Goods Price Index (2020 Base)/ Export Price Index (contract currency basis),20260710,202204,101.6
PRCG20_2300520001,Group/_Electric and electronic products,CY2020 average=100,MONTHLY,Corporate Goods Price Index (2020 Base)/ Export Price Index (contract currency basis),20260710,202205,102.5
PRCG20_2300520001,Group/_Electric and electronic products,CY2020 average=100,MONTHLY,Corporate Goods Price Index (2020 Base)/ Export Price Index (contract currency basis),20260710,202206,102.9
PRCG20_2300520001,Group/_Electric and electronic products,CY2020 average=100,MONTHLY,Corporate Goods Price Index (2020 Base)/ Export Price Index (contract currency basis),20260710,202207,104.1
PRCG20_2300520001,Group/_Electric and electronic products,CY2020 average=100,MONTHLY,Corporate Goods Price Index (2020 Base)/ Export Price Index (contract currency basis),20260710,202208,104.1
PRCG20_2300520001,Group/_Electric and electronic products,CY2020 average=100,MONTHLY,Corporate Goods Price Index (2020 Base)/ Export Price Index (contract currency basis),20260710,202209,103.1
PRCG20_2300520001,Group/_Electric and electronic products,CY2020 average=100,MONTHLY,Corporate Goods Price Index (2020 Base)/ Export Price Index (contract currency basis),20260710,202210,102.9
PRCG20_2300520001,Group/_Electric and electronic products,CY2020 average=100,MONTHLY,Corporate Goods Price Index (2020 Base)/ Export Price Index (contract currency basis),20260710,202211,102.3
PRCG20_2300520001,Group/_Electric and electronic products,CY2020 average=100,MONTHLY,Corporate Goods Price Index (2020 Base)/ Export Price Index (contract currency basis),20260710,202212,101.8
PRCG20_2300520001,Group/_Electric and electronic products,CY2020 average=100,MONTHLY,Corporate Goods Price Index (2020 Base)/ Export Price Index (contract currency basis),20260710,202301,100.8
PRCG20_2300520001,Group/_Electric and electronic products,CY2020 average=100,MONTHLY,Corporate Goods Price Index (2020 Base)/ Export Price Index (contract currency basis),20260710,202302,100.2
PRCG20_2300520001,Group/_Electric and electronic products,CY2020 average=100,MONTHLY,Corporate Goods Price Index (2020 Base)/ Export Price Index (contract currency basis),20260710,202303,100.7
PRCG20_2300520001,Group/_Electric and electronic products,CY2020 average=100,MONTHLY,Corporate Goods Price Index (2020 Base)/ Export Price Index (contract currency basis),20260710,202304,100.2
PRCG20_2300520001,Group/_Electric and electronic products,CY2020 average=100,MONTHLY,Corporate Goods Price Index (2020 Base)/ Export Price Index (contract currency basis),20260710,202305,100
PRCG20_2300520001,Group/_Electric and electronic products,CY2020 average=100,MONTHLY,Corporate Goods Price Index (2020 Base)/ Export Price Index (contract currency basis),20260710,202306,100.3
PRCG20_2300520001,Group/_Electric and electronic products,CY2020 average=100,MONTHLY,Corporate Goods Price Index (2020 Base)/ Export Price Index (contract currency basis),20260710,202307,100.3
PRCG20_2300520001,Group/_Electric and electronic products,CY2020 average=100,MONTHLY,Corporate Goods Price Index (2020 Base)/ Export Price Index (contract currency basis),20260710,202308,100.6
PRCG20_2300520001,Group/_Electric and electronic products,CY2020 average=100,MONTHLY,Corporate Goods Price Index (2020 Base)/ Export Price Index (contract currency basis),20260710,202309,101.2
PRCG20_2300520001,Group/_Electric and electronic products,CY2020 average=100,MONTHLY,Corporate Goods Price Index (2020 Base)/ Export Price Index (contract currency basis),20260710,202310,101.5
PRCG20_2300520001,Group/_Electric and electronic products,CY2020 average=100,MONTHLY,Corporate Goods Price Index (2020 Base)/ Export Price Index (contract currency basis),20260710,202311,101.6
PRCG20_2300520001,Group/_Electric and electronic products,CY2020 average=100,MONTHLY,Corporate Goods Price Index (2020 Base)/ Export Price Index (contract currency basis),20260710,202312,101
PRCG20_2300520001,Group/_Electric and electronic products,CY2020 average=100,MONTHLY,Corporate Goods Price Index (2020 Base)/ Export Price Index (contract currency basis),20260710,202401,102.5
PRCG20_2300520001,Group/_Electric and electronic products,CY2020 average=100,MONTHLY,Corporate Goods Price Index (2020 Base)/ Export Price Index (contract currency basis),20260710,202402,102.8
PRCG20_2300520001,Group/_Electric and electronic products,CY2020 average=100,MONTHLY,Corporate Goods Price Index (2020 Base)/ Export Price Index (contract currency basis),20260710,202403,103.3
PRCG20_2300520001,Group/_Electric and electronic products,CY2020 average=100,MONTHLY,Corporate Goods Price Index (2020 Base)/ Export Price Index (contract currency basis),20260710,202404,104.2
PRCG20_2300520001,Group/_Electric and electronic products,CY2020 average=100,MONTHLY,Corporate Goods Price Index (2020 Base)/ Export Price Index (contract currency basis),20260710,202405,105
PRCG20_2300520001,Group/_Electric and electronic products,CY2020 average=100,MONTHLY,Corporate Goods Price Index (2020 Base)/ Export Price Index (contract currency basis),20260710,202406,105.1
PRCG20_2300520001,Group/_Electric and electronic products,CY2020 average=100,MONTHLY,Corporate Goods Price Index (2020 Base)/ Export Price Index (contract currency basis),20260710,202407,105.6
PRCG20_2300520001,Group/_Electric and electronic products,CY2020 average=100,MONTHLY,Corporate Goods Price Index (2020 Base)/ Export Price Index (contract currency basis),20260710,202408,105.1
PRCG20_2300520001,Group/_Electric and electronic products,CY2020 average=100,MONTHLY,Corporate Goods Price Index (2020 Base)/ Export Price Index (contract currency basis),20260710,202409,105
PRCG20_2300520001,Group/_Electric and electronic products,CY2020 average=100,MONTHLY,Corporate Goods Price Index (2020 Base)/ Export Price Index (contract currency basis),20260710,202410,103.5
PRCG20_2300520001,Group/_Electric and electronic products,CY2020 average=100,MONTHLY,Corporate Goods Price Index (2020 Base)/ Export Price Index (contract currency basis),20260710,202411,104.7
PRCG20_2300520001,Group/_Electric and electronic products,CY2020 average=100,MONTHLY,Corporate Goods Price Index (2020 Base)/ Export Price Index (contract currency basis),20260710,202412,103.8
PRCG20_2300520001,Group/_Electric and electronic products,CY2020 average=100,MONTHLY,Corporate Goods Price Index (2020 Base)/ Export Price Index (contract currency basis),20260710,202501,102.9
PRCG20_2300520001,Group/_Electric and electronic products,CY2020 average=100,MONTHLY,Corporate Goods Price Index (2020 Base)/ Export Price Index (contract currency basis),20260710,202502,103.1
PRCG20_2300520001,Group/_Electric and electronic products,CY2020 average=100,MONTHLY,Corporate Goods Price Index (2020 Base)/ Export Price Index (contract currency basis),20260710,202503,102.5
PRCG20_2300520001,Group/_Electric and electronic products,CY2020 average=100,MONTHLY,Corporate Goods Price Index (2020 Base)/ Export Price Index (contract currency basis),20260710,202504,102.7
PRCG20_2300520001,Group/_Electric and electronic products,CY2020 average=100,MONTHLY,Corporate Goods Price Index (2020 Base)/ Export Price Index (contract currency basis),20260710,202505,102.3
PRCG20_2300520001,Group/_Electric and electronic products,CY2020 average=100,MONTHLY,Corporate Goods Price Index (2020 Base)/ Export Price Index (contract currency basis),20260710,202506,101.8
PRCG20_2300520001,Group/_Electric and electronic products,CY2020 average=100,MONTHLY,Corporate Goods Price Index (2020 Base)/ Export Price Index (contract currency basis),20260710,202507,103.3
PRCG20_2300520001,Group/_Electric and electronic products,CY2020 average=100,MONTHLY,Corporate Goods Price Index (2020 Base)/ Export Price Index (contract currency basis),20260710,202508,103.3
PRCG20_2300520001,Group/_Electric and electronic products,CY2020 average=100,MONTHLY,Corporate Goods Price Index (2020 Base)/ Export Price Index (contract currency basis),20260710,202509,104
PRCG20_2300520001,Group/_Electric and electronic products,CY2020 average=100,MONTHLY,Corporate Goods Price Index (2020 Base)/ Export Price Index (contract currency basis),20260710,202510,104.8
PRCG20_2300520001,Group/_Electric and electronic products,CY2020 average=100,MONTHLY,Corporate Goods Price Index (2020 Base)/ Export Price Index (contract currency basis),20260710,202511,106
PRCG20_2300520001,Group/_Electric and electronic products,CY2020 average=100,MONTHLY,Corporate Goods Price Index (2020 Base)/ Export Price Index (contract currency basis),20260710,202512,110.1
PRCG20_2300520001,Group/_Electric and electronic products,CY2020 average=100,MONTHLY,Corporate Goods Price Index (2020 Base)/ Export Price Index (contract currency basis),20260710,202601,117.7
PRCG20_2300520001,Group/_Electric and electronic products,CY2020 average=100,MONTHLY,Corporate Goods Price Index (2020 Base)/ Export Price Index (contract currency basis),20260710,202602,121.7
PRCG20_2300520001,Group/_Electric and electronic products,CY2020 average=100,MONTHLY,Corporate Goods Price Index (2020 Base)/ Export Price Index (contract currency basis),20260710,202603,118.4
PRCG20_2300520001,Group/_Electric and electronic products,CY2020 average=100,MONTHLY,Corporate Goods Price Index (2020 Base)/ Export Price Index (contract currency basis),20260710,202604,122.2
PRCG20_2300520001,Group/_Electric and electronic products,CY2020 average=100,MONTHLY,Corporate Goods Price Index (2020 Base)/ Export Price Index (contract currency basis),20260710,202605,126.4
PRCG20_2300520001,Group/_Electric and electronic products,CY2020 average=100,MONTHLY,Corporate Goods Price Index (2020 Base)/ Export Price Index (contract currency basis),20260710,202606,129
PRCG20_2300520001,Group/_Electric and electronic products,CY2020 average=100,MONTHLY,Corporate Goods Price Index (2020 Base)/ Export Price Index (contract currency basis),20260710,202607,null
PRCG20_2300520001,Group/_Electric and electronic products,CY2020 average=100,MONTHLY,Corporate Goods Price Index (2020 Base)/ Export Price Index (contract currency basis),20260710,202608,null
PRCG20_2300520001,Group/_Electric and electronic products,CY2020 average=100,MONTHLY,Corporate Goods Price Index (2020 Base)/ Export Price Index (contract currency basis),20260710,202609,null
PRCG20_2300520001,Group/_Electric and electronic products,CY2020 average=100,MONTHLY,Corporate Goods Price Index (2020 Base)/ Export Price Index (contract currency basis),20260710,202610,null
PRCG20_2300520001,Group/_Electric and electronic products,CY2020 average=100,MONTHLY,Corporate Goods Price Index (2020 Base)/ Export Price Index (contract currency basis),20260710,202611,null
PRCG20_2300520001,Group/_Electric and electronic products,CY2020 average=100,MONTHLY,Corporate Goods Price Index (2020 Base)/ Export Price Index (contract currency basis),20260710,202612,null
PRCG20_2201520001,Group/_Electronic components and devices,CY2020 average=100,MONTHLY,Corporate Goods Price Index (2020 Base)/ Producer Price Index,20260710,201401,102.8
PRCG20_2201520001,Group/_Electronic components and devices,CY2020 average=100,MONTHLY,Corporate Goods Price Index (2020 Base)/ Producer Price Index,20260710,201402,102.3
PRCG20_2201520001,Group/_Electronic components and devices,CY2020 average=100,MONTHLY,Corporate Goods Price Index (2020 Base)/ Producer Price Index,20260710,201403,101.9
PRCG20_2201520001,Group/_Electronic components and devices,CY2020 average=100,MONTHLY,Corporate Goods Price Index (2020 Base)/ Producer Price Index,20260710,201404,103.9
PRCG20_2201520001,Group/_Electronic components and devices,CY2020 average=100,MONTHLY,Corporate Goods Price Index (2020 Base)/ Producer Price Index,20260710,201405,103.6
PRCG20_2201520001,Group/_Electronic components and devices,CY2020 average=100,MONTHLY,Corporate Goods Price Index (2020 Base)/ Producer Price Index,20260710,201406,103.2
PRCG20_2201520001,Group/_Electronic components and devices,CY2020 average=100,MONTHLY,Corporate Goods Price Index (2020 Base)/ Producer Price Index,20260710,201407,103.1
PRCG20_2201520001,Group/_Electronic components and devices,CY2020 average=100,MONTHLY,Corporate Goods Price Index (2020 Base)/ Producer Price Index,20260710,201408,103.2
PRCG20_2201520001,Group/_Electronic components and devices,CY2020 average=100,MONTHLY,Corporate Goods Price Index (2020 Base)/ Producer Price Index,20260710,201409,103.1
PRCG20_2201520001,Group/_Electronic components and devices,CY2020 average=100,MONTHLY,Corporate Goods Price Index (2020 Base)/ Producer Price Index,20260710,201410,102.7
PRCG20_2201520001,Group/_Electronic components and devices,CY2020 average=100,MONTHLY,Corporate Goods Price Index (2020 Base)/ Producer Price Index,20260710,201411,102.6
PRCG20_2201520001,Group/_Electronic components and devices,CY2020 average=100,MONTHLY,Corporate Goods Price Index (2020 Base)/ Producer Price Index,20260710,201412,102.7
PRCG20_2201520001,Group/_Electronic components and devices,CY2020 average=100,MONTHLY,Corporate Goods Price Index (2020 Base)/ Producer Price Index,20260710,201501,103.2
PRCG20_2201520001,Group/_Electronic components and devices,CY2020 average=100,MONTHLY,Corporate Goods Price Index (2020 Base)/ Producer Price Index,20260710,201502,102.5
PRCG20_2201520001,Group/_Electronic components and devices,CY2020 average=100,MONTHLY,Corporate Goods Price Index (2020 Base)/ Producer Price Index,20260710,201503,102.4
PRCG20_2201520001,Group/_Electronic components and devices,CY2020 average=100,MONTHLY,Corporate Goods Price Index (2020 Base)/ Producer Price Index,20260710,201504,102
PRCG20_2201520001,Group/_Electronic components and devices,CY2020 average=100,MONTHLY,Corporate Goods Price Index (2020 Base)/ Producer Price Index,20260710,201505,101.7
PRCG20_2201520001,Group/_Electronic components and devices,CY2020 average=100,MONTHLY,Corporate Goods Price Index (2020 Base)/ Producer Price Index,20260710,201506,101.7
PRCG20_2201520001,Group/_Electronic components and devices,CY2020 average=100,MONTHLY,Corporate Goods Price Index (2020 Base)/ Producer Price Index,20260710,201507,101.4
PRCG20_2201520001,Group/_Electronic components and devices,CY2020 average=100,MONTHLY,Corporate Goods Price Index (2020 Base)/ Producer Price Index,20260710,201508,101.3
PRCG20_2201520001,Group/_Electronic components and devices,CY2020 average=100,MONTHLY,Corporate Goods Price Index (2020 Base)/ Producer Price Index,20260710,201509,100.7
PRCG20_2201520001,Group/_Electronic components and devices,CY2020 average=100,MONTHLY,Corporate Goods Price Index (2020 Base)/ Producer Price Index,20260710,201510,100.2
PRCG20_2201520001,Group/_Electronic components and devices,CY2020 average=100,MONTHLY,Corporate Goods Price Index (2020 Base)/ Producer Price Index,20260710,201511,100.2
PRCG20_2201520001,Group/_Electronic components and devices,CY2020 average=100,MONTHLY,Corporate Goods Price Index (2020 Base)/ Producer Price Index,20260710,201512,100
PRCG20_2201520001,Group/_Electronic components and devices,CY2020 average=100,MONTHLY,Corporate Goods Price Index (2020 Base)/ Producer Price Index,20260710,201601,99.1
PRCG20_2201520001,Group/_Electronic components and devices,CY2020 average=100,MONTHLY,Corporate Goods Price Index (2020 Base)/ Producer Price Index,20260710,201602,98.7
PRCG20_2201520001,Group/_Electronic components and devices,CY2020 average=100,MONTHLY,Corporate Goods Price Index (2020 Base)/ Producer Price Index,20260710,201603,98.5
PRCG20_2201520001,Group/_Electronic components and devices,CY2020 average=100,MONTHLY,Corporate Goods Price Index (2020 Base)/ Producer Price Index,20260710,201604,98
PRCG20_2201520001,Group/_Electronic components and devices,CY2020 average=100,MONTHLY,Corporate Goods Price Index (2020 Base)/ Producer Price Index,20260710,201605,97.7
PRCG20_2201520001,Group/_Electronic components and devices,CY2020 average=100,MONTHLY,Corporate Goods Price Index (2020 Base)/ Producer Price Index,20260710,201606,97.6
PRCG20_2201520001,Group/_Electronic components and devices,CY2020 average=100,MONTHLY,Corporate Goods Price Index (2020 Base)/ Producer Price Index,20260710,201607,97.8
PRCG20_2201520001,Group/_Electronic components and devices,CY2020 average=100,MONTHLY,Corporate Goods Price Index (2020 Base)/ Producer Price Index,20260710,201608,97.9
PRCG20_2201520001,Group/_Electronic components and devices,CY2020 average=100,MONTHLY,Corporate Goods Price Index (2020 Base)/ Producer Price Index,20260710,201609,98
PRCG20_2201520001,Group/_Electronic components and devices,CY2020 average=100,MONTHLY,Corporate Goods Price Index (2020 Base)/ Producer Price Index,20260710,201610,98.1
PRCG20_2201520001,Group/_Electronic components and devices,CY2020 average=100,MONTHLY,Corporate Goods Price Index (2020 Base)/ Producer Price Index,20260710,201611,98.6
PRCG20_2201520001,Group/_Electronic components and devices,CY2020 average=100,MONTHLY,Corporate Goods Price Index (2020 Base)/ Producer Price Index,20260710,201612,98.9
PRCG20_2201520001,Group/_Electronic components and devices,CY2020 average=100,MONTHLY,Corporate Goods Price Index (2020 Base)/ Producer Price Index,20260710,201701,98.8
PRCG20_2201520001,Group/_Electronic components and devices,CY2020 average=100,MONTHLY,Corporate Goods Price Index (2020 Base)/ Producer Price Index,20260710,201702,99
PRCG20_2201520001,Group/_Electronic components and devices,CY2020 average=100,MONTHLY,Corporate Goods Price Index (2020 Base)/ Producer Price Index,20260710,201703,99
PRCG20_2201520001,Group/_Electronic components and devices,CY2020 average=100,MONTHLY,Corporate Goods Price Index (2020 Base)/ Producer Price Index,20260710,201704,98.9
PRCG20_2201520001,Group/_Electronic components and devices,CY2020 average=100,MONTHLY,Corporate Goods Price Index (2020 Base)/ Producer Price Index,20260710,201705,99.1
PRCG20_2201520001,Group/_Electronic components and devices,CY2020 average=100,MONTHLY,Corporate Goods Price Index (2020 Base)/ Producer Price Index,20260710,201706,99.2
PRCG20_2201520001,Group/_Electronic components and devices,CY2020 average=100,MONTHLY,Corporate Goods Price Index (2020 Base)/ Producer Price Index,20260710,201707,99.5
PRCG20_2201520001,Group/_Electronic components and devices,CY2020 average=100,MONTHLY,Corporate Goods Price Index (2020 Base)/ Producer Price Index,20260710,201708,99.2
PRCG20_2201520001,Group/_Electronic components and devices,CY2020 average=100,MONTHLY,Corporate Goods Price Index (2020 Base)/ Producer Price Index,20260710,201709,99.5
PRCG20_2201520001,Group/_Electronic components and devices,CY2020 average=100,MONTHLY,Corporate Goods Price Index (2020 Base)/ Producer Price Index,20260710,201710,99.8
PRCG20_2201520001,Group/_Electronic components and devices,CY2020 average=100,MONTHLY,Corporate Goods Price Index (2020 Base)/ Producer Price Index,20260710,201711,99.9
PRCG20_2201520001,Group/_Electronic components and devices,CY2020 average=100,MONTHLY,Corporate Goods Price Index (2020 Base)/ Producer Price Index,20260710,201712,99.9
PRCG20_2201520001,Group/_Electronic components and devices,CY2020 average=100,MONTHLY,Corporate Goods Price Index (2020 Base)/ Producer Price Index,20260710,201801,99.7
PRCG20_2201520001,Group/_Electronic components and devices,CY2020 average=100,MONTHLY,Corporate Goods Price Index (2020 Base)/ Producer Price Index,20260710,201802,99.2
PRCG20_2201520001,Group/_Electronic components and devices,CY2020 average=100,MONTHLY,Corporate Goods Price Index (2020 Base)/ Producer Price Index,20260710,201803,99.2
PRCG20_2201520001,Group/_Electronic components and devices,CY2020 average=100,MONTHLY,Corporate Goods Price Index (2020 Base)/ Producer Price Index,20260710,201804,99.7
PRCG20_2201520001,Group/_Electronic components and devices,CY2020 average=100,MONTHLY,Corporate Goods Price Index (2020 Base)/ Producer Price Index,20260710,201805,99.5
PRCG20_2201520001,Group/_Electronic components and devices,CY2020 average=100,MONTHLY,Corporate Goods Price Index (2020 Base)/ Producer Price Index,20260710,201806,99.2
PRCG20_2201520001,Group/_Electronic components and devices,CY2020 average=100,MONTHLY,Corporate Goods Price Index (2020 Base)/ Producer Price Index,20260710,201807,99.2
PRCG20_2201520001,Group/_Electronic components and devices,CY2020 average=100,MONTHLY,Corporate Goods Price Index (2020 Base)/ Producer Price Index,20260710,201808,99.2
PRCG20_2201520001,Group/_Electronic components and devices,CY2020 average=100,MONTHLY,Corporate Goods Price Index (2020 Base)/ Producer Price Index,20260710,201809,98.9
PRCG20_2201520001,Group/_Electronic components and devices,CY2020 average=100,MONTHLY,Corporate Goods Price Index (2020 Base)/ Producer Price Index,20260710,201810,99.4
PRCG20_2201520001,Group/_Electronic components and devices,CY2020 average=100,MONTHLY,Corporate Goods Price Index (2020 Base)/ Producer Price Index,20260710,201811,99.4
PRCG20_2201520001,Group/_Electronic components and devices,CY2020 average=100,MONTHLY,Corporate Goods Price Index (2020 Base)/ Producer Price Index,20260710,201812,99.3
PRCG20_2201520001,Group/_Electronic components and devices,CY2020 average=100,MONTHLY,Corporate Goods Price Index (2020 Base)/ Producer Price Index,20260710,201901,99.2
PRCG20_2201520001,Group/_Electronic components and devices,CY2020 average=100,MONTHLY,Corporate Goods Price Index (2020 Base)/ Producer Price Index,20260710,201902,99.4
PRCG20_2201520001,Group/_Electronic components and devices,CY2020 average=100,MONTHLY,Corporate Goods Price Index (2020 Base)/ Producer Price Index,20260710,201903,99.1
PRCG20_2201520001,Group/_Electronic components and devices,CY2020 average=100,MONTHLY,Corporate Goods Price Index (2020 Base)/ Producer Price Index,20260710,201904,99
PRCG20_2201520001,Group/_Electronic components and devices,CY2020 average=100,MONTHLY,Corporate Goods Price Index (2020 Base)/ Producer Price Index,20260710,201905,99
PRCG20_2201520001,Group/_Electronic components and devices,CY2020 average=100,MONTHLY,Corporate Goods Price Index (2020 Base)/ Producer Price Index,20260710,201906,98.7
PRCG20_2201520001,Group/_Electronic components and devices,CY2020 average=100,MONTHLY,Corporate Goods Price Index (2020 Base)/ Producer Price Index,20260710,201907,98.8
PRCG20_2201520001,Group/_Electronic components and devices,CY2020 average=100,MONTHLY,Corporate Goods Price Index (2020 Base)/ Producer Price Index,20260710,201908,98.6
PRCG20_2201520001,Group/_Electronic components and devices,CY2020 average=100,MONTHLY,Corporate Goods Price Index (2020 Base)/ Producer Price Index,20260710,201909,98.6
PRCG20_2201520001,Group/_Electronic components and devices,CY2020 average=100,MONTHLY,Corporate Goods Price Index (2020 Base)/ Producer Price Index,20260710,201910,100
PRCG20_2201520001,Group/_Electronic components and devices,CY2020 average=100,MONTHLY,Corporate Goods Price Index (2020 Base)/ Producer Price Index,20260710,201911,100
PRCG20_2201520001,Group/_Electronic components and devices,CY2020 average=100,MONTHLY,Corporate Goods Price Index (2020 Base)/ Producer Price Index,20260710,201912,99.7
PRCG20_2201520001,Group/_Electronic components and devices,CY2020 average=100,MONTHLY,Corporate Goods Price Index (2020 Base)/ Producer Price Index,20260710,202001,99.9
PRCG20_2201520001,Group/_Electronic components and devices,CY2020 average=100,MONTHLY,Corporate Goods Price Index (2020 Base)/ Producer Price Index,20260710,202002,100.1
PRCG20_2201520001,Group/_Electronic components and devices,CY2020 average=100,MONTHLY,Corporate Goods Price Index (2020 Base)/ Producer Price Index,20260710,202003,99.9
PRCG20_2201520001,Group/_Electronic components and devices,CY2020 average=100,MONTHLY,Corporate Goods Price Index (2020 Base)/ Producer Price Index,20260710,202004,99.9
PRCG20_2201520001,Group/_Electronic components and devices,CY2020 average=100,MONTHLY,Corporate Goods Price Index (2020 Base)/ Producer Price Index,20260710,202005,99.9
PRCG20_2201520001,Group/_Electronic components and devices,CY2020 average=100,MONTHLY,Corporate Goods Price Index (2020 Base)/ Producer Price Index,20260710,202006,100.2
PRCG20_2201520001,Group/_Electronic components and devices,CY2020 average=100,MONTHLY,Corporate Goods Price Index (2020 Base)/ Producer Price Index,20260710,202007,100.1
PRCG20_2201520001,Group/_Electronic components and devices,CY2020 average=100,MONTHLY,Corporate Goods Price Index (2020 Base)/ Producer Price Index,20260710,202008,100.2
PRCG20_2201520001,Group/_Electronic components and devices,CY2020 average=100,MONTHLY,Corporate Goods Price Index (2020 Base)/ Producer Price Index,20260710,202009,99.8
PRCG20_2201520001,Group/_Electronic components and devices,CY2020 average=100,MONTHLY,Corporate Goods Price Index (2020 Base)/ Producer Price Index,20260710,202010,100
PRCG20_2201520001,Group/_Electronic components and devices,CY2020 average=100,MONTHLY,Corporate Goods Price Index (2020 Base)/ Producer Price Index,20260710,202011,100
PRCG20_2201520001,Group/_Electronic components and devices,CY2020 average=100,MONTHLY,Corporate Goods Price Index (2020 Base)/ Producer Price Index,20260710,202012,100
PRCG20_2201520001,Group/_Electronic components and devices,CY2020 average=100,MONTHLY,Corporate Goods Price Index (2020 Base)/ Producer Price Index,20260710,202101,100
PRCG20_2201520001,Group/_Electronic components and devices,CY2020 average=100,MONTHLY,Corporate Goods Price Index (2020 Base)/ Producer Price Index,20260710,202102,100
PRCG20_2201520001,Group/_Electronic components and devices,CY2020 average=100,MONTHLY,Corporate Goods Price Index (2020 Base)/ Producer Price Index,20260710,202103,100
PRCG20_2201520001,Group/_Electronic components and devices,CY2020 average=100,MONTHLY,Corporate Goods Price Index (2020 Base)/ Producer Price Index,20260710,202104,100.5
PRCG20_2201520001,Group/_Electronic components and devices,CY2020 average=100,MONTHLY,Corporate Goods Price Index (2020 Base)/ Producer Price Index,20260710,202105,100.9
PRCG20_2201520001,Group/_Electronic components and devices,CY2020 average=100,MONTHLY,Corporate Goods Price Index (2020 Base)/ Producer Price Index,20260710,202106,101.1
PRCG20_2201520001,Group/_Electronic components and devices,CY2020 average=100,MONTHLY,Corporate Goods Price Index (2020 Base)/ Producer Price Index,20260710,202107,101.4
PRCG20_2201520001,Group/_Electronic components and devices,CY2020 average=100,MONTHLY,Corporate Goods Price Index (2020 Base)/ Producer Price Index,20260710,202108,101.3
PRCG20_2201520001,Group/_Electronic components and devices,CY2020 average=100,MONTHLY,Corporate Goods Price Index (2020 Base)/ Producer Price Index,20260710,202109,101.4
PRCG20_2201520001,Group/_Electronic components and devices,CY2020 average=100,MONTHLY,Corporate Goods Price Index (2020 Base)/ Producer Price Index,20260710,202110,101.9
PRCG20_2201520001,Group/_Electronic components and devices,CY2020 average=100,MONTHLY,Corporate Goods Price Index (2020 Base)/ Producer Price Index,20260710,202111,102.1
PRCG20_2201520001,Group/_Electronic components and devices,CY2020 average=100,MONTHLY,Corporate Goods Price Index (2020 Base)/ Producer Price Index,20260710,202112,102.5
PRCG20_2201520001,Group/_Electronic components and devices,CY2020 average=100,MONTHLY,Corporate Goods Price Index (2020 Base)/ Producer Price Index,20260710,202201,102.6
PRCG20_2201520001,Group/_Electronic components and devices,CY2020 average=100,MONTHLY,Corporate Goods Price Index (2020 Base)/ Producer Price Index,20260710,202202,102.6
PRCG20_2201520001,Group/_Electronic components and devices,CY2020 average=100,MONTHLY,Corporate Goods Price Index (2020 Base)/ Producer Price Index,20260710,202203,102.9
PRCG20_2201520001,Group/_Electronic components and devices,CY2020 average=100,MONTHLY,Corporate Goods Price Index (2020 Base)/ Producer Price Index,20260710,202204,103.3
PRCG20_2201520001,Group/_Electronic components and devices,CY2020 average=100,MONTHLY,Corporate Goods Price Index (2020 Base)/ Producer Price Index,20260710,202205,103.3
PRCG20_2201520001,Group/_Electronic components and devices,CY2020 average=100,MONTHLY,Corporate Goods Price Index (2020 Base)/ Producer Price Index,20260710,202206,103.4
PRCG20_2201520001,Group/_Electronic components and devices,CY2020 average=100,MONTHLY,Corporate Goods Price Index (2020 Base)/ Producer Price Index,20260710,202207,103
PRCG20_2201520001,Group/_Electronic components and devices,CY2020 average=100,MONTHLY,Corporate Goods Price Index (2020 Base)/ Producer Price Index,20260710,202208,103.3
PRCG20_2201520001,Group/_Electronic components and devices,CY2020 average=100,MONTHLY,Corporate Goods Price Index (2020 Base)/ Producer Price Index,20260710,202209,103.3
PRCG20_2201520001,Group/_Electronic components and devices,CY2020 average=100,MONTHLY,Corporate Goods Price Index (2020 Base)/ Producer Price Index,20260710,202210,104.2
PRCG20_2201520001,Group/_Electronic components and devices,CY2020 average=100,MONTHLY,Corporate Goods Price Index (2020 Base)/ Producer Price Index,20260710,202211,104.2
PRCG20_2201520001,Group/_Electronic components and devices,CY2020 average=100,MONTHLY,Corporate Goods Price Index (2020 Base)/ Producer Price Index,20260710,202212,104.4
PRCG20_2201520001,Group/_Electronic components and devices,CY2020 average=100,MONTHLY,Corporate Goods Price Index (2020 Base)/ Producer Price Index,20260710,202301,104.8
PRCG20_2201520001,Group/_Electronic components and devices,CY2020 average=100,MONTHLY,Corporate Goods Price Index (2020 Base)/ Producer Price Index,20260710,202302,105.5
PRCG20_2201520001,Group/_Electronic components and devices,CY2020 average=100,MONTHLY,Corporate Goods Price Index (2020 Base)/ Producer Price Index,20260710,202303,105.6
PRCG20_2201520001,Group/_Electronic components and devices,CY2020 average=100,MONTHLY,Corporate Goods Price Index (2020 Base)/ Producer Price Index,20260710,202304,106.4
PRCG20_2201520001,Group/_Electronic components and devices,CY2020 average=100,MONTHLY,Corporate Goods Price Index (2020 Base)/ Producer Price Index,20260710,202305,106.4
PRCG20_2201520001,Group/_Electronic components and devices,CY2020 average=100,MONTHLY,Corporate Goods Price Index (2020 Base)/ Producer Price Index,20260710,202306,106.6
PRCG20_2201520001,Group/_Electronic components and devices,CY2020 average=100,MONTHLY,Corporate Goods Price Index (2020 Base)/ Producer Price Index,20260710,202307,106.4
PRCG20_2201520001,Group/_Electronic components and devices,CY2020 average=100,MONTHLY,Corporate Goods Price Index (2020 Base)/ Producer Price Index,20260710,202308,107.2
PRCG20_2201520001,Group/_Electronic components and devices,CY2020 average=100,MONTHLY,Corporate Goods Price Index (2020 Base)/ Producer Price Index,20260710,202309,107.1
PRCG20_2201520001,Group/_Electronic components and devices,CY2020 average=100,MONTHLY,Corporate Goods Price Index (2020 Base)/ Producer Price Index,20260710,202310,106.6
PRCG20_2201520001,Group/_Electronic components and devices,CY2020 average=100,MONTHLY,Corporate Goods Price Index (2020 Base)/ Producer Price Index,20260710,202311,106.9
PRCG20_2201520001,Group/_Electronic components and devices,CY2020 average=100,MONTHLY,Corporate Goods Price Index (2020 Base)/ Producer Price Index,20260710,202312,107.8
PRCG20_2201520001,Group/_Electronic components and devices,CY2020 average=100,MONTHLY,Corporate Goods Price Index (2020 Base)/ Producer Price Index,20260710,202401,107.9
PRCG20_2201520001,Group/_Electronic components and devices,CY2020 average=100,MONTHLY,Corporate Goods Price Index (2020 Base)/ Producer Price Index,20260710,202402,107.7
PRCG20_2201520001,Group/_Electronic components and devices,CY2020 average=100,MONTHLY,Corporate Goods Price Index (2020 Base)/ Producer Price Index,20260710,202403,107.9
PRCG20_2201520001,Group/_Electronic components and devices,CY2020 average=100,MONTHLY,Corporate Goods Price Index (2020 Base)/ Producer Price Index,20260710,202404,107.7
PRCG20_2201520001,Group/_Electronic components and devices,CY2020 average=100,MONTHLY,Corporate Goods Price Index (2020 Base)/ Producer Price Index,20260710,202405,107.5
PRCG20_2201520001,Group/_Electronic components and devices,CY2020 average=100,MONTHLY,Corporate Goods Price Index (2020 Base)/ Producer Price Index,20260710,202406,107.4
PRCG20_2201520001,Group/_Electronic components and devices,CY2020 average=100,MONTHLY,Corporate Goods Price Index (2020 Base)/ Producer Price Index,20260710,202407,107.5
PRCG20_2201520001,Group/_Electronic components and devices,CY2020 average=100,MONTHLY,Corporate Goods Price Index (2020 Base)/ Producer Price Index,20260710,202408,107.4
PRCG20_2201520001,Group/_Electronic components and devices,CY2020 average=100,MONTHLY,Corporate Goods Price Index (2020 Base)/ Producer Price Index,20260710,202409,107.5
PRCG20_2201520001,Group/_Electronic components and devices,CY2020 average=100,MONTHLY,Corporate Goods Price Index (2020 Base)/ Producer Price Index,20260710,202410,108.2
PRCG20_2201520001,Group/_Electronic components and devices,CY2020 average=100,MONTHLY,Corporate Goods Price Index (2020 Base)/ Producer Price Index,20260710,202411,108.2
PRCG20_2201520001,Group/_Electronic components and devices,CY2020 average=100,MONTHLY,Corporate Goods Price Index (2020 Base)/ Producer Price Index,20260710,202412,107.8
PRCG20_2201520001,Group/_Electronic components and devices,CY2020 average=100,MONTHLY,Corporate Goods Price Index (2020 Base)/ Producer Price Index,20260710,202501,108
PRCG20_2201520001,Group/_Electronic components and devices,CY2020 average=100,MONTHLY,Corporate Goods Price Index (2020 Base)/ Producer Price Index,20260710,202502,107.9
PRCG20_2201520001,Group/_Electronic components and devices,CY2020 average=100,MONTHLY,Corporate Goods Price Index (2020 Base)/ Producer Price Index,20260710,202503,107.8
PRCG20_2201520001,Group/_Electronic components and devices,CY2020 average=100,MONTHLY,Corporate Goods Price Index (2020 Base)/ Producer Price Index,20260710,202504,107.9
PRCG20_2201520001,Group/_Electronic components and devices,CY2020 average=100,MONTHLY,Corporate Goods Price Index (2020 Base)/ Producer Price Index,20260710,202505,108.1
PRCG20_2201520001,Group/_Electronic components and devices,CY2020 average=100,MONTHLY,Corporate Goods Price Index (2020 Base)/ Producer Price Index,20260710,202506,108.4
PRCG20_2201520001,Group/_Electronic components and devices,CY2020 average=100,MONTHLY,Corporate Goods Price Index (2020 Base)/ Producer Price Index,20260710,202507,108.9
PRCG20_2201520001,Group/_Electronic components and devices,CY2020 average=100,MONTHLY,Corporate Goods Price Index (2020 Base)/ Producer Price Index,20260710,202508,109.2
PRCG20_2201520001,Group/_Electronic components and devices,CY2020 average=100,MONTHLY,Corporate Goods Price Index (2020 Base)/ Producer Price Index,20260710,202509,109.2
PRCG20_2201520001,Group/_Electronic components and devices,CY2020 average=100,MONTHLY,Corporate Goods Price Index (2020 Base)/ Producer Price Index,20260710,202510,110.2
PRCG20_2201520001,Group/_Electronic components and devices,CY2020 average=100,MONTHLY,Corporate Goods Price Index (2020 Base)/ Producer Price Index,20260710,202511,109.9
PRCG20_2201520001,Group/_Electronic components and devices,CY2020 average=100,MONTHLY,Corporate Goods Price Index (2020 Base)/ Producer Price Index,20260710,202512,110.2
PRCG20_2201520001,Group/_Electronic components and devices,CY2020 average=100,MONTHLY,Corporate Goods Price Index (2020 Base)/ Producer Price Index,20260710,202601,110.2
PRCG20_2201520001,Group/_Electronic components and devices,CY2020 average=100,MONTHLY,Corporate Goods Price Index (2020 Base)/ Producer Price Index,20260710,202602,110.3
PRCG20_2201520001,Group/_Electronic components and devices,CY2020 average=100,MONTHLY,Corporate Goods Price Index (2020 Base)/ Producer Price Index,20260710,202603,110.6
PRCG20_2201520001,Group/_Electronic components and devices,CY2020 average=100,MONTHLY,Corporate Goods Price Index (2020 Base)/ Producer Price Index,20260710,202604,111.1
PRCG20_2201520001,Group/_Electronic components and devices,CY2020 average=100,MONTHLY,Corporate Goods Price Index (2020 Base)/ Producer Price Index,20260710,202605,111
PRCG20_2201520001,Group/_Electronic components and devices,CY2020 average=100,MONTHLY,Corporate Goods Price Index (2020 Base)/ Producer Price Index,20260710,202606,111.3
PRCG20_2201520001,Group/_Electronic components and devices,CY2020 average=100,MONTHLY,Corporate Goods Price Index (2020 Base)/ Producer Price Index,20260710,202607,null
PRCG20_2201520001,Group/_Electronic components and devices,CY2020 average=100,MONTHLY,Corporate Goods Price Index (2020 Base)/ Producer Price Index,20260710,202608,null
PRCG20_2201520001,Group/_Electronic components and devices,CY2020 average=100,MONTHLY,Corporate Goods Price Index (2020 Base)/ Producer Price Index,20260710,202609,null
PRCG20_2201520001,Group/_Electronic components and devices,CY2020 average=100,MONTHLY,Corporate Goods Price Index (2020 Base)/ Producer Price Index,20260710,202610,null
PRCG20_2201520001,Group/_Electronic components and devices,CY2020 average=100,MONTHLY,Corporate Goods Price Index (2020 Base)/ Producer Price Index,20260710,202611,null
PRCG20_2201520001,Group/_Electronic components and devices,CY2020 average=100,MONTHLY,Corporate Goods Price Index (2020 Base)/ Producer Price Index,20260710,202612,null
PRCG20_2201720001,Group/_Information and communications equipment,CY2020 average=100,MONTHLY,Corporate Goods Price Index (2020 Base)/ Producer Price Index,20260710,201401,102.8
PRCG20_2201720001,Group/_Information and communications equipment,CY2020 average=100,MONTHLY,Corporate Goods Price Index (2020 Base)/ Producer Price Index,20260710,201402,102.8
PRCG20_2201720001,Group/_Information and communications equipment,CY2020 average=100,MONTHLY,Corporate Goods Price Index (2020 Base)/ Producer Price Index,20260710,201403,103.3
PRCG20_2201720001,Group/_Information and communications equipment,CY2020 average=100,MONTHLY,Corporate Goods Price Index (2020 Base)/ Producer Price Index,20260710,201404,106.5
PRCG20_2201720001,Group/_Information and communications equipment,CY2020 average=100,MONTHLY,Corporate Goods Price Index (2020 Base)/ Producer Price Index,20260710,201405,106.3
PRCG20_2201720001,Group/_Information and communications equipment,CY2020 average=100,MONTHLY,Corporate Goods Price Index (2020 Base)/ Producer Price Index,20260710,201406,106.1
PRCG20_2201720001,Group/_Information and communications equipment,CY2020 average=100,MONTHLY,Corporate Goods Price Index (2020 Base)/ Producer Price Index,20260710,201407,105.8
PRCG20_2201720001,Group/_Information and communications equipment,CY2020 average=100,MONTHLY,Corporate Goods Price Index (2020 Base)/ Producer Price Index,20260710,201408,105.5
PRCG20_2201720001,Group/_Information and communications equipment,CY2020 average=100,MONTHLY,Corporate Goods Price Index (2020 Base)/ Producer Price Index,20260710,201409,104.9
PRCG20_2201720001,Group/_Information and communications equipment,CY2020 average=100,MONTHLY,Corporate Goods Price Index (2020 Base)/ Producer Price Index,20260710,201410,104.5
PRCG20_2201720001,Group/_Information and communications equipment,CY2020 average=100,MONTHLY,Corporate Goods Price Index (2020 Base)/ Producer Price Index,20260710,201411,104.9
PRCG20_2201720001,Group/_Information and communications equipment,CY2020 average=100,MONTHLY,Corporate Goods Price Index (2020 Base)/ Producer Price Index,20260710,201412,104.2
PRCG20_2201720001,Group/_Information and communications equipment,CY2020 average=100,MONTHLY,Corporate Goods Price Index (2020 Base)/ Producer Price Index,20260710,201501,104.6
PRCG20_2201720001,Group/_Information and communications equipment,CY2020 average=100,MONTHLY,Corporate Goods Price Index (2020 Base)/ Producer Price Index,20260710,201502,104.1
PRCG20_2201720001,Group/_Information and communications equipment,CY2020 average=100,MONTHLY,Corporate Goods Price Index (2020 Base)/ Producer Price Index,20260710,201503,104.1
PRCG20_2201720001,Group/_Information and communications equipment,CY2020 average=100,MONTHLY,Corporate Goods Price Index (2020 Base)/ Producer Price Index,20260710,201504,105.1
PRCG20_2201720001,Group/_Information and communications equipment,CY2020 average=100,MONTHLY,Corporate Goods Price Index (2020 Base)/ Producer Price Index,20260710,201505,104.6
PRCG20_2201720001,Group/_Information and communications equipment,CY2020 average=100,MONTHLY,Corporate Goods Price Index (2020 Base)/ Producer Price Index,20260710,201506,104.2
PRCG20_2201720001,Group/_Information and communications equipment,CY2020 average=100,MONTHLY,Corporate Goods Price Index (2020 Base)/ Producer Price Index,20260710,201507,104.4
PRCG20_2201720001,Group/_Information and communications equipment,CY2020 average=100,MONTHLY,Corporate Goods Price Index (2020 Base)/ Producer Price Index,20260710,201508,104.2
PRCG20_2201720001,Group/_Information and communications equipment,CY2020 average=100,MONTHLY,Corporate Goods Price Index (2020 Base)/ Producer Price Index,20260710,201509,104.5
PRCG20_2201720001,Group/_Information and communications equipment,CY2020 average=100,MONTHLY,Corporate Goods Price Index (2020 Base)/ Producer Price Index,20260710,201510,104.5
PRCG20_2201720001,Group/_Information and communications equipment,CY2020 average=100,MONTHLY,Corporate Goods Price Index (2020 Base)/ Producer Price Index,20260710,201511,105.1
PRCG20_2201720001,Group/_Information and communications equipment,CY2020 average=100,MONTHLY,Corporate Goods Price Index (2020 Base)/ Producer Price Index,20260710,201512,104.8
PRCG20_2201720001,Group/_Information and communications equipment,CY2020 average=100,MONTHLY,Corporate Goods Price Index (2020 Base)/ Producer Price Index,20260710,201601,104.8
PRCG20_2201720001,Group/_Information and communications equipment,CY2020 average=100,MONTHLY,Corporate Goods Price Index (2020 Base)/ Producer Price Index,20260710,201602,104.8
PRCG20_2201720001,Group/_Information and communications equipment,CY2020 average=100,MONTHLY,Corporate Goods Price Index (2020 Base)/ Producer Price Index,20260710,201603,104.6
PRCG20_2201720001,Group/_Information and communications equipment,CY2020 average=100,MONTHLY,Corporate Goods Price Index (2020 Base)/ Producer Price Index,20260710,201604,104.4
PRCG20_2201720001,Group/_Information and communications equipment,CY2020 average=100,MONTHLY,Corporate Goods Price Index (2020 Base)/ Producer Price Index,20260710,201605,104.2
PRCG20_2201720001,Group/_Information and communications equipment,CY2020 average=100,MONTHLY,Corporate Goods Price Index (2020 Base)/ Producer Price Index,20260710,201606,104.4
PRCG20_2201720001,Group/_Information and communications equipment,CY2020 average=100,MONTHLY,Corporate Goods Price Index (2020 Base)/ Producer Price Index,20260710,201607,104
PRCG20_2201720001,Group/_Information and communications equipment,CY2020 average=100,MONTHLY,Corporate Goods Price Index (2020 Base)/ Producer Price Index,20260710,201608,104
PRCG20_2201720001,Group/_Information and communications equipment,CY2020 average=100,MONTHLY,Corporate Goods Price Index (2020 Base)/ Producer Price Index,20260710,201609,103.5
PRCG20_2201720001,Group/_Information and communications equipment,CY2020 average=100,MONTHLY,Corporate Goods Price Index (2020 Base)/ Producer Price Index,20260710,201610,102.9
PRCG20_2201720001,Group/_Information and communications equipment,CY2020 average=100,MONTHLY,Corporate Goods Price Index (2020 Base)/ Producer Price Index,20260710,201611,102.9
PRCG20_2201720001,Group/_Information and communications equipment,CY2020 average=100,MONTHLY,Corporate Goods Price Index (2020 Base)/ Producer Price Index,20260710,201612,102.8
PRCG20_2201720001,Group/_Information and communications equipment,CY2020 average=100,MONTHLY,Corporate Goods Price Index (2020 Base)/ Producer Price Index,20260710,201701,103
PRCG20_2201720001,Group/_Information and communications equipment,CY2020 average=100,MONTHLY,Corporate Goods Price Index (2020 Base)/ Producer Price Index,20260710,201702,102.9
PRCG20_2201720001,Group/_Information and communications equipment,CY2020 average=100,MONTHLY,Corporate Goods Price Index (2020 Base)/ Producer Price Index,20260710,201703,102.8
PRCG20_2201720001,Group/_Information and communications equipment,CY2020 average=100,MONTHLY,Corporate Goods Price Index (2020 Base)/ Producer Price Index,20260710,201704,102.9
PRCG20_2201720001,Group/_Information and communications equipment,CY2020 average=100,MONTHLY,Corporate Goods Price Index (2020 Base)/ Producer Price Index,20260710,201705,102.9
PRCG20_2201720001,Group/_Information and communications equipment,CY2020 average=100,MONTHLY,Corporate Goods Price Index (2020 Base)/ Producer Price Index,20260710,201706,102.5
PRCG20_2201720001,Group/_Information and communications equipment,CY2020 average=100,MONTHLY,Corporate Goods Price Index (2020 Base)/ Producer Price Index,20260710,201707,101.6
PRCG20_2201720001,Group/_Information and communications equipment,CY2020 average=100,MONTHLY,Corporate Goods Price Index (2020 Base)/ Producer Price Index,20260710,201708,101.5
PRCG20_2201720001,Group/_Information and communications equipment,CY2020 average=100,MONTHLY,Corporate Goods Price Index (2020 Base)/ Producer Price Index,20260710,201709,101.8
PRCG20_2201720001,Group/_Information and communications equipment,CY2020 average=100,MONTHLY,Corporate Goods Price Index (2020 Base)/ Producer Price Index,20260710,201710,102
PRCG20_2201720001,Group/_Information and communications equipment,CY2020 average=100,MONTHLY,Corporate Goods Price Index (2020 Base)/ Producer Price Index,20260710,201711,101.9
PRCG20_2201720001,Group/_Information and communications equipment,CY2020 average=100,MONTHLY,Corporate Goods Price Index (2020 Base)/ Producer Price Index,20260710,201712,101.9
PRCG20_2201720001,Group/_Information and communications equipment,CY2020 average=100,MONTHLY,Corporate Goods Price Index (2020 Base)/ Producer Price Index,20260710,201801,101.8
PRCG20_2201720001,Group/_Information and communications equipment,CY2020 average=100,MONTHLY,Corporate Goods Price Index (2020 Base)/ Producer Price Index,20260710,201802,101.6
PRCG20_2201720001,Group/_Information and communications equipment,CY2020 average=100,MONTHLY,Corporate Goods Price Index (2020 Base)/ Producer Price Index,20260710,201803,101.4
PRCG20_2201720001,Group/_Information and communications equipment,CY2020 average=100,MONTHLY,Corporate Goods Price Index (2020 Base)/ Producer Price Index,20260710,201804,101.1
PRCG20_2201720001,Group/_Information and communications equipment,CY2020 average=100,MONTHLY,Corporate Goods Price Index (2020 Base)/ Producer Price Index,20260710,201805,101
PRCG20_2201720001,Group/_Information and communications equipment,CY2020 average=100,MONTHLY,Corporate Goods Price Index (2020 Base)/ Producer Price Index,20260710,201806,101
PRCG20_2201720001,Group/_Information and communications equipment,CY2020 average=100,MONTHLY,Corporate Goods Price Index (2020 Base)/ Producer Price Index,20260710,201807,101.5
PRCG20_2201720001,Group/_Information and communications equipment,CY2020 average=100,MONTHLY,Corporate Goods Price Index (2020 Base)/ Producer Price Index,20260710,201808,101.2
PRCG20_2201720001,Group/_Information and communications equipment,CY2020 average=100,MONTHLY,Corporate Goods Price Index (2020 Base)/ Producer Price Index,20260710,201809,100.8
PRCG20_2201720001,Group/_Information and communications equipment,CY2020 average=100,MONTHLY,Corporate Goods Price Index (2020 Base)/ Producer Price Index,20260710,201810,101.3
PRCG20_2201720001,Group/_Information and communications equipment,CY2020 average=100,MONTHLY,Corporate Goods Price Index (2020 Base)/ Producer Price Index,20260710,201811,101
PRCG20_2201720001,Group/_Information and communications equipment,CY2020 average=100,MONTHLY,Corporate Goods Price Index (2020 Base)/ Producer Price Index,20260710,201812,100.3
PRCG20_2201720001,Group/_Information and communications equipment,CY2020 average=100,MONTHLY,Corporate Goods Price Index (2020 Base)/ Producer Price Index,20260710,201901,99.9
PRCG20_2201720001,Group/_Information and communications equipment,CY2020 average=100,MONTHLY,Corporate Goods Price Index (2020 Base)/ Producer Price Index,20260710,201902,100.1
PRCG20_2201720001,Group/_Information and communications equipment,CY2020 average=100,MONTHLY,Corporate Goods Price Index (2020 Base)/ Producer Price Index,20260710,201903,100.2
PRCG20_2201720001,Group/_Information and communications equipment,CY2020 average=100,MONTHLY,Corporate Goods Price Index (2020 Base)/ Producer Price Index,20260710,201904,99.8
PRCG20_2201720001,Group/_Information and communications equipment,CY2020 average=100,MONTHLY,Corporate Goods Price Index (2020 Base)/ Producer Price Index,20260710,201905,99.8
PRCG20_2201720001,Group/_Information and communications equipment,CY2020 average=100,MONTHLY,Corporate Goods Price Index (2020 Base)/ Producer Price Index,20260710,201906,99.4
PRCG20_2201720001,Group/_Information and communications equipment,CY2020 average=100,MONTHLY,Corporate Goods Price Index (2020 Base)/ Producer Price Index,20260710,201907,98.9
PRCG20_2201720001,Group/_Information and communications equipment,CY2020 average=100,MONTHLY,Corporate Goods Price Index (2020 Base)/ Producer Price Index,20260710,201908,98.8
PRCG20_2201720001,Group/_Information and communications equipment,CY2020 average=100,MONTHLY,Corporate Goods Price Index (2020 Base)/ Producer Price Index,20260710,201909,98
PRCG20_2201720001,Group/_Information and communications equipment,CY2020 average=100,MONTHLY,Corporate Goods Price Index (2020 Base)/ Producer Price Index,20260710,201910,100.5
PRCG20_2201720001,Group/_Information and communications equipment,CY2020 average=100,MONTHLY,Corporate Goods Price Index (2020 Base)/ Producer Price Index,20260710,201911,100.2
PRCG20_2201720001,Group/_Information and communications equipment,CY2020 average=100,MONTHLY,Corporate Goods Price Index (2020 Base)/ Producer Price Index,20260710,201912,100
PRCG20_2201720001,Group/_Information and communications equipment,CY2020 average=100,MONTHLY,Corporate Goods Price Index (2020 Base)/ Producer Price Index,20260710,202001,100.5
PRCG20_2201720001,Group/_Information and communications equipment,CY2020 average=100,MONTHLY,Corporate Goods Price Index (2020 Base)/ Producer Price Index,20260710,202002,100.5
PRCG20_2201720001,Group/_Information and communications equipment,CY2020 average=100,MONTHLY,Corporate Goods Price Index (2020 Base)/ Producer Price Index,20260710,202003,100.5
PRCG20_2201720001,Group/_Information and communications equipment,CY2020 average=100,MONTHLY,Corporate Goods Price Index (2020 Base)/ Producer Price Index,20260710,202004,100.2
PRCG20_2201720001,Group/_Information and communications equipment,CY2020 average=100,MONTHLY,Corporate Goods Price Index (2020 Base)/ Producer Price Index,20260710,202005,100.3
PRCG20_2201720001,Group/_Information and communications equipment,CY2020 average=100,MONTHLY,Corporate Goods Price Index (2020 Base)/ Producer Price Index,20260710,202006,100.4
PRCG20_2201720001,Group/_Information and communications equipment,CY2020 average=100,MONTHLY,Corporate Goods Price Index (2020 Base)/ Producer Price Index,20260710,202007,100.3
PRCG20_2201720001,Group/_Information and communications equipment,CY2020 average=100,MONTHLY,Corporate Goods Price Index (2020 Base)/ Producer Price Index,20260710,202008,100.3
PRCG20_2201720001,Group/_Information and communications equipment,CY2020 average=100,MONTHLY,Corporate Goods Price Index (2020 Base)/ Producer Price Index,20260710,202009,99.7
PRCG20_2201720001,Group/_Information and communications equipment,CY2020 average=100,MONTHLY,Corporate Goods Price Index (2020 Base)/ Producer Price Index,20260710,202010,99.3
PRCG20_2201720001,Group/_Information and communications equipment,CY2020 average=100,MONTHLY,Corporate Goods Price Index (2020 Base)/ Producer Price Index,20260710,202011,99.1
PRCG20_2201720001,Group/_Information and communications equipment,CY2020 average=100,MONTHLY,Corporate Goods Price Index (2020 Base)/ Producer Price Index,20260710,202012,98.8
PRCG20_2201720001,Group/_Information and communications equipment,CY2020 average=100,MONTHLY,Corporate Goods Price Index (2020 Base)/ Producer Price Index,20260710,202101,99.2
PRCG20_2201720001,Group/_Information and communications equipment,CY2020 average=100,MONTHLY,Corporate Goods Price Index (2020 Base)/ Producer Price Index,20260710,202102,99.4
PRCG20_2201720001,Group/_Information and communications equipment,CY2020 average=100,MONTHLY,Corporate Goods Price Index (2020 Base)/ Producer Price Index,20260710,202103,99.1
PRCG20_2201720001,Group/_Information and communications equipment,CY2020 average=100,MONTHLY,Corporate Goods Price Index (2020 Base)/ Producer Price Index,20260710,202104,98.3
PRCG20_2201720001,Group/_Information and communications equipment,CY2020 average=100,MONTHLY,Corporate Goods Price Index (2020 Base)/ Producer Price Index,20260710,202105,99.1
PRCG20_2201720001,Group/_Information and communications equipment,CY2020 average=100,MONTHLY,Corporate Goods Price Index (2020 Base)/ Producer Price Index,20260710,202106,98.5
PRCG20_2201720001,Group/_Information and communications equipment,CY2020 average=100,MONTHLY,Corporate Goods Price Index (2020 Base)/ Producer Price Index,20260710,202107,98.4
PRCG20_2201720001,Group/_Information and communications equipment,CY2020 average=100,MONTHLY,Corporate Goods Price Index (2020 Base)/ Producer Price Index,20260710,202108,98.9
PRCG20_2201720001,Group/_Information and communications equipment,CY2020 average=100,MONTHLY,Corporate Goods Price Index (2020 Base)/ Producer Price Index,20260710,202109,98.6
PRCG20_2201720001,Group/_Information and communications equipment,CY2020 average=100,MONTHLY,Corporate Goods Price Index (2020 Base)/ Producer Price Index,20260710,202110,98.6
PRCG20_2201720001,Group/_Information and communications equipment,CY2020 average=100,MONTHLY,Corporate Goods Price Index (2020 Base)/ Producer Price Index,20260710,202111,98.6
PRCG20_2201720001,Group/_Information and communications equipment,CY2020 average=100,MONTHLY,Corporate Goods Price Index (2020 Base)/ Producer Price Index,20260710,202112,100
PRCG20_2201720001,Group/_Information and communications equipment,CY2020 average=100,MONTHLY,Corporate Goods Price Index (2020 Base)/ Producer Price Index,20260710,202201,101.3
PRCG20_2201720001,Group/_Information and communications equipment,CY2020 average=100,MONTHLY,Corporate Goods Price Index (2020 Base)/ Producer Price Index,20260710,202202,100.9
PRCG20_2201720001,Group/_Information and communications equipment,CY2020 average=100,MONTHLY,Corporate Goods Price Index (2020 Base)/ Producer Price Index,20260710,202203,101
PRCG20_2201720001,Group/_Information and communications equipment,CY2020 average=100,MONTHLY,Corporate Goods Price Index (2020 Base)/ Producer Price Index,20260710,202204,101.2
PRCG20_2201720001,Group/_Information and communications equipment,CY2020 average=100,MONTHLY,Corporate Goods Price Index (2020 Base)/ Producer Price Index,20260710,202205,100.5
PRCG20_2201720001,Group/_Information and communications equipment,CY2020 average=100,MONTHLY,Corporate Goods Price Index (2020 Base)/ Producer Price Index,20260710,202206,100.8
PRCG20_2201720001,Group/_Information and communications equipment,CY2020 average=100,MONTHLY,Corporate Goods Price Index (2020 Base)/ Producer Price Index,20260710,202207,103.5
PRCG20_2201720001,Group/_Information and communications equipment,CY2020 average=100,MONTHLY,Corporate Goods Price Index (2020 Base)/ Producer Price Index,20260710,202208,104.3
PRCG20_2201720001,Group/_Information and communications equipment,CY2020 average=100,MONTHLY,Corporate Goods Price Index (2020 Base)/ Producer Price Index,20260710,202209,104.1
PRCG20_2201720001,Group/_Information and communications equipment,CY2020 average=100,MONTHLY,Corporate Goods Price Index (2020 Base)/ Producer Price Index,20260710,202210,104.4
PRCG20_2201720001,Group/_Information and communications equipment,CY2020 average=100,MONTHLY,Corporate Goods Price Index (2020 Base)/ Producer Price Index,20260710,202211,105.3
PRCG20_2201720001,Group/_Information and communications equipment,CY2020 average=100,MONTHLY,Corporate Goods Price Index (2020 Base)/ Producer Price Index,20260710,202212,105.8
PRCG20_2201720001,Group/_Information and communications equipment,CY2020 average=100,MONTHLY,Corporate Goods Price Index (2020 Base)/ Producer Price Index,20260710,202301,105.8
PRCG20_2201720001,Group/_Information and communications equipment,CY2020 average=100,MONTHLY,Corporate Goods Price Index (2020 Base)/ Producer Price Index,20260710,202302,106
PRCG20_2201720001,Group/_Information and communications equipment,CY2020 average=100,MONTHLY,Corporate Goods Price Index (2020 Base)/ Producer Price Index,20260710,202303,106.4
PRCG20_2201720001,Group/_Information and communications equipment,CY2020 average=100,MONTHLY,Corporate Goods Price Index (2020 Base)/ Producer Price Index,20260710,202304,105.7
PRCG20_2201720001,Group/_Information and communications equipment,CY2020 average=100,MONTHLY,Corporate Goods Price Index (2020 Base)/ Producer Price Index,20260710,202305,106.7
PRCG20_2201720001,Group/_Information and communications equipment,CY2020 average=100,MONTHLY,Corporate Goods Price Index (2020 Base)/ Producer Price Index,20260710,202306,106.5
PRCG20_2201720001,Group/_Information and communications equipment,CY2020 average=100,MONTHLY,Corporate Goods Price Index (2020 Base)/ Producer Price Index,20260710,202307,106.5
PRCG20_2201720001,Group/_Information and communications equipment,CY2020 average=100,MONTHLY,Corporate Goods Price Index (2020 Base)/ Producer Price Index,20260710,202308,106.8
PRCG20_2201720001,Group/_Information and communications equipment,CY2020 average=100,MONTHLY,Corporate Goods Price Index (2020 Base)/ Producer Price Index,20260710,202309,106.6
PRCG20_2201720001,Group/_Information and communications equipment,CY2020 average=100,MONTHLY,Corporate Goods Price Index (2020 Base)/ Producer Price Index,20260710,202310,108
PRCG20_2201720001,Group/_Information and communications equipment,CY2020 average=100,MONTHLY,Corporate Goods Price Index (2020 Base)/ Producer Price Index,20260710,202311,107.7
PRCG20_2201720001,Group/_Information and communications equipment,CY2020 average=100,MONTHLY,Corporate Goods Price Index (2020 Base)/ Producer Price Index,20260710,202312,108.2
PRCG20_2201720001,Group/_Information and communications equipment,CY2020 average=100,MONTHLY,Corporate Goods Price Index (2020 Base)/ Producer Price Index,20260710,202401,108.5
PRCG20_2201720001,Group/_Information and communications equipment,CY2020 average=100,MONTHLY,Corporate Goods Price Index (2020 Base)/ Producer Price Index,20260710,202402,108.9
PRCG20_2201720001,Group/_Information and communications equipment,CY2020 average=100,MONTHLY,Corporate Goods Price Index (2020 Base)/ Producer Price Index,20260710,202403,109.4
PRCG20_2201720001,Group/_Information and communications equipment,CY2020 average=100,MONTHLY,Corporate Goods Price Index (2020 Base)/ Producer Price Index,20260710,202404,110.2
PRCG20_2201720001,Group/_Information and communications equipment,CY2020 average=100,MONTHLY,Corporate Goods Price Index (2020 Base)/ Producer Price Index,20260710,202405,109.7
PRCG20_2201720001,Group/_Information and communications equipment,CY2020 average=100,MONTHLY,Corporate Goods Price Index (2020 Base)/ Producer Price Index,20260710,202406,109.3
PRCG20_2201720001,Group/_Information and communications equipment,CY2020 average=100,MONTHLY,Corporate Goods Price Index (2020 Base)/ Producer Price Index,20260710,202407,109.7
PRCG20_2201720001,Group/_Information and communications equipment,CY2020 average=100,MONTHLY,Corporate Goods Price Index (2020 Base)/ Producer Price Index,20260710,202408,110.2
PRCG20_2201720001,Group/_Information and communications equipment,CY2020 average=100,MONTHLY,Corporate Goods Price Index (2020 Base)/ Producer Price Index,20260710,202409,110.6
PRCG20_2201720001,Group/_Information and communications equipment,CY2020 average=100,MONTHLY,Corporate Goods Price Index (2020 Base)/ Producer Price Index,20260710,202410,111.4
PRCG20_2201720001,Group/_Information and communications equipment,CY2020 average=100,MONTHLY,Corporate Goods Price Index (2020 Base)/ Producer Price Index,20260710,202411,110.7
PRCG20_2201720001,Group/_Information and communications equipment,CY2020 average=100,MONTHLY,Corporate Goods Price Index (2020 Base)/ Producer Price Index,20260710,202412,111
PRCG20_2201720001,Group/_Information and communications equipment,CY2020 average=100,MONTHLY,Corporate Goods Price Index (2020 Base)/ Producer Price Index,20260710,202501,110.6
PRCG20_2201720001,Group/_Information and communications equipment,CY2020 average=100,MONTHLY,Corporate Goods Price Index (2020 Base)/ Producer Price Index,20260710,202502,111.6
PRCG20_2201720001,Group/_Information and communications equipment,CY2020 average=100,MONTHLY,Corporate Goods Price Index (2020 Base)/ Producer Price Index,20260710,202503,110.9
PRCG20_2201720001,Group/_Information and communications equipment,CY2020 average=100,MONTHLY,Corporate Goods Price Index (2020 Base)/ Producer Price Index,20260710,202504,112.2
PRCG20_2201720001,Group/_Information and communications equipment,CY2020 average=100,MONTHLY,Corporate Goods Price Index (2020 Base)/ Producer Price Index,20260710,202505,112.2
PRCG20_2201720001,Group/_Information and communications equipment,CY2020 average=100,MONTHLY,Corporate Goods Price Index (2020 Base)/ Producer Price Index,20260710,202506,111.6
PRCG20_2201720001,Group/_Information and communications equipment,CY2020 average=100,MONTHLY,Corporate Goods Price Index (2020 Base)/ Producer Price Index,20260710,202507,112.1
PRCG20_2201720001,Group/_Information and communications equipment,CY2020 average=100,MONTHLY,Corporate Goods Price Index (2020 Base)/ Producer Price Index,20260710,202508,112.2
PRCG20_2201720001,Group/_Information and communications equipment,CY2020 average=100,MONTHLY,Corporate Goods Price Index (2020 Base)/ Producer Price Index,20260710,202509,112
PRCG20_2201720001,Group/_Information and communications equipment,CY2020 average=100,MONTHLY,Corporate Goods Price Index (2020 Base)/ Producer Price Index,20260710,202510,111.8
PRCG20_2201720001,Group/_Information and communications equipment,CY2020 average=100,MONTHLY,Corporate Goods Price Index (2020 Base)/ Producer Price Index,20260710,202511,112.7
PRCG20_2201720001,Group/_Information and communications equipment,CY2020 average=100,MONTHLY,Corporate Goods Price Index (2020 Base)/ Producer Price Index,20260710,202512,114.4
PRCG20_2201720001,Group/_Information and communications equipment,CY2020 average=100,MONTHLY,Corporate Goods Price Index (2020 Base)/ Producer Price Index,20260710,202601,114.6
PRCG20_2201720001,Group/_Information and communications equipment,CY2020 average=100,MONTHLY,Corporate Goods Price Index (2020 Base)/ Producer Price Index,20260710,202602,114.4
PRCG20_2201720001,Group/_Information and communications equipment,CY2020 average=100,MONTHLY,Corporate Goods Price Index (2020 Base)/ Producer Price Index,20260710,202603,118.1
PRCG20_2201720001,Group/_Information and communications equipment,CY2020 average=100,MONTHLY,Corporate Goods Price Index (2020 Base)/ Producer Price Index,20260710,202604,126.1
PRCG20_2201720001,Group/_Information and communications equipment,CY2020 average=100,MONTHLY,Corporate Goods Price Index (2020 Base)/ Producer Price Index,20260710,202605,127.6
PRCG20_2201720001,Group/_Information and communications equipment,CY2020 average=100,MONTHLY,Corporate Goods Price Index (2020 Base)/ Producer Price Index,20260710,202606,127.8
PRCG20_2201720001,Group/_Information and communications equipment,CY2020 average=100,MONTHLY,Corporate Goods Price Index (2020 Base)/ Producer Price Index,20260710,202607,null
PRCG20_2201720001,Group/_Information and communications equipment,CY2020 average=100,MONTHLY,Corporate Goods Price Index (2020 Base)/ Producer Price Index,20260710,202608,null
PRCG20_2201720001,Group/_Information and communications equipment,CY2020 average=100,MONTHLY,Corporate Goods Price Index (2020 Base)/ Producer Price Index,20260710,202609,null
PRCG20_2201720001,Group/_Information and communications equipment,CY2020 average=100,MONTHLY,Corporate Goods Price Index (2020 Base)/ Producer Price Index,20260710,202610,null
PRCG20_2201720001,Group/_Information and communications equipment,CY2020 average=100,MONTHLY,Corporate Goods Price Index (2020 Base)/ Producer Price Index,20260710,202611,null
PRCG20_2201720001,Group/_Information and communications equipment,CY2020 average=100,MONTHLY,Corporate Goods Price Index (2020 Base)/ Producer Price Index,20260710,202612,null
PRCG20_2400000000,[Export Price Index / yen basis] All commodities,CY2020 average=100,MONTHLY,Corporate Goods Price Index (2020 Base)/ Export Price Index (yen basis),20260710,201401,109.8
PRCG20_2400000000,[Export Price Index / yen basis] All commodities,CY2020 average=100,MONTHLY,Corporate Goods Price Index (2020 Base)/ Export Price Index (yen basis),20260710,201402,108.4
PRCG20_2400000000,[Export Price Index / yen basis] All commodities,CY2020 average=100,MONTHLY,Corporate Goods Price Index (2020 Base)/ Export Price Index (yen basis),20260710,201403,108.3
PRCG20_2400000000,[Export Price Index / yen basis] All commodities,CY2020 average=100,MONTHLY,Corporate Goods Price Index (2020 Base)/ Export Price Index (yen basis),20260710,201404,108.1
PRCG20_2400000000,[Export Price Index / yen basis] All commodities,CY2020 average=100,MONTHLY,Corporate Goods Price Index (2020 Base)/ Export Price Index (yen basis),20260710,201405,107.4
PRCG20_2400000000,[Export Price Index / yen basis] All commodities,CY2020 average=100,MONTHLY,Corporate Goods Price Index (2020 Base)/ Export Price Index (yen basis),20260710,201406,107.3
PRCG20_2400000000,[Export Price Index / yen basis] All commodities,CY2020 average=100,MONTHLY,Corporate Goods Price Index (2020 Base)/ Export Price Index (yen basis),20260710,201407,107
PRCG20_2400000000,[Export Price Index / yen basis] All commodities,CY2020 average=100,MONTHLY,Corporate Goods Price Index (2020 Base)/ Export Price Index (yen basis),20260710,201408,107.9
PRCG20_2400000000,[Export Price Index / yen basis] All commodities,CY2020 average=100,MONTHLY,Corporate Goods Price Index (2020 Base)/ Export Price Index (yen basis),20260710,201409,110.1
PRCG20_2400000000,[Export Price Index / yen basis] All commodities,CY2020 average=100,MONTHLY,Corporate Goods Price Index (2020 Base)/ Export Price Index (yen basis),20260710,201410,109.9
PRCG20_2400000000,[Export Price Index / yen basis] All commodities,CY2020 average=100,MONTHLY,Corporate Goods Price Index (2020 Base)/ Export Price Index (yen basis),20260710,201411,114.7
PRCG20_2400000000,[Export Price Index / yen basis] All commodities,CY2020 average=100,MONTHLY,Corporate Goods Price Index (2020 Base)/ Export Price Index (yen basis),20260710,201412,115.5
PRCG20_2400000000,[Export Price Index / yen basis] All commodities,CY2020 average=100,MONTHLY,Corporate Goods Price Index (2020 Base)/ Export Price Index (yen basis),20260710,201501,112.2
PRCG20_2400000000,[Export Price Index / yen basis] All commodities,CY2020 average=100,MONTHLY,Corporate Goods Price Index (2020 Base)/ Export Price Index (yen basis),20260710,201502,111
PRCG20_2400000000,[Export Price Index / yen basis] All commodities,CY2020 average=100,MONTHLY,Corporate Goods Price Index (2020 Base)/ Export Price Index (yen basis),20260710,201503,111.9
PRCG20_2400000000,[Export Price Index / yen basis] All commodities,CY2020 average=100,MONTHLY,Corporate Goods Price Index (2020 Base)/ Export Price Index (yen basis),20260710,201504,111.1
PRCG20_2400000000,[Export Price Index / yen basis] All commodities,CY2020 average=100,MONTHLY,Corporate Goods Price Index (2020 Base)/ Export Price Index (yen basis),20260710,201505,112.5
PRCG20_2400000000,[Export Price Index / yen basis] All commodities,CY2020 average=100,MONTHLY,Corporate Goods Price Index (2020 Base)/ Export Price Index (yen basis),20260710,201506,114.1
PRCG20_2400000000,[Export Price Index / yen basis] All commodities,CY2020 average=100,MONTHLY,Corporate Goods Price Index (2020 Base)/ Export Price Index (yen basis),20260710,201507,112.8
PRCG20_2400000000,[Export Price Index / yen basis] All commodities,CY2020 average=100,MONTHLY,Corporate Goods Price Index (2020 Base)/ Export Price Index (yen basis),20260710,201508,111.9
PRCG20_2400000000,[Export Price Index / yen basis] All commodities,CY2020 average=100,MONTHLY,Corporate Goods Price Index (2020 Base)/ Export Price Index (yen basis),20260710,201509,108.9
PRCG20_2400000000,[Export Price Index / yen basis] All commodities,CY2020 average=100,MONTHLY,Corporate Goods Price Index (2020 Base)/ Export Price Index (yen basis),20260710,201510,107.9
PRCG20_2400000000,[Export Price Index / yen basis] All commodities,CY2020 average=100,MONTHLY,Corporate Goods Price Index (2020 Base)/ Export Price Index (yen basis),20260710,201511,108.7
PRCG20_2400000000,[Export Price Index / yen basis] All commodities,CY2020 average=100,MONTHLY,Corporate Goods Price Index (2020 Base)/ Export Price Index (yen basis),20260710,201512,107.9
PRCG20_2400000000,[Export Price Index / yen basis] All commodities,CY2020 average=100,MONTHLY,Corporate Goods Price Index (2020 Base)/ Export Price Index (yen basis),20260710,201601,105
PRCG20_2400000000,[Export Price Index / yen basis] All commodities,CY2020 average=100,MONTHLY,Corporate Goods Price Index (2020 Base)/ Export Price Index (yen basis),20260710,201602,102.8
PRCG20_2400000000,[Export Price Index / yen basis] All commodities,CY2020 average=100,MONTHLY,Corporate Goods Price Index (2020 Base)/ Export Price Index (yen basis),20260710,201603,102
PRCG20_2400000000,[Export Price Index / yen basis] All commodities,CY2020 average=100,MONTHLY,Corporate Goods Price Index (2020 Base)/ Export Price Index (yen basis),20260710,201604,100.9
PRCG20_2400000000,[Export Price Index / yen basis] All commodities,CY2020 average=100,MONTHLY,Corporate Goods Price Index (2020 Base)/ Export Price Index (yen basis),20260710,201605,100.5
PRCG20_2400000000,[Export Price Index / yen basis] All commodities,CY2020 average=100,MONTHLY,Corporate Goods Price Index (2020 Base)/ Export Price Index (yen basis),20260710,201606,98.5
PRCG20_2400000000,[Export Price Index / yen basis] All commodities,CY2020 average=100,MONTHLY,Corporate Goods Price Index (2020 Base)/ Export Price Index (yen basis),20260710,201607,97.8
PRCG20_2400000000,[Export Price Index / yen basis] All commodities,CY2020 average=100,MONTHLY,Corporate Goods Price Index (2020 Base)/ Export Price Index (yen basis),20260710,201608,96.6
PRCG20_2400000000,[Export Price Index / yen basis] All commodities,CY2020 average=100,MONTHLY,Corporate Goods Price Index (2020 Base)/ Export Price Index (yen basis),20260710,201609,97.1
PRCG20_2400000000,[Export Price Index / yen basis] All commodities,CY2020 average=100,MONTHLY,Corporate Goods Price Index (2020 Base)/ Export Price Index (yen basis),20260710,201610,98.3
PRCG20_2400000000,[Export Price Index / yen basis] All commodities,CY2020 average=100,MONTHLY,Corporate Goods Price Index (2020 Base)/ Export Price Index (yen basis),20260710,201611,101.2
PRCG20_2400000000,[Export Price Index / yen basis] All commodities,CY2020 average=100,MONTHLY,Corporate Goods Price Index (2020 Base)/ Export Price Index (yen basis),20260710,201612,105.9
PRCG20_2400000000,[Export Price Index / yen basis] All commodities,CY2020 average=100,MONTHLY,Corporate Goods Price Index (2020 Base)/ Export Price Index (yen basis),20260710,201701,106
PRCG20_2400000000,[Export Price Index / yen basis] All commodities,CY2020 average=100,MONTHLY,Corporate Goods Price Index (2020 Base)/ Export Price Index (yen basis),20260710,201702,105.7
PRCG20_2400000000,[Export Price Index / yen basis] All commodities,CY2020 average=100,MONTHLY,Corporate Goods Price Index (2020 Base)/ Export Price Index (yen basis),20260710,201703,106.1
PRCG20_2400000000,[Export Price Index / yen basis] All commodities,CY2020 average=100,MONTHLY,Corporate Goods Price Index (2020 Base)/ Export Price Index (yen basis),20260710,201704,103.9
PRCG20_2400000000,[Export Price Index / yen basis] All commodities,CY2020 average=100,MONTHLY,Corporate Goods Price Index (2020 Base)/ Export Price Index (yen basis),20260710,201705,104.9
PRCG20_2400000000,[Export Price Index / yen basis] All commodities,CY2020 average=100,MONTHLY,Corporate Goods Price Index (2020 Base)/ Export Price Index (yen basis),20260710,201706,104.2
PRCG20_2400000000,[Export Price Index / yen basis] All commodities,CY2020 average=100,MONTHLY,Corporate Goods Price Index (2020 Base)/ Export Price Index (yen basis),20260710,201707,105.3
PRCG20_2400000000,[Export Price Index / yen basis] All commodities,CY2020 average=100,MONTHLY,Corporate Goods Price Index (2020 Base)/ Export Price Index (yen basis),20260710,201708,104.7
PRCG20_2400000000,[Export Price Index / yen basis] All commodities,CY2020 average=100,MONTHLY,Corporate Goods Price Index (2020 Base)/ Export Price Index (yen basis),20260710,201709,105.9
PRCG20_2400000000,[Export Price Index / yen basis] All commodities,CY2020 average=100,MONTHLY,Corporate Goods Price Index (2020 Base)/ Export Price Index (yen basis),20260710,201710,107.8
PRCG20_2400000000,[Export Price Index / yen basis] All commodities,CY2020 average=100,MONTHLY,Corporate Goods Price Index (2020 Base)/ Export Price Index (yen basis),20260710,201711,108
PRCG20_2400000000,[Export Price Index / yen basis] All commodities,CY2020 average=100,MONTHLY,Corporate Goods Price Index (2020 Base)/ Export Price Index (yen basis),20260710,201712,108.4
PRCG20_2400000000,[Export Price Index / yen basis] All commodities,CY2020 average=100,MONTHLY,Corporate Goods Price Index (2020 Base)/ Export Price Index (yen basis),20260710,201801,107.7
PRCG20_2400000000,[Export Price Index / yen basis] All commodities,CY2020 average=100,MONTHLY,Corporate Goods Price Index (2020 Base)/ Export Price Index (yen basis),20260710,201802,106.6
PRCG20_2400000000,[Export Price Index / yen basis] All commodities,CY2020 average=100,MONTHLY,Corporate Goods Price Index (2020 Base)/ Export Price Index (yen basis),20260710,201803,105.6
PRCG20_2400000000,[Export Price Index / yen basis] All commodities,CY2020 average=100,MONTHLY,Corporate Goods Price Index (2020 Base)/ Export Price Index (yen basis),20260710,201804,105.9
PRCG20_2400000000,[Export Price Index / yen basis] All commodities,CY2020 average=100,MONTHLY,Corporate Goods Price Index (2020 Base)/ Export Price Index (yen basis),20260710,201805,107.5
PRCG20_2400000000,[Export Price Index / yen basis] All commodities,CY2020 average=100,MONTHLY,Corporate Goods Price Index (2020 Base)/ Export Price Index (yen basis),20260710,201806,107.6
PRCG20_2400000000,[Export Price Index / yen basis] All commodities,CY2020 average=100,MONTHLY,Corporate Goods Price Index (2020 Base)/ Export Price Index (yen basis),20260710,201807,108
PRCG20_2400000000,[Export Price Index / yen basis] All commodities,CY2020 average=100,MONTHLY,Corporate Goods Price Index (2020 Base)/ Export Price Index (yen basis),20260710,201808,107.6
PRCG20_2400000000,[Export Price Index / yen basis] All commodities,CY2020 average=100,MONTHLY,Corporate Goods Price Index (2020 Base)/ Export Price Index (yen basis),20260710,201809,108
PRCG20_2400000000,[Export Price Index / yen basis] All commodities,CY2020 average=100,MONTHLY,Corporate Goods Price Index (2020 Base)/ Export Price Index (yen basis),20260710,201810,108.6
PRCG20_2400000000,[Export Price Index / yen basis] All commodities,CY2020 average=100,MONTHLY,Corporate Goods Price Index (2020 Base)/ Export Price Index (yen basis),20260710,201811,108.6
PRCG20_2400000000,[Export Price Index / yen basis] All commodities,CY2020 average=100,MONTHLY,Corporate Goods Price Index (2020 Base)/ Export Price Index (yen basis),20260710,201812,106.7
PRCG20_2400000000,[Export Price Index / yen basis] All commodities,CY2020 average=100,MONTHLY,Corporate Goods Price Index (2020 Base)/ Export Price Index (yen basis),20260710,201901,103.9
PRCG20_2400000000,[Export Price Index / yen basis] All commodities,CY2020 average=100,MONTHLY,Corporate Goods Price Index (2020 Base)/ Export Price Index (yen basis),20260710,201902,104.9
PRCG20_2400000000,[Export Price Index / yen basis] All commodities,CY2020 average=100,MONTHLY,Corporate Goods Price Index (2020 Base)/ Export Price Index (yen basis),20260710,201903,105.7
PRCG20_2400000000,[Export Price Index / yen basis] All commodities,CY2020 average=100,MONTHLY,Corporate Goods Price Index (2020 Base)/ Export Price Index (yen basis),20260710,201904,106.1
PRCG20_2400000000,[Export Price Index / yen basis] All commodities,CY2020 average=100,MONTHLY,Corporate Goods Price Index (2020 Base)/ Export Price Index (yen basis),20260710,201905,104.7
PRCG20_2400000000,[Export Price Index / yen basis] All commodities,CY2020 average=100,MONTHLY,Corporate Goods Price Index (2020 Base)/ Export Price Index (yen basis),20260710,201906,102.9
PRCG20_2400000000,[Export Price Index / yen basis] All commodities,CY2020 average=100,MONTHLY,Corporate Goods Price Index (2020 Base)/ Export Price Index (yen basis),20260710,201907,102.7
PRCG20_2400000000,[Export Price Index / yen basis] All commodities,CY2020 average=100,MONTHLY,Corporate Goods Price Index (2020 Base)/ Export Price Index (yen basis),20260710,201908,101.4
PRCG20_2400000000,[Export Price Index / yen basis] All commodities,CY2020 average=100,MONTHLY,Corporate Goods Price Index (2020 Base)/ Export Price Index (yen basis),20260710,201909,101.4
PRCG20_2400000000,[Export Price Index / yen basis] All commodities,CY2020 average=100,MONTHLY,Corporate Goods Price Index (2020 Base)/ Export Price Index (yen basis),20260710,201910,101.7
PRCG20_2400000000,[Export Price Index / yen basis] All commodities,CY2020 average=100,MONTHLY,Corporate Goods Price Index (2020 Base)/ Export Price Index (yen basis),20260710,201911,101.9
PRCG20_2400000000,[Export Price Index / yen basis] All commodities,CY2020 average=100,MONTHLY,Corporate Goods Price Index (2020 Base)/ Export Price Index (yen basis),20260710,201912,102
PRCG20_2400000000,[Export Price Index / yen basis] All commodities,CY2020 average=100,MONTHLY,Corporate Goods Price Index (2020 Base)/ Export Price Index (yen basis),20260710,202001,102.5
PRCG20_2400000000,[Export Price Index / yen basis] All commodities,CY2020 average=100,MONTHLY,Corporate Goods Price Index (2020 Base)/ Export Price Index (yen basis),20260710,202002,102.7
PRCG20_2400000000,[Export Price Index / yen basis] All commodities,CY2020 average=100,MONTHLY,Corporate Goods Price Index (2020 Base)/ Export Price Index (yen basis),20260710,202003,100.2
PRCG20_2400000000,[Export Price Index / yen basis] All commodities,CY2020 average=100,MONTHLY,Corporate Goods Price Index (2020 Base)/ Export Price Index (yen basis),20260710,202004,99.5
PRCG20_2400000000,[Export Price Index / yen basis] All commodities,CY2020 average=100,MONTHLY,Corporate Goods Price Index (2020 Base)/ Export Price Index (yen basis),20260710,202005,98.1
PRCG20_2400000000,[Export Price Index / yen basis] All commodities,CY2020 average=100,MONTHLY,Corporate Goods Price Index (2020 Base)/ Export Price Index (yen basis),20260710,202006,99.1
PRCG20_2400000000,[Export Price Index / yen basis] All commodities,CY2020 average=100,MONTHLY,Corporate Goods Price Index (2020 Base)/ Export Price Index (yen basis),20260710,202007,99.3
PRCG20_2400000000,[Export Price Index / yen basis] All commodities,CY2020 average=100,MONTHLY,Corporate Goods Price Index (2020 Base)/ Export Price Index (yen basis),20260710,202008,99.7
PRCG20_2400000000,[Export Price Index / yen basis] All commodities,CY2020 average=100,MONTHLY,Corporate Goods Price Index (2020 Base)/ Export Price Index (yen basis),20260710,202009,99.7
PRCG20_2400000000,[Export Price Index / yen basis] All commodities,CY2020 average=100,MONTHLY,Corporate Goods Price Index (2020 Base)/ Export Price Index (yen basis),20260710,202010,99.6
PRCG20_2400000000,[Export Price Index / yen basis] All commodities,CY2020 average=100,MONTHLY,Corporate Goods Price Index (2020 Base)/ Export Price Index (yen basis),20260710,202011,99.6
PRCG20_2400000000,[Export Price Index / yen basis] All commodities,CY2020 average=100,MONTHLY,Corporate Goods Price Index (2020 Base)/ Export Price Index (yen basis),20260710,202012,100.1
PRCG20_2400000000,[Export Price Index / yen basis] All commodities,CY2020 average=100,MONTHLY,Corporate Goods Price Index (2020 Base)/ Export Price Index (yen basis),20260710,202101,101
PRCG20_2400000000,[Export Price Index / yen basis] All commodities,CY2020 average=100,MONTHLY,Corporate Goods Price Index (2020 Base)/ Export Price Index (yen basis),20260710,202102,102.2
PRCG20_2400000000,[Export Price Index / yen basis] All commodities,CY2020 average=100,MONTHLY,Corporate Goods Price Index (2020 Base)/ Export Price Index (yen basis),20260710,202103,105
PRCG20_2400000000,[Export Price Index / yen basis] All commodities,CY2020 average=100,MONTHLY,Corporate Goods Price Index (2020 Base)/ Export Price Index (yen basis),20260710,202104,106.7
PRCG20_2400000000,[Export Price Index / yen basis] All commodities,CY2020 average=100,MONTHLY,Corporate Goods Price Index (2020 Base)/ Export Price Index (yen basis),20260710,202105,108
PRCG20_2400000000,[Export Price Index / yen basis] All commodities,CY2020 average=100,MONTHLY,Corporate Goods Price Index (2020 Base)/ Export Price Index (yen basis),20260710,202106,108.9
PRCG20_2400000000,[Export Price Index / yen basis] All commodities,CY2020 average=100,MONTHLY,Corporate Goods Price Index (2020 Base)/ Export Price Index (yen basis),20260710,202107,109.6
PRCG20_2400000000,[Export Price Index / yen basis] All commodities,CY2020 average=100,MONTHLY,Corporate Goods Price Index (2020 Base)/ Export Price Index (yen basis),20260710,202108,109.3
PRCG20_2400000000,[Export Price Index / yen basis] All commodities,CY2020 average=100,MONTHLY,Corporate Goods Price Index (2020 Base)/ Export Price Index (yen basis),20260710,202109,109.8
PRCG20_2400000000,[Export Price Index / yen basis] All commodities,CY2020 average=100,MONTHLY,Corporate Goods Price Index (2020 Base)/ Export Price Index (yen basis),20260710,202110,112.5
PRCG20_2400000000,[Export Price Index / yen basis] All commodities,CY2020 average=100,MONTHLY,Corporate Goods Price Index (2020 Base)/ Export Price Index (yen basis),20260710,202111,113.6
PRCG20_2400000000,[Export Price Index / yen basis] All commodities,CY2020 average=100,MONTHLY,Corporate Goods Price Index (2020 Base)/ Export Price Index (yen basis),20260710,202112,112.8
PRCG20_2400000000,[Export Price Index / yen basis] All commodities,CY2020 average=100,MONTHLY,Corporate Goods Price Index (2020 Base)/ Export Price Index (yen basis),20260710,202201,113.7
PRCG20_2400000000,[Export Price Index / yen basis] All commodities,CY2020 average=100,MONTHLY,Corporate Goods Price Index (2020 Base)/ Export Price Index (yen basis),20260710,202202,115
PRCG20_2400000000,[Export Price Index / yen basis] All commodities,CY2020 average=100,MONTHLY,Corporate Goods Price Index (2020 Base)/ Export Price Index (yen basis),20260710,202203,118.3
PRCG20_2400000000,[Export Price Index / yen basis] All commodities,CY2020 average=100,MONTHLY,Corporate Goods Price Index (2020 Base)/ Export Price Index (yen basis),20260710,202204,124.7
PRCG20_2400000000,[Export Price Index / yen basis] All commodities,CY2020 average=100,MONTHLY,Corporate Goods Price Index (2020 Base)/ Export Price Index (yen basis),20260710,202205,126.5
PRCG20_2400000000,[Export Price Index / yen basis] All commodities,CY2020 average=100,MONTHLY,Corporate Goods Price Index (2020 Base)/ Export Price Index (yen basis),20260710,202206,129.9
PRCG20_2400000000,[Export Price Index / yen basis] All commodities,CY2020 average=100,MONTHLY,Corporate Goods Price Index (2020 Base)/ Export Price Index (yen basis),20260710,202207,131.3
PRCG20_2400000000,[Export Price Index / yen basis] All commodities,CY2020 average=100,MONTHLY,Corporate Goods Price Index (2020 Base)/ Export Price Index (yen basis),20260710,202208,128.3
PRCG20_2400000000,[Export Price Index / yen basis] All commodities,CY2020 average=100,MONTHLY,Corporate Goods Price Index (2020 Base)/ Export Price Index (yen basis),20260710,202209,132
PRCG20_2400000000,[Export Price Index / yen basis] All commodities,CY2020 average=100,MONTHLY,Corporate Goods Price Index (2020 Base)/ Export Price Index (yen basis),20260710,202210,133.5
PRCG20_2400000000,[Export Price Index / yen basis] All commodities,CY2020 average=100,MONTHLY,Corporate Goods Price Index (2020 Base)/ Export Price Index (yen basis),20260710,202211,130.8
PRCG20_2400000000,[Export Price Index / yen basis] All commodities,CY2020 average=100,MONTHLY,Corporate Goods Price Index (2020 Base)/ Export Price Index (yen basis),20260710,202212,126.5
PRCG20_2400000000,[Export Price Index / yen basis] All commodities,CY2020 average=100,MONTHLY,Corporate Goods Price Index (2020 Base)/ Export Price Index (yen basis),20260710,202301,123.9
PRCG20_2400000000,[Export Price Index / yen basis] All commodities,CY2020 average=100,MONTHLY,Corporate Goods Price Index (2020 Base)/ Export Price Index (yen basis),20260710,202302,125.7
PRCG20_2400000000,[Export Price Index / yen basis] All commodities,CY2020 average=100,MONTHLY,Corporate Goods Price Index (2020 Base)/ Export Price Index (yen basis),20260710,202303,126.6
PRCG20_2400000000,[Export Price Index / yen basis] All commodities,CY2020 average=100,MONTHLY,Corporate Goods Price Index (2020 Base)/ Export Price Index (yen basis),20260710,202304,127
PRCG20_2400000000,[Export Price Index / yen basis] All commodities,CY2020 average=100,MONTHLY,Corporate Goods Price Index (2020 Base)/ Export Price Index (yen basis),20260710,202305,129.1
PRCG20_2400000000,[Export Price Index / yen basis] All commodities,CY2020 average=100,MONTHLY,Corporate Goods Price Index (2020 Base)/ Export Price Index (yen basis),20260710,202306,130.7
PRCG20_2400000000,[Export Price Index / yen basis] All commodities,CY2020 average=100,MONTHLY,Corporate Goods Price Index (2020 Base)/ Export Price Index (yen basis),20260710,202307,130.9
PRCG20_2400000000,[Export Price Index / yen basis] All commodities,CY2020 average=100,MONTHLY,Corporate Goods Price Index (2020 Base)/ Export Price Index (yen basis),20260710,202308,133.5
PRCG20_2400000000,[Export Price Index / yen basis] All commodities,CY2020 average=100,MONTHLY,Corporate Goods Price Index (2020 Base)/ Export Price Index (yen basis),20260710,202309,136
PRCG20_2400000000,[Export Price Index / yen basis] All commodities,CY2020 average=100,MONTHLY,Corporate Goods Price Index (2020 Base)/ Export Price Index (yen basis),20260710,202310,136.8
PRCG20_2400000000,[Export Price Index / yen basis] All commodities,CY2020 average=100,MONTHLY,Corporate Goods Price Index (2020 Base)/ Export Price Index (yen basis),20260710,202311,137.2
PRCG20_2400000000,[Export Price Index / yen basis] All commodities,CY2020 average=100,MONTHLY,Corporate Goods Price Index (2020 Base)/ Export Price Index (yen basis),20260710,202312,133.6
PRCG20_2400000000,[Export Price Index / yen basis] All commodities,CY2020 average=100,MONTHLY,Corporate Goods Price Index (2020 Base)/ Export Price Index (yen basis),20260710,202401,135.8
PRCG20_2400000000,[Export Price Index / yen basis] All commodities,CY2020 average=100,MONTHLY,Corporate Goods Price Index (2020 Base)/ Export Price Index (yen basis),20260710,202402,137.7
PRCG20_2400000000,[Export Price Index / yen basis] All commodities,CY2020 average=100,MONTHLY,Corporate Goods Price Index (2020 Base)/ Export Price Index (yen basis),20260710,202403,138.7
PRCG20_2400000000,[Export Price Index / yen basis] All commodities,CY2020 average=100,MONTHLY,Corporate Goods Price Index (2020 Base)/ Export Price Index (yen basis),20260710,202404,141.8
PRCG20_2400000000,[Export Price Index / yen basis] All commodities,CY2020 average=100,MONTHLY,Corporate Goods Price Index (2020 Base)/ Export Price Index (yen basis),20260710,202405,144
PRCG20_2400000000,[Export Price Index / yen basis] All commodities,CY2020 average=100,MONTHLY,Corporate Goods Price Index (2020 Base)/ Export Price Index (yen basis),20260710,202406,145.1
PRCG20_2400000000,[Export Price Index / yen basis] All commodities,CY2020 average=100,MONTHLY,Corporate Goods Price Index (2020 Base)/ Export Price Index (yen basis),20260710,202407,145.2
PRCG20_2400000000,[Export Price Index / yen basis] All commodities,CY2020 average=100,MONTHLY,Corporate Goods Price Index (2020 Base)/ Export Price Index (yen basis),20260710,202408,137.6
PRCG20_2400000000,[Export Price Index / yen basis] All commodities,CY2020 average=100,MONTHLY,Corporate Goods Price Index (2020 Base)/ Export Price Index (yen basis),20260710,202409,135.1
PRCG20_2400000000,[Export Price Index / yen basis] All commodities,CY2020 average=100,MONTHLY,Corporate Goods Price Index (2020 Base)/ Export Price Index (yen basis),20260710,202410,138.5
PRCG20_2400000000,[Export Price Index / yen basis] All commodities,CY2020 average=100,MONTHLY,Corporate Goods Price Index (2020 Base)/ Export Price Index (yen basis),20260710,202411,141.2
PRCG20_2400000000,[Export Price Index / yen basis] All commodities,CY2020 average=100,MONTHLY,Corporate Goods Price Index (2020 Base)/ Export Price Index (yen basis),20260710,202412,140
PRCG20_2400000000,[Export Price Index / yen basis] All commodities,CY2020 average=100,MONTHLY,Corporate Goods Price Index (2020 Base)/ Export Price Index (yen basis),20260710,202501,141.7
PRCG20_2400000000,[Export Price Index / yen basis] All commodities,CY2020 average=100,MONTHLY,Corporate Goods Price Index (2020 Base)/ Export Price Index (yen basis),20260710,202502,139.8
PRCG20_2400000000,[Export Price Index / yen basis] All commodities,CY2020 average=100,MONTHLY,Corporate Goods Price Index (2020 Base)/ Export Price Index (yen basis),20260710,202503,138.3
PRCG20_2400000000,[Export Price Index / yen basis] All commodities,CY2020 average=100,MONTHLY,Corporate Goods Price Index (2020 Base)/ Export Price Index (yen basis),20260710,202504,135.7
PRCG20_2400000000,[Export Price Index / yen basis] All commodities,CY2020 average=100,MONTHLY,Corporate Goods Price Index (2020 Base)/ Export Price Index (yen basis),20260710,202505,134.5
PRCG20_2400000000,[Export Price Index / yen basis] All commodities,CY2020 average=100,MONTHLY,Corporate Goods Price Index (2020 Base)/ Export Price Index (yen basis),20260710,202506,134.7
PRCG20_2400000000,[Export Price Index / yen basis] All commodities,CY2020 average=100,MONTHLY,Corporate Goods Price Index (2020 Base)/ Export Price Index (yen basis),20260710,202507,137.1
PRCG20_2400000000,[Export Price Index / yen basis] All commodities,CY2020 average=100,MONTHLY,Corporate Goods Price Index (2020 Base)/ Export Price Index (yen basis),20260710,202508,137.6
PRCG20_2400000000,[Export Price Index / yen basis] All commodities,CY2020 average=100,MONTHLY,Corporate Goods Price Index (2020 Base)/ Export Price Index (yen basis),20260710,202509,138.3
PRCG20_2400000000,[Export Price Index / yen basis] All commodities,CY2020 average=100,MONTHLY,Corporate Goods Price Index (2020 Base)/ Export Price Index (yen basis),20260710,202510,142.2
PRCG20_2400000000,[Export Price Index / yen basis] All commodities,CY2020 average=100,MONTHLY,Corporate Goods Price Index (2020 Base)/ Export Price Index (yen basis),20260710,202511,144.8
PRCG20_2400000000,[Export Price Index / yen basis] All commodities,CY2020 average=100,MONTHLY,Corporate Goods Price Index (2020 Base)/ Export Price Index (yen basis),20260710,202512,147.2
PRCG20_2400000000,[Export Price Index / yen basis] All commodities,CY2020 average=100,MONTHLY,Corporate Goods Price Index (2020 Base)/ Export Price Index (yen basis),20260710,202601,151.3
PRCG20_2400000000,[Export Price Index / yen basis] All commodities,CY2020 average=100,MONTHLY,Corporate Goods Price Index (2020 Base)/ Export Price Index (yen basis),20260710,202602,152.9
PRCG20_2400000000,[Export Price Index / yen basis] All commodities,CY2020 average=100,MONTHLY,Corporate Goods Price Index (2020 Base)/ Export Price Index (yen basis),20260710,202603,155.2
PRCG20_2400000000,[Export Price Index / yen basis] All commodities,CY2020 average=100,MONTHLY,Corporate Goods Price Index (2020 Base)/ Export Price Index (yen basis),20260710,202604,161.5
PRCG20_2400000000,[Export Price Index / yen basis] All commodities,CY2020 average=100,MONTHLY,Corporate Goods Price Index (2020 Base)/ Export Price Index (yen basis),20260710,202605,161.9
PRCG20_2400000000,[Export Price Index / yen basis] All commodities,CY2020 average=100,MONTHLY,Corporate Goods Price Index (2020 Base)/ Export Price Index (yen basis),20260710,202606,162.6
PRCG20_2400000000,[Export Price Index / yen basis] All commodities,CY2020 average=100,MONTHLY,Corporate Goods Price Index (2020 Base)/ Export Price Index (yen basis),20260710,202607,null
PRCG20_2400000000,[Export Price Index / yen basis] All commodities,CY2020 average=100,MONTHLY,Corporate Goods Price Index (2020 Base)/ Export Price Index (yen basis),20260710,202608,null
PRCG20_2400000000,[Export Price Index / yen basis] All commodities,CY2020 average=100,MONTHLY,Corporate Goods Price Index (2020 Base)/ Export Price Index (yen basis),20260710,202609,null
PRCG20_2400000000,[Export Price Index / yen basis] All commodities,CY2020 average=100,MONTHLY,Corporate Goods Price Index (2020 Base)/ Export Price Index (yen basis),20260710,202610,null
PRCG20_2400000000,[Export Price Index / yen basis] All commodities,CY2020 average=100,MONTHLY,Corporate Goods Price Index (2020 Base)/ Export Price Index (yen basis),20260710,202611,null
PRCG20_2400000000,[Export Price Index / yen basis] All commodities,CY2020 average=100,MONTHLY,Corporate Goods Price Index (2020 Base)/ Export Price Index (yen basis),20260710,202612,null
